init_date,target_month,target_ano,target_mes,lead,forecast_raw,observacao,n_treino,bias_aditivo_loyo,forecast_calibrado_loyo,climatologia_loyo_observada,climatologia_modelo_raw_loyo,benchmark_anomalia_reconstruida_loyo,status_calibracao
1991-01,1991-01,1991,1,1,265.58566666666667,342.9423,19,-45.15987675438597,310.7455434210526,267.06627,208.26442324561404,324.38751342105263,ok
1991-02,1991-02,1991,2,1,216.55870833333333,178.9798,19,-3.7289574561403533,220.2876657894737,228.72866333333334,223.49966885964912,221.78770280701755,ok
1991-03,1991-03,1991,3,1,265.7865,354.0018,19,6.0155021929824555,259.7709978070175,263.5239866666667,254.51379166666663,274.79669500000006,ok
1991-04,1991-04,1991,4,1,155.01250000000002,214.6288,19,-52.04494692982457,207.05744692982458,205.7027433333333,152.498826754386,208.21641657894733,ok
1991-05,1991-05,1991,5,1,43.635625000000005,128.0413,19,-71.25014254385965,114.88576754385966,84.63608333333332,31.485910087719304,96.78579824561402,ok
1991-06,1991-06,1991,6,1,0.6586666666666666,0.7033,19,-4.378207456140352,5.036874122807019,7.615699999999998,2.304339912280702,5.970026754385962,ok
1991-07,1991-07,1991,7,1,0.2567083333333333,1.9531,19,-3.200414912280702,3.457123245614035,4.620627586206896,0.4811008771929825,4.396235042347247,ok
1991-08,1991-08,1991,8,1,0.11166666666666668,1.2135,19,-10.203659649122805,10.315326315789472,12.540724137931036,0.48990350877192984,12.162487295825773,ok
1991-09,1991-09,1991,9,1,6.663625,73.9762,19,-47.36629649122807,54.029921491228066,58.18879655172414,2.9233508771929824,61.929070674531154,ok
1991-10,1991-10,1991,10,1,20.300083333333333,58.2752,19,-91.28515131578948,111.58523464912281,128.75630689655173,16.19316447368421,132.86322575620085,ok
1991-11,1991-11,1991,11,1,53.81645833333334,141.8015,19,-103.89915307017543,157.71561140350877,192.24545172413795,82.02256798245615,164.03934207501513,ok
1991-12,1991-12,1991,12,1,148.16016666666667,139.2974,19,-27.24212938596492,175.40229605263158,199.57641379310346,168.66050219298245,179.07607826678768,ok
1992-01,1992-01,1992,1,1,125.17066666666666,307.6078,19,-39.62932412280702,164.79999078947367,268.24408666666665,215.65468640350878,177.76006692982452,ok
1992-02,1992-02,1992,2,1,261.95004166666666,144.7331,19,-7.920432894736846,269.8704745614035,229.87022000000005,221.11065131578945,270.70961035087726,ok
1992-03,1992-03,1992,3,1,197.81091666666669,155.372,19,-0.8610355263157915,198.67195219298247,270.14498,258.0914539473684,209.86444271929827,ok
1992-04,1992-04,1992,4,1,127.02945833333332,102.9542,19,-56.44976578947369,183.479224122807,209.42522999999997,153.97161842105265,182.48306991228065,ok
1992-05,1992-05,1992,5,1,19.585791666666665,24.3743,19,-75.4405197368421,95.02631140350877,88.09164999999999,32.751690789473685,74.92575087719297,ok
1992-06,1992-06,1992,6,1,1.2634999999999998,1.0095,19,-4.393925000000001,5.657425000000001,7.605141379310343,2.272506578947368,6.596134800362974,ok
1992-07,1992-07,1992,7,1,0.6807916666666666,2.0289,19,-3.218745614035088,3.8995372807017543,4.618013793103447,0.45878070175438607,4.840024758015728,ok
1992-08,1992-08,1992,8,1,0.10049999999999999,13.0445,19,-9.580387719298244,9.680887719298244,12.132758620689655,0.4904912280701755,11.742767392619479,ok
1992-09,1992-09,1992,9,1,2.095125,135.5711,19,-43.884012280701754,45.97913728070176,56.06483448275863,3.163798245614035,54.99616123714459,ok
1992-10,1992-10,1992,10,1,16.572666666666667,62.0723,19,-90.88912412280702,107.46179078947368,128.62537241379312,16.389344298245614,128.80869478221416,ok
1992-11,1992-11,1992,11,1,58.92483333333333,214.2915,19,-100.35275175438596,159.2775850877193,189.74579655172414,81.75370614035087,166.9169237447066,ok
1992-12,1992-12,1992,12,1,138.54025,239.5717,19,-21.458223245614036,159.99847324561404,196.11867931034487,169.1668135964912,165.49211571385365,ok
1993-01,1993-01,1993,1,1,199.68595833333333,121.8043,19,-53.33031315789475,253.01627149122808,274.43753666666663,211.7328289473684,262.39066605263156,ok
1993-02,1993-02,1993,2,1,209.492625,307.8407,19,3.425094298245612,206.06753070175438,224.43330000000003,223.87156798245613,210.0543570175439,ok
1993-03,1993-03,1993,3,1,168.40445833333334,153.1779,19,0.5711938596491205,167.8332644736842,270.2181166666667,259.6391622807017,178.9834127192983,ok
1993-04,1993-04,1993,4,1,129.97799999999998,250.0943,19,-48.86073640350878,178.83873640350876,204.52055999999996,153.8164320175439,180.68212798245605,ok
1993-05,1993-05,1993,5,1,36.27,95.5974,19,-72.57005175438596,108.84005175438597,85.71754666666665,31.87357456140351,90.11397210526314,ok
1993-06,1993-06,1993,6,1,1.7926250000000001,0.586,19,-4.444063157894737,6.236688157894737,7.619744827586205,2.244657894736842,7.167711932849363,ok
1993-07,1993-07,1993,7,1,0.6138333333333333,1.8793,19,-3.2230951754385964,3.83692850877193,4.623172413793102,0.46230482456140354,4.774700922565032,ok
1993-08,1993-08,1993,8,1,0.5469166666666666,40.5665,19,-8.155357017543858,8.702273684210525,11.183724137931035,0.4669956140350877,11.263645190562615,ok
1993-09,1993-09,1993,9,1,4.460416666666666,56.4376,19,-48.17342236842105,52.63383903508772,58.79357586206897,3.0393092105263158,60.21468331820932,ok
1993-10,1993-10,1993,10,1,30.846208333333333,126.1723,19,-88.2666789473684,119.11288728070174,126.41502758620692,15.638105263157893,141.62313065638236,ok
1993-11,1993-11,1993,11,1,79.49875,225.9903,19,-100.81986315789473,180.31861315789473,189.34238965517244,80.67086842105263,188.1702712341198,ok
1993-12,1993-12,1993,12,1,218.47929166666665,216.8044,19,-26.863820175438597,245.34311184210526,196.90375862068967,164.95949561403506,250.42355467332126,ok
1994-01,1994-01,1994,1,1,241.79262500000002,330.218,19,-44.57731140350877,286.3699364035088,267.49041333333327,209.51668859649124,299.766349736842,ok
1994-02,1994-02,1994,2,1,224.97554166666666,306.4669,19,2.5378986842105236,222.43764298245614,224.47909333333334,223.05667763157894,226.39795736842106,ok
1994-03,1994-03,1994,3,1,257.104125,311.1998,19,4.219732456140347,252.88439254385966,264.95072,254.9707587719298,267.0840862280702,ok
1994-04,1994-04,1994,4,1,180.83525,176.4476,19,-55.41357587719299,236.24882587719298,206.97544999999994,151.13973464912283,236.6709653508771,ok
1994-05,1994-05,1994,5,1,18.05695833333333,50.2617,19,-73.99756008771931,92.05451842105263,87.22873666666665,32.832155701754395,72.45353929824559,ok
1994-06,1994-06,1994,6,1,2.592041666666667,40.3001,19,-2.3959219298245613,4.987963596491229,6.250293103448275,2.202583333333333,6.639751436781609,ok
1994-07,1994-07,1994,7,1,0.17858333333333332,1.843,19,-3.2020978070175437,3.3806811403508767,4.624424137931034,0.48521271929824566,4.3177947519661215,ok
1994-08,1994-08,1994,8,1,1.4954999999999998,6.3765,19,-10.004756140350874,11.500256140350874,12.362689655172415,0.4170701754385965,13.44111947973382,ok
1994-09,1994-09,1994,9,1,4.914,57.4679,19,-48.14306885964912,53.05706885964912,58.75804827586207,3.0154364035087715,60.6566118723533,ok
1994-10,1994-10,1994,10,1,12.030458333333334,114.0829,19,-87.91266052631579,99.94311885964912,126.83190344827588,16.62840789473684,122.23395388687237,ok
1994-11,1994-11,1994,11,1,58.935583333333334,151.223,19,-103.67271228070175,162.6082956140351,191.9205724137931,81.7531403508772,169.10301539624925,ok
1994-12,1994-12,1994,12,1,139.93525,200.9509,19,-23.564317982456146,163.49956798245614,197.4504310344828,169.09339254385964,168.29228849062315,ok
1995-01,1995-01,1995,1,1,291.610875,156.6185,19,-56.33614035087719,347.9470153508772,273.2770633333333,206.89467543859652,357.99326289473674,ok
1995-02,1995-02,1995,2,1,278.73224999999996,232.7107,19,-4.173307017543861,282.9055570175438,226.93763333333337,220.22737719298243,285.44250614035093,ok
1995-03,1995-03,1995,3,1,211.39283333333333,218.3206,19,1.7372109649122798,209.65562236842104,268.04669333333334,257.37661622807013,222.06291043859653,ok
1995-04,1995-04,1995,4,1,194.51874999999998,255.6784,19,-51.96371798245614,246.48246798245611,204.3344233333333,150.41955043859653,248.43362289473674,ok
1995-05,1995-05,1995,5,1,51.57033333333333,188.1476,19,-68.50426929824562,120.07460263157895,82.63253999999999,31.06829385964913,103.1345794736842,ok
1995-06,1995-06,1995,6,1,1.4255416666666667,0.5023,19,-4.429148245614036,5.854689912280703,7.622631034482757,2.2639780701754386,6.784194630973985,ok
1995-07,1995-07,1995,7,1,0.29025,1.9521,19,-3.202232894736842,3.492482894736842,4.620662068965517,0.4793355263157895,4.431576542649728,ok
1995-08,1995-08,1995,8,1,0.08933333333333333,1.2264,19,-10.201805263157892,10.291138596491226,12.540279310344829,0.49107894736842117,12.138533696309741,ok
1995-09,1995-09,1995,9,1,0.853125,24.8694,19,-49.645049122807016,50.498174122807015,59.88213448275862,3.229166666666667,57.50609281609196,ok
1995-10,1995-10,1995,10,1,10.445791666666667,82.7379,19,-89.47899385964912,99.92478552631579,127.9127655172414,16.711811403508772,121.64674578039929,ok
1995-11,1995-11,1995,11,1,59.34591666666666,247.2129,19,-98.64220877192982,157.98812543859648,188.61057586206897,81.73154385964914,166.2249486690865,ok
1995-12,1995-12,1995,12,1,164.48716666666667,191.1246,19,-25.373697807017553,189.86086447368422,197.78926896551727,167.80118640350875,194.47524922867518,ok
1996-01,1996-01,1996,1,1,215.5665,224.1528,19,-48.779367982456144,264.3458679824561,271.0259199999999,210.89701096491228,275.69540903508766,ok
1996-02,1996-02,1996,2,1,138.935625,225.4247,19,2.8009364035087683,136.13468859649123,227.18050000000002,227.5850942982456,138.53103070175442,ok
1996-03,1996-03,1996,3,1,237.12770833333335,302.7974,19,4.82889122807017,232.29881710526317,265.2308,256.02214912280704,246.3363592105263,ok
1996-04,1996-04,1996,4,1,198.9682916666667,321.9434,19,-48.71027280701755,247.67856447368425,202.12559,150.18536403508773,250.90851763157895,ok
1996-05,1996-05,1996,5,1,25.82420833333333,98.9982,19,-71.84128377192984,97.66549210526317,85.60418666666665,32.42335307017544,79.00504192982454,ok
1996-06,1996-06,1996,6,1,2.386833333333333,0.4652,19,-4.481695175438597,6.868528508771931,7.623910344827586,2.2133837719298244,7.797359906231094,ok
1996-07,1996-07,1996,7,1,0.10049999999999999,1.9521,19,-3.1922460526315786,3.2927460526315784,4.620662068965517,0.4893223684210527,4.231839700544464,ok
1996-08,1996-08,1996,8,1,0.42412500000000003,1.4883,19,-10.205641666666665,10.629766666666665,12.531248275862069,0.4734583333333334,12.481914942528736,ok
1996-09,1996-09,1996,9,1,2.4407916666666667,9.7369,19,-50.52505789473684,52.96584956140351,60.40394482758621,3.145605263157895,59.69913123109498,ok
1996-10,1996-10,1996,10,1,26.929125,145.0933,19,-87.0646745614035,113.9937995614035,125.76257931034485,15.844267543859647,136.8474367664852,ok
1996-11,1996-11,1996,11,1,105.80754166666667,222.7092,19,-102.37722587719297,208.18476754385964,189.45553103448276,79.2861951754386,215.97687752571082,ok
1996-12,1996-12,1996,12,1,81.79158333333334,130.1745,19,-24.229198684210534,106.02078201754387,199.89099655172416,172.15358552631577,109.52899435874173,ok
1997-01,1997-01,1997,1,1,199.563125,403.2083,19,-38.51311140350878,238.0762364035088,265.0574033333333,211.73929385964914,252.88123447368417,ok
1997-02,1997-02,1997,2,1,127.88487500000001,180.4594,19,1.015960087719293,126.86891491228072,228.67934333333335,228.16671271929826,128.39750561403508,ok
1997-03,1997-03,1997,3,1,305.4157083333333,452.1152,19,9.093617543859647,296.3220907894737,260.25354,252.4280438596491,313.2412044736842,ok
1997-04,1997-04,1997,4,1,179.67970833333334,290.1342,19,-49.36925263157895,229.04896096491228,203.18589666666665,151.20055263157897,231.66505236842102,ok
1997-05,1997-05,1997,5,1,26.371083333333335,68.9381,19,-73.45217719298246,99.82326052631579,86.60618999999998,32.394570175438595,80.58270315789473,ok
1997-06,1997-06,1997,6,1,2.4947916666666665,0.6576,19,-4.477250877192984,6.972042543859651,7.617275862068964,2.207701754385965,7.904365774349666,ok
1997-07,1997-07,1997,7,1,0.145125,1.9683,19,-3.1937421052631585,3.3388671052631587,4.620103448275861,0.4869736842105264,4.278254764065335,ok
1997-08,1997-08,1997,8,1,1.1049166666666665,1.2265,19,-10.255251754385963,11.360168421052629,12.540275862068965,0.43762719298245617,13.207565335753175,ok
1997-09,1997-09,1997,9,1,4.298416666666667,47.0877,19,-48.65699605263158,52.955412719298245,59.11598620689656,3.0478355263157897,60.36656734724743,ok
1997-10,1997-10,1997,10,1,14.530291666666665,98.1562,19,-88.88247807017542,103.4127697368421,127.38110000000003,16.496837719298245,125.41455394736845,ok
1997-11,1997-11,1997,11,1,51.300041666666665,75.7109,19,-107.24516271929824,158.5452043859649,194.5244379310345,82.1550109649123,163.66946863278886,ok
1997-12,1997-12,1997,12,1,141.88829166666667,199.815,19,-23.726893859649127,165.6151855263158,197.4896,168.99060087719295,170.38729078947372,ok
1998-01,1998-01,1998,1,1,176.35025,347.458,19,-40.225607456140345,216.57585745614034,266.9157466666666,212.96102412280706,230.30497254385955,ok
1998-02,1998-02,1998,2,1,193.425125,127.8253,19,-5.203742543859653,198.62886754385966,230.43381333333338,224.717225877193,199.1417124561404,ok
1998-03,1998-03,1998,3,1,239.036125,242.0988,19,1.5337850877192956,237.5023399122807,267.25408666666664,255.92170614035086,250.36850552631577,ok
1998-04,1998-04,1998,4,1,134.90279166666667,54.1047,19,-59.435178070175446,194.33796973684213,211.05354666666665,153.55723245614038,192.39910587719294,ok
1998-05,1998-05,1998,5,1,23.503,74.6596,19,-73.00009385964914,96.50309385964914,86.41547333333331,32.54552192982456,77.37295140350875,ok
1998-06,1998-06,1998,6,1,1.2203333333333333,16.0121,19,-3.602042543859649,4.822375877192982,7.087810344827584,2.2747785087719294,6.033365169388988,ok
1998-07,1998-07,1998,7,1,0.07816666666666668,3.3565,19,-3.1171548245614034,3.19532149122807,4.5722344827586205,0.490497807017544,4.159903342407743,ok
1998-08,1998-08,1998,8,1,0.27908333333333335,1.2501,19,-10.210544736842104,10.489628070175439,12.539462068965518,0.48109210526315793,12.337453297035694,ok
1998-09,1998-09,1998,9,1,0.8315416666666667,13.3474,19,-50.25033421052632,51.081875877192985,60.27944482758621,3.2303026315789474,57.88068386267393,ok
1998-10,1998-10,1998,10,1,17.867166666666666,89.2952,19,-89.52447149122808,107.39163815789475,127.68665172413796,16.321212719298245,129.23260567150638,ok
1998-11,1998-11,1998,11,1,132.18116666666666,245.1679,19,-102.5832745614035,234.76444122807015,188.68109310344826,77.89810964912282,242.9641501209921,ok
1998-12,1998-12,1998,12,1,235.09654166666667,138.7974,19,-31.84404385964913,266.9405855263158,199.5936551724138,164.0849035087719,270.60529333030854,ok
1999-01,1999-01,1999,1,1,212.45304166666665,215.817,19,-49.05422807017544,261.5072697368421,271.30377999999996,211.06087719298247,272.6959444736841,ok
1999-02,1999-02,1999,2,1,218.473875,131.3784,19,-6.335092543859652,224.80896754385964,230.31537666666665,223.3988706140351,225.39038105263154,ok
1999-03,1999-03,1999,3,1,299.5566666666667,283.9542,19,0.551409210526313,299.0052574561404,265.85890666666666,252.7364144736842,312.67915885964914,ok
1999-04,1999-04,1999,4,1,105.15954166666667,162.6196,19,-52.158433333333335,157.317975,207.4363833333333,155.1226666666667,157.47325833333326,ok
1999-05,1999-05,1999,5,1,50.3205,177.0923,19,-69.02034649122807,119.34084649122806,83.00104999999999,31.134074561403516,102.18747543859648,ok
1999-06,1999-06,1999,6,1,1.1555416666666667,0.6859,19,-4.405274561403509,5.560816228070175,7.616299999999998,2.278188596491228,6.493653070175437,ok
1999-07,1999-07,1999,7,1,0.04466666666666667,1.9885,19,-3.1873916666666666,3.2320583333333333,4.619406896551724,0.49226096491228083,4.17181259830611,ok
1999-08,1999-08,1999,8,1,0.05583333333333334,1.2624,19,-10.19814736842105,10.253980701754385,12.539037931034484,0.492842105263158,12.102029159104658,ok
1999-09,1999-09,1999,9,1,1.998,72.5879,19,-47.193805701754385,49.19180570175438,58.23666896551725,3.1689100877192984,57.06575887779795,ok
1999-10,1999-10,1999,10,1,8.191374999999999,112.4277,19,-87.79771929824562,95.98909429824562,126.88897931034485,16.8304649122807,118.24988939806416,ok
1999-11,1999-11,1999,11,1,115.52758333333334,349.1067,19,-96.23630701754387,211.7638903508772,185.09699655172415,78.77461403508774,221.84996584996975,ok
1999-12,1999-12,1999,12,1,151.56408333333334,242.5365,19,-21.98764605263158,173.55172938596493,196.0164448275862,168.4813486842105,179.09917947670905,ok
2000-01,2000-01,2000,1,1,232.55208333333334,260.085,19,-47.78217763157895,280.3342609649123,269.8281799999999,210.00303289473686,292.37723043859637,ok
2000-02,2000-02,2000,2,1,205.13558333333333,271.7656,19,1.755722807017538,203.37986052631578,225.63580333333337,224.10088596491224,206.67050070175446,ok
2000-03,2000-03,2000,3,1,273.54283333333336,185.8099,19,-3.2449311403508823,276.78776447368426,269.1303833333333,254.1055635964912,288.5676530701755,ok
2000-04,2000-04,2000,4,1,112.69795833333335,184.1135,19,-51.42393421052632,164.12189254385967,206.71992,154.72590789473688,164.69197043859646,ok
2000-05,2000-05,2000,5,1,14.318291666666667,53.6399,19,-73.62298815789475,87.94127982456142,87.11612999999997,33.02892763157895,68.40549403508768,ok
2000-06,2000-06,2000,6,1,2.9267916666666665,4.8153,19,-4.281161403508773,7.2079530701754395,7.473906896551722,2.1849649122807016,8.215733650937686,ok
2000-07,2000-07,2000,7,1,0.558,10.0203,19,-2.791682894736842,3.3496828947368424,4.342448275862069,0.46524342105263167,4.435204854809438,ok
2000-08,2000-08,2000,8,1,0.200875,7.9948,19,-9.851444298245612,10.052319298245612,12.306886206896552,0.4852083333333334,12.02255287356322,ok
2000-09,2000-09,2000,9,1,8.834458333333332,123.9327,19,-44.85126140350877,53.6857197368421,56.46615862068967,2.80909649122807,62.49152046279493,ok
2000-10,2000-10,2000,10,1,17.532416666666666,86.4072,19,-89.65885307017544,107.1912697368421,127.7862379310345,16.338831140350873,128.9798234573503,ok
2000-11,2000-11,2000,11,1,116.22958333333332,192.5216,19,-104.5145754385965,220.74415877192982,190.4964827586207,78.73766666666668,227.98839942528733,ok
2000-12,2000-12,2000,12,1,227.32920833333333,222.6176,19,-27.02364736842106,254.35285570175438,196.70330344827588,164.49371052631577,259.53880125529344,ok
2001-01,2001-01,2001,1,1,163.34891666666667,192.5309,19,-47.69538464912281,211.04430131578948,272.0799833333333,213.64530482456144,221.78359517543853,ok
2001-02,2001-02,2001,2,1,189.16133333333335,153.1069,19,-3.6487219298245672,192.81005526315792,229.59109333333336,224.94163596491225,193.81079070175446,ok
2001-03,2001-03,2001,3,1,268.94466666666665,249.1479,19,0.3306565789473657,268.6140100877193,267.01911666666666,254.34757236842105,281.6162109649123,ok
2001-04,2001-04,2001,4,1,96.67079166666667,196.9268,19,-49.90601491228071,146.57680657894738,206.29280999999995,155.56944298245617,147.39415868421045,ok
2001-05,2001-05,2001,5,1,12.901000000000002,140.175,19,-68.9939149122807,81.8949149122807,84.23162666666664,33.103521929824566,64.02910473684207,ok
2001-06,2001-06,2001,6,1,3.3047500000000003,5.0237,19,-4.2900855263157895,7.59483552631579,7.466720689655171,2.1650723684210527,8.606398321234119,ok
2001-07,2001-07,2001,7,1,0.6808333333333333,2.3266,19,-3.2030793859649127,3.883912719298246,4.607748275862068,0.4587785087719299,4.829803100423471,ok
2001-08,2001-08,2001,8,1,1.0490833333333334,7.2041,19,-9.937702631578945,10.98678596491228,12.334151724137932,0.4405657894736842,12.942669267997582,ok
2001-09,2001-09,2001,9,1,7.67875,33.0017,19,-49.57627675438597,57.25502675438597,59.6017103448276,2.8699232456140353,64.41053709921357,ok
2001-10,2001-10,2001,10,1,24.261875,130.0808,19,-87.7144245614035,111.97629956140351,126.28025172413795,15.984649122807017,134.55747760133093,ok
2001-11,2001-11,2001,11,1,165.14275,196.3446,19,-106.88774210526316,272.0304921052632,190.3646551724138,76.16328947368422,279.3441156987296,ok
2001-12,2001-12,2001,12,1,199.56316666666666,209.0467,19,-26.276534649122812,225.83970131578948,197.1712655172414,165.95508114035084,230.77935104355723,ok
2002-01,2002-01,2002,1,1,380.0984166666667,368.8524,19,-49.823174122807025,429.9215907894737,266.20259999999996,202.23743640350878,444.06358026315786,ok
2002-02,2002-02,2002,2,1,185.05870833333333,190.9456,19,-1.4412837719298286,186.49999210526315,228.32980333333336,225.15756359649123,188.23094807017546,ok
2002-03,2002-03,2002,3,1,233.83558333333335,178.8799,19,-1.51981271929825,235.3553960526316,269.3613833333333,256.1954188596491,247.00154780701754,ok
2002-04,2002-04,2002,4,1,116.28366666666666,124.7968,19,-54.73458728070176,171.0182539473684,208.69714333333332,154.5371864035088,170.4436235964912,ok
2002-05,2002-05,2002,5,1,14.340583333333333,103.8934,19,-70.97924035087719,85.31982368421052,85.44101333333332,33.02775438596492,66.75384228070173,ok
2002-06,2002-06,2002,6,1,1.89,6.7952,19,-4.122388157894736,6.012388157894736,7.40563448275862,2.2395328947368425,7.056101588021777,ok
2002-07,2002-07,2002,7,1,0.982125,2.1991,19,-3.225647368421053,4.207772368421053,4.6121448275862065,0.44292105263157905,5.151348774954627,ok
2002-08,2002-08,2002,8,1,0.7142916666666667,1.0971,19,-10.241503070175435,10.955794736842101,12.544737931034485,0.45818640350877193,12.80084319419238,ok
2002-09,2002-09,2002,9,1,4.4495,67.2486,19,-47.603847807017544,52.053347807017545,58.420782758620696,3.039883771929824,59.830398986690874,ok
2002-10,2002-10,2002,10,1,24.072083333333335,93.122,19,-89.64963552631579,113.72171885964913,127.55469310344829,15.994638157894734,135.63213827888688,ok
2002-11,2002-11,2002,11,1,47.779083333333325,141.559,19,-103.5941596491228,151.37324298245613,192.25381379310346,82.34032456140352,157.69257256503326,ok
2002-12,2002-12,2002,12,1,203.58062499999997,198.8721,19,-27.0234850877193,230.60411008771928,197.5221137931035,165.74363596491227,235.3591028281912,ok
2003-01,2003-01,2003,1,1,209.596,226.3735,19,-48.348252192982464,257.94425219298245,270.95189666666664,211.21124780701757,269.3366488596491,ok
2003-02,2003-02,2003,2,1,220.60079166666665,242.0345,19,-0.6230302631578986,221.22382192982454,226.62684000000002,223.28692763157892,223.94070403508775,ok
2003-03,2003-03,2003,3,1,267.29316666666665,210.3821,19,-1.6227276315789494,268.9158942982456,268.31131,254.43449342105262,281.16998324561405,ok
2003-04,2003-04,2003,4,1,148.78074999999998,166.9079,19,-54.22858640350878,203.00933640350877,207.29343999999998,152.82681359649123,203.24737640350872,ok
2003-05,2003-05,2003,5,1,30.031583333333334,100.5299,19,-71.98210877192983,102.01369210526316,85.55312999999998,32.201912280701755,83.38280105263156,ok
2003-06,2003-06,2003,6,1,3.887916666666667,12.2745,19,-3.939157456140351,7.8270741228070175,7.216693103448276,2.1343793859649125,8.97023038415003,ok
2003-07,2003-07,2003,7,1,0.178625,1.88,19,-3.200152631578948,3.3787776315789477,4.623148275862068,0.48521052631578954,4.316562749546279,ok
2003-08,2003-08,2003,8,1,0.7254166666666667,33.5851,19,-8.532193859649121,9.257610526315787,11.424462068965518,0.4576008771929825,11.692277858439201,ok
2003-09,2003-09,2003,9,1,0.8963333333333333,34.1644,19,-49.158112719298245,50.054446052631576,59.561617241379324,3.226892543859649,57.231058030853006,ok
2003-10,2003-10,2003,10,1,11.985833333333332,102.8612,19,-88.50092763157895,100.48676096491228,127.21885862068967,16.63075657894737,122.57393537507564,ok
2003-11,2003-11,2003,11,1,79.55283333333334,171.1685,19,-103.70806754385964,183.26090087719297,191.23279655172416,80.66802192982458,190.11760795523293,ok
2003-12,2003-12,2003,12,1,119.71333333333332,191.1895,19,-23.013764473684212,142.72709780701754,197.7870310344828,170.15770394736842,147.34266042044771,ok
2004-01,2004-01,2004,1,1,351.39491666666663,330.2411,19,-50.34463728070176,401.7395539473684,267.4896433333333,203.7481469298246,415.1364130701753,ok
2004-02,2004-02,2004,2,1,272.264875,337.9902,19,1.7081074561403458,270.5567675438597,223.42831666666672,220.56776535087718,275.1254263157896,ok
2004-03,2004-03,2004,3,1,225.52125,263.3091,19,3.361425877192979,222.15982412280704,266.54707666666667,256.6330153508772,235.43531131578948,ok
2004-04,2004-04,2004,4,1,89.39154166666667,153.5851,19,-51.80403859649123,141.1955802631579,207.73753333333332,155.9525614035088,141.1765135964912,ok
2004-05,2004-05,2004,5,1,5.379208333333334,29.0041,19,-74.4491311403509,79.82833947368424,87.93732333333332,33.499405701754384,59.81712596491228,ok
2004-06,2004-06,2004,6,1,2.645958333333333,11.5046,19,-3.914312280701754,6.560270614035087,7.2432413793103425,2.1997456140350877,7.6894540986085875,ok
2004-07,2004-07,2004,7,1,1.43975,24.0552,19,-2.099411842105263,3.5391618421052633,3.8584862068965515,0.4188355263157895,4.879400680580762,ok
2004-08,2004-08,2004,8,1,0.7700833333333333,45.2683,19,-7.919639473684209,8.689722807017542,11.021593103448277,0.45524999999999993,11.33642643678161,ok
2004-09,2004-09,2004,9,1,2.257125,24.8521,19,-49.719854385964915,51.97697938596492,59.88273103448276,3.1552719298245613,58.9845841046582,ok
2004-10,2004-10,2004,10,1,17.487708333333334,156.836,19,-85.94972105263157,103.4374293859649,125.35765862068966,16.341184210526315,126.50418274349668,ok
2004-11,2004-11,2004,11,1,40.12204166666667,135.0896,19,-103.53165219298245,143.6536938596491,192.47689655172414,82.74332675438598,149.85561146400482,ok
2004-12,2004-12,2004,12,1,98.42004166666668,159.7892,19,-23.545712280701757,121.96575394736843,198.86980000000003,171.2784035087719,126.0114381578948,ok
2005-01,2005-01,2005,1,1,127.346875,258.8253,19,-42.311361403508776,169.65823640350877,269.87017,215.54014912280707,181.67689587719292,ok
2005-02,2005-02,2005,2,1,201.89237500000002,252.3165,19,0.9027811403508723,200.98959385964915,226.28410666666667,224.27158114035083,203.90490052631586,ok
2005-03,2005-03,2005,3,1,365.26675,402.6636,19,3.3408469298245564,361.9259030701754,261.90192666666667,249.2779890350877,377.890687631579,ok
2005-04,2005-04,2005,4,1,121.802375,143.7686,19,-54.026529824561415,175.82890482456142,208.06474999999995,154.24672807017546,175.6203969298245,ok
2005-05,2005-05,2005,5,1,53.73541666666667,73.4273,19,-74.65613157894737,128.39154824561405,86.45654999999998,30.954342105263162,109.23762456140349,ok
2005-06,2005-06,2005,6,1,2.17075,0.5479,19,-4.465969736842105,6.636719736842105,7.621058620689654,2.2247565789473684,7.5670520417422855,ok
2005-07,2005-07,2005,7,1,0.4241249999999999,1.8672,19,-3.213747368421053,3.637872368421053,4.623589655172413,0.4722894736842106,4.575425181488202,ok
2005-08,2005-08,2005,8,1,0.21208333333333332,1.159,19,-10.211813157894735,10.423896491228069,12.542603448275862,0.48461842105263164,12.270068360556564,ok
2005-09,2005-09,2005,9,1,0.82075,69.9723,19,-47.269508333333334,48.09025833333333,58.326862068965525,3.2308706140350876,55.91674145493044,ok
2005-10,2005-10,2005,10,1,8.526291666666667,43.3954,19,-91.4486254385965,99.97491710526316,129.26940344827588,16.812837719298244,120.9828573956443,ok
2005-11,2005-11,2005,11,1,76.88520833333332,162.476,19,-104.02516622807016,180.9103745614035,191.53253793103448,80.80842324561405,187.60932301875374,ok
2005-12,2005-12,2005,12,1,196.3937083333333,270.7065,19,-22.864468421052635,219.25817675438594,195.04506551724143,166.1218947368421,225.31687911373263,ok
2006-01,2006-01,2006,1,1,115.026125,166.8556,19,-46.50341140350878,161.52953640350876,272.9358266666666,216.18860964912284,171.77334201754377,ok
2006-02,2006-02,2006,2,1,242.53487500000003,230.8724,19,-2.3649346491228136,244.89980964912283,226.99891,222.13250219298243,247.4012828070176,ok
2006-03,2006-03,2006,3,1,286.3209583333333,267.8005,19,0.39783070175438473,285.9231276315789,266.3973633333333,253.43303070175438,299.28529096491224,ok
2006-04,2006-04,2006,4,1,190.46875,429.1988,19,-42.61790745614035,233.08665745614036,198.55040999999997,150.63270833333334,238.38645166666663,ok
2006-05,2006-05,2006,5,1,47.139874999999996,133.2095,19,-71.16256622807019,118.3024412280702,84.46380999999998,31.301475877192985,100.302209122807,ok
2006-06,2006-06,2006,6,1,1.8683333333333332,0.6042,19,-4.447089912280703,6.315423245614036,7.619117241379309,2.240673245614035,7.246777329098607,ok
2006-07,2006-07,2006,7,1,0.30133333333333334,1.5265,19,-3.2252162280701757,3.526549561403509,4.635337931034482,0.4787521929824562,4.457919071385359,ok
2006-08,2006-08,2006,8,1,0.2567083333333333,12.4889,19,-9.617851315789471,9.874559649122805,12.15191724137931,0.48226973684210533,11.926355837870538,ok
2006-09,2006-09,2006,9,1,3.0887083333333334,73.0467,19,-47.22706403508772,50.31577236842106,58.220848275862075,3.111504385964912,58.1980522232305,ok
2006-10,2006-10,2006,10,1,15.891791666666668,156.2402,19,-85.89708333333333,101.78887499999999,125.37820344827587,16.4251798245614,124.84481529038113,ok
2006-11,2006-11,2006,11,1,90.17991666666666,160.8529,19,-104.81031403508771,194.99023070175437,191.5885068965517,80.10870175438599,201.6597218088324,ok
2006-12,2006-12,2006,12,1,122.96091666666666,150.7779,19,-25.311616228070182,148.27253289473686,199.18053448275867,169.98677850877192,152.15467264065342,ok
2007-01,2007-01,2007,1,1,147.892375,243.8694,19,-44.179856140350886,192.07223114035088,270.3687,214.4588070175439,203.80226798245607,ok
2007-02,2007-02,2007,2,1,329.57570833333335,391.6001,19,1.513321491228064,328.0623868421053,221.64132000000004,217.55140570175436,333.665622631579,ok
2007-03,2007-03,2007,3,1,186.081875,144.3091,19,-0.8259754385964942,186.90785043859648,270.5137433333333,258.70877192982454,197.88684640350877,ok
2007-04,2007-04,2007,4,1,143.61833333333334,203.9629,19,-52.00661710526316,195.6249504385965,206.0582733333333,153.09851973684212,196.5780869298245,ok
2007-05,2007-05,2007,5,1,14.407541666666667,59.8926,19,-73.2985960526316,87.70613771929825,86.90770666666666,33.024230263157904,68.29101807017543,ok
2007-06,2007-06,2007,6,1,1.14475,0.6092,19,-4.408743421052631,5.553493421052631,7.618944827586206,2.2787565789473687,6.484938248638837,ok
2007-07,2007-07,2007,7,1,0.35720833333333335,2.6528,19,-3.168878070175439,3.5260864035087724,4.596499999999999,0.47581140350877205,4.47789692982456,ok
2007-08,2007-08,2007,8,1,0.04466666666666667,1.474,19,-10.186422807017543,10.231089473684209,12.531741379310345,0.4934298245614035,12.082978221415608,ok
2007-09,2007-09,2007,9,1,0.8531666666666666,24.48,19,-49.665546052631576,50.51871271929824,59.895562068965525,3.229164473684211,57.51956426194798,ok
2007-10,2007-10,2007,10,1,13.514791666666667,90.3212,19,-89.24139912280701,102.75619078947368,127.65127241379312,16.550285087719296,124.6157789927405,ok
2007-11,2007-11,2007,11,1,57.39116666666666,140.1645,19,-104.17345350877193,161.5646201754386,192.3019,81.83442543859651,167.85864122807016,ok
2007-12,2007-12,2007,12,1,247.1939583333333,154.6319,19,-31.647355263157895,278.8413135964912,199.04763793103453,163.44819736842103,282.7933988959468,ok
2008-01,2008-01,2008,1,1,159.97858333333332,277.9576,19,-43.02185657894737,203.00043991228068,269.23242666666664,213.82269078947368,215.38831921052628,ok
2008-02,2008-02,2008,2,1,265.8859166666667,227.3554,19,-3.779042105263163,269.66495877192983,227.11614333333333,220.90349999999998,272.09856,ok
2008-03,2008-03,2008,3,1,302.949375,291.7903,19,0.7852719298245595,302.16410307017543,265.59770333333336,252.55785087719295,315.9892274561404,ok
2008-04,2008-04,2008,4,1,222.53408333333334,198.2004,19,-56.46336710526316,278.9974504385965,206.25035666666665,148.94505921052632,279.8393807894737,ok
2008-05,2008-05,2008,5,1,47.753625,156.4351,19,-69.97246885964914,117.72609385964914,83.68962333333333,31.26917324561404,100.17407508771929,ok
2008-06,2008-06,2008,6,1,1.004375,1.2231,19,-4.369044736842105,5.373419736842106,7.597775862068964,2.2861447368421053,6.316006125226859,ok
2008-07,2008-07,2008,7,1,0.6584583333333334,1.8809,19,-3.225359649122807,3.8838179824561405,4.62311724137931,0.45995614035087723,4.821619434361766,ok
2008-08,2008-08,2008,8,1,0.4575833333333333,10.0751,19,-9.755465789473684,10.213049122807018,12.23515172413793,0.4716973684210526,12.221037689050211,ok
2008-09,2008-09,2008,9,1,2.4299583333333334,35.7506,19,-49.155345614035085,51.585303947368416,59.506920689655175,3.1461754385964915,58.79070358439202,ok
2008-10,2008-10,2008,10,1,8.247208333333333,71.4708,19,-89.95628421052632,98.20349254385965,128.30128620689655,16.82752631578947,119.72096822444041,ok
2008-11,2008-11,2008,11,1,89.478,228.8043,19,-101.19698157894736,190.67498157894735,189.24535517241378,80.14564473684212,198.57771043557165,ok
2008-12,2008-12,2008,12,1,149.72266666666667,198.2564,19,-24.221260964912283,173.94392763157896,197.54334482758625,168.57826535087716,178.68774614337576,ok
2009-01,2009-01,2009,1,1,192.8225,176.1671,19,-50.10787850877194,242.93037850877192,272.6254433333333,212.09406359649125,253.35387973684203,ok
2009-02,2009-02,2009,2,1,244.92391666666666,173.2144,19,-5.5253052631578985,250.44922192982455,228.92084333333335,222.00676315789474,251.83799684210527,ok
2009-03,2009-03,2009,3,1,229.59462499999998,237.6584,19,1.7970008771929802,227.797624122807,267.4021,256.41862719298246,240.57809780701754,ok
2009-04,2009-04,2009,4,1,212.29566666666668,291.4855,19,-51.014760964912284,263.31042763157893,203.14085333333333,149.48392324561405,265.9525967543859,ok
2009-05,2009-05,2009,5,1,89.81579166666667,287.1656,19,-65.30571447368422,155.1215061403509,79.33194,29.055375,140.09235666666666,ok
2009-06,2009-06,2009,6,1,5.5836250000000005,15.2435,19,-3.872142105263158,9.455767105263158,7.114313793103446,2.0451315789473687,10.652807214156077,ok
2009-07,2009-07,2009,7,1,1.3727083333333334,2.7198,19,-3.218799122807018,4.591507456140351,4.594189655172413,0.42236403508771936,5.544533953418028,ok
2009-08,2009-08,2009,8,1,0.7588333333333334,15.226,19,-9.500221052631579,10.259054385964912,12.057534482758621,0.4558421052631579,12.360525710828796,ok
2009-09,2009-09,2009,9,1,1.5983333333333334,49.6335,19,-48.38089692982456,49.979230263157895,59.02820000000001,3.1899451754385963,57.43658815789475,ok
2009-10,2009-10,2009,10,1,18.692958333333333,145.1622,19,-86.62756578947368,105.32052412280702,125.76020344827586,16.277749999999997,128.1754117816092,ok
2009-11,2009-11,2009,11,1,44.26920833333333,129.9771,19,-104.01900307017543,148.28821140350877,192.65318965517238,82.52505482456141,154.3973431639443,ok
2009-12,2009-12,2009,12,1,110.46162499999998,238.1976,19,-20.05272192982456,130.51434692982454,196.16606206896557,170.64463596491225,135.9830511040533,ok
2010-01,2010-01,2010,1,1,214.77420833333335,206.4191,19,-49.67102105263159,264.4452293859649,271.6170433333333,210.9387105263158,275.45254114035083,ok
2010-02,2010-02,2010,2,1,235.58966666666666,189.3031,19,-4.187255263157899,239.77692192982457,228.38455333333334,222.4980394736842,241.4761805263158,ok
2010-03,2010-03,2010,3,1,280.56241666666665,170.6808,19,-4.410651315789476,284.97306798245614,269.63468666666665,253.73611184210523,296.46099149122807,ok
2010-04,2010-04,2010,4,1,191.862,179.409,19,-55.838067982456145,247.70006798245615,206.87673666666666,150.55937938596492,248.17935728070174,ok
2010-05,2010-05,2010,5,1,16.9075,36.5434,19,-74.65907807017545,91.56657807017545,87.68601333333332,32.89265350877193,71.70085982456139,ok
2010-06,2010-06,2010,6,1,3.0239999999999996,8.1085,19,-4.1129513157894735,7.136951315789473,7.3603482758620675,2.1798486842105267,8.20449959165154,ok
2010-07,2010-07,2010,7,1,0.05583333333333334,1.8517,19,-3.1951793859649125,3.2510127192982456,4.624124137931034,0.49167324561403514,4.188284225650332,ok
2010-08,2010-08,2010,8,1,0.022333333333333334,1.1641,19,-10.201557894736842,10.223891228070176,12.542427586206896,0.4946052631578947,12.070155656382335,ok
2010-09,2010-09,2010,9,1,0.7451666666666666,2.3148,19,-50.82645131578948,51.57161798245615,60.65987931034483,3.2348486842105264,58.170197292800964,ok
2010-10,2010-10,2010,10,1,10.044083333333333,136.1532,19,-86.6465197368421,96.69060307017543,126.07085862068966,16.73295394736842,119.38198800665458,ok
2010-11,2010-11,2010,11,1,89.87758333333333,142.1422,19,-105.77917543859648,195.65675877192982,192.23370344827583,80.12461403508773,201.98667274652144,ok
2010-12,2010-12,2010,12,1,257.42783333333335,168.2896,19,-31.467153947368423,288.8949872807018,198.57668275862073,162.90957236842104,293.09494372353305,ok
1991-01,1991-02,1991,2,2,279.36716666666666,178.9798,19,33.3021894736842,246.06497719298247,228.72866333333334,260.5308157894737,247.5650142105263,ok
1991-02,1991-03,1991,3,2,364.80933333333337,354.0018,19,61.797285087719295,303.0120482456141,263.5239866666667,310.29557456140344,318.03774543859663,ok
1991-03,1991-04,1991,4,2,202.41358333333335,214.6288,19,-12.620370175438595,215.03395350877196,205.7027433333333,191.92340350877194,216.1929231578947,ok
1991-04,1991-05,1991,5,2,22.933833333333336,128.0413,19,-77.42517324561403,100.35900657894737,84.63608333333332,25.31087938596491,82.25903728070175,ok
1991-05,1991-06,1991,6,2,1.1555833333333334,0.7033,19,-4.830102192982456,5.985685526315789,7.615699999999998,1.8524451754385969,6.918838157894735,ok
1991-06,1991-07,1991,7,2,0.6696666666666666,1.9531,19,-2.78513201754386,3.4547986842105267,4.620627586206896,0.8963837719298244,4.393910480943738,ok
1991-07,1991-08,1991,8,2,1.3392499999999998,1.2135,19,-9.493512719298245,10.832762719298245,12.540724137931036,1.200050438596491,12.679923699334545,ok
1991-08,1991-09,1991,9,2,5.24875,73.9762,19,-43.91536228070176,49.16411228070176,58.18879655172414,6.374285087719298,57.06326146400484,ok
1991-09,1991-10,1991,10,2,20.93616666666667,58.2752,19,-86.28488377192983,107.22105043859649,128.75630689655173,21.19343201754386,128.49904154567454,ok
1991-10,1991-11,1991,11,2,68.93625,141.8015,19,-93.82501929824562,162.76126929824562,192.24545172413795,92.09670175438596,169.084999969752,ok
1991-11,1991-12,1991,12,2,216.23608333333334,139.2974,19,24.192561403508773,192.04352192982458,199.57641379310346,220.0951929824561,195.7173041439807,ok
1991-12,1992-01,1992,1,2,266.00983333333335,307.6078,19,1.6240798245614005,264.3857535087719,268.24408666666665,253.3008640350877,280.9530559649123,ok
1992-01,1992-02,1992,2,2,293.40575,144.7331,19,30.760858771929815,262.6448912280702,229.87022000000005,259.7919429824562,263.4840270175439,ok
1992-02,1992-03,1992,3,2,270.9870833333333,155.372,19,56.28109824561403,214.70598508771928,270.14498,315.23358771929827,225.89847561403502,ok
1992-03,1992-04,1992,4,2,235.029625,102.9542,19,-20.21461447368421,255.24423947368422,209.42522999999997,190.20676973684212,254.24808526315786,ok
1992-04,1992-05,1992,5,2,21.125833333333333,24.3743,19,-82.78617324561404,103.91200657894737,88.09164999999999,25.406037280701753,83.81144605263157,ok
1992-05,1992-06,1992,6,2,0.5830833333333333,1.0095,19,-4.783854824561404,5.3669381578947375,7.605141379310343,1.8825767543859648,6.305647958257712,ok
1992-06,1992-07,1992,7,2,0.4017916666666667,2.0289,19,-2.767043859649123,3.1688355263157897,4.618013793103447,0.9104824561403507,4.109323003629763,ok
1992-07,1992-08,1992,8,2,0.1675,13.0445,19,-8.80915745614035,8.97665745614035,12.132758620689655,1.26172149122807,11.038537129461584,ok
1992-08,1992-09,1992,9,2,3.671958333333333,135.5711,19,-40.59053640350877,44.26249473684211,56.06483448275863,6.457274122807018,53.27951869328494,ok
1992-09,1992-10,1992,10,2,11.483624999999998,62.0723,19,-85.58753421052631,97.07115921052632,128.62537241379312,21.690934210526315,118.4180632032668,ok
1992-10,1992-11,1992,11,2,99.50041666666665,214.2915,19,-91.61839649122807,191.11881315789472,189.74579655172414,90.48806140350878,198.758151814882,ok
1992-11,1992-12,1992,12,2,144.77870833333333,239.5717,19,33.2310706140351,111.54763771929822,196.11867931034487,223.8561074561403,117.0412801875379,ok
1992-12,1993-01,1993,1,2,223.50125,121.8043,19,-5.917757894736842,229.41900789473684,274.43753666666663,255.53815789473683,242.4006287719298,ok
1993-01,1993-02,1993,2,2,232.16245833333335,307.8407,19,42.56880043859648,189.59365789473685,224.43330000000003,263.01527412280706,193.58048421052632,ok
1993-02,1993-03,1993,3,2,336.52975,153.1779,19,52.71600526315789,283.81374473684207,270.2181166666667,311.7839736842105,294.9638929824562,ok
1993-03,1993-04,1993,4,2,187.59595833333333,250.0943,19,-9.973889912280699,197.56984824561403,204.52055999999996,192.70327850877194,199.41323982456134,ok
1993-04,1993-05,1993,5,2,40.18720833333334,95.5974,19,-80.04081929824561,120.22802763157895,85.71754666666665,24.402807017543857,101.50194798245613,ok
1993-05,1993-06,1993,6,2,1.7819166666666666,0.586,19,-4.869240789473684,6.651157456140351,7.619744827586205,1.819480263157895,7.582181231094976,ok
1993-06,1993-07,1993,7,2,1.406125,1.8793,19,-2.827777192982456,4.233902192982456,4.623172413793102,0.8576228070175439,5.171674606775558,ok
1993-07,1993-08,1993,8,2,1.2834583333333334,40.5665,19,-7.419365789473685,8.702824122807018,11.183724137931035,1.2029868421052632,11.264195629159106,ok
1993-08,1993-09,1993,9,2,7.873083333333334,56.4376,19,-44.976569298245614,52.84965263157895,58.79357586206897,6.236162280701755,60.43049691470055,ok
1993-09,1993-10,1993,10,2,34.14966666666667,126.1723,19,-83.4067995614035,117.55646622807018,126.41502758620692,20.49798464912281,140.06670960375078,ok
1993-10,1993-11,1993,11,2,132.732,225.9903,19,-92.751700877193,225.483700877193,189.34238965517244,88.73903070175439,233.33535895341805,ok
1993-11,1993-12,1993,12,2,247.01537499999998,216.8044,19,26.65191447368421,220.36346052631578,196.90375862068967,218.47523026315784,225.4439033575318,ok
1993-12,1994-01,1994,1,2,268.69925,330.218,19,2.6725421052631564,266.02670789473683,267.49041333333327,253.15931578947368,283.0303475438596,ok
1994-01,1994-02,1994,2,2,301.48270833333333,306.4669,19,38.84806096491227,262.63464736842104,224.47909333333334,259.36683991228074,266.59496175438596,ok
1994-02,1994-03,1994,3,2,288.564125,311.1998,19,63.55745394736842,225.00667105263156,264.95072,314.3084802631579,239.2063647368421,ok
1994-03,1994-04,1994,4,2,226.692,176.4476,19,-15.907718421052628,242.59971842105264,206.97544999999994,190.64559210526318,243.02185789473677,ok
1994-04,1994-05,1994,5,2,38.8145,50.2617,19,-82.35466096491227,121.16916096491227,87.22873666666665,24.4750548245614,101.56818184210525,ok
1994-05,1994-06,1994,6,2,2.062625,40.3001,19,-2.7937991228070174,4.8564241228070175,6.250293103448275,1.8047061403508773,6.508211963097398,ok
1994-06,1994-07,1994,7,2,1.2053333333333334,1.843,19,-2.8191197368421057,4.024453070175439,4.624424137931034,0.8681907894736842,4.961566681790683,ok
1994-07,1994-08,1994,8,2,1.37275,6.3765,19,-9.22353903508772,10.59628903508772,12.362689655172415,1.1982872807017544,12.537152374470661,ok
1994-08,1994-09,1994,9,2,5.173291666666667,57.4679,19,-44.78024868421053,49.95354035087719,58.75804827586207,6.378256578947369,57.55308336358137,ok
1994-09,1994-10,1994,10,2,20.925,114.0829,19,-83.34704868421052,104.27204868421052,126.83190344827588,21.194019736842105,126.56288371143378,ok
1994-10,1994-11,1994,11,2,64.47591666666666,151.223,19,-93.09439649122808,157.57031315789476,191.9205724137931,92.33145614035088,164.0650329401089,ok
1994-11,1994-12,1994,12,2,186.74020833333336,200.9509,19,28.98989692982456,157.7503114035088,197.4504310344828,221.64760745614035,162.5430319116758,ok
1994-12,1995-01,1995,1,2,279.59158333333335,156.6185,19,-7.037554385964913,286.6291377192983,273.2770633333333,252.5860350877193,300.28261157894735,ok
1995-01,1995-02,1995,2,2,274.36741666666666,232.7107,19,36.393276315789464,237.97414035087718,226.93763333333337,260.79396052631586,240.51108947368417,ok
1995-02,1995-03,1995,3,2,362.008125,218.3206,19,54.80360131578947,307.2045236842105,268.04669333333334,310.44300657894735,319.611811754386,ok
1995-03,1995-04,1995,4,2,251.19720833333335,255.6784,19,-13.027424122807014,264.22463245614034,204.3344233333333,189.35584429824561,266.175787368421,ok
1995-04,1995-05,1995,5,2,39.283208333333334,188.1476,19,-75.12217719298245,114.40538552631578,82.63253999999999,24.45038596491228,97.46536236842104,ok
1995-05,1995-06,1995,6,2,1.220375,0.5023,19,-4.844091228070176,6.0644662280701755,7.622631034482757,1.8490350877192987,6.993970946763459,ok
1995-06,1995-07,1995,7,2,0.5357500000000001,1.9521,19,-2.778136403508772,3.3138864035087723,4.620662068965517,0.9034320175438596,4.252980051421657,ok
1995-07,1995-08,1995,8,2,0.08933333333333333,1.2264,19,-9.427048684210526,9.51638201754386,12.540279310344829,1.2658355263157894,11.363777117362373,ok
1995-08,1995-09,1995,9,2,0.9180416666666668,24.8694,19,-46.27199868421053,47.1900403508772,59.88213448275862,6.602217105263158,54.19795904416213,ok
1995-09,1995-10,1995,10,2,8.291916666666667,82.7379,19,-84.33188640350876,92.62380307017543,127.9127655172414,21.858918859649126,114.34576332425894,ok
1995-10,1995-11,1995,11,2,101.13116666666667,247.2129,19,-89.9715201754386,191.10268684210527,188.61057586206897,90.40223245614035,199.3395100725953,ok
1995-11,1995-12,1995,12,2,214.60675,191.1246,19,27.00606315789474,187.60068684210526,197.78926896551727,220.18094736842102,192.21507159709626,ok
1995-12,1996-01,1996,1,2,207.85500000000002,224.1528,19,0.2924921052631556,207.56250789473685,271.0259199999999,256.3616447368421,222.51927526315785,ok
1996-01,1996-02,1996,2,2,188.911875,225.4247,19,40.50746271929823,148.40441228070176,227.18050000000002,265.29162061403514,150.8007543859649,ok
1996-02,1996-03,1996,3,2,287.0240833333333,302.7974,19,63.19627719298246,223.82780614035084,265.2308,314.3895350877193,237.86534824561397,ok
1996-03,1996-04,1996,4,2,190.0259583333333,321.9434,19,-6.320253070175436,196.34621140350873,202.12559,192.57538377192984,199.57616456140346,ok
1996-04,1996-05,1996,5,2,31.660833333333333,98.9982,19,-79.41307324561403,111.07390657894736,85.60418666666665,24.85156359649123,92.41345640350875,ok
1996-05,1996-06,1996,6,2,1.728,0.4652,19,-4.872760964912281,6.600760964912281,7.623910344827586,1.8223179824561406,7.529592362371445,ok
1996-06,1996-07,1996,7,2,0.9375,1.9521,19,-2.799281140350877,3.736781140350877,4.620662068965517,0.8822872807017543,4.675874788263763,ok
1996-07,1996-08,1996,8,2,0.12274999999999998,1.4883,19,-9.415023245614034,9.537773245614034,12.531248275862069,1.264076754385965,11.389921521476104,ok
1996-08,1996-09,1996,9,2,5.626833333333334,9.7369,19,-47.316277192982454,52.94311052631579,60.40394482758621,6.3543859649122805,59.676392196007264,ok
1996-09,1996-10,1996,10,2,37.743125,145.0933,19,-82.60008684210527,120.34321184210526,125.76257931034485,20.308855263157895,143.19684904718696,ok
1996-10,1996-11,1996,11,2,126.83516666666667,222.7092,19,-92.61403070175439,219.44919736842104,189.45553103448276,89.04939035087719,227.24130735027222,ok
1996-11,1996-12,1996,12,2,261.478875,130.1745,19,21.33120921052632,240.1476657894737,199.89099655172416,217.7139934210526,243.65587813067157,ok
1996-12,1997-01,1997,1,2,220.28716666666665,403.2083,19,9.062141228070173,211.22502543859648,265.0574033333333,255.7073201754386,229.63724982456134,ok
1997-01,1997-02,1997,2,2,254.4394583333333,180.4594,19,34.69204780701753,219.74741052631578,228.67934333333335,261.8428004385965,221.27600122807016,ok
1997-02,1997-03,1997,3,2,300.237375,452.1152,19,70.35967236842106,229.87770263157893,260.25354,313.69409868421053,246.79681631578944,ok
1997-03,1997-04,1997,4,2,197.14316666666664,290.1342,19,-8.369011403508768,205.51217807017542,203.18589666666665,192.20079385964914,208.12826947368416,ok
1997-04,1997-05,1997,5,2,20.958375,68.9381,19,-80.43189649122807,101.39027149122808,86.60618999999998,25.414850877192983,82.149714122807,ok
1997-05,1997-06,1997,6,2,1.4688333333333334,0.6576,19,-4.848994298245614,6.317827631578948,7.617275862068964,1.8359583333333338,7.250150862068963,ok
1997-06,1997-07,1997,7,2,0.25675,1.9683,19,-2.7625995614035084,3.019349561403508,4.620103448275861,0.9181162280701753,3.958737220205686,ok
1997-07,1997-08,1997,8,2,4.2855,1.2265,19,-9.647894298245614,13.933394298245613,12.540275862068965,1.044984649122807,15.780791212946157,ok
1997-08,1997-09,1997,9,2,7.484333333333333,47.0877,19,-45.44820877192983,52.93254210526316,59.11598620689656,6.256622807017544,60.34369673321235,ok
1997-09,1997-10,1997,10,2,15.110708333333335,98.1562,19,-83.87928070175438,98.98998903508772,127.38110000000003,21.5000350877193,120.99177324561407,ok
1997-10,1997-11,1997,11,2,61.732708333333335,75.7109,19,-96.92433815789474,158.65704649122807,194.5244379310345,92.47583552631579,163.78131073805204,ok
1997-11,1997-12,1997,12,2,200.73495833333334,199.815,19,28.193546929824564,172.5414114035088,197.4896,220.91104166666662,177.31351666666671,ok
1997-12,1998-01,1998,1,2,217.318625,347.458,19,6.284153947368419,211.03447105263157,266.9157466666666,255.86355921052632,228.3708124561403,ok
1998-01,1998-02,1998,2,2,257.64479166666666,127.8253,19,31.753130263157885,225.89166140350878,230.43381333333338,261.67409868421055,226.4045063157895,ok
1998-02,1998-03,1998,3,2,237.16125,242.0988,19,62.625973684210535,174.53527631578947,267.25408666666664,317.0138947368421,187.40144192982456,ok
1998-03,1998-04,1998,4,2,145.74604166666668,54.1047,19,-18.086504824561406,163.8325464912281,211.05354666666665,194.9059057017544,161.89368263157894,ok
1998-04,1998-05,1998,5,2,18.994291666666665,74.6596,19,-80.02739210526316,99.02168377192983,86.41547333333331,25.51822368421053,79.89154131578945,ok
1998-05,1998-06,1998,6,2,1.41475,16.0121,19,-4.038016228070176,5.452766228070176,7.087810344827584,1.8388048245614035,6.6637555202661805,ok
1998-06,1998-07,1998,7,2,0.23445833333333335,3.3565,19,-2.6883631578947367,2.92282149122807,4.5722344827586205,0.9192894736842105,3.8874033424077434,ok
1998-07,1998-08,1998,8,2,0.32366666666666666,1.2501,19,-9.438134649122807,9.761801315789473,12.539462068965518,1.2535021929824561,11.609626542649728,ok
1998-08,1998-09,1998,9,2,4.622375,13.3474,19,-47.07338464912281,51.695759649122806,60.27944482758621,6.407252192982456,58.494567634603754,ok
1998-09,1998-10,1998,10,2,14.90975,89.2952,19,-84.33507236842104,99.24482236842104,127.68665172413796,21.510611842105266,121.0857898820327,ok
1998-10,1998-11,1998,11,2,149.56916666666666,245.1679,19,-92.6285201754386,242.19768684210527,188.68109310344826,87.85286403508772,250.3973957350272,ok
1998-11,1998-12,1998,12,2,304.7461666666667,138.7974,19,19.5078201754386,285.23834649122807,199.5936551724138,215.43676754385962,288.90305429522084,ok
1998-12,1999-01,1999,1,2,290.62870833333335,215.817,19,-4.502745175438599,295.1314535087719,271.30377999999996,252.00513377192985,309.9273545614035,ok
1999-01,1999-02,1999,2,2,209.26083333333335,131.3784,19,34.4866596491228,174.77417368421055,230.31537666666665,264.2206228070176,175.3555871929824,ok
1999-02,1999-03,1999,3,2,285.059875,283.9542,19,62.30790921052632,222.75196578947367,265.85890666666666,314.49291447368415,236.42586719298248,ok
1999-03,1999-04,1999,4,2,180.52200000000002,162.6196,19,-14.20550789473684,194.72750789473685,207.4363833333333,193.07559210526315,194.88279122807018,ok
1999-04,1999-05,1999,5,2,24.28408333333333,177.0923,19,-74.91460745614036,99.19869078947369,83.00104999999999,25.239813596491228,82.04531973684209,ok
1999-05,1999-06,1999,6,2,3.207541666666667,0.6859,19,-4.939015789473684,8.146557456140352,7.616299999999998,1.744447368421053,9.079394298245612,ok
1999-06,1999-07,1999,7,2,0.6472916666666667,1.9885,19,-2.7820912280701755,3.4293828947368423,4.619406896551724,0.8975614035087718,4.369137159709619,ok
1999-07,1999-08,1999,8,2,0.18975,1.2624,19,-9.43043903508772,9.62018903508772,12.539037931034484,1.2605504385964912,11.468237492437993,ok
1999-08,1999-09,1999,9,2,2.624375,72.5879,19,-43.85030570175439,46.47468070175439,58.23666896551725,6.5124100877192985,54.34863387779795,ok
1999-09,1999-10,1999,10,2,19.652791666666666,112.4277,19,-83.36720614035089,103.01999780701755,126.88897931034485,21.26097807017544,125.28079290683607,ok
1999-10,1999-11,1999,11,2,105.883125,349.1067,19,-84.85879166666668,190.74191666666667,185.09699655172415,90.15212938596491,200.82799216575924,ok
1999-11,1999-12,1999,12,2,270.45141666666666,242.5365,19,26.77275964912281,243.67865701754386,196.0164448275862,217.24175438596487,249.226107108288,ok
1999-12,2000-01,2000,1,2,222.24024999999997,260.085,19,1.4265421052631546,220.8137078947368,269.8281799999999,255.60452631578946,236.46390368421044,ok
2000-01,2000-02,2000,2,2,222.99841666666666,271.7656,19,41.15242894736841,181.84598771929825,225.63580333333337,263.4975921052632,185.13662789473682,ok
2000-02,2000-03,2000,3,2,280.439625,185.8099,19,57.38559078947369,223.05403421052628,269.1303833333333,314.7360855263158,234.83392280701753,ok
2000-03,2000-04,2000,4,2,138.33716666666666,184.1135,19,-10.853995614035085,149.19116228070175,206.71992,195.29584649122808,149.7612401754386,ok
2000-04,2000-05,2000,5,2,19.0055,53.6399,19,-81.13428201754385,100.13978201754385,87.11612999999997,25.517633771929827,80.60399622807014,ok
2000-05,2000-06,2000,6,2,2.160041666666667,4.8153,19,-4.666547368421052,6.82658903508772,7.473906896551722,1.7995789473684214,7.834369615849967,ok
2000-06,2000-07,2000,7,2,0.6138750000000001,10.0203,19,-2.3576061403508772,2.9714811403508774,4.342448275862069,0.8993201754385964,4.057003100423473,ok
2000-07,2000-08,2000,8,2,1.2946250000000001,7.9948,19,-9.134253508771929,10.428878508771929,12.306886206896552,1.2023991228070177,12.399112084089534,ok
2000-08,2000-09,2000,9,2,10.854041666666667,123.9327,19,-41.58108815789474,52.43512982456141,56.46615862068967,6.079269736842105,61.24093055051423,ok
2000-09,2000-10,2000,10,2,35.566916666666664,86.4072,19,-85.57429166666667,121.14120833333334,127.7862379310345,20.42339254385965,142.92976205384153,ok
2000-10,2000-11,2000,11,2,79.40162500000001,192.5216,19,-91.70634956140351,171.10797456140352,190.4964827586207,91.54589254385965,178.35221521476103,ok
2000-11,2000-12,2000,12,2,161.630375,222.6176,19,31.45181973684211,130.17855526315788,196.70330344827588,222.9691776315789,135.36450081669696,ok
2000-12,2001-01,2001,1,2,303.03862499999997,192.5309,19,-6.381482894736844,309.4201078947368,272.0799833333333,251.35198026315788,323.7666280701754,ok
2001-01,2001-02,2001,2,2,239.76279166666666,153.1069,19,34.02489868421052,205.73789298245615,229.59109333333336,262.6152565789474,206.7386284210526,ok
2001-02,2001-03,2001,3,2,352.86812499999996,249.1479,19,56.90714342105263,295.9609815789473,267.01911666666666,310.9240592105263,308.9631824561403,ok
2001-03,2001-04,2001,4,2,203.87170833333334,196.9268,19,-13.628797807017541,217.5005061403509,206.29280999999995,191.8466600877193,218.317858245614,ok
2001-04,2001-05,2001,5,2,16.092791666666667,140.175,19,-76.42650263157894,92.51929429824561,84.23162666666664,25.670934210526315,74.65348412280699,ok
2001-05,2001-06,2001,6,2,1.0368333333333333,5.0237,19,-4.596462719298246,5.633296052631579,7.466720689655171,1.8586951754385967,6.644858847549907,ok
2001-06,2001-07,2001,7,2,2.0200833333333335,2.3266,19,-2.836548684210526,4.856632017543859,4.607748275862068,0.8253092105263158,5.802522398669086,ok
2001-07,2001-08,2001,8,2,2.6226249999999998,7.2041,19,-9.245764035087719,11.868389035087718,12.334151724137932,1.1325043859649124,13.824272338173019,ok
2001-08,2001-09,2001,9,2,6.717624999999999,33.0017,19,-46.14922412280702,52.86684912280702,59.6017103448276,6.296975877192983,60.022359467634615,ok
2001-09,2001-10,2001,10,2,20.22191666666667,130.0808,19,-82.46804956140352,102.68996622807019,126.28025172413795,21.23102412280702,125.2711442679976,ok
2001-10,2001-11,2001,11,2,141.99837499999998,196.3446,19,-94.7997048245614,236.7980798245614,190.3646551724138,88.25132675438596,244.11170341802782,ok
2001-11,2001-12,2001,12,2,243.57816666666668,209.0467,19,26.424520175438595,217.15364649122807,197.1712655172414,218.65613596491227,222.09329621899582,ok
2001-12,2002-01,2002,1,2,278.89958333333334,368.8524,19,4.169071929824557,274.7305114035088,266.20259999999996,252.62245614035083,292.47972719298247,ok
2002-01,2002-02,2002,2,2,201.95266666666666,190.9456,19,38.00641578947368,163.946250877193,228.32980333333336,264.6052631578948,165.67720684210522,ok
2002-02,2002-03,2002,3,2,317.37925,178.8799,19,55.076663157894735,262.30258684210526,269.3613833333333,312.7918947368421,273.94873859649124,ok
2002-03,2002-04,2002,4,2,154.17004166666666,124.7968,19,-14.809236403508772,168.97927807017544,208.69714333333332,194.46253728070175,168.40464771929823,ok
2002-04,2002-05,2002,5,2,15.266916666666667,103.8934,19,-78.29259342105263,93.5595100877193,85.44101333333332,25.714401315789473,74.9935286842105,ok
2002-05,2002-06,2002,6,2,3.5747916666666666,6.7952,19,-4.636802631578948,8.211594298245615,7.40563448275862,1.7251184210526318,9.255307728372655,ok
2002-06,2002-07,2002,7,2,2.131625,2.1991,19,-2.849129824561403,4.980754824561403,4.6121448275862065,0.8194385964912282,5.924331231094978,ok
2002-07,2002-08,2002,8,2,2.031125,1.0971,19,-9.536053508771928,11.567178508771928,12.544737931034485,1.1636359649122807,13.412226966122203,ok
2002-08,2002-09,2002,9,2,20.725291666666667,67.2486,19,-45.08400131578947,65.80929298245614,58.420782758620696,5.5597302631578955,73.58634416212946,ok
2002-09,2002-10,2002,10,2,25.11,93.122,19,-84.67051710526316,109.78051710526316,127.55469310344829,20.97375657894737,131.69093652450093,ok
2002-10,2002-11,2002,11,2,66.08512499999999,141.559,19,-93.68772324561404,159.77284824561403,192.25381379310346,92.24676096491228,166.09217782819115,ok
2002-11,2002-12,2002,12,2,194.184,198.8721,19,28.488707894736848,165.69529210526315,197.5221137931035,221.25582894736837,170.45028484573513,ok
2002-12,2003-01,2003,1,2,264.25775,226.3735,19,-2.5591947368421075,266.8169447368421,270.95189666666664,253.39307894736842,281.8165677192982,ok
2003-01,2003-02,2003,2,2,270.3557083333333,242.0345,19,37.09514517543859,233.26056315789475,226.62684000000002,261.0051030701755,235.97744526315785,ok
2003-02,2003-03,2003,3,2,344.48679166666665,210.3821,19,55.30796096491228,289.17883070175435,268.31131,311.3651820175439,301.43291964912277,ok
2003-03,2003-04,2003,4,2,231.2820416666667,166.9079,19,-16.65138903508772,247.93343070175442,207.29343999999998,190.4040109649123,248.17147070175437,ok
2003-04,2003-05,2003,5,2,38.479708333333335,100.5299,19,-79.6913456140351,118.17105394736843,85.55312999999998,24.492675438596493,99.54016289473682,ok
2003-05,2003-06,2003,6,2,2.8079583333333336,12.2745,19,-4.308058771929825,7.1160171052631584,7.216693103448276,1.7654780701754387,8.25917336660617,ok
2003-06,2003-07,2003,7,2,0.18979166666666666,1.88,19,-2.763722807017544,2.9535144736842107,4.623148275862068,0.9216403508771929,3.8912995916515416,ok
2003-07,2003-08,2003,8,2,0.9039583333333333,33.5851,19,-7.766834210526316,8.67079254385965,11.424462068965518,1.2229605263157894,11.105459875983062,ok
2003-08,2003-09,2003,9,2,2.6784166666666667,34.1644,19,-45.87543947368421,48.553856140350874,59.561617241379324,6.509565789473685,55.730468118572304,ok
2003-09,2003-10,2003,10,2,18.938458333333333,102.8612,19,-83.8331096491228,102.77156798245613,127.21885862068967,21.298574561403512,124.85874239261949,ok
2003-10,2003-11,2003,11,2,81.04329166666666,171.1685,19,-92.9166004385965,173.95989210526318,191.23279655172416,91.45948903508771,180.8165991833031,ok
2003-11,2003-12,2003,12,2,211.64941666666667,191.1895,19,27.165128070175445,184.4842885964912,197.7870310344828,220.33659649122805,189.0998512099214,ok
2003-12,2004-01,2004,1,2,288.05075,330.2411,19,1.65525789473684,286.39549210526314,267.4896433333333,252.14081578947366,303.3995775438596,ok
2004-01,2004-02,2004,2,2,336.01141666666666,337.9902,19,38.689881578947364,297.3215350877193,223.42831666666672,257.5495394736842,301.8901938596492,ok
2004-02,2004-03,2004,3,2,346.33945833333337,263.3091,19,57.99608377192982,288.34337456140355,266.54707666666667,311.26767324561405,301.618861754386,ok
2004-03,2004-04,2004,4,2,203.35325,153.5851,19,-15.882652631578948,219.23590263157894,207.73753333333332,191.87394736842106,219.21683596491226,ok
2004-04,2004-05,2004,5,2,14.90975,29.0041,19,-82.21533728070175,97.12508728070175,87.93732333333332,25.73319956140351,77.11387377192982,ok
2004-05,2004-06,2004,6,2,1.0582916666666666,11.5046,19,-4.256492105263158,5.314783771929824,7.2432413793103425,1.8575657894736843,6.443967256503325,ok
2004-06,2004-07,2004,7,2,1.104875,24.0552,19,-1.644769298245614,2.749644298245614,3.8584862068965515,0.8734780701754385,4.089883136721113,ok
2004-07,2004-08,2004,8,2,0.558125,45.2683,19,-7.133727192982456,7.691852192982456,11.021593103448277,1.2411622807017544,10.338555822746523,ok
2004-08,2004-09,2004,9,2,8.402416666666667,24.8521,19,-46.66682368421053,55.069240350877195,59.88273103448276,6.208302631578947,62.07684506957048,ok
2004-09,2004-10,2004,10,2,14.943166666666668,156.836,19,-80.78205219298246,95.72521885964913,125.35765862068966,21.50885307017544,118.79197221718088,ok
2004-10,2004-11,2004,11,2,64.84325,135.0896,19,-93.9628561403509,158.8061061403509,192.47689655172414,92.31212280701754,165.00802374470658,ok
2004-11,2004-12,2004,12,2,223.03270833333332,159.7892,19,24.913360087719305,198.11934824561402,198.86980000000003,219.73747587719294,202.1650324561404,ok
2004-12,2005-01,2005,1,2,241.32387500000002,258.8253,19,0.3558407894736828,240.96803421052633,269.87017,254.600125,256.59392,ok
2005-01,2005-02,2005,2,2,280.5767916666667,252.3165,19,37.09835131578946,243.47844035087724,226.28410666666667,260.4671513157895,246.39374701754383,ok
2005-02,2005-03,2005,3,2,327.62399999999997,402.6636,19,66.3155552631579,261.30844473684203,261.90192666666667,312.252697368421,277.2732292982456,ok
2005-03,2005-04,2005,4,2,163.134125,143.7686,19,-14.282514473684213,177.41663947368423,208.06474999999995,193.99074342105263,177.20813157894733,ok
2005-04,2005-05,2005,5,2,33.0225,73.4273,19,-80.83057675438596,113.85307675438597,86.45654999999998,24.77989692982456,94.69915307017541,ok
2005-05,2005-06,2005,6,2,1.0907083333333334,0.5479,19,-4.834866666666667,5.925575,7.621058620689654,1.8558596491228074,6.85590730490018,ok
2005-06,2005-07,2005,7,2,0.29020833333333335,1.8672,19,-2.7696815789473685,3.0598899122807017,4.623589655172413,0.9163552631578947,3.9974427253478515,ok
2005-07,2005-08,2005,8,2,0.6696666666666666,1.159,19,-9.4611399122807,10.130806578947366,12.542603448275862,1.2352916666666667,11.976978448275862,ok
2005-08,2005-09,2005,9,2,3.76925,69.9723,19,-44.04822543859649,47.81747543859649,58.326862068965525,6.45215350877193,55.643958560193596,ok
2005-09,2005-10,2005,10,2,14.106333333333334,43.3954,19,-86.70856622807018,100.81489956140352,129.26940344827588,21.552896929824563,121.82283985178465,ok
2005-10,2005-11,2005,11,2,71.43120833333333,162.476,19,-92.86820131578948,164.29940964912282,191.53253793103448,91.96538815789474,170.99835810647306,ok
2005-11,2005-12,2005,12,2,200.93583333333333,270.7065,19,31.914106140350885,169.02172719298244,195.04506551724143,220.90046929824558,175.08042955232918,ok
2005-12,2006-01,2006,1,2,221.44791666666666,166.8556,19,-3.438566666666669,224.88648333333333,272.9358266666666,255.6462280701754,238.7375152631579,ok
2006-01,2006-02,2006,2,2,241.28495833333332,230.8724,19,38.03770570175438,203.24725263157893,226.99891,262.53514254385965,205.74872578947367,ok
2006-02,2006-03,2006,3,2,351.69629166666664,267.8005,19,57.9505346491228,293.74575701754384,266.3973633333333,310.9857346491228,307.1079203508772,ok
2006-03,2006-04,2006,4,2,188.298,429.1988,19,-0.5842868421052624,188.88228684210526,198.55040999999997,192.6663289473684,194.18208105263156,ok
2006-04,2006-05,2006,5,2,20.556791666666665,133.2095,19,-77.0280552631579,97.58484692982456,84.46380999999998,25.43598684210526,79.58461482456138,ok
2006-05,2006-06,2006,6,2,1.5767083333333334,0.6042,19,-4.8574824561403505,6.434190789473684,7.619117241379309,1.830280701754386,7.365544872958256,ok
2006-06,2006-07,2006,7,2,1.3169583333333332,1.5265,19,-2.8416526315789477,4.158610964912281,4.635337931034482,0.8623157894736843,5.089980474894131,ok
2006-07,2006-08,2006,8,2,0.8594166666666667,12.4889,19,-8.874816228070173,9.73423289473684,12.15191724137931,1.2253048245614035,11.786029083484573,ok
2006-08,2006-09,2006,9,2,8.229625,73.0467,19,-44.121171491228075,52.350796491228074,58.220848275862075,6.217396929824562,60.233076346037514,ok
2006-09,2006-10,2006,10,2,20.333541666666665,156.2402,19,-81.09711403508773,101.43065570175439,125.37820344827587,21.22514912280702,124.4865959921355,ok
2006-10,2006-11,2006,11,2,79.41233333333334,160.8529,19,-93.37368684210527,172.7860201754386,191.5885068965517,91.54532894736842,179.45551128251662,ok
2006-11,2006-12,2006,12,2,187.22025,150.7779,19,26.323947368421056,160.89630263157895,199.18053448275867,221.62234210526313,164.77844237749554,ok
2006-12,2007-01,2007,1,2,254.001625,243.8694,19,-1.0985618421052639,255.10018684210524,270.3687,253.932875,270.43745,ok
2007-01,2007-02,2007,2,2,318.00391666666667,391.6001,19,42.45921842105262,275.54469824561403,221.64132000000004,258.4973026315789,281.1479340350878,ok
2007-02,2007-03,2007,3,2,333.9184166666667,144.3091,19,52.386664912280686,281.531751754386,270.5137433333333,311.92141228070176,292.51074771929825,ok
2007-03,2007-04,2007,4,2,156.62158333333335,203.9629,19,-10.77162807017544,167.3932114035088,206.0582733333333,194.33350877192984,168.3463478947368,ok
2007-04,2007-05,2007,5,2,19.742083333333333,59.8926,19,-80.8439600877193,100.58604342105264,86.90770666666666,25.478866228070174,81.17092377192981,ok
2007-05,2007-06,2007,6,2,0.4967916666666667,0.6092,19,-4.800381578947369,5.297173245614036,7.618944827586206,1.8871184210526315,6.228618073200241,ok
2007-06,2007-07,2007,7,2,0.6585416666666667,2.6528,19,-2.7477201754385967,3.4062618421052635,4.596499999999999,0.8969692982456139,4.358072368421052,ok
2007-07,2007-08,2007,8,2,0.5469583333333333,1.474,19,-9.438102631578948,9.98506096491228,12.531741379310345,1.2417500000000001,11.836949712643678,ok
2007-08,2007-09,2007,9,2,5.162416666666667,24.48,19,-46.515881578947365,51.67829824561403,59.895562068965525,6.378828947368421,58.67914978826377,ok
2007-09,2007-10,2007,10,2,16.617333333333335,90.3212,19,-84.37094517543859,100.98827850877193,127.65127241379312,21.42073903508772,122.84786671203874,ok
2007-10,2007-11,2007,11,2,79.06683333333334,140.1645,19,-94.44436578947371,173.51119912280706,192.3019,91.56351315789475,179.8052201754386,ok
2007-11,2007-12,2007,12,2,240.944375,154.6319,19,23.699203947368424,217.24517105263158,199.04763793103453,218.79475657894733,221.1972563520872,ok
2007-12,2008-01,2008,1,2,195.21062500000002,277.9576,19,3.789817105263154,191.42080789473687,269.23242666666664,257.0271381578947,207.41591350877198,ok
2008-01,2008-02,2008,2,2,355.6490833333333,227.3554,19,31.83343596491227,323.815647368421,227.11614333333333,256.51597807017544,326.24924859649116,ok
2008-02,2008-03,2008,3,2,277.95091666666667,291.7903,19,63.09449122807017,214.8564254385965,265.59770333333336,314.8670701754386,228.68154982456144,ok
2008-03,2008-04,2008,4,2,204.1955,198.2004,19,-13.57880789473684,217.77430789473686,206.25035666666665,191.8296184210527,218.61623824561397,ok
2008-04,2008-05,2008,5,2,22.24191666666667,156.4351,19,-75.89434605263158,98.13626271929824,83.68962333333333,25.347296052631577,80.58424394736842,ok
2008-05,2008-06,2008,6,2,2.9484583333333334,1.2231,19,-4.8971061403508775,7.845564473684211,7.597775862068964,1.7580833333333332,8.788150862068964,ok
2008-06,2008-07,2008,7,2,1.4954166666666666,1.8809,19,-2.8323925438596493,4.327809210526316,4.62311724137931,0.852923245614035,5.265610662431942,ok
2008-07,2008-08,2008,8,2,0.9486666666666667,10.0751,19,-9.006555701754387,9.955222368421053,12.23515172413793,1.2206074561403508,11.963210934664247,ok
2008-08,2008-09,2008,9,2,6.642,35.7506,19,-46.0005649122807,52.642564912280704,59.506920689655175,6.300956140350878,59.847964549304294,ok
2008-09,2008-10,2008,10,2,27.598625000000002,71.4708,19,-85.94103421052633,113.53965921052632,128.30128620689655,20.842776315789475,135.05713489110707,ok
2008-10,2008-11,2008,11,2,90.61195833333333,228.8043,19,-90.38675131578948,180.99870964912282,189.24535517241378,90.95587499999999,188.90143850574714,ok
2008-11,2008-12,2008,12,2,218.95916666666668,198.2564,19,27.15234649122807,191.80682017543862,197.54334482758625,219.9518728070175,196.55063868723542,ok
2008-12,2009-01,2009,1,2,256.25595833333335,176.1671,19,-4.780489912280706,261.03644824561405,272.6254433333333,253.81422587719294,275.0671757894737,ok
2009-01,2009-02,2009,2,2,259.47929166666665,173.2144,19,34.04547763157894,225.43381403508772,228.92084333333335,261.5775460526316,226.82258894736842,ok
2009-02,2009-03,2009,3,2,277.2366666666667,237.6584,19,60.28303596491227,216.9536307017544,267.4021,314.9046622807017,229.734104385965,ok
2009-03,2009-04,2009,4,2,206.7012083333333,291.4855,19,-8.800945175438596,215.5021535087719,203.14085333333333,191.69773903508775,218.1443226315789,ok
2009-04,2009-05,2009,5,2,30.812749999999998,287.1656,19,-69.4648899122807,100.27763991228069,79.33194,24.896199561403506,85.24849043859649,ok
2009-05,2009-06,2009,6,2,4.611625,15.2435,19,-4.246725438596492,8.858350438596492,7.114313793103446,1.6705482456140353,10.055390547489411,ok
2009-06,2009-07,2009,7,2,1.3839583333333334,2.7198,19,-2.7823736842105267,4.16633201754386,4.594189655172413,0.8587894736842103,5.119358514821537,ok
2009-07,2009-08,2009,8,2,4.330125,15.226,19,-8.913427192982457,13.243552192982456,12.057534482758621,1.0426359649122807,15.34502351784634,ok
2009-08,2009-09,2009,9,2,8.747958333333333,49.6335,19,-45.38072587719298,54.128684210526316,59.02820000000001,6.190116228070176,61.58604210526317,ok
2009-09,2009-10,2009,10,2,33.669666666666664,145.1622,19,-82.38206798245615,116.0517346491228,125.76020344827586,20.523247807017547,138.90662230792498,ok
2009-10,2009-11,2009,11,2,66.75483333333334,129.9771,19,-94.33254473684212,161.08737807017548,192.65318965517238,92.21151315789473,167.19650983061098,ok
2009-11,2009-12,2009,12,2,226.82704166666667,238.1976,19,28.84041622807018,197.9866254385965,196.16606206896557,219.53777412280698,203.45532961282527,ok
2009-12,2010-01,2010,1,2,282.38145833333334,206.4191,19,-4.56330570175439,286.94476403508776,271.6170433333333,252.43919956140346,301.5593021052632,ok
2010-01,2010-02,2010,2,2,212.33516666666665,189.3031,19,37.37352105263157,174.9616456140351,228.38455333333334,264.0588157894737,176.66090421052627,ok
2010-02,2010-03,2010,3,2,318.10470833333335,170.6808,19,54.6069495614035,263.49775877192985,269.63468666666665,312.7537127192982,274.9856822807018,ok
2010-03,2010-04,2010,4,2,182.6280833333333,179.409,19,-13.432701754385965,196.06078508771927,206.87673666666666,192.9647456140351,196.54007438596486,ok
2010-04,2010-05,2010,5,2,15.467666666666666,36.5434,19,-81.84789605263158,97.31556271929824,87.68601333333332,25.70383552631579,77.4498444736842,ok
2010-05,2010-06,2010,6,2,0.367125,8.1085,19,-4.398857017543859,4.765982017543859,7.3603482758620675,1.8939429824561402,5.833530293405927,ok
2010-06,2010-07,2010,7,2,0.20095833333333335,1.8517,19,-2.7658,2.9667583333333334,4.624124137931034,0.9210526315789472,3.90402983968542,ok
2010-07,2010-08,2010,8,2,0.20095833333333335,1.1641,19,-9.436202631578947,9.63716096491228,12.542427586206896,1.2599605263157896,11.48342539322444,ok
2010-08,2010-09,2010,9,2,1.1880833333333334,2.3148,19,-47.47329561403509,48.66137894736842,60.65987931034483,6.588004385964912,55.25995825771325,ok
2010-09,2010-10,2010,10,2,13.302666666666667,136.1532,19,-81.78427850877193,95.0869451754386,126.07085862068966,21.5951951754386,117.77833011191773,ok
2010-10,2010-11,2010,11,2,87.32883333333332,142.1422,19,-94.77511842105264,182.10395175438595,192.23370344827583,91.12867105263159,188.43386572897757,ok
2010-11,2010-12,2010,12,2,242.29487500000002,168.2896,19,24.346951315789475,217.94792368421054,198.57668275862073,218.7236776315789,222.14788012704184,ok
2010-12,2011-01,2011,1,2,297.7264166666667,274.405,19,-1.7927298245614098,299.5191464912281,269.35084666666665,251.63157017543855,315.44569315789477,ok
1991-01,1991-03,1991,3,3,369.6304583333333,354.0018,19,88.91668421052633,280.71377412280697,263.5239866666667,337.4149736842105,295.7394713157895,ok
1991-02,1991-04,1991,4,3,218.44070833333333,214.6288,19,-11.18851710526316,229.6292254385965,205.7027433333333,193.3552565789474,230.78819508771923,ok
1991-03,1991-05,1991,5,3,23.837666666666667,128.0413,19,-77.98964912280701,101.82731578947367,84.63608333333332,24.746403508771927,83.72734649122806,ok
1991-04,1991-06,1991,6,3,1.0043333333333333,0.7033,19,-5.266078070175439,6.270411403508772,7.615699999999998,1.4164692982456142,7.203564035087717,ok
1991-05,1991-07,1991,7,3,1.071375,1.9531,19,-2.3968666666666665,3.4682416666666667,4.620627586206896,1.2846491228070174,4.407353463399879,ok
1991-06,1991-08,1991,8,3,1.2722916666666666,1.2135,19,-8.889117982456142,10.161409649122808,12.540724137931036,1.8044451754385962,12.008570629159106,ok
1991-07,1991-09,1991,9,3,6.048041666666666,73.9762,19,-43.37880745614035,49.42684912280701,58.18879655172414,6.9108399122807,57.32599830611011,ok
1991-08,1991-10,1991,10,3,22.018666666666665,58.2752,19,-80.68430701754386,102.70297368421052,128.75630689655173,26.794008771929825,123.98096479128857,ok
1991-09,1991-11,1991,11,3,130.49633333333333,141.8015,19,-82.91188771929825,213.40822105263157,192.24545172413795,103.00983333333333,219.73195172413796,ok
1991-10,1991-12,1991,12,3,226.269,139.2974,19,38.29232456140352,187.9766754385965,199.57641379310346,234.19495614035085,191.6504576527526,ok
1991-11,1992-01,1992,1,3,263.6773333333333,307.6078,19,54.425009649122806,209.2523236842105,268.24408666666665,306.10179385964915,225.8196261403508,ok
1991-12,1992-02,1992,2,3,254.93433333333334,144.7331,19,61.33917938596491,193.59515394736843,229.87022000000005,297.6197214912281,187.18483184210527,ok
1992-01,1992-03,1992,3,3,330.52575,155.372,19,80.52062675438596,250.00512324561407,270.14498,339.47311622807024,261.19761377192975,ok
1992-02,1992-04,1992,4,3,188.4059583333333,102.9542,19,-15.485351315789474,203.89130964912277,209.42522999999997,194.93603289473685,202.89515543859642,ok
1992-03,1992-05,1992,5,3,13.447833333333334,24.3743,19,-82.89897368421053,96.34680701754387,88.09164999999999,25.293236842105262,76.24624649122806,ok
1992-04,1992-06,1992,6,3,2.00875,1.0095,19,-5.302826315789474,7.311576315789474,7.605141379310343,1.3636052631578948,8.250286116152449,ok
1992-05,1992-07,1992,7,3,0.6473333333333334,2.0289,19,-2.3705592105263156,3.017892543859649,4.618013793103447,1.3069671052631577,3.958380021173623,ok
1992-06,1992-08,1992,8,3,0.4799583333333333,13.0445,19,-8.224732017543861,8.704690350877195,12.132758620689655,1.8461469298245614,10.766570024198426,ok
1992-07,1992-09,1992,9,3,3.045625,135.5711,19,-39.97894868421052,43.02457368421052,56.06483448275863,7.068861842105262,52.041597640653364,ok
1992-08,1992-10,1992,10,3,16.606041666666666,62.0723,19,-80.1995846491228,96.80562631578947,128.62537241379312,27.078883771929824,118.15253030852996,ok
1992-09,1992-11,1992,11,3,105.25679166666667,214.2915,19,-77.76822763157895,183.02501929824564,189.74579655172414,104.3382302631579,190.6643579552329,ok
1992-10,1992-12,1992,12,3,214.12683333333334,239.5717,19,44.2089807017544,169.91785263157894,196.11867931034487,234.83401754385963,175.41149509981858,ok
1992-11,1993-01,1993,1,3,278.52,121.8043,19,43.8646850877193,234.6553149122807,274.43753666666663,305.320600877193,247.63693578947363,ok
1992-12,1993-02,1993,2,3,300.948625,307.8407,19,67.5019850877193,233.4466399122807,224.43330000000003,295.19791666666674,230.18400833333328,ok
1993-01,1993-03,1993,3,3,345.7144583333333,153.1779,19,79.60574210526316,266.10871622807014,270.2181166666667,338.6737105263158,277.2588644736842,ok
1993-02,1993-04,1993,4,3,184.993125,250.0943,19,-7.561512719298247,192.55463771929823,204.52055999999996,195.11565570175438,194.39802929824558,ok
1993-03,1993-05,1993,5,3,37.75425,95.5974,19,-80.4296745614035,118.1839245614035,85.71754666666665,24.013951754385964,99.45784491228068,ok
1993-04,1993-06,1993,6,3,2.030375,0.586,19,-5.326253947368421,7.356628947368421,7.619744827586205,1.3624671052631578,8.287652722323047,ok
1993-05,1993-07,1993,7,3,3.002125,1.8793,19,-2.5023692982456143,5.504494298245614,4.623172413793102,1.183030701754386,6.442266712038716,ok
1993-06,1993-08,1993,8,3,2.9127916666666667,40.5665,19,-6.9042495614035095,9.817041228070176,11.183724137931035,1.7181030701754385,12.378412734422263,ok
1993-07,1993-09,1993,9,3,4.665583333333333,56.4376,19,-44.229130701754386,48.894714035087716,58.79357586206897,6.983600877192981,56.47555831820932,ok
1993-08,1993-10,1993,10,3,32.620666666666665,126.1723,19,-77.66877543859648,110.28944210526315,126.41502758620692,26.236008771929825,132.79968548094377,ok
1993-09,1993-11,1993,11,3,111.61808333333333,225.9903,19,-77.48730614035088,189.10538947368423,189.34238965517244,104.00342543859648,196.9570475499093,ok
1993-10,1993-12,1993,12,3,265.2620416666667,216.8044,19,40.319375000000015,224.94266666666667,196.90375862068967,232.14269078947368,230.02310949788267,ok
1993-11,1994-01,1994,1,3,327.8473333333333,330.218,19,52.237651754385965,275.60968157894735,267.49041333333327,302.72442543859654,292.61332122807005,ok
1993-12,1994-02,1994,2,3,348.5764583333334,306.4669,19,64.92295175438596,283.65350657894743,224.47909333333334,292.69118859649126,280.3643630701755,ok
1994-01,1994-03,1994,3,3,392.0843333333333,311.1998,19,85.48216447368421,306.60216885964905,264.95072,336.2331907894737,320.80186254385956,ok
1994-02,1994-04,1994,4,3,242.60045833333334,176.4476,19,-14.469619736842109,257.07007807017544,206.97544999999994,192.08369078947368,257.4922175438596,ok
1994-03,1994-05,1994,5,3,42.45254166666667,50.2617,19,-83.06304254385965,125.51558421052633,87.22873666666665,23.766673245614033,105.91460508771928,ok
1994-04,1994-06,1994,6,3,3.7150833333333337,40.3001,19,-3.3247070175438593,7.039790350877193,6.250293103448275,1.273798245614035,8.691578191167574,ok
1994-05,1994-07,1994,7,3,0.6139583333333333,1.843,19,-2.378586842105263,2.9925451754385963,4.624424137931034,1.3087236842105263,3.929658787053841,ok
1994-06,1994-08,1994,8,3,1.4508333333333334,6.3765,19,-8.626778070175439,10.077611403508772,12.362689655172415,1.7950482456140346,12.018474742891714,ok
1994-07,1994-09,1994,9,3,6.8040416666666665,57.4679,19,-44.2874548245614,51.09149649122807,58.75804827586207,6.87105043859649,58.69103950393225,ok
1994-08,1994-10,1994,10,3,25.210458333333335,114.0829,19,-77.91504868421052,103.12550701754385,126.83190344827588,26.626019736842107,125.4163420447671,ok
1994-09,1994-11,1994,11,3,87.01558333333332,151.223,19,-80.12755877192983,167.14314210526317,191.9205724137931,105.29829385964912,173.6378618874773,ok
1994-10,1994-12,1994,12,3,194.63041666666666,200.9509,19,43.20243421052632,151.42798245614034,197.4504310344828,235.8601447368421,156.22070296430735,ok
1994-11,1995-01,1995,1,3,311.408625,156.6185,19,43.96603114035088,267.4425938596491,273.2770633333333,303.58962061403514,281.0960677192981,ok
1994-12,1995-02,1995,2,3,277.653625,232.7107,19,64.77382719298245,212.87979780701752,226.93763333333337,296.4239692982457,208.16728903508763,ok
1995-01,1995-03,1995,3,3,335.03433333333334,218.3206,19,83.59641710526317,251.43791622807015,268.04669333333334,339.23582236842105,263.8452042982456,ok
1995-02,1995-04,1995,4,3,180.67316666666667,255.6784,19,-7.040246491228072,187.71341315789473,204.3344233333333,195.34302192982454,189.66456807017542,ok
1995-03,1995-05,1995,5,3,20.70175,188.1476,19,-74.66111140350877,95.36286140350877,82.63253999999999,24.91145175438596,78.42283824561403,ok
1995-04,1995-06,1995,6,3,0.367125,0.5023,19,-5.243119736842106,5.610244736842105,7.622631034482757,1.4500065789473684,6.539749455535389,ok
1995-05,1995-07,1995,7,3,0.10049999999999999,1.9521,19,-2.3458206140350875,2.4463206140350873,4.620662068965517,1.3357478070175437,3.3854142619479735,ok
1995-06,1995-08,1995,8,3,0.078125,1.2264,19,-8.825588157894737,8.903713157894737,12.540279310344829,1.8672960526315787,10.75110825771325,ok
1995-07,1995-09,1995,9,3,2.3219583333333333,24.8694,19,-45.76726622807017,48.089224561403505,59.88213448275862,7.106949561403508,55.09714325468845,ok
1995-08,1995-10,1995,10,3,14.039333333333333,82.7379,19,-78.97683157894735,93.01616491228069,127.9127655172414,27.213973684210522,114.73812516636421,ok
1995-09,1995-11,1995,11,3,96.96249999999999,247.2129,19,-75.59898070175439,172.56148070175436,188.61057586206897,104.77477192982457,180.79830393224438,ok
1995-10,1995-12,1995,12,3,209.183125,191.1246,19,41.91932850877193,167.26379649122805,197.78926896551727,235.0942127192982,171.87818124621904,ok
1995-11,1996-01,1996,1,3,334.3090833333333,224.1528,19,46.31518070175438,287.9939026315789,271.0259199999999,302.38433333333336,302.9506699999999,ok
1995-12,1996-02,1996,2,3,334.5081666666667,225.4247,19,61.39800921052632,273.11015745614037,227.18050000000002,293.431625,268.25704166666674,ok
1996-01,1996-03,1996,3,3,366.6059583333333,302.7974,19,86.3809,280.2250583333333,265.2308,337.57415789473686,294.26260043859645,ok
1996-02,1996-04,1996,4,3,202.32725000000002,321.9434,19,-4.692303508771934,207.01955350877196,202.12559,194.20333333333335,210.24950666666666,ok
1996-03,1996-05,1996,5,3,28.971416666666666,98.9982,19,-79.78843070175438,108.75984736842105,85.60418666666665,24.476206140350875,90.09939719298244,ok
1996-04,1996-06,1996,6,3,1.7495833333333335,0.4652,19,-5.317833333333334,7.067416666666667,7.623910344827586,1.377245614035088,7.996248064125831,ok
1996-05,1996-07,1996,7,3,0.4687916666666667,1.9521,19,-2.3652043859649123,2.833996052631579,4.620662068965517,1.3163640350877193,3.773089700544465,ok
1996-06,1996-08,1996,8,3,0.6584166666666667,1.4883,19,-8.842345614035088,9.500762280701753,12.531248275862069,1.8367543859649118,11.352910556563824,ok
1996-07,1996-09,1996,9,3,3.5747500000000003,9.7369,19,-46.62964999999999,50.20439999999999,60.40394482758621,7.041013157894736,56.93768166969147,ok
1996-08,1996-10,1996,10,3,26.996041666666667,145.0933,19,-76.37690043859648,103.37294210526315,125.76257931034485,26.532041666666668,126.22657931034485,ok
1996-09,1996-11,1996,11,3,128.26075,222.7092,19,-78.5359254385965,206.79667543859648,189.45553103448276,103.12749561403508,214.58878542044766,ok
1996-10,1996-12,1996,12,3,276.321625,130.1745,19,35.17782324561405,241.14380175438595,199.89099655172416,231.56060745614033,244.6520140955838,ok
1996-11,1997-01,1997,1,3,339.0854166666667,403.2083,19,55.48776842105263,283.59764824561404,265.0574033333333,302.13294736842107,302.0098726315789,ok
1996-12,1997-02,1997,2,3,304.36566666666664,180.4594,19,60.61786184210527,243.74780482456137,228.67934333333335,295.0180723684211,238.0269376315789,ok
1997-01,1997-03,1997,3,3,339.5430416666667,452.1152,19,95.66409561403509,243.8789460526316,260.25354,338.9985219298246,260.79805973684205,ok
1997-02,1997-04,1997,4,3,212.32791666666665,290.1342,19,-6.892822807017545,219.2207394736842,203.18589666666665,193.67698245614037,221.83683087719294,ok
1997-03,1997-05,1997,5,3,10.836291666666668,68.9381,19,-80.41606096491229,91.25235263157896,86.60618999999998,25.430686403508773,72.01179526315788,ok
1997-04,1997-06,1997,6,3,0.410375,0.6576,19,-5.237222368421053,5.647597368421053,7.617275862068964,1.4477302631578948,6.57992059891107,ok
1997-05,1997-07,1997,7,3,1.8302916666666667,1.9683,19,-2.436009649122807,4.266301315789473,4.620103448275861,1.2447061403508772,5.20568897459165,ok
1997-06,1997-08,1997,8,3,1.6517083333333333,1.2265,19,-8.908403070175439,10.560111403508772,12.540275862068965,1.7844758771929823,12.407508318209317,ok
1997-07,1997-09,1997,9,3,16.070375,47.0877,19,-45.32148289473684,61.39185789473684,59.11598620689656,6.383348684210526,68.80301252268603,ok
1997-08,1997-10,1997,10,3,29.65216666666667,98.1562,19,-78.98707017543859,108.63923684210526,127.38110000000003,26.39224561403509,130.6410210526316,ok
1997-09,1997-11,1997,11,3,77.79241666666667,75.7109,19,-83.61645,161.40886666666665,194.5244379310345,105.78372368421053,166.53313091349065,ok
1997-10,1997-12,1997,12,3,219.48375,199.815,19,41.83457982456141,177.64917017543857,197.4896,234.5520745614035,182.4212754385965,ok
1997-11,1998-01,1998,1,3,238.36658333333332,347.458,19,57.854533333333336,180.51205,266.9157466666666,307.4339385964912,197.84839140350874,ok
1997-12,1998-02,1998,2,3,234.843875,127.8253,19,61.50668771929825,173.33718728070176,230.43381333333338,298.6771140350878,166.60057429824556,ok
1998-01,1998-03,1998,3,3,281.10929166666665,242.0988,19,87.68606140350877,193.42323026315788,267.25408666666664,342.0739824561404,206.28939587719287,ok
1998-02,1998-04,1998,4,3,192.56408333333331,54.1047,19,-18.275226315789478,210.83930964912278,211.05354666666665,194.71718421052634,208.90044578947362,ok
1998-03,1998-05,1998,5,3,9.084208333333333,74.6596,19,-80.02271447368422,89.10692280701755,86.41547333333331,25.522901315789472,69.97678035087716,ok
1998-04,1998-06,1998,6,3,0.7343333333333333,16.0121,19,-4.446141228070176,5.180474561403509,7.087810344827584,1.4306798245614036,6.3914638535995145,ok
1998-05,1998-07,1998,7,3,0.5134583333333333,3.3565,19,-2.2936394736842103,2.8070978070175436,4.5722344827586205,1.3140131578947367,3.7716796581972174,ok
1998-06,1998-08,1998,8,3,0.6361249999999999,1.2501,19,-8.853709210526315,9.489834210526315,12.539462068965518,1.837927631578947,11.33765943738657,ok
1998-07,1998-09,1998,9,3,3.380291666666667,13.3474,19,-46.429389035087716,49.80968070175438,60.27944482758621,7.0512478070175435,56.60848868723534,ok
1998-08,1998-10,1998,10,3,27.922375000000002,89.2952,19,-79.36239692982456,107.28477192982456,127.68665172413796,26.483287280701756,129.1257394434362,ok
1998-09,1998-11,1998,11,3,119.51275,245.1679,19,-76.89346754385964,196.40621754385964,188.68109310344826,103.58791666666666,204.6059264367816,ok
1998-10,1998-12,1998,12,3,270.4180416666667,138.7974,19,35.94237500000001,234.47566666666665,199.5936551724138,231.87132236842103,238.14037447065945,ok
1998-11,1999-01,1999,1,3,317.5355416666667,215.817,19,46.759272368421044,270.77626929824567,271.30377999999996,303.2671513157895,285.5721703508772,ok
1998-12,1999-02,1999,2,3,362.920375,131.3784,19,54.95282456140351,307.96755043859645,230.31537666666665,291.9362456140351,301.2995060526315,ok
1999-01,1999-03,1999,3,3,329.23108333333334,283.9542,19,87.35625131578946,241.8748320175439,265.85890666666666,339.5412565789474,255.5487334210526,ok
1999-02,1999-04,1999,4,3,184.420875,162.6196,19,-12.135325877192987,196.556200877193,207.4363833333333,195.145774122807,196.7114842105263,ok
1999-03,1999-05,1999,5,3,30.902,177.0923,19,-75.7798245614035,106.6818245614035,83.00104999999999,24.374596491228065,89.52845350877193,ok
1999-04,1999-06,1999,6,3,2.4948333333333332,0.6859,19,-5.345441228070175,7.8402745614035085,7.616299999999998,1.3380219298245615,8.77311140350877,ok
1999-05,1999-07,1999,7,3,0.5692499999999999,1.9885,19,-2.3685758771929826,2.9378258771929824,4.619406896551724,1.3110767543859647,3.877580142165759,ok
1999-06,1999-08,1999,8,3,1.1272083333333334,1.2624,19,-8.878908333333333,10.006116666666667,12.539037931034484,1.8120811403508772,11.85416512401694,ok
1999-07,1999-09,1999,9,3,3.834,72.5879,19,-43.33534736842105,47.16934736842105,58.23666896551725,7.027368421052631,55.043300544464614,ok
1999-08,1999-10,1999,10,3,22.096875,112.4277,19,-77.83829166666665,99.93516666666665,126.88897931034485,26.789892543859647,122.1959617664852,ok
1999-09,1999-11,1999,11,3,79.5205,349.1067,19,-69.31814912280703,148.83864912280703,185.09699655172415,105.69277192982457,158.92472462189957,ok
1999-10,1999-12,1999,12,3,181.50620833333335,242.5365,19,46.08189780701755,135.4243105263158,196.0164448275862,236.55089254385965,140.9717606170599,ok
1999-11,2000-01,2000,1,3,317.68054166666667,260.085,19,49.08153552631578,268.59900614035087,269.8281799999999,303.2595197368421,284.2492019298245,ok
1999-12,2000-02,2000,2,3,264.10075,271.7656,19,67.54265745614035,196.55809254385966,225.63580333333337,297.13727850877194,192.59927482456143,ok
2000-01,2000-03,2000,3,3,363.4255,185.8099,19,80.39105570175438,283.0344442982456,269.1303833333333,337.7415504385965,294.8143328947368,ok
2000-02,2000-04,2000,4,3,187.45566666666664,184.1135,19,-11.163793859649127,198.61946052631578,206.71992,194.98604824561406,199.1895384210526,ok
2000-03,2000-05,2000,5,3,23.960458333333335,53.6399,19,-81.91197499999998,105.87243333333332,87.11612999999997,24.739940789473682,86.33664754385963,ok
2000-04,2000-06,2000,6,3,1.4471666666666667,4.8153,19,-5.072964035087719,6.520130701754386,7.473906896551722,1.3931622807017545,7.5279112825166346,ok
2000-05,2000-07,2000,7,3,0.7365833333333334,10.0203,19,-1.9546565789473684,2.691239912280702,4.342448275862069,1.3022697368421052,3.7767618723532976,ok
2000-06,2000-08,2000,8,3,0.6027083333333333,7.9948,19,-8.496966228070175,9.099674561403509,12.306886206896552,1.8396864035087717,11.069908136721114,ok
2000-07,2000-09,2000,9,3,7.829916666666667,123.9327,19,-40.84330087719298,48.67321754385965,56.46615862068967,6.817057017543859,57.47901826981248,ok
2000-08,2000-10,2000,10,3,41.649166666666666,86.4072,19,-80.23685964912279,121.88602631578945,127.7862379310345,25.76082456140351,143.67458003629767,ok
2000-09,2000-11,2000,11,3,113.59433333333334,192.5216,19,-79.35282982456141,192.94716315789475,190.4964827586207,103.89941228070177,200.19140381125226,ok
2000-10,2000-12,2000,12,3,261.15520833333335,222.6176,19,40.841482017543875,220.31372631578947,196.70330344827588,232.3588399122807,225.49967186932852,ok
2000-11,2001-01,2001,1,3,289.9032916666667,192.5309,19,46.988017105263154,242.91527456140352,272.0799833333333,304.7214802631579,257.2617947368421,ok
2000-12,2001-02,2001,2,3,275.73837499999996,153.1069,19,60.68495614035087,215.0534188596491,229.59109333333336,296.5247719298245,208.8046964035088,ok
2001-01,2001-03,2001,3,3,352.67833333333334,249.1479,19,84.290275,268.38805833333333,267.01911666666666,338.3071907894737,281.3902592105263,ok
2001-02,2001-04,2001,4,3,188.01716666666667,196.9268,19,-10.518962280701759,198.53612894736844,206.29280999999995,194.95649561403508,199.35348105263154,ok
2001-03,2001-05,2001,5,3,19.641583333333333,140.175,19,-77.13018684210525,96.77177017543858,84.23162666666664,24.967249999999996,78.90595999999998,ok
2001-04,2001-06,2001,6,3,0.367125,5.0237,19,-5.005151315789473,5.372276315789473,7.466720689655171,1.4500065789473684,6.383839110707802,ok
2001-05,2001-07,2001,7,3,2.276708333333333,2.3266,19,-2.4406473684210526,4.717355701754386,4.607748275862068,1.2212105263157893,5.663246082879612,ok
2001-06,2001-08,2001,8,3,2.578041666666667,7.2041,19,-8.642546929824562,11.220588596491229,12.334151724137932,1.73572149122807,13.17647189957653,ok
2001-07,2001-09,2001,9,3,17.053166666666666,33.0017,19,-46.11457719298246,63.16774385964912,59.6017103448276,6.331622807017543,70.32325420447673,ok
2001-08,2001-10,2001,10,3,25.980500000000003,130.0808,19,-77.11358245614034,103.09408245614034,126.28025172413795,26.585491228070175,125.67526049606778,ok
2001-09,2001-11,2001,11,3,145.89720833333334,196.3446,19,-80.85177061403509,226.7489789473684,190.3646551724138,102.19926096491228,234.06260254083486,ok
2001-10,2001-12,2001,12,3,265.2285,209.0467,19,39.9128403508772,225.3156596491228,197.1712655172414,232.14445614035085,230.25530937689055,ok
2001-11,2002-01,2002,1,3,325.90558333333337,368.8524,19,54.37323859649123,271.53234473684216,266.20259999999996,302.82662280701754,289.2815605263158,ok
2001-12,2002-02,2002,2,3,271.92816666666664,190.9456,19,62.877003947368415,209.05116271929822,228.32980333333336,296.72530921052635,203.53266078947365,ok
2002-01,2002-03,2002,3,3,307.70358333333337,178.8799,19,82.95905131578948,224.7445320175439,269.3613833333333,340.67428289473685,236.39068377192984,ok
2002-02,2002-04,2002,4,3,181.677625,124.7968,19,-13.981617982456143,195.65924298245613,208.69714333333332,195.2901557017544,195.08461263157892,ok
2002-03,2002-05,2002,5,3,20.199666666666666,103.8934,19,-79.06911754385965,99.26878421052632,85.44101333333332,24.937877192982455,80.70280280701752,ok
2002-04,2002-06,2002,6,3,0.8639583333333333,6.7952,19,-4.938063596491228,5.802021929824561,7.40563448275862,1.423857456140351,6.845735359951602,ok
2002-05,2002-07,2002,7,3,3.6605416666666666,2.1991,19,-2.5201912280701757,6.180732894736842,4.6121448275862065,1.148377192982456,7.124309301270417,ok
2002-06,2002-08,2002,8,3,5.021999999999999,1.0971,19,-9.092597368421053,14.114597368421052,12.544737931034485,1.607092105263158,15.959645825771325,ok
2002-07,2002-09,2002,9,3,11.350791666666666,67.2486,19,-44.01198377192983,55.36277543859649,58.420782758620696,6.631747807017544,63.139826618269815,ok
2002-08,2002-10,2002,10,3,34.741166666666665,93.122,19,-79.51987017543858,114.26103684210526,127.55469310344829,26.12440350877193,136.17145626134302,ok
2002-09,2002-11,2002,11,3,97.57795833333334,141.559,19,-81.19210482456141,178.77006315789475,192.25381379310346,104.74237938596491,185.0893927404719,ok
2002-10,2002-12,2002,12,3,219.11545833333332,198.8721,19,41.80433728070176,177.31112105263156,197.5221137931035,234.5714583333333,182.0661137931035,ok
2002-11,2003-01,2003,1,3,260.6752916666667,226.3735,19,50.30752236842105,210.36776929824563,270.95189666666664,306.2597960526316,225.36739228070172,ok
2002-12,2003-02,2003,2,3,245.22625000000002,242.0345,19,66.97125745614035,178.25499254385966,226.62684000000002,298.13067324561405,173.722416754386,ok
2003-01,2003-03,2003,3,3,346.07162500000004,210.3821,19,82.59769122807018,263.47393377192986,268.31131,338.65491228070175,275.7280227192983,ok
2003-02,2003-04,2003,4,3,217.047625,166.9079,19,-13.62682324561404,230.67444824561406,207.29343999999998,193.428576754386,230.91248824561399,ok
2003-03,2003-05,2003,5,3,32.319375,100.5299,19,-79.88402324561402,112.20339824561401,85.55312999999998,24.29999780701754,93.57250719298244,ok
2003-04,2003-06,2003,6,3,1.5011666666666665,12.2745,19,-4.683216666666667,6.184383333333333,7.216693103448276,1.3903201754385965,7.327539594676346,ok
2003-05,2003-07,2003,7,3,0.6585416666666667,1.88,19,-2.3789859649122804,3.0375276315789472,4.623148275862068,1.306377192982456,3.9753127495462786,ok
2003-06,2003-08,2003,8,3,1.1049583333333333,33.5851,19,-7.176542543859649,8.281500877192983,11.424462068965518,1.813252192982456,10.716168209316395,ok
2003-07,2003-09,2003,9,3,3.596416666666667,34.1644,19,-45.345132456140355,48.941549122807025,59.561617241379324,7.0398728070175425,56.11816110102845,ok
2003-08,2003-10,2003,10,3,17.376083333333334,102.8612,19,-78.0933289473684,95.46941228070173,127.21885862068967,27.038355263157893,117.55658669086512,ok
2003-09,2003-11,2003,11,3,100.040375,171.1685,19,-79.76331096491228,179.8036859649123,191.23279655172416,104.61277850877194,186.66039304295222,ok
2003-10,2003-12,2003,12,3,242.3060416666667,191.1895,19,40.17943289473685,202.12660877192985,197.7870310344828,233.35090131578946,206.74217138536002,ok
2003-11,2004-01,2004,1,3,315.38166666666666,330.2411,19,52.8949552631579,262.48671140350876,267.4896433333333,303.3805131578947,279.4907968421052,ok
2003-12,2004-02,2004,2,3,326.31262499999997,337.9902,19,67.75385350877193,258.5587714912281,223.42831666666672,293.8629692982456,255.87797236842107,ok
2004-01,2004-03,2004,3,3,301.40925,263.3091,19,87.73397412280703,213.67527587719297,266.54707666666667,341.00556359649124,226.9507630701754,ok
2004-02,2004-04,2004,4,3,195.25325,153.5851,19,-13.180950877192984,208.434200877193,207.73753333333332,194.57564912280702,208.4151342105263,ok
2004-03,2004-05,2004,5,3,16.204375000000002,29.0041,19,-82.80038114035086,99.00475614035086,87.93732333333332,25.148155701754384,78.99354263157895,ok
2004-04,2004-06,2004,6,3,0.8855833333333334,11.5046,19,-4.691338596491228,5.576921929824561,7.2432413793103425,1.422719298245614,6.706105414398062,ok
2004-05,2004-07,2004,7,3,0.7032083333333333,24.0552,19,-1.2142210526315786,1.9174293859649119,3.8584862068965515,1.3040263157894736,3.2576682244404114,ok
2004-06,2004-08,2004,8,3,4.017666666666666,45.2683,19,-6.714937719298246,10.732604385964912,11.021593103448277,1.659951754385965,13.379308015728977,ok
2004-07,2004-09,2004,9,3,8.640041666666667,24.8521,19,-46.100707456140356,54.740749122807024,59.88273103448276,6.774418859649122,61.748353841500304,ok
2004-08,2004-10,2004,10,3,31.393083333333333,156.836,19,-75.99028684210525,107.38337017543859,125.35765862068966,26.300618421052633,130.45012353297037,ok
2004-09,2004-11,2004,11,3,67.06791666666668,135.0896,19,-79.92680789473684,146.99472456140353,192.47689655172414,106.34817105263159,153.19664216575922,ok
2004-10,2004-12,2004,12,3,208.06695833333333,159.7892,19,40.32884254385966,167.73811578947368,198.86980000000003,235.15295833333334,171.7838,ok
2004-11,2005-01,2005,1,3,300.95170833333333,258.8253,19,49.89570043859649,251.05600789473684,269.87017,304.1399846491228,266.6818936842105,ok
2004-12,2005-02,2005,2,3,297.8136666666667,252.3165,19,64.74465657894737,233.0690100877193,226.28410666666667,295.3629144736842,228.73485885964914,ok
2005-01,2005-03,2005,3,3,382.76570833333335,402.6636,19,90.78650263157893,291.97920570175444,261.90192666666667,336.7236447368421,307.9439902631579,ok
2005-02,2005-04,2005,4,3,206.44195833333333,143.7686,19,-14.286488157894741,220.72844649122808,208.06474999999995,193.98676973684212,220.51993859649116,ok
2005-03,2005-05,2005,5,3,30.71225,73.4273,19,-81.2258903508772,111.93814035087719,86.45654999999998,24.384583333333328,92.78421666666665,ok
2005-04,2005-06,2005,6,3,0.92875,0.5479,19,-5.270278947368421,6.199028947368421,7.621058620689654,1.4204473684210526,7.129361252268602,ok
2005-05,2005-07,2005,7,3,0.39066666666666666,1.8672,19,-2.36556096491228,2.756227631578947,4.623589655172413,1.3204758771929823,3.6937804446460976,ok
2005-06,2005-08,2005,8,3,1.7744583333333335,1.159,19,-8.918416228070175,10.692874561403508,12.542603448275862,1.7780153508771925,12.539046430732004,ok
2005-07,2005-09,2005,9,3,2.7107916666666667,69.9723,19,-43.413894298245616,46.12468596491228,58.326862068965525,7.086484649122807,53.95116908650938,ok
2005-08,2005-10,2005,10,3,17.521375,43.3954,19,-81.23075482456139,98.7521298245614,129.26940344827588,27.03070833333333,119.76007011494255,ok
2005-09,2005-11,2005,11,3,59.62679166666667,162.476,19,-78.0937802631579,137.72057192982456,191.53253793103448,106.73980921052632,144.41952038717483,ok
2005-10,2005-12,2005,12,3,230.1302916666667,270.7065,19,45.00536710526317,185.12492456140353,195.04506551724143,233.9917302631579,191.1836269207502,ok
2005-11,2006-01,2006,1,3,310.89525,166.8556,19,44.53184561403508,266.3634043859649,272.9358266666666,303.61664035087716,280.21443631578944,ok
2005-12,2006-02,2006,2,3,313.67941666666667,230.8724,19,62.780980263157886,250.89843640350878,226.99891,294.52787500000005,246.1504516666666,ok
2006-01,2006-03,2006,3,3,358.25820833333336,267.8005,19,84.97831315789473,273.27989517543864,266.3973633333333,338.01351315789475,286.6420585087719,ok
2006-02,2006-04,2006,4,3,193.39554166666667,429.1988,19,1.422807456140348,191.9727342105263,198.55040999999997,194.67342324561403,197.2725284210526,ok
2006-03,2006-05,2006,5,3,27.598583333333334,133.2095,19,-77.91558157894735,105.51416491228069,84.46380999999998,24.54846052631579,87.51393280701753,ok
2006-04,2006-06,2006,6,3,0.9827916666666666,0.6042,19,-5.270160087719297,6.252951754385964,7.619117241379309,1.4176030701754385,7.184305837870537,ok
2006-05,2006-07,2006,7,3,2.377083333333333,1.5265,19,-2.488040789473684,4.865124122807018,4.635337931034482,1.2159276315789471,5.796493632788868,ok
2006-06,2006-08,2006,8,3,4.586875,12.4889,19,-8.470127631578949,13.05700263157895,12.15191724137931,1.6299934210526315,15.10879882032668,ok
2006-07,2006-09,2006,9,3,6.263999999999999,73.0467,19,-43.43909473684211,49.703094736842104,58.220848275862075,6.899473684210525,57.58537459165155,ok
2006-08,2006-10,2006,10,3,34.94195833333333,156.2402,19,-76.20842763157894,111.15038596491227,125.37820344827587,26.113835526315793,134.20632625529342,ok
2006-09,2006-11,2006,11,3,97.64283333333333,160.8529,19,-80.18005087719298,177.8228842105263,191.5885068965517,104.73896491228072,184.4923753176043,ok
2006-10,2006-12,2006,12,3,249.4706666666667,150.7779,19,37.675421052631584,211.7952456140351,199.18053448275867,232.97381578947366,215.6773853599517,ok
2006-11,2007-01,2007,1,3,333.78450000000004,243.8694,19,47.38050614035087,286.4039938596492,270.3687,302.4119429824561,301.74125701754394,ok
2006-12,2007-02,2007,2,3,301.855625,391.6001,19,71.86263771929823,229.99298728070175,221.64132000000004,295.1501798245614,228.3467651754386,ok
2007-01,2007-03,2007,3,3,305.4268333333334,144.3091,19,81.2593644736842,224.16746885964918,270.5137433333333,340.7941118421053,235.1464648245614,ok
2007-02,2007-04,2007,4,3,194.14083333333335,203.9629,19,-10.470939473684215,204.61177280701756,206.0582733333333,194.63419736842107,205.56490929824557,ok
2007-03,2007-05,2007,5,3,14.106208333333335,59.8926,19,-81.06424078947367,95.17044912280701,86.90770666666666,25.258585526315784,75.75532947368421,ok
2007-04,2007-06,2007,6,3,0.8638750000000001,0.6092,19,-5.263638157894737,6.127513157894737,7.618944827586206,1.4238618421052631,7.0589579854809426,ok
2007-05,2007-07,2007,7,3,1.3728333333333333,2.6528,19,-2.3759065789473683,3.7487399122807017,4.596499999999999,1.2687828947368418,4.7005504385964905,ok
2007-06,2007-08,2007,8,3,1.09375,1.474,19,-8.86601052631579,9.95976052631579,12.531741379310345,1.8138421052631575,11.811649274047188,ok
2007-07,2007-09,2007,9,3,2.44075,24.48,19,-45.79401315789474,48.23476315789474,59.895562068965525,7.100697368421051,55.235614700544474,ok
2007-08,2007-10,2007,10,3,20.936208333333333,90.3212,19,-78.9407039473684,99.87691228070173,127.65127241379312,26.850980263157897,121.73650048396856,ok
2007-09,2007-11,2007,11,3,74.80079166666667,140.1645,19,-80.06670131578947,154.86749298245616,192.3019,105.94117763157895,161.1615140350877,ok
2007-10,2007-12,2007,12,3,210.71195833333334,154.6319,19,39.91819517543861,170.79376315789472,199.04763793103453,235.01374780701755,174.74584845735032,ok
2007-11,2008-01,2008,1,3,311.55383333333333,277.9576,19,50.34465701754385,261.2091763157895,269.23242666666664,303.5819780701754,277.20428192982456,ok
2007-12,2008-02,2008,2,3,292.153,227.3554,19,63.72884429824561,228.42415570175442,227.11614333333333,295.6608442982456,223.60829903508775,ok
2008-01,2008-03,2008,3,3,313.79695833333335,291.7903,19,88.581,225.21595833333333,265.59770333333336,340.3535789473684,239.0410827192983,ok
2008-02,2008-04,2008,4,3,179.18283333333332,198.2004,19,-9.986965789473686,189.169799122807,206.25035666666665,195.4214605263158,190.01172947368417,ok
2008-03,2008-05,2008,5,3,19.440791666666666,156.4351,19,-76.26382412280702,95.70461578947369,83.68962333333333,24.977817982456134,78.15259701754385,ok
2008-04,2008-06,2008,6,3,1.7928333333333333,1.2231,19,-5.280220175438596,7.073053508771929,7.597775862068964,1.3749692982456139,8.015639897156683,ok
2008-05,2008-07,2008,7,3,0.6027083333333333,1.8809,19,-2.376,2.978708333333333,4.62311724137931,1.309315789473684,3.916509785238959,ok
2008-06,2008-08,2008,8,3,0.8704999999999999,10.0751,19,-8.40157105263158,9.27207105263158,12.23515172413793,1.8255921052631576,11.280059618874773,ok
2008-07,2008-09,2008,9,3,8.305208333333333,35.7506,19,-45.509479385964916,53.81468771929825,59.506920689655175,6.792041666666666,61.02008735632184,ok
2008-08,2008-10,2008,10,3,26.549625000000002,71.4708,19,-80.22827324561403,106.77789824561404,128.30128620689655,26.555537280701756,128.2953739261948,ok
2008-09,2008-11,2008,11,3,134.22241666666667,228.8043,19,-78.52890263157894,212.75131929824562,189.24535517241378,102.81372368421053,220.65404815486994,ok
2008-10,2008-12,2008,12,3,212.39720833333334,198.2564,19,42.12552412280703,170.2716842105263,197.54334482758625,234.92505043859646,175.01550272232313,ok
2008-11,2009-01,2009,1,3,320.4929583333333,176.1671,19,44.51678201754385,275.9761763157895,272.6254433333333,303.11149780701754,290.00690385964907,ok
2008-12,2009-02,2009,2,3,322.30804166666667,173.2144,19,59.292210526315785,263.0158311403509,228.92084333333335,294.0737368421053,257.1551481578947,ok
2009-01,2009-03,2009,3,3,347.5224166666667,237.6584,19,83.95692850877192,263.5654881578948,267.4021,338.5785548245614,276.3459618421053,ok
2009-02,2009-04,2009,4,3,193.71970833333333,291.4855,19,-5.842322368421055,199.5620307017544,203.14085333333333,194.65636184210527,202.20419982456139,ok
2009-03,2009-05,2009,5,3,39.193875,287.1656,19,-70.42290745614035,109.61678245614036,79.33194,23.938182017543856,94.58763298245614,ok
2009-04,2009-06,2009,6,3,2.6675833333333334,15.2435,19,-4.588343859649122,7.255927192982455,7.114313793103446,1.3289298245614034,8.452967301875375,ok
2009-05,2009-07,2009,7,3,3.470791666666667,2.7198,19,-2.4827991228070174,5.953590789473685,4.594189655172413,1.158364035087719,6.906617286751361,ok
2009-06,2009-08,2009,8,3,3.3034583333333334,15.226,19,-8.258521491228072,11.561979824561405,12.057534482758621,1.6975416666666665,13.663451149425288,ok
2009-07,2009-09,2009,9,3,18.284333333333333,49.6335,19,-45.30401754385966,63.588350877192994,59.02820000000001,6.266824561403507,71.04570877192984,ok
2009-08,2009-10,2009,10,3,45.70008333333334,145.1622,19,-77.35769736842104,123.05778070175438,125.76020344827586,25.547618421052633,145.91266836055655,ok
2009-09,2009-11,2009,11,3,116.11079166666667,129.9771,19,-82.77709078947369,198.88788245614035,192.65318965517238,103.76696710526316,204.9970142165759,ok
2009-10,2009-12,2009,12,3,231.29095833333335,238.1976,19,43.23328464912282,188.05767368421053,196.16606206896557,233.93064254385968,193.52637785843925,ok
2009-11,2010-01,2010,1,3,236.34645833333335,206.4191,19,50.53775570175437,185.80870263157897,271.6170433333333,307.54026096491225,200.4232407017544,ok
2009-12,2010-02,2010,2,3,246.03275,189.3031,19,64.15347324561402,181.87927675438596,228.38455333333334,298.088225877193,176.32907745614034,ok
2010-01,2010-03,2010,3,3,311.9778333333333,170.6808,19,82.30255921052631,229.675274122807,269.63468666666665,340.44932236842106,241.1631976315789,ok
2010-02,2010-04,2010,4,3,149.10483333333335,179.409,19,-9.39293421052632,158.49776754385965,206.87673666666666,197.00451315789473,158.97705684210527,ok
2010-03,2010-05,2010,5,3,32.65420833333334,36.5434,19,-83.26935657894738,115.92356491228071,87.68601333333332,24.282374999999995,96.05784666666666,ok
2010-04,2010-06,2010,6,3,1.101625,8.1085,19,-4.881451315789474,5.983076315789474,7.3603482758620675,1.4113486842105263,7.050624591651541,ok
2010-05,2010-07,2010,7,3,0.4129583333333333,1.8517,19,-2.36755,2.7805083333333336,4.624124137931034,1.3193026315789471,3.71777983968542,ok
2010-06,2010-08,2010,8,3,0.33487500000000003,1.1641,19,-8.842380263157894,9.177255263157894,12.542427586206896,1.853782894736842,11.023519691470055,ok
2010-07,2010-09,2010,9,3,1.1339166666666667,2.3148,19,-46.891821929824566,48.02573859649123,60.65987931034483,7.169478070175438,54.624317906836055,ok
2010-08,2010-10,2010,10,3,17.152958333333334,136.1532,19,-76.32937499999998,93.48233333333332,126.07085862068966,27.050098684210525,116.17371826981247,ok
2010-09,2010-11,2010,11,3,144.66604166666667,142.1422,19,-83.63973026315789,228.30577192982457,192.23370344827583,102.26405921052633,234.63568590441616,ok
2010-10,2010-12,2010,12,3,288.89887500000003,168.2896,19,36.521920614035096,252.37695438596495,198.57668275862073,230.89864692982457,256.5769108287962,ok
2010-11,2011-01,2011,1,3,345.29041666666666,274.405,19,48.382068421052615,296.90834824561404,269.35084666666665,301.80636842105264,312.8348949122807,ok
2010-12,2011-02,2011,2,3,333.80925,316.7195,19,66.23978377192981,267.5694662280702,224.13734000000002,293.4684100877193,264.4781799122808,ok
1991-01,1991-04,1991,4,4,253.46520833333332,214.6288,19,3.148719736842105,250.3164885964912,205.7027433333333,207.69249342105263,251.475458245614,ok
1991-02,1991-05,1991,5,4,22.72175,128.0413,19,-78.2991644736842,101.0209144736842,84.63608333333332,24.43688815789474,82.92094517543858,ok
1991-03,1991-06,1991,6,4,1.6847083333333333,0.7033,19,-5.267220614035089,6.951928947368422,7.615699999999998,1.415326754385965,7.885081578947366,ok
1991-04,1991-07,1991,7,4,1.06025,1.9531,19,-1.6714872807017545,2.731737280701754,4.620627586206896,2.01002850877193,3.670849077434966,ok
1991-05,1991-08,1991,8,4,1.8860833333333333,1.2135,19,-8.779267105263159,10.665350438596493,12.540724137931036,1.914296052631579,12.51251141863279,ok
1991-06,1991-09,1991,9,4,4.535958333333333,73.9762,19,-45.14205087719298,49.67800921052631,58.18879655172414,5.14759649122807,57.5771583938294,ok
1991-07,1991-10,1991,10,4,21.092458333333333,58.2752,19,-81.72336842105263,102.81582675438597,128.75630689655173,25.754947368421057,124.093817861464,ok
1991-08,1991-11,1991,11,4,111.88799999999999,141.8015,19,-73.51762236842106,185.40562236842106,192.24545172413795,112.40409868421054,191.7293530399274,ok
1991-09,1991-12,1991,12,4,263.53229166666665,139.2974,19,42.24590350877193,221.28638815789472,199.57641379310346,238.14853508771927,224.96017037205084,ok
1991-10,1992-01,1992,1,4,349.56475,307.6078,19,49.36656228070174,300.1981877192983,268.24408666666665,301.043346491228,316.76549017543863,ok
1991-11,1992-02,1992,2,4,275.3445,144.7331,19,85.67880219298245,189.66569780701752,229.87022000000005,321.9593442982456,183.25537570175445,ok
1991-12,1992-03,1992,3,4,326.7089583333333,155.372,19,108.80344254385965,217.90551578947367,270.14498,361.75611622807025,235.09782210526305,ok
1992-01,1992-04,1992,4,4,184.12908333333334,102.9542,19,0.9203789473684196,183.20870438596492,209.42522999999997,211.34176315789472,182.2125501754386,ok
1992-02,1992-05,1992,5,4,21.070166666666665,24.3743,19,-83.66839692982455,104.73856359649122,88.09164999999999,24.52381359649123,84.63800307017542,ok
1992-03,1992-06,1992,6,4,0.8855833333333334,1.0095,19,-5.209045614035088,6.094628947368422,7.605141379310343,1.457385964912281,7.033338747731396,ok
1992-04,1992-07,1992,7,4,1.7409999999999999,2.0289,19,-1.7033267543859651,3.444326754385965,4.618013793103447,1.9741995614035086,4.384814231699939,ok
1992-05,1992-08,1992,8,4,1.1271666666666667,13.0445,19,-8.116639912280702,9.243806578947368,12.132758620689655,1.9542390350877192,11.305686252268602,ok
1992-06,1992-09,1992,9,4,3.531625,135.5711,19,-41.847354385964906,45.378979385964904,56.06483448275863,5.2004561403508776,54.39600334240775,ok
1992-07,1992-10,1992,10,4,25.36675,62.0723,19,-81.74848377192983,107.11523377192982,128.62537241379312,25.529984649122806,128.4621377646703,ok
1992-08,1992-11,1992,11,4,95.26675,214.2915,19,-68.82755657894738,164.0943065789474,189.74579655172414,113.27890131578947,171.73364523593466,ok
1992-09,1992-12,1992,12,4,232.97616666666667,239.5717,19,49.131715350877194,183.84445131578948,196.11867931034487,239.75675219298242,189.33809378402913,ok
1992-10,1993-01,1993,1,4,266.67929166666664,121.8043,19,43.94982324561403,222.72946842105262,274.43753666666663,305.40573903508766,235.7110892982456,ok
1992-11,1993-02,1993,2,4,310.736125,307.8407,19,92.40069561403507,218.33542938596494,224.43330000000003,320.0966271929824,215.07279780701765,ok
1992-12,1993-03,1993,3,4,365.0771666666667,153.1779,19,106.6685842105263,258.4085824561404,270.2181166666667,359.73673684210536,275.558546491228,ok
1993-01,1993-04,1993,4,4,213.72116666666668,250.0943,19,7.107116666666666,206.61405000000002,204.52055999999996,209.7842850877193,208.45744157894734,ok
1993-02,1993-05,1993,5,4,23.279791666666668,95.5974,19,-80.03610877192982,103.31590043859649,85.71754666666665,24.40751754385965,84.58982078947366,ok
1993-03,1993-06,1993,6,4,3.045625,0.586,19,-5.345021491228071,8.39064649122807,7.619744827586205,1.343699561403509,9.321670266182696,ok
1993-04,1993-07,1993,7,4,4.508666666666667,1.8793,19,-1.8568671052631585,6.365533771929825,4.623172413793102,1.8285328947368422,7.303306185722927,ok
1993-05,1993-08,1993,8,4,3.6270416666666665,40.5665,19,-6.799685964912282,10.426727631578949,11.183724137931035,1.8226666666666669,12.988099137931036,ok
1993-06,1993-09,1993,9,4,5.043583333333333,56.4376,19,-46.09185219298246,51.13543552631579,58.79357586206897,5.120879385964912,58.71627980943739,ok
1993-07,1993-10,1993,10,4,23.770791666666668,126.1723,19,-78.29080175438598,102.06159342105265,126.41502758620692,25.61398245614035,124.57183679673324,ok
1993-08,1993-11,1993,11,4,119.54516666666666,225.9903,19,-69.48964166666667,189.03480833333333,189.34238965517244,112.0010899122807,196.8864664095584,ok
1993-09,1993-12,1993,12,4,243.4665,216.8044,19,47.381313596491225,196.08518640350877,196.90375862068967,239.2046293859649,201.16562923472478,ok
1993-10,1994-01,1994,1,4,364.1172916666667,330.218,19,49.790649561403505,314.3266421052632,267.49041333333327,300.277423245614,331.33028175438596,ok
1993-11,1994-02,1994,2,4,314.516125,306.4669,19,92.12944298245613,222.38668201754388,224.47909333333334,319.89767982456135,219.09753850877198,ok
1993-12,1994-03,1994,3,4,382.77695833333337,311.1998,19,114.05395833333331,268.72300000000007,264.95072,358.80516885964914,288.9225094736842,ok
1994-01,1994-04,1994,4,4,251.27270833333333,176.4476,19,1.2545776315789472,250.0181307017544,206.97544999999994,207.80788815789472,250.44027017543854,ok
1994-02,1994-05,1994,5,4,34.584875,50.2617,19,-83.01720263157894,117.60207763157894,87.22873666666665,23.812513157894738,98.0010985087719,ok
1994-03,1994-06,1994,6,4,1.7711666666666668,40.3001,19,-3.1877289473684214,4.958895614035088,6.250293103448275,1.4107763157894737,6.610683454325468,ok
1994-04,1994-07,1994,7,4,2.2097083333333334,1.843,19,-1.7377798245614036,3.947488157894737,4.624424137931034,1.949530701754386,4.884601769509981,ok
1994-05,1994-08,1994,8,4,0.9374583333333333,6.3765,19,-8.457602631578949,9.395060964912282,12.362689655172415,1.9642236842105263,11.335924304295222,ok
1994-06,1994-09,1994,9,4,6.134416666666667,57.4679,19,-46.095038157894734,52.2294548245614,58.75804827586207,5.0634671052631575,59.82899783726558,ok
1994-07,1994-10,1994,10,4,25.299666666666667,114.0829,19,-79.00755307017543,104.3072197368421,126.83190344827588,25.533515350877195,126.59805476406535,ok
1994-08,1994-11,1994,11,4,108.90724999999999,151.223,19,-72.86487236842106,181.77212236842104,191.9205724137931,112.5609802631579,188.2668421506352,ok
1994-09,1994-12,1994,12,4,243.96879166666668,200.9509,19,46.52048245614035,197.44830921052633,197.4504310344828,239.17819298245612,202.24102971869334,ok
1994-10,1995-01,1995,1,4,286.756125,156.6185,19,44.725474122807015,242.03065087719298,273.2770633333333,304.34906359649125,255.68412473684202,ok
1994-11,1995-02,1995,2,4,310.5950833333333,232.7107,19,88.45390833333332,222.141175,226.93763333333337,320.1040504385965,217.42866622807017,ok
1994-12,1995-03,1995,3,4,389.08229166666666,218.3206,19,108.8337197368421,280.24857192982455,268.04669333333334,358.47330921052634,298.65567578947366,ok
1995-01,1995-04,1995,4,4,210.08158333333333,255.6784,19,7.592573684210525,202.4890096491228,204.3344233333333,209.97584210526315,204.44016456140346,ok
1995-02,1995-05,1995,5,4,21.24866666666667,188.1476,19,-75.05814429824561,96.30681096491227,82.63253999999999,24.514418859649126,79.36678780701753,ok
1995-03,1995-06,1995,6,4,0.4859583333333333,0.5023,19,-5.214707456140352,5.700665789473685,7.622631034482757,1.478418859649123,6.630170508166968,ok
1995-04,1995-07,1995,7,4,0.44649999999999995,1.9521,19,-1.6392372807017546,2.0857372807017547,4.620662068965517,2.042331140350877,3.02483092861464,ok
1995-05,1995-08,1995,8,4,0.39066666666666666,1.2264,19,-8.69988201754386,9.090548684210527,12.540279310344829,1.9930021929824562,10.93794378402904,ok
1995-06,1995-09,1995,9,4,1.1772083333333334,24.8694,19,-47.54984298245614,48.727051315789474,59.88213448275862,5.324372807017543,55.73497000907442,ok
1995-07,1995-10,1995,10,4,23.313166666666664,82.7379,19,-80.55273728070175,103.86590394736841,127.9127655172414,25.63806798245614,125.58786420145192,ok
1995-08,1995-11,1995,11,4,127.116,247.2129,19,-68.77112763157896,195.88712763157895,188.61057586206897,111.60262500000002,204.12395086206897,ok
1995-09,1995-12,1995,12,4,259.2914583333333,191.1246,19,45.19685263157895,214.09460570175435,197.78926896551727,238.3717368421052,218.70899045674537,ok
1995-10,1996-01,1996,1,4,317.69170833333334,224.1528,19,46.65172236842105,271.03998596491226,271.0259199999999,302.720875,285.9967533333333,ok
1995-11,1996-02,1996,2,4,371.28820833333333,225.4247,19,84.8760596491228,286.41214868421054,227.18050000000002,316.9096754385964,281.5590328947369,ok
1995-12,1996-03,1996,3,4,408.40012499999995,302.7974,19,112.2631390350877,296.13698596491224,265.2308,357.4565811403509,316.174343859649,ok
1996-01,1996-04,1996,4,4,181.90429166666664,321.9434,19,12.563220614035085,169.34107105263155,202.12559,211.45885745614032,172.5710242105263,ok
1996-02,1996-05,1996,5,4,20.422791666666665,98.9982,19,-79.70675087719297,100.12954254385964,85.60418666666665,24.557885964912284,81.46909236842103,ok
1996-03,1996-06,1996,6,4,0.6587500000000001,0.4652,19,-5.225754385964913,5.884504385964913,7.623910344827586,1.4693245614035089,6.813335783424077,ok
1996-04,1996-07,1996,7,4,1.015625,1.9521,19,-1.6691912280701755,2.6848162280701757,4.620662068965517,2.012377192982456,3.623909875983061,ok
1996-05,1996-08,1996,8,4,1.4174166666666668,1.4883,19,-8.740137280701754,10.15755394736842,12.531248275862069,1.9389627192982455,12.00970222323049,ok
1996-06,1996-09,1996,9,4,4.633125,9.7369,19,-48.52818070175438,53.16130570175438,60.40394482758621,5.14248245614035,59.89458737144586,ok
1996-07,1996-10,1996,10,4,32.64304166666667,145.0933,19,-77.76192017543859,110.40496184210525,125.76257931034485,25.14702192982456,133.25859904718695,ok
1996-08,1996-11,1996,11,4,142.23600000000002,222.7092,19,-70.8565855263158,213.09258552631582,189.45553103448276,110.80683552631578,220.884695508167,ok
1996-09,1996-12,1996,12,4,252.68479166666668,130.1745,19,42.33667192982457,210.3481197368421,199.89099655172416,238.71945614035087,213.85633207803997,ok
1996-10,1997-01,1997,1,4,353.92825,403.2083,19,54.168509649122804,299.75974035087717,265.0574033333333,300.8136885964912,318.1719647368421,ok
1996-11,1997-02,1997,2,4,332.115875,180.4594,19,84.57116666666666,247.54470833333335,228.67934333333335,318.9713771929824,241.82384114035096,ok
1996-12,1997-03,1997,3,4,353.30325,452.1152,19,123.02180614035086,230.28144385964913,260.25354,360.3564166666667,253.2003733333333,ok
1997-01,1997-04,1997,4,4,227.18879166666667,290.1342,19,8.50565745614035,218.68313421052633,203.18589666666665,209.07546271929823,221.2992256140351,ok
1997-02,1997-05,1997,5,4,16.885125,68.9381,19,-81.10266842105263,97.98779342105263,86.60618999999998,24.744078947368422,78.74723605263156,ok
1997-03,1997-06,1997,6,4,1.3392083333333333,0.6576,19,-5.2514416666666675,6.590650000000001,7.617275862068964,1.4335109649122806,7.522973230490017,ok
1997-04,1997-07,1997,7,4,2.265541666666667,1.9683,19,-1.7341236842105265,3.9996653508771933,4.620103448275861,1.9465921052631578,4.9390530096793706,ok
1997-05,1997-08,1997,8,4,4.720833333333333,1.2265,19,-8.927780263157894,13.648613596491227,12.540275862068965,1.7650986842105265,15.496010511191772,ok
1997-06,1997-09,1997,9,4,5.356791666666666,47.0877,19,-46.60043684210526,51.95722850877193,59.11598620689656,5.104394736842104,59.36838313672112,ok
1997-07,1997-10,1997,10,4,23.369,98.1562,19,-79.74418640350878,103.11318640350878,127.38110000000003,25.635129385964913,125.11497061403512,ok
1997-08,1997-11,1997,11,4,102.40554166666668,75.7109,19,-76.49699824561404,178.9025399122807,194.5244379310345,112.90317543859649,184.0268041591047,ok
1997-09,1997-12,1997,12,4,247.01537499999998,199.815,19,46.30035175438597,200.71502324561402,197.4896,239.01784649122806,205.48712850877192,ok
1997-10,1998-01,1998,1,4,223.612875,347.458,19,58.09298728070175,165.51988771929825,266.9157466666666,307.6723925438596,182.85622912280704,ok
1997-11,1998-02,1998,2,4,239.45029166666666,127.8253,19,86.67808684210526,152.7722048245614,230.43381333333338,323.84851315789473,146.0355918421053,ok
1997-12,1998-03,1998,3,4,281.3100416666667,242.0988,19,115.75742763157893,165.55261403508774,267.25408666666664,364.14553289473685,184.41859543859647,ok
1998-01,1998-04,1998,4,4,168.70675,54.1047,19,-0.838945614035092,169.54569561403508,211.05354666666665,212.1534649122807,167.60683175438595,ok
1998-02,1998-05,1998,5,4,15.769083333333333,74.6596,19,-80.74279780701754,96.51188114035087,86.41547333333331,24.802817982456144,77.3817386842105,ok
1998-03,1998-06,1998,6,4,0.5723333333333334,16.0121,19,-4.402948245614034,4.975281578947367,7.087810344827584,1.4738728070175438,6.186270871143374,ok
1998-04,1998-07,1998,7,4,0.8928333333333334,3.3565,19,-1.588812719298246,2.4816460526315796,4.5722344827586205,2.018839912280702,3.446227903811252,ok
1998-05,1998-08,1998,8,4,0.5245416666666667,1.2501,19,-8.705680701754387,9.230222368421053,12.539462068965518,1.9859561403508774,11.078047595281307,ok
1998-06,1998-09,1998,9,4,3.596375,13.3474,19,-48.28358859649122,51.87996359649122,60.27944482758621,5.197048245614035,58.67877158197218,ok
1998-07,1998-10,1998,10,4,25.277375000000003,89.2952,19,-80.31099561403508,105.58837061403509,127.68665172413796,25.53468859649123,127.42933812764673,ok
1998-08,1998-11,1998,11,4,121.57554166666667,245.1679,19,-68.58715614035088,190.16269780701754,188.68109310344826,111.89422807017546,198.36240669993947,ok
1998-09,1998-12,1998,12,4,253.41004166666667,138.7974,19,42.75233771929825,210.65770394736842,199.5936551724138,238.6812850877193,214.3224117513612,ok
1998-10,1999-01,1999,1,4,327.26704166666667,215.817,19,45.70903114035087,281.5580105263158,271.30377999999996,302.21691008771927,296.35391157894736,ok
1998-11,1999-02,1999,2,4,351.4493333333333,131.3784,19,80.97040570175437,270.4789276315789,230.31537666666665,317.95382675438594,263.81088324561404,ok
1998-12,1999-03,1999,3,4,370.400375,283.9542,19,113.27137850877192,257.12899649122807,265.85890666666666,359.45656798245614,276.8027136842105,ok
1999-01,1999-04,1999,4,4,203.97958333333335,162.6196,19,3.0158999999999967,200.96368333333336,207.4363833333333,210.297,201.11896666666667,ok
1999-02,1999-05,1999,5,4,29.149958333333334,177.0923,19,-76.0558596491228,105.20581798245613,83.00104999999999,24.098561403508775,88.05244692982455,ok
1999-03,1999-06,1999,6,4,1.998,0.6859,19,-5.284625438596492,7.282625438596492,7.616299999999998,1.3988377192982455,8.215462280701752,ok
1999-04,1999-07,1999,7,4,4.129208333333334,1.9885,19,-1.8311482456140356,5.960356578947369,4.619406896551724,1.8485043859649124,6.900110843920145,ok
1999-05,1999-08,1999,8,4,1.227625,1.2624,19,-8.742037719298246,9.969662719298245,12.539037931034484,1.9489517543859647,11.817711176648519,ok
1999-06,1999-09,1999,9,4,2.9592500000000004,72.5879,19,-45.132134649122804,48.0913846491228,58.23666896551725,5.230581140350876,55.96533782516637,ok
1999-07,1999-10,1999,10,4,25.444791666666664,112.4277,19,-79.10230701754385,104.54709868421051,126.88897931034485,25.525877192982456,126.80789378402906,ok
1999-08,1999-11,1999,11,4,107.68675,349.1067,19,-62.385703947368434,170.07245394736844,185.09699655172415,112.62521710526316,180.158529446461,ok
1999-09,1999-12,1999,12,4,282.71616666666665,242.5365,19,46.66986271929825,236.04630394736841,196.0164448275862,237.13885745614033,241.59375403811254,ok
1999-10,2000-01,2000,1,4,288.5195,260.085,19,50.07827017543858,238.44122982456142,269.8281799999999,304.2562543859649,254.09142561403502,ok
1999-11,2000-02,2000,2,4,369.27325,271.7656,19,87.4211048245614,281.85214517543864,225.63580333333337,317.015725877193,277.89332745614036,ok
1999-12,2000-03,2000,3,4,384.1718333333333,185.8099,19,107.38107543859648,276.7907578947368,269.1303833333333,358.7317543859649,294.57046228070175,ok
2000-01,2000-04,2000,4,4,222.06949999999998,184.1135,19,3.1950570175438586,218.87444298245612,206.71992,209.34489912280702,219.44452087719296,ok
2000-02,2000-05,2000,5,4,20.434,53.6399,19,-82.0946197368421,102.5286197368421,87.11612999999997,24.55729605263158,82.99283394736838,ok
2000-03,2000-06,2000,6,4,0.7019166666666666,4.8153,19,-4.999073684210527,5.700990350877193,7.473906896551722,1.4670526315789474,6.7087709316394415,ok
2000-04,2000-07,2000,7,4,2.299,10.0203,19,-1.3120951754385966,3.6110951754385967,4.342448275862069,1.9448311403508771,4.696617135511192,ok
2000-05,2000-08,2000,8,4,3.0355416666666666,7.9948,19,-8.482854385964913,11.51839605263158,12.306886206896552,1.8537982456140352,13.488629627949184,ok
2000-06,2000-09,2000,9,4,3.877125,123.9327,19,-42.47808596491228,46.35521096491228,56.46615862068967,5.1822719298245605,55.16101169086511,ok
2000-07,2000-10,2000,10,4,21.516541666666665,86.4072,19,-80.26505701754385,101.78159868421052,127.7862379310345,25.73262719298246,123.57015240471871,ok
2000-08,2000-11,2000,11,4,108.78837499999999,192.5216,19,-70.68500526315789,179.47338026315788,190.4964827586207,112.56723684210527,186.7176209165154,ok
2000-09,2000-12,2000,12,4,241.915375,222.6176,19,47.76890964912281,194.1464653508772,196.70330344827588,239.28626754385962,199.33241090441626,ok
2000-10,2001-01,2001,1,4,313.2500416666667,192.5309,19,45.221183771929816,268.02885789473686,272.0799833333333,302.95464692982455,282.37537807017543,ok
2000-11,2001-02,2001,2,4,313.2762916666667,153.1069,19,84.12311842105262,229.15317324561406,229.59109333333336,319.9629342105263,222.9044507894737,ok
2000-12,2001-03,2001,3,4,338.449375,249.1479,19,113.12109956140351,225.32827543859645,267.01911666666666,361.13819956140355,244.33029210526308,ok
2001-01,2001-04,2001,4,4,211.36666666666667,196.9268,19,4.432748245614032,206.93391842105265,206.29280999999995,209.90820614035087,207.75127052631575,ok
2001-02,2001-05,2001,5,4,32.43091666666667,140.175,19,-78.17155745614033,110.602474122807,84.23162666666664,23.92587938596491,92.7366639473684,ok
2001-03,2001-06,2001,6,4,2.1058749999999997,5.0237,19,-5.061997807017545,7.167872807017545,7.466720689655171,1.3931600877192982,8.179435601935872,ok
2001-04,2001-07,2001,7,4,2.499916666666667,2.3266,19,-1.7276013157894738,4.227517982456141,4.607748275862068,1.9342565789473685,5.173408363581367,ok
2001-05,2001-08,2001,8,4,1.5177500000000002,7.2041,19,-8.444586403508772,9.962336403508772,12.334151724137932,1.9336820175438596,11.918219706594073,ok
2001-06,2001-09,2001,9,4,8.564375,33.0017,19,-47.51062543859649,56.07500043859649,59.6017103448276,4.935574561403508,63.230510783424094,ok
2001-07,2001-10,2001,10,4,51.07941666666667,130.0808,19,-79.52238728070175,130.6018039473684,126.28025172413795,24.17668640350877,153.18298198729585,ok
2001-08,2001-11,2001,11,4,103.345125,196.3446,19,-70.19730789473685,173.54243289473686,190.3646551724138,112.85372368421052,180.85605648820325,ok
2001-09,2001-12,2001,12,4,245.68741666666665,209.0467,19,46.85612324561404,198.8312934210526,197.1712655172414,239.0877390350877,203.77094314882035,ok
2001-10,2002-01,2002,1,4,287.83875,368.8524,19,55.838699122807,232.00005087719302,266.20259999999996,304.29208333333327,249.7492666666667,ok
2001-11,2002-02,2002,2,4,287.79408333333333,190.9456,19,87.45579780701755,200.3382855263158,228.32980333333336,321.3041030701754,194.81978359649128,ok
2001-12,2002-03,2002,3,4,372.208375,178.8799,19,107.64599429824561,264.56238070175436,269.3613833333333,359.3614100877193,282.208348245614,ok
2002-01,2002-04,2002,4,4,204.336,124.7968,19,1.006467543859649,203.32953245614036,208.69714333333332,210.27824122807016,202.75490210526317,ok
2002-02,2002-05,2002,5,4,30.7235,103.8934,19,-79.99125131578947,110.71475131578947,85.44101333333332,24.015743421052633,92.14876991228068,ok
2002-03,2002-06,2002,6,4,0.76675,6.7952,19,-4.898280701754387,5.665030701754387,7.40563448275862,1.463640350877193,6.708744131881427,ok
2002-04,2002-07,2002,7,4,1.3504166666666668,2.1991,19,-1.6738118421052632,3.0242285087719303,4.6121448275862065,1.9947565789473687,3.9678049153055044,ok
2002-05,2002-08,2002,8,4,3.448625,1.0971,19,-8.867632456140353,12.316257456140352,12.544737931034485,1.8320570175438597,14.161305913490624,ok
2002-06,2002-09,2002,9,4,10.961958333333333,67.2486,19,-45.83434561403508,56.796303947368415,58.420782758620696,4.80938596491228,64.57335512704175,ok
2002-07,2002-10,2002,10,4,36.705333333333336,93.122,19,-80.71105657894736,117.41638991228069,127.55469310344829,24.933217105263157,139.32680933151846,ok
2002-08,2002-11,2002,11,4,96.50879166666665,141.559,19,-72.72095350877193,169.22974517543858,192.25381379310346,113.2135307017544,175.5490747580157,ok
2002-09,2002-12,2002,12,4,187.56608333333335,198.8721,19,49.37963552631579,138.18644780701757,197.5221137931035,242.14675657894736,142.9414405474895,ok
2002-10,2003-01,2003,1,4,249.63804166666668,226.3735,19,50.35037324561402,199.28766842105267,270.95189666666664,306.30264692982456,214.28729140350876,ok
2002-11,2003-02,2003,2,4,277.8147916666667,242.0345,19,90.66991315789471,187.14487850877197,226.62684000000002,321.8293289473684,182.61230271929827,ok
2002-12,2003-03,2003,3,4,351.58466666666664,210.3821,19,110.38946315789474,241.1952035087719,268.31131,360.4468684210526,259.449108245614,ok
2003-01,2003-04,2003,4,4,220.44958333333332,166.9079,19,2.374757894736843,218.0748254385965,207.29343999999998,209.43015789473682,218.31286543859648,ok
2003-02,2003-05,2003,5,4,36.973,100.5299,19,-80.49719868421052,117.47019868421052,85.55312999999998,23.68682236842105,98.83930763157893,ok
2003-03,2003-06,2003,6,4,2.2139583333333333,12.2745,19,-4.686065350877193,6.9000236842105265,7.216693103448276,1.3874714912280701,8.04317994555354,ok
2003-04,2003-07,2003,7,4,0.50225,1.88,19,-1.6459662280701755,2.1482162280701753,4.623148275862068,2.0393969298245613,3.0860013460375066,ok
2003-05,2003-08,2003,8,4,0.6697083333333333,33.5851,19,-7.011478947368422,7.681187280701756,11.424462068965518,1.9783157894736838,10.115854612825167,ok
2003-06,2003-09,2003,9,4,5.151708333333334,34.1644,19,-47.269816666666664,52.421524999999995,59.561617241379324,5.115188596491227,59.59813697822143,ok
2003-07,2003-10,2003,10,4,15.713375,102.8612,19,-79.09362719298244,94.80700219298244,127.21885862068967,26.03805701754386,116.89417660314581,ok
2003-08,2003-11,2003,11,4,104.81400000000001,171.1685,19,-71.599675,176.413675,191.23279655172416,112.77641447368421,183.27038207803997,ok
2003-09,2003-12,2003,12,4,234.09220833333333,191.1895,19,46.526544736842105,187.56566359649122,197.7870310344828,239.69801315789474,192.1812262099214,ok
2003-10,2004-01,2004,1,4,297.03445833333336,330.2411,19,53.32254078947367,243.7119175438597,267.4896433333333,303.8080986842105,260.71600298245613,ok
2003-11,2004-02,2004,2,4,328.317125,337.9902,19,93.06219561403509,235.25492938596489,223.42831666666672,319.1713114035088,232.57413026315788,ok
2003-12,2004-03,2004,3,4,388.24525,263.3091,19,111.24559035087721,276.9996596491228,266.54707666666667,358.5173640350878,296.2749626315789,ok
2004-01,2004-04,2004,4,4,228.73325,153.5851,19,1.2375754385964886,227.49567456140352,207.73753333333332,208.99417543859647,227.47660789473684,ok
2004-02,2004-05,2004,5,4,23.893583333333336,29.0041,19,-83.57332412280702,107.46690745614036,87.93732333333332,24.375212719298244,87.45569394736842,ok
2004-03,2004-06,2004,6,4,0.626375,11.5046,19,-4.643029385964913,5.269404385964913,7.2432413793103425,1.47102850877193,6.398587870538413,ok
2004-04,2004-07,2004,7,4,3.5266249999999997,24.0552,19,-0.6380280701754387,4.164653070175438,3.8584862068965515,1.880219298245614,5.504891908650937,ok
2004-05,2004-08,2004,8,4,0.7700833333333333,45.2683,19,-6.401856578947367,7.1719399122807,11.021593103448277,1.9730328947368418,9.818643542044768,ok
2004-06,2004-09,2004,9,4,5.810333333333333,24.8521,19,-47.79460219298245,53.604935526315785,59.88273103448276,5.080524122807017,60.61254024500908,ok
2004-07,2004-10,2004,10,4,21.85129166666667,156.836,19,-76.57589649122808,98.42718815789475,125.35765862068966,25.715008771929828,121.4939415154265,ok
2004-08,2004-11,2004,11,4,109.25279166666667,135.0896,19,-73.7321850877193,182.98497675438597,192.47689655172414,112.54279385964912,189.18689435874168,ok
2004-09,2004-12,2004,12,4,220.38775,159.7892,19,45.595184649122814,174.7925653508772,198.86980000000003,240.41930043859645,178.8382495614036,ok
2004-10,2005-01,2005,1,4,343.17008333333337,258.8253,19,47.13562368421051,296.0344596491229,269.87017,301.3799078947368,311.66034543859655,ok
2004-11,2005-02,2005,2,4,317.1270416666667,252.3165,19,89.14200526315788,227.9850364035088,226.28410666666667,319.76026315789477,223.6508851754386,ok
2004-12,2005-03,2005,3,4,365.36720833333334,402.6636,19,119.7841451754386,245.58306315789474,261.90192666666667,359.7214714912281,267.5476635087719,ok
2005-01,2005-04,2005,4,4,191.38683333333333,143.7686,19,2.6865184210526296,188.7003149122807,208.06474999999995,210.95977631578947,188.4918070175438,ok
2005-02,2005-05,2005,5,4,25.880041666666667,73.4273,19,-81.33981140350876,107.21985307017543,86.45654999999998,24.270662280701753,88.06592938596489,ok
2005-03,2005-06,2005,6,4,1.382375,0.5479,19,-5.259487280701755,6.641862280701755,7.621058620689654,1.4312390350877193,7.572194585601935,ok
2005-04,2005-07,2005,7,4,0.29016666666666663,1.8672,19,-1.6354776315789474,1.9256442982456141,4.623589655172413,2.0505592105263157,2.863197111312764,ok
2005-05,2005-08,2005,8,4,0.7701250000000001,1.159,19,-8.723400877192983,9.493525877192983,12.542603448275862,1.973030701754386,11.339697746521477,ok
2005-06,2005-09,2005,9,4,2.689083333333333,69.9723,19,-45.255578508771926,47.94466184210526,58.326862068965525,5.24480043859649,55.77114496370237,ok
2005-07,2005-10,2005,10,4,18.313541666666666,43.3954,19,-82.36025701754386,100.67379868421052,129.26940344827588,25.90120614035088,121.68173897459167,ok
2005-08,2005-11,2005,11,4,105.94804166666667,162.476,19,-72.11686140350878,178.06490307017543,191.53253793103448,112.71672807017546,184.76385152752567,ok
2005-09,2005-12,2005,12,4,214.13808333333336,270.7065,19,51.761867105263164,162.37621622807018,195.04506551724143,240.74823026315784,168.43491858741695,ok
2005-10,2006-01,2006,1,4,303.79754166666663,166.8556,19,44.367352192982445,259.4301894736842,272.9358266666666,303.45214692982455,273.2812214035087,ok
2005-11,2006-02,2006,2,4,333.3557083333333,230.8724,19,87.15922807017543,246.1964802631579,226.99891,318.90612280701754,241.44849552631578,ok
2005-12,2006-03,2006,3,4,348.41520833333334,267.8005,19,113.57829780701755,234.8369105263158,266.3973633333333,360.61368201754385,254.1988896491228,ok
2006-01,2006-04,2006,4,4,199.7891666666667,429.1988,19,17.266932456140353,182.52223421052634,198.55040999999997,210.51754824561402,187.82202842105264,ok
2006-02,2006-05,2006,5,4,26.359958333333335,133.2095,19,-78.21863859649122,104.57859692982456,84.46380999999998,24.24540350877193,86.57836482456139,ok
2006-03,2006-06,2006,6,4,3.121166666666667,0.6042,19,-5.348039473684211,8.469206140350877,7.619117241379309,1.3397236842105265,9.400560223835448,ok
2006-04,2006-07,2006,7,4,1.8525833333333335,1.5265,19,-1.7356416666666665,3.588225,4.635337931034482,1.968326754385965,4.51959450998185,ok
2006-05,2006-08,2006,8,4,1.919625,12.4889,19,-8.187590350877192,10.107215350877192,12.15191724137931,1.9125307017543858,12.159011539624924,ok
2006-06,2006-09,2006,9,4,8.499583333333334,73.0467,19,-45.39958377192983,53.89916710526316,58.220848275862075,4.938984649122807,61.7814469600726,ok
2006-07,2006-10,2006,10,4,19.831416666666666,156.2402,19,-76.50094517543859,96.33236184210526,125.37820344827587,25.82131798245614,119.38830213248639,ok
2006-08,2006-11,2006,11,4,94.15429166666667,160.8529,19,-71.58156403508772,165.7358557017544,191.5885068965517,113.33745175438598,172.4053468088324,ok
2006-09,2006-12,2006,12,4,235.72154166666667,150.7779,19,44.31386403508772,191.40767763157896,199.18053448275867,239.61225877192982,195.28981737749552,ok
2006-10,2007-01,2007,1,4,305.929125,243.8694,19,48.308521491228056,257.6206035087719,270.3687,303.3399583333333,272.9578666666667,ok
2006-11,2007-02,2007,2,4,329.55558333333335,391.6001,19,95.81858728070176,233.73699605263158,221.64132000000004,319.1061293859649,232.0907739473685,ok
2006-12,2007-03,2007,3,4,324.27620833333333,144.3091,19,108.34922412280702,215.9269842105263,270.5137433333333,361.88415570175437,232.90579596491227,ok
2007-01,2007-04,2007,4,4,180.79204166666668,203.9629,19,6.412260087719297,174.3797815789474,206.0582733333333,211.51739692982454,175.33291807017542,ok
2007-02,2007-05,2007,5,4,21.382583333333333,59.8926,19,-81.81545570175439,103.19803903508772,86.90770666666666,24.507370614035086,83.7829193859649,ok
2007-03,2007-06,2007,6,4,0.6910833333333333,0.6092,19,-5.219877192982456,5.910960526315789,7.618944827586206,1.4676228070175439,6.842405353901995,ok
2007-04,2007-07,2007,7,4,2.4887916666666667,2.6528,19,-1.709847368421053,4.198639035087719,4.596499999999999,1.934842105263158,5.150449561403508,ok
2007-05,2007-08,2007,8,4,1.049125,1.474,19,-8.721506140350877,9.770631140350877,12.531741379310345,1.95834649122807,11.622519888082275,ok
2007-06,2007-09,2007,9,4,3.2722916666666664,24.48,19,-47.680605263157894,50.95289692982456,59.895562068965525,5.214105263157895,57.953748472474295,ok
2007-07,2007-10,2007,10,4,22.096833333333333,90.3212,19,-80.08959868421053,102.18643201754386,127.65127241379312,25.702085526315795,124.04602022081066,ok
2007-08,2007-11,2007,11,4,114.17762499999999,140.1645,19,-73.72428684210527,187.90191184210528,192.3019,112.28359210526315,194.1959328947368,ok
2007-09,2007-12,2007,12,4,187.30949999999999,154.6319,19,47.064708333333336,140.24479166666666,199.04763793103453,242.16026096491225,144.19687696612226,ok
2007-10,2008-01,2008,1,4,271.90225,277.9576,19,51.893525438596484,220.00872456140348,269.23242666666664,305.130846491228,236.00383017543862,ok
2007-11,2008-02,2008,2,4,376.873625,227.3554,19,84.68370614035086,292.18991885964914,227.11614333333333,316.6157061403509,287.3740621929825,ok
2007-12,2008-03,2008,3,4,408.2998333333333,291.7903,19,111.68909649122809,296.6107368421052,265.59770333333336,357.4618596491228,316.43567701754387,ok
2008-01,2008-04,2008,4,4,234.54366666666667,198.2004,19,3.2799377192982453,231.26372894736843,206.25035666666665,208.68836403508772,232.1056592982456,ok
2008-02,2008-05,2008,5,4,19.18404166666667,156.4351,19,-76.61855877192983,95.8026004385965,83.68962333333333,24.62308333333333,78.25058166666668,ok
2008-03,2008-06,2008,6,4,1.2959583333333333,1.2231,19,-5.2194021929824554,6.5153605263157885,7.597775862068964,1.4357872807017542,7.4579469147005435,ok
2008-04,2008-07,2008,7,4,2.8347916666666664,1.8809,19,-1.768684210526316,4.603475877192983,4.62311724137931,1.9166315789473682,5.541277329098608,ok
2008-05,2008-08,2008,8,4,2.589125,10.0751,19,-8.349869298245613,10.938994298245614,12.23515172413793,1.8772938596491227,12.946982864488808,ok
2008-06,2008-09,2008,9,4,8.985541666666666,35.7506,19,-47.388113157894736,56.3736548245614,59.506920689655175,4.913407894736842,63.579054461585,ok
2008-07,2008-10,2008,10,4,22.78879166666667,71.4708,19,-81.11814385964912,103.90693552631579,128.30128620689655,25.66566666666667,125.42441120689655,ok
2008-08,2008-11,2008,11,4,160.82279166666666,228.8043,19,-71.51404298245616,232.3368346491228,189.24535517241378,109.82858333333333,240.23956350574713,ok
2008-09,2008-12,2008,12,4,255.36320833333332,198.2564,19,45.77896052631579,209.58424780701753,197.54334482758625,238.57848684210526,214.3280663188143,ok
2008-10,2009-01,2009,1,4,310.538125,176.1671,19,44.502663596491224,266.03546140350875,272.6254433333333,303.09737938596487,280.0661889473684,ok
2008-11,2009-02,2009,2,4,328.59791666666666,173.2144,19,84.37500657894736,244.2229100877193,228.92084333333335,319.1565328947369,238.3622271052631,ok
2008-12,2009-03,2009,3,4,372.8890833333333,237.6584,19,110.70377280701757,262.18531052631573,267.4021,359.3255833333334,280.96559999999994,ok
2009-01,2009-04,2009,4,4,230.18041666666667,291.4855,19,8.419324561403508,221.76109210526317,203.14085333333333,208.9180087719298,224.4032612280702,ok
2009-02,2009-05,2009,5,4,24.485041666666664,287.1656,19,-70.01700614035087,94.50204780701753,79.33194,24.34408333333333,79.47289833333333,ok
2009-03,2009-06,2009,6,4,2.030375,15.2435,19,-4.520139912280701,6.5505149122807005,7.114313793103446,1.3971337719298245,7.747555021173621,ok
2009-04,2009-07,2009,7,4,2.4440833333333334,2.7198,19,-1.7039679824561407,4.148051315789474,4.594189655172413,1.9371951754385965,5.10107781306715,ok
2009-05,2009-08,2009,8,4,6.472874999999999,15.226,19,-8.283177192982455,14.756052192982455,12.057534482758621,1.6728859649122807,16.85752351784634,ok
2009-06,2009-09,2009,9,4,6.512416666666667,49.6335,19,-46.5272697368421,53.03968640350877,59.02820000000001,5.043572368421052,60.497044298245626,ok
2009-07,2009-10,2009,10,4,39.461625,145.1622,19,-78.11716666666665,117.57879166666665,125.76020344827586,24.78814912280702,140.43367932546883,ok
2009-08,2009-11,2009,11,4,106.56354166666667,129.9771,19,-73.85972456140352,180.4232662280702,192.65318965517238,112.68433333333333,186.53239798850572,ok
2009-09,2009-12,2009,12,4,240.72124999999997,238.1976,19,48.65175833333333,192.06949166666664,196.16606206896557,239.3491162280702,197.53819584089536,ok
2009-10,2010-01,2010,1,4,277.5939583333333,206.4191,19,47.82877763157894,229.7651807017544,271.6170433333333,304.83128289473683,244.3797187719298,ok
2009-11,2010-02,2010,2,4,266.32366666666667,189.3031,19,88.49937236842105,177.8242942982456,228.38455333333334,322.43412500000005,172.27409499999996,ok
2009-12,2010-03,2010,3,4,320.8053333333333,170.6808,19,109.91988596491228,210.885447368421,269.63468666666665,362.06683333333336,228.37318666666658,ok
2010-01,2010-04,2010,4,4,181.52629166666668,179.409,19,5.0813048245614025,176.44498684210527,206.87673666666666,211.47875219298243,176.9242761403509,ok
2010-02,2010-05,2010,5,4,20.14375,36.5434,19,-82.9791592105263,103.1229092105263,87.68601333333332,24.57257236842105,83.25719096491227,ok
2010-03,2010-06,2010,6,4,1.19875,8.1085,19,-4.85189649122807,6.05064649122807,7.3603482758620675,1.4409035087719297,7.118194767090138,ok
2010-04,2010-07,2010,7,4,0.8928333333333334,1.8517,19,-1.668012719298246,2.5608460526315793,4.624124137931034,2.0188399122807015,3.4981175589836657,ok
2010-05,2010-08,2010,8,4,0.1562916666666667,1.1641,19,-8.690825438596491,8.847117105263157,12.542427586206896,2.0053377192982453,10.693381533575318,ok
2010-06,2010-09,2010,9,4,1.0475416666666666,2.3148,19,-48.730102631578944,49.77764429824561,60.65987931034483,5.331197368421052,56.37622360859044,ok
2010-07,2010-10,2010,10,4,15.50125,136.1532,19,-77.33025219298244,92.83150219298244,126.07085862068966,26.04922149122807,115.5228871294616,ok
2010-08,2010-11,2010,11,4,106.56349999999999,142.1422,19,-73.21945394736844,179.7829539473684,192.23370344827583,112.68433552631579,186.11286792196003,ok
2010-09,2010-12,2010,12,4,246.39045833333333,168.2896,19,44.67401052631579,201.71644780701754,198.57668275862073,239.05073684210527,205.9164042498488,ok
2010-10,2011-01,2011,1,4,330.559125,274.405,19,48.61934254385964,281.93978245614034,269.35084666666665,302.0436425438596,297.86632912280703,ok
2010-11,2011-02,2011,2,4,358.76741666666663,316.7195,19,90.34003815789474,268.4273785087719,224.13734000000002,317.56866447368424,265.3360921929824,ok
2010-12,2011-03,2011,3,4,348.303625,240.0053,19,112.1212653508772,236.18235964912282,267.32387,360.6195548245614,255.0079401754386,ok
1991-01,1991-05,1991,5,5,24.127916666666668,128.0413,19,-78.06480043859648,102.19271710526314,84.63608333333332,24.671252192982454,84.09274780701753,ok
1991-02,1991-06,1991,6,5,1.112375,0.7033,19,-5.715698684210526,6.828073684210526,7.615699999999998,0.9668486842105264,7.761226315789472,ok
1991-03,1991-07,1991,7,5,1.808,1.9531,19,-2.33345,4.14145,4.620627586206896,1.3480657894736845,5.080561796733212,ok
1991-04,1991-08,1991,8,5,2.9909166666666667,1.2135,19,-7.850626754385965,10.841543421052632,12.540724137931036,2.842936403508772,12.68870440108893,ok
1991-05,1991-09,1991,9,5,7.419583333333333,73.9762,19,-44.63783377192982,52.057417105263156,58.18879655172414,5.651813596491227,59.95656628856624,ok
1991-06,1991-10,1991,10,5,23.369041666666664,58.2752,19,-83.36741666666666,106.73645833333332,128.75630689655173,24.11089912280702,128.01444944041137,ok
1991-07,1991-11,1991,11,5,140.81054166666667,141.8015,19,-68.14374078947368,208.95428245614033,192.24545172413795,117.7779802631579,215.27801312764672,ok
1991-08,1991-12,1991,12,5,237.35079166666665,139.2974,19,61.04991666666666,176.300875,199.57641379310346,256.95254824561397,179.97465721415614,ok
1991-09,1992-01,1992,1,5,302.31325,307.6078,19,61.79588245614034,240.51736754385965,268.24408666666665,313.47266666666667,257.08466999999996,ok
1991-10,1992-02,1992,2,5,309.024,144.7331,19,83.3176004385965,225.7063995614035,229.87022000000005,319.59814254385964,219.2960774561404,ok
1991-11,1992-03,1992,3,5,379.797125,155.372,19,124.14253903508772,255.65458596491226,270.14498,377.0952127192983,272.8468922807017,ok
1991-12,1992-04,1992,4,5,188.09275,102.9542,19,14.441494298245612,173.6512557017544,209.42522999999997,225.15327850877193,172.36470149122803,ok
1992-01,1992-05,1992,5,5,25.601125,24.3743,19,-83.5984956140351,109.1996206140351,88.09164999999999,24.5937149122807,89.0990600877193,ok
1992-02,1992-06,1992,6,5,0.9179583333333334,1.0095,19,-5.689350438596493,6.6073087719298265,7.605141379310343,0.9770811403508772,7.546018572292799,ok
1992-03,1992-07,1992,7,5,0.6138333333333333,2.0289,19,-2.266609649122807,2.8804429824561404,4.618013793103447,1.4109166666666668,3.8209304597701137,ok
1992-04,1992-08,1992,8,5,0.904,13.0445,19,-7.118104824561403,8.022104824561403,12.132758620689655,2.9527741228070177,10.083984497882637,ok
1992-05,1992-09,1992,9,5,2.5920416666666664,135.5711,19,-41.141915789473686,43.73395745614035,56.06483448275863,5.905894736842105,52.75098141258319,ok
1992-06,1992-10,1992,10,5,21.449541666666665,62.0723,19,-83.06654298245614,104.5160846491228,128.62537241379312,24.21192543859649,125.8629886418633,ok
1992-07,1992-11,1992,11,5,112.63329166666666,214.2915,19,-62.845464473684196,175.47875614035087,189.74579655172414,119.26099342105262,183.1180947973382,ok
1992-08,1992-12,1992,12,5,219.33866666666665,239.5717,19,67.27551798245614,152.06314868421052,196.11867931034487,257.90055482456137,157.55679115245016,ok
1992-09,1993-01,1993,1,5,288.19575000000003,121.8043,19,52.759777192982455,235.43597280701758,274.43753666666663,314.2156929824561,248.41759368421054,ok
1992-10,1993-02,1993,2,5,323.51754166666666,307.8407,19,91.13939298245614,232.37814868421052,224.43330000000003,318.8353245614035,229.11551710526317,ok
1992-11,1993-03,1993,3,5,383.87058333333334,153.1779,19,123.81266754385967,260.05791578947367,270.2181166666667,376.8808201754386,277.2078798245614,ok
1992-12,1993-04,1993,4,5,239.88958333333335,250.0943,19,19.459560964912278,220.43002236842108,204.52055999999996,222.42712938596492,221.9830139473684,ok
1993-01,1993-05,1993,5,5,18.570208333333333,95.5974,19,-79.47986315789474,98.05007149122807,85.71754666666665,24.96376315789474,79.32399184210524,ok
1993-02,1993-06,1993,6,5,1.889916666666667,0.586,19,-5.762795614035088,7.652712280701755,7.619744827586205,0.9259254385964912,8.58373605565638,ok
1993-03,1993-07,1993,7,5,1.607125,1.8793,19,-2.3267618421052627,3.9338868421052626,4.623172413793102,1.3586381578947369,4.871659255898365,ok
1993-04,1993-08,1993,8,5,4.743,40.5665,19,-5.871631140350877,10.614631140350877,11.183724137931035,2.7507214912280706,13.176002646702965,ok
1993-05,1993-09,1993,9,5,5.713166666666666,56.4376,19,-45.47110657894737,51.18427324561404,58.79357586206897,5.741625,58.76511752873564,ok
1993-06,1993-10,1993,10,5,19.541291666666666,126.1723,19,-79.59242456140349,99.13371622807016,126.41502758620692,24.312359649122804,121.64395960375077,ok
1993-07,1993-11,1993,11,5,119.95566666666667,225.9903,19,-62.61512631578946,182.57079298245614,189.34238965517244,118.8756052631579,190.42245105868122,ok
1993-08,1993-12,1993,12,5,269.77074999999996,216.8044,19,63.42291885964912,206.34783114035085,196.90375862068967,255.24623464912278,211.42827397156685,ok
1993-09,1994-01,1994,1,5,341.08320833333335,330.218,19,60.945368859649115,280.1378394736842,267.49041333333327,311.43214254385964,297.14147912280697,ok
1993-10,1994-02,1994,2,5,352.16491666666667,306.4669,19,89.55933114035088,262.6055855263158,224.47909333333334,317.3275679824562,259.31644201754386,ok
1993-11,1994-03,1994,3,5,454.9373333333333,311.1998,19,128.38925438596493,326.54807894736837,264.95072,373.1404649122807,346.74758842105257,ok
1993-12,1994-04,1994,4,5,250.51691666666667,176.4476,19,15.02408552631579,235.4928311403509,206.97544999999994,221.86779605263158,235.62457061403504,ok
1994-01,1994-05,1994,5,5,32.04033333333333,50.2617,19,-82.57490657894736,114.61523991228069,87.22873666666665,24.254809210526314,95.01426078947367,ok
1994-02,1994-06,1994,6,5,1.3607500000000001,40.3001,19,-3.644728947368421,5.005478947368421,6.250293103448275,0.9537763157894736,6.657266787658801,ok
1994-03,1994-07,1994,7,5,0.9264166666666668,1.843,19,-2.2928456140350875,3.2192622807017544,4.624424137931034,1.3944649122807018,4.156375892316999,ok
1994-04,1994-08,1994,8,5,1.3503749999999999,6.3765,19,-7.492545614035088,8.842920614035089,12.362689655172415,2.929280701754386,10.783783953418029,ok
1994-05,1994-09,1994,9,5,3.4019999999999997,57.4679,19,-45.2952399122807,48.6972399122807,58.75804827586207,5.863265350877192,56.29678292498488,ok
1994-06,1994-10,1994,10,5,20.991875,114.0829,19,-80.3050552631579,101.29693026315789,126.83190344827588,24.23601315789474,123.58776529038114,ok
1994-07,1994-11,1994,11,5,124.48087500000001,151.223,19,-66.78841622807018,191.2692912280702,191.9205724137931,118.63743640350877,197.76401101028435,ok
1994-08,1994-12,1994,12,5,235.44266666666667,200.9509,19,64.3952653508772,171.04740131578947,197.4504310344828,257.0529758771929,175.84012182395654,ok
1994-09,1995-01,1995,1,5,292.7715416666667,156.6185,19,54.351272368421036,238.42026929824564,273.2770633333333,313.9748618421052,252.07374315789474,ok
1994-10,1995-02,1995,2,5,303.49870833333335,232.7107,19,88.23880526315789,215.25990307017548,226.93763333333337,319.88894736842104,210.54739429824568,ok
1994-11,1995-03,1995,3,5,330.347125,218.3206,19,130.0582548245614,200.2888701754386,268.04669333333334,379.6978442982456,218.69597403508772,ok
1994-12,1995-04,1995,4,5,238.41004166666667,255.6784,19,19.831331578947367,218.57871008771932,204.3344233333333,222.50500000000002,220.23946499999994,ok
1995-01,1995-05,1995,5,5,17.945333333333334,188.1476,19,-74.57591184210526,92.5212451754386,82.63253999999999,24.996651315789475,75.58122201754385,ok
1995-02,1995-06,1995,6,5,0.16195833333333334,0.5023,19,-5.676255701754386,5.83821403508772,7.622631034482757,1.0168706140350878,6.767718753781002,ok
1995-03,1995-07,1995,7,5,0.13395833333333332,1.9521,19,-2.2453951754385963,2.3793535087719295,4.620662068965517,1.4361732456140353,3.3184471566848153,ok
1995-04,1995-08,1995,8,5,0.20091666666666666,1.2264,19,-7.703105701754387,7.904022368421054,12.540279310344829,2.9897785087719297,9.751417468239566,ok
1995-05,1995-09,1995,9,5,1.6632083333333334,24.8694,19,-46.9194350877193,48.58264342105264,59.88213448275862,5.954780701754385,55.59056211433757,ok
1995-06,1995-10,1995,10,5,16.918541666666666,82.7379,19,-81.74040614035087,98.65894780701754,127.9127655172414,24.450399122807017,120.38090806110105,ok
1995-07,1995-11,1995,11,5,111.50991666666665,247.2129,19,-61.05363421052631,172.56355087719297,188.61057586206897,119.32011842105263,180.800374107683,ok
1995-08,1995-12,1995,12,5,258.8784583333333,191.1246,19,62.64462894736842,196.2338293859649,197.78926896551727,255.81951315789473,200.84821414095583,ok
1995-09,1996-01,1996,1,5,314.57804166666665,224.1528,19,56.75799868421051,257.82004298245613,271.0259199999999,312.8271513157895,272.7768103508771,ok
1995-10,1996-02,1996,2,5,362.591625,225.4247,19,84.74517807017544,277.8464469298246,227.18050000000002,316.7787938596491,272.99333114035096,ok
1995-11,1996-03,1996,3,5,414.4377083333334,302.7974,19,130.07858201754388,284.35912631578947,265.2308,375.272024122807,304.39648421052635,ok
1995-12,1996-04,1996,4,5,228.02037500000003,321.9434,19,23.86578771929824,204.15458728070178,202.12559,223.0518245614035,207.09414043859653,ok
1996-01,1996-05,1996,5,5,15.702125,98.9982,19,-79.14992192982454,94.85204692982454,85.60418666666665,25.114714912280704,76.19159675438594,ok
1996-02,1996-06,1996,6,5,0.5292083333333334,0.4652,19,-5.697537280701755,6.226745614035088,7.623910344827586,0.9975416666666668,7.155577011494252,ok
1996-03,1996-07,1996,7,5,1.0602500000000001,1.9521,19,-2.294147368421052,3.3543973684210524,4.620662068965517,1.3874210526315789,4.293491016333938,ok
1996-04,1996-08,1996,8,5,1.7857083333333332,1.4883,19,-7.772731578947369,9.558439912280702,12.531248275862069,2.906368421052632,11.41058818814277,ok
1996-05,1996-09,1996,9,5,5.734916666666667,9.7369,19,-47.930182894736845,53.66509956140351,60.40394482758621,5.740480263157894,60.39838123109498,ok
1996-06,1996-10,1996,10,5,21.248625,145.0933,19,-78.68644210526315,99.93506710526316,125.76257931034485,24.2225,122.78870431034485,ok
1996-07,1996-11,1996,11,5,152.96033333333335,222.7092,19,-64.52490350877191,217.48523684210528,189.45553103448276,117.13851754385965,225.27734682395646,ok
1996-08,1996-12,1996,12,5,272.98475,130.1745,19,58.69429254385965,214.29045745614036,199.89099655172416,255.07707675438596,217.79866979733822,ok
1996-09,1997-01,1997,1,5,311.92204166666664,403.2083,19,66.32176184210526,245.60027982456137,265.0574033333333,312.9669407894737,264.01250421052623,ok
1996-10,1997-02,1997,2,5,332.3678333333333,180.4594,19,83.96930921052632,248.39852412280698,228.67934333333335,318.3695197368421,242.67765692982454,ok
1996-11,1997-03,1997,3,5,356.5619166666667,452.1152,19,140.98350789473685,215.57840877192987,260.25354,378.3181184210527,238.497338245614,ok
1996-12,1997-04,1997,4,5,266.11195833333335,290.1342,19,20.186799122807017,245.92515921052632,203.18589666666665,221.04700438596493,248.25085061403507,ok
1997-01,1997-05,1997,5,5,28.781541666666666,68.9381,19,-81.42042280701753,110.2019644736842,86.60618999999998,24.426324561403508,90.96140710526313,ok
1997-02,1997-06,1997,6,5,0.31312500000000004,0.6576,19,-5.676038157894737,5.989163157894738,7.617275862068964,1.0089144736842104,6.9214863883847535,ok
1997-03,1997-07,1997,7,5,1.5958750000000002,1.9683,19,-2.321485526315789,3.9173605263157896,4.620103448275861,1.3592302631578947,4.856748185117967,ok
1997-04,1997-08,1997,8,5,4.118166666666666,1.2265,19,-7.909271491228071,12.027438157894737,12.540275862068965,2.7836074561403508,13.87483507259528,ok
1997-05,1997-09,1997,9,5,10.292375,47.0877,19,-46.20421754385965,56.49659254385965,59.11598620689656,5.500614035087719,63.907747171808836,ok
1997-06,1997-10,1997,10,5,23.670375000000003,98.1562,19,-81.28427631578947,104.95465131578948,127.38110000000003,24.095039473684206,126.95643552631583,ok
1997-07,1997-11,1997,11,5,101.94125000000001,75.7109,19,-69.57644122807017,171.5176912280702,194.5244379310345,119.82373245614035,176.64195547489416,ok
1997-08,1997-12,1997,12,5,235.76616666666666,199.815,19,64.3184548245614,171.44771184210526,197.4896,257.03594956140347,176.2198171052632,ok
1997-09,1998-01,1998,1,5,235.57641666666666,347.458,19,67.40572631578947,168.17069035087718,266.9157466666666,316.9851315789474,185.50703175438588,ok
1997-10,1998-02,1998,2,5,226.39679166666667,127.8253,19,86.77651666666668,139.620275,230.43381333333338,323.94694298245616,132.88366201754388,ok
1997-11,1998-03,1998,3,5,312.04479166666664,242.0988,19,132.27301973684212,179.77177192982452,267.25408666666664,380.6611250000001,198.6377533333332,ok
1997-12,1998-04,1998,4,5,171.07208333333332,54.1047,19,12.766292543859645,158.3057907894737,211.05354666666665,226.04910307017542,156.07652692982455,ok
1998-01,1998-05,1998,5,5,20.791083333333333,74.6596,19,-80.69874078947367,101.48982412280701,86.41547333333331,24.846875,82.35968166666665,ok
1998-02,1998-06,1998,6,5,0.9719583333333334,16.0121,19,-4.9025820175438595,5.874540350877193,7.087810344827584,0.9742390350877193,7.085529643073198,ok
1998-03,1998-07,1998,7,5,0.44645833333333335,3.3565,19,-2.187926754385965,2.634385087719298,4.5722344827586205,1.4197258771929826,3.5989669388989713,ok
1998-04,1998-08,1998,8,5,1.5512916666666667,1.2501,19,-7.772930701754387,9.324222368421054,12.539462068965518,2.918706140350877,11.172047595281308,ok
1998-05,1998-09,1998,9,5,2.829625,13.3474,19,-47.58724649122807,50.41687149122807,60.27944482758621,5.893390350877192,57.21567947670902,ok
1998-06,1998-10,1998,10,5,24.89791666666667,89.2952,19,-81.81525219298247,106.71316885964914,127.68665172413796,24.03043201754386,128.55413637326077,ok
1998-07,1998-11,1998,11,5,105.72129166666667,245.1679,19,-60.85660131578946,166.57789298245615,188.68109310344826,119.62478289473684,174.77760187537808,ok
1998-08,1998-12,1998,12,5,353.30329166666667,138.7974,19,54.92083771929825,298.3824539473684,199.5936551724138,250.84978508771928,302.04716175136116,ok
1998-09,1999-01,1999,1,5,366.89620833333333,215.817,19,53.56568464912281,313.3305236842105,271.30377999999996,310.0735635964913,328.126424736842,ok
1998-10,1999-02,1999,2,5,373.8268333333333,131.3784,19,79.20404605263158,294.6227872807017,230.31537666666665,316.1874671052631,287.9547428947368,ok
1998-11,1999-03,1999,3,5,399.5280416666667,283.9542,19,129.87155394736843,269.6564877192983,265.85890666666666,376.05674342105266,289.3302049122807,ok
1998-12,1999-04,1999,4,5,215.35191666666665,162.6196,19,16.147085526315788,199.20483114035088,207.4363833333333,223.7185855263158,199.06971447368417,ok
1999-01,1999-05,1999,5,5,21.840166666666665,177.0923,19,-75.36276096491228,97.20292763157894,83.00104999999999,24.7916600877193,80.04955657894736,ok
1999-02,1999-06,1999,6,5,0.54,0.6859,19,-5.686489473684212,6.226489473684212,7.616299999999998,0.9969736842105262,7.159326315789472,ok
1999-03,1999-07,1999,7,5,1.6071666666666669,1.9885,19,-2.3210166666666665,3.928183333333333,4.619406896551724,1.3586359649122806,4.86793759830611,ok
1999-04,1999-08,1999,8,5,2.2209166666666667,1.2624,19,-7.807526754385966,10.028443421052632,12.539037931034484,2.8834627192982456,11.876491878402906,ok
1999-05,1999-09,1999,9,5,9.136791666666666,72.5879,19,-44.801281578947375,53.93807324561404,58.23666896551725,5.561434210526315,61.8120264216576,ok
1999-06,1999-10,1999,10,5,28.502750000000002,112.4277,19,-80.78748026315789,109.2902302631579,126.88897931034485,23.84070394736842,131.55102536297642,ok
1999-07,1999-11,1999,11,5,123.07675,349.1067,19,-56.29958333333334,179.37633333333335,185.09699655172415,118.71133771929824,189.46240883242592,ok
1999-08,1999-12,1999,12,5,252.41691666666668,242.5365,19,65.69059956140352,186.72631710526315,196.0164448275862,256.1595942982456,192.27376719600727,ok
1999-09,2000-01,2000,1,5,304.44483333333335,260.085,19,59.182493859649114,245.26233947368422,269.8281799999999,313.3604780701755,260.9125352631578,ok
1999-10,2000-02,2000,2,5,331.1045833333333,271.7656,19,88.84138552631579,242.26319780701755,225.63580333333337,318.4360065789474,238.3043800877193,ok
1999-11,2000-03,2000,3,5,415.57616666666667,185.8099,19,123.8614263157895,291.71474035087715,269.1303833333333,375.2121052631579,309.49444473684207,ok
1999-12,2000-04,2000,4,5,236.077125,184.1135,19,16.18754298245614,219.88958201754386,206.71992,222.6277850877193,220.1692599122807,ok
2000-01,2000-05,2000,5,5,25.980625,53.6399,19,-82.07817456140351,108.05879956140352,87.11612999999997,24.573741228070173,88.5230137719298,ok
2000-02,2000-06,2000,6,5,0.7127916666666666,4.8153,19,-5.478246929824562,6.191038596491229,7.473906896551722,0.9878793859649123,7.198819177253476,ok
2000-03,2000-07,2000,7,5,1.9195833333333334,10.0203,19,-1.9147333333333334,3.834316666666667,4.342448275862069,1.3421929824561405,4.919838626739262,ok
2000-04,2000-08,2000,8,5,6.528708333333333,7.9948,19,-7.679915789473684,14.208624122807016,12.306886206896552,2.6567368421052633,16.178857698124624,ok
2000-05,2000-09,2000,9,5,3.8772083333333334,123.9327,19,-41.82210350877193,45.69931184210527,56.46615862068967,5.8382543859649125,54.50511256805809,ok
2000-06,2000-10,2000,10,5,24.261875,86.4072,19,-81.93377631578949,106.19565131578949,127.7862379310345,24.063907894736843,127.98420503629767,ok
2000-07,2000-11,2000,11,5,132.95875,192.5216,19,-65.0610096491228,198.01975964912282,190.4964827586207,118.19123245614034,205.26400030248035,ok
2000-08,2000-12,2000,12,5,235.78845833333332,222.6176,19,65.51741842105264,170.27103991228068,196.70330344827588,257.0347763157895,175.4569854658197,ok
2000-09,2001-01,2001,1,5,300.86245833333334,192.5309,19,55.81556096491228,245.04689736842107,272.0799833333333,313.549024122807,259.39341754385964,ok
2000-10,2001-02,2001,2,5,312.8025416666667,153.1069,19,83.55945614035087,229.2430855263158,229.59109333333336,319.3992719298246,222.99436307017547,ok
2000-11,2001-03,2001,3,5,371.3825,249.1479,19,129.52098771929826,241.86151228070173,267.01911666666666,377.53808771929823,260.8635289473684,ok
2000-12,2001-04,2001,4,5,256.2407083333333,196.9268,19,15.800685964912281,240.44002236842104,206.29280999999995,221.56654385964913,240.96697447368413,ok
2001-01,2001-05,2001,5,5,26.05858333333333,140.175,19,-77.52779868421052,103.58638201754385,84.23162666666664,24.569638157894737,85.72057184210524,ok
2001-02,2001-06,2001,6,5,2.52725,5.0237,19,-5.562776315789475,8.090026315789475,7.466720689655171,0.8923815789473684,9.101589110707803,ok
2001-03,2001-07,2001,7,5,1.1941666666666666,2.3266,19,-2.281485087719298,3.4756517543859644,4.607748275862068,1.3803728070175438,4.421542135511191,ok
2001-04,2001-08,2001,8,5,5.367999999999999,7.2041,19,-7.660441666666667,13.028441666666666,12.334151724137932,2.717826754385965,14.984324969751967,ok
2001-05,2001-09,2001,9,5,8.32675,33.0017,19,-46.84213201754386,55.168882017543865,59.6017103448276,5.60406798245614,62.32439236237146,ok
2001-06,2001-10,2001,10,5,34.60720833333333,130.0808,19,-80.17965701754386,114.78686535087719,126.28025172413795,23.51941666666667,137.36804339080462,ok
2001-07,2001-11,2001,11,5,119.955625,196.3446,19,-64.175424122807,184.13104912280698,190.3646551724138,118.87560745614036,191.44467271627343,ok
2001-08,2001-12,2001,12,5,251.60216666666668,209.0467,19,63.9708600877193,187.63130657894737,197.1712655172414,256.20247587719297,192.57095630671512,ok
2001-09,2002-01,2002,1,5,326.4635,368.8524,19,63.74821666666666,262.71528333333333,266.20259999999996,312.20160087719296,280.464499122807,ok
2001-10,2002-02,2002,2,5,313.2965,190.9456,19,85.52496885964914,227.77153114035085,228.32980333333336,319.373274122807,222.25302921052634,ok
2001-11,2002-03,2002,3,5,391.5596666666667,178.8799,19,124.76071578947369,266.798950877193,269.3613833333333,376.4761315789474,284.44491842105265,ok
2001-12,2002-04,2002,4,5,220.15800000000002,124.7968,19,13.903460087719296,206.25453991228073,208.69714333333332,223.46563377192984,205.3895095614035,ok
2002-01,2002-05,2002,5,5,22.799833333333336,103.8934,19,-79.26584342105264,102.06567675438598,85.44101333333332,24.741151315789477,83.49969535087718,ok
2002-02,2002-06,2002,6,5,0.5615416666666667,6.7952,19,-5.366081140350878,5.927622807017545,7.40563448275862,0.9958399122807018,6.971336237144585,ok
2002-03,2002-07,2002,7,5,0.881625,2.1991,19,-2.271746052631579,3.153371052631579,4.6121448275862065,1.3968223684210528,4.096947459165154,ok
2002-04,2002-08,2002,8,5,1.3839166666666667,1.0971,19,-7.7721741228070185,9.156090789473685,12.544737931034485,2.927515350877193,11.001139246823959,ok
2002-05,2002-09,2002,9,5,9.374333333333333,67.2486,19,-45.09479956140351,54.469132894736845,58.420782758620696,5.5489320175438595,62.246184074410166,ok
2002-06,2002-10,2002,10,5,29.786041666666666,93.122,19,-81.87111140350876,111.65715307017543,127.55469310344829,23.773162280701754,133.5675724894132,ok
2002-07,2002-11,2002,11,5,115.65716666666667,141.559,19,-66.83264210526315,182.4898087719298,192.25381379310346,119.10184210526316,188.80913835450696,ok
2002-08,2002-12,2002,12,5,263.57683333333335,198.8721,19,62.80510921052631,200.77172412280703,197.5221137931035,255.57223026315788,205.52671686327898,ok
2002-09,2003-01,2003,1,5,278.2857916666667,226.3735,19,58.78499605263157,219.5007956140351,270.95189666666664,314.7372697368421,234.50041859649122,ok
2002-10,2003-02,2003,2,5,293.45912500000003,242.0345,19,89.25793070175439,204.20119429824564,226.62684000000002,320.4173464912281,199.66861850877194,ok
2002-11,2003-03,2003,3,5,310.9622083333333,210.3821,19,130.66069780701756,180.30151052631575,268.31131,380.71810307017546,198.55541526315784,ok
2002-12,2003-04,2003,4,5,206.63633333333334,166.9079,19,16.83150043859649,189.80483289473685,207.29343999999998,224.1773004385965,189.75247289473683,ok
2003-01,2003-05,2003,5,5,43.04408333333333,100.5299,19,-80.50835657894736,123.55243991228069,85.55312999999998,23.67566447368421,104.9215488596491,ok
2003-02,2003-06,2003,6,5,0.9071250000000001,12.2745,19,-5.095885526315789,6.003010526315789,7.216693103448276,0.9776513157894737,7.146166787658802,ok
2003-03,2003-07,2003,7,5,0.7923749999999999,1.88,19,-2.2838434210526315,3.0762184210526313,4.623148275862068,1.4015197368421053,4.014003539019963,ok
2003-04,2003-08,2003,8,5,0.4799583333333333,33.5851,19,-6.014702631578948,6.494660964912281,11.424462068965518,2.9750921052631583,8.929328297035692,ok
2003-05,2003-09,2003,9,5,8.43475,34.1644,19,-46.786621491228075,55.221371491228076,59.561617241379324,5.598383771929824,62.3979834694495,ok
2003-06,2003-10,2003,10,5,23.179374999999997,102.8612,19,-81.01080263157894,104.19017763157893,127.21885862068967,24.12088157894737,126.2773520417423,ok
2003-07,2003-11,2003,11,5,113.508,171.1685,19,-65.16113333333332,178.66913333333332,191.23279655172416,119.21495614035086,185.52584041137328,ok
2003-08,2003-12,2003,12,5,241.44658333333334,191.1895,19,63.565511842105266,177.88107149122806,197.7870310344828,256.7369802631579,182.49663410465826,ok
2003-09,2004-01,2004,1,5,340.53629166666667,330.2411,19,60.97536973684209,279.5609219298246,267.4896433333333,311.46092763157895,296.565007368421,ok
2003-10,2004-02,2004,2,5,343.382,337.9902,19,91.68071096491228,251.7012890350877,223.42831666666672,317.78982675438596,249.02048991228077,ok
2003-11,2004-03,2004,3,5,377.05170833333335,263.3091,19,129.9679346491228,247.08377368421054,266.54707666666667,377.23970833333334,266.3590766666667,ok
2003-12,2004-04,2004,4,5,236.67125,153.5851,19,14.549515350877192,222.1217346491228,207.73753333333332,222.5965153508772,221.8122679824561,ok
2004-01,2004-05,2004,5,5,19.429583333333333,29.0041,19,-83.03000394736843,102.45958728070175,87.93732333333332,24.918532894736842,82.44837377192982,ok
2004-02,2004-06,2004,6,5,1.3715416666666667,11.5046,19,-5.160849561403508,6.532391228070175,7.2432413793103425,0.9532083333333333,7.6615747126436755,ok
2004-03,2004-07,2004,7,5,1.6740416666666667,24.0552,19,-1.163131140350877,2.8371728070175437,3.8584862068965515,1.3551162280701756,4.177411645493042,ok
2004-04,2004-08,2004,8,5,2.5110833333333336,45.2683,19,-5.5066986842105266,8.01778201754386,11.021593103448277,2.8681907894736844,10.664485647307925,ok
2004-05,2004-09,2004,9,5,6.890583333333333,24.8521,19,-47.19547061403509,54.08605394736842,59.88273103448276,5.679655701754385,61.09365866606171,ok
2004-06,2004-10,2004,10,5,18.291166666666665,156.836,19,-77.91274956140352,96.20391622807018,125.35765862068966,24.378155701754384,119.27066958560195,ok
2004-07,2004-11,2004,11,5,96.82187499999999,135.0896,19,-66.18180570175437,163.00368070175438,192.47689655172414,120.09317324561404,169.2055983061101,ok
2004-08,2004-12,2004,12,5,292.5595,159.7892,19,59.22271096491229,233.33678903508772,198.86980000000003,254.04682675438596,237.38247324561408,ok
2004-09,2005-01,2005,1,5,328.28254166666665,258.8253,19,57.86157763157894,270.4209640350877,269.87017,312.10586184210524,286.0468498245614,ok
2004-10,2005-02,2005,2,5,311.0587083333333,252.3165,19,88.87279473684211,222.1859135964912,226.28410666666667,319.49105263157895,217.85176236842102,ok
2004-11,2005-03,2005,3,5,367.04129166666667,402.6636,19,137.8292460526316,229.21204561403508,261.90192666666667,377.76657236842107,251.17664596491227,ok
2004-12,2005-04,2005,4,5,213.138,143.7686,19,15.271449561403506,197.8665504385965,208.06474999999995,223.83510745614035,197.3676425438596,ok
2005-01,2005-05,2005,5,5,19.273375,73.4273,19,-80.6837192982456,99.95709429824561,86.45654999999998,24.926754385964912,80.80317061403507,ok
2005-02,2005-06,2005,6,5,1.836,0.5479,19,-5.761963157894738,7.597963157894738,7.621058620689654,0.9287631578947368,8.528295462794917,ok
2005-03,2005-07,2005,7,5,0.245625,1.8672,19,-2.255740789473684,2.501365789473684,4.623589655172413,1.4302960526315789,3.4389186025408343,ok
2005-04,2005-08,2005,8,5,2.3882916666666665,1.159,19,-7.821778070175438,10.210069736842105,12.542603448275862,2.8746535087719303,12.056241606170598,ok
2005-05,2005-09,2005,9,5,2.4947083333333335,69.9723,19,-44.58936140350877,47.0840697368421,58.326862068965525,5.911017543859649,54.91055285843921,ok
2005-06,2005-10,2005,10,5,13.548208333333333,43.3954,19,-83.63367807017543,97.18188640350877,129.26940344827588,24.6277850877193,118.18982669388991,ok
2005-07,2005-11,2005,11,5,121.00325,162.476,19,-66.01312017543859,187.01637017543857,191.53253793103448,118.82046929824561,193.71531863278886,ok
2005-08,2005-12,2005,12,5,241.85941666666668,270.7065,19,67.72888903508772,174.13052763157896,195.04506551724143,256.71525219298246,180.18922999092564,ok
2005-09,2006-01,2006,1,5,327.73562499999997,166.8556,19,53.04985219298246,274.6857728070175,272.9358266666666,312.13464692982456,288.53680473684204,ok
2005-10,2006-02,2006,2,5,338.919875,230.8724,19,86.27778070175438,252.6420942982456,226.99891,318.02467543859655,247.89410956140344,ok
2005-11,2006-03,2006,3,5,417.85283333333336,267.8005,19,128.05689649122806,289.79593684210533,266.3973633333333,375.0922807017544,309.15791596491226,ok
2005-12,2006-04,2006,4,5,237.12483333333333,429.1988,19,29.031626754385957,208.09320657894736,198.55040999999997,222.57264254385964,213.10260078947366,ok
2006-01,2006-05,2006,5,5,29.216875,133.2095,19,-78.06062982456142,107.27750482456142,84.46380999999998,24.403412280701758,89.27727271929822,ok
2006-02,2006-06,2006,6,5,0.4751666666666667,0.6042,19,-5.687377192982456,6.162543859649123,7.619117241379309,1.0003859649122806,7.093897943133695,ok
2006-03,2006-07,2006,7,5,2.232041666666667,1.5265,19,-2.378220614035088,4.610262280701755,4.635337931034482,1.3257478070175441,5.541631790683605,ok
2006-04,2006-08,2006,8,5,5.144875,12.4889,19,-7.370550877192983,12.515425877192982,12.15191724137931,2.729570175438597,14.567222065940713,ok
2006-05,2006-09,2006,9,5,7.700458333333334,73.0467,19,-44.70153771929825,52.40199605263159,58.220848275862075,5.637030701754386,60.28427590744102,ok
2006-06,2006-10,2006,10,5,37.47529166666667,156.2402,19,-78.95379824561402,116.42908991228069,125.37820344827587,23.3684649122807,139.48503020266185,ok
2006-07,2006-11,2006,11,5,117.07195833333333,160.8529,19,-65.89163640350877,182.96359473684208,191.5885068965517,119.02737938596492,189.63308584392013,ok
2006-08,2006-12,2006,12,5,258.488,150.7779,19,60.54166885964913,197.94633114035088,199.18053448275867,255.8400635964912,201.82847088626747,ok
2006-09,2007-01,2007,1,5,310.51591666666667,243.8694,19,58.009510526315786,252.5064061403509,270.3687,313.0409473684211,267.8436692982456,ok
2006-10,2007-02,2007,2,5,304.0027083333334,391.6001,19,96.57487894736842,207.42782938596497,221.64132000000004,319.8624210526316,205.78160728070182,ok
2006-11,2007-03,2007,3,5,363.090625,144.3091,19,124.4395706140351,238.65105438596487,270.5137433333333,377.9745021929825,255.62986614035077,ok
2006-12,2007-04,2007,4,5,184.7988333333333,203.9629,19,19.93110570175438,164.86772763157893,206.0582733333333,225.32664254385963,165.53046412280696,ok
2007-01,2007-05,2007,5,5,22.16379166666667,59.8926,19,-81.54819912280702,103.71199078947369,86.90770666666666,24.77462719298246,84.29687114035086,ok
2007-02,2007-06,2007,6,5,0.76675,0.6092,19,-5.70246052631579,6.46921052631579,7.618944827586206,0.9850394736842105,7.400655353901995,ok
2007-03,2007-07,2007,7,5,0.9486249999999999,2.6528,19,-2.251393421052631,3.200018421052631,4.596499999999999,1.393296052631579,4.15182894736842,ok
2007-04,2007-08,2007,8,5,1.1272916666666666,1.474,19,-7.738830701754387,8.866122368421054,12.531741379310345,2.9410219298245615,10.71801111615245,ok
2007-05,2007-09,2007,9,5,3.434333333333333,24.48,19,-47.03314692982457,50.4674802631579,59.895562068965525,5.861563596491227,57.46833180580763,ok
2007-06,2007-10,2007,10,5,26.114416666666667,90.3212,19,-81.82527850877193,107.9396951754386,127.65127241379312,23.966405701754383,129.7992833787054,ok
2007-07,2007-11,2007,11,5,117.29879166666667,140.1645,19,-66.99243815789472,184.2912298245614,192.3019,119.01544078947367,190.585250877193,ok
2007-08,2007-12,2007,12,5,252.58420833333332,154.6319,19,61.055236842105266,191.52897149122805,199.04763793103453,256.15078947368414,195.4810567906837,ok
2007-09,2008-01,2008,1,5,319.1537083333333,277.9576,19,59.34900570175438,259.80470263157895,269.23242666666664,312.58632675438594,275.79980824561403,ok
2007-10,2008-02,2008,2,5,334.2366666666667,227.3554,19,86.33916008771929,247.8975065789474,227.11614333333333,318.2711600877193,243.0816499122807,ok
2007-11,2008-03,2008,3,5,414.49354166666666,291.7903,19,129.49632236842106,284.99721929824557,265.59770333333336,375.2690855263158,304.8221594736842,ok
2007-12,2008-04,2008,4,5,224.3375,198.2004,19,17.546833771929823,206.7906662280702,206.25035666666665,223.2456600877193,207.34219657894735,ok
2008-01,2008-05,2008,5,5,28.725958333333335,156.4351,19,-76.81239210526316,105.5383504385965,83.68962333333333,24.429250000000003,87.98633166666666,ok
2008-02,2008-06,2008,6,5,0.8963333333333333,1.2231,19,-5.676970175438597,6.5733035087719305,7.597775862068964,0.9782192982456138,7.515889897156684,ok
2008-03,2008-07,2008,7,5,0.6473333333333333,1.8809,19,-2.2761622807017536,2.9234956140350867,4.62311724137931,1.40915350877193,3.8612970659407133,ok
2008-04,2008-08,2008,8,5,5.010958333333334,10.0751,19,-7.490544736842106,12.50150307017544,12.23515172413793,2.7366184210526314,14.509491636418632,ok
2008-05,2008-09,2008,9,5,7.549166666666667,35.7506,19,-46.65652763157895,54.20569429824562,59.506920689655175,5.6449934210526305,61.411093935269214,ok
2008-06,2008-10,2008,10,5,31.448791666666665,71.4708,19,-83.09816140350875,114.54695307017542,128.30128620689655,23.685649122807018,136.0644287507562,ok
2008-07,2008-11,2008,11,5,126.13320833333334,228.8043,19,-62.792154824561386,188.92536315789474,189.24535517241378,118.55047149122807,196.82809201451906,ok
2008-08,2008-12,2008,12,5,264.0232916666667,198.2564,19,62.749206140350886,201.27408552631582,197.54334482758625,255.54873245614033,206.01790403811262,ok
2008-09,2009-01,2009,1,5,309.26595833333334,176.1671,19,54.51201885964912,254.75393947368423,272.6254433333333,313.1067346491228,268.7846670175438,ok
2008-10,2009-02,2009,2,5,312.66133333333335,173.2144,19,84.62517763157895,228.0361557017544,228.92084333333335,319.4067039473684,222.1754727192983,ok
2008-11,2009-03,2009,3,5,355.2785416666666,237.6584,19,129.76385394736843,225.5146877192982,267.4021,378.3856644736842,244.29497719298246,ok
2008-12,2009-04,2009,4,5,246.11041666666665,291.4855,19,21.31063289473684,224.7997837719298,203.14085333333333,222.09971710526315,227.15155289473682,ok
2009-01,2009-05,2009,5,5,21.114791666666665,287.1656,19,-69.53125175438596,90.64604342105262,79.33194,24.829837719298247,75.61689394736842,ok
2009-02,2009-06,2009,6,5,0.918,15.2435,19,-4.940194736842105,5.858194736842105,7.114313793103446,0.977078947368421,7.055234845735026,ok
2009-03,2009-07,2009,7,5,6.305458333333333,2.7198,19,-2.5298057017543853,8.835264035087718,4.594189655172413,1.111357456140351,9.788290532365394,ok
2009-04,2009-08,2009,8,5,6.729541666666667,15.226,19,-7.309896491228072,14.03943815789474,12.057534482758621,2.646166666666667,16.140909482758623,ok
2009-05,2009-09,2009,9,5,7.4952499999999995,49.6335,19,-45.92301096491229,53.418260964912285,59.02820000000001,5.647831140350877,60.87561885964914,ok
2009-06,2009-10,2009,10,5,31.002583333333334,145.1622,19,-79.19618201754386,110.1987653508772,125.76020344827586,23.70913377192982,133.05365300967938,ok
2009-07,2009-11,2009,11,5,111.85558333333334,129.9771,19,-67.24213245614034,179.09771578947368,192.65318965517238,119.30192543859647,185.20684754990924,ok
2009-08,2009-12,2009,12,5,262.42741666666666,238.1976,19,64.93536798245614,197.49204868421052,196.16606206896557,255.63272587719294,202.9607528584393,ok
2009-09,2010-01,2010,1,5,312.4241666666667,206.4191,19,55.93800789473684,256.4861587719298,271.6170433333333,312.9405131578947,271.10069684210526,ok
2009-10,2010-02,2010,2,5,247.05070833333332,189.3031,19,88.92514210526316,158.12556622807017,228.38455333333334,322.8598947368421,152.57536692982458,ok
2009-11,2010-03,2010,3,5,314.41066666666666,170.6808,19,128.38965789473687,186.0210087719298,269.63468666666665,380.53660526315787,203.50874807017544,ok
2009-12,2010-04,2010,4,5,166.96804166666666,179.409,19,19.577257894736842,147.39078377192982,206.87673666666666,226.26510526315792,147.5796730701754,ok
2010-01,2010-05,2010,5,5,29.674375,36.5434,19,-83.17239824561403,112.84677324561403,87.68601333333332,24.379333333333335,92.98105499999998,ok
2010-02,2010-06,2010,6,5,0.7127500000000001,8.1085,19,-5.304918421052632,6.0176684210526314,7.3603482758620675,0.9878815789473684,7.085216696914699,ok
2010-03,2010-07,2010,7,5,0.7812916666666667,1.8517,19,-2.2847495614035083,3.066041228070175,4.624124137931034,1.4021030701754384,4.003312734422262,ok
2010-04,2010-08,2010,8,5,0.4687916666666667,1.1641,19,-7.720483333333334,8.189275,12.542427586206896,2.9756798245614036,10.035539428312159,ok
2010-05,2010-09,2010,9,5,0.44279166666666664,2.3148,19,-48.04228684210526,48.48507850877193,60.65987931034483,6.019013157894736,55.08365781911676,ok
2010-06,2010-10,2010,10,5,11.171208333333333,136.1532,19,-78.62658333333331,89.79779166666665,126.07085862068966,24.75289035087719,112.48917660314581,ok
2010-07,2010-11,2010,11,5,113.23804166666667,142.1422,19,-66.67462499999999,179.91266666666667,192.23370344827583,119.22916447368421,186.24258064125831,ok
2010-08,2010-12,2010,12,5,219.840875,168.2896,19,63.49739649122807,156.34347850877194,198.57668275862073,257.8741228070175,160.54343495160325,ok
2010-09,2011-01,2011,1,5,346.9866666666667,274.405,19,57.69713421052631,289.28953245614036,269.35084666666665,311.12143421052633,305.216079122807,ok
2010-10,2011-02,2011,2,5,356.02570833333334,316.7195,19,89.89574210526315,266.1299662280702,224.13734000000002,317.1243684210526,263.0386799122807,ok
2010-11,2011-03,2011,3,5,414.3817916666667,240.0053,19,126.77667763157895,287.60511403508775,267.32387,375.27496710526316,306.4306945614035,ok
2010-12,2011-04,2011,4,5,240.27837499999998,220.1464,19,17.862892982456138,222.41548201754384,205.51882333333333,222.4066666666667,223.39053166666662,ok
1991-01,1991-06,1991,6,6,1.8143333333333331,0.7033,19,-5.72366798245614,7.538001315789473,7.615699999999998,0.9588793859649122,8.47115394736842,ok
1991-02,1991-07,1991,7,6,0.8704999999999999,1.9531,19,-2.614224122807018,3.484724122807018,4.620627586206896,1.0672916666666665,4.423835919540229,ok
1991-03,1991-08,1991,8,6,1.7187083333333335,1.2135,19,-8.377523684210525,10.096232017543858,12.540724137931036,2.316039473684211,11.943392997580158,ok
1991-04,1991-09,1991,9,6,6.026416666666666,73.9762,19,-43.23214078947369,49.25855745614035,58.18879655172414,7.0575065789473665,57.15770663944344,ok
1991-05,1991-10,1991,10,6,35.23220833333333,58.2752,19,-83.11191885964911,118.34412719298244,128.75630689655173,24.36639692982456,139.6221183000605,ok
1991-06,1991-11,1991,11,6,117.87124999999999,141.8015,19,-64.41489429824563,182.28614429824563,192.24545172413795,121.50682675438597,188.60987496975196,ok
1991-07,1991-12,1991,12,6,265.3625,139.2974,19,76.67687280701756,188.68562719298245,199.57641379310346,272.579504385965,192.3594094071385,ok
1991-08,1992-01,1992,1,6,308.5962916666667,307.6078,19,76.14998991228067,232.446301754386,268.24408666666665,327.826774122807,249.0136042105263,ok
1991-09,1992-02,1992,2,6,329.56991666666664,144.7331,19,91.67882412280701,237.89109254385963,229.87022000000005,327.95936622807017,231.48077043859652,ok
1991-10,1992-03,1992,3,6,385.07579166666665,155.372,19,121.49410701754387,263.5816846491228,270.14498,374.4467807017544,280.77399096491223,ok
1991-11,1992-04,1992,4,6,182.99525000000003,102.9542,19,-1.9591504385964968,184.95440043859654,209.42522999999997,208.75263377192982,183.66784622807018,ok
1991-12,1992-05,1992,5,6,19.619333333333334,24.3743,19,-83.80047763157894,103.41981096491227,88.09164999999999,23.063611842105264,84.64737149122806,ok
1992-01,1992-06,1992,6,6,0.9827916666666666,1.0095,19,-5.663786842105263,6.646578508771929,7.605141379310343,1.0026447368421052,7.585288309134905,ok
1992-02,1992-07,1992,7,6,0.8704999999999999,2.0289,19,-2.6102346491228077,3.4807346491228075,4.618013793103447,1.0672916666666665,4.42122212643678,ok
1992-03,1992-08,1992,8,6,1.4731666666666667,13.0445,19,-7.741916228070175,9.215082894736842,12.132758620689655,2.3289627192982456,11.276962568058076,ok
1992-04,1992-09,1992,9,6,3.326458333333333,135.5711,19,-39.84820087719299,43.17465921052632,56.06483448275863,7.199609649122808,52.191683166969156,ok
1992-05,1992-10,1992,10,6,20.913958333333333,62.0723,19,-82.15847938596491,103.07243771929825,128.62537241379312,25.119989035087723,124.41934171203873,ok
1992-06,1992-11,1992,11,6,120.87366666666667,214.2915,19,-60.75765307017544,181.6313197368421,189.74579655172414,121.3488048245614,189.27065839382942,ok
1992-07,1992-12,1992,12,6,306.241625,239.5717,19,79.8029346491228,226.4386903508772,196.11867931034487,270.42797149122805,231.93233281911682,ok
1992-08,1993-01,1993,1,6,336.12804166666666,121.8043,19,64.92181885964912,271.2062228070175,274.43753666666663,326.37773464912283,284.18784368421046,ok
1992-09,1993-02,1993,2,6,333.2145,307.8407,19,100.0716144736842,233.14288552631578,224.43330000000003,327.7675460526316,229.88025394736843,ok
1992-10,1993-03,1993,3,6,388.3234166666667,153.1779,19,121.2077004385965,267.11571622807014,270.2181166666667,374.27585307017546,284.2656802631579,ok
1992-11,1993-04,1993,4,6,242.58962499999998,250.0943,19,2.648519298245611,239.94110570175437,204.52055999999996,205.61608771929824,241.4940972807017,ok
1992-12,1993-05,1993,5,6,16.873916666666666,95.5974,19,-79.90739780701756,96.78131447368423,85.71754666666665,23.208107456140354,79.38335587719297,ok
1993-01,1993-06,1993,6,6,0.8207083333333333,0.586,19,-5.677545614035088,6.498253947368421,7.619744827586205,1.011175438596491,7.429277722323047,ok
1993-02,1993-07,1993,7,6,0.546875,1.8793,19,-2.601075438596492,3.147950438596492,4.623172413793102,1.0843245614035086,4.085722852389594,ok
1993-03,1993-08,1993,8,6,3.3480833333333333,40.5665,19,-6.392069736842106,9.740153070175438,11.183724137931035,2.2302828947368423,12.301524576527527,ok
1993-04,1993-09,1993,9,6,9.709166666666667,56.4376,19,-44.349053947368425,54.05822061403509,58.79357586206897,6.863677631578946,61.63906489715669,ok
1993-05,1993-10,1993,10,6,24.272958333333335,126.1723,19,-78.96158464912281,103.23454298245615,126.41502758620692,24.94319956140351,125.74478635813674,ok
1993-06,1993-11,1993,11,6,118.87554166666666,225.9903,19,-60.036762280701765,178.91230394736843,189.34238965517244,121.45396929824562,186.76396202359348,ok
1993-07,1993-12,1993,12,6,248.04216666666665,216.8044,19,81.66778508771931,166.37438157894735,196.90375862068967,273.49110087719305,171.45482441016327,ok
1993-08,1994-01,1994,1,6,344.0740416666667,330.218,19,75.47275043859648,268.6012912280702,267.49041333333327,325.959524122807,285.60493087719294,ok
1993-09,1994-02,1994,2,6,356.590125,306.4669,19,98.76901315789473,257.82111184210527,224.47909333333334,326.53725,254.53196833333337,ok
1993-10,1994-03,1994,3,6,434.3919166666667,311.1998,19,127.0999846491228,307.2919320175439,264.95072,371.85119517543865,327.49144149122804,ok
1993-11,1994-04,1994,4,6,226.78916666666666,176.4476,19,-0.39601973684210934,227.18518640350877,206.97544999999994,206.44769078947368,227.31692587719292,ok
1993-12,1994-05,1994,5,6,28.190166666666666,50.2617,19,-82.88907938596492,111.07924605263159,87.22873666666665,22.612515350877192,92.80638798245613,ok
1994-01,1994-06,1994,6,6,0.6911666666666667,40.3001,19,-3.5805118421052633,4.27167850877193,6.250293103448275,1.0179934210526316,5.92346634906231,ok
1994-02,1994-07,1994,7,6,0.7588750000000001,1.843,19,-2.6141438596491233,3.3730188596491235,4.624424137931034,1.0731666666666666,4.310132471264367,ok
1994-03,1994-08,1994,8,6,3.4596250000000004,6.3765,19,-8.197414035087718,11.657039035087719,12.362689655172415,2.224412280701755,13.59790237447066,ok
1994-04,1994-09,1994,9,6,8.002708333333333,57.4679,19,-44.20501403508772,52.20772236842105,58.75804827586207,6.953491228070174,59.807265381125234,ok
1994-05,1994-10,1994,10,6,18.425125,114.0829,19,-79.29008815789473,97.71521315789474,126.83190344827588,25.250980263157896,120.00604818511799,ok
1994-06,1994-11,1994,11,6,149.70954166666667,151.223,19,-65.5947254385965,215.30426710526316,191.9205724137931,119.83112719298245,221.79898688747733,ok
1994-07,1994-12,1994,12,6,244.66070833333333,200.9509,19,81.01136184210526,163.64934649122807,197.4504310344828,273.6690723684211,168.44206699939502,ok
1994-08,1995-01,1995,1,6,304.2662916666667,156.6185,19,68.4310793859649,235.8352122807018,273.2770633333333,328.05466885964915,249.4886861403508,ok
1994-09,1995-02,1995,2,6,317.590625,232.7107,19,96.93971315789474,220.65091184210524,226.93763333333337,328.58985526315786,215.9384030701755,ok
1994-10,1995-03,1995,3,6,414.01375,218.3206,19,123.28414078947371,290.7296092105263,268.04669333333334,372.9237302631579,309.13671307017546,ok
1994-11,1995-04,1995,4,6,250.59237499999998,255.6784,19,2.5212219298245593,248.07115307017543,204.3344233333333,205.19489035087722,249.73190798245605,ok
1994-12,1995-05,1995,5,6,19.206333333333333,188.1476,19,-75.15909342105265,94.36542675438598,82.63253999999999,23.085348684210526,78.7535246491228,ok
1995-01,1995-06,1995,6,6,0.33475000000000005,0.5023,19,-5.6563741228070175,5.991124122807017,7.622631034482757,1.0367521929824561,6.920628841500301,ok
1995-02,1995-07,1995,7,6,0.50225,1.9521,19,-2.5948951754385967,3.097145175438597,4.620662068965517,1.086673245614035,4.036238823351482,ok
1995-03,1995-08,1995,8,6,1.25,1.2264,19,-8.352175877192982,9.602175877192982,12.540279310344829,2.3407083333333336,11.449570977011495,ok
1995-04,1995-09,1995,9,6,2.754,24.8694,19,-45.64447675438597,48.39847675438597,59.88213448275862,7.229739035087719,55.4063954476709,ok
1995-05,1995-10,1995,10,6,15.791375,82.7379,19,-80.80120657894737,96.59258157894737,127.9127655172414,25.389598684210526,118.31454183303087,ok
1995-06,1995-11,1995,11,6,130.28045833333334,247.2129,19,-59.520042105263165,189.80050043859652,188.61057586206897,120.85371052631578,198.03732366908653,ok
1995-07,1995-12,1995,12,6,254.76054166666665,191.1246,19,79.96261798245614,174.7979236842105,197.78926896551727,273.1375021929825,179.41230843920144,ok
1995-08,1996-01,1996,1,6,313.5514583333333,224.1528,19,71.49682324561402,242.05463508771928,271.0259199999999,327.565975877193,257.0114024561402,ok
1995-09,1996-02,1996,2,6,396.81391666666667,225.4247,19,92.38659254385965,304.427324122807,227.18050000000002,324.42020833333333,299.57420833333333,ok
1995-10,1996-03,1996,3,6,399.7957916666667,302.7974,19,128.47860175438598,271.3171899122807,265.2308,373.6720438596492,291.35454780701747,ok
1995-11,1996-04,1996,4,6,232.09199999999998,321.9434,19,6.982557456140348,225.10944254385964,202.12559,206.1685942982456,228.04899570175436,ok
1995-12,1996-05,1996,5,6,25.176916666666667,98.9982,19,-80.16540833333335,105.34232500000002,85.60418666666665,22.771107456140353,88.00999587719296,ok
1996-01,1996-06,1996,6,6,0.76675,0.4652,19,-5.681063596491228,6.447813596491228,7.623910344827586,1.0140153508771927,7.376644993950393,ok
1996-02,1996-07,1996,7,6,0.703125,1.9521,19,-2.6054675438596493,3.3085925438596493,4.620662068965517,1.0761008771929823,4.247686191772535,ok
1996-03,1996-08,1996,8,6,1.6740416666666667,1.4883,19,-8.360709649122805,10.034751315789471,12.531248275862069,2.3183903508771935,11.886899591651542,ok
1996-04,1996-09,1996,9,6,10.087208333333333,9.7369,19,-46.82688245614035,56.91409078947369,60.40394482758621,6.843780701754386,63.647372459165155,ok
1996-05,1996-10,1996,10,6,20.344791666666666,145.0933,19,-77.75899692982456,98.10378859649123,125.76257931034485,25.149945175438596,120.95742580157292,ok
1996-06,1996-11,1996,11,6,124.45916666666666,222.7092,19,-60.503326754385974,184.96249342105264,189.45553103448276,121.16009429824561,192.7546034029038,ok
1996-07,1996-12,1996,12,6,268.3869583333333,130.1745,19,76.03753815789473,192.34942017543858,199.89099655172416,272.4203223684211,195.85763251663636,ok
1996-08,1997-01,1997,1,6,342.0762916666667,403.2083,19,79.41948991228068,262.65680175438604,265.0574033333333,326.0646688596491,281.0690261403509,ok
1996-09,1997-02,1997,2,6,359.8257083333333,180.4594,19,91.96674561403509,267.85896271929823,228.67934333333335,326.36695614035085,262.1380955263158,ok
1996-10,1997-03,1997,3,6,374.5184166666666,452.1152,19,137.66782149122807,236.85059517543854,260.25354,375.0024320175439,259.7695246491227,ok
1996-11,1997-04,1997,4,6,199.40037499999997,290.1342,19,7.029000877192981,192.371374122807,203.18589666666665,207.8892061403509,194.69706552631573,ok
1996-12,1997-05,1997,5,6,22.78879166666667,68.9381,19,-81.62182807017544,104.41061973684211,86.60618999999998,22.896798245614036,86.49818342105262,ok
1997-01,1997-06,1997,6,6,1.6307083333333334,0.6576,19,-5.716408771929824,7.347117105263158,7.617275862068964,0.9685438596491227,8.279440335753176,ok
1997-02,1997-07,1997,7,6,0.7142916666666667,1.9683,19,-2.6052026315789476,3.319494298245614,4.620103448275861,1.0755131578947368,4.258881957047791,ok
1997-03,1997-08,1997,8,6,2.7900833333333335,1.2265,19,-8.433227631578946,11.22331096491228,12.540275862068965,2.259651315789474,13.070707879612824,ok
1997-04,1997-09,1997,9,6,6.5447500000000005,47.0877,19,-44.67460570175439,51.21935570175439,59.11598620689656,7.030225877192982,58.630510329703576,ok
1997-05,1997-10,1997,10,6,31.247958333333333,98.1562,19,-80.80322149122807,112.0511798245614,127.38110000000003,24.576094298245614,134.05296403508774,ok
1997-06,1997-11,1997,11,6,111.531625,75.7109,19,-67.55968245614035,179.09130745614036,194.5244379310345,121.84049122807018,184.21557170296433,ok
1997-07,1997-12,1997,12,6,246.78116666666668,199.815,19,80.83997456140351,165.94119210526316,197.4896,273.5574692982456,170.71329736842105,ok
1997-08,1998-01,1998,1,6,290.1376666666667,347.458,19,79.21887543859647,210.91879122807023,266.9157466666666,328.7982807017544,228.25513263157893,ok
1997-09,1998-02,1998,2,6,226.10445833333333,127.8253,19,96.23449035087718,129.86996798245616,230.43381333333338,333.4049166666667,123.13335500000002,ok
1997-10,1998-03,1998,3,6,266.06554166666666,242.0988,19,132.32237280701756,133.7431688596491,267.25408666666664,380.7104780701755,152.6091502631578,ok
1997-11,1998-04,1998,4,6,179.82004166666664,54.1047,19,-4.36306052631579,184.18310219298243,211.05354666666665,208.91975000000002,181.95383833333327,ok
1997-12,1998-05,1998,5,6,17.1195,74.6596,19,-81.02231271929824,98.14181271929824,86.41547333333331,23.195182017543864,80.33979131578944,ok
1998-01,1998-06,1998,6,6,1.2419166666666668,16.0121,19,-4.887814473684211,6.129731140350877,7.087810344827584,0.9890065789473683,7.340720432546883,ok
1998-02,1998-07,1998,7,6,0.22325000000000003,3.3565,19,-2.5062951754385967,2.729545175438597,4.5722344827586205,1.1013574561403507,3.6941270266182697,ok
1998-03,1998-08,1998,8,6,0.42412500000000003,1.2501,19,-8.307461403508771,8.731586403508771,12.539462068965518,2.3841754385964915,10.579411630369027,ok
1998-04,1998-09,1998,9,6,4.914083333333333,13.3474,19,-46.364586403508774,51.278669736842104,60.27944482758621,7.116050438596491,58.07747772232305,ok
1998-05,1998-10,1998,10,6,23.949333333333332,89.2952,19,-80.88545175438597,104.8347850877193,127.68665172413796,24.96023245614035,126.67575260133094,ok
1998-06,1998-11,1998,11,6,116.80204166666665,245.1679,19,-58.91828333333335,175.720325,188.68109310344826,121.56310087719301,183.9200338929219,ok
1998-07,1998-12,1998,12,6,343.8842916666667,138.7974,19,72.51783114035088,271.3664605263158,199.5936551724138,268.44677850877196,275.03116833030856,ok
1998-08,1999-01,1999,1,6,364.92083333333335,215.817,19,68.3544456140351,296.56638771929823,271.30377999999996,324.8623245614035,311.3622887719298,ok
1998-09,1999-02,1999,2,6,355.73325,131.3784,19,89.59892763157895,266.13432236842107,230.31537666666665,326.5823486842105,259.4662779824562,ok
1998-10,1999-03,1999,3,6,437.48316666666665,283.9542,19,125.50330833333332,311.9798583333333,265.85890666666666,371.68849780701765,331.65357552631565,ok
1998-11,1999-04,1999,4,6,239.165875,162.6196,19,-1.7752149122807048,240.94108991228072,207.4363833333333,205.79628508771933,240.80597324561398,ok
1998-12,1999-05,1999,5,6,13.671041666666667,177.0923,19,-75.44962017543861,89.12066184210528,83.00104999999999,23.376679824561403,73.29541184210525,ok
1999-01,1999-06,1999,6,6,0.9502916666666668,0.6859,19,-5.679107894736842,6.629399561403509,7.616299999999998,1.0043552631578947,7.56223640350877,ok
1999-02,1999-07,1999,7,6,1.6740416666666667,1.9885,19,-2.654652631578948,4.3286942982456145,4.619406896551724,1.025,5.26844856321839,ok
1999-03,1999-08,1999,8,6,3.8502500000000004,1.2624,19,-8.48713640350877,12.337386403508772,12.539037931034484,2.203853070175439,14.185434860859045,ok
1999-04,1999-09,1999,9,6,7.4952499999999995,72.5879,19,-43.38251622807018,50.87776622807018,58.23666896551725,6.980199561403509,58.751719404113736,ok
1999-05,1999-10,1999,10,6,29.216791666666666,112.4277,19,-79.94518640350877,109.16197807017544,126.88897931034485,24.682997807017543,131.42277316999397,ok
1999-06,1999-11,1999,11,6,148.0571666666667,349.1067,19,-55.09282675438598,203.14999342105267,185.09699655172415,119.9180942982456,213.23606892014521,ok
1999-07,1999-12,1999,12,6,300.23741666666666,242.5365,19,80.27498771929825,219.9624289473684,196.0164448275862,270.7439824561404,225.5098790381125,ok
1999-08,2000-01,2000,1,6,323.45025000000004,260.085,19,72.86700263157893,250.5832473684211,269.8281799999999,327.0449868421053,266.23344315789467,ok
1999-09,2000-02,2000,2,6,377.6565,271.7656,19,95.83387236842104,281.82262763157894,225.63580333333337,325.42849342105256,277.8638099122808,ok
1999-10,2000-03,2000,3,6,374.3509583333334,185.8099,19,123.66056666666667,250.6903916666667,269.1303833333333,375.01124561403515,268.47009605263156,ok
1999-11,2000-04,2000,4,6,237.0385,184.1135,19,-0.531989912280705,237.5704899122807,206.71992,205.90825219298247,237.85016780701753,ok
1999-12,2000-05,2000,5,6,24.228333333333335,53.6399,19,-82.50276184210527,106.73109517543861,87.11612999999997,22.821032894736845,88.52343043859646,ok
2000-01,2000-06,2000,6,6,1.1987916666666667,4.8153,19,-5.47485,6.673641666666667,7.473906896551722,0.9912763157894735,7.681422247428915,ok
2000-02,2000-07,2000,7,6,0.8259583333333333,10.0203,19,-2.1872903508771935,3.013248684210527,4.342448275862069,1.0696359649122806,4.098770644283122,ok
2000-03,2000-08,2000,8,6,1.8526666666666667,7.9948,19,-8.027663596491227,9.880330263157893,12.306886206896552,2.3089890350877194,11.8505638384755,ok
2000-04,2000-09,2000,9,6,9.828,123.9327,19,-40.80293464912281,50.63093464912281,56.46615862068967,6.857423245614034,59.436735375075635,ok
2000-05,2000-10,2000,10,6,29.116500000000002,86.4072,19,-81.30940789473685,110.42590789473685,127.7862379310345,24.688276315789476,132.21446161524503,ok
2000-06,2000-11,2000,11,6,133.89837500000002,192.5216,19,-62.58894824561405,196.48732324561405,190.4964827586207,120.66329385964912,203.7315638989716,ok
2000-07,2000-12,2000,12,6,249.9505,222.6176,19,81.87330438596491,168.07719561403508,196.70330344827588,273.39066228070186,173.26314116757402,ok
2000-08,2001-01,2001,1,6,295.55020833333333,192.5309,19,70.77994692982456,224.77026140350875,272.0799833333333,328.51341008771925,239.11678157894738,ok
2000-09,2001-02,2001,2,6,324.36429166666665,153.1069,19,92.39353070175439,231.97076096491224,229.59109333333336,328.2333464912281,225.72203850877193,ok
2000-10,2001-03,2001,3,6,392.2515833333334,249.1479,19,126.05200745614036,266.199575877193,267.01911666666666,374.0691074561404,285.20159254385965,ok
2000-11,2001-04,2001,4,6,222.54479166666667,196.9268,19,0.9052210526315755,221.63957061403508,206.29280999999995,206.67107894736841,222.1665227192982,ok
2000-12,2001-05,2001,5,6,27.98925,140.175,19,-78.14622587719299,106.13547587719299,84.23162666666664,22.623089912280705,89.59778675438594,ok
2001-01,2001-06,2001,6,6,1.1555833333333334,5.0237,19,-5.461607456140351,6.6171907894736846,7.466720689655171,0.9935504385964912,7.628753584392013,ok
2001-02,2001-07,2001,7,6,2.499875,2.3266,19,-2.6803228070175447,5.180197807017544,4.607748275862068,0.9815350877192982,6.12608818814277,ok
2001-03,2001-08,2001,8,6,1.6070833333333334,7.2041,19,-8.05635394736842,9.663437280701753,12.334151724137932,2.3219144736842106,11.619320583787054,ok
2001-04,2001-09,2001,9,6,7.992083333333333,33.0017,19,-45.492149561403515,53.48423289473685,59.6017103448276,6.954050438596489,60.639743239564446,ok
2001-05,2001-10,2001,10,6,33.45758333333333,130.0808,19,-79.2392754385965,112.69685877192983,126.28025172413795,24.459798245614035,135.27803681185725,ok
2001-06,2001-11,2001,11,6,122.472,196.3446,19,-61.786349561403526,184.25834956140352,190.3646551724138,121.26468201754386,191.5719731548699,ok
2001-07,2001-12,2001,12,6,266.60125,209.0467,19,80.28269122807019,186.31855877192982,197.1712655172414,272.5143070175439,191.2582084996975,ok
2001-08,2002-01,2002,1,6,369.887,368.8524,19,76.14756315789474,293.73943684210525,266.20259999999996,324.60094736842103,311.48865263157893,ok
2001-09,2002-02,2002,2,6,318.7799166666667,190.9456,19,94.67895570175436,224.1009609649123,228.32980333333336,328.5272609649123,218.58245903508777,ok
2001-10,2002-03,2002,3,6,363.48120833333337,178.8799,19,123.86792192982456,239.61328640350882,269.3613833333333,375.5833377192983,257.2592539473684,ok
2001-11,2002-04,2002,4,6,161.794875,124.7968,19,0.3062692982456129,161.48860570175438,208.69714333333332,209.86844298245614,160.62357535087716,ok
2001-12,2002-05,2002,5,6,22.755291666666665,103.8934,19,-79.78031228070175,102.53560394736841,85.44101333333332,22.898561403508772,85.29774359649122,ok
2002-01,2002-06,2002,6,6,0.34554166666666664,6.7952,19,-5.325736842105263,5.6712785087719295,7.40563448275862,1.0361842105263157,6.7149919388989705,ok
2002-02,2002-07,2002,7,6,1.2499583333333333,2.1991,19,-2.621248245614036,3.871206578947369,4.6121448275862065,1.0473201754385966,4.814782985480943,ok
2002-03,2002-08,2002,8,6,1.5959583333333331,1.0971,19,-8.377189473684208,9.973147807017542,12.544737931034485,2.3225000000000002,11.818196264367817,ok
2002-04,2002-09,2002,9,6,6.199208333333334,67.2486,19,-43.59531929824562,49.79452763157895,58.420782758620696,7.048412280701755,57.57157881125227,ok
2002-05,2002-10,2002,10,6,32.040416666666665,93.122,19,-81.10988771929824,113.15030438596492,127.55469310344829,24.53438596491228,135.06072380520268,ok
2002-06,2002-11,2002,11,6,103.51795833333334,141.559,19,-63.6722210526316,167.19017938596494,192.25381379310346,122.26226315789475,173.50950896854204,ok
2002-07,2002-12,2002,12,6,278.107125,198.8721,19,79.14161359649124,198.96551140350874,197.5221137931035,271.90873464912283,203.72050414398066,ok
2002-08,2003-01,2003,1,6,303.49625,226.3735,19,72.14292368421052,231.35332631578945,270.95189666666664,328.09519736842105,246.35294929824556,ok
2002-09,2003-02,2003,2,6,280.244125,242.0345,19,99.3960447368421,180.8480802631579,226.62684000000002,330.55546052631576,176.31550447368426,ok
2002-10,2003-03,2003,3,6,311.77691666666664,210.3821,19,128.24721096491228,183.52970570175435,268.31131,378.30461622807024,201.78361043859638,ok
2002-11,2003-04,2003,4,6,210.01679166666668,166.9079,19,-0.015352631578948424,210.0321442982456,207.29343999999998,207.33044736842106,209.9797842982456,ok
2002-12,2003-05,2003,5,6,27.063000000000002,100.5299,19,-80.18406008771929,107.24706008771929,85.55312999999998,22.671839912280706,89.94429008771928,ok
2003-01,2003-06,2003,6,6,1.468791666666667,12.2745,19,-5.096471052631578,6.565262719298246,7.216693103448276,0.977065789473684,7.708418980641259,ok
2003-02,2003-07,2003,7,6,0.7477916666666666,1.88,19,-2.6116131578947375,3.359404824561404,4.623148275862068,1.0737499999999998,4.2971899425287345,ok
2003-03,2003-08,2003,8,6,0.49104166666666665,33.5851,19,-6.609141228070175,7.100182894736842,11.424462068965518,2.38065350877193,9.534850226860254,ok
2003-04,2003-09,2003,9,6,3.35875,34.1644,19,-45.1870951754386,48.5458451754386,59.561617241379324,7.197910087719298,55.722457153660024,ok
2003-05,2003-10,2003,10,6,15.367333333333335,102.8612,19,-79.71976754385965,95.08710087719298,127.21885862068967,25.411916666666666,117.17427528735634,ok
2003-06,2003-11,2003,11,6,94.046375,171.1685,19,-61.615321929824574,155.6616969298246,191.23279655172416,122.76076754385967,162.5184040078645,ok
2003-07,2003-12,2003,12,6,272.44908333333336,191.1895,19,79.03505789473684,193.41402543859652,197.7870310344828,272.2065263157895,198.02958805202664,ok
2003-08,2004-01,2004,1,6,326.11762500000003,330.2411,19,76.41904078947367,249.69858421052635,267.4896433333333,326.9045986842105,266.7026696491228,ok
2003-09,2004-02,2004,2,6,353.93683333333337,337.9902,19,100.56778114035086,253.3690521929825,223.42831666666672,326.6768969298245,250.68825307017556,ok
2003-10,2004-03,2004,3,6,396.48133333333334,263.3091,19,126.5747153508772,269.90661798245617,266.54707666666667,373.8464890350878,289.1819209649122,ok
2003-11,2004-04,2004,4,6,205.18925000000002,153.5851,19,-0.462471491228073,205.6517214912281,207.73753333333332,207.58452850877194,205.3422548245614,ok
2003-12,2004-05,2004,5,6,33.971,29.0041,19,-84.3121548245614,118.2831548245614,87.93732333333332,22.308260964912286,99.60006236842104,ok
2004-01,2004-06,2004,6,6,0.8315833333333332,11.5046,19,-5.103454824561403,5.935038157894737,7.2432413793103425,1.0106030701754385,7.064221642468238,ok
2004-02,2004-07,2004,7,6,1.2499583333333333,24.0552,19,-1.470927192982456,2.720885526315789,3.8584862068965515,1.0473201754385966,4.061124364791288,ok
2004-03,2004-08,2004,8,6,3.5824583333333333,45.2683,19,-6.156942105263157,9.73940043859649,11.021593103448277,2.217947368421053,12.386104068360558,ok
2004-04,2004-09,2004,9,6,5.637583333333333,24.8521,19,-45.7971548245614,51.434738157894735,59.88273103448276,7.0779714912280705,58.44234287658802,ok
2004-05,2004-10,2004,10,6,14.508041666666665,156.836,19,-76.83376271929824,91.3418043859649,125.35765862068966,25.45714254385965,114.40855774349667,ok
2004-06,2004-11,2004,11,6,113.11920833333333,135.0896,19,-64.51804473684211,177.63725307017546,192.47689655172414,121.75693421052631,183.83917067453115,ok
2004-07,2004-12,2004,12,6,262.182,159.7892,19,77.92278333333333,184.2592166666667,198.86980000000003,272.74689912280706,188.30490087719298,ok
2004-08,2005-01,2005,1,6,364.09495833333335,258.8253,19,70.66150745614033,293.433450877193,269.87017,324.9057916666667,309.05933666666664,ok
2004-09,2005-02,2005,2,6,312.520375,252.3165,19,98.23845263157895,214.28192236842105,226.28410666666667,328.8567105263158,209.94777114035088,ok
2004-10,2005-03,2005,3,6,349.30808333333334,402.6636,19,136.3919653508772,212.91611798245614,261.90192666666667,376.32929166666673,234.88071833333328,ok
2004-11,2005-04,2005,4,6,186.17045833333336,143.7686,19,0.021859649122801198,186.14859868421055,208.06474999999995,208.58551754385965,185.64969078947365,ok
2004-12,2005-05,2005,5,6,28.234750000000002,73.4273,19,-81.67218377192982,109.90693377192983,86.45654999999998,22.610168859649125,92.08113114035086,ok
2005-01,2005-06,2005,6,6,0.9071666666666668,0.5479,19,-5.684101315789474,6.591267982456141,7.621058620689654,1.0066249999999999,7.521600287356321,ok
2005-02,2005-07,2005,7,6,0.234375,1.8672,19,-2.585264912280702,2.819639912280702,4.623589655172413,1.1007719298245613,3.757192725347852,ok
2005-03,2005-08,2005,8,6,0.6807916666666666,1.159,19,-8.3257649122807,9.006556578947366,12.542603448275862,2.3706666666666667,10.852728448275862,ok
2005-04,2005-09,2005,9,6,4.805916666666667,69.9723,19,-43.3786355263158,48.184552192982466,58.326862068965525,7.1217434210526305,56.01103531457956,ok
2005-05,2005-10,2005,10,6,13.459041666666666,43.3954,19,-82.7491100877193,96.20815175438597,129.26940344827588,25.51235307017544,117.21609204476711,ok
2005-06,2005-11,2005,11,6,108.21604166666667,162.476,19,-62.81859385964914,171.0346355263158,191.53253793103448,122.0149956140351,177.73358398366605,ok
2005-07,2005-12,2005,12,6,231.703875,270.7065,19,85.36464780701755,146.33922719298246,195.04506551724143,274.3510109649123,152.39792955232915,ok
2005-08,2006-01,2006,1,6,332.06579166666666,166.8556,19,67.50674254385964,264.559049122807,272.9358266666666,326.59153728070174,278.41008105263154,ok
2005-09,2006-02,2006,2,6,334.010875,230.8724,19,95.97873684210526,238.03213815789474,226.99891,327.7256315789474,233.2841534210526,ok
2005-10,2006-03,2006,3,6,406.3355833333333,267.8005,19,126.2924600877193,280.043123245614,266.3973633333333,373.3278442982457,299.40510236842096,ok
2005-11,2006-04,2006,4,6,187.98479166666667,429.1988,19,14.94901052631579,173.03578114035088,198.55040999999997,208.49002631578946,178.04517535087717,ok
2005-12,2006-05,2006,5,6,37.87708333333334,133.2095,19,-79.03324342105265,116.91032675438598,84.46380999999998,22.10267763157895,100.23821570175437,ok
2006-01,2006-06,2006,6,6,0.9503750000000001,0.6042,19,-5.683412280701755,6.633787280701755,7.619117241379309,1.0043508771929823,7.565141364186326,ok
2006-02,2006-07,2006,7,6,1.3504166666666668,1.5265,19,-2.66193552631579,4.012352192982457,4.635337931034482,1.042032894736842,4.943721702964307,ok
2006-03,2006-08,2006,8,6,4.0957083333333335,12.4889,19,-7.909186842105262,12.004895175438595,12.15191724137931,2.190934210526316,14.056691364186328,ok
2006-04,2006-09,2006,9,6,8.715583333333333,73.0467,19,-43.422596929824564,52.1381802631579,58.220848275862075,6.9159714912280705,60.02046011796734,ok
2006-05,2006-10,2006,10,6,38.245416666666664,156.2402,19,-78.11445614035087,116.35987280701752,125.37820344827587,24.20780701754386,139.41581309739868,ok
2006-06,2006-11,2006,11,6,128.358,160.8529,19,-63.964123245614054,192.32212324561405,191.5885068965517,120.95489254385966,198.99161435269207,ok
2006-07,2006-12,2006,12,6,268.54316666666665,150.7779,19,77.11370614035087,191.42946052631578,199.18053448275867,272.41210087719304,195.31160027223228,ok
2006-08,2007-01,2007,1,6,329.21999999999997,243.8694,19,71.70987894736841,257.5101210526316,270.3687,326.7413157894737,272.8473842105263,ok
2006-09,2007-02,2007,2,6,288.1368333333333,391.6001,19,106.85251271929823,181.28432061403507,221.64132000000004,330.1400548245614,179.63809850877195,ok
2006-10,2007-03,2007,3,6,321.9325,144.3091,19,124.2351802631579,197.6973197368421,270.5137433333333,377.77011184210534,214.67613149122798,ok
2006-11,2007-04,2007,4,6,181.82879166666666,203.9629,19,3.418489473684206,178.41030219298244,206.0582733333333,208.81402631578948,179.07303868421047,ok
2006-12,2007-05,2007,5,6,13.860791666666666,59.8926,19,-81.62801228070175,95.48880394736842,86.90770666666666,23.366692982456144,77.40180535087718,ok
2007-01,2007-06,2007,6,6,0.6803750000000001,0.6092,19,-5.668938596491228,6.3493135964912275,7.618944827586206,1.018561403508772,7.280758424077434,ok
2007-02,2007-07,2007,7,6,0.8036249999999999,2.6528,19,-2.573878070175439,3.3775030701754387,4.596499999999999,1.070811403508772,4.329313596491227,ok
2007-03,2007-08,2007,8,6,1.9865000000000002,1.474,19,-8.37790745614035,10.36440745614035,12.531741379310345,2.301945175438597,12.216296203871748,ok
2007-04,2007-09,2007,9,6,6.696000000000001,24.48,19,-45.8724451754386,52.5684451754386,59.895562068965525,7.022265350877192,59.56929671808833,ok
2007-05,2007-10,2007,10,6,15.523416666666668,90.3212,19,-80.38798245614035,95.91139912280701,127.65127241379312,25.403701754385967,117.77098732607382,ok
2007-06,2007-11,2007,11,6,94.75920833333333,140.1645,19,-63.28462894736843,158.04383728070178,192.3019,122.72325000000001,164.33785833333332,ok
2007-07,2007-12,2007,12,6,273.74370833333336,154.6319,19,77.0428355263158,196.70087280701756,199.04763793103453,272.1383881578948,200.6529581064731,ok
2007-08,2008-01,2008,1,6,329.175375,277.9576,19,73.50634342105262,255.66903157894734,269.23242666666664,326.7436644736842,271.6641371929824,ok
2007-09,2008-02,2008,2,6,366.04733333333337,227.3554,19,94.10750219298245,271.9398311403509,227.11614333333333,326.0395021929824,267.12397447368426,ok
2007-10,2008-03,2008,3,6,395.13100000000003,291.7903,19,128.1447960526316,266.98620394736844,265.59770333333336,373.91755921052635,286.81114412280704,ok
2007-11,2008-04,2008,4,6,212.12270833333332,198.2004,19,1.5207833333333298,210.601925,206.25035666666665,207.21960964912282,211.15345535087715,ok
2007-12,2008-05,2008,5,6,20.757541666666665,156.4351,19,-76.90981491228071,97.66735657894738,83.68962333333333,23.00370614035088,81.44345885964911,ok
2008-01,2008-06,2008,6,6,0.82075,1.2231,19,-5.644016228070176,6.464766228070176,7.597775862068964,1.0111732456140352,7.407352616454929,ok
2008-02,2008-07,2008,7,6,2.9127499999999995,1.8809,19,-2.725510964912281,5.638260964912281,4.62311724137931,0.9598048245614035,6.576062416817906,ok
2008-03,2008-08,2008,8,6,4.0065,10.0751,19,-8.031533771929825,12.038033771929825,12.23515172413793,2.1956293859649123,14.046022338173017,ok
2008-04,2008-09,2008,9,6,11.415541666666668,35.7506,19,-45.52765263157895,56.94319429824562,59.506920689655175,6.773868421052631,64.14859393526922,ok
2008-05,2008-10,2008,10,6,28.926708333333334,71.4708,19,-82.0855451754386,111.01225350877193,128.30128620689655,24.698265350877193,132.52972918935268,ok
2008-06,2008-11,2008,11,6,128.16366666666667,228.8043,19,-60.377505701754394,188.54117236842106,189.24535517241378,120.96512061403509,196.44390122504535,ok
2008-07,2008-12,2008,12,6,244.00229166666668,198.2564,19,80.90419956140352,163.09809210526316,197.54334482758625,273.703725877193,167.84191061705994,ok
2008-08,2009-01,2009,1,6,311.6765,176.1671,19,69.06994210526315,242.60655789473682,272.6254433333333,327.6646578947368,256.63728543859645,ok
2008-09,2009-02,2009,2,6,326.72316666666666,173.2144,19,93.32766885964912,233.39549780701753,228.92084333333335,328.1091951754386,227.53481482456144,ok
2008-10,2009-03,2009,3,6,381.47108333333335,237.6584,19,126.01469166666668,255.45639166666666,267.4021,374.6365021929825,274.23668114035087,ok
2008-11,2009-04,2009,4,6,203.34245833333333,291.4855,19,6.8926438596491195,196.4498144736842,203.14085333333333,207.68172807017544,198.8015835964912,ok
2008-12,2009-05,2009,5,6,20.668333333333333,287.1656,19,-70.02456710526316,90.6929004385965,79.33194,23.008401315789474,76.99187201754387,ok
2009-01,2009-06,2009,6,6,1.2959166666666666,15.2435,19,-4.931109210526317,6.227025877192983,7.114313793103446,0.9861644736842107,7.424065986085902,ok
2009-02,2009-07,2009,7,6,1.8749166666666668,2.7198,19,-2.6267355263157897,4.501652192982457,4.594189655172413,1.0144276315789473,5.454678690260133,ok
2009-03,2009-08,2009,8,6,5.178166666666667,15.226,19,-7.822100438596491,13.000267105263159,12.057534482758621,2.1339627192982458,15.101738430127043,ok
2009-04,2009-09,2009,9,6,14.536833333333334,49.6335,19,-44.961252192982464,59.4980855263158,59.02820000000001,6.609589912280701,66.95544342105265,ok
2009-05,2009-10,2009,10,6,35.366125000000004,145.1622,19,-78.54596710526316,113.91209210526316,125.76020344827586,24.359348684210527,136.76697976406533,ok
2009-06,2009-11,2009,11,6,135.064875,129.9771,19,-65.94215877192984,201.00703377192985,192.65318965517238,120.60189912280703,207.11616553236536,ok
2009-07,2009-12,2009,12,6,316.0400416666667,238.1976,19,79.21490745614035,236.82513421052636,196.16606206896557,269.9122653508772,242.29383838475508,ok
2009-08,2010-01,2010,1,6,341.45133333333337,206.4191,19,69.09505614035088,272.3562771929825,271.6170433333333,326.09756140350873,286.97081526315793,ok
2009-09,2010-02,2010,2,6,258.541875,189.3031,19,97.76293157894736,160.77894342105265,228.38455333333334,331.6976842105263,155.22874412280706,ok
2009-10,2010-03,2010,3,6,317.22295833333334,170.6808,19,125.87103508771933,191.351923245614,269.63468666666665,378.01798245614043,208.83966254385956,ok
2009-11,2010-04,2010,4,6,170.61845833333334,179.409,19,2.7161964912280654,167.90226184210528,206.87673666666666,209.40404385964914,168.09115114035086,ok
2009-12,2010-05,2010,5,6,21.248666666666665,36.5434,19,-83.24575307017544,104.4944197368421,87.68601333333332,22.977857456140352,85.95682254385963,ok
2010-01,2010-06,2010,6,6,1.14475,8.1085,19,-5.298679385964912,6.4434293859649125,7.3603482758620675,0.9941206140350879,7.5109776618269795,ok
2010-02,2010-07,2010,7,6,0.5357083333333333,1.8517,19,-2.6019403508771934,3.137648684210527,4.624124137931034,1.0849122807017544,4.0749201905626125,ok
2010-03,2010-08,2010,8,6,0.6585,1.1641,19,-8.324323245614035,8.982823245614036,12.542427586206896,2.371839912280702,10.829087673926194,ok
2010-04,2010-09,2010,9,6,2.0734999999999997,2.3148,19,-46.795745175438604,48.86924517543861,60.65987931034483,7.265554824561404,55.467824485783424,ok
2010-05,2010-10,2010,10,6,22.788666666666668,136.1532,19,-78.35815350877193,101.1468201754386,126.07085862068966,25.0213201754386,123.83820511191773,ok
2010-06,2010-11,2010,11,6,126.42479166666668,142.1422,19,-64.84714912280702,191.27194078947372,192.23370344827583,121.0566403508772,197.6018547640653,ok
2010-07,2010-12,2010,12,6,302.69266666666664,168.2896,19,76.23803245614036,226.45463421052628,198.57668275862073,270.61475877192987,230.6545906533575,ok
2010-08,2011-01,2011,1,6,307.36879166666665,274.405,19,74.46707938596491,232.90171228070176,269.35084666666665,327.89137938596485,248.82825894736845,ok
2010-09,2011-02,2011,2,6,344.39325,316.7195,19,99.9505644736842,244.4426855263158,224.13734000000002,327.17919078947364,241.3513992105264,ok
2010-10,2011-03,2011,3,6,390.153625,240.0053,19,125.68123684210528,264.47238815789467,267.32387,374.1795263157896,283.2979686842104,ok
2010-11,2011-04,2011,4,6,217.19870833333334,220.1464,19,2.408678070175434,214.79003026315792,205.51882333333333,206.95245175438598,215.7650799122807,ok
2010-12,2011-05,2011,5,6,16.527916666666666,102.807,19,-79.50973464912282,96.03765131578949,85.47722666666667,23.22631798245614,78.77882535087718,ok
