init_date,target_month,target_ano,target_mes,lead,forecast_raw,observacao,n_treino,periodo_treino_inicio,periodo_treino_fim,bias_aditivo,forecast_calibrado,climatologia_observada,climatologia_modelo_raw,benchmark_anomalia_reconstruida,status_calibracao,climatologia_modelo_calibrado,n_climatologia_modelo_calibrado
1991-01,1991-01,1991,1,1,265.58566666666667,342.9423,0,,,,,292.25213999999994,,,warmup_amostra_insuficiente,,0
1991-02,1991-02,1991,2,1,216.55870833333333,178.9798,0,,,,,222.77965000000003,,,warmup_amostra_insuficiente,,0
1991-03,1991-03,1991,3,1,265.7865,354.0018,0,,,,,294.42467999999997,,,warmup_amostra_insuficiente,,0
1991-04,1991-04,1991,4,1,155.01250000000002,214.6288,0,,,,,206.46041999999997,,,warmup_amostra_insuficiente,,0
1991-05,1991-05,1991,5,1,43.635625000000005,128.0413,0,,,,,48.429050000000004,,,warmup_amostra_insuficiente,,0
1991-06,1991-06,1991,6,1,0.6586666666666666,0.7033,0,,,,,9.38869,,,warmup_amostra_insuficiente,,0
1991-07,1991-07,1991,7,1,0.2567083333333333,1.9531,0,,,,,6.404940000000001,,,warmup_amostra_insuficiente,,0
1991-08,1991-08,1991,8,1,0.11166666666666668,1.2135,0,,,,,16.050330000000002,,,warmup_amostra_insuficiente,,0
1991-09,1991-09,1991,9,1,6.663625,73.9762,0,,,,,73.19717999999999,,,warmup_amostra_insuficiente,,0
1991-10,1991-10,1991,10,1,20.300083333333333,58.2752,0,,,,,169.18448999999998,,,warmup_amostra_insuficiente,,0
1991-11,1991-11,1991,11,1,53.81645833333334,141.8015,0,,,,,204.26054000000002,,,warmup_amostra_insuficiente,,0
1991-12,1991-12,1991,12,1,148.16016666666667,139.2974,0,,,,,206.55659999999997,,,warmup_amostra_insuficiente,,0
1992-01,1992-01,1992,1,1,125.17066666666666,307.6078,1,,,,,296.8603363636363,265.58566666666667,156.44533636363627,warmup_amostra_insuficiente,,0
1992-02,1992-02,1992,2,1,261.95004166666666,144.7331,1,,,,,218.7978454545455,216.55870833333333,264.18917878787886,warmup_amostra_insuficiente,,0
1992-03,1992-03,1992,3,1,197.81091666666669,155.372,1,,,,,299.8407818181818,265.7865,231.86519848484852,warmup_amostra_insuficiente,,0
1992-04,1992-04,1992,4,1,127.02945833333332,102.9542,1,,,,,207.20299999999997,155.01250000000002,179.2199583333333,warmup_amostra_insuficiente,,0
1992-05,1992-05,1992,5,1,19.585791666666665,24.3743,1,,,,,55.66652727272728,43.635625000000005,31.61669393939394,warmup_amostra_insuficiente,,0
1992-06,1992-06,1992,6,1,1.2634999999999998,1.0095,1,,,,,8.599109090909092,0.6586666666666666,9.203942424242426,warmup_amostra_insuficiente,,0
1992-07,1992-07,1992,7,1,0.6807916666666666,2.0289,1,,,,,6.000227272727273,0.2567083333333333,6.424310606060606,warmup_amostra_insuficiente,,0
1992-08,1992-08,1992,8,1,0.10049999999999999,13.0445,1,,,,,14.701527272727276,0.11166666666666668,14.69036060606061,warmup_amostra_insuficiente,,0
1992-09,1992-09,1992,9,1,2.095125,135.5711,1,,,,,73.26799999999999,6.663625,68.69949999999999,warmup_amostra_insuficiente,,0
1992-10,1992-10,1992,10,1,16.572666666666667,62.0723,1,,,,,159.10182727272726,20.300083333333333,155.3744106060606,warmup_amostra_insuficiente,,0
1992-11,1992-11,1992,11,1,58.92483333333333,214.2915,1,,,,,198.58244545454545,53.81645833333334,203.69082045454545,warmup_amostra_insuficiente,,0
1992-12,1992-12,1992,12,1,138.54025,239.5717,1,,,,,200.44212727272725,148.16016666666667,190.82221060606057,warmup_amostra_insuficiente,,0
1993-01,1993-01,1993,1,1,199.68595833333333,121.8043,2,,,,,297.75595833333324,195.37816666666666,302.0637499999999,warmup_amostra_insuficiente,,0
1993-02,1993-02,1993,2,1,209.492625,307.8407,2,,,,,212.62578333333337,239.25437499999998,182.8640333333334,warmup_amostra_insuficiente,,0
1993-03,1993-03,1993,3,1,168.40445833333334,153.1779,2,,,,,287.80171666666666,231.79870833333334,224.40746666666666,warmup_amostra_insuficiente,,0
1993-04,1993-04,1993,4,1,129.97799999999998,250.0943,2,,,,,198.51559999999998,141.02097916666668,187.47262083333328,warmup_amostra_insuficiente,,0
1993-05,1993-05,1993,5,1,36.27,95.5974,2,,,,,53.058841666666666,31.610708333333335,57.718133333333334,warmup_amostra_insuficiente,,0
1993-06,1993-06,1993,6,1,1.7926250000000001,0.586,2,,,,,7.966641666666668,0.9610833333333333,8.798183333333334,warmup_amostra_insuficiente,,0
1993-07,1993-07,1993,7,1,0.6138333333333333,1.8793,2,,,,,5.669283333333335,0.46874999999999994,5.814366666666668,warmup_amostra_insuficiente,,0
1993-08,1993-08,1993,8,1,0.5469166666666666,40.5665,2,,,,,14.56344166666667,0.10608333333333334,15.004275000000003,warmup_amostra_insuficiente,,0
1993-09,1993-09,1993,9,1,4.460416666666666,56.4376,2,,,,,78.45992499999998,4.379375,78.54096666666665,warmup_amostra_insuficiente,,0
1993-10,1993-10,1993,10,1,30.846208333333333,126.1723,2,,,,,151.01603333333333,18.436374999999998,163.42586666666665,warmup_amostra_insuficiente,,0
1993-11,1993-11,1993,11,1,79.49875,225.9903,2,,,,,199.8915333333333,56.370645833333334,223.0196375,warmup_amostra_insuficiente,,0
1993-12,1993-12,1993,12,1,218.47929166666665,216.8044,2,,,,,203.70292499999996,143.35020833333334,278.8320083333333,warmup_amostra_insuficiente,,0
1994-01,1994-01,1994,1,1,241.79262500000002,330.218,3,,,,,284.2212153846153,196.81409722222222,329.1997431623931,warmup_amostra_insuficiente,,0
1994-02,1994-02,1994,2,1,224.97554166666666,306.4669,3,,,,,219.95000769230774,229.33379166666666,215.59175769230774,warmup_amostra_insuficiente,,0
1994-03,1994-03,1994,3,1,257.104125,311.1998,3,,,,,277.4460384615385,210.66729166666667,323.8828717948718,warmup_amostra_insuficiente,,0
1994-04,1994-04,1994,4,1,180.83525,176.4476,3,,,,,202.48319230769232,137.3399861111111,245.97845619658122,warmup_amostra_insuficiente,,0
1994-05,1994-05,1994,5,1,18.05695833333333,50.2617,3,,,,,56.33103846153846,33.16380555555556,41.22419123931623,warmup_amostra_insuficiente,,0
1994-06,1994-06,1994,6,1,2.592041666666667,40.3001,3,,,,,7.398900000000001,1.2382638888888888,8.752677777777778,warmup_amostra_insuficiente,,0
1994-07,1994-07,1994,7,1,0.17858333333333332,1.843,3,,,,,5.3777461538461555,0.5171111111111111,5.039218376068378,warmup_amostra_insuficiente,,0
1994-08,1994-08,1994,8,1,1.4954999999999998,6.3765,3,,,,,16.563676923076926,0.2530277777777778,17.80614914529915,warmup_amostra_insuficiente,,0
1994-09,1994-09,1994,9,1,4.914,57.4679,3,,,,,76.76589999999999,4.4063888888888885,77.2735111111111,warmup_amostra_insuficiente,,0
1994-10,1994-10,1994,10,1,12.030458333333334,114.0829,3,,,,,149.10497692307692,22.57298611111111,138.56244914529915,warmup_amostra_insuficiente,,0
1994-11,1994-11,1994,11,1,58.935583333333334,151.223,3,,,,,201.89913076923074,64.0800138888889,196.75470021367516,warmup_amostra_insuficiente,,0
1994-12,1994-12,1994,12,1,139.93525,200.9509,3,,,,,204.71073076923074,168.39323611111112,176.2527446581196,warmup_amostra_insuficiente,,0
1995-01,1995-01,1995,1,1,291.610875,156.6185,4,,,,,287.5066999999999,208.05872916666667,371.0588458333333,warmup_amostra_insuficiente,,0
1995-02,1995-02,1995,2,1,278.73224999999996,232.7107,4,,,,,226.12978571428576,228.24422916666666,276.61780654761907,warmup_amostra_insuficiente,,0
1995-03,1995-03,1995,3,1,211.39283333333333,218.3206,4,,,,,279.8570214285714,222.2765,268.9733547619047,warmup_amostra_insuficiente,,0
1995-04,1995-04,1995,4,1,194.51874999999998,255.6784,4,,,,,200.62350714285714,148.21380208333332,246.9284550595238,warmup_amostra_insuficiente,,0
1995-05,1995-05,1995,5,1,51.57033333333333,188.1476,4,,,,,55.89751428571429,29.387093750000002,78.08075386904761,warmup_amostra_insuficiente,,0
1995-06,1995-06,1995,6,1,1.4255416666666667,0.5023,4,,,,,9.748985714285714,1.5767083333333334,9.597819047619048,warmup_amostra_insuficiente,,0
1995-07,1995-07,1995,7,1,0.29025,1.9521,4,,,,,5.125264285714287,0.43247916666666664,4.983035119047621,warmup_amostra_insuficiente,,0
1995-08,1995-08,1995,8,1,0.08933333333333333,1.2264,4,,,,,15.83602142857143,0.5636458333333333,15.36170892857143,warmup_amostra_insuficiente,,0
1995-09,1995-09,1995,9,1,0.853125,24.8694,4,,,,,75.38747142857142,4.533291666666667,71.70730476190475,warmup_amostra_insuficiente,,0
1995-10,1995-10,1995,10,1,10.445791666666667,82.7379,4,,,,,146.6034,19.937354166666665,137.1118375,warmup_amostra_insuficiente,,0
1995-11,1995-11,1995,11,1,59.34591666666666,247.2129,4,,,,,198.2794071428571,62.793906250000006,194.83141755952377,warmup_amostra_insuficiente,,0
1995-12,1995-12,1995,12,1,164.48716666666667,191.1246,4,,,,,204.44217142857138,161.27873958333333,207.65059851190472,warmup_amostra_insuficiente,,0
1996-01,1996-01,1996,1,1,215.5665,224.1528,5,,,,,278.7808199999999,224.76915833333334,269.5781616666666,warmup_amostra_insuficiente,,0
1996-02,1996-02,1996,2,1,138.935625,225.4247,5,,,,,226.56851333333336,238.3418333333333,127.16230500000003,warmup_amostra_insuficiente,,0
1996-03,1996-03,1996,3,1,237.12770833333335,302.7974,5,,,,,275.75459333333333,220.09976666666665,292.78253500000005,warmup_amostra_insuficiente,,0
1996-04,1996-04,1996,4,1,198.9682916666667,321.9434,5,,,,,204.29383333333334,157.47479166666665,245.78733333333338,warmup_amostra_insuficiente,,0
1996-05,1996-05,1996,5,1,25.82420833333333,98.9982,5,,,,,64.71418666666666,33.82374166666666,56.71465333333333,warmup_amostra_insuficiente,,0
1996-06,1996-06,1996,6,1,2.386833333333333,0.4652,5,,,,,9.13254,1.546475,9.972898333333333,warmup_amostra_insuficiente,,0
1996-07,1996-07,1996,7,1,0.10049999999999999,1.9521,5,,,,,4.913720000000001,0.4040333333333333,4.610186666666668,warmup_amostra_insuficiente,,0
1996-08,1996-08,1996,8,1,0.42412500000000003,1.4883,5,,,,,14.862046666666668,0.4687833333333333,14.817388333333335,warmup_amostra_insuficiente,,0
1996-09,1996-09,1996,9,1,2.4407916666666667,9.7369,5,,,,,72.0196,3.797258333333333,70.66313333333333,warmup_amostra_insuficiente,,0
1996-10,1996-10,1996,10,1,26.929125,145.0933,5,,,,,142.3457,18.039041666666666,151.23578333333333,warmup_amostra_insuficiente,,0
1996-11,1996-11,1996,11,1,105.80754166666667,222.7092,5,,,,,201.54163999999997,62.104308333333336,245.24487333333332,warmup_amostra_insuficiente,,0
1996-12,1996-12,1996,12,1,81.79158333333334,130.1745,5,,,,,203.55433333333332,161.920425,123.42549166666666,warmup_amostra_insuficiente,,0
1997-01,1997-01,1997,1,1,199.563125,403.2083,6,,,,,275.36656875,223.2353819444444,251.6943118055556,warmup_amostra_insuficiente,,0
1997-02,1997-02,1997,2,1,127.88487500000001,180.4594,6,,,,,226.497025,221.77413194444443,132.6077680555556,warmup_amostra_insuficiente,,0
1997-03,1997-03,1997,3,1,305.4157083333333,452.1152,6,,,,,277.44476875,222.93775694444446,359.92272013888885,warmup_amostra_insuficiente,,0
1997-04,1997-04,1997,4,1,179.67970833333334,290.1342,6,,,,,211.64693125,164.39037499999998,226.93626458333335,warmup_amostra_insuficiente,,0
1997-05,1997-05,1997,5,1,26.371083333333335,68.9381,6,,,,,66.8569375,32.49048611111111,60.73753472222222,warmup_amostra_insuficiente,,0
1997-06,1997-06,1997,6,1,2.4947916666666665,0.6576,6,,,,,8.59083125,1.6865347222222222,9.399088194444445,warmup_amostra_insuficiente,,0
1997-07,1997-07,1997,7,1,0.145125,1.9683,6,,,,,4.72861875,0.3534444444444444,4.520299305555556,warmup_amostra_insuficiente,,0
1997-08,1997-08,1997,8,1,1.1049166666666665,1.2265,6,,,,,14.026187499999999,0.46134027777777775,14.669763888888887,warmup_amostra_insuficiente,,0
1997-09,1997-09,1997,9,1,4.298416666666667,47.0877,6,,,,,68.12693125,3.5711805555555554,68.85416736111111,warmup_amostra_insuficiente,,0
1997-10,1997-10,1997,10,1,14.530291666666665,98.1562,6,,,,,142.517425,19.520722222222222,137.52699444444445,warmup_amostra_insuficiente,,0
1997-11,1997-11,1997,11,1,51.300041666666665,75.7109,6,,,,,202.86461250000002,69.38818055555556,184.77647361111113,warmup_amostra_insuficiente,,0
1997-12,1997-12,1997,12,1,141.88829166666667,199.815,6,,,,,198.96809374999998,148.56561805555555,192.2907673611111,warmup_amostra_insuficiente,,0
1998-01,1998-01,1998,1,1,176.35025,347.458,7,,,,,282.8866705882353,219.85363095238094,239.38328963585434,warmup_amostra_insuficiente,,0
1998-02,1998-02,1998,2,1,193.425125,127.8253,7,,,,,223.7889294117647,208.36138095238093,208.8526734593838,warmup_amostra_insuficiente,,0
1998-03,1998-03,1998,3,1,239.036125,242.0988,7,,,,,287.7195,234.72032142857142,292.0353035714286,warmup_amostra_insuficiente,,0
1998-04,1998-04,1998,4,1,134.90279166666667,54.1047,7,,,,,216.2638294117647,166.57456547619046,184.59205560224092,warmup_amostra_insuficiente,,0
1998-05,1998-05,1998,5,1,23.503,74.6596,7,,,,,66.97935882352942,31.616285714285713,58.866073109243715,warmup_amostra_insuficiente,,0
1998-06,1998-06,1998,6,1,1.2203333333333333,16.0121,7,,,,,8.124170588235295,1.8019999999999998,7.542503921568628,warmup_amostra_insuficiente,,0
1998-07,1998-07,1998,7,1,0.07816666666666668,3.3565,7,,,,,4.566247058823529,0.3236845238095238,4.320729201680672,warmup_amostra_insuficiente,,0
1998-08,1998-08,1998,8,1,0.27908333333333335,1.2501,7,,,,,13.273264705882351,0.5532797619047619,12.999068277310922,warmup_amostra_insuficiente,,0
1998-09,1998-09,1998,9,1,0.8315416666666667,13.3474,7,,,,,66.8893294117647,3.6750714285714285,64.04579964985994,warmup_amostra_insuficiente,,0
1998-10,1998-10,1998,10,1,17.867166666666666,89.2952,7,,,,,139.9079411764706,18.80780357142857,138.96730427170868,warmup_amostra_insuficiente,,0
1998-11,1998-11,1998,11,1,132.18116666666666,245.1679,7,,,,,195.3849823529412,66.80416071428571,260.7619883053221,warmup_amostra_insuficiente,,0
1998-12,1998-12,1998,12,1,235.09654166666667,138.7974,7,,,,,199.01791176470587,147.61171428571427,286.50273914565827,warmup_amostra_insuficiente,,0
1999-01,1999-01,1999,1,1,212.45304166666665,215.817,8,,,,,286.4739666666667,214.41570833333333,284.5113,warmup_amostra_insuficiente,,0
1999-02,1999-02,1999,2,1,218.473875,131.3784,8,,,,,218.4576166666667,206.49434895833332,230.43714270833337,warmup_amostra_insuficiente,,0
1999-03,1999-03,1999,3,1,299.5566666666667,283.9542,8,,,,,285.1850166666666,235.259796875,349.4818864583333,warmup_amostra_insuficiente,,0
1999-04,1999-04,1999,4,1,105.15954166666667,162.6196,8,,,,,207.25498888888887,162.61559375000002,149.7989368055555,warmup_amostra_insuficiente,,0
1999-05,1999-05,1999,5,1,50.3205,177.0923,8,,,,,67.40603888888889,30.602125,87.12441388888888,warmup_amostra_insuficiente,,0
1999-06,1999-06,1999,6,1,1.1555416666666667,0.6859,8,,,,,8.56238888888889,1.7292916666666667,7.9886388888888895,warmup_amostra_insuficiente,,0
1999-07,1999-07,1999,7,1,0.04466666666666667,1.9885,8,,,,,4.499038888888888,0.29299479166666664,4.250710763888889,warmup_amostra_insuficiente,,0
1999-08,1999-08,1999,8,1,0.05583333333333334,1.2624,8,,,,,12.60531111111111,0.5190052083333333,12.14213923611111,warmup_amostra_insuficiente,,0
1999-09,1999-09,1999,9,1,1.998,72.5879,8,,,,,63.914777777777786,3.319630208333333,62.593147569444454,warmup_amostra_insuficiente,,0
1999-10,1999-10,1999,10,1,8.191374999999999,112.4277,8,,,,,137.09612222222222,18.690223958333334,126.59727326388888,warmup_amostra_insuficiente,,0
1999-11,1999-11,1999,11,1,115.52758333333334,349.1067,8,,,,,198.15070000000003,74.97628645833333,238.70199687500002,warmup_amostra_insuficiente,,0
1999-12,1999-12,1999,12,1,151.56408333333334,242.5365,8,,,,,195.67232777777775,158.54731770833334,188.68909340277776,warmup_amostra_insuficiente,,0
2000-01,2000-01,2000,1,1,232.55208333333334,260.085,9,,,,,282.7551789473684,214.19763425925925,301.1096280214425,warmup_amostra_insuficiente,,0
2000-02,2000-02,2000,2,1,205.13558333333333,271.7656,9,,,,,213.8745,207.8254074074074,211.18467592592594,warmup_amostra_insuficiente,,0
2000-03,2000-03,2000,3,1,273.54283333333336,185.8099,9,,,,,285.12023684210527,242.40389351851854,316.2591766569201,warmup_amostra_insuficiente,,0
2000-04,2000-04,2000,4,1,112.69795833333335,184.1135,9,,,,,204.90575789473684,156.23158796296298,161.37212826510722,warmup_amostra_insuficiente,,0
2000-05,2000-05,2000,5,1,14.318291666666667,53.6399,9,,,,,73.179,32.793055555555554,54.704236111111115,warmup_amostra_insuficiente,,0
2000-06,2000-06,2000,6,1,2.9267916666666665,4.8153,9,,,,,8.147836842105264,1.6655416666666667,9.409086842105264,warmup_amostra_insuficiente,,0
2000-07,2000-07,2000,7,1,0.558,10.0203,9,,,,,4.366905263157895,0.26540277777777777,4.659502485380117,warmup_amostra_insuficiente,,0
2000-08,2000-08,2000,8,1,0.200875,7.9948,9,,,,,12.008315789473684,0.46754166666666663,11.741649122807019,warmup_amostra_insuficiente,,0
2000-09,2000-09,2000,9,1,8.834458333333332,123.9327,9,,,,,64.37125789473684,3.172782407407407,70.03293382066276,warmup_amostra_insuficiente,,0
2000-10,2000-10,2000,10,1,17.532416666666666,86.4072,9,,,,,135.79778421052632,17.523685185185187,135.8065156920078,warmup_amostra_insuficiente,,0
2000-11,2000-11,2000,11,1,116.22958333333332,192.5216,9,,,,,206.09575263157896,79.48198611111111,242.84334985380116,warmup_amostra_insuficiente,,0
2000-12,2000-12,2000,12,1,227.32920833333333,222.6176,9,,,,,198.13886315789472,157.77140277777778,267.69666871345026,warmup_amostra_insuficiente,,0
2001-01,2001-01,2001,1,1,163.34891666666667,192.5309,10,1991-01,2000-01,-54.95812083333334,218.3070375,281.62167,216.03307916666668,228.93750749999998,ok,,0
2001-02,2001-02,2001,2,1,189.16133333333335,153.1069,10,1991-02,2000-02,-3.2020350000000106,192.36336833333337,216.76905500000004,207.556425,198.3739633333334,ok,,0
2001-03,2001-03,2001,3,1,268.94466666666665,249.1479,10,1991-03,2000-03,-20.3669725,289.3116391666666,280.15472,245.51778750000003,303.5815991666666,ok,,0
2001-04,2001-04,2001,4,1,96.67079166666667,196.9268,10,1991-04,2000-04,-49.39364500000001,146.06443666666667,203.866145,151.87822500000001,148.65871166666665,ok,,0
2001-05,2001-05,2001,5,1,12.901000000000002,140.175,10,1991-05,2000-05,-65.02946083333333,77.93046083333333,72.202045,30.945579166666665,54.15746583333333,ok,,0
2001-06,2001-06,2001,6,1,3.3047500000000003,5.0237,10,1991-06,2000-06,-4.782063333333333,8.086813333333334,7.981210000000002,1.7916666666666665,9.494293333333335,ok,,0
2001-07,2001-07,2001,7,1,0.6808333333333333,2.3266,10,1991-07,2000-07,-2.5995475,3.280380833333333,4.6495750000000005,0.2946625,5.035745833333333,ok,,0
2001-08,2001-08,2001,8,1,1.0490833333333334,7.2041,10,1991-08,2000-08,-7.1240749999999995,8.173158333333333,11.80764,0.44087499999999996,12.415848333333333,ok,,0
2001-09,2001-09,2001,9,1,7.67875,33.0017,10,1991-09,2000-09,-57.762530000000005,65.44128,67.34933000000001,3.73895,71.28913000000001,ok,,0
2001-10,2001-10,2001,10,1,24.261875,130.0808,10,1991-10,2000-10,-79.94746166666667,104.20933666666667,133.328255,17.524558333333335,140.06557166666667,ok,,0
2001-11,2001-11,2001,11,1,165.14275,196.3446,10,1991-11,2000-11,-123.41680416666668,288.55955416666666,205.417045,83.15674583333335,287.4030491666667,ok,,0
2001-12,2001-12,2001,12,1,199.56316666666666,209.0467,10,1991-12,2000-12,-27.44181666666667,227.00498333333334,199.3628,164.72718333333336,234.1987833333333,ok,,0
2002-01,2002-01,2002,1,1,380.0984166666667,368.8524,11,1991-01,2001-01,-52.61483560606061,432.71325227272735,277.3792523809524,211.24360984848488,446.2340591991342,ok,218.3070375,1
2002-02,2002-02,2002,2,1,185.05870833333333,190.9456,11,1991-02,2001-02,0.3667348484848402,184.6919734848485,213.73752380952382,205.88414393939394,192.9120882034632,ok,192.36336833333337,1
2002-03,2002-03,2002,3,1,233.83558333333335,178.8799,11,1991-03,2001-03,-16.715723484848485,250.55130681818184,278.67820476190474,247.64750378787883,264.86628430735925,ok,289.3116391666666,1
2002-04,2002-04,2002,4,1,116.28366666666666,124.7968,11,1991-04,2001-04,-54.01749621212121,170.30116287878786,203.53569999999996,146.85936742424244,172.9599992424242,ok,146.06443666666667,1
2002-05,2002-05,2002,5,1,14.340583333333333,103.8934,11,1991-05,2001-05,-70.6880553030303,85.02863863636362,75.43885238095238,29.30516287878788,60.474272835497835,ok,77.93046083333333,1
2002-06,2002-06,2002,6,1,1.89,6.7952,11,1991-06,2001-06,-4.503598484848485,6.393598484848485,7.840376190476191,1.9292196969696966,7.801156493506495,ok,8.086813333333334,1
2002-07,2002-07,2002,7,1,0.982125,2.1991,11,1991-07,2001-07,-2.5128401515151513,3.494965151515151,4.538957142857143,0.32976893939393936,5.191313203463204,ok,3.280380833333333,1
2002-08,2002-08,2002,8,1,0.7142916666666667,1.0971,11,1991-08,2001-08,-7.035978787878787,7.750270454545454,11.588423809523809,0.49616666666666664,11.80654880952381,ok,8.173158333333333,1
2002-09,2002-09,2002,9,1,4.4495,67.2486,11,1991-09,2001-09,-54.813477272727276,59.26297727272728,65.71372857142858,4.097113636363637,66.06611493506495,ok,65.44128,1
2002-10,2002-10,2002,10,1,24.072083333333335,93.122,11,1991-10,2001-10,-82.29941287878788,106.37149621212122,133.1736142857143,18.13704166666667,139.10865595238099,ok,104.20933666666667,1
2002-11,2002-11,2002,11,1,47.779083333333325,141.559,11,1991-11,2001-11,-115.03362651515152,162.81270984848484,204.98502380952382,90.61001893939395,162.1540882034632,ok,288.55955416666666,1
2002-12,2002-12,2002,12,1,203.58062499999997,198.8721,11,1991-12,2001-12,-25.809245454545454,229.38987045454542,199.8239380952381,167.89409090909092,235.51047218614715,ok,227.00498333333334,1
2003-01,2003-01,2003,1,1,209.596,226.3735,12,1991-01,2002-01,-47.29309791666666,256.8890979166667,281.5371227272727,225.31484375000002,265.81827897727266,ok,325.51014488636366,2
2003-02,2003-02,2003,2,1,220.60079166666665,242.0345,12,1991-02,2002-02,-0.1544006944444535,220.7551923611111,212.70152727272728,204.14869097222223,229.1536279671717,ok,188.52767090909094,2
2003-03,2003-03,2003,3,1,267.29316666666665,210.3821,12,1991-03,2002-03,-10.743106249999999,278.03627291666663,274.1419181818182,246.49651041666672,294.9385744318181,ok,269.93147299242423,2
2003-04,2003-04,2003,4,1,148.78074999999998,166.9079,12,1991-04,2002-04,-50.225465972222224,199.0062159722222,199.95665909090906,144.31139236111113,204.4260167297979,ok,158.18279977272726,2
2003-05,2003-05,2003,5,1,30.031583333333334,100.5299,12,1991-05,2002-05,-72.26011874999999,102.29170208333332,76.7322409090909,28.05811458333333,78.7057096590909,ok,81.47954973484848,2
2003-06,2003-06,2003,6,1,3.887916666666667,12.2745,12,1991-06,2002-06,-4.537065277777778,8.424981944444445,7.792868181818182,1.9259513888888886,9.754833459595961,ok,7.240205909090909,2
2003-07,2003-07,2003,7,1,0.178625,1.88,12,1991-07,2002-07,-2.404851388888889,2.5834763888888888,4.4326,0.38413194444444443,4.227093055555556,ok,3.387672992424242,2
2003-08,2003-08,2003,8,1,0.7254166666666667,33.5851,12,1991-08,2002-08,-6.481547916666666,7.206964583333333,11.111545454545455,0.51434375,11.322618371212123,ok,7.961714393939394,2
2003-09,2003-09,2003,9,1,0.8963333333333333,34.1644,12,1991-09,2002-09,-55.478945833333334,56.375279166666665,65.78349545454546,4.126479166666667,62.55334962121213,ok,62.352128636363645,2
2003-10,2003-10,2003,10,1,11.985833333333332,102.8612,12,1991-10,2002-10,-81.19528819444444,93.18112152777778,131.35308636363638,18.63162847222222,124.7072912247475,ok,105.29041643939394,2
2003-11,2003-11,2003,11,1,79.55283333333334,171.1685,12,1991-11,2002-11,-113.26248402777777,192.8153173611111,202.10202272727275,87.04077430555556,194.61408175505053,ok,225.68613200757574,2
2003-12,2003-12,2003,12,1,119.71333333333332,191.1895,12,1991-12,2002-12,-23.266097916666666,142.97943125,199.78067272727273,170.86796875000002,148.62603731060602,ok,228.1974268939394,2
2004-01,2004-01,2004,1,1,351.39491666666663,330.2411,13,1991-01,2003-01,-44.94574423076923,396.34066089743584,279.13870434782604,224.10570192307694,406.42791909141573,ok,302.6364625631313,3
2004-02,2004-02,2004,2,1,272.264875,337.9902,13,1991-02,2003-02,-1.791270512820523,274.05614551282054,213.97687391304348,205.4142371794872,280.8275117335563,ok,199.27017805976433,3
2004-03,2004-03,2004,3,1,225.52125,263.3091,13,1991-03,2003-03,-5.538939102564104,231.06018910256412,271.369752173913,248.09625320512825,248.79474896878477,ok,272.6330729671717,3
2004-04,2004-04,2004,4,1,89.39154166666667,153.5851,13,1991-04,2003-04,-47.75636474358975,137.1479064102564,198.5197565217391,144.65518910256412,143.25610908584167,ok,171.7906051725589,3
2004-05,2004-05,2004,5,1,5.379208333333334,29.0041,13,1991-05,2003-05,-72.1245955128205,77.50380384615384,77.76692173913042,28.20991987179487,54.93621020066889,ok,88.41693385101009,3
2004-06,2004-06,2004,6,1,2.645958333333333,11.5046,13,1991-06,2003-06,-4.833182051282051,7.479140384615384,7.987721739130435,2.0768717948717947,8.556808277591973,ok,7.635131254208754,3
2004-07,2004-07,2004,7,1,1.43975,24.0552,13,1991-07,2003-07,-2.3507378205128204,3.7904878205128205,4.321617391304348,0.36832371794871793,5.3930436733556295,ok,3.119607457912458,3
2004-08,2004-08,2004,8,1,0.7700833333333333,45.2683,13,1991-08,2003-08,-8.510635256410255,9.28071858974359,12.08865652173913,0.5305801282051282,12.328159726867336,ok,7.710131123737374,3
2004-09,2004-09,2004,9,1,2.257125,24.8521,13,1991-09,2003-09,-53.77041666666666,56.027541666666664,64.40875217391304,3.8780064102564102,62.787870763656635,ok,60.35984547979799,3
2004-10,2004-10,2004,10,1,17.487708333333334,156.836,13,1991-10,2003-10,-81.93990961538461,99.42761794871794,130.11430869565217,18.12041346153846,129.48160356744705,ok,101.25398480218855,3
2004-11,2004-11,2004,11,1,40.12204166666667,135.0896,13,1991-11,2003-11,-111.59734423076922,151.7193858974359,200.75708695652176,86.46477884615386,154.41434977703457,ok,214.72919379208756,3
2004-12,2004-12,2004,12,1,98.42004166666668,159.7892,13,1991-12,2003-12,-26.974564743589745,125.39460641025642,199.40714347826088,166.9329967948718,130.89418835005574,ok,199.7914283459596,3
2005-01,2005-01,2005,1,1,127.346875,258.8253,14,1991-01,2004-01,-40.22434702380953,167.57122202380953,281.2679708333333,233.19778869047622,175.41705714285712,ok,326.06251214670743,4
2005-02,2005-02,2005,2,1,201.89237500000002,252.3165,14,1991-02,2004-02,-6.3579886904761995,208.2503636904762,219.14409583333335,210.18928273809524,210.84718809523812,ok,217.96666992302838,4
2005-03,2005-03,2005,3,1,365.26675,402.6636,14,1991-03,2004-03,-7.842432738095239,373.1091827380952,271.03389166666665,246.48375297619052,389.81688869047616,ok,262.2398520010198,4
2005-04,2005-04,2005,4,1,121.802375,143.7686,14,1991-04,2004-04,-48.93045000000001,170.732825,196.64747916666667,140.70778571428573,177.74206845238092,ok,163.12993048198328,4
2005-05,2005-05,2005,5,1,53.73541666666667,73.4273,14,1991-05,2004-05,-68.66033095238096,122.39574761904763,75.7351375,26.57915476190476,102.8913994047619,ok,85.68865134979603,4
2005-06,2005-06,2005,6,1,2.17075,0.5479,14,1991-06,2004-06,-5.120714880952382,7.291464880952382,8.134258333333333,2.117520833333333,8.1874875,ok,7.596133536810411,4
2005-07,2005-07,2005,7,1,0.4241249999999999,1.8672,14,1991-07,2004-07,-3.7982172619047616,4.222342261904761,5.14385,0.44485416666666666,5.123120833333333,ok,3.2873275485625486,4
2005-08,2005-08,2005,8,1,0.21208333333333332,1.159,14,1991-08,2004-08,-11.081176785714286,11.29326011904762,13.471141666666666,0.5476875,13.1355375,ok,8.102777990238927,4
2005-09,2005-09,2005,9,1,0.82075,69.9723,14,1991-09,2004-09,-51.5435994047619,52.364349404761896,62.760558333333336,3.7622291666666667,59.81907916666667,ok,59.27676952651515,4
2005-10,2005-10,2005,10,1,8.526291666666667,43.3954,14,1991-10,2004-10,-86.04050833333334,94.5668,131.2277125,18.075220238095238,121.67878392857142,ok,100.79739308882091,4
2005-11,2005-11,2005,11,1,76.88520833333332,162.476,14,1991-11,2004-11,-110.40950238095238,187.2947107142857,198.02094166666666,83.15458333333335,191.75156666666663,ok,198.97674181842464,4
2005-12,2005-12,2005,12,1,196.3937083333333,270.7065,14,1991-12,2004-12,-29.43132142857143,225.82502976190474,197.75639583333336,162.03921428571428,232.11088988095239,ok,181.1922228620338,4
2006-01,2006-01,2006,1,1,115.026125,166.8556,15,1991-01,2005-01,-46.30795222222223,161.33407722222222,280.370264,226.14106111111113,169.25532788888887,ok,294.3642541221278,5
2006-02,2006-02,2006,2,1,242.53487500000003,230.8724,15,1991-02,2005-02,-9.295731111111118,251.83060611111114,220.470992,209.63615555555555,253.36971144444448,ok,216.02340867651793,5
2006-03,2006-03,2006,3,1,286.3209583333333,267.8005,15,1991-03,2005-03,-9.81272722222222,296.13368555555553,276.29908,254.40261944444447,308.2174188888888,ok,284.4137181484349,5
2006-04,2006-04,2006,4,1,190.46875,429.1988,15,1991-04,2005-04,-47.13283500000001,237.601585,194.53232400000002,139.447425,245.553649,ok,164.65050938558662,5
2006-05,2006-05,2006,5,1,47.139874999999996,133.2095,15,1991-05,2005-05,-65.39576777777778,112.53564277777778,75.642824,28.38957222222222,94.39312677777778,ok,93.03007060364635,5
2006-06,2006-06,2006,6,1,1.8683333333333332,0.6042,15,1991-06,2005-06,-4.671143888888889,6.539477222222223,7.830804,2.1210694444444442,7.578067888888889,ok,7.535199805638806,5
2006-07,2006-07,2006,7,1,0.30133333333333334,1.5265,15,1991-07,2005-07,-3.641207777777778,3.9425411111111113,5.012783999999999,0.4434722222222222,4.87064511111111,ok,3.474330491230991,5
2006-08,2006-08,2006,8,1,0.2567083333333333,12.4889,15,1991-08,2005-08,-10.405559444444444,10.662267777777778,12.978655999999999,0.5253138888888889,12.710050444444443,ok,8.740874416000665,5
2006-09,2006-09,2006,9,1,3.0887083333333334,73.0467,15,1991-09,2005-09,-52.717462777777776,55.80617111111111,63.049028,3.566130555555555,62.571605777777776,ok,57.89428550216451,5
2006-10,2006-10,2006,10,1,15.891791666666668,156.2402,15,1991-10,2005-10,-82.62908166666666,98.52087333333333,127.71441999999999,17.438625000000002,126.16758666666665,ok,99.55127447105673,5
2006-11,2006-11,2006,11,1,90.17991666666666,160.8529,15,1991-11,2005-11,-108.75492166666666,198.93483833333332,196.59914399999997,82.73662500000002,204.04243566666662,ok,196.64033559759687,5
2006-12,2006-12,2006,12,1,122.96091666666666,150.7779,15,1991-12,2005-12,-32.42341944444445,155.3843361111111,200.67440000000002,164.3295138888889,159.30580277777779,ok,190.11878424200796,5
2007-01,2007-01,2007,1,1,147.892375,243.8694,16,1991-01,2006-01,-46.65304739583334,194.54542239583333,276.0043153846154,219.19637760416668,204.70031278044868,ok,272.19255797214356,6
2007-02,2007-02,2007,2,1,329.57570833333335,391.6001,16,1991-02,2006-02,-7.985843229166672,337.56155156250003,220.87104615384618,211.69232552083332,338.7544289663462,ok,221.9912749156168,6
2007-03,2007-03,2007,3,1,186.081875,144.3091,16,1991-03,2006-03,-8.041903125,194.123778125,275.9722115384615,256.397515625,205.65657091346154,ok,286.36704604962165,6
2007-04,2007-04,2007,4,1,143.61833333333334,203.9629,16,1991-04,2006-04,-59.1076609375,202.72599427083333,203.5579576923077,142.6362578125,204.54003321314104,ok,176.8090219879888,6
2007-05,2007-05,2007,5,1,14.407541666666667,59.8926,16,1991-05,2006-05,-66.68788385416667,81.09542552083334,77.85692692307693,29.561466145833336,62.70300244391026,ok,96.28099929933491,6
2007-06,2007-06,2007,6,1,1.14475,0.6092,16,1991-06,2006-06,-4.300189062499999,5.4449390625,7.5528576923076916,2.1052734375,6.5923342548076915,ok,7.369246041736042,6
2007-07,2007-07,2007,7,1,0.35720833333333335,2.6528,16,1991-07,2006-07,-3.4902052083333337,3.847413541666667,4.878696153846153,0.4345885416666667,4.80131594551282,ok,3.5523655945443444,6
2007-08,2007-08,2007,8,1,0.04466666666666667,1.474,16,1991-08,2006-08,-10.519723958333334,10.564390625,12.959819230769229,0.5085260416666666,12.495959855769229,ok,9.061106642963518,6
2007-09,2007-09,2007,9,1,0.8531666666666666,24.48,16,1991-09,2006-09,-53.79499583333333,54.6481625,63.43355384615385,3.5362916666666666,60.75042884615385,ok,57.54626643698894,6
2007-10,2007-10,2007,10,1,13.514791666666667,90.3212,16,1991-10,2006-10,-86.23653958333333,99.75133124999999,128.8115653846154,17.341947916666665,124.98440913461539,ok,99.37954094810283,6
2007-11,2007-11,2007,11,1,57.39116666666666,140.1645,16,1991-11,2006-11,-106.37480052083333,163.7659671875,195.22428846153844,83.20183072916667,169.41362439903844,ok,197.02275272021961,6
2007-12,2007-12,2007,12,1,247.1939583333333,154.6319,16,1991-12,2006-12,-32.1355171875,279.3294755208333,198.75530384615388,161.7439765625,284.2052856169872,ok,184.32970955352516,6
2008-01,2008-01,2008,1,1,159.97858333333332,277.9576,17,1991-01,2007-01,-49.554457843137264,209.5330411764706,274.81413333333336,215.00202450980393,219.79069215686275,ok,261.10011003267067,7
2008-02,2008-02,2008,2,1,265.8859166666667,227.3554,17,1991-02,2007-02,-11.164581372549023,277.0504980392157,227.19434444444445,218.62664215686274,274.4536189542484,ok,238.5013144366001,7
2008-03,2008-03,2008,3,1,302.949375,291.7903,17,1991-03,2007-03,-5.1116279411764705,308.06100294117647,271.0958,252.26130147058822,321.7838735294117,ok,273.1894363461043,7
2008-04,2008-04,2008,4,1,222.53408333333334,198.2004,17,1991-04,2007-04,-59.180420098039214,281.7145034313726,203.57295555555558,142.6940269607843,283.41301192810465,ok,180.51144659982376,7
2008-05,2008-05,2008,5,1,47.753625,156.4351,17,1991-05,2007-05,-65.44065882352942,113.19428382352942,77.19158148148148,28.670058823529413,96.27514765795206,ok,94.11163161669184,7
2008-06,2008-06,2008,6,1,1.004375,1.2231,17,1991-06,2007-06,-4.015733823529411,5.0201088235294105,7.295685185185184,2.0487720588235296,6.251288126361654,ok,7.0943450447023215,7
2008-07,2008-07,2008,7,1,0.6584583333333334,1.8809,17,1991-07,2007-07,-3.419933823529412,4.078392156862746,4.796255555555555,0.4300367647058824,5.024677124183006,ok,3.594515301276105,7
2008-08,2008-08,2008,8,1,0.4575833333333333,10.0751,17,1991-08,2007-08,-9.984995098039217,10.442578431372551,12.534418518518518,0.48124019607843127,12.51076165577342,ok,9.275861497540157,7
2008-09,2008-09,2008,9,1,2.4299583333333334,35.7506,17,1991-09,2007-09,-52.020398039215685,54.45035637254902,61.99082962962963,3.3784607843137255,61.04232717864924,ok,57.132251588847666,7
2008-10,2008-10,2008,10,1,8.247208333333333,71.4708,17,1991-10,2007-10,-85.68182598039215,93.92903431372548,127.38599629629628,17.11682107843137,118.51638355119825,ok,99.43265384837386,7
2008-11,2008-11,2008,11,1,89.478,228.8043,17,1991-11,2007-11,-104.98647892156862,194.46447892156863,193.185037037037,81.68355637254902,200.979480664488,ok,192.2717833584025,7
2008-12,2008-12,2008,12,1,149.72266666666667,198.2564,17,1991-12,2007-12,-24.80036568627451,174.5230323529412,197.12110370370374,166.77044607843138,180.07332429193903,ok,197.90110469171205,7
2009-01,2009-01,2009,1,1,192.8225,176.1671,18,1991-01,2008-01,-53.35582222222223,246.17832222222222,274.9264,211.9451666666667,255.8037333333333,ok,254.6542264256457,8
2009-02,2009-02,2009,2,1,244.92391666666666,173.2144,18,1991-02,2008-02,-8.403742592592597,253.32765925925926,227.20009642857144,221.2521574074074,250.8718556878307,ok,243.31996238692705,8
2009-03,2009-03,2009,3,1,229.59462499999998,237.6584,18,1991-03,2008-03,-4.207700000000001,233.80232499999997,271.83488928571427,255.07730555555554,246.3522087301587,ok,277.5483821704883,8
2009-04,2009-04,2009,4,1,212.29566666666668,291.4855,18,1991-04,2008-04,-54.54074768518519,266.8364143518519,203.3810785714286,147.12958564814815,268.5471595899471,ok,193.16182870376736,8
2009-05,2009-05,2009,5,1,89.81579166666667,287.1656,18,1991-05,2008-05,-67.8429263888889,157.65871805555557,80.02170714285715,29.730256944444445,140.10724186507937,ok,96.49696314254653,8
2009-06,2009-06,2009,6,1,5.5836250000000005,15.2435,18,1991-06,2008-06,-3.8047888888888886,9.38841388888889,7.0788071428571415,1.9907500000000005,10.671682142857142,ok,6.835065517055707,8
2009-07,2009-07,2009,7,1,1.3727083333333334,2.7198,18,1991-07,2008-07,-3.2978509259259265,4.67055925925926,4.692135714285714,0.4427268518518519,5.622117195767196,ok,3.654999908224435,8
2009-08,2009-08,2009,8,1,0.7588333333333334,15.226,18,1991-08,2008-08,-9.96457962962963,10.723412962962964,12.446585714285714,0.47992592592592587,12.725493121693122,ok,9.421701114269208,8
2009-09,2009-09,2009,9,1,1.5983333333333334,49.6335,18,1991-09,2008-09,-50.98152268518518,52.57985601851852,61.05367857142858,3.3257662037037035,59.326245701058205,ok,56.79701468681033,8
2009-10,2009-10,2009,10,1,18.692958333333333,145.1622,18,1991-10,2008-10,-84.43414629629629,103.12710462962963,125.38902499999999,16.624064814814815,127.45791851851851,ok,98.74470140654279,8
2009-11,2009-11,2009,11,1,44.26920833333333,129.9771,18,1991-11,2008-11,-106.89424675925926,151.16345509259259,194.45715357142853,82.11658101851852,156.60978088624336,ok,192.54587030379827,8
2009-12,2009-12,2009,12,1,110.46162499999998,238.1976,18,1991-12,2008-12,-26.11888611111111,136.5805111111111,197.16165000000004,165.8233472222222,141.79992777777784,ok,194.9788456493657,8
2010-01,2010-01,2010,1,1,214.77420833333335,206.4191,19,1991-01,2009-01,-49.67102105263159,264.4452293859649,271.5209068965517,210.9387105263158,275.3564047035693,ok,253.712459291932,9
2010-02,2010-02,2010,2,1,235.58966666666666,189.3031,19,1991-02,2009-02,-4.187255263157899,239.77692192982457,225.33852068965518,222.4980394736842,238.43014788263764,ok,244.43192870607507,9
2010-03,2010-03,2010,3,1,280.56241666666665,170.6808,19,1991-03,2009-03,-4.410651315789476,284.97306798245614,270.6563896551724,253.73611184210523,297.4826944797338,ok,272.68770915154516,9
2010-04,2010-04,2010,4,1,191.862,179.409,19,1991-04,2009-04,-55.838067982456145,247.70006798245615,206.41916206896553,150.55937938596492,247.7217826830006,ok,201.34789377577675,9
2010-05,2010-05,2010,5,1,16.9075,36.5434,19,1991-05,2009-05,-74.65907807017545,91.56657807017545,87.16460000000001,32.89265350877193,71.17944649122808,ok,103.29271368843644,9
2010-06,2010-06,2010,6,1,3.0239999999999996,8.1085,19,1991-06,2009-06,-4.1129513157894735,7.136951315789473,7.3603482758620675,2.1798486842105267,8.20449959165154,ok,7.118770891703838,9
2010-07,2010-07,2010,7,1,0.05583333333333334,1.8517,19,1991-07,2009-07,-3.1951793859649125,3.2510127192982456,4.624124137931034,0.49167324561403514,4.188284225650332,ok,3.767839836117193,9
2010-08,2010-08,2010,8,1,0.022333333333333334,1.1641,19,1991-08,2009-08,-10.201557894736842,10.223891228070176,12.542427586206896,0.4946052631578947,12.070155656382335,ok,9.56633576412407,9
2010-09,2010-09,2010,9,1,0.7451666666666666,2.3148,19,1991-09,2009-09,-50.82645131578948,51.57161798245615,60.65987931034483,3.2348486842105264,58.170197292800964,ok,56.32844150144457,9
2010-10,2010-10,2010,10,1,10.044083333333333,136.1532,19,1991-10,2009-10,-86.6465197368421,96.69060307017543,126.07085862068966,16.73295394736842,119.38198800665458,ok,99.23163509799689,9
2010-11,2010-11,2010,11,1,89.87758333333333,142.1422,19,1991-11,2009-11,-105.77917543859648,195.65675877192982,192.23370344827583,80.12461403508773,201.98667274652144,ok,187.94782416921987,9
2010-12,2010-12,2010,12,1,257.42783333333335,168.2896,19,1991-12,2009-12,-31.467153947368423,288.8949872807018,198.57668275862073,162.90957236842104,293.09494372353305,ok,188.49014181178185,9
1991-01,1991-02,1991,2,2,279.36716666666666,178.9798,0,,,,,222.77965000000003,,,warmup_amostra_insuficiente,,0
1991-02,1991-03,1991,3,2,364.80933333333337,354.0018,0,,,,,294.42467999999997,,,warmup_amostra_insuficiente,,0
1991-03,1991-04,1991,4,2,202.41358333333335,214.6288,0,,,,,206.46041999999997,,,warmup_amostra_insuficiente,,0
1991-04,1991-05,1991,5,2,22.933833333333336,128.0413,0,,,,,48.429050000000004,,,warmup_amostra_insuficiente,,0
1991-05,1991-06,1991,6,2,1.1555833333333334,0.7033,0,,,,,9.38869,,,warmup_amostra_insuficiente,,0
1991-06,1991-07,1991,7,2,0.6696666666666666,1.9531,0,,,,,6.404940000000001,,,warmup_amostra_insuficiente,,0
1991-07,1991-08,1991,8,2,1.3392499999999998,1.2135,0,,,,,16.050330000000002,,,warmup_amostra_insuficiente,,0
1991-08,1991-09,1991,9,2,5.24875,73.9762,0,,,,,73.19717999999999,,,warmup_amostra_insuficiente,,0
1991-09,1991-10,1991,10,2,20.93616666666667,58.2752,0,,,,,169.18448999999998,,,warmup_amostra_insuficiente,,0
1991-10,1991-11,1991,11,2,68.93625,141.8015,0,,,,,204.26054000000002,,,warmup_amostra_insuficiente,,0
1991-11,1991-12,1991,12,2,216.23608333333334,139.2974,0,,,,,206.55659999999997,,,warmup_amostra_insuficiente,,0
1991-12,1992-01,1992,1,2,266.00983333333335,307.6078,0,,,,,296.8603363636363,,,warmup_amostra_insuficiente,,0
1992-01,1992-02,1992,2,2,293.40575,144.7331,1,,,,,218.7978454545455,279.36716666666666,232.83642878787884,warmup_amostra_insuficiente,,0
1992-02,1992-03,1992,3,2,270.9870833333333,155.372,1,,,,,299.8407818181818,364.80933333333337,206.01853181818177,warmup_amostra_insuficiente,,0
1992-03,1992-04,1992,4,2,235.029625,102.9542,1,,,,,207.20299999999997,202.41358333333335,239.81904166666664,warmup_amostra_insuficiente,,0
1992-04,1992-05,1992,5,2,21.125833333333333,24.3743,1,,,,,55.66652727272728,22.933833333333336,53.85852727272727,warmup_amostra_insuficiente,,0
1992-05,1992-06,1992,6,2,0.5830833333333333,1.0095,1,,,,,8.599109090909092,1.1555833333333334,8.026609090909092,warmup_amostra_insuficiente,,0
1992-06,1992-07,1992,7,2,0.4017916666666667,2.0289,1,,,,,6.000227272727273,0.6696666666666666,5.732352272727273,warmup_amostra_insuficiente,,0
1992-07,1992-08,1992,8,2,0.1675,13.0445,1,,,,,14.701527272727276,1.3392499999999998,13.529777272727276,warmup_amostra_insuficiente,,0
1992-08,1992-09,1992,9,2,3.671958333333333,135.5711,1,,,,,73.26799999999999,5.24875,71.69120833333332,warmup_amostra_insuficiente,,0
1992-09,1992-10,1992,10,2,11.483624999999998,62.0723,1,,,,,159.10182727272726,20.93616666666667,149.6492856060606,warmup_amostra_insuficiente,,0
1992-10,1992-11,1992,11,2,99.50041666666665,214.2915,1,,,,,198.58244545454545,68.93625,229.14661212121212,warmup_amostra_insuficiente,,0
1992-11,1992-12,1992,12,2,144.77870833333333,239.5717,1,,,,,200.44212727272725,216.23608333333334,128.98475227272723,warmup_amostra_insuficiente,,0
1992-12,1993-01,1993,1,2,223.50125,121.8043,1,,,,,297.75595833333324,266.00983333333335,255.2473749999999,warmup_amostra_insuficiente,,0
1993-01,1993-02,1993,2,2,232.16245833333335,307.8407,2,,,,,212.62578333333337,286.38645833333334,158.40178333333338,warmup_amostra_insuficiente,,0
1993-02,1993-03,1993,3,2,336.52975,153.1779,2,,,,,287.80171666666666,317.89820833333334,306.4332583333333,warmup_amostra_insuficiente,,0
1993-03,1993-04,1993,4,2,187.59595833333333,250.0943,2,,,,,198.51559999999998,218.72160416666668,167.38995416666663,warmup_amostra_insuficiente,,0
1993-04,1993-05,1993,5,2,40.18720833333334,95.5974,2,,,,,53.058841666666666,22.029833333333336,71.21621666666667,warmup_amostra_insuficiente,,0
1993-05,1993-06,1993,6,2,1.7819166666666666,0.586,2,,,,,7.966641666666668,0.8693333333333333,8.879225000000002,warmup_amostra_insuficiente,,0
1993-06,1993-07,1993,7,2,1.406125,1.8793,2,,,,,5.669283333333335,0.5357291666666667,6.5396791666666685,warmup_amostra_insuficiente,,0
1993-07,1993-08,1993,8,2,1.2834583333333334,40.5665,2,,,,,14.56344166666667,0.7533749999999999,15.093525000000003,warmup_amostra_insuficiente,,0
1993-08,1993-09,1993,9,2,7.873083333333334,56.4376,2,,,,,78.45992499999998,4.460354166666667,81.87265416666665,warmup_amostra_insuficiente,,0
1993-09,1993-10,1993,10,2,34.14966666666667,126.1723,2,,,,,151.01603333333333,16.209895833333334,168.95580416666667,warmup_amostra_insuficiente,,0
1993-10,1993-11,1993,11,2,132.732,225.9903,2,,,,,199.8915333333333,84.21833333333333,248.40519999999998,warmup_amostra_insuficiente,,0
1993-11,1993-12,1993,12,2,247.01537499999998,216.8044,2,,,,,203.70292499999996,180.50739583333333,270.21090416666664,warmup_amostra_insuficiente,,0
1993-12,1994-01,1994,1,2,268.69925,330.218,2,,,,,284.2212153846153,244.75554166666666,308.1649237179486,warmup_amostra_insuficiente,,0
1994-01,1994-02,1994,2,2,301.48270833333333,306.4669,3,,,,,219.95000769230774,268.3117916666667,253.12092435897438,warmup_amostra_insuficiente,,0
1994-02,1994-03,1994,3,2,288.564125,311.1998,3,,,,,277.4460384615385,324.10872222222224,241.90144123931623,warmup_amostra_insuficiente,,0
1994-03,1994-04,1994,4,2,226.692,176.4476,3,,,,,202.48319230769232,208.3463888888889,220.82880341880343,warmup_amostra_insuficiente,,0
1994-04,1994-05,1994,5,2,38.8145,50.2617,3,,,,,56.33103846153846,28.082291666666674,67.06324679487179,warmup_amostra_insuficiente,,0
1994-05,1994-06,1994,6,2,2.062625,40.3001,3,,,,,7.398900000000001,1.1735277777777777,8.287997222222224,warmup_amostra_insuficiente,,0
1994-06,1994-07,1994,7,2,1.2053333333333334,1.843,3,,,,,5.3777461538461555,0.8258611111111112,5.757218376068378,warmup_amostra_insuficiente,,0
1994-07,1994-08,1994,8,2,1.37275,6.3765,3,,,,,16.563676923076926,0.9300694444444444,17.00635747863248,warmup_amostra_insuficiente,,0
1994-08,1994-09,1994,9,2,5.173291666666667,57.4679,3,,,,,76.76589999999999,5.597930555555556,76.3412611111111,warmup_amostra_insuficiente,,0
1994-09,1994-10,1994,10,2,20.925,114.0829,3,,,,,149.10497692307692,22.189819444444442,147.84015747863248,warmup_amostra_insuficiente,,0
1994-10,1994-11,1994,11,2,64.47591666666666,151.223,3,,,,,201.89913076923074,100.38955555555556,165.98549188034184,warmup_amostra_insuficiente,,0
1994-11,1994-12,1994,12,2,186.74020833333336,200.9509,3,,,,,204.71073076923074,202.67672222222222,188.77421688034187,warmup_amostra_insuficiente,,0
1994-12,1995-01,1995,1,2,279.59158333333335,156.6185,3,,,,,287.5066999999999,252.73677777777777,314.3615055555555,warmup_amostra_insuficiente,,0
1995-01,1995-02,1995,2,2,274.36741666666666,232.7107,4,,,,,226.12978571428576,276.60452083333337,223.89268154761905,warmup_amostra_insuficiente,,0
1995-02,1995-03,1995,3,2,362.008125,218.3206,4,,,,,279.8570214285714,315.22257291666665,326.64257351190474,warmup_amostra_insuficiente,,0
1995-03,1995-04,1995,4,2,251.19720833333335,255.6784,4,,,,,200.62350714285714,212.93279166666667,238.8879238095238,warmup_amostra_insuficiente,,0
1995-04,1995-05,1995,5,2,39.283208333333334,188.1476,4,,,,,55.89751428571429,30.765343750000007,64.41537886904761,warmup_amostra_insuficiente,,0
1995-05,1995-06,1995,6,2,1.220375,0.5023,4,,,,,9.748985714285714,1.3958020833333333,9.57355863095238,warmup_amostra_insuficiente,,0
1995-06,1995-07,1995,7,2,0.5357500000000001,1.9521,4,,,,,5.125264285714287,0.9207291666666667,4.740285119047621,warmup_amostra_insuficiente,,0
1995-07,1995-08,1995,8,2,0.08933333333333333,1.2264,4,,,,,15.83602142857143,1.0407395833333333,14.88461517857143,warmup_amostra_insuficiente,,0
1995-08,1995-09,1995,9,2,0.9180416666666668,24.8694,4,,,,,75.38747142857142,5.491770833333334,70.81374226190475,warmup_amostra_insuficiente,,0
1995-09,1995-10,1995,10,2,8.291916666666667,82.7379,4,,,,,146.6034,21.87361458333333,133.02170208333334,warmup_amostra_insuficiente,,0
1995-10,1995-11,1995,11,2,101.13116666666667,247.2129,4,,,,,198.2794071428571,91.41114583333334,207.99942797619045,warmup_amostra_insuficiente,,0
1995-11,1995-12,1995,12,2,214.60675,191.1246,4,,,,,204.44217142857138,198.69259375000001,220.35632767857138,warmup_amostra_insuficiente,,0
1995-12,1996-01,1996,1,2,207.85500000000002,224.1528,4,,,,,278.7808199999999,259.4504791666667,227.1853408333332,warmup_amostra_insuficiente,,0
1996-01,1996-02,1996,2,2,188.911875,225.4247,5,,,,,226.56851333333336,276.1571,139.32328833333335,warmup_amostra_insuficiente,,0
1996-02,1996-03,1996,3,2,287.0240833333333,302.7974,5,,,,,275.75459333333333,324.5796833333333,238.1989933333333,warmup_amostra_insuficiente,,0
1996-03,1996-04,1996,4,2,190.0259583333333,321.9434,5,,,,,204.29383333333334,220.58567499999998,173.73411666666667,warmup_amostra_insuficiente,,0
1996-04,1996-05,1996,5,2,31.660833333333333,98.9982,5,,,,,64.71418666666666,32.46891666666667,63.90610333333332,warmup_amostra_insuficiente,,0
1996-05,1996-06,1996,6,2,1.728,0.4652,5,,,,,9.13254,1.3607166666666666,9.499823333333334,warmup_amostra_insuficiente,,0
1996-06,1996-07,1996,7,2,0.9375,1.9521,5,,,,,4.913720000000001,0.8437333333333333,5.007486666666668,warmup_amostra_insuficiente,,0
1996-07,1996-08,1996,8,2,0.12274999999999998,1.4883,5,,,,,14.862046666666668,0.8504583333333333,14.134338333333334,warmup_amostra_insuficiente,,0
1996-08,1996-09,1996,9,2,5.626833333333334,9.7369,5,,,,,72.0196,4.577025000000001,73.06940833333333,warmup_amostra_insuficiente,,0
1996-09,1996-10,1996,10,2,37.743125,145.0933,5,,,,,142.3457,19.157275,160.93155,warmup_amostra_insuficiente,,0
1996-10,1996-11,1996,11,2,126.83516666666667,222.7092,5,,,,,201.54163999999997,93.35515000000001,235.02165666666662,warmup_amostra_insuficiente,,0
1996-11,1996-12,1996,12,2,261.478875,130.1745,5,,,,,203.55433333333332,201.875425,263.1577833333333,warmup_amostra_insuficiente,,0
1996-12,1997-01,1997,1,2,220.28716666666665,403.2083,5,,,,,275.36656875,249.13138333333336,246.5223520833333,warmup_amostra_insuficiente,,0
1997-01,1997-02,1997,2,2,254.4394583333333,180.4594,6,,,,,226.497025,261.6162291666667,219.32025416666661,warmup_amostra_insuficiente,,0
1997-02,1997-03,1997,3,2,300.237375,452.1152,6,,,,,277.44476875,318.32041666666663,259.36172708333334,warmup_amostra_insuficiente,,0
1997-03,1997-04,1997,4,2,197.14316666666664,290.1342,6,,,,,211.64693125,215.49238888888888,193.29770902777776,warmup_amostra_insuficiente,,0
1997-04,1997-05,1997,5,2,20.958375,68.9381,6,,,,,66.8569375,32.33423611111112,55.48107638888888,warmup_amostra_insuficiente,,0
1997-05,1997-06,1997,6,2,1.4688333333333334,0.6576,6,,,,,8.59083125,1.4219305555555557,8.637734027777778,warmup_amostra_insuficiente,,0
1997-06,1997-07,1997,7,2,0.25675,1.9683,6,,,,,4.72861875,0.8593611111111111,4.126007638888889,warmup_amostra_insuficiente,,0
1997-07,1997-08,1997,8,2,4.2855,1.2265,6,,,,,14.026187499999999,0.729173611111111,17.582513888888887,warmup_amostra_insuficiente,,0
1997-08,1997-09,1997,9,2,7.484333333333333,47.0877,6,,,,,68.12693125,4.751993055555556,70.85927152777778,warmup_amostra_insuficiente,,0
1997-09,1997-10,1997,10,2,15.110708333333335,98.1562,6,,,,,142.517425,22.254916666666663,135.37321666666668,warmup_amostra_insuficiente,,0
1997-10,1997-11,1997,11,2,61.732708333333335,75.7109,6,,,,,202.86461250000002,98.93515277777777,165.66216805555558,warmup_amostra_insuficiente,,0
1997-11,1997-12,1997,12,2,200.73495833333334,199.815,6,,,,,198.96809374999998,211.80933333333337,187.89371874999995,warmup_amostra_insuficiente,,0
1997-12,1998-01,1998,1,2,217.318625,347.458,6,,,,,282.8866705882353,244.3240138888889,255.88128169934637,warmup_amostra_insuficiente,,0
1998-01,1998-02,1998,2,2,257.64479166666666,127.8253,7,,,,,223.7889294117647,260.5909761904762,220.84274488795515,warmup_amostra_insuficiente,,0
1998-02,1998-03,1998,3,2,237.16125,242.0988,7,,,,,287.7195,315.737125,209.143625,warmup_amostra_insuficiente,,0
1998-03,1998-04,1998,4,2,145.74604166666668,54.1047,7,,,,,216.2638294117647,212.87107142857144,149.13879964985995,warmup_amostra_insuficiente,,0
1998-04,1998-05,1998,5,2,18.994291666666665,74.6596,7,,,,,66.97935882352942,30.7091130952381,55.26453739495799,warmup_amostra_insuficiente,,0
1998-05,1998-06,1998,6,2,1.41475,16.0121,7,,,,,8.124170588235295,1.4286309523809524,8.110289635854341,warmup_amostra_insuficiente,,0
1998-06,1998-07,1998,7,2,0.23445833333333335,3.3565,7,,,,,4.566247058823529,0.7732738095238095,4.027431582633053,warmup_amostra_insuficiente,,0
1998-07,1998-08,1998,8,2,0.32366666666666666,1.2501,7,,,,,13.273264705882351,1.2372202380952382,12.359711134453779,warmup_amostra_insuficiente,,0
1998-08,1998-09,1998,9,2,4.622375,13.3474,7,,,,,66.8893294117647,5.1423273809523815,66.36937703081233,warmup_amostra_insuficiente,,0
1998-09,1998-10,1998,10,2,14.90975,89.2952,7,,,,,139.9079411764706,21.23431547619047,133.58337570028013,warmup_amostra_insuficiente,,0
1998-10,1998-11,1998,11,2,149.56916666666666,245.1679,7,,,,,195.3849823529412,93.62051785714286,251.333631162465,warmup_amostra_insuficiente,,0
1998-11,1998-12,1998,12,2,304.7461666666667,138.7974,7,,,,,199.01791176470587,210.2272797619048,293.53679866946777,warmup_amostra_insuficiente,,0
1998-12,1999-01,1999,1,2,290.62870833333335,215.817,7,,,,,286.4739666666667,240.46610119047622,336.63657380952384,warmup_amostra_insuficiente,,0
1999-01,1999-02,1999,2,2,209.26083333333335,131.3784,8,,,,,218.4576166666667,260.222703125,167.49574687500004,warmup_amostra_insuficiente,,0
1999-02,1999-03,1999,3,2,285.059875,283.9542,8,,,,,285.1850166666666,305.915140625,264.3297510416666,warmup_amostra_insuficiente,,0
1999-03,1999-04,1999,4,2,180.52200000000002,162.6196,8,,,,,207.25498888888887,204.48044270833333,183.29654618055557,warmup_amostra_insuficiente,,0
1999-04,1999-05,1999,5,2,24.28408333333333,177.0923,8,,,,,67.40603888888889,29.244760416666665,62.44536180555555,warmup_amostra_insuficiente,,0
1999-05,1999-06,1999,6,2,3.207541666666667,0.6859,8,,,,,8.56238888888889,1.4268958333333333,10.343034722222225,warmup_amostra_insuficiente,,0
1999-06,1999-07,1999,7,2,0.6472916666666667,1.9885,8,,,,,4.499038888888888,0.705921875,4.440408680555555,warmup_amostra_insuficiente,,0
1999-07,1999-08,1999,8,2,0.18975,1.2624,8,,,,,12.60531111111111,1.1230260416666666,11.672035069444444,warmup_amostra_insuficiente,,0
1999-08,1999-09,1999,9,2,2.624375,72.5879,8,,,,,63.914777777777786,5.077333333333334,61.46181944444445,warmup_amostra_insuficiente,,0
1999-09,1999-10,1999,10,2,19.652791666666666,112.4277,8,,,,,137.09612222222222,20.443744791666667,136.30516909722223,warmup_amostra_insuficiente,,0
1999-10,1999-11,1999,11,2,105.883125,349.1067,8,,,,,198.15070000000003,100.61409895833333,203.4197260416667,warmup_amostra_insuficiente,,0
1999-11,1999-12,1999,12,2,270.45141666666666,242.5365,8,,,,,195.67232777777775,222.042140625,244.0816038194444,warmup_amostra_insuficiente,,0
1999-12,2000-01,2000,1,2,222.24024999999997,260.085,8,,,,,282.7551789473684,246.73642708333335,258.259001864035,warmup_amostra_insuficiente,,0
2000-01,2000-02,2000,2,2,222.99841666666666,271.7656,9,,,,,213.8745,254.56027314814816,182.3126435185185,warmup_amostra_insuficiente,,0
2000-02,2000-03,2000,3,2,280.439625,185.8099,9,,,,,285.12023684210527,303.59788888888886,261.9619729532164,warmup_amostra_insuficiente,,0
2000-03,2000-04,2000,4,2,138.33716666666666,184.1135,9,,,,,204.90575789473684,201.81839351851852,141.42453104288498,warmup_amostra_insuficiente,,0
2000-04,2000-05,2000,5,2,19.0055,53.6399,9,,,,,73.179,28.693574074074075,63.49092592592593,warmup_amostra_insuficiente,,0
2000-05,2000-06,2000,6,2,2.160041666666667,4.8153,9,,,,,8.147836842105264,1.6247453703703705,8.68313313840156,warmup_amostra_insuficiente,,0
2000-06,2000-07,2000,7,2,0.6138750000000001,10.0203,9,,,,,4.366905263157895,0.6994074074074075,4.2813728557504875,warmup_amostra_insuficiente,,0
2000-07,2000-08,2000,8,2,1.2946250000000001,7.9948,9,,,,,12.008315789473684,1.0193287037037038,12.283612085769981,warmup_amostra_insuficiente,,0
2000-08,2000-09,2000,9,2,10.854041666666667,123.9327,9,,,,,64.37125789473684,4.804782407407408,70.4205171539961,warmup_amostra_insuficiente,,0
2000-09,2000-10,2000,10,2,35.566916666666664,86.4072,9,,,,,135.79778421052632,20.35586111111111,151.00883976608188,warmup_amostra_insuficiente,,0
2000-10,2000-11,2000,11,2,79.40162500000001,192.5216,9,,,,,206.09575263157896,101.1995462962963,184.29783133528267,warmup_amostra_insuficiente,,0
2000-11,2000-12,2000,12,2,161.630375,222.6176,9,,,,,198.13886315789472,227.4209490740741,132.34828908382062,warmup_amostra_insuficiente,,0
2000-12,2001-01,2001,1,2,303.03862499999997,192.5309,9,,,,,281.62167,244.01462962962964,340.64566537037035,warmup_amostra_insuficiente,,0
2001-01,2001-02,2001,2,2,239.76279166666666,153.1069,10,1991-01,2000-01,40.64562749999999,199.11716416666667,216.76905500000004,251.4040875,205.1277591666667,ok,,0
2001-02,2001-03,2001,3,2,352.86812499999996,249.1479,10,1991-02,2000-02,35.39730249999998,317.4708225,280.15472,301.2820625,331.74078249999997,ok,,0
2001-03,2001-04,2001,4,2,203.87170833333334,196.9268,10,1991-03,2000-03,-5.8015991666666675,209.67330750000002,203.866145,195.47027083333333,212.2675825,ok,,0
2001-04,2001-05,2001,5,2,16.092791666666667,140.175,10,1991-04,2000-04,-68.25027333333334,84.34306500000001,72.202045,27.724766666666664,60.57007,ok,,0
2001-05,2001-06,2001,6,2,1.0368333333333333,5.0237,10,1991-05,2000-05,-4.895455,5.932288333333333,7.981210000000002,1.678275,7.3397683333333354,ok,,0
2001-06,2001-07,2001,7,2,2.0200833333333335,2.3266,10,1991-06,2000-06,-2.203355833333333,4.223439166666667,4.6495750000000005,0.6908541666666668,5.978804166666667,ok,,0
2001-07,2001-08,2001,8,2,2.6226249999999998,7.2041,10,1991-07,2000-07,-6.518091666666666,9.140716666666666,11.80764,1.0468583333333332,13.383406666666666,ok,,0
2001-08,2001-09,2001,9,2,6.717624999999999,33.0017,10,1991-08,2000-08,-56.09177166666667,62.80939666666667,67.34933000000001,5.409708333333334,68.65724666666668,ok,,0
2001-09,2001-10,2001,10,2,20.22191666666667,130.0808,10,1991-09,2000-09,-75.59505333333333,95.81697,133.328255,21.876966666666668,131.67320500000002,ok,,0
2001-10,2001-11,2001,11,2,141.99837499999998,196.3446,10,1991-10,2000-10,-107.55379583333334,249.55217083333332,205.417045,99.01975416666667,248.3956658333333,ok,,0
2001-11,2001-12,2001,12,2,243.57816666666668,209.0467,10,1991-11,2000-11,28.67289166666667,214.90527500000002,199.3628,220.8418916666667,222.09907499999997,ok,,0
2001-12,2002-01,2002,1,2,278.89958333333334,368.8524,10,1991-12,2000-12,-6.033030833333339,284.93261416666667,277.3792523809524,249.91702916666668,306.36180654761904,ok,,0
2002-01,2002-02,2002,2,2,201.95266666666666,190.9456,11,1991-01,2001-01,44.828378787878776,157.12428787878787,213.73752380952382,250.3457878787879,165.3444025974026,ok,199.11716416666667,1
2002-02,2002-03,2002,3,2,317.37925,178.8799,11,1991-02,2001-02,41.60847727272725,275.77077272727274,278.67820476190474,305.97170454545454,290.0857502164502,ok,317.4708225,1
2002-03,2002-04,2002,4,2,154.17004166666666,124.7968,11,1991-03,2001-03,-4.642825757575756,158.81286742424243,203.53569999999996,196.23403787878786,161.47170378787877,ok,209.67330750000002,1
2002-04,2002-05,2002,5,2,15.266916666666667,103.8934,11,1991-04,2001-04,-73.3259037878788,88.59282045454546,75.43885238095238,26.66731439393939,64.03845465367966,ok,84.34306500000001,1
2002-05,2002-06,2002,6,2,3.5747916666666666,6.7952,11,1991-05,2001-05,-4.812856060606061,8.387647727272727,7.840376190476191,1.6199621212121214,9.795205735930736,ok,5.932288333333333,1
2002-06,2002-07,2002,7,2,2.131625,2.1991,11,1991-06,2001-06,-2.030915909090909,4.162540909090909,4.538957142857143,0.8116931818181818,5.858888961038961,ok,4.223439166666667,1
2002-07,2002-08,2002,8,2,2.031125,1.0971,11,1991-07,2001-07,-6.342035606060605,8.373160606060605,11.588423809523809,1.1901098484848485,12.42943896103896,ok,9.140716666666666,1
2002-08,2002-09,2002,9,2,20.725291666666667,67.2486,11,1991-08,2001-08,-53.381981060606066,74.10727272727273,65.71372857142858,5.528609848484849,80.91041038961039,ok,62.80939666666667,1
2002-09,2002-10,2002,10,2,25.11,93.122,11,1991-09,2001-09,-78.70994696969696,103.81994696969696,133.1736142857143,21.726507575757577,136.55710670995674,ok,95.81697,1
2002-10,2002-11,2002,11,2,66.08512499999999,141.559,11,1991-10,2001-10,-102.71674393939394,168.80186893939393,204.98502380952382,102.9269015151515,168.14324729437232,ok,249.55217083333332,1
2002-11,2002-12,2002,12,2,194.184,198.8721,11,1991-11,2001-11,29.2054893939394,164.9785106060606,199.8239380952381,222.90882575757578,171.09911233766232,ok,214.90527500000002,1
2002-12,2003-01,2003,1,2,264.25775,226.3735,11,1991-12,2001-12,-13.662102272727276,277.91985227272727,281.5371227272727,252.55180681818183,293.24306590909083,ok,284.93261416666667,1
2003-01,2003-02,2003,2,2,270.3557083333333,242.0345,12,1991-01,2002-01,42.0099361111111,228.34577222222222,212.70152727272728,246.31302777777776,236.74420782828284,ok,178.12072602272727,2
2003-02,2003-03,2003,3,2,344.48679166666665,210.3821,12,1991-02,2002-02,49.68271666666664,294.804075,274.1419181818182,306.9223333333333,311.70637651515153,ok,296.62079761363634,2
2003-03,2003-04,2003,4,2,231.2820416666667,166.9079,12,1991-03,2002-03,-1.808153472222222,233.0901951388889,199.95665909090906,192.72870486111108,238.50999589646466,ok,184.24308746212122,2
2003-04,2003-05,2003,5,2,38.479708333333335,100.5299,12,1991-04,2002-04,-74.60095208333334,113.08066041666667,76.7322409090909,25.717281249999996,89.49466799242424,ok,86.46794272727274,2
2003-05,2003-06,2003,6,2,2.8079583333333336,12.2745,12,1991-05,2002-05,-4.680152083333334,7.488110416666667,7.792868181818182,1.7828645833333334,8.817961931818182,ok,7.15996803030303,2
2003-06,2003-07,2003,7,2,0.18979166666666666,1.88,12,1991-06,2002-06,-1.8672958333333334,2.0570875,4.4326,0.9216875,3.7007041666666667,ok,4.192990037878788,2
2003-07,2003-08,2003,8,2,0.9039583333333333,33.5851,12,1991-07,2002-07,-5.735697222222221,6.639655555555555,11.111545454545455,1.2601944444444444,10.755309343434345,ok,8.756938636363635,2
2003-08,2003-09,2003,9,2,2.6784166666666667,34.1644,12,1991-08,2002-08,-52.81042500000001,55.48884166666667,65.78349545454546,6.795000000000001,61.66691212121212,ok,68.4583346969697,2
2003-09,2003-10,2003,10,2,18.938458333333333,102.8612,12,1991-09,2002-09,-77.81845138888889,96.75690972222222,131.35308636363638,22.008465277777777,128.28307941919195,ok,99.81845848484848,2
2003-10,2003-11,2003,11,2,81.04329166666666,171.1685,12,1991-10,2002-10,-100.44650486111111,181.48979652777777,202.10202272727275,99.85675347222222,183.2885609217172,ok,209.1770198863636,2
2003-11,2003-12,2003,12,2,211.64941666666667,191.1895,12,1991-11,2002-11,26.381023611111118,185.26839305555555,199.78067272727273,220.51509027777783,190.91499911616157,ok,189.94189280303033,2
2003-12,2004-01,2004,1,2,288.05075,330.2411,12,1991-12,2002-12,-9.366572916666671,297.41732291666665,279.13870434782604,253.52730208333332,313.6621522644927,ok,281.426233219697,2
2004-01,2004-02,2004,2,2,336.01141666666666,337.9902,13,1991-01,2003-01,40.95695705128204,295.05445961538464,213.97687391304348,248.16246474358974,301.82582583612043,ok,194.8624080892256,3
2004-02,2004-03,2004,3,2,346.33945833333337,263.3091,13,1991-02,2003-02,56.17671474358973,290.1627435897436,271.369752173913,309.81190705128205,307.89730345596433,ok,296.0152234090909,3
2004-03,2004-04,2004,4,2,203.35325,153.5851,13,1991-03,2003-03,3.2827923076923087,200.07045769230768,198.5197565217391,195.69434615384614,206.17866036789297,ok,200.52545668771043,3
2004-04,2004-05,2004,5,2,14.90975,29.0041,13,1991-04,2003-04,-73.63550897435898,88.54525897435899,77.76692173913042,26.699006410256406,65.97766532887402,ok,95.33884862373738,3
2004-05,2004-06,2004,6,2,1.0582916666666666,11.5046,13,1991-05,2003-05,-5.048335897435897,6.106627564102563,7.987721739130435,1.861717948717949,7.184295457079152,ok,7.269348825757576,3
2004-06,2004-07,2004,7,2,1.104875,24.0552,13,1991-06,2003-06,-1.8536737179487182,2.958548717948718,4.321617391304348,0.8653878205128205,4.561104570791527,ok,3.4810225252525253,3
2004-07,2004-08,2004,8,2,0.558125,45.2683,13,1991-07,2003-07,-7.808423717948717,8.366548717948717,12.08865652173913,1.2327916666666665,11.413989855072463,ok,8.05117760942761,3
2004-08,2004-09,2004,9,2,8.402416666666667,24.8521,13,1991-08,2003-08,-51.170083333333345,59.57250000000001,64.40875217391304,6.478339743589744,66.33282909698997,ok,64.13517035353536,3
2004-09,2004-10,2004,10,2,14.943166666666668,156.836,13,1991-09,2003-09,-78.28801217948718,93.23117884615385,130.11430869565217,21.7723108974359,123.28516446488294,ok,98.79794223063972,3
2004-10,2004-11,2004,11,2,64.84325,135.0896,13,1991-10,2003-10,-99.65255897435897,164.49580897435897,200.75708695652176,98.40956410256409,167.19077285395767,ok,199.94794543350167,3
2004-11,2004-12,2004,12,2,223.03270833333332,159.7892,13,1991-11,2003-11,25.925553846153853,197.10715448717946,199.40714347826088,219.8331153846154,202.60673642697878,ok,188.38405955387205,3
2004-12,2005-01,2005,1,2,241.32387500000002,258.8253,13,1991-12,2003-12,-11.891478846153852,253.21535384615387,281.2679708333333,256.1829519230769,266.40889391025644,ok,286.75659645202023,3
2005-01,2005-02,2005,2,2,280.5767916666667,252.3165,14,1991-01,2004-01,37.89011845238094,242.68667321428575,219.14409583333335,254.4373898809524,245.28349761904764,ok,219.91042097076536,4
2005-02,2005-03,2005,3,2,327.62399999999997,402.6636,14,1991-02,2004-02,58.09483214285712,269.52916785714285,271.03389166666665,312.42101785714283,286.2368738095238,ok,294.55210345425405,4
2005-03,2005-04,2005,4,2,163.134125,143.7686,14,1991-03,2004-03,6.603175,156.53095000000002,196.64747916666667,196.2414107142857,163.54019345238098,ok,200.41170693885977,4
2005-04,2005-05,2005,5,2,33.0225,73.4273,14,1991-04,2004-04,-69.38256904761906,102.40506904761907,75.7351375,25.85691666666666,82.90072083333334,ok,93.64045121139279,4
2005-05,2005-06,2005,6,2,1.0907083333333334,0.5479,14,1991-05,2004-05,-5.433905357142857,6.52461369047619,8.134258333333333,1.8043303571428573,7.420636309523809,ok,6.978668510343823,4
2005-06,2005-07,2005,7,2,0.29020833333333335,1.8672,14,1991-06,2004-06,-3.3605773809523813,3.6507857142857145,5.14385,0.8824940476190476,4.551564285714285,ok,3.3504040734265734,4
2005-07,2005-08,2005,8,2,0.6696666666666666,1.159,14,1991-07,2004-07,-10.444263095238094,11.11392976190476,13.471141666666666,1.1846011904761904,12.956207142857142,ok,8.130020386557886,4
2005-08,2005-09,2005,9,2,3.76925,69.9723,14,1991-08,2004-08,-48.690054761904776,52.459304761904775,62.760558333333336,6.61577380952381,59.914034523809526,ok,62.99450276515152,4
2005-09,2005-10,2005,10,2,14.106333333333334,43.3954,14,1991-09,2004-09,-82.83121369047619,96.93754702380953,131.2277125,21.284514880952383,124.04953095238095,ok,97.40625138451826,4
2005-10,2005-11,2005,11,2,71.43120833333333,162.476,14,1991-10,2004-10,-97.55211547619047,168.9833238095238,198.02094166666666,96.01197023809523,173.44017976190474,ok,191.084911318716,4
2005-11,2005-12,2005,12,2,200.93583333333333,270.7065,14,1991-11,2004-11,28.591122023809532,172.3447113095238,197.75639583333336,220.06165773809525,178.63057142857144,ok,190.5648332871989,4
2005-12,2006-01,2006,1,2,221.44791666666666,166.8556,14,1991-12,2004-12,-12.292189285714292,233.74010595238096,280.370264,255.12158928571426,246.6965913809524,ok,278.3712858005536,4
2006-01,2006-02,2006,2,2,241.28495833333332,230.8724,15,1991-01,2005-01,37.24812999999999,204.03682833333335,220.470992,256.1800166666667,205.57593366666663,ok,224.46567141946943,5
2006-02,2006-03,2006,3,2,351.69629166666664,267.8005,15,1991-02,2005-02,49.21920333333331,302.4770883333333,276.29908,313.43454999999994,314.5608216666667,ok,289.5475163348318,5
2006-03,2006-04,2006,4,2,188.298,429.1988,15,1991-03,2005-03,7.453998333333335,180.84400166666666,194.53232400000002,194.03425833333333,188.7960656666667,ok,191.63555555108783,5
2006-04,2006-05,2006,5,2,20.556791666666665,133.2095,15,1991-04,2005-04,-67.45071777777778,88.00750944444445,75.642824,26.334622222222215,69.86499344444445,ok,95.39337477863805,5
2006-05,2006-06,2006,6,2,1.5767083333333334,0.6042,15,1991-05,2005-05,-5.035457777777778,6.612166111111112,7.830804,1.7567555555555556,7.650756777777778,ok,6.887857546370296,5
2006-06,2006-07,2006,7,2,1.3169583333333332,1.5265,15,1991-06,2005-06,-3.241671666666667,4.55863,5.012783999999999,0.8430083333333334,5.4867339999999984,ok,3.4104804015984014,5
2006-07,2006-08,2006,8,2,0.8594166666666667,12.4889,15,1991-07,2005-07,-9.780601111111109,10.640017777777775,12.978655999999999,1.1502722222222224,12.687800444444443,ok,8.726802261627261,5
2006-08,2006-09,2006,9,2,8.229625,73.0467,15,1991-08,2005-08,-49.85758777777779,58.087212777777786,63.049028,6.426005555555556,64.85264744444444,ok,60.88746316450217,5
2006-09,2006-10,2006,10,2,20.333541666666665,156.2402,15,1991-09,2005-09,-79.26173722222224,99.5952788888889,127.71441999999999,20.805969444444447,127.24199222222221,ok,97.31251051237652,5
2006-10,2006-11,2006,11,2,79.41233333333334,160.8529,15,1991-10,2005-10,-97.11829388888889,176.53062722222222,196.59914399999997,94.37325277777776,181.63822455555555,ok,186.66459381687756,5
2006-11,2006-12,2006,12,2,187.22025,150.7779,15,1991-11,2005-11,22.033669444444453,165.18658055555554,200.67440000000002,218.7866027777778,169.1080472222222,ok,186.92080889166385,5
2006-12,2007-01,2007,1,2,254.001625,243.8694,15,1991-12,2005-12,-7.83322222222223,261.8348472222222,276.0043153846154,252.87667777777776,277.12926260683764,ok,269.44504983091906,5
2007-01,2007-02,2007,2,2,318.00391666666667,391.6001,16,1991-01,2006-01,35.570906770833325,282.4330098958333,220.87104615384618,255.24907552083332,283.62588729967956,ok,221.06086423844673,6
2007-02,2007-03,2007,3,2,333.9184166666667,144.3091,16,1991-02,2006-02,51.386490104166654,282.5319265625001,275.9722115384615,315.82590885416664,294.0647193509616,ok,291.70244500124875,6
2007-03,2007-04,2007,4,2,156.62158333333335,203.9629,16,1991-03,2006-03,-8.0681765625,164.68975989583333,203.5579576923077,193.67574218750002,166.50379883814102,ok,189.8369632370176,6
2007-04,2007-05,2007,5,2,19.742083333333333,59.8926,16,1991-04,2006-04,-70.2758421875,90.01792552083333,77.85692692307693,25.9735078125,71.62550244391026,ok,94.1623972229391,6
2007-05,2007-06,2007,6,2,0.4967916666666667,0.6092,16,1991-05,2006-05,-4.6599598958333335,5.1567515625,7.5528576923076916,1.7455026041666666,6.304146754807691,ok,6.841908973827098,6
2007-06,2007-07,2007,7,2,0.6585416666666667,2.6528,16,1991-06,2006-06,-3.052163541666667,3.7107052083333336,4.878696153846153,0.8726302083333333,4.664607612179487,ok,3.6018386679986683,6
2007-07,2007-08,2007,8,2,0.5469583333333333,1.474,16,1991-07,2006-07,-9.89615625,10.443114583333333,12.959819230769229,1.1320937500000001,12.374683814102562,ok,9.045671514319013,6
2007-08,2007-09,2007,9,2,5.162416666666667,24.48,16,1991-08,2006-08,-50.792555729166665,55.95497239583333,63.43355384615385,6.5387317708333335,62.057238741987184,ok,60.42075476671477,6
2007-09,2007-10,2007,10,2,16.617333333333335,90.3212,16,1991-09,2006-09,-82.80204479166667,99.41937812500001,128.8115653846154,20.776442708333335,124.65245600961539,ok,97.69297190846191,6
2007-10,2007-11,2007,11,2,79.06683333333334,140.1645,16,1991-10,2006-10,-96.13843593750002,175.20526927083336,195.22428846153844,93.4381953125,180.85292648237177,ok,184.975599384435,6
2007-11,2007-12,2007,12,2,240.944375,154.6319,16,1991-11,2006-11,22.93421197916667,218.01016302083335,198.75530384615388,216.81370572916666,222.88597311698723,ok,183.29843750231248,6
2007-12,2008-01,2008,1,2,195.21062500000002,277.9576,16,1991-12,2006-12,-6.710381770833344,201.92100677083337,274.81413333333336,252.94698697916664,217.07777135416674,ok,268.1766827294696,6
2008-01,2008-02,2008,2,2,355.6490833333333,227.3554,17,1991-01,2007-01,29.14931323529411,326.49977009803916,227.19434444444445,258.9405367647059,323.9028910130719,ok,229.8283136180734,7
2008-02,2008-03,2008,3,2,277.95091666666667,291.7903,17,1991-02,2007-02,59.517244607843125,218.43367205882356,271.0958,316.8901740196078,232.15654264705887,ok,290.39237093857037,7
2008-03,2008-04,2008,4,2,204.1955,198.2004,17,1991-03,2007-03,-10.378361274509802,214.57386127450982,203.57295555555558,191.49608578431375,216.27236977124184,ok,186.24450561684844,7
2008-04,2008-05,2008,5,2,22.24191666666667,156.4351,17,1991-04,2007-04,-68.50376421568627,90.74568088235294,77.19158148148148,25.606953431372546,73.8265447167756,ok,93.570329836924,7
2008-05,2008-06,2008,6,2,2.9484583333333334,1.2231,17,1991-05,2007-05,-4.392456862745099,7.3409151960784325,7.295685185185184,1.672049019607843,8.572094498910674,ok,6.601172200780369,7
2008-06,2008-07,2008,7,2,1.4954166666666666,1.8809,17,1991-06,2007-06,-2.989933823529412,4.485350490196079,4.796255555555555,0.8600367647058823,5.4316354575163395,ok,3.61739103090362,7
2008-07,2008-08,2008,8,2,0.9486666666666667,10.0751,17,1991-07,2007-07,-9.368561274509805,10.317227941176471,12.534418518518518,1.0976740196078432,12.385411165577342,ok,9.245306238463915,7
2008-08,2008-09,2008,9,2,6.642,35.7506,17,1991-08,2007-08,-48.94108676470588,55.58308676470588,61.99082962962963,6.4577720588235294,62.1750575708061,ok,59.78278585658886,7
2008-09,2008-10,2008,10,2,27.598625000000002,71.4708,17,1991-09,2007-09,-82.26685784313726,109.86548284313726,127.38599629629628,20.531789215686278,134.45283208061,ok,97.93960136796736,7
2008-10,2008-11,2008,11,2,90.61195833333333,228.8043,17,1991-10,2007-10,-94.07721421568628,184.68917254901962,193.185037037037,92.59282107843137,191.20417429193895,ok,183.57983793963473,7
2008-11,2008-12,2008,12,2,218.95916666666668,198.2564,17,1991-11,2007-11,26.662345098039218,192.29682156862745,197.12110370370374,218.2331568627451,197.84711350762532,ok,188.25725543352974,7
2008-12,2009-01,2009,1,2,256.25595833333335,176.1671,17,1991-12,2007-12,-11.183122549019616,267.439080882353,274.9264,249.55073039215682,281.63162794117653,ok,258.71158616395013,7
2009-01,2009-02,2009,2,2,259.47929166666665,173.2144,18,1991-01,2008-01,34.657333796296285,224.82195787037037,227.20009642857144,264.31323379629634,222.36615429894175,ok,241.91224567806913,8
2009-02,2009-03,2009,3,2,277.2366666666667,237.6584,18,1991-02,2008-02,55.44187638888888,221.7947902777778,271.83488928571427,314.7268819444444,234.34467400793653,ok,281.397533578602,8
2009-03,2009-04,2009,4,2,206.7012083333333,291.4855,18,1991-03,2008-03,-9.468724537037035,216.16993287037036,203.3810785714286,192.2016087962963,217.8806781084656,ok,189.78567507405612,8
2009-04,2009-05,2009,5,2,30.812749999999998,287.1656,18,1991-04,2008-04,-72.15317638888888,102.96592638888887,80.02170714285715,25.42000694444444,85.41445019841271,ok,93.21724871760262,8
2009-05,2009-06,2009,6,2,4.611625,15.2435,18,1991-05,2008-05,-4.052578240740741,8.66420324074074,7.0788071428571415,1.742960648148148,9.947471494708994,ok,6.693640075192628,8
2009-06,2009-07,2009,7,2,1.3839583333333334,2.7198,18,1991-06,2008-06,-2.84524212962963,4.229200462962964,4.692135714285714,0.895335648148148,5.180758399470899,ok,3.7258859633151777,8
2009-07,2009-08,2009,8,2,4.330125,15.226,18,1991-07,2008-07,-9.355109722222222,13.685234722222223,12.446585714285714,1.0893958333333336,15.68731488095238,ok,9.379296451302984,8
2009-08,2009-09,2009,9,2,8.747958333333333,49.6335,18,1991-08,2008-08,-47.839281944444444,56.58724027777778,61.05367857142858,6.468006944444444,63.33362996031747,ok,59.25782347010348,8
2009-09,2009-10,2009,10,2,33.669666666666664,145.1622,18,1991-09,2008-09,-80.13381990740741,113.80348657407407,125.38902499999999,20.924391203703706,138.13430046296295,ok,99.4303365523636,8
2009-10,2009-11,2009,11,2,66.75483333333334,129.9771,18,1991-10,2008-10,-96.52805462962964,163.28288796296297,194.45715357142853,92.48277314814815,168.72921375661372,ok,183.7185047658079,8
2009-11,2009-12,2009,12,2,226.82704166666667,238.1976,18,1991-11,2008-11,26.33125740740741,200.49578425925927,197.16165000000004,218.27349074074073,205.71520092592598,ok,188.762201200417,8
2009-12,2010-01,2010,1,2,282.38145833333334,206.4191,18,1991-12,2008-12,-6.112456944444452,288.4939152777778,271.5209068965517,249.9232430555555,303.9791221743295,ok,259.80252300375054,8
2010-01,2010-02,2010,2,2,212.33516666666665,189.3031,19,1991-01,2009-01,37.37352105263157,174.9616456140351,225.33852068965518,264.0588157894737,173.6148715668481,ok,240.01332481054703,9
2010-02,2010-03,2010,3,2,318.10470833333335,170.6808,19,1991-02,2009-02,54.6069495614035,263.49775877192985,270.6563896551724,312.7537127192982,276.00738526920753,ok,274.7750065451771,9
2010-03,2010-04,2010,4,2,182.6280833333333,179.409,19,1991-03,2009-03,-13.432701754385965,196.06078508771927,206.41916206896553,192.9647456140351,196.08249978826373,ok,192.7172592736466,9
2010-04,2010-05,2010,5,2,15.467666666666666,36.5434,19,1991-04,2009-04,-81.84789605263158,97.31556271929824,87.16460000000001,25.70383552631579,76.92843114035088,ok,94.30043512552331,9
2010-05,2010-06,2010,6,2,0.367125,8.1085,19,1991-05,2009-05,-4.398857017543859,4.765982017543859,7.3603482758620675,1.8939429824561402,5.833530293405927,ok,6.912591538031307,9
2010-06,2010-07,2010,7,2,0.20095833333333335,1.8517,19,1991-06,2009-06,-2.7658,2.9667583333333334,4.624124137931034,0.9210526315789472,3.90402983968542,ok,3.781809796609376,9
2010-07,2010-08,2010,8,2,0.20095833333333335,1.1641,19,1991-07,2009-07,-9.436202631578947,9.63716096491228,12.542427586206896,1.2599605263157896,11.48342539322444,ok,9.857734036960677,9
2010-08,2010-09,2010,9,2,1.1880833333333334,2.3148,19,1991-08,2009-08,-47.47329561403509,48.66137894736842,60.65987931034483,6.588004385964912,55.25995825771325,ok,58.96109200428951,9
2010-09,2010-10,2010,10,2,13.302666666666667,136.1532,19,1991-09,2009-09,-81.78427850877193,95.0869451754386,126.07085862068966,21.5951951754386,117.77833011191773,ok,101.02735322144254,9
2010-10,2010-11,2010,11,2,87.32883333333332,142.1422,19,1991-10,2009-10,-94.77511842105264,182.10395175438595,192.23370344827583,91.12867105263159,188.43386572897757,ok,181.44788067660292,9
2010-11,2010-12,2010,12,2,242.29487500000002,168.2896,19,1991-11,2009-11,24.346951315789475,217.94792368421054,198.57668275862073,218.7236776315789,222.14788012704184,ok,190.0659326513995,9
2010-12,2011-01,2011,1,2,297.7264166666667,274.405,19,1991-12,2009-12,-1.7927298245614098,299.5191464912281,269.35084666666665,251.63157017543855,315.44569315789477,ok,262.99045547864245,9
1991-01,1991-03,1991,3,3,369.6304583333333,354.0018,0,,,,,294.42467999999997,,,warmup_amostra_insuficiente,,0
1991-02,1991-04,1991,4,3,218.44070833333333,214.6288,0,,,,,206.46041999999997,,,warmup_amostra_insuficiente,,0
1991-03,1991-05,1991,5,3,23.837666666666667,128.0413,0,,,,,48.429050000000004,,,warmup_amostra_insuficiente,,0
1991-04,1991-06,1991,6,3,1.0043333333333333,0.7033,0,,,,,9.38869,,,warmup_amostra_insuficiente,,0
1991-05,1991-07,1991,7,3,1.071375,1.9531,0,,,,,6.404940000000001,,,warmup_amostra_insuficiente,,0
1991-06,1991-08,1991,8,3,1.2722916666666666,1.2135,0,,,,,16.050330000000002,,,warmup_amostra_insuficiente,,0
1991-07,1991-09,1991,9,3,6.048041666666666,73.9762,0,,,,,73.19717999999999,,,warmup_amostra_insuficiente,,0
1991-08,1991-10,1991,10,3,22.018666666666665,58.2752,0,,,,,169.18448999999998,,,warmup_amostra_insuficiente,,0
1991-09,1991-11,1991,11,3,130.49633333333333,141.8015,0,,,,,204.26054000000002,,,warmup_amostra_insuficiente,,0
1991-10,1991-12,1991,12,3,226.269,139.2974,0,,,,,206.55659999999997,,,warmup_amostra_insuficiente,,0
1991-11,1992-01,1992,1,3,263.6773333333333,307.6078,0,,,,,296.8603363636363,,,warmup_amostra_insuficiente,,0
1991-12,1992-02,1992,2,3,254.93433333333334,144.7331,0,,,,,218.7978454545455,,,warmup_amostra_insuficiente,,0
1992-01,1992-03,1992,3,3,330.52575,155.372,1,,,,,299.8407818181818,369.6304583333333,260.73607348484853,warmup_amostra_insuficiente,,0
1992-02,1992-04,1992,4,3,188.4059583333333,102.9542,1,,,,,207.20299999999997,218.44070833333333,177.16824999999994,warmup_amostra_insuficiente,,0
1992-03,1992-05,1992,5,3,13.447833333333334,24.3743,1,,,,,55.66652727272728,23.837666666666667,45.276693939393944,warmup_amostra_insuficiente,,0
1992-04,1992-06,1992,6,3,2.00875,1.0095,1,,,,,8.599109090909092,1.0043333333333333,9.60352575757576,warmup_amostra_insuficiente,,0
1992-05,1992-07,1992,7,3,0.6473333333333334,2.0289,1,,,,,6.000227272727273,1.071375,5.576185606060607,warmup_amostra_insuficiente,,0
1992-06,1992-08,1992,8,3,0.4799583333333333,13.0445,1,,,,,14.701527272727276,1.2722916666666666,13.909193939393942,warmup_amostra_insuficiente,,0
1992-07,1992-09,1992,9,3,3.045625,135.5711,1,,,,,73.26799999999999,6.048041666666666,70.26558333333332,warmup_amostra_insuficiente,,0
1992-08,1992-10,1992,10,3,16.606041666666666,62.0723,1,,,,,159.10182727272726,22.018666666666665,153.68920227272727,warmup_amostra_insuficiente,,0
1992-09,1992-11,1992,11,3,105.25679166666667,214.2915,1,,,,,198.58244545454545,130.49633333333333,173.3429037878788,warmup_amostra_insuficiente,,0
1992-10,1992-12,1992,12,3,214.12683333333334,239.5717,1,,,,,200.44212727272725,226.269,188.29996060606058,warmup_amostra_insuficiente,,0
1992-11,1993-01,1993,1,3,278.52,121.8043,1,,,,,297.75595833333324,263.6773333333333,312.5986249999999,warmup_amostra_insuficiente,,0
1992-12,1993-02,1993,2,3,300.948625,307.8407,1,,,,,212.62578333333337,254.93433333333334,258.640075,warmup_amostra_insuficiente,,0
1993-01,1993-03,1993,3,3,345.7144583333333,153.1779,2,,,,,287.80171666666666,350.07810416666666,283.4380708333333,warmup_amostra_insuficiente,,0
1993-02,1993-04,1993,4,3,184.993125,250.0943,2,,,,,198.51559999999998,203.42333333333332,180.08539166666665,warmup_amostra_insuficiente,,0
1993-03,1993-05,1993,5,3,37.75425,95.5974,2,,,,,53.058841666666666,18.64275,72.17034166666667,warmup_amostra_insuficiente,,0
1993-04,1993-06,1993,6,3,2.030375,0.586,2,,,,,7.966641666666668,1.5065416666666667,8.490475,warmup_amostra_insuficiente,,0
1993-05,1993-07,1993,7,3,3.002125,1.8793,2,,,,,5.669283333333335,0.8593541666666666,7.812054166666669,warmup_amostra_insuficiente,,0
1993-06,1993-08,1993,8,3,2.9127916666666667,40.5665,2,,,,,14.56344166666667,0.8761249999999999,16.600108333333335,warmup_amostra_insuficiente,,0
1993-07,1993-09,1993,9,3,4.665583333333333,56.4376,2,,,,,78.45992499999998,4.546833333333333,78.57867499999999,warmup_amostra_insuficiente,,0
1993-08,1993-10,1993,10,3,32.620666666666665,126.1723,2,,,,,151.01603333333333,19.312354166666665,164.32434583333333,warmup_amostra_insuficiente,,0
1993-09,1993-11,1993,11,3,111.61808333333333,225.9903,2,,,,,199.8915333333333,117.8765625,193.63305416666662,warmup_amostra_insuficiente,,0
1993-10,1993-12,1993,12,3,265.2620416666667,216.8044,2,,,,,203.70292499999996,220.19791666666669,248.76704999999995,warmup_amostra_insuficiente,,0
1993-11,1994-01,1994,1,3,327.8473333333333,330.218,2,,,,,284.2212153846153,271.09866666666665,340.96988205128196,warmup_amostra_insuficiente,,0
1993-12,1994-02,1994,2,3,348.5764583333334,306.4669,2,,,,,219.95000769230774,277.9414791666667,290.58498685897445,warmup_amostra_insuficiente,,0
1994-01,1994-03,1994,3,3,392.0843333333333,311.1998,3,,,,,277.4460384615385,348.6235555555556,320.9068162393162,warmup_amostra_insuficiente,,0
1994-02,1994-04,1994,4,3,242.60045833333334,176.4476,3,,,,,202.48319230769232,197.27993055555555,247.8037200854701,warmup_amostra_insuficiente,,0
1994-03,1994-05,1994,5,3,42.45254166666667,50.2617,3,,,,,56.33103846153846,25.01325,73.77033012820513,warmup_amostra_insuficiente,,0
1994-04,1994-06,1994,6,3,3.7150833333333337,40.3001,3,,,,,7.398900000000001,1.681152777777778,9.432830555555558,warmup_amostra_insuficiente,,0
1994-05,1994-07,1994,7,3,0.6139583333333333,1.843,3,,,,,5.3777461538461555,1.573611111111111,4.418093376068378,warmup_amostra_insuficiente,,0
1994-06,1994-08,1994,8,3,1.4508333333333334,6.3765,3,,,,,16.563676923076926,1.5550138888888887,16.45949636752137,warmup_amostra_insuficiente,,0
1994-07,1994-09,1994,9,3,6.8040416666666665,57.4679,3,,,,,76.76589999999999,4.586416666666666,78.98352499999999,warmup_amostra_insuficiente,,0
1994-08,1994-10,1994,10,3,25.210458333333335,114.0829,3,,,,,149.10497692307692,23.748458333333332,150.56697692307694,warmup_amostra_insuficiente,,0
1994-09,1994-11,1994,11,3,87.01558333333332,151.223,3,,,,,201.89913076923074,115.79040277777779,173.12431132478628,warmup_amostra_insuficiente,,0
1994-10,1994-12,1994,12,3,194.63041666666666,200.9509,3,,,,,204.71073076923074,235.2192916666667,164.1218557692307,warmup_amostra_insuficiente,,0
1994-11,1995-01,1995,1,3,311.408625,156.6185,3,,,,,287.5066999999999,290.0148888888889,308.900436111111,warmup_amostra_insuficiente,,0
1994-12,1995-02,1995,2,3,277.653625,232.7107,3,,,,,226.12978571428576,301.4864722222223,202.29693849206345,warmup_amostra_insuficiente,,0
1995-01,1995-03,1995,3,3,335.03433333333334,218.3206,4,,,,,279.8570214285714,359.48875,255.40260476190474,warmup_amostra_insuficiente,,0
1995-02,1995-04,1995,4,3,180.67316666666667,255.6784,4,,,,,200.62350714285714,208.6100625,172.6866113095238,warmup_amostra_insuficiente,,0
1995-03,1995-05,1995,5,3,20.70175,188.1476,4,,,,,55.89751428571429,29.373072916666665,47.226191369047626,warmup_amostra_insuficiente,,0
1995-04,1995-06,1995,6,3,0.367125,0.5023,4,,,,,9.748985714285714,2.189635416666667,7.926475297619048,warmup_amostra_insuficiente,,0
1995-05,1995-07,1995,7,3,0.10049999999999999,1.9521,4,,,,,5.125264285714287,1.3336979166666667,3.8920663690476207,warmup_amostra_insuficiente,,0
1995-06,1995-08,1995,8,3,0.078125,1.2264,4,,,,,15.83602142857143,1.52896875,14.385177678571429,warmup_amostra_insuficiente,,0
1995-07,1995-09,1995,9,3,2.3219583333333333,24.8694,4,,,,,75.38747142857142,5.140822916666666,72.56860684523808,warmup_amostra_insuficiente,,0
1995-08,1995-10,1995,10,3,14.039333333333333,82.7379,4,,,,,146.6034,24.113958333333333,136.528775,warmup_amostra_insuficiente,,0
1995-09,1995-11,1995,11,3,96.96249999999999,247.2129,4,,,,,198.2794071428571,108.59669791666667,186.64520922619045,warmup_amostra_insuficiente,,0
1995-10,1995-12,1995,12,3,209.183125,191.1246,4,,,,,204.44217142857138,225.07207291666668,188.5532235119047,warmup_amostra_insuficiente,,0
1995-11,1996-01,1996,1,3,334.3090833333333,224.1528,4,,,,,278.7808199999999,295.3633229166667,317.72658041666654,warmup_amostra_insuficiente,,0
1995-12,1996-02,1996,2,3,334.5081666666667,225.4247,4,,,,,226.56851333333336,295.5282604166667,265.5484195833334,warmup_amostra_insuficiente,,0
1996-01,1996-03,1996,3,3,366.6059583333333,302.7974,5,,,,,275.75459333333333,354.5978666666666,287.76268500000003,warmup_amostra_insuficiente,,0
1996-02,1996-04,1996,4,3,202.32725000000002,321.9434,5,,,,,204.29383333333334,203.02268333333333,203.59840000000003,warmup_amostra_insuficiente,,0
1996-03,1996-05,1996,5,3,28.971416666666666,98.9982,5,,,,,64.71418666666666,27.638808333333333,66.046795,warmup_amostra_insuficiente,,0
1996-04,1996-06,1996,6,3,1.7495833333333335,0.4652,5,,,,,9.13254,1.8251333333333335,9.05699,warmup_amostra_insuficiente,,0
1996-05,1996-07,1996,7,3,0.4687916666666667,1.9521,5,,,,,4.913720000000001,1.0870583333333335,4.2954533333333345,warmup_amostra_insuficiente,,0
1996-06,1996-08,1996,8,3,0.6584166666666667,1.4883,5,,,,,14.862046666666668,1.2388,14.281663333333334,warmup_amostra_insuficiente,,0
1996-07,1996-09,1996,9,3,3.5747500000000003,9.7369,5,,,,,72.0196,4.57705,71.01729999999999,warmup_amostra_insuficiente,,0
1996-08,1996-10,1996,10,3,26.996041666666667,145.0933,5,,,,,142.3457,22.09903333333333,147.24270833333333,warmup_amostra_insuficiente,,0
1996-09,1996-11,1996,11,3,128.26075,222.7092,5,,,,,201.54163999999997,106.26985833333333,223.53253166666664,warmup_amostra_insuficiente,,0
1996-10,1996-12,1996,12,3,276.321625,130.1745,5,,,,,203.55433333333332,221.89428333333336,257.98167499999994,warmup_amostra_insuficiente,,0
1996-11,1997-01,1997,1,3,339.0854166666667,403.2083,5,,,,,275.36656875,303.152475,311.2995104166667,warmup_amostra_insuficiente,,0
1996-12,1997-02,1997,2,3,304.36566666666664,180.4594,5,,,,,226.497025,303.3242416666667,227.53844999999995,warmup_amostra_insuficiente,,0
1997-01,1997-03,1997,3,3,339.5430416666667,452.1152,6,,,,,277.44476875,356.5992152777778,260.3885951388889,warmup_amostra_insuficiente,,0
1997-02,1997-04,1997,4,3,212.32791666666665,290.1342,6,,,,,211.64693125,202.90677777777776,221.06807013888888,warmup_amostra_insuficiente,,0
1997-03,1997-05,1997,5,3,10.836291666666668,68.9381,6,,,,,66.8569375,27.86090972222222,49.83231944444445,warmup_amostra_insuficiente,,0
1997-04,1997-06,1997,6,3,0.410375,0.6576,6,,,,,8.59083125,1.812541666666667,7.188664583333334,warmup_amostra_insuficiente,,0
1997-05,1997-07,1997,7,3,1.8302916666666667,1.9683,6,,,,,4.72861875,0.9840138888888891,5.574896527777778,warmup_amostra_insuficiente,,0
1997-06,1997-08,1997,8,3,1.6517083333333333,1.2265,6,,,,,14.026187499999999,1.1420694444444444,14.535826388888887,warmup_amostra_insuficiente,,0
1997-07,1997-09,1997,9,3,16.070375,47.0877,6,,,,,68.12693125,4.41,79.78730625,warmup_amostra_insuficiente,,0
1997-08,1997-10,1997,10,3,29.65216666666667,98.1562,6,,,,,142.517425,22.91520138888889,149.2543902777778,warmup_amostra_insuficiente,,0
1997-09,1997-11,1997,11,3,77.79241666666667,75.7109,6,,,,,202.86461250000002,109.93500694444445,170.72202222222222,warmup_amostra_insuficiente,,0
1997-10,1997-12,1997,12,3,219.48375,199.815,6,,,,,198.96809374999998,230.96550694444446,187.4863368055555,warmup_amostra_insuficiente,,0
1997-11,1998-01,1998,1,3,238.36658333333332,347.458,6,,,,,282.8866705882353,309.1412986111111,212.11195531045752,warmup_amostra_insuficiente,,0
1997-12,1998-02,1998,2,3,234.843875,127.8253,6,,,,,223.7889294117647,303.4978125,155.1349919117647,warmup_amostra_insuficiente,,0
1998-01,1998-03,1998,3,3,281.10929166666665,242.0988,7,,,,,287.7195,354.16261904761905,214.6661726190476,warmup_amostra_insuficiente,,0
1998-02,1998-04,1998,4,3,192.56408333333331,54.1047,7,,,,,216.2638294117647,204.25265476190475,204.57525798319327,warmup_amostra_insuficiente,,0
1998-03,1998-05,1998,5,3,9.084208333333333,74.6596,7,,,,,66.97935882352942,25.428821428571432,50.63474572829132,warmup_amostra_insuficiente,,0
1998-04,1998-06,1998,6,3,0.7343333333333333,16.0121,7,,,,,8.124170588235295,1.6122321428571431,7.246271778711485,warmup_amostra_insuficiente,,0
1998-05,1998-07,1998,7,3,0.5134583333333333,3.3565,7,,,,,4.566247058823529,1.1049107142857144,3.974794677871148,warmup_amostra_insuficiente,,0
1998-06,1998-08,1998,8,3,0.6361249999999999,1.2501,7,,,,,13.273264705882351,1.214875,12.694514705882352,warmup_amostra_insuficiente,,0
1998-07,1998-09,1998,9,3,3.380291666666667,13.3474,7,,,,,66.8893294117647,6.075767857142857,64.19385322128852,warmup_amostra_insuficiente,,0
1998-08,1998-10,1998,10,3,27.922375000000002,89.2952,7,,,,,139.9079411764706,23.877625,143.95269117647058,warmup_amostra_insuficiente,,0
1998-09,1998-11,1998,11,3,119.51275,245.1679,7,,,,,195.3849823529412,105.34320833333334,209.55452401960787,warmup_amostra_insuficiente,,0
1998-10,1998-12,1998,12,3,270.4180416666667,138.7974,7,,,,,199.01791176470587,229.32525595238096,240.1106974789916,warmup_amostra_insuficiente,,0
1998-11,1999-01,1999,1,3,317.5355416666667,215.817,7,,,,,286.4739666666667,299.030625,304.9788833333334,warmup_amostra_insuficiente,,0
1998-12,1999-02,1999,2,3,362.920375,131.3784,7,,,,,218.4576166666667,293.69010714285713,287.68788452380954,warmup_amostra_insuficiente,,0
1999-01,1999-03,1999,3,3,329.23108333333334,283.9542,8,,,,,285.1850166666666,345.030953125,269.385146875,warmup_amostra_insuficiente,,0
1999-02,1999-04,1999,4,3,184.420875,162.6196,8,,,,,207.25498888888887,202.7915833333333,188.88428055555556,warmup_amostra_insuficiente,,0
1999-03,1999-05,1999,5,3,30.902,177.0923,8,,,,,67.40603888888889,23.385744791666667,74.92229409722222,warmup_amostra_insuficiente,,0
1999-04,1999-06,1999,6,3,2.4948333333333332,0.6859,8,,,,,8.56238888888889,1.5024947916666664,9.554727430555557,warmup_amostra_insuficiente,,0
1999-05,1999-07,1999,7,3,0.5692499999999999,1.9885,8,,,,,4.499038888888888,1.0309791666666666,4.037309722222222,warmup_amostra_insuficiente,,0
1999-06,1999-08,1999,8,3,1.1272083333333334,1.2624,8,,,,,12.60531111111111,1.14253125,12.589988194444443,warmup_amostra_insuficiente,,0
1999-07,1999-09,1999,9,3,3.834,72.5879,8,,,,,63.914777777777786,5.738833333333333,62.00994444444445,warmup_amostra_insuficiente,,0
1999-08,1999-10,1999,10,3,22.096875,112.4277,8,,,,,137.09612222222222,24.38321875,134.8097784722222,warmup_amostra_insuficiente,,0
1999-09,1999-11,1999,11,3,79.5205,349.1067,8,,,,,198.15070000000003,107.11440104166667,170.55679895833336,warmup_amostra_insuficiente,,0
1999-10,1999-12,1999,12,3,181.50620833333335,242.5365,8,,,,,195.67232777777775,234.46185416666668,142.71668194444442,warmup_amostra_insuficiente,,0
1999-11,2000-01,2000,1,3,317.68054166666667,260.085,8,,,,,282.7551789473684,301.34373958333333,299.09198103070173,warmup_amostra_insuficiente,,0
1999-12,2000-02,2000,2,3,264.10075,271.7656,8,,,,,213.8745,302.343890625,175.63135937500005,warmup_amostra_insuficiente,,0
2000-01,2000-03,2000,3,3,363.4255,185.8099,9,,,,,285.12023684210527,343.27541203703703,305.27032480506824,warmup_amostra_insuficiente,,0
2000-02,2000-04,2000,4,3,187.45566666666664,184.1135,9,,,,,204.90575789473684,200.7503935185185,191.61103104288497,warmup_amostra_insuficiente,,0
2000-03,2000-05,2000,5,3,23.960458333333335,53.6399,9,,,,,73.179,24.220884259259257,72.91857407407409,warmup_amostra_insuficiente,,0
2000-04,2000-06,2000,6,3,1.4471666666666667,4.8153,9,,,,,8.147836842105264,1.6127546296296293,7.9822488791423005,warmup_amostra_insuficiente,,0
2000-05,2000-07,2000,7,3,0.7365833333333334,10.0203,9,,,,,4.366905263157895,0.9796759259259259,4.123812670565302,warmup_amostra_insuficiente,,0
2000-06,2000-08,2000,8,3,0.6027083333333333,7.9948,9,,,,,12.008315789473684,1.1408287037037037,11.470195419103314,warmup_amostra_insuficiente,,0
2000-07,2000-09,2000,9,3,7.829916666666667,123.9327,9,,,,,64.37125789473684,5.527185185185186,66.67398937621833,warmup_amostra_insuficiente,,0
2000-08,2000-10,2000,10,3,41.649166666666666,86.4072,9,,,,,135.79778421052632,24.129180555555557,153.31777032163743,warmup_amostra_insuficiente,,0
2000-09,2000-11,2000,11,3,113.59433333333334,192.5216,9,,,,,206.09575263157896,104.04841203703704,215.64167392787527,warmup_amostra_insuficiente,,0
2000-10,2000-12,2000,12,3,261.15520833333335,222.6176,9,,,,,198.13886315789472,228.57789351851852,230.71617797270954,warmup_amostra_insuficiente,,0
2000-11,2001-01,2001,1,3,289.9032916666667,192.5309,9,,,,,281.62167,303.1589398148148,268.3660218518519,warmup_amostra_insuficiente,,0
2000-12,2001-02,2001,2,3,275.73837499999996,153.1069,9,,,,,216.76905500000004,298.09465277777775,194.41277722222225,warmup_amostra_insuficiente,,0
2001-01,2001-03,2001,3,3,352.67833333333334,249.1479,10,1991-01,2000-01,79.40566083333331,273.2726725,280.15472,345.2904208333333,287.5426325,ok,,0
2001-02,2001-04,2001,4,3,188.01716666666667,196.9268,10,1991-02,2000-02,-1.8509491666666762,189.86811583333335,203.866145,199.42092083333333,192.46239083333333,ok,,0
2001-03,2001-05,2001,5,3,19.641583333333333,140.175,10,1991-03,2000-03,-71.78019833333333,91.42178166666666,72.202045,24.19484166666667,67.64878666666667,ok,,0
2001-04,2001-06,2001,6,3,0.367125,5.0237,10,1991-04,2000-04,-4.977534166666667,5.344659166666666,7.981210000000002,1.596195833333333,6.752139166666669,ok,,0
2001-05,2001-07,2001,7,3,2.276708333333333,2.3266,10,1991-05,2000-05,-1.9388433333333333,4.215551666666666,4.6495750000000005,0.9553666666666667,5.970916666666667,ok,,0
2001-06,2001-08,2001,8,3,2.578041666666667,7.2041,10,1991-06,2000-06,-6.477933333333333,9.055975,11.80764,1.0870166666666667,13.298665,ok,,0
2001-07,2001-09,2001,9,3,17.053166666666666,33.0017,10,1991-07,2000-07,-55.744021666666676,72.79718833333334,67.34933000000001,5.757458333333334,78.64503833333335,ok,,0
2001-08,2001-10,2001,10,3,25.980500000000003,130.0808,10,1991-08,2000-08,-71.59084083333332,97.57134083333332,133.328255,25.88117916666667,133.42757583333335,ok,,0
2001-09,2001-11,2001,11,3,145.89720833333334,196.3446,10,1991-09,2000-09,-101.57054583333334,247.46775416666668,205.417045,105.00300416666667,246.31124916666667,ok,,0
2001-10,2001-12,2001,12,3,265.2285,209.0467,10,1991-10,2000-10,39.66662500000001,225.561875,199.3628,231.835625,232.755675,ok,,0
2001-11,2002-01,2002,1,3,325.90558333333337,368.8524,10,1991-11,2000-11,45.883314999999996,280.0222683333334,277.3792523809524,301.833375,301.45146071428576,ok,,0
2001-12,2002-02,2002,2,3,271.92816666666664,190.9456,10,1991-12,2000-12,87.68785499999998,184.24031166666666,213.73752380952382,295.859025,189.8066654761905,ok,,0
2002-01,2002-03,2002,3,3,307.70358333333337,178.8799,11,1991-01,2001-01,81.59882196969696,226.1047613636364,278.67820476190474,345.9620492424242,240.4197388528139,ok,273.2726725,1
2002-02,2002-04,2002,4,3,181.677625,124.7968,11,1991-02,2001-02,-2.4926477272727343,184.17027272727273,203.53569999999996,198.3842159090909,186.82910909090907,ok,189.86811583333335,1
2002-03,2002-05,2002,5,3,20.199666666666666,103.8934,11,1991-03,2001-03,-76.21230909090909,96.41197575757576,75.43885238095238,23.780909090909095,71.85760995670995,ok,91.42178166666666,1
2002-04,2002-06,2002,6,3,0.8639583333333333,6.7952,11,1991-04,2001-04,-4.94835606060606,5.812314393939394,7.840376190476191,1.484462121212121,7.219872402597404,ok,5.344659166666666,1
2002-05,2002-07,2002,7,3,3.6605416666666666,2.1991,11,1991-05,2001-05,-1.7671204545454544,5.427662121212121,4.538957142857143,1.0754886363636365,7.124010173160173,ok,4.215551666666666,1
2002-06,2002-08,2002,8,3,5.021999999999999,1.0971,11,1991-06,2001-06,-6.30958106060606,11.331581060606059,11.588423809523809,1.2225643939393942,15.387859415584414,ok,9.055975,1
2002-07,2002-09,2002,9,3,11.350791666666666,67.2486,11,1991-07,2001-07,-52.126250000000006,63.47704166666667,65.71372857142858,6.7843409090909095,70.28017932900433,ok,72.79718833333334,1
2002-08,2002-10,2002,10,3,34.741166666666665,93.122,11,1991-08,2001-08,-74.5462462121212,109.28741287878788,133.1736142857143,25.890208333333337,142.02457261904763,ok,97.57134083333332,1
2002-09,2002-11,2002,11,3,97.57795833333334,141.559,11,1991-09,2001-09,-96.92298636363635,194.5009446969697,204.98502380952382,108.72065909090908,193.84232305194809,ok,247.46775416666668,1
2002-10,2002-12,2002,12,3,219.11545833333332,198.8721,11,1991-10,2001-10,41.16800454545456,177.94745378787877,199.8239380952381,234.87134090909092,184.0680555194805,ok,225.561875,1
2002-11,2003-01,2003,1,3,260.6752916666667,226.3735,11,1991-11,2001-11,37.807848484848485,222.8674431818182,281.5371227272727,304.02175757575753,238.19065681818182,ok,280.0222683333334,1
2002-12,2003-02,2003,2,3,245.22625000000002,242.0345,11,1991-12,2001-12,87.07828333333332,158.14796666666672,212.70152727272728,293.6834924242424,164.2442848484849,ok,184.24031166666666,1
2003-01,2003-03,2003,3,3,346.07162500000004,210.3821,12,1991-01,2002-01,85.53422708333333,260.5373979166667,274.1419181818182,342.77384374999997,277.43969943181827,ok,249.6887169318182,2
2003-02,2003-04,2003,4,3,217.047625,166.9079,12,1991-02,2002-02,2.4551416666666603,214.59248333333335,199.95665909090906,196.99199999999996,220.0122840909091,ok,187.01919428030305,2
2003-03,2003-05,2003,5,3,32.319375,100.5299,12,1991-03,2002-03,-76.8357611111111,109.15513611111109,76.7322409090909,23.482472222222224,85.56914368686868,ok,93.91687871212122,2
2003-04,2003-06,2003,6,3,1.5011666666666665,12.2745,12,1991-04,2002-04,-5.030263194444444,6.531429861111111,7.792868181818182,1.432753472222222,7.861281376262626,ok,5.57848678030303,2
2003-05,2003-07,2003,7,3,0.6585416666666667,1.88,12,1991-05,2002-05,-1.498073611111111,2.1566152777777776,4.4326,1.2909097222222223,3.800231944444444,ok,4.821606893939394,2
2003-06,2003-08,2003,8,3,1.1049583333333333,33.5851,12,1991-06,2002-06,-5.456707638888889,6.561665972222222,11.111545454545455,1.539184027777778,10.67731976010101,ok,10.19377803030303,2
2003-07,2003-09,2003,9,3,3.596416666666667,34.1644,12,1991-07,2002-07,-52.44054652777779,56.03696319444446,65.78349545454546,7.164878472222223,62.2150336489899,ok,68.13711500000001,2
2003-08,2003-10,2003,10,3,17.376083333333334,102.8612,12,1991-08,2002-08,-73.19912847222223,90.57521180555557,131.35308636363638,26.62778819444445,122.10138150252527,ok,103.4293768560606,2
2003-09,2003-11,2003,11,3,100.040375,171.1685,12,1991-09,2002-09,-92.51115763888889,192.5515326388889,202.10202272727275,107.79210069444444,194.3502970328283,ok,220.9843494318182,2
2003-10,2003-12,2003,12,3,242.3060416666667,191.1895,12,1991-10,2002-10,39.42428402777779,202.8817576388889,199.78067272727273,233.55835069444444,208.52836369949497,ok,201.75466439393938,2
2003-11,2004-01,2004,1,3,315.38166666666666,330.2411,12,1991-11,2002-11,37.51567708333334,277.8659895833333,279.13870434782604,300.40955208333327,294.11081893115943,ok,251.4448557575758,2
2003-12,2004-02,2004,2,3,326.31262499999997,337.9902,12,1991-12,2002-12,80.08773888888886,246.22488611111112,213.97687391304348,289.6453888888889,250.64411002415457,ok,171.19413916666667,2
2004-01,2004-03,2004,3,3,301.40925,263.3091,13,1991-01,2003-01,89.39232692307692,212.01692307692306,271.369752173913,343.02751923076914,229.75148294314386,ok,253.3049439267677,3
2004-02,2004-04,2004,4,3,195.25325,153.5851,13,1991-02,2003-02,6.123186538461533,189.13006346153847,198.5197565217391,198.53474038461536,195.23826613712376,ok,196.21029063131314,3
2004-03,2004-05,2004,5,3,16.204375000000002,29.0041,13,1991-03,2003-03,-76.1722814102564,92.3766564102564,77.76692173913042,24.162233974358973,69.80906276477145,ok,98.99629784511785,3
2004-04,2004-06,2004,6,3,0.8855833333333334,11.5046,13,1991-04,2003-04,-5.472037820512821,6.357621153846154,7.987721739130435,1.4380160256410253,7.435289046822743,ok,5.896134473905723,3
2004-05,2004-07,2004,7,3,0.7032083333333333,24.0552,13,1991-05,2003-05,-1.4767955128205128,2.1800038461538462,4.321617391304348,1.2422660256410258,3.7825596989966552,ok,3.933276355218855,3
2004-06,2004-08,2004,8,3,4.017666666666666,45.2683,13,1991-06,2003-06,-7.535433333333334,11.5531,12.08865652173913,1.5057820512820514,14.600541137123745,ok,8.98307401094276,3
2004-07,2004-09,2004,9,3,8.640041666666667,24.8521,13,1991-07,2003-07,-50.75804166666668,59.398083333333346,64.40875217391304,6.890381410256411,66.1584124303233,ok,64.10373106481482,3
2004-08,2004-10,2004,10,3,31.393083333333333,156.836,13,1991-08,2003-08,-74.1442044871795,105.53728782051283,130.11430869565217,25.916118589743594,135.59127343924192,ok,99.14465517255893,3
2004-09,2004-11,2004,11,3,67.06791666666668,135.0896,13,1991-09,2003-09,-90.86630897435897,157.93422564102565,200.75708695652176,107.1958141025641,160.62918952062432,ok,211.50674383417513,3
2004-10,2004-12,2004,12,3,208.06695833333333,159.7892,13,1991-10,2003-10,40.32368846153847,167.74326987179487,199.40714347826088,234.23125,173.24285181159422,ok,202.13036214225588,3
2004-11,2005-01,2005,1,3,300.95170833333333,258.8253,13,1991-11,2003-11,33.48682243589744,267.4648858974359,281.2679708333333,301.56125320512814,280.6584259615385,ok,260.25190036616164,3
2004-12,2005-02,2005,2,3,297.8136666666667,252.3165,13,1991-12,2003-12,73.02886858974357,224.7847980769231,219.14409583333335,292.4659455128205,224.49181698717953,ok,196.20438814814815,3
2005-01,2005-03,2005,3,3,382.76570833333335,402.6636,14,1991-01,2004-01,85.7286,297.0371083333333,271.03389166666665,340.05478571428563,313.74481428571437,ok,242.98293871430653,4
2005-02,2005-04,2005,4,3,206.44195833333333,143.7686,14,1991-02,2004-02,8.662112499999994,197.77984583333333,196.64747916666667,198.30034821428572,204.78908928571428,ok,194.4402338388695,4
2005-03,2005-05,2005,5,3,30.71225,73.4273,14,1991-03,2004-03,-71.64567023809522,102.35792023809522,75.7351375,23.59381547619048,82.85357202380952,ok,97.34138748640248,4
2005-04,2005-06,2005,6,3,0.92875,0.5479,14,1991-04,2004-04,-5.839679166666667,6.768429166666667,8.134258333333333,1.3985565476190474,7.664451785714286,ok,6.011506143890831,4
2005-05,2005-07,2005,7,3,0.39066666666666666,1.8672,14,1991-05,2004-05,-3.039309523809524,3.4299761904761907,5.14385,1.2037619047619048,4.330754761904761,ok,3.494958227952603,4
2005-06,2005-08,2005,8,3,1.7744583333333335,1.159,14,1991-06,2004-06,-9.943661904761907,11.71812023809524,13.471141666666666,1.685202380952381,13.560397619047619,ok,9.62558050820707,4
2005-07,2005-09,2005,9,3,2.7107916666666667,69.9723,14,1991-07,2004-07,-48.290471428571436,51.0012630952381,62.760558333333336,7.015357142857143,58.45599285714286,ok,62.92731913194446,4
2005-08,2005-10,2005,10,3,17.521375,43.3954,14,1991-08,2004-08,-77.80839821428572,95.32977321428572,131.2277125,26.30733035714286,122.44175714285714,ok,100.7428133345474,4
2005-09,2005-11,2005,11,3,59.62679166666667,162.476,14,1991-09,2004-09,-89.23455,148.86134166666668,198.02094166666666,104.32953571428571,153.31819761904762,ok,198.11361428588776,4
2005-10,2005-12,2005,12,3,230.1302916666667,270.7065,14,1991-10,2004-10,40.89183630952381,189.23845535714287,197.75639583333336,232.3623720238095,195.52431547619054,ok,193.53358907464062,4
2005-11,2006-01,2006,1,3,310.89525,166.8556,14,1991-11,2004-11,34.10393571428571,276.7913142857143,280.370264,301.51771428571425,289.74779971428575,ok,262.0551467489802,4
2005-12,2006-02,2006,2,3,313.67941666666667,230.8724,14,1991-12,2004-12,71.06231845238094,242.61709821428573,220.470992,292.84792559523805,241.3024830714286,ok,203.3494906303419,4
2006-01,2006-03,2006,3,3,358.25820833333336,267.8005,15,1991-01,2005-01,78.68683388888888,279.5713744444445,276.29908,342.9021805555555,291.65510777777786,ok,253.79377263811188,5
2006-02,2006-04,2006,4,3,193.39554166666667,429.1988,15,1991-02,2005-02,12.262862222222218,181.13267944444445,194.53232400000002,198.8431222222222,189.08474344444448,ok,195.10815623776224,5
2006-03,2006-05,2006,5,3,27.598583333333334,133.2095,15,1991-03,2005-03,-69.71696222222221,97.31554555555554,75.642824,24.068377777777776,79.17302955555556,ok,98.34469403674103,5
2006-04,2006-06,2006,6,3,0.9827916666666666,0.6042,15,1991-04,2005-04,-5.424977222222223,6.4077688888888895,7.830804,1.3672361111111109,7.4463595555555555,ok,6.162890748445998,5
2006-05,2006-07,2006,7,3,2.377083333333333,1.5265,15,1991-05,2005-05,-2.935124444444445,5.312207777777778,5.012783999999999,1.1495555555555557,6.240311777777777,ok,3.4819618204573204,5
2006-06,2006-08,2006,8,3,4.586875,12.4889,15,1991-06,2005-06,-9.239720555555557,13.826595555555556,12.978655999999999,1.6911527777777777,15.874378222222221,ok,10.044088454184704,5
2006-07,2006-09,2006,9,3,6.263999999999999,73.0467,15,1991-07,2005-07,-49.55520722222223,55.81920722222223,63.049028,6.728386111111111,62.58464188888889,ok,60.542107924603194,5
2006-08,2006-10,2006,10,3,34.94195833333333,156.2402,15,1991-08,2005-08,-74.34610666666667,109.288065,127.71441999999999,25.721600000000002,136.93477833333333,ok,99.66020531049507,5
2006-09,2006-11,2006,11,3,97.64283333333333,160.8529,15,1991-09,2005-09,-90.14219388888888,187.7850272222222,196.59914399999997,101.34935277777777,192.89262455555553,ok,188.26315976204356,5
2006-10,2006-12,2006,12,3,249.4706666666667,150.7779,15,1991-10,2005-10,35.46063333333334,214.01003333333335,200.67440000000002,232.21356666666668,217.93150000000003,ok,192.6745623311411,5
2006-11,2007-01,2007,1,3,333.78450000000004,243.8694,15,1991-11,2005-11,41.43298333333333,292.3515166666667,276.0043153846154,302.14288333333326,307.64593205128216,ok,265.002380256327,5
2006-12,2007-02,2007,2,3,301.855625,391.6001,15,1991-12,2005-12,71.84529833333332,230.01032666666666,220.87104615384618,294.2366916666667,228.48997948717948,ok,211.20301214713066,5
2007-01,2007-03,2007,3,3,305.4268333333334,144.3091,16,1991-01,2006-01,79.42251354166666,226.00431979166672,275.9722115384615,343.8619322916667,237.53711258012822,ok,258.09003960583397,6
2007-02,2007-04,2007,4,3,194.14083333333335,203.9629,16,1991-02,2006-02,-3.2412703125000046,197.38210364583335,203.5579576923077,198.5026484375,199.19614258814104,ok,192.77891010554262,6
2007-03,2007-05,2007,5,3,14.106208333333335,59.8926,16,1991-03,2006-03,-71.960334375,86.06654270833334,77.85692692307693,24.289015624999998,67.67411963141026,ok,98.17316928987678,6
2007-04,2007-06,2007,6,3,0.8638750000000001,0.6092,16,1991-04,2006-04,-5.0622541666666665,5.926129166666667,7.5528576923076916,1.3432083333333333,7.073524358974359,ok,6.203703771853147,6
2007-05,2007-07,2007,7,3,1.3728333333333333,2.6528,16,1991-05,2006-05,-2.698517708333333,4.0713510416666665,4.878696153846153,1.2262760416666665,5.025253445512821,ok,3.7870028133440634,6
2007-06,2007-08,2007,8,3,1.09375,1.474,16,1991-06,2006-06,-9.156114583333334,10.249864583333334,12.959819230769229,1.8721354166666666,12.181433814102562,ok,10.67450630441318,6
2007-07,2007-09,2007,9,3,2.44075,24.48,16,1991-07,2006-07,-50.63192552083334,53.07267552083334,63.43355384615385,6.699361979166666,59.17494186698718,ok,59.754957807539704,6
2007-08,2007-10,2007,10,3,20.936208333333333,90.3212,16,1991-08,2006-08,-77.28061510416666,98.21682343749998,128.8115653846154,26.297872395833334,123.4499013221154,ok,101.26484859207922,6
2007-09,2007-11,2007,11,3,74.80079166666667,140.1645,16,1991-09,2006-09,-88.4589359375,163.25972760416667,195.22428846153844,101.1176953125,168.9073848157051,ok,188.18347100540666,6
2007-10,2007-12,2007,12,3,210.71195833333334,154.6319,16,1991-10,2006-10,39.41264166666668,171.29931666666667,198.75530384615388,233.29213541666667,176.17512676282055,ok,196.23047416483982,6
2007-11,2008-01,2008,1,3,311.55383333333333,277.9576,16,1991-11,2006-11,44.463115624999986,267.09071770833333,274.81413333333336,304.120484375,282.2474822916667,ok,269.56056965805027,6
2007-12,2008-02,2008,2,3,292.153,227.3554,16,1991-12,2006-12,61.74593749999999,230.40706250000002,227.19434444444445,294.712875,224.63446944444448,ok,214.33756456705336,6
2008-01,2008-03,2008,3,3,313.79695833333335,291.7903,17,1991-01,2007-01,84.22811470588236,229.56884362745097,271.0958,341.60104411764706,243.29171421568628,ok,253.50636534666722,7
2008-02,2008-04,2008,4,3,179.18283333333332,198.2004,17,1991-02,2007-02,-3.62837598039216,182.81120931372547,203.57295555555558,198.24607107843138,184.50971781045752,ok,193.436509182727,7
2008-03,2008-05,2008,5,3,19.440791666666666,156.4351,17,1991-03,2007-03,-70.42069068627451,89.86148235294118,77.19158148148148,23.69002696078431,72.94234618736384,ok,96.44365120679915,7
2008-04,2008-06,2008,6,3,1.7928333333333333,1.2231,17,1991-04,2007-04,-4.74949362745098,6.5423269607843135,7.295685185185184,1.3150122549019607,7.773506263616557,ok,6.164050256826507,7
2008-05,2008-07,2008,7,3,0.6027083333333333,1.8809,17,1991-05,2007-05,-2.6150735294117644,3.2177818627450976,4.796255555555555,1.2348970588235293,4.164066830065359,ok,3.827623988818721,7
2008-06,2008-08,2008,8,3,0.8704999999999999,10.0751,17,1991-06,2007-06,-8.63988725490196,9.51038725490196,12.534418518518518,1.8263480392156861,11.578570479302831,ok,10.613843201401775,7
2008-07,2008-09,2008,9,3,8.305208333333333,35.7506,17,1991-07,2007-07,-48.95000343137256,57.25521176470589,61.99082962962963,6.448855392156862,63.8471825708061,ok,58.800346052295936,7
2008-08,2008-10,2008,10,3,26.549625000000002,71.4708,17,1991-08,2007-08,-76.81616666666666,103.36579166666667,127.38599629629628,25.982480392156866,127.95314090413942,ok,100.82941642713934,7
2008-09,2008-11,2008,11,3,134.22241666666667,228.8043,17,1991-09,2007-09,-87.1003931372549,221.3228098039216,193.185037037037,99.56964215686276,227.83781154684092,ok,184.62293623380097,7
2008-10,2008-12,2008,12,3,212.39720833333334,198.2564,17,1991-10,2007-10,40.393077941176486,172.00413039215687,197.12110370370374,231.96388970588237,177.5544223311547,ok,192.66888023652936,7
2008-11,2009-01,2009,1,3,320.4929583333333,176.1671,17,1991-11,2007-11,43.82388725490195,276.6690710784314,274.9264,304.55774019607844,290.8616181372549,ok,269.20773366523355,7
2008-12,2009-02,2009,2,3,322.30804166666667,173.2144,17,1991-12,2007-12,61.92544705882352,260.38259460784315,227.20009642857144,294.56229411764707,254.94584397759104,ok,216.63320712890285,7
2009-01,2009-03,2009,3,3,347.5224166666667,237.6584,18,1991-01,2008-01,80.77136712962962,266.75104953703703,271.83488928571427,340.0563726851852,279.3009332671958,ok,250.51417513176523,8
2009-02,2009-04,2009,4,3,193.71970833333333,291.4855,18,1991-02,2008-02,-4.4833310185185224,198.20303935185186,203.3810785714286,197.1870023148148,199.9137845899471,ok,192.10834669910184,8
2009-03,2009-05,2009,5,3,39.193875,287.1656,18,1991-03,2008-03,-74.119225,113.31309999999999,80.02170714285715,23.45395833333333,95.76162380952383,ok,95.6208801000669,8
2009-04,2009-06,2009,6,3,2.6675833333333334,15.2435,18,1991-04,2008-04,-4.453981018518518,7.121564351851852,7.0788071428571415,1.3415578703703703,8.404832605820104,ok,6.211334844821232,8
2009-05,2009-07,2009,7,3,3.470791666666667,2.7198,18,1991-05,2008-05,-2.5408023148148144,6.011593981481481,4.692135714285714,1.1997754629629627,6.963151917989418,ok,3.7513937230595182,8
2009-06,2009-08,2009,8,3,3.3034583333333334,15.226,18,1991-06,2008-06,-8.671260185185185,11.974718518518518,12.446585714285714,1.7732453703703703,13.976798677248677,ok,10.475911208089297,8
2009-07,2009-09,2009,9,3,18.284333333333333,49.6335,18,1991-07,2008-07,-47.755302777777786,66.03963611111112,61.05367857142858,6.55198611111111,72.7860257936508,ok,58.607204266347175,8
2009-08,2009-10,2009,10,3,45.70008333333334,145.1622,18,1991-08,2008-08,-75.04422268518518,120.74430601851851,125.38902499999999,26.013988425925927,145.0751199074074,ok,101.14646333208024,8
2009-09,2009-11,2009,11,3,116.11079166666667,129.9771,18,1991-09,2008-09,-87.51603148148148,203.62682314814816,194.45715357142853,101.49479629629631,209.07314894179888,ok,189.210420430066,8
2009-10,2009-12,2009,12,3,231.29095833333335,238.1976,18,1991-10,2008-10,38.93461851851853,192.35633981481482,197.16165000000004,230.87685185185188,197.5757564814815,ok,190.08578650598278,8
2009-11,2010-01,2010,1,3,236.34645833333335,206.4191,18,1991-11,2008-11,49.407330092592574,186.93912824074079,271.5209068965517,305.4430300925926,202.42433513729245,ok,270.1404008418833,8
2009-12,2010-02,2010,2,3,246.03275,189.3031,18,1991-12,2008-12,66.76812453703702,179.26462546296295,225.33852068965518,296.103724537037,175.26754615261817,ok,222.1018805637704,8
2010-01,2010-03,2010,3,3,311.9778333333333,170.6808,19,1991-01,2009-01,82.30255921052631,229.675274122807,270.6563896551724,340.44932236842106,242.18490062008465,ok,252.31827228790655,9
2010-02,2010-04,2010,4,3,149.10483333333335,179.409,19,1991-02,2009-02,-9.39293421052632,158.49776754385965,206.41916206896553,197.00451315789473,158.51948224440414,ok,192.7855347716296,9
2010-03,2010-05,2010,5,3,32.65420833333334,36.5434,19,1991-03,2009-03,-83.26935657894738,115.92356491228071,87.16460000000001,24.282374999999995,95.53643333333335,ok,97.58668231117058,9
2010-04,2010-06,2010,6,3,1.101625,8.1085,19,1991-04,2009-04,-4.881451315789474,5.983076315789474,7.3603482758620675,1.4113486842105263,7.050624591651541,ok,6.312471456713523,9
2010-05,2010-07,2010,7,3,0.4129583333333333,1.8517,19,1991-05,2009-05,-2.36755,2.7805083333333336,4.624124137931034,1.3193026315789471,3.71777983968542,ok,4.002527085106403,9
2010-06,2010-08,2010,8,3,0.33487500000000003,1.1641,19,1991-06,2009-06,-8.842380263157894,9.177255263157894,12.542427586206896,1.853782894736842,11.023519691470055,ok,10.642445353692544,9
2010-07,2010-09,2010,9,3,1.1339166666666667,2.3148,19,1991-07,2009-07,-46.891821929824566,48.02573859649123,60.65987931034483,7.169478070175438,54.624317906836055,ok,59.433030026876494,9
2010-08,2010-10,2010,10,3,17.152958333333334,136.1532,19,1991-08,2009-08,-76.32937499999998,93.48233333333332,126.07085862068966,27.050098684210525,116.17371826981247,ok,103.32400140835117,9
2010-09,2010-11,2010,11,3,144.66604166666667,142.1422,19,1991-09,2009-09,-83.63973026315789,228.30577192982457,192.23370344827583,102.26405921052633,234.63568590441616,ok,190.81224295429735,9
2010-10,2010-12,2010,12,3,288.89887500000003,168.2896,19,1991-10,2009-10,36.521920614035096,252.37695438596495,198.57668275862073,230.89864692982457,256.5769108287962,ok,190.33807020696412,9
2010-11,2011-01,2011,1,3,345.29041666666666,274.405,19,1991-11,2009-11,48.382068421052615,296.90834824561404,269.35084666666665,301.80636842105264,312.8348949122807,ok,260.89581499731196,9
2010-12,2011-02,2011,2,3,333.80925,316.7195,19,1991-12,2009-12,66.23978377192981,267.5694662280702,224.13734000000002,293.4684100877193,264.4781799122808,ok,217.3421855525696,9
1991-01,1991-04,1991,4,4,253.46520833333332,214.6288,0,,,,,206.46041999999997,,,warmup_amostra_insuficiente,,0
1991-02,1991-05,1991,5,4,22.72175,128.0413,0,,,,,48.429050000000004,,,warmup_amostra_insuficiente,,0
1991-03,1991-06,1991,6,4,1.6847083333333333,0.7033,0,,,,,9.38869,,,warmup_amostra_insuficiente,,0
1991-04,1991-07,1991,7,4,1.06025,1.9531,0,,,,,6.404940000000001,,,warmup_amostra_insuficiente,,0
1991-05,1991-08,1991,8,4,1.8860833333333333,1.2135,0,,,,,16.050330000000002,,,warmup_amostra_insuficiente,,0
1991-06,1991-09,1991,9,4,4.535958333333333,73.9762,0,,,,,73.19717999999999,,,warmup_amostra_insuficiente,,0
1991-07,1991-10,1991,10,4,21.092458333333333,58.2752,0,,,,,169.18448999999998,,,warmup_amostra_insuficiente,,0
1991-08,1991-11,1991,11,4,111.88799999999999,141.8015,0,,,,,204.26054000000002,,,warmup_amostra_insuficiente,,0
1991-09,1991-12,1991,12,4,263.53229166666665,139.2974,0,,,,,206.55659999999997,,,warmup_amostra_insuficiente,,0
1991-10,1992-01,1992,1,4,349.56475,307.6078,0,,,,,296.8603363636363,,,warmup_amostra_insuficiente,,0
1991-11,1992-02,1992,2,4,275.3445,144.7331,0,,,,,218.7978454545455,,,warmup_amostra_insuficiente,,0
1991-12,1992-03,1992,3,4,326.7089583333333,155.372,0,,,,,299.8407818181818,,,warmup_amostra_insuficiente,,0
1992-01,1992-04,1992,4,4,184.12908333333334,102.9542,1,,,,,207.20299999999997,253.46520833333332,137.866875,warmup_amostra_insuficiente,,0
1992-02,1992-05,1992,5,4,21.070166666666665,24.3743,1,,,,,55.66652727272728,22.72175,54.014943939393945,warmup_amostra_insuficiente,,0
1992-03,1992-06,1992,6,4,0.8855833333333334,1.0095,1,,,,,8.599109090909092,1.6847083333333333,7.799984090909092,warmup_amostra_insuficiente,,0
1992-04,1992-07,1992,7,4,1.7409999999999999,2.0289,1,,,,,6.000227272727273,1.06025,6.680977272727273,warmup_amostra_insuficiente,,0
1992-05,1992-08,1992,8,4,1.1271666666666667,13.0445,1,,,,,14.701527272727276,1.8860833333333333,13.94261060606061,warmup_amostra_insuficiente,,0
1992-06,1992-09,1992,9,4,3.531625,135.5711,1,,,,,73.26799999999999,4.535958333333333,72.26366666666665,warmup_amostra_insuficiente,,0
1992-07,1992-10,1992,10,4,25.36675,62.0723,1,,,,,159.10182727272726,21.092458333333333,163.37611893939393,warmup_amostra_insuficiente,,0
1992-08,1992-11,1992,11,4,95.26675,214.2915,1,,,,,198.58244545454545,111.88799999999999,181.96119545454548,warmup_amostra_insuficiente,,0
1992-09,1992-12,1992,12,4,232.97616666666667,239.5717,1,,,,,200.44212727272725,263.53229166666665,169.88600227272727,warmup_amostra_insuficiente,,0
1992-10,1993-01,1993,1,4,266.67929166666664,121.8043,1,,,,,297.75595833333324,349.56475,214.87049999999988,warmup_amostra_insuficiente,,0
1992-11,1993-02,1993,2,4,310.736125,307.8407,1,,,,,212.62578333333337,275.3445,248.0174083333334,warmup_amostra_insuficiente,,0
1992-12,1993-03,1993,3,4,365.0771666666667,153.1779,1,,,,,287.80171666666666,326.7089583333333,326.16992500000003,warmup_amostra_insuficiente,,0
1993-01,1993-04,1993,4,4,213.72116666666668,250.0943,2,,,,,198.51559999999998,218.79714583333333,193.43962083333332,warmup_amostra_insuficiente,,0
1993-02,1993-05,1993,5,4,23.279791666666668,95.5974,2,,,,,53.058841666666666,21.895958333333333,54.442675,warmup_amostra_insuficiente,,0
1993-03,1993-06,1993,6,4,3.045625,0.586,2,,,,,7.966641666666668,1.2851458333333334,9.727120833333334,warmup_amostra_insuficiente,,0
1993-04,1993-07,1993,7,4,4.508666666666667,1.8793,2,,,,,5.669283333333335,1.4006249999999998,8.777325000000001,warmup_amostra_insuficiente,,0
1993-05,1993-08,1993,8,4,3.6270416666666665,40.5665,2,,,,,14.56344166666667,1.506625,16.683858333333337,warmup_amostra_insuficiente,,0
1993-06,1993-09,1993,9,4,5.043583333333333,56.4376,2,,,,,78.45992499999998,4.033791666666667,79.46971666666666,warmup_amostra_insuficiente,,0
1993-07,1993-10,1993,10,4,23.770791666666668,126.1723,2,,,,,151.01603333333333,23.229604166666668,151.55722083333333,warmup_amostra_insuficiente,,0
1993-08,1993-11,1993,11,4,119.54516666666666,225.9903,2,,,,,199.8915333333333,103.57737499999999,215.85932499999998,warmup_amostra_insuficiente,,0
1993-09,1993-12,1993,12,4,243.4665,216.8044,2,,,,,203.70292499999996,248.25422916666668,198.91519583333329,warmup_amostra_insuficiente,,0
1993-10,1994-01,1994,1,4,364.1172916666667,330.218,2,,,,,284.2212153846153,308.1220208333333,340.21648621794867,warmup_amostra_insuficiente,,0
1993-11,1994-02,1994,2,4,314.516125,306.4669,2,,,,,219.95000769230774,293.0403125,241.4258201923077,warmup_amostra_insuficiente,,0
1993-12,1994-03,1994,3,4,382.77695833333337,311.1998,2,,,,,277.4460384615385,345.89306250000004,314.3299342948718,warmup_amostra_insuficiente,,0
1994-01,1994-04,1994,4,4,251.27270833333333,176.4476,3,,,,,202.48319230769232,217.1051527777778,236.65074786324786,warmup_amostra_insuficiente,,0
1994-02,1994-05,1994,5,4,34.584875,50.2617,3,,,,,56.33103846153846,22.35723611111111,68.55867735042735,warmup_amostra_insuficiente,,0
1994-03,1994-06,1994,6,4,1.7711666666666668,40.3001,3,,,,,7.398900000000001,1.8719722222222224,7.2980944444444455,warmup_amostra_insuficiente,,0
1994-04,1994-07,1994,7,4,2.2097083333333334,1.843,3,,,,,5.3777461538461555,2.4366388888888886,5.150815598290601,warmup_amostra_insuficiente,,0
1994-05,1994-08,1994,8,4,0.9374583333333333,6.3765,3,,,,,16.563676923076926,2.2134305555555556,15.287704700854704,warmup_amostra_insuficiente,,0
1994-06,1994-09,1994,9,4,6.134416666666667,57.4679,3,,,,,76.76589999999999,4.370388888888889,78.52992777777777,warmup_amostra_insuficiente,,0
1994-07,1994-10,1994,10,4,25.299666666666667,114.0829,3,,,,,149.10497692307692,23.41,150.9946435897436,warmup_amostra_insuficiente,,0
1994-08,1994-11,1994,11,4,108.90724999999999,151.223,3,,,,,201.89913076923074,108.89997222222222,201.9064085470085,warmup_amostra_insuficiente,,0
1994-09,1994-12,1994,12,4,243.96879166666668,200.9509,3,,,,,204.71073076923074,246.65831944444446,202.02120299145295,warmup_amostra_insuficiente,,0
1994-10,1995-01,1995,1,4,286.756125,156.6185,3,,,,,287.5066999999999,326.7871111111111,247.47571388888883,warmup_amostra_insuficiente,,0
1994-11,1995-02,1995,2,4,310.5950833333333,232.7107,3,,,,,226.12978571428576,300.19891666666666,236.52595238095242,warmup_amostra_insuficiente,,0
1994-12,1995-03,1995,3,4,389.08229166666666,218.3206,3,,,,,279.8570214285714,358.1876944444445,310.75161865079355,warmup_amostra_insuficiente,,0
1995-01,1995-04,1995,4,4,210.08158333333333,255.6784,4,,,,,200.62350714285714,225.64704166666667,185.0580488095238,warmup_amostra_insuficiente,,0
1995-02,1995-05,1995,5,4,21.24866666666667,188.1476,4,,,,,55.89751428571429,25.414145833333333,51.73203511904762,warmup_amostra_insuficiente,,0
1995-03,1995-06,1995,6,4,0.4859583333333333,0.5023,4,,,,,9.748985714285714,1.8467708333333335,8.388173214285715,warmup_amostra_insuficiente,,0
1995-04,1995-07,1995,7,4,0.44649999999999995,1.9521,4,,,,,5.125264285714287,2.37990625,3.1918580357142874,warmup_amostra_insuficiente,,0
1995-05,1995-08,1995,8,4,0.39066666666666666,1.2264,4,,,,,15.83602142857143,1.8944375,14.332250595238097,warmup_amostra_insuficiente,,0
1995-06,1995-09,1995,9,4,1.1772083333333334,24.8694,4,,,,,75.38747142857142,4.811395833333333,71.75328392857142,warmup_amostra_insuficiente,,0
1995-07,1995-10,1995,10,4,23.313166666666664,82.7379,4,,,,,146.6034,23.882416666666668,146.03414999999998,warmup_amostra_insuficiente,,0
1995-08,1995-11,1995,11,4,127.116,247.2129,4,,,,,198.2794071428571,108.90179166666665,216.49361547619046,warmup_amostra_insuficiente,,0
1995-09,1995-12,1995,12,4,259.2914583333333,191.1246,4,,,,,204.44217142857138,245.9859375,217.7476922619047,warmup_amostra_insuficiente,,0
1995-10,1996-01,1996,1,4,317.69170833333334,224.1528,4,,,,,278.7808199999999,316.7793645833333,279.69316374999994,warmup_amostra_insuficiente,,0
1995-11,1996-02,1996,2,4,371.28820833333333,225.4247,4,,,,,226.56851333333336,302.7979583333333,295.05876333333333,warmup_amostra_insuficiente,,0
1995-12,1996-03,1996,3,4,408.40012499999995,302.7974,4,,,,,275.75459333333333,365.91134375,318.24337458333326,warmup_amostra_insuficiente,,0
1996-01,1996-04,1996,4,4,181.90429166666664,321.9434,5,,,,,204.29383333333334,222.53395,163.66417499999997,warmup_amostra_insuficiente,,0
1996-02,1996-05,1996,5,4,20.422791666666665,98.9982,5,,,,,64.71418666666666,24.581049999999998,60.55592833333333,warmup_amostra_insuficiente,,0
1996-03,1996-06,1996,6,4,0.6587500000000001,0.4652,5,,,,,9.13254,1.5746083333333334,8.216681666666668,warmup_amostra_insuficiente,,0
1996-04,1996-07,1996,7,4,1.015625,1.9521,5,,,,,4.913720000000001,1.993225,3.9361200000000016,warmup_amostra_insuficiente,,0
1996-05,1996-08,1996,8,4,1.4174166666666668,1.4883,5,,,,,14.862046666666668,1.5936833333333333,14.685780000000001,warmup_amostra_insuficiente,,0
1996-06,1996-09,1996,9,4,4.633125,9.7369,5,,,,,72.0196,4.084558333333333,72.56816666666667,warmup_amostra_insuficiente,,0
1996-07,1996-10,1996,10,4,32.64304166666667,145.0933,5,,,,,142.3457,23.768566666666665,151.22017499999998,warmup_amostra_insuficiente,,0
1996-08,1996-11,1996,11,4,142.23600000000002,222.7092,5,,,,,201.54163999999997,112.54463333333334,231.23300666666665,warmup_amostra_insuficiente,,0
1996-09,1996-12,1996,12,4,252.68479166666668,130.1745,5,,,,,203.55433333333332,248.64704166666667,207.59208333333333,warmup_amostra_insuficiente,,0
1996-10,1997-01,1997,1,4,353.92825,403.2083,5,,,,,275.36656875,316.9618333333333,312.3329854166667,warmup_amostra_insuficiente,,0
1996-11,1997-02,1997,2,4,332.115875,180.4594,5,,,,,226.497025,316.49600833333335,242.11689166666667,warmup_amostra_insuficiente,,0
1996-12,1997-03,1997,3,4,353.30325,452.1152,5,,,,,277.44476875,374.40909999999997,256.33891875,warmup_amostra_insuficiente,,0
1997-01,1997-04,1997,4,4,227.18879166666667,290.1342,6,,,,,211.64693125,215.76234027777778,223.0733826388889,warmup_amostra_insuficiente,,0
1997-02,1997-05,1997,5,4,16.885125,68.9381,6,,,,,66.8569375,23.88800694444444,59.85405555555556,warmup_amostra_insuficiente,,0
1997-03,1997-06,1997,6,4,1.3392083333333333,0.6576,6,,,,,8.59083125,1.4219652777777778,8.508074305555557,warmup_amostra_insuficiente,,0
1997-04,1997-07,1997,7,4,2.265541666666667,1.9683,6,,,,,4.72861875,1.8302916666666667,5.163868750000001,warmup_amostra_insuficiente,,0
1997-05,1997-08,1997,8,4,4.720833333333333,1.2265,6,,,,,14.026187499999999,1.5643055555555554,17.182715277777778,warmup_amostra_insuficiente,,0
1997-06,1997-09,1997,9,4,5.356791666666666,47.0877,6,,,,,68.12693125,4.1759861111111105,69.30773680555555,warmup_amostra_insuficiente,,0
1997-07,1997-10,1997,10,4,23.369,98.1562,6,,,,,142.517425,25.247645833333333,140.63877916666667,warmup_amostra_insuficiente,,0
1997-08,1997-11,1997,11,4,102.40554166666668,75.7109,6,,,,,202.86461250000002,117.49319444444444,187.77695972222227,warmup_amostra_insuficiente,,0
1997-09,1997-12,1997,12,4,247.01537499999998,199.815,6,,,,,198.96809374999998,249.32000000000002,196.66346874999994,warmup_amostra_insuficiente,,0
1997-10,1998-01,1998,1,4,223.612875,347.458,6,,,,,282.8866705882353,323.1229027777777,183.37664281045758,warmup_amostra_insuficiente,,0
1997-11,1998-02,1998,2,4,239.45029166666666,127.8253,6,,,,,223.7889294117647,319.09931944444446,144.1399016339869,warmup_amostra_insuficiente,,0
1997-12,1998-03,1998,3,4,281.3100416666667,242.0988,6,,,,,287.7195,370.89145833333333,198.13808333333333,warmup_amostra_insuficiente,,0
1998-01,1998-04,1998,4,4,168.70675,54.1047,7,,,,,216.2638294117647,217.3946904761905,167.5758889355742,warmup_amostra_insuficiente,,0
1998-02,1998-05,1998,5,4,15.769083333333333,74.6596,7,,,,,66.97935882352942,22.887595238095233,59.86084691876752,warmup_amostra_insuficiente,,0
1998-03,1998-06,1998,6,4,0.5723333333333334,16.0121,7,,,,,8.124170588235295,1.4101428571428571,7.286361064425771,warmup_amostra_insuficiente,,0
1998-04,1998-07,1998,7,4,0.8928333333333334,3.3565,7,,,,,4.566247058823529,1.8924702380952383,3.5666101540616237,warmup_amostra_insuficiente,,0
1998-05,1998-08,1998,8,4,0.5245416666666667,1.2501,7,,,,,13.273264705882351,2.0152380952380953,11.782568277310922,warmup_amostra_insuficiente,,0
1998-06,1998-09,1998,9,4,3.596375,13.3474,7,,,,,66.8893294117647,4.344672619047619,66.14103179271709,warmup_amostra_insuficiente,,0
1998-07,1998-10,1998,10,4,25.277375000000003,89.2952,7,,,,,139.9079411764706,24.979267857142855,140.20604831932775,warmup_amostra_insuficiente,,0
1998-08,1998-11,1998,11,4,121.57554166666667,245.1679,7,,,,,195.3849823529412,115.33781547619047,201.6227085434174,warmup_amostra_insuficiente,,0
1998-09,1998-12,1998,12,4,253.41004166666667,138.7974,7,,,,,199.01791176470587,248.99076785714286,203.4371855742297,warmup_amostra_insuficiente,,0
1998-10,1999-01,1999,1,4,327.26704166666667,215.817,7,,,,,286.4739666666667,308.90718452380946,304.8338238095239,warmup_amostra_insuficiente,,0
1998-11,1999-02,1999,2,4,351.4493333333333,131.3784,7,,,,,218.4576166666667,307.72088690476187,262.1860630952381,warmup_amostra_insuficiente,,0
1998-12,1999-03,1999,3,4,370.400375,283.9542,7,,,,,285.1850166666666,358.09411309523813,297.4912785714285,warmup_amostra_insuficiente,,0
1999-01,1999-04,1999,4,4,203.97958333333335,162.6196,8,,,,,207.25498888888887,211.30869791666666,199.92587430555557,warmup_amostra_insuficiente,,0
1999-02,1999-05,1999,5,4,29.149958333333334,177.0923,8,,,,,67.40603888888889,21.99778125,74.55821597222223,warmup_amostra_insuficiente,,0
1999-03,1999-06,1999,6,4,1.998,0.6859,8,,,,,8.56238888888889,1.305416666666667,9.254972222222223,warmup_amostra_insuficiente,,0
1999-04,1999-07,1999,7,4,4.129208333333334,1.9885,8,,,,,4.499038888888888,1.767515625,6.860731597222222,warmup_amostra_insuficiente,,0
1999-05,1999-08,1999,8,4,1.227625,1.2624,8,,,,,12.60531111111111,1.8289010416666667,12.004035069444443,warmup_amostra_insuficiente,,0
1999-06,1999-09,1999,9,4,2.9592500000000004,72.5879,8,,,,,63.914777777777786,4.251135416666667,62.62289236111112,warmup_amostra_insuficiente,,0
1999-07,1999-10,1999,10,4,25.444791666666664,112.4277,8,,,,,137.09612222222222,25.01653125,137.52438263888888,warmup_amostra_insuficiente,,0
1999-08,1999-11,1999,11,4,107.68675,349.1067,8,,,,,198.15070000000003,116.11753125,189.71991875000003,warmup_amostra_insuficiente,,0
1999-09,1999-12,1999,12,4,282.71616666666665,242.5365,8,,,,,195.67232777777775,249.54317708333332,228.84531736111109,warmup_amostra_insuficiente,,0
1999-10,2000-01,2000,1,4,288.5195,260.085,8,,,,,282.7551789473684,311.20216666666664,260.07251228070174,warmup_amostra_insuficiente,,0
1999-11,2000-02,2000,2,4,369.27325,271.7656,8,,,,,213.8745,313.18694270833333,269.9608072916667,warmup_amostra_insuficiente,,0
1999-12,2000-03,2000,3,4,384.1718333333333,185.8099,8,,,,,285.12023684210527,359.63239583333336,309.65967434210523,warmup_amostra_insuficiente,,0
2000-01,2000-04,2000,4,4,222.06949999999998,184.1135,9,,,,,204.90575789473684,210.49435185185183,216.48090604288498,warmup_amostra_insuficiente,,0
2000-02,2000-05,2000,5,4,20.434,53.6399,9,,,,,73.179,22.79246759259259,70.82053240740741,warmup_amostra_insuficiente,,0
2000-03,2000-06,2000,6,4,0.7019166666666666,4.8153,9,,,,,8.147836842105264,1.3823703703703705,7.467383138401559,warmup_amostra_insuficiente,,0
2000-04,2000-07,2000,7,4,2.299,10.0203,9,,,,,4.366905263157895,2.0299259259259257,4.635979337231969,warmup_amostra_insuficiente,,0
2000-05,2000-08,2000,8,4,3.0355416666666666,7.9948,9,,,,,12.008315789473684,1.7620925925925925,13.281764863547759,warmup_amostra_insuficiente,,0
2000-06,2000-09,2000,9,4,3.877125,123.9327,9,,,,,64.37125789473684,4.107592592592592,64.14079030214425,warmup_amostra_insuficiente,,0
2000-07,2000-10,2000,10,4,21.516541666666665,86.4072,9,,,,,135.79778421052632,25.064115740740743,132.25021013645224,warmup_amostra_insuficiente,,0
2000-08,2000-11,2000,11,4,108.78837499999999,192.5216,9,,,,,206.09575263157896,115.18077777777778,199.70334985380117,warmup_amostra_insuficiente,,0
2000-09,2000-12,2000,12,4,241.915375,222.6176,9,,,,,198.13886315789472,253.2290648148148,186.82517334307994,warmup_amostra_insuficiente,,0
2000-10,2001-01,2001,1,4,313.2500416666667,192.5309,9,,,,,281.62167,308.68187037037035,286.1898412962963,warmup_amostra_insuficiente,,0
2000-11,2001-02,2001,2,4,313.2762916666667,153.1069,9,,,,,216.76905500000004,319.41875462962963,210.62659203703708,warmup_amostra_insuficiente,,0
2000-12,2001-03,2001,3,4,338.449375,249.1479,9,,,,,280.15472,362.35900000000004,256.24509499999994,warmup_amostra_insuficiente,,0
2001-01,2001-04,2001,4,4,211.36666666666667,196.9268,10,1991-01,2000-01,10.37999666666666,200.98667,203.866145,211.65186666666665,203.580945,ok,,0
2001-02,2001-05,2001,5,4,32.43091666666667,140.175,10,1991-02,2000-02,-73.41841916666667,105.84933583333333,72.202045,22.556620833333334,82.07634083333333,ok,,0
2001-03,2001-06,2001,6,4,2.1058749999999997,5.0237,10,1991-03,2000-03,-5.259404999999999,7.3652799999999985,7.981210000000002,1.3143250000000002,8.772760000000002,ok,,0
2001-04,2001-07,2001,7,4,2.499916666666667,2.3266,10,1991-04,2000-04,-0.8373766666666669,3.337293333333334,4.6495750000000005,2.056833333333333,5.092658333333334,ok,,0
2001-05,2001-08,2001,8,4,1.5177500000000002,7.2041,10,1991-05,2000-05,-5.6755125,7.1932625,11.80764,1.8894375,11.435952499999999,ok,,0
2001-06,2001-09,2001,9,4,8.564375,33.0017,10,1991-06,2000-06,-57.41693416666667,65.98130916666668,67.34933000000001,4.084545833333333,71.82915916666667,ok,,0
2001-07,2001-10,2001,10,4,51.07941666666667,130.0808,10,1991-07,2000-07,-72.76266166666667,123.84207833333335,133.328255,24.709358333333334,159.69831333333335,ok,,0
2001-08,2001-11,2001,11,4,103.345125,196.3446,10,1991-08,2000-08,-92.03201250000001,195.3771375,205.417045,114.5415375,194.2206325,ok,,0
2001-09,2001-12,2001,12,4,245.68741666666665,209.0467,10,1991-09,2000-09,59.928695833333336,185.7587208333333,199.3628,252.09769583333332,192.95252083333332,ok,,0
2001-10,2002-01,2002,1,4,287.83875,368.8524,10,1991-10,2000-10,53.18862749999998,234.6501225,277.3792523809524,309.13868749999995,256.07931488095244,ok,,0
2001-11,2002-02,2002,2,4,287.79408333333333,190.9456,10,1991-11,2000-11,110.63333833333331,177.16074500000002,213.73752380952382,318.80450833333333,182.72709880952382,ok,,0
2001-12,2002-03,2002,3,4,372.208375,178.8799,10,1991-12,2000-12,104.56866749999999,267.6397075,278.67820476190474,359.96803750000004,290.9185422619047,ok,,0
2002-01,2002-04,2002,4,4,204.336,124.7968,11,1991-01,2001-01,10.749075757575753,193.58692424242426,203.53569999999996,211.62593939393938,196.2457606060606,ok,200.98667,1
2002-02,2002-05,2002,5,4,30.7235,103.8934,11,1991-02,2001-02,-76.5389340909091,107.2624340909091,75.43885238095238,23.454284090909088,82.7080682900433,ok,105.84933583333333,1
2002-03,2002-06,2002,6,4,0.76675,6.7952,11,1991-03,2001-03,-5.04653409090909,5.81328409090909,7.840376190476191,1.386284090909091,7.2208420995671005,ok,7.3652799999999985,1
2002-04,2002-07,2002,7,4,1.3504166666666668,2.1991,11,1991-04,2001-04,-0.7454954545454547,2.0959121212121214,4.538957142857143,2.0971136363636362,3.7922601731601735,ok,3.337293333333334,1
2002-05,2002-08,2002,8,4,3.448625,1.0971,11,1991-05,2001-05,-5.676497727272727,9.125122727272727,11.588423809523809,1.8556477272727272,13.181401082251082,ok,7.1932625,1
2002-06,2002-09,2002,9,4,10.961958333333333,67.2486,11,1991-06,2001-06,-54.41878787878788,65.38074621212121,65.71372857142858,4.49180303030303,72.18388387445887,ok,65.98130916666668,1
2002-07,2002-10,2002,10,4,36.705333333333336,93.122,11,1991-07,2001-07,-73.3298181818182,110.03515151515154,133.1736142857143,27.106636363636365,142.77231125541127,ok,123.84207833333335,1
2002-08,2002-11,2002,11,4,96.50879166666665,141.559,11,1991-08,2001-08,-92.11996363636364,188.6287553030303,204.98502380952382,113.52368181818183,187.97013365800865,ok,195.3771375,1
2002-09,2002-12,2002,12,4,187.56608333333335,198.8721,11,1991-09,2001-09,57.81160681818182,129.75447651515154,199.8239380952381,251.51494318181815,135.8750782467533,ok,185.7587208333333,1
2002-10,2003-01,2003,1,4,249.63804166666668,226.3735,11,1991-10,2001-10,40.98842045454544,208.64962121212125,281.5371227272727,307.2023295454545,223.97283484848484,ok,234.6501225,1
2002-11,2003-02,2003,2,4,277.8147916666667,242.0345,11,1991-11,2001-11,109.38016969696967,168.434621969697,212.70152727272728,315.9853787878788,174.53094015151515,ok,177.16074500000002,1
2002-12,2003-03,2003,3,4,351.58466666666664,210.3821,11,1991-12,2001-12,112.63774090909091,238.94692575757574,274.1419181818182,361.0807954545455,264.6457893939393,ok,267.6397075,1
2003-01,2003-04,2003,4,4,220.44958333333332,166.9079,12,1991-01,2002-01,16.48158611111111,203.9679972222222,199.95665909090906,211.0184444444444,209.38779797979797,ok,197.28679712121215,2
2003-02,2003-05,2003,5,4,36.973,100.5299,12,1991-02,2002-02,-76.25818124999999,113.23118124999999,76.7322409090909,24.060052083333332,89.64518882575757,ok,106.55588496212121,2
2003-03,2003-06,2003,6,4,2.2139583333333333,12.2745,12,1991-03,2002-03,-5.128360416666666,7.34231875,7.792868181818182,1.33465625,8.672170265151514,ok,6.589282045454544,2
2003-04,2003-07,2003,7,4,0.50225,1.88,12,1991-04,2002-04,-0.7540944444444446,1.2563444444444447,4.4326,2.0348888888888887,2.899961111111111,ok,2.716602727272728,2
2003-05,2003-08,2003,8,4,0.6697083333333333,33.5851,12,1991-05,2002-05,-5.007495833333333,5.677204166666666,11.111545454545455,1.9883958333333334,9.792857954545456,ok,8.159192613636364,2
2003-06,2003-09,2003,9,4,5.151708333333334,34.1644,12,1991-06,2002-06,-54.57444236111112,59.72615069444445,65.78349545454546,5.030982638888889,65.9042211489899,ok,65.68102768939394,2
2003-07,2003-10,2003,10,4,15.713375,102.8612,12,1991-07,2002-07,-71.9203888888889,87.6337638888889,131.35308636363638,27.90652777777778,119.1599335858586,ok,116.93861492424244,2
2003-08,2003-11,2003,11,4,104.81400000000001,171.1685,12,1991-08,2002-08,-88.19748402777778,193.01148402777778,202.10202272727275,112.10577430555556,194.8102484217172,ok,192.00294640151515,2
2003-09,2003-12,2003,12,4,234.09220833333333,191.1895,12,1991-09,2002-09,52.051804861111115,182.0404034722222,199.78067272727273,246.18587152777775,187.6870095328283,ok,157.7565986742424,2
2003-10,2004-01,2004,1,4,297.03445833333336,330.2411,12,1991-10,2002-10,39.51143055555554,257.5230277777778,279.13870434782604,302.4053055555555,273.7678571256039,ok,221.64987185606063,2
2003-11,2004-02,2004,2,4,328.317125,337.9902,12,1991-11,2002-11,103.24684652777775,225.07027847222224,213.97687391304348,312.80449652777776,229.4895023852657,ok,172.7976834848485,2
2003-12,2004-03,2004,3,4,388.24525,263.3091,12,1991-12,2002-12,115.01814305555554,273.2271069444445,271.369752173913,360.28945138888895,299.32555078502406,ok,253.29331662878786,2
2004-01,2004-04,2004,4,4,228.73325,153.5851,13,1991-01,2003-01,19.332362820512817,209.40088717948717,198.5197565217391,211.74391666666665,215.50908985507246,ok,199.51386382154882,3
2004-02,2004-05,2004,5,4,23.893583333333336,29.0041,13,1991-02,2003-02,-75.28115961538461,99.17474294871795,77.76692173913042,25.05335576923077,76.60714930323299,ok,108.78098372474749,3
2004-03,2004-06,2004,6,4,0.626375,11.5046,13,1991-03,2003-03,-5.507758974358974,6.134133974358974,7.987721739130435,1.402294871794872,7.211801867335563,ok,6.84029428030303,3
2004-04,2004-07,2004,7,4,3.5266249999999997,24.0552,13,1991-04,2003-04,-0.802067948717949,4.328692948717949,4.321617391304348,1.9169935897435897,5.931248801560757,ok,2.229849966329967,3
2004-05,2004-08,2004,8,4,0.7700833333333333,45.2683,13,1991-05,2003-05,-7.15425705128205,7.924340384615383,12.08865652173913,1.8869583333333333,10.97178152173913,ok,7.331863131313131,3
2004-06,2004-09,2004,9,4,5.810333333333333,24.8521,13,1991-06,2003-06,-52.608153846153854,58.41848717948719,64.40875217391304,5.040269230769231,65.17881627647715,ok,63.69606869107744,3
2004-07,2004-10,2004,10,4,21.85129166666667,156.836,13,1991-07,2003-07,-73.09173012820514,94.94302179487181,130.11430869565217,26.968592948717948,124.9970074136009,ok,107.17033124579126,3
2004-08,2004-11,2004,11,4,109.25279166666667,135.0896,13,1991-08,2003-08,-86.51725448717949,195.77004615384615,200.75708695652176,111.5448685897436,198.46501003344483,ok,192.33912561026935,3
2004-09,2004-12,2004,12,4,220.38775,159.7892,13,1991-09,2003-09,51.3480282051282,169.0397217948718,199.40714347826088,245.25558974358972,174.53930373467117,ok,165.85120027356902,3
2004-10,2005-01,2005,1,4,343.17008333333337,258.8253,13,1991-10,2003-10,33.91773269230768,309.2523506410257,281.2679708333333,301.99216346153844,322.44589070512825,ok,233.60759049663304,3
2004-11,2005-02,2005,2,4,317.1270416666667,252.3165,13,1991-11,2003-11,94.5606987179487,222.566342948718,219.14409583333335,313.99777564102567,222.27336185897437,ok,190.22188181397306,3
2004-12,2005-03,2005,3,4,365.36720833333334,402.6636,13,1991-12,2003-12,115.78106666666666,249.58614166666666,271.03389166666665,362.4398974358975,273.9612025641025,ok,259.9379134006734,3
2005-01,2005-04,2005,4,4,191.38683333333333,143.7686,14,1991-01,2004-01,23.319204761904757,168.06762857142857,196.64747916666667,212.95744047619044,175.07687202380956,ok,201.9856196610334,4
2005-02,2005-05,2005,5,4,25.880041666666667,73.4273,14,1991-02,2004-02,-70.26897083333333,96.1490125,75.7351375,24.97051488095238,76.64466428571428,ok,106.3794235307401,4
2005-03,2005-06,2005,6,4,1.382375,0.5479,14,1991-03,2004-03,-5.89136369047619,7.27373869047619,8.134258333333333,1.346872023809524,8.169761309523809,ok,6.663754203817016,4
2005-04,2005-07,2005,7,4,0.29016666666666663,1.8672,14,1991-04,2004-04,-2.211104166666667,2.5012708333333333,5.14385,2.0319672619047617,3.4020494047619048,ok,2.7545607119269624,4
2005-05,2005-08,2005,8,4,0.7701250000000001,1.159,14,1991-05,2004-05,-9.821682738095237,10.591807738095238,13.471141666666666,1.8071815476190474,12.43408511904762,ok,7.479982444638694,4
2005-06,2005-09,2005,9,4,2.689083333333333,69.9723,14,1991-06,2004-06,-50.21055476190477,52.8996380952381,62.760558333333336,5.0952738095238095,60.35436785714286,ok,62.37667331317988,4
2005-07,2005-10,2005,10,4,18.313541666666666,43.3954,14,1991-07,2004-07,-77.51265714285715,95.82619880952382,131.2277125,26.60307142857143,122.93818273809524,ok,104.1135038830614,4
2005-08,2005-11,2005,11,4,105.94804166666667,162.476,14,1991-08,2004-08,-82.18293690476189,188.13097857142856,198.02094166666666,111.38114880952382,192.5878345238095,ok,193.19685574616355,4
2005-09,2005-12,2005,12,4,214.13808333333336,270.7065,14,1991-09,2004-09,52.00877976190476,162.12930357142858,197.75639583333336,243.47931547619046,168.41516369047625,ok,166.64833065389473,4
2005-10,2006-01,2006,1,4,303.79754166666663,166.8556,14,1991-10,2004-10,37.51966488095237,266.2778767857143,280.370264,304.9334434523809,279.23436221428574,ok,252.5187805327312,4
2005-11,2006-02,2006,2,4,333.3557083333333,230.8724,14,1991-11,2004-11,92.43568749999999,240.92002083333335,220.470992,314.2212946428572,239.60540569047615,ok,198.3079970976593,4
2005-12,2006-03,2006,3,4,348.41520833333334,267.8005,14,1991-12,2004-12,104.84696249999999,243.56824583333335,276.29908,362.6489910714286,262.06529726190473,ok,257.3499704671717,4
2006-01,2006-04,2006,4,4,199.7891666666667,429.1988,15,1991-01,2005-01,24.93914,174.85002666666668,194.53232400000002,211.5194,182.80209066666671,ok,195.20202144311244,5
2006-02,2006-05,2006,5,4,26.359958333333335,133.2095,15,1991-02,2005-02,-68.75419000000001,95.11414833333335,75.642824,25.03115,76.97163233333333,ok,104.33334132459208,5
2006-03,2006-06,2006,6,4,3.121166666666667,0.6042,15,1991-03,2005-03,-5.442974444444444,8.56414111111111,7.830804,1.3492388888888889,9.602731777777777,ok,6.78575110114885,5
2006-04,2006-07,2006,7,4,1.8525833333333335,1.5265,15,1991-04,2005-04,-2.1688327777777783,4.021416111111112,5.012783999999999,1.9158472222222223,4.94952011111111,ok,2.7039027362082364,5
2006-05,2006-08,2006,8,4,1.919625,12.4889,15,1991-05,2005-05,-9.19282888888889,11.11245388888889,12.978655999999999,1.7380444444444443,13.160236555555555,ok,8.102347503330003,5
2006-06,2006-09,2006,9,4,8.499583333333334,73.0467,15,1991-06,2005-06,-51.34873222222223,59.848315555555565,63.049028,4.93486111111111,66.61375022222222,ok,60.48126626959153,5
2006-07,2006-10,2006,10,4,19.831416666666666,156.2402,15,1991-07,2005-07,-74.01727055555556,93.84868722222222,127.71441999999999,26.050436111111107,121.49540055555555,ok,102.45604286835388,5
2006-08,2006-11,2006,11,4,94.15429166666667,160.8529,15,1991-08,2005-08,-80.47260499999999,174.62689666666665,196.59914399999997,111.01894166666669,179.73449399999993,ok,192.18368031121653,5
2006-09,2006-12,2006,12,4,235.72154166666667,150.7779,15,1991-09,2005-09,44.770300000000006,190.95124166666665,200.67440000000002,241.5232333333333,194.87270833333338,ok,165.74452523740152,5
2006-10,2007-01,2007,1,4,305.929125,243.8694,15,1991-10,2005-10,44.14781666666666,261.78130833333336,276.0043153846154,304.85771666666665,277.07572371794873,ok,255.2705997833278,5
2006-11,2007-02,2007,2,4,329.55558333333335,391.6001,15,1991-11,2005-11,93.10552888888887,236.45005444444448,220.87104615384618,315.4969222222223,234.92970726495724,ok,206.8304018447941,5
2006-12,2007-03,2007,3,4,324.27620833333333,144.3091,15,1991-12,2005-12,103.23147888888887,221.04472944444444,275.9722115384615,361.7000722222223,238.54834764957258,ok,254.59362554040405,5
2007-01,2007-04,2007,4,4,180.79204166666668,203.9629,16,1991-01,2006-01,9.042341666666664,171.74970000000002,203.5579576923077,210.78626041666666,173.5637389423077,ok,191.81002231370482,6
2007-02,2007-05,2007,5,4,21.382583333333333,59.8926,16,1991-02,2006-02,-71.13514947916667,92.5177328125,77.85692692307693,25.11420052083333,74.12530973557693,ok,102.79680915938229,6
2007-03,2007-06,2007,6,4,0.6910833333333333,0.6092,16,1991-03,2006-03,-4.945478124999999,5.6365614583333326,7.5528576923076916,1.459984375,6.783956650641025,ok,7.0821494361425605,6
2007-04,2007-07,2007,7,4,2.4887916666666667,2.6528,16,1991-04,2006-04,-2.0129005208333335,4.5016921875,4.878696153846153,1.9118932291666666,5.455594591346154,ok,2.923488298692049,6
2007-05,2007-08,2007,8,4,1.049125,1.474,16,1991-05,2006-05,-9.278856770833332,10.327981770833333,12.959819230769229,1.7493932291666665,12.259551001602564,ok,8.604031900923152,6
2007-06,2007-09,2007,9,4,3.2722916666666664,24.48,16,1991-06,2006-06,-52.17363125,55.44592291666667,63.43355384615385,5.1576562500000005,61.548189262820515,ok,60.37577448391887,6
2007-07,2007-10,2007,10,4,22.096833333333333,90.3212,16,1991-07,2006-07,-77.91674010416666,100.0135734375,128.8115653846154,25.661747395833334,125.24665132211538,ok,101.0214835939986,6
2007-08,2007-11,2007,11,4,114.17762499999999,140.1645,16,1991-08,2006-08,-79.61173020833334,193.78935520833335,195.22428846153844,109.96490104166666,199.43701241987176,ok,189.25754970379157,6
2007-09,2007-12,2007,12,4,187.30949999999999,154.6319,16,1991-09,2006-09,47.28113385416667,140.02836614583333,198.75530384615388,241.16062760416668,144.9041762419872,ok,169.94564464227903,6
2007-10,2008-01,2008,1,4,271.90225,277.9576,16,1991-10,2006-10,45.26731093749999,226.6349390625,274.81413333333336,304.9246796875,241.79170364583337,ok,256.3557178749954,6
2007-11,2008-02,2008,2,4,376.873625,227.3554,16,1991-11,2006-11,83.40865104166666,293.46497395833336,227.19434444444445,316.37558854166673,287.6923809027777,ok,211.7670106114025,6
2007-12,2008-03,2008,3,4,408.2998333333333,291.7903,16,1991-12,2006-12,108.02745572916668,300.27237760416665,271.0958,359.36108072916664,320.03455260416666,ok,249.00214285774413,6
2008-01,2008-04,2008,4,4,234.54366666666667,198.2004,17,1991-01,2007-01,7.147447549019606,227.39621911764706,203.57295555555558,209.02189460784314,229.0947276143791,ok,188.94426198317555,7
2008-02,2008-05,2008,5,4,19.18404166666667,156.4351,17,1991-02,2007-02,-69.21602401960784,88.40006568627452,77.19158148148148,24.894693627450977,71.48092952069717,ok,101.32836968125625,7
2008-03,2008-06,2008,6,4,1.2959583333333333,1.2231,17,1991-03,2007-03,-4.649750980392156,5.945709313725489,7.295685185185184,1.4147549019607841,7.176888616557734,ok,6.875636867884099,7
2008-04,2008-07,2008,7,4,2.8347916666666664,1.8809,17,1991-04,2007-04,-1.9041421568627452,4.738933823529411,4.796255555555555,1.945828431372549,5.685218790849673,ok,3.1489459970931852,7
2008-05,2008-08,2008,8,4,2.589125,10.0751,17,1991-05,2007-05,-8.758034313725489,11.347159313725488,12.534418518518518,1.7082009803921567,13.41534253812636,ok,8.850310453767463,7
2008-06,2008-09,2008,9,4,8.985541666666666,35.7506,17,1991-06,2007-06,-50.352106372549024,59.33764803921569,61.99082962962963,5.046752450980392,65.9296188453159,ok,59.67150997431141,7
2008-07,2008-10,2008,10,4,22.78879166666667,71.4708,17,1991-07,2007-07,-77.34660049019607,100.13539215686274,127.38599629629628,25.452046568627452,124.7227413943355,ok,100.87749642878451,7
2008-08,2008-11,2008,11,4,160.82279166666666,228.8043,17,1991-08,2007-08,-76.45732696078433,237.28011862745097,193.185037037037,110.21270833333334,243.79512037037034,ok,189.90495049015468,7
2008-09,2008-12,2008,12,4,255.36320833333332,198.2564,17,1991-09,2007-09,46.42210245098039,208.94110588235293,197.12110370370374,237.99291421568628,214.49139782135077,ok,165.67174771421537,7
2008-10,2009-01,2009,1,4,310.538125,176.1671,17,1991-10,2007-10,42.24833088235294,268.28979411764703,274.9264,302.9821838235294,282.4823411764706,ok,252.1098923303532,7
2008-11,2009-02,2009,2,4,328.59791666666666,173.2144,17,1991-11,2007-11,87.29744950980391,241.30046715686274,227.20009642857144,319.93429656862753,235.86371652661057,ok,223.43814823239262,7
2008-12,2009-03,2009,3,4,372.8890833333333,237.6584,17,1991-12,2007-12,108.52640147058824,264.36268186274503,271.83488928571427,362.2398308823529,282.48414173669465,ok,256.32646210723306,7
2009-01,2009-04,2009,4,4,230.18041666666667,291.4855,18,1991-01,2008-01,8.769437499999999,221.41097916666666,203.3810785714286,210.4397708333333,223.12172440476195,ok,193.7507566249845,8
2009-02,2009-05,2009,5,4,24.485041666666664,287.1656,18,1991-02,2008-02,-72.99574814814815,97.48078981481481,80.02170714285715,24.57743518518518,79.92931362433863,ok,99.71233168188354,8
2009-03,2009-06,2009,6,4,2.030375,15.2435,18,1991-03,2008-03,-4.387383796296295,6.417758796296296,7.0788071428571415,1.4081550925925925,7.701027050264549,ok,6.759395923614273,8
2009-04,2009-07,2009,7,4,2.4440833333333334,2.7198,18,1991-04,2008-04,-1.7453625000000001,4.189445833333334,4.692135714285714,1.9952152777777776,5.141003769841269,ok,3.347694475397713,8
2009-05,2009-08,2009,8,4,6.472874999999999,15.226,18,1991-05,2008-05,-8.68736435185185,15.16023935185185,12.446585714285714,1.7571412037037035,17.16231951058201,ok,9.162416561262216,8
2009-06,2009-09,2009,9,4,6.512416666666667,49.6335,18,1991-06,2008-06,-49.04171481481481,55.55413148148148,61.05367857142858,5.265574074074074,62.30052116402117,ok,59.629777232424445,8
2009-07,2009-10,2009,10,4,39.461625,145.1622,18,1991-07,2008-07,-75.75412314814814,115.21574814814814,125.38902499999999,25.304087962962964,139.54656203703703,ok,100.7847333947943,8
2009-08,2009-11,2009,11,4,106.56354166666667,129.9771,18,1991-08,2008-08,-75.98644814814816,182.5499898148148,194.45715357142853,113.02437962962964,187.99631560846558,ok,195.8268465073167,8
2009-09,2009-12,2009,12,4,240.72124999999997,238.1976,18,1991-09,2008-09,47.01569722222222,193.70555277777774,197.16165000000004,238.95793055555558,198.92496944444443,ok,171.08041748523254,8
2009-10,2010-01,2010,1,4,277.5939583333333,206.4191,18,1991-10,2008-10,47.36625833333332,230.2277,271.5209068965517,303.4019583333333,245.71290689655171,ok,254.13238005376493,8
2009-11,2010-02,2010,2,4,266.32366666666667,189.3031,18,1991-11,2008-11,91.0800087962963,175.24365787037038,225.33852068965518,320.41560879629634,171.2465785600255,ok,225.67093809795142,8
2009-12,2010-03,2010,3,4,320.8053333333333,170.6808,18,1991-12,2008-12,110.00997268518519,210.79536064814812,270.6563896551724,362.8314560185185,228.6302669699872,ok,257.33098957667204,8
2010-01,2010-04,2010,4,4,181.52629166666668,179.409,19,1991-01,2009-01,5.0813048245614025,176.44498684210527,206.41916206896553,211.47875219298243,176.4667015426498,ok,196.8241146851714,9
2010-02,2010-05,2010,5,4,20.14375,36.5434,19,1991-02,2009-02,-82.9791592105263,103.1229092105263,87.16460000000001,24.57257236842105,82.73577763157896,ok,99.46438258554257,9
2010-03,2010-06,2010,6,4,1.19875,8.1085,19,1991-03,2009-03,-4.85189649122807,6.05064649122807,7.3603482758620675,1.4409035087719297,7.118194767090138,ok,6.721436242801165,9
2010-04,2010-07,2010,7,4,0.8928333333333334,1.8517,19,1991-04,2009-04,-1.668012719298246,2.5608460526315793,4.624124137931034,2.0188399122807015,3.4981175589836657,ok,3.4412224040572266,9
2010-05,2010-08,2010,8,4,0.1562916666666667,1.1641,19,1991-05,2009-05,-8.690825438596491,8.847117105263157,12.542427586206896,2.0053377192982453,10.693381533575318,ok,9.828841315772175,9
2010-06,2010-09,2010,9,4,1.0475416666666666,2.3148,19,1991-06,2009-06,-48.730102631578944,49.77764429824561,60.65987931034483,5.331197368421052,56.37622360859044,ok,59.176927704541896,9
2010-07,2010-10,2010,10,4,15.50125,136.1532,19,1991-07,2009-07,-77.33025219298244,92.83150219298244,126.07085862068966,26.04922149122807,115.5228871294616,ok,102.38817947850028,9
2010-08,2010-11,2010,11,4,106.56349999999999,142.1422,19,1991-08,2009-08,-73.21945394736844,179.7829539473684,192.23370344827583,112.68433552631579,186.11286792196003,ok,194.35164020814983,9
2010-09,2010-12,2010,12,4,246.39045833333333,168.2896,19,1991-09,2009-09,44.67401052631579,201.71644780701754,198.57668275862073,239.05073684210527,205.9164042498488,ok,173.59432140662645,9
2010-10,2011-01,2011,1,4,330.559125,274.405,19,1991-10,2009-10,48.61934254385964,281.93978245614034,269.35084666666665,302.0436425438596,297.86632912280703,ok,251.4763044922355,9
2010-11,2011-02,2011,2,4,358.76741666666663,316.7195,19,1991-11,2009-11,90.34003815789474,268.4273785087719,224.13734000000002,317.56866447368424,265.3360921929824,ok,220.06790696155355,9
2010-12,2011-03,2011,3,4,348.303625,240.0053,19,1991-12,2009-12,112.1212653508772,236.18235964912282,267.32387,360.6195548245614,255.0079401754386,ok,252.1603641401694,9
1991-01,1991-05,1991,5,5,24.127916666666668,128.0413,0,,,,,48.429050000000004,,,warmup_amostra_insuficiente,,0
1991-02,1991-06,1991,6,5,1.112375,0.7033,0,,,,,9.38869,,,warmup_amostra_insuficiente,,0
1991-03,1991-07,1991,7,5,1.808,1.9531,0,,,,,6.404940000000001,,,warmup_amostra_insuficiente,,0
1991-04,1991-08,1991,8,5,2.9909166666666667,1.2135,0,,,,,16.050330000000002,,,warmup_amostra_insuficiente,,0
1991-05,1991-09,1991,9,5,7.419583333333333,73.9762,0,,,,,73.19717999999999,,,warmup_amostra_insuficiente,,0
1991-06,1991-10,1991,10,5,23.369041666666664,58.2752,0,,,,,169.18448999999998,,,warmup_amostra_insuficiente,,0
1991-07,1991-11,1991,11,5,140.81054166666667,141.8015,0,,,,,204.26054000000002,,,warmup_amostra_insuficiente,,0
1991-08,1991-12,1991,12,5,237.35079166666665,139.2974,0,,,,,206.55659999999997,,,warmup_amostra_insuficiente,,0
1991-09,1992-01,1992,1,5,302.31325,307.6078,0,,,,,296.8603363636363,,,warmup_amostra_insuficiente,,0
1991-10,1992-02,1992,2,5,309.024,144.7331,0,,,,,218.7978454545455,,,warmup_amostra_insuficiente,,0
1991-11,1992-03,1992,3,5,379.797125,155.372,0,,,,,299.8407818181818,,,warmup_amostra_insuficiente,,0
1991-12,1992-04,1992,4,5,188.09275,102.9542,0,,,,,207.20299999999997,,,warmup_amostra_insuficiente,,0
1992-01,1992-05,1992,5,5,25.601125,24.3743,1,,,,,55.66652727272728,24.127916666666668,57.13973560606061,warmup_amostra_insuficiente,,0
1992-02,1992-06,1992,6,5,0.9179583333333334,1.0095,1,,,,,8.599109090909092,1.112375,8.404692424242425,warmup_amostra_insuficiente,,0
1992-03,1992-07,1992,7,5,0.6138333333333333,2.0289,1,,,,,6.000227272727273,1.808,4.806060606060607,warmup_amostra_insuficiente,,0
1992-04,1992-08,1992,8,5,0.904,13.0445,1,,,,,14.701527272727276,2.9909166666666667,12.614610606060609,warmup_amostra_insuficiente,,0
1992-05,1992-09,1992,9,5,2.5920416666666664,135.5711,1,,,,,73.26799999999999,7.419583333333333,68.44045833333332,warmup_amostra_insuficiente,,0
1992-06,1992-10,1992,10,5,21.449541666666665,62.0723,1,,,,,159.10182727272726,23.369041666666664,157.18232727272726,warmup_amostra_insuficiente,,0
1992-07,1992-11,1992,11,5,112.63329166666666,214.2915,1,,,,,198.58244545454545,140.81054166666667,170.40519545454544,warmup_amostra_insuficiente,,0
1992-08,1992-12,1992,12,5,219.33866666666665,239.5717,1,,,,,200.44212727272725,237.35079166666665,182.43000227272725,warmup_amostra_insuficiente,,0
1992-09,1993-01,1993,1,5,288.19575000000003,121.8043,1,,,,,297.75595833333324,302.31325,283.6384583333333,warmup_amostra_insuficiente,,0
1992-10,1993-02,1993,2,5,323.51754166666666,307.8407,1,,,,,212.62578333333337,309.024,227.11932500000003,warmup_amostra_insuficiente,,0
1992-11,1993-03,1993,3,5,383.87058333333334,153.1779,1,,,,,287.80171666666666,379.797125,291.875175,warmup_amostra_insuficiente,,0
1992-12,1993-04,1993,4,5,239.88958333333335,250.0943,1,,,,,198.51559999999998,188.09275,250.31243333333333,warmup_amostra_insuficiente,,0
1993-01,1993-05,1993,5,5,18.570208333333333,95.5974,2,,,,,53.058841666666666,24.864520833333334,46.76452916666666,warmup_amostra_insuficiente,,0
1993-02,1993-06,1993,6,5,1.889916666666667,0.586,2,,,,,7.966641666666668,1.0151666666666666,8.841391666666668,warmup_amostra_insuficiente,,0
1993-03,1993-07,1993,7,5,1.607125,1.8793,2,,,,,5.669283333333335,1.2109166666666666,6.065491666666668,warmup_amostra_insuficiente,,0
1993-04,1993-08,1993,8,5,4.743,40.5665,2,,,,,14.56344166666667,1.9474583333333333,17.358983333333335,warmup_amostra_insuficiente,,0
1993-05,1993-09,1993,9,5,5.713166666666666,56.4376,2,,,,,78.45992499999998,5.005812499999999,79.16727916666665,warmup_amostra_insuficiente,,0
1993-06,1993-10,1993,10,5,19.541291666666666,126.1723,2,,,,,151.01603333333333,22.409291666666665,148.14803333333333,warmup_amostra_insuficiente,,0
1993-07,1993-11,1993,11,5,119.95566666666667,225.9903,2,,,,,199.8915333333333,126.72191666666666,193.12528333333333,warmup_amostra_insuficiente,,0
1993-08,1993-12,1993,12,5,269.77074999999996,216.8044,2,,,,,203.70292499999996,228.34472916666664,245.1289458333333,warmup_amostra_insuficiente,,0
1993-09,1994-01,1994,1,5,341.08320833333335,330.218,2,,,,,284.2212153846153,295.2545,330.0499237179486,warmup_amostra_insuficiente,,0
1993-10,1994-02,1994,2,5,352.16491666666667,306.4669,2,,,,,219.95000769230774,316.27077083333336,255.84415352564105,warmup_amostra_insuficiente,,0
1993-11,1994-03,1994,3,5,454.9373333333333,311.1998,2,,,,,277.4460384615385,381.8338541666667,350.5495176282051,warmup_amostra_insuficiente,,0
1993-12,1994-04,1994,4,5,250.51691666666667,176.4476,2,,,,,202.48319230769232,213.9911666666667,239.0089423076923,warmup_amostra_insuficiente,,0
1994-01,1994-05,1994,5,5,32.04033333333333,50.2617,3,,,,,56.33103846153846,22.766416666666668,65.60495512820512,warmup_amostra_insuficiente,,0
1994-02,1994-06,1994,6,5,1.3607500000000001,40.3001,3,,,,,7.398900000000001,1.30675,7.452900000000001,warmup_amostra_insuficiente,,0
1994-03,1994-07,1994,7,5,0.9264166666666668,1.843,3,,,,,5.3777461538461555,1.3429861111111112,4.961176709401711,warmup_amostra_insuficiente,,0
1994-04,1994-08,1994,8,5,1.3503749999999999,6.3765,3,,,,,16.563676923076926,2.879305555555556,15.03474636752137,warmup_amostra_insuficiente,,0
1994-05,1994-09,1994,9,5,3.4019999999999997,57.4679,3,,,,,76.76589999999999,5.241597222222222,74.92630277777776,warmup_amostra_insuficiente,,0
1994-06,1994-10,1994,10,5,20.991875,114.0829,3,,,,,149.10497692307692,21.45329166666666,148.64356025641027,warmup_amostra_insuficiente,,0
1994-07,1994-11,1994,11,5,124.48087500000001,151.223,3,,,,,201.89913076923074,124.4665,201.91350576923077,warmup_amostra_insuficiente,,0
1994-08,1994-12,1994,12,5,235.44266666666667,200.9509,3,,,,,204.71073076923074,242.15340277777773,197.99999465811968,warmup_amostra_insuficiente,,0
1994-09,1995-01,1995,1,5,292.7715416666667,156.6185,3,,,,,287.5066999999999,310.53073611111114,269.74750555555545,warmup_amostra_insuficiente,,0
1994-10,1995-02,1995,2,5,303.49870833333335,232.7107,3,,,,,226.12978571428576,328.23548611111113,201.39300793650798,warmup_amostra_insuficiente,,0
1994-11,1995-03,1995,3,5,330.347125,218.3206,3,,,,,279.8570214285714,406.2016805555556,204.0024658730158,warmup_amostra_insuficiente,,0
1994-12,1995-04,1995,4,5,238.41004166666667,255.6784,3,,,,,200.62350714285714,226.1664166666667,212.86713214285712,warmup_amostra_insuficiente,,0
1995-01,1995-05,1995,5,5,17.945333333333334,188.1476,4,,,,,55.89751428571429,25.084895833333334,48.75795178571428,warmup_amostra_insuficiente,,0
1995-02,1995-06,1995,6,5,0.16195833333333334,0.5023,4,,,,,9.748985714285714,1.3202500000000001,8.590694047619047,warmup_amostra_insuficiente,,0
1995-03,1995-07,1995,7,5,0.13395833333333332,1.9521,4,,,,,5.125264285714287,1.23884375,4.0203788690476205,warmup_amostra_insuficiente,,0
1995-04,1995-08,1995,8,5,0.20091666666666666,1.2264,4,,,,,15.83602142857143,2.4970729166666668,13.539865178571429,warmup_amostra_insuficiente,,0
1995-05,1995-09,1995,9,5,1.6632083333333334,24.8694,4,,,,,75.38747142857142,4.781697916666666,72.26898184523809,warmup_amostra_insuficiente,,0
1995-06,1995-10,1995,10,5,16.918541666666666,82.7379,4,,,,,146.6034,21.337937499999995,142.18400416666665,warmup_amostra_insuficiente,,0
1995-07,1995-11,1995,11,5,111.50991666666665,247.2129,4,,,,,198.2794071428571,124.47009375,185.31923005952376,warmup_amostra_insuficiente,,0
1995-08,1995-12,1995,12,5,258.8784583333333,191.1246,4,,,,,204.44217142857138,240.47571874999997,222.8449110119047,warmup_amostra_insuficiente,,0
1995-09,1996-01,1996,1,5,314.57804166666665,224.1528,4,,,,,278.7808199999999,306.0909375,287.26792416666655,warmup_amostra_insuficiente,,0
1995-10,1996-02,1996,2,5,362.591625,225.4247,4,,,,,226.56851333333336,322.05129166666666,267.10884666666675,warmup_amostra_insuficiente,,0
1995-11,1996-03,1996,3,5,414.4377083333334,302.7974,4,,,,,275.75459333333333,387.2380416666667,302.95426000000003,warmup_amostra_insuficiente,,0
1995-12,1996-04,1996,4,5,228.02037500000003,321.9434,4,,,,,204.29383333333334,229.22732291666668,203.0868854166667,warmup_amostra_insuficiente,,0
1996-01,1996-05,1996,5,5,15.702125,98.9982,5,,,,,64.71418666666666,23.656983333333336,56.75932833333333,warmup_amostra_insuficiente,,0
1996-02,1996-06,1996,6,5,0.5292083333333334,0.4652,5,,,,,9.13254,1.0885916666666668,8.573156666666668,warmup_amostra_insuficiente,,0
1996-03,1996-07,1996,7,5,1.0602500000000001,1.9521,5,,,,,4.913720000000001,1.0178666666666667,4.956103333333335,warmup_amostra_insuficiente,,0
1996-04,1996-08,1996,8,5,1.7857083333333332,1.4883,5,,,,,14.862046666666668,2.0378416666666666,14.609913333333335,warmup_amostra_insuficiente,,0
1996-05,1996-09,1996,9,5,5.734916666666667,9.7369,5,,,,,72.0196,4.1579999999999995,73.59651666666666,warmup_amostra_insuficiente,,0
1996-06,1996-10,1996,10,5,21.248625,145.0933,5,,,,,142.3457,20.45405833333333,143.14026666666666,warmup_amostra_insuficiente,,0
1996-07,1996-11,1996,11,5,152.96033333333335,222.7092,5,,,,,201.54163999999997,121.87805833333334,232.62391499999998,warmup_amostra_insuficiente,,0
1996-08,1996-12,1996,12,5,272.98475,130.1745,5,,,,,203.55433333333332,244.15626666666662,232.3828166666667,warmup_amostra_insuficiente,,0
1996-09,1997-01,1997,1,5,311.92204166666664,403.2083,5,,,,,275.36656875,307.78835833333335,279.5002520833333,warmup_amostra_insuficiente,,0
1996-10,1997-02,1997,2,5,332.3678333333333,180.4594,5,,,,,226.497025,330.15935833333333,228.70549999999997,warmup_amostra_insuficiente,,0
1996-11,1997-03,1997,3,5,356.5619166666667,452.1152,5,,,,,277.44476875,392.677975,241.3287104166667,warmup_amostra_insuficiente,,0
1996-12,1997-04,1997,4,5,266.11195833333335,290.1342,5,,,,,211.64693125,228.98593333333332,248.77295625000002,warmup_amostra_insuficiente,,0
1997-01,1997-05,1997,5,5,28.781541666666666,68.9381,6,,,,,66.8569375,22.33117361111111,73.30730555555556,warmup_amostra_insuficiente,,0
1997-02,1997-06,1997,6,5,0.31312500000000004,0.6576,6,,,,,8.59083125,0.9953611111111113,7.90859513888889,warmup_amostra_insuficiente,,0
1997-03,1997-07,1997,7,5,1.5958750000000002,1.9683,6,,,,,4.72861875,1.0249305555555555,5.299563194444445,warmup_amostra_insuficiente,,0
1997-04,1997-08,1997,8,5,4.118166666666666,1.2265,6,,,,,14.026187499999999,1.9958194444444446,16.14853472222222,warmup_amostra_insuficiente,,0
1997-05,1997-09,1997,9,5,10.292375,47.0877,6,,,,,68.12693125,4.420819444444445,73.99848680555556,warmup_amostra_insuficiente,,0
1997-06,1997-10,1997,10,5,23.670375000000003,98.1562,6,,,,,142.517425,20.58648611111111,145.6013138888889,warmup_amostra_insuficiente,,0
1997-07,1997-11,1997,11,5,101.94125000000001,75.7109,6,,,,,202.86461250000002,127.05843750000001,177.74742500000002,warmup_amostra_insuficiente,,0
1997-08,1997-12,1997,12,5,235.76616666666666,199.815,6,,,,,198.96809374999998,248.96101388888886,185.7732465277778,warmup_amostra_insuficiente,,0
1997-09,1998-01,1998,1,5,235.57641666666666,347.458,6,,,,,282.8866705882353,308.4773055555556,209.98578169934638,warmup_amostra_insuficiente,,0
1997-10,1998-02,1998,2,5,226.39679166666667,127.8253,6,,,,,223.7889294117647,330.52743749999996,119.65828357843142,warmup_amostra_insuficiente,,0
1997-11,1998-03,1998,3,5,312.04479166666664,242.0988,6,,,,,287.7195,386.6586319444445,213.10565972222213,warmup_amostra_insuficiente,,0
1997-12,1998-04,1998,4,5,171.07208333333332,54.1047,6,,,,,216.2638294117647,235.17360416666668,152.16230857843135,warmup_amostra_insuficiente,,0
1998-01,1998-05,1998,5,5,20.791083333333333,74.6596,7,,,,,66.97935882352942,23.25265476190476,64.51778739495799,warmup_amostra_insuficiente,,0
1998-02,1998-06,1998,6,5,0.9719583333333334,16.0121,7,,,,,8.124170588235295,0.8978988095238096,8.198230112044818,warmup_amostra_insuficiente,,0
1998-03,1998-07,1998,7,5,0.44645833333333335,3.3565,7,,,,,4.566247058823529,1.1064940476190477,3.9062113445378146,warmup_amostra_insuficiente,,0
1998-04,1998-08,1998,8,5,1.5512916666666667,1.2501,7,,,,,13.273264705882351,2.2990119047619046,12.525544467787114,warmup_amostra_insuficiente,,0
1998-05,1998-09,1998,9,5,2.829625,13.3474,7,,,,,66.8893294117647,5.259613095238095,64.4593413165266,warmup_amostra_insuficiente,,0
1998-06,1998-10,1998,10,5,24.89791666666667,89.2952,7,,,,,139.9079411764706,21.027041666666666,143.7788161764706,warmup_amostra_insuficiente,,0
1998-07,1998-11,1998,11,5,105.72129166666667,245.1679,7,,,,,195.3849823529412,123.47026785714286,177.636006162465,warmup_amostra_insuficiente,,0
1998-08,1998-12,1998,12,5,353.30329166666667,138.7974,7,,,,,199.01791176470587,247.07603571428567,305.2451677170869,warmup_amostra_insuficiente,,0
1998-09,1999-01,1999,1,5,366.89620833333333,215.817,7,,,,,286.4739666666667,298.06289285714286,355.30728214285716,warmup_amostra_insuficiente,,0
1998-10,1999-02,1999,2,5,373.8268333333333,131.3784,7,,,,,218.4576166666667,315.6516309523809,276.6328190476191,warmup_amostra_insuficiente,,0
1998-11,1999-03,1999,3,5,399.5280416666667,283.9542,7,,,,,285.1850166666666,375.99951190476196,308.71354642857136,warmup_amostra_insuficiente,,0
1998-12,1999-04,1999,4,5,215.35191666666665,162.6196,7,,,,,207.25498888888887,226.01624404761904,196.5906615079365,warmup_amostra_insuficiente,,0
1999-01,1999-05,1999,5,5,21.840166666666665,177.0923,8,,,,,67.40603888888889,22.944958333333332,66.30124722222222,warmup_amostra_insuficiente,,0
1999-02,1999-06,1999,6,5,0.54,0.6859,8,,,,,8.56238888888889,0.9071562500000001,8.19523263888889,warmup_amostra_insuficiente,,0
1999-03,1999-07,1999,7,5,1.6071666666666669,1.9885,8,,,,,4.499038888888888,1.0239895833333335,5.0822159722222215,warmup_amostra_insuficiente,,0
1999-04,1999-08,1999,8,5,2.2209166666666667,1.2624,8,,,,,12.60531111111111,2.205546875,12.620680902777776,warmup_amostra_insuficiente,,0
1999-05,1999-09,1999,9,5,9.136791666666666,72.5879,8,,,,,63.914777777777786,4.955864583333333,68.09570486111112,warmup_amostra_insuficiente,,0
1999-06,1999-10,1999,10,5,28.502750000000002,112.4277,8,,,,,137.09612222222222,21.510901041666667,144.08797118055554,warmup_amostra_insuficiente,,0
1999-07,1999-11,1999,11,5,123.07675,349.1067,8,,,,,198.15070000000003,121.25164583333334,199.9758041666667,warmup_amostra_insuficiente,,0
1999-08,1999-12,1999,12,5,252.41691666666668,242.5365,8,,,,,195.67232777777775,260.3544427083333,187.73480173611114,warmup_amostra_insuficiente,,0
1999-09,2000-01,2000,1,5,304.44483333333335,260.085,8,,,,,282.7551789473684,306.66705729166665,280.5329549890351,warmup_amostra_insuficiente,,0
1999-10,2000-02,2000,2,5,331.1045833333333,271.7656,8,,,,,213.8745,322.92353125,222.05555208333334,warmup_amostra_insuficiente,,0
1999-11,2000-03,2000,3,5,415.57616666666667,185.8099,8,,,,,285.12023684210527,378.940578125,321.75582538377193,warmup_amostra_insuficiente,,0
1999-12,2000-04,2000,4,5,236.077125,184.1135,8,,,,,204.90575789473684,224.683203125,216.29967976973683,warmup_amostra_insuficiente,,0
2000-01,2000-05,2000,5,5,25.980625,53.6399,9,,,,,73.179,22.822203703703703,76.3374212962963,warmup_amostra_insuficiente,,0
2000-02,2000-06,2000,6,5,0.7127916666666666,4.8153,9,,,,,8.147836842105264,0.8663611111111112,7.994267397660819,warmup_amostra_insuficiente,,0
2000-03,2000-07,2000,7,5,1.9195833333333334,10.0203,9,,,,,4.366905263157895,1.0887870370370372,5.197701559454191,warmup_amostra_insuficiente,,0
2000-04,2000-08,2000,8,5,6.528708333333333,7.9948,9,,,,,12.008315789473684,2.2072546296296296,16.329769493177388,warmup_amostra_insuficiente,,0
2000-05,2000-09,2000,9,5,3.8772083333333334,123.9327,9,,,,,64.37125789473684,5.420412037037036,62.82805419103314,warmup_amostra_insuficiente,,0
2000-06,2000-10,2000,10,5,24.261875,86.4072,9,,,,,135.79778421052632,22.287773148148148,137.77188606237817,warmup_amostra_insuficiente,,0
2000-07,2000-11,2000,11,5,132.95875,192.5216,9,,,,,206.09575263157896,121.4544351851852,217.60006744639378,warmup_amostra_insuficiente,,0
2000-08,2000-12,2000,12,5,235.78845833333332,222.6176,9,,,,,198.13886315789472,259.4724953703703,174.45482612085772,warmup_amostra_insuficiente,,0
2000-09,2001-01,2001,1,5,300.86245833333334,192.5309,9,,,,,281.62167,306.4201435185185,276.06398481481483,warmup_amostra_insuficiente,,0
2000-10,2001-02,2001,2,5,312.8025416666667,153.1069,9,,,,,216.76905500000004,323.832537037037,205.7390596296297,warmup_amostra_insuficiente,,0
2000-11,2001-03,2001,3,5,371.3825,249.1479,9,,,,,280.15472,383.01119907407406,268.52602092592593,warmup_amostra_insuficiente,,0
2000-12,2001-04,2001,4,5,256.2407083333333,196.9268,9,,,,,203.866145,225.94919444444446,234.15765888888885,warmup_amostra_insuficiente,,0
2001-01,2001-05,2001,5,5,26.05858333333333,140.175,10,1991-01,2000-01,-72.83699416666666,98.89557749999999,72.202045,23.138045833333333,75.1225825,ok,,0
2001-02,2001-06,2001,6,5,2.52725,5.0237,10,1991-02,2000-02,-5.7227258333333335,8.249975833333334,7.981210000000002,0.8510041666666668,9.657455833333335,ok,,0
2001-03,2001-07,2001,7,5,1.1941666666666666,2.3266,10,1991-03,2000-03,-1.7223433333333333,2.9165099999999997,4.6495750000000005,1.1718666666666668,4.671875,ok,,0
2001-04,2001-08,2001,8,5,5.367999999999999,7.2041,10,1991-04,2000-04,-4.9255499999999985,10.293549999999998,11.80764,2.6394,14.53624,ok,,0
2001-05,2001-09,2001,9,5,8.32675,33.0017,10,1991-05,2000-05,-56.23538833333333,64.56213833333334,67.34933000000001,5.266091666666666,70.40998833333335,ok,,0
2001-06,2001-10,2001,10,5,34.60720833333333,130.0808,10,1991-06,2000-06,-74.98683666666666,109.594045,133.328255,22.48518333333333,145.45028000000002,ok,,0
2001-07,2001-11,2001,11,5,119.955625,196.3446,10,1991-07,2000-07,-83.96868333333333,203.92430833333333,205.417045,122.60486666666668,202.76780333333332,ok,,0
2001-08,2001-12,2001,12,5,251.60216666666668,209.0467,10,1991-08,2000-08,64.93509166666666,186.667075,199.3628,257.10409166666665,193.86087500000002,ok,,0
2001-09,2002-01,2002,1,5,326.4635,368.8524,10,1991-09,2000-09,49.91431499999999,276.549185,277.3792523809524,305.864375,297.9783773809524,ok,,0
2001-10,2002-02,2002,2,5,313.2965,190.9456,10,1991-10,2000-10,114.55836749999999,198.7381325,213.73752380952382,322.7295375,204.3044863095238,ok,,0
2001-11,2002-03,2002,3,5,391.5596666666667,178.8799,10,1991-11,2000-11,126.44895916666667,265.11070750000005,278.67820476190474,381.8483291666667,288.38954226190475,ok,,0
2001-12,2002-04,2002,4,5,220.15800000000002,124.7968,10,1991-12,2000-12,29.47667583333334,190.68132416666668,203.53569999999996,228.97834583333332,194.71535416666666,ok,,0
2002-01,2002-05,2002,5,5,22.799833333333336,103.8934,11,1991-01,2001-01,-76.58966893939395,99.38950227272728,75.43885238095238,23.40354924242424,74.83513647186147,ok,98.89557749999999,1
2002-02,2002-06,2002,6,5,0.5615416666666667,6.7952,11,1991-02,2001-02,-5.42942803030303,5.990969696969697,7.840376190476191,1.0033901515151518,7.398527705627706,ok,8.249975833333334,1
2002-03,2002-07,2002,7,5,0.881625,2.1991,11,1991-03,2001-03,-1.6687151515151515,2.5503401515151514,4.538957142857143,1.1738939393939394,4.246688203463203,ok,2.9165099999999997,1
2002-04,2002-08,2002,8,5,1.3839166666666667,1.0971,11,1991-04,2001-04,-4.644690909090908,6.028607575757575,11.588423809523809,2.8874545454545455,10.084885930735929,ok,10.293549999999998,1
2002-05,2002-09,2002,9,5,9.374333333333333,67.2486,11,1991-05,2001-05,-53.36625757575757,62.740590909090905,65.71372857142858,5.544333333333333,69.54372857142857,ok,64.56213833333334,1
2002-06,2002-10,2002,10,5,29.786041666666666,93.122,11,1991-06,2001-06,-76.84926893939394,106.6353106060606,133.1736142857143,23.587185606060608,139.37247034632037,ok,109.594045,1
2002-07,2002-11,2002,11,5,115.65716666666667,141.559,11,1991-07,2001-07,-83.27961893939393,198.9367856060606,204.98502380952382,122.36402651515154,198.27816396103896,ok,203.92430833333333,1
2002-08,2002-12,2002,12,5,263.57683333333335,198.8721,11,1991-08,2001-08,62.9005803030303,200.67625303030306,199.8239380952381,256.60391666666663,206.79685476190483,ok,186.667075,1
2002-09,2003-01,2003,1,5,278.2857916666667,226.3735,11,1991-09,2001-09,41.523113636363625,236.76267803030305,281.5371227272727,307.73702272727274,252.0858916666666,ok,276.549185,1
2002-10,2003-02,2003,2,5,293.45912500000003,242.0345,11,1991-10,2001-10,115.26677954545453,178.1923454545455,212.70152727272728,321.8719886363636,184.2886636363637,ok,198.7381325,1
2002-11,2003-03,2003,3,5,310.9622083333333,210.3821,11,1991-11,2001-11,134.28812348484848,176.67408484848482,274.1419181818182,382.73117803030306,202.37294848484845,ok,265.11070750000005,1
2002-12,2003-04,2003,4,5,206.63633333333334,166.9079,11,1991-12,2001-12,35.466178030303034,171.1701553030303,199.95665909090906,228.1764962121212,178.4164962121212,ok,190.68132416666668,1
2003-01,2003-05,2003,5,5,43.04408333333333,100.5299,12,1991-01,2002-01,-76.96499375,120.00907708333334,76.7322409090909,23.35323958333333,96.4230846590909,ok,99.14253988636364,2
2003-02,2003-06,2003,6,5,0.9071250000000001,12.2745,12,1991-02,2002-02,-5.496447222222223,6.403572222222222,7.792868181818182,0.9665694444444446,7.733423737373737,ok,7.120472765151515,2
2003-03,2003-07,2003,7,5,0.7923749999999999,1.88,12,1991-03,2002-03,-1.6394451388888889,2.431820138888889,4.4326,1.1495381944444445,4.075436805555555,ok,2.7334250757575758,2
2003-04,2003-08,2003,8,5,0.4799583333333333,33.5851,12,1991-04,2002-04,-4.233731944444443,4.7136902777777765,11.111545454545455,2.762159722222222,8.829344065656567,ok,8.161078787878786,2
2003-05,2003-09,2003,9,5,8.43475,34.1644,12,1991-05,2002-05,-53.741925,62.176675,65.78349545454546,5.863499999999999,68.35474545454547,ok,63.651364621212124,2
2003-06,2003-10,2003,10,5,23.179374999999997,102.8612,12,1991-06,2002-06,-75.72315972222222,98.90253472222221,131.35308636363638,24.103756944444445,130.42870441919194,ok,108.1146778030303,2
2003-07,2003-11,2003,11,5,113.508,171.1685,12,1991-07,2002-07,-78.49813680555555,192.00613680555554,202.10202272727275,121.80512152777779,193.80490119949496,ok,201.43054696969696,2
2003-08,2003-12,2003,12,5,241.44658333333334,191.1895,12,1991-08,2002-08,63.05092638888889,178.39565694444445,199.78067272727273,257.18499305555554,184.04226300505053,ok,193.67166401515152,2
2003-09,2004-01,2004,1,5,340.53629166666667,330.2411,12,1991-09,2002-09,42.38887847222222,298.1474131944444,279.13870434782604,305.2827534722222,314.3922425422705,ok,256.65593151515156,2
2003-10,2004-02,2004,2,5,343.382,337.9902,12,1991-10,2002-10,109.94659999999999,233.43540000000002,213.97687391304348,319.50424999999996,237.85462391304353,ok,188.46523897727275,2
2003-11,2004-03,2004,3,5,377.05170833333335,263.3091,12,1991-11,2002-11,131.47912222222223,245.57258611111112,271.369752173913,376.75043055555557,271.6710299516908,ok,220.89239617424244,2
2003-12,2004-04,2004,4,5,236.67125,153.5851,12,1991-12,2002-12,35.821365972222225,200.84988402777776,198.5197565217391,226.38148263888888,208.80952388285021,ok,180.9257397348485,2
2004-01,2004-05,2004,5,5,19.429583333333333,29.0041,13,1991-01,2003-01,-75.46659551282052,94.89617884615384,77.76692173913042,24.867919871794868,72.3285852006689,ok,106.09805228535355,3
2004-02,2004-06,2004,6,5,1.3715416666666667,11.5046,13,1991-02,2003-02,-5.948057051282051,7.319598717948717,7.987721739130435,0.961996794871795,8.397266610925307,ok,6.8815059175084174,3
2004-03,2004-07,2004,7,5,1.6740416666666667,24.0552,13,1991-03,2003-03,-1.5969974358974357,3.271039102564102,4.321617391304348,1.1220641025641025,4.873594955406912,ok,2.6328900968013467,3
2004-04,2004-08,2004,8,5,2.5110833333333336,45.2683,13,1991-04,2003-04,-6.454609615384614,8.965692948717948,12.08865652173913,2.5866057692307693,12.013134085841696,ok,7.011949284511783,3
2004-05,2004-09,2004,9,5,6.890583333333333,24.8521,13,1991-05,2003-05,-51.58713461538461,58.477717948717945,64.40875217391304,6.061288461538461,65.23804704570792,ok,63.15980141414142,3
2004-06,2004-10,2004,10,5,18.291166666666665,156.836,13,1991-06,2003-06,-76.02767243589743,94.3188391025641,130.11430869565217,24.032650641025644,124.3728247212932,ok,105.04396344276093,3
2004-07,2004-11,2004,11,5,96.82187499999999,135.0896,13,1991-07,2003-07,-76.89524166666666,173.71711666666664,200.75708695652176,121.16688141025642,176.41208054626532,ok,198.28907691498316,3
2004-08,2004-12,2004,12,5,292.5595,159.7892,13,1991-08,2003-08,62.06678461538461,230.4927153846154,199.40714347826088,255.97434615384614,235.99229732441475,ok,188.57966165824917,3
2004-09,2005-01,2005,1,5,328.28254166666665,258.8253,13,1991-09,2003-09,39.92013333333333,288.3624083333333,281.2679708333333,307.99456410256414,301.5559483974358,ok,270.4864254082492,3
2004-10,2005-02,2005,2,5,311.0587083333333,252.3165,13,1991-10,2003-10,101.90392307692306,209.15478525641024,219.14409583333335,321.34099999999995,208.8618041666667,ok,203.45529265151518,3
2004-11,2005-03,2005,3,5,367.04129166666667,402.6636,13,1991-11,2003-11,130.114775,236.92651666666666,271.03389166666665,376.7736057692308,261.3015775641025,ok,229.11912615319866,3
2004-12,2005-04,2005,4,5,213.138,143.7686,13,1991-12,2003-12,39.45711858974359,173.6808814102564,196.64747916666667,227.1730032051282,182.61247596153848,ok,187.56712116582491,3
2005-01,2005-05,2005,5,5,19.273375,73.4273,14,1991-01,2004-01,-70.76001845238095,90.03339345238095,75.7351375,24.479467261904755,70.52904523809524,ok,103.29758392555362,4
2005-02,2005-06,2005,6,5,1.836,0.5479,14,1991-02,2004-02,-6.246985714285715,8.082985714285714,8.134258333333333,0.9912500000000002,8.979008333333333,ok,6.991029117618493,4
2005-03,2005-07,2005,7,5,0.245625,1.8672,14,1991-03,2004-03,-3.081580357142857,3.327205357142857,5.14385,1.1614910714285713,4.227983928571428,ok,2.7924273482420356,4
2005-04,2005-08,2005,8,5,2.3882916666666665,1.159,14,1991-04,2004-04,-9.047652976190475,11.435944642857141,13.471141666666666,2.5812113095238094,13.278222023809523,ok,7.500385200563324,4
2005-05,2005-09,2005,9,5,2.4947083333333335,69.9723,14,1991-05,2004-05,-49.18530476190476,51.680013095238095,62.760558333333336,6.120523809523809,59.13474285714286,ok,61.989280547785555,4
2005-06,2005-10,2005,10,5,13.548208333333333,43.3954,14,1991-06,2004-06,-80.49318392857143,94.04139226190476,131.2277125,23.622544642857143,121.15337619047618,ok,102.36268235771172,4
2005-07,2005-11,2005,11,5,121.00325,162.476,14,1991-07,2004-07,-74.13613333333332,195.1393833333333,198.02094166666666,119.4279523809524,199.59623928571426,ok,192.14608685290403,4
2005-08,2005-12,2005,12,5,241.85941666666668,270.7065,14,1991-08,2004-08,67.11703571428572,174.74238095238096,197.75639583333336,258.5875714285714,181.02824107142865,ok,199.05792508984072,4
2005-09,2006-01,2006,1,5,327.73562499999997,166.8556,14,1991-09,2004-09,42.02992678571428,285.7056982142857,280.370264,309.44370535714285,298.66218364285714,ok,274.95542113952024,4
2005-10,2006-02,2006,2,5,338.919875,230.8724,14,1991-10,2004-10,98.82094345238093,240.09893154761906,220.470992,320.606550595238,238.784316404762,ok,204.88016580273896,4
2005-11,2006-03,2006,3,5,417.85283333333336,267.8005,14,1991-11,2004-11,118.2764119047619,299.57642142857145,276.29908,376.07844047619045,318.0734728571429,ok,231.07097378156567,4
2005-12,2006-04,2006,4,5,237.12483333333333,429.1988,14,1991-12,2004-12,41.59371011904762,195.5311232142857,194.53232400000002,226.17050297619045,205.4866543571429,ok,184.09556122693277,4
2006-01,2006-05,2006,5,5,29.216875,133.2095,15,1991-01,2005-01,-69.65294555555556,98.86982055555556,75.642824,24.13239444444444,80.72730455555556,ok,100.64474583091909,5
2006-02,2006-06,2006,6,5,0.4751666666666667,0.6042,15,1991-02,2005-02,-5.744646666666667,6.219813333333334,7.830804,1.047566666666667,7.258404,ok,7.2094204369519375,5
2006-03,2006-07,2006,7,5,2.232041666666667,1.5265,15,1991-03,2005-03,-2.984246666666666,5.216288333333333,5.012783999999999,1.1004333333333334,6.144392333333332,ok,2.8993829500221997,5
2006-04,2006-08,2006,8,5,5.144875,12.4889,15,1991-04,2005-04,-8.362523333333332,13.507398333333331,12.978655999999999,2.56835,15.555181,ok,8.287497089022088,5
2006-05,2006-09,2006,9,5,7.700458333333334,73.0467,15,1991-05,2005-05,-50.40479055555555,58.10524888888888,63.049028,5.878802777777778,64.87068355555556,ok,59.92742705727606,5
2006-06,2006-10,2006,10,5,37.47529166666667,156.2402,15,1991-06,2005-06,-77.11678444444445,114.59207611111111,127.71441999999999,22.95092222222222,142.23878944444445,ok,100.69842433855032,5
2006-07,2006-11,2006,11,5,117.07195833333333,160.8529,15,1991-07,2005-07,-71.95857444444442,189.03053277777775,196.59914399999997,119.53297222222224,194.13813011111105,ok,192.7447461489899,5
2006-08,2006-12,2006,12,5,258.488,150.7779,15,1991-08,2005-08,60.71942777777778,197.76857222222222,200.67440000000002,257.47236111111107,201.69003888888895,ok,194.19481626234875,5
2006-09,2007-01,2007,1,5,310.51591666666667,243.8694,15,1991-09,2005-09,49.95326666666666,260.56265,276.0043153846154,310.66316666666665,275.8570653846154,ok,277.10547655447334,5
2006-10,2007-02,2007,2,5,304.0027083333334,391.6001,15,1991-10,2005-10,99.43604555555554,204.56666277777782,220.87104615384618,321.82743888888876,203.0463155982908,ok,211.923918951715,5
2006-11,2007-03,2007,3,5,363.090625,144.3091,15,1991-11,2005-11,120.39480666666667,242.6958183333333,275.9722115384615,378.8634,260.1994365384615,ok,244.77206331096681,5
2006-12,2007-04,2007,4,5,184.7988333333333,203.9629,15,1991-12,2005-12,26.015865,158.78296833333332,203.5579576923077,226.90079166666663,161.45599935897437,ok,186.38267362440337,5
2007-01,2007-05,2007,5,5,22.16379166666667,59.8926,16,1991-01,2006-01,-71.79917552083333,93.9629671875,77.85692692307693,24.45017447916667,75.57054411057692,ok,100.34892495169184,6
2007-02,2007-06,2007,6,5,0.76675,0.6092,16,1991-02,2006-02,-5.393670833333333,6.160420833333333,7.5528576923076916,1.0117916666666666,7.307816025641025,ok,7.04448591968217,6
2007-03,2007-07,2007,7,5,0.9486249999999999,2.6528,16,1991-03,2006-03,-2.7536348958333328,3.7022598958333326,4.878696153846153,1.1711588541666667,4.656162299679487,ok,3.2855338472407225,6
2007-04,2007-08,2007,8,5,1.1272916666666666,1.474,16,1991-04,2006-04,-8.2988671875,9.426158854166667,12.959819230769229,2.7293828125,11.357728084935896,ok,9.157480629740627,6
2007-05,2007-09,2007,9,5,3.434333333333333,24.48,16,1991-05,2006-05,-51.338631250000006,54.77296458333334,63.43355384615385,5.99265625,60.87523092948718,ok,59.6237306958782,6
2007-06,2007-10,2007,10,5,26.114416666666667,90.3212,16,1991-06,2006-06,-79.71979218749999,105.83420885416666,128.8115653846154,23.8586953125,131.06728673878206,ok,103.01403296731046,6
2007-07,2007-11,2007,11,5,117.29879166666667,140.1645,16,1991-07,2006-07,-70.19747239583333,187.49626406250002,195.22428846153844,119.37915885416666,193.14392127403846,ok,192.12571058712118,6
2007-08,2007-12,2007,12,5,252.58420833333332,154.6319,16,1991-08,2006-08,63.65634479166667,188.92786354166665,198.75530384615388,257.53583854166664,193.80367363782057,ok,194.790442255661,6
2007-09,2008-01,2008,1,5,319.1537083333333,277.9576,16,1991-09,2006-09,50.99659479166666,268.15711354166666,274.81413333333336,310.65396354166666,283.31387812500003,ok,274.34833879539445,6
2007-10,2008-02,2008,2,5,334.2366666666667,227.3554,16,1991-10,2006-10,87.74645572916666,246.49021093750002,227.19434444444445,320.7133932291666,240.7176178819445,ok,210.69770958939213,6
2007-11,2008-03,2008,3,5,414.49354166666666,291.7903,16,1991-11,2006-11,126.5439765625,287.94956510416665,271.0958,377.8776015625,307.71174010416667,ok,244.42602248136123,6
2007-12,2008-04,2008,4,5,224.3375,198.2004,16,1991-12,2006-12,23.19211927083333,201.14538072916667,203.57295555555558,224.26941927083334,203.64103628472225,ok,181.78272274255835,6
2008-01,2008-05,2008,5,5,28.725958333333335,156.4351,17,1991-01,2007-01,-69.7950362745098,98.52099460784314,77.19158148148148,24.315681372549022,81.6018584422658,ok,99.436645271093,7
2008-02,2008-06,2008,6,5,0.8963333333333333,1.2231,17,1991-02,2007-02,-5.067128431372549,5.963461764705882,7.295685185185184,0.997377450980392,7.194641067538125,ok,6.918190907346622,7
2008-03,2008-07,2008,7,5,0.6473333333333333,1.8809,17,1991-03,2007-03,-2.691901960784313,3.339235294117646,4.796255555555555,1.1580686274509804,4.285520261437908,ok,3.3450661398968093,7
2008-04,2008-08,2008,8,5,5.010958333333334,10.0751,17,1991-04,2007-04,-7.8310931372549035,12.842051470588238,12.534418518518518,2.635142156862745,14.910234694989107,ok,9.195863233230062,7
2008-05,2008-09,2008,9,5,7.549166666666667,35.7506,17,1991-05,2007-05,-49.55669215686275,57.10585882352942,61.99082962962963,5.842166666666666,63.69782962962963,ok,58.9307641083718,7
2008-06,2008-10,2008,10,5,31.448791666666665,71.4708,17,1991-06,2007-06,-78.80726225490196,110.25605392156862,127.38599629629628,23.99138480392157,134.84340315904137,ok,103.41691523686134,7
2008-07,2008-11,2008,11,5,126.13320833333334,228.8043,17,1991-07,2007-07,-67.41325098039215,193.5464593137255,193.185037037037,119.25678431372548,200.06146105664487,ok,191.4643610836039,7
2008-08,2008-12,2008,12,5,264.0232916666667,198.2564,17,1991-08,2007-08,65.6737544117647,198.34953725490197,197.12110370370374,257.2445661764706,203.89982919389985,ok,193.95293101080466,7
2008-09,2009-01,2009,1,5,309.26595833333334,176.1671,17,1991-09,2007-09,50.420095588235284,258.8458627450981,274.9264,311.15394852941176,273.0384098039216,ok,273.46387804486193,7
2008-10,2009-02,2009,2,5,312.66133333333335,173.2144,17,1991-10,2007-10,88.87203284313725,223.7893004901961,227.20009642857144,321.50887990196077,218.35254985994402,ok,215.81092406769326,7
2008-11,2009-03,2009,3,5,355.2785416666666,237.6584,17,1991-11,2007-11,126.31805098039216,228.96049068627445,271.83488928571427,380.0314803921569,247.08195056022402,ok,250.64367142747628,7
2008-12,2009-04,2009,4,5,246.11041666666665,291.4855,17,1991-12,2007-12,23.365353431372547,222.7450632352941,203.3810785714286,224.27342401960786,225.21807121848738,ok,184.54881674064524,7
2009-01,2009-05,2009,5,5,21.114791666666665,287.1656,18,1991-01,2008-01,-73.01248657407407,94.12727824074074,80.02170714285715,24.56069675925926,76.57580205026456,ok,99.32218893818677,8
2009-02,2009-06,2009,6,5,0.918,15.2435,18,1991-02,2008-02,-4.803775,5.721775,7.0788071428571415,0.9917638888888889,7.005043253968252,ok,6.798849764516529,8
2009-03,2009-07,2009,7,5,6.305458333333333,2.7198,18,1991-03,2008-03,-2.610883333333333,8.916341666666666,4.692135714285714,1.1296944444444443,9.867899603174603,ok,3.344337284174414,8
2009-04,2009-08,2009,8,5,6.729541666666667,15.226,18,1991-04,2008-04,-7.677373611111112,14.40691527777778,12.446585714285714,2.7671319444444444,16.408995436507936,ok,9.651636762899834,8
2009-05,2009-09,2009,9,5,7.4952499999999995,49.6335,18,1991-05,2008-05,-48.37028888888889,55.86553888888889,61.05367857142858,5.936999999999999,62.61192857142858,ok,58.702650947766486,8
2009-06,2009-10,2009,10,5,31.002583333333334,145.1622,18,1991-06,2008-06,-76.65252592592591,107.65510925925925,125.38902499999999,24.405685185185185,131.98592314814815,ok,104.27180757244977,8
2009-07,2009-11,2009,11,5,111.85558333333334,129.9771,18,1991-07,2008-07,-69.37201990740739,181.22760324074073,194.45715357142853,119.63880787037036,186.6739290343915,ok,191.7246233623691,8
2009-08,2009-12,2009,12,5,262.42741666666666,238.1976,18,1991-08,2008-08,65.6789287037037,196.74848796296294,197.16165000000004,257.62116203703704,201.96790462962966,ok,194.50250679131682,8
2009-09,2010-01,2010,1,5,312.4241666666667,206.4191,18,1991-09,2008-09,55.01336018518518,257.4108064814815,271.5209068965517,311.04906018518517,272.8960133780332,ok,271.6366261323914,8
2009-10,2010-02,2010,2,5,247.05070833333332,189.3031,18,1991-10,2008-10,91.68174953703704,155.36895879629628,225.33852068965518,321.01734953703703,151.37187948595147,ok,216.8082211205061,8
2009-11,2010-03,2010,3,5,314.41066666666666,170.6808,18,1991-11,2008-11,125.83483379629631,188.57583287037033,270.6563896551724,378.6563171296296,206.41073919220946,ok,247.93327383482605,8
2009-12,2010-04,2010,4,5,166.96804166666666,179.409,18,1991-12,2008-12,19.546440277777776,147.4216013888889,206.41916206896553,225.4865902777778,147.9006134578544,ok,189.32334755247638,8
2010-01,2010-05,2010,5,5,29.674375,36.5434,19,1991-01,2009-01,-83.17239824561403,112.84677324561403,87.16460000000001,24.379333333333335,92.45964166666667,ok,98.74497663847053,9
2010-02,2010-06,2010,6,5,0.7127500000000001,8.1085,19,1991-02,2009-02,-5.304918421052632,6.0176684210526314,7.3603482758620675,0.9878815789473684,7.085216696914699,ok,6.679174790681359,9
2010-03,2010-07,2010,7,5,0.7812916666666667,1.8517,19,1991-03,2009-03,-2.2847495614035083,3.066041228070175,4.624124137931034,1.4021030701754384,4.003312734422262,ok,3.963448882229109,9
2010-04,2010-08,2010,8,5,0.4687916666666667,1.1641,19,1991-04,2009-04,-7.720483333333334,8.189275,12.542427586206896,2.9756798245614036,10.035539428312159,ok,10.180001042330717,9
2010-05,2010-09,2010,9,5,0.44279166666666664,2.3148,19,1991-05,2009-05,-48.04228684210526,48.48507850877193,60.65987931034483,6.019013157894736,55.08365781911676,ok,58.387416274557864,9
2010-06,2010-10,2010,10,5,11.171208333333333,136.1532,19,1991-06,2009-06,-78.62658333333331,89.79779166666665,126.07085862068966,24.75289035087719,112.48917660314581,ok,104.64772998209527,9
2010-07,2010-11,2010,11,5,113.23804166666667,142.1422,19,1991-07,2009-07,-66.67462499999999,179.91266666666667,192.23370344827583,119.22916447368421,186.24258064125831,ok,190.5582877932993,9
2010-08,2010-12,2010,12,5,219.840875,168.2896,19,1991-08,2009-08,63.49739649122807,156.34347850877194,198.57668275862073,257.8741228070175,160.54343495160325,ok,194.75206025483305,9
2010-09,2011-01,2011,1,5,346.9866666666667,274.405,19,1991-09,2009-09,57.69713421052631,289.28953245614036,269.35084666666665,311.12143421052633,305.216079122807,ok,270.05597950451255,9
2010-10,2011-02,2011,2,5,356.02570833333334,316.7195,19,1991-10,2009-10,89.89574210526315,266.1299662280702,224.13734000000002,317.1243684210526,263.0386799122807,ok,209.9816364178161,9
2010-11,2011-03,2011,3,5,414.3817916666667,240.0053,19,1991-11,2009-11,126.77667763157895,287.60511403508775,267.32387,375.27496710526316,306.4306945614035,ok,241.33800261655318,9
2010-12,2011-04,2011,4,5,240.27837499999998,220.1464,19,1991-12,2009-12,17.862892982456138,222.41548201754384,205.51882333333333,222.4066666666667,223.39053166666662,ok,184.66759797874442,9
1991-01,1991-06,1991,6,6,1.8143333333333331,0.7033,0,,,,,9.38869,,,warmup_amostra_insuficiente,,0
1991-02,1991-07,1991,7,6,0.8704999999999999,1.9531,0,,,,,6.404940000000001,,,warmup_amostra_insuficiente,,0
1991-03,1991-08,1991,8,6,1.7187083333333335,1.2135,0,,,,,16.050330000000002,,,warmup_amostra_insuficiente,,0
1991-04,1991-09,1991,9,6,6.026416666666666,73.9762,0,,,,,73.19717999999999,,,warmup_amostra_insuficiente,,0
1991-05,1991-10,1991,10,6,35.23220833333333,58.2752,0,,,,,169.18448999999998,,,warmup_amostra_insuficiente,,0
1991-06,1991-11,1991,11,6,117.87124999999999,141.8015,0,,,,,204.26054000000002,,,warmup_amostra_insuficiente,,0
1991-07,1991-12,1991,12,6,265.3625,139.2974,0,,,,,206.55659999999997,,,warmup_amostra_insuficiente,,0
1991-08,1992-01,1992,1,6,308.5962916666667,307.6078,0,,,,,296.8603363636363,,,warmup_amostra_insuficiente,,0
1991-09,1992-02,1992,2,6,329.56991666666664,144.7331,0,,,,,218.7978454545455,,,warmup_amostra_insuficiente,,0
1991-10,1992-03,1992,3,6,385.07579166666665,155.372,0,,,,,299.8407818181818,,,warmup_amostra_insuficiente,,0
1991-11,1992-04,1992,4,6,182.99525000000003,102.9542,0,,,,,207.20299999999997,,,warmup_amostra_insuficiente,,0
1991-12,1992-05,1992,5,6,19.619333333333334,24.3743,0,,,,,55.66652727272728,,,warmup_amostra_insuficiente,,0
1992-01,1992-06,1992,6,6,0.9827916666666666,1.0095,1,,,,,8.599109090909092,1.8143333333333331,7.767567424242426,warmup_amostra_insuficiente,,0
1992-02,1992-07,1992,7,6,0.8704999999999999,2.0289,1,,,,,6.000227272727273,0.8704999999999999,6.000227272727273,warmup_amostra_insuficiente,,0
1992-03,1992-08,1992,8,6,1.4731666666666667,13.0445,1,,,,,14.701527272727276,1.7187083333333335,14.45598560606061,warmup_amostra_insuficiente,,0
1992-04,1992-09,1992,9,6,3.326458333333333,135.5711,1,,,,,73.26799999999999,6.026416666666666,70.56804166666666,warmup_amostra_insuficiente,,0
1992-05,1992-10,1992,10,6,20.913958333333333,62.0723,1,,,,,159.10182727272726,35.23220833333333,144.78357727272726,warmup_amostra_insuficiente,,0
1992-06,1992-11,1992,11,6,120.87366666666667,214.2915,1,,,,,198.58244545454545,117.87124999999999,201.58486212121213,warmup_amostra_insuficiente,,0
1992-07,1992-12,1992,12,6,306.241625,239.5717,1,,,,,200.44212727272725,265.3625,241.32125227272724,warmup_amostra_insuficiente,,0
1992-08,1993-01,1993,1,6,336.12804166666666,121.8043,1,,,,,297.75595833333324,308.5962916666667,325.2877083333332,warmup_amostra_insuficiente,,0
1992-09,1993-02,1993,2,6,333.2145,307.8407,1,,,,,212.62578333333337,329.56991666666664,216.27036666666672,warmup_amostra_insuficiente,,0
1992-10,1993-03,1993,3,6,388.3234166666667,153.1779,1,,,,,287.80171666666666,385.07579166666665,291.0493416666667,warmup_amostra_insuficiente,,0
1992-11,1993-04,1993,4,6,242.58962499999998,250.0943,1,,,,,198.51559999999998,182.99525000000003,258.10997499999996,warmup_amostra_insuficiente,,0
1992-12,1993-05,1993,5,6,16.873916666666666,95.5974,1,,,,,53.058841666666666,19.619333333333334,50.313424999999995,warmup_amostra_insuficiente,,0
1993-01,1993-06,1993,6,6,0.8207083333333333,0.586,2,,,,,7.966641666666668,1.3985625,7.388787500000001,warmup_amostra_insuficiente,,0
1993-02,1993-07,1993,7,6,0.546875,1.8793,2,,,,,5.669283333333335,0.8704999999999999,5.345658333333335,warmup_amostra_insuficiente,,0
1993-03,1993-08,1993,8,6,3.3480833333333333,40.5665,2,,,,,14.56344166666667,1.5959375000000002,16.315587500000003,warmup_amostra_insuficiente,,0
1993-04,1993-09,1993,9,6,9.709166666666667,56.4376,2,,,,,78.45992499999998,4.6764375,83.49265416666665,warmup_amostra_insuficiente,,0
1993-05,1993-10,1993,10,6,24.272958333333335,126.1723,2,,,,,151.01603333333333,28.073083333333333,147.21590833333332,warmup_amostra_insuficiente,,0
1993-06,1993-11,1993,11,6,118.87554166666666,225.9903,2,,,,,199.8915333333333,119.37245833333333,199.39461666666665,warmup_amostra_insuficiente,,0
1993-07,1993-12,1993,12,6,248.04216666666665,216.8044,2,,,,,203.70292499999996,285.80206250000003,165.94302916666658,warmup_amostra_insuficiente,,0
1993-08,1994-01,1994,1,6,344.0740416666667,330.218,2,,,,,284.2212153846153,322.36216666666667,305.9330903846153,warmup_amostra_insuficiente,,0
1993-09,1994-02,1994,2,6,356.590125,306.4669,2,,,,,219.95000769230774,331.3922083333333,245.14792435897442,warmup_amostra_insuficiente,,0
1993-10,1994-03,1994,3,6,434.3919166666667,311.1998,2,,,,,277.4460384615385,386.69960416666663,325.13835096153855,warmup_amostra_insuficiente,,0
1993-11,1994-04,1994,4,6,226.78916666666666,176.4476,2,,,,,202.48319230769232,212.7924375,216.47992147435897,warmup_amostra_insuficiente,,0
1993-12,1994-05,1994,5,6,28.190166666666666,50.2617,2,,,,,56.33103846153846,18.246625,66.27458012820513,warmup_amostra_insuficiente,,0
1994-01,1994-06,1994,6,6,0.6911666666666667,40.3001,3,,,,,7.398900000000001,1.2059444444444443,6.884122222222223,warmup_amostra_insuficiente,,0
1994-02,1994-07,1994,7,6,0.7588750000000001,1.843,3,,,,,5.3777461538461555,0.7626249999999999,5.373996153846155,warmup_amostra_insuficiente,,0
1994-03,1994-08,1994,8,6,3.4596250000000004,6.3765,3,,,,,16.563676923076926,2.1799861111111114,17.843315811965816,warmup_amostra_insuficiente,,0
1994-04,1994-09,1994,9,6,8.002708333333333,57.4679,3,,,,,76.76589999999999,6.354013888888889,78.41459444444443,warmup_amostra_insuficiente,,0
1994-05,1994-10,1994,10,6,18.425125,114.0829,3,,,,,149.10497692307692,26.806375000000003,140.72372692307692,warmup_amostra_insuficiente,,0
1994-06,1994-11,1994,11,6,149.70954166666667,151.223,3,,,,,201.89913076923074,119.20681944444443,232.40185299145298,warmup_amostra_insuficiente,,0
1994-07,1994-12,1994,12,6,244.66070833333333,200.9509,3,,,,,204.71073076923074,273.21543055555554,176.15600854700853,warmup_amostra_insuficiente,,0
1994-08,1995-01,1995,1,6,304.2662916666667,156.6185,3,,,,,287.5066999999999,329.59945833333336,262.17353333333324,warmup_amostra_insuficiente,,0
1994-09,1995-02,1995,2,6,317.590625,232.7107,3,,,,,226.12978571428576,339.79151388888886,203.9288968253969,warmup_amostra_insuficiente,,0
1994-10,1995-03,1995,3,6,414.01375,218.3206,3,,,,,279.8570214285714,402.59704166666666,291.27372976190475,warmup_amostra_insuficiente,,0
1994-11,1995-04,1995,4,6,250.59237499999998,255.6784,3,,,,,200.62350714285714,217.4580138888889,233.7578682539682,warmup_amostra_insuficiente,,0
1994-12,1995-05,1995,5,6,19.206333333333333,188.1476,3,,,,,55.89751428571429,21.56113888888889,53.54270873015873,warmup_amostra_insuficiente,,0
1995-01,1995-06,1995,6,6,0.33475000000000005,0.5023,4,,,,,9.748985714285714,1.0772499999999998,9.006485714285715,warmup_amostra_insuficiente,,0
1995-02,1995-07,1995,7,6,0.50225,1.9521,4,,,,,5.125264285714287,0.7616875,4.865826785714288,warmup_amostra_insuficiente,,0
1995-03,1995-08,1995,8,6,1.25,1.2264,4,,,,,15.83602142857143,2.4998958333333334,14.586125595238096,warmup_amostra_insuficiente,,0
1995-04,1995-09,1995,9,6,2.754,24.8694,4,,,,,75.38747142857142,6.766187499999999,71.37528392857142,warmup_amostra_insuficiente,,0
1995-05,1995-10,1995,10,6,15.791375,82.7379,4,,,,,146.6034,24.711062500000004,137.68371249999998,warmup_amostra_insuficiente,,0
1995-06,1995-11,1995,11,6,130.28045833333334,247.2129,4,,,,,198.2794071428571,126.8325,201.72736547619047,warmup_amostra_insuficiente,,0
1995-07,1995-12,1995,12,6,254.76054166666665,191.1246,4,,,,,204.44217142857138,266.07675,193.12596309523803,warmup_amostra_insuficiente,,0
1995-08,1996-01,1996,1,6,313.5514583333333,224.1528,4,,,,,278.7808199999999,323.26616666666666,269.06611166666653,warmup_amostra_insuficiente,,0
1995-09,1996-02,1996,2,6,396.81391666666667,225.4247,4,,,,,226.56851333333336,334.24129166666665,289.1411383333334,warmup_amostra_insuficiente,,0
1995-10,1996-03,1996,3,6,399.7957916666667,302.7974,4,,,,,275.75459333333333,405.45121875,270.09916625,warmup_amostra_insuficiente,,0
1995-11,1996-04,1996,4,6,232.09199999999998,321.9434,4,,,,,204.29383333333334,225.74160416666666,210.64422916666666,warmup_amostra_insuficiente,,0
1995-12,1996-05,1996,5,6,25.176916666666667,98.9982,4,,,,,64.71418666666666,20.9724375,68.91866583333334,warmup_amostra_insuficiente,,0
1996-01,1996-06,1996,6,6,0.76675,0.4652,5,,,,,9.13254,0.9287499999999997,8.970540000000002,warmup_amostra_insuficiente,,0
1996-02,1996-07,1996,7,6,0.703125,1.9521,5,,,,,4.913720000000001,0.7098,4.907045000000002,warmup_amostra_insuficiente,,0
1996-03,1996-08,1996,8,6,1.6740416666666667,1.4883,5,,,,,14.862046666666668,2.2499166666666666,14.286171666666668,warmup_amostra_insuficiente,,0
1996-04,1996-09,1996,9,6,10.087208333333333,9.7369,5,,,,,72.0196,5.963749999999999,76.14305833333333,warmup_amostra_insuficiente,,0
1996-05,1996-10,1996,10,6,20.344791666666666,145.0933,5,,,,,142.3457,22.927125000000004,139.76336666666666,warmup_amostra_insuficiente,,0
1996-06,1996-11,1996,11,6,124.45916666666666,222.7092,5,,,,,201.54163999999997,127.52209166666667,198.47871499999997,warmup_amostra_insuficiente,,0
1996-07,1996-12,1996,12,6,268.3869583333333,130.1745,5,,,,,203.55433333333332,263.81350833333335,208.1277833333333,warmup_amostra_insuficiente,,0
1996-08,1997-01,1997,1,6,342.0762916666667,403.2083,5,,,,,275.36656875,321.323225,296.1196354166667,warmup_amostra_insuficiente,,0
1996-09,1997-02,1997,2,6,359.8257083333333,180.4594,5,,,,,226.497025,346.75581666666665,239.56691666666666,warmup_amostra_insuficiente,,0
1996-10,1997-03,1997,3,6,374.5184166666666,452.1152,5,,,,,277.44476875,404.32013333333333,247.64305208333326,warmup_amostra_insuficiente,,0
1996-11,1997-04,1997,4,6,199.40037499999997,290.1342,5,,,,,211.64693125,227.01168333333334,184.03562291666663,warmup_amostra_insuficiente,,0
1996-12,1997-05,1997,5,6,22.78879166666667,68.9381,5,,,,,66.8569375,21.813333333333336,67.83239583333334,warmup_amostra_insuficiente,,0
1997-01,1997-06,1997,6,6,1.6307083333333334,0.6576,6,,,,,8.59083125,0.9017499999999998,9.319789583333334,warmup_amostra_insuficiente,,0
1997-02,1997-07,1997,7,6,0.7142916666666667,1.9683,6,,,,,4.72861875,0.7086874999999999,4.734222916666667,warmup_amostra_insuficiente,,0
1997-03,1997-08,1997,8,6,2.7900833333333335,1.2265,6,,,,,14.026187499999999,2.1539375,14.662333333333333,warmup_amostra_insuficiente,,0
1997-04,1997-09,1997,9,6,6.5447500000000005,47.0877,6,,,,,68.12693125,6.650993055555555,68.02068819444445,warmup_amostra_insuficiente,,0
1997-05,1997-10,1997,10,6,31.247958333333333,98.1562,6,,,,,142.517425,22.496736111111115,151.26864722222223,warmup_amostra_insuficiente,,0
1997-06,1997-11,1997,11,6,111.531625,75.7109,6,,,,,202.86461250000002,127.01160416666666,187.38463333333337,warmup_amostra_insuficiente,,0
1997-07,1997-12,1997,12,6,246.78116666666668,199.815,6,,,,,198.96809374999998,264.57575,181.17351041666663,warmup_amostra_insuficiente,,0
1997-08,1998-01,1998,1,6,290.1376666666667,347.458,6,,,,,282.8866705882353,324.78206944444446,248.24226781045752,warmup_amostra_insuficiente,,0
1997-09,1998-02,1998,2,6,226.10445833333333,127.8253,6,,,,,223.7889294117647,348.93413194444446,100.95925580065358,warmup_amostra_insuficiente,,0
1997-10,1998-03,1998,3,6,266.06554166666666,242.0988,6,,,,,287.7195,399.3531805555556,154.43186111111106,warmup_amostra_insuficiente,,0
1997-11,1998-04,1998,4,6,179.82004166666664,54.1047,6,,,,,216.2638294117647,222.4097986111111,173.67407246732023,warmup_amostra_insuficiente,,0
1997-12,1998-05,1998,5,6,17.1195,74.6596,6,,,,,66.97935882352942,21.975909722222223,62.1229491013072,warmup_amostra_insuficiente,,0
1998-01,1998-06,1998,6,6,1.2419166666666668,16.0121,7,,,,,8.124170588235295,1.0058869047619046,8.360200350140056,warmup_amostra_insuficiente,,0
1998-02,1998-07,1998,7,6,0.22325000000000003,3.3565,7,,,,,4.566247058823529,0.7094880952380952,4.080008963585434,warmup_amostra_insuficiente,,0
1998-03,1998-08,1998,8,6,0.42412500000000003,1.2501,7,,,,,13.273264705882351,2.2448154761904764,11.452574229691875,warmup_amostra_insuficiente,,0
1998-04,1998-09,1998,9,6,4.914083333333333,13.3474,7,,,,,66.8893294117647,6.6358154761904755,65.16759726890757,warmup_amostra_insuficiente,,0
1998-05,1998-10,1998,10,6,23.949333333333332,89.2952,7,,,,,139.9079411764706,23.74691071428572,140.1103637955182,warmup_amostra_insuficiente,,0
1998-06,1998-11,1998,11,6,116.80204166666665,245.1679,7,,,,,195.3849823529412,124.80017857142856,187.3868454481793,warmup_amostra_insuficiente,,0
1998-07,1998-12,1998,12,6,343.8842916666667,138.7974,7,,,,,199.01791176470587,262.03366666666665,280.86853676470594,warmup_amostra_insuficiente,,0
1998-08,1999-01,1999,1,6,364.92083333333335,215.817,7,,,,,286.4739666666667,319.83286904761906,331.561930952381,warmup_amostra_insuficiente,,0
1998-09,1999-02,1999,2,6,355.73325,131.3784,7,,,,,218.4576166666667,331.3870357142857,242.80383095238102,warmup_amostra_insuficiente,,0
1998-10,1999-03,1999,3,6,437.48316666666665,283.9542,7,,,,,285.1850166666666,380.3120892857143,342.35609404761897,warmup_amostra_insuficiente,,0
1998-11,1999-04,1999,4,6,239.165875,162.6196,7,,,,,207.25498888888887,216.32554761904763,230.09531626984125,warmup_amostra_insuficiente,,0
1998-12,1999-05,1999,5,6,13.671041666666667,177.0923,7,,,,,67.40603888888889,21.282136904761902,59.794943650793655,warmup_amostra_insuficiente,,0
1999-01,1999-06,1999,6,6,0.9502916666666668,0.6859,8,,,,,8.56238888888889,1.035390625,8.477289930555557,warmup_amostra_insuficiente,,0
1999-02,1999-07,1999,7,6,1.6740416666666667,1.9885,8,,,,,4.499038888888888,0.6487083333333334,5.524372222222222,warmup_amostra_insuficiente,,0
1999-03,1999-08,1999,8,6,3.8502500000000004,1.2624,8,,,,,12.60531111111111,2.0172291666666666,14.438331944444444,warmup_amostra_insuficiente,,0
1999-04,1999-09,1999,9,6,7.4952499999999995,72.5879,8,,,,,63.914777777777786,6.420598958333333,64.98942881944446,warmup_amostra_insuficiente,,0
1999-05,1999-10,1999,10,6,29.216791666666666,112.4277,8,,,,,137.09612222222222,23.772213541666666,142.5407003472222,warmup_amostra_insuficiente,,0
1999-06,1999-11,1999,11,6,148.0571666666667,349.1067,8,,,,,198.15070000000003,123.80041145833333,222.40745520833337,warmup_amostra_insuficiente,,0
1999-07,1999-12,1999,12,6,300.23741666666666,242.5365,8,,,,,195.67232777777775,272.2649947916667,223.6447496527777,warmup_amostra_insuficiente,,0
1999-08,2000-01,2000,1,6,323.45025000000004,260.085,8,,,,,282.7551789473684,325.46886458333336,280.7365643640351,warmup_amostra_insuficiente,,0
1999-09,2000-02,2000,2,6,377.6565,271.7656,8,,,,,213.8745,334.4303125,257.1006875,warmup_amostra_insuficiente,,0
1999-10,2000-03,2000,3,6,374.3509583333334,185.8099,8,,,,,285.12023684210527,387.45847395833334,272.0127212171053,warmup_amostra_insuficiente,,0
1999-11,2000-04,2000,4,6,237.0385,184.1135,8,,,,,204.90575789473684,219.18058854166665,222.76366935307018,warmup_amostra_insuficiente,,0
1999-12,2000-05,2000,5,6,24.228333333333335,53.6399,8,,,,,73.179,20.330750000000002,77.07658333333333,warmup_amostra_insuficiente,,0
2000-01,2000-06,2000,6,6,1.1987916666666667,4.8153,9,,,,,8.147836842105264,1.0259351851851852,8.320693323586745,warmup_amostra_insuficiente,,0
2000-02,2000-07,2000,7,6,0.8259583333333333,10.0203,9,,,,,4.366905263157895,0.7626342592592593,4.430229337231968,warmup_amostra_insuficiente,,0
2000-03,2000-08,2000,8,6,1.8526666666666667,7.9948,9,,,,,12.008315789473684,2.220898148148148,11.640084307992202,warmup_amostra_insuficiente,,0
2000-04,2000-09,2000,9,6,9.828,123.9327,9,,,,,64.37125789473684,6.540004629629629,67.65925326510721,warmup_amostra_insuficiente,,0
2000-05,2000-10,2000,10,6,29.116500000000002,86.4072,9,,,,,135.79778421052632,24.377166666666668,140.53711754385967,warmup_amostra_insuficiente,,0
2000-06,2000-11,2000,11,6,133.89837500000002,192.5216,9,,,,,206.09575263157896,126.49560648148147,213.4985211500975,warmup_amostra_insuficiente,,0
2000-07,2000-12,2000,12,6,249.9505,222.6176,9,,,,,198.13886315789472,275.3730416666667,172.716321491228,warmup_amostra_insuficiente,,0
2000-08,2001-01,2001,1,6,295.55020833333333,192.5309,9,,,,,281.62167,325.2445740740741,251.92730425925924,warmup_amostra_insuficiente,,0
2000-09,2001-02,2001,2,6,324.36429166666665,153.1069,9,,,,,216.76905500000004,339.23322222222225,201.90012444444443,warmup_amostra_insuficiente,,0
2000-10,2001-03,2001,3,6,392.2515833333334,249.1479,9,,,,,280.15472,386.00208333333336,286.40422,warmup_amostra_insuficiente,,0
2000-11,2001-04,2001,4,6,222.54479166666667,196.9268,9,,,,,203.866145,221.1648009259259,205.24613574074075,warmup_amostra_insuficiente,,0
2000-12,2001-05,2001,5,6,27.98925,140.175,9,,,,,72.202045,20.763814814814815,79.42748018518517,warmup_amostra_insuficiente,,0
2001-01,2001-06,2001,6,6,1.1555833333333334,5.0237,10,1991-01,2000-01,-5.530509166666667,6.6860925,7.981210000000002,1.0432208333333333,8.093572500000002,ok,,0
2001-02,2001-07,2001,7,6,2.499875,2.3266,10,1991-02,2000-02,-2.1252433333333336,4.625118333333333,4.6495750000000005,0.7689666666666668,6.380483333333333,ok,,0
2001-03,2001-08,2001,8,6,1.6070833333333334,7.2041,10,1991-03,2000-03,-5.380874999999999,6.987958333333332,11.80764,2.184075,11.230648333333333,ok,,0
2001-04,2001-09,2001,9,6,7.992083333333333,33.0017,10,1991-04,2000-04,-54.63267583333334,62.62475916666667,67.34933000000001,6.868804166666666,68.47260916666667,ok,,0
2001-05,2001-10,2001,10,6,33.45758333333333,130.0808,10,1991-05,2000-05,-72.62092000000001,106.07850333333334,133.328255,24.8511,141.93473833333334,ok,,0
2001-06,2001-11,2001,11,6,122.472,196.3446,10,1991-06,2000-06,-79.33766666666668,201.80966666666666,205.417045,127.23588333333332,200.65316166666668,ok,,0
2001-07,2001-12,2001,12,6,266.60125,209.0467,10,1991-07,2000-07,80.6617875,185.9394625,199.3628,272.83078750000004,193.13326249999994,ok,,0
2001-08,2002-01,2002,1,6,369.887,368.8524,10,1991-08,2000-08,66.32507749999999,303.56192250000004,277.3792523809524,322.27513749999997,324.9911148809524,ok,,0
2001-09,2002-02,2002,2,6,318.7799166666667,190.9456,10,1991-09,2000-09,129.57515916666662,189.20475750000006,213.73752380952382,337.74632916666667,194.77111130952383,ok,,0
2001-10,2002-03,2002,3,6,363.48120833333337,178.8799,10,1991-10,2000-10,131.22766333333334,232.25354500000003,278.67820476190474,386.6270333333333,255.5323797619048,ok,,0
2001-11,2002-04,2002,4,6,161.794875,124.7968,10,1991-11,2000-11,21.80112999999999,139.993745,203.53569999999996,221.3028,144.02777499999996,ok,,0
2001-12,2002-05,2002,5,6,22.755291666666665,103.8934,10,1991-12,2000-12,-75.70205166666666,98.45734333333333,75.43885238095238,21.486358333333335,76.7077857142857,ok,,0
2002-01,2002-06,2002,6,6,0.34554166666666664,6.7952,11,1991-01,2001-01,-5.3793825757575755,5.724924242424242,7.840376190476191,1.0534356060606063,7.132482251082251,ok,6.6860925,1
2002-02,2002-07,2002,7,6,1.2499583333333333,2.1991,11,1991-02,2001-02,-1.9162871212121215,3.1662454545454546,4.538957142857143,0.9263219696969697,4.862593506493506,ok,4.625118333333333,1
2002-03,2002-08,2002,8,6,1.5959583333333331,1.0971,11,1991-03,2001-03,-5.4005242424242415,6.996482575757574,11.588423809523809,2.131621212121212,11.05276093073593,ok,6.987958333333332,1
2002-04,2002-09,2002,9,6,6.199208333333334,67.2486,11,1991-04,2001-04,-51.939670454545464,58.138878787878795,65.71372857142858,6.970920454545455,64.94201645021646,ok,62.62475916666667,1
2002-05,2002-10,2002,10,6,32.040416666666665,93.122,11,1991-05,2001-05,-74.80294696969699,106.84336363636365,133.1736142857143,25.633507575757573,139.5805233766234,ok,106.07850333333334,1
2002-06,2002-11,2002,11,6,103.51795833333334,141.559,11,1991-06,2001-06,-78.84084242424244,182.35880075757578,204.98502380952382,126.80280303030302,181.70017911255414,ok,201.80966666666666,1
2002-07,2002-12,2002,12,6,278.107125,198.8721,11,1991-07,2001-07,78.56112954545455,199.54599545454545,199.8239380952381,272.264465909091,205.66659718614713,ok,185.9394625,1
2002-08,2003-01,2003,1,6,303.49625,226.3735,11,1991-08,2001-08,60.38957954545454,243.10667045454545,281.5371227272727,326.60348863636364,258.429884090909,ok,303.56192250000004,1
2002-09,2003-02,2003,2,6,280.244125,242.0345,11,1991-09,2001-09,129.41690075757572,150.82722424242428,212.70152727272728,336.0221098484849,156.92354242424238,ok,189.20475750000006,1
2002-10,2003-03,2003,3,6,311.77691666666664,210.3821,11,1991-10,2001-10,136.0798128787879,175.69710378787875,274.1419181818182,384.5228674242424,201.39596742424243,ok,232.25354500000003,1
2002-11,2003-04,2003,4,6,210.01679166666668,166.9079,11,1991-11,2001-11,23.18267045454544,186.83412121212123,199.95665909090906,215.8929886363636,194.08046212121212,ok,139.993745,1
2002-12,2003-05,2003,5,6,27.063000000000002,100.5299,11,1991-12,2001-12,-76.19623863636363,103.25923863636363,76.7322409090909,21.60171590909091,82.193525,ok,98.45734333333333,1
2003-01,2003-06,2003,6,6,1.468791666666667,12.2745,12,1991-01,2002-01,-5.468572222222222,6.937363888888889,7.792868181818182,0.9944444444444445,8.267215404040405,ok,6.205508371212121,2
2003-02,2003-07,2003,7,6,0.7477916666666666,1.88,12,1991-02,2002-02,-1.8356916666666667,2.5834833333333336,4.4326,0.9532916666666668,4.2271,ok,3.895681893939394,2
2003-03,2003-08,2003,8,6,0.49104166666666665,33.5851,12,1991-03,2002-03,-4.908909027777777,5.399950694444444,11.111545454545455,2.086982638888889,9.515604482323234,ok,6.992220454545453,2
2003-04,2003-09,2003,9,6,3.35875,34.1644,12,1991-04,2002-04,-52.6988138888889,56.0575638888889,65.78349545454546,6.906611111111111,62.23563434343435,ok,60.38181897727273,2
2003-05,2003-10,2003,10,6,15.367333333333335,102.8612,12,1991-05,2002-05,-73.65950000000002,89.02683333333336,131.35308636363638,26.167416666666664,120.55300303030305,ok,106.4609334848485,2
2003-06,2003-11,2003,11,6,94.046375,171.1685,12,1991-06,2002-06,-75.44085902777779,169.4872340277778,202.10202272727275,124.86239930555554,171.2859984217172,ok,192.0842337121212,2
2003-07,2003-12,2003,12,6,272.44908333333336,191.1895,12,1991-07,2002-07,78.61728749999999,193.8317958333334,199.78067272727273,272.7513541666667,199.47840189393938,ok,192.74272897727272,2
2003-08,2004-01,2004,1,6,326.11762500000003,330.2411,12,1991-08,2002-08,61.78401041666666,264.3336145833334,279.13870434782604,324.6778854166667,280.57844393115937,ok,273.33429647727274,2
2003-09,2004-02,2004,2,6,353.93683333333337,337.9902,12,1991-09,2002-09,121.8162944444444,232.12053888888897,213.97687391304348,331.3739444444445,236.53976280193237,ok,170.01599087121218,2
2003-10,2004-03,2004,3,6,396.48133333333334,263.3091,12,1991-10,2002-10,133.1893965277778,263.29193680555557,271.369752173913,378.4607048611111,289.39038064613527,ok,203.9753243939394,2
2003-11,2004-04,2004,4,6,205.18925000000002,153.5851,12,1991-11,2002-11,24.843188888888875,180.34606111111114,198.5197565217391,215.40330555555556,188.30570096618357,ok,163.4139331060606,2
2003-12,2004-05,2004,5,6,33.971,29.0041,12,1991-12,2002-12,-75.96879374999999,109.93979374999998,77.76692173913042,22.056822916666665,89.68109882246375,ok,100.85829098484848,2
2004-01,2004-06,2004,6,6,0.8315833333333332,11.5046,13,1991-01,2003-01,-5.879121153846153,6.710704487179487,7.987721739130435,1.0309326923076922,7.788372380156075,ok,6.44946021043771,3
2004-02,2004-07,2004,7,6,1.2499583333333333,24.0552,13,1991-02,2003-02,-1.7815775641025644,3.031535897435898,4.321617391304348,0.9374839743589743,4.6340917502787065,ok,3.4582823737373736,3
2004-03,2004-08,2004,8,6,3.5824583333333333,45.2683,13,1991-03,2003-03,-7.076997435897435,10.659455769230767,12.08865652173913,1.9642179487179485,13.706896906354515,ok,6.461463867845116,3
2004-04,2004-09,2004,9,6,5.637583333333333,24.8521,13,1991-04,2003-04,-51.01472435897437,56.6523076923077,64.40875217391304,6.633698717948718,63.41263678929766,ok,58.940400614478115,3
2004-05,2004-10,2004,10,6,14.508041666666665,156.836,13,1991-05,2003-05,-74.72368205128207,89.23172371794874,130.11430869565217,25.336641025641022,119.28570933667781,ok,100.64956676767679,3
2004-06,2004-11,2004,11,6,113.11920833333333,135.0896,13,1991-06,2003-06,-75.57018717948719,188.6893955128205,200.75708695652176,122.49193589743588,191.3843593924192,ok,184.55190048400672,3
2004-07,2004-12,2004,12,6,262.182,159.7892,13,1991-07,2003-07,78.820541025641,183.361458974359,199.40714347826088,272.72810256410264,188.86104091415825,ok,193.10575126262628,3
2004-08,2005-01,2005,1,6,364.09495833333335,258.8253,13,1991-08,2003-08,56.71420384615384,307.3807544871795,281.2679708333333,324.78863461538464,320.57429455128204,ok,270.33406917929295,3
2004-09,2005-02,2005,2,6,312.520375,252.3165,13,1991-09,2003-09,113.67247435897431,198.8479006410257,219.14409583333335,333.10955128205137,198.55491955128198,ok,190.71750687710446,3
2004-10,2005-03,2005,3,6,349.30808333333334,402.6636,13,1991-10,2003-10,133.1880762820513,216.12000705128204,271.03389166666665,379.846907051282,240.49506794871797,ok,223.74752853114478,3
2004-11,2005-04,2005,4,6,186.17045833333336,143.7686,13,1991-11,2003-11,26.901724358974345,159.268733974359,196.64747916666667,214.61760897435897,168.20032852564105,ok,169.05797577441078,3
2004-12,2005-05,2005,5,6,28.234750000000002,73.4273,13,1991-12,2003-12,-69.74297115384614,97.97772115384615,75.7351375,22.973298076923076,80.99658942307693,ok,103.88545857323231,3
2005-01,2005-06,2005,6,6,0.9071666666666668,0.5479,14,1991-01,2004-01,-6.221542261904761,7.128708928571428,8.134258333333333,1.0166934523809523,8.024731547619048,ok,6.5147712796231545,4
2005-02,2005-07,2005,7,6,0.234375,1.8672,14,1991-02,2004-02,-3.283267857142857,3.517642857142857,5.14385,0.9598035714285714,4.4184214285714285,ok,3.3515957546620045,4
2005-03,2005-08,2005,8,6,0.6807916666666666,1.159,14,1991-03,2004-03,-9.549057738095238,10.229849404761904,13.471141666666666,2.0798065476190475,12.072126785714286,ok,7.510961843191529,4
2005-04,2005-09,2005,9,6,4.805916666666667,69.9723,14,1991-04,2004-04,-48.743280952380964,53.54919761904763,62.760558333333336,6.56254761904762,61.00392738095238,ok,58.36837738393551,4
2005-05,2005-10,2005,10,6,13.459041666666666,43.3954,14,1991-05,2004-05,-79.55255892857144,93.01160059523811,131.2277125,24.563169642857137,120.12358452380953,ok,97.79510600524478,4
2005-06,2005-11,2005,11,6,108.21604166666667,162.476,14,1991-06,2004-06,-71.74163035714285,179.95767202380952,198.02094166666666,121.82245535714284,184.41452797619047,ok,185.58627424121016,4
2005-07,2005-12,2005,12,6,231.703875,270.7065,14,1991-07,2004-07,80.50427380952381,151.1996011904762,197.75639583333336,271.9748095238096,157.48546130952377,ok,190.66967819055947,4
2005-08,2006-01,2006,1,6,332.06579166666666,166.8556,14,1991-08,2004-08,60.18245059523809,271.88334107142856,280.370264,327.59622916666666,284.8398265,ok,279.5957405062646,4
2005-09,2006-02,2006,2,6,334.010875,230.8724,14,1991-09,2004-09,109.85328869047613,224.15758630952388,220.470992,331.6388958333334,222.84297116666662,ok,192.75010531808476,4
2005-10,2006-03,2006,3,6,406.3355833333333,267.8005,14,1991-10,2004-10,119.86353392857144,286.4720494047619,276.29908,377.66556249999996,304.96910083333336,ok,221.8406481611791,4
2005-11,2006-04,2006,4,6,187.98479166666667,429.1988,14,1991-11,2004-11,28.00887678571428,159.9759148809524,194.53232400000002,212.58566964285714,169.93144602380954,ok,166.61066532439781,4
2005-12,2006-05,2006,5,6,37.87708333333334,133.2095,14,1991-12,2004-12,-67.98936964285714,105.86645297619049,75.642824,23.349116071428572,90.17079126190477,ok,102.40852421838576,4
2006-01,2006-06,2006,6,6,0.9503750000000001,0.6042,15,1991-01,2005-01,-5.782821666666666,6.733196666666666,7.830804,1.0093916666666667,7.771787333333333,ok,6.637558809412809,5
2006-02,2006-07,2006,7,6,1.3504166666666668,1.5265,15,1991-02,2005-02,-3.173238333333333,4.523655,5.012783999999999,0.9114416666666667,5.451758999999999,ok,3.384805175158175,5
2006-03,2006-08,2006,8,6,4.0957083333333335,12.4889,15,1991-03,2005-03,-8.944334444444443,13.040042777777778,12.978655999999999,1.9865388888888889,15.087825444444444,ok,8.054739355505603,5
2006-04,2006-09,2006,9,6,8.715583333333333,73.0467,15,1991-04,2005-04,-49.83815444444445,58.55373777777778,63.049028,6.445438888888889,65.31917244444445,ok,57.404541430957934,5
2006-05,2006-10,2006,10,6,38.245416666666664,156.2402,15,1991-05,2005-05,-76.24481222222224,114.49022888888891,127.71441999999999,23.82289444444444,142.13694222222222,ok,96.83840492324344,5
2006-06,2006-11,2006,11,6,128.358,160.8529,15,1991-06,2005-06,-70.57618555555557,198.9341855555556,196.59914399999997,120.91536111111108,204.0417828888889,ok,184.46055379773003,5
2006-07,2006-12,2006,12,6,268.54316666666665,150.7779,15,1991-07,2005-07,72.53714722222222,196.00601944444443,200.67440000000002,269.2900805555556,199.92748611111105,ok,182.7756627905428,5
2006-08,2007-01,2007,1,6,329.21999999999997,243.8694,15,1991-08,2005-08,67.1843,262.03569999999996,276.0043153846154,327.8942,277.33011538461534,ok,278.05326061929736,5
2006-09,2007-02,2007,2,6,288.1368333333333,391.6001,15,1991-09,2005-09,109.40563444444439,178.7311988888889,220.87104615384618,331.7970277777778,177.21085170940165,ok,199.03160151637258,5
2006-10,2007-03,2007,3,6,321.9325,144.3091,15,1991-10,2005-10,121.1083038888889,200.82419611111112,275.9722115384615,379.5768972222222,218.3278143162393,ok,234.76692840989568,5
2006-11,2007-04,2007,4,6,181.82879166666666,203.9629,15,1991-11,2005-11,10.060684444444437,171.76810722222223,203.5579576923077,210.94561111111113,174.44113824786322,ok,165.2837152357087,5
2006-12,2007-05,2007,5,6,13.860791666666666,59.8926,15,1991-12,2005-12,-69.81223944444444,83.67303111111111,77.85692692307693,24.317647222222224,67.40007136752136,ok,103.1001099699467,5
2007-01,2007-06,2007,6,6,0.6803750000000001,0.6092,16,1991-01,2006-01,-5.399759375,6.080134375,7.5528576923076916,1.0057031250000001,7.227529567307691,ok,6.653498452288452,6
2007-02,2007-07,2007,7,6,0.8036249999999999,2.6528,16,1991-02,2006-02,-2.9859161458333334,3.7895411458333332,4.878696153846153,0.9388776041666667,4.743443549679487,ok,3.574613479298479,6
2007-03,2007-08,2007,8,6,1.9865000000000002,1.474,16,1991-03,2006-03,-8.909888020833334,10.896388020833333,12.959819230769229,2.118361979166667,12.827957251602562,ok,8.885623259217633,6
2007-04,2007-09,2007,9,6,6.696000000000001,24.48,16,1991-04,2006-04,-50.74396458333334,57.439964583333335,63.43355384615385,6.5873229166666665,63.54223092948718,ok,57.59607415542791,6
2007-05,2007-10,2007,10,6,15.523416666666668,90.3212,16,1991-05,2006-05,-78.85418541666667,94.37760208333333,128.8115653846154,24.724302083333335,119.61067996794873,ok,99.78037558418436,6
2007-06,2007-11,2007,11,6,94.75920833333333,140.1645,16,1991-06,2006-06,-68.19610520833334,162.95531354166667,195.22428846153844,121.38052604166666,168.6029707532051,ok,186.87282575736762,6
2007-07,2007-12,2007,12,6,273.74370833333336,154.6319,16,1991-07,2006-07,75.36390468750001,198.37980364583336,198.75530384615388,269.2433984375,203.25561374198725,ok,184.98072223285976,6
2007-08,2008-01,2008,1,6,329.175375,277.9576,16,1991-08,2006-08,68.31969375,260.85568125,274.81413333333336,327.9770625,276.01244583333335,ok,275.3836671827478,6
2007-09,2008-02,2008,2,6,366.04733333333337,227.3554,16,1991-09,2006-09,96.101328125,269.94600520833336,227.19434444444445,329.068265625,264.1734121527778,ok,195.64820107845864,6
2007-10,2008-03,2008,3,6,395.13100000000003,291.7903,16,1991-10,2006-10,124.64049739583334,270.4905026041667,271.0958,375.9741223958334,290.25267760416665,ok,229.10980636009825,6
2007-11,2008-04,2008,4,6,212.12270833333332,198.2004,16,1991-11,2006-11,8.048509895833329,204.0741984375,203.57295555555558,209.12580989583333,206.56985399305557,ok,166.36444723346096,6
2007-12,2008-05,2008,5,6,20.757541666666665,156.4351,16,1991-12,2006-12,-68.3259625,89.08350416666667,77.19158148148148,23.66409375,74.28502939814814,ok,99.86226349347409,6
2008-01,2008-06,2008,6,6,0.82075,1.2231,17,1991-01,2007-01,-5.077939705882353,5.8986897058823535,7.295685185185184,0.9865661764705884,7.1298690087145955,ok,6.571589298390101,7
2008-02,2008-07,2008,7,6,2.9127499999999995,1.8809,17,1991-02,2007-02,-2.9190490196078436,5.831799019607843,4.796255555555555,0.930921568627451,6.778083986928103,ok,3.605317431660601,7
2008-03,2008-08,2008,8,6,4.0065,10.0751,17,1991-03,2007-03,-8.355629901960786,12.362129901960785,12.534418518518518,2.110605392156863,14.430313126361654,ok,9.172875368019875,7
2008-04,2008-09,2008,9,6,11.415541666666668,35.7506,17,1991-04,2007-04,-48.8051431372549,60.22068480392157,61.99082962962963,6.59371568627451,66.81265561002179,ok,57.573772787985824,7
2008-05,2008-10,2008,10,6,28.926708333333334,71.4708,17,1991-05,2007-05,-78.61557352941178,107.54228186274511,127.38599629629628,24.183073529411764,132.12963110021786,ok,99.00855079834848,7
2008-06,2008-11,2008,11,6,128.16366666666667,228.8043,17,1991-06,2007-06,-66.85546911764706,195.01913578431373,193.185037037037,119.81456617647058,201.5341375272331,ok,183.4560382979818,7
2008-07,2008-12,2008,12,6,244.00229166666668,198.2564,17,1991-07,2007-07,77.93731078431374,166.06498088235293,197.12110370370374,269.5081225490196,171.6152728213508,ok,186.89487672042742,7
2008-08,2009-01,2009,1,6,311.6765,176.1671,17,1991-08,2007-08,67.31369852941177,244.3628014705882,274.9264,328.0475514705882,258.5553485294118,ok,273.3082406209267,7
2008-09,2009-02,2009,2,6,326.72316666666666,173.2144,17,1991-09,2007-09,98.60665784313724,228.11650882352941,227.20009642857144,331.24350490196076,222.67975819327734,ok,206.26217309701218,7
2008-10,2009-03,2009,3,6,381.47108333333335,237.6584,17,1991-10,2007-10,123.38756813725492,258.08351519607845,271.83488928571427,377.10099754901967,276.20497507002796,ok,235.02133439496518,7
2008-11,2009-04,2009,4,6,203.34245833333333,291.4855,17,1991-11,2007-11,8.394027450980387,194.94843088235294,203.3810785714286,209.30209803921568,197.42143886554624,ok,171.75155454832367,7
2008-12,2009-05,2009,5,6,20.668333333333333,287.1656,17,1991-12,2007-12,-72.28782107843138,92.95615441176471,80.02170714285715,23.493120098039213,77.19692037815128,ok,98.3224407325016,7
2009-01,2009-06,2009,6,6,1.2959166666666666,15.2435,18,1991-01,2008-01,-4.818184722222223,6.11410138888889,7.0788071428571415,0.9773541666666669,7.397369642857141,ok,6.487476849326633,8
2009-02,2009-07,2009,7,6,1.8749166666666668,2.7198,18,1991-02,2008-02,-2.6995546296296298,4.574471296296297,4.692135714285714,1.041023148148148,5.526029232804232,ok,3.8836276301540065,8
2009-03,2009-08,2009,8,6,5.178166666666667,15.226,18,1991-03,2008-03,-8.228572685185187,13.406739351851854,12.446585714285714,2.215932870370371,15.40881951058201,ok,9.57153218476249,8
2009-04,2009-09,2009,9,6,14.536833333333334,49.6335,18,1991-04,2008-04,-47.44569398148148,61.98252731481482,61.05367857142858,6.861594907407407,68.7289169973545,ok,57.9046367899778,8
2009-05,2009-10,2009,10,6,35.366125000000004,145.1622,18,1991-05,2008-05,-76.61160231481482,111.97772731481481,125.38902499999999,24.4466087962963,136.3085412037037,ok,100.07526718139808,8
2009-06,2009-11,2009,11,6,135.064875,129.9771,18,1991-06,2008-06,-68.7324226851852,203.79729768518519,194.45715357142853,120.27840509259259,209.24362347883596,ok,184.90142548377327,8
2009-07,2009-12,2009,12,6,316.0400416666667,238.1976,18,1991-07,2008-07,76.14889861111112,239.89114305555557,197.16165000000004,268.09113194444444,245.1105597222223,ok,184.2911397406681,8
2009-08,2010-01,2010,1,6,341.45133333333337,206.4191,18,1991-08,2008-08,71.10234861111111,270.34898472222227,271.5209068965517,327.13804861111106,285.834191618774,ok,269.69006072713444,8
2009-09,2010-02,2010,2,6,258.541875,189.3031,18,1991-09,2008-09,101.65677499999998,156.88510000000002,225.33852068965518,330.992375,152.8880206896552,ok,208.99396506282682,8
2009-10,2010-03,2010,3,6,317.22295833333334,170.6808,18,1991-10,2008-10,124.52229675925929,192.70066157407405,270.6563896551724,377.3437800925927,210.53556789591306,ok,237.9041069951043,8
2009-11,2010-04,2010,4,6,170.61845833333334,179.409,18,1991-11,2008-11,3.030856944444439,167.58760138888888,206.41916206896553,208.97100694444444,168.06661345785443,ok,174.65116409007737,8
2009-12,2010-05,2010,5,6,21.248666666666665,36.5434,18,1991-12,2008-12,-83.07723472222223,104.3259013888889,87.16460000000001,23.3361875,85.07707916666666,ok,97.65165494240951,8
2010-01,2010-06,2010,6,6,1.14475,8.1085,19,1991-01,2009-01,-5.298679385964912,6.4434293859649125,7.3603482758620675,0.9941206140350879,7.5109776618269795,ok,6.445990687055772,9
2010-02,2010-07,2010,7,6,0.5357083333333333,1.8517,19,1991-02,2009-02,-2.6019403508771934,3.137648684210527,4.624124137931034,1.0849122807017544,4.0749201905626125,ok,3.96038803750315,9
2010-03,2010-08,2010,8,6,0.6585,1.1641,19,1991-03,2009-03,-8.324323245614035,8.982823245614036,12.542427586206896,2.371839912280702,10.829087673926194,ok,9.997666314439085,9
2010-04,2010-09,2010,9,6,2.0734999999999997,2.3148,19,1991-04,2009-04,-46.795745175438604,48.86924517543861,60.65987931034483,7.265554824561404,55.467824485783424,ok,58.35773573718191,9
2010-05,2010-10,2010,10,6,22.788666666666668,136.1532,19,1991-05,2009-05,-78.35815350877193,101.1468201754386,126.07085862068966,25.0213201754386,123.83820511191773,ok,101.39776275177772,9
2010-06,2010-11,2010,11,6,126.42479166666668,142.1422,19,1991-06,2009-06,-64.84714912280702,191.27194078947372,192.23370344827583,121.0566403508772,197.6018547640653,ok,187.0009668394857,9
2010-07,2010-12,2010,12,6,302.69266666666664,168.2896,19,1991-07,2009-07,76.23803245614036,226.45463421052628,198.57668275862073,270.61475877192987,230.6545906533575,ok,190.4689178867667,9
2010-08,2011-01,2011,1,6,307.36879166666665,274.405,19,1991-08,2009-08,74.46707938596491,232.90171228070176,269.35084666666665,327.89137938596485,248.82825894736845,ok,269.7632745043664,9
2010-09,2011-02,2011,2,6,344.39325,316.7195,19,1991-09,2009-09,99.9505644736842,244.4426855263158,224.13734000000002,327.17919078947364,241.3513992105264,ok,203.20409116695717,9
2010-10,2011-03,2011,3,6,390.153625,240.0053,19,1991-10,2009-10,125.68123684210528,264.47238815789467,267.32387,374.1795263157896,283.2979686842104,ok,232.8815019483232,9
2010-11,2011-04,2011,4,6,217.19870833333334,220.1464,19,1991-11,2009-11,2.408678070175434,214.79003026315792,205.51882333333333,206.95245175438598,215.7650799122807,ok,173.86632378994534,9
2010-12,2011-05,2011,5,6,16.527916666666666,102.807,19,1991-12,2009-12,-79.50973464912282,96.03765131578949,85.47722666666667,23.22631798245614,78.77882535087718,ok,98.39323788090721,9
