init_date,target_month,target_ano,target_mes,lead,forecast_raw,observacao,climatologia_modelo_raw,climatologia_observada,anom_modelo_raw,anom_observada,par_anomalia_valido,n_treino_mos,periodo_treino_inicio,periodo_treino_fim,alpha,beta,r2_treino,condicao_numerica,forecast_mos,anom_mos,benchmark_anomalia_reconstruida,status_mos
1991-01,1991-01,1991,1,1,265.58566666666667,342.9423,,292.25213999999994,,50.69016000000005,False,0,,,,,,,,,,anomalia_indisponivel_para_linha_avaliada
1991-02,1991-02,1991,2,1,216.55870833333333,178.9798,,222.77965000000003,,-43.79985000000002,False,0,,,,,,,,,,anomalia_indisponivel_para_linha_avaliada
1991-03,1991-03,1991,3,1,265.7865,354.0018,,294.42467999999997,,59.577120000000036,False,0,,,,,,,,,,anomalia_indisponivel_para_linha_avaliada
1991-04,1991-04,1991,4,1,155.01250000000002,214.6288,,206.46041999999997,,8.168380000000042,False,0,,,,,,,,,,anomalia_indisponivel_para_linha_avaliada
1991-05,1991-05,1991,5,1,43.635625000000005,128.0413,,48.429050000000004,,79.61225,False,0,,,,,,,,,,anomalia_indisponivel_para_linha_avaliada
1991-06,1991-06,1991,6,1,0.6586666666666666,0.7033,,9.38869,,-8.68539,False,0,,,,,,,,,,anomalia_indisponivel_para_linha_avaliada
1991-07,1991-07,1991,7,1,0.2567083333333333,1.9531,,6.404940000000001,,-4.451840000000001,False,0,,,,,,,,,,anomalia_indisponivel_para_linha_avaliada
1991-08,1991-08,1991,8,1,0.11166666666666668,1.2135,,16.050330000000002,,-14.836830000000003,False,0,,,,,,,,,,anomalia_indisponivel_para_linha_avaliada
1991-09,1991-09,1991,9,1,6.663625,73.9762,,73.19717999999999,,0.7790200000000169,False,0,,,,,,,,,,anomalia_indisponivel_para_linha_avaliada
1991-10,1991-10,1991,10,1,20.300083333333333,58.2752,,169.18448999999998,,-110.90928999999998,False,0,,,,,,,,,,anomalia_indisponivel_para_linha_avaliada
1991-11,1991-11,1991,11,1,53.81645833333334,141.8015,,204.26054000000002,,-62.459040000000016,False,0,,,,,,,,,,anomalia_indisponivel_para_linha_avaliada
1991-12,1991-12,1991,12,1,148.16016666666667,139.2974,,206.55659999999997,,-67.25919999999996,False,0,,,,,,,,,,anomalia_indisponivel_para_linha_avaliada
1992-01,1992-01,1992,1,1,125.17066666666666,307.6078,265.58566666666667,296.8603363636363,-140.41500000000002,10.747463636363705,True,0,,,,,,,,,156.44533636363627,warmup_amostra_insuficiente
1992-02,1992-02,1992,2,1,261.95004166666666,144.7331,216.55870833333333,218.7978454545455,45.391333333333336,-74.06474545454549,True,1,,,,,,,,,264.18917878787886,warmup_amostra_insuficiente
1992-03,1992-03,1992,3,1,197.81091666666669,155.372,265.7865,299.8407818181818,-67.9755833333333,-144.4687818181818,True,2,,,,,,,,,231.86519848484852,warmup_amostra_insuficiente
1992-04,1992-04,1992,4,1,127.02945833333332,102.9542,155.01250000000002,207.20299999999997,-27.983041666666693,-104.24879999999997,True,3,,,,,,,,,179.2199583333333,warmup_amostra_insuficiente
1992-05,1992-05,1992,5,1,19.585791666666665,24.3743,43.635625000000005,55.66652727272728,-24.04983333333334,-31.292227272727278,True,4,,,,,,,,,31.61669393939394,warmup_amostra_insuficiente
1992-06,1992-06,1992,6,1,1.2634999999999998,1.0095,0.6586666666666666,8.599109090909092,0.6048333333333332,-7.589609090909092,True,5,,,,,,,,,9.203942424242426,warmup_amostra_insuficiente
1992-07,1992-07,1992,7,1,0.6807916666666666,2.0289,0.2567083333333333,6.000227272727273,0.42408333333333326,-3.9713272727272733,True,6,,,,,,,,,6.424310606060606,warmup_amostra_insuficiente
1992-08,1992-08,1992,8,1,0.10049999999999999,13.0445,0.11166666666666668,14.701527272727276,-0.011166666666666686,-1.6570272727272766,True,7,,,,,,,,,14.69036060606061,warmup_amostra_insuficiente
1992-09,1992-09,1992,9,1,2.095125,135.5711,6.663625,73.26799999999999,-4.5685,62.303100000000015,True,8,,,,,,,,,68.69949999999999,warmup_amostra_insuficiente
1992-10,1992-10,1992,10,1,16.572666666666667,62.0723,20.300083333333333,159.10182727272726,-3.7274166666666666,-97.02952727272726,True,9,,,,,,,,,155.3744106060606,warmup_amostra_insuficiente
1992-11,1992-11,1992,11,1,58.92483333333333,214.2915,53.81645833333334,198.58244545454545,5.108374999999995,15.709054545454563,True,10,,,,,,,,,203.69082045454545,warmup_amostra_insuficiente
1992-12,1992-12,1992,12,1,138.54025,239.5717,148.16016666666667,200.44212727272725,-9.619916666666683,39.129572727272745,True,11,,,,,,,,,190.82221060606057,warmup_amostra_insuficiente
1993-01,1993-01,1993,1,1,199.68595833333333,121.8043,195.37816666666666,297.75595833333324,4.307791666666674,-175.95165833333323,True,12,,,,,,,,,302.0637499999999,warmup_amostra_insuficiente
1993-02,1993-02,1993,2,1,209.492625,307.8407,239.25437499999998,212.62578333333337,-29.761749999999978,95.21491666666665,True,13,,,,,,,,,182.8640333333334,warmup_amostra_insuficiente
1993-03,1993-03,1993,3,1,168.40445833333334,153.1779,231.79870833333334,287.80171666666666,-63.39425,-134.62381666666667,True,14,,,,,,,,,224.40746666666666,warmup_amostra_insuficiente
1993-04,1993-04,1993,4,1,129.97799999999998,250.0943,141.02097916666668,198.51559999999998,-11.042979166666697,51.578700000000026,True,15,,,,,,,,,187.47262083333328,warmup_amostra_insuficiente
1993-05,1993-05,1993,5,1,36.27,95.5974,31.610708333333335,53.058841666666666,4.659291666666668,42.53855833333333,True,16,,,,,,,,,57.718133333333334,warmup_amostra_insuficiente
1993-06,1993-06,1993,6,1,1.7926250000000001,0.586,0.9610833333333333,7.966641666666668,0.8315416666666668,-7.380641666666667,True,17,,,,,,,,,8.798183333333334,warmup_amostra_insuficiente
1993-07,1993-07,1993,7,1,0.6138333333333333,1.8793,0.46874999999999994,5.669283333333335,0.1450833333333334,-3.7899833333333355,True,18,,,,,,,,,5.814366666666668,warmup_amostra_insuficiente
1993-08,1993-08,1993,8,1,0.5469166666666666,40.5665,0.10608333333333334,14.56344166666667,0.4408333333333333,26.00305833333333,True,19,,,,,,,,,15.004275000000003,warmup_amostra_insuficiente
1993-09,1993-09,1993,9,1,4.460416666666666,56.4376,4.379375,78.45992499999998,0.08104166666666668,-22.02232499999998,True,20,,,,,,,,,78.54096666666665,warmup_amostra_insuficiente
1993-10,1993-10,1993,10,1,30.846208333333333,126.1723,18.436374999999998,151.01603333333333,12.409833333333335,-24.84373333333332,True,21,,,,,,,,,163.42586666666665,warmup_amostra_insuficiente
1993-11,1993-11,1993,11,1,79.49875,225.9903,56.370645833333334,199.8915333333333,23.128104166666667,26.098766666666677,True,22,,,,,,,,,223.0196375,warmup_amostra_insuficiente
1993-12,1993-12,1993,12,1,218.47929166666665,216.8044,143.35020833333334,203.70292499999996,75.12908333333331,13.101475000000022,True,23,,,,,,,,,278.8320083333333,warmup_amostra_insuficiente
1994-01,1994-01,1994,1,1,241.79262500000002,330.218,196.81409722222222,284.2212153846153,44.9785277777778,45.99678461538474,True,24,,,,,,,,,329.1997431623931,warmup_amostra_insuficiente
1994-02,1994-02,1994,2,1,224.97554166666666,306.4669,229.33379166666666,219.95000769230774,-4.358249999999998,86.51689230769227,True,25,,,,,,,,,215.59175769230774,warmup_amostra_insuficiente
1994-03,1994-03,1994,3,1,257.104125,311.1998,210.66729166666667,277.4460384615385,46.43683333333334,33.753761538461504,True,26,,,,,,,,,323.8828717948718,warmup_amostra_insuficiente
1994-04,1994-04,1994,4,1,180.83525,176.4476,137.3399861111111,202.48319230769232,43.4952638888889,-26.035592307692326,True,27,,,,,,,,,245.97845619658122,warmup_amostra_insuficiente
1994-05,1994-05,1994,5,1,18.05695833333333,50.2617,33.16380555555556,56.33103846153846,-15.106847222222232,-6.0693384615384645,True,28,,,,,,,,,41.22419123931623,warmup_amostra_insuficiente
1994-06,1994-06,1994,6,1,2.592041666666667,40.3001,1.2382638888888888,7.398900000000001,1.353777777777778,32.9012,True,29,,,,,,,,,8.752677777777778,warmup_amostra_insuficiente
1994-07,1994-07,1994,7,1,0.17858333333333332,1.843,0.5171111111111111,5.3777461538461555,-0.33852777777777776,-3.5347461538461555,True,30,,,,,,,,,5.039218376068378,warmup_amostra_insuficiente
1994-08,1994-08,1994,8,1,1.4954999999999998,6.3765,0.2530277777777778,16.563676923076926,1.242472222222222,-10.187176923076926,True,31,,,,,,,,,17.80614914529915,warmup_amostra_insuficiente
1994-09,1994-09,1994,9,1,4.914,57.4679,4.4063888888888885,76.76589999999999,0.5076111111111112,-19.297999999999988,True,32,,,,,,,,,77.2735111111111,warmup_amostra_insuficiente
1994-10,1994-10,1994,10,1,12.030458333333334,114.0829,22.57298611111111,149.10497692307692,-10.542527777777776,-35.02207692307692,True,33,,,,,,,,,138.56244914529915,warmup_amostra_insuficiente
1994-11,1994-11,1994,11,1,58.935583333333334,151.223,64.0800138888889,201.89913076923074,-5.144430555555566,-50.676130769230724,True,34,,,,,,,,,196.75470021367516,warmup_amostra_insuficiente
1994-12,1994-12,1994,12,1,139.93525,200.9509,168.39323611111112,204.71073076923074,-28.457986111111126,-3.7598307692307458,True,35,,,,,,,,,176.2527446581196,warmup_amostra_insuficiente
1995-01,1995-01,1995,1,1,291.610875,156.6185,208.05872916666667,287.5066999999999,83.55214583333336,-130.8881999999999,True,36,,,,,,,,,371.0588458333333,warmup_amostra_insuficiente
1995-02,1995-02,1995,2,1,278.73224999999996,232.7107,228.24422916666666,226.12978571428576,50.48802083333331,6.580914285714243,True,37,,,,,,,,,276.61780654761907,warmup_amostra_insuficiente
1995-03,1995-03,1995,3,1,211.39283333333333,218.3206,222.2765,279.8570214285714,-10.88366666666667,-61.53642142857137,True,38,,,,,,,,,268.9733547619047,warmup_amostra_insuficiente
1995-04,1995-04,1995,4,1,194.51874999999998,255.6784,148.21380208333332,200.62350714285714,46.30494791666666,55.054892857142875,True,39,,,,,,,,,246.9284550595238,warmup_amostra_insuficiente
1995-05,1995-05,1995,5,1,51.57033333333333,188.1476,29.387093750000002,55.89751428571429,22.18323958333333,132.25008571428572,True,40,,,,,,,,,78.08075386904761,warmup_amostra_insuficiente
1995-06,1995-06,1995,6,1,1.4255416666666667,0.5023,1.5767083333333334,9.748985714285714,-0.15116666666666667,-9.246685714285714,True,41,,,,,,,,,9.597819047619048,warmup_amostra_insuficiente
1995-07,1995-07,1995,7,1,0.29025,1.9521,0.43247916666666664,5.125264285714287,-0.14222916666666663,-3.1731642857142877,True,42,,,,,,,,,4.983035119047621,warmup_amostra_insuficiente
1995-08,1995-08,1995,8,1,0.08933333333333333,1.2264,0.5636458333333333,15.83602142857143,-0.47431249999999997,-14.60962142857143,True,43,,,,,,,,,15.36170892857143,warmup_amostra_insuficiente
1995-09,1995-09,1995,9,1,0.853125,24.8694,4.533291666666667,75.38747142857142,-3.680166666666667,-50.51807142857142,True,44,,,,,,,,,71.70730476190475,warmup_amostra_insuficiente
1995-10,1995-10,1995,10,1,10.445791666666667,82.7379,19.937354166666665,146.6034,-9.491562499999999,-63.8655,True,45,,,,,,,,,137.1118375,warmup_amostra_insuficiente
1995-11,1995-11,1995,11,1,59.34591666666666,247.2129,62.793906250000006,198.2794071428571,-3.447989583333346,48.93349285714288,True,46,,,,,,,,,194.83141755952377,warmup_amostra_insuficiente
1995-12,1995-12,1995,12,1,164.48716666666667,191.1246,161.27873958333333,204.44217142857138,3.2084270833333335,-13.317571428571398,True,47,,,,,,,,,207.65059851190472,warmup_amostra_insuficiente
1996-01,1996-01,1996,1,1,215.5665,224.1528,224.76915833333334,278.7808199999999,-9.202658333333346,-54.62801999999988,True,48,,,,,,,,,269.5781616666666,warmup_amostra_insuficiente
1996-02,1996-02,1996,2,1,138.935625,225.4247,238.3418333333333,226.56851333333336,-99.40620833333332,-1.1438133333333553,True,49,,,,,,,,,127.16230500000003,warmup_amostra_insuficiente
1996-03,1996-03,1996,3,1,237.12770833333335,302.7974,220.09976666666665,275.75459333333333,17.027941666666692,27.04280666666665,True,50,,,,,,,,,292.78253500000005,warmup_amostra_insuficiente
1996-04,1996-04,1996,4,1,198.9682916666667,321.9434,157.47479166666665,204.29383333333334,41.49350000000004,117.64956666666666,True,51,,,,,,,,,245.78733333333338,warmup_amostra_insuficiente
1996-05,1996-05,1996,5,1,25.82420833333333,98.9982,33.82374166666666,64.71418666666666,-7.999533333333332,34.284013333333334,True,52,,,,,,,,,56.71465333333333,warmup_amostra_insuficiente
1996-06,1996-06,1996,6,1,2.386833333333333,0.4652,1.546475,9.13254,0.8403583333333331,-8.667340000000001,True,53,,,,,,,,,9.972898333333333,warmup_amostra_insuficiente
1996-07,1996-07,1996,7,1,0.10049999999999999,1.9521,0.4040333333333333,4.913720000000001,-0.3035333333333333,-2.9616200000000017,True,54,,,,,,,,,4.610186666666668,warmup_amostra_insuficiente
1996-08,1996-08,1996,8,1,0.42412500000000003,1.4883,0.4687833333333333,14.862046666666668,-0.044658333333333244,-13.373746666666667,True,55,,,,,,,,,14.817388333333335,warmup_amostra_insuficiente
1996-09,1996-09,1996,9,1,2.4407916666666667,9.7369,3.797258333333333,72.0196,-1.3564666666666665,-62.2827,True,56,,,,,,,,,70.66313333333333,warmup_amostra_insuficiente
1996-10,1996-10,1996,10,1,26.929125,145.0933,18.039041666666666,142.3457,8.890083333333333,2.7476000000000056,True,57,,,,,,,,,151.23578333333333,warmup_amostra_insuficiente
1996-11,1996-11,1996,11,1,105.80754166666667,222.7092,62.104308333333336,201.54163999999997,43.70323333333333,21.167560000000037,True,58,,,,,,,,,245.24487333333332,warmup_amostra_insuficiente
1996-12,1996-12,1996,12,1,81.79158333333334,130.1745,161.920425,203.55433333333332,-80.12884166666666,-73.37983333333332,True,59,,,,,,,,,123.42549166666666,warmup_amostra_insuficiente
1997-01,1997-01,1997,1,1,199.563125,403.2083,223.2353819444444,275.36656875,-23.6722569444444,127.84173125000001,True,60,,,,,,,,,251.6943118055556,warmup_amostra_insuficiente
1997-02,1997-02,1997,2,1,127.88487500000001,180.4594,221.77413194444443,226.497025,-93.88925694444443,-46.03762500000002,True,61,,,,,,,,,132.6077680555556,warmup_amostra_insuficiente
1997-03,1997-03,1997,3,1,305.4157083333333,452.1152,222.93775694444446,277.44476875,82.47795138888887,174.67043125000004,True,62,,,,,,,,,359.92272013888885,warmup_amostra_insuficiente
1997-04,1997-04,1997,4,1,179.67970833333334,290.1342,164.39037499999998,211.64693125,15.28933333333336,78.48726875000003,True,63,,,,,,,,,226.93626458333335,warmup_amostra_insuficiente
1997-05,1997-05,1997,5,1,26.371083333333335,68.9381,32.49048611111111,66.8569375,-6.1194027777777755,2.081162500000005,True,64,,,,,,,,,60.73753472222222,warmup_amostra_insuficiente
1997-06,1997-06,1997,6,1,2.4947916666666665,0.6576,1.6865347222222222,8.59083125,0.8082569444444443,-7.93323125,True,65,,,,,,,,,9.399088194444445,warmup_amostra_insuficiente
1997-07,1997-07,1997,7,1,0.145125,1.9683,0.3534444444444444,4.72861875,-0.2083194444444444,-2.7603187499999997,True,66,,,,,,,,,4.520299305555556,warmup_amostra_insuficiente
1997-08,1997-08,1997,8,1,1.1049166666666665,1.2265,0.46134027777777775,14.026187499999999,0.6435763888888888,-12.7996875,True,67,,,,,,,,,14.669763888888887,warmup_amostra_insuficiente
1997-09,1997-09,1997,9,1,4.298416666666667,47.0877,3.5711805555555554,68.12693125,0.7272361111111119,-21.03923125,True,68,,,,,,,,,68.85416736111111,warmup_amostra_insuficiente
1997-10,1997-10,1997,10,1,14.530291666666665,98.1562,19.520722222222222,142.517425,-4.990430555555557,-44.361225000000005,True,69,,,,,,,,,137.52699444444445,warmup_amostra_insuficiente
1997-11,1997-11,1997,11,1,51.300041666666665,75.7109,69.38818055555556,202.86461250000002,-18.0881388888889,-127.15371250000003,True,70,,,,,,,,,184.77647361111113,warmup_amostra_insuficiente
1997-12,1997-12,1997,12,1,141.88829166666667,199.815,148.56561805555555,198.96809374999998,-6.677326388888872,0.8469062500000177,True,71,,,,,,,,,192.2907673611111,warmup_amostra_insuficiente
1998-01,1998-01,1998,1,1,176.35025,347.458,219.85363095238094,282.8866705882353,-43.50338095238095,64.57132941176474,True,72,,,,,,,,,239.38328963585434,warmup_amostra_insuficiente
1998-02,1998-02,1998,2,1,193.425125,127.8253,208.36138095238093,223.7889294117647,-14.936255952380918,-95.96362941176471,True,73,,,,,,,,,208.8526734593838,warmup_amostra_insuficiente
1998-03,1998-03,1998,3,1,239.036125,242.0988,234.72032142857142,287.7195,4.3158035714285745,-45.62069999999997,True,74,,,,,,,,,292.0353035714286,warmup_amostra_insuficiente
1998-04,1998-04,1998,4,1,134.90279166666667,54.1047,166.57456547619046,216.2638294117647,-31.671773809523785,-162.1591294117647,True,75,,,,,,,,,184.59205560224092,warmup_amostra_insuficiente
1998-05,1998-05,1998,5,1,23.503,74.6596,31.616285714285713,66.97935882352942,-8.113285714285713,7.680241176470574,True,76,,,,,,,,,58.866073109243715,warmup_amostra_insuficiente
1998-06,1998-06,1998,6,1,1.2203333333333333,16.0121,1.8019999999999998,8.124170588235295,-0.5816666666666666,7.887929411764706,True,77,,,,,,,,,7.542503921568628,warmup_amostra_insuficiente
1998-07,1998-07,1998,7,1,0.07816666666666668,3.3565,0.3236845238095238,4.566247058823529,-0.24551785714285712,-1.2097470588235288,True,78,,,,,,,,,4.320729201680672,warmup_amostra_insuficiente
1998-08,1998-08,1998,8,1,0.27908333333333335,1.2501,0.5532797619047619,13.273264705882351,-0.27419642857142856,-12.023164705882351,True,79,,,,,,,,,12.999068277310922,warmup_amostra_insuficiente
1998-09,1998-09,1998,9,1,0.8315416666666667,13.3474,3.6750714285714285,66.8893294117647,-2.8435297619047617,-53.541929411764706,True,80,,,,,,,,,64.04579964985994,warmup_amostra_insuficiente
1998-10,1998-10,1998,10,1,17.867166666666666,89.2952,18.80780357142857,139.9079411764706,-0.9406369047619023,-50.61274117647059,True,81,,,,,,,,,138.96730427170868,warmup_amostra_insuficiente
1998-11,1998-11,1998,11,1,132.18116666666666,245.1679,66.80416071428571,195.3849823529412,65.37700595238094,49.78291764705881,True,82,,,,,,,,,260.7619883053221,warmup_amostra_insuficiente
1998-12,1998-12,1998,12,1,235.09654166666667,138.7974,147.61171428571427,199.01791176470587,87.4848273809524,-60.22051176470586,True,83,,,,,,,,,286.50273914565827,warmup_amostra_insuficiente
1999-01,1999-01,1999,1,1,212.45304166666665,215.817,214.41570833333333,286.4739666666667,-1.9626666666666779,-70.65696666666668,True,84,,,,,,,,,284.5113,warmup_amostra_insuficiente
1999-02,1999-02,1999,2,1,218.473875,131.3784,206.49434895833332,218.4576166666667,11.979526041666674,-87.0792166666667,True,85,,,,,,,,,230.43714270833337,warmup_amostra_insuficiente
1999-03,1999-03,1999,3,1,299.5566666666667,283.9542,235.259796875,285.1850166666666,64.29686979166667,-1.2308166666666125,True,86,,,,,,,,,349.4818864583333,warmup_amostra_insuficiente
1999-04,1999-04,1999,4,1,105.15954166666667,162.6196,162.61559375000002,207.25498888888887,-57.45605208333335,-44.63538888888888,True,87,,,,,,,,,149.7989368055555,warmup_amostra_insuficiente
1999-05,1999-05,1999,5,1,50.3205,177.0923,30.602125,67.40603888888889,19.718375,109.68626111111111,True,88,,,,,,,,,87.12441388888888,warmup_amostra_insuficiente
1999-06,1999-06,1999,6,1,1.1555416666666667,0.6859,1.7292916666666667,8.56238888888889,-0.57375,-7.87648888888889,True,89,,,,,,,,,7.9886388888888895,warmup_amostra_insuficiente
1999-07,1999-07,1999,7,1,0.04466666666666667,1.9885,0.29299479166666664,4.499038888888888,-0.24832812499999998,-2.510538888888888,True,90,,,,,,,,,4.250710763888889,warmup_amostra_insuficiente
1999-08,1999-08,1999,8,1,0.05583333333333334,1.2624,0.5190052083333333,12.60531111111111,-0.46317187499999996,-11.34291111111111,True,91,,,,,,,,,12.14213923611111,warmup_amostra_insuficiente
1999-09,1999-09,1999,9,1,1.998,72.5879,3.319630208333333,63.914777777777786,-1.321630208333333,8.673122222222219,True,92,,,,,,,,,62.593147569444454,warmup_amostra_insuficiente
1999-10,1999-10,1999,10,1,8.191374999999999,112.4277,18.690223958333334,137.09612222222222,-10.498848958333335,-24.66842222222222,True,93,,,,,,,,,126.59727326388888,warmup_amostra_insuficiente
1999-11,1999-11,1999,11,1,115.52758333333334,349.1067,74.97628645833333,198.15070000000003,40.551296875000006,150.95599999999996,True,94,,,,,,,,,238.70199687500002,warmup_amostra_insuficiente
1999-12,1999-12,1999,12,1,151.56408333333334,242.5365,158.54731770833334,195.67232777777775,-6.983234374999995,46.86417222222224,True,95,,,,,,,,,188.68909340277776,warmup_amostra_insuficiente
2000-01,2000-01,2000,1,1,232.55208333333334,260.085,214.19763425925925,282.7551789473684,18.354449074074097,-22.670178947368413,True,96,,,,,,,,,301.1096280214425,warmup_amostra_insuficiente
2000-02,2000-02,2000,2,1,205.13558333333333,271.7656,207.8254074074074,213.8745,-2.6898240740740675,57.891099999999994,True,97,,,,,,,,,211.18467592592594,warmup_amostra_insuficiente
2000-03,2000-03,2000,3,1,273.54283333333336,185.8099,242.40389351851854,285.12023684210527,31.13893981481482,-99.31033684210527,True,98,,,,,,,,,316.2591766569201,warmup_amostra_insuficiente
2000-04,2000-04,2000,4,1,112.69795833333335,184.1135,156.23158796296298,204.90575789473684,-43.53362962962963,-20.79225789473685,True,99,,,,,,,,,161.37212826510722,warmup_amostra_insuficiente
2000-05,2000-05,2000,5,1,14.318291666666667,53.6399,32.793055555555554,73.179,-18.474763888888887,-19.539100000000005,True,100,,,,,,,,,54.704236111111115,warmup_amostra_insuficiente
2000-06,2000-06,2000,6,1,2.9267916666666665,4.8153,1.6655416666666667,8.147836842105264,1.2612499999999998,-3.332536842105264,True,101,,,,,,,,,9.409086842105264,warmup_amostra_insuficiente
2000-07,2000-07,2000,7,1,0.558,10.0203,0.26540277777777777,4.366905263157895,0.2925972222222223,5.653394736842106,True,102,,,,,,,,,4.659502485380117,warmup_amostra_insuficiente
2000-08,2000-08,2000,8,1,0.200875,7.9948,0.46754166666666663,12.008315789473684,-0.2666666666666666,-4.013515789473685,True,103,,,,,,,,,11.741649122807019,warmup_amostra_insuficiente
2000-09,2000-09,2000,9,1,8.834458333333332,123.9327,3.172782407407407,64.37125789473684,5.661675925925925,59.561442105263154,True,104,,,,,,,,,70.03293382066276,warmup_amostra_insuficiente
2000-10,2000-10,2000,10,1,17.532416666666666,86.4072,17.523685185185187,135.79778421052632,0.00873148148147962,-49.39058421052631,True,105,,,,,,,,,135.8065156920078,warmup_amostra_insuficiente
2000-11,2000-11,2000,11,1,116.22958333333332,192.5216,79.48198611111111,206.09575263157896,36.74759722222221,-13.574152631578954,True,106,,,,,,,,,242.84334985380116,warmup_amostra_insuficiente
2000-12,2000-12,2000,12,1,227.32920833333333,222.6176,157.77140277777778,198.13886315789472,69.55780555555555,24.47873684210529,True,107,,,,,,,,,267.69666871345026,warmup_amostra_insuficiente
2001-01,2001-01,2001,1,1,163.34891666666667,192.5309,216.03307916666668,281.62167,-52.68416250000001,-89.09076999999999,True,108,,,,,,,,,228.93750749999998,warmup_amostra_insuficiente
2001-02,2001-02,2001,2,1,189.16133333333335,153.1069,207.556425,216.76905500000004,-18.395091666666644,-63.66215500000004,True,109,,,,,,,,,198.3739633333334,warmup_amostra_insuficiente
2001-03,2001-03,2001,3,1,268.94466666666665,249.1479,245.51778750000003,280.15472,23.426879166666623,-31.006820000000005,True,110,,,,,,,,,303.5815991666666,warmup_amostra_insuficiente
2001-04,2001-04,2001,4,1,96.67079166666667,196.9268,151.87822500000001,203.866145,-55.20743333333334,-6.939345000000003,True,111,,,,,,,,,148.65871166666665,warmup_amostra_insuficiente
2001-05,2001-05,2001,5,1,12.901000000000002,140.175,30.945579166666665,72.202045,-18.044579166666665,67.97295500000001,True,112,,,,,,,,,54.15746583333333,warmup_amostra_insuficiente
2001-06,2001-06,2001,6,1,3.3047500000000003,5.0237,1.7916666666666665,7.981210000000002,1.5130833333333338,-2.957510000000002,True,113,,,,,,,,,9.494293333333335,warmup_amostra_insuficiente
2001-07,2001-07,2001,7,1,0.6808333333333333,2.3266,0.2946625,4.6495750000000005,0.3861708333333333,-2.3229750000000005,True,114,,,,,,,,,5.035745833333333,warmup_amostra_insuficiente
2001-08,2001-08,2001,8,1,1.0490833333333334,7.2041,0.44087499999999996,11.80764,0.6082083333333335,-4.603539999999999,True,115,,,,,,,,,12.415848333333333,warmup_amostra_insuficiente
2001-09,2001-09,2001,9,1,7.67875,33.0017,3.73895,67.34933000000001,3.9398,-34.34763000000001,True,116,,,,,,,,,71.28913000000001,warmup_amostra_insuficiente
2001-10,2001-10,2001,10,1,24.261875,130.0808,17.524558333333335,133.328255,6.737316666666665,-3.247455000000002,True,117,,,,,,,,,140.06557166666667,warmup_amostra_insuficiente
2001-11,2001-11,2001,11,1,165.14275,196.3446,83.15674583333335,205.417045,81.98600416666666,-9.072444999999988,True,118,,,,,,,,,287.4030491666667,warmup_amostra_insuficiente
2001-12,2001-12,2001,12,1,199.56316666666666,209.0467,164.72718333333336,199.3628,34.8359833333333,9.683899999999994,True,119,,,,,,,,,234.1987833333333,warmup_amostra_insuficiente
2002-01,2002-01,2002,1,1,380.0984166666667,368.8524,211.24360984848488,277.3792523809524,168.85480681818183,91.47314761904761,True,120,1992-01,2001-12,-8.263228647210816,0.41547766396404134,0.058803565588308015,34.89765574045343,339.2714244196592,61.8921720387068,446.2340591991342,ok
2002-02,2002-02,2002,2,1,185.05870833333333,190.9456,205.88414393939394,213.73752380952382,-20.82543560606061,-22.79192380952381,True,121,1992-01,2002-01,-8.086313721843196,0.4438036210858519,0.07815965619711884,38.05451688185657,196.4088063550207,-17.328717454503135,192.9120882034632,ok
2002-03,2002-03,2002,3,1,233.83558333333335,178.8799,247.64750378787883,278.67820476190474,-13.811920454545486,-99.79830476190475,True,122,1992-01,2002-02,-8.132676931780649,0.4445248269086053,0.07861066543929462,37.93414352229506,264.40578628079186,-14.27241848111288,264.86628430735925,ok
2002-04,2002-04,2002,4,1,116.28366666666666,124.7968,146.85936742424244,203.53569999999996,-30.575700757575774,-78.73889999999996,True,123,1992-01,2002-03,-8.844062171944678,0.45230023580545475,0.0799506905328401,37.79327888211916,180.86224116548675,-22.673458834513212,172.9599992424242,ok
2002-05,2002-05,2002,5,1,14.340583333333333,103.8934,29.30516287878788,75.43885238095238,-14.964579545454546,28.454547619047617,True,124,1992-01,2002-04,-9.31481419251764,0.462632213106217,0.08322443060395635,37.72747735544829,59.200941635117076,-16.237910745835308,60.474272835497835,ok
2002-06,2002-06,2002,6,1,1.89,6.7952,1.9292196969696966,7.840376190476191,-0.03921969696969674,-1.045176190476191,True,125,1992-01,2002-05,-8.950232045991527,0.45840809986142805,0.08159687007591476,37.594220428916316,-1.1278344822803552,-8.968210672756546,7.801156493506495,ok
2002-07,2002-07,2002,7,1,0.982125,2.1991,0.32976893939393936,4.538957142857143,0.6523560606060607,-2.339857142857143,True,126,1992-01,2002-06,-8.887224775947276,0.4583318789068417,0.08156197227547501,37.44443279221749,-4.049272054116292,-8.588229196973435,5.191313203463204,ok
2002-08,2002-08,2002,8,1,0.7142916666666667,1.0971,0.49616666666666664,11.588423809523809,0.218125,-10.49132380952381,True,127,1992-01,2002-07,-8.837966942660175,0.4582966048862578,0.08154389649940375,37.296707356574714,2.8504228138044483,-8.73800099571936,11.80654880952381,ok
2002-09,2002-09,2002,9,1,4.4495,67.2486,4.097113636363637,65.71372857142858,0.3523863636363629,1.534871428571421,True,128,1992-01,2002-08,-8.851687847063829,0.4583107181405183,0.08154882127500229,37.15052809397866,57.02354317174586,-8.690185399682719,66.06611493506495,ok
2002-10,2002-10,2002,10,1,24.072083333333335,93.122,18.13704166666667,133.1736142857143,5.935041666666667,-40.05161428571431,True,129,1992-01,2002-09,-8.772303733278761,0.45823679172953063,0.0815066990736737,37.006108358076936,127.12096500454997,-6.052649281164335,139.10865595238099,ok
2002-11,2002-11,2002,11,1,47.779083333333325,141.559,90.61001893939395,204.98502380952382,-42.83093560606063,-63.42602380952383,True,130,1992-01,2002-10,-9.032464402120777,0.45741051941728766,0.08103962792962649,36.868938724437896,176.36123890470645,-28.62378490481737,162.1540882034632,ok
2002-12,2002-12,2002,12,1,203.58062499999997,198.8721,167.89409090909092,199.8239380952381,35.68653409090905,-0.9518380952381165,True,131,1992-01,2002-11,-9.3095118900695,0.4660444397370346,0.08450535062746789,36.904625565713346,207.1459369917229,7.321998896484786,235.51047218614715,ok
2003-01,2003-01,2003,1,1,209.596,226.3735,225.31484375000002,281.5371227272727,-15.718843750000019,-55.16362272727267,True,132,1992-01,2002-12,-9.369705553147108,0.464469045301156,0.08447689554812676,36.90599444850207,264.866500824325,-16.670621902947687,265.81827897727266,ok
2003-02,2003-02,2003,2,1,220.60079166666665,242.0345,204.14869097222223,212.70152727272728,16.452100694444425,29.332972727272733,True,133,1992-01,2003-01,-9.664461506204912,0.4681519767311337,0.08556231346568022,36.787122958924144,210.7391492280062,-1.9623780447210777,229.1536279671717,ok
2003-03,2003-03,2003,3,1,267.29316666666665,210.3821,246.49651041666672,274.1419181818182,20.796656249999927,-63.75981818181819,True,134,1992-01,2003-02,-9.434962249720746,0.47074608439998744,0.08634708974766536,36.68197730802738,274.49690043039743,0.35498224857923333,294.9385744318181,ok
2003-04,2003-04,2003,4,1,148.78074999999998,166.9079,144.31139236111113,199.95665909090906,4.469357638888852,-33.048759090909044,True,135,1992-01,2003-03,-9.898305784989862,0.4639457931752436,0.08349693789574453,36.59630748808546,192.1318929806773,-7.824766110231764,204.4260167297979,ok
2003-05,2003-05,2003,5,1,30.031583333333334,100.5299,28.05811458333333,76.7322409090909,1.973468750000002,23.797659090909093,True,136,1992-01,2003-04,-10.08311326550402,0.4635610432975844,0.08325995086560478,36.464783979246306,67.56395087625206,-9.16829003283884,78.7057096590909,ok
2003-06,2003-06,2003,6,1,3.887916666666667,12.2745,1.9259513888888886,7.792868181818182,1.9619652777777783,4.4816318181818176,True,137,1992-01,2003-05,-9.842564339209787,0.4636065110591977,0.08308205009137859,36.332236060464425,-1.140116280141759,-8.932984461959942,9.754833459595961,ok
2003-07,2003-07,2003,7,1,0.178625,1.88,0.38413194444444443,4.4326,-0.20550694444444442,-2.5526,True,138,1992-01,2003-06,-9.745387224456667,0.4636240279160433,0.08305597116018604,36.201125897320004,-5.408065181804719,-9.84066518180472,4.227093055555556,ok
2003-08,2003-08,2003,8,1,0.7254166666666667,33.5851,0.51434375,11.111545454545455,0.21107291666666672,22.47355454545454,True,139,1992-01,2003-07,-9.692822062341587,0.4635463630940275,0.08302262808804484,36.070307906554255,1.5165654750723496,-9.594979979473106,11.322618371212123,ok
2003-09,2003-09,2003,9,1,0.8963333333333333,34.1644,4.126479166666667,65.78349545454546,-3.2301458333333337,-31.61909545454546,True,140,1992-01,2003-08,-9.46330895246355,0.4632807454179135,0.08275498600728992,35.94103994236385,54.823722132606676,-10.959773321938783,62.55334962121213,ok
2003-10,2003-10,2003,10,1,11.985833333333332,102.8612,18.63162847222222,131.35308636363638,-6.645795138888889,-28.491886363636382,True,141,1992-01,2003-09,-9.610765837067124,0.46384266257319,0.08287421098785264,35.81302934186802,118.65971721443107,-12.69336914920531,124.7072912247475,ok
2003-11,2003-11,2003,11,1,79.55283333333334,171.1685,87.04077430555556,202.10202272727275,-7.487940972222219,-30.93352272727276,True,142,1992-01,2003-10,-9.723187703670664,0.46456665149708726,0.08309661627656473,35.688635684808304,188.90018735952896,-13.201835367743797,194.61408175505053,ok
2003-12,2003-12,2003,12,1,119.71333333333332,191.1895,170.86796875000002,199.78067272727273,-51.15463541666669,-8.59117272727272,True,143,1992-01,2003-11,-9.848558837521812,0.4654554642604211,0.08336761860987696,35.56656370773666,166.12190931281376,-33.658763414458974,148.62603731060602,ok
2004-01,2004-01,2004,1,1,351.39491666666663,330.2411,224.10570192307694,279.13870434782604,127.2892147435897,51.10239565217398,True,144,1992-01,2003-12,-9.666023771363077,0.45828538675963615,0.08205577405735276,35.68449383660649,327.8074675855593,48.66876323773329,406.42791909141573,ok
2004-02,2004-02,2004,2,1,272.264875,337.9902,205.4142371794872,213.97687391304348,66.85063782051282,124.01332608695654,True,145,1992-01,2004-01,-9.65238194193858,0.45981883688528735,0.0890515322258627,37.13724824253248,235.06367449877268,21.086800585729208,280.8275117335563,ok
2004-03,2004-03,2004,3,1,225.52125,263.3091,248.09625320512825,271.369752173913,-22.57500320512824,-8.060652173913013,True,146,1992-01,2004-02,-9.028773950347077,0.4924611846617407,0.10055905603181581,37.44864271511754,251.22366540142588,-20.146086772487138,248.79474896878477,ok
2004-04,2004-04,2004,4,1,89.39154166666667,153.5851,144.65518910256412,198.5197565217391,-55.263647435897454,-44.9346565217391,True,147,1992-01,2004-03,-8.943127463772234,0.4909829917017264,0.10026368015223086,37.356941577184344,162.4431181075405,-36.07663841419861,143.25610908584167,ok
2004-05,2004-05,2004,5,1,5.379208333333334,29.0041,28.20991987179487,77.76692173913042,-22.830711538461536,-48.76282173913042,True,148,1992-01,2004-04,-9.007713816904285,0.4934323665830914,0.10261800134508259,37.48486147003355,57.49379589702717,-20.273125842103255,54.93621020066889,ok
2004-06,2004-06,2004,6,1,2.645958333333333,11.5046,2.0768717948717947,7.987721739130435,0.5690865384615384,3.5168782608695652,True,149,1992-01,2004-05,-9.204888289631777,0.49681029971609963,0.10398538156518367,37.397716391923225,-0.9344384967638675,-8.922160235894303,8.556808277591973,ok
2004-07,2004-07,2004,7,1,1.43975,24.0552,0.36832371794871793,4.321617391304348,1.071426282051282,19.733582608695652,True,150,1992-01,2004-06,-9.121835884353978,0.49673895902754706,0.10392682497293493,37.27277916430961,-4.267999317028721,-8.589616708333068,5.3930436733556295,ok
2004-08,2004-08,2004,8,1,0.7700833333333333,45.2683,0.5305801282051282,12.08865652173913,0.2395032051282051,33.17964347826087,True,151,1992-01,2004-07,-8.934101457500432,0.49664572242434946,0.10372426241777843,37.149317901219135,3.2735033065725427,-8.815153215166587,12.328159726867336,ok
2004-09,2004-09,2004,9,1,2.257125,24.8521,3.8780064102564102,64.40875217391304,-1.6208814102564104,-39.556652173913044,True,152,1992-01,2004-08,-8.65728851945487,0.49634110014061494,0.10324457442631041,37.026721432780995,54.94695359209404,-9.461798581819004,62.787870763656635,ok
2004-10,2004-10,2004,10,1,17.487708333333334,156.836,18.12041346153846,130.11430869565217,-0.6327051282051279,26.721691304347843,True,153,1992-01,2004-09,-8.854822196907062,0.496826056746369,0.10324296993873272,36.904985601659874,120.94514210481574,-9.169166590836426,129.48160356744705,ok
2004-11,2004-11,2004,11,1,40.12204166666667,135.0896,86.46477884615386,200.75708695652176,-46.342737179487195,-65.66748695652177,True,154,1992-01,2004-10,-8.62107372118281,0.49642130299926546,0.10282926807248804,36.78455111201011,169.13049126014542,-31.62659569637634,154.41434977703457,ok
2004-12,2004-12,2004,12,1,98.42004166666668,159.7892,166.9329967948718,199.40714347826088,-68.51295512820512,-39.617943478260884,True,155,1992-01,2004-11,-8.851515741785233,0.5041682966953093,0.10652298664514603,36.841293967579375,156.0135678479263,-43.39357563033457,130.89418835005574,ok
2005-01,2005-01,2005,1,1,127.346875,258.8253,233.19778869047622,281.2679708333333,-105.85091369047622,-22.442670833333295,True,156,1992-01,2004-12,-8.82615339747677,0.5029463599011776,0.10824844478436269,37.116407448140805,219.20448570301778,-62.06348513031554,175.41705714285712,ok
2005-02,2005-02,2005,2,1,201.89237500000002,252.3165,210.18928273809524,219.14409583333335,-8.296907738095229,33.17240416666664,True,157,1992-01,2005-01,-8.568791555341798,0.48433906407641103,0.10564636918086112,37.939350739304984,206.55678774939418,-12.587308083939178,210.84718809523812,ok
2005-03,2005-03,2005,3,1,365.26675,402.6636,246.48375297619052,271.03389166666665,118.78299702380949,131.62970833333333,True,158,1992-01,2005-02,-8.27880352468885,0.4826159715208331,0.10457126701625385,37.824517909557756,320.08165965077984,49.04776798411319,389.81688869047616,ok
2005-04,2005-04,2005,4,1,121.802375,143.7686,140.70778571428573,196.64747916666667,-18.905410714285736,-52.87887916666668,True,159,1992-01,2005-03,-7.798348105479802,0.5231569029266304,0.12562571667390376,38.87560226792153,178.95863494334523,-17.68884422332144,177.74206845238092,ok
2005-05,2005-05,2005,5,1,53.73541666666667,73.4273,26.57915476190476,75.7351375,27.156261904761912,-2.307837499999991,True,160,1992-01,2005-04,-8.020701852353692,0.5260467128855569,0.1267245404682814,38.77992792664725,81.99989795690557,6.264760456905577,102.8913994047619,ok
2005-06,2005-06,2005,6,1,2.17075,0.5479,2.117520833333333,8.134258333333333,0.053229166666667105,-7.586358333333333,True,161,1992-01,2005-05,-8.073018150565689,0.5251166244350657,0.12663178663072128,38.7224432435508,0.08919170308913606,-8.045066630244197,8.1874875,ok
2005-07,2005-07,2005,7,1,0.4241249999999999,1.8672,0.44485416666666666,5.14385,-0.020729166666666743,-3.2766499999999996,True,162,1992-01,2005-06,-8.07018483977672,0.5251148350506224,0.12663139071563223,38.60267373841741,-2.9372200327116245,-8.081070032711624,5.123120833333333,ok
2005-08,2005-08,2005,8,1,0.21208333333333332,1.159,0.5476875,13.471141666666666,-0.3356041666666667,-12.312141666666665,True,163,1992-01,2005-07,-8.040690030673893,0.5250947436432921,0.1266178638543164,38.48399689075416,5.254227652131319,-8.216914014535348,13.1355375,ok
2005-09,2005-09,2005,9,1,0.82075,69.9723,3.7622291666666667,62.760558333333336,-2.941479166666667,7.2117416666666685,True,164,1992-01,2005-08,-8.065682807886768,0.5251170807207446,0.12662405026319812,38.36636763227583,53.15025457244568,-9.610303760887653,59.81907916666667,ok
2005-10,2005-10,2005,10,1,8.526291666666667,43.3954,18.075220238095238,131.2277125,-9.54892857142857,-87.8323125,True,165,1992-01,2005-09,-7.963471175979675,0.5248451763484059,0.1264487956675009,38.25008832167184,118.25253222401057,-12.97518027598943,121.67878392857142,ok
2005-11,2005-11,2005,11,1,76.88520833333332,162.476,83.15458333333335,198.02094166666666,-6.269375000000025,-35.54494166666666,True,166,1992-01,2005-10,-8.417309243466496,0.5280854655211574,0.12652652505296447,38.14043992923766,186.29286660779846,-11.7280750588682,191.75156666666663,ok
2005-12,2005-12,2005,12,1,196.3937083333333,270.7065,162.03921428571428,197.75639583333336,34.35449404761903,72.95010416666665,True,167,1992-01,2005-11,-8.560522173982385,0.5287882126713567,0.12670986314832022,38.028248540637364,207.3621251640202,9.605729330686842,232.11088988095239,ok
2006-01,2006-01,2006,1,1,115.026125,166.8556,226.14106111111113,280.370264,-111.11493611111113,-113.51466400000001,True,168,1992-01,2005-12,-8.192602142199249,0.5374923556383212,0.12992713842580217,38.012481653656835,212.4542331008381,-67.91603089916191,169.25532788888887,ok
2006-02,2006-02,2006,2,1,242.53487500000003,230.8724,209.63615555555555,220.470992,32.89871944444448,10.401408000000004,True,169,1992-01,2006-01,-8.47010041105472,0.5574393996597532,0.14398276085817552,38.83951225097241,230.33993400563105,9.868942005631055,253.36971144444448,ok
2006-03,2006-03,2006,3,1,286.3209583333333,267.8005,254.40261944444447,276.29908,31.918338888888826,-8.498580000000004,True,170,1992-01,2006-02,-8.467007022640784,0.5575066443201641,0.14452038040104032,38.80961046471889,285.6267589835775,9.32767898357747,308.2174188888888,ok
2006-04,2006-04,2006,4,1,190.46875,429.1988,139.447425,194.53232400000002,51.02132499999999,234.666476,True,171,1992-01,2006-03,-8.569611588249181,0.5553446810752569,0.1439488145275516,38.77606056283595,214.29713387191285,19.76480987191283,245.553649,ok
2006-05,2006-05,2006,5,1,47.139874999999996,133.2095,28.38957222222222,75.642824,18.750302777777776,57.56667599999999,True,172,1992-01,2006-04,-7.363727848316916,0.5967378755195312,0.15167971384040912,38.8652791803921,79.46811199664216,3.8252879966421602,94.39312677777778,ok
2006-06,2006-06,2006,6,1,1.8683333333333332,0.6042,2.1210694444444442,7.830804,-0.25273611111111105,-7.226604,True,173,1992-01,2006-05,-7.057286389527216,0.6003786008578488,0.15268986313154953,38.7820018332812,0.6217802576976408,-7.209023742302358,7.578067888888889,ok
2006-07,2006-07,2006,7,1,0.30133333333333334,1.5265,0.4434722222222222,5.012783999999999,-0.14213888888888887,-3.486283999999999,True,174,1992-01,2006-06,-7.05738753401797,0.600378695542834,0.1526908842758391,38.670261640576385,-2.1299406947149895,-7.142724694714989,4.87064511111111,ok
2006-08,2006-08,2006,8,1,0.2567083333333333,12.4889,0.5253138888888889,12.978655999999999,-0.26860555555555554,-0.48975599999999986,True,175,1992-01,2006-07,-7.036473051327878,0.6003606630893902,0.1526806245635005,38.55949735547228,5.780922739229294,-7.197733260770705,12.710050444444443,ok
2006-09,2006-09,2006,9,1,3.0887083333333334,73.0467,3.566130555555555,63.049028,-0.47742222222222175,9.997672000000001,True,176,1992-01,2006-08,-6.998318674812898,0.6003245221071354,0.1526548910488067,38.449662111951255,55.76410105778822,-7.284926942211783,62.571605777777776,ok
2006-10,2006-10,2006,10,1,15.891791666666668,156.2402,17.438625000000002,127.71441999999999,-1.5468333333333337,28.525779999999997,True,177,1992-01,2006-09,-6.900557515879734,0.600218119142182,0.15253643720512877,38.34073709380652,119.88542509016048,-7.828994909839508,126.16758666666665,ok
2006-11,2006-11,2006,11,1,90.17991666666666,160.8529,82.73662500000002,196.59914399999997,7.443291666666639,-35.74624399999996,True,178,1992-01,2006-10,-6.69590616714228,0.5998467262118753,0.15205420521389845,38.232717091242165,194.3680719713478,-2.2310720286521644,204.04243566666662,ok
2006-12,2006-12,2006,12,1,122.96091666666666,150.7779,164.3295138888889,200.67440000000002,-41.368597222222235,-49.89650000000003,True,179,1992-01,2006-11,-6.882213318270815,0.5990338344874323,0.15144934500244478,38.13096839734592,169.01099726033527,-31.663402739664747,159.30580277777779,ok
2007-01,2007-01,2007,1,1,147.892375,243.8694,219.19637760416668,276.0043153846154,-71.3040026041667,-32.13491538461537,True,180,1992-01,2006-12,-6.986177849867308,0.6019804131308182,0.15352729260865583,38.14345124048912,226.09452458921086,-49.90979079540452,204.70031278044868,ok
2007-02,2007-02,2007,2,1,329.57570833333335,391.6001,211.69232552083332,220.87104615384618,117.88338281250003,170.72905384615382,True,181,1992-01,2007-01,-6.885548142966039,0.5971957508144656,0.15392795288636962,38.3981000155971,284.38495331814016,63.51390716429398,338.7544289663462,ok
2007-03,2007-03,2007,3,1,186.081875,144.3091,256.397515625,275.9722115384615,-70.31564062499999,-131.66311153846152,True,182,1992-01,2007-02,-6.347856204045264,0.6418174578984145,0.17792104102514972,39.29047046875653,224.49454961798025,-51.47766192048127,205.65657091346154,ok
2007-04,2007-04,2007,4,1,143.61833333333334,203.9629,142.6362578125,203.5579576923077,0.982075520833348,0.4049423076922949,True,183,1992-01,2007-03,-6.801225078296471,0.6617761551951988,0.18800927448974625,39.51684984824425,197.40664677629962,-6.151310916008072,204.54003321314104,ok
2007-05,2007-05,2007,5,1,14.407541666666667,59.8926,29.561466145833336,77.85692692307693,-15.153924479166669,-17.964326923076925,True,184,1992-01,2007-04,-6.765597109798154,0.6617811937296693,0.1879995422974472,39.4094506531288,61.0627475817666,-16.794179341310326,62.70300244391026,ok
2007-06,2007-06,2007,6,1,1.14475,0.6092,2.1052734375,7.5528576923076916,-0.9605234375000002,-6.943657692307692,True,185,1992-01,2007-05,-6.77196608325324,0.6618460063560753,0.1881637520260805,39.31704504940303,0.1451730079336674,-7.407684684374024,6.5923342548076915,ok
2007-07,2007-07,2007,7,1,0.35720833333333335,2.6528,0.4345885416666667,4.878696153846153,-0.07738020833333337,-2.2258961538461532,True,186,1992-01,2007-06,-6.769469549103517,0.6618433627299838,0.18816389588638716,39.211155190834354,-1.941986972549444,-6.820683126395597,4.80131594551282,ok
2007-08,2007-08,2007,8,1,0.04466666666666667,1.474,0.5085260416666666,12.959819230769229,-0.4638593749999999,-11.485819230769229,True,187,1992-01,2007-07,-6.744890586322332,0.6618314473274229,0.18815275248230579,39.10613501540756,5.907931922934253,-7.051887307834976,12.495959855769229,ok
2007-09,2007-09,2007,9,1,0.8531666666666666,24.48,3.5362916666666666,63.43355384615385,-2.683125,-38.95355384615385,True,188,1992-01,2007-08,-6.768486776855202,0.6618488480860867,0.1881559309651667,39.001933660060736,54.88924387877766,-8.544309967376186,60.75042884615385,ok
2007-10,2007-10,2007,10,1,13.514791666666667,90.3212,17.341947916666665,128.8115653846154,-3.827156249999998,-38.49036538461539,True,189,1992-01,2007-09,-6.929608573013795,0.6622024129184299,0.18806517182963056,38.89884077003796,119.34760470823575,-9.463960676379642,124.98440913461539,ok
2007-11,2007-11,2007,11,1,57.39116666666666,140.1645,83.20183072916667,195.22428846153844,-25.81066406250001,-55.05978846153843,True,190,1992-01,2007-10,-7.082657369566062,0.662653660605151,0.18804751200401948,38.79698023162098,171.03810006830693,-24.186188393231504,169.41362439903844,ok
2007-12,2007-12,2007,12,1,247.1939583333333,154.6319,161.7439765625,198.75530384615388,85.44998177083332,-44.12340384615388,True,191,1992-01,2007-11,-7.245653918858126,0.6654861992866169,0.1894584966535956,38.73839398258749,248.3754335250783,49.62012967892443,284.2052856169872,ok
2008-01,2008-01,2008,1,1,159.97858333333332,277.9576,215.00202450980393,274.81413333333336,-55.02344117647061,3.1434666666666544,True,192,1992-01,2007-12,-7.709059711295636,0.6385080771698631,0.1784141945693858,39.13436471512202,231.9721619971804,-42.841971336152966,219.79069215686275,ok
2008-02,2008-02,2008,2,1,265.8859166666667,227.3554,218.62664215686274,227.19434444444445,47.25927450980393,0.1610555555555493,True,193,1992-01,2008-01,-7.465353231242048,0.629886155114728,0.17544150716014706,39.22759048375402,249.49695392769425,22.302609483249796,274.4536189542484,ok
2008-03,2008-03,2008,3,1,302.949375,291.7903,252.26130147058822,271.0958,50.68807352941175,20.694500000000005,True,194,1992-01,2008-02,-7.57649192130577,0.6264510128237132,0.17478412525270892,39.27783484534221,295.27290307927706,24.17710307927706,321.7838735294117,ok
2008-04,2008-04,2008,4,1,222.53408333333334,198.2004,142.6940269607843,203.57295555555558,79.84005637254904,-5.372555555555579,True,195,1992-01,2008-03,-7.593706303475774,0.6258784720137452,0.17570528015336184,39.35134372566615,245.94942174002207,42.376466184466494,283.41301192810465,ok
2008-05,2008-05,2008,5,1,47.753625,156.4351,28.670058823529413,77.19158148148148,19.083566176470587,79.24351851851853,True,196,1992-01,2008-04,-7.818746238286045,0.6137233238601362,0.1724007354650523,39.676526840624106,81.08486490812383,3.8932834266423555,96.27514765795206,ok
2008-06,2008-06,2008,6,1,1.004375,1.2231,2.0487720588235296,7.295685185185184,-1.0443970588235296,-6.072585185185185,True,197,1992-01,2008-05,-7.4431705592766315,0.6179971490885101,0.17308397885839943,39.602751467771654,-0.7929197789608136,-8.088604964145997,6.251288126361654,ok
2008-07,2008-07,2008,7,1,0.6584583333333334,1.8809,0.4300367647058824,4.796255555555555,0.22842156862745094,-2.915355555555555,True,198,1992-01,2008-06,-7.432960829709654,0.6179798106373765,0.17307819435512795,39.502305171177646,-2.495545356428215,-7.29180091198377,5.024677124183006,ok
2008-08,2008-08,2008,8,1,0.4575833333333333,10.0751,0.48124019607843127,12.534418518518518,-0.023656862745097984,-2.4593185185185167,True,199,1992-01,2008-07,-7.410937575479379,0.6179603590911927,0.1730652057366323,39.40281441483435,5.108861939642206,-7.425556578876312,12.51076165577342,ok
2008-09,2008-09,2008,9,1,2.4299583333333334,35.7506,3.3784607843137255,61.99082962962963,-0.9485024509803921,-26.24022962962963,True,200,1992-01,2008-08,-7.386065059122593,0.6179343518153869,0.1730481246938167,39.30401719951554,54.018652323265165,-7.972177306364465,61.04232717864924,ok
2008-10,2008-10,2008,10,1,8.247208333333333,71.4708,17.11682107843137,127.38599629629628,-8.869612745098038,-55.91519629629629,True,201,1992-01,2008-09,-7.4771870002972225,0.6180841295014756,0.1730359278063761,39.20583036352243,114.42664242342995,-12.95935387286633,118.51638355119825,ok
2008-11,2008-11,2008,11,1,89.478,228.8043,81.68355637254902,193.185037037037,7.794443627450974,35.619262962963006,True,202,1992-01,2008-10,-7.6920494934750865,0.6195334864844124,0.1732904680717997,39.1117436099989,190.32190637928284,-2.8631306577541693,200.979480664488,ok
2008-12,2008-12,2008,12,1,149.72266666666667,198.2564,166.77044607843138,197.12110370370374,-17.047779411764708,1.135296296296275,True,203,1992-01,2008-11,-7.50369321268689,0.6203127268511526,0.1732951031176656,39.020497577859366,179.04245595734812,-18.078647746355614,180.07332429193903,ok
2009-01,2009-01,2009,1,1,192.8225,176.1671,211.9451666666667,274.9264,-19.122666666666703,-98.7593,True,204,1992-01,2008-12,-7.4078185480432985,0.6191595623234893,0.17282956818808737,38.9396389389818,255.6785995281654,-19.24780047183461,255.8037333333333,ok
2009-02,2009-02,2009,2,1,244.92391666666666,173.2144,221.2521574074074,227.20009642857144,23.67175925925926,-53.98569642857143,True,205,1992-01,2009-01,-7.802872733928082,0.6244333732368942,0.17387414632422205,38.86396851819296,234.17866017935432,6.978563750782882,250.8718556878307,ok
2009-03,2009-03,2009,3,1,229.59462499999998,237.6584,255.07730555555554,271.83488928571427,-25.48268055555556,-34.17648928571427,True,206,1992-01,2009-02,-8.092375147846774,0.6200586811410568,0.17117722332364282,38.80867895083113,247.94175684065087,-23.8931324450634,246.3522087301587,ok
2009-04,2009-04,2009,4,1,212.29566666666668,291.4855,147.12958564814815,203.3810785714286,65.16608101851853,88.10442142857141,True,207,1992-01,2009-03,-8.14324703586658,0.6209482602781993,0.17189054322205,38.75070682563487,235.70259617315926,32.321517601730676,268.5471595899471,ok
2009-05,2009-05,2009,5,1,89.81579166666667,287.1656,29.730256944444445,80.02170714285715,60.08553472222222,207.14389285714282,True,208,1992-01,2009-04,-7.893657414788164,0.6322271501302774,0.178200145230913,38.93256669818727,110.11575610955337,30.09404896669622,140.10724186507937,ok
2009-06,2009-06,2009,6,1,5.5836250000000005,15.2435,1.9907500000000005,7.0788071428571415,3.5928750000000003,8.164692857142857,True,209,1992-01,2009-05,-7.109062333368023,0.6646535482304391,0.18698511953182284,39.07409873398203,2.357761926587558,-4.721045216269584,10.671682142857142,ok
2009-07,2009-07,2009,7,1,1.3727083333333334,2.7198,0.4427268518518519,4.692135714285714,0.9299814814814815,-1.9723357142857134,True,210,1992-01,2009-06,-7.0478318385046865,0.6647207672293918,0.1869760051908782,38.98236682495999,-1.737518120339476,-6.4296538346251895,5.622117195767196,ok
2009-08,2009-08,2009,8,1,0.7588333333333334,15.226,0.47992592592592587,12.446585714285714,0.2789074074074075,2.779414285714287,True,211,1992-01,2009-07,-7.026679949545181,0.664706707301774,0.1869651303723714,38.889926058494765,5.605297389160385,-6.841288325125329,12.725493121693122,ok
2009-09,2009-09,2009,9,1,1.5983333333333334,49.6335,3.3257662037037035,61.05367857142858,-1.72743287037037,-11.420178571428579,True,212,1992-01,2009-08,-6.981203400571512,0.6646568711731807,0.1869206914451308,38.79793960469403,52.92432504407499,-8.129353527353587,59.326245701058205,ok
2009-10,2009-10,2009,10,1,18.692958333333333,145.1622,16.624064814814815,125.38902499999999,2.068893518518518,19.773175000000023,True,213,1992-01,2009-09,-6.996725088910827,0.6646945309658983,0.18694158069807154,38.70631108913698,119.76748211799922,-5.621542882000767,127.45791851851851,ok
2009-11,2009-11,2009,11,1,44.26920833333333,129.9771,82.11658101851852,194.45715357142853,-37.847372685185185,-64.48005357142853,True,214,1992-01,2009-10,-6.878082809204021,0.6647074415670615,0.1867877505579426,38.61628816184989,162.42164049462,-32.03551307680854,156.60978088624336,ok
2009-12,2009-12,2009,12,1,110.46162499999998,238.1976,165.8233472222222,197.16165000000004,-55.36172222222221,41.03594999999996,True,215,1992-01,2009-11,-7.035917178710953,0.6687302959837598,0.1891235218840588,38.60422431105301,153.10367193345175,-44.05797806654829,141.79992777777784,ok
2010-01,2010-01,2010,1,1,214.77420833333335,206.4191,210.9387105263158,271.5209068965517,3.8354978070175605,-65.10180689655172,True,216,1992-01,2009-12,-6.6200926885098665,0.6537322190428361,0.18204373168249166,38.687791624666545,267.40820270055735,-4.112704195994354,275.3564047035693,ok
2010-02,2010-02,2010,2,1,235.58966666666666,189.3031,222.4980394736842,225.33852068965518,13.091627192982457,-36.03542068965518,True,217,1992-01,2010-01,-6.90049075389619,0.6532845604543103,0.18095692341323744,38.599969305097474,226.99058785215826,1.652067162503073,238.43014788263764,ok
2010-03,2010-03,2010,3,1,280.56241666666665,170.6808,253.73611184210523,270.6563896551724,26.82630482456142,-99.9755896551724,True,218,1992-01,2010-02,-7.0713108330116,0.6519326626398546,0.18007040753952974,38.523749985333794,281.0740231552255,10.417633500053114,297.4826944797338,ok
2010-04,2010-04,2010,4,1,191.862,179.409,150.55937938596492,206.41916206896553,41.30262061403508,-27.010162068965542,True,219,1992-01,2010-03,-7.561294541692073,0.6433280778761772,0.17369241997376905,38.483325233728834,225.42900305814962,19.009840989184084,247.7217826830006,ok
2010-05,2010-05,2010,5,1,16.9075,36.5434,32.89265350877193,87.16460000000001,-15.98515350877193,-50.62120000000001,True,220,1992-01,2010-04,-7.7603011943683295,0.6377322965284932,0.17141798873108793,38.50490301678317,69.21005014812206,-17.954549851877943,71.17944649122808,ok
2010-06,2010-06,2010,6,1,3.0239999999999996,8.1085,2.1798486842105267,7.3603482758620675,0.8441513157894729,0.7481517241379319,True,221,1992-01,2010-05,-7.911209448581134,0.6395134823479259,0.17211341668768965,38.429181759235384,-0.011015025129957334,-7.371363300992025,8.20449959165154,ok
2010-07,2010-07,2010,7,1,0.05583333333333334,1.8517,0.49167324561403514,4.624124137931034,-0.4358399122807018,-2.7724241379310337,True,222,1992-01,2010-06,-7.874596526359596,0.6394912591262691,0.17208923896530548,38.34256908968157,-3.529188202710431,-8.153312340641465,4.188284225650332,ok
2010-08,2010-08,2010,8,1,0.022333333333333334,1.1641,0.4946052631578947,12.542427586206896,-0.4722719298245614,-11.378327586206897,True,223,1992-01,2010-07,-7.850405337884563,0.6394555032751885,0.172068939569481,38.2562490246971,4.390025363753623,-8.152402222453272,12.070155656382335,ok
2010-09,2010-09,2010,9,1,0.7451666666666666,2.3148,3.2348486842105264,60.65987931034483,-2.48968201754386,-58.34507931034483,True,224,1992-01,2010-08,-7.864843989789096,0.639477203401801,0.17207840549961628,38.170504129014276,51.20294042661703,-9.456938883727794,58.170197292800964,ok
2010-10,2010-10,2010,10,1,10.044083333333333,136.1532,16.73295394736842,126.07085862068966,-6.6888706140350855,10.082341379310336,True,225,1992-01,2010-09,-8.083191872288973,0.6401066451565707,0.17183752244714834,38.08527970480442,113.70607621976431,-12.36478240092535,119.38198800665458,ok
2010-11,2010-11,2010,11,1,89.87758333333333,142.1422,80.12461403508773,192.23370344827583,9.752969298245603,-50.09150344827583,True,226,1992-01,2010-10,-7.982912548336091,0.6395303484482123,0.1715009127905881,38.00205417666172,190.48811075365148,-1.7455926946243494,201.98667274652144,ok
2010-12,2010-12,2010,12,1,257.42783333333335,168.2896,162.90957236842104,198.57668275862073,94.51826096491232,-30.287082758620727,True,227,1992-01,2010-11,-8.19386044682328,0.6383322758961844,0.17048528424086362,37.92552719270496,250.71687894727938,52.14019618865865,293.09494372353305,ok
1991-01,1991-02,1991,2,2,279.36716666666666,178.9798,,222.77965000000003,,-43.79985000000002,False,0,,,,,,,,,,anomalia_indisponivel_para_linha_avaliada
1991-02,1991-03,1991,3,2,364.80933333333337,354.0018,,294.42467999999997,,59.577120000000036,False,0,,,,,,,,,,anomalia_indisponivel_para_linha_avaliada
1991-03,1991-04,1991,4,2,202.41358333333335,214.6288,,206.46041999999997,,8.168380000000042,False,0,,,,,,,,,,anomalia_indisponivel_para_linha_avaliada
1991-04,1991-05,1991,5,2,22.933833333333336,128.0413,,48.429050000000004,,79.61225,False,0,,,,,,,,,,anomalia_indisponivel_para_linha_avaliada
1991-05,1991-06,1991,6,2,1.1555833333333334,0.7033,,9.38869,,-8.68539,False,0,,,,,,,,,,anomalia_indisponivel_para_linha_avaliada
1991-06,1991-07,1991,7,2,0.6696666666666666,1.9531,,6.404940000000001,,-4.451840000000001,False,0,,,,,,,,,,anomalia_indisponivel_para_linha_avaliada
1991-07,1991-08,1991,8,2,1.3392499999999998,1.2135,,16.050330000000002,,-14.836830000000003,False,0,,,,,,,,,,anomalia_indisponivel_para_linha_avaliada
1991-08,1991-09,1991,9,2,5.24875,73.9762,,73.19717999999999,,0.7790200000000169,False,0,,,,,,,,,,anomalia_indisponivel_para_linha_avaliada
1991-09,1991-10,1991,10,2,20.93616666666667,58.2752,,169.18448999999998,,-110.90928999999998,False,0,,,,,,,,,,anomalia_indisponivel_para_linha_avaliada
1991-10,1991-11,1991,11,2,68.93625,141.8015,,204.26054000000002,,-62.459040000000016,False,0,,,,,,,,,,anomalia_indisponivel_para_linha_avaliada
1991-11,1991-12,1991,12,2,216.23608333333334,139.2974,,206.55659999999997,,-67.25919999999996,False,0,,,,,,,,,,anomalia_indisponivel_para_linha_avaliada
1991-12,1992-01,1992,1,2,266.00983333333335,307.6078,,296.8603363636363,,10.747463636363705,False,0,,,,,,,,,,anomalia_indisponivel_para_linha_avaliada
1992-01,1992-02,1992,2,2,293.40575,144.7331,279.36716666666666,218.7978454545455,14.03858333333335,-74.06474545454549,True,0,,,,,,,,,232.83642878787884,warmup_amostra_insuficiente
1992-02,1992-03,1992,3,2,270.9870833333333,155.372,364.80933333333337,299.8407818181818,-93.82225000000005,-144.4687818181818,True,1,,,,,,,,,206.01853181818177,warmup_amostra_insuficiente
1992-03,1992-04,1992,4,2,235.029625,102.9542,202.41358333333335,207.20299999999997,32.61604166666666,-104.24879999999997,True,2,,,,,,,,,239.81904166666664,warmup_amostra_insuficiente
1992-04,1992-05,1992,5,2,21.125833333333333,24.3743,22.933833333333336,55.66652727272728,-1.8080000000000034,-31.292227272727278,True,3,,,,,,,,,53.85852727272727,warmup_amostra_insuficiente
1992-05,1992-06,1992,6,2,0.5830833333333333,1.0095,1.1555833333333334,8.599109090909092,-0.5725000000000001,-7.589609090909092,True,4,,,,,,,,,8.026609090909092,warmup_amostra_insuficiente
1992-06,1992-07,1992,7,2,0.4017916666666667,2.0289,0.6696666666666666,6.000227272727273,-0.2678749999999999,-3.9713272727272733,True,5,,,,,,,,,5.732352272727273,warmup_amostra_insuficiente
1992-07,1992-08,1992,8,2,0.1675,13.0445,1.3392499999999998,14.701527272727276,-1.1717499999999998,-1.6570272727272766,True,6,,,,,,,,,13.529777272727276,warmup_amostra_insuficiente
1992-08,1992-09,1992,9,2,3.671958333333333,135.5711,5.24875,73.26799999999999,-1.5767916666666673,62.303100000000015,True,7,,,,,,,,,71.69120833333332,warmup_amostra_insuficiente
1992-09,1992-10,1992,10,2,11.483624999999998,62.0723,20.93616666666667,159.10182727272726,-9.45254166666667,-97.02952727272726,True,8,,,,,,,,,149.6492856060606,warmup_amostra_insuficiente
1992-10,1992-11,1992,11,2,99.50041666666665,214.2915,68.93625,198.58244545454545,30.56416666666665,15.709054545454563,True,9,,,,,,,,,229.14661212121212,warmup_amostra_insuficiente
1992-11,1992-12,1992,12,2,144.77870833333333,239.5717,216.23608333333334,200.44212727272725,-71.45737500000001,39.129572727272745,True,10,,,,,,,,,128.98475227272723,warmup_amostra_insuficiente
1992-12,1993-01,1993,1,2,223.50125,121.8043,266.00983333333335,297.75595833333324,-42.50858333333335,-175.95165833333323,True,11,,,,,,,,,255.2473749999999,warmup_amostra_insuficiente
1993-01,1993-02,1993,2,2,232.16245833333335,307.8407,286.38645833333334,212.62578333333337,-54.22399999999999,95.21491666666665,True,12,,,,,,,,,158.40178333333338,warmup_amostra_insuficiente
1993-02,1993-03,1993,3,2,336.52975,153.1779,317.89820833333334,287.80171666666666,18.631541666666635,-134.62381666666667,True,13,,,,,,,,,306.4332583333333,warmup_amostra_insuficiente
1993-03,1993-04,1993,4,2,187.59595833333333,250.0943,218.72160416666668,198.51559999999998,-31.12564583333335,51.578700000000026,True,14,,,,,,,,,167.38995416666663,warmup_amostra_insuficiente
1993-04,1993-05,1993,5,2,40.18720833333334,95.5974,22.029833333333336,53.058841666666666,18.157375000000002,42.53855833333333,True,15,,,,,,,,,71.21621666666667,warmup_amostra_insuficiente
1993-05,1993-06,1993,6,2,1.7819166666666666,0.586,0.8693333333333333,7.966641666666668,0.9125833333333333,-7.380641666666667,True,16,,,,,,,,,8.879225000000002,warmup_amostra_insuficiente
1993-06,1993-07,1993,7,2,1.406125,1.8793,0.5357291666666667,5.669283333333335,0.8703958333333334,-3.7899833333333355,True,17,,,,,,,,,6.5396791666666685,warmup_amostra_insuficiente
1993-07,1993-08,1993,8,2,1.2834583333333334,40.5665,0.7533749999999999,14.56344166666667,0.5300833333333335,26.00305833333333,True,18,,,,,,,,,15.093525000000003,warmup_amostra_insuficiente
1993-08,1993-09,1993,9,2,7.873083333333334,56.4376,4.460354166666667,78.45992499999998,3.412729166666667,-22.02232499999998,True,19,,,,,,,,,81.87265416666665,warmup_amostra_insuficiente
1993-09,1993-10,1993,10,2,34.14966666666667,126.1723,16.209895833333334,151.01603333333333,17.939770833333334,-24.84373333333332,True,20,,,,,,,,,168.95580416666667,warmup_amostra_insuficiente
1993-10,1993-11,1993,11,2,132.732,225.9903,84.21833333333333,199.8915333333333,48.513666666666666,26.098766666666677,True,21,,,,,,,,,248.40519999999998,warmup_amostra_insuficiente
1993-11,1993-12,1993,12,2,247.01537499999998,216.8044,180.50739583333333,203.70292499999996,66.50797916666664,13.101475000000022,True,22,,,,,,,,,270.21090416666664,warmup_amostra_insuficiente
1993-12,1994-01,1994,1,2,268.69925,330.218,244.75554166666666,284.2212153846153,23.943708333333348,45.99678461538474,True,23,,,,,,,,,308.1649237179486,warmup_amostra_insuficiente
1994-01,1994-02,1994,2,2,301.48270833333333,306.4669,268.3117916666667,219.95000769230774,33.17091666666664,86.51689230769227,True,24,,,,,,,,,253.12092435897438,warmup_amostra_insuficiente
1994-02,1994-03,1994,3,2,288.564125,311.1998,324.10872222222224,277.4460384615385,-35.54459722222225,33.753761538461504,True,25,,,,,,,,,241.90144123931623,warmup_amostra_insuficiente
1994-03,1994-04,1994,4,2,226.692,176.4476,208.3463888888889,202.48319230769232,18.34561111111111,-26.035592307692326,True,26,,,,,,,,,220.82880341880343,warmup_amostra_insuficiente
1994-04,1994-05,1994,5,2,38.8145,50.2617,28.082291666666674,56.33103846153846,10.732208333333329,-6.0693384615384645,True,27,,,,,,,,,67.06324679487179,warmup_amostra_insuficiente
1994-05,1994-06,1994,6,2,2.062625,40.3001,1.1735277777777777,7.398900000000001,0.8890972222222224,32.9012,True,28,,,,,,,,,8.287997222222224,warmup_amostra_insuficiente
1994-06,1994-07,1994,7,2,1.2053333333333334,1.843,0.8258611111111112,5.3777461538461555,0.3794722222222222,-3.5347461538461555,True,29,,,,,,,,,5.757218376068378,warmup_amostra_insuficiente
1994-07,1994-08,1994,8,2,1.37275,6.3765,0.9300694444444444,16.563676923076926,0.4426805555555555,-10.187176923076926,True,30,,,,,,,,,17.00635747863248,warmup_amostra_insuficiente
1994-08,1994-09,1994,9,2,5.173291666666667,57.4679,5.597930555555556,76.76589999999999,-0.42463888888888945,-19.297999999999988,True,31,,,,,,,,,76.3412611111111,warmup_amostra_insuficiente
1994-09,1994-10,1994,10,2,20.925,114.0829,22.189819444444442,149.10497692307692,-1.2648194444444414,-35.02207692307692,True,32,,,,,,,,,147.84015747863248,warmup_amostra_insuficiente
1994-10,1994-11,1994,11,2,64.47591666666666,151.223,100.38955555555556,201.89913076923074,-35.9136388888889,-50.676130769230724,True,33,,,,,,,,,165.98549188034184,warmup_amostra_insuficiente
1994-11,1994-12,1994,12,2,186.74020833333336,200.9509,202.67672222222222,204.71073076923074,-15.936513888888868,-3.7598307692307458,True,34,,,,,,,,,188.77421688034187,warmup_amostra_insuficiente
1994-12,1995-01,1995,1,2,279.59158333333335,156.6185,252.73677777777777,287.5066999999999,26.854805555555572,-130.8881999999999,True,35,,,,,,,,,314.3615055555555,warmup_amostra_insuficiente
1995-01,1995-02,1995,2,2,274.36741666666666,232.7107,276.60452083333337,226.12978571428576,-2.237104166666711,6.580914285714243,True,36,,,,,,,,,223.89268154761905,warmup_amostra_insuficiente
1995-02,1995-03,1995,3,2,362.008125,218.3206,315.22257291666665,279.8570214285714,46.78555208333336,-61.53642142857137,True,37,,,,,,,,,326.64257351190474,warmup_amostra_insuficiente
1995-03,1995-04,1995,4,2,251.19720833333335,255.6784,212.93279166666667,200.62350714285714,38.264416666666676,55.054892857142875,True,38,,,,,,,,,238.8879238095238,warmup_amostra_insuficiente
1995-04,1995-05,1995,5,2,39.283208333333334,188.1476,30.765343750000007,55.89751428571429,8.517864583333328,132.25008571428572,True,39,,,,,,,,,64.41537886904761,warmup_amostra_insuficiente
1995-05,1995-06,1995,6,2,1.220375,0.5023,1.3958020833333333,9.748985714285714,-0.17542708333333334,-9.246685714285714,True,40,,,,,,,,,9.57355863095238,warmup_amostra_insuficiente
1995-06,1995-07,1995,7,2,0.5357500000000001,1.9521,0.9207291666666667,5.125264285714287,-0.38497916666666665,-3.1731642857142877,True,41,,,,,,,,,4.740285119047621,warmup_amostra_insuficiente
1995-07,1995-08,1995,8,2,0.08933333333333333,1.2264,1.0407395833333333,15.83602142857143,-0.9514062499999999,-14.60962142857143,True,42,,,,,,,,,14.88461517857143,warmup_amostra_insuficiente
1995-08,1995-09,1995,9,2,0.9180416666666668,24.8694,5.491770833333334,75.38747142857142,-4.573729166666667,-50.51807142857142,True,43,,,,,,,,,70.81374226190475,warmup_amostra_insuficiente
1995-09,1995-10,1995,10,2,8.291916666666667,82.7379,21.87361458333333,146.6034,-13.581697916666664,-63.8655,True,44,,,,,,,,,133.02170208333334,warmup_amostra_insuficiente
1995-10,1995-11,1995,11,2,101.13116666666667,247.2129,91.41114583333334,198.2794071428571,9.720020833333336,48.93349285714288,True,45,,,,,,,,,207.99942797619045,warmup_amostra_insuficiente
1995-11,1995-12,1995,12,2,214.60675,191.1246,198.69259375000001,204.44217142857138,15.91415624999999,-13.317571428571398,True,46,,,,,,,,,220.35632767857138,warmup_amostra_insuficiente
1995-12,1996-01,1996,1,2,207.85500000000002,224.1528,259.4504791666667,278.7808199999999,-51.59547916666668,-54.62801999999988,True,47,,,,,,,,,227.1853408333332,warmup_amostra_insuficiente
1996-01,1996-02,1996,2,2,188.911875,225.4247,276.1571,226.56851333333336,-87.245225,-1.1438133333333553,True,48,,,,,,,,,139.32328833333335,warmup_amostra_insuficiente
1996-02,1996-03,1996,3,2,287.0240833333333,302.7974,324.5796833333333,275.75459333333333,-37.55560000000003,27.04280666666665,True,49,,,,,,,,,238.1989933333333,warmup_amostra_insuficiente
1996-03,1996-04,1996,4,2,190.0259583333333,321.9434,220.58567499999998,204.29383333333334,-30.559716666666674,117.64956666666666,True,50,,,,,,,,,173.73411666666667,warmup_amostra_insuficiente
1996-04,1996-05,1996,5,2,31.660833333333333,98.9982,32.46891666666667,64.71418666666666,-0.8080833333333395,34.284013333333334,True,51,,,,,,,,,63.90610333333332,warmup_amostra_insuficiente
1996-05,1996-06,1996,6,2,1.728,0.4652,1.3607166666666666,9.13254,0.3672833333333334,-8.667340000000001,True,52,,,,,,,,,9.499823333333334,warmup_amostra_insuficiente
1996-06,1996-07,1996,7,2,0.9375,1.9521,0.8437333333333333,4.913720000000001,0.09376666666666666,-2.9616200000000017,True,53,,,,,,,,,5.007486666666668,warmup_amostra_insuficiente
1996-07,1996-08,1996,8,2,0.12274999999999998,1.4883,0.8504583333333333,14.862046666666668,-0.7277083333333333,-13.373746666666667,True,54,,,,,,,,,14.134338333333334,warmup_amostra_insuficiente
1996-08,1996-09,1996,9,2,5.626833333333334,9.7369,4.577025000000001,72.0196,1.049808333333333,-62.2827,True,55,,,,,,,,,73.06940833333333,warmup_amostra_insuficiente
1996-09,1996-10,1996,10,2,37.743125,145.0933,19.157275,142.3457,18.58585,2.7476000000000056,True,56,,,,,,,,,160.93155,warmup_amostra_insuficiente
1996-10,1996-11,1996,11,2,126.83516666666667,222.7092,93.35515000000001,201.54163999999997,33.48001666666666,21.167560000000037,True,57,,,,,,,,,235.02165666666662,warmup_amostra_insuficiente
1996-11,1996-12,1996,12,2,261.478875,130.1745,201.875425,203.55433333333332,59.60345000000001,-73.37983333333332,True,58,,,,,,,,,263.1577833333333,warmup_amostra_insuficiente
1996-12,1997-01,1997,1,2,220.28716666666665,403.2083,249.13138333333336,275.36656875,-28.84421666666671,127.84173125000001,True,59,,,,,,,,,246.5223520833333,warmup_amostra_insuficiente
1997-01,1997-02,1997,2,2,254.4394583333333,180.4594,261.6162291666667,226.497025,-7.176770833333393,-46.03762500000002,True,60,,,,,,,,,219.32025416666661,warmup_amostra_insuficiente
1997-02,1997-03,1997,3,2,300.237375,452.1152,318.32041666666663,277.44476875,-18.083041666666645,174.67043125000004,True,61,,,,,,,,,259.36172708333334,warmup_amostra_insuficiente
1997-03,1997-04,1997,4,2,197.14316666666664,290.1342,215.49238888888888,211.64693125,-18.349222222222238,78.48726875000003,True,62,,,,,,,,,193.29770902777776,warmup_amostra_insuficiente
1997-04,1997-05,1997,5,2,20.958375,68.9381,32.33423611111112,66.8569375,-11.375861111111117,2.081162500000005,True,63,,,,,,,,,55.48107638888888,warmup_amostra_insuficiente
1997-05,1997-06,1997,6,2,1.4688333333333334,0.6576,1.4219305555555557,8.59083125,0.04690277777777774,-7.93323125,True,64,,,,,,,,,8.637734027777778,warmup_amostra_insuficiente
1997-06,1997-07,1997,7,2,0.25675,1.9683,0.8593611111111111,4.72861875,-0.6026111111111112,-2.7603187499999997,True,65,,,,,,,,,4.126007638888889,warmup_amostra_insuficiente
1997-07,1997-08,1997,8,2,4.2855,1.2265,0.729173611111111,14.026187499999999,3.556326388888889,-12.7996875,True,66,,,,,,,,,17.582513888888887,warmup_amostra_insuficiente
1997-08,1997-09,1997,9,2,7.484333333333333,47.0877,4.751993055555556,68.12693125,2.7323402777777765,-21.03923125,True,67,,,,,,,,,70.85927152777778,warmup_amostra_insuficiente
1997-09,1997-10,1997,10,2,15.110708333333335,98.1562,22.254916666666663,142.517425,-7.144208333333328,-44.361225000000005,True,68,,,,,,,,,135.37321666666668,warmup_amostra_insuficiente
1997-10,1997-11,1997,11,2,61.732708333333335,75.7109,98.93515277777777,202.86461250000002,-37.20244444444444,-127.15371250000003,True,69,,,,,,,,,165.66216805555558,warmup_amostra_insuficiente
1997-11,1997-12,1997,12,2,200.73495833333334,199.815,211.80933333333337,198.96809374999998,-11.074375000000032,0.8469062500000177,True,70,,,,,,,,,187.89371874999995,warmup_amostra_insuficiente
1997-12,1998-01,1998,1,2,217.318625,347.458,244.3240138888889,282.8866705882353,-27.005388888888916,64.57132941176474,True,71,,,,,,,,,255.88128169934637,warmup_amostra_insuficiente
1998-01,1998-02,1998,2,2,257.64479166666666,127.8253,260.5909761904762,223.7889294117647,-2.9461845238095634,-95.96362941176471,True,72,,,,,,,,,220.84274488795515,warmup_amostra_insuficiente
1998-02,1998-03,1998,3,2,237.16125,242.0988,315.737125,287.7195,-78.575875,-45.62069999999997,True,73,,,,,,,,,209.143625,warmup_amostra_insuficiente
1998-03,1998-04,1998,4,2,145.74604166666668,54.1047,212.87107142857144,216.2638294117647,-67.12502976190476,-162.1591294117647,True,74,,,,,,,,,149.13879964985995,warmup_amostra_insuficiente
1998-04,1998-05,1998,5,2,18.994291666666665,74.6596,30.7091130952381,66.97935882352942,-11.714821428571433,7.680241176470574,True,75,,,,,,,,,55.26453739495799,warmup_amostra_insuficiente
1998-05,1998-06,1998,6,2,1.41475,16.0121,1.4286309523809524,8.124170588235295,-0.013880952380952438,7.887929411764706,True,76,,,,,,,,,8.110289635854341,warmup_amostra_insuficiente
1998-06,1998-07,1998,7,2,0.23445833333333335,3.3565,0.7732738095238095,4.566247058823529,-0.5388154761904762,-1.2097470588235288,True,77,,,,,,,,,4.027431582633053,warmup_amostra_insuficiente
1998-07,1998-08,1998,8,2,0.32366666666666666,1.2501,1.2372202380952382,13.273264705882351,-0.9135535714285715,-12.023164705882351,True,78,,,,,,,,,12.359711134453779,warmup_amostra_insuficiente
1998-08,1998-09,1998,9,2,4.622375,13.3474,5.1423273809523815,66.8893294117647,-0.5199523809523816,-53.541929411764706,True,79,,,,,,,,,66.36937703081233,warmup_amostra_insuficiente
1998-09,1998-10,1998,10,2,14.90975,89.2952,21.23431547619047,139.9079411764706,-6.32456547619047,-50.61274117647059,True,80,,,,,,,,,133.58337570028013,warmup_amostra_insuficiente
1998-10,1998-11,1998,11,2,149.56916666666666,245.1679,93.62051785714286,195.3849823529412,55.9486488095238,49.78291764705881,True,81,,,,,,,,,251.333631162465,warmup_amostra_insuficiente
1998-11,1998-12,1998,12,2,304.7461666666667,138.7974,210.2272797619048,199.01791176470587,94.51888690476187,-60.22051176470586,True,82,,,,,,,,,293.53679866946777,warmup_amostra_insuficiente
1998-12,1999-01,1999,1,2,290.62870833333335,215.817,240.46610119047622,286.4739666666667,50.16260714285713,-70.65696666666668,True,83,,,,,,,,,336.63657380952384,warmup_amostra_insuficiente
1999-01,1999-02,1999,2,2,209.26083333333335,131.3784,260.222703125,218.4576166666667,-50.96186979166666,-87.0792166666667,True,84,,,,,,,,,167.49574687500004,warmup_amostra_insuficiente
1999-02,1999-03,1999,3,2,285.059875,283.9542,305.915140625,285.1850166666666,-20.855265625000015,-1.2308166666666125,True,85,,,,,,,,,264.3297510416666,warmup_amostra_insuficiente
1999-03,1999-04,1999,4,2,180.52200000000002,162.6196,204.48044270833333,207.25498888888887,-23.95844270833331,-44.63538888888888,True,86,,,,,,,,,183.29654618055557,warmup_amostra_insuficiente
1999-04,1999-05,1999,5,2,24.28408333333333,177.0923,29.244760416666665,67.40603888888889,-4.960677083333334,109.68626111111111,True,87,,,,,,,,,62.44536180555555,warmup_amostra_insuficiente
1999-05,1999-06,1999,6,2,3.207541666666667,0.6859,1.4268958333333333,8.56238888888889,1.780645833333334,-7.87648888888889,True,88,,,,,,,,,10.343034722222225,warmup_amostra_insuficiente
1999-06,1999-07,1999,7,2,0.6472916666666667,1.9885,0.705921875,4.499038888888888,-0.05863020833333332,-2.510538888888888,True,89,,,,,,,,,4.440408680555555,warmup_amostra_insuficiente
1999-07,1999-08,1999,8,2,0.18975,1.2624,1.1230260416666666,12.60531111111111,-0.9332760416666667,-11.34291111111111,True,90,,,,,,,,,11.672035069444444,warmup_amostra_insuficiente
1999-08,1999-09,1999,9,2,2.624375,72.5879,5.077333333333334,63.914777777777786,-2.4529583333333336,8.673122222222219,True,91,,,,,,,,,61.46181944444445,warmup_amostra_insuficiente
1999-09,1999-10,1999,10,2,19.652791666666666,112.4277,20.443744791666667,137.09612222222222,-0.7909531250000015,-24.66842222222222,True,92,,,,,,,,,136.30516909722223,warmup_amostra_insuficiente
1999-10,1999-11,1999,11,2,105.883125,349.1067,100.61409895833333,198.15070000000003,5.269026041666677,150.95599999999996,True,93,,,,,,,,,203.4197260416667,warmup_amostra_insuficiente
1999-11,1999-12,1999,12,2,270.45141666666666,242.5365,222.042140625,195.67232777777775,48.40927604166666,46.86417222222224,True,94,,,,,,,,,244.0816038194444,warmup_amostra_insuficiente
1999-12,2000-01,2000,1,2,222.24024999999997,260.085,246.73642708333335,282.7551789473684,-24.49617708333338,-22.670178947368413,True,95,,,,,,,,,258.259001864035,warmup_amostra_insuficiente
2000-01,2000-02,2000,2,2,222.99841666666666,271.7656,254.56027314814816,213.8745,-31.5618564814815,57.891099999999994,True,96,,,,,,,,,182.3126435185185,warmup_amostra_insuficiente
2000-02,2000-03,2000,3,2,280.439625,185.8099,303.59788888888886,285.12023684210527,-23.158263888888882,-99.31033684210527,True,97,,,,,,,,,261.9619729532164,warmup_amostra_insuficiente
2000-03,2000-04,2000,4,2,138.33716666666666,184.1135,201.81839351851852,204.90575789473684,-63.48122685185186,-20.79225789473685,True,98,,,,,,,,,141.42453104288498,warmup_amostra_insuficiente
2000-04,2000-05,2000,5,2,19.0055,53.6399,28.693574074074075,73.179,-9.688074074074073,-19.539100000000005,True,99,,,,,,,,,63.49092592592593,warmup_amostra_insuficiente
2000-05,2000-06,2000,6,2,2.160041666666667,4.8153,1.6247453703703705,8.147836842105264,0.5352962962962964,-3.332536842105264,True,100,,,,,,,,,8.68313313840156,warmup_amostra_insuficiente
2000-06,2000-07,2000,7,2,0.6138750000000001,10.0203,0.6994074074074075,4.366905263157895,-0.08553240740740742,5.653394736842106,True,101,,,,,,,,,4.2813728557504875,warmup_amostra_insuficiente
2000-07,2000-08,2000,8,2,1.2946250000000001,7.9948,1.0193287037037038,12.008315789473684,0.27529629629629637,-4.013515789473685,True,102,,,,,,,,,12.283612085769981,warmup_amostra_insuficiente
2000-08,2000-09,2000,9,2,10.854041666666667,123.9327,4.804782407407408,64.37125789473684,6.04925925925926,59.561442105263154,True,103,,,,,,,,,70.4205171539961,warmup_amostra_insuficiente
2000-09,2000-10,2000,10,2,35.566916666666664,86.4072,20.35586111111111,135.79778421052632,15.211055555555554,-49.39058421052631,True,104,,,,,,,,,151.00883976608188,warmup_amostra_insuficiente
2000-10,2000-11,2000,11,2,79.40162500000001,192.5216,101.1995462962963,206.09575263157896,-21.797921296296295,-13.574152631578954,True,105,,,,,,,,,184.29783133528267,warmup_amostra_insuficiente
2000-11,2000-12,2000,12,2,161.630375,222.6176,227.4209490740741,198.13886315789472,-65.7905740740741,24.47873684210529,True,106,,,,,,,,,132.34828908382062,warmup_amostra_insuficiente
2000-12,2001-01,2001,1,2,303.03862499999997,192.5309,244.01462962962964,281.62167,59.02399537037033,-89.09076999999999,True,107,,,,,,,,,340.64566537037035,warmup_amostra_insuficiente
2001-01,2001-02,2001,2,2,239.76279166666666,153.1069,251.4040875,216.76905500000004,-11.641295833333345,-63.66215500000004,True,108,,,,,,,,,205.1277591666667,warmup_amostra_insuficiente
2001-02,2001-03,2001,3,2,352.86812499999996,249.1479,301.2820625,280.15472,51.58606249999997,-31.006820000000005,True,109,,,,,,,,,331.74078249999997,warmup_amostra_insuficiente
2001-03,2001-04,2001,4,2,203.87170833333334,196.9268,195.47027083333333,203.866145,8.401437500000014,-6.939345000000003,True,110,,,,,,,,,212.2675825,warmup_amostra_insuficiente
2001-04,2001-05,2001,5,2,16.092791666666667,140.175,27.724766666666664,72.202045,-11.631974999999997,67.97295500000001,True,111,,,,,,,,,60.57007,warmup_amostra_insuficiente
2001-05,2001-06,2001,6,2,1.0368333333333333,5.0237,1.678275,7.981210000000002,-0.6414416666666667,-2.957510000000002,True,112,,,,,,,,,7.3397683333333354,warmup_amostra_insuficiente
2001-06,2001-07,2001,7,2,2.0200833333333335,2.3266,0.6908541666666668,4.6495750000000005,1.3292291666666667,-2.3229750000000005,True,113,,,,,,,,,5.978804166666667,warmup_amostra_insuficiente
2001-07,2001-08,2001,8,2,2.6226249999999998,7.2041,1.0468583333333332,11.80764,1.5757666666666665,-4.603539999999999,True,114,,,,,,,,,13.383406666666666,warmup_amostra_insuficiente
2001-08,2001-09,2001,9,2,6.717624999999999,33.0017,5.409708333333334,67.34933000000001,1.3079166666666655,-34.34763000000001,True,115,,,,,,,,,68.65724666666668,warmup_amostra_insuficiente
2001-09,2001-10,2001,10,2,20.22191666666667,130.0808,21.876966666666668,133.328255,-1.6550499999999992,-3.247455000000002,True,116,,,,,,,,,131.67320500000002,warmup_amostra_insuficiente
2001-10,2001-11,2001,11,2,141.99837499999998,196.3446,99.01975416666667,205.417045,42.97862083333331,-9.072444999999988,True,117,,,,,,,,,248.3956658333333,warmup_amostra_insuficiente
2001-11,2001-12,2001,12,2,243.57816666666668,209.0467,220.8418916666667,199.3628,22.736274999999978,9.683899999999994,True,118,,,,,,,,,222.09907499999997,warmup_amostra_insuficiente
2001-12,2002-01,2002,1,2,278.89958333333334,368.8524,249.91702916666668,277.3792523809524,28.98255416666666,91.47314761904761,True,119,,,,,,,,,306.36180654761904,warmup_amostra_insuficiente
2002-01,2002-02,2002,2,2,201.95266666666666,190.9456,250.3457878787879,213.73752380952382,-48.39312121212123,-22.79192380952381,True,120,1992-01,2001-12,-6.976274853240586,0.10359395082457544,0.0027777978310871143,30.85009276461537,201.74801433718702,-11.989509472336806,165.3444025974026,ok
2002-02,2002-03,2002,3,2,317.37925,178.8799,305.97170454545454,278.67820476190474,11.40754545454547,-99.79830476190475,True,121,1992-01,2002-01,-7.055583058044531,0.10790553063231846,0.003069087868595277,31.062756958379566,272.8535589493452,-5.824645812559538,290.0857502164502,ok
2002-03,2002-04,2002,4,2,154.17004166666666,124.7968,196.23403787878786,203.53569999999996,-42.0639962121212,-78.73889999999996,True,122,1992-01,2002-02,-7.8501794065181505,0.09684799752851606,0.0024292513284408512,30.944840125702417,191.6117067922908,-11.923993207709174,161.47170378787877,ok
2002-04,2002-05,2002,5,2,15.266916666666667,103.8934,26.66731439393939,75.43885238095238,-11.400397727272722,28.454547619047617,True,123,1992-01,2002-03,-8.336513006304067,0.11938650545585655,0.0037007427599212717,31.07691228717193,65.74128572918235,-9.697566651770032,64.03845465367966,ok
2002-05,2002-06,2002,6,2,3.5747916666666666,6.7952,1.6199621212121214,7.840376190476191,1.9548295454545452,-1.045176190476191,True,124,1992-01,2002-04,-8.036267282338189,0.11652244896517859,0.0035170312545049764,30.975129087234272,0.03189043408385292,-7.808485756392338,9.795205735930736,ok
2002-06,2002-07,2002,7,2,2.131625,2.1991,0.8116931818181818,4.538957142857143,1.3199318181818183,-2.339857142857143,True,125,1992-01,2002-05,-7.981494997317636,0.11678265882948,0.003532963590420324,30.849274472753677,-3.288392707259591,-7.827349850116734,5.858888961038961,ok
2002-07,2002-08,2002,8,2,2.031125,1.0971,1.1901098484848485,11.588423809523809,0.8410151515151514,-10.49132380952381,True,126,1992-01,2002-06,-7.937488527409399,0.11696262277638601,0.003544037560219704,30.725109810016267,3.7493026200303015,-7.839121189493508,12.42943896103896,ok
2002-08,2002-09,2002,9,2,20.725291666666667,67.2486,5.528609848484849,65.71372857142858,15.196681818181819,1.534871428571421,True,127,1992-01,2002-07,-7.958560988295143,0.11688707559805779,0.0035397609421684573,30.602619325067245,59.531463279654886,-6.182265291773689,80.91041038961039,ok
2002-09,2002-10,2002,10,2,25.11,93.122,21.726507575757577,133.1736142857143,3.383492424242423,-40.05161428571431,True,128,1992-01,2002-08,-7.895548978013945,0.11803887234555571,0.00361866722475801,30.502046317439557,125.67744893804766,-7.496165347666647,136.55710670995674,ok
2002-10,2002-11,2002,11,2,66.08512499999999,141.559,102.9269015151515,204.98502380952382,-36.84177651515151,-63.42602380952383,True,129,1992-01,2002-09,-8.151574136887495,0.11646148999879981,0.003515755073414062,30.38229477563648,192.542801485479,-12.44222232404482,168.14324729437232,ok
2002-11,2002-12,2002,12,2,194.184,198.8721,222.90882575757578,199.8239380952381,-28.724825757575786,-0.9518380952381165,True,130,1992-01,2002-10,-8.505786708318613,0.13115496845952193,0.00447407975521108,30.459607496328346,187.55074777067938,-12.273190324558726,171.09911233766232,ok
2002-12,2003-01,2003,1,2,264.25775,226.3735,252.55180681818183,281.5371227272727,11.705943181818157,-55.16362272727267,True,131,1992-01,2002-11,-8.42620293453817,0.12869827095165956,0.004332029736774601,30.46548785426401,274.61745444009284,-6.919668287179832,293.24306590909083,ok
2003-01,2003-02,2003,2,2,270.3557083333333,242.0345,246.31302777777776,212.70152727272728,24.042680555555563,29.332972727272733,True,132,1992-01,2002-12,-8.8071777720905,0.12290522130910297,0.003939302651029597,30.357901934282395,206.8493204751814,-5.852206797545875,236.74420782828284,ok
2003-02,2003-03,2003,3,2,344.48679166666665,210.3821,306.9223333333333,274.1419181818182,37.564458333333334,-63.75981818181819,True,133,1992-01,2003-01,-8.523474051107637,0.13065003364332575,0.004463468143005245,30.298880955860657,270.52624187575384,-3.6156763060643584,311.70637651515153,ok
2003-03,2003-04,2003,4,2,231.2820416666667,166.9079,192.72870486111108,199.95665909090906,38.5533368055556,-33.048759090909044,True,134,1992-01,2003-02,-9.014887728814333,0.11106807577880067,0.003247266798986015,30.33709566615104,195.2238162959398,-4.732842794969258,238.50999589646466,ok
2003-04,2003-05,2003,5,2,38.479708333333335,100.5299,25.717281249999996,76.7322409090909,12.762427083333339,23.797659090909093,True,135,1992-01,2003-03,-9.241963930341598,0.10181427659958645,0.0027621683948202413,30.386389353536067,68.78967425989386,-7.9425666491970475,89.49466799242424,ok
2003-05,2003-06,2003,6,2,2.8079583333333336,12.2745,1.7828645833333334,7.792868181818182,1.0250937500000001,4.4816318181818176,True,136,1992-01,2003-04,-9.002012050622401,0.10553546773430539,0.0029658640637612033,30.288149525238648,-1.1009601204264556,-8.893828302244637,8.817961931818182,ok
2003-06,2003-07,2003,7,2,0.18979166666666666,1.88,0.9216875,4.4326,-0.7318958333333333,-2.5526,True,137,1992-01,2003-05,-8.903859396486542,0.10583441931182735,0.002981688114244263,30.176719496594394,-4.548719167004122,-8.981319167004122,3.7007041666666667,ok
2003-07,2003-08,2003,8,2,0.9039583333333333,33.5851,1.2601944444444444,11.111545454545455,-0.3562361111111111,22.47355454545454,True,138,1992-01,2003-06,-8.85718386344969,0.10588657625200963,0.002984380334907555,30.067191458177128,2.2166409689528797,-8.894904485592576,10.755309343434345,ok
2003-08,2003-09,2003,9,2,2.6784166666666667,34.1644,6.795000000000001,65.78349545454546,-4.116583333333335,-31.61909545454546,True,139,1992-01,2003-07,-8.630911990091619,0.10623364314354279,0.0029976733227056185,29.958642885826826,56.71526381964985,-9.06823163489561,61.66691212121212,ok
2003-09,2003-10,2003,10,2,18.938458333333333,102.8612,22.008465277777777,131.35308636363638,-3.0700069444444438,-28.491886363636382,True,140,1992-01,2003-08,-8.791236606096659,0.10666529616633434,0.0030188804933733993,29.85484561082341,122.23438655757785,-9.11869980605853,128.28307941919195,ok
2003-10,2003-11,2003,11,2,81.04329166666666,171.1685,99.85675347222222,202.10202272727275,-18.813461805555562,-30.93352272727276,True,141,1992-01,2003-09,-8.928274244482958,0.10687104604688247,0.0030281293318282776,29.750837128777924,191.163134139867,-10.938888587405756,183.2885609217172,ok
2003-11,2003-12,2003,12,2,211.64941666666667,191.1895,220.51509027777783,199.78067272727273,-8.865673611111163,-8.59117272727272,True,142,1992-01,2003-10,-9.063971979848107,0.10959765567673639,0.0031888156254604727,29.695684695863484,189.74504370365173,-10.035629023620999,190.91499911616157,ok
2003-12,2004-01,2004,1,2,288.05075,330.2411,253.52730208333332,279.13870434782604,34.52344791666667,51.10239565217398,True,143,1992-01,2003-11,-9.05402606300762,0.10951695453694794,0.0031853624209914333,29.604545880880245,273.86558116076674,-5.273123187059298,313.6621522644927,ok
2004-01,2004-02,2004,2,2,336.01141666666666,337.9902,248.16246474358974,213.97687391304348,87.84895192307692,124.01332608695654,True,144,1992-01,2003-12,-8.635401117963873,0.12576386817759355,0.00421257554178911,29.62646302766495,216.3896968042732,2.412822891229723,301.82582583612043,ok
2004-02,2004-03,2004,3,2,346.33945833333337,263.3091,309.81190705128205,271.369752173913,36.52755128205132,-8.060652173913013,True,145,1992-01,2004-01,-7.711587552234526,0.20671316685052518,0.01166819328166302,30.38461665508707,271.2088904244863,-0.16086174942671505,307.89730345596433,ok
2004-03,2004-04,2004,4,2,203.35325,153.5851,195.69434615384614,198.5197565217391,7.658903846153862,-44.9346565217391,True,146,1992-01,2004-02,-7.767432612790748,0.2045283314960024,0.011542814114630207,30.423188844395423,192.31878673369053,-6.200969788048582,206.17866036789297,ok
2004-04,2004-05,2004,5,2,14.90975,29.0041,26.699006410256406,77.76692173913042,-11.789256410256405,-48.76282173913042,True,147,1992-01,2004-03,-8.032703439970641,0.20211962196752112,0.011247189978558447,30.324725041901647,67.35137825024057,-10.415543488889853,65.97766532887402,ok
2004-05,2004-06,2004,6,2,1.0582916666666666,11.5046,1.861717948717949,7.987721739130435,-0.8034262820512823,3.5168782608695652,True,148,1992-01,2004-04,-8.28927695890255,0.20523446457435648,0.011568355313452794,30.239616818057236,-0.4664459825938756,-8.45416772172431,7.184295457079152,ok
2004-06,2004-07,2004,7,2,1.104875,24.0552,0.8653878205128205,4.321617391304348,0.23948717948717957,19.733582608695652,True,149,1992-01,2004-05,-8.208933745232233,0.2052352319569002,0.011565095232940248,30.138114919586933,-3.8381651470951303,-8.159782538399478,4.561104570791527,ok
2004-07,2004-08,2004,8,2,0.558125,45.2683,1.2327916666666665,12.08865652173913,-0.6746666666666665,33.17964347826087,True,150,1992-01,2004-06,-8.022804403380595,0.20545083100045694,0.011571049254408883,30.03737711228576,3.92724129104356,-8.161415230695571,11.413989855072463,ok
2004-08,2004-09,2004,9,2,8.402416666666667,24.8521,6.478339743589744,64.40875217391304,1.9240769230769237,-39.556652173913044,True,151,1992-01,2004-07,-7.748990686610569,0.20549046096556103,0.011535736191572,29.93784953788804,57.055140941158754,-7.3536112327542895,66.33282909698997,ok
2004-09,2004-10,2004,10,2,14.943166666666668,156.836,21.7723108974359,130.11430869565217,-6.8291442307692325,26.721691304347843,True,152,1992-01,2004-08,-7.961360579388265,0.2048446471297884,0.01144096434218067,29.83920697688225,120.75403447611355,-9.360274219538624,123.28516446488294,ok
2004-10,2004-11,2004,11,2,64.84325,135.0896,98.40956410256409,200.75708695652176,-33.56631410256409,-65.66748695652177,True,153,1992-01,2004-09,-7.726853894118556,0.20324230262875023,0.011238352369683402,29.74779985263452,186.20813809343818,-14.54894886308358,167.19077285395767,ok
2004-11,2004-12,2004,12,2,223.03270833333332,159.7892,219.8331153846154,199.40714347826088,3.199592948717907,-39.617943478260884,True,154,1992-01,2004-10,-8.046120429491308,0.2154461534852347,0.012643612267007276,29.780932535352463,192.05036304228932,-7.356780435971558,202.60673642697878,ok
2004-12,2005-01,2005,1,2,241.32387500000002,258.8253,256.1829519230769,281.2679708333333,-14.859076923076913,-22.442670833333295,True,155,1992-01,2004-11,-8.255264802795141,0.21444930229769676,0.012504114380382791,29.684991808593544,269.82618735159656,-11.441783481736763,266.40889391025644,ok
2005-01,2005-02,2005,2,2,280.5767916666667,252.3165,254.4373898809524,219.14409583333335,26.139401785714284,33.17240416666664,True,156,1992-01,2004-12,-8.324563390501421,0.2155585324551984,0.012646574873577676,29.616891104394572,216.4541035310173,-2.689992302316057,245.28349761904764,ok
2005-02,2005-03,2005,3,2,327.62399999999997,402.6636,312.42101785714283,271.03389166666665,15.202982142857138,131.62970833333333,True,157,1992-01,2005-01,-8.089587113262787,0.22263337005750658,0.013516571179061798,29.590198318792638,266.32899570279227,-4.704895963874378,286.2368738095238,ok
2005-03,2005-04,2005,4,2,163.134125,143.7686,196.2414107142857,196.64747916666667,-33.107285714285695,-52.87887916666668,True,158,1992-01,2005-02,-7.213607764960468,0.23852995985522718,0.014966201841510873,29.51824994666219,181.5367918693621,-15.110687297304565,163.54019345238098,ok
2005-04,2005-05,2005,5,2,33.0225,73.4273,25.85691666666666,75.7351375,7.165583333333341,-2.307837499999991,True,159,1992-01,2005-03,-7.442156527566067,0.2472786219986245,0.016141902328475344,29.5486465032848,70.0648765449169,-5.670260955083094,82.90072083333334,ok
2005-05,2005-06,2005,6,2,1.0907083333333334,0.5479,1.8043303571428573,8.134258333333333,-0.7136220238095239,-7.586358333333333,True,160,1992-01,2005-04,-7.420948538237986,0.24747619834037837,0.016174604983187124,29.45997268330345,0.5367053295909996,-7.597553003742334,7.420636309523809,ok
2005-06,2005-07,2005,7,2,0.29020833333333335,1.8672,0.8824940476190476,5.14385,-0.5922857142857143,-3.2766499999999996,True,161,1992-01,2005-05,-7.420878985592393,0.24747621941078501,0.016174615548818272,29.368440486975405,-2.423605614974838,-7.567455614974838,4.551564285714285,ok
2005-07,2005-08,2005,8,2,0.6696666666666666,1.159,1.1846011904761904,13.471141666666666,-0.5149345238095238,-12.312141666666665,True,162,1992-01,2005-06,-7.394381099318135,0.24748797994457275,0.01617558054325452,29.277715832868054,5.949320462247192,-7.521821204419474,12.956207142857142,ok
2005-08,2005-09,2005,9,2,3.76925,69.9723,6.61577380952381,62.760558333333336,-2.8465238095238097,7.2117416666666685,True,163,1992-01,2005-07,-7.423784792310747,0.24747227303414573,0.016172881468155098,29.18780288868626,54.63233782363392,-8.128220509699418,59.914034523809526,ok
2005-09,2005-10,2005,10,2,14.106333333333334,43.3954,21.284514880952383,131.2277125,-7.178181547619049,-87.8323125,True,164,1992-01,2005-08,-7.330451014161622,0.24726570878467077,0.01613953687510128,29.100012955037776,122.1223433376813,-9.105369162318695,124.04953095238095,ok
2005-10,2005-11,2005,11,2,71.43120833333333,162.476,96.01197023809523,198.02094166666666,-24.5807619047619,-35.54494166666666,True,165,1992-01,2005-09,-7.804021172752941,0.25076466387867397,0.016404020561769594,29.018479567086025,184.05293399698436,-13.968007669682294,173.44017976190474,ok
2005-11,2005-12,2005,12,2,200.93583333333333,270.7065,220.06165773809525,197.75639583333336,-19.125824404761914,72.95010416666665,True,166,1992-01,2005-10,-7.929789298336287,0.2543962873561726,0.016925891604007814,28.999248008505994,184.96106781379956,-12.795328019533798,178.63057142857144,ok
2005-12,2006-01,2006,1,2,221.44791666666666,166.8556,255.12158928571426,280.370264,-33.67367261904761,-113.51466400000001,True,167,1992-01,2005-11,-7.430262386397204,0.24341739479800392,0.015343329404975958,28.954826554089568,264.74324395139337,-15.627020048606653,246.6965913809524,ok
2006-01,2006-02,2006,2,2,241.28495833333332,230.8724,256.1800166666667,220.470992,-14.895058333333367,10.401408000000004,True,168,1992-01,2005-12,-7.980148651344506,0.2658579836029082,0.018066648178423628,28.99449294686277,208.53087317450778,-11.94011882549222,205.57593366666663,ok
2006-02,2006-03,2006,3,2,351.69629166666664,267.8005,313.43454999999994,276.29908,38.261741666666694,-8.498580000000004,True,169,1992-01,2006-01,-7.851216454277079,0.2637373075501443,0.017790939481129864,28.935654902823746,278.5389122750688,2.2398322750688067,314.5608216666667,ok
2006-03,2006-04,2006,4,2,188.298,429.1988,194.03425833333333,194.53232400000002,-5.736258333333325,234.666476,True,170,1992-01,2006-02,-7.918284108945887,0.26075076693905463,0.017584951095430457,28.987950472965125,185.1183061312769,-9.414017868723107,188.7960656666667,ok
2006-04,2006-05,2006,5,2,20.556791666666665,133.2095,26.334622222222215,75.642824,-5.77783055555555,57.56667599999999,True,171,1992-01,2006-03,-6.500975719138846,0.25319569235708544,0.01498478465260411,28.907758680344696,67.67892647302534,-7.963897526974662,69.86499344444445,ok
2006-05,2006-06,2006,6,2,1.5767083333333334,0.6042,1.7567555555555556,7.830804,-0.18004722222222225,-7.226604,True,172,1992-01,2006-04,-6.122747579597565,0.25116035029170286,0.014647646626238964,28.828363210889478,1.6628356970000533,-6.167968302999946,7.650756777777778,ok
2006-06,2006-07,2006,7,2,1.3169583333333332,1.5265,0.8430083333333334,5.012783999999999,0.47394999999999987,-3.486283999999999,True,173,1992-01,2006-05,-6.128878628791785,0.25115163980778243,0.014646758762670298,28.744790865839423,-0.9970613091048877,-6.009845309104887,5.4867339999999984,ok
2006-07,2006-08,2006,8,2,0.8594166666666667,12.4889,1.1502722222222224,12.978655999999999,-0.29085555555555564,-0.48975599999999986,True,174,1992-01,2006-06,-6.114332273298821,0.25118381419728536,0.014650641268922127,28.661783256165343,6.791265518876263,-6.187390481123736,12.687800444444443,ok
2006-08,2006-09,2006,9,2,8.229625,73.0467,6.426005555555556,63.049028,1.8036194444444442,9.997672000000001,True,175,1992-01,2006-07,-6.081718603309857,0.25122559675960754,0.01465478365082351,28.579682273376065,57.42042476794793,-5.628603232052072,64.85264744444444,ok
2006-09,2006-10,2006,10,2,20.333541666666665,156.2402,20.805969444444447,127.71441999999999,-0.47242777777778144,28.525779999999997,True,176,1992-01,2006-08,-5.992481877451797,0.25156818261723934,0.014689369336633673,28.498042778785962,121.60309032507473,-6.111329674925258,127.24199222222221,ok
2006-10,2006-11,2006,11,2,79.41233333333334,160.8529,94.37325277777776,196.59914399999997,-14.960919444444428,-35.74624399999996,True,177,1992-01,2006-09,-5.7965239748805955,0.2517724803317126,0.014684390579494111,28.417399827944415,187.03587222854867,-9.563271771451298,181.63822455555555,ok
2006-11,2006-12,2006,12,2,187.22025,150.7779,218.7866027777778,200.67440000000002,-31.56635277777781,-49.89650000000003,True,178,1992-01,2006-10,-5.940156774457892,0.25426607785479066,0.01497493475431999,28.36349012372879,186.70799051255588,-13.966409487444139,169.1080472222222,ok
2006-12,2007-01,2007,1,2,254.001625,243.8694,252.87667777777776,276.0043153846154,1.1249472222222323,-32.13491538461537,True,179,1992-01,2006-11,-6.129176439551421,0.26178428047479085,0.015925526665793055,28.39139455140719,270.1696324442055,-5.834682940409891,277.12926260683764,ok
2007-01,2007-02,2007,2,2,318.00391666666667,391.6001,255.24907552083332,220.87104615384618,62.75484114583335,170.72905384615382,True,180,1992-01,2006-12,-6.276043163788257,0.26129518095746807,0.015850129954144143,28.311961835170845,230.9925405632156,10.121494409369433,283.62588729967956,ok
2007-02,2007-03,2007,3,2,333.9184166666667,144.3091,315.82590885416664,275.9722115384615,18.09250781250006,-131.66311153846152,True,181,1992-01,2007-01,-5.306081924556479,0.3309028508859647,0.02488752530891225,28.5995275632561,276.6529920287379,0.6807804902763905,294.0647193509616,ok
2007-03,2007-04,2007,4,2,156.62158333333335,203.9629,193.67574218750002,203.5579576923077,-37.05415885416667,0.4049423076922949,True,182,1992-01,2007-02,-6.051794014002205,0.31374642785424817,0.0218974519589612,28.548267469635032,185.88055370066684,-17.67740399164086,166.50379883814102,ok
2007-04,2007-05,2007,5,2,19.742083333333333,59.8926,25.9735078125,77.85692692307693,-6.231424479166666,-17.964326923076925,True,183,1992-01,2007-03,-5.958523630988753,0.3094102337996201,0.02148018482759606,28.609886380960653,69.97033678708455,-7.886590135992378,71.62550244391026,ok
2007-05,2007-06,2007,6,2,0.4967916666666667,0.6092,1.7455026041666666,7.5528576923076916,-1.2487109374999998,-6.943657692307692,True,184,1992-01,2007-04,-6.012859836953541,0.30974298179559073,0.021525591668276944,28.537117151794348,1.1532184061721331,-6.399639286135558,6.304146754807691,ok
2007-06,2007-07,2007,7,2,0.6585416666666667,2.6528,0.8726302083333333,4.878696153846153,-0.21408854166666658,-2.2258961538461532,True,185,1992-01,2007-05,-6.015800741312621,0.30974277913794324,0.021525555018521603,28.460182546053623,-1.2034169673438901,-6.082113121190043,4.664607612179487,ok
2007-07,2007-08,2007,8,2,0.5469583333333333,1.474,1.1320937500000001,12.959819230769229,-0.5851354166666668,-11.485819230769229,True,186,1992-01,2007-06,-5.995032006231302,0.3097708019362679,0.021529054333243147,28.38346996911442,6.783529357275782,-6.176289873493447,12.374683814102562,ok
2007-08,2007-09,2007,9,2,5.162416666666667,24.48,6.5387317708333335,63.43355384615385,-1.3763151041666664,-38.95355384615385,True,187,1992-01,2007-07,-6.023457894400308,0.30974555667158926,0.02152478485009368,28.307493778673887,56.983788463657916,-6.449765382495933,62.057238741987184,ok
2007-09,2007-10,2007,10,2,16.617333333333335,90.3212,20.776442708333335,128.8115653846154,-4.159109375,-38.49036538461539,True,188,1992-01,2007-08,-6.196327462928198,0.30976325730237847,0.02149323348921728,28.23246536675436,121.32689865421034,-7.484666730405053,124.65245600961539,ok
2007-10,2007-11,2007,11,2,79.06683333333334,140.1645,93.4381953125,195.22428846153844,-14.371361979166664,-55.05978846153843,True,189,1992-01,2007-09,-6.359603217545811,0.3103551940492229,0.02154391471235284,28.1601672243543,184.40445840819672,-10.819830053341718,180.85292648237177,ok
2007-11,2007-12,2007,12,2,240.944375,154.6319,216.81370572916666,198.75530384615388,24.13066927083335,-44.12340384615388,True,190,1992-01,2007-10,-6.587139722686911,0.3142025944867438,0.02202987986088112,28.10878306303547,199.75008301506435,0.994779168910469,222.88597311698723,ok
2007-12,2008-01,2008,1,2,195.21062500000002,277.9576,252.94698697916664,274.81413333333336,-57.73636197916662,3.1434666666666544,True,191,1992-01,2007-11,-6.832863731485953,0.30657195254934416,0.02102072779294517,28.08331761207381,250.2809203767986,-24.533212956534754,217.07777135416674,ok
2008-01,2008-02,2008,2,2,355.6490833333333,227.3554,258.9405367647059,227.19434444444445,96.70854656862741,0.1610555555555493,True,192,1992-01,2007-12,-6.704343326916863,0.2964207520104418,0.020064298890976717,28.333028014246448,249.15642121723695,21.9620767727925,323.9028910130719,ok
2008-02,2008-03,2008,3,2,277.95091666666667,291.7903,316.8901740196078,271.0958,-38.93925735294113,20.694500000000005,True,193,1992-01,2008-01,-6.83078884419869,0.2833338289125824,0.019479106848378724,29.081862324223742,253.23220227498004,-17.863597725019957,232.15654264705887,ok
2008-03,2008-04,2008,4,2,204.1955,198.2004,191.49608578431375,203.57295555555558,12.69941421568626,-5.372555555555579,True,194,1992-01,2008-02,-6.642889615839376,0.27448051924286904,0.01842018625677755,29.148923752515532,200.41580774771805,-3.157147807837532,216.27236977124184,ok
2008-04,2008-05,2008,5,2,22.24191666666667,156.4351,25.606953431372546,77.19158148148148,-3.365036764705877,79.24351851851853,True,195,1992-01,2008-03,-6.654466171474326,0.2742938754104706,0.018416679574523087,29.085501013025045,69.61410633491727,-7.577475146564211,73.8265447167756,ok
2008-05,2008-06,2008,6,2,2.9484583333333334,1.2231,1.672049019607843,7.295685185185184,1.2764093137254904,-6.072585185185185,True,196,1992-01,2008-04,-6.21285554580839,0.27313279173058247,0.018062799999308488,29.01277576354702,1.4314588786255544,-5.86422630655963,8.572094498910674,ok
2008-06,2008-07,2008,7,2,1.4954166666666666,1.8809,0.8600367647058823,4.796255555555555,0.6353799019607843,-2.915355555555555,True,197,1992-01,2008-05,-6.213916756006914,0.27312971317069124,0.0180630390530514,28.938809072737474,-1.2441200700743884,-6.0403756256299435,5.4316354575163395,ok
2008-07,2008-08,2008,8,2,0.9486666666666667,10.0751,1.0976740196078432,12.534418518518518,-0.1490073529411765,-2.4593185185185167,True,198,1992-01,2008-06,-6.1980951232653965,0.2731635327294708,0.01806751670646134,28.865429803900238,6.295620020321042,-6.238798498197475,12.385411165577342,ok
2008-08,2008-09,2008,9,2,6.642,35.7506,6.4577720588235294,61.99082962962963,0.1842279411764709,-26.24022962962963,True,199,1992-01,2008-07,-6.179076828117934,0.27318629338513184,0.018070201520230533,28.792729910442088,55.86208134989967,-6.128748279729962,62.1750575708061,ok
2008-09,2008-10,2008,10,2,27.598625000000002,71.4708,20.531789215686278,127.38599629629628,7.066835784313724,-55.91519629629629,True,200,1992-01,2008-08,-6.279816674614013,0.2730252384559223,0.018038785369026922,28.7205114962999,123.03560414682337,-4.35039214947291,134.45283208061,ok
2008-10,2008-11,2008,11,2,90.61195833333333,228.8043,92.59282107843137,193.185037037037,-1.9808627450980367,35.619262962963006,True,201,1992-01,2008-09,-6.539150293037643,0.2704681494234628,0.017646811556989106,28.651834123208307,186.11012646307083,-7.074910573966179,191.20417429193895,ok
2008-11,2008-12,2008,12,2,218.95916666666668,198.2564,218.2331568627451,197.12110370370374,0.7260098039215848,1.135296296296275,True,202,1992-01,2008-10,-6.328044639355288,0.2702386307396546,0.017570755745929367,28.581439019521536,190.98925495966378,-6.1318487440399565,197.84711350762532,ok
2008-12,2009-01,2009,1,2,256.25595833333335,176.1671,249.55073039215682,274.9264,6.705227941176531,-98.7593,True,203,1992-01,2008-11,-6.292158797176079,0.27031872771285254,0.01757998581773379,28.510759004352995,270.44678988890746,-4.479610111092541,281.63162794117653,ok
2009-01,2009-02,2009,2,2,259.47929166666665,173.2144,264.31323379629634,227.20009642857144,-4.8339421296296905,-53.98569642857143,True,204,1992-01,2008-12,-6.75897456338196,0.26587688457694486,0.01680548185446007,28.443328512012904,219.1558883915383,-8.044208037033144,222.36615429894175,ok
2009-02,2009-03,2009,3,2,277.2366666666667,237.6584,314.7268819444444,271.83488928571427,-37.490215277777736,-34.17648928571427,True,205,1992-01,2009-01,-6.981957078478662,0.26692805650032,0.016886598526217322,28.376665915409223,254.84574190535977,-16.989147380354495,234.34467400793653,ok
2009-03,2009-04,2009,4,2,206.7012083333333,291.4855,192.2016087962963,203.3810785714286,14.499599537037,88.10442142857141,True,206,1992-01,2009-02,-7.060718361196134,0.2706825691548779,0.01748610846720411,28.435292938979625,200.24514906463452,-3.1359295067940707,217.8806781084656,ok
2009-04,2009-05,2009,5,2,30.812749999999998,287.1656,25.42000694444444,80.02170714285715,5.392743055555556,207.14389285714282,True,207,1992-01,2009-03,-6.60989192808789,0.2792854490155252,0.01840268923402333,28.381302048930902,74.91792988046545,-5.103777262391702,85.41445019841271,ok
2009-05,2009-06,2009,6,2,4.611625,15.2435,1.742960648148148,7.0788071428571415,2.868664351851852,8.164692857142857,True,208,1992-01,2009-04,-5.579991156383042,0.287623445124298,0.018335580755936665,28.314289827069256,2.32391111025899,-4.754896032598151,9.947471494708994,ok
2009-06,2009-07,2009,7,2,1.3839583333333334,2.7198,0.895335648148148,4.692135714285714,0.48862268518518537,-1.9723357142857134,True,209,1992-01,2009-05,-5.5178286466628865,0.2879332698777496,0.01837204129038017,28.246509171999165,-0.6850022048953562,-5.37713791918107,5.180758399470899,ok
2009-07,2009-08,2009,8,2,4.330125,15.226,1.0893958333333336,12.446585714285714,3.240729166666666,2.779414285714287,True,210,1992-01,2009-06,-5.501578954452142,0.28796601430325913,0.018376139394973734,28.178997839459498,7.878226621394894,-4.5683590928908195,15.68731488095238,ok
2009-08,2009-09,2009,9,2,8.747958333333333,49.6335,6.468006944444444,61.05367857142858,2.2799513888888887,-11.420178571428579,True,211,1992-01,2009-07,-5.466546887471033,0.2881573932239208,0.01840085215296705,28.11232246434464,56.24411653285702,-4.809562038571556,63.33362996031747,ok
2009-09,2009-10,2009,10,2,33.669666666666664,145.1622,20.924391203703706,125.38902499999999,12.745275462962958,19.773175000000023,True,212,1992-01,2009-08,-5.497872182668806,0.2880240582494702,0.01838430107268163,28.04586292687148,123.56209877968118,-1.8269262203188106,138.13430046296295,ok
2009-10,2009-11,2009,11,2,66.75483333333334,129.9771,92.48277314814815,194.45715357142853,-25.727939814814818,-64.48005357142853,True,213,1992-01,2009-09,-5.394662973185918,0.2898088626901688,0.018617967112941725,27.991246603722963,181.60630562115003,-12.850847950278506,168.72921375661372,ok
2009-11,2009-12,2009,12,2,226.82704166666667,238.1976,218.27349074074073,197.16165000000004,8.553550925925947,41.03594999999996,True,214,1992-01,2009-10,-5.627373080701095,0.2974124825833226,0.019589617307810503,27.98560768867678,194.07820973508146,-3.083440264918579,205.71520092592598,ok
2009-12,2010-01,2010,1,2,282.38145833333334,206.4191,249.9232430555555,271.5209068965517,32.45821527777784,-65.10180689655172,True,215,1992-01,2009-11,-5.419422830634324,0.29995497559097895,0.019879162686113228,27.924862545162892,275.83748723728996,4.3165803407382555,303.9791221743295,ok
2010-01,2010-02,2010,2,2,212.33516666666665,189.3031,264.0588157894737,225.33852068965518,-51.723649122807075,-36.03542068965518,True,216,1992-01,2009-12,-5.753527498701449,0.2861838122831061,0.018132868578509376,27.942047933895545,204.78252209979507,-20.55599858986011,173.6148715668481,ok
2010-02,2010-03,2010,3,2,318.10470833333335,170.6808,312.7537127192982,270.6563896551724,5.350995614035128,-99.9755896551724,True,217,1992-01,2010-01,-5.819555775400361,0.2907653685665597,0.018981433417655014,28.106630983130223,266.392718091685,-4.263671563487378,276.00738526920753,ok
2010-03,2010-04,2010,4,2,182.6280833333333,179.409,192.9647456140351,206.41916206896553,-10.336662280701802,-27.010162068965542,True,218,1992-01,2010-02,-6.262695244005034,0.2871364340694042,0.018304398269903932,28.043320360872602,197.18843447750007,-9.230727591465467,196.08249978826373,ok
2010-04,2010-05,2010,5,2,15.467666666666666,36.5434,25.70383552631579,87.16460000000001,-10.236168859649123,-50.62120000000001,True,219,1992-01,2010-03,-6.342764402547055,0.2880896713041785,0.018425296313444584,27.98977991109919,77.87290107526256,-9.291698924737446,76.92843114035088,ok
2010-05,2010-06,2010,6,2,0.367125,8.1085,1.8939429824561402,7.3603482758620675,-1.5268179824561403,0.7481517241379319,True,220,1992-01,2010-04,-6.5279842233898115,0.29027023781375827,0.018667637092596,27.93650018429493,0.38917423360638953,-6.971174042255678,5.833530293405927,ok
2010-06,2010-07,2010,7,2,0.20095833333333335,1.8517,0.9210526315789472,4.624124137931034,-0.7200942982456139,-2.7724241379310337,True,221,1992-01,2010-05,-6.49307233308837,0.29025606802660503,0.018664425166035725,27.873595631309104,-2.0779599347744853,-6.702084072705519,3.90402983968542,ok
2010-07,2010-08,2010,8,2,0.20095833333333335,1.1641,1.2599605263157896,12.542427586206896,-1.0590021929824562,-11.378327586206897,True,222,1992-01,2010-06,-6.475357519928272,0.29026733694087825,0.01866550164988867,27.81081127206981,5.759676319907057,-6.782751266299839,11.48342539322444,ok
2010-08,2010-09,2010,9,2,1.1880833333333334,2.3148,6.588004385964912,60.65987931034483,-5.399921052631579,-58.34507931034483,True,223,1992-01,2010-07,-6.4959703917278535,0.2902632819700614,0.01866448410212429,27.748565397321936,52.596510111500905,-8.063369198843922,55.25995825771325,ok
2010-09,2010-10,2010,10,2,13.302666666666667,136.1532,21.5951951754386,126.07085862068966,-8.292528508771934,10.082341379310336,True,224,1992-01,2010-08,-6.718935942409642,0.29148933077665745,0.018760267477317738,27.68985623246847,116.93473909281174,-9.136119527877923,117.77833011191773,ok
2010-10,2010-11,2010,11,2,87.32883333333332,142.1422,91.12867105263159,192.23370344827583,-3.7998377192982673,-50.09150344827583,True,225,1992-01,2010-09,-6.6345157637684,0.29069950736755357,0.018657098493495172,27.635330814162323,184.49457673143078,-7.73912671684505,188.43386572897757,ok
2010-11,2010-12,2010,12,2,242.29487500000002,168.2896,218.7236776315789,198.57668275862073,23.57119736842111,-30.287082758620727,True,226,1992-01,2010-10,-6.821120095427499,0.29132531071309603,0.01869363095642329,27.57592930487765,198.62244906042824,0.04576630180750385,222.14788012704184,ok
2010-12,2011-01,2011,1,2,297.7264166666667,274.405,251.63157017543855,269.35084666666665,46.09484649122814,5.054153333333318,True,227,1992-01,2010-11,-6.959820296819987,0.2869569390954061,0.018189907281712214,27.554830370635255,275.6182624270421,6.267415760375457,315.44569315789477,ok
1991-01,1991-03,1991,3,3,369.6304583333333,354.0018,,294.42467999999997,,59.577120000000036,False,0,,,,,,,,,,anomalia_indisponivel_para_linha_avaliada
1991-02,1991-04,1991,4,3,218.44070833333333,214.6288,,206.46041999999997,,8.168380000000042,False,0,,,,,,,,,,anomalia_indisponivel_para_linha_avaliada
1991-03,1991-05,1991,5,3,23.837666666666667,128.0413,,48.429050000000004,,79.61225,False,0,,,,,,,,,,anomalia_indisponivel_para_linha_avaliada
1991-04,1991-06,1991,6,3,1.0043333333333333,0.7033,,9.38869,,-8.68539,False,0,,,,,,,,,,anomalia_indisponivel_para_linha_avaliada
1991-05,1991-07,1991,7,3,1.071375,1.9531,,6.404940000000001,,-4.451840000000001,False,0,,,,,,,,,,anomalia_indisponivel_para_linha_avaliada
1991-06,1991-08,1991,8,3,1.2722916666666666,1.2135,,16.050330000000002,,-14.836830000000003,False,0,,,,,,,,,,anomalia_indisponivel_para_linha_avaliada
1991-07,1991-09,1991,9,3,6.048041666666666,73.9762,,73.19717999999999,,0.7790200000000169,False,0,,,,,,,,,,anomalia_indisponivel_para_linha_avaliada
1991-08,1991-10,1991,10,3,22.018666666666665,58.2752,,169.18448999999998,,-110.90928999999998,False,0,,,,,,,,,,anomalia_indisponivel_para_linha_avaliada
1991-09,1991-11,1991,11,3,130.49633333333333,141.8015,,204.26054000000002,,-62.459040000000016,False,0,,,,,,,,,,anomalia_indisponivel_para_linha_avaliada
1991-10,1991-12,1991,12,3,226.269,139.2974,,206.55659999999997,,-67.25919999999996,False,0,,,,,,,,,,anomalia_indisponivel_para_linha_avaliada
1991-11,1992-01,1992,1,3,263.6773333333333,307.6078,,296.8603363636363,,10.747463636363705,False,0,,,,,,,,,,anomalia_indisponivel_para_linha_avaliada
1991-12,1992-02,1992,2,3,254.93433333333334,144.7331,,218.7978454545455,,-74.06474545454549,False,0,,,,,,,,,,anomalia_indisponivel_para_linha_avaliada
1992-01,1992-03,1992,3,3,330.52575,155.372,369.6304583333333,299.8407818181818,-39.10470833333329,-144.4687818181818,True,0,,,,,,,,,260.73607348484853,warmup_amostra_insuficiente
1992-02,1992-04,1992,4,3,188.4059583333333,102.9542,218.44070833333333,207.20299999999997,-30.03475000000003,-104.24879999999997,True,1,,,,,,,,,177.16824999999994,warmup_amostra_insuficiente
1992-03,1992-05,1992,5,3,13.447833333333334,24.3743,23.837666666666667,55.66652727272728,-10.389833333333334,-31.292227272727278,True,2,,,,,,,,,45.276693939393944,warmup_amostra_insuficiente
1992-04,1992-06,1992,6,3,2.00875,1.0095,1.0043333333333333,8.599109090909092,1.0044166666666667,-7.589609090909092,True,3,,,,,,,,,9.60352575757576,warmup_amostra_insuficiente
1992-05,1992-07,1992,7,3,0.6473333333333334,2.0289,1.071375,6.000227272727273,-0.42404166666666654,-3.9713272727272733,True,4,,,,,,,,,5.576185606060607,warmup_amostra_insuficiente
1992-06,1992-08,1992,8,3,0.4799583333333333,13.0445,1.2722916666666666,14.701527272727276,-0.7923333333333333,-1.6570272727272766,True,5,,,,,,,,,13.909193939393942,warmup_amostra_insuficiente
1992-07,1992-09,1992,9,3,3.045625,135.5711,6.048041666666666,73.26799999999999,-3.0024166666666665,62.303100000000015,True,6,,,,,,,,,70.26558333333332,warmup_amostra_insuficiente
1992-08,1992-10,1992,10,3,16.606041666666666,62.0723,22.018666666666665,159.10182727272726,-5.4126249999999985,-97.02952727272726,True,7,,,,,,,,,153.68920227272727,warmup_amostra_insuficiente
1992-09,1992-11,1992,11,3,105.25679166666667,214.2915,130.49633333333333,198.58244545454545,-25.239541666666653,15.709054545454563,True,8,,,,,,,,,173.3429037878788,warmup_amostra_insuficiente
1992-10,1992-12,1992,12,3,214.12683333333334,239.5717,226.269,200.44212727272725,-12.142166666666668,39.129572727272745,True,9,,,,,,,,,188.29996060606058,warmup_amostra_insuficiente
1992-11,1993-01,1993,1,3,278.52,121.8043,263.6773333333333,297.75595833333324,14.842666666666673,-175.95165833333323,True,10,,,,,,,,,312.5986249999999,warmup_amostra_insuficiente
1992-12,1993-02,1993,2,3,300.948625,307.8407,254.93433333333334,212.62578333333337,46.01429166666665,95.21491666666665,True,11,,,,,,,,,258.640075,warmup_amostra_insuficiente
1993-01,1993-03,1993,3,3,345.7144583333333,153.1779,350.07810416666666,287.80171666666666,-4.363645833333351,-134.62381666666667,True,12,,,,,,,,,283.4380708333333,warmup_amostra_insuficiente
1993-02,1993-04,1993,4,3,184.993125,250.0943,203.42333333333332,198.51559999999998,-18.430208333333326,51.578700000000026,True,13,,,,,,,,,180.08539166666665,warmup_amostra_insuficiente
1993-03,1993-05,1993,5,3,37.75425,95.5974,18.64275,53.058841666666666,19.1115,42.53855833333333,True,14,,,,,,,,,72.17034166666667,warmup_amostra_insuficiente
1993-04,1993-06,1993,6,3,2.030375,0.586,1.5065416666666667,7.966641666666668,0.5238333333333332,-7.380641666666667,True,15,,,,,,,,,8.490475,warmup_amostra_insuficiente
1993-05,1993-07,1993,7,3,3.002125,1.8793,0.8593541666666666,5.669283333333335,2.1427708333333335,-3.7899833333333355,True,16,,,,,,,,,7.812054166666669,warmup_amostra_insuficiente
1993-06,1993-08,1993,8,3,2.9127916666666667,40.5665,0.8761249999999999,14.56344166666667,2.0366666666666666,26.00305833333333,True,17,,,,,,,,,16.600108333333335,warmup_amostra_insuficiente
1993-07,1993-09,1993,9,3,4.665583333333333,56.4376,4.546833333333333,78.45992499999998,0.11875000000000036,-22.02232499999998,True,18,,,,,,,,,78.57867499999999,warmup_amostra_insuficiente
1993-08,1993-10,1993,10,3,32.620666666666665,126.1723,19.312354166666665,151.01603333333333,13.3083125,-24.84373333333332,True,19,,,,,,,,,164.32434583333333,warmup_amostra_insuficiente
1993-09,1993-11,1993,11,3,111.61808333333333,225.9903,117.8765625,199.8915333333333,-6.258479166666675,26.098766666666677,True,20,,,,,,,,,193.63305416666662,warmup_amostra_insuficiente
1993-10,1993-12,1993,12,3,265.2620416666667,216.8044,220.19791666666669,203.70292499999996,45.06412499999999,13.101475000000022,True,21,,,,,,,,,248.76704999999995,warmup_amostra_insuficiente
1993-11,1994-01,1994,1,3,327.8473333333333,330.218,271.09866666666665,284.2212153846153,56.74866666666668,45.99678461538474,True,22,,,,,,,,,340.96988205128196,warmup_amostra_insuficiente
1993-12,1994-02,1994,2,3,348.5764583333334,306.4669,277.9414791666667,219.95000769230774,70.63497916666671,86.51689230769227,True,23,,,,,,,,,290.58498685897445,warmup_amostra_insuficiente
1994-01,1994-03,1994,3,3,392.0843333333333,311.1998,348.6235555555556,277.4460384615385,43.46077777777771,33.753761538461504,True,24,,,,,,,,,320.9068162393162,warmup_amostra_insuficiente
1994-02,1994-04,1994,4,3,242.60045833333334,176.4476,197.27993055555555,202.48319230769232,45.320527777777784,-26.035592307692326,True,25,,,,,,,,,247.8037200854701,warmup_amostra_insuficiente
1994-03,1994-05,1994,5,3,42.45254166666667,50.2617,25.01325,56.33103846153846,17.43929166666667,-6.0693384615384645,True,26,,,,,,,,,73.77033012820513,warmup_amostra_insuficiente
1994-04,1994-06,1994,6,3,3.7150833333333337,40.3001,1.681152777777778,7.398900000000001,2.033930555555556,32.9012,True,27,,,,,,,,,9.432830555555558,warmup_amostra_insuficiente
1994-05,1994-07,1994,7,3,0.6139583333333333,1.843,1.573611111111111,5.3777461538461555,-0.9596527777777778,-3.5347461538461555,True,28,,,,,,,,,4.418093376068378,warmup_amostra_insuficiente
1994-06,1994-08,1994,8,3,1.4508333333333334,6.3765,1.5550138888888887,16.563676923076926,-0.10418055555555528,-10.187176923076926,True,29,,,,,,,,,16.45949636752137,warmup_amostra_insuficiente
1994-07,1994-09,1994,9,3,6.8040416666666665,57.4679,4.586416666666666,76.76589999999999,2.217625000000001,-19.297999999999988,True,30,,,,,,,,,78.98352499999999,warmup_amostra_insuficiente
1994-08,1994-10,1994,10,3,25.210458333333335,114.0829,23.748458333333332,149.10497692307692,1.4620000000000033,-35.02207692307692,True,31,,,,,,,,,150.56697692307694,warmup_amostra_insuficiente
1994-09,1994-11,1994,11,3,87.01558333333332,151.223,115.79040277777779,201.89913076923074,-28.77481944444446,-50.676130769230724,True,32,,,,,,,,,173.12431132478628,warmup_amostra_insuficiente
1994-10,1994-12,1994,12,3,194.63041666666666,200.9509,235.2192916666667,204.71073076923074,-40.58887500000003,-3.7598307692307458,True,33,,,,,,,,,164.1218557692307,warmup_amostra_insuficiente
1994-11,1995-01,1995,1,3,311.408625,156.6185,290.0148888888889,287.5066999999999,21.39373611111108,-130.8881999999999,True,34,,,,,,,,,308.900436111111,warmup_amostra_insuficiente
1994-12,1995-02,1995,2,3,277.653625,232.7107,301.4864722222223,226.12978571428576,-23.832847222222313,6.580914285714243,True,35,,,,,,,,,202.29693849206345,warmup_amostra_insuficiente
1995-01,1995-03,1995,3,3,335.03433333333334,218.3206,359.48875,279.8570214285714,-24.454416666666646,-61.53642142857137,True,36,,,,,,,,,255.40260476190474,warmup_amostra_insuficiente
1995-02,1995-04,1995,4,3,180.67316666666667,255.6784,208.6100625,200.62350714285714,-27.936895833333324,55.054892857142875,True,37,,,,,,,,,172.6866113095238,warmup_amostra_insuficiente
1995-03,1995-05,1995,5,3,20.70175,188.1476,29.373072916666665,55.89751428571429,-8.671322916666664,132.25008571428572,True,38,,,,,,,,,47.226191369047626,warmup_amostra_insuficiente
1995-04,1995-06,1995,6,3,0.367125,0.5023,2.189635416666667,9.748985714285714,-1.822510416666667,-9.246685714285714,True,39,,,,,,,,,7.926475297619048,warmup_amostra_insuficiente
1995-05,1995-07,1995,7,3,0.10049999999999999,1.9521,1.3336979166666667,5.125264285714287,-1.2331979166666667,-3.1731642857142877,True,40,,,,,,,,,3.8920663690476207,warmup_amostra_insuficiente
1995-06,1995-08,1995,8,3,0.078125,1.2264,1.52896875,15.83602142857143,-1.45084375,-14.60962142857143,True,41,,,,,,,,,14.385177678571429,warmup_amostra_insuficiente
1995-07,1995-09,1995,9,3,2.3219583333333333,24.8694,5.140822916666666,75.38747142857142,-2.818864583333333,-50.51807142857142,True,42,,,,,,,,,72.56860684523808,warmup_amostra_insuficiente
1995-08,1995-10,1995,10,3,14.039333333333333,82.7379,24.113958333333333,146.6034,-10.074625,-63.8655,True,43,,,,,,,,,136.528775,warmup_amostra_insuficiente
1995-09,1995-11,1995,11,3,96.96249999999999,247.2129,108.59669791666667,198.2794071428571,-11.634197916666679,48.93349285714288,True,44,,,,,,,,,186.64520922619045,warmup_amostra_insuficiente
1995-10,1995-12,1995,12,3,209.183125,191.1246,225.07207291666668,204.44217142857138,-15.888947916666694,-13.317571428571398,True,45,,,,,,,,,188.5532235119047,warmup_amostra_insuficiente
1995-11,1996-01,1996,1,3,334.3090833333333,224.1528,295.3633229166667,278.7808199999999,38.945760416666644,-54.62801999999988,True,46,,,,,,,,,317.72658041666654,warmup_amostra_insuficiente
1995-12,1996-02,1996,2,3,334.5081666666667,225.4247,295.5282604166667,226.56851333333336,38.97990625,-1.1438133333333553,True,47,,,,,,,,,265.5484195833334,warmup_amostra_insuficiente
1996-01,1996-03,1996,3,3,366.6059583333333,302.7974,354.5978666666666,275.75459333333333,12.0080916666667,27.04280666666665,True,48,,,,,,,,,287.76268500000003,warmup_amostra_insuficiente
1996-02,1996-04,1996,4,3,202.32725000000002,321.9434,203.02268333333333,204.29383333333334,-0.6954333333333125,117.64956666666666,True,49,,,,,,,,,203.59840000000003,warmup_amostra_insuficiente
1996-03,1996-05,1996,5,3,28.971416666666666,98.9982,27.638808333333333,64.71418666666666,1.332608333333333,34.284013333333334,True,50,,,,,,,,,66.046795,warmup_amostra_insuficiente
1996-04,1996-06,1996,6,3,1.7495833333333335,0.4652,1.8251333333333335,9.13254,-0.07555,-8.667340000000001,True,51,,,,,,,,,9.05699,warmup_amostra_insuficiente
1996-05,1996-07,1996,7,3,0.4687916666666667,1.9521,1.0870583333333335,4.913720000000001,-0.6182666666666667,-2.9616200000000017,True,52,,,,,,,,,4.2954533333333345,warmup_amostra_insuficiente
1996-06,1996-08,1996,8,3,0.6584166666666667,1.4883,1.2388,14.862046666666668,-0.5803833333333333,-13.373746666666667,True,53,,,,,,,,,14.281663333333334,warmup_amostra_insuficiente
1996-07,1996-09,1996,9,3,3.5747500000000003,9.7369,4.57705,72.0196,-1.0022999999999995,-62.2827,True,54,,,,,,,,,71.01729999999999,warmup_amostra_insuficiente
1996-08,1996-10,1996,10,3,26.996041666666667,145.0933,22.09903333333333,142.3457,4.897008333333336,2.7476000000000056,True,55,,,,,,,,,147.24270833333333,warmup_amostra_insuficiente
1996-09,1996-11,1996,11,3,128.26075,222.7092,106.26985833333333,201.54163999999997,21.99089166666667,21.167560000000037,True,56,,,,,,,,,223.53253166666664,warmup_amostra_insuficiente
1996-10,1996-12,1996,12,3,276.321625,130.1745,221.89428333333336,203.55433333333332,54.42734166666662,-73.37983333333332,True,57,,,,,,,,,257.98167499999994,warmup_amostra_insuficiente
1996-11,1997-01,1997,1,3,339.0854166666667,403.2083,303.152475,275.36656875,35.93294166666669,127.84173125000001,True,58,,,,,,,,,311.2995104166667,warmup_amostra_insuficiente
1996-12,1997-02,1997,2,3,304.36566666666664,180.4594,303.3242416666667,226.497025,1.041424999999947,-46.03762500000002,True,59,,,,,,,,,227.53844999999995,warmup_amostra_insuficiente
1997-01,1997-03,1997,3,3,339.5430416666667,452.1152,356.5992152777778,277.44476875,-17.05617361111109,174.67043125000004,True,60,,,,,,,,,260.3885951388889,warmup_amostra_insuficiente
1997-02,1997-04,1997,4,3,212.32791666666665,290.1342,202.90677777777776,211.64693125,9.42113888888889,78.48726875000003,True,61,,,,,,,,,221.06807013888888,warmup_amostra_insuficiente
1997-03,1997-05,1997,5,3,10.836291666666668,68.9381,27.86090972222222,66.8569375,-17.024618055555553,2.081162500000005,True,62,,,,,,,,,49.83231944444445,warmup_amostra_insuficiente
1997-04,1997-06,1997,6,3,0.410375,0.6576,1.812541666666667,8.59083125,-1.402166666666667,-7.93323125,True,63,,,,,,,,,7.188664583333334,warmup_amostra_insuficiente
1997-05,1997-07,1997,7,3,1.8302916666666667,1.9683,0.9840138888888891,4.72861875,0.8462777777777776,-2.7603187499999997,True,64,,,,,,,,,5.574896527777778,warmup_amostra_insuficiente
1997-06,1997-08,1997,8,3,1.6517083333333333,1.2265,1.1420694444444444,14.026187499999999,0.509638888888889,-12.7996875,True,65,,,,,,,,,14.535826388888887,warmup_amostra_insuficiente
1997-07,1997-09,1997,9,3,16.070375,47.0877,4.41,68.12693125,11.660374999999998,-21.03923125,True,66,,,,,,,,,79.78730625,warmup_amostra_insuficiente
1997-08,1997-10,1997,10,3,29.65216666666667,98.1562,22.91520138888889,142.517425,6.736965277777781,-44.361225000000005,True,67,,,,,,,,,149.2543902777778,warmup_amostra_insuficiente
1997-09,1997-11,1997,11,3,77.79241666666667,75.7109,109.93500694444445,202.86461250000002,-32.142590277777785,-127.15371250000003,True,68,,,,,,,,,170.72202222222222,warmup_amostra_insuficiente
1997-10,1997-12,1997,12,3,219.48375,199.815,230.96550694444446,198.96809374999998,-11.48175694444447,0.8469062500000177,True,69,,,,,,,,,187.4863368055555,warmup_amostra_insuficiente
1997-11,1998-01,1998,1,3,238.36658333333332,347.458,309.1412986111111,282.8866705882353,-70.77471527777777,64.57132941176474,True,70,,,,,,,,,212.11195531045752,warmup_amostra_insuficiente
1997-12,1998-02,1998,2,3,234.843875,127.8253,303.4978125,223.7889294117647,-68.65393750000001,-95.96362941176471,True,71,,,,,,,,,155.1349919117647,warmup_amostra_insuficiente
1998-01,1998-03,1998,3,3,281.10929166666665,242.0988,354.16261904761905,287.7195,-73.0533273809524,-45.62069999999997,True,72,,,,,,,,,214.6661726190476,warmup_amostra_insuficiente
1998-02,1998-04,1998,4,3,192.56408333333331,54.1047,204.25265476190475,216.2638294117647,-11.688571428571436,-162.1591294117647,True,73,,,,,,,,,204.57525798319327,warmup_amostra_insuficiente
1998-03,1998-05,1998,5,3,9.084208333333333,74.6596,25.428821428571432,66.97935882352942,-16.3446130952381,7.680241176470574,True,74,,,,,,,,,50.63474572829132,warmup_amostra_insuficiente
1998-04,1998-06,1998,6,3,0.7343333333333333,16.0121,1.6122321428571431,8.124170588235295,-0.8778988095238098,7.887929411764706,True,75,,,,,,,,,7.246271778711485,warmup_amostra_insuficiente
1998-05,1998-07,1998,7,3,0.5134583333333333,3.3565,1.1049107142857144,4.566247058823529,-0.5914523809523811,-1.2097470588235288,True,76,,,,,,,,,3.974794677871148,warmup_amostra_insuficiente
1998-06,1998-08,1998,8,3,0.6361249999999999,1.2501,1.214875,13.273264705882351,-0.57875,-12.023164705882351,True,77,,,,,,,,,12.694514705882352,warmup_amostra_insuficiente
1998-07,1998-09,1998,9,3,3.380291666666667,13.3474,6.075767857142857,66.8893294117647,-2.69547619047619,-53.541929411764706,True,78,,,,,,,,,64.19385322128852,warmup_amostra_insuficiente
1998-08,1998-10,1998,10,3,27.922375000000002,89.2952,23.877625,139.9079411764706,4.044750000000004,-50.61274117647059,True,79,,,,,,,,,143.95269117647058,warmup_amostra_insuficiente
1998-09,1998-11,1998,11,3,119.51275,245.1679,105.34320833333334,195.3849823529412,14.16954166666666,49.78291764705881,True,80,,,,,,,,,209.55452401960787,warmup_amostra_insuficiente
1998-10,1998-12,1998,12,3,270.4180416666667,138.7974,229.32525595238096,199.01791176470587,41.092785714285725,-60.22051176470586,True,81,,,,,,,,,240.1106974789916,warmup_amostra_insuficiente
1998-11,1999-01,1999,1,3,317.5355416666667,215.817,299.030625,286.4739666666667,18.504916666666702,-70.65696666666668,True,82,,,,,,,,,304.9788833333334,warmup_amostra_insuficiente
1998-12,1999-02,1999,2,3,362.920375,131.3784,293.69010714285713,218.4576166666667,69.23026785714285,-87.0792166666667,True,83,,,,,,,,,287.68788452380954,warmup_amostra_insuficiente
1999-01,1999-03,1999,3,3,329.23108333333334,283.9542,345.030953125,285.1850166666666,-15.799869791666652,-1.2308166666666125,True,84,,,,,,,,,269.385146875,warmup_amostra_insuficiente
1999-02,1999-04,1999,4,3,184.420875,162.6196,202.7915833333333,207.25498888888887,-18.37070833333331,-44.63538888888888,True,85,,,,,,,,,188.88428055555556,warmup_amostra_insuficiente
1999-03,1999-05,1999,5,3,30.902,177.0923,23.385744791666667,67.40603888888889,7.516255208333334,109.68626111111111,True,86,,,,,,,,,74.92229409722222,warmup_amostra_insuficiente
1999-04,1999-06,1999,6,3,2.4948333333333332,0.6859,1.5024947916666664,8.56238888888889,0.9923385416666668,-7.87648888888889,True,87,,,,,,,,,9.554727430555557,warmup_amostra_insuficiente
1999-05,1999-07,1999,7,3,0.5692499999999999,1.9885,1.0309791666666666,4.499038888888888,-0.46172916666666663,-2.510538888888888,True,88,,,,,,,,,4.037309722222222,warmup_amostra_insuficiente
1999-06,1999-08,1999,8,3,1.1272083333333334,1.2624,1.14253125,12.60531111111111,-0.01532291666666663,-11.34291111111111,True,89,,,,,,,,,12.589988194444443,warmup_amostra_insuficiente
1999-07,1999-09,1999,9,3,3.834,72.5879,5.738833333333333,63.914777777777786,-1.904833333333333,8.673122222222219,True,90,,,,,,,,,62.00994444444445,warmup_amostra_insuficiente
1999-08,1999-10,1999,10,3,22.096875,112.4277,24.38321875,137.09612222222222,-2.2863437500000003,-24.66842222222222,True,91,,,,,,,,,134.8097784722222,warmup_amostra_insuficiente
1999-09,1999-11,1999,11,3,79.5205,349.1067,107.11440104166667,198.15070000000003,-27.59390104166667,150.95599999999996,True,92,,,,,,,,,170.55679895833336,warmup_amostra_insuficiente
1999-10,1999-12,1999,12,3,181.50620833333335,242.5365,234.46185416666668,195.67232777777775,-52.955645833333335,46.86417222222224,True,93,,,,,,,,,142.71668194444442,warmup_amostra_insuficiente
1999-11,2000-01,2000,1,3,317.68054166666667,260.085,301.34373958333333,282.7551789473684,16.33680208333334,-22.670178947368413,True,94,,,,,,,,,299.09198103070173,warmup_amostra_insuficiente
1999-12,2000-02,2000,2,3,264.10075,271.7656,302.343890625,213.8745,-38.24314062499997,57.891099999999994,True,95,,,,,,,,,175.63135937500005,warmup_amostra_insuficiente
2000-01,2000-03,2000,3,3,363.4255,185.8099,343.27541203703703,285.12023684210527,20.15008796296297,-99.31033684210527,True,96,,,,,,,,,305.27032480506824,warmup_amostra_insuficiente
2000-02,2000-04,2000,4,3,187.45566666666664,184.1135,200.7503935185185,204.90575789473684,-13.294726851851863,-20.79225789473685,True,97,,,,,,,,,191.61103104288497,warmup_amostra_insuficiente
2000-03,2000-05,2000,5,3,23.960458333333335,53.6399,24.220884259259257,73.179,-0.2604259259259223,-19.539100000000005,True,98,,,,,,,,,72.91857407407409,warmup_amostra_insuficiente
2000-04,2000-06,2000,6,3,1.4471666666666667,4.8153,1.6127546296296293,8.147836842105264,-0.16558796296296263,-3.332536842105264,True,99,,,,,,,,,7.9822488791423005,warmup_amostra_insuficiente
2000-05,2000-07,2000,7,3,0.7365833333333334,10.0203,0.9796759259259259,4.366905263157895,-0.24309259259259253,5.653394736842106,True,100,,,,,,,,,4.123812670565302,warmup_amostra_insuficiente
2000-06,2000-08,2000,8,3,0.6027083333333333,7.9948,1.1408287037037037,12.008315789473684,-0.5381203703703704,-4.013515789473685,True,101,,,,,,,,,11.470195419103314,warmup_amostra_insuficiente
2000-07,2000-09,2000,9,3,7.829916666666667,123.9327,5.527185185185186,64.37125789473684,2.302731481481481,59.561442105263154,True,102,,,,,,,,,66.67398937621833,warmup_amostra_insuficiente
2000-08,2000-10,2000,10,3,41.649166666666666,86.4072,24.129180555555557,135.79778421052632,17.51998611111111,-49.39058421052631,True,103,,,,,,,,,153.31777032163743,warmup_amostra_insuficiente
2000-09,2000-11,2000,11,3,113.59433333333334,192.5216,104.04841203703704,206.09575263157896,9.5459212962963,-13.574152631578954,True,104,,,,,,,,,215.64167392787527,warmup_amostra_insuficiente
2000-10,2000-12,2000,12,3,261.15520833333335,222.6176,228.57789351851852,198.13886315789472,32.57731481481483,24.47873684210529,True,105,,,,,,,,,230.71617797270954,warmup_amostra_insuficiente
2000-11,2001-01,2001,1,3,289.9032916666667,192.5309,303.1589398148148,281.62167,-13.255648148148111,-89.09076999999999,True,106,,,,,,,,,268.3660218518519,warmup_amostra_insuficiente
2000-12,2001-02,2001,2,3,275.73837499999996,153.1069,298.09465277777775,216.76905500000004,-22.35627777777779,-63.66215500000004,True,107,,,,,,,,,194.41277722222225,warmup_amostra_insuficiente
2001-01,2001-03,2001,3,3,352.67833333333334,249.1479,345.2904208333333,280.15472,7.387912500000027,-31.006820000000005,True,108,,,,,,,,,287.5426325,warmup_amostra_insuficiente
2001-02,2001-04,2001,4,3,188.01716666666667,196.9268,199.42092083333333,203.866145,-11.403754166666658,-6.939345000000003,True,109,,,,,,,,,192.46239083333333,warmup_amostra_insuficiente
2001-03,2001-05,2001,5,3,19.641583333333333,140.175,24.19484166666667,72.202045,-4.553258333333336,67.97295500000001,True,110,,,,,,,,,67.64878666666667,warmup_amostra_insuficiente
2001-04,2001-06,2001,6,3,0.367125,5.0237,1.596195833333333,7.981210000000002,-1.2290708333333331,-2.957510000000002,True,111,,,,,,,,,6.752139166666669,warmup_amostra_insuficiente
2001-05,2001-07,2001,7,3,2.276708333333333,2.3266,0.9553666666666667,4.6495750000000005,1.3213416666666664,-2.3229750000000005,True,112,,,,,,,,,5.970916666666667,warmup_amostra_insuficiente
2001-06,2001-08,2001,8,3,2.578041666666667,7.2041,1.0870166666666667,11.80764,1.4910250000000003,-4.603539999999999,True,113,,,,,,,,,13.298665,warmup_amostra_insuficiente
2001-07,2001-09,2001,9,3,17.053166666666666,33.0017,5.757458333333334,67.34933000000001,11.295708333333332,-34.34763000000001,True,114,,,,,,,,,78.64503833333335,warmup_amostra_insuficiente
2001-08,2001-10,2001,10,3,25.980500000000003,130.0808,25.88117916666667,133.328255,0.09932083333333352,-3.247455000000002,True,115,,,,,,,,,133.42757583333335,warmup_amostra_insuficiente
2001-09,2001-11,2001,11,3,145.89720833333334,196.3446,105.00300416666667,205.417045,40.89420416666667,-9.072444999999988,True,116,,,,,,,,,246.31124916666667,warmup_amostra_insuficiente
2001-10,2001-12,2001,12,3,265.2285,209.0467,231.835625,199.3628,33.392875000000004,9.683899999999994,True,117,,,,,,,,,232.755675,warmup_amostra_insuficiente
2001-11,2002-01,2002,1,3,325.90558333333337,368.8524,301.833375,277.3792523809524,24.07220833333338,91.47314761904761,True,118,,,,,,,,,301.45146071428576,warmup_amostra_insuficiente
2001-12,2002-02,2002,2,3,271.92816666666664,190.9456,295.859025,213.73752380952382,-23.930858333333333,-22.79192380952381,True,119,,,,,,,,,189.8066654761905,warmup_amostra_insuficiente
2002-01,2002-03,2002,3,3,307.70358333333337,178.8799,345.9620492424242,278.67820476190474,-38.25846590909083,-99.79830476190475,True,120,1992-01,2001-12,-6.866486653185523,0.16527550538442545,0.004535246010735738,24.511686172576365,265.4885308203614,-13.189673941543333,240.4197388528139,ok
2002-02,2002-04,2002,4,3,181.677625,124.7968,198.3842159090909,203.53569999999996,-16.70659090909089,-78.73889999999996,True,121,1992-01,2002-01,-7.600047739355174,0.21082809294560254,0.007387834590944942,24.649572646888135,192.4134335596588,-11.12226644034115,186.82910909090907,ok
2002-03,2002-05,2002,5,3,20.199666666666666,103.8934,23.780909090909095,75.43885238095238,-3.5812424242424292,28.454547619047617,True,122,1992-01,2002-02,-8.158173175696975,0.22637002224869346,0.008454618222820676,24.593088533920604,66.46999327800168,-8.968859102950702,71.85760995670995,ok
2002-04,2002-06,2002,6,3,0.8639583333333333,6.7952,1.484462121212121,7.840376190476191,-0.6205037878787877,-1.045176190476191,True,123,1992-01,2002-03,-7.85349535366115,0.22444252195853473,0.008288322867460951,24.494751963738604,-0.15238659822129733,-7.992762788697489,7.219872402597404,ok
2002-05,2002-07,2002,7,3,3.6605416666666666,2.1991,1.0754886363636365,4.538957142857143,2.58505303030303,-2.339857142857143,True,124,1992-01,2002-04,-7.79744977095083,0.22436409757897305,0.008281773319480212,24.395794386004987,-2.6784995377559575,-7.2174566806131,7.124010173160173,ok
2002-06,2002-08,2002,8,3,5.021999999999999,1.0971,1.2225643939393942,11.588423809523809,3.799435606060605,-10.49132380952381,True,125,1992-01,2002-05,-7.758464973379221,0.22451966933340706,0.008293353084557253,24.299296757777665,4.683006862070888,-6.90541694745292,15.387859415584414,ok
2002-07,2002-09,2002,9,3,11.350791666666666,67.2486,6.7843409090909095,65.71372857142858,4.5664507575757565,1.534871428571421,True,126,1992-01,2002-06,-7.786879886296728,0.22434769039431232,0.008281927951271695,24.20534280319062,58.95132136589332,-6.762407205535254,70.28017932900433,ok
2002-08,2002-10,2002,10,3,34.741166666666665,93.122,25.890208333333337,133.1736142857143,8.850958333333327,-40.05161428571431,True,127,1992-01,2002-07,-7.721687991529099,0.2248279208653115,0.008317916853636365,24.11366431884539,127.44186885393405,-5.731745431780254,142.02457261904763,ok
2002-09,2002-11,2002,11,3,97.57795833333334,141.559,108.72065909090908,204.98502380952382,-11.142700757575739,-63.42602380952383,True,128,1992-01,2002-08,-7.98839052171163,0.22088471467334728,0.008017994664921702,24.03294998066227,194.53538101028457,-10.449642799239257,193.84232305194809,ok
2002-10,2002-12,2002,12,3,219.11545833333332,198.8721,234.87134090909092,199.8239380952381,-15.755882575757596,-0.9518380952381165,True,129,1992-01,2002-09,-8.401276210563392,0.22905281776165853,0.008578926772519146,23.958552504816033,187.8137325843756,-12.010205510862505,184.0680555194805,ok
2002-11,2003-01,2003,1,3,260.6752916666667,226.3735,304.02175757575753,281.5371227272727,-43.34646590909085,-55.16362272727267,True,130,1992-01,2002-10,-8.315861394561745,0.22668524842006849,0.00843041687397672,23.905125813585332,263.39525693997666,-18.141865787296013,238.19065681818182,ok
2002-12,2003-02,2003,2,3,245.22625000000002,242.0345,293.6834924242424,212.70152727272728,-48.45724242424237,29.332972727272733,True,131,1992-01,2002-11,-8.594609724695802,0.24766652593686284,0.010268085368163926,24.113228993575582,192.105680660339,-20.59584661238827,164.2442848484849,ok
2003-01,2003-03,2003,3,3,346.07162500000004,210.3821,342.77384374999997,274.1419181818182,3.297781250000071,-63.75981818181819,True,132,1992-01,2002-12,-8.233116743870157,0.21718529385552804,0.008110414697990231,24.394696226224312,266.62503102780056,-7.516887154017638,277.43969943181827,ok
2003-02,2003-04,2003,4,3,217.047625,166.9079,196.99199999999996,199.95665909090906,20.05562500000005,-33.048759090909044,True,133,1992-01,2003-01,-8.657420920692084,0.2144489967959392,0.007856368711131934,24.303903295506053,195.60014683158255,-4.356512259326507,220.0122840909091,ok
2003-03,2003-05,2003,5,3,32.319375,100.5299,23.482472222222224,76.7322409090909,8.836902777777777,23.797659090909093,True,134,1992-01,2003-02,-8.874269160777542,0.20702294734493126,0.007351519205320622,24.272175010069766,69.68741340676952,-7.044827502321382,85.56914368686868,ok
2003-04,2003-06,2003,6,3,1.5011666666666665,12.2745,1.432753472222222,7.792868181818182,0.0684131944444446,4.4816318181818176,True,135,1992-01,2003-03,-8.64473958133342,0.2105900639126038,0.007597568974808566,24.193146748536584,-0.8374642605247169,-8.6303324423429,7.861281376262626,ok
2003-05,2003-07,2003,7,3,0.6585416666666667,1.88,1.2909097222222223,4.4326,-0.6323680555555556,-2.5526,True,136,1992-01,2003-04,-8.548310137460696,0.21065060916915246,0.007599105263369377,24.10401820713292,-4.248918853582587,-8.681518853582586,3.800231944444444,ok
2003-06,2003-08,2003,8,3,1.1049583333333333,33.5851,1.539184027777778,11.111545454545455,-0.4342256944444447,22.47355454545454,True,137,1992-01,2003-05,-8.503581236722168,0.21062472755301057,0.007596648803939843,24.015990935861968,2.5165055492344095,-8.595039905311046,10.67731976010101,ok
2003-07,2003-09,2003,9,3,3.596416666666667,34.1644,7.164878472222223,65.78349545454546,-3.568461805555556,-31.61909545454546,True,138,1992-01,2003-06,-8.27846234673522,0.21057184630771927,0.0075771253315423115,23.928872754752778,56.75361551693583,-9.029879937609628,62.2150336489899,ok
2003-08,2003-10,2003,10,3,17.376083333333334,102.8612,26.62778819444445,131.35308636363638,-9.251704861111115,-28.491886363636382,True,139,1992-01,2003-07,-8.440674713472397,0.21149973016121898,0.007636189563282825,23.84488545891406,120.95567856850775,-10.397407795128629,122.10138150252527,ok
2003-09,2003-11,2003,11,3,100.040375,171.1685,107.79210069444444,202.10202272727275,-7.7517256944444455,-30.93352272727276,True,140,1992-01,2003-08,-8.569135916522221,0.2135280062148672,0.00778448230980211,23.773407586528446,191.87767627849126,-10.224346448781489,194.3502970328283,ok
2003-10,2003-12,2003,12,3,242.3060416666667,191.1895,233.55835069444444,199.78067272727273,8.747690972222244,-8.59117272727272,True,141,1992-01,2003-09,-8.715168875864851,0.2154415955891722,0.007921598915565986,23.6988850652874,192.95012035218443,-6.830552375088303,208.52836369949497,ok
2003-11,2004-01,2004,1,3,315.38166666666666,330.2411,300.40955208333327,279.13870434782604,14.972114583333394,51.10239565217398,True,142,1992-01,2003-10,-8.727643555892682,0.21523885809218662,0.007915069451170709,23.625607756879628,273.63364163807546,-5.505062709750575,294.11081893115943,ok
2003-12,2004-02,2004,2,3,326.31262499999997,337.9902,289.6453888888889,213.97687391304348,36.667236111111094,124.01332608695654,True,143,1992-01,2003-11,-8.32888525256506,0.2260962523877693,0.008692702648238737,23.574678539472554,213.93831333061812,-0.038560582425361645,250.64411002415457,ok
2004-01,2004-03,2004,3,3,301.40925,263.3091,343.02751923076914,271.369752173913,-41.61826923076916,-8.060652173913013,True,144,1992-01,2003-12,-7.466806331140705,0.28240181709103707,0.01329714984547714,23.689060884688683,252.14987098781907,-19.219881186093943,229.75148294314386,ok
2004-02,2004-04,2004,4,3,195.25325,153.5851,198.53474038461536,198.5197565217391,-3.2814903846153527,-44.9346565217391,True,145,1992-01,2004-01,-7.3915096675921745,0.27681455311101594,0.013048002165008121,23.860756390206145,190.21988255979153,-8.299873961947583,195.23826613712376,ok
2004-03,2004-05,2004,5,3,16.204375000000002,29.0041,24.162233974358973,77.76692173913042,-7.95785897435897,-48.76282173913042,True,146,1992-01,2004-02,-7.642014342251081,0.2781298513070779,0.013135930400598683,23.780730397445627,67.91158926361818,-9.855332475512242,69.80906276477145,ok
2004-04,2004-06,2004,6,3,0.8855833333333334,11.5046,1.4380160256410253,7.987721739130435,-0.5524326923076919,3.5168782608695652,True,147,1992-01,2004-03,-7.9053681297368215,0.28170415824133915,0.013438954539612968,23.709564528839334,-0.0732689771779218,-8.060990716308357,7.435289046822743,ok
2004-05,2004-07,2004,7,3,0.7032083333333333,24.0552,1.2422660256410258,4.321617391304348,-0.5390576923076925,19.733582608695652,True,148,1992-01,2004-04,-7.827148710793368,0.28167877832656596,0.013432903942604879,23.629411661756233,-3.6573724317057894,-7.978989823010137,3.7825596989966552,ok
2004-06,2004-08,2004,8,3,4.017666666666666,45.2683,1.5057820512820514,12.08865652173913,2.5118846153846146,33.17964347826087,True,149,1992-01,2004-05,-7.641179108534517,0.2816228946856338,0.013406687064585143,23.550063900114544,5.154881629705539,-6.9337748920335915,14.600541137123745,ok
2004-07,2004-09,2004,9,3,8.640041666666667,24.8521,6.890381410256411,64.40875217391304,1.7496602564102561,-39.556652173913044,True,150,1992-01,2004-06,-7.373264787571332,0.2830142625932566,0.01349489097392853,23.472049804659772,57.53066619359839,-6.878085980314651,66.1584124303233,ok
2004-08,2004-10,2004,10,3,31.393083333333333,156.836,25.916118589743594,130.11430869565217,5.47696474358974,26.721691304347843,True,151,1992-01,2004-07,-7.589959564048481,0.28218787563692704,0.013388986651810542,23.394442776977375,124.06988217753562,-6.044426518116552,135.59127343924192,ok
2004-09,2004-11,2004,11,3,67.06791666666668,135.0896,107.1958141025641,200.75708695652176,-40.127897435897424,-65.66748695652177,True,152,1992-01,2004-08,-7.373703247958267,0.28447879639898666,0.013580291240041564,23.321080647642543,181.96784774397742,-18.789239212544345,160.62918952062432,ok
2004-10,2004-12,2004,12,3,208.06695833333333,159.7892,234.23125,199.40714347826088,-26.164291666666657,-39.617943478260884,True,153,1992-01,2004-09,-7.667732938912499,0.30650299230712263,0.015955986491783425,23.474851535543255,183.71997685191872,-15.687166626342162,173.24285181159422,ok
2004-11,2005-01,2005,1,3,300.95170833333333,258.8253,301.56125320512814,281.2679708333333,-0.6095448717948102,-22.442670833333295,True,154,1992-01,2004-10,-7.817908582803153,0.31367551935764854,0.016806725417945034,23.49793634523299,273.2588629462981,-8.009107887035213,280.6584259615385,ok
2004-12,2005-02,2005,2,3,297.8136666666667,252.3165,292.4659455128205,219.14409583333335,5.34772115384618,33.17240416666664,True,155,1992-01,2004-11,-7.91104284840793,0.313655564596023,0.016797627954077576,23.422114871375427,212.91039548273713,-6.233700350596223,224.49181698717953,ok
2005-01,2005-03,2005,3,3,382.76570833333335,402.6636,340.05478571428563,271.03389166666665,42.71092261904772,131.62970833333333,True,156,1992-01,2004-12,-7.656512511393582,0.31645684097558874,0.01704823601084493,23.34973595736012,276.8935428024497,5.859651135783054,313.74481428571437,ok
2005-02,2005-04,2005,4,3,206.44195833333333,143.7686,198.30034821428572,196.64747916666667,8.141610119047613,-52.87887916666668,True,157,1992-01,2005-01,-6.829709894524378,0.3789567818029682,0.02405350632347647,23.517108052736276,192.90308764155105,-3.744391525115617,204.78908928571428,ok
2005-03,2005-05,2005,5,3,30.71225,73.4273,23.59381547619048,75.7351375,7.118434523809523,-2.307837499999991,True,158,1992-01,2005-02,-7.142406034766343,0.3741485093264542,0.02337221555274871,23.450646902988115,71.25608313105495,-4.479054368945043,82.85357202380952,ok
2005-04,2005-06,2005,6,3,0.92875,0.5479,1.3985565476190474,8.134258333333333,-0.4698065476190474,-7.586358333333333,True,159,1992-01,2005-03,-7.128692979719451,0.37433410991983945,0.023409265950963265,23.382945094902734,0.8297007377763932,-7.30455759555694,7.664451785714286,ok
2005-05,2005-07,2005,7,3,0.39066666666666666,1.8672,1.2037619047619048,5.14385,-0.8130952380952381,-3.2766499999999996,True,160,1992-01,2005-04,-7.130454074356424,0.37433462371671583,0.023409331802905498,23.30981480577679,-2.290973774354659,-7.434823774354658,4.330754761904761,ok
2005-06,2005-08,2005,8,3,1.7744583333333335,1.159,1.685202380952381,13.471141666666666,0.08925595238095241,-12.312141666666665,True,161,1992-01,2005-05,-7.104634410696599,0.37431076590698426,0.023405710485158382,23.23745486790321,6.399916719867538,-7.071224946799128,13.560397619047619,ok
2005-07,2005-09,2005,9,3,2.7107916666666667,69.9723,7.015357142857143,62.760558333333336,-4.304565476190476,7.2117416666666685,True,162,1992-01,2005-06,-7.136993297516915,0.3742865687810759,0.02340156994093634,23.165603810578627,54.01242399363961,-8.748134339693728,58.45599285714286,ok
2005-08,2005-10,2005,10,3,17.521375,43.3954,26.30733035714286,131.2277125,-8.78595535714286,-87.8323125,True,163,1992-01,2005-07,-7.0393251027929065,0.37355797160599197,0.023305483486087075,23.097253644255222,120.90632373537201,-10.321388764627983,122.44175714285714,ok
2005-09,2005-11,2005,11,3,59.62679166666667,162.476,104.32953571428571,198.02094166666666,-44.70274404761904,-35.54494166666666,True,164,1992-01,2005-08,-7.509049421967321,0.381040677934017,0.02397041588479587,23.037774411289252,173.47832834728374,-24.542613319382923,153.31819761904762,ok
2005-10,2005-12,2005,12,3,230.1302916666667,270.7065,232.3623720238095,197.75639583333336,-2.23208035714282,72.95010416666665,True,165,1992-01,2005-09,-7.572152865295824,0.3864891907420329,0.025177220047335136,23.23610054192445,189.3215680371342,-8.434827796199158,195.52431547619054,ok
2005-11,2006-01,2006,1,3,310.89525,166.8556,301.51771428571425,280.370264,9.377535714285727,-113.51466400000001,True,166,1992-01,2005-10,-7.082836586790649,0.38505629681586057,0.024688149883360655,23.16698327931792,276.8983065886107,-3.471957411389326,289.74779971428575,ok
2005-12,2006-02,2006,2,3,313.67941666666667,230.8724,292.84792559523805,220.470992,20.831491071428616,10.401408000000004,True,167,1992-01,2005-11,-7.749250474532755,0.37271882938583134,0.022681716582441003,23.107307053036386,220.48603049197152,0.015038491971523626,241.3024830714286,ok
2006-01,2006-03,2006,3,3,358.25820833333336,267.8005,342.9021805555555,276.29908,15.356027777777854,-8.498580000000004,True,168,1992-01,2005-12,-7.686244021391577,0.3751917194652478,0.023087390277729547,23.091461408501207,274.374290444709,-1.9247895552909995,291.65510777777786,ok
2006-02,2006-04,2006,4,3,193.39554166666667,429.1988,198.8431222222222,194.53232400000002,-5.4475805555555326,234.666476,True,169,1992-01,2006-01,-7.725585621738742,0.3740388176609096,0.023009601871432972,23.05159271810462,184.76913178814874,-9.763192211851276,189.08474344444448,ok
2006-03,2006-05,2006,5,3,27.598583333333334,133.2095,24.068377777777776,75.642824,3.5302055555555576,57.56667599999999,True,170,1992-01,2006-02,-6.293442773216597,0.3603354746277833,0.01929318704083216,22.988030148495394,70.62143952117816,-5.021384478821844,79.17302955555556,ok
2006-04,2006-06,2006,6,3,0.9827916666666666,0.6042,1.3672361111111109,7.830804,-0.38444444444444426,-7.226604,True,171,1992-01,2006-03,-5.926361041535827,0.3630688802225602,0.019459192123082447,22.92191973852537,1.7648631445119438,-6.065940855488056,7.4463595555555555,ok
2006-05,2006-07,2006,7,3,2.377083333333333,1.5265,1.1495555555555557,5.012783999999999,1.2275277777777776,-3.486283999999999,True,172,1992-01,2006-04,-5.933109117731491,0.3630687916508828,0.019459139978029616,22.855226865965356,-0.4746480907358211,-5.48743209073582,6.240311777777777,ok
2006-06,2006-08,2006,8,3,4.586875,12.4889,1.6911527777777777,12.978655999999999,2.895722222222222,-0.48975599999999986,True,173,1992-01,2006-05,-5.921528088414305,0.3631046594237453,0.01946333644433973,22.78912678995372,8.108578142871465,-4.870077857128534,15.874378222222221,ok
2006-07,2006-09,2006,9,3,6.263999999999999,73.0467,6.728386111111111,63.049028,-0.4643861111111116,9.997672000000001,True,174,1992-01,2006-06,-5.896296110057355,0.3632636086451408,0.019481709450015372,22.724315217988586,56.98403731541574,-6.064990684584259,62.58464188888889,ok
2006-08,2006-10,2006,10,3,34.94195833333333,156.2402,25.721600000000002,127.71441999999999,9.22035833333333,28.525779999999997,True,175,1992-01,2006-07,-5.804516016746929,0.3632455966997634,0.01947160583115526,22.65934886212344,125.25915854783037,-2.4552614521696228,136.93477833333333,ok
2006-09,2006-11,2006,11,3,97.64283333333333,160.8529,101.34935277777777,196.59914399999997,-3.7065194444444387,-35.74624399999996,True,176,1992-01,2006-08,-5.62747183415644,0.36652972341057943,0.019807012431235282,22.604773333171334,189.61312261905536,-6.986021380944607,192.89262455555553,ok
2006-10,2006-12,2006,12,3,249.4706666666667,150.7779,232.21356666666668,200.67440000000002,17.25710000000001,-49.89650000000003,True,177,1992-01,2006-09,-5.789604081752243,0.36761030899535363,0.01989730275848367,22.542833955032748,201.22868378161152,0.5542837816115025,217.93150000000003,ok
2006-11,2007-01,2007,1,3,333.78450000000004,243.8694,302.14288333333326,276.0043153846154,31.641616666666778,-32.13491538461537,True,178,1992-01,2006-10,-6.075280919758476,0.3578314536922697,0.01885786740174744,22.51538896577288,281.2514001538638,5.247084769248431,307.64593205128216,ok
2006-12,2007-02,2007,2,3,301.855625,391.6001,294.2366916666667,220.87104615384618,7.6189333333333025,170.72905384615382,True,179,1992-01,2006-11,-6.284788684709721,0.34484457993882267,0.017690591377965914,22.57551623526065,217.21360533405166,-3.657440819794516,228.48997948717948,ok
2007-01,2007-03,2007,3,3,305.4268333333334,144.3091,343.8619322916667,275.9722115384615,-38.4350989583333,-131.66311153846152,True,180,1992-01,2006-12,-5.315844271423088,0.35941644362310826,0.018299558740879185,22.519823209621737,256.8421606891321,-19.13005084932945,237.53711258012822,ok
2007-02,2007-04,2007,4,3,194.14083333333335,203.9629,198.5026484375,203.5579576923077,-4.361815104166652,0.4049423076922949,True,181,1992-01,2007-01,-5.927315765167314,0.40577907488895015,0.02313052138014926,22.639594888072228,195.860708629335,-7.697249062972702,199.19614258814104,ok
2007-03,2007-05,2007,5,3,14.106208333333335,59.8926,24.289015624999998,77.85692692307693,-10.182807291666663,-17.964326923076925,True,182,1992-01,2007-02,-5.882885983017057,0.40541944494110105,0.02309234958986628,22.57986882793056,67.84573285993017,-10.01119406314676,67.67411963141026,ok
2007-04,2007-06,2007,6,3,0.8638750000000001,0.6092,1.3432083333333333,7.5528576923076916,-0.4793333333333333,-6.943657692307692,True,183,1992-01,2007-03,-5.9260932022132735,0.4062659317684354,0.02320841758298353,22.53133206123927,1.4320276868000814,-6.12083000550761,7.073524358974359,ok
2007-05,2007-07,2007,7,3,1.3728333333333333,2.6528,1.2262760416666665,4.878696153846153,0.14655729166666687,-2.2258961538461532,True,184,1992-01,2007-04,-5.930564614403393,0.4062675268484081,0.023208579888306158,22.47007397682284,-0.9923269921302226,-5.871023145976376,5.025253445512821,ok
2007-06,2007-08,2007,8,3,1.09375,1.474,1.8721354166666666,12.959819230769229,-0.7783854166666666,-11.485819230769229,True,185,1992-01,2007-05,-5.9108560577163445,0.40628493225431184,0.023210106248450324,22.409243042824105,6.732716906774724,-6.227102323994505,12.181433814102562,ok
2007-07,2007-09,2007,9,3,2.44075,24.48,6.699361979166666,63.43355384615385,-4.258611979166666,-38.95355384615385,True,186,1992-01,2007-06,-5.939120607990717,0.40631205001332,0.02321222241095522,22.34904021359984,55.76410787469664,-7.669445971457208,59.17494186698718,ok
2007-08,2007-10,2007,10,3,20.936208333333333,90.3212,26.297872395833334,128.8115653846154,-5.361664062500001,-38.49036538461539,True,187,1992-01,2007-07,-6.105990014237741,0.40763836796761105,0.02332992377021592,22.291685408944787,120.51995538234955,-8.291610002265841,123.4499013221154,ok
2007-09,2007-11,2007,11,3,74.80079166666667,140.1645,101.1176953125,195.22428846153844,-26.316903645833335,-55.05978846153843,True,188,1992-01,2007-08,-6.266055401903525,0.40926813293738257,0.023486510707699138,22.236175704459676,178.18756303981172,-17.036725421726715,168.9073848157051,ok
2007-10,2007-12,2007,12,3,210.71195833333334,154.6319,233.29213541666667,198.75530384615388,-22.580177083333325,-44.12340384615388,True,189,1992-01,2007-09,-6.46214651142553,0.4197639379004073,0.024796874299993443,22.262330956628613,182.8148132837398,-15.940490562414084,176.17512676282055,ok
2007-11,2008-01,2008,1,3,311.55383333333333,277.9576,304.120484375,274.81413333333336,7.43334895833334,3.1434666666666544,True,190,1992-01,2007-10,-6.606518972927266,0.42634894538916024,0.025659867225374944,22.266894666283996,271.3768148495011,-3.4373184838322572,282.2474822916667,ok
2007-12,2008-02,2008,2,3,292.153,227.3554,294.712875,227.19434444444445,-2.559874999999977,0.1610555555555493,True,191,1992-01,2007-11,-6.571752200740414,0.4269077027229419,0.025740884372181583,22.213978450109604,219.52976188819616,-7.664582556248291,224.63446944444448,ok
2008-01,2008-03,2008,3,3,313.79695833333335,291.7903,341.60104411764706,271.0958,-27.804085784313713,20.694500000000005,True,192,1992-01,2007-12,-6.5310879024667985,0.4267422407546426,0.025720157081826733,22.157128147585592,252.69953422780083,-18.396265772199172,243.29171421568628,ok
2008-02,2008-04,2008,4,3,179.18283333333332,198.2004,198.24607107843138,203.57295555555558,-19.063237745098064,-5.372555555555579,True,193,1992-01,2008-01,-6.336478092345878,0.4155788769614611,0.024555648141812325,22.194222332301653,189.31419852985252,-14.258757025703062,184.50971781045752,ok
2008-03,2008-05,2008,5,3,19.440791666666666,156.4351,23.69002696078431,77.19158148148148,-4.249235294117643,79.24351851851853,True,194,1992-01,2008-02,-6.29204512310644,0.41387477790379085,0.02444063840662325,22.182528982682552,69.14088504476116,-8.050696436720315,72.94234618736384,ok
2008-04,2008-06,2008,6,3,1.7928333333333333,1.2231,1.3150122549019607,7.295685185185184,0.47782107843137256,-6.072585185185185,True,195,1992-01,2008-03,-5.846967305219832,0.41073363434946897,0.02381225901225148,22.12840009545912,1.6449750680782527,-5.650710117106931,7.773506263616557,ok
2008-05,2008-07,2008,7,3,0.6027083333333333,1.8809,1.2348970588235293,4.796255555555555,-0.632188725490196,-2.915355555555555,True,196,1992-01,2008-04,-5.849124408911273,0.4107279010077796,0.0238120147152322,22.071735303341477,-1.3125264016170894,-6.108781957172644,4.164066830065359,ok
2008-06,2008-08,2008,8,3,0.8704999999999999,10.0751,1.8263480392156861,12.534418518518518,-0.9558480392156862,-2.4593185185185167,True,197,1992-01,2008-05,-5.832909115165235,0.4107340426860376,0.02381235997766884,22.015733270790054,6.308910074012702,-6.225508444505816,11.578570479302831,ok
2008-07,2008-09,2008,9,3,8.305208333333333,35.7506,6.448855392156862,61.99082962962963,1.8563529411764712,-26.24022962962963,True,198,1992-01,2008-06,-5.813892466571307,0.41072851269245847,0.02381124072398022,21.96027650577052,56.93939424562001,-5.051435384009622,63.8471825708061,ok
2008-08,2008-10,2008,10,3,26.549625000000002,71.4708,25.982480392156866,127.38599629629628,0.5671446078431366,-55.91519629629629,True,199,1992-01,2008-07,-5.920843661271448,0.4101368850775645,0.023730337402875445,21.905003340805866,121.69775955787415,-5.688236738422134,127.95314090413942,ok
2008-09,2008-11,2008,11,3,134.22241666666667,228.8043,99.56964215686276,193.185037037037,34.65277450980392,35.619262962963006,True,200,1992-01,2008-08,-6.172550466360928,0.40941806043436335,0.02356202443040356,21.85003130798987,201.19995829914936,8.014921262112352,227.83781154684092,ok
2008-10,2008-12,2008,12,3,212.39720833333334,198.2564,231.96388970588237,197.12110370370374,-19.566681372549027,1.135296296296275,True,201,1992-01,2008-09,-6.028964666281599,0.41950982623085337,0.024997576108167552,21.9265779451945,182.8837239349096,-14.237379768794142,177.5544223311547,ok
2008-11,2009-01,2009,1,3,320.4929583333333,176.1671,304.55774019607844,274.9264,15.935218137254878,-98.7593,True,202,1992-01,2008-10,-5.954996827602311,0.41651691493007964,0.024731408782112774,21.918433555782443,275.6086910696649,0.6822910696649274,290.8616181372549,ok
2008-12,2009-02,2009,2,3,322.30804166666667,173.2144,294.56229411764707,227.20009642857144,27.745747549019597,-53.98569642857143,True,203,1992-01,2008-11,-6.455563847294858,0.3995534875821424,0.022540227593844775,21.89049180149533,231.83044278006105,4.630346351489607,254.94584397759104,ok
2009-01,2009-03,2009,3,3,347.5224166666667,237.6584,340.0563726851852,271.83488928571427,7.466043981481505,-34.17648928571427,True,204,1992-01,2008-12,-6.751215589848221,0.38264921582012107,0.020776705367662074,21.91946964659964,267.94054957065845,-3.894339715055821,279.3009332671958,ok
2009-02,2009-04,2009,4,3,193.71970833333333,291.4855,197.1870023148148,203.3810785714286,-3.4672939814814754,88.10442142857141,True,205,1992-01,2009-01,-6.900042789753853,0.3802016023841697,0.020503026670271818,21.87134297483181,195.1627650539785,-8.218313517450099,199.9137845899471,ok
2009-03,2009-05,2009,5,3,39.193875,287.1656,23.45395833333333,80.02170714285715,15.73991666666667,207.14389285714282,True,206,1992-01,2009-02,-6.4338362404320755,0.3772531555764407,0.01992806230504951,21.819863458586724,79.52580413343529,-0.49590300942186616,95.76162380952383,ok
2009-04,2009-06,2009,6,3,2.6675833333333334,15.2435,1.3415578703703703,7.0788071428571415,1.326025462962963,8.164692857142857,True,207,1992-01,2009-03,-5.417465048871715,0.4113413315293454,0.022305974208040813,21.79304557507665,2.206791173562429,-4.872015969294713,8.404832605820104,ok
2009-05,2009-07,2009,7,3,3.470791666666667,2.7198,1.1997754629629627,4.692135714285714,2.271016203703704,-1.9723357142857134,True,208,1992-01,2009-04,-5.354702173298938,0.41156787623557617,0.02232558639124438,21.740659729030973,0.27211085684168934,-4.420024857444024,6.963151917989418,ok
2009-06,2009-08,2009,8,3,3.3034583333333334,15.226,1.7732453703703703,12.446585714285714,1.530212962962963,2.779414285714287,True,209,1992-01,2009-05,-5.342966501111738,0.4116336319595572,0.022333938729019676,21.68895080763439,7.733506332790015,-4.713079381495699,13.976798677248677,ok
2009-07,2009-09,2009,9,3,18.284333333333333,49.6335,6.55198611111111,61.05367857142858,11.732347222222224,-11.420178571428579,True,210,1992-01,2009-06,-5.307236140824231,0.4117777304598972,0.022348351725970828,21.637368671095558,60.577561742738496,-0.4761168286900812,72.7860257936508,ok
2009-08,2009-10,2009,10,3,45.70008333333334,145.1622,26.013988425925927,125.38902499999999,19.686094907407412,19.773175000000023,True,211,1992-01,2009-07,-5.3595083268717465,0.41043934389844094,0.02223513773252217,21.60027186999156,128.10946455084698,2.72043955084699,145.0751199074074,ok
2009-09,2009-11,2009,11,3,116.11079166666667,129.9771,101.49479629629631,194.45715357142853,14.615995370370356,-64.48005357142853,True,212,1992-01,2009-08,-5.278356674415035,0.41387284232109617,0.022680750711097875,21.59053176729555,195.22796044430066,0.7708068728721287,209.07314894179888,ok
2009-10,2009-12,2009,12,3,231.29095833333335,238.1976,230.87685185185188,197.16165000000004,0.41410648148146834,41.03594999999996,True,213,1992-01,2009-09,-5.586044487077077,0.404150605571176,0.021574994265935343,21.5625019715971,191.74296689818462,-5.418683101815418,197.5757564814815,ok
2009-11,2010-01,2010,1,3,236.34645833333335,206.4191,305.4430300925926,271.5209068965517,-69.09657175925926,-65.10180689655172,True,214,1992-01,2009-10,-5.368931717527578,0.40440859625049,0.02154030348971403,21.51206749476299,238.20872758814085,-33.31217930841086,202.42433513729245,ok
2009-12,2010-02,2010,2,3,246.03275,189.3031,296.103724537037,225.33852068965518,-50.07097453703702,-36.03542068965518,True,215,1992-01,2009-11,-5.507188441145143,0.4254386563712273,0.02486113051067962,21.97757557422427,198.5292041182751,-26.809316571380094,175.26754615261817,ok
2010-01,2010-03,2010,3,3,311.9778333333333,170.6808,340.44932236842106,270.6563896551724,-28.471489035087757,-99.9755896551724,True,216,1992-01,2009-12,-5.546957774332309,0.4297286059304806,0.02593257652593084,22.195709169707833,252.87441858902685,-17.78197106614556,242.18490062008465,ok
2010-02,2010-04,2010,4,3,149.10483333333335,179.409,197.00451315789473,206.41916206896553,-47.89967982456139,-27.010162068965542,True,217,1992-01,2010-01,-5.908425939312433,0.4509784749791818,0.028435717855678222,22.233091844960516,178.90901157038132,-27.51015049858421,158.51948224440414,ok
2010-03,2010-05,2010,5,3,32.65420833333334,36.5434,24.282374999999995,87.16460000000001,8.371833333333342,-50.62120000000001,True,218,1992-01,2010-02,-5.906353550711844,0.4507638444511929,0.02897850196896057,22.42703629290011,85.03196622772614,-2.132633772273863,95.53643333333335,ok
2010-04,2010-06,2010,6,3,1.101625,8.1085,1.4113486842105263,7.3603482758620675,-0.3097236842105262,0.7481517241379319,True,219,1992-01,2010-03,-6.131863203076885,0.44661075562913094,0.028397603176988806,22.381083354468288,1.0901591441436809,-6.270189131718387,7.050624591651541,ok
2010-05,2010-07,2010,7,3,0.4129583333333333,1.8517,1.3193026315789471,4.624124137931034,-0.9063442982456138,-2.7724241379310337,True,220,1992-01,2010-04,-6.099919007290628,0.446654082338903,0.0284012577909466,22.330132429723943,-1.8806172501755862,-6.50474138810662,3.71777983968542,ok
2010-06,2010-08,2010,8,3,0.33487500000000003,1.1641,1.853782894736842,12.542427586206896,-1.518907894736842,-11.378327586206897,True,221,1992-01,2010-05,-6.08302808590304,0.4466567329288879,0.02840107372356493,22.27972176563618,5.780969062420803,-6.761458523786093,11.023519691470055,ok
2010-07,2010-09,2010,9,3,1.1339166666666667,2.3148,7.169478070175438,60.65987931034483,-6.035561403508771,-58.34507931034483,True,222,1992-01,2010-06,-6.103802599537043,0.4466792337826547,0.028403140749932887,22.229926243727082,51.86011676764033,-8.7997625427045,54.624317906836055,ok
2010-08,2010-10,2010,10,3,17.152958333333334,136.1532,27.050098684210525,126.07085862068966,-9.89714035087719,10.082341379310336,True,223,1992-01,2010-07,-6.32367983416463,0.44895780432196564,0.028600789060640897,22.184835576362545,115.30378038552888,-10.767078235160781,116.17371826981247,ok
2010-09,2010-11,2010,11,3,144.66604166666667,142.1422,102.26405921052633,192.23370344827583,42.401982456140345,-50.09150344827583,True,224,1992-01,2010-08,-6.232370873544921,0.4472711031711889,0.0283962850217081,22.14709869235537,204.96651404453422,12.732810596258389,234.63568590441616,ok
2010-10,2010-12,2010,12,3,288.89887500000003,168.2896,230.89864692982457,198.57668275862073,58.00022807017547,-30.287082758620727,True,225,1992-01,2010-09,-6.532488709622656,0.4228443200558901,0.025752857721161537,22.26968885690201,216.56926105041796,17.99257829179723,256.5769108287962,ok
2010-11,2011-01,2011,1,3,345.29041666666666,274.405,301.80636842105264,269.35084666666665,43.48404824561402,5.054153333333318,True,226,1992-01,2010-10,-6.760793474547239,0.39818128879068465,0.02352759867959875,22.544461593754473,279.9045875643943,10.553740897727664,312.8348949122807,ok
2010-12,2011-02,2011,2,3,333.80925,316.7195,293.4684100877193,224.13734000000002,40.34083991228073,92.58215999999996,True,227,1992-01,2010-11,-6.785850394675736,0.39611208989595864,0.02367194099662484,22.67489174645465,233.33098401113608,9.193644011136058,264.4781799122808,ok
1991-01,1991-04,1991,4,4,253.46520833333332,214.6288,,206.46041999999997,,8.168380000000042,False,0,,,,,,,,,,anomalia_indisponivel_para_linha_avaliada
1991-02,1991-05,1991,5,4,22.72175,128.0413,,48.429050000000004,,79.61225,False,0,,,,,,,,,,anomalia_indisponivel_para_linha_avaliada
1991-03,1991-06,1991,6,4,1.6847083333333333,0.7033,,9.38869,,-8.68539,False,0,,,,,,,,,,anomalia_indisponivel_para_linha_avaliada
1991-04,1991-07,1991,7,4,1.06025,1.9531,,6.404940000000001,,-4.451840000000001,False,0,,,,,,,,,,anomalia_indisponivel_para_linha_avaliada
1991-05,1991-08,1991,8,4,1.8860833333333333,1.2135,,16.050330000000002,,-14.836830000000003,False,0,,,,,,,,,,anomalia_indisponivel_para_linha_avaliada
1991-06,1991-09,1991,9,4,4.535958333333333,73.9762,,73.19717999999999,,0.7790200000000169,False,0,,,,,,,,,,anomalia_indisponivel_para_linha_avaliada
1991-07,1991-10,1991,10,4,21.092458333333333,58.2752,,169.18448999999998,,-110.90928999999998,False,0,,,,,,,,,,anomalia_indisponivel_para_linha_avaliada
1991-08,1991-11,1991,11,4,111.88799999999999,141.8015,,204.26054000000002,,-62.459040000000016,False,0,,,,,,,,,,anomalia_indisponivel_para_linha_avaliada
1991-09,1991-12,1991,12,4,263.53229166666665,139.2974,,206.55659999999997,,-67.25919999999996,False,0,,,,,,,,,,anomalia_indisponivel_para_linha_avaliada
1991-10,1992-01,1992,1,4,349.56475,307.6078,,296.8603363636363,,10.747463636363705,False,0,,,,,,,,,,anomalia_indisponivel_para_linha_avaliada
1991-11,1992-02,1992,2,4,275.3445,144.7331,,218.7978454545455,,-74.06474545454549,False,0,,,,,,,,,,anomalia_indisponivel_para_linha_avaliada
1991-12,1992-03,1992,3,4,326.7089583333333,155.372,,299.8407818181818,,-144.4687818181818,False,0,,,,,,,,,,anomalia_indisponivel_para_linha_avaliada
1992-01,1992-04,1992,4,4,184.12908333333334,102.9542,253.46520833333332,207.20299999999997,-69.33612499999998,-104.24879999999997,True,0,,,,,,,,,137.866875,warmup_amostra_insuficiente
1992-02,1992-05,1992,5,4,21.070166666666665,24.3743,22.72175,55.66652727272728,-1.6515833333333347,-31.292227272727278,True,1,,,,,,,,,54.014943939393945,warmup_amostra_insuficiente
1992-03,1992-06,1992,6,4,0.8855833333333334,1.0095,1.6847083333333333,8.599109090909092,-0.7991249999999999,-7.589609090909092,True,2,,,,,,,,,7.799984090909092,warmup_amostra_insuficiente
1992-04,1992-07,1992,7,4,1.7409999999999999,2.0289,1.06025,6.000227272727273,0.68075,-3.9713272727272733,True,3,,,,,,,,,6.680977272727273,warmup_amostra_insuficiente
1992-05,1992-08,1992,8,4,1.1271666666666667,13.0445,1.8860833333333333,14.701527272727276,-0.7589166666666667,-1.6570272727272766,True,4,,,,,,,,,13.94261060606061,warmup_amostra_insuficiente
1992-06,1992-09,1992,9,4,3.531625,135.5711,4.535958333333333,73.26799999999999,-1.0043333333333333,62.303100000000015,True,5,,,,,,,,,72.26366666666665,warmup_amostra_insuficiente
1992-07,1992-10,1992,10,4,25.36675,62.0723,21.092458333333333,159.10182727272726,4.274291666666667,-97.02952727272726,True,6,,,,,,,,,163.37611893939393,warmup_amostra_insuficiente
1992-08,1992-11,1992,11,4,95.26675,214.2915,111.88799999999999,198.58244545454545,-16.62124999999999,15.709054545454563,True,7,,,,,,,,,181.96119545454548,warmup_amostra_insuficiente
1992-09,1992-12,1992,12,4,232.97616666666667,239.5717,263.53229166666665,200.44212727272725,-30.55612499999998,39.129572727272745,True,8,,,,,,,,,169.88600227272727,warmup_amostra_insuficiente
1992-10,1993-01,1993,1,4,266.67929166666664,121.8043,349.56475,297.75595833333324,-82.88545833333336,-175.95165833333323,True,9,,,,,,,,,214.87049999999988,warmup_amostra_insuficiente
1992-11,1993-02,1993,2,4,310.736125,307.8407,275.3445,212.62578333333337,35.39162500000003,95.21491666666665,True,10,,,,,,,,,248.0174083333334,warmup_amostra_insuficiente
1992-12,1993-03,1993,3,4,365.0771666666667,153.1779,326.7089583333333,287.80171666666666,38.36820833333337,-134.62381666666667,True,11,,,,,,,,,326.16992500000003,warmup_amostra_insuficiente
1993-01,1993-04,1993,4,4,213.72116666666668,250.0943,218.79714583333333,198.51559999999998,-5.075979166666656,51.578700000000026,True,12,,,,,,,,,193.43962083333332,warmup_amostra_insuficiente
1993-02,1993-05,1993,5,4,23.279791666666668,95.5974,21.895958333333333,53.058841666666666,1.3838333333333352,42.53855833333333,True,13,,,,,,,,,54.442675,warmup_amostra_insuficiente
1993-03,1993-06,1993,6,4,3.045625,0.586,1.2851458333333334,7.966641666666668,1.7604791666666664,-7.380641666666667,True,14,,,,,,,,,9.727120833333334,warmup_amostra_insuficiente
1993-04,1993-07,1993,7,4,4.508666666666667,1.8793,1.4006249999999998,5.669283333333335,3.108041666666667,-3.7899833333333355,True,15,,,,,,,,,8.777325000000001,warmup_amostra_insuficiente
1993-05,1993-08,1993,8,4,3.6270416666666665,40.5665,1.506625,14.56344166666667,2.1204166666666664,26.00305833333333,True,16,,,,,,,,,16.683858333333337,warmup_amostra_insuficiente
1993-06,1993-09,1993,9,4,5.043583333333333,56.4376,4.033791666666667,78.45992499999998,1.0097916666666666,-22.02232499999998,True,17,,,,,,,,,79.46971666666666,warmup_amostra_insuficiente
1993-07,1993-10,1993,10,4,23.770791666666668,126.1723,23.229604166666668,151.01603333333333,0.5411874999999995,-24.84373333333332,True,18,,,,,,,,,151.55722083333333,warmup_amostra_insuficiente
1993-08,1993-11,1993,11,4,119.54516666666666,225.9903,103.57737499999999,199.8915333333333,15.96779166666667,26.098766666666677,True,19,,,,,,,,,215.85932499999998,warmup_amostra_insuficiente
1993-09,1993-12,1993,12,4,243.4665,216.8044,248.25422916666668,203.70292499999996,-4.787729166666679,13.101475000000022,True,20,,,,,,,,,198.91519583333329,warmup_amostra_insuficiente
1993-10,1994-01,1994,1,4,364.1172916666667,330.218,308.1220208333333,284.2212153846153,55.99527083333339,45.99678461538474,True,21,,,,,,,,,340.21648621794867,warmup_amostra_insuficiente
1993-11,1994-02,1994,2,4,314.516125,306.4669,293.0403125,219.95000769230774,21.47581249999996,86.51689230769227,True,22,,,,,,,,,241.4258201923077,warmup_amostra_insuficiente
1993-12,1994-03,1994,3,4,382.77695833333337,311.1998,345.89306250000004,277.4460384615385,36.88389583333333,33.753761538461504,True,23,,,,,,,,,314.3299342948718,warmup_amostra_insuficiente
1994-01,1994-04,1994,4,4,251.27270833333333,176.4476,217.1051527777778,202.48319230769232,34.16755555555554,-26.035592307692326,True,24,,,,,,,,,236.65074786324786,warmup_amostra_insuficiente
1994-02,1994-05,1994,5,4,34.584875,50.2617,22.35723611111111,56.33103846153846,12.227638888888887,-6.0693384615384645,True,25,,,,,,,,,68.55867735042735,warmup_amostra_insuficiente
1994-03,1994-06,1994,6,4,1.7711666666666668,40.3001,1.8719722222222224,7.398900000000001,-0.10080555555555559,32.9012,True,26,,,,,,,,,7.2980944444444455,warmup_amostra_insuficiente
1994-04,1994-07,1994,7,4,2.2097083333333334,1.843,2.4366388888888886,5.3777461538461555,-0.2269305555555552,-3.5347461538461555,True,27,,,,,,,,,5.150815598290601,warmup_amostra_insuficiente
1994-05,1994-08,1994,8,4,0.9374583333333333,6.3765,2.2134305555555556,16.563676923076926,-1.2759722222222223,-10.187176923076926,True,28,,,,,,,,,15.287704700854704,warmup_amostra_insuficiente
1994-06,1994-09,1994,9,4,6.134416666666667,57.4679,4.370388888888889,76.76589999999999,1.7640277777777778,-19.297999999999988,True,29,,,,,,,,,78.52992777777777,warmup_amostra_insuficiente
1994-07,1994-10,1994,10,4,25.299666666666667,114.0829,23.41,149.10497692307692,1.8896666666666668,-35.02207692307692,True,30,,,,,,,,,150.9946435897436,warmup_amostra_insuficiente
1994-08,1994-11,1994,11,4,108.90724999999999,151.223,108.89997222222222,201.89913076923074,0.0072777777777730535,-50.676130769230724,True,31,,,,,,,,,201.9064085470085,warmup_amostra_insuficiente
1994-09,1994-12,1994,12,4,243.96879166666668,200.9509,246.65831944444446,204.71073076923074,-2.6895277777777835,-3.7598307692307458,True,32,,,,,,,,,202.02120299145295,warmup_amostra_insuficiente
1994-10,1995-01,1995,1,4,286.756125,156.6185,326.7871111111111,287.5066999999999,-40.030986111111076,-130.8881999999999,True,33,,,,,,,,,247.47571388888883,warmup_amostra_insuficiente
1994-11,1995-02,1995,2,4,310.5950833333333,232.7107,300.19891666666666,226.12978571428576,10.396166666666659,6.580914285714243,True,34,,,,,,,,,236.52595238095242,warmup_amostra_insuficiente
1994-12,1995-03,1995,3,4,389.08229166666666,218.3206,358.1876944444445,279.8570214285714,30.89459722222216,-61.53642142857137,True,35,,,,,,,,,310.75161865079355,warmup_amostra_insuficiente
1995-01,1995-04,1995,4,4,210.08158333333333,255.6784,225.64704166666667,200.62350714285714,-15.56545833333334,55.054892857142875,True,36,,,,,,,,,185.0580488095238,warmup_amostra_insuficiente
1995-02,1995-05,1995,5,4,21.24866666666667,188.1476,25.414145833333333,55.89751428571429,-4.165479166666664,132.25008571428572,True,37,,,,,,,,,51.73203511904762,warmup_amostra_insuficiente
1995-03,1995-06,1995,6,4,0.4859583333333333,0.5023,1.8467708333333335,9.748985714285714,-1.3608125000000002,-9.246685714285714,True,38,,,,,,,,,8.388173214285715,warmup_amostra_insuficiente
1995-04,1995-07,1995,7,4,0.44649999999999995,1.9521,2.37990625,5.125264285714287,-1.93340625,-3.1731642857142877,True,39,,,,,,,,,3.1918580357142874,warmup_amostra_insuficiente
1995-05,1995-08,1995,8,4,0.39066666666666666,1.2264,1.8944375,15.83602142857143,-1.5037708333333333,-14.60962142857143,True,40,,,,,,,,,14.332250595238097,warmup_amostra_insuficiente
1995-06,1995-09,1995,9,4,1.1772083333333334,24.8694,4.811395833333333,75.38747142857142,-3.6341874999999995,-50.51807142857142,True,41,,,,,,,,,71.75328392857142,warmup_amostra_insuficiente
1995-07,1995-10,1995,10,4,23.313166666666664,82.7379,23.882416666666668,146.6034,-0.5692500000000038,-63.8655,True,42,,,,,,,,,146.03414999999998,warmup_amostra_insuficiente
1995-08,1995-11,1995,11,4,127.116,247.2129,108.90179166666665,198.2794071428571,18.214208333333346,48.93349285714288,True,43,,,,,,,,,216.49361547619046,warmup_amostra_insuficiente
1995-09,1995-12,1995,12,4,259.2914583333333,191.1246,245.9859375,204.44217142857138,13.305520833333304,-13.317571428571398,True,44,,,,,,,,,217.7476922619047,warmup_amostra_insuficiente
1995-10,1996-01,1996,1,4,317.69170833333334,224.1528,316.7793645833333,278.7808199999999,0.9123437500000477,-54.62801999999988,True,45,,,,,,,,,279.69316374999994,warmup_amostra_insuficiente
1995-11,1996-02,1996,2,4,371.28820833333333,225.4247,302.7979583333333,226.56851333333336,68.49025,-1.1438133333333553,True,46,,,,,,,,,295.05876333333333,warmup_amostra_insuficiente
1995-12,1996-03,1996,3,4,408.40012499999995,302.7974,365.91134375,275.75459333333333,42.48878124999993,27.04280666666665,True,47,,,,,,,,,318.24337458333326,warmup_amostra_insuficiente
1996-01,1996-04,1996,4,4,181.90429166666664,321.9434,222.53395,204.29383333333334,-40.62965833333337,117.64956666666666,True,48,,,,,,,,,163.66417499999997,warmup_amostra_insuficiente
1996-02,1996-05,1996,5,4,20.422791666666665,98.9982,24.581049999999998,64.71418666666666,-4.1582583333333325,34.284013333333334,True,49,,,,,,,,,60.55592833333333,warmup_amostra_insuficiente
1996-03,1996-06,1996,6,4,0.6587500000000001,0.4652,1.5746083333333334,9.13254,-0.9158583333333333,-8.667340000000001,True,50,,,,,,,,,8.216681666666668,warmup_amostra_insuficiente
1996-04,1996-07,1996,7,4,1.015625,1.9521,1.993225,4.913720000000001,-0.9776,-2.9616200000000017,True,51,,,,,,,,,3.9361200000000016,warmup_amostra_insuficiente
1996-05,1996-08,1996,8,4,1.4174166666666668,1.4883,1.5936833333333333,14.862046666666668,-0.17626666666666657,-13.373746666666667,True,52,,,,,,,,,14.685780000000001,warmup_amostra_insuficiente
1996-06,1996-09,1996,9,4,4.633125,9.7369,4.084558333333333,72.0196,0.5485666666666669,-62.2827,True,53,,,,,,,,,72.56816666666667,warmup_amostra_insuficiente
1996-07,1996-10,1996,10,4,32.64304166666667,145.0933,23.768566666666665,142.3457,8.874475000000004,2.7476000000000056,True,54,,,,,,,,,151.22017499999998,warmup_amostra_insuficiente
1996-08,1996-11,1996,11,4,142.23600000000002,222.7092,112.54463333333334,201.54163999999997,29.69136666666668,21.167560000000037,True,55,,,,,,,,,231.23300666666665,warmup_amostra_insuficiente
1996-09,1996-12,1996,12,4,252.68479166666668,130.1745,248.64704166666667,203.55433333333332,4.037750000000017,-73.37983333333332,True,56,,,,,,,,,207.59208333333333,warmup_amostra_insuficiente
1996-10,1997-01,1997,1,4,353.92825,403.2083,316.9618333333333,275.36656875,36.9664166666667,127.84173125000001,True,57,,,,,,,,,312.3329854166667,warmup_amostra_insuficiente
1996-11,1997-02,1997,2,4,332.115875,180.4594,316.49600833333335,226.497025,15.619866666666667,-46.03762500000002,True,58,,,,,,,,,242.11689166666667,warmup_amostra_insuficiente
1996-12,1997-03,1997,3,4,353.30325,452.1152,374.40909999999997,277.44476875,-21.105849999999975,174.67043125000004,True,59,,,,,,,,,256.33891875,warmup_amostra_insuficiente
1997-01,1997-04,1997,4,4,227.18879166666667,290.1342,215.76234027777778,211.64693125,11.426451388888893,78.48726875000003,True,60,,,,,,,,,223.0733826388889,warmup_amostra_insuficiente
1997-02,1997-05,1997,5,4,16.885125,68.9381,23.88800694444444,66.8569375,-7.002881944444443,2.081162500000005,True,61,,,,,,,,,59.85405555555556,warmup_amostra_insuficiente
1997-03,1997-06,1997,6,4,1.3392083333333333,0.6576,1.4219652777777778,8.59083125,-0.08275694444444448,-7.93323125,True,62,,,,,,,,,8.508074305555557,warmup_amostra_insuficiente
1997-04,1997-07,1997,7,4,2.265541666666667,1.9683,1.8302916666666667,4.72861875,0.43525000000000036,-2.7603187499999997,True,63,,,,,,,,,5.163868750000001,warmup_amostra_insuficiente
1997-05,1997-08,1997,8,4,4.720833333333333,1.2265,1.5643055555555554,14.026187499999999,3.156527777777778,-12.7996875,True,64,,,,,,,,,17.182715277777778,warmup_amostra_insuficiente
1997-06,1997-09,1997,9,4,5.356791666666666,47.0877,4.1759861111111105,68.12693125,1.1808055555555557,-21.03923125,True,65,,,,,,,,,69.30773680555555,warmup_amostra_insuficiente
1997-07,1997-10,1997,10,4,23.369,98.1562,25.247645833333333,142.517425,-1.8786458333333336,-44.361225000000005,True,66,,,,,,,,,140.63877916666667,warmup_amostra_insuficiente
1997-08,1997-11,1997,11,4,102.40554166666668,75.7109,117.49319444444444,202.86461250000002,-15.087652777777762,-127.15371250000003,True,67,,,,,,,,,187.77695972222227,warmup_amostra_insuficiente
1997-09,1997-12,1997,12,4,247.01537499999998,199.815,249.32000000000002,198.96809374999998,-2.304625000000044,0.8469062500000177,True,68,,,,,,,,,196.66346874999994,warmup_amostra_insuficiente
1997-10,1998-01,1998,1,4,223.612875,347.458,323.1229027777777,282.8866705882353,-99.51002777777771,64.57132941176474,True,69,,,,,,,,,183.37664281045758,warmup_amostra_insuficiente
1997-11,1998-02,1998,2,4,239.45029166666666,127.8253,319.09931944444446,223.7889294117647,-79.6490277777778,-95.96362941176471,True,70,,,,,,,,,144.1399016339869,warmup_amostra_insuficiente
1997-12,1998-03,1998,3,4,281.3100416666667,242.0988,370.89145833333333,287.7195,-89.58141666666666,-45.62069999999997,True,71,,,,,,,,,198.13808333333333,warmup_amostra_insuficiente
1998-01,1998-04,1998,4,4,168.70675,54.1047,217.3946904761905,216.2638294117647,-48.687940476190505,-162.1591294117647,True,72,,,,,,,,,167.5758889355742,warmup_amostra_insuficiente
1998-02,1998-05,1998,5,4,15.769083333333333,74.6596,22.887595238095233,66.97935882352942,-7.118511904761901,7.680241176470574,True,73,,,,,,,,,59.86084691876752,warmup_amostra_insuficiente
1998-03,1998-06,1998,6,4,0.5723333333333334,16.0121,1.4101428571428571,8.124170588235295,-0.8378095238095238,7.887929411764706,True,74,,,,,,,,,7.286361064425771,warmup_amostra_insuficiente
1998-04,1998-07,1998,7,4,0.8928333333333334,3.3565,1.8924702380952383,4.566247058823529,-0.9996369047619049,-1.2097470588235288,True,75,,,,,,,,,3.5666101540616237,warmup_amostra_insuficiente
1998-05,1998-08,1998,8,4,0.5245416666666667,1.2501,2.0152380952380953,13.273264705882351,-1.4906964285714286,-12.023164705882351,True,76,,,,,,,,,11.782568277310922,warmup_amostra_insuficiente
1998-06,1998-09,1998,9,4,3.596375,13.3474,4.344672619047619,66.8893294117647,-0.7482976190476185,-53.541929411764706,True,77,,,,,,,,,66.14103179271709,warmup_amostra_insuficiente
1998-07,1998-10,1998,10,4,25.277375000000003,89.2952,24.979267857142855,139.9079411764706,0.29810714285714823,-50.61274117647059,True,78,,,,,,,,,140.20604831932775,warmup_amostra_insuficiente
1998-08,1998-11,1998,11,4,121.57554166666667,245.1679,115.33781547619047,195.3849823529412,6.237726190476195,49.78291764705881,True,79,,,,,,,,,201.6227085434174,warmup_amostra_insuficiente
1998-09,1998-12,1998,12,4,253.41004166666667,138.7974,248.99076785714286,199.01791176470587,4.4192738095238155,-60.22051176470586,True,80,,,,,,,,,203.4371855742297,warmup_amostra_insuficiente
1998-10,1999-01,1999,1,4,327.26704166666667,215.817,308.90718452380946,286.4739666666667,18.35985714285721,-70.65696666666668,True,81,,,,,,,,,304.8338238095239,warmup_amostra_insuficiente
1998-11,1999-02,1999,2,4,351.4493333333333,131.3784,307.72088690476187,218.4576166666667,43.72844642857143,-87.0792166666667,True,82,,,,,,,,,262.1860630952381,warmup_amostra_insuficiente
1998-12,1999-03,1999,3,4,370.400375,283.9542,358.09411309523813,285.1850166666666,12.306261904761868,-1.2308166666666125,True,83,,,,,,,,,297.4912785714285,warmup_amostra_insuficiente
1999-01,1999-04,1999,4,4,203.97958333333335,162.6196,211.30869791666666,207.25498888888887,-7.329114583333308,-44.63538888888888,True,84,,,,,,,,,199.92587430555557,warmup_amostra_insuficiente
1999-02,1999-05,1999,5,4,29.149958333333334,177.0923,21.99778125,67.40603888888889,7.152177083333335,109.68626111111111,True,85,,,,,,,,,74.55821597222223,warmup_amostra_insuficiente
1999-03,1999-06,1999,6,4,1.998,0.6859,1.305416666666667,8.56238888888889,0.6925833333333331,-7.87648888888889,True,86,,,,,,,,,9.254972222222223,warmup_amostra_insuficiente
1999-04,1999-07,1999,7,4,4.129208333333334,1.9885,1.767515625,4.499038888888888,2.361692708333334,-2.510538888888888,True,87,,,,,,,,,6.860731597222222,warmup_amostra_insuficiente
1999-05,1999-08,1999,8,4,1.227625,1.2624,1.8289010416666667,12.60531111111111,-0.6012760416666667,-11.34291111111111,True,88,,,,,,,,,12.004035069444443,warmup_amostra_insuficiente
1999-06,1999-09,1999,9,4,2.9592500000000004,72.5879,4.251135416666667,63.914777777777786,-1.2918854166666667,8.673122222222219,True,89,,,,,,,,,62.62289236111112,warmup_amostra_insuficiente
1999-07,1999-10,1999,10,4,25.444791666666664,112.4277,25.01653125,137.09612222222222,0.4282604166666637,-24.66842222222222,True,90,,,,,,,,,137.52438263888888,warmup_amostra_insuficiente
1999-08,1999-11,1999,11,4,107.68675,349.1067,116.11753125,198.15070000000003,-8.430781249999995,150.95599999999996,True,91,,,,,,,,,189.71991875000003,warmup_amostra_insuficiente
1999-09,1999-12,1999,12,4,282.71616666666665,242.5365,249.54317708333332,195.67232777777775,33.17298958333333,46.86417222222224,True,92,,,,,,,,,228.84531736111109,warmup_amostra_insuficiente
1999-10,2000-01,2000,1,4,288.5195,260.085,311.20216666666664,282.7551789473684,-22.68266666666665,-22.670178947368413,True,93,,,,,,,,,260.07251228070174,warmup_amostra_insuficiente
1999-11,2000-02,2000,2,4,369.27325,271.7656,313.18694270833333,213.8745,56.086307291666685,57.891099999999994,True,94,,,,,,,,,269.9608072916667,warmup_amostra_insuficiente
1999-12,2000-03,2000,3,4,384.1718333333333,185.8099,359.63239583333336,285.12023684210527,24.539437499999963,-99.31033684210527,True,95,,,,,,,,,309.65967434210523,warmup_amostra_insuficiente
2000-01,2000-04,2000,4,4,222.06949999999998,184.1135,210.49435185185183,204.90575789473684,11.575148148148145,-20.79225789473685,True,96,,,,,,,,,216.48090604288498,warmup_amostra_insuficiente
2000-02,2000-05,2000,5,4,20.434,53.6399,22.79246759259259,73.179,-2.3584675925925893,-19.539100000000005,True,97,,,,,,,,,70.82053240740741,warmup_amostra_insuficiente
2000-03,2000-06,2000,6,4,0.7019166666666666,4.8153,1.3823703703703705,8.147836842105264,-0.6804537037037038,-3.332536842105264,True,98,,,,,,,,,7.467383138401559,warmup_amostra_insuficiente
2000-04,2000-07,2000,7,4,2.299,10.0203,2.0299259259259257,4.366905263157895,0.26907407407407424,5.653394736842106,True,99,,,,,,,,,4.635979337231969,warmup_amostra_insuficiente
2000-05,2000-08,2000,8,4,3.0355416666666666,7.9948,1.7620925925925925,12.008315789473684,1.273449074074074,-4.013515789473685,True,100,,,,,,,,,13.281764863547759,warmup_amostra_insuficiente
2000-06,2000-09,2000,9,4,3.877125,123.9327,4.107592592592592,64.37125789473684,-0.2304675925925923,59.561442105263154,True,101,,,,,,,,,64.14079030214425,warmup_amostra_insuficiente
2000-07,2000-10,2000,10,4,21.516541666666665,86.4072,25.064115740740743,135.79778421052632,-3.5475740740740775,-49.39058421052631,True,102,,,,,,,,,132.25021013645224,warmup_amostra_insuficiente
2000-08,2000-11,2000,11,4,108.78837499999999,192.5216,115.18077777777778,206.09575263157896,-6.392402777777789,-13.574152631578954,True,103,,,,,,,,,199.70334985380117,warmup_amostra_insuficiente
2000-09,2000-12,2000,12,4,241.915375,222.6176,253.2290648148148,198.13886315789472,-11.31368981481478,24.47873684210529,True,104,,,,,,,,,186.82517334307994,warmup_amostra_insuficiente
2000-10,2001-01,2001,1,4,313.2500416666667,192.5309,308.68187037037035,281.62167,4.5681712962963275,-89.09076999999999,True,105,,,,,,,,,286.1898412962963,warmup_amostra_insuficiente
2000-11,2001-02,2001,2,4,313.2762916666667,153.1069,319.41875462962963,216.76905500000004,-6.142462962962952,-63.66215500000004,True,106,,,,,,,,,210.62659203703708,warmup_amostra_insuficiente
2000-12,2001-03,2001,3,4,338.449375,249.1479,362.35900000000004,280.15472,-23.909625000000062,-31.006820000000005,True,107,,,,,,,,,256.24509499999994,warmup_amostra_insuficiente
2001-01,2001-04,2001,4,4,211.36666666666667,196.9268,211.65186666666665,203.866145,-0.2851999999999748,-6.939345000000003,True,108,,,,,,,,,203.580945,warmup_amostra_insuficiente
2001-02,2001-05,2001,5,4,32.43091666666667,140.175,22.556620833333334,72.202045,9.874295833333335,67.97295500000001,True,109,,,,,,,,,82.07634083333333,warmup_amostra_insuficiente
2001-03,2001-06,2001,6,4,2.1058749999999997,5.0237,1.3143250000000002,7.981210000000002,0.7915499999999995,-2.957510000000002,True,110,,,,,,,,,8.772760000000002,warmup_amostra_insuficiente
2001-04,2001-07,2001,7,4,2.499916666666667,2.3266,2.056833333333333,4.6495750000000005,0.44308333333333394,-2.3229750000000005,True,111,,,,,,,,,5.092658333333334,warmup_amostra_insuficiente
2001-05,2001-08,2001,8,4,1.5177500000000002,7.2041,1.8894375,11.80764,-0.37168749999999995,-4.603539999999999,True,112,,,,,,,,,11.435952499999999,warmup_amostra_insuficiente
2001-06,2001-09,2001,9,4,8.564375,33.0017,4.084545833333333,67.34933000000001,4.479829166666667,-34.34763000000001,True,113,,,,,,,,,71.82915916666667,warmup_amostra_insuficiente
2001-07,2001-10,2001,10,4,51.07941666666667,130.0808,24.709358333333334,133.328255,26.370058333333333,-3.247455000000002,True,114,,,,,,,,,159.69831333333335,warmup_amostra_insuficiente
2001-08,2001-11,2001,11,4,103.345125,196.3446,114.5415375,205.417045,-11.196412500000008,-9.072444999999988,True,115,,,,,,,,,194.2206325,warmup_amostra_insuficiente
2001-09,2001-12,2001,12,4,245.68741666666665,209.0467,252.09769583333332,199.3628,-6.410279166666669,9.683899999999994,True,116,,,,,,,,,192.95252083333332,warmup_amostra_insuficiente
2001-10,2002-01,2002,1,4,287.83875,368.8524,309.13868749999995,277.3792523809524,-21.299937499999942,91.47314761904761,True,117,,,,,,,,,256.07931488095244,warmup_amostra_insuficiente
2001-11,2002-02,2002,2,4,287.79408333333333,190.9456,318.80450833333333,213.73752380952382,-31.010424999999998,-22.79192380952381,True,118,,,,,,,,,182.72709880952382,warmup_amostra_insuficiente
2001-12,2002-03,2002,3,4,372.208375,178.8799,359.96803750000004,278.67820476190474,12.240337499999953,-99.79830476190475,True,119,,,,,,,,,290.9185422619047,warmup_amostra_insuficiente
2002-01,2002-04,2002,4,4,204.336,124.7968,211.62593939393938,203.53569999999996,-7.289939393939363,-78.73889999999996,True,120,1992-01,2001-12,-6.270977192845526,0.4580392424511577,0.03744314191004461,25.089895051337145,193.9256444896396,-9.610055510360354,196.2457606060606,ok
2002-02,2002-05,2002,5,4,30.7235,103.8934,23.454284090909088,75.43885238095238,7.269215909090914,28.454547619047617,True,121,1992-01,2002-01,-6.840441473487693,0.46444318954779557,0.0380556711046699,24.995406650397367,71.97454872979446,-3.4643036511579197,82.7080682900433,ok
2002-03,2002-06,2002,6,4,0.76675,6.7952,1.386284090909091,7.840376190476191,-0.619534090909091,-1.045176190476191,True,122,1992-01,2002-02,-6.578094404801974,0.46760660815224525,0.03849289962396507,24.90082456278771,0.9725835507895322,-6.867792639686659,7.2208420995671005,ok
2002-04,2002-07,2002,7,4,1.3504166666666668,2.1991,2.0971136363636362,4.538957142857143,-0.7466969696969694,-2.339857142857143,True,123,1992-01,2002-03,-6.530762955596518,0.4675766118042542,0.038485213961617526,24.79949601719591,-2.3409438518747874,-6.87990099473193,3.7922601731601735,ok
2002-05,2002-08,2002,8,4,3.448625,1.0971,1.8556477272727272,11.588423809523809,1.5929772727272726,-10.49132380952381,True,124,1992-01,2002-04,-6.494156901156378,0.4675458400061473,0.03847864209624119,24.6994346116501,5.839056805455405,-5.749367004068404,13.181401082251082,ok
2002-06,2002-09,2002,9,4,10.961958333333333,67.2486,4.49180303030303,65.71372857142858,6.470155303030303,1.534871428571421,True,125,1992-01,2002-05,-6.532117490175342,0.46743221342087965,0.038460283387411476,24.600724863738463,62.20597009572553,-3.5077584757030422,72.18388387445887,ok
2002-07,2002-10,2002,10,4,36.705333333333336,93.122,27.106636363636365,133.1736142857143,9.59869696969697,-40.05161428571431,True,126,1992-01,2002-06,-6.4920230597595,0.4678743996286219,0.03854976083373929,24.50927579775508,131.17257580786884,-2.0010384778454693,142.77231125541127,ok
2002-08,2002-11,2002,11,4,96.50879166666665,141.559,113.52368181818183,204.98502380952382,-17.014890151515175,-63.42602380952383,True,127,1992-01,2002-07,-6.792069106026372,0.46300956058614096,0.037701888796111804,24.42704643577262,190.31489789102295,-14.670125918500872,187.97013365800865,ok
2002-09,2002-12,2002,12,4,187.56608333333335,198.8721,251.51494318181815,199.8239380952381,-63.9488598484848,-0.9518380952381165,True,128,1992-01,2002-08,-7.170588129529422,0.4737742293874647,0.039333342764240276,24.378723283440547,162.3560281707858,-37.4679099244523,135.8750782467533,ok
2002-10,2003-01,2003,1,4,249.63804166666668,226.3735,307.2023295454545,281.5371227272727,-57.56428787878784,-55.16362272727267,True,129,1992-01,2002-09,-6.908151641593095,0.4449439396816304,0.036526569260429076,24.937553658099695,249.01609005192418,-32.52103267534849,223.97283484848484,ok
2002-11,2003-02,2003,2,4,277.8147916666667,242.0345,315.9853787878788,212.70152727272728,-38.17058712121212,29.332972727272733,True,130,1992-01,2002-10,-7.064645104083878,0.46027816068615185,0.04044027946717432,25.365595642273927,188.06779453618137,-24.63373273654591,174.53094015151515,ok
2002-12,2003-03,2003,3,4,351.58466666666664,210.3821,361.0807954545455,274.1419181818182,-9.496128787878888,-63.75981818181819,True,131,1992-01,2002-11,-6.686303260664382,0.4368605275394154,0.03691024632070894,25.5023860868105,263.3071310892988,-10.834787092519377,264.6457893939393,ok
2003-01,2003-04,2003,4,4,220.44958333333332,166.9079,211.0184444444444,199.95665909090906,9.43113888888891,-33.048759090909044,True,132,1992-01,2002-12,-7.079771413038557,0.44185776125038995,0.037517248120394364,25.422911052216907,197.04410959335647,-2.9125494975525896,209.38779797979797,ok
2003-02,2003-05,2003,5,4,36.973,100.5299,24.060052083333332,76.7322409090909,12.912947916666667,23.797659090909093,True,133,1992-01,2003-01,-7.311808709752275,0.4380052681253986,0.036864307408776,25.335925269873808,75.07637141386752,-1.655869495223385,89.64518882575757,ok
2003-03,2003-06,2003,6,4,2.2139583333333333,12.2745,1.33465625,7.792868181818182,0.8793020833333332,4.4816318181818176,True,134,1992-01,2003-02,-7.11629181532318,0.44226145139106443,0.03758941298206586,25.260335094567044,1.0654577820811888,-6.727410399736994,8.672170265151514,ok
2003-04,2003-07,2003,7,4,0.50225,1.88,2.0348888888888887,4.4326,-1.5326388888888887,-2.5526,True,135,1992-01,2003-03,-7.032892437608115,0.44254753492400667,0.03762764697813692,25.16612917749444,-3.278557999814562,-7.711157999814562,2.899961111111111,ok
2003-05,2003-08,2003,8,4,0.6697083333333333,33.5851,1.9883958333333334,11.111545454545455,-1.3186875,22.47355454545454,True,136,1992-01,2003-04,-6.994980649741001,0.4425330076333368,0.03762304914789727,25.07411995035958,3.533002059300968,-7.578543395244488,9.792857954545456,ok
2003-06,2003-09,2003,9,4,5.151708333333334,34.1644,5.030982638888889,65.78349545454546,0.12072569444444436,-31.61909545454546,True,137,1992-01,2003-05,-6.77563386547892,0.44252404240672666,0.03754554581424174,24.982951901954696,59.06128561139445,-6.722209843151006,65.9042211489899,ok
2003-07,2003-10,2003,10,4,15.713375,102.8612,27.90652777777778,131.35308636363638,-12.19315277777778,-28.491886363636382,True,138,1992-01,2003-06,-6.956573335761833,0.4421131091259746,0.03742737899714055,24.891983004388067,119.0057603432432,-12.347326020393183,119.1599335858586,ok
2003-08,2003-11,2003,11,4,104.81400000000001,171.1685,112.10577430555556,202.10202272727275,-7.291774305555549,-30.93352272727276,True,139,1992-01,2003-07,-7.069925654128071,0.4441663425060744,0.03779117175332247,24.828294089928416,191.7933363494663,-10.308686377806453,194.8102484217172,ok
2003-09,2003-12,2003,12,4,234.09220833333333,191.1895,246.18587152777775,199.78067272727273,-12.093663194444417,-8.59117272727272,True,140,1992-01,2003-08,-7.215244987807565,0.4455915873129654,0.03800377270934274,24.74979733582994,187.17659316022431,-12.604079567048416,187.6870095328283,ok
2003-10,2004-01,2004,1,4,297.03445833333336,330.2411,302.4053055555555,279.13870434782604,-5.370847222222153,51.10239565217398,True,141,1992-01,2003-09,-7.187523379214339,0.4450923590665339,0.037969109860980677,24.68765679330559,269.5606579082869,-9.57804643953915,273.7678571256039,ok
2003-11,2004-02,2004,2,4,328.317125,337.9902,312.80449652777776,213.97687391304348,15.512628472222218,124.01332608695654,True,142,1992-01,2003-10,-6.764337202106892,0.4423448386066461,0.037219904231200696,24.60670197505434,214.07446784884658,0.09759393580310416,229.4895023852657,ok
2003-12,2004-03,2004,3,4,388.24525,263.3091,360.28945138888895,271.369752173913,27.95579861111105,-8.060652173913013,True,143,1992-01,2003-11,-5.863840230567402,0.466804924551007,0.0400576773112753,24.5480405198638,278.55581640476845,7.186064230855436,299.32555078502406,ok
2004-01,2004-04,2004,4,4,228.73325,153.5851,211.74391666666665,198.5197565217391,16.98933333333335,-44.9346565217391,True,144,1992-01,2003-12,-5.975805101001553,0.46166711681999034,0.039571850109570095,24.56284522160484,200.3873679574313,1.8676114356921971,215.50908985507246,ok
2004-02,2004-05,2004,5,4,23.893583333333336,29.0041,25.05335576923077,77.76692173913042,-1.159772435897434,-48.76282173913042,True,145,1992-01,2004-01,-6.308884796661354,0.45193584055896585,0.03794565480337586,24.513047654543097,70.93389421179464,-6.833027527335787,76.60714930323299,ok
2004-03,2004-06,2004,6,4,0.626375,11.5046,1.402294871794872,7.987721739130435,-0.775919871794872,3.5168782608695652,True,146,1992-01,2004-02,-6.59602393856699,0.4519841842599366,0.03781216275180166,24.429332190984407,1.040994290259165,-6.94672744887127,7.211801867335563,ok
2004-04,2004-07,2004,7,4,3.5266249999999997,24.0552,1.9169935897435897,4.321617391304348,1.60963141025641,19.733582608695652,True,147,1992-01,2004-03,-6.524807010600529,0.452018158609214,0.0378088991927632,24.346255529354064,-1.4756069931925269,-5.797224384496875,5.931248801560757,ok
2004-05,2004-08,2004,8,4,0.7700833333333333,45.2683,1.8869583333333333,12.08865652173913,-1.1168749999999998,33.17964347826087,True,148,1992-01,2004-04,-6.351491416181507,0.4527973372621371,0.03788510542329726,24.263598848202342,5.231447079502974,-6.857209442236156,10.97178152173913,ok
2004-06,2004-09,2004,9,4,5.810333333333333,24.8521,5.040269230769231,64.40875217391304,0.7700641025641026,-39.556652173913044,True,149,1992-01,2004-05,-6.082824464622997,0.4527620004574344,0.037751474165140575,24.182387424818454,58.67458347284743,-5.734168701065613,65.17881627647715,ok
2004-07,2004-10,2004,10,4,21.85129166666667,156.836,26.968592948717948,130.11430869565217,-5.1173012820512795,26.721691304347843,True,150,1992-01,2004-06,-6.309028034537496,0.4520614015033203,0.037549958577868026,24.101356342400376,121.49194627163584,-8.62236242401633,124.9970074136009,ok
2004-08,2004-11,2004,11,4,109.25279166666667,135.0896,111.5448685897436,200.75708695652176,-2.292076923076934,-65.66748695652177,True,151,1992-01,2004-07,-6.076706282839169,0.45040795375085607,0.03719516847777449,24.02635734821994,193.64801099691994,-7.1090759596018245,198.46501003344483,ok
2004-09,2004-12,2004,12,4,220.38775,159.7892,245.25558974358972,199.40714347826088,-24.867839743589712,-39.617943478260884,True,152,1992-01,2004-08,-6.461077842883697,0.4512365605107008,0.03706112113346072,23.948431734820765,181.72478716214846,-17.68235631611242,174.53930373467117,ok
2004-10,2005-01,2005,1,4,343.17008333333337,258.8253,301.99216346153844,281.2679708333333,41.17791987179493,-22.442670833333295,True,153,1992-01,2004-09,-6.5972120792008395,0.45717231227571237,0.038204253511612274,23.96218143170089,293.49616359662497,12.228192763291645,322.44589070512825,ok
2004-11,2005-02,2005,2,4,317.1270416666667,252.3165,313.99777564102567,219.14409583333335,3.129266025641016,33.17240416666664,True,154,1992-01,2004-10,-6.837801085763138,0.4407965691235491,0.036224497930873345,24.10140807486869,213.68566447554764,-5.458431357785713,222.27336185897437,ok
2004-12,2005-03,2005,3,4,365.36720833333334,402.6636,362.4398974358975,271.03389166666665,2.9273108974358593,131.62970833333333,True,155,1992-01,2004-11,-6.586962039032689,0.44254917158949225,0.03639632901738088,24.023946988114016,265.7424086402791,-5.291483026387539,273.9612025641025,ok
2005-01,2005-04,2005,4,4,191.38683333333333,143.7686,212.95744047619044,196.64747916666667,-21.570607142857114,-52.87887916666668,True,156,1992-01,2004-12,-5.704027809666986,0.44841219929259907,0.03594343129096811,23.94714660980681,181.27092796799448,-15.376551198672189,175.07687202380956,ok
2005-02,2005-05,2005,5,4,25.880041666666667,73.4273,24.97051488095238,75.7351375,0.9095267857142879,-2.307837499999991,True,157,1992-01,2005-01,-5.9340896478613026,0.4570083661463935,0.03734983100406697,23.938173299242226,70.21670920244436,-5.51842829755563,76.64466428571428,ok
2005-03,2005-06,2005,6,4,1.382375,0.5479,1.346872023809524,8.134258333333333,0.03550297619047593,-7.586358333333333,True,158,1992-01,2005-02,-5.913699780832769,0.4570771966668623,0.037361389894520536,23.862023593837385,2.236786153331037,-5.897472180002296,8.169761309523809,ok
2005-04,2005-07,2005,7,4,0.29016666666666663,1.8672,2.0319672619047617,5.14385,-1.741800595238095,-3.2766499999999996,True,159,1992-01,2005-03,-5.924341432560286,0.4570575810141818,0.03735852938697437,23.786722997909845,-1.5765945992288724,-6.7204445992288715,3.4020494047619048,ok
2005-05,2005-08,2005,8,4,0.7701250000000001,1.159,1.8071815476190474,13.471141666666666,-1.0370565476190472,-12.312141666666665,True,160,1992-01,2005-04,-5.902846108762331,0.4570294763159526,0.03735344452869471,23.713004487989163,7.094330147035972,-6.376811519630694,12.43408511904762,ok
2005-06,2005-09,2005,9,4,2.689083333333333,69.9723,5.0952738095238095,62.760558333333336,-2.4061904761904764,7.2117416666666685,True,161,1992-01,2005-05,-5.939709730396873,0.45703124096019465,0.03735111381806,23.639530899619796,55.72114438361653,-7.039413949716803,60.35436785714286,ok
2005-07,2005-10,2005,10,4,18.313541666666666,43.3954,26.60307142857143,131.2277125,-8.289529761904763,-87.8323125,True,162,1992-01,2005-06,-5.851964355086381,0.4568107145063669,0.03730217849513151,23.56772353848379,121.58900213145611,-9.638710368543883,122.93818273809524,ok
2005-08,2005-11,2005,11,4,105.94804166666667,162.476,111.38114880952382,198.02094166666666,-5.433107142857153,-35.54494166666666,True,163,1992-01,2005-07,-6.324979644667037,0.4631099823325734,0.03786191615400025,23.50641635196652,189.17983586906007,-8.841105797606588,192.5878345238095,ok
2005-09,2005-12,2005,12,4,214.13808333333336,270.7065,243.47931547619046,197.75639583333336,-29.34123214285711,72.95010416666665,True,164,1992-01,2005-08,-6.486398572777191,0.4644026357924843,0.03802025181090796,23.43986348489129,177.64385171601415,-20.112544117319203,168.41516369047625,ok
2005-10,2006-01,2006,1,4,303.79754166666663,166.8556,304.9334434523809,280.370264,-1.1359017857142817,-113.51466400000001,True,165,1992-01,2005-09,-5.958804431487826,0.43553042095384914,0.03331951139502931,23.488898730374498,273.91673978561784,-6.453524214382185,279.23436221428574,ok
2005-11,2006-02,2006,2,4,333.3557083333333,230.8724,314.2212946428572,220.470992,19.13441369047615,10.401408000000004,True,166,1992-01,2005-10,-6.6039372131066765,0.4353827633181667,0.03257733944442087,23.418374360715276,222.19784869392578,1.7268566939257823,239.60540569047615,ok
2005-12,2006-03,2006,3,4,348.41520833333334,267.8005,362.6489910714286,276.29908,-14.233782738095272,-8.498580000000004,True,167,1992-01,2005-11,-6.549791525822248,0.4373169454882633,0.03299838757715834,23.388942164146453,263.52461408441036,-12.774465915589644,262.06529726190473,ok
2006-01,2006-04,2006,4,4,199.7891666666667,429.1988,211.5194,194.53232400000002,-11.730233333333302,234.666476,True,168,1992-01,2005-12,-6.525083174239395,0.43670591447338786,0.0329678022435409,23.349204652481617,182.8845785509411,-11.647745449058931,182.80209066666671,ok
2006-02,2006-05,2006,5,4,26.359958333333335,133.2095,25.03115,75.642824,1.3288083333333347,57.56667599999999,True,169,1992-01,2006-01,-5.103697950207126,0.40847910073224414,0.026011373512845992,23.301055085674772,71.0819164828384,-4.56090751716161,76.97163233333333,ok
2006-03,2006-06,2006,6,4,3.121166666666667,0.6042,1.3492388888888889,7.830804,1.771927777777778,-7.226604,True,170,1992-01,2006-02,-4.736010728910934,0.4102448174236316,0.026061834701493036,23.232007428120077,3.8217174587713716,-4.009086541228628,9.602731777777777,ok
2006-04,2006-07,2006,7,4,1.8525833333333335,1.5265,1.9158472222222223,5.012783999999999,-0.06326388888888879,-3.486283999999999,True,171,1992-01,2006-03,-4.754959208952002,0.41013837817602006,0.02605075762698572,23.163607836891774,0.23187784226200037,-4.7809061577379985,4.94952011111111,ok
2006-05,2006-08,2006,8,4,1.919625,12.4889,1.7380444444444443,12.978655999999999,0.18158055555555563,-0.48975599999999986,True,172,1992-01,2006-04,-4.7474116682736085,0.4101550618191735,0.026053134784524756,23.095998730797607,8.30572051571544,-4.67293548428456,13.160236555555555,ok
2006-06,2006-09,2006,9,4,8.499583333333334,73.0467,4.93486111111111,63.049028,3.5647222222222235,9.997672000000001,True,173,1992-01,2006-05,-4.723151749151138,0.4102198202032582,0.026060936319037498,23.028905447326252,59.78819595992342,-3.260832040076579,66.61375022222222,ok
2006-07,2006-10,2006,10,4,19.831416666666666,156.2402,26.050436111111107,127.71441999999999,-6.2190194444444415,28.525779999999997,True,174,1992-01,2006-06,-4.646120002614382,0.41091261118321143,0.02614535867387513,22.962943044980857,120.51282647846978,-7.201593521530214,121.49540055555555,ok
2006-08,2006-11,2006,11,4,94.15429166666667,160.8529,111.01894166666669,196.59914399999997,-16.864650000000026,-35.74624399999996,True,175,1992-01,2006-07,-4.444368200276245,0.4089603222296026,0.025855163743945364,22.903787095191223,185.25780310143423,-11.341340898565733,179.73449399999993,ok
2006-09,2006-12,2006,12,4,235.72154166666667,150.7779,241.5232333333333,200.67440000000002,-5.801691666666642,-49.89650000000003,True,176,1992-01,2006-08,-4.577558390026452,0.4131056986383053,0.02641002714650731,22.87917346627274,193.7001297207312,-6.974270279268808,194.87270833333338,ok
2006-10,2007-01,2007,1,4,305.929125,243.8694,304.85771666666665,276.0043153846154,1.071408333333352,-32.13491538461537,True,177,1992-01,2006-09,-4.817244765801191,0.4151951838636234,0.026594041094911147,22.82033273515641,271.6319141987655,-4.372401185849867,277.07572371794873,ok
2006-11,2007-02,2007,2,4,329.55558333333335,391.6001,315.4969222222223,220.87104615384618,14.058661111111064,170.72905384615382,True,178,1992-01,2006-10,-4.974185164324037,0.41446617971471883,0.026470651309520865,22.75570118041661,221.72370055214822,0.852654398302036,234.92970726495724,ok
2006-12,2007-03,2007,3,4,324.27620833333333,144.3091,361.7000722222223,275.9722115384615,-37.423863888888945,-131.66311153846152,True,179,1992-01,2006-11,-3.9898482000144453,0.4427961610957745,0.028793396482512446,22.71165466298101,255.4112200750763,-20.56099146338522,238.54834764957258,ok
2007-01,2007-04,2007,4,4,180.79204166666668,203.9629,210.78626041666666,203.5579576923077,-29.994218749999987,0.4049423076922949,True,180,1992-01,2006-12,-4.544930366374631,0.4857407514651206,0.03425970130332778,22.8317822512213,184.44361297069884,-19.11434472160886,173.5637389423077,ok
2007-02,2007-05,2007,5,4,21.382583333333333,59.8926,25.11420052083333,77.85692692307693,-3.731617187499996,-17.964326923076925,True,181,1992-01,2007-01,-4.446561982952972,0.4798384883947658,0.03372160620703779,22.88842242964731,71.61979138960604,-6.237135533470891,74.12530973557693,ok
2007-03,2007-06,2007,6,4,0.6910833333333333,0.6092,1.459984375,7.5528576923076916,-0.7689010416666666,-6.943657692307692,True,182,1992-01,2007-02,-4.510570035246091,0.48010265366081323,0.03375185409344772,22.828282975621192,2.6731362265548704,-4.879721465752821,6.783956650641025,ok
2007-04,2007-07,2007,7,4,2.4887916666666667,2.6528,1.9118932291666666,4.878696153846153,0.5768984375000001,-2.2258961538461532,True,183,1992-01,2007-03,-4.521878252317619,0.4800841198269268,0.03374936144903551,22.76588230977372,0.6337776801252508,-4.244918473720903,5.455594591346154,ok
2007-05,2007-08,2007,8,4,1.049125,1.474,1.7493932291666665,12.959819230769229,-0.7002682291666664,-11.485819230769229,True,184,1992-01,2007-04,-4.510830399151296,0.48013093212149044,0.03375716326522715,22.70343728057015,8.112768394013075,-4.847050836756154,12.259551001602564,ok
2007-06,2007-09,2007,9,4,3.2722916666666664,24.48,5.1576562500000005,63.43355384615385,-1.8853645833333341,-38.95355384615385,True,185,1992-01,2007-05,-4.546816580778364,0.4800676529899809,0.03374653872262656,22.642015101269106,57.98163471482422,-5.451919131329632,61.548189262820515,ok
2007-07,2007-10,2007,10,4,22.096833333333333,90.3212,25.661747395833334,128.8115653846154,-3.5649140625000015,-38.49036538461539,True,186,1992-01,2007-06,-4.72676850543867,0.4801706015992446,0.0337018846338073,22.581910774063807,122.3730299491365,-6.438535435478897,125.24665132211538,ok
2007-08,2007-11,2007,11,4,114.17762499999999,140.1645,109.96490104166666,195.22428846153844,4.212723958333328,-55.05978846153843,True,187,1992-01,2007-07,-4.897094646538269,0.4808387937987516,0.03374025136831693,22.52402654092211,192.35283492173227,-2.8714535398061685,199.43701241987176,ok
2007-09,2007-12,2007,12,4,187.30949999999999,154.6319,241.16062760416668,198.75530384615388,-53.85112760416669,-44.12340384615388,True,188,1992-01,2007-08,-5.179762395334071,0.47762244878460475,0.03317722037808102,22.464229930066168,167.85503401470547,-30.900269831448412,144.9041762419872,ok
2007-10,2008-01,2008,1,4,271.90225,277.9576,304.9246796875,274.81413333333336,-33.022429687499994,3.1434666666666544,True,189,1992-01,2007-09,-5.2365440860046055,0.4847363905098218,0.035082958891175964,22.76600858963353,253.57041587474563,-21.243717458587724,241.79170364583337,ok
2007-11,2008-02,2008,2,4,376.873625,227.3554,316.37558854166673,227.19434444444445,60.498036458333274,0.1610555555555493,True,190,1992-01,2007-10,-5.1238139769834765,0.4769905935092106,0.034305841073953736,22.846605540449925,250.92752478386322,23.733180339418766,287.6923809027777,ok
2007-12,2008-03,2008,3,4,408.2998333333333,291.7903,359.36108072916664,271.0958,48.938752604166666,20.694500000000005,True,191,1992-01,2007-11,-5.271630292209977,0.46254915497457555,0.033542735328625506,23.17721463054395,288.4607483703571,17.364948370357126,320.03455260416666,ok
2008-01,2008-04,2008,4,4,234.54366666666667,198.2004,209.02189460784314,203.57295555555558,25.52177205882353,-5.372555555555579,True,192,1992-01,2007-12,-5.251990747415579,0.46416070811981647,0.03458734559646748,23.367538842179144,210.16716859943605,6.5942130438804725,229.0947276143791,ok
2008-02,2008-05,2008,5,4,19.18404166666667,156.4351,24.894693627450977,77.19158148148148,-5.710651960784308,79.24351851851853,True,193,1992-01,2008-01,-5.3179334056749665,0.4610989463890196,0.03436950424036833,23.371252781257276,69.24047247349448,-7.951109007987,71.48092952069717,ok
2008-03,2008-06,2008,6,4,1.2959583333333333,1.2231,1.4147549019607841,7.295685185185184,-0.1187965686274508,-6.072585185185185,True,194,1992-01,2008-02,-4.873271040917452,0.4574368413959018,0.03345962874871733,23.31601252289238,2.36807221714612,-4.927612968039064,7.176888616557734,ok
2008-04,2008-07,2008,7,4,2.8347916666666664,1.8809,1.945828431372549,4.796255555555555,0.8889632352941175,-2.915355555555555,True,195,1992-01,2008-03,-4.879159554285403,0.45742390236171715,0.03345816768982157,23.255997853283393,0.32372903341448445,-4.47252652214107,5.685218790849673,ok
2008-05,2008-08,2008,8,4,2.589125,10.0751,1.7082009803921567,12.534418518518518,0.8809240196078434,-2.4593185185185167,True,196,1992-01,2008-04,-4.871172941700917,0.4574563057560722,0.0334641017304701,23.19623981208085,8.066229824479194,-4.468188694039323,13.41534253812636,ok
2008-06,2008-09,2008,9,4,8.985541666666666,35.7506,5.046752450980392,61.99082962962963,3.938789215686274,-26.24022962962963,True,197,1992-01,2008-05,-4.860922556625942,0.4574977412577123,0.033471206183048774,23.136942566387386,58.93189424247039,-3.058935387159238,65.9296188453159,ok
2008-07,2008-10,2008,10,4,22.78879166666667,71.4708,25.452046568627452,127.38599629629628,-2.6632549019607836,-55.91519629629629,True,198,1992-01,2008-06,-4.979440435981967,0.4563493972833614,0.033290151143409275,23.07885910948669,121.19118109099256,-6.194815205303726,124.7227413943355,ok
2008-08,2008-11,2008,11,4,160.82279166666666,228.8043,110.21270833333334,193.185037037037,50.61008333333332,35.619262962963006,True,199,1992-01,2008-07,-5.2284529515959814,0.45701413848251904,0.033259846653855396,23.02213785875424,211.08610771855285,17.901070681515847,243.79512037037034,ok
2008-09,2008-12,2008,12,4,255.36320833333332,198.2564,237.99291421568628,197.12110370370374,17.370294117647035,1.135296296296275,True,200,1992-01,2008-08,-5.131337267141427,0.4655196918579309,0.03529908404022364,23.229103691699407,200.075980401691,2.9548766979872596,214.49139782135077,ok
2008-10,2009-01,2009,1,4,310.538125,176.1671,302.9821838235294,274.9264,7.555941176470583,-98.7593,True,201,1992-01,2008-09,-5.140670834303551,0.4652112668237798,0.03536003493662254,23.199930420368787,273.3008381324483,-1.6255618675517098,282.4823411764706,ok
2008-11,2009-02,2009,2,4,328.59791666666666,173.2144,319.93429656862753,227.20009642857144,8.663620098039132,-53.98569642857143,True,202,1992-01,2008-10,-5.628119747504129,0.457628609289025,0.03379688674854475,23.147006619652085,225.5366970979414,-1.6633993306300283,235.86371652661057,ok
2008-12,2009-03,2009,3,4,372.8890833333333,237.6584,362.2398308823529,271.83488928571427,10.649252450980384,-34.17648928571427,True,203,1992-01,2008-11,-5.889641941441999,0.45303371458413183,0.03303628974607431,23.096280458996137,270.7697177396841,-1.0651715460301716,282.48414173669465,ok
2009-01,2009-04,2009,4,4,230.18041666666667,291.4855,210.4397708333333,203.3810785714286,19.74064583333336,88.10442142857141,True,204,1992-01,2008-12,-6.054628614413968,0.4495386900394362,0.03253036974029522,23.049787507414273,206.20063402546376,2.819555454035168,223.12172440476195,ok
2009-02,2009-05,2009,5,4,24.485041666666664,287.1656,24.57743518518518,80.02170714285715,-0.09239351851851652,207.14389285714282,True,205,1992-01,2009-01,-5.627932904095341,0.46556960205591524,0.03456955383466598,23.031735523841014,74.35075862511259,-5.670948517744563,79.92931362433863,ok
2009-03,2009-06,2009,6,4,2.030375,15.2435,1.4081550925925925,7.0788071428571415,0.6222199074074073,8.164692857142857,True,206,1992-01,2009-02,-4.594109718079953,0.46668801993547737,0.03257376488678343,22.97573248712686,2.775080001329587,-4.303727141527554,7.701027050264549,ok
2009-04,2009-07,2009,7,4,2.4440833333333334,2.7198,1.9952152777777776,4.692135714285714,0.44886805555555576,-1.9723357142857134,True,207,1992-01,2009-03,-4.533779343248107,0.4668349039924619,0.032587136232730796,22.920076198134684,0.3679036466581673,-4.3242320676275465,5.141003769841269,ok
2009-05,2009-08,2009,8,4,6.472874999999999,15.226,1.7571412037037035,12.446585714285714,4.715733796296296,2.779414285714287,True,208,1992-01,2009-04,-4.5224566225795915,0.46685873963114366,0.0325904617076993,22.864827544947083,10.125710628280999,-2.3208750860047154,17.16231951058201,ok
2009-06,2009-09,2009,9,4,6.512416666666667,49.6335,5.265574074074074,61.05367857142858,1.2468425925925928,-11.420178571428579,True,209,1992-01,2009-05,-4.497896348702291,0.46710960924379963,0.032631524191401806,22.811715808728632,57.13819437894074,-3.9154841924878383,62.30052116402117,ok
2009-07,2009-10,2009,10,4,39.461625,145.1622,25.304087962962964,125.38902499999999,14.157537037037034,19.773175000000023,True,210,1992-01,2009-06,-4.5337124263853035,0.4669808207855678,0.03261261597586751,22.757296639514248,127.46661083947231,2.07758583947232,139.54656203703703,ok
2009-08,2009-11,2009,11,4,106.56354166666667,129.9771,113.02437962962964,194.45715357142853,-6.4608379629629695,-64.48005357142853,True,211,1992-01,2009-07,-4.448539579216831,0.46937205198192006,0.03298602727688571,22.72245416767926,186.97607722001308,-7.481076351415453,187.99631560846558,ok
2009-09,2009-12,2009,12,4,240.72124999999997,238.1976,238.95793055555558,197.16165000000004,1.7633194444443916,41.03594999999996,True,212,1992-01,2009-08,-4.715631345505411,0.47245432579153984,0.033268577820182665,22.67386745769207,193.2791065537747,-3.882543446225327,198.92496944444443,ok
2009-10,2010-01,2010,1,4,277.5939583333333,206.4191,303.4019583333333,271.5209068965517,-25.807999999999993,-65.10180689655172,True,213,1992-01,2009-09,-4.504205108112292,0.47341456060073983,0.033309464647193865,22.620659411635966,254.79881880845554,-16.72208808809617,245.71290689655171,ok
2009-11,2010-02,2010,2,4,266.32366666666667,189.3031,320.41560879629634,225.33852068965518,-54.09194212962967,-36.03542068965518,True,214,1992-01,2009-10,-4.722710316822553,0.48451703886644687,0.03492070252788937,22.6398925393959,194.40734274564926,-30.931177944005924,171.2465785600255,ok
2009-12,2010-03,2010,3,4,320.8053333333333,170.6808,362.8314560185185,270.6563896551724,-42.026122685185214,-99.9755896551724,True,215,1992-01,2009-11,-4.744204174528082,0.4869327220722275,0.036137524188945,22.895300847901957,245.4482911634057,-25.20809849176669,228.6302669699872,ok
2010-01,2010-04,2010,4,4,181.52629166666668,179.409,211.47875219298243,206.41916206896553,-29.952460526315747,-27.010162068965542,True,216,1992-01,2009-12,-5.060295522821821,0.5137586443054585,0.04034157956220008,23.029154226573073,185.97053103253097,-20.448631036434563,176.4667015426498,ok
2010-02,2010-05,2010,5,4,20.14375,36.5434,24.57257236842105,87.16460000000001,-4.428822368421049,-50.62120000000001,True,217,1992-01,2010-01,-5.088477960153564,0.5153984494879218,0.04086926082133846,23.072848761656015,79.7935138581048,-7.371086141895205,82.73577763157896,ok
2010-03,2010-06,2010,6,4,1.19875,8.1085,1.4409035087719297,7.3603482758620675,-0.24215350877192976,0.7481517241379319,True,218,1992-01,2010-02,-5.285363797657987,0.5165888568271086,0.040951820332099764,23.02278672658228,1.949890673930916,-5.410457601931151,7.118194767090138,ok
2010-04,2010-07,2010,7,4,0.8928333333333334,1.8517,2.0188399122807015,4.624124137931034,-1.126006578947368,-2.7724241379310337,True,219,1992-01,2010-03,-5.257173142771345,0.5166436039064712,0.04095843717055969,22.97007035681526,-1.2147931018100757,-5.838917239741109,3.4981175589836657,ok
2010-05,2010-08,2010,8,4,0.1562916666666667,1.1641,2.0053377192982453,12.542427586206896,-1.8490460526315786,-11.378327586206897,True,220,1992-01,2010-04,-5.243229937494989,0.5166472477458984,0.040958485406154654,22.918057642160353,6.343893094664385,-6.198534491542511,10.693381533575318,ok
2010-06,2010-09,2010,9,4,1.0475416666666666,2.3148,5.331197368421052,60.65987931034483,-4.283655701754386,-58.34507931034483,True,221,1992-01,2010-05,-5.266634597956708,0.5166735828088155,0.04096114548976848,22.866794359950216,53.17999297344327,-7.479886336901558,56.37622360859044,ok
2010-07,2010-10,2010,10,4,15.50125,136.1532,26.04922149122807,126.07085862068966,-10.54797149122807,10.082341379310336,True,222,1992-01,2010-06,-5.49405543109155,0.5180043239011222,0.041025705287551895,22.817971583448987,115.1129083487562,-10.957950271933456,115.5228871294616,ok
2010-08,2010-11,2010,11,4,106.56349999999999,142.1422,112.68433552631579,192.23370344827583,-6.120835526315801,-50.09150344827583,True,223,1992-01,2010-07,-5.401934481574896,0.5163152064759429,0.040774690711831596,22.780266436515735,183.67148850812592,-8.562214940149914,186.11286792196003,ok
2010-09,2010-12,2010,12,4,246.39045833333333,168.2896,239.05073684210527,198.57668275862073,7.339721491228062,-30.287082758620727,True,224,1992-01,2010-08,-5.585016792652362,0.5180415630612164,0.04095094382459219,22.734481568970438,196.79394675971815,-1.7827359989025808,205.9164042498488,ok
2010-10,2011-01,2011,1,4,330.559125,274.405,302.0436425438596,269.35084666666665,28.515482456140376,5.054153333333318,True,225,1992-01,2010-09,-5.714493434309319,0.5159000807822843,0.040608657310246765,22.687086707804056,278.34749293502597,8.996646268359314,297.86632912280703,ok
2010-11,2011-02,2011,2,4,358.76741666666663,316.7195,317.56866447368424,224.13734000000002,41.1987521929824,92.58215999999996,True,226,1992-01,2010-10,-5.73312053827947,0.5148904807921969,0.04075408145148929,22.709077865699786,239.61706478640383,15.479724786403807,265.3360921929824,ok
2010-12,2011-03,2011,3,4,348.303625,240.0053,360.6195548245614,267.32387,-12.315929824561408,-27.318569999999994,True,227,1992-01,2010-11,-5.366259135985711,0.5425204707751181,0.0453569698428018,22.814642150324953,255.2759668175599,-12.047903182440109,255.0079401754386,ok
1991-01,1991-05,1991,5,5,24.127916666666668,128.0413,,48.429050000000004,,79.61225,False,0,,,,,,,,,,anomalia_indisponivel_para_linha_avaliada
1991-02,1991-06,1991,6,5,1.112375,0.7033,,9.38869,,-8.68539,False,0,,,,,,,,,,anomalia_indisponivel_para_linha_avaliada
1991-03,1991-07,1991,7,5,1.808,1.9531,,6.404940000000001,,-4.451840000000001,False,0,,,,,,,,,,anomalia_indisponivel_para_linha_avaliada
1991-04,1991-08,1991,8,5,2.9909166666666667,1.2135,,16.050330000000002,,-14.836830000000003,False,0,,,,,,,,,,anomalia_indisponivel_para_linha_avaliada
1991-05,1991-09,1991,9,5,7.419583333333333,73.9762,,73.19717999999999,,0.7790200000000169,False,0,,,,,,,,,,anomalia_indisponivel_para_linha_avaliada
1991-06,1991-10,1991,10,5,23.369041666666664,58.2752,,169.18448999999998,,-110.90928999999998,False,0,,,,,,,,,,anomalia_indisponivel_para_linha_avaliada
1991-07,1991-11,1991,11,5,140.81054166666667,141.8015,,204.26054000000002,,-62.459040000000016,False,0,,,,,,,,,,anomalia_indisponivel_para_linha_avaliada
1991-08,1991-12,1991,12,5,237.35079166666665,139.2974,,206.55659999999997,,-67.25919999999996,False,0,,,,,,,,,,anomalia_indisponivel_para_linha_avaliada
1991-09,1992-01,1992,1,5,302.31325,307.6078,,296.8603363636363,,10.747463636363705,False,0,,,,,,,,,,anomalia_indisponivel_para_linha_avaliada
1991-10,1992-02,1992,2,5,309.024,144.7331,,218.7978454545455,,-74.06474545454549,False,0,,,,,,,,,,anomalia_indisponivel_para_linha_avaliada
1991-11,1992-03,1992,3,5,379.797125,155.372,,299.8407818181818,,-144.4687818181818,False,0,,,,,,,,,,anomalia_indisponivel_para_linha_avaliada
1991-12,1992-04,1992,4,5,188.09275,102.9542,,207.20299999999997,,-104.24879999999997,False,0,,,,,,,,,,anomalia_indisponivel_para_linha_avaliada
1992-01,1992-05,1992,5,5,25.601125,24.3743,24.127916666666668,55.66652727272728,1.4732083333333321,-31.292227272727278,True,0,,,,,,,,,57.13973560606061,warmup_amostra_insuficiente
1992-02,1992-06,1992,6,5,0.9179583333333334,1.0095,1.112375,8.599109090909092,-0.19441666666666646,-7.589609090909092,True,1,,,,,,,,,8.404692424242425,warmup_amostra_insuficiente
1992-03,1992-07,1992,7,5,0.6138333333333333,2.0289,1.808,6.000227272727273,-1.1941666666666668,-3.9713272727272733,True,2,,,,,,,,,4.806060606060607,warmup_amostra_insuficiente
1992-04,1992-08,1992,8,5,0.904,13.0445,2.9909166666666667,14.701527272727276,-2.0869166666666668,-1.6570272727272766,True,3,,,,,,,,,12.614610606060609,warmup_amostra_insuficiente
1992-05,1992-09,1992,9,5,2.5920416666666664,135.5711,7.419583333333333,73.26799999999999,-4.827541666666667,62.303100000000015,True,4,,,,,,,,,68.44045833333332,warmup_amostra_insuficiente
1992-06,1992-10,1992,10,5,21.449541666666665,62.0723,23.369041666666664,159.10182727272726,-1.9194999999999993,-97.02952727272726,True,5,,,,,,,,,157.18232727272726,warmup_amostra_insuficiente
1992-07,1992-11,1992,11,5,112.63329166666666,214.2915,140.81054166666667,198.58244545454545,-28.17725,15.709054545454563,True,6,,,,,,,,,170.40519545454544,warmup_amostra_insuficiente
1992-08,1992-12,1992,12,5,219.33866666666665,239.5717,237.35079166666665,200.44212727272725,-18.012124999999997,39.129572727272745,True,7,,,,,,,,,182.43000227272725,warmup_amostra_insuficiente
1992-09,1993-01,1993,1,5,288.19575000000003,121.8043,302.31325,297.75595833333324,-14.11749999999995,-175.95165833333323,True,8,,,,,,,,,283.6384583333333,warmup_amostra_insuficiente
1992-10,1993-02,1993,2,5,323.51754166666666,307.8407,309.024,212.62578333333337,14.493541666666658,95.21491666666665,True,9,,,,,,,,,227.11932500000003,warmup_amostra_insuficiente
1992-11,1993-03,1993,3,5,383.87058333333334,153.1779,379.797125,287.80171666666666,4.073458333333349,-134.62381666666667,True,10,,,,,,,,,291.875175,warmup_amostra_insuficiente
1992-12,1993-04,1993,4,5,239.88958333333335,250.0943,188.09275,198.51559999999998,51.79683333333335,51.578700000000026,True,11,,,,,,,,,250.31243333333333,warmup_amostra_insuficiente
1993-01,1993-05,1993,5,5,18.570208333333333,95.5974,24.864520833333334,53.058841666666666,-6.2943125,42.53855833333333,True,12,,,,,,,,,46.76452916666666,warmup_amostra_insuficiente
1993-02,1993-06,1993,6,5,1.889916666666667,0.586,1.0151666666666666,7.966641666666668,0.8747500000000004,-7.380641666666667,True,13,,,,,,,,,8.841391666666668,warmup_amostra_insuficiente
1993-03,1993-07,1993,7,5,1.607125,1.8793,1.2109166666666666,5.669283333333335,0.3962083333333333,-3.7899833333333355,True,14,,,,,,,,,6.065491666666668,warmup_amostra_insuficiente
1993-04,1993-08,1993,8,5,4.743,40.5665,1.9474583333333333,14.56344166666667,2.795541666666667,26.00305833333333,True,15,,,,,,,,,17.358983333333335,warmup_amostra_insuficiente
1993-05,1993-09,1993,9,5,5.713166666666666,56.4376,5.005812499999999,78.45992499999998,0.7073541666666667,-22.02232499999998,True,16,,,,,,,,,79.16727916666665,warmup_amostra_insuficiente
1993-06,1993-10,1993,10,5,19.541291666666666,126.1723,22.409291666666665,151.01603333333333,-2.8679999999999986,-24.84373333333332,True,17,,,,,,,,,148.14803333333333,warmup_amostra_insuficiente
1993-07,1993-11,1993,11,5,119.95566666666667,225.9903,126.72191666666666,199.8915333333333,-6.766249999999985,26.098766666666677,True,18,,,,,,,,,193.12528333333333,warmup_amostra_insuficiente
1993-08,1993-12,1993,12,5,269.77074999999996,216.8044,228.34472916666664,203.70292499999996,41.426020833333325,13.101475000000022,True,19,,,,,,,,,245.1289458333333,warmup_amostra_insuficiente
1993-09,1994-01,1994,1,5,341.08320833333335,330.218,295.2545,284.2212153846153,45.82870833333334,45.99678461538474,True,20,,,,,,,,,330.0499237179486,warmup_amostra_insuficiente
1993-10,1994-02,1994,2,5,352.16491666666667,306.4669,316.27077083333336,219.95000769230774,35.89414583333331,86.51689230769227,True,21,,,,,,,,,255.84415352564105,warmup_amostra_insuficiente
1993-11,1994-03,1994,3,5,454.9373333333333,311.1998,381.8338541666667,277.4460384615385,73.1034791666666,33.753761538461504,True,22,,,,,,,,,350.5495176282051,warmup_amostra_insuficiente
1993-12,1994-04,1994,4,5,250.51691666666667,176.4476,213.9911666666667,202.48319230769232,36.52574999999999,-26.035592307692326,True,23,,,,,,,,,239.0089423076923,warmup_amostra_insuficiente
1994-01,1994-05,1994,5,5,32.04033333333333,50.2617,22.766416666666668,56.33103846153846,9.273916666666661,-6.0693384615384645,True,24,,,,,,,,,65.60495512820512,warmup_amostra_insuficiente
1994-02,1994-06,1994,6,5,1.3607500000000001,40.3001,1.30675,7.398900000000001,0.05400000000000005,32.9012,True,25,,,,,,,,,7.452900000000001,warmup_amostra_insuficiente
1994-03,1994-07,1994,7,5,0.9264166666666668,1.843,1.3429861111111112,5.3777461538461555,-0.41656944444444444,-3.5347461538461555,True,26,,,,,,,,,4.961176709401711,warmup_amostra_insuficiente
1994-04,1994-08,1994,8,5,1.3503749999999999,6.3765,2.879305555555556,16.563676923076926,-1.528930555555556,-10.187176923076926,True,27,,,,,,,,,15.03474636752137,warmup_amostra_insuficiente
1994-05,1994-09,1994,9,5,3.4019999999999997,57.4679,5.241597222222222,76.76589999999999,-1.8395972222222219,-19.297999999999988,True,28,,,,,,,,,74.92630277777776,warmup_amostra_insuficiente
1994-06,1994-10,1994,10,5,20.991875,114.0829,21.45329166666666,149.10497692307692,-0.46141666666666126,-35.02207692307692,True,29,,,,,,,,,148.64356025641027,warmup_amostra_insuficiente
1994-07,1994-11,1994,11,5,124.48087500000001,151.223,124.4665,201.89913076923074,0.014375000000015348,-50.676130769230724,True,30,,,,,,,,,201.91350576923077,warmup_amostra_insuficiente
1994-08,1994-12,1994,12,5,235.44266666666667,200.9509,242.15340277777773,204.71073076923074,-6.710736111111061,-3.7598307692307458,True,31,,,,,,,,,197.99999465811968,warmup_amostra_insuficiente
1994-09,1995-01,1995,1,5,292.7715416666667,156.6185,310.53073611111114,287.5066999999999,-17.75919444444446,-130.8881999999999,True,32,,,,,,,,,269.74750555555545,warmup_amostra_insuficiente
1994-10,1995-02,1995,2,5,303.49870833333335,232.7107,328.23548611111113,226.12978571428576,-24.736777777777775,6.580914285714243,True,33,,,,,,,,,201.39300793650798,warmup_amostra_insuficiente
1994-11,1995-03,1995,3,5,330.347125,218.3206,406.2016805555556,279.8570214285714,-75.85455555555558,-61.53642142857137,True,34,,,,,,,,,204.0024658730158,warmup_amostra_insuficiente
1994-12,1995-04,1995,4,5,238.41004166666667,255.6784,226.1664166666667,200.62350714285714,12.24362499999998,55.054892857142875,True,35,,,,,,,,,212.86713214285712,warmup_amostra_insuficiente
1995-01,1995-05,1995,5,5,17.945333333333334,188.1476,25.084895833333334,55.89751428571429,-7.1395625,132.25008571428572,True,36,,,,,,,,,48.75795178571428,warmup_amostra_insuficiente
1995-02,1995-06,1995,6,5,0.16195833333333334,0.5023,1.3202500000000001,9.748985714285714,-1.1582916666666667,-9.246685714285714,True,37,,,,,,,,,8.590694047619047,warmup_amostra_insuficiente
1995-03,1995-07,1995,7,5,0.13395833333333332,1.9521,1.23884375,5.125264285714287,-1.1048854166666666,-3.1731642857142877,True,38,,,,,,,,,4.0203788690476205,warmup_amostra_insuficiente
1995-04,1995-08,1995,8,5,0.20091666666666666,1.2264,2.4970729166666668,15.83602142857143,-2.29615625,-14.60962142857143,True,39,,,,,,,,,13.539865178571429,warmup_amostra_insuficiente
1995-05,1995-09,1995,9,5,1.6632083333333334,24.8694,4.781697916666666,75.38747142857142,-3.118489583333333,-50.51807142857142,True,40,,,,,,,,,72.26898184523809,warmup_amostra_insuficiente
1995-06,1995-10,1995,10,5,16.918541666666666,82.7379,21.337937499999995,146.6034,-4.419395833333329,-63.8655,True,41,,,,,,,,,142.18400416666665,warmup_amostra_insuficiente
1995-07,1995-11,1995,11,5,111.50991666666665,247.2129,124.47009375,198.2794071428571,-12.960177083333349,48.93349285714288,True,42,,,,,,,,,185.31923005952376,warmup_amostra_insuficiente
1995-08,1995-12,1995,12,5,258.8784583333333,191.1246,240.47571874999997,204.44217142857138,18.40273958333333,-13.317571428571398,True,43,,,,,,,,,222.8449110119047,warmup_amostra_insuficiente
1995-09,1996-01,1996,1,5,314.57804166666665,224.1528,306.0909375,278.7808199999999,8.487104166666654,-54.62801999999988,True,44,,,,,,,,,287.26792416666655,warmup_amostra_insuficiente
1995-10,1996-02,1996,2,5,362.591625,225.4247,322.05129166666666,226.56851333333336,40.540333333333365,-1.1438133333333553,True,45,,,,,,,,,267.10884666666675,warmup_amostra_insuficiente
1995-11,1996-03,1996,3,5,414.4377083333334,302.7974,387.2380416666667,275.75459333333333,27.1996666666667,27.04280666666665,True,46,,,,,,,,,302.95426000000003,warmup_amostra_insuficiente
1995-12,1996-04,1996,4,5,228.02037500000003,321.9434,229.22732291666668,204.29383333333334,-1.2069479166666497,117.64956666666666,True,47,,,,,,,,,203.0868854166667,warmup_amostra_insuficiente
1996-01,1996-05,1996,5,5,15.702125,98.9982,23.656983333333336,64.71418666666666,-7.954858333333336,34.284013333333334,True,48,,,,,,,,,56.75932833333333,warmup_amostra_insuficiente
1996-02,1996-06,1996,6,5,0.5292083333333334,0.4652,1.0885916666666668,9.13254,-0.5593833333333335,-8.667340000000001,True,49,,,,,,,,,8.573156666666668,warmup_amostra_insuficiente
1996-03,1996-07,1996,7,5,1.0602500000000001,1.9521,1.0178666666666667,4.913720000000001,0.04238333333333344,-2.9616200000000017,True,50,,,,,,,,,4.956103333333335,warmup_amostra_insuficiente
1996-04,1996-08,1996,8,5,1.7857083333333332,1.4883,2.0378416666666666,14.862046666666668,-0.2521333333333333,-13.373746666666667,True,51,,,,,,,,,14.609913333333335,warmup_amostra_insuficiente
1996-05,1996-09,1996,9,5,5.734916666666667,9.7369,4.1579999999999995,72.0196,1.5769166666666674,-62.2827,True,52,,,,,,,,,73.59651666666666,warmup_amostra_insuficiente
1996-06,1996-10,1996,10,5,21.248625,145.0933,20.45405833333333,142.3457,0.7945666666666718,2.7476000000000056,True,53,,,,,,,,,143.14026666666666,warmup_amostra_insuficiente
1996-07,1996-11,1996,11,5,152.96033333333335,222.7092,121.87805833333334,201.54163999999997,31.08227500000001,21.167560000000037,True,54,,,,,,,,,232.62391499999998,warmup_amostra_insuficiente
1996-08,1996-12,1996,12,5,272.98475,130.1745,244.15626666666662,203.55433333333332,28.828483333333395,-73.37983333333332,True,55,,,,,,,,,232.3828166666667,warmup_amostra_insuficiente
1996-09,1997-01,1997,1,5,311.92204166666664,403.2083,307.78835833333335,275.36656875,4.133683333333295,127.84173125000001,True,56,,,,,,,,,279.5002520833333,warmup_amostra_insuficiente
1996-10,1997-02,1997,2,5,332.3678333333333,180.4594,330.15935833333333,226.497025,2.2084749999999644,-46.03762500000002,True,57,,,,,,,,,228.70549999999997,warmup_amostra_insuficiente
1996-11,1997-03,1997,3,5,356.5619166666667,452.1152,392.677975,277.44476875,-36.116058333333285,174.67043125000004,True,58,,,,,,,,,241.3287104166667,warmup_amostra_insuficiente
1996-12,1997-04,1997,4,5,266.11195833333335,290.1342,228.98593333333332,211.64693125,37.12602500000003,78.48726875000003,True,59,,,,,,,,,248.77295625000002,warmup_amostra_insuficiente
1997-01,1997-05,1997,5,5,28.781541666666666,68.9381,22.33117361111111,66.8569375,6.450368055555554,2.081162500000005,True,60,,,,,,,,,73.30730555555556,warmup_amostra_insuficiente
1997-02,1997-06,1997,6,5,0.31312500000000004,0.6576,0.9953611111111113,8.59083125,-0.6822361111111113,-7.93323125,True,61,,,,,,,,,7.90859513888889,warmup_amostra_insuficiente
1997-03,1997-07,1997,7,5,1.5958750000000002,1.9683,1.0249305555555555,4.72861875,0.5709444444444447,-2.7603187499999997,True,62,,,,,,,,,5.299563194444445,warmup_amostra_insuficiente
1997-04,1997-08,1997,8,5,4.118166666666666,1.2265,1.9958194444444446,14.026187499999999,2.1223472222222215,-12.7996875,True,63,,,,,,,,,16.14853472222222,warmup_amostra_insuficiente
1997-05,1997-09,1997,9,5,10.292375,47.0877,4.420819444444445,68.12693125,5.871555555555555,-21.03923125,True,64,,,,,,,,,73.99848680555556,warmup_amostra_insuficiente
1997-06,1997-10,1997,10,5,23.670375000000003,98.1562,20.58648611111111,142.517425,3.083888888888893,-44.361225000000005,True,65,,,,,,,,,145.6013138888889,warmup_amostra_insuficiente
1997-07,1997-11,1997,11,5,101.94125000000001,75.7109,127.05843750000001,202.86461250000002,-25.1171875,-127.15371250000003,True,66,,,,,,,,,177.74742500000002,warmup_amostra_insuficiente
1997-08,1997-12,1997,12,5,235.76616666666666,199.815,248.96101388888886,198.96809374999998,-13.194847222222194,0.8469062500000177,True,67,,,,,,,,,185.7732465277778,warmup_amostra_insuficiente
1997-09,1998-01,1998,1,5,235.57641666666666,347.458,308.4773055555556,282.8866705882353,-72.90088888888891,64.57132941176474,True,68,,,,,,,,,209.98578169934638,warmup_amostra_insuficiente
1997-10,1998-02,1998,2,5,226.39679166666667,127.8253,330.52743749999996,223.7889294117647,-104.13064583333329,-95.96362941176471,True,69,,,,,,,,,119.65828357843142,warmup_amostra_insuficiente
1997-11,1998-03,1998,3,5,312.04479166666664,242.0988,386.6586319444445,287.7195,-74.61384027777785,-45.62069999999997,True,70,,,,,,,,,213.10565972222213,warmup_amostra_insuficiente
1997-12,1998-04,1998,4,5,171.07208333333332,54.1047,235.17360416666668,216.2638294117647,-64.10152083333335,-162.1591294117647,True,71,,,,,,,,,152.16230857843135,warmup_amostra_insuficiente
1998-01,1998-05,1998,5,5,20.791083333333333,74.6596,23.25265476190476,66.97935882352942,-2.4615714285714283,7.680241176470574,True,72,,,,,,,,,64.51778739495799,warmup_amostra_insuficiente
1998-02,1998-06,1998,6,5,0.9719583333333334,16.0121,0.8978988095238096,8.124170588235295,0.07405952380952374,7.887929411764706,True,73,,,,,,,,,8.198230112044818,warmup_amostra_insuficiente
1998-03,1998-07,1998,7,5,0.44645833333333335,3.3565,1.1064940476190477,4.566247058823529,-0.6600357142857143,-1.2097470588235288,True,74,,,,,,,,,3.9062113445378146,warmup_amostra_insuficiente
1998-04,1998-08,1998,8,5,1.5512916666666667,1.2501,2.2990119047619046,13.273264705882351,-0.7477202380952379,-12.023164705882351,True,75,,,,,,,,,12.525544467787114,warmup_amostra_insuficiente
1998-05,1998-09,1998,9,5,2.829625,13.3474,5.259613095238095,66.8893294117647,-2.4299880952380946,-53.541929411764706,True,76,,,,,,,,,64.4593413165266,warmup_amostra_insuficiente
1998-06,1998-10,1998,10,5,24.89791666666667,89.2952,21.027041666666666,139.9079411764706,3.870875000000005,-50.61274117647059,True,77,,,,,,,,,143.7788161764706,warmup_amostra_insuficiente
1998-07,1998-11,1998,11,5,105.72129166666667,245.1679,123.47026785714286,195.3849823529412,-17.748976190476185,49.78291764705881,True,78,,,,,,,,,177.636006162465,warmup_amostra_insuficiente
1998-08,1998-12,1998,12,5,353.30329166666667,138.7974,247.07603571428567,199.01791176470587,106.227255952381,-60.22051176470586,True,79,,,,,,,,,305.2451677170869,warmup_amostra_insuficiente
1998-09,1999-01,1999,1,5,366.89620833333333,215.817,298.06289285714286,286.4739666666667,68.83331547619048,-70.65696666666668,True,80,,,,,,,,,355.30728214285716,warmup_amostra_insuficiente
1998-10,1999-02,1999,2,5,373.8268333333333,131.3784,315.6516309523809,218.4576166666667,58.175202380952385,-87.0792166666667,True,81,,,,,,,,,276.6328190476191,warmup_amostra_insuficiente
1998-11,1999-03,1999,3,5,399.5280416666667,283.9542,375.99951190476196,285.1850166666666,23.528529761904736,-1.2308166666666125,True,82,,,,,,,,,308.71354642857136,warmup_amostra_insuficiente
1998-12,1999-04,1999,4,5,215.35191666666665,162.6196,226.01624404761904,207.25498888888887,-10.664327380952386,-44.63538888888888,True,83,,,,,,,,,196.5906615079365,warmup_amostra_insuficiente
1999-01,1999-05,1999,5,5,21.840166666666665,177.0923,22.944958333333332,67.40603888888889,-1.1047916666666673,109.68626111111111,True,84,,,,,,,,,66.30124722222222,warmup_amostra_insuficiente
1999-02,1999-06,1999,6,5,0.54,0.6859,0.9071562500000001,8.56238888888889,-0.3671562500000001,-7.87648888888889,True,85,,,,,,,,,8.19523263888889,warmup_amostra_insuficiente
1999-03,1999-07,1999,7,5,1.6071666666666669,1.9885,1.0239895833333335,4.499038888888888,0.5831770833333334,-2.510538888888888,True,86,,,,,,,,,5.0822159722222215,warmup_amostra_insuficiente
1999-04,1999-08,1999,8,5,2.2209166666666667,1.2624,2.205546875,12.60531111111111,0.015369791666666632,-11.34291111111111,True,87,,,,,,,,,12.620680902777776,warmup_amostra_insuficiente
1999-05,1999-09,1999,9,5,9.136791666666666,72.5879,4.955864583333333,63.914777777777786,4.180927083333333,8.673122222222219,True,88,,,,,,,,,68.09570486111112,warmup_amostra_insuficiente
1999-06,1999-10,1999,10,5,28.502750000000002,112.4277,21.510901041666667,137.09612222222222,6.991848958333335,-24.66842222222222,True,89,,,,,,,,,144.08797118055554,warmup_amostra_insuficiente
1999-07,1999-11,1999,11,5,123.07675,349.1067,121.25164583333334,198.15070000000003,1.8251041666666623,150.95599999999996,True,90,,,,,,,,,199.9758041666667,warmup_amostra_insuficiente
1999-08,1999-12,1999,12,5,252.41691666666668,242.5365,260.3544427083333,195.67232777777775,-7.937526041666615,46.86417222222224,True,91,,,,,,,,,187.73480173611114,warmup_amostra_insuficiente
1999-09,2000-01,2000,1,5,304.44483333333335,260.085,306.66705729166665,282.7551789473684,-2.222223958333302,-22.670178947368413,True,92,,,,,,,,,280.5329549890351,warmup_amostra_insuficiente
1999-10,2000-02,2000,2,5,331.1045833333333,271.7656,322.92353125,213.8745,8.181052083333327,57.891099999999994,True,93,,,,,,,,,222.05555208333334,warmup_amostra_insuficiente
1999-11,2000-03,2000,3,5,415.57616666666667,185.8099,378.940578125,285.12023684210527,36.635588541666664,-99.31033684210527,True,94,,,,,,,,,321.75582538377193,warmup_amostra_insuficiente
1999-12,2000-04,2000,4,5,236.077125,184.1135,224.683203125,204.90575789473684,11.39392187499999,-20.79225789473685,True,95,,,,,,,,,216.29967976973683,warmup_amostra_insuficiente
2000-01,2000-05,2000,5,5,25.980625,53.6399,22.822203703703703,73.179,3.1584212962962965,-19.539100000000005,True,96,,,,,,,,,76.3374212962963,warmup_amostra_insuficiente
2000-02,2000-06,2000,6,5,0.7127916666666666,4.8153,0.8663611111111112,8.147836842105264,-0.15356944444444465,-3.332536842105264,True,97,,,,,,,,,7.994267397660819,warmup_amostra_insuficiente
2000-03,2000-07,2000,7,5,1.9195833333333334,10.0203,1.0887870370370372,4.366905263157895,0.8307962962962963,5.653394736842106,True,98,,,,,,,,,5.197701559454191,warmup_amostra_insuficiente
2000-04,2000-08,2000,8,5,6.528708333333333,7.9948,2.2072546296296296,12.008315789473684,4.321453703703703,-4.013515789473685,True,99,,,,,,,,,16.329769493177388,warmup_amostra_insuficiente
2000-05,2000-09,2000,9,5,3.8772083333333334,123.9327,5.420412037037036,64.37125789473684,-1.543203703703703,59.561442105263154,True,100,,,,,,,,,62.82805419103314,warmup_amostra_insuficiente
2000-06,2000-10,2000,10,5,24.261875,86.4072,22.287773148148148,135.79778421052632,1.9741018518518523,-49.39058421052631,True,101,,,,,,,,,137.77188606237817,warmup_amostra_insuficiente
2000-07,2000-11,2000,11,5,132.95875,192.5216,121.4544351851852,206.09575263157896,11.504314814814805,-13.574152631578954,True,102,,,,,,,,,217.60006744639378,warmup_amostra_insuficiente
2000-08,2000-12,2000,12,5,235.78845833333332,222.6176,259.4724953703703,198.13886315789472,-23.684037037037,24.47873684210529,True,103,,,,,,,,,174.45482612085772,warmup_amostra_insuficiente
2000-09,2001-01,2001,1,5,300.86245833333334,192.5309,306.4201435185185,281.62167,-5.557685185185164,-89.09076999999999,True,104,,,,,,,,,276.06398481481483,warmup_amostra_insuficiente
2000-10,2001-02,2001,2,5,312.8025416666667,153.1069,323.832537037037,216.76905500000004,-11.02999537037033,-63.66215500000004,True,105,,,,,,,,,205.7390596296297,warmup_amostra_insuficiente
2000-11,2001-03,2001,3,5,371.3825,249.1479,383.01119907407406,280.15472,-11.628699074074063,-31.006820000000005,True,106,,,,,,,,,268.52602092592593,warmup_amostra_insuficiente
2000-12,2001-04,2001,4,5,256.2407083333333,196.9268,225.94919444444446,203.866145,30.291513888888858,-6.939345000000003,True,107,,,,,,,,,234.15765888888885,warmup_amostra_insuficiente
2001-01,2001-05,2001,5,5,26.05858333333333,140.175,23.138045833333333,72.202045,2.9205374999999982,67.97295500000001,True,108,,,,,,,,,75.1225825,warmup_amostra_insuficiente
2001-02,2001-06,2001,6,5,2.52725,5.0237,0.8510041666666668,7.981210000000002,1.6762458333333332,-2.957510000000002,True,109,,,,,,,,,9.657455833333335,warmup_amostra_insuficiente
2001-03,2001-07,2001,7,5,1.1941666666666666,2.3266,1.1718666666666668,4.6495750000000005,0.022299999999999764,-2.3229750000000005,True,110,,,,,,,,,4.671875,warmup_amostra_insuficiente
2001-04,2001-08,2001,8,5,5.367999999999999,7.2041,2.6394,11.80764,2.7285999999999992,-4.603539999999999,True,111,,,,,,,,,14.53624,warmup_amostra_insuficiente
2001-05,2001-09,2001,9,5,8.32675,33.0017,5.266091666666666,67.34933000000001,3.0606583333333344,-34.34763000000001,True,112,,,,,,,,,70.40998833333335,warmup_amostra_insuficiente
2001-06,2001-10,2001,10,5,34.60720833333333,130.0808,22.48518333333333,133.328255,12.122025,-3.247455000000002,True,113,,,,,,,,,145.45028000000002,warmup_amostra_insuficiente
2001-07,2001-11,2001,11,5,119.955625,196.3446,122.60486666666668,205.417045,-2.6492416666666827,-9.072444999999988,True,114,,,,,,,,,202.76780333333332,warmup_amostra_insuficiente
2001-08,2001-12,2001,12,5,251.60216666666668,209.0467,257.10409166666665,199.3628,-5.5019249999999715,9.683899999999994,True,115,,,,,,,,,193.86087500000002,warmup_amostra_insuficiente
2001-09,2002-01,2002,1,5,326.4635,368.8524,305.864375,277.3792523809524,20.599125000000015,91.47314761904761,True,116,,,,,,,,,297.9783773809524,warmup_amostra_insuficiente
2001-10,2002-02,2002,2,5,313.2965,190.9456,322.7295375,213.73752380952382,-9.433037500000012,-22.79192380952381,True,117,,,,,,,,,204.3044863095238,warmup_amostra_insuficiente
2001-11,2002-03,2002,3,5,391.5596666666667,178.8799,381.8483291666667,278.67820476190474,9.711337500000013,-99.79830476190475,True,118,,,,,,,,,288.38954226190475,warmup_amostra_insuficiente
2001-12,2002-04,2002,4,5,220.15800000000002,124.7968,228.97834583333332,203.53569999999996,-8.820345833333306,-78.73889999999996,True,119,,,,,,,,,194.71535416666666,warmup_amostra_insuficiente
2002-01,2002-05,2002,5,5,22.799833333333336,103.8934,23.40354924242424,75.43885238095238,-0.603715909090905,28.454547619047617,True,120,1992-01,2001-12,-6.549026866984729,0.22029741082479432,0.009504325019382143,26.262000331525478,68.75682846232118,-6.682023918631202,74.83513647186147,ok
2002-02,2002-06,2002,6,5,0.5615416666666667,6.7952,1.0033901515151518,7.840376190476191,-0.44184848484848505,-1.045176190476191,True,121,1992-01,2002-01,-6.256914680476777,0.21929831079506865,0.009392289855196911,26.152494669220623,1.486564883644781,-6.35381130683141,7.398527705627706,ok
2002-03,2002-07,2002,7,5,0.881625,2.1991,1.1738939393939394,4.538957142857143,-0.2922689393939394,-2.339857142857143,True,122,1992-01,2002-02,-6.21316290085766,0.2191589954696353,0.009380377335774348,26.044410922501598,-1.7382591251650688,-6.277216268022212,4.246688203463203,ok
2002-04,2002-08,2002,8,5,1.3839166666666667,1.0971,2.8874545454545455,11.588423809523809,-1.5035378787878788,-10.49132380952381,True,123,1992-01,2002-03,-6.180990231787091,0.21906363214045502,0.009372399616303984,25.937720410657338,5.078063108948689,-6.510360700575119,10.084885930735929,ok
2002-05,2002-09,2002,9,5,9.374333333333333,67.2486,5.544333333333333,65.71372857142858,3.829999999999999,1.534871428571421,True,124,1992-01,2002-04,-6.213351670090445,0.21921755666481338,0.00938625024082762,25.832030110604016,60.339980143364365,-5.373748428064211,69.54372857142857,ok
2002-06,2002-10,2002,10,5,29.786041666666666,93.122,23.587185606060608,133.1736142857143,6.198856060606058,-40.05161428571431,True,125,1992-01,2002-05,-6.158387065496642,0.2193980463951029,0.009401033649595325,25.732354494361545,128.37524412979909,-4.798370155915222,139.37247034632037,ok
2002-07,2002-11,2002,11,5,115.65716666666667,141.559,122.36402651515154,204.98502380952382,-6.706859848484868,-63.42602380952383,True,126,1992-01,2002-06,-6.434863388397428,0.21747518417786535,0.009213703051503375,25.63884302857071,197.09158484032204,-7.893438969201782,198.27816396103896,ok
2002-08,2002-12,2002,12,5,263.57683333333335,198.8721,256.60391666666663,199.8239380952381,6.97291666666672,-0.9518380952381165,True,127,1992-01,2002-07,-6.881488017774769,0.22312844534303877,0.009632631144593784,25.540659896422298,194.49830613280326,-5.325631962434841,206.79685476190483,ok
2002-09,2003-01,2003,1,5,278.2857916666667,226.3735,307.73702272727274,281.5371227272727,-29.451231060606062,-55.16362272727267,True,128,1992-01,2002-08,-6.8477943434425415,0.2234092460744729,0.009659490986683505,25.451356289319342,268.109651056615,-13.427471670657667,252.0858916666666,ok
2002-10,2003-02,2003,2,5,293.45912500000003,242.0345,321.8719886363636,212.70152727272728,-28.412863636363568,29.332972727272733,True,129,1992-01,2002-09,-7.193918193551171,0.23892504562126696,0.011115622772146172,25.47011374506724,198.71906433862708,-13.982462934100198,184.2886636363637,ok
2002-11,2003-03,2003,3,5,310.9622083333333,210.3821,382.73117803030306,274.1419181818182,-71.76896969696975,-63.75981818181819,True,130,1992-01,2002-10,-6.841989339454174,0.22364554225891525,0.009813226854780588,25.48217512989072,251.24911869712156,-22.89279948469664,202.37294848484845,ok
2002-12,2003-04,2003,4,5,206.63633333333334,166.9079,228.1764962121212,199.95665909090906,-21.540162878787868,-33.048759090909044,True,131,1992-01,2002-11,-7.176120374135527,0.2567920427483615,0.013648349239803292,26.127620753520034,187.24919628999714,-12.707462800911912,178.4164962121212,ok
2003-01,2003-05,2003,5,5,43.04408333333333,100.5299,23.35323958333333,76.7322409090909,19.690843750000003,23.797659090909093,True,132,1992-01,2002-12,-7.332720273317367,0.2617846840534551,0.014239748220867043,26.09217926512599,74.55428194561324,-2.177958963477664,96.4230846590909,ok
2003-02,2003-06,2003,6,5,0.9071250000000001,12.2745,0.9665694444444446,7.792868181818182,-0.05944444444444452,4.4816318181818176,True,133,1992-01,2003-01,-7.140953180093212,0.26727163370689744,0.014870524303667865,26.053139571523047,0.6360271879435045,-7.1568409938746775,7.733423737373737,ok
2003-03,2003-07,2003,7,5,0.7923749999999999,1.88,1.1495381944444445,4.4326,-0.35716319444444455,-2.5526,True,134,1992-01,2003-02,-7.054041192640103,0.26718140150365227,0.014856103054154413,25.955674436069195,-2.716868555497291,-7.149468555497291,4.075436805555555,ok
2003-04,2003-08,2003,8,5,0.4799583333333333,33.5851,2.762159722222222,11.111545454545455,-2.282201388888889,22.47355454545454,True,135,1992-01,2003-03,-7.019958424914222,0.26713096085242416,0.014850018678648103,25.85925857597304,3.4819403797586075,-7.629605074786848,8.829344065656567,ok
2003-05,2003-09,2003,9,5,8.43475,34.1644,5.863499999999999,65.78349545454546,2.57125,-31.61909545454546,True,136,1992-01,2003-04,-6.798021781809481,0.2661651923330834,0.014715224938929072,25.764293934234157,59.66985092352242,-6.113644531023041,68.35474545454547,ok
2003-06,2003-10,2003,10,5,23.179374999999997,102.8612,24.103756944444445,131.35308636363638,-0.9243819444444483,-28.491886363636382,True,137,1992-01,2003-05,-6.983848880701019,0.2656147586564367,0.014634158293393207,25.671430720273023,124.12370799585538,-7.2293783677809955,130.42870441919194,ok
2003-07,2003-11,2003,11,5,113.508,171.1685,121.80512152777779,202.10202272727275,-8.29712152777779,-30.93352272727276,True,138,1992-01,2003-06,-7.138147665827386,0.26597744095921033,0.014658813076162902,25.578152878462742,192.75702791015948,-9.344994817113275,193.80490119949496,ok
2003-08,2003-12,2003,12,5,241.44658333333334,191.1895,257.18499305555554,199.78067272727273,-15.738409722222201,-8.59117272727272,True,139,1992-01,2003-07,-7.294624121731108,0.2680934522321385,0.014886506587077797,25.49427817422271,188.2666840104672,-11.513988716805528,184.04226300505053,ok
2003-09,2004-01,2004,1,5,340.53629166666667,330.2411,305.2827534722222,279.13870434782604,35.253538194444445,51.10239565217398,True,140,1992-01,2003-08,-7.2735205525358415,0.267571297026482,0.014871779516819728,25.43564962029055,281.2980187347503,2.1593143869242795,314.3922425422705,ok
2003-10,2004-02,2004,2,5,343.382,337.9902,319.50424999999996,213.97687391304348,23.87775000000005,124.01332608695654,True,141,1992-01,2003-09,-6.938957475758289,0.2860185626996079,0.017086933974907903,25.5240198958107,213.86739617278576,-0.1094777402577165,237.85462391304353,ok
2003-11,2004-03,2004,3,5,377.05170833333335,263.3091,376.75043055555557,271.369752173913,0.3012777777777842,-8.060652173913013,True,142,1992-01,2003-10,-6.090999205556081,0.3170070436268178,0.020326534873943425,25.517764932288202,265.3742601460007,-5.995492027912292,271.6710299516908,ok
2003-12,2004-04,2004,4,5,236.67125,153.5851,226.38148263888888,198.5197565217391,10.289767361111103,-44.9346565217391,True,143,1992-01,2003-11,-6.105451012222826,0.31701910084194745,0.02032792402710304,25.428370384891487,195.67635830620856,-2.8433982155305557,208.80952388285021,ok
2004-01,2004-05,2004,5,5,19.429583333333333,29.0041,24.867919871794868,77.76692173913042,-5.4383365384615345,-48.76282173913042,True,144,1992-01,2003-12,-6.393878231417023,0.3127419970612866,0.01973645118325651,25.356796250004052,69.67224727798359,-8.094674461146838,72.3285852006689,ok
2004-02,2004-06,2004,6,5,1.3715416666666667,11.5046,0.961996794871795,7.987721739130435,0.40954487179487165,3.5168782608695652,True,145,1992-01,2004-01,-6.676738169323402,0.3155151744501468,0.02001769294536626,25.271817817313206,1.440201191476555,-6.54752054765388,8.397266610925307,ok
2004-03,2004-07,2004,7,5,1.6740416666666667,24.0552,1.1220641025641025,4.321617391304348,0.5519775641025642,19.733582608695652,True,146,1992-01,2004-02,-6.607761914611999,0.31546624512273536,0.020007271662994652,25.185140071629586,-2.112014233768221,-6.433631625072569,4.873594955406912,ok
2004-04,2004-08,2004,8,5,2.5110833333333336,45.2683,2.5866057692307693,12.08865652173913,-0.07552243589743579,33.17964347826087,True,147,1992-01,2004-03,-6.4296797414286475,0.3153799612890047,0.019967019777195394,25.099400534504934,5.635158517400698,-6.4534980043384325,12.013134085841696,ok
2004-05,2004-09,2004,9,5,6.890583333333333,24.8521,6.061288461538461,64.40875217391304,0.8292948717948718,-39.556652173913044,True,148,1992-01,2004-04,-6.161550527201123,0.3149828000524123,0.01985065070903258,25.014346197965757,58.508415267498975,-5.9003369064140685,65.23804704570792,ok
2004-06,2004-10,2004,10,5,18.291166666666665,156.836,24.032650641025644,130.11430869565217,-5.741483974358978,26.721691304347843,True,149,1992-01,2004-05,-6.3874383083844455,0.3149904109153733,0.01980333913227672,24.930450032868336,121.91835799092036,-8.195950704731814,124.3728247212932,ok
2004-07,2004-11,2004,11,5,96.82187499999999,135.0896,121.16688141025642,200.75708695652176,-24.34500641025643,-65.66748695652177,True,150,1992-01,2004-06,-6.152659841415925,0.31251698045225856,0.019457625462897532,24.850256689671575,186.9961992226816,-13.76088773384015,176.41208054626532,ok
2004-08,2004-12,2004,12,5,292.5595,159.7892,255.97434615384614,199.40714347826088,36.58515384615387,-39.617943478260884,True,151,1992-01,2004-07,-6.5053263089399,0.32645234111596283,0.021213671326701933,24.842160446664888,204.84512629248556,5.437982814224682,235.99229732441475,ok
2004-09,2005-01,2005,1,5,328.28254166666665,258.8253,307.99456410256414,281.2679708333333,20.287977564102505,-22.442670833333295,True,152,1992-01,2004-08,-6.786805635000127,0.3093992865042416,0.019272610495311482,24.944770918059774,280.7582509812806,-0.50971985205274,301.5559483974358,ok
2004-10,2005-02,2005,2,5,311.0587083333333,252.3165,321.34099999999995,219.14409583333335,-10.282291666666652,33.17240416666664,True,153,1992-01,2004-09,-6.925679214110511,0.30493380559012767,0.018784489809746452,24.922074410153293,209.0829982911185,-10.061097542214839,208.8618041666667,ok
2004-11,2005-03,2005,3,5,367.04129166666667,402.6636,376.7736057692308,271.03389166666665,-9.732314102564146,131.62970833333333,True,154,1992-01,2004-10,-6.640190510305946,0.29982312864323635,0.01812356398944126,24.852106620880907,261.4757282931912,-9.558163373475452,261.3015775641025,ok
2004-12,2005-04,2005,4,5,213.138,143.7686,227.1730032051282,196.64747916666667,-14.035003205128191,-52.87887916666668,True,155,1992-01,2004-11,-5.7157406582111046,0.28407299764099037,0.01565912140523118,24.781753663161556,186.9447730760739,-9.702706090592784,182.61247596153848,ok
2005-01,2005-05,2005,5,5,19.273375,73.4273,24.479467261904755,75.7351375,-5.206092261904754,-2.307837499999991,True,156,1992-01,2004-12,-5.997650293510647,0.29078680987384015,0.016371434993229128,24.72468169163123,68.22362424574118,-7.511513254258816,70.52904523809524,ok
2005-02,2005-06,2005,6,5,1.836,0.5479,0.9912500000000002,8.134258333333333,0.8447499999999999,-7.586358333333333,True,157,1992-01,2005-01,-5.9642699707114275,0.29046253640820857,0.016340625723601843,24.64823545908976,2.41535659025274,-5.718901743080593,8.979008333333333,ok
2005-03,2005-07,2005,7,5,0.245625,1.8672,1.1614910714285713,5.14385,-0.9158660714285713,-3.2766499999999996,True,158,1992-01,2005-02,-5.976087651508017,0.2904602503066786,0.016340259835838977,24.570293644110013,-1.0982603398625548,-6.242110339862554,4.227983928571428,ok
2005-04,2005-08,2005,8,5,2.3882916666666665,1.159,2.5812113095238094,13.471141666666666,-0.19291964285714291,-12.312141666666665,True,159,1992-01,2005-03,-5.957400433765707,0.29040937075138595,0.016334792131716958,24.492776264191868,7.457715560813234,-6.013426105853432,13.278222023809523,ok
2005-05,2005-09,2005,9,5,2.4947083333333335,69.9723,6.120523809523809,62.760558333333336,-3.6258154761904757,7.2117416666666685,True,160,1992-01,2005-04,-5.996810042660212,0.2904692405894271,0.016340246574004125,24.41602010211161,55.710560422786685,-7.049997910546651,59.13474285714286,ok
2005-06,2005-10,2005,10,5,13.548208333333333,43.3954,23.622544642857143,131.2277125,-10.07433630952381,-87.8323125,True,161,1992-01,2005-05,-5.9077854612001195,0.28982367647427915,0.016265332679353595,24.341041138228515,122.40014585153537,-8.827566648464625,121.15337619047618,ok
2005-07,2005-11,2005,11,5,121.00325,162.476,119.4279523809524,198.02094166666666,1.5752976190475891,-35.54494166666666,True,162,1992-01,2005-06,-6.4009514235976175,0.29868339363660085,0.017063308316929482,24.276971560795936,192.09050548191385,-5.930436184752807,199.59623928571426,ok
2005-08,2005-12,2005,12,5,241.85941666666668,270.7065,258.5875714285714,197.75639583333336,-16.728154761904705,72.95010416666665,True,163,1992-01,2005-07,-6.582451080584352,0.29838815319738266,0.01700060112526225,24.20290265534406,186.18246154694427,-11.57393428638909,181.02824107142865,ok
2005-09,2006-01,2006,1,5,327.73562499999997,166.8556,309.44370535714285,280.370264,18.291919642857124,-113.51466400000001,True,164,1992-01,2005-08,-6.059153179077458,0.28314795251786506,0.015166347208991016,24.16186661603048,279.49043041541887,-0.8798335845811494,298.66218364285714,ok
2005-10,2006-02,2006,2,5,338.919875,230.8724,320.606550595238,220.470992,18.313324404762,10.401408000000004,True,165,1992-01,2005-09,-6.728797679640704,0.26241464866196756,0.012778506741852214,24.133194408574834,218.54787890986753,-1.9231130901324605,238.784316404762,ok
2005-11,2006-03,2006,3,5,417.85283333333336,267.8005,376.07844047619045,276.29908,41.774392857142914,-8.498580000000004,True,166,1992-01,2005-10,-6.6562033908221006,0.2646650645082075,0.013033523527844482,24.105412302594246,280.6990989895048,4.400018989504815,318.0734728571429,ok
2005-12,2006-04,2006,4,5,237.12483333333333,429.1988,226.17050297619045,194.53232400000002,10.95433035714288,234.666476,True,167,1992-01,2005-11,-6.7281820109463615,0.2592930619607438,0.012727246115926905,24.25835078859093,190.64452384908677,-3.8878001509132503,205.4866543571429,ok
2006-01,2006-05,2006,5,5,29.216875,133.2095,24.13239444444444,75.642824,5.084480555555562,57.56667599999999,True,168,1992-01,2005-12,-5.333264002438237,0.28341821704558373,0.01369165545707507,24.203417674425435,71.75059441122026,-3.892229588779742,80.72730455555556,ok
2006-02,2006-06,2006,6,5,0.4751666666666667,0.6042,1.047566666666667,7.830804,-0.5724000000000002,-7.226604,True,169,1992-01,2006-01,-4.9722793523718725,0.2859389617962462,0.013844827472729304,24.136055849713284,2.6948531858959557,-5.135950814104044,7.258404,ok
2006-03,2006-07,2006,7,5,2.232041666666667,1.5265,1.1004333333333334,5.012783999999999,1.1316083333333335,-3.486283999999999,True,170,1992-01,2006-02,-4.984613774369519,0.2859736025995013,0.013848401737451499,24.064716586326647,0.3517803374454306,-4.6610036625545685,6.144392333333332,ok
2006-04,2006-08,2006,8,5,5.144875,12.4889,2.56835,12.978655999999999,2.5765249999999997,-0.48975599999999986,True,171,1992-01,2006-03,-4.9777450597882655,0.285974543731242,0.01384845968528503,23.994561692219396,8.737731501498871,-4.240924498501128,15.555181,ok
2006-05,2006-09,2006,9,5,7.700458333333334,73.0467,5.878802777777778,63.049028,1.821655555555556,9.997672000000001,True,172,1992-01,2006-04,-4.955997458799011,0.28603247614998334,0.013853980148310074,23.926045563432073,58.614083190448916,-4.434944809551084,64.87068355555556,ok
2006-06,2006-10,2006,10,5,37.47529166666667,156.2402,22.95092222222222,127.71441999999999,14.52436944444445,28.525779999999997,True,173,1992-01,2006-05,-4.872690457001835,0.28614363651191194,0.013859725239921405,23.85753240055753,126.99778543387399,-0.7166345661260038,142.23878944444445,ok
2006-07,2006-11,2006,11,5,117.07195833333333,160.8529,119.53297222222224,196.59914399999997,-2.461013888888914,-35.74624399999996,True,174,1992-01,2006-06,-4.709184983798238,0.29012601705078434,0.01424757845634439,23.81810150432241,191.17595485871172,-5.423189141288248,194.13813011111105,ok
2006-08,2006-12,2006,12,5,258.488,150.7779,257.47236111111107,200.67440000000002,1.0156388888889296,-49.89650000000003,True,175,1992-01,2006-07,-4.883701613969381,0.2912319766015983,0.014334136622949023,23.749849147523495,196.0864849071552,-4.58791509284481,201.69003888888895,ok
2006-09,2007-01,2007,1,5,310.51591666666667,243.8694,310.66316666666665,276.0043153846154,-0.14724999999998545,-32.13491538461537,True,176,1992-01,2006-08,-5.141192019550474,0.2912812129307935,0.014288755103725403,23.682529507322013,270.82023220646084,-5.184083178154538,275.8570653846154,ok
2006-10,2007-02,2007,2,5,304.0027083333334,391.6001,321.82743888888876,220.87104615384618,-17.82473055555539,170.72905384615382,True,177,1992-01,2006-09,-5.293842763549489,0.2916274625074212,0.014304783828747003,23.615347395318604,210.3790224485016,-10.492023705344593,203.0463155982908,ok
2006-11,2007-03,2007,3,5,363.090625,144.3091,378.8634,275.9722115384615,-15.772775000000024,-131.66311153846152,True,178,1992-01,2006-10,-4.240834525192774,0.25702131996168526,0.010594915807310534,23.582107885783195,267.67743756331004,-8.294773975151486,260.1994365384615,ok
2006-12,2007-04,2007,4,5,184.7988333333333,203.9629,226.90079166666663,203.5579576923077,-42.10195833333333,0.4049423076922949,True,179,1992-01,2006-11,-4.9490911812849365,0.27783672337812954,0.012096757622424903,23.541940319153262,186.9113963598869,-16.646561332420788,161.45599935897437,ok
2007-01,2007-05,2007,5,5,22.16379166666667,59.8926,24.45017447916667,77.85692692307693,-2.286382812500001,-17.964326923076925,True,180,1992-01,2006-12,-4.849465341362698,0.27059639852983386,0.01168750849556055,23.677282022328203,72.38877462699121,-5.468152296085719,75.57054411057692,ok
2007-02,2007-06,2007,6,5,0.76675,0.6092,1.0117916666666666,7.5528576923076916,-0.2450416666666666,-6.943657692307692,True,181,1992-01,2007-01,-4.918746048614121,0.2709617955921293,0.011716844775506718,23.61198470596465,2.5677147136986824,-4.985142978609009,7.307816025641025,ok
2007-03,2007-07,2007,7,5,0.9486249999999999,2.6528,1.1711588541666667,4.878696153846153,-0.2225338541666667,-2.2258961538461532,True,182,1992-01,2007-02,-4.929518571041863,0.2709792865129762,0.011718362547750494,23.546946018072195,-0.11112448222277616,-4.989820636068929,4.656162299679487,ok
2007-04,2007-08,2007,8,5,1.1272916666666666,1.474,2.7293828125,12.959819230769229,-1.6020911458333333,-11.485819230769229,True,183,1992-01,2007-03,-4.914399601552317,0.2709553518423872,0.011716263785512826,23.482444178188285,7.611324459114068,-5.348494771655161,11.357728084935896,ok
2007-05,2007-09,2007,9,5,3.434333333333333,24.48,5.99265625,63.43355384615385,-2.5583229166666666,-38.95355384615385,True,184,1992-01,2007-04,-4.947841630954125,0.2710917794172572,0.011727811191670878,23.418555286557964,57.792171903396614,-5.641381942757235,60.87523092948718,ok
2007-06,2007-10,2007,10,5,26.114416666666667,90.3212,23.8586953125,128.8115653846154,2.255721354166667,-38.49036538461539,True,185,1992-01,2007-05,-5.128559419972443,0.27214259967924975,0.01179838852638071,23.35551326701787,124.29688383811786,-4.514681546497528,131.06728673878206,ok
2007-07,2007-11,2007,11,5,117.29879166666667,140.1645,119.37915885416666,195.22428846153844,-2.080367187499988,-55.05978846153843,True,186,1992-01,2007-06,-5.310879328486682,0.27159423917125086,0.011730462372541939,23.29351411192275,189.34839338956584,-5.875895071972593,193.14392127403846,ok
2007-08,2007-12,2007,12,5,252.58420833333332,154.6319,257.53583854166664,198.75530384615388,-4.951630208333313,-44.12340384615388,True,187,1992-01,2007-07,-5.574703399920014,0.27290953731836826,0.01179906214772286,23.23130263443599,191.82925333710597,-6.926050509047911,193.80367363782057,ok
2007-09,2008-01,2008,1,5,319.1537083333333,277.9576,310.65396354166666,274.81413333333336,8.499744791666672,3.1434666666666544,True,188,1992-01,2007-08,-5.7737571086457145,0.2749524900018357,0.011952024977610942,23.171522392864496,271.3774022195365,-3.4367311137968386,283.31387812500003,ok
2007-10,2008-02,2008,2,5,334.2366666666667,227.3554,320.7133932291666,227.19434444444445,13.523273437500052,0.1610555555555493,True,189,1992-01,2007-09,-5.7392632603612705,0.2754660409083529,0.012002693460816616,23.119552493047195,225.18028377803242,-2.0140606664120355,240.7176178819445,ok
2007-11,2008-03,2008,3,5,414.49354166666666,291.7903,377.8776015625,271.0958,36.61594010416667,20.694500000000005,True,190,1992-01,2007-10,-5.728007186496844,0.27574220187805926,0.012045879479071209,23.081492491390293,275.46435276166125,4.368552761661249,307.71174010416667,ok
2007-12,2008-04,2008,4,5,224.3375,198.2004,224.26941927083334,203.57295555555558,0.06808072916666674,-5.372555555555579,True,191,1992-01,2007-11,-5.647565127168886,0.28144349765718385,0.012694949581961379,23.179443407311908,197.9445513069264,-5.628404248629181,203.64103628472225,ok
2008-01,2008-05,2008,5,5,28.725958333333335,156.4351,24.315681372549022,77.19158148148148,4.410276960784312,79.24351851851853,True,192,1992-01,2007-12,-5.646230800759957,0.2814414707205235,0.012694848669416059,23.118927939845847,72.7865855148495,-4.404995966631972,81.6018584422658,ok
2008-02,2008-06,2008,6,5,0.8963333333333333,1.2231,0.997377450980392,7.295685185185184,-0.10104411764705867,-6.072585185185185,True,193,1992-01,2008-01,-5.215394799526877,0.2843131614276698,0.012813760624190595,23.061938609612152,2.051562213126403,-5.244122972058781,7.194641067538125,ok
2008-03,2008-07,2008,7,5,0.6473333333333333,1.8809,1.1580686274509804,4.796255555555555,-0.5107352941176471,-2.915355555555555,True,194,1992-01,2008-02,-5.219672392427859,0.28432119959925894,0.01281458484776421,23.00231466939964,-0.5686297083735141,-5.364885263929069,4.285520261437908,ok
2008-04,2008-08,2008,8,5,5.010958333333334,10.0751,2.635142156862745,12.534418518518518,2.3758161764705887,-2.4593185185185167,True,195,1992-01,2008-03,-5.207081152806752,0.28428779948087746,0.012811736280259,22.9430971735052,8.002752918491662,-4.531665600026855,14.910234694989107,ok
2008-05,2008-09,2008,9,5,7.549166666666667,35.7506,5.842166666666666,61.99082962962963,1.7070000000000016,-26.24022962962963,True,196,1992-01,2008-04,-5.196534758321367,0.28431783974141295,0.012814597948470396,22.88550878736414,57.27962542374685,-4.71120420588278,63.69782962962963,ok
2008-06,2008-10,2008,10,5,31.448791666666665,71.4708,23.99138480392157,127.38599629629628,7.457406862745096,-55.91519629629629,True,197,1992-01,2008-05,-5.305666297270776,0.28414732648052377,0.01279037391061466,22.827926440961,124.19933222155204,-3.186664074744243,134.84340315904137,ok
2008-07,2008-11,2008,11,5,126.13320833333334,228.8043,119.25678431372548,193.185037037037,6.876424019607867,35.619262962963006,True,198,1992-01,2008-06,-5.568846930458939,0.2807854701282955,0.01244514830030008,22.77780161030365,189.54699005772517,-3.638046979311838,200.06146105664487,ok
2008-08,2008-12,2008,12,5,264.0232916666667,198.2564,257.2445661764706,197.12110370370374,6.778725490196109,1.135296296296275,True,199,1992-01,2008-07,-5.373750019019844,0.28305342739189815,0.012618925978393758,22.72707501363442,193.66609516803274,-3.4550085356709985,203.89982919389985,ok
2008-09,2009-01,2009,1,5,309.26595833333334,176.1671,311.15394852941176,274.9264,-1.8879901960784196,-98.7593,True,200,1992-01,2008-08,-5.351054945950957,0.28331284851439276,0.012645473555248254,22.676614819401784,269.0404531736308,-5.8859468263692065,273.0384098039216,ok
2008-10,2009-02,2009,2,5,312.66133333333335,173.2144,321.50887990196077,227.20009642857144,-8.847546568627422,-53.98569642857143,True,201,1992-01,2008-09,-5.8156389751046325,0.28590722493870735,0.012708488875328827,22.62001000843812,218.85487996651457,-8.345216462056868,218.35254985994402,ok
2008-11,2009-03,2009,3,5,355.2785416666666,237.6584,380.0314803921569,271.83488928571427,-24.752938725490253,-34.17648928571427,True,202,1992-01,2008-10,-6.045607702021712,0.29025649122668373,0.013064049204935091,22.570579465804325,258.6045804416827,-13.230308844031583,247.08195056022402,ok
2008-12,2009-04,2009,4,5,246.11041666666665,291.4855,224.27342401960786,203.3810785714286,21.836992647058793,88.10442142857141,True,203,1992-01,2008-11,-6.1529347149355775,0.29544200419669514,0.013605089004775195,22.57707631659443,203.67970872976855,0.29863015833996087,225.21807121848738,ok
2009-01,2009-05,2009,5,5,21.114791666666665,287.1656,24.56069675925926,80.02170714285715,-3.4459050925925965,207.14389285714282,True,204,1992-01,2008-12,-5.738514498283399,0.3131758340186339,0.015151350292160748,22.577489814673598,73.20401844325201,-6.817688699605142,76.57580205026456,ok
2009-02,2009-06,2009,6,5,0.918,15.2435,0.9917638888888889,7.0788071428571415,-0.07376388888888885,8.164692857142857,True,205,1992-01,2009-01,-4.6869318209818065,0.3042458654589777,0.013403715053333487,22.522884788936945,2.369432963660715,-4.709374179196427,7.005043253968252,ok
2009-03,2009-07,2009,7,5,6.305458333333333,2.7198,1.1296944444444443,4.692135714285714,5.175763888888889,-1.9723357142857134,True,206,1992-01,2009-02,-4.624332943143932,0.30412787552206155,0.013390490917819853,22.46805390384607,1.641896846873363,-3.0502388674123506,9.867899603174603,ok
2009-04,2009-08,2009,8,5,6.729541666666667,15.226,2.7671319444444444,12.446585714285714,3.9624097222222225,2.779414285714287,True,207,1992-01,2009-03,-4.619165584839908,0.30417235221903777,0.013396678414571372,22.417515426439923,9.032675615109724,-3.4139100991759896,16.408995436507936,ok
2009-05,2009-09,2009,9,5,7.4952499999999995,49.6335,5.936999999999999,61.05367857142858,1.5582500000000001,-11.420178571428579,True,208,1992-01,2009-04,-4.589556121284572,0.3043545351595828,0.013412994055391314,22.365937668894077,56.93838290455643,-4.11529566687215,62.61192857142858,ok
2009-06,2009-10,2009,10,5,31.002583333333334,145.1622,24.405685185185185,125.38902499999999,6.596898148148149,19.773175000000023,True,209,1992-01,2009-05,-4.6244662545599375,0.30430922428133184,0.013408112973502417,22.312844548854148,122.77205570356597,-2.6169692964340214,131.98592314814815,ok
2009-07,2009-11,2009,11,5,111.85558333333334,129.9771,119.63880787037036,194.45715357142853,-7.783224537037015,-64.48005357142853,True,210,1992-01,2009-06,-4.518996345335983,0.30552976914651364,0.013509152546613667,22.265537168860085,187.56015043007616,-6.897003141352371,186.6739290343915,ok
2009-08,2009-12,2009,12,5,262.42741666666666,238.1976,257.62116203703704,197.16165000000004,4.8062546296296205,41.03594999999996,True,211,1992-01,2009-07,-4.7962404433225325,0.310346701855083,0.013878708543094698,22.21754212188931,193.85701482925876,-3.304635170741278,201.96790462962966,ok
2009-09,2010-01,2010,1,5,312.4241666666667,206.4191,311.04906018518517,271.5209068965517,1.3751064814815095,-65.10180689655172,True,212,1992-01,2009-08,-4.58861255745304,0.31200677010488054,0.013989529260191036,22.16838727926301,267.36133687093604,-4.159570025615665,272.8960133780332,ok
2009-10,2010-02,2010,2,5,247.05070833333332,189.3031,321.01734953703703,225.33852068965518,-73.96664120370372,-36.03542068965518,True,213,1992-01,2009-09,-4.87448093135567,0.3117403833233655,0.013894918821531266,22.11666874698495,197.40565067631508,-27.932870013340107,151.37187948595147,ok
2009-11,2010-03,2010,3,5,314.41066666666666,170.6808,378.6563171296296,270.6563896551724,-64.24565046296294,-99.9755896551724,True,214,1992-01,2009-10,-4.915497131306858,0.3172605406267373,0.015144560672610385,22.625322261092485,245.35828272506956,-25.298106930102847,206.41073919220946,ok
2009-12,2010-04,2010,4,5,166.96804166666666,179.409,225.4865902777778,206.41916206896553,-58.51854861111113,-27.010162068965542,True,215,1992-01,2009-11,-5.274279960204821,0.35967520039714646,0.019960720039301827,22.988446527379452,180.09721141010917,-26.321950658856366,147.9006134578544,ok
2010-01,2010-05,2010,5,5,29.674375,36.5434,24.379333333333335,87.16460000000001,5.295041666666666,-50.62120000000001,True,216,1992-01,2009-12,-5.2774653271467304,0.3600193149195714,0.020591332776964455,23.276664184064217,83.79345194615719,-3.3711480538428162,92.45964166666667,ok
2010-02,2010-06,2010,6,5,0.7127500000000001,8.1085,0.9878815789473684,7.3603482758620675,-0.2751315789473683,0.7481517241379319,True,217,1992-01,2010-01,-5.49516047311509,0.3578908978161586,0.020297051771222097,23.22576148736469,1.7667207149399269,-5.59362756092214,7.085216696914699,ok
2010-03,2010-07,2010,7,5,0.7812916666666667,1.8517,1.4021030701754384,4.624124137931034,-0.6208114035087717,-2.7724241379310337,True,218,1992-01,2010-02,-5.466069410133808,0.3578748689111422,0.020294185711688395,23.17243643858093,-1.064118071852018,-5.688242209783052,4.003312734422262,ok
2010-04,2010-08,2010,8,5,0.4687916666666667,1.1641,2.9756798245614036,12.542427586206896,-2.506888157894737,-11.378327586206897,True,219,1992-01,2010-03,-5.4527548891660835,0.35785896154327984,0.020292255336072595,23.11950645242012,6.192560304151456,-6.34986728205544,10.035539428312159,ok
2010-05,2010-09,2010,9,5,0.44279166666666664,2.3148,6.019013157894736,60.65987931034483,-5.576221491228069,-58.34507931034483,True,220,1992-01,2010-04,-5.475612209939427,0.35796691596600416,0.020304638054434276,23.067515468119336,53.18816429044713,-7.471715019897694,55.08365781911676,ok
2010-06,2010-10,2010,10,5,11.171208333333333,136.1532,24.75289035087719,126.07085862068966,-13.581682017543859,10.082341379310336,True,221,1992-01,2010-05,-5.705762715130192,0.3603813427147472,0.02050767184979152,23.01833071424582,115.47051110375227,-10.60034751693739,112.48917660314581,ok
2010-07,2010-11,2010,11,5,113.23804166666667,142.1422,119.22916447368421,192.23370344827583,-5.991122807017533,-50.09150344827583,True,222,1992-01,2010-06,-5.612788001101264,0.3580002514948346,0.02026243531523797,22.9846437209056,184.47609197552586,-7.757611472749971,186.24258064125831,ok
2010-08,2010-12,2010,12,5,219.840875,168.2896,257.8741228070175,198.57668275862073,-38.03324780701749,-30.287082758620727,True,223,1992-01,2010-07,-5.802399853958453,0.3601237773274121,0.020455369690230096,22.936668612515916,179.07760604036963,-19.499076718251104,160.54343495160325,ok
2010-09,2011-01,2011,1,5,346.9866666666667,274.405,311.12143421052633,269.35084666666665,35.86523245614035,5.054153333333318,True,224,1992-01,2010-08,-5.8496143585533575,0.36355403889004434,0.021084517362291333,23.027481648130347,276.5401824232734,7.189335756606738,305.216079122807,ok
2010-10,2011-02,2011,2,5,356.02570833333334,316.7195,317.1243684210526,224.13734000000002,38.90133991228072,92.58215999999996,True,225,1992-01,2010-09,-5.85917779657933,0.36291407488068966,0.021236996557767673,23.09896983825911,232.3960059893053,8.258665989305285,263.0386799122807,ok
2010-11,2011-03,2011,3,5,414.3817916666667,240.0053,375.27496710526316,267.32387,39.10682456140353,-27.318569999999994,True,226,1992-01,2010-10,-5.487612087543872,0.3898590018962842,0.024499241250442005,23.19240466703925,277.082405503298,9.758535503297992,306.4306945614035,ok
2010-12,2011-04,2011,4,5,240.27837499999998,220.1464,222.4066666666667,205.51882333333333,17.871708333333288,14.62757666666667,True,227,1992-01,2010-11,-5.648260224188807,0.3781473539562263,0.02332255313780629,23.287439329559067,206.62870232607193,1.1098789927386008,223.39053166666662,ok
1991-01,1991-06,1991,6,6,1.8143333333333331,0.7033,,9.38869,,-8.68539,False,0,,,,,,,,,,anomalia_indisponivel_para_linha_avaliada
1991-02,1991-07,1991,7,6,0.8704999999999999,1.9531,,6.404940000000001,,-4.451840000000001,False,0,,,,,,,,,,anomalia_indisponivel_para_linha_avaliada
1991-03,1991-08,1991,8,6,1.7187083333333335,1.2135,,16.050330000000002,,-14.836830000000003,False,0,,,,,,,,,,anomalia_indisponivel_para_linha_avaliada
1991-04,1991-09,1991,9,6,6.026416666666666,73.9762,,73.19717999999999,,0.7790200000000169,False,0,,,,,,,,,,anomalia_indisponivel_para_linha_avaliada
1991-05,1991-10,1991,10,6,35.23220833333333,58.2752,,169.18448999999998,,-110.90928999999998,False,0,,,,,,,,,,anomalia_indisponivel_para_linha_avaliada
1991-06,1991-11,1991,11,6,117.87124999999999,141.8015,,204.26054000000002,,-62.459040000000016,False,0,,,,,,,,,,anomalia_indisponivel_para_linha_avaliada
1991-07,1991-12,1991,12,6,265.3625,139.2974,,206.55659999999997,,-67.25919999999996,False,0,,,,,,,,,,anomalia_indisponivel_para_linha_avaliada
1991-08,1992-01,1992,1,6,308.5962916666667,307.6078,,296.8603363636363,,10.747463636363705,False,0,,,,,,,,,,anomalia_indisponivel_para_linha_avaliada
1991-09,1992-02,1992,2,6,329.56991666666664,144.7331,,218.7978454545455,,-74.06474545454549,False,0,,,,,,,,,,anomalia_indisponivel_para_linha_avaliada
1991-10,1992-03,1992,3,6,385.07579166666665,155.372,,299.8407818181818,,-144.4687818181818,False,0,,,,,,,,,,anomalia_indisponivel_para_linha_avaliada
1991-11,1992-04,1992,4,6,182.99525000000003,102.9542,,207.20299999999997,,-104.24879999999997,False,0,,,,,,,,,,anomalia_indisponivel_para_linha_avaliada
1991-12,1992-05,1992,5,6,19.619333333333334,24.3743,,55.66652727272728,,-31.292227272727278,False,0,,,,,,,,,,anomalia_indisponivel_para_linha_avaliada
1992-01,1992-06,1992,6,6,0.9827916666666666,1.0095,1.8143333333333331,8.599109090909092,-0.8315416666666665,-7.589609090909092,True,0,,,,,,,,,7.767567424242426,warmup_amostra_insuficiente
1992-02,1992-07,1992,7,6,0.8704999999999999,2.0289,0.8704999999999999,6.000227272727273,0.0,-3.9713272727272733,True,1,,,,,,,,,6.000227272727273,warmup_amostra_insuficiente
1992-03,1992-08,1992,8,6,1.4731666666666667,13.0445,1.7187083333333335,14.701527272727276,-0.24554166666666677,-1.6570272727272766,True,2,,,,,,,,,14.45598560606061,warmup_amostra_insuficiente
1992-04,1992-09,1992,9,6,3.326458333333333,135.5711,6.026416666666666,73.26799999999999,-2.699958333333333,62.303100000000015,True,3,,,,,,,,,70.56804166666666,warmup_amostra_insuficiente
1992-05,1992-10,1992,10,6,20.913958333333333,62.0723,35.23220833333333,159.10182727272726,-14.318249999999999,-97.02952727272726,True,4,,,,,,,,,144.78357727272726,warmup_amostra_insuficiente
1992-06,1992-11,1992,11,6,120.87366666666667,214.2915,117.87124999999999,198.58244545454545,3.002416666666676,15.709054545454563,True,5,,,,,,,,,201.58486212121213,warmup_amostra_insuficiente
1992-07,1992-12,1992,12,6,306.241625,239.5717,265.3625,200.44212727272725,40.87912499999999,39.129572727272745,True,6,,,,,,,,,241.32125227272724,warmup_amostra_insuficiente
1992-08,1993-01,1993,1,6,336.12804166666666,121.8043,308.5962916666667,297.75595833333324,27.531749999999988,-175.95165833333323,True,7,,,,,,,,,325.2877083333332,warmup_amostra_insuficiente
1992-09,1993-02,1993,2,6,333.2145,307.8407,329.56991666666664,212.62578333333337,3.644583333333344,95.21491666666665,True,8,,,,,,,,,216.27036666666672,warmup_amostra_insuficiente
1992-10,1993-03,1993,3,6,388.3234166666667,153.1779,385.07579166666665,287.80171666666666,3.2476250000000277,-134.62381666666667,True,9,,,,,,,,,291.0493416666667,warmup_amostra_insuficiente
1992-11,1993-04,1993,4,6,242.58962499999998,250.0943,182.99525000000003,198.51559999999998,59.59437499999996,51.578700000000026,True,10,,,,,,,,,258.10997499999996,warmup_amostra_insuficiente
1992-12,1993-05,1993,5,6,16.873916666666666,95.5974,19.619333333333334,53.058841666666666,-2.7454166666666673,42.53855833333333,True,11,,,,,,,,,50.313424999999995,warmup_amostra_insuficiente
1993-01,1993-06,1993,6,6,0.8207083333333333,0.586,1.3985625,7.966641666666668,-0.5778541666666667,-7.380641666666667,True,12,,,,,,,,,7.388787500000001,warmup_amostra_insuficiente
1993-02,1993-07,1993,7,6,0.546875,1.8793,0.8704999999999999,5.669283333333335,-0.32362499999999994,-3.7899833333333355,True,13,,,,,,,,,5.345658333333335,warmup_amostra_insuficiente
1993-03,1993-08,1993,8,6,3.3480833333333333,40.5665,1.5959375000000002,14.56344166666667,1.752145833333333,26.00305833333333,True,14,,,,,,,,,16.315587500000003,warmup_amostra_insuficiente
1993-04,1993-09,1993,9,6,9.709166666666667,56.4376,4.6764375,78.45992499999998,5.032729166666667,-22.02232499999998,True,15,,,,,,,,,83.49265416666665,warmup_amostra_insuficiente
1993-05,1993-10,1993,10,6,24.272958333333335,126.1723,28.073083333333333,151.01603333333333,-3.8001249999999978,-24.84373333333332,True,16,,,,,,,,,147.21590833333332,warmup_amostra_insuficiente
1993-06,1993-11,1993,11,6,118.87554166666666,225.9903,119.37245833333333,199.8915333333333,-0.4969166666666638,26.098766666666677,True,17,,,,,,,,,199.39461666666665,warmup_amostra_insuficiente
1993-07,1993-12,1993,12,6,248.04216666666665,216.8044,285.80206250000003,203.70292499999996,-37.75989583333339,13.101475000000022,True,18,,,,,,,,,165.94302916666658,warmup_amostra_insuficiente
1993-08,1994-01,1994,1,6,344.0740416666667,330.218,322.36216666666667,284.2212153846153,21.71187500000002,45.99678461538474,True,19,,,,,,,,,305.9330903846153,warmup_amostra_insuficiente
1993-09,1994-02,1994,2,6,356.590125,306.4669,331.3922083333333,219.95000769230774,25.197916666666686,86.51689230769227,True,20,,,,,,,,,245.14792435897442,warmup_amostra_insuficiente
1993-10,1994-03,1994,3,6,434.3919166666667,311.1998,386.69960416666663,277.4460384615385,47.69231250000007,33.753761538461504,True,21,,,,,,,,,325.13835096153855,warmup_amostra_insuficiente
1993-11,1994-04,1994,4,6,226.78916666666666,176.4476,212.7924375,202.48319230769232,13.996729166666654,-26.035592307692326,True,22,,,,,,,,,216.47992147435897,warmup_amostra_insuficiente
1993-12,1994-05,1994,5,6,28.190166666666666,50.2617,18.246625,56.33103846153846,9.943541666666665,-6.0693384615384645,True,23,,,,,,,,,66.27458012820513,warmup_amostra_insuficiente
1994-01,1994-06,1994,6,6,0.6911666666666667,40.3001,1.2059444444444443,7.398900000000001,-0.5147777777777776,32.9012,True,24,,,,,,,,,6.884122222222223,warmup_amostra_insuficiente
1994-02,1994-07,1994,7,6,0.7588750000000001,1.843,0.7626249999999999,5.3777461538461555,-0.003749999999999809,-3.5347461538461555,True,25,,,,,,,,,5.373996153846155,warmup_amostra_insuficiente
1994-03,1994-08,1994,8,6,3.4596250000000004,6.3765,2.1799861111111114,16.563676923076926,1.279638888888889,-10.187176923076926,True,26,,,,,,,,,17.843315811965816,warmup_amostra_insuficiente
1994-04,1994-09,1994,9,6,8.002708333333333,57.4679,6.354013888888889,76.76589999999999,1.6486944444444438,-19.297999999999988,True,27,,,,,,,,,78.41459444444443,warmup_amostra_insuficiente
1994-05,1994-10,1994,10,6,18.425125,114.0829,26.806375000000003,149.10497692307692,-8.381250000000001,-35.02207692307692,True,28,,,,,,,,,140.72372692307692,warmup_amostra_insuficiente
1994-06,1994-11,1994,11,6,149.70954166666667,151.223,119.20681944444443,201.89913076923074,30.502722222222232,-50.676130769230724,True,29,,,,,,,,,232.40185299145298,warmup_amostra_insuficiente
1994-07,1994-12,1994,12,6,244.66070833333333,200.9509,273.21543055555554,204.71073076923074,-28.55472222222221,-3.7598307692307458,True,30,,,,,,,,,176.15600854700853,warmup_amostra_insuficiente
1994-08,1995-01,1995,1,6,304.2662916666667,156.6185,329.59945833333336,287.5066999999999,-25.33316666666667,-130.8881999999999,True,31,,,,,,,,,262.17353333333324,warmup_amostra_insuficiente
1994-09,1995-02,1995,2,6,317.590625,232.7107,339.79151388888886,226.12978571428576,-22.20088888888887,6.580914285714243,True,32,,,,,,,,,203.9288968253969,warmup_amostra_insuficiente
1994-10,1995-03,1995,3,6,414.01375,218.3206,402.59704166666666,279.8570214285714,11.41670833333336,-61.53642142857137,True,33,,,,,,,,,291.27372976190475,warmup_amostra_insuficiente
1994-11,1995-04,1995,4,6,250.59237499999998,255.6784,217.4580138888889,200.62350714285714,33.134361111111076,55.054892857142875,True,34,,,,,,,,,233.7578682539682,warmup_amostra_insuficiente
1994-12,1995-05,1995,5,6,19.206333333333333,188.1476,21.56113888888889,55.89751428571429,-2.354805555555558,132.25008571428572,True,35,,,,,,,,,53.54270873015873,warmup_amostra_insuficiente
1995-01,1995-06,1995,6,6,0.33475000000000005,0.5023,1.0772499999999998,9.748985714285714,-0.7424999999999997,-9.246685714285714,True,36,,,,,,,,,9.006485714285715,warmup_amostra_insuficiente
1995-02,1995-07,1995,7,6,0.50225,1.9521,0.7616875,5.125264285714287,-0.2594375,-3.1731642857142877,True,37,,,,,,,,,4.865826785714288,warmup_amostra_insuficiente
1995-03,1995-08,1995,8,6,1.25,1.2264,2.4998958333333334,15.83602142857143,-1.2498958333333334,-14.60962142857143,True,38,,,,,,,,,14.586125595238096,warmup_amostra_insuficiente
1995-04,1995-09,1995,9,6,2.754,24.8694,6.766187499999999,75.38747142857142,-4.0121875,-50.51807142857142,True,39,,,,,,,,,71.37528392857142,warmup_amostra_insuficiente
1995-05,1995-10,1995,10,6,15.791375,82.7379,24.711062500000004,146.6034,-8.919687500000004,-63.8655,True,40,,,,,,,,,137.68371249999998,warmup_amostra_insuficiente
1995-06,1995-11,1995,11,6,130.28045833333334,247.2129,126.8325,198.2794071428571,3.4479583333333466,48.93349285714288,True,41,,,,,,,,,201.72736547619047,warmup_amostra_insuficiente
1995-07,1995-12,1995,12,6,254.76054166666665,191.1246,266.07675,204.44217142857138,-11.31620833333335,-13.317571428571398,True,42,,,,,,,,,193.12596309523803,warmup_amostra_insuficiente
1995-08,1996-01,1996,1,6,313.5514583333333,224.1528,323.26616666666666,278.7808199999999,-9.714708333333363,-54.62801999999988,True,43,,,,,,,,,269.06611166666653,warmup_amostra_insuficiente
1995-09,1996-02,1996,2,6,396.81391666666667,225.4247,334.24129166666665,226.56851333333336,62.572625000000016,-1.1438133333333553,True,44,,,,,,,,,289.1411383333334,warmup_amostra_insuficiente
1995-10,1996-03,1996,3,6,399.7957916666667,302.7974,405.45121875,275.75459333333333,-5.655427083333336,27.04280666666665,True,45,,,,,,,,,270.09916625,warmup_amostra_insuficiente
1995-11,1996-04,1996,4,6,232.09199999999998,321.9434,225.74160416666666,204.29383333333334,6.350395833333323,117.64956666666666,True,46,,,,,,,,,210.64422916666666,warmup_amostra_insuficiente
1995-12,1996-05,1996,5,6,25.176916666666667,98.9982,20.9724375,64.71418666666666,4.204479166666665,34.284013333333334,True,47,,,,,,,,,68.91866583333334,warmup_amostra_insuficiente
1996-01,1996-06,1996,6,6,0.76675,0.4652,0.9287499999999997,9.13254,-0.1619999999999997,-8.667340000000001,True,48,,,,,,,,,8.970540000000002,warmup_amostra_insuficiente
1996-02,1996-07,1996,7,6,0.703125,1.9521,0.7098,4.913720000000001,-0.0066749999999999865,-2.9616200000000017,True,49,,,,,,,,,4.907045000000002,warmup_amostra_insuficiente
1996-03,1996-08,1996,8,6,1.6740416666666667,1.4883,2.2499166666666666,14.862046666666668,-0.5758749999999999,-13.373746666666667,True,50,,,,,,,,,14.286171666666668,warmup_amostra_insuficiente
1996-04,1996-09,1996,9,6,10.087208333333333,9.7369,5.963749999999999,72.0196,4.123458333333334,-62.2827,True,51,,,,,,,,,76.14305833333333,warmup_amostra_insuficiente
1996-05,1996-10,1996,10,6,20.344791666666666,145.0933,22.927125000000004,142.3457,-2.582333333333338,2.7476000000000056,True,52,,,,,,,,,139.76336666666666,warmup_amostra_insuficiente
1996-06,1996-11,1996,11,6,124.45916666666666,222.7092,127.52209166666667,201.54163999999997,-3.062925000000007,21.167560000000037,True,53,,,,,,,,,198.47871499999997,warmup_amostra_insuficiente
1996-07,1996-12,1996,12,6,268.3869583333333,130.1745,263.81350833333335,203.55433333333332,4.57344999999998,-73.37983333333332,True,54,,,,,,,,,208.1277833333333,warmup_amostra_insuficiente
1996-08,1997-01,1997,1,6,342.0762916666667,403.2083,321.323225,275.36656875,20.75306666666671,127.84173125000001,True,55,,,,,,,,,296.1196354166667,warmup_amostra_insuficiente
1996-09,1997-02,1997,2,6,359.8257083333333,180.4594,346.75581666666665,226.497025,13.06989166666665,-46.03762500000002,True,56,,,,,,,,,239.56691666666666,warmup_amostra_insuficiente
1996-10,1997-03,1997,3,6,374.5184166666666,452.1152,404.32013333333333,277.44476875,-29.80171666666672,174.67043125000004,True,57,,,,,,,,,247.64305208333326,warmup_amostra_insuficiente
1996-11,1997-04,1997,4,6,199.40037499999997,290.1342,227.01168333333334,211.64693125,-27.61130833333337,78.48726875000003,True,58,,,,,,,,,184.03562291666663,warmup_amostra_insuficiente
1996-12,1997-05,1997,5,6,22.78879166666667,68.9381,21.813333333333336,66.8569375,0.9754583333333322,2.081162500000005,True,59,,,,,,,,,67.83239583333334,warmup_amostra_insuficiente
1997-01,1997-06,1997,6,6,1.6307083333333334,0.6576,0.9017499999999998,8.59083125,0.7289583333333336,-7.93323125,True,60,,,,,,,,,9.319789583333334,warmup_amostra_insuficiente
1997-02,1997-07,1997,7,6,0.7142916666666667,1.9683,0.7086874999999999,4.72861875,0.005604166666666743,-2.7603187499999997,True,61,,,,,,,,,4.734222916666667,warmup_amostra_insuficiente
1997-03,1997-08,1997,8,6,2.7900833333333335,1.2265,2.1539375,14.026187499999999,0.6361458333333334,-12.7996875,True,62,,,,,,,,,14.662333333333333,warmup_amostra_insuficiente
1997-04,1997-09,1997,9,6,6.5447500000000005,47.0877,6.650993055555555,68.12693125,-0.10624305555555491,-21.03923125,True,63,,,,,,,,,68.02068819444445,warmup_amostra_insuficiente
1997-05,1997-10,1997,10,6,31.247958333333333,98.1562,22.496736111111115,142.517425,8.751222222222218,-44.361225000000005,True,64,,,,,,,,,151.26864722222223,warmup_amostra_insuficiente
1997-06,1997-11,1997,11,6,111.531625,75.7109,127.01160416666666,202.86461250000002,-15.479979166666652,-127.15371250000003,True,65,,,,,,,,,187.38463333333337,warmup_amostra_insuficiente
1997-07,1997-12,1997,12,6,246.78116666666668,199.815,264.57575,198.96809374999998,-17.79458333333335,0.8469062500000177,True,66,,,,,,,,,181.17351041666663,warmup_amostra_insuficiente
1997-08,1998-01,1998,1,6,290.1376666666667,347.458,324.78206944444446,282.8866705882353,-34.64440277777777,64.57132941176474,True,67,,,,,,,,,248.24226781045752,warmup_amostra_insuficiente
1997-09,1998-02,1998,2,6,226.10445833333333,127.8253,348.93413194444446,223.7889294117647,-122.82967361111113,-95.96362941176471,True,68,,,,,,,,,100.95925580065358,warmup_amostra_insuficiente
1997-10,1998-03,1998,3,6,266.06554166666666,242.0988,399.3531805555556,287.7195,-133.28763888888892,-45.62069999999997,True,69,,,,,,,,,154.43186111111106,warmup_amostra_insuficiente
1997-11,1998-04,1998,4,6,179.82004166666664,54.1047,222.4097986111111,216.2638294117647,-42.589756944444474,-162.1591294117647,True,70,,,,,,,,,173.67407246732023,warmup_amostra_insuficiente
1997-12,1998-05,1998,5,6,17.1195,74.6596,21.975909722222223,66.97935882352942,-4.8564097222222244,7.680241176470574,True,71,,,,,,,,,62.1229491013072,warmup_amostra_insuficiente
1998-01,1998-06,1998,6,6,1.2419166666666668,16.0121,1.0058869047619046,8.124170588235295,0.23602976190476221,7.887929411764706,True,72,,,,,,,,,8.360200350140056,warmup_amostra_insuficiente
1998-02,1998-07,1998,7,6,0.22325000000000003,3.3565,0.7094880952380952,4.566247058823529,-0.48623809523809514,-1.2097470588235288,True,73,,,,,,,,,4.080008963585434,warmup_amostra_insuficiente
1998-03,1998-08,1998,8,6,0.42412500000000003,1.2501,2.2448154761904764,13.273264705882351,-1.8206904761904763,-12.023164705882351,True,74,,,,,,,,,11.452574229691875,warmup_amostra_insuficiente
1998-04,1998-09,1998,9,6,4.914083333333333,13.3474,6.6358154761904755,66.8893294117647,-1.7217321428571424,-53.541929411764706,True,75,,,,,,,,,65.16759726890757,warmup_amostra_insuficiente
1998-05,1998-10,1998,10,6,23.949333333333332,89.2952,23.74691071428572,139.9079411764706,0.2024226190476135,-50.61274117647059,True,76,,,,,,,,,140.1103637955182,warmup_amostra_insuficiente
1998-06,1998-11,1998,11,6,116.80204166666665,245.1679,124.80017857142856,195.3849823529412,-7.998136904761907,49.78291764705881,True,77,,,,,,,,,187.3868454481793,warmup_amostra_insuficiente
1998-07,1998-12,1998,12,6,343.8842916666667,138.7974,262.03366666666665,199.01791176470587,81.85062500000004,-60.22051176470586,True,78,,,,,,,,,280.86853676470594,warmup_amostra_insuficiente
1998-08,1999-01,1999,1,6,364.92083333333335,215.817,319.83286904761906,286.4739666666667,45.08796428571429,-70.65696666666668,True,79,,,,,,,,,331.561930952381,warmup_amostra_insuficiente
1998-09,1999-02,1999,2,6,355.73325,131.3784,331.3870357142857,218.4576166666667,24.346214285714325,-87.0792166666667,True,80,,,,,,,,,242.80383095238102,warmup_amostra_insuficiente
1998-10,1999-03,1999,3,6,437.48316666666665,283.9542,380.3120892857143,285.1850166666666,57.17107738095234,-1.2308166666666125,True,81,,,,,,,,,342.35609404761897,warmup_amostra_insuficiente
1998-11,1999-04,1999,4,6,239.165875,162.6196,216.32554761904763,207.25498888888887,22.840327380952374,-44.63538888888888,True,82,,,,,,,,,230.09531626984125,warmup_amostra_insuficiente
1998-12,1999-05,1999,5,6,13.671041666666667,177.0923,21.282136904761902,67.40603888888889,-7.611095238095235,109.68626111111111,True,83,,,,,,,,,59.794943650793655,warmup_amostra_insuficiente
1999-01,1999-06,1999,6,6,0.9502916666666668,0.6859,1.035390625,8.56238888888889,-0.08509895833333325,-7.87648888888889,True,84,,,,,,,,,8.477289930555557,warmup_amostra_insuficiente
1999-02,1999-07,1999,7,6,1.6740416666666667,1.9885,0.6487083333333334,4.499038888888888,1.0253333333333332,-2.510538888888888,True,85,,,,,,,,,5.524372222222222,warmup_amostra_insuficiente
1999-03,1999-08,1999,8,6,3.8502500000000004,1.2624,2.0172291666666666,12.60531111111111,1.8330208333333338,-11.34291111111111,True,86,,,,,,,,,14.438331944444444,warmup_amostra_insuficiente
1999-04,1999-09,1999,9,6,7.4952499999999995,72.5879,6.420598958333333,63.914777777777786,1.0746510416666668,8.673122222222219,True,87,,,,,,,,,64.98942881944446,warmup_amostra_insuficiente
1999-05,1999-10,1999,10,6,29.216791666666666,112.4277,23.772213541666666,137.09612222222222,5.444578125,-24.66842222222222,True,88,,,,,,,,,142.5407003472222,warmup_amostra_insuficiente
1999-06,1999-11,1999,11,6,148.0571666666667,349.1067,123.80041145833333,198.15070000000003,24.25675520833336,150.95599999999996,True,89,,,,,,,,,222.40745520833337,warmup_amostra_insuficiente
1999-07,1999-12,1999,12,6,300.23741666666666,242.5365,272.2649947916667,195.67232777777775,27.972421874999952,46.86417222222224,True,90,,,,,,,,,223.6447496527777,warmup_amostra_insuficiente
1999-08,2000-01,2000,1,6,323.45025000000004,260.085,325.46886458333336,282.7551789473684,-2.018614583333317,-22.670178947368413,True,91,,,,,,,,,280.7365643640351,warmup_amostra_insuficiente
1999-09,2000-02,2000,2,6,377.6565,271.7656,334.4303125,213.8745,43.22618749999998,57.891099999999994,True,92,,,,,,,,,257.1006875,warmup_amostra_insuficiente
1999-10,2000-03,2000,3,6,374.3509583333334,185.8099,387.45847395833334,285.12023684210527,-13.107515624999962,-99.31033684210527,True,93,,,,,,,,,272.0127212171053,warmup_amostra_insuficiente
1999-11,2000-04,2000,4,6,237.0385,184.1135,219.18058854166665,204.90575789473684,17.857911458333348,-20.79225789473685,True,94,,,,,,,,,222.76366935307018,warmup_amostra_insuficiente
1999-12,2000-05,2000,5,6,24.228333333333335,53.6399,20.330750000000002,73.179,3.8975833333333334,-19.539100000000005,True,95,,,,,,,,,77.07658333333333,warmup_amostra_insuficiente
2000-01,2000-06,2000,6,6,1.1987916666666667,4.8153,1.0259351851851852,8.147836842105264,0.17285648148148147,-3.332536842105264,True,96,,,,,,,,,8.320693323586745,warmup_amostra_insuficiente
2000-02,2000-07,2000,7,6,0.8259583333333333,10.0203,0.7626342592592593,4.366905263157895,0.06332407407407403,5.653394736842106,True,97,,,,,,,,,4.430229337231968,warmup_amostra_insuficiente
2000-03,2000-08,2000,8,6,1.8526666666666667,7.9948,2.220898148148148,12.008315789473684,-0.3682314814814813,-4.013515789473685,True,98,,,,,,,,,11.640084307992202,warmup_amostra_insuficiente
2000-04,2000-09,2000,9,6,9.828,123.9327,6.540004629629629,64.37125789473684,3.2879953703703704,59.561442105263154,True,99,,,,,,,,,67.65925326510721,warmup_amostra_insuficiente
2000-05,2000-10,2000,10,6,29.116500000000002,86.4072,24.377166666666668,135.79778421052632,4.7393333333333345,-49.39058421052631,True,100,,,,,,,,,140.53711754385967,warmup_amostra_insuficiente
2000-06,2000-11,2000,11,6,133.89837500000002,192.5216,126.49560648148147,206.09575263157896,7.402768518518542,-13.574152631578954,True,101,,,,,,,,,213.4985211500975,warmup_amostra_insuficiente
2000-07,2000-12,2000,12,6,249.9505,222.6176,275.3730416666667,198.13886315789472,-25.422541666666717,24.47873684210529,True,102,,,,,,,,,172.716321491228,warmup_amostra_insuficiente
2000-08,2001-01,2001,1,6,295.55020833333333,192.5309,325.2445740740741,281.62167,-29.69436574074075,-89.09076999999999,True,103,,,,,,,,,251.92730425925924,warmup_amostra_insuficiente
2000-09,2001-02,2001,2,6,324.36429166666665,153.1069,339.23322222222225,216.76905500000004,-14.868930555555607,-63.66215500000004,True,104,,,,,,,,,201.90012444444443,warmup_amostra_insuficiente
2000-10,2001-03,2001,3,6,392.2515833333334,249.1479,386.00208333333336,280.15472,6.249500000000012,-31.006820000000005,True,105,,,,,,,,,286.40422,warmup_amostra_insuficiente
2000-11,2001-04,2001,4,6,222.54479166666667,196.9268,221.1648009259259,203.866145,1.3799907407407659,-6.939345000000003,True,106,,,,,,,,,205.24613574074075,warmup_amostra_insuficiente
2000-12,2001-05,2001,5,6,27.98925,140.175,20.763814814814815,72.202045,7.225435185185184,67.97295500000001,True,107,,,,,,,,,79.42748018518517,warmup_amostra_insuficiente
2001-01,2001-06,2001,6,6,1.1555833333333334,5.0237,1.0432208333333333,7.981210000000002,0.11236250000000014,-2.957510000000002,True,108,,,,,,,,,8.093572500000002,warmup_amostra_insuficiente
2001-02,2001-07,2001,7,6,2.499875,2.3266,0.7689666666666668,4.6495750000000005,1.730908333333333,-2.3229750000000005,True,109,,,,,,,,,6.380483333333333,warmup_amostra_insuficiente
2001-03,2001-08,2001,8,6,1.6070833333333334,7.2041,2.184075,11.80764,-0.5769916666666666,-4.603539999999999,True,110,,,,,,,,,11.230648333333333,warmup_amostra_insuficiente
2001-04,2001-09,2001,9,6,7.992083333333333,33.0017,6.868804166666666,67.34933000000001,1.1232791666666673,-34.34763000000001,True,111,,,,,,,,,68.47260916666667,warmup_amostra_insuficiente
2001-05,2001-10,2001,10,6,33.45758333333333,130.0808,24.8511,133.328255,8.606483333333333,-3.247455000000002,True,112,,,,,,,,,141.93473833333334,warmup_amostra_insuficiente
2001-06,2001-11,2001,11,6,122.472,196.3446,127.23588333333332,205.417045,-4.763883333333325,-9.072444999999988,True,113,,,,,,,,,200.65316166666668,warmup_amostra_insuficiente
2001-07,2001-12,2001,12,6,266.60125,209.0467,272.83078750000004,199.3628,-6.229537500000049,9.683899999999994,True,114,,,,,,,,,193.13326249999994,warmup_amostra_insuficiente
2001-08,2002-01,2002,1,6,369.887,368.8524,322.27513749999997,277.3792523809524,47.61186250000003,91.47314761904761,True,115,,,,,,,,,324.9911148809524,warmup_amostra_insuficiente
2001-09,2002-02,2002,2,6,318.7799166666667,190.9456,337.74632916666667,213.73752380952382,-18.96641249999999,-22.79192380952381,True,116,,,,,,,,,194.77111130952383,warmup_amostra_insuficiente
2001-10,2002-03,2002,3,6,363.48120833333337,178.8799,386.6270333333333,278.67820476190474,-23.145824999999945,-99.79830476190475,True,117,,,,,,,,,255.5323797619048,warmup_amostra_insuficiente
2001-11,2002-04,2002,4,6,161.794875,124.7968,221.3028,203.53569999999996,-59.507925,-78.73889999999996,True,118,,,,,,,,,144.02777499999996,warmup_amostra_insuficiente
2001-12,2002-05,2002,5,6,22.755291666666665,103.8934,21.486358333333335,75.43885238095238,1.2689333333333295,28.454547619047617,True,119,,,,,,,,,76.7077857142857,warmup_amostra_insuficiente
2002-01,2002-06,2002,6,6,0.34554166666666664,6.7952,1.0534356060606063,7.840376190476191,-0.7078939393939396,-1.045176190476191,True,120,1992-01,2001-12,-5.950271557785714,0.46160197099755507,0.042930024732142025,26.549820378518625,1.5633393950090106,-6.277036795467181,7.132482251082251,ok
2002-02,2002-07,2002,7,6,1.2499583333333333,2.1991,0.9263219696969697,4.538957142857143,0.3236363636363636,-2.339857142857143,True,121,1992-01,2002-01,-5.906983869938402,0.461520685733944,0.042913622467533385,26.439767205757676,-1.218661850607364,-5.757618993464507,4.862593506493506,ok
2002-03,2002-08,2002,8,6,1.5959583333333331,1.0971,2.131621212121212,11.588423809523809,-0.535662878787879,-10.49132380952381,True,122,1992-01,2002-02,-5.878962628860935,0.4615094019578555,0.0429104669422431,26.33120511226077,5.462247725822456,-6.126176083701353,11.05276093073593,ok
2002-04,2002-09,2002,9,6,6.199208333333334,67.2486,6.970920454545455,65.71372857142858,-0.7717121212121212,1.534871428571421,True,123,1992-01,2002-03,-5.914486241413831,0.46156772589421874,0.04291953861694475,26.223838546023522,59.44304492118186,-6.270683650246717,64.94201645021646,ok
2002-05,2002-10,2002,10,6,32.040416666666665,93.122,25.633507575757573,133.1736142857143,6.406909090909092,-40.05161428571431,True,124,1992-01,2002-04,-5.851465378506628,0.4614426484622626,0.04289199640053065,26.117781125954117,130.27857000657372,-2.895044279140592,139.5805233766234,ok
2002-06,2002-11,2002,11,6,103.51795833333334,141.559,126.80280303030302,204.98502380952382,-23.284844696969685,-63.42602380952383,True,125,1992-01,2002-05,-6.147120640728729,0.45890298364491516,0.04231915704497413,26.020552881674767,188.15241846364722,-16.8326053458766,181.70017911255414,ok
2002-07,2002-12,2002,12,6,278.107125,198.8721,272.264465909091,199.8239380952381,5.842659090909024,-0.9518380952381165,True,126,1992-01,2002-06,-6.522613740624098,0.4718919040968163,0.04469965653846475,25.99612115078338,196.05842787801163,-3.7655102172264776,205.66659718614713,ok
2002-08,2003-01,2003,1,6,303.49625,226.3735,326.60348863636364,281.5371227272727,-23.10723863636366,-55.16362272727267,True,127,1992-01,2002-07,-6.50054419173793,0.47206909001699215,0.04474544501738964,25.899550392608152,264.1283654196611,-17.408757307611552,258.429884090909,ok
2002-09,2003-02,2003,2,6,280.244125,242.0345,336.0221098484849,212.70152727272728,-55.77798484848489,29.332972727272733,True,128,1992-01,2002-08,-6.798571206774026,0.4823819826209918,0.046763256035183054,25.876154511727748,178.99666114813746,-33.70486612458981,156.92354242424238,ok
2002-10,2003-03,2003,3,6,311.77691666666664,210.3821,384.5228674242424,274.1419181818182,-72.74595075757577,-63.75981818181819,True,129,1992-01,2002-09,-6.315328187586428,0.44288480647139095,0.04073150231211997,26.238014996195712,235.60851367138548,-38.53340451043272,201.39596742424243,ok
2002-11,2003-04,2003,4,6,210.01679166666668,166.9079,215.8929886363636,199.95665909090906,-5.8761969696969345,-33.048759090909044,True,130,1992-01,2002-10,-6.495928331974328,0.46221352540167243,0.04662166554724578,26.913051494560673,190.74467304161647,-9.211986049292591,194.08046212121212,ok
2002-12,2003-05,2003,5,6,27.063000000000002,100.5299,21.60171590909091,76.7322409090909,5.461284090909093,23.797659090909093,True,131,1992-01,2002-11,-6.676930420590814,0.4635163056360577,0.046823928882815724,26.816177570346433,72.58670471434725,-4.145536194743656,82.193525,ok
2003-01,2003-06,2003,6,6,1.468791666666667,12.2745,0.9944444444444445,7.792868181818182,0.4743472222222225,4.4816318181818176,True,132,1992-01,2002-12,-6.463982377813675,0.46534248636998765,0.04710986679621476,26.717457814575667,1.5496197197960933,-6.243248462022089,8.267215404040405,ok
2003-02,2003-07,2003,7,6,0.7477916666666666,1.88,0.9532916666666668,4.4326,-0.20550000000000013,-2.5526,True,133,1992-01,2003-01,-6.383254785363031,0.46547401283687895,0.04712344954639147,26.6167002993669,-2.0463096950010096,-6.478909695001009,4.2271,ok
2003-03,2003-08,2003,8,6,0.49104166666666665,33.5851,2.086982638888889,11.111545454545455,-1.5959409722222222,22.47355454545454,True,134,1992-01,2003-02,-6.353940689549483,0.4654936497817876,0.047125678163142615,26.517178828962102,4.014704376999956,-7.096841077545499,9.515604482323234,ok
2003-04,2003-09,2003,9,6,3.35875,34.1644,6.906611111111111,65.78349545454546,-3.547861111111111,-31.61909545454546,True,135,1992-01,2003-03,-6.135096658211412,0.4652067515263215,0.046976502260564046,26.419382100547427,57.997909853967485,-7.785585600577974,62.23563434343435,ok
2003-05,2003-10,2003,10,6,15.367333333333335,102.8612,26.167416666666664,131.35308636363638,-10.80008333333333,-28.491886363636382,True,136,1992-01,2003-04,-6.309836016878665,0.46592696237889175,0.04705790541006993,26.324453782640944,120.01120032581882,-11.34188603781756,120.55300303030305,ok
2003-06,2003-11,2003,11,6,94.046375,171.1685,124.86239930555554,202.10202272727275,-30.816024305555544,-30.93352272727276,True,137,1992-01,2003-05,-6.433599610349892,0.4677514180941679,0.047426362876445194,26.24658778163316,181.25418404797492,-20.847838679297837,171.2859984217172,ok
2003-07,2003-12,2003,12,6,272.44908333333336,191.1895,272.7513541666667,199.78067272727273,-0.3022708333333526,-8.59117272727272,True,138,1992-01,2003-06,-6.503536543839096,0.47091377674831547,0.048462370998703874,26.290020421238243,193.13479268370776,-6.645880043564972,199.47840189393938,ok
2003-08,2004-01,2004,1,6,326.11762500000003,330.2411,324.6778854166667,279.13870434782604,1.4397395833333348,51.10239565217398,True,139,1992-01,2003-07,-6.517545394506693,0.47089970220220284,0.048459427463825255,26.19524098959826,273.29913189435973,-5.839572453466303,280.57844393115937,ok
2003-09,2004-02,2004,2,6,353.93683333333337,337.9902,331.3739444444445,213.97687391304348,22.562888888888892,124.01332608695654,True,140,1992-01,2003-08,-6.109411538142518,0.47234417109122084,0.048387726384019,26.101281266526332,218.5249114245465,4.548037511503026,236.53976280193237,ok
2003-10,2004-03,2004,3,6,396.48133333333334,263.3091,378.4607048611111,271.369752173913,18.020628472222256,-8.060652173913013,True,141,1992-01,2003-09,-5.2386148932426275,0.5015276721333918,0.05282763894723541,26.072281347108248,275.16898112872474,3.799228954811724,289.39038064613527,ok
2003-11,2004-04,2004,4,6,205.18925000000002,153.5851,215.40330555555556,198.5197565217391,-10.214055555555547,-44.9346565217391,True,142,1992-01,2003-10,-5.323690438299062,0.4992185501467179,0.05253420409245324,26.020592527163295,188.0970200778776,-10.42273644386151,188.30570096618357,ok
2003-12,2004-05,2004,5,6,33.971,29.0041,22.056822916666665,77.76692173913042,11.914177083333332,-48.76282173913042,True,143,1992-01,2003-11,-5.562514160159514,0.5026206412178889,0.05312415219990274,25.945403612253234,78.19271890417939,0.42579716504896226,89.68109882246375,ok
2004-01,2004-06,2004,6,6,0.8315833333333332,11.5046,1.0309326923076922,7.987721739130435,-0.19934935897435901,3.5168782608695652,True,144,1992-01,2003-12,-5.90829074627689,0.4961994664944332,0.05165525116087,25.871912809909873,1.9805139472844604,-6.007207791845975,7.788372380156075,ok
2004-02,2004-07,2004,7,6,1.2499583333333333,24.0552,0.9374839743589743,4.321617391304348,0.31247435897435893,19.733582608695652,True,145,1992-01,2004-01,-5.842578495961801,0.49624397724253494,0.05165400290739308,25.78252841679464,-1.3658975859737057,-5.687514977278053,4.6340917502787065,ok
2004-03,2004-08,2004,8,6,3.5824583333333333,45.2683,1.9642179487179485,12.08865652173913,1.6182403846153848,33.17964347826087,True,146,1992-01,2004-02,-5.668299296771526,0.4964962005549477,0.05163207544965365,25.6939836698563,7.22380742751372,-4.86484909422541,13.706896906354515,ok
2004-04,2004-09,2004,9,6,5.637583333333333,24.8521,6.633698717948718,64.40875217391304,-0.9961153846153854,-39.556652173913044,True,147,1992-01,2004-03,-5.408936588969784,0.4973835889702797,0.05164831927751079,25.606460119481312,58.504364139914756,-5.904388033998288,63.41263678929766,ok
2004-05,2004-10,2004,10,6,14.508041666666665,156.836,25.336641025641022,130.11430869565217,-10.828599358974357,26.721691304347843,True,148,1992-01,2004-04,-5.636236103959852,0.497511649340233,0.051547875873999005,25.52005065274373,119.0907182645644,-11.023590431087769,119.28570933667781,ok
2004-06,2004-11,2004,11,6,113.11920833333333,135.0896,122.49193589743588,200.75708695652176,-9.372727564102547,-65.66748695652177,True,149,1992-01,2004-05,-5.385682305248258,0.4935440461984063,0.05066720896654542,25.45158108984599,190.745550765371,-10.011536191150753,191.3843593924192,ok
2004-07,2004-12,2004,12,6,262.182,159.7892,272.72810256410264,199.40714347826088,-10.546102564102625,-39.617943478260884,True,150,1992-01,2004-06,-5.752962717678633,0.4985163153477656,0.05133794535409064,25.379871048537762,188.39677656904618,-11.010366909214696,188.86104091415825,ok
2004-08,2005-01,2005,1,6,364.09495833333335,258.8253,324.78863461538464,281.2679708333333,39.306323717948715,-22.442670833333295,True,151,1992-01,2004-07,-5.940051303490645,0.501398057030215,0.05186071758435851,25.312352156678408,295.0360338710228,13.768063037689501,320.57429455128204,ok
2004-09,2005-02,2005,2,6,312.520375,252.3165,333.10955128205137,219.14409583333335,-20.58917628205137,33.17240416666664,True,152,1992-01,2004-08,-6.186470362663456,0.48669027052644326,0.04964512633160967,25.422496882755127,202.9370736960417,-16.20702213729166,198.55491955128198,ok
2004-10,2005-03,2005,3,6,349.30808333333334,402.6636,379.846907051282,271.03389166666665,-30.538823717948674,131.62970833333333,True,153,1992-01,2004-09,-5.870588280820768,0.47671772605843393,0.047666119603332446,25.397156029586874,250.60490478652602,-20.428986880140627,240.49506794871797,ok
2004-11,2005-04,2005,4,6,186.17045833333336,143.7686,214.61760897435897,196.64747916666667,-28.447150641025615,-52.87887916666668,True,154,1992-01,2004-10,-4.92318232224119,0.43136181509042165,0.03785734501235083,25.439967153695402,179.45328230976202,-17.194196856904654,168.20032852564105,ok
2004-12,2005-05,2005,5,6,28.234750000000002,73.4273,22.973298076923076,75.7351375,5.261451923076926,-2.307837499999991,True,155,1992-01,2004-11,-5.143070298789657,0.4411172013308842,0.039706901751331625,25.467425027224838,72.91298414845504,-2.822153351544955,80.99658942307693,ok
2005-01,2005-06,2005,6,6,0.9071666666666668,0.5479,1.0166934523809523,8.134258333333333,-0.10952678571428554,-7.586358333333333,True,156,1992-01,2004-12,-5.139740561126903,0.4411494309257742,0.03972756378380082,25.387636076612218,2.946200093017444,-5.18805824031589,8.024731547619048,ok
2005-02,2005-07,2005,7,6,0.234375,1.8672,0.9598035714285714,5.14385,-0.7254285714285714,-3.2766499999999996,True,157,1992-01,2005-01,-5.155038267120091,0.44112780677820645,0.039723674257019614,25.30655392990921,-0.33119498180862433,-5.475044981808624,4.4184214285714285,ok
2005-03,2005-08,2005,8,6,0.6807916666666666,1.159,2.0798065476190475,13.471141666666666,-1.399014880952381,-12.312141666666665,True,158,1992-01,2005-02,-5.14111803162203,0.44113407872486976,0.039724401725411584,25.226465250293636,7.712870494413324,-5.758271172253342,12.072126785714286,ok
2005-04,2005-09,2005,9,6,4.805916666666667,69.9723,6.56254761904762,62.760558333333336,-1.7566309523809531,7.2117416666666685,True,159,1992-01,2005-03,-5.182311805057136,0.44115926895009755,0.0397253616684804,25.14748430646368,56.8032925015087,-5.957265831824635,61.00392738095238,ok
2005-05,2005-10,2005,10,6,13.459041666666666,43.3954,24.563169642857137,131.2277125,-11.10412797619047,-87.8323125,True,160,1992-01,2005-04,-5.100104291949875,0.4410622740398608,0.03969486489639518,25.069478656835607,121.22999627164191,-9.997716228358087,120.12358452380953,ok
2005-06,2005-11,2005,11,6,108.21604166666667,162.476,121.82245535714284,198.02094166666666,-13.606413690476174,-35.54494166666666,True,161,1992-01,2005-05,-5.575142325649815,0.4488383974300295,0.04059228186071162,25.009596669154575,186.3387184254135,-11.682223241253155,184.41452797619047,ok
2005-07,2005-12,2005,12,6,231.703875,270.7065,271.9748095238096,197.75639583333336,-40.270934523809586,72.95010416666665,True,162,1992-01,2005-06,-5.719018563850008,0.4517946149294041,0.04112131843299427,24.958834771955825,173.84318591345155,-23.913209919881808,157.48546130952377,ok
2005-08,2006-01,2006,1,6,332.06579166666666,166.8556,327.59622916666666,280.370264,4.469562499999995,-113.51466400000001,True,163,1992-01,2005-07,-5.176384777444142,0.4148801162048097,0.03476632214797781,25.093783785255635,277.04821183194053,-3.3220521680594857,284.8398265,ok
2005-09,2006-02,2006,2,6,334.010875,230.8724,331.6388958333334,220.470992,2.3719791666666197,10.401408000000004,True,164,1992-01,2005-08,-5.8568729835402795,0.40858173316531166,0.032976432821917756,25.017844321727235,215.58326637540836,-4.8877256245916385,222.84297116666662,ok
2005-10,2006-03,2006,3,6,406.3355833333333,267.8005,377.66556249999996,276.29908,28.670020833333353,-8.498580000000004,True,165,1992-01,2005-09,-5.763466392838344,0.409137856983256,0.033052772456252266,24.94159194102671,282.265604490577,5.966524490577001,304.96910083333336,ok
2005-11,2006-04,2006,4,6,187.98479166666667,429.1988,212.58566964285714,194.53232400000002,-24.600877976190475,234.666476,True,166,1992-01,2005-10,-5.8554640894133545,0.40494645268478524,0.03266275140183361,24.95681186579665,178.7148216411971,-15.817502358802926,169.93144602380954,ok
2005-12,2006-05,2006,5,6,37.87708333333334,133.2095,23.349116071428572,75.642824,14.527967261904767,57.56667599999999,True,167,1992-01,2005-11,-4.428850223688964,0.3485490183076432,0.021882473649615708,24.961828029289123,76.27768250345352,0.6348585034535148,90.17079126190477,ok
2006-01,2006-06,2006,6,6,0.9503750000000001,0.6042,1.0093916666666667,7.830804,-0.059016666666666606,-7.226604,True,168,1992-01,2005-12,-4.0795632207597965,0.35718335790145966,0.022880971790376403,24.90808081210425,3.730161008068052,-4.100642991931948,7.771787333333333,ok
2006-02,2006-07,2006,7,6,1.3504166666666668,1.5265,0.9114416666666667,5.012783999999999,0.4389750000000001,-3.486283999999999,True,169,1992-01,2006-01,-4.0981011848737845,0.35714902151335615,0.022876570784681416,24.834123468329576,1.07146230684504,-3.941321693154959,5.451758999999999,ok
2006-03,2006-08,2006,8,6,4.0957083333333335,12.4889,1.9865388888888889,12.978655999999999,2.1091694444444444,-0.48975599999999986,True,170,1992-01,2006-02,-4.095416003603912,0.3571561616663343,0.02287803082437634,24.76070156059156,9.63654285947778,-3.342113140522219,15.087825444444444,ok
2006-04,2006-09,2006,9,6,8.715583333333333,73.0467,6.445438888888889,63.049028,2.270144444444444,9.997672000000001,True,171,1992-01,2006-03,-4.078630125089506,0.35724630005249436,0.02289132694144691,24.687963306812676,59.781398578273,-3.267629421727001,65.31917244444445,ok
2006-05,2006-10,2006,10,6,38.245416666666664,156.2402,23.82289444444444,127.71441999999999,14.422522222222224,28.525779999999997,True,172,1992-01,2006-04,-4.001003693635541,0.3576834763619361,0.022941705546944746,24.615913859437736,128.87211419271617,1.1576941927161783,142.13694222222222,ok
2006-06,2006-11,2006,11,6,128.358,160.8529,120.91536111111108,196.59914399999997,7.442638888888922,-35.74624399999996,True,173,1992-01,2006-05,-3.838489932925727,0.361757379639459,0.02347803983815422,24.565227384033694,195.45308360912142,-1.1460603908785458,204.0417828888889,ok
2006-07,2006-12,2006,12,6,268.54316666666665,150.7779,269.2900805555556,200.67440000000002,-0.7469138888889688,-49.89650000000003,True,174,1992-01,2006-06,-4.040181999399516,0.35894713263601113,0.023091304624969555,24.4990875456889,196.3661154018578,-4.308284598142222,199.92748611111105,ok
2006-08,2007-01,2007,1,6,329.21999999999997,243.8694,327.8942,276.0043153846154,1.3257999999999583,-32.13491538461537,True,175,1992-01,2006-07,-4.3008020488531375,0.35883223230545397,0.02299505596674367,24.42911305992063,272.17925310935277,-3.82506227526261,277.33011538461534,ok
2006-09,2007-02,2007,2,6,288.1368333333333,391.6001,331.7970277777778,220.87104615384618,-43.66019444444453,170.72905384615382,True,176,1992-01,2006-08,-4.4622824345111445,0.35820073847450534,0.02288591605152057,24.359388531865985,200.76964982739452,-20.101396326451663,177.21085170940165,ok
2006-10,2007-03,2007,3,6,321.9325,144.3091,379.5768972222222,275.9722115384615,-57.64439722222221,-131.66311153846152,True,177,1992-01,2006-09,-3.478713401357617,0.2817509066697365,0.013686928756159511,24.522333260299188,256.2521369553124,-19.72007458314914,218.3278143162393,ok
2006-11,2007-04,2007,4,6,181.82879166666666,203.9629,210.94561111111113,203.5579576923077,-29.116819444444474,0.4049423076922949,True,178,1992-01,2006-10,-4.018142442710359,0.33932487474583095,0.01991825397107394,24.85026721491753,189.65975413861423,-13.898203553693463,174.44113824786322,ok
2006-12,2007-05,2007,5,6,13.860791666666666,59.8926,24.317647222222224,77.85692692307693,-10.456855555555558,-17.964326923076925,True,179,1992-01,2006-11,-3.944333717050629,0.3357548975534372,0.019635676316795636,24.886621728723675,70.40165274023965,-7.455274182837272,67.40007136752136,ok
2007-01,2007-06,2007,6,6,0.6803750000000001,0.6092,1.0057031250000001,7.5528576923076916,-0.3253281250000001,-6.943657692307692,True,180,1992-01,2006-12,-4.001255879746916,0.3365869329036771,0.019741163523484095,24.833398136830333,3.442100616779722,-4.110757075527969,7.227529567307691,ok
2007-02,2007-07,2007,7,6,0.8036249999999999,2.6528,0.9388776041666667,4.878696153846153,-0.13525260416666673,-2.2258961538461532,True,181,1992-01,2007-01,-4.016971419928409,0.33655024292354446,0.019737053733402288,24.76449721130536,0.8162054371294104,-4.062490716716743,4.743443549679487,ok
2007-03,2007-08,2007,8,6,1.9865000000000002,1.474,2.118361979166667,12.959819230769229,-0.13186197916666687,-11.485819230769229,True,182,1992-01,2007-02,-4.006833591564713,0.33657705725317655,0.019740487638764015,24.696082573299563,8.90860392229302,-4.051215308476209,12.827957251602562,ok
2007-04,2007-09,2007,9,6,6.696000000000001,24.48,6.5873229166666665,63.43355384615385,0.10867708333333415,-38.95355384615385,True,183,1992-01,2007-03,-4.047647091331906,0.3364688793837928,0.019726783516812563,24.628230455878434,59.42247321126581,-4.011080634888039,63.54223092948718,ok
2007-05,2007-10,2007,10,6,15.523416666666668,90.3212,24.724302083333335,128.8115653846154,-9.200885416666667,-38.49036538461539,True,184,1992-01,2007-04,-4.238552936170211,0.33588716183852496,0.01962277880587593,24.56084112406836,121.48255315943955,-7.329012225175845,119.61067996794873,ok
2007-06,2007-11,2007,11,6,94.75920833333333,140.1645,121.38052604166666,195.22428846153844,-26.621317708333322,-55.05978846153843,True,185,1992-01,2007-05,-4.403279121782322,0.33799549990548833,0.019844534659851476,24.506953307488292,181.82312375278516,-13.40116470875327,168.6029707532051,ok
2007-07,2007-12,2007,12,6,273.74370833333336,154.6319,269.2433984375,198.75530384615388,4.500309895833368,-44.12340384615388,True,186,1992-01,2007-06,-4.609596469427939,0.3473113409545346,0.02098801079623258,24.529260664660946,195.7087160413588,-3.046587804795081,203.25561374198725,ok
2007-08,2008-01,2008,1,6,329.175375,277.9576,327.9770625,274.81413333333336,1.198312499999986,3.1434666666666544,True,187,1992-01,2007-07,-4.833654360440166,0.34494906975690975,0.02066226932805626,24.46353420728596,270.39383575504627,-4.420297578287091,276.01244583333335,ok
2007-09,2008-02,2008,2,6,366.04733333333337,227.3554,329.068265625,227.19434444444445,36.97906770833339,0.1610555555555493,True,188,1992-01,2007-08,-4.79303779955034,0.3451571268679173,0.020686543123872303,24.397671540735605,235.16489540935663,7.970550964912178,264.1734121527778,ok
2007-10,2008-03,2008,3,6,395.13100000000003,291.7903,375.9741223958334,271.0958,19.156877604166652,20.694500000000005,True,189,1992-01,2007-09,-4.838766935602196,0.3424672634381897,0.02064038634762355,24.4668073843501,272.8176365135171,1.7218365135170757,290.25267760416665,ok
2007-11,2008-04,2008,4,6,212.12270833333332,198.2004,209.12580989583333,203.57295555555558,2.9968984374999934,-5.372555555555579,True,190,1992-01,2007-10,-4.733576598176921,0.3459543973764376,0.02112122424694196,24.43499220003308,199.87616915032237,-3.696786405233212,206.56985399305557,ok
2007-12,2008-05,2008,5,6,20.757541666666665,156.4351,23.66409375,77.19158148148148,-2.9065520833333345,79.24351851851853,True,191,1992-01,2007-11,-4.742451206912867,0.34588736598294617,0.021116863360305604,24.370669450831873,71.4437906303722,-5.747790851109272,74.28502939814814,ok
2008-01,2008-06,2008,6,6,0.82075,1.2231,0.9865661764705884,7.295685185185184,-0.16581617647058844,-6.072585185185185,True,192,1992-01,2007-12,-4.301379963297494,0.3448354611306716,0.020757759765564154,24.308730972753263,2.93712592421153,-4.358559260973655,7.1298690087145955,ok
2008-02,2008-07,2008,7,6,2.9127499999999995,1.8809,0.930921568627451,4.796255555555555,1.9818284313725485,-2.915355555555555,True,193,1992-01,2008-01,-4.310291669756768,0.34481505140725643,0.020755585708688407,24.245484771651967,1.169328158242875,-3.62692739731268,6.778083986928103,ok
2008-03,2008-08,2008,8,6,4.0065,10.0751,2.110605392156863,12.534418518518518,1.895894607843137,-2.4593185185185167,True,194,1992-01,2008-02,-4.306591131845142,0.34483698343070873,0.020760340725102466,24.182453897447527,8.881601964144549,-3.6528165543739686,14.430313126361654,ok
2008-04,2008-09,2008,9,6,11.415541666666668,35.7506,6.59371568627451,61.99082962962963,4.821825980392158,-26.24022962962963,True,195,1992-01,2008-03,-4.3004181342881225,0.3448726708104528,0.020766560887641394,24.119912488675826,59.35332749938258,-2.63750213024705,66.81265561002179,ok
2008-05,2008-10,2008,10,6,28.926708333333334,71.4708,24.183073529411764,127.38599629629628,4.743634803921569,-55.91519629629629,True,196,1992-01,2008-04,-4.422727847180524,0.343560772459945,0.020601480411707285,24.059038689418927,124.59299528661893,-2.7930010096773543,132.12963110021786,ok
2008-06,2008-11,2008,11,6,128.16366666666667,228.8043,119.81456617647058,193.185037037037,8.349100490196093,35.619262962963006,True,197,1992-01,2008-05,-4.696465344354076,0.34066076519832295,0.02018107247667933,23.998618435172297,191.33278265439083,-1.85225438264618,201.5341375272331,ok
2008-07,2008-12,2008,12,6,244.00229166666668,198.2564,269.5081225490196,197.12110370370374,-25.50583088235294,1.135296296296275,True,198,1992-01,2008-06,-4.502834314545828,0.3438863202560411,0.020529872132001747,23.942628237152515,183.84716306195267,-13.273940641751068,171.6152728213508,ok
2008-08,2009-01,2009,1,6,311.6765,176.1671,328.0475514705882,274.9264,-16.371051470588213,-98.7593,True,199,1992-01,2008-07,-4.434944974697053,0.3408320754512789,0.020269413688773996,23.95819703698225,264.9116755752627,-10.014724424737324,258.5553485294118,ok
2008-09,2009-02,2009,2,6,326.72316666666666,173.2144,331.24350490196076,227.20009642857144,-4.520338235294105,-53.98569642857143,True,200,1992-01,2008-08,-4.86067556776698,0.35241011959789015,0.021423261475547628,23.931252778753176,220.74640792268156,-6.453688505889886,222.67975819327734,ok
2008-10,2009-03,2009,3,6,381.47108333333335,237.6584,377.10099754901967,271.83488928571427,4.370085784313687,-34.17648928571427,True,201,1992-01,2008-09,-5.095215481960801,0.35364532403231785,0.0214986941170614,23.875009688585475,268.28513420699613,-3.5497550787181353,276.20497507002796,ok
2008-11,2009-04,2009,4,6,203.34245833333333,291.4855,209.30209803921568,203.3810785714286,-5.959639705882353,88.10442142857141,True,202,1992-01,2008-10,-5.249285149859011,0.3520523406245382,0.02128594718027854,23.816142618488925,196.03368831383474,-7.347390257593844,197.42143886554624,ok
2008-12,2009-05,2009,5,6,20.668333333333333,287.1656,23.493120098039213,80.02170714285715,-2.8247867647058804,207.14389285714282,True,203,1992-01,2008-11,-4.784847097249258,0.34835764138306363,0.020572260493761263,23.762779000513042,74.25282399084486,-5.768883152012293,77.19692037815128,ok
2009-01,2009-06,2009,6,6,1.2959166666666666,15.2435,0.9773541666666669,7.0788071428571415,0.31856249999999975,8.164692857142857,True,204,1992-01,2008-12,-3.7448496759366225,0.34600161953118835,0.019020496582176527,23.70596016742485,3.444180607842423,-3.6346265350147187,7.397369642857141,ok
2009-02,2009-07,2009,7,6,1.8749166666666668,2.7198,1.041023148148148,4.692135714285714,0.8338935185185188,-1.9723357142857134,True,205,1992-01,2009-01,-3.6869884057597204,0.346196478139635,0.019038412337188726,23.64772247069199,1.2938383077805728,-3.398297406505141,5.526029232804232,ok
2009-03,2009-08,2009,8,6,5.178166666666667,15.226,2.215932870370371,12.446585714285714,2.962233796296296,2.779414285714287,True,206,1992-01,2009-02,-3.6800200701047343,0.3462263462548514,0.019042517068698528,23.589807032634926,9.792169028225283,-2.654416686060431,15.40881951058201,ok
2009-04,2009-09,2009,9,6,14.536833333333334,49.6335,6.861594907407407,61.05367857142858,7.675238425925927,-11.420178571428579,True,207,1992-01,2009-03,-3.653442621244786,0.3464408476457624,0.019068215841057445,23.53246911275871,60.059252056344896,-0.9944265150836813,68.7289169973545,ok
2009-05,2009-10,2009,10,6,35.366125000000004,145.1622,24.4466087962963,125.38902499999999,10.919516203703704,19.773175000000023,True,208,1992-01,2009-04,-3.704808824478888,0.34560167712943674,0.018988629581837446,23.47924108534493,125.45801928896316,0.06899428896316806,136.3085412037037,ok
2009-06,2009-11,2009,11,6,135.064875,129.9771,120.27840509259259,194.45715357142853,14.786469907407408,-64.48005357142853,True,209,1992-01,2009-05,-3.6074964840576977,0.3477365067951042,0.019234409485509807,23.43168998684111,195.99145248080362,1.5342989093750816,209.24362347883596,ok
2009-07,2009-12,2009,12,6,316.0400416666667,238.1976,268.09113194444444,197.16165000000004,47.948909722222254,41.03594999999996,True,210,1992-01,2009-06,-3.934386354825934,0.3384092277892472,0.018166172306481876,23.393690710045686,209.45361715760765,12.291967157607615,245.1105597222223,ok
2009-08,2010-01,2010,1,6,341.45133333333337,206.4191,327.13804861111106,271.5209068965517,14.313284722222306,-65.10180689655172,True,211,1992-01,2009-07,-3.7847280281375317,0.3505050277230854,0.01984418963866108,23.558376338746797,272.7530571267851,1.232150230233401,285.834191618774,ok
2009-09,2010-02,2010,2,6,258.541875,189.3031,330.992375,225.33852068965518,-72.45049999999998,-36.03542068965518,True,212,1992-01,2009-08,-4.106668791382041,0.341788262809607,0.01881147109997583,23.520074945986906,196.4691213635857,-28.86939932606947,152.8880206896552,ok
2009-10,2010-03,2010,3,6,317.22295833333334,170.6808,377.3437800925927,270.6563896551724,-60.12082175925934,-99.9755896551724,True,213,1992-01,2009-09,-4.1345753807893555,0.3459668004393906,0.02008424709619072,24.001257601284433,245.72200593054524,-24.934383724627168,210.53556789591306,ok
2009-11,2010-04,2010,4,6,170.61845833333334,179.409,208.97100694444444,206.41916206896553,-38.352548611111104,-27.010162068965542,True,214,1992-01,2009-10,-4.427557744353697,0.38097758300337614,0.024733013325477393,24.31266774407523,187.38014305273126,-19.039019016234278,168.06661345785443,ok
2009-12,2010-05,2010,5,6,21.248666666666665,36.5434,23.3361875,87.16460000000001,-2.087520833333336,-50.62120000000001,True,215,1992-01,2009-11,-4.460452869981944,0.38327661053739503,0.025283765823056803,24.40922488996441,81.90404922059186,-5.260550779408149,85.07707916666666,ok
2010-01,2010-06,2010,6,6,1.14475,8.1085,0.9941206140350879,7.3603482758620675,0.15062938596491204,0.7481517241379319,True,216,1992-01,2009-12,-4.670281183075138,0.38337262769111125,0.025225931213271324,24.35348511344459,2.747814276291796,-4.612533999570271,7.5109776618269795,ok
2010-02,2010-07,2010,7,6,0.5357083333333333,1.8517,1.0849122807017544,4.624124137931034,-0.549203947368421,-2.7724241379310337,True,217,1992-01,2010-01,-4.645427335997581,0.38345561136767864,0.025236349568279137,24.296939959458655,-0.23189853347024708,-4.856022671401281,4.0749201905626125,ok
2010-03,2010-08,2010,8,6,0.6585,1.1641,2.371839912280702,12.542427586206896,-1.713339912280702,-11.378327586206897,True,218,1992-01,2010-02,-4.6358322852523886,0.3834762590684561,0.025239158499928305,24.24105555087925,7.249570120880428,-5.292857465326469,10.829087673926194,ok
2010-04,2010-09,2010,9,6,2.0734999999999997,2.3148,7.265554824561404,60.65987931034483,-5.192054824561405,-58.34507931034483,True,219,1992-01,2010-03,-4.663627686870989,0.3834718985677765,0.025237340103202555,24.186205909612102,54.005244502431296,-6.654634807913531,55.467824485783424,ok
2010-05,2010-10,2010,10,6,22.788666666666668,136.1532,25.0213201754386,126.07085862068966,-2.232653508771932,10.082341379310336,True,220,1992-01,2010-04,-4.896080532910901,0.3848479399805873,0.025325176382066106,24.135198749975753,120.31554598423746,-5.755312636452203,123.83820511191773,ok
2010-06,2010-11,2010,11,6,126.42479166666668,142.1422,121.0566403508772,192.23370344827583,5.368151315789476,-50.09150344827583,True,221,1992-01,2010-05,-4.824510585416261,0.3847965254421208,0.025310084576040004,24.081460883592477,189.47483883722293,-2.7588646110529,197.6018547640653,ok
2010-07,2010-12,2010,12,6,302.69266666666664,168.2896,270.61475877192987,198.57668275862073,32.07790789473677,-30.287082758620727,True,222,1992-01,2010-06,-5.042502517133165,0.3821235993048048,0.024903383139934565,24.02771041896148,205.7919058643924,7.215223105771656,230.6545906533575,ok
2010-08,2011-01,2011,1,6,307.36879166666665,274.405,327.89137938596485,269.35084666666665,-20.5225877192982,5.054153333333318,True,223,1992-01,2010-07,-5.2268608456969625,0.3722364094507631,0.023824984700972274,24.059158988393747,256.4847314556998,-12.866115210966882,248.82825894736845,ok
2010-09,2011-02,2011,2,6,344.39325,316.7195,327.17919078947364,224.13734000000002,17.214059210526386,92.58215999999996,True,224,1992-01,2010-08,-5.151382437899974,0.3696090700219587,0.02355132751410638,24.05074438688398,225.34842997820564,1.2110899782056208,241.3513992105264,ok
2010-10,2011-03,2011,3,6,390.153625,240.0053,374.1795263157896,267.32387,15.97409868421039,-27.318569999999994,True,225,1992-01,2010-09,-4.723358082839597,0.38300370169645426,0.025035417471041432,24.018978903118946,268.71865084447745,1.3947808444774523,283.2979686842104,ok
2010-11,2011-04,2011,4,6,217.19870833333334,220.1464,206.95245175438598,205.51882333333333,10.246256578947367,14.62757666666667,True,226,1992-01,2010-10,-4.856498529068218,0.3790980855688116,0.02457066103843586,23.984318114053206,204.5466610575909,-0.97216227574242,215.7650799122807,ok
2010-12,2011-05,2011,5,6,16.527916666666666,102.807,23.22631798245614,85.47722666666667,-6.698401315789475,17.329773333333335,True,227,1992-01,2010-11,-4.785635449833083,0.3805189717725707,0.024768657992717213,23.937948213049292,78.14272243562934,-7.334504231037329,78.77882535087718,ok
