init_date,target_month,target_ano,target_mes,lead,forecast_raw,observacao,climatologia_modelo_raw,climatologia_observada,anom_modelo_raw,anom_observada,par_anomalia_valido,n_treino_mos,alpha,beta,r2_treino,condicao_numerica,forecast_mos,benchmark_anomalia_reconstruida,status_mos
1991-01,1991-01,1991,1,1,265.58566666666667,342.9423,,292.25213999999994,,50.69016000000005,False,228,,,,,,,anomalia_indisponivel_para_linha_avaliada
1991-02,1991-02,1991,2,1,216.55870833333333,178.9798,,222.77965000000003,,-43.79985000000002,False,228,,,,,,,anomalia_indisponivel_para_linha_avaliada
1991-03,1991-03,1991,3,1,265.7865,354.0018,,294.42467999999997,,59.577120000000036,False,228,,,,,,,anomalia_indisponivel_para_linha_avaliada
1991-04,1991-04,1991,4,1,155.01250000000002,214.6288,,206.46041999999997,,8.168380000000042,False,228,,,,,,,anomalia_indisponivel_para_linha_avaliada
1991-05,1991-05,1991,5,1,43.635625000000005,128.0413,,48.429050000000004,,79.61225,False,228,,,,,,,anomalia_indisponivel_para_linha_avaliada
1991-06,1991-06,1991,6,1,0.6586666666666666,0.7033,,9.38869,,-8.68539,False,228,,,,,,,anomalia_indisponivel_para_linha_avaliada
1991-07,1991-07,1991,7,1,0.2567083333333333,1.9531,,6.404940000000001,,-4.451840000000001,False,228,,,,,,,anomalia_indisponivel_para_linha_avaliada
1991-08,1991-08,1991,8,1,0.11166666666666668,1.2135,,16.050330000000002,,-14.836830000000003,False,228,,,,,,,anomalia_indisponivel_para_linha_avaliada
1991-09,1991-09,1991,9,1,6.663625,73.9762,,73.19717999999999,,0.7790200000000169,False,228,,,,,,,anomalia_indisponivel_para_linha_avaliada
1991-10,1991-10,1991,10,1,20.300083333333333,58.2752,,169.18448999999998,,-110.90928999999998,False,228,,,,,,,anomalia_indisponivel_para_linha_avaliada
1991-11,1991-11,1991,11,1,53.81645833333334,141.8015,,204.26054000000002,,-62.459040000000016,False,228,,,,,,,anomalia_indisponivel_para_linha_avaliada
1991-12,1991-12,1991,12,1,148.16016666666667,139.2974,,206.55659999999997,,-67.25919999999996,False,228,,,,,,,anomalia_indisponivel_para_linha_avaliada
1992-01,1992-01,1992,1,1,125.17066666666666,307.6078,265.58566666666667,296.8603363636363,-140.41500000000002,10.747463636363705,True,216,-8.180520629433003,0.6496796127147725,0.17652207208267834,37.83488295162914,197.45505291485853,156.44533636363627,ok
1992-02,1992-02,1992,2,1,261.95004166666666,144.7331,216.55870833333333,218.7978454545455,45.391333333333336,-74.06474545454549,True,216,-8.180520629433003,0.6496796127147725,0.17652207208267834,37.83488295162914,240.10714868571964,264.18917878787886,ok
1992-03,1992-03,1992,3,1,197.81091666666669,155.372,265.7865,299.8407818181818,-67.9755833333333,-144.4687818181818,True,216,-8.180520629433003,0.6496796127147725,0.17652207208267834,37.83488295162914,247.49791053468812,231.86519848484852,ok
1992-04,1992-04,1992,4,1,127.02945833333332,102.9542,155.01250000000002,207.20299999999997,-27.983041666666693,-104.24879999999997,True,216,-8.180520629433003,0.6496796127147725,0.17652207208267834,37.83488295162914,180.84246769798563,179.2199583333333,ok
1992-05,1992-05,1992,5,1,19.585791666666665,24.3743,43.635625000000005,55.66652727272728,-24.04983333333334,-31.292227272727278,True,216,-8.180520629433003,0.6496796127147725,0.17652207208267834,37.83488295162914,31.861320237439443,31.61669393939394,ok
1992-06,1992-06,1992,6,1,1.2634999999999998,1.0095,0.6586666666666666,8.599109090909092,0.6048333333333332,-7.589609090909092,True,216,-8.180520629433003,0.6496796127147725,0.17652207208267834,37.83488295162914,0.8115363472330739,9.203942424242426,ok
1992-07,1992-07,1992,7,1,0.6807916666666666,2.0289,0.2567083333333333,6.000227272727273,0.42408333333333326,-3.9713272727272733,True,216,-8.180520629433003,0.6496796127147725,0.17652207208267834,37.83488295162914,-1.9047750609469398,6.424310606060606,ok
1992-08,1992-08,1992,8,1,0.10049999999999999,13.0445,0.11166666666666668,14.701527272727276,-0.011166666666666686,-1.6570272727272766,True,216,-8.180520629433003,0.6496796127147725,0.17652207208267834,37.83488295162914,6.513751887618958,14.69036060606061,ok
1992-09,1992-09,1992,9,1,2.095125,135.5711,6.663625,73.26799999999999,-4.5685,62.303100000000015,True,216,-8.180520629433003,0.6496796127147725,0.17652207208267834,37.83488295162914,62.11941805987954,68.69949999999999,ok
1992-10,1992-10,1992,10,1,16.572666666666667,62.0723,20.300083333333333,159.10182727272726,-3.7274166666666666,-97.02952727272726,True,216,-8.180520629433003,0.6496796127147725,0.17652207208267834,37.83488295162914,148.49968002686768,155.3744106060606,ok
1992-11,1992-11,1992,11,1,58.92483333333333,214.2915,53.81645833333334,198.58244545454545,5.108374999999995,15.709054545454563,True,216,-8.180520629433003,0.6496796127147725,0.17652207208267834,37.83488295162914,193.72073191671427,203.69082045454545,ok
1992-12,1992-12,1992,12,1,138.54025,239.5717,148.16016666666667,200.44212727272725,-9.619916666666683,39.129572727272745,True,216,-8.180520629433003,0.6496796127147725,0.17652207208267834,37.83488295162914,186.01174290894585,190.82221060606057,ok
1993-01,1993-01,1993,1,1,199.68595833333333,121.8043,195.37816666666666,297.75595833333324,4.307791666666674,-175.95165833333323,True,216,-8.410123744753225,0.618523210693848,0.17287025597757044,38.75233540799446,292.0103037212469,302.0637499999999,ok
1993-02,1993-02,1993,2,1,209.492625,307.8407,239.25437499999998,212.62578333333337,-29.761749999999978,95.21491666666665,True,216,-8.410123744753225,0.618523210693848,0.17287025597757044,38.75233540799446,185.80732642271252,182.8640333333334,ok
1993-03,1993-03,1993,3,1,168.40445833333334,153.1779,231.79870833333334,287.80171666666666,-63.39425,-134.62381666666667,True,216,-8.410123744753225,0.618523210693848,0.17287025597757044,38.75233540799446,240.180777872385,224.40746666666666,ok
1993-04,1993-04,1993,4,1,129.97799999999998,250.0943,141.02097916666668,198.51559999999998,-11.042979166666697,51.578700000000026,True,216,-8.410123744753225,0.618523210693848,0.17287025597757044,38.75233540799446,183.27513732545478,187.47262083333328,ok
1993-05,1993-05,1993,5,1,36.27,95.5974,31.610708333333335,53.058841666666666,4.659291666666668,42.53855833333333,True,216,-8.410123744753225,0.618523210693848,0.17287025597757044,38.75233540799446,47.5305979631392,57.718133333333334,ok
1993-06,1993-06,1993,6,1,1.7926250000000001,0.586,0.9610833333333333,7.966641666666668,0.8315416666666668,-7.380641666666667,True,216,-8.410123744753225,0.618523210693848,0.17287025597757044,38.75233540799446,0.07084574340582317,8.798183333333334,ok
1993-07,1993-07,1993,7,1,0.6138333333333333,1.8793,0.46874999999999994,5.669283333333335,0.1450833333333334,-3.7899833333333355,True,216,-8.410123744753225,0.618523210693848,0.17287025597757044,38.75233540799446,-2.6511030022683904,5.814366666666668,ok
1993-08,1993-08,1993,8,1,0.5469166666666666,40.5665,0.10608333333333334,14.56344166666667,0.4408333333333333,26.00305833333333,True,216,-8.410123744753225,0.618523210693848,0.17287025597757044,38.75233540799446,6.42598357062765,15.004275000000003,ok
1993-09,1993-09,1993,9,1,4.460416666666666,56.4376,4.379375,78.45992499999998,0.08104166666666668,-22.02232499999998,True,216,-8.410123744753225,0.618523210693848,0.17287025597757044,38.75233540799446,70.09992740711341,78.54096666666665,ok
1993-10,1993-10,1993,10,1,30.846208333333333,126.1723,18.436374999999998,151.01603333333333,12.409833333333335,-24.84373333333332,True,216,-8.410123744753225,0.618523210693848,0.17287025597757044,38.75233540799446,150.28167954608895,163.42586666666665,ok
1993-11,1993-11,1993,11,1,79.49875,225.9903,56.370645833333334,199.8915333333333,23.128104166666667,26.098766666666677,True,216,-8.410123744753225,0.618523210693848,0.17287025597757044,38.75233540799446,205.7866788350085,223.0196375,ok
1993-12,1993-12,1993,12,1,218.47929166666665,216.8044,143.35020833333334,203.70292499999996,75.12908333333331,13.101475000000022,True,216,-8.410123744753225,0.618523210693848,0.17287025597757044,38.75233540799446,241.7618830950657,278.8320083333333,ok
1994-01,1994-01,1994,1,1,241.79262500000002,330.218,196.81409722222222,284.2212153846153,44.9785277777778,45.99678461538474,True,216,-8.981477110684045,0.618739364016538,0.16468587891040398,38.98462062229577,303.0697239455536,329.1997431623931,ok
1994-02,1994-02,1994,2,1,224.97554166666666,306.4669,229.33379166666666,219.95000769230774,-4.358249999999998,86.51689230769227,True,216,-8.981477110684045,0.618739364016538,0.16468587891040398,38.98462062229577,208.27190974839863,215.59175769230774,ok
1994-03,1994-03,1994,3,1,257.104125,311.1998,210.66729166666667,277.4460384615385,46.43683333333334,33.753761538461504,True,216,-8.981477110684045,0.618739364016538,0.16468587891040398,38.98462062229577,297.1968580744631,323.8828717948718,ok
1994-04,1994-04,1994,4,1,180.83525,176.4476,137.3399861111111,202.48319230769232,43.4952638888889,-26.035592307692326,True,216,-8.981477110684045,0.618739364016538,0.16468587891040398,38.98462062229577,220.4139471133509,245.97845619658122,ok
1994-05,1994-05,1994,5,1,18.05695833333333,50.2617,33.16380555555556,56.33103846153846,-15.106847222222232,-6.0693384615384645,True,216,-8.981477110684045,0.618739364016538,0.16468587891040398,38.98462062229577,38.00236030828163,41.22419123931623,ok
1994-06,1994-06,1994,6,1,2.592041666666667,40.3001,1.2382638888888888,7.398900000000001,1.353777777777778,32.9012,True,216,-8.981477110684045,0.618739364016538,0.16468587891040398,38.98462062229577,-0.7449415094420995,8.752677777777778,ok
1994-07,1994-07,1994,7,1,0.17858333333333332,1.843,0.5171111111111111,5.3777461538461555,-0.33852777777777776,-3.5347461538461555,True,216,-8.981477110684045,0.618739364016538,0.16468587891040398,38.98462062229577,-3.8131914187620435,5.039218376068378,ok
1994-08,1994-08,1994,8,1,1.4954999999999998,6.3765,0.2530277777777778,16.563676923076926,1.242472222222222,-10.187176923076926,True,216,-8.981477110684045,0.618739364016538,0.16468587891040398,38.98462062229577,8.350966284978874,17.80614914529915,ok
1994-09,1994-09,1994,9,1,4.914,57.4679,4.4063888888888885,76.76589999999999,0.5076111111111112,-19.297999999999988,True,216,-8.981477110684045,0.618739364016538,0.16468587891040398,38.98462062229577,68.09850186537257,77.2735111111111,ok
1994-10,1994-10,1994,10,1,12.030458333333334,114.0829,22.57298611111111,149.10497692307692,-10.542527777777776,-35.02207692307692,True,216,-8.981477110684045,0.618739364016538,0.16468587891040398,38.98462062229577,133.60042288004396,138.56244914529915,ok
1994-11,1994-11,1994,11,1,58.935583333333334,151.223,64.0800138888889,201.89913076923074,-5.144430555555566,-50.676130769230724,True,216,-8.981477110684045,0.618739364016538,0.16468587891040398,38.98462062229577,189.734591968375,196.75470021367516,ok
1994-12,1994-12,1994,12,1,139.93525,200.9509,168.39323611111112,204.71073076923074,-28.457986111111126,-3.7598307692307458,True,216,-8.981477110684045,0.618739364016538,0.16468587891040398,38.98462062229577,178.12117743096633,176.2527446581196,ok
1995-01,1995-01,1995,1,1,291.610875,156.6185,208.05872916666667,287.5066999999999,83.55214583333336,-130.8881999999999,True,216,-8.03397997716311,0.6460577336550458,0.184673713608153,38.65780224290226,333.4522300019361,371.0588458333333,ok
1995-02,1995-02,1995,2,1,278.73224999999996,232.7107,228.24422916666666,226.12978571428576,50.48802083333331,6.580914285714243,True,216,-8.03397997716311,0.6460577336550458,0.184673713608153,38.65780224290226,250.7139820534347,276.61780654761907,ok
1995-03,1995-03,1995,3,1,211.39283333333333,218.3206,222.2765,279.8570214285714,-10.88366666666667,-61.53642142857137,True,216,-8.03397997716311,0.6460577336550458,0.184673713608153,38.65780224290226,264.79156443088465,268.9733547619047,ok
1995-04,1995-04,1995,4,1,194.51874999999998,255.6784,148.21380208333332,200.62350714285714,46.30494791666666,55.054892857142875,True,216,-8.03397997716311,0.6460577336550458,0.184673713608153,38.65780224290226,222.50519687375063,246.9284550595238,ok
1995-05,1995-05,1995,5,1,51.57033333333333,188.1476,29.387093750000002,55.89751428571429,22.18323958333333,132.25008571428572,True,216,-8.03397997716311,0.6460577336550458,0.184673713608153,38.65780224290226,62.195187798886415,78.08075386904761,ok
1995-06,1995-06,1995,6,1,1.4255416666666667,0.5023,1.5767083333333334,9.748985714285714,-0.15116666666666667,-9.246685714285714,True,216,-8.03397997716311,0.6460577336550458,0.184673713608153,38.65780224290226,1.6173433430517499,9.597819047619048,ok
1995-07,1995-07,1995,7,1,0.29025,1.9521,0.43247916666666664,5.125264285714287,-0.14222916666666663,-3.1731642857142877,True,216,-8.03397997716311,0.6460577336550458,0.184673713608153,38.65780224290226,-3.000603944525135,4.983035119047621,ok
1995-08,1995-08,1995,8,1,0.08933333333333333,1.2264,0.5636458333333333,15.83602142857143,-0.47431249999999997,-14.60962142857143,True,216,-8.03397997716311,0.6460577336550458,0.184673713608153,38.65780224290226,7.4956081926140605,15.36170892857143,ok
1995-09,1995-09,1995,9,1,0.853125,24.8694,4.533291666666667,75.38747142857142,-3.680166666666667,-50.51807142857142,True,216,-8.03397997716311,0.6460577336550458,0.184673713608153,38.65780224290226,64.9758913152688,71.70730476190475,ok
1995-10,1995-10,1995,10,1,10.445791666666667,82.7379,19.937354166666665,146.6034,-9.491562499999999,-63.8655,True,216,-8.03397997716311,0.6460577336550458,0.184673713608153,38.65780224290226,132.43732266524165,137.1118375,ok
1995-11,1995-11,1995,11,1,59.34591666666666,247.2129,62.793906250000006,198.2794071428571,-3.447989583333346,48.93349285714288,True,216,-8.03397997716311,0.6460577336550458,0.184673713608153,38.65780224290226,188.01782682981946,194.83141755952377,ok
1995-12,1995-12,1995,12,1,164.48716666666667,191.1246,161.27873958333333,204.44217142857138,3.2084270833333335,-13.317571428571398,True,216,-8.03397997716311,0.6460577336550458,0.184673713608153,38.65780224290226,198.48102058146407,207.65059851190472,ok
1996-01,1996-01,1996,1,1,215.5665,224.1528,224.76915833333334,278.7808199999999,-9.202658333333346,-54.62801999999988,True,216,-9.173045939789764,0.619039705526304,0.16014681401132524,38.23781345254947,263.9109631554843,269.5781616666666,ok
1996-02,1996-02,1996,2,1,138.935625,225.4247,238.3418333333333,226.56851333333336,-99.40620833333332,-1.1438133333333553,True,216,-9.173045939789764,0.619039705526304,0.16014681401132524,38.23781345254947,155.8590774593905,127.16230500000003,ok
1996-03,1996-03,1996,3,1,237.12770833333335,302.7974,220.09976666666665,275.75459333333333,17.027941666666692,27.04280666666665,True,216,-9.173045939789764,0.619039705526304,0.16014681401132524,38.23781345254947,277.122519388596,292.78253500000005,ok
1996-04,1996-04,1996,4,1,198.9682916666667,321.9434,157.47479166666665,204.29383333333334,41.49350000000004,117.64956666666666,True,216,-9.173045939789764,0.619039705526304,0.16014681401132524,38.23781345254947,220.8069114147993,245.78733333333338,ok
1996-05,1996-05,1996,5,1,25.82420833333333,98.9982,33.82374166666666,64.71418666666666,-7.999533333333332,34.284013333333334,True,216,-9.173045939789764,0.619039705526304,0.16014681401132524,38.23781345254947,50.58911196786238,56.71465333333333,ok
1996-06,1996-06,1996,6,1,2.386833333333333,0.4652,1.546475,9.13254,0.8403583333333331,-8.667340000000001,True,216,-9.173045939789764,0.619039705526304,0.16014681401132524,38.23781345254947,0.47970923541347843,9.972898333333333,ok
1996-07,1996-07,1996,7,1,0.10049999999999999,1.9521,0.4040333333333333,4.913720000000001,-0.3035333333333333,-2.9616200000000017,True,216,-9.173045939789764,0.619039705526304,0.16014681401132524,38.23781345254947,-4.447225125073847,4.610186666666668,ok
1996-08,1996-08,1996,8,1,0.42412500000000003,1.4883,0.4687833333333333,14.862046666666668,-0.044658333333333244,-13.373746666666667,True,216,-9.173045939789764,0.619039705526304,0.16014681401132524,38.23781345254947,5.661355445360941,14.817388333333335,ok
1996-09,1996-09,1996,9,1,2.4407916666666667,9.7369,3.797258333333333,72.0196,-1.3564666666666665,-62.2827,True,216,-9.173045939789764,0.619039705526304,0.16014681401132524,38.23781345254947,62.00684733432065,70.66313333333333,ok
1996-10,1996-10,1996,10,1,26.929125,145.0933,18.039041666666666,142.3457,8.890083333333333,2.7476000000000056,True,216,-9.173045939789764,0.619039705526304,0.16014681401132524,38.23781345254947,138.6759686289812,151.23578333333333,ok
1996-11,1996-11,1996,11,1,105.80754166666667,222.7092,62.104308333333336,201.54163999999997,43.70323333333333,21.167560000000037,True,216,-9.173045939789764,0.619039705526304,0.16014681401132524,38.23781345254947,219.42263075342422,245.24487333333332,ok
1996-12,1996-12,1996,12,1,81.79158333333334,130.1745,161.920425,203.55433333333332,-80.12884166666666,-73.37983333333332,True,216,-9.173045939789764,0.619039705526304,0.16014681401132524,38.23781345254947,144.77835284404637,123.42549166666666,ok
1997-01,1997-01,1997,1,1,199.563125,403.2083,223.2353819444444,275.36656875,-23.6722569444444,127.84173125000001,True,216,-9.635502373185027,0.5905096445267067,0.1574446617806572,38.445376099336855,251.75237034340623,251.6943118055556,ok
1997-02,1997-02,1997,2,1,127.88487500000001,180.4594,221.77413194444443,226.497025,-93.88925694444443,-46.03762500000002,True,216,-9.635502373185027,0.5905096445267067,0.1574446617806572,38.445376099336855,161.41901088367447,132.6077680555556,ok
1997-03,1997-03,1997,3,1,305.4157083333333,452.1152,222.93775694444446,277.44476875,82.47795138888887,174.67043125000004,True,216,-9.635502373185027,0.5905096445267067,0.1574446617806572,38.445376099336855,316.5132921327587,359.92272013888885,ok
1997-04,1997-04,1997,4,1,179.67970833333334,290.1342,164.39037499999998,211.64693125,15.28933333333336,78.48726875000003,True,216,-9.635502373185027,0.5905096445267067,0.1574446617806572,38.445376099336855,211.03992766853196,226.93626458333335,ok
1997-05,1997-05,1997,5,1,26.371083333333335,68.9381,32.49048611111111,66.8569375,-6.1194027777777755,2.081162500000005,True,216,-9.635502373185027,0.5905096445267067,0.1574446617806572,38.445376099336855,53.607868767793676,60.73753472222222,ok
1997-06,1997-06,1997,6,1,2.4947916666666665,0.6576,1.6865347222222222,8.59083125,0.8082569444444443,-7.93323125,True,216,-9.635502373185027,0.5905096445267067,0.1574446617806572,38.445376099336855,-0.5673876022348949,9.399088194444445,ok
1997-07,1997-07,1997,7,1,0.145125,1.9683,0.3534444444444444,4.72861875,-0.2083194444444444,-2.7603187499999997,True,216,-9.635502373185027,0.5905096445267067,0.1574446617806572,38.445376099336855,-5.0298982642719166,4.520299305555556,ok
1997-08,1997-08,1997,8,1,1.1049166666666665,1.2265,0.46134027777777775,14.026187499999999,0.6435763888888888,-12.7996875,True,216,-9.635502373185027,0.5905096445267067,0.1574446617806572,38.445376099336855,4.7707231914435315,14.669763888888887,ok
1997-09,1997-09,1997,9,1,4.298416666666667,47.0877,3.5711805555555554,68.12693125,0.7272361111111119,-21.03923125,True,216,-9.635502373185027,0.5905096445267067,0.1574446617806572,38.445376099336855,58.92086881427418,68.85416736111111,ok
1997-10,1997-10,1997,10,1,14.530291666666665,98.1562,19.520722222222222,142.517425,-4.990430555555557,-44.361225000000005,True,216,-9.635502373185027,0.5905096445267067,0.1574446617806572,38.445376099336855,129.93502525341864,137.52699444444445,ok
1997-11,1997-11,1997,11,1,51.300041666666665,75.7109,69.38818055555556,202.86461250000002,-18.0881388888889,-127.15371250000003,True,216,-9.635502373185027,0.5905096445267067,0.1574446617806572,38.445376099336855,182.5478896613875,184.77647361111113,ok
1997-12,1997-12,1997,12,1,141.88829166666667,199.815,148.56561805555555,198.96809374999998,-6.677326388888872,0.8469062500000177,True,216,-9.635502373185027,0.5905096445267067,0.1574446617806572,38.445376099336855,185.38956574452337,192.2907673611111,ok
1998-01,1998-01,1998,1,1,176.35025,347.458,219.85363095238094,282.8866705882353,-43.50338095238095,64.57132941176474,True,216,-7.239845633572033,0.6362648119770825,0.17720227995814253,38.519095680919726,247.9671544526292,239.38328963585434,ok
1998-02,1998-02,1998,2,1,193.425125,127.8253,208.36138095238093,223.7889294117647,-14.936255952380918,-95.96362941176471,True,216,-7.239845633572033,0.6362648119770825,0.17720227995814253,38.519095680919726,207.04566969300944,208.8526734593838,ok
1998-03,1998-03,1998,3,1,239.036125,242.0988,234.72032142857142,287.7195,4.3158035714285745,-45.62069999999997,True,216,-7.239845633572033,0.6362648119770825,0.17720227995814253,38.519095680919726,283.225648314333,292.0353035714286,ok
1998-04,1998-04,1998,4,1,134.90279166666667,54.1047,166.57456547619046,216.2638294117647,-31.671773809523785,-162.1591294117647,True,216,-7.239845633572033,0.6362648119770825,0.17720227995814253,38.519095680919726,188.87234857029534,184.59205560224092,ok
1998-05,1998-05,1998,5,1,23.503,74.6596,31.616285714285713,66.97935882352942,-8.113285714285713,7.680241176470574,True,216,-7.239845633572033,0.6362648119770825,0.17720227995814253,38.519095680919726,54.577314980441045,58.866073109243715,ok
1998-06,1998-06,1998,6,1,1.2203333333333333,16.0121,1.8019999999999998,8.124170588235295,-0.5816666666666666,7.887929411764706,True,216,-7.239845633572033,0.6362648119770825,0.17720227995814253,38.519095680919726,0.5142309223632587,7.542503921568628,ok
1998-07,1998-07,1998,7,1,0.07816666666666668,3.3565,0.3236845238095238,4.566247058823529,-0.24551785714285712,-1.2097470588235288,True,216,-7.239845633572033,0.6362648119770825,0.17720227995814253,38.519095680919726,-2.8298129479605203,4.320729201680672,ok
1998-08,1998-08,1998,8,1,0.27908333333333335,1.2501,0.5532797619047619,13.273264705882351,-0.27419642857142856,-12.023164705882351,True,216,-7.239845633572033,0.6362648119770825,0.17720227995814253,38.519095680919726,5.85895753324053,12.999068277310922,ok
1998-09,1998-09,1998,9,1,0.8315416666666667,13.3474,3.6750714285714285,66.8893294117647,-2.8435297619047617,-53.541929411764706,True,216,-7.239845633572033,0.6362648119770825,0.17720227995814253,38.519095680919726,57.8402458488831,64.04579964985994,ok
1998-10,1998-10,1998,10,1,17.867166666666666,89.2952,18.80780357142857,139.9079411764706,-0.9406369047619023,-50.61274117647059,True,216,-7.239845633572033,0.6362648119770825,0.17720227995814253,38.519095680919726,132.06960137955153,138.96730427170868,ok
1998-11,1998-11,1998,11,1,132.18116666666666,245.1679,66.80416071428571,195.3849823529412,65.37700595238094,49.78291764705881,True,216,-7.239845633572033,0.6362648119770825,0.17720227995814253,38.519095680919726,229.74222511928542,260.7619883053221,ok
1998-12,1998-12,1998,12,1,235.09654166666667,138.7974,147.61171428571427,199.01791176470587,87.4848273809524,-60.22051176470586,True,216,-7.239845633572033,0.6362648119770825,0.17720227995814253,38.519095680919726,247.44158337552304,286.50273914565827,ok
1999-01,1999-01,1999,1,1,212.45304166666665,215.817,214.41570833333333,286.4739666666667,-1.9626666666666779,-70.65696666666668,True,216,-9.099783448760776,0.603161681943065,0.16298361257060123,38.83935728516139,276.19037789014567,284.5113,ok
1999-02,1999-02,1999,2,1,218.473875,131.3784,206.49434895833332,218.4576166666667,11.979526041666674,-87.0792166666667,True,216,-9.099783448760776,0.603161681943065,0.16298361257060123,38.83935728516139,216.58342429407833,230.43714270833337,ok
1999-03,1999-03,1999,3,1,299.5566666666667,283.9542,235.259796875,285.1850166666666,64.29686979166667,-1.2308166666666125,True,216,-9.099783448760776,0.603161681943065,0.16298361257060123,38.83935728516139,314.86664134512176,349.4818864583333,ok
1999-04,1999-04,1999,4,1,105.15954166666667,162.6196,162.61559375000002,207.25498888888887,-57.45605208333335,-44.63538888888888,True,216,-9.099783448760776,0.603161681943065,0.16298361257060123,38.83935728516139,163.49991642773642,149.7989368055555,ok
1999-05,1999-05,1999,5,1,50.3205,177.0923,30.602125,67.40603888888889,19.718375,109.68626111111111,True,216,-9.099783448760776,0.603161681943065,0.16298361257060123,38.83935728516139,70.19962367031219,87.12441388888888,ok
1999-06,1999-06,1999,6,1,1.1555416666666667,0.6859,1.7292916666666667,8.56238888888889,-0.57375,-7.87648888888889,True,216,-9.099783448760776,0.603161681943065,0.16298361257060123,38.83935728516139,-0.8834585748867201,7.9886388888888895,ok
1999-07,1999-07,1999,7,1,0.04466666666666667,1.9885,0.29299479166666664,4.499038888888888,-0.24832812499999998,-2.510538888888888,True,216,-9.099783448760776,0.603161681943065,0.16298361257060123,38.83935728516139,-4.750526569420656,4.250710763888889,ok
1999-08,1999-08,1999,8,1,0.05583333333333334,1.2624,0.5190052083333333,12.60531111111111,-0.46317187499999996,-11.34291111111111,True,216,-9.099783448760776,0.603161681943065,0.16298361257060123,38.83935728516139,3.2261601351966105,12.14213923611111,ok
1999-09,1999-09,1999,9,1,1.998,72.5879,3.319630208333333,63.914777777777786,-1.321630208333333,8.673122222222219,True,216,-9.099783448760776,0.603161681943065,0.16298361257060123,38.83935728516139,54.017837629651915,62.593147569444454,ok
1999-10,1999-10,1999,10,1,8.191374999999999,112.4277,18.690223958333334,137.09612222222222,-10.498848958333335,-24.66842222222222,True,216,-9.099783448760776,0.603161681943065,0.16298361257060123,38.83935728516139,121.66383537728692,126.59727326388888,ok
1999-11,1999-11,1999,11,1,115.52758333333334,349.1067,74.97628645833333,198.15070000000003,40.551296875000006,150.95599999999996,True,216,-9.099783448760776,0.603161681943065,0.16298361257060123,38.83935728516139,213.50990497933682,238.70199687500002,ok
1999-12,1999-12,1999,12,1,151.56408333333334,242.5365,158.54731770833334,195.67232777777775,-6.983234374999995,46.86417222222224,True,216,-9.099783448760776,0.603161681943065,0.16298361257060123,38.83935728516139,182.36052493798934,188.68909340277776,ok
2000-01,2000-01,2000,1,1,232.55208333333334,260.085,214.19763425925925,282.7551789473684,18.354449074074097,-22.670178947368413,True,216,-8.339377545533612,0.6338962742356958,0.17216155775271402,38.83048009857013,286.05061828553914,301.1096280214425,ok
2000-02,2000-02,2000,2,1,205.13558333333333,271.7656,207.8254074074074,213.8745,-2.6898240740740675,57.891099999999994,True,216,-8.339377545533612,0.6338962742356958,0.17216155775271402,38.83048009857013,203.83005299556137,211.18467592592594,ok
2000-03,2000-03,2000,3,1,273.54283333333336,185.8099,242.40389351851854,285.12023684210527,31.13893981481482,-99.31033684210527,True,216,-8.339377545533612,0.6338962742356958,0.17216155775271402,38.83048009857013,296.5197172288323,316.2591766569201,ok
2000-04,2000-04,2000,4,1,112.69795833333335,184.1135,156.23158796296298,204.90575789473684,-43.53362962962963,-20.79225789473685,True,216,-8.339377545533612,0.6338962742356958,0.17216155775271402,38.83048009857013,168.9705747230243,161.37212826510722,ok
2000-05,2000-05,2000,5,1,14.318291666666667,53.6399,32.793055555555554,73.179,-18.474763888888887,-19.539100000000005,True,216,-8.339377545533612,0.6338962742356958,0.17216155775271402,38.83048009857013,53.12853845791555,54.704236111111115,ok
2000-06,2000-06,2000,6,1,2.9267916666666665,4.8153,1.6655416666666667,8.147836842105264,1.2612499999999998,-3.332536842105264,True,216,-8.339377545533612,0.6338962742356958,0.17216155775271402,38.83048009857013,0.6079609724514229,9.409086842105264,ok
2000-07,2000-07,2000,7,1,0.558,10.0203,0.26540277777777777,4.366905263157895,0.2925972222222223,5.653394736842106,True,216,-8.339377545533612,0.6338962742356958,0.17216155775271402,38.83048009857013,-3.7869959933573365,4.659502485380117,ok
2000-08,2000-08,2000,8,1,0.200875,7.9948,0.46754166666666663,12.008315789473684,-0.2666666666666666,-4.013515789473685,True,216,-8.339377545533612,0.6338962742356958,0.17216155775271402,38.83048009857013,3.49989923747722,11.741649122807019,ok
2000-09,2000-09,2000,9,1,8.834458333333332,123.9327,3.172782407407407,64.37125789473684,5.661675925925925,59.561442105263154,True,216,-8.339377545533612,0.6338962742356958,0.17216155775271402,38.83048009857013,59.62079562457761,70.03293382066276,ok
2000-10,2000-10,2000,10,1,17.532416666666666,86.4072,17.523685185185187,135.79778421052632,0.00873148148147962,-49.39058421052631,True,216,-8.339377545533612,0.6338962742356958,0.17216155775271402,38.83048009857013,127.46394151857237,135.8065156920078,ok
2000-11,2000-11,2000,11,1,116.22958333333332,192.5216,79.48198611111111,206.09575263157896,36.74759722222221,-13.574152631578954,True,216,-8.339377545533612,0.6338962742356958,0.17216155775271402,38.83048009857013,221.05054005232603,242.84334985380116,ok
2000-12,2000-12,2000,12,1,227.32920833333333,222.6176,157.77140277777778,198.13886315789472,69.55780555555555,24.47873684210529,True,216,-8.339377545533612,0.6338962742356958,0.17216155775271402,38.83048009857013,233.89191939803877,267.69666871345026,ok
2001-01,2001-01,2001,1,1,163.34891666666667,192.5309,216.03307916666668,281.62167,-52.68416250000001,-89.09076999999999,True,216,-8.205114355292235,0.6321219194989329,0.16745371330120273,38.53668610546117,240.11374171801407,228.93750749999998,ok
2001-02,2001-02,2001,2,1,189.16133333333335,153.1069,207.556425,216.76905500000004,-18.395091666666644,-63.66215500000004,True,216,-8.205114355292235,0.6321219194989329,0.16745371330120273,38.53668610546117,196.93599999101565,198.3739633333334,ok
2001-03,2001-03,2001,3,1,268.94466666666665,249.1479,245.51778750000003,280.15472,23.426879166666623,-31.006820000000005,True,216,-8.205114355292235,0.6321219194989329,0.16745371330120273,38.53668610546117,286.75824947141064,303.5815991666666,ok
2001-04,2001-04,2001,4,1,96.67079166666667,196.9268,151.87822500000001,203.866145,-55.20743333333334,-6.939345000000003,True,216,-8.205114355292235,0.6321219194989329,0.16745371330120273,38.53668610546117,160.7632019154317,148.65871166666665,ok
2001-05,2001-05,2001,5,1,12.901000000000002,140.175,30.945579166666665,72.202045,-18.044579166666665,67.97295500000001,True,216,-8.205114355292235,0.6321219194989329,0.16745371330120273,38.53668610546117,52.59055662532397,54.15746583333333,ok
2001-06,2001-06,2001,6,1,3.3047500000000003,5.0237,1.7916666666666665,7.981210000000002,1.5130833333333338,-2.957510000000002,True,216,-8.205114355292235,0.6321219194989329,0.16745371330120273,38.53668610546117,0.7325487857362777,9.494293333333335,ok
2001-07,2001-07,2001,7,1,0.6808333333333333,2.3266,0.2946625,4.6495750000000005,0.3861708333333333,-2.3229750000000005,True,216,-8.205114355292235,0.6321219194989329,0.16745371330120273,38.53668610546117,-3.3114323068710654,5.035745833333333,ok
2001-08,2001-08,2001,8,1,1.0490833333333334,7.2041,0.44087499999999996,11.80764,0.6082083333333335,-4.603539999999999,True,216,-8.205114355292235,0.6321219194989329,0.16745371330120273,38.53668610546117,3.986987463829678,12.415848333333333,ok
2001-09,2001-09,2001,9,1,7.67875,33.0017,3.73895,67.34933000000001,3.9398,-34.34763000000001,True,216,-8.205114355292235,0.6321219194989329,0.16745371330120273,38.53668610546117,61.63464958314967,71.28913000000001,ok
2001-10,2001-10,2001,10,1,24.261875,130.0808,17.524558333333335,133.328255,6.737316666666665,-3.247455000000002,True,216,-8.205114355292235,0.6321219194989329,0.16745371330120273,38.53668610546117,129.38194618831326,140.06557166666667,ok
2001-11,2001-11,2001,11,1,165.14275,196.3446,83.15674583333335,205.417045,81.98600416666666,-9.072444999999988,True,216,-8.205114355292235,0.6321219194989329,0.16745371330120273,38.53668610546117,249.0370809705886,287.4030491666667,ok
2001-12,2001-12,2001,12,1,199.56316666666666,209.0467,164.72718333333336,199.3628,34.8359833333333,9.683899999999994,True,216,-8.205114355292235,0.6321219194989329,0.16745371330120273,38.53668610546117,213.17827429700725,234.1987833333333,ok
2002-01,2002-01,2002,1,1,380.0984166666667,368.8524,211.24360984848488,277.3792523809524,168.85480681818183,91.47314761904761,True,216,-7.796952064721625,0.6083031987355453,0.14865556940992042,37.39514803460737,372.2972194256033,446.2340591991342,ok
2002-02,2002-02,2002,2,1,185.05870833333333,190.9456,205.88414393939394,213.73752380952382,-20.82543560606061,-22.79192380952381,True,216,-7.796952064721625,0.6083031987355453,0.14865556940992042,37.39514803460737,193.2723926505744,192.9120882034632,ok
2002-03,2002-03,2002,3,1,233.83558333333335,178.8799,247.64750378787883,278.67820476190474,-13.811920454545486,-99.79830476190475,True,216,-7.796952064721625,0.6083031987355453,0.14865556940992042,37.39514803460737,262.4794173040022,264.86628430735925,ok
2002-04,2002-04,2002,4,1,116.28366666666666,124.7968,146.85936742424244,203.53569999999996,-30.575700757575774,-78.73889999999996,True,216,-7.796952064721625,0.6083031987355453,0.14865556940992042,37.39514803460737,177.13945136086414,172.9599992424242,ok
2002-05,2002-05,2002,5,1,14.340583333333333,103.8934,29.30516287878788,75.43885238095238,-14.964579545454546,28.454547619047617,True,216,-7.796952064721625,0.6083031987355453,0.14865556940992042,37.39514803460737,58.53889871099825,60.474272835497835,ok
2002-06,2002-06,2002,6,1,1.89,6.7952,1.9292196969696966,7.840376190476191,-0.03921969696969674,-1.045176190476191,True,216,-7.796952064721625,0.6083031987355453,0.14865556940992042,37.39514803460737,0.01956665863446137,7.801156493506495,ok
2002-07,2002-07,2002,7,1,0.982125,2.1991,0.32976893939393936,4.538957142857143,0.6523560606060607,-2.339857142857143,True,216,-7.796952064721625,0.6083031987355453,0.14865556940992042,37.39514803460737,-2.8611646434832956,5.191313203463204,ok
2002-08,2002-08,2002,8,1,0.7142916666666667,1.0971,0.49616666666666664,11.588423809523809,0.218125,-10.49132380952381,True,216,-7.796952064721625,0.6083031987355453,0.14865556940992042,37.39514803460737,3.9241578800263746,11.80654880952381,ok
2002-09,2002-09,2002,9,1,4.4495,67.2486,4.097113636363637,65.71372857142858,0.3523863636363629,1.534871428571421,True,216,-7.796952064721625,0.6083031987355453,0.14865556940992042,37.39514803460737,58.13113425889774,66.06611493506495,ok
2002-10,2002-10,2002,10,1,24.072083333333335,93.122,18.13704166666667,133.1736142857143,5.935041666666667,-40.05161428571431,True,216,-7.796952064721625,0.6083031987355453,0.14865556940992042,37.39514803460737,128.98696705145477,139.10865595238099,ok
2002-11,2002-11,2002,11,1,47.779083333333325,141.559,90.61001893939395,204.98502380952382,-42.83093560606063,-63.42602380952383,True,216,-7.796952064721625,0.6083031987355453,0.14865556940992042,37.39514803460737,171.13387661079935,162.1540882034632,ok
2002-12,2002-12,2002,12,1,203.58062499999997,198.8721,167.89409090909092,199.8239380952381,35.68653409090905,-0.9518380952381165,True,216,-7.796952064721625,0.6083031987355453,0.14865556940992042,37.39514803460737,213.73521886980154,235.51047218614715,ok
2003-01,2003-01,2003,1,1,209.596,226.3735,225.31484375000002,281.5371227272727,-15.718843750000019,-55.16362272727267,True,216,-8.295673363495535,0.6203416013331828,0.16556889502620453,39.22429719690498,263.490396660796,265.81827897727266,ok
2003-02,2003-02,2003,2,1,220.60079166666665,242.0345,204.14869097222223,212.70152727272728,16.452100694444425,29.332972727272733,True,216,-8.295673363495535,0.6203416013331828,0.16556889502620453,39.22429719690498,214.6117763993182,229.1536279671717,ok
2003-03,2003-03,2003,3,1,267.29316666666665,210.3821,246.49651041666672,274.1419181818182,20.796656249999927,-63.75981818181819,True,216,-8.295673363495535,0.6203416013331828,0.16556889502620453,39.22429719690498,278.74727585882334,294.9385744318181,ok
2003-04,2003-04,2003,4,1,148.78074999999998,166.9079,144.31139236111113,199.95665909090906,4.469357638888852,-33.048759090909044,True,216,-8.295673363495535,0.6203416013331828,0.16556889502620453,39.22429719690498,194.43351420205255,204.4260167297979,ok
2003-05,2003-05,2003,5,1,30.031583333333334,100.5299,28.05811458333333,76.7322409090909,1.973468750000002,23.797659090909093,True,216,-8.295673363495535,0.6203416013331828,0.16556889502620453,39.22429719690498,69.66079231015136,78.7057096590909,ok
2003-06,2003-06,2003,6,1,3.887916666666667,12.2745,1.9259513888888886,7.792868181818182,1.9619652777777783,4.4816318181818176,True,216,-8.295673363495535,0.6203416013331828,0.16556889502620453,39.22429719690498,0.7142835004994172,9.754833459595961,ok
2003-07,2003-07,2003,7,1,0.178625,1.88,0.38413194444444443,4.4326,-0.20550694444444442,-2.5526,True,216,-8.295673363495535,0.6203416013331828,0.16556889502620453,39.22429719690498,-3.990557870497291,4.227093055555556,ok
2003-08,2003-08,2003,8,1,0.7254166666666667,33.5851,0.51434375,11.111545454545455,0.21107291666666672,22.47355454545454,True,216,-8.295673363495535,0.6203416013331828,0.16556889502620453,39.22429719690498,2.9468094021729856,11.322618371212123,ok
2003-09,2003-09,2003,9,1,0.8963333333333333,34.1644,4.126479166666667,65.78349545454546,-3.2301458333333337,-31.61909545454546,True,216,-8.295673363495535,0.6203416013331828,0.16556889502620453,39.22429719690498,55.48402825226021,62.55334962121213,ok
2003-10,2003-10,2003,10,1,11.985833333333332,102.8612,18.63162847222222,131.35308636363638,-6.645795138888889,-28.491886363636382,True,216,-8.295673363495535,0.6203416013331828,0.16556889502620453,39.22429719690498,118.93474980155023,124.7072912247475,ok
2003-11,2003-11,2003,11,1,79.55283333333334,171.1685,87.04077430555556,202.10202272727275,-7.487940972222219,-30.93352272727276,True,216,-8.295673363495535,0.6203416013331828,0.16556889502620453,39.22429719690498,189.16126807038054,194.61408175505053,ok
2003-12,2003-12,2003,12,1,119.71333333333332,191.1895,170.86796875000002,199.78067272727273,-51.15463541666669,-8.59117272727272,True,216,-8.295673363495535,0.6203416013331828,0.16556889502620453,39.22429719690498,159.75165091378705,148.62603731060602,ok
2004-01,2004-01,2004,1,1,351.39491666666663,330.2411,224.10570192307694,279.13870434782604,127.2892147435897,51.10239565217398,True,216,-9.061703553579651,0.6006834947925007,0.1463101594727878,37.53696655675252,346.53753115581895,406.42791909141573,ok
2004-02,2004-02,2004,2,1,272.264875,337.9902,205.4142371794872,213.97687391304348,66.85063782051282,124.01332608695654,True,216,-9.061703553579651,0.6006834947925007,0.1463101594727878,37.53696655675252,245.07124511459716,280.8275117335563,ok
2004-03,2004-03,2004,3,1,225.52125,263.3091,248.09625320512825,271.369752173913,-22.57500320512824,-8.060652173913013,True,216,-9.061703553579651,0.6006834947925007,0.1463101594727878,37.53696655675252,248.747616800125,248.79474896878477,ok
2004-04,2004-04,2004,4,1,89.39154166666667,153.5851,144.65518910256412,198.5197565217391,-55.263647435897454,-44.9346565217391,True,216,-9.061703553579651,0.6006834947925007,0.1463101594727878,37.53696655675252,156.26209209138395,143.25610908584167,ok
2004-05,2004-05,2004,5,1,5.379208333333334,29.0041,28.20991987179487,77.76692173913042,-22.830711538461536,-48.76282173913042,True,216,-9.061703553579651,0.6006834947925007,0.1463101594727878,37.53696655675252,54.991186590028235,54.93621020066889,ok
2004-06,2004-06,2004,6,1,2.645958333333333,11.5046,2.0768717948717947,7.987721739130435,0.5690865384615384,3.5168782608695652,True,216,-9.061703553579651,0.6006834947925007,0.1463101594727878,37.53696655675252,-0.7321409236867726,8.556808277591973,ok
2004-07,2004-07,2004,7,1,1.43975,24.0552,0.36832371794871793,4.321617391304348,1.071426282051282,19.733582608695652,True,216,-9.061703553579651,0.6006834947925007,0.1463101594727878,37.53696655675252,-4.096498078760203,5.3930436733556295,ok
2004-08,2004-08,2004,8,1,0.7700833333333333,45.2683,0.5305801282051282,12.08865652173913,0.2395032051282051,33.17964347826087,True,216,-9.061703553579651,0.6006834947925007,0.1463101594727878,37.53696655675252,3.170818590429895,12.328159726867336,ok
2004-09,2004-09,2004,9,1,2.257125,24.8521,3.8780064102564102,64.40875217391304,-1.6208814102564104,-39.556652173913044,True,216,-9.061703553579651,0.6006834947925007,0.1463101594727878,37.53696655675252,54.37341191017638,62.787870763656635,ok
2004-10,2004-10,2004,10,1,17.487708333333334,156.836,18.12041346153846,130.11430869565217,-0.6327051282051279,26.721691304347843,True,216,-9.061703553579651,0.6006834947925007,0.1463101594727878,37.53696655675252,120.67254961448913,129.48160356744705,ok
2004-11,2004-11,2004,11,1,40.12204166666667,135.0896,86.46477884615386,200.75708695652176,-46.342737179487195,-65.66748695652177,True,216,-9.061703553579651,0.6006834947925007,0.1463101594727878,37.53696655675252,163.85806607571737,154.41434977703457,ok
2004-12,2004-12,2004,12,1,98.42004166666668,159.7892,166.9329967948718,199.40714347826088,-68.51295512820512,-39.617943478260884,True,216,-9.061703553579651,0.6006834947925007,0.1463101594727878,37.53696655675252,149.1908385997092,130.89418835005574,ok
2005-01,2005-01,2005,1,1,127.346875,258.8253,233.19778869047622,281.2679708333333,-105.85091369047622,-22.442670833333295,True,216,-8.960968862556735,0.5987372364894087,0.14816208374178852,37.75732240807156,208.93011842786194,175.41705714285712,ok
2005-02,2005-02,2005,2,1,201.89237500000002,252.3165,210.18928273809524,219.14409583333335,-8.296907738095229,33.17240416666664,True,216,-8.960968862556735,0.5987372364894087,0.14816208374178852,37.75732240807156,205.2154593602619,210.84718809523812,ok
2005-03,2005-03,2005,3,1,365.26675,402.6636,246.48375297619052,271.03389166666665,118.78299702380949,131.62970833333333,True,216,-8.960968862556735,0.5987372364894087,0.14816208374178852,37.75732240807156,333.19272618407524,389.81688869047616,ok
2005-04,2005-04,2005,4,1,121.802375,143.7686,140.70778571428573,196.64747916666667,-18.905410714285736,-52.87887916666668,True,216,-8.960968862556735,0.5987372364894087,0.14816208374178852,37.75732240807156,176.36713693834122,177.74206845238092,ok
2005-05,2005-05,2005,5,1,53.73541666666667,73.4273,26.57915476190476,75.7351375,27.156261904761912,-2.307837499999991,True,216,-8.960968862556735,0.5987372364894087,0.14816208374178852,37.75732240807156,83.033633843683,102.8913994047619,ok
2005-06,2005-06,2005,6,1,2.17075,0.5479,2.117520833333333,8.134258333333333,0.053229166666667105,-7.586358333333333,True,216,-8.960968862556735,0.5987372364894087,0.14816208374178852,37.75732240807156,-0.794840245072767,8.1874875,ok
2005-07,2005-07,2005,7,1,0.4241249999999999,1.8672,0.44485416666666666,5.14385,-0.020729166666666743,-3.2766499999999996,True,216,-8.960968862556735,0.5987372364894087,0.14816208374178852,37.75732240807156,-3.8295301865214637,5.123120833333333,ok
2005-08,2005-08,2005,8,1,0.21208333333333332,1.159,0.5476875,13.471141666666666,-0.3356041666666667,-12.312141666666665,True,216,-8.960968862556735,0.5987372364894087,0.14816208374178852,37.75732240807156,4.3092340928056005,13.1355375,ok
2005-09,2005-09,2005,9,1,0.82075,69.9723,3.7622291666666667,62.760558333333336,-2.941479166666667,7.2117416666666685,True,216,-8.960968862556735,0.5987372364894087,0.14816208374178852,37.75732240807156,52.038416363335436,59.81907916666667,ok
2005-10,2005-10,2005,10,1,8.526291666666667,43.3954,18.075220238095238,131.2277125,-9.54892857142857,-87.8323125,True,216,-8.960968862556735,0.5987372364894087,0.14816208374178852,37.75732240807156,116.54944453315136,121.67878392857142,ok
2005-11,2005-11,2005,11,1,76.88520833333332,162.476,83.15458333333335,198.02094166666666,-6.269375000000025,-35.54494166666666,True,216,-8.960968862556735,0.5987372364894087,0.14816208374178852,37.75732240807156,185.3062645420941,191.75156666666663,ok
2005-12,2005-12,2005,12,1,196.3937083333333,270.7065,162.03921428571428,197.75639583333336,34.35449404761903,72.95010416666665,True,216,-8.960968862556735,0.5987372364894087,0.14816208374178852,37.75732240807156,209.36474179783988,232.11088988095239,ok
2006-01,2006-01,2006,1,1,115.026125,166.8556,226.14106111111113,280.370264,-111.11493611111113,-113.51466400000001,True,216,-9.474680449043394,0.5676670106098886,0.14498509350402933,38.29344186118868,207.81929993465343,169.25532788888887,ok
2006-02,2006-02,2006,2,1,242.53487500000003,230.8724,209.63615555555555,220.470992,32.89871944444448,10.401408000000004,True,216,-9.474680449043394,0.5676670106098886,0.14498509350402933,38.29344186118868,229.6718292708778,253.36971144444448,ok
2006-03,2006-03,2006,3,1,286.3209583333333,267.8005,254.40261944444447,276.29908,31.918338888888826,-8.498580000000004,True,216,-9.474680449043394,0.5676670106098886,0.14498509350402933,38.29344186118868,284.9433875716455,308.2174188888888,ok
2006-04,2006-04,2006,4,1,190.46875,429.1988,139.447425,194.53232400000002,51.02132499999999,234.666476,True,216,-9.474680449043394,0.5676670106098886,0.14498509350402933,38.29344186118868,214.02076659106217,245.553649,ok
2006-05,2006-05,2006,5,1,47.139874999999996,133.2095,28.38957222222222,75.642824,18.750302777777776,57.56667599999999,True,216,-9.474680449043394,0.5676670106098886,0.14498509350402933,38.29344186118868,76.81207187684801,94.39312677777778,ok
2006-06,2006-06,2006,6,1,1.8683333333333332,0.6042,2.1210694444444442,7.830804,-0.25273611111111105,-7.226604,True,216,-9.474680449043394,0.5676670106098886,0.14498509350402933,38.29344186118868,-1.7873464017110072,7.578067888888889,ok
2006-07,2006-07,2006,7,1,0.30133333333333334,1.5265,0.4434722222222222,5.012783999999999,-0.14213888888888887,-3.486283999999999,True,216,-9.474680449043394,0.5676670106098886,0.14498509350402933,38.29344186118868,-4.542584007190362,4.87064511111111,ok
2006-08,2006-08,2006,8,1,0.2567083333333333,12.4889,0.5253138888888889,12.978655999999999,-0.26860555555555554,-0.48975599999999986,True,216,-9.474680449043394,0.5676670106098886,0.14498509350402933,38.29344186118868,3.351497038201175,12.710050444444443,ok
2006-09,2006-09,2006,9,1,3.0887083333333334,73.0467,3.566130555555555,63.049028,-0.47742222222222175,9.997672000000001,True,216,-9.474680449043394,0.5676670106098886,0.14498509350402933,38.29344186118868,53.30333070526898,62.571605777777776,ok
2006-10,2006-10,2006,10,1,15.891791666666668,156.2402,17.438625000000002,127.71441999999999,-1.5468333333333337,28.525779999999997,True,216,-9.474680449043394,0.5676670106098886,0.14498509350402933,38.29344186118868,117.36165329671154,126.16758666666665,ok
2006-11,2006-11,2006,11,1,90.17991666666666,160.8529,82.73662500000002,196.59914399999997,7.443291666666639,-35.74624399999996,True,216,-9.474680449043394,0.5676670106098886,0.14498509350402933,38.29344186118868,191.34977468047072,204.04243566666662,ok
2006-12,2006-12,2006,12,1,122.96091666666666,150.7779,164.3295138888889,200.67440000000002,-41.368597222222235,-49.89650000000003,True,216,-9.474680449043394,0.5676670106098886,0.14498509350402933,38.29344186118868,167.7161316326932,159.30580277777779,ok
2007-01,2007-01,2007,1,1,147.892375,243.8694,219.19637760416668,276.0043153846154,-71.3040026041667,-32.13491538461537,True,216,-7.90385481793229,0.5809008074755643,0.14057181741194624,37.49353611338435,226.6799078776829,204.70031278044868,ok
2007-02,2007-02,2007,2,1,329.57570833333335,391.6001,211.69232552083332,220.87104615384618,117.88338281250003,170.72905384615382,True,216,-7.90385481793229,0.5809008074755643,0.14057181741194624,37.49353611338435,281.4457435996462,338.7544289663462,ok
2007-03,2007-03,2007,3,1,186.081875,144.3091,256.397515625,275.9722115384615,-70.31564062499999,-131.66311153846152,True,216,-7.90385481793229,0.5809008074755643,0.14057181741194624,37.49353611338435,227.22194430330512,205.65657091346154,ok
2007-04,2007-04,2007,4,1,143.61833333333334,203.9629,142.6362578125,203.5579576923077,0.982075520833348,0.4049423076922949,True,216,-7.90385481793229,0.5809008074755643,0.14057181741194624,37.49353611338435,196.2245913374295,204.54003321314104,ok
2007-05,2007-05,2007,5,1,14.407541666666667,59.8926,29.561466145833336,77.85692692307693,-15.153924479166669,-17.964326923076925,True,216,-7.90385481793229,0.5809008074755643,0.14057181741194624,37.49353611338435,61.150145138773006,62.70300244391026,ok
2007-06,2007-06,2007,6,1,1.14475,0.6092,2.1052734375,7.5528576923076916,-0.9605234375000002,-6.943657692307692,True,216,-7.90385481793229,0.5809008074755643,0.14057181741194624,37.49353611338435,-0.9089659660675531,6.5923342548076915,ok
2007-07,2007-07,2007,7,1,0.35720833333333335,2.6528,0.4345885416666667,4.878696153846153,-0.07738020833333337,-2.2258961538461532,True,216,-7.90385481793229,0.5809008074755643,0.14057181741194624,37.49353611338435,-3.0701088895895974,4.80131594551282,ok
2007-08,2007-08,2007,8,1,0.04466666666666667,1.474,0.5085260416666666,12.959819230769229,-0.4638593749999999,-11.485819230769229,True,216,-7.90385481793229,0.5809008074755643,0.14057181741194624,37.49353611338435,4.786508127344328,12.495959855769229,ok
2007-09,2007-09,2007,9,1,0.8531666666666666,24.48,3.5362916666666666,63.43355384615385,-2.683125,-38.95355384615385,True,216,-7.90385481793229,0.5809008074755643,0.14057181741194624,37.49353611338435,53.97106954916369,60.75042884615385,ok
2007-10,2007-10,2007,10,1,13.514791666666667,90.3212,17.341947916666665,128.8115653846154,-3.827156249999998,-38.49036538461539,True,216,-7.90385481793229,0.5809008074755643,0.14057181741194624,37.49353611338435,118.68451241072296,124.98440913461539,ok
2007-11,2007-11,2007,11,1,57.39116666666666,140.1645,83.20183072916667,195.22428846153844,-25.81066406250001,-55.05978846153843,True,216,-7.90385481793229,0.5809008074755643,0.14057181741194624,37.49353611338435,172.32699804821937,169.41362439903844,ok
2007-12,2007-12,2007,12,1,247.1939583333333,154.6319,161.7439765625,198.75530384615388,85.44998177083332,-44.12340384615388,True,216,-7.90385481793229,0.5809008074755643,0.14057181741194624,37.49353611338435,240.48941243767092,284.2052856169872,ok
2008-01,2008-01,2008,1,1,159.97858333333332,277.9576,215.00202450980393,274.81413333333336,-55.02344117647061,3.1434666666666544,True,216,-8.851294953872141,0.6329181543405502,0.16722954248247446,38.512615267339235,231.1375035445836,219.79069215686275,ok
2008-02,2008-02,2008,2,1,265.8859166666667,227.3554,218.62664215686274,227.19434444444445,47.25927450980393,0.1610555555555493,True,216,-8.851294953872141,0.6329181543405502,0.16722954248247446,38.512615267339235,248.25430228879083,274.4536189542484,ok
2008-03,2008-03,2008,3,1,302.949375,291.7903,252.26130147058822,271.0958,50.68807352941175,20.694500000000005,True,216,-8.851294953872141,0.6329181543405502,0.16722954248247446,38.512615267339235,294.32590699144123,321.7838735294117,ok
2008-04,2008-04,2008,4,1,222.53408333333334,198.2004,142.6940269607843,203.57295555555558,79.84005637254904,-5.372555555555579,True,216,-8.851294953872141,0.6329181543405502,0.16722954248247446,38.512615267339235,245.25388172344265,283.41301192810465,ok
2008-05,2008-05,2008,5,1,47.753625,156.4351,28.670058823529413,77.19158148148148,19.083566176470587,79.24351851851853,True,216,-8.851294953872141,0.6329181543405502,0.16722954248247446,38.512615267339235,80.41862201025685,96.27514765795206,ok
2008-06,2008-06,2008,6,1,1.004375,1.2231,2.0487720588235296,7.295685185185184,-1.0443970588235296,-6.072585185185185,True,216,-8.851294953872141,0.6329181543405502,0.16722954248247446,38.512615267339235,-2.2166276275562447,6.251288126361654,ok
2008-07,2008-07,2008,7,1,0.6584583333333334,1.8809,0.4300367647058824,4.796255555555555,0.22842156862745094,-2.915355555555555,True,216,-8.851294953872141,0.6329181543405502,0.16722954248247446,38.512615267339235,-3.9104672406893273,5.024677124183006,ok
2008-08,2008-08,2008,8,1,0.4575833333333333,10.0751,0.48124019607843127,12.534418518518518,-0.023656862745097984,-2.4593185185185167,True,216,-8.851294953872141,0.6329181543405502,0.16722954248247446,38.512615267339235,3.668150706740261,12.51076165577342,ok
2008-09,2008-09,2008,9,1,2.4299583333333334,35.7506,3.3784607843137255,61.99082962962963,-0.9485024509803921,-26.24022962962963,True,216,-8.851294953872141,0.6329181543405502,0.16722954248247446,38.512615267339235,52.53921025509549,61.04232717864924,ok
2008-10,2008-10,2008,10,1,8.247208333333333,71.4708,17.11682107843137,127.38599629629628,-8.869612745098038,-55.91519629629629,True,216,-8.851294953872141,0.6329181543405502,0.16722954248247446,38.512615267339235,112.92096241408127,118.51638355119825,ok
2008-11,2008-11,2008,11,1,89.478,228.8043,81.68355637254902,193.185037037037,7.794443627450974,35.619262962963006,True,216,-8.851294953872141,0.6329181543405502,0.16722954248247446,38.512615267339235,189.2669869579626,200.979480664488,ok
2008-12,2008-12,2008,12,1,149.72266666666667,198.2564,166.77044607843138,197.12110370370374,-17.047779411764708,1.135296296296275,True,216,-8.851294953872141,0.6329181543405502,0.16722954248247446,38.512615267339235,177.47995966893265,180.07332429193903,ok
2009-01,2009-01,2009,1,1,192.8225,176.1671,211.9451666666667,274.9264,-19.122666666666703,-98.7593,True,216,-9.332825707906048,0.5809241311649733,0.1531981928400249,38.599908729367975,254.48475577320318,255.8037333333333,ok
2009-02,2009-02,2009,2,1,244.92391666666666,173.2144,221.2521574074074,227.20009642857144,23.67175925925926,-53.98569642857143,True,216,-9.332825707906048,0.5809241311649733,0.1531981928400249,38.599908729367975,231.618766901497,250.8718556878307,ok
2009-03,2009-03,2009,3,1,229.59462499999998,237.6584,255.07730555555554,271.83488928571427,-25.48268055555556,-34.17648928571427,True,216,-9.332825707906048,0.5809241311649733,0.1531981928400249,38.599908729367975,247.69855951631752,246.3522087301587,ok
2009-04,2009-04,2009,4,1,212.29566666666668,291.4855,147.12958564814815,203.3810785714286,65.16608101851853,88.10442142857141,True,216,-9.332825707906048,0.5809241311649733,0.1531981928400249,38.599908729367975,231.9048018606317,268.5471595899471,ok
2009-05,2009-05,2009,5,1,89.81579166666667,287.1656,29.730256944444445,80.02170714285715,60.08553472222222,207.14389285714282,True,216,-9.332825707906048,0.5809241311649733,0.1531981928400249,38.599908729367975,105.59401848904088,140.10724186507937,ok
2009-06,2009-06,2009,6,1,5.5836250000000005,15.2435,1.9907500000000005,7.0788071428571415,3.5928750000000003,8.164692857142857,True,216,-9.332825707906048,0.5809241311649733,0.1531981928400249,38.599908729367975,-0.16683077728955276,10.671682142857142,ok
2009-07,2009-07,2009,7,1,1.3727083333333334,2.7198,0.4427268518518519,4.692135714285714,0.9299814814814815,-1.9723357142857134,True,216,-9.332825707906048,0.5809241311649733,0.1531981928400249,38.599908729367975,-4.10044130949119,5.622117195767196,ok
2009-08,2009-08,2009,8,1,0.7588333333333334,15.226,0.47992592592592587,12.446585714285714,0.2789074074074075,2.779414285714287,True,216,-9.332825707906048,0.5809241311649733,0.1531981928400249,38.599908729367975,3.2757840497032893,12.725493121693122,ok
2009-09,2009-09,2009,9,1,1.5983333333333334,49.6335,3.3257662037037035,61.05367857142858,-1.72743287037037,-11.420178571428579,True,216,-9.332825707906048,0.5809241311649733,0.1531981928400249,38.599908729367975,50.717345424156804,59.326245701058205,ok
2009-10,2009-10,2009,10,1,18.692958333333333,145.1622,16.624064814814815,125.38902499999999,2.068893518518518,19.773175000000023,True,216,-9.332825707906048,0.5809241311649733,0.1531981928400249,38.599908729367975,117.25806946181216,127.45791851851851,ok
2009-11,2009-11,2009,11,1,44.26920833333333,129.9771,82.11658101851852,194.45715357142853,-37.847372685185185,-64.48005357142853,True,216,-9.332825707906048,0.5809241311649733,0.1531981928400249,38.599908729367975,163.13787576950435,156.60978088624336,ok
2009-12,2009-12,2009,12,1,110.46162499999998,238.1976,165.8233472222222,197.16165000000004,-55.36172222222221,41.03594999999996,True,216,-9.332825707906048,0.5809241311649733,0.1531981928400249,38.599908729367975,155.66786391035296,141.79992777777784,ok
2010-01,2010-01,2010,1,1,214.77420833333335,206.4191,210.9387105263158,271.5209068965517,3.8354978070175605,-65.10180689655172,True,216,-6.6200926885098665,0.6537322190428361,0.18204373168249166,38.687791624666545,267.40820270055735,275.3564047035693,ok
2010-02,2010-02,2010,2,1,235.58966666666666,189.3031,222.4980394736842,225.33852068965518,13.091627192982457,-36.03542068965518,True,216,-6.6200926885098665,0.6537322190428361,0.18204373168249166,38.687791624666545,227.27684649689527,238.43014788263764,ok
2010-03,2010-03,2010,3,1,280.56241666666665,170.6808,253.73611184210523,270.6563896551724,26.82630482456142,-99.9755896551724,True,216,-6.6200926885098665,0.6537322190428361,0.18204373168249166,38.687791624666545,281.57351674834257,297.4826944797338,ok
2010-04,2010-04,2010,4,1,191.862,179.409,150.55937938596492,206.41916206896553,41.30262061403508,-27.010162068965542,True,216,-6.6200926885098665,0.6537322190428361,0.18204373168249166,38.687791624666545,226.79992320675322,247.7217826830006,ok
2010-05,2010-05,2010,5,1,16.9075,36.5434,32.89265350877193,87.16460000000001,-15.98515350877193,-50.62120000000001,True,216,-6.6200926885098665,0.6537322190428361,0.18204373168249166,38.687791624666545,70.09449743646029,71.17944649122808,ok
2010-06,2010-06,2010,6,1,3.0239999999999996,8.1085,2.1798486842105267,7.3603482758620675,0.8441513157894729,0.7481517241379319,True,216,-6.6200926885098665,0.6537322190428361,0.18204373168249166,38.687791624666545,1.2921045002311828,8.20449959165154,ok
2010-07,2010-07,2010,7,1,0.05583333333333334,1.8517,0.49167324561403514,4.624124137931034,-0.4358399122807018,-2.7724241379310337,True,216,-6.6200926885098665,0.6537322190428361,0.18204373168249166,38.687791624666545,-2.280891143581531,4.188284225650332,ok
2010-08,2010-08,2010,8,1,0.022333333333333334,1.1641,0.4946052631578947,12.542427586206896,-0.4722719298245614,-11.378327586206897,True,216,-6.6200926885098665,0.6537322190428361,0.18204373168249166,38.687791624666545,5.6135955210211765,12.070155656382335,ok
2010-09,2010-09,2010,9,1,0.7451666666666666,2.3148,3.2348486842105264,60.65987931034483,-2.48968201754386,-58.34507931034483,True,216,-6.6200926885098665,0.6537322190428361,0.18204373168249166,38.687791624666545,52.41220127179497,58.170197292800964,ok
2010-10,2010-10,2010,10,1,10.044083333333333,136.1532,16.73295394736842,126.07085862068966,-6.6888706140350855,10.082341379310336,True,216,-6.6200926885098665,0.6537322190428361,0.18204373168249166,38.687791624666545,115.07803570277622,119.38198800665458,ok
2010-11,2010-11,2010,11,1,89.87758333333333,142.1422,80.12461403508773,192.23370344827583,9.752969298245603,-50.09150344827583,True,216,-6.6200926885098665,0.6537322190428361,0.18204373168249166,38.687791624666545,191.9894410213647,201.98667274652144,ok
2010-12,2010-12,2010,12,1,257.42783333333335,168.2896,162.90957236842104,198.57668275862073,94.51826096491232,-30.287082758620727,True,216,-6.6200926885098665,0.6537322190428361,0.18204373168249166,38.687791624666545,253.74622255077287,293.09494372353305,ok
1991-01,1991-02,1991,2,2,279.36716666666666,178.9798,,222.77965000000003,,-43.79985000000002,False,228,,,,,,,anomalia_indisponivel_para_linha_avaliada
1991-02,1991-03,1991,3,2,364.80933333333337,354.0018,,294.42467999999997,,59.577120000000036,False,228,,,,,,,anomalia_indisponivel_para_linha_avaliada
1991-03,1991-04,1991,4,2,202.41358333333335,214.6288,,206.46041999999997,,8.168380000000042,False,228,,,,,,,anomalia_indisponivel_para_linha_avaliada
1991-04,1991-05,1991,5,2,22.933833333333336,128.0413,,48.429050000000004,,79.61225,False,228,,,,,,,anomalia_indisponivel_para_linha_avaliada
1991-05,1991-06,1991,6,2,1.1555833333333334,0.7033,,9.38869,,-8.68539,False,228,,,,,,,anomalia_indisponivel_para_linha_avaliada
1991-06,1991-07,1991,7,2,0.6696666666666666,1.9531,,6.404940000000001,,-4.451840000000001,False,228,,,,,,,anomalia_indisponivel_para_linha_avaliada
1991-07,1991-08,1991,8,2,1.3392499999999998,1.2135,,16.050330000000002,,-14.836830000000003,False,228,,,,,,,anomalia_indisponivel_para_linha_avaliada
1991-08,1991-09,1991,9,2,5.24875,73.9762,,73.19717999999999,,0.7790200000000169,False,228,,,,,,,anomalia_indisponivel_para_linha_avaliada
1991-09,1991-10,1991,10,2,20.93616666666667,58.2752,,169.18448999999998,,-110.90928999999998,False,228,,,,,,,anomalia_indisponivel_para_linha_avaliada
1991-10,1991-11,1991,11,2,68.93625,141.8015,,204.26054000000002,,-62.459040000000016,False,228,,,,,,,anomalia_indisponivel_para_linha_avaliada
1991-11,1991-12,1991,12,2,216.23608333333334,139.2974,,206.55659999999997,,-67.25919999999996,False,228,,,,,,,anomalia_indisponivel_para_linha_avaliada
1991-12,1992-01,1992,1,2,266.00983333333335,307.6078,,296.8603363636363,,10.747463636363705,False,217,,,,,,,anomalia_indisponivel_para_linha_avaliada
1992-01,1992-02,1992,2,2,293.40575,144.7331,279.36716666666666,218.7978454545455,14.03858333333335,-74.06474545454549,True,217,-5.8619084657512115,0.2727380665203264,0.016126783398908273,26.986179615802346,216.7647930638121,232.83642878787884,ok
1992-02,1992-03,1992,3,2,270.9870833333333,155.372,364.80933333333337,299.8407818181818,-93.82225000000005,-144.4687818181818,True,217,-5.8619084657512115,0.2727380665203264,0.016126783398908273,26.986179615802346,268.38997429084395,206.01853181818177,ok
1992-03,1992-04,1992,4,2,235.029625,102.9542,202.41358333333335,207.20299999999997,32.61604166666666,-104.24879999999997,True,217,-5.8619084657512115,0.2727380665203264,0.016126783398908273,26.986179615802346,210.23672767596184,239.81904166666664,ok
1992-04,1992-05,1992,5,2,21.125833333333333,24.3743,22.933833333333336,55.66652727272728,-1.8080000000000034,-31.292227272727278,True,217,-5.8619084657512115,0.2727380665203264,0.016126783398908273,26.986179615802346,49.311508382707316,53.85852727272727,ok
1992-05,1992-06,1992,6,2,0.5830833333333333,1.0095,1.1555833333333334,8.599109090909092,-0.5725000000000001,-7.589609090909092,True,217,-5.8619084657512115,0.2727380665203264,0.016126783398908273,26.986179615802346,2.5810580820749935,8.026609090909092,ok
1992-06,1992-07,1992,7,2,0.4017916666666667,2.0289,0.6696666666666666,6.000227272727273,-0.2678749999999999,-3.9713272727272733,True,217,-5.8619084657512115,0.2727380665203264,0.016126783398908273,26.986179615802346,0.0652590974069295,5.732352272727273,ok
1992-07,1992-08,1992,8,2,0.1675,13.0445,1.3392499999999998,14.701527272727276,-1.1717499999999998,-1.6570272727272766,True,217,-5.8619084657512115,0.2727380665203264,0.016126783398908273,26.986179615802346,8.520037977530873,13.529777272727276,ok
1992-08,1992-09,1992,9,2,3.671958333333333,135.5711,5.24875,73.26799999999999,-1.5767916666666673,62.303100000000015,True,217,-5.8619084657512115,0.2727380665203264,0.016126783398908273,26.986179615802346,66.97604042377674,71.69120833333332,ok
1992-09,1992-10,1992,10,2,11.483624999999998,62.0723,20.93616666666667,159.10182727272726,-9.45254166666667,-97.02952727272726,True,217,-5.8619084657512115,0.2727380665203264,0.016126783398908273,26.986179615802346,150.66185086910656,149.6492856060606,ok
1992-10,1992-11,1992,11,2,99.50041666666665,214.2915,68.93625,198.58244545454545,30.56416666666665,15.709054545454563,True,217,-5.8619084657512115,0.2727380665203264,0.016126783398908273,26.986179615802346,201.0565487102659,229.14661212121212,ok
1992-11,1992-12,1992,12,2,144.77870833333333,239.5717,216.23608333333334,200.44212727272725,-71.45737500000001,39.129572727272745,True,217,-5.8619084657512115,0.2727380665203264,0.016126783398908273,26.986179615802346,175.0910725108581,128.98475227272723,ok
1992-12,1993-01,1993,1,2,223.50125,121.8043,266.00983333333335,297.75595833333324,-42.50858333333335,-175.95165833333323,True,216,-6.738143022233422,0.3053255081989525,0.020955248539770377,27.300891065086955,278.03886050203226,255.2473749999999,ok
1993-01,1993-02,1993,2,2,232.16245833333335,307.8407,286.38645833333334,212.62578333333337,-54.22399999999999,95.21491666666665,True,216,-6.738143022233422,0.3053255081989525,0.020955248539770377,27.300891065086955,189.33166995451995,158.40178333333338,ok
1993-02,1993-03,1993,3,2,336.52975,153.1779,317.89820833333334,287.80171666666666,18.631541666666635,-134.62381666666667,True,216,-6.738143022233422,0.3053255081989525,0.020955248539770377,27.300891065086955,286.7522585723382,306.4332583333333,ok
1993-03,1993-04,1993,4,2,187.59595833333333,250.0943,218.72160416666668,198.51559999999998,-31.12564583333335,51.578700000000026,True,216,-6.738143022233422,0.3053255081989525,0.020955248539770377,27.300891065086955,182.27400334568344,167.38995416666663,ok
1993-04,1993-05,1993,5,2,40.18720833333334,95.5974,22.029833333333336,53.058841666666666,18.157375000000002,42.53855833333333,True,216,-6.738143022233422,0.3053255081989525,0.020955248539770377,27.300891065086955,51.8646083938672,71.21621666666667,ok
1993-05,1993-06,1993,6,2,1.7819166666666666,0.586,0.8693333333333333,7.966641666666668,0.9125833333333333,-7.380641666666667,True,216,-6.738143022233422,0.3053255081989525,0.020955248539770377,27.300891065086955,1.5071336144571394,8.879225000000002,ok
1993-06,1993-07,1993,7,2,1.406125,1.8793,0.5357291666666667,5.669283333333335,0.8703958333333334,-3.7899833333333355,True,216,-6.738143022233422,0.3053255081989525,0.020955248539770377,27.300891065086955,-0.8031056387533362,6.5396791666666685,ok
1993-07,1993-08,1993,8,2,1.2834583333333334,40.5665,0.7533749999999999,14.56344166666667,0.5300833333333335,26.00305833333333,True,216,-6.738143022233422,0.3053255081989525,0.020955248539770377,27.300891065086955,7.9871466075710424,15.093525000000003,ok
1993-08,1993-09,1993,9,2,7.873083333333334,56.4376,4.460354166666667,78.45992499999998,3.412729166666667,-22.02232499999998,True,216,-6.738143022233422,0.3053255081989525,0.020955248539770377,27.300891065086955,72.76377524492446,81.87265416666665,ok
1993-09,1993-10,1993,10,2,34.14966666666667,126.1723,16.209895833333334,151.01603333333333,17.939770833333334,-24.84373333333332,True,216,-6.738143022233422,0.3053255081989525,0.020955248539770377,27.300891065086955,149.75535995776013,168.95580416666667,ok
1993-10,1993-11,1993,11,2,132.732,225.9903,84.21833333333333,199.8915333333333,48.513666666666666,26.098766666666677,True,216,-6.738143022233422,0.3053255081989525,0.020955248539770377,27.300891065086955,207.96585024069446,248.40519999999998,ok
1993-11,1993-12,1993,12,2,247.01537499999998,216.8044,180.50739583333333,203.70292499999996,66.50797916666664,13.101475000000022,True,216,-6.738143022233422,0.3053255081989525,0.020955248539770377,27.300891065086955,217.27136451611437,270.21090416666664,ok
1993-12,1994-01,1994,1,2,268.69925,330.218,244.75554166666666,284.2212153846153,23.943708333333348,45.99678461538474,True,216,-7.577543732356437,0.2695281165123132,0.016168261149420715,28.009031442336774,283.09717426166236,308.1649237179486,ok
1994-01,1994-02,1994,2,2,301.48270833333333,306.4669,268.3117916666667,219.95000769230774,33.17091666666664,86.51689230769227,True,216,-7.577543732356437,0.2695281165123132,0.016168261149420715,28.009031442336774,221.31295865210484,253.12092435897438,ok
1994-02,1994-03,1994,3,2,288.564125,311.1998,324.10872222222224,277.4460384615385,-35.54459722222225,33.753761538461504,True,216,-7.577543732356437,0.2695281165123132,0.016168261149420715,28.009031442336774,260.28822638768764,241.90144123931623,ok
1994-03,1994-04,1994,4,2,226.692,176.4476,208.3463888888889,202.48319230769232,18.34561111111111,-26.035592307692326,True,216,-7.577543732356437,0.2695281165123132,0.016168261149420715,28.009031442336774,199.85030658438103,220.82880341880343,ok
1994-04,1994-05,1994,5,2,38.8145,50.2617,28.082291666666674,56.33103846153846,10.732208333333329,-6.0693384615384645,True,216,-7.577543732356437,0.2695281165123132,0.016168261149420715,28.009031442336774,51.64612662728311,67.06324679487179,ok
1994-05,1994-06,1994,6,2,2.062625,40.3001,1.1735277777777777,7.398900000000001,0.8890972222222224,32.9012,True,216,-7.577543732356437,0.2695281165123132,0.016168261149420715,28.009031442336774,0.06099296734544912,8.287997222222224,ok
1994-06,1994-07,1994,7,2,1.2053333333333334,1.843,0.8258611111111112,5.3777461538461555,0.3794722222222222,-3.5347461538461555,True,216,-7.577543732356437,0.2695281165123132,0.016168261149420715,28.009031442336774,-2.0975191451859843,5.757218376068378,ok
1994-07,1994-08,1994,8,2,1.37275,6.3765,0.9300694444444444,16.563676923076926,0.4426805555555555,-10.187176923076926,True,216,-7.577543732356437,0.2695281165123132,0.016168261149420715,28.009031442336774,9.105448047076003,17.00635747863248,ok
1994-08,1994-09,1994,9,2,5.173291666666667,57.4679,5.597930555555556,76.76589999999999,-0.42463888888888945,-19.297999999999988,True,216,-7.577543732356437,0.2695281165123132,0.016168261149420715,28.009031442336774,69.07390414772345,76.3412611111111,ok
1994-09,1994-10,1994,10,2,20.925,114.0829,22.189819444444442,149.10497692307692,-1.2648194444444414,-35.02207692307692,True,216,-7.577543732356437,0.2695281165123132,0.016168261149420715,28.009031442336774,141.1865287881312,147.84015747863248,ok
1994-10,1994-11,1994,11,2,64.47591666666666,151.223,100.38955555555556,201.89913076923074,-35.9136388888889,-50.676130769230724,True,216,-7.577543732356437,0.2695281165123132,0.016168261149420715,28.009031442336774,184.6418515900487,165.98549188034184,ok
1994-11,1994-12,1994,12,2,186.74020833333336,200.9509,202.67672222222222,204.71073076923074,-15.936513888888868,-3.7598307692307458,True,216,-7.577543732356437,0.2695281165123132,0.016168261149420715,28.009031442336774,192.83784846462976,188.77421688034187,ok
1994-12,1995-01,1995,1,2,279.59158333333335,156.6185,252.73677777777777,287.5066999999999,26.854805555555572,-130.8881999999999,True,216,-6.681593290159974,0.3011932393278557,0.021027275684437297,28.03015248097397,288.9135925866374,314.3615055555555,ok
1995-01,1995-02,1995,2,2,274.36741666666666,232.7107,276.60452083333337,226.12978571428576,-2.237104166666711,6.580914285714243,True,216,-6.681593290159974,0.3011932393278557,0.021027275684437297,28.03015248097397,218.7743917734536,223.89268154761905,ok
1995-02,1995-03,1995,3,2,362.008125,218.3206,315.22257291666665,279.8570214285714,46.78555208333336,-61.53642142857137,True,216,-6.681593290159974,0.3011932393278557,0.021027275684437297,28.03015248097397,287.2669201241327,326.64257351190474,ok
1995-03,1995-04,1995,4,2,251.19720833333335,255.6784,212.93279166666667,200.62350714285714,38.264416666666676,55.054892857142875,True,216,-6.681593290159974,0.3011932393278557,0.021027275684437297,28.03015248097397,205.46689745952128,238.8879238095238,ok
1995-04,1995-05,1995,5,2,39.283208333333334,188.1476,30.765343750000007,55.89751428571429,8.517864583333328,132.25008571428572,True,216,-6.681593290159974,0.3011932393278557,0.021027275684437297,28.03015248097397,51.78144422156449,64.41537886904761,ok
1995-05,1995-06,1995,6,2,1.220375,0.5023,1.3958020833333333,9.748985714285714,-0.17542708333333334,-9.246685714285714,True,216,-6.681593290159974,0.3011932393278557,0.021027275684437297,28.03015248097397,3.0145549726307364,9.57355863095238,ok
1995-06,1995-07,1995,7,2,0.5357500000000001,1.9521,0.9207291666666667,5.125264285714287,-0.38497916666666665,-3.1731642857142877,True,216,-6.681593290159974,0.3011932393278557,0.021027275684437297,28.03015248097397,-1.6722821267277581,4.740285119047621,ok
1995-07,1995-08,1995,8,2,0.08933333333333333,1.2264,1.0407395833333333,15.83602142857143,-0.9514062499999999,-14.60962142857143,True,216,-6.681593290159974,0.3011932393278557,0.021027275684437297,28.03015248097397,8.867871008057188,14.88461517857143,ok
1995-08,1995-09,1995,9,2,0.9180416666666668,24.8694,5.491770833333334,75.38747142857142,-4.573729166666667,-50.51807142857142,True,216,-6.681593290159974,0.3011932393278557,0.021027275684437297,28.03015248097397,67.3283018348948,70.81374226190475,ok
1995-09,1995-10,1995,10,2,8.291916666666667,82.7379,21.87361458333333,146.6034,-13.581697916666664,-63.8655,True,216,-6.681593290159974,0.3011932393278557,0.021027275684437297,28.03015248097397,135.8310911187468,133.02170208333334,ok
1995-10,1995-11,1995,11,2,101.13116666666667,247.2129,91.41114583333334,198.2794071428571,9.720020833333336,48.93349285714288,True,216,-6.681593290159974,0.3011932393278557,0.021027275684437297,28.03015248097397,194.52541841382305,207.99942797619045,ok
1995-11,1995-12,1995,12,2,214.60675,191.1246,198.69259375000001,204.44217142857138,15.91415624999999,-13.317571428571398,True,216,-6.681593290159974,0.3011932393278557,0.021027275684437297,28.03015248097397,202.55381441051856,220.35632767857138,ok
1995-12,1996-01,1996,1,2,207.85500000000002,224.1528,259.4504791666667,278.7808199999999,-51.59547916666668,-54.62801999999988,True,216,-7.376164405570587,0.35730456337841715,0.02668914946070844,26.925906994410088,252.96935543848323,227.1853408333332,ok
1996-01,1996-02,1996,2,2,188.911875,225.4247,276.1571,226.56851333333336,-87.245225,-1.1438133333333553,True,216,-7.376164405570587,0.35730456337841715,0.02668914946070844,26.925906994410088,188.019231902286,139.32328833333335,ok
1996-02,1996-03,1996,3,2,287.0240833333333,302.7974,324.5796833333333,275.75459333333333,-37.55560000000003,27.04280666666665,True,216,-7.376164405570587,0.35730456337841715,0.02668914946070844,26.925906994410088,254.95964166734825,238.1989933333333,ok
1996-03,1996-04,1996,4,2,190.0259583333333,321.9434,220.58567499999998,204.29383333333334,-30.559716666666674,117.64956666666666,True,216,-7.376164405570587,0.35730456337841715,0.02668914946070844,26.925906994410088,185.99854270721127,173.73411666666667,ok
1996-04,1996-05,1996,5,2,31.660833333333333,98.9982,32.46891666666667,64.71418666666666,-0.8080833333333395,34.284013333333334,True,216,-7.376164405570587,0.35730456337841715,0.02668914946070844,26.925906994410088,57.04929039850603,63.90610333333332,ok
1996-05,1996-06,1996,6,2,1.728,0.4652,1.3607166666666666,9.13254,0.3672833333333334,-8.667340000000001,True,216,-7.376164405570587,0.35730456337841715,0.02668914946070844,26.925906994410088,1.8876076054822497,9.499823333333334,ok
1996-06,1996-07,1996,7,2,0.9375,1.9521,0.8437333333333333,4.913720000000001,0.09376666666666666,-2.9616200000000017,True,216,-7.376164405570587,0.35730456337841715,0.02668914946070844,26.925906994410088,-2.428941147677803,5.007486666666668,ok
1996-07,1996-08,1996,8,2,0.12274999999999998,1.4883,0.8504583333333333,14.862046666666668,-0.7277083333333333,-13.373746666666667,True,216,-7.376164405570587,0.35730456337841715,0.02668914946070844,26.925906994410088,7.225868752787578,14.134338333333334,ok
1996-08,1996-09,1996,9,2,5.626833333333334,9.7369,4.577025000000001,72.0196,1.049808333333333,-62.2827,True,216,-7.376164405570587,0.35730456337841715,0.02668914946070844,26.925906994410088,65.0185369026021,73.06940833333333,ok
1996-09,1996-10,1996,10,2,37.743125,145.0933,19.157275,142.3457,18.58585,2.7476000000000056,True,216,-7.376164405570587,0.35730456337841715,0.02668914946070844,26.925906994410088,141.61034461369616,160.93155,ok
1996-10,1996-11,1996,11,2,126.83516666666667,222.7092,93.35515000000001,201.54163999999997,33.48001666666666,21.167560000000037,True,216,-7.376164405570587,0.35730456337841715,0.02668914946070844,26.925906994410088,206.12803833141484,235.02165666666662,ok
1996-11,1996-12,1996,12,2,261.478875,130.1745,201.875425,203.55433333333332,59.60345000000001,-73.37983333333332,True,216,-7.376164405570587,0.35730456337841715,0.02668914946070844,26.925906994410088,217.47475360586006,263.1577833333333,ok
1996-12,1997-01,1997,1,2,220.28716666666665,403.2083,249.13138333333336,275.36656875,-28.84421666666671,127.84173125000001,True,216,-8.082719963589309,0.31478408280828124,0.024152995298085234,28.132377614063152,258.2041484986707,246.5223520833333,ok
1997-01,1997-02,1997,2,2,254.4394583333333,180.4594,261.6162291666667,226.497025,-7.176770833333393,-46.03762500000002,True,216,-8.082719963589309,0.31478408280828124,0.024152995298085234,28.132377614063152,216.15517181211462,219.32025416666661,ok
1997-02,1997-03,1997,3,2,300.237375,452.1152,318.32041666666663,277.44476875,-18.083041666666645,174.67043125000004,True,216,-8.082719963589309,0.31478408280828124,0.024152995298085234,28.132377614063152,263.6697951009851,259.36172708333334,ok
1997-03,1997-04,1997,4,2,197.14316666666664,290.1342,215.49238888888888,211.64693125,-18.349222222222238,78.48726875000003,True,216,-8.082719963589309,0.31478408280828124,0.024152995298085234,28.132377614063152,197.7881681989431,193.29770902777776,ok
1997-04,1997-05,1997,5,2,20.958375,68.9381,32.33423611111112,66.8569375,-11.375861111111117,2.081162500000005,True,216,-8.082719963589309,0.31478408280828124,0.024152995298085234,28.132377614063152,55.19327753039518,55.48107638888888,ok
1997-05,1997-06,1997,6,2,1.4688333333333334,0.6576,1.4219305555555557,8.59083125,0.04690277777777774,-7.93323125,True,216,-8.082719963589309,0.31478408280828124,0.024152995298085234,28.132377614063152,0.5228755342946304,8.637734027777778,ok
1997-06,1997-07,1997,7,2,0.25675,1.9683,0.8593611111111111,4.72861875,-0.6026111111111112,-2.7603187499999997,True,216,-8.082719963589309,0.31478408280828124,0.024152995298085234,28.132377614063152,-3.5437935994904994,4.126007638888889,ok
1997-07,1997-08,1997,8,2,4.2855,1.2265,0.729173611111111,14.026187499999999,3.556326388888889,-12.7996875,True,216,-8.082719963589309,0.31478408280828124,0.024152995298085234,28.132377614063152,7.062942476903966,17.582513888888887,ok
1997-08,1997-09,1997,9,2,7.484333333333333,47.0877,4.751993055555556,68.12693125,2.7323402777777765,-21.03923125,True,216,-8.082719963589309,0.31478408280828124,0.024152995298085234,28.132377614063152,60.90430851467109,70.85927152777778,ok
1997-09,1997-10,1997,10,2,15.110708333333335,98.1562,22.254916666666663,142.517425,-7.144208333333328,-44.361225000000005,True,216,-8.082719963589309,0.31478408280828124,0.024152995298085234,28.132377614063152,132.18582196881107,135.37321666666668,ok
1997-10,1997-11,1997,11,2,61.732708333333335,75.7109,98.93515277777777,202.86461250000002,-37.20244444444444,-127.15371250000003,True,216,-8.082719963589309,0.31478408280828124,0.024152995298085234,28.132377614063152,183.07115518374022,165.66216805555558,ok
1997-11,1997-12,1997,12,2,200.73495833333334,199.815,211.80933333333337,198.96809374999998,-11.074375000000032,0.8469062500000177,True,216,-8.082719963589309,0.31478408280828124,0.024152995298085234,28.132377614063152,187.3993368093607,187.89371874999995,ok
1997-12,1998-01,1998,1,2,217.318625,347.458,244.3240138888889,282.8866705882353,-27.005388888888916,64.57132941176474,True,216,-5.801735664061568,0.26620497668652576,0.014633907443086569,26.409218070801813,269.89596600459646,255.88128169934637,ok
1998-01,1998-02,1998,2,2,257.64479166666666,127.8253,260.5909761904762,223.7889294117647,-2.9461845238095634,-95.96362941176471,True,216,-5.801735664061568,0.26620497668652576,0.014633907443086569,26.409218070801813,217.20290476522823,220.84274488795515,ok
1998-02,1998-03,1998,3,2,237.16125,242.0988,315.737125,287.7195,-78.575875,-45.62069999999997,True,216,-5.801735664061568,0.26620497668652576,0.014633907443086569,26.409218070801813,261.00047536344005,209.143625,ok
1998-03,1998-04,1998,4,2,145.74604166666668,54.1047,212.87107142857144,216.2638294117647,-67.12502976190476,-162.1591294117647,True,216,-5.801735664061568,0.26620497668652576,0.014633907443086569,26.409218070801813,192.59307676485292,149.13879964985995,ok
1998-04,1998-05,1998,5,2,18.994291666666665,74.6596,30.7091130952381,66.97935882352942,-11.714821428571433,7.680241176470574,True,216,-5.801735664061568,0.26620497668652576,0.014633907443086569,26.409218070801813,58.05907939418819,55.26453739495799,ok
1998-05,1998-06,1998,6,2,1.41475,16.0121,1.4286309523809524,8.124170588235295,-0.013880952380952438,7.887929411764706,True,216,-5.801735664061568,0.26620497668652576,0.014633907443086569,26.409218070801813,2.318739745568768,8.110289635854341,ok
1998-06,1998-07,1998,7,2,0.23445833333333335,3.3565,0.7732738095238095,4.566247058823529,-0.5388154761904762,-1.2097470588235288,True,216,-5.801735664061568,0.26620497668652576,0.014633907443086569,26.409218070801813,-1.3789239665156643,4.027431582633053,ok
1998-07,1998-08,1998,8,2,0.32366666666666666,1.2501,1.2372202380952382,13.273264705882351,-0.9135535714285715,-12.023164705882351,True,216,-5.801735664061568,0.26620497668652576,0.014633907443086569,26.409218070801813,7.228336534636748,12.359711134453779,ok
1998-08,1998-09,1998,9,2,4.622375,13.3474,5.1423273809523815,66.8893294117647,-0.5199523809523816,-53.541929411764706,True,216,-5.801735664061568,0.26620497668652576,0.014633907443086569,26.409218070801813,60.949179836253606,66.36937703081233,ok
1998-09,1998-10,1998,10,2,14.90975,89.2952,21.23431547619047,139.9079411764706,-6.32456547619047,-50.61274117647059,True,216,-5.801735664061568,0.26620497668652576,0.014633907443086569,26.409218070801813,132.42257470726733,133.58337570028013,ok
1998-10,1998-11,1998,11,2,149.56916666666666,245.1679,93.62051785714286,195.3849823529412,55.9486488095238,49.78291764705881,True,216,-5.801735664061568,0.26620497668652576,0.014633907443086569,26.409218070801813,204.47705544086153,251.333631162465,ok
1998-11,1998-12,1998,12,2,304.7461666666667,138.7974,210.2272797619048,199.01791176470587,94.51888690476187,-60.22051176470586,True,216,-5.801735664061568,0.26620497668652576,0.014633907443086569,26.409218070801813,218.3775741855628,293.53679866946777,ok
1998-12,1999-01,1999,1,2,290.62870833333335,215.817,240.46610119047622,286.4739666666667,50.16260714285713,-70.65696666666668,True,216,-7.671474399203891,0.273242431364778,0.01707195207789136,27.710771499532704,292.50904500677325,336.63657380952384,ok
1999-01,1999-02,1999,2,2,209.26083333333335,131.3784,260.222703125,218.4576166666667,-50.96186979166666,-87.0792166666667,True,216,-7.671474399203891,0.273242431364778,0.01707195207789136,27.710771499532704,196.86119705869257,167.49574687500004,ok
1999-02,1999-03,1999,3,2,285.059875,283.9542,305.915140625,285.1850166666666,-20.855265625000015,-1.2308166666666125,True,216,-7.671474399203891,0.273242431364778,0.01707195207789136,27.710771499532704,271.81499878132945,264.3297510416666,ok
1999-03,1999-04,1999,4,2,180.52200000000002,162.6196,204.48044270833333,207.25498888888887,-23.95844270833331,-44.63538888888888,True,216,-7.671474399203891,0.273242431364778,0.01707195207789136,27.710771499532704,193.03705135234625,183.29654618055557,ok
1999-04,1999-05,1999,5,2,24.28408333333333,177.0923,29.244760416666665,67.40603888888889,-4.960677083333334,109.68626111111111,True,216,-7.671474399203891,0.273242431364778,0.01707195207789136,27.710771499532704,58.37909702221946,62.44536180555555,ok
1999-05,1999-06,1999,6,2,3.207541666666667,0.6859,1.4268958333333333,8.56238888888889,1.780645833333334,-7.87648888888889,True,216,-7.671474399203891,0.273242431364778,0.01707195207789136,27.710771499532704,1.3774624865845602,10.343034722222225,ok
1999-06,1999-07,1999,7,2,0.6472916666666667,1.9885,0.705921875,4.499038888888888,-0.05863020833333332,-2.510538888888888,True,216,-7.671474399203891,0.273242431364778,0.01707195207789136,27.710771499532704,-3.188455770991426,4.440408680555555,ok
1999-07,1999-08,1999,8,2,0.18975,1.2624,1.1230260416666666,12.60531111111111,-0.9332760416666667,-11.34291111111111,True,216,-7.671474399203891,0.273242431364778,0.01707195207789136,27.710771499532704,4.678826097147723,11.672035069444444,ok
1999-08,1999-09,1999,9,2,2.624375,72.5879,5.077333333333334,63.914777777777786,-2.4529583333333336,8.673122222222219,True,216,-7.671474399203891,0.273242431364778,0.01707195207789136,27.710771499532704,55.57305107953741,61.46181944444445,ok
1999-09,1999-10,1999,10,2,19.652791666666666,112.4277,20.443744791666667,137.09612222222222,-0.7909531250000015,-24.66842222222222,True,216,-7.671474399203891,0.273242431364778,0.01707195207789136,27.710771499532704,129.20852586804776,136.30516909722223,ok
1999-10,1999-11,1999,11,2,105.883125,349.1067,100.61409895833333,198.15070000000003,5.269026041666677,150.95599999999996,True,216,-7.671474399203891,0.273242431364778,0.01707195207789136,27.710771499532704,191.91894708734546,203.4197260416667,ok
1999-11,1999-12,1999,12,2,270.45141666666666,242.5365,222.042140625,195.67232777777775,48.40927604166666,46.86417222222224,True,216,-7.671474399203891,0.273242431364778,0.01707195207789136,27.710771499532704,201.22832166480754,244.0816038194444,ok
1999-12,2000-01,2000,1,2,222.24024999999997,260.085,246.73642708333335,282.7551789473684,-24.49617708333338,-22.670178947368413,True,216,-7.248036881694862,0.3108063577666029,0.02078486035182736,27.457274745481758,267.89357448719693,258.259001864035,ok
2000-01,2000-02,2000,2,2,222.99841666666666,271.7656,254.56027314814816,213.8745,-31.5618564814815,57.891099999999994,True,216,-7.248036881694862,0.3108063577666029,0.02078486035182736,27.457274745481758,196.81683746094362,182.3126435185185,ok
2000-02,2000-03,2000,3,2,280.439625,185.8099,303.59788888888886,285.12023684210527,-23.158263888888882,-99.31033684210527,True,216,-7.248036881694862,0.3108063577666029,0.02078486035182736,27.457274745481758,270.674464308907,261.9619729532164,ok
2000-03,2000-04,2000,4,2,138.33716666666666,184.1135,201.81839351851852,204.90575789473684,-63.48122685185186,-20.79225789473685,True,216,-7.248036881694862,0.3108063577666029,0.02078486035182736,27.457274745481758,177.9273521086624,141.42453104288498,ok
2000-04,2000-05,2000,5,2,19.0055,53.6399,28.693574074074075,73.179,-9.688074074074073,-19.539100000000005,True,216,-7.248036881694862,0.3108063577666029,0.02078486035182736,27.457274745481758,62.91984810156913,63.49092592592593,ok
2000-05,2000-06,2000,6,2,2.160041666666667,4.8153,1.6247453703703705,8.147836842105264,0.5352962962962964,-3.332536842105264,True,216,-7.248036881694862,0.3108063577666029,0.02078486035182736,27.457274745481758,1.0661734525882058,8.68313313840156,ok
2000-06,2000-07,2000,7,2,0.6138750000000001,10.0203,0.6994074074074075,4.366905263157895,-0.08553240740740742,5.653394736842106,True,216,-7.248036881694862,0.3108063577666029,0.02078486035182736,27.457274745481758,-2.9077156345542727,4.2813728557504875,ok
2000-07,2000-08,2000,8,2,1.2946250000000001,7.9948,1.0193287037037038,12.008315789473684,0.27529629629629637,-4.013515789473685,True,216,-7.248036881694862,0.3108063577666029,0.02078486035182736,27.457274745481758,4.8458427469373095,12.283612085769981,ok
2000-08,2000-09,2000,9,2,10.854041666666667,123.9327,4.804782407407408,64.37125789473684,6.04925925925926,59.561442105263154,True,216,-7.248036881694862,0.3108063577666029,0.02078486035182736,27.457274745481758,59.003369250598254,70.4205171539961,ok
2000-09,2000-10,2000,10,2,35.566916666666664,86.4072,20.35586111111111,135.79778421052632,15.211055555555554,-49.39058421052631,True,216,-7.248036881694862,0.3108063577666029,0.02078486035182736,27.457274745481758,133.27744010383913,151.00883976608188,ok
2000-10,2000-11,2000,11,2,79.40162500000001,192.5216,101.1995462962963,206.09575263157896,-21.797921296296295,-13.574152631578954,True,216,-7.248036881694862,0.3108063577666029,0.02078486035182736,27.457274745481758,192.07278322489918,184.29783133528267,ok
2000-11,2000-12,2000,12,2,161.630375,222.6176,227.4209490740741,198.13886315789472,-65.7905740740741,24.47873684210529,True,216,-7.248036881694862,0.3108063577666029,0.02078486035182736,27.457274745481758,170.44269757286298,132.34828908382062,ok
2000-12,2001-01,2001,1,2,303.03862499999997,192.5309,244.01462962962964,281.62167,59.02399537037033,-89.09076999999999,True,216,-6.255988713932663,0.34019669625216653,0.025059036891608155,27.72116172475852,295.4454495106705,340.64566537037035,ok
2001-01,2001-02,2001,2,2,239.76279166666666,153.1069,251.4040875,216.76905500000004,-11.641295833333345,-63.66215500000004,True,216,-6.255988713932663,0.34019669625216653,0.025059036891608155,27.72116172475852,206.55273590347326,205.1277591666667,ok
2001-02,2001-03,2001,3,2,352.86812499999996,249.1479,301.2820625,280.15472,51.58606249999997,-31.006820000000005,True,216,-6.255988713932663,0.34019669625216653,0.025059036891608155,27.72116172475852,291.4481393212251,331.74078249999997,ok
2001-03,2001-04,2001,4,2,203.87170833333334,196.9268,195.47027083333333,203.866145,8.401437500000014,-6.939345000000003,True,216,-6.255988713932663,0.34019669625216653,0.025059036891608155,27.72116172475852,200.4682975673364,212.2675825,ok
2001-04,2001-05,2001,5,2,16.092791666666667,140.175,27.724766666666664,72.202045,-11.631974999999997,67.97295500000001,True,216,-6.255988713932663,0.34019669625216653,0.025059036891608155,27.72116172475852,61.98889682017954,60.57007,ok
2001-05,2001-06,2001,6,2,1.0368333333333333,5.0237,1.678275,7.981210000000002,-0.6414416666666667,-2.957510000000002,True,216,-6.255988713932663,0.34019669625216653,0.025059036891608155,27.72116172475852,1.5070049502288556,7.3397683333333354,ok
2001-06,2001-07,2001,7,2,2.0200833333333335,2.3266,0.6908541666666668,4.6495750000000005,1.3292291666666667,-2.3229750000000005,True,216,-6.255988713932663,0.34019669625216653,0.025059036891608155,27.72116172475852,-1.1542143428706417,5.978804166666667,ok
2001-07,2001-08,2001,8,2,2.6226249999999998,7.2041,1.0468583333333332,11.80764,1.5757666666666665,-4.603539999999999,True,216,-6.255988713932663,0.34019669625216653,0.025059036891608155,27.72116172475852,6.087721900131625,13.383406666666666,ok
2001-08,2001-09,2001,9,2,6.717624999999999,33.0017,5.409708333333334,67.34933000000001,1.3079166666666655,-34.34763000000001,True,216,-6.255988713932663,0.34019669625216653,0.025059036891608155,27.72116172475852,61.53829021504049,68.65724666666668,ok
2001-09,2001-10,2001,10,2,20.22191666666667,130.0808,21.876966666666668,133.328255,-1.6550499999999992,-3.247455000000002,True,216,-6.255988713932663,0.34019669625216653,0.025059036891608155,27.72116172475852,126.5092237439352,131.67320500000002,ok
2001-10,2001-11,2001,11,2,141.99837499999998,196.3446,99.01975416666667,205.417045,42.97862083333331,-9.072444999999988,True,216,-6.255988713932663,0.34019669625216653,0.025059036891608155,27.72116172475852,213.78224110304188,248.3956658333333,ok
2001-11,2001-12,2001,12,2,243.57816666666668,209.0467,220.8418916666667,199.3628,22.736274999999978,9.683899999999994,True,216,-6.255988713932663,0.34019669625216653,0.025059036891608155,27.72116172475852,200.84161692614805,222.09907499999997,ok
2001-12,2002-01,2002,1,2,278.89958333333334,368.8524,249.91702916666668,277.3792523809524,28.98255416666666,91.47314761904761,True,216,-6.588790415299466,0.25731693580036696,0.014731995573169732,27.77123019125631,278.24816399548774,306.36180654761904,ok
2002-01,2002-02,2002,2,2,201.95266666666666,190.9456,250.3457878787879,213.73752380952382,-48.39312121212123,-22.79192380952381,True,216,-6.588790415299466,0.25731693580036696,0.014731995573169732,27.77123019125631,194.6963637301056,165.3444025974026,ok
2002-02,2002-03,2002,3,2,317.37925,178.8799,305.97170454545454,278.67820476190474,11.40754545454547,-99.79830476190475,True,216,-6.588790415299466,0.25731693580036696,0.014731995573169732,27.77123019125631,275.0247689879723,290.0857502164502,ok
2002-03,2002-04,2002,4,2,154.17004166666666,124.7968,196.23403787878786,203.53569999999996,-42.0639962121212,-78.73889999999996,True,216,-6.588790415299466,0.25731693580036696,0.014731995573169732,27.77123019125631,186.12313097187925,161.47170378787877,ok
2002-04,2002-05,2002,5,2,15.266916666666667,103.8934,26.66731439393939,75.43885238095238,-11.400397727272722,28.454547619047617,True,216,-6.588790415299466,0.25731693580036696,0.014731995573169732,27.77123019125631,65.91654655556563,64.03845465367966,ok
2002-05,2002-06,2002,6,2,3.5747916666666666,6.7952,1.6199621212121214,7.840376190476191,1.9548295454545452,-1.045176190476191,True,216,-6.588790415299466,0.25731693580036696,0.014731995573169732,27.77123019125631,1.7545965238251129,9.795205735930736,ok
2002-06,2002-07,2002,7,2,2.131625,2.1991,0.8116931818181818,4.538957142857143,1.3199318181818183,-2.339857142857143,True,216,-6.588790415299466,0.25731693580036696,0.014731995573169732,27.77123019125631,-1.7101924615223707,5.858888961038961,ok
2002-07,2002-08,2002,8,2,2.031125,1.0971,1.1901098484848485,11.588423809523809,0.8410151515151514,-10.49132380952381,True,216,-6.588790415299466,0.25731693580036696,0.014731995573169732,27.77123019125631,5.216040835973902,12.42943896103896,ok
2002-08,2002-09,2002,9,2,20.725291666666667,67.2486,5.528609848484849,65.71372857142858,15.196681818181819,1.534871428571421,True,216,-6.588790415299466,0.25731693580036696,0.014731995573169732,27.77123019125631,63.035301755916805,80.91041038961039,ok
2002-09,2002-10,2002,10,2,25.11,93.122,21.726507575757577,133.1736142857143,3.383492424242423,-40.05161428571431,True,216,-6.588790415299466,0.25731693580036696,0.014731995573169732,27.77123019125631,127.45545377332465,136.55710670995674,ok
2002-10,2002-11,2002,11,2,66.08512499999999,141.559,102.9269015151515,204.98502380952382,-36.84177651515151,-63.42602380952383,True,216,-6.588790415299466,0.25731693580036696,0.014731995573169732,27.77123019125631,188.91622035190366,168.14324729437232,ok
2002-11,2002-12,2002,12,2,194.184,198.8721,222.90882575757578,199.8239380952381,-28.724825757575786,-0.9518380952381165,True,216,-6.588790415299466,0.25731693580036696,0.014731995573169732,27.77123019125631,185.8437635345998,171.09911233766232,ok
2002-12,2003-01,2003,1,2,264.25775,226.3735,252.55180681818183,281.5371227272727,11.705943181818157,-55.16362272727267,True,216,-6.400742990456871,0.3054285409462457,0.02062973471390983,28.085061254613382,278.71170888323815,293.24306590909083,ok
2003-01,2003-02,2003,2,2,270.3557083333333,242.0345,246.31302777777776,212.70152727272728,24.042680555555563,29.332972727272733,True,216,-6.400742990456871,0.3054285409462457,0.02062973471390983,28.085061254613382,213.6441051247904,236.74420782828284,ok
2003-02,2003-03,2003,3,2,344.48679166666665,210.3821,306.9223333333333,274.1419181818182,37.564458333333334,-63.75981818181819,True,216,-6.400742990456871,0.3054285409462457,0.02062973471390983,28.085061254613382,279.21443289154735,311.70637651515153,ok
2003-03,2003-04,2003,4,2,231.2820416666667,166.9079,192.72870486111108,199.95665909090906,38.5533368055556,-33.048759090909044,True,216,-6.400742990456871,0.3054285409462457,0.02062973471390983,28.085061254613382,205.33120550958222,238.50999589646466,ok
2003-04,2003-05,2003,5,2,38.479708333333335,100.5299,25.717281249999996,76.7322409090909,12.762427083333339,23.797659090909093,True,216,-6.400742990456871,0.3054285409462457,0.02062973471390983,28.085061254613382,74.22950740162938,89.49466799242424,ok
2003-05,2003-06,2003,6,2,2.8079583333333336,12.2745,1.7828645833333334,7.792868181818182,1.0250937500000001,4.4816318181818176,True,216,-6.400742990456871,0.3054285409462457,0.02062973471390983,28.085061254613382,1.7052180797569265,8.817961931818182,ok
2003-06,2003-07,2003,7,2,0.18979166666666666,1.88,0.9216875,4.4326,-0.7318958333333333,-2.5526,True,216,-6.400742990456871,0.3054285409462457,0.02062973471390983,28.085061254613382,-2.191684866956508,3.7007041666666667,ok
2003-07,2003-08,2003,8,2,0.9039583333333333,33.5851,1.2601944444444444,11.111545454545455,-0.3562361111111111,22.47355454545454,True,216,-6.400742990456871,0.3054285409462457,0.02062973471390983,28.085061254613382,4.601997788439553,10.755309343434345,ok
2003-08,2003-09,2003,9,2,2.6784166666666667,34.1644,6.795000000000001,65.78349545454546,-4.116583333333335,-31.61909545454546,True,216,-6.400742990456871,0.3054285409462457,0.02062973471390983,28.085061254613382,58.125430422904955,61.66691212121212,ok
2003-09,2003-10,2003,10,2,18.938458333333333,102.8612,22.008465277777777,131.35308636363638,-3.0700069444444438,-28.491886363636382,True,216,-6.400742990456871,0.3054285409462457,0.02062973471390983,28.085061254613382,124.014675631443,128.28307941919195,ok
2003-10,2003-11,2003,11,2,81.04329166666666,171.1685,99.85675347222222,202.10202272727275,-18.813461805555562,-30.93352272727276,True,216,-6.400742990456871,0.3054285409462457,0.02062973471390983,28.085061254613382,189.9551115473971,183.2885609217172,ok
2003-11,2003-12,2003,12,2,211.64941666666667,191.1895,220.51509027777783,199.78067272727273,-8.865673611111163,-8.59117272727272,True,216,-6.400742990456871,0.3054285409462457,0.02062973471390983,28.085061254613382,190.67209998126853,190.91499911616157,ok
2003-12,2004-01,2004,1,2,288.05075,330.2411,253.52730208333332,279.13870434782604,34.52344791666667,51.10239565217398,True,216,-7.364489610697037,0.21269246275748627,0.00984283682073328,27.476146110762677,279.11709189740463,313.6621522644927,ok
2004-01,2004-02,2004,2,2,336.01141666666666,337.9902,248.16246474358974,213.97687391304348,87.84895192307692,124.01332608695654,True,216,-7.364489610697037,0.21269246275748627,0.00984283682073328,27.476146110762677,225.29719423752968,301.82582583612043,ok
2004-02,2004-03,2004,3,2,346.33945833333337,263.3091,309.81190705128205,271.369752173913,36.52755128205132,-8.060652173913013,True,216,-7.364489610697037,0.21269246275748627,0.00984283682073328,27.476146110762677,271.7743974038959,307.89730345596433,ok
2004-03,2004-04,2004,4,2,203.35325,153.5851,195.69434615384614,198.5197565217391,7.658903846153862,-44.9346565217391,True,216,-7.364489610697037,0.21269246275748627,0.00984283682073328,27.476146110762677,192.78425803210334,206.17866036789297,ok
2004-04,2004-05,2004,5,2,14.90975,29.0041,26.699006410256406,77.76692173913042,-11.789256410256405,-48.76282173913042,True,216,-7.364489610697037,0.21269246275748627,0.00984283682073328,27.476146110762677,67.89494614845647,65.97766532887402,ok
2004-05,2004-06,2004,6,2,1.0582916666666666,11.5046,1.861717948717949,7.987721739130435,-0.8034262820512823,3.5168782608695652,True,216,-7.364489610697037,0.21269246275748627,0.00984283682073328,27.476146110762677,0.4523494138598199,7.184295457079152,ok
2004-06,2004-07,2004,7,2,1.104875,24.0552,0.8653878205128205,4.321617391304348,0.23948717948717957,19.733582608695652,True,216,-7.364489610697037,0.21269246275748627,0.00984283682073328,27.476146110762677,-2.9919351013887168,4.561104570791527,ok
2004-07,2004-08,2004,8,2,0.558125,45.2683,1.2327916666666665,12.08865652173913,-0.6746666666666665,33.17964347826087,True,216,-7.364489610697037,0.21269246275748627,0.00984283682073328,27.476146110762677,4.580670396168376,11.413989855072463,ok
2004-08,2004-09,2004,9,2,8.402416666666667,24.8521,6.478339743589744,64.40875217391304,1.9240769230769237,-39.556652173913044,True,216,-7.364489610697037,0.21269246275748627,0.00984283682073328,27.476146110762677,57.45349922252009,66.33282909698997,ok
2004-09,2004-10,2004,10,2,14.943166666666668,156.836,21.7723108974359,130.11430869565217,-6.8291442307692325,26.721691304347843,True,216,-7.364489610697037,0.21269246275748627,0.00984283682073328,27.476146110762677,121.29731157998675,123.28516446488294,ok
2004-10,2004-11,2004,11,2,64.84325,135.0896,98.40956410256409,200.75708695652176,-33.56631410256409,-65.66748695652177,True,216,-7.364489610697037,0.21269246275748627,0.00984283682073328,27.476146110762677,186.25329533365903,167.19077285395767,ok
2004-11,2004-12,2004,12,2,223.03270833333332,159.7892,219.8331153846154,199.40714347826088,3.199592948717907,-39.617943478260884,True,216,-7.364489610697037,0.21269246275748627,0.00984283682073328,27.476146110762677,192.72318317164815,202.60673642697878,ok
2004-12,2005-01,2005,1,2,241.32387500000002,258.8253,256.1829519230769,281.2679708333333,-14.859076923076913,-22.442670833333295,True,216,-7.53837448700144,0.2643979630476226,0.016122078711985344,28.134959235005233,269.80088667510245,266.40889391025644,ok
2005-01,2005-02,2005,2,2,280.5767916666667,252.3165,254.4373898809524,219.14409583333335,26.139401785714284,33.17240416666664,True,216,-7.53837448700144,0.2643979630476226,0.016122078711985344,28.134959235005233,218.51692593375816,245.28349761904764,ok
2005-02,2005-03,2005,3,2,327.62399999999997,402.6636,312.42101785714283,271.03389166666665,15.202982142857138,131.62970833333333,True,216,-7.53837448700144,0.2643979630476226,0.016122078711985344,28.134959235005233,267.51515469048604,286.2368738095238,ok
2005-03,2005-04,2005,4,2,163.134125,143.7686,196.2414107142857,196.64747916666667,-33.107285714285695,-52.87887916666668,True,216,-7.53837448700144,0.2643979630476226,0.016122078711985344,28.134959235005233,180.35560577477244,163.54019345238098,ok
2005-04,2005-05,2005,5,2,33.0225,73.4273,25.85691666666666,75.7351375,7.165583333333341,-2.307837499999991,True,216,-7.53837448700144,0.2643979630476226,0.016122078711985344,28.134959235005233,70.0913286503799,82.90072083333334,ok
2005-05,2005-06,2005,6,2,1.0907083333333334,0.5479,1.8043303571428573,8.134258333333333,-0.7136220238095239,-7.586358333333333,True,216,-7.53837448700144,0.2643979630476226,0.016122078711985344,28.134959235005233,0.407203636850733,7.420636309523809,ok
2005-06,2005-07,2005,7,2,0.29020833333333335,1.8672,0.8824940476190476,5.14385,-0.5922857142857143,-3.2766499999999996,True,216,-7.53837448700144,0.2643979630476226,0.016122078711985344,28.134959235005233,-2.5511236234007897,4.551564285714285,ok
2005-07,2005-08,2005,8,2,0.6696666666666666,1.159,1.1846011904761904,13.471141666666666,-0.5149345238095238,-12.312141666666665,True,216,-7.53837448700144,0.2643979630476226,0.016122078711985344,28.134959235005233,5.79661954046709,12.956207142857142,ok
2005-08,2005-09,2005,9,2,3.76925,69.9723,6.61577380952381,62.760558333333336,-2.8465238095238097,7.2117416666666685,True,216,-7.53837448700144,0.2643979630476226,0.016122078711985344,28.134959235005233,54.46956874932724,59.914034523809526,ok
2005-09,2005-10,2005,10,2,14.106333333333334,43.3954,21.284514880952383,131.2277125,-7.178181547619049,-87.8323125,True,216,-7.53837448700144,0.2643979630476226,0.016122078711985344,28.134959235005233,121.79144143342205,124.04953095238095,ok
2005-10,2005-11,2005,11,2,71.43120833333333,162.476,96.01197023809523,198.02094166666666,-24.5807619047619,-35.54494166666666,True,216,-7.53837448700144,0.2643979630476226,0.016122078711985344,28.134959235005233,183.98346380188755,173.44017976190474,ok
2005-11,2005-12,2005,12,2,200.93583333333333,270.7065,220.06165773809525,197.75639583333336,-19.125824404761914,72.95010416666665,True,216,-7.53837448700144,0.2643979630476226,0.016122078711985344,28.134959235005233,185.16119233210634,178.63057142857144,ok
2005-12,2006-01,2006,1,2,221.44791666666666,166.8556,255.12158928571426,280.370264,-33.67367261904761,-113.51466400000001,True,216,-8.016948005115234,0.27315506596056294,0.01814664939770505,28.06789155273968,263.1551817294944,246.6965913809524,ok
2006-01,2006-02,2006,2,2,241.28495833333332,230.8724,256.1800166666667,220.470992,-14.895058333333367,10.401408000000004,True,216,-8.016948005115234,0.27315506596056294,0.01814664939770505,28.06789155273968,208.38538335335664,205.57593366666663,ok
2006-02,2006-03,2006,3,2,351.69629166666664,267.8005,313.43454999999994,276.29908,38.261741666666694,-8.498580000000004,True,216,-8.016948005115234,0.27315506596056294,0.01814664939770505,28.06789155273968,278.73352056360915,314.5608216666667,ok
2006-03,2006-04,2006,4,2,188.298,429.1988,194.03425833333333,194.53232400000002,-5.736258333333325,234.666476,True,216,-8.016948005115234,0.27315506596056294,0.01814664939770505,28.06789155273968,184.94848797147628,188.7960656666667,ok
2006-04,2006-05,2006,5,2,20.556791666666665,133.2095,26.334622222222215,75.642824,-5.77783055555555,57.56667599999999,True,216,-8.016948005115234,0.27315506596056294,0.01814664939770505,28.06789155273968,66.04763230837304,69.86499344444445,ok
2006-05,2006-06,2006,6,2,1.5767083333333334,0.6042,1.7567555555555556,7.830804,-0.18004722222222225,-7.226604,True,216,-8.016948005115234,0.27315506596056294,0.01814664939770505,28.06789155273968,-0.23532481597736135,7.650756777777778,ok
2006-06,2006-07,2006,7,2,1.3169583333333332,1.5265,0.8430083333333334,5.012783999999999,0.47394999999999987,-3.486283999999999,True,216,-8.016948005115234,0.27315506596056294,0.01814664939770505,28.06789155273968,-2.874702161603226,5.4867339999999984,ok
2006-07,2006-08,2006,8,2,0.8594166666666667,12.4889,1.1502722222222224,12.978655999999999,-0.29085555555555564,-0.48975599999999986,True,216,-8.016948005115234,0.27315506596056294,0.01814664939770505,28.06789155273968,4.882259326421991,12.687800444444443,ok
2006-08,2006-09,2006,9,2,8.229625,73.0467,6.426005555555556,63.049028,1.8036194444444442,9.997672000000001,True,216,-8.016948005115234,0.27315506596056294,0.01814664939770505,28.06789155273968,55.52474778319974,64.85264744444444,ok
2006-09,2006-10,2006,10,2,20.333541666666665,156.2402,20.805969444444447,127.71441999999999,-0.47242777777778144,28.525779999999997,True,216,-8.016948005115234,0.27315506596056294,0.01814664939770505,28.06789155273968,119.56842595408426,127.24199222222221,ok
2006-10,2006-11,2006,11,2,79.41233333333334,160.8529,94.37325277777776,196.59914399999997,-14.960919444444428,-35.74624399999996,True,216,-8.016948005115234,0.27315506596056294,0.01814664939770505,28.06789155273968,184.49554505720684,181.63822455555555,ok
2006-11,2006-12,2006,12,2,187.22025,150.7779,218.7866027777778,200.67440000000002,-31.56635277777781,-49.89650000000003,True,216,-8.016948005115234,0.27315506596056294,0.01814664939770505,28.06789155273968,184.03494281973647,169.1080472222222,ok
2006-12,2007-01,2007,1,2,254.001625,243.8694,252.87667777777776,276.0043153846154,1.1249472222222323,-32.13491538461537,True,216,-6.382920345040415,0.2471309401843655,0.014120538770896918,27.888095780891447,269.89940430426054,277.12926260683764,ok
2007-01,2007-02,2007,2,2,318.00391666666667,391.6001,255.24907552083332,220.87104615384618,62.75484114583335,170.72905384615382,True,216,-6.382920345040415,0.2471309401843655,0.014120538770896918,27.888095780891447,229.99678870229607,283.62588729967956,ok
2007-02,2007-03,2007,3,2,333.9184166666667,144.3091,315.82590885416664,275.9722115384615,18.09250781250006,-131.66311153846152,True,216,-6.382920345040415,0.2471309401843655,0.014120538770896918,27.888095780891447,274.0605096594172,294.0647193509616,ok
2007-03,2007-04,2007,4,2,156.62158333333335,203.9629,193.67574218750002,203.5579576923077,-37.05415885416667,0.4049423076922949,True,216,-6.382920345040415,0.2471309401843655,0.014120538770896918,27.888095780891447,188.01780823189623,166.50379883814102,ok
2007-04,2007-05,2007,5,2,19.742083333333333,59.8926,25.9735078125,77.85692692307693,-6.231424479166666,-17.964326923076925,True,216,-6.382920345040415,0.2471309401843655,0.014120538770896918,27.888095780891447,69.93402878781218,71.62550244391026,ok
2007-05,2007-06,2007,6,2,0.4967916666666667,0.6092,1.7455026041666666,7.5528576923076916,-1.2487109374999998,-6.943657692307692,True,216,-6.382920345040415,0.2471309401843655,0.014120538770896918,27.888095780891447,0.8613422392644008,6.304146754807691,ok
2007-06,2007-07,2007,7,2,0.6585416666666667,2.6528,0.8726302083333333,4.878696153846153,-0.21408854166666658,-2.2258961538461532,True,216,-6.382920345040415,0.2471309401843655,0.014120538770896918,27.888095780891447,-1.557132093779045,4.664607612179487,ok
2007-07,2007-08,2007,8,2,0.5469583333333333,1.474,1.1320937500000001,12.959819230769229,-0.5851354166666668,-11.485819230769229,True,216,-6.382920345040415,0.2471309401843655,0.014120538770896918,27.888095780891447,6.43229382007281,12.374683814102562,ok
2007-08,2007-09,2007,9,2,5.162416666666667,24.48,6.5387317708333335,63.43355384615385,-1.3763151041666664,-38.95355384615385,True,216,-6.382920345040415,0.2471309401843655,0.014120538770896918,27.888095780891447,56.71050345543078,62.057238741987184,ok
2007-09,2007-10,2007,10,2,16.617333333333335,90.3212,20.776442708333335,128.8115653846154,-4.159109375,-38.49036538461539,True,216,-6.382920345040415,0.2471309401843655,0.014120538770896918,27.888095780891447,121.40080042940161,124.65245600961539,ok
2007-10,2007-11,2007,11,2,79.06683333333334,140.1645,93.4381953125,195.22428846153844,-14.371361979166664,-55.05978846153843,True,216,-6.382920345040415,0.2471309401843655,0.014120538770896918,27.888095780891447,185.2897599188567,180.85292648237177,ok
2007-11,2007-12,2007,12,2,240.944375,154.6319,216.81370572916666,198.75530384615388,24.13066927083335,-44.12340384615388,True,216,-6.382920345040415,0.2471309401843655,0.014120538770896918,27.888095780891447,198.3358184852925,222.88597311698723,ok
2007-12,2008-01,2008,1,2,195.21062500000002,277.9576,252.94698697916664,274.81413333333336,-57.73636197916662,3.1434666666666544,True,216,-7.480955230862227,0.32219739184143964,0.02165851239760297,27.216198925880438,248.7306728583704,217.07777135416674,ok
2008-01,2008-02,2008,2,2,355.6490833333333,227.3554,258.9405367647059,227.19434444444445,96.70854656862741,0.1610555555555493,True,216,-7.480955230862227,0.32219739184143964,0.02165851239760297,27.216198925880438,250.87263068677038,323.9028910130719,ok
2008-02,2008-03,2008,3,2,277.95091666666667,291.7903,316.8901740196078,271.0958,-38.93925735294113,20.694500000000005,True,216,-7.480955230862227,0.32219739184143964,0.02165851239760297,27.216198925880438,251.06871760977756,232.15654264705887,ok
2008-03,2008-04,2008,4,2,204.1955,198.2004,191.49608578431375,203.57295555555558,12.69941421568626,-5.372555555555579,True,216,-7.480955230862227,0.32219739184143964,0.02165851239760297,27.216198925880438,200.18371846290157,216.27236977124184,ok
2008-04,2008-05,2008,5,2,22.24191666666667,156.4351,25.606953431372546,77.19158148148148,-3.365036764705877,79.24351851851853,True,216,-7.480955230862227,0.32219739184143964,0.02165851239760297,27.216198925880438,68.62642018158047,73.8265447167756,ok
2008-05,2008-06,2008,6,2,2.9484583333333334,1.2231,1.672049019607843,7.295685185185184,1.2764093137254904,-6.072585185185185,True,216,-7.480955230862227,0.32219739184143964,0.02165851239760297,27.216198925880438,0.22598570612743224,8.572094498910674,ok
2008-06,2008-07,2008,7,2,1.4954166666666666,1.8809,0.8600367647058823,4.796255555555555,0.6353799019607843,-2.915355555555555,True,216,-7.480955230862227,0.32219739184143964,0.02165851239760297,27.216198925880438,-2.479981928066438,5.4316354575163395,ok
2008-07,2008-08,2008,8,2,0.9486666666666667,10.0751,1.0976740196078432,12.534418518518518,-0.1490073529411765,-2.4593185185185167,True,216,-7.480955230862227,0.32219739184143964,0.02165851239760297,27.216198925880438,5.0054535071734465,12.385411165577342,ok
2008-08,2008-09,2008,9,2,6.642,35.7506,6.4577720588235294,61.99082962962963,0.1842279411764709,-26.24022962962963,True,216,-7.480955230862227,0.32219739184143964,0.02165851239760297,27.216198925880438,54.56923216091878,62.1750575708061,ok
2008-09,2008-10,2008,10,2,27.598625000000002,71.4708,20.531789215686278,127.38599629629628,7.066835784313724,-55.91519629629629,True,216,-7.480955230862227,0.32219739184143964,0.02165851239760297,27.216198925880438,122.1819571237117,134.45283208061,ok
2008-10,2008-11,2008,11,2,90.61195833333333,228.8043,92.59282107843137,193.185037037037,-1.9808627450980367,35.619262962963006,True,216,-7.480955230862227,0.32219739184143964,0.02165851239760297,27.216198925880438,185.0658529961083,191.20417429193895,ok
2008-11,2008-12,2008,12,2,218.95916666666668,198.2564,218.2331568627451,197.12110370370374,0.7260098039215848,1.135296296296275,True,216,-7.480955230862227,0.32219739184143964,0.02165851239760297,27.216198925880438,189.87406693811636,197.84711350762532,ok
2008-12,2009-01,2009,1,2,256.25595833333335,176.1671,249.55073039215682,274.9264,6.705227941176531,-98.7593,True,216,-7.867832686946311,0.2580959371284889,0.016203546347019038,28.196890994744955,268.7891594021918,281.63162794117653,ok
2009-01,2009-02,2009,2,2,259.47929166666665,173.2144,264.31323379629634,227.20009642857144,-4.8339421296296905,-53.98569642857143,True,216,-7.867832686946311,0.2580959371284889,0.016203546347019038,28.196890994744955,218.08464291765347,222.36615429894175,ok
2009-02,2009-03,2009,3,2,277.2366666666667,237.6584,314.7268819444444,271.83488928571427,-37.490215277777736,-34.17648928571427,True,216,-7.867832686946311,0.2580959371284889,0.016203546347019038,28.196890994744955,254.29098435350113,234.34467400793653,ok
2009-03,2009-04,2009,4,2,206.7012083333333,291.4855,192.2016087962963,203.3810785714286,14.499599537037,88.10442142857141,True,216,-7.867832686946311,0.2580959371284889,0.016203546347019038,28.196890994744955,199.25553361498163,217.8806781084656,ok
2009-04,2009-05,2009,5,2,30.812749999999998,287.1656,25.42000694444444,80.02170714285715,5.392743055555556,207.14389285714282,True,216,-7.867832686946311,0.2580959371284889,0.016203546347019038,28.196890994744955,73.5457195285276,85.41445019841271,ok
2009-05,2009-06,2009,6,2,4.611625,15.2435,1.742960648148148,7.0788071428571415,2.868664351851852,8.164692857142857,True,216,-7.867832686946311,0.2580959371284889,0.016203546347019038,28.196890994744955,-0.04863492989087692,9.947471494708994,ok
2009-06,2009-07,2009,7,2,1.3839583333333334,2.7198,0.895335648148148,4.692135714285714,0.48862268518518537,-1.9723357142857134,True,216,-7.867832686946311,0.2580959371284889,0.016203546347019038,28.196890994744955,-3.0495854428254887,5.180758399470899,ok
2009-07,2009-08,2009,8,2,4.330125,15.226,1.0893958333333336,12.446585714285714,3.240729166666666,2.779414285714287,True,216,-7.867832686946311,0.2580959371284889,0.016203546347019038,28.196890994744955,5.415172058589863,15.68731488095238,ok
2009-08,2009-09,2009,9,2,8.747958333333333,49.6335,6.468006944444444,61.05367857142858,2.2799513888888887,-11.420178571428579,True,216,-7.867832686946311,0.2580959371284889,0.016203546347019038,28.196890994744955,53.77429207480494,63.33362996031747,ok
2009-09,2009-10,2009,10,2,33.669666666666664,145.1622,20.924391203703706,125.38902499999999,12.745275462962958,19.773175000000023,True,216,-7.867832686946311,0.2580959371284889,0.016203546347019038,28.196890994744955,120.81069612762784,138.13430046296295,ok
2009-10,2009-11,2009,11,2,66.75483333333334,129.9771,92.48277314814815,194.45715357142853,-25.727939814814818,-64.48005357142853,True,216,-7.867832686946311,0.2580959371284889,0.016203546347019038,28.196890994744955,179.94904414759222,168.72921375661372,ok
2009-11,2009-12,2009,12,2,226.82704166666667,238.1976,218.27349074074073,197.16165000000004,8.553550925925947,41.03594999999996,True,216,-7.867832686946311,0.2580959371284889,0.016203546347019038,28.196890994744955,191.50145405505683,205.71520092592598,ok
2009-12,2010-01,2010,1,2,282.38145833333334,206.4191,249.9232430555555,271.5209068965517,32.45821527777784,-65.10180689655172,True,216,-5.435745170362104,0.2990254540818485,0.020014880332245633,28.02862982074089,275.7909942883135,303.9791221743295,ok
2010-01,2010-02,2010,2,2,212.33516666666665,189.3031,264.0588157894737,225.33852068965518,-51.723649122807075,-36.03542068965518,True,216,-5.435745170362104,0.2990254540818485,0.020014880332245633,28.02862982074089,204.4360878535755,173.6148715668481,ok
2010-02,2010-03,2010,3,2,318.10470833333335,170.6808,312.7537127192982,270.6563896551724,5.350995614035128,-99.9755896551724,True,216,-5.435745170362104,0.2990254540818485,0.020014880332245633,28.02862982074089,266.82072837808715,276.00738526920753,ok
2010-03,2010-04,2010,4,2,182.6280833333333,179.409,192.9647456140351,206.41916206896553,-10.336662280701802,-27.010162068965542,True,216,-5.435745170362104,0.2990254540818485,0.020014880332245633,28.02862982074089,197.89249176642585,196.08249978826373,ok
2010-04,2010-05,2010,5,2,15.467666666666666,36.5434,25.70383552631579,87.16460000000001,-10.236168859649123,-50.62120000000001,True,216,-5.435745170362104,0.2990254540818485,0.020014880332245633,28.02862982074089,78.66797978832284,76.92843114035088,ok
2010-05,2010-06,2010,6,2,0.367125,8.1085,1.8939429824561402,7.3603482758620675,-1.5268179824561403,0.7481517241379319,True,216,-5.435745170362104,0.2990254540818485,0.020014880332245633,28.02862982074089,1.4680456649956846,5.833530293405927,ok
2010-06,2010-07,2010,7,2,0.20095833333333335,1.8517,0.9210526315789472,4.624124137931034,-0.7200942982456139,-2.7724241379310337,True,216,-5.435745170362104,0.2990254540818485,0.020014880332245633,28.02862982074089,-1.0269475569457147,3.90402983968542,ok
2010-07,2010-08,2010,8,2,0.20095833333333335,1.1641,1.2599605263157896,12.542427586206896,-1.0590021929824562,-11.378327586206897,True,216,-5.435745170362104,0.2990254540818485,0.020014880332245633,28.02862982074089,6.79001380421454,11.48342539322444,ok
2010-08,2010-09,2010,9,2,1.1880833333333334,2.3148,6.588004385964912,60.65987931034483,-5.399921052631579,-58.34507931034483,True,216,-5.435745170362104,0.2990254540818485,0.020014880332245633,28.02862982074089,53.60942029521343,55.25995825771325,ok
2010-09,2010-10,2010,10,2,13.302666666666667,136.1532,21.5951951754386,126.07085862068966,-8.292528508771934,10.082341379310336,True,216,-5.435745170362104,0.2990254540818485,0.020014880332245633,28.02862982074089,118.15543634750536,117.77833011191773,ok
2010-10,2010-11,2010,11,2,87.32883333333332,142.1422,91.12867105263159,192.23370344827583,-3.7998377192982673,-50.09150344827583,True,216,-5.435745170362104,0.2990254540818485,0.020014880332245633,28.02862982074089,185.66171007846322,188.43386572897757,ok
2010-11,2010-12,2010,12,2,242.29487500000002,168.2896,218.7236776315789,198.57668275862073,23.57119736842111,-30.287082758620727,True,216,-5.435745170362104,0.2990254540818485,0.020014880332245633,28.02862982074089,200.1893255846036,222.14788012704184,ok
2010-12,2011-01,2011,1,2,297.7264166666667,274.405,251.63157017543855,269.35084666666665,46.09484649122814,5.054153333333318,True,227,-6.959820296819987,0.2869569390954061,0.018189907281712214,27.554830370635255,275.6182624270421,315.44569315789477,ok
1991-01,1991-03,1991,3,3,369.6304583333333,354.0018,,294.42467999999997,,59.577120000000036,False,228,,,,,,,anomalia_indisponivel_para_linha_avaliada
1991-02,1991-04,1991,4,3,218.44070833333333,214.6288,,206.46041999999997,,8.168380000000042,False,228,,,,,,,anomalia_indisponivel_para_linha_avaliada
1991-03,1991-05,1991,5,3,23.837666666666667,128.0413,,48.429050000000004,,79.61225,False,228,,,,,,,anomalia_indisponivel_para_linha_avaliada
1991-04,1991-06,1991,6,3,1.0043333333333333,0.7033,,9.38869,,-8.68539,False,228,,,,,,,anomalia_indisponivel_para_linha_avaliada
1991-05,1991-07,1991,7,3,1.071375,1.9531,,6.404940000000001,,-4.451840000000001,False,228,,,,,,,anomalia_indisponivel_para_linha_avaliada
1991-06,1991-08,1991,8,3,1.2722916666666666,1.2135,,16.050330000000002,,-14.836830000000003,False,228,,,,,,,anomalia_indisponivel_para_linha_avaliada
1991-07,1991-09,1991,9,3,6.048041666666666,73.9762,,73.19717999999999,,0.7790200000000169,False,228,,,,,,,anomalia_indisponivel_para_linha_avaliada
1991-08,1991-10,1991,10,3,22.018666666666665,58.2752,,169.18448999999998,,-110.90928999999998,False,228,,,,,,,anomalia_indisponivel_para_linha_avaliada
1991-09,1991-11,1991,11,3,130.49633333333333,141.8015,,204.26054000000002,,-62.459040000000016,False,228,,,,,,,anomalia_indisponivel_para_linha_avaliada
1991-10,1991-12,1991,12,3,226.269,139.2974,,206.55659999999997,,-67.25919999999996,False,228,,,,,,,anomalia_indisponivel_para_linha_avaliada
1991-11,1992-01,1992,1,3,263.6773333333333,307.6078,,296.8603363636363,,10.747463636363705,False,218,,,,,,,anomalia_indisponivel_para_linha_avaliada
1991-12,1992-02,1992,2,3,254.93433333333334,144.7331,,218.7978454545455,,-74.06474545454549,False,218,,,,,,,anomalia_indisponivel_para_linha_avaliada
1992-01,1992-03,1992,3,3,330.52575,155.372,369.6304583333333,299.8407818181818,-39.10470833333329,-144.4687818181818,True,218,-5.680626495216303,0.36912426436251167,0.021214505377750492,22.964367251010955,279.7256586263133,260.73607348484853,ok
1992-02,1992-04,1992,4,3,188.4059583333333,102.9542,218.44070833333333,207.20299999999997,-30.03475000000003,-104.24879999999997,True,218,-5.680626495216303,0.36912426436251167,0.021214505377750492,22.964367251010955,190.43581850572173,177.16824999999994,ok
1992-03,1992-05,1992,5,3,13.447833333333334,24.3743,23.837666666666667,55.66652727272728,-10.389833333333334,-31.292227272727278,True,218,-5.680626495216303,0.36912426436251167,0.021214505377750492,22.964367251010955,46.15076119149521,45.276693939393944,ok
1992-04,1992-06,1992,6,3,2.00875,1.0095,1.0043333333333333,8.599109090909092,1.0044166666666667,-7.589609090909092,True,218,-5.680626495216303,0.36912426436251167,0.021214505377750492,22.964367251010955,3.289237158889569,9.60352575757576,ok
1992-05,1992-07,1992,7,3,0.6473333333333334,2.0289,1.071375,6.000227272727273,-0.42404166666666654,-3.9713272727272733,True,218,-5.680626495216303,0.36912426436251167,0.021214505377750492,22.964367251010955,0.16307670924358392,5.576185606060607,ok
1992-06,1992-08,1992,8,3,0.4799583333333333,13.0445,1.2722916666666666,14.701527272727276,-0.7923333333333333,-1.6570272727272766,True,218,-5.680626495216303,0.36912426436251167,0.021214505377750492,22.964367251010955,8.72843131871441,13.909193939393942,ok
1992-07,1992-09,1992,9,3,3.045625,135.5711,6.048041666666666,73.26799999999999,-3.0024166666666665,62.303100000000015,True,218,-5.680626495216303,0.36912426436251167,0.021214505377750492,22.964367251010955,66.47910866139061,70.26558333333332,ok
1992-08,1992-10,1992,10,3,16.606041666666666,62.0723,22.018666666666665,159.10182727272726,-5.4126249999999985,-97.02952727272726,True,218,-5.680626495216303,0.36912426436251167,0.021214505377750492,22.964367251010955,151.42326955611583,153.68920227272727,ok
1992-09,1992-11,1992,11,3,105.25679166666667,214.2915,130.49633333333333,198.58244545454545,-25.239541666666653,15.709054545454563,True,218,-5.680626495216303,0.36912426436251167,0.021214505377750492,22.964367251010955,183.58529170877387,173.3429037878788,ok
1992-10,1992-12,1992,12,3,214.12683333333334,239.5717,226.269,200.44212727272725,-12.142166666666668,39.129572727272745,True,218,-5.680626495216303,0.36912426436251167,0.021214505377750492,22.964367251010955,190.2795324389106,188.29996060606058,ok
1992-11,1993-01,1993,1,3,278.52,121.8043,263.6773333333333,297.75595833333324,14.842666666666673,-175.95165833333323,True,216,-6.022728251571044,0.4179511999252439,0.027433554477548916,22.883725879768335,297.936740425186,312.5986249999999,ok
1992-12,1993-02,1993,2,3,300.948625,307.8407,254.93433333333334,212.62578333333337,46.01429166666665,95.21491666666665,True,216,-6.022728251571044,0.4179511999252439,0.027433554477548916,22.883725879768335,225.8347834975558,258.640075,ok
1993-01,1993-03,1993,3,3,345.7144583333333,153.1779,350.07810416666666,287.80171666666666,-4.363645833333351,-134.62381666666667,True,216,-6.022728251571044,0.4179511999252439,0.027433554477548916,22.883725879768335,279.9551974030052,283.4380708333333,ok
1993-02,1993-04,1993,4,3,184.993125,250.0943,203.42333333333332,198.51559999999998,-18.430208333333326,51.578700000000026,True,216,-6.022728251571044,0.4179511999252439,0.027433554477548916,22.883725879768335,184.78994406064004,180.08539166666665,ok
1993-03,1993-05,1993,5,3,37.75425,95.5974,18.64275,53.058841666666666,19.1115,42.53855833333333,True,216,-6.022728251571044,0.4179511999252439,0.027433554477548916,22.883725879768335,55.02378777246692,72.17034166666667,ok
1993-04,1993-06,1993,6,3,2.030375,0.586,1.5065416666666667,7.966641666666668,0.5238333333333332,-7.380641666666667,True,216,-6.022728251571044,0.4179511999252439,0.027433554477548916,22.883725879768335,2.162850185323131,8.490475,ok
1993-05,1993-07,1993,7,3,3.002125,1.8793,0.8593541666666666,5.669283333333335,2.1427708333333335,-3.7899833333333355,True,216,-6.022728251571044,0.4179511999252439,0.027433554477548916,22.883725879768335,0.5421287227187729,7.812054166666669,ok
1993-06,1993-08,1993,8,3,2.9127916666666667,40.5665,0.8761249999999999,14.56344166666667,2.0366666666666666,26.00305833333333,True,216,-6.022728251571044,0.4179511999252439,0.027433554477548916,22.883725879768335,9.391940692276705,16.600108333333335,ok
1993-07,1993-09,1993,9,3,4.665583333333333,56.4376,4.546833333333333,78.45992499999998,0.11875000000000036,-22.02232499999998,True,216,-6.022728251571044,0.4179511999252439,0.027433554477548916,22.883725879768335,72.48682845342007,78.57867499999999,ok
1993-08,1993-10,1993,10,3,32.620666666666665,126.1723,19.312354166666665,151.01603333333333,13.3083125,-24.84373333333332,True,216,-6.022728251571044,0.4179511999252439,0.027433554477548916,22.883725879768335,150.55553026011742,164.32434583333333,ok
1993-09,1993-11,1993,11,3,111.61808333333333,225.9903,117.8765625,199.8915333333333,-6.258479166666675,26.098766666666677,True,216,-6.022728251571044,0.4179511999252439,0.027433554477548916,22.883725879768335,191.2530662043468,193.63305416666662,ok
1993-10,1993-12,1993,12,3,265.2620416666667,216.8044,220.19791666666669,203.70292499999996,45.06412499999999,13.101475000000022,True,216,-6.022728251571044,0.4179511999252439,0.027433554477548916,22.883725879768335,216.5148018657601,248.76704999999995,ok
1993-11,1994-01,1994,1,3,327.8473333333333,330.218,271.09866666666665,284.2212153846153,56.74866666666668,45.99678461538474,True,216,-6.6964304838734945,0.373534270234739,0.018811119327053594,21.898689259871702,298.72235669086956,340.96988205128196,ok
1993-12,1994-02,1994,2,3,348.5764583333334,306.4669,277.9414791666667,219.95000769230774,70.63497916666671,86.51689230769227,True,216,-6.6964304838734945,0.373534270234739,0.018811119327053594,21.898689259871702,239.6381626045011,290.58498685897445,ok
1994-01,1994-03,1994,3,3,392.0843333333333,311.1998,348.6235555555556,277.4460384615385,43.46077777777771,33.753761538461504,True,216,-6.6964304838734945,0.373534270234739,0.018811119327053594,21.898689259871702,286.98369788872134,320.9068162393162,ok
1994-02,1994-04,1994,4,3,242.60045833333334,176.4476,197.27993055555555,202.48319230769232,45.320527777777784,-26.035592307692326,True,216,-6.6964304838734945,0.373534270234739,0.018811119327053594,21.898689259871702,212.7155320939443,247.8037200854701,ok
1994-03,1994-05,1994,5,3,42.45254166666667,50.2617,25.01325,56.33103846153846,17.43929166666667,-6.0693384615384645,True,216,-6.6964304838734945,0.373534270234739,0.018811119327053594,21.898689259871702,56.14878106378407,73.77033012820513,ok
1994-04,1994-06,1994,6,3,3.7150833333333337,40.3001,1.681152777777778,7.398900000000001,2.033930555555556,32.9012,True,216,-6.6964304838734945,0.373534270234739,0.018811119327053594,21.898689259871702,1.4622122819040886,9.432830555555558,ok
1994-05,1994-07,1994,7,3,0.6139583333333333,1.843,1.573611111111111,5.3777461538461555,-0.9596527777777778,-3.5347461538461555,True,216,-6.6964304838734945,0.373534270234739,0.018811119327053594,21.898689259871702,-1.6771475300533014,4.418093376068378,ok
1994-06,1994-08,1994,8,3,1.4508333333333334,6.3765,1.5550138888888887,16.563676923076926,-0.10418055555555528,-10.187176923076926,True,216,-6.6964304838734945,0.373534270234739,0.018811119327053594,21.898689259871702,9.828331431411337,16.45949636752137,ok
1994-07,1994-09,1994,9,3,6.8040416666666665,57.4679,4.586416666666666,76.76589999999999,2.217625000000001,-19.297999999999988,True,216,-6.6964304838734945,0.373534270234739,0.018811119327053594,21.898689259871702,70.8978284521558,78.98352499999999,ok
1994-08,1994-10,1994,10,3,25.210458333333335,114.0829,23.748458333333332,149.10497692307692,1.4620000000000033,-35.02207692307692,True,216,-6.6964304838734945,0.373534270234739,0.018811119327053594,21.898689259871702,142.95465354228662,150.56697692307694,ok
1994-09,1994-11,1994,11,3,87.01558333333332,151.223,115.79040277777779,201.89913076923074,-28.77481944444446,-50.676130769230724,True,216,-6.6964304838734945,0.373534270234739,0.018811119327053594,21.898689259871702,184.45431910304032,173.12431132478628,ok
1994-10,1994-12,1994,12,3,194.63041666666666,200.9509,235.2192916666667,204.71073076923074,-40.58887500000003,-3.7598307692307458,True,216,-6.6964304838734945,0.373534270234739,0.018811119327053594,21.898689259871702,182.8529644825832,164.1218557692307,ok
1994-11,1995-01,1995,1,3,311.408625,156.6185,290.0148888888889,287.5066999999999,21.39373611111108,-130.8881999999999,True,216,-6.5132925706153575,0.4735731727181893,0.03528687155648358,23.10752497755405,291.1249069158191,308.900436111111,ok
1994-12,1995-02,1995,2,3,277.653625,232.7107,301.4864722222223,226.12978571428576,-23.832847222222313,6.580914285714243,True,216,-6.5132925706153575,0.4735731727181893,0.03528687155648358,23.10752497755405,208.3298960697347,202.29693849206345,ok
1995-01,1995-03,1995,3,3,335.03433333333334,218.3206,359.48875,279.8570214285714,-24.454416666666646,-61.53642142857137,True,216,-6.5132925706153575,0.4735731727181893,0.03528687155648358,23.10752497755405,261.7627731701501,255.40260476190474,ok
1995-02,1995-04,1995,4,3,180.67316666666667,255.6784,208.6100625,200.62350714285714,-27.936895833333324,55.054892857142875,True,216,-6.5132925706153575,0.4735731727181893,0.03528687155648358,23.10752497755405,180.88005017655254,172.6866113095238,ok
1995-03,1995-05,1995,5,3,20.70175,188.1476,29.373072916666665,55.89751428571429,-8.671322916666664,132.25008571428572,True,216,-6.5132925706153575,0.4735731727181893,0.03528687155648358,23.10752497755405,45.27771580978916,47.226191369047626,ok
1995-04,1995-06,1995,6,3,0.367125,0.5023,2.189635416666667,9.748985714285714,-1.822510416666667,-9.246685714285714,True,216,-6.5132925706153575,0.4735731727181893,0.03528687155648358,23.10752497755405,2.3726011033375745,7.926475297619048,ok
1995-05,1995-07,1995,7,3,0.10049999999999999,1.9521,1.3336979166666667,5.125264285714287,-1.2331979166666667,-3.1731642857142877,True,216,-6.5132925706153575,0.4735731727181893,0.03528687155648358,23.10752497755405,-1.9720377348863645,3.8920663690476207,ok
1995-06,1995-08,1995,8,3,0.078125,1.2264,1.52896875,15.83602142857143,-1.45084375,-14.60962142857143,True,216,-6.5132925706153575,0.4735731727181893,0.03528687155648358,23.10752497755405,8.635648180150216,14.385177678571429,ok
1995-07,1995-09,1995,9,3,2.3219583333333333,24.8694,5.140822916666666,75.38747142857142,-2.818864583333333,-50.51807142857142,True,216,-6.5132925706153575,0.4735731727181893,0.03528687155648358,23.10752497755405,67.53924021376395,72.56860684523808,ok
1995-08,1995-10,1995,10,3,14.039333333333333,82.7379,24.113958333333333,146.6034,-10.074625,-63.8655,True,216,-6.5132925706153575,0.4735731727181893,0.03528687155648358,23.10752497755405,135.31903530418865,136.528775,ok
1995-09,1995-11,1995,11,3,96.96249999999999,247.2129,108.59669791666667,198.2794071428571,-11.634197916666679,48.93349285714288,True,216,-6.5132925706153575,0.4735731727181893,0.03528687155648358,23.10752497755405,186.25647055281456,186.64520922619045,ok
1995-10,1995-12,1995,12,3,209.183125,191.1246,225.07207291666668,204.44217142857138,-15.888947916666694,-13.317571428571398,True,216,-6.5132925706153575,0.4735731727181893,0.03528687155648358,23.10752497755405,190.4042993819061,188.5532235119047,ok
1995-11,1996-01,1996,1,3,334.3090833333333,224.1528,295.3633229166667,278.7808199999999,38.945760416666644,-54.62801999999988,True,216,-6.309135856281734,0.4881834377856769,0.03522271731534932,22.758253208892626,291.4843593511038,317.72658041666654,ok
1995-12,1996-02,1996,2,3,334.5081666666667,225.4247,295.5282604166667,226.56851333333336,38.97990625,-1.1438133333333553,True,216,-6.309135856281734,0.4881834377856769,0.03522271731534932,22.758253208892626,239.28872211474,265.5484195833334,ok
1996-01,1996-03,1996,3,3,366.6059583333333,302.7974,354.5978666666666,275.75459333333333,12.0080916666667,27.04280666666665,True,216,-6.309135856281734,0.4881834377856769,0.03522271731534932,22.758253208892626,275.3076089481305,287.76268500000003,ok
1996-02,1996-04,1996,4,3,202.32725000000002,321.9434,203.02268333333333,204.29383333333334,-0.6954333333333125,117.64956666666666,True,216,-6.309135856281734,0.4881834377856769,0.03522271731534932,22.758253208892626,197.6451984416342,203.59840000000003,ok
1996-03,1996-05,1996,5,3,28.971416666666666,98.9982,27.638808333333333,64.71418666666666,1.332608333333333,34.284013333333334,True,216,-6.309135856281734,0.4881834377856769,0.03522271731534932,22.758253208892626,59.05560812777344,66.046795,ok
1996-04,1996-06,1996,6,3,1.7495833333333335,0.4652,1.8251333333333335,9.13254,-0.07555,-8.667340000000001,True,216,-6.309135856281734,0.4881834377856769,0.03522271731534932,22.758253208892626,2.786521884993559,9.05699,ok
1996-05,1996-07,1996,7,3,0.4687916666666667,1.9521,1.0870583333333335,4.913720000000001,-0.6182666666666667,-2.9616200000000017,True,216,-6.309135856281734,0.4881834377856769,0.03522271731534932,22.758253208892626,-1.697243403083357,4.2954533333333345,ok
1996-06,1996-08,1996,8,3,0.6584166666666667,1.4883,1.2388,14.862046666666668,-0.5803833333333333,-13.373746666666667,True,216,-6.309135856281734,0.4881834377856769,0.03522271731534932,22.758253208892626,8.269577279484755,14.281663333333334,ok
1996-07,1996-09,1996,9,3,3.5747500000000003,9.7369,4.57705,72.0196,-1.0022999999999995,-62.2827,True,216,-6.309135856281734,0.4881834377856769,0.03522271731534932,22.758253208892626,65.22115788402569,71.01729999999999,ok
1996-08,1996-10,1996,10,3,26.996041666666667,145.0933,22.09903333333333,142.3457,4.897008333333336,2.7476000000000056,True,216,-6.309135856281734,0.4881834377856769,0.03522271731534932,22.758253208892626,138.42720250675004,147.24270833333333,ok
1996-09,1996-11,1996,11,3,128.26075,222.7092,106.26985833333333,201.54163999999997,21.99089166666667,21.167560000000037,True,216,-6.309135856281734,0.4881834377856769,0.03522271731534932,22.758253208892626,205.968093237524,223.53253166666664,ok
1996-10,1996-12,1996,12,3,276.321625,130.1745,221.89428333333336,203.55433333333332,54.42734166666662,-73.37983333333332,True,216,-6.309135856281734,0.4881834377856769,0.03522271731534932,22.758253208892626,223.81572424142053,257.98167499999994,ok
1996-11,1997-01,1997,1,3,339.0854166666667,403.2083,303.152475,275.36656875,35.93294166666669,127.84173125000001,True,216,-7.366250101052945,0.3868554365651019,0.024348570615359555,23.07380671197328,281.9011724844737,311.2995104166667,ok
1996-12,1997-02,1997,2,3,304.36566666666664,180.4594,303.3242416666667,226.497025,1.041424999999947,-46.03762500000002,True,216,-7.366250101052945,0.3868554365651019,0.024348570615359555,23.07380671197328,219.53365582197185,227.53844999999995,ok
1997-01,1997-03,1997,3,3,339.5430416666667,452.1152,356.5992152777778,277.44476875,-17.05617361111109,174.67043125000004,True,216,-7.366250101052945,0.3868554365651019,0.024348570615359555,23.07380671197328,263.4802451604905,260.3885951388889,ok
1997-02,1997-04,1997,4,3,212.32791666666665,290.1342,202.90677777777776,211.64693125,9.42113888888889,78.48726875000003,True,216,-7.366250101052945,0.3868554365651019,0.024348570615359555,23.07380671197328,207.92529994674862,221.06807013888888,ok
1997-03,1997-05,1997,5,3,10.836291666666668,68.9381,27.86090972222222,66.8569375,-17.024618055555553,2.081162500000005,True,216,-7.366250101052945,0.3868554365651019,0.024348570615359555,23.07380671197328,52.904621348711004,49.83231944444445,ok
1997-04,1997-06,1997,6,3,0.410375,0.6576,1.812541666666667,8.59083125,-1.402166666666667,-7.93323125,True,216,-7.366250101052945,0.3868554365651019,0.024348570615359555,23.07380671197328,0.6821453509766889,7.188664583333334,ok
1997-05,1997-07,1997,7,3,1.8302916666666667,1.9683,0.9840138888888891,4.72861875,0.8462777777777776,-2.7603187499999997,True,216,-7.366250101052945,0.3868554365651019,0.024348570615359555,23.07380671197328,-2.310244191875378,5.574896527777778,ok
1997-06,1997-08,1997,8,3,1.6517083333333333,1.2265,1.1420694444444444,14.026187499999999,0.509638888888889,-12.7996875,True,216,-7.366250101052945,0.3868554365651019,0.024348570615359555,23.07380671197328,6.857093973798719,14.535826388888887,ok
1997-07,1997-09,1997,9,3,16.070375,47.0877,4.41,68.12693125,11.660374999999998,-21.03923125,True,216,-7.366250101052945,0.3868554365651019,0.024348570615359555,23.07380671197328,65.27156061008486,79.78730625,ok
1997-08,1997-10,1997,10,3,29.65216666666667,98.1562,22.91520138888889,142.517425,6.736965277777781,-44.361225000000005,True,216,-7.366250101052945,0.3868554365651019,0.024348570615359555,23.07380671197328,137.7574065426057,149.2543902777778,ok
1997-09,1997-11,1997,11,3,77.79241666666667,75.7109,109.93500694444445,202.86461250000002,-32.142590277777785,-127.15371250000003,True,216,-7.366250101052945,0.3868554365651019,0.024348570615359555,23.07380671197328,183.06382660470416,170.72202222222222,ok
1997-10,1997-12,1997,12,3,219.48375,199.815,230.96550694444446,198.96809374999998,-11.48175694444447,0.8469062500000177,True,216,-7.366250101052945,0.3868554365651019,0.024348570615359555,23.07380671197328,187.16006355366957,187.4863368055555,ok
1997-11,1998-01,1998,1,3,238.36658333333332,347.458,309.1412986111111,282.8866705882353,-70.77471527777777,64.57132941176474,True,216,-5.528329364053619,0.4560285635772435,0.028604215167269187,21.625029082059893,245.0830494784683,212.11195531045752,ok
1997-12,1998-02,1998,2,3,234.843875,127.8253,303.4978125,223.7889294117647,-68.65393750000001,-95.96362941176471,True,216,-5.528329364053619,0.4560285635772435,0.028604215167269187,21.625029082059893,186.9524435456642,155.1349919117647,ok
1998-01,1998-03,1998,3,3,281.10929166666665,242.0988,354.16261904761905,287.7195,-73.0533273809524,-45.62069999999997,True,216,-5.528329364053619,0.4560285635772435,0.028604215167269187,21.625029082059893,248.87676668587255,214.6661726190476,ok
1998-02,1998-04,1998,4,3,192.56408333333331,54.1047,204.25265476190475,216.2638294117647,-11.688571428571436,-162.1591294117647,True,216,-5.528329364053619,0.4560285635772435,0.028604215167269187,21.625029082059893,205.40517760886962,204.57525798319327,ok
1998-03,1998-05,1998,5,3,9.084208333333333,74.6596,25.428821428571432,66.97935882352942,-16.3446130952381,7.680241176470574,True,216,-5.528329364053619,0.4560285635772435,0.028604215167269187,21.625029082059893,53.99741902742857,50.63474572829132,ok
1998-04,1998-06,1998,6,3,0.7343333333333333,16.0121,1.6122321428571431,8.124170588235295,-0.8778988095238098,7.887929411764706,True,216,-5.528329364053619,0.4560285635772435,0.028604215167269187,21.625029082059893,2.195494291108361,7.246271778711485,ok
1998-05,1998-07,1998,7,3,0.5134583333333333,3.3565,1.1049107142857144,4.566247058823529,-0.5914523809523811,-1.2097470588235288,True,216,-5.528329364053619,0.4560285635772435,0.028604215167269187,21.625029082059893,-1.2318014849401446,3.974794677871148,ok
1998-06,1998-08,1998,8,3,0.6361249999999999,1.2501,1.214875,13.273264705882351,-0.57875,-12.023164705882351,True,216,-5.528329364053619,0.4560285635772435,0.028604215167269187,21.625029082059893,7.481008810658403,12.694514705882352,ok
1998-07,1998-09,1998,9,3,3.380291666666667,13.3474,6.075767857142857,66.8893294117647,-2.69547619047619,-53.541929411764706,True,216,-5.528329364053619,0.4560285635772435,0.028604215167269187,21.625029082059893,60.13178591241157,64.19385322128852,ok
1998-08,1998-10,1998,10,3,27.922375000000002,89.2952,23.877625,139.9079411764706,4.044750000000004,-50.61274117647059,True,216,-5.528329364053619,0.4560285635772435,0.028604215167269187,21.625029082059893,136.224133344946,143.95269117647058,ok
1998-09,1998-11,1998,11,3,119.51275,245.1679,105.34320833333334,195.3849823529412,14.16954166666666,49.78291764705881,True,216,-5.528329364053619,0.4560285635772435,0.028604215167269187,21.625029082059893,196.31836872168546,209.55452401960787,ok
1998-10,1998-12,1998,12,3,270.4180416666667,138.7974,229.32525595238096,199.01791176470587,41.092785714285725,-60.22051176470586,True,216,-5.528329364053619,0.4560285635772435,0.028604215167269187,21.625029082059893,212.22906644332542,240.1106974789916,ok
1998-11,1999-01,1999,1,3,317.5355416666667,215.817,299.030625,286.4739666666667,18.504916666666702,-70.65696666666668,True,216,-7.102792967474984,0.5751303348180866,0.04942896225427751,22.458997487203476,290.0139126174725,304.9788833333334,ok
1998-12,1999-02,1999,2,3,362.920375,131.3784,293.69010714285713,218.4576166666667,69.23026785714285,-87.0792166666667,True,216,-7.102792967474984,0.5751303348180866,0.04942896225427751,22.458997487203476,251.1712508314161,287.68788452380954,ok
1999-01,1999-03,1999,3,3,329.23108333333334,283.9542,345.030953125,285.1850166666666,-15.799869791666652,-1.2308166666666125,True,216,-7.102792967474984,0.5751303348180866,0.04942896225427751,22.458997487203476,268.9952392958282,269.385146875,ok
1999-02,1999-04,1999,4,3,184.420875,162.6196,202.7915833333333,207.25498888888887,-18.37070833333331,-44.63538888888888,True,216,-7.102792967474984,0.5751303348180866,0.04942896225427751,22.458997487203476,189.58664428681848,188.88428055555556,ok
1999-03,1999-05,1999,5,3,30.902,177.0923,23.385744791666667,67.40603888888889,7.516255208333334,109.68626111111111,True,216,-7.102792967474984,0.5751303348180866,0.04942896225427751,22.458997487203476,64.62607229596084,74.92229409722222,ok
1999-04,1999-06,1999,6,3,2.4948333333333332,0.6859,1.5024947916666664,8.56238888888889,0.9923385416666668,-7.87648888888889,True,216,-7.102792967474984,0.5751303348180866,0.04942896225427751,22.458997487203476,2.030319919135548,9.554727430555557,ok
1999-05,1999-07,1999,7,3,0.5692499999999999,1.9885,1.0309791666666666,4.499038888888888,-0.46172916666666663,-2.510538888888888,True,216,-7.102792967474984,0.5751303348180866,0.04942896225427751,22.458997487203476,-2.8693085288063713,4.037309722222222,ok
1999-06,1999-08,1999,8,3,1.1272083333333334,1.2624,1.14253125,12.60531111111111,-0.01532291666666663,-11.34291111111111,True,216,-7.102792967474984,0.5751303348180866,0.04942896225427751,22.458997487203476,5.493705469443237,12.589988194444443,ok
1999-07,1999-09,1999,9,3,3.834,72.5879,5.738833333333333,63.914777777777786,-1.904833333333333,8.673122222222219,True,216,-7.102792967474984,0.5751303348180866,0.04942896225427751,22.458997487203476,55.716457377530155,62.00994444444445,ok
1999-08,1999-10,1999,10,3,22.096875,112.4277,24.38321875,137.09612222222222,-2.2863437500000003,-24.66842222222222,True,216,-7.102792967474984,0.5751303348180866,0.04942896225427751,22.458997487203476,128.6783836083005,134.8097784722222,ok
1999-09,1999-11,1999,11,3,79.5205,349.1067,107.11440104166667,198.15070000000003,-27.59390104166667,150.95599999999996,True,216,-7.102792967474984,0.5751303348180866,0.04942896225427751,22.458997487203476,175.17781748749414,170.55679895833336,ok
1999-10,1999-12,1999,12,3,181.50620833333335,242.5365,234.46185416666668,195.67232777777775,-52.955645833333335,46.86417222222224,True,216,-7.102792967474984,0.5751303348180866,0.04942896225427751,22.458997487203476,158.11313649166976,142.71668194444442,ok
1999-11,2000-01,2000,1,3,317.68054166666667,260.085,301.34373958333333,282.7551789473684,16.33680208333334,-22.670178947368413,True,216,-6.2643889897947105,0.4743763896845107,0.033799657936163796,23.030656963462437,284.2405831488557,299.09198103070173,ok
1999-12,2000-02,2000,2,3,264.10075,271.7656,302.343890625,213.8745,-38.24314062499997,57.891099999999994,True,216,-6.2643889897947105,0.4743763896845107,0.033799657936163796,23.030656963462437,189.46846803032076,175.63135937500005,ok
2000-01,2000-03,2000,3,3,363.4255,185.8099,343.27541203703703,285.12023684210527,20.15008796296297,-99.31033684210527,True,216,-6.2643889897947105,0.4743763896845107,0.033799657936163796,23.030656963462437,288.4145738320062,305.27032480506824,ok
2000-02,2000-04,2000,4,3,187.45566666666664,184.1135,200.7503935185185,204.90575789473684,-13.294726851851863,-20.79225789473685,True,216,-6.2643889897947105,0.4743763896845107,0.033799657936163796,23.030656963462437,192.33466437911892,191.61103104288497,ok
2000-03,2000-05,2000,5,3,23.960458333333335,53.6399,24.220884259259257,73.179,-0.2604259259259223,-19.539100000000005,True,216,-6.2643889897947105,0.4743763896845107,0.033799657936163796,23.030656963462437,66.7910710996843,72.91857407407409,ok
2000-04,2000-06,2000,6,3,1.4471666666666667,4.8153,1.6127546296296293,8.147836842105264,-0.16558796296296263,-3.332536842105264,True,216,-6.2643889897947105,0.4743763896845107,0.033799657936163796,23.030656963462437,1.8048968322649703,7.9822488791423005,ok
2000-05,2000-07,2000,7,3,0.7365833333333334,10.0203,0.9796759259259259,4.366905263157895,-0.24309259259259253,5.653394736842106,True,216,-6.2643889897947105,0.4743763896845107,0.033799657936163796,23.030656963462437,-2.0128011130699375,4.123812670565302,ok
2000-06,2000-08,2000,8,3,0.6027083333333333,7.9948,1.1408287037037037,12.008315789473684,-0.5381203703703704,-4.013515789473685,True,216,-6.2643889897947105,0.4743763896845107,0.033799657936163796,23.030656963462437,5.488655201166986,11.470195419103314,ok
2000-07,2000-09,2000,9,3,7.829916666666667,123.9327,5.527185185185186,64.37125789473684,2.302731481481481,59.561442105263154,True,216,-6.2643889897947105,0.4743763896845107,0.033799657936163796,23.030656963462437,59.19923035154018,66.67398937621833,ok
2000-08,2000-10,2000,10,3,41.649166666666666,86.4072,24.129180555555557,135.79778421052632,17.51998611111111,-49.39058421052631,True,216,-6.2643889897947105,0.4743763896845107,0.033799657936163796,23.030656963462437,137.84446297944328,153.31777032163743,ok
2000-09,2000-11,2000,11,3,113.59433333333334,192.5216,104.04841203703704,206.09575263157896,9.5459212962963,-13.574152631578954,True,216,-6.2643889897947105,0.4743763896845107,0.033799657936163796,23.030656963462437,204.3597233225338,215.64167392787527,ok
2000-10,2000-12,2000,12,3,261.15520833333335,222.6176,228.57789351851852,198.13886315789472,32.57731481481483,24.47873684210529,True,216,-6.2643889897947105,0.4743763896845107,0.033799657936163796,23.030656963462437,207.32838315556756,230.71617797270954,ok
2000-11,2001-01,2001,1,3,289.9032916666667,192.5309,303.1589398148148,281.62167,-13.255648148148111,-89.09076999999999,True,216,-5.901404323358144,0.4219437909783643,0.02661662494060657,23.028006188855798,270.12712724513693,268.3660218518519,ok
2000-12,2001-02,2001,2,3,275.73837499999996,153.1069,298.09465277777775,216.76905500000004,-22.35627777777779,-63.66215500000004,True,216,-5.901404323358144,0.4219437909783643,0.02661662494060657,23.028006188855798,201.43455807892096,194.41277722222225,ok
2001-01,2001-03,2001,3,3,352.67833333333334,249.1479,345.2904208333333,280.15472,7.387912500000027,-31.006820000000005,True,216,-5.901404323358144,0.4219437909783643,0.02661662494060657,23.028006188855798,277.37059948430834,287.5426325,ok
2001-02,2001-04,2001,4,3,188.01716666666667,196.9268,199.42092083333333,203.866145,-11.403754166666658,-6.939345000000003,True,216,-5.901404323358144,0.4219437909783643,0.02661662494060657,23.028006188855798,193.1529974121732,192.46239083333333,ok
2001-03,2001-05,2001,5,3,19.641583333333333,140.175,24.19484166666667,72.202045,-4.553258333333336,67.97295500000001,True,216,-5.901404323358144,0.4219437909783643,0.02661662494060657,23.028006188855798,64.37942159417135,67.64878666666667,ok
2001-04,2001-06,2001,6,3,0.367125,5.0237,1.596195833333333,7.981210000000002,-1.2290708333333331,-2.957510000000002,True,216,-5.901404323358144,0.4219437909783643,0.02661662494060657,23.028006188855798,1.5612068698442536,6.752139166666669,ok
2001-05,2001-07,2001,7,3,2.276708333333333,2.3266,0.9553666666666667,4.6495750000000005,1.3213416666666664,-2.3229750000000005,True,216,-5.901404323358144,0.4219437909783643,0.02661662494060657,23.028006188855798,-0.6942974113471403,5.970916666666667,ok
2001-06,2001-08,2001,8,3,2.578041666666667,7.2041,1.0870166666666667,11.80764,1.4910250000000003,-4.603539999999999,True,216,-5.901404323358144,0.4219437909783643,0.02661662494060657,23.028006188855798,6.535364417585371,13.298665,ok
2001-07,2001-09,2001,9,3,17.053166666666666,33.0017,5.757458333333334,67.34933000000001,11.295708333333332,-34.34763000000001,True,216,-5.901404323358144,0.4219437909783643,0.02661662494060657,23.028006188855798,66.21407967259444,78.64503833333335,ok
2001-08,2001-10,2001,10,3,25.980500000000003,130.0808,25.88117916666667,133.328255,0.09932083333333352,-3.247455000000002,True,216,-5.901404323358144,0.4219437909783643,0.02661662494060657,23.028006188855798,127.46875848558166,133.42757583333335,ok
2001-09,2001-11,2001,11,3,145.89720833333334,196.3446,105.00300416666667,205.417045,40.89420416666667,-9.072444999999988,True,216,-5.901404323358144,0.4219437909783643,0.02661662494060657,23.028006188855798,216.7706962117684,246.31124916666667,ok
2001-10,2001-12,2001,12,3,265.2285,209.0467,231.835625,199.3628,33.392875000000004,9.683899999999994,True,216,-5.901404323358144,0.4219437909783643,0.02661662494060657,23.028006188855798,207.5513119458085,232.755675,ok
2001-11,2002-01,2002,1,3,325.90558333333337,368.8524,301.833375,277.3792523809524,24.07220833333338,91.47314761904761,True,216,-5.9787350307410145,0.37034464142415435,0.020917993255507472,23.064237070843465,280.3155307137073,301.45146071428576,ok
2001-12,2002-02,2002,2,3,271.92816666666664,190.9456,295.859025,213.73752380952382,-23.930858333333333,-22.79192380952381,True,216,-5.9787350307410145,0.37034464142415435,0.020917993255507472,23.064237070843465,198.89612363035224,189.8066654761905,ok
2002-01,2002-03,2002,3,3,307.70358333333337,178.8799,345.9620492424242,278.67820476190474,-38.25846590909083,-99.79830476190475,True,216,-5.9787350307410145,0.37034464142415435,0.020917993255507472,23.064237070843465,258.53065189262327,240.4197388528139,ok
2002-02,2002-04,2002,4,3,181.677625,124.7968,198.3842159090909,203.53569999999996,-16.70659090909089,-78.73889999999996,True,216,-5.9787350307410145,0.37034464142415435,0.020917993255507472,23.064237070843465,191.36976854961165,186.82910909090907,ok
2002-03,2002-05,2002,5,3,20.199666666666666,103.8934,23.780909090909095,75.43885238095238,-3.5812424242424292,28.454547619047617,True,216,-5.9787350307410145,0.37034464142415435,0.020917993255507472,23.064237070843465,68.13382340875233,71.85760995670995,ok
2002-04,2002-06,2002,6,3,0.8639583333333333,6.7952,1.484462121212121,7.840376190476191,-0.6205037878787877,-1.045176190476191,True,216,-5.9787350307410145,0.37034464142415435,0.020917993255507472,23.064237070843465,1.6318409069108775,7.219872402597404,ok
2002-05,2002-07,2002,7,3,3.6605416666666666,2.1991,1.0754886363636365,4.538957142857143,2.58505303030303,-2.339857142857143,True,216,-5.9787350307410145,0.37034464142415435,0.020917993255507472,23.064237070843465,-0.48241735031387234,7.124010173160173,ok
2002-06,2002-08,2002,8,3,5.021999999999999,1.0971,1.2225643939393942,11.588423809523809,3.799435606060605,-10.49132380952381,True,216,-5.9787350307410145,0.37034464142415435,0.020917993255507472,23.064237070843465,7.016789395923474,15.387859415584414,ok
2002-07,2002-09,2002,9,3,11.350791666666666,67.2486,6.7843409090909095,65.71372857142858,4.5664507575757565,1.534871428571421,True,216,-5.9787350307410145,0.37034464142415435,0.020917993255507472,23.064237070843465,61.426154109083015,70.28017932900433,ok
2002-08,2002-10,2002,10,3,34.741166666666665,93.122,25.890208333333337,133.1736142857143,8.850958333333327,-40.05161428571431,True,216,-5.9787350307410145,0.37034464142415435,0.020917993255507472,23.064237070843465,130.47278424519175,142.02457261904763,ok
2002-09,2002-11,2002,11,3,97.57795833333334,141.559,108.72065909090908,204.98502380952382,-11.142700757575739,-63.42602380952383,True,216,-5.9787350307410145,0.37034464142415435,0.020917993255507472,23.064237070843465,194.8796492622218,193.84232305194809,ok
2002-10,2002-12,2002,12,3,219.11545833333332,198.8721,234.87134090909092,199.8239380952381,-15.755882575757596,-0.9518380952381165,True,216,-5.9787350307410145,0.37034464142415435,0.020917993255507472,23.064237070843465,188.01009638165706,184.0680555194805,ok
2002-11,2003-01,2003,1,3,260.6752916666667,226.3735,304.02175757575753,281.5371227272727,-43.34646590909085,-55.16362272727267,True,216,-6.108130039255788,0.43989532694004896,0.028422557147668615,22.907968151943194,256.3610848952417,238.19065681818182,ok
2002-12,2003-02,2003,2,3,245.22625000000002,242.0345,293.6834924242424,212.70152727272728,-48.45724242424237,29.332972727272733,True,216,-6.108130039255788,0.43989532694004896,0.028422557147668615,22.907968151943194,185.27728273464618,164.2442848484849,ok
2003-01,2003-03,2003,3,3,346.07162500000004,210.3821,342.77384374999997,274.1419181818182,3.297781250000071,-63.75981818181819,True,216,-6.108130039255788,0.43989532694004896,0.028422557147668615,22.907968151943194,269.48446670370794,277.43969943181827,ok
2003-02,2003-04,2003,4,3,217.047625,166.9079,196.99199999999996,199.95665909090906,20.05562500000005,-33.048759090909044,True,216,-6.108130039255788,0.43989532694004896,0.028422557147668615,22.907968151943194,202.6709047680153,220.0122840909091,ok
2003-03,2003-05,2003,5,3,32.319375,100.5299,23.482472222222224,76.7322409090909,8.836902777777777,23.797659090909093,True,216,-6.108130039255788,0.43989532694004896,0.028422557147668615,22.907968151943194,74.5114231064031,85.56914368686868,ok
2003-04,2003-06,2003,6,3,1.5011666666666665,12.2745,1.432753472222222,7.792868181818182,0.0684131944444446,4.4816318181818176,True,216,-6.108130039255788,0.43989532694004896,0.028422557147668615,22.907968151943194,1.7148327870995463,7.861281376262626,ok
2003-05,2003-07,2003,7,3,0.6585416666666667,1.88,1.2909097222222223,4.4326,-0.6323680555555556,-2.5526,True,216,-6.108130039255788,0.43989532694004896,0.028422557147668615,22.907968151943194,-1.9537057918008423,3.800231944444444,ok
2003-06,2003-08,2003,8,3,1.1049583333333333,33.5851,1.539184027777778,11.111545454545455,-0.4342256944444447,22.47355454545454,True,216,-6.108130039255788,0.43989532694004896,0.028422557147668615,22.907968151943194,4.812401561466258,10.67731976010101,ok
2003-07,2003-09,2003,9,3,3.596416666666667,34.1644,7.164878472222223,65.78349545454546,-3.568461805555556,-31.61909545454546,True,216,-6.108130039255788,0.43989532694004896,0.028422557147668615,22.907968151943194,58.10561574266173,62.2150336489899,ok
2003-08,2003-10,2003,10,3,17.376083333333334,102.8612,26.62778819444445,131.35308636363638,-9.251704861111115,-28.491886363636382,True,216,-6.108130039255788,0.43989532694004896,0.028422557147668615,22.907968151943194,121.17517458974928,122.10138150252527,ok
2003-09,2003-11,2003,11,3,100.040375,171.1685,107.79210069444444,202.10202272727275,-7.7517256944444455,-30.93352272727276,True,216,-6.108130039255788,0.43989532694004896,0.028422557147668615,22.907968151943194,192.58394477930975,194.3502970328283,ok
2003-10,2003-12,2003,12,3,242.3060416666667,191.1895,233.55835069444444,199.78067272727273,8.747690972222244,-8.59117272727272,True,216,-6.108130039255788,0.43989532694004896,0.028422557147668615,22.907968151943194,197.52061106821316,208.52836369949497,ok
2003-11,2004-01,2004,1,3,315.38166666666666,330.2411,300.40955208333327,279.13870434782604,14.972114583333394,51.10239565217398,True,216,-6.937407661577,0.3607938350133518,0.01953760297775775,22.831270266030995,277.6031433250292,294.11081893115943,ok
2003-12,2004-02,2004,2,3,326.31262499999997,337.9902,289.6453888888889,213.97687391304348,36.667236111111094,124.01332608695654,True,216,-6.937407661577,0.3607938350133518,0.01953760297775775,22.831270266030995,220.26877898733431,250.64411002415457,ok
2004-01,2004-03,2004,3,3,301.40925,263.3091,343.02751923076914,271.369752173913,-41.61826923076916,-8.060652173913013,True,216,-6.937407661577,0.3607938350133518,0.01953760297775775,22.831270266030995,249.4167295499486,229.75148294314386,ok
2004-02,2004-04,2004,4,3,195.25325,153.5851,198.53474038461536,198.5197565217391,-3.2814903846153527,-44.9346565217391,True,216,-6.937407661577,0.3607938350133518,0.01953760297775775,22.831270266030995,190.3984073597373,195.23826613712376,ok
2004-03,2004-05,2004,5,3,16.204375000000002,29.0041,24.162233974358973,77.76692173913042,-7.95785897435897,-48.76282173913042,True,216,-6.937407661577,0.3607938350133518,0.01953760297775775,22.831270266030995,67.95836761969903,69.80906276477145,ok
2004-04,2004-06,2004,6,3,0.8855833333333334,11.5046,1.4380160256410253,7.987721739130435,-0.5524326923076919,3.5168782608695652,True,216,-6.937407661577,0.3607938350133518,0.01953760297775775,22.831270266030995,0.8509997679089918,7.435289046822743,ok
2004-05,2004-07,2004,7,3,0.7032083333333333,24.0552,1.2422660256410258,4.321617391304348,-0.5390576923076925,19.733582608695652,True,216,-6.937407661577,0.3607938350133518,0.01953760297775775,22.831270266030995,-2.8102789623737916,3.7825596989966552,ok
2004-06,2004-08,2004,8,3,4.017666666666666,45.2683,1.5057820512820514,12.08865652173913,2.5118846153846146,33.17964347826087,True,216,-6.937407661577,0.3607938350133518,0.01953760297775775,22.831270266030995,6.057521343657784,14.600541137123745,ok
2004-07,2004-09,2004,9,3,8.640041666666667,24.8521,6.890381410256411,64.40875217391304,1.7496602564102561,-39.556652173913044,True,216,-6.937407661577,0.3607938350133518,0.01953760297775775,22.831270266030995,58.102611146216745,66.1584124303233,ok
2004-08,2004-10,2004,10,3,31.393083333333333,156.836,25.916118589743594,130.11430869565217,5.47696474358974,26.721691304347843,True,216,-6.937407661577,0.3607938350133518,0.01953760297775775,22.831270266030995,125.15295614814784,135.59127343924192,ok
2004-09,2004-11,2004,11,3,67.06791666666668,135.0896,107.1958141025641,200.75708695652176,-40.127897435897424,-65.66748695652177,True,216,-6.937407661577,0.3607938350133518,0.01953760297775775,22.831270266030995,179.3417812880249,160.62918952062432,ok
2004-10,2004-12,2004,12,3,208.06695833333333,159.7892,234.23125,199.40714347826088,-26.164291666666657,-39.617943478260884,True,216,-6.937407661577,0.3607938350133518,0.01953760297775775,22.831270266030995,183.02982068585933,173.24285181159422,ok
2004-11,2005-01,2005,1,3,300.95170833333333,258.8253,301.56125320512814,281.2679708333333,-0.6095448717948102,-22.442670833333295,True,216,-6.875712828530967,0.3735556462000775,0.021369786496069687,22.998139604867955,274.1645590763311,280.6584259615385,ok
2004-12,2005-02,2005,2,3,297.8136666666667,252.3165,292.4659455128205,219.14409583333335,5.34772115384618,33.17240416666664,True,216,-6.875712828530967,0.3735556462000775,0.021369786496069687,22.998139604867955,214.26605443612522,224.49181698717953,ok
2005-01,2005-03,2005,3,3,382.76570833333335,402.6636,340.05478571428563,271.03389166666665,42.71092261904772,131.62970833333333,True,216,-6.875712828530967,0.3735556462000775,0.021369786496069687,22.998139604867955,280.1130851368955,313.74481428571437,ok
2005-02,2005-04,2005,4,3,206.44195833333333,143.7686,198.30034821428572,196.64747916666667,8.141610119047613,-52.87887916666668,True,216,-6.875712828530967,0.3735556462000775,0.021369786496069687,22.998139604867955,192.8131107672656,204.78908928571428,ok
2005-03,2005-05,2005,5,3,30.71225,73.4273,23.59381547619048,75.7351375,7.118434523809523,-2.307837499999991,True,216,-6.875712828530967,0.3735556462000775,0.021369786496069687,22.998139604867955,71.51855607994364,82.85357202380952,ok
2005-04,2005-06,2005,6,3,0.92875,0.5479,1.3985565476190474,8.134258333333333,-0.4698065476190474,-7.586358333333333,True,216,-6.875712828530967,0.3735556462000775,0.021369786496069687,22.998139604867955,1.0830466163175052,7.664451785714286,ok
2005-05,2005-07,2005,7,3,0.39066666666666666,1.8672,1.2037619047619048,5.14385,-0.8130952380952381,-3.2766499999999996,True,216,-6.875712828530967,0.3735556462000775,0.021369786496069687,22.998139604867955,-2.03559914561984,4.330754761904761,ok
2005-06,2005-08,2005,8,3,1.7744583333333335,1.159,1.685202380952381,13.471141666666666,0.08925595238095241,-12.312141666666665,True,216,-6.875712828530967,0.3735556462000775,0.021369786496069687,22.998139604867955,6.628770903104568,13.560397619047619,ok
2005-07,2005-09,2005,9,3,2.7107916666666667,69.9723,7.015357142857143,62.760558333333336,-4.304565476190476,7.2117416666666685,True,216,-6.875712828530967,0.3735556462000775,0.021369786496069687,22.998139604867955,54.276850766733496,58.45599285714286,ok
2005-08,2005-10,2005,10,3,17.521375,43.3954,26.30733035714286,131.2277125,-8.78595535714286,-87.8323125,True,216,-6.875712828530967,0.3735556462000775,0.021369786496069687,22.998139604867955,121.06995644054649,122.44175714285714,ok
2005-09,2005-11,2005,11,3,59.62679166666667,162.476,104.32953571428571,198.02094166666666,-44.70274404761904,-35.54494166666666,True,216,-6.875712828530967,0.3735556462000775,0.021369786496069687,22.998139604867955,174.4462663985107,153.31819761904762,ok
2005-10,2005-12,2005,12,3,230.1302916666667,270.7065,232.3623720238095,197.75639583333336,-2.23208035714282,72.95010416666665,True,216,-6.875712828530967,0.3735556462000775,0.021369786496069687,22.998139604867955,190.0468767846194,195.52431547619054,ok
2005-11,2006-01,2006,1,3,310.89525,166.8556,301.51771428571425,280.370264,9.377535714285727,-113.51466400000001,True,216,-7.187350864217674,0.4460475194110285,0.033050260436885415,23.290005498418925,277.3657396793279,289.74779971428575,ok
2005-12,2006-02,2006,2,3,313.67941666666667,230.8724,292.84792559523805,220.470992,20.831491071428616,10.401408000000004,True,216,-7.187350864217674,0.4460475194110285,0.033050260436885415,23.290005498418925,222.57547605382604,241.3024830714286,ok
2006-01,2006-03,2006,3,3,358.25820833333336,267.8005,342.9021805555555,276.29908,15.356027777777854,-8.498580000000004,True,216,-7.187350864217674,0.4460475194110285,0.033050260436885415,23.290005498418925,275.961247234067,291.65510777777786,ok
2006-02,2006-04,2006,4,3,193.39554166666667,429.1988,198.8431222222222,194.53232400000002,-5.4475805555555326,234.666476,True,216,-7.187350864217674,0.4460475194110285,0.033050260436885415,23.290005498418925,184.91509334218503,189.08474344444448,ok
2006-03,2006-05,2006,5,3,27.598583333333334,133.2095,24.068377777777776,75.642824,3.5302055555555576,57.56667599999999,True,216,-7.187350864217674,0.4460475194110285,0.033050260436885415,23.290005498418925,70.03011256684891,79.17302955555556,ok
2006-04,2006-06,2006,6,3,0.9827916666666666,0.6042,1.3672361111111109,7.830804,-0.38444444444444426,-7.226604,True,216,-7.187350864217674,0.4460475194110285,0.033050260436885415,23.290005498418925,0.4719726449865306,7.4463595555555555,ok
2006-05,2006-07,2006,7,3,2.377083333333333,1.5265,1.1495555555555557,5.012783999999999,1.2275277777777776,-3.486283999999999,True,216,-7.187350864217674,0.4460475194110285,0.033050260436885415,23.290005498418925,-1.6270311439317648,6.240311777777777,ok
2006-06,2006-08,2006,8,3,4.586875,12.4889,1.6911527777777777,12.978655999999999,2.895722222222222,-0.48975599999999986,True,216,-7.187350864217674,0.4460475194110285,0.033050260436885415,23.290005498418925,7.0829348499079385,15.874378222222221,ok
2006-07,2006-09,2006,9,3,6.263999999999999,73.0467,6.728386111111111,63.049028,-0.4643861111111116,9.997672000000001,True,216,-7.187350864217674,0.4460475194110285,0.033050260436885415,23.290005498418925,55.654538862872286,62.58464188888889,ok
2006-08,2006-10,2006,10,3,34.94195833333333,156.2402,25.721600000000002,127.71441999999999,9.22035833333333,28.525779999999997,True,216,-7.187350864217674,0.4460475194110285,0.033050260436885415,23.290005498418925,124.63978709844645,136.93477833333333,ok
2006-09,2006-11,2006,11,3,97.64283333333333,160.8529,101.34935277777777,196.59914399999997,-3.7065194444444387,-35.74624399999996,True,216,-7.187350864217674,0.4460475194110285,0.033050260436885415,23.290005498418925,187.7585093319391,192.89262455555553,ok
2006-10,2006-12,2006,12,3,249.4706666666667,150.7779,232.21356666666668,200.67440000000002,17.25710000000001,-49.89650000000003,True,216,-7.187350864217674,0.4460475194110285,0.033050260436885415,23.290005498418925,201.1845357830104,217.93150000000003,ok
2006-11,2007-01,2007,1,3,333.78450000000004,243.8694,302.14288333333326,276.0043153846154,31.641616666666778,-32.13491538461537,True,216,-5.946023301785081,0.37020214859888056,0.021502231317411025,23.013275196561395,281.7720865579725,307.64593205128216,ok
2006-12,2007-02,2007,2,3,301.855625,391.6001,294.2366916666667,220.87104615384618,7.6189333333333025,170.72905384615382,True,216,-5.946023301785081,0.37020214859888056,0.021502231317411025,23.013275196561395,217.74556834209272,228.48997948717948,ok
2007-01,2007-03,2007,3,3,305.4268333333334,144.3091,343.8619322916667,275.9722115384615,-38.4350989583333,-131.66311153846152,True,216,-5.946023301785081,0.37020214859888056,0.021502231317411025,23.013275196561395,255.79743202069085,237.53711258012822,ok
2007-02,2007-04,2007,4,3,194.14083333333335,203.9629,198.5026484375,203.5579576923077,-4.361815104166652,0.4049423076922949,True,216,-5.946023301785081,0.37020214859888056,0.021502231317411025,23.013275196561395,195.99718106716907,199.19614258814104,ok
2007-03,2007-05,2007,5,3,14.106208333333335,59.8926,24.289015624999998,77.85692692307693,-10.182807291666663,-17.964326923076925,True,216,-5.946023301785081,0.37020214859888056,0.021502231317411025,23.013275196561395,68.14120648314851,67.67411963141026,ok
2007-04,2007-06,2007,6,3,0.8638750000000001,0.6092,1.3432083333333333,7.5528576923076916,-0.4793333333333333,-6.943657692307692,True,216,-5.946023301785081,0.37020214859888056,0.021502231317411025,23.013275196561395,1.4293841606275475,7.073524358974359,ok
2007-05,2007-07,2007,7,3,1.3728333333333333,2.6528,1.2262760416666665,4.878696153846153,0.14655729166666687,-2.2258961538461532,True,216,-5.946023301785081,0.37020214859888056,0.021502231317411025,23.013275196561395,-1.0130713236710946,5.025253445512821,ok
2007-06,2007-08,2007,8,3,1.09375,1.474,1.8721354166666666,12.959819230769229,-0.7783854166666666,-11.485819230769229,True,216,-5.946023301785081,0.37020214859888056,0.021502231317411025,23.013275196561395,6.725635975296114,12.181433814102562,ok
2007-07,2007-09,2007,9,3,2.44075,24.48,6.699361979166666,63.43355384615385,-4.258611979166666,-38.95355384615385,True,216,-5.946023301785081,0.37020214859888056,0.021502231317411025,23.013275196561395,55.91098323963234,59.17494186698718,ok
2007-08,2007-10,2007,10,3,20.936208333333333,90.3212,26.297872395833334,128.8115653846154,-5.361664062500001,-38.49036538461539,True,216,-5.946023301785081,0.37020214859888056,0.021502231317411025,23.013275196561395,120.88064252682742,123.4499013221154,ok
2007-09,2007-11,2007,11,3,74.80079166666667,140.1645,101.1176953125,195.22428846153844,-26.316903645833335,-55.05978846153843,True,216,-5.946023301785081,0.37020214859888056,0.021502231317411025,23.013275196561395,179.53569088559613,168.9073848157051,ok
2007-10,2007-12,2007,12,3,210.71195833333334,154.6319,233.29213541666667,198.75530384615388,-22.580177083333325,-44.12340384615388,True,216,-5.946023301785081,0.37020214859888056,0.021502231317411025,23.013275196561395,184.45005047237558,176.17512676282055,ok
2007-11,2008-01,2008,1,3,311.55383333333333,277.9576,304.120484375,274.81413333333336,7.43334895833334,3.1434666666666544,True,216,-7.017816047211068,0.43357300816961775,0.0281971227282094,23.12402628398835,271.0192167547614,282.2474822916667,ok
2007-12,2008-02,2008,2,3,292.153,227.3554,294.712875,227.19434444444445,-2.559874999999977,0.1610555555555493,True,216,-7.017816047211068,0.43357300816961775,0.0281971227282094,23.12402628398835,219.0666356929452,224.63446944444448,ok
2008-01,2008-03,2008,3,3,313.79695833333335,291.7903,341.60104411764706,271.0958,-27.804085784313713,20.694500000000005,True,216,-7.017816047211068,0.43357300816961775,0.0281971227282094,23.12402628398835,252.02288283987795,243.29171421568628,ok
2008-02,2008-04,2008,4,3,179.18283333333332,198.2004,198.24607107843138,203.57295555555558,-19.063237745098064,-5.372555555555579,True,216,-7.017816047211068,0.43357300816961775,0.0281971227282094,23.12402628398835,188.28983417374977,184.50971781045752,ok
2008-03,2008-05,2008,5,3,19.440791666666666,156.4351,23.69002696078431,77.19158148148148,-4.249235294117643,79.24351851851853,True,216,-7.017816047211068,0.43357300816961775,0.0281971227282094,23.12402628398835,68.33141170537931,72.94234618736384,ok
2008-04,2008-06,2008,6,3,1.7928333333333333,1.2231,1.3150122549019607,7.295685185185184,0.47782107843137256,-6.072585185185185,True,216,-7.017816047211068,0.43357300816961775,0.0281971227282094,23.12402628398835,0.48503946031645756,7.773506263616557,ok
2008-05,2008-07,2008,7,3,0.6027083333333333,1.8809,1.2348970588235293,4.796255555555555,-0.632188725490196,-2.915355555555555,True,216,-7.017816047211068,0.43357300816961775,0.0281971227282094,23.12402628398835,-2.495660459097214,4.164066830065359,ok
2008-06,2008-08,2008,8,3,0.8704999999999999,10.0751,1.8263480392156861,12.534418518518518,-0.9558480392156862,-2.4593185185185167,True,216,-7.017816047211068,0.43357300816961775,0.0281971227282094,23.12402628398835,5.102172561591674,11.578570479302831,ok
2008-07,2008-09,2008,9,3,8.305208333333333,35.7506,6.448855392156862,61.99082962962963,1.8563529411764712,-26.24022962962963,True,216,-7.017816047211068,0.43357300816961775,0.0281971227282094,23.12402628398835,55.77787811134896,63.8471825708061,ok
2008-08,2008-10,2008,10,3,26.549625000000002,71.4708,25.982480392156866,127.38599629629628,0.5671446078431366,-55.91519629629629,True,216,-7.017816047211068,0.43357300816961775,0.0281971227282094,23.12402628398835,120.61407884277494,127.95314090413942,ok
2008-09,2008-11,2008,11,3,134.22241666666667,228.8043,99.56964215686276,193.185037037037,34.65277450980392,35.619262962963006,True,216,-7.017816047211068,0.43357300816961775,0.0281971227282094,23.12402628398835,201.19172867546507,227.83781154684092,ok
2008-10,2008-12,2008,12,3,212.39720833333334,198.2564,231.96388970588237,197.12110370370374,-19.566681372549027,1.135296296296275,True,216,-7.017816047211068,0.43357300816961775,0.0281971227282094,23.12402628398835,181.61970275390019,177.5544223311547,ok
2008-11,2009-01,2009,1,3,320.4929583333333,176.1671,304.55774019607844,274.9264,15.935218137254878,-98.7593,True,216,-7.010011528895868,0.4340140454297972,0.030797188563392974,23.208307716086466,274.83249695966043,290.8616181372549,ok
2008-12,2009-02,2009,2,3,322.30804166666667,173.2144,294.56229411764707,227.20009642857144,27.745747549019597,-53.98569642857143,True,216,-7.010011528895868,0.4340140454297972,0.030797188563392974,23.208307716086466,232.23212903689947,254.94584397759104,ok
2009-01,2009-03,2009,3,3,347.5224166666667,237.6584,340.0563726851852,271.83488928571427,7.466043981481505,-34.17648928571427,True,216,-7.010011528895868,0.4340140454297972,0.030797188563392974,23.208307716086466,268.065245708578,279.3009332671958,ok
2009-02,2009-04,2009,4,3,193.71970833333333,291.4855,197.1870023148148,203.3810785714286,-3.4672939814814754,88.10442142857141,True,216,-7.010011528895868,0.4340140454297972,0.030797188563392974,23.208307716086466,194.86621275493556,199.9137845899471,ok
2009-03,2009-05,2009,5,3,39.193875,287.1656,23.45395833333333,80.02170714285715,15.73991666666667,207.14389285714282,True,216,-7.010011528895868,0.4340140454297972,0.030797188563392974,23.208307716086466,79.84304052118917,95.76162380952383,ok
2009-04,2009-06,2009,6,3,2.6675833333333334,15.2435,1.3415578703703703,7.0788071428571415,1.326025462962963,8.164692857142857,True,216,-7.010011528895868,0.4340140454297972,0.030797188563392974,23.208307716086466,0.6443092894847489,8.404832605820104,ok
2009-05,2009-07,2009,7,3,3.470791666666667,2.7198,1.1997754629629627,4.692135714285714,2.271016203703704,-1.9723357142857134,True,216,-7.010011528895868,0.4340140454297972,0.030797188563392974,23.208307716086466,-1.3322228848040893,6.963151917989418,ok
2009-06,2009-08,2009,8,3,3.3034583333333334,15.226,1.7732453703703703,12.446585714285714,1.530212962962963,2.779414285714287,True,216,-7.010011528895868,0.4340140454297972,0.030797188563392974,23.208307716086466,6.100708103814518,13.976798677248677,ok
2009-07,2009-09,2009,9,3,18.284333333333333,49.6335,6.55198611111111,61.05367857142858,11.732347222222224,-11.420178571428579,True,216,-7.010011528895868,0.4340140454297972,0.030797188563392974,23.208307716086466,59.13567052283642,72.7860257936508,ok
2009-08,2009-10,2009,10,3,45.70008333333334,145.1622,26.013988425925927,125.38902499999999,19.686094907407412,19.773175000000023,True,216,-7.010011528895868,0.4340140454297972,0.030797188563392974,23.208307716086466,126.92305516058293,145.0751199074074,ok
2009-09,2009-11,2009,11,3,116.11079166666667,129.9771,101.49479629629631,194.45715357142853,14.615995370370356,-64.48005357142853,True,216,-7.010011528895868,0.4340140454297972,0.030797188563392974,23.208307716086466,193.7906893212103,209.07314894179888,ok
2009-10,2009-12,2009,12,3,231.29095833333335,238.1976,230.87685185185188,197.16165000000004,0.41410648148146834,41.03594999999996,True,216,-7.010011528895868,0.4340140454297972,0.030797188563392974,23.208307716086466,190.33136650037065,197.5757564814815,ok
2009-11,2010-01,2010,1,3,236.34645833333335,206.4191,305.4430300925926,271.5209068965517,-69.09657175925926,-65.10180689655172,True,216,-5.031467127425766,0.4333064132727688,0.02527998546414878,21.790330540855987,236.54945209067685,202.42433513729245,ok
2009-12,2010-02,2010,2,3,246.03275,189.3031,296.103724537037,225.33852068965518,-50.07097453703702,-36.03542068965518,True,216,-5.031467127425766,0.4333064132727688,0.02527998546414878,21.790330540855987,198.61097917651375,175.26754615261817,ok
2010-01,2010-03,2010,3,3,311.9778333333333,170.6808,340.44932236842106,270.6563896551724,-28.471489035087757,-99.9755896551724,True,216,-5.031467127425766,0.4333064132727688,0.02527998546414878,21.790330540855987,253.28804373341782,242.18490062008465,ok
2010-02,2010-04,2010,4,3,149.10483333333335,179.409,197.00451315789473,206.41916206896553,-47.89967982456139,-27.010162068965542,True,216,-5.031467127425766,0.4333064132727688,0.02527998546414878,21.790330540855987,180.63245647984508,158.51948224440414,ok
2010-03,2010-05,2010,5,3,32.65420833333334,36.5434,24.282374999999995,87.16460000000001,8.371833333333342,-50.62120000000001,True,216,-5.031467127425766,0.4333064132727688,0.02527998546414878,21.790330540855987,85.76070194675832,95.53643333333335,ok
2010-04,2010-06,2010,6,3,1.101625,8.1085,1.4113486842105263,7.3603482758620675,-0.3097236842105262,0.7481517241379319,True,216,-5.031467127425766,0.4333064132727688,0.02527998546414878,21.790330540855987,2.194675889725411,7.050624591651541,ok
2010-05,2010-07,2010,7,3,0.4129583333333333,1.8517,1.3193026315789471,4.624124137931034,-0.9063442982456138,-2.7724241379310337,True,216,-5.031467127425766,0.4333064132727688,0.02527998546414878,21.790330540855987,-0.8000677865577638,3.71777983968542,ok
2010-06,2010-08,2010,8,3,0.33487500000000003,1.1641,1.853782894736842,12.542427586206896,-1.518907894736842,-11.378327586206897,True,216,-5.031467127425766,0.4333064132727688,0.02527998546414878,21.790330540855987,6.852807926821017,11.023519691470055,ok
2010-07,2010-09,2010,9,3,1.1339166666666667,2.3148,7.169478070175438,60.65987931034483,-6.035561403508771,-58.34507931034483,True,216,-5.031467127425766,0.4333064132727688,0.02527998546414878,21.790330540855987,53.01316471907712,54.624317906836055,ok
2010-08,2010-10,2010,10,3,17.152958333333334,136.1532,27.050098684210525,126.07085862068966,-9.89714035087719,10.082341379310336,True,216,-5.031467127425766,0.4333064132727688,0.02527998546414878,21.790330540855987,116.75089710616811,116.17371826981247,ok
2010-09,2010-11,2010,11,3,144.66604166666667,142.1422,102.26405921052633,192.23370344827583,42.401982456140345,-50.09150344827583,True,216,-5.031467127425766,0.4333064132727688,0.02527998546414878,21.790330540855987,205.5752872545751,234.63568590441616,ok
2010-10,2010-12,2010,12,3,288.89887500000003,168.2896,230.89864692982457,198.57668275862073,58.00022807017547,-30.287082758620727,True,216,-5.031467127425766,0.4333064132727688,0.02527998546414878,21.790330540855987,218.67708642528527,256.5769108287962,ok
2010-11,2011-01,2011,1,3,345.29041666666666,274.405,301.80636842105264,269.35084666666665,43.48404824561402,5.054153333333318,True,226,-6.760793474547239,0.39818128879068465,0.02352759867959875,22.544461593754473,279.9045875643943,312.8348949122807,ok
2010-12,2011-02,2011,2,3,333.80925,316.7195,293.4684100877193,224.13734000000002,40.34083991228073,92.58215999999996,True,226,-6.760793474547239,0.39818128879068465,0.02352759867959875,22.544461593754473,233.43951415262342,264.4781799122808,ok
1991-01,1991-04,1991,4,4,253.46520833333332,214.6288,,206.46041999999997,,8.168380000000042,False,228,,,,,,,anomalia_indisponivel_para_linha_avaliada
1991-02,1991-05,1991,5,4,22.72175,128.0413,,48.429050000000004,,79.61225,False,228,,,,,,,anomalia_indisponivel_para_linha_avaliada
1991-03,1991-06,1991,6,4,1.6847083333333333,0.7033,,9.38869,,-8.68539,False,228,,,,,,,anomalia_indisponivel_para_linha_avaliada
1991-04,1991-07,1991,7,4,1.06025,1.9531,,6.404940000000001,,-4.451840000000001,False,228,,,,,,,anomalia_indisponivel_para_linha_avaliada
1991-05,1991-08,1991,8,4,1.8860833333333333,1.2135,,16.050330000000002,,-14.836830000000003,False,228,,,,,,,anomalia_indisponivel_para_linha_avaliada
1991-06,1991-09,1991,9,4,4.535958333333333,73.9762,,73.19717999999999,,0.7790200000000169,False,228,,,,,,,anomalia_indisponivel_para_linha_avaliada
1991-07,1991-10,1991,10,4,21.092458333333333,58.2752,,169.18448999999998,,-110.90928999999998,False,228,,,,,,,anomalia_indisponivel_para_linha_avaliada
1991-08,1991-11,1991,11,4,111.88799999999999,141.8015,,204.26054000000002,,-62.459040000000016,False,228,,,,,,,anomalia_indisponivel_para_linha_avaliada
1991-09,1991-12,1991,12,4,263.53229166666665,139.2974,,206.55659999999997,,-67.25919999999996,False,228,,,,,,,anomalia_indisponivel_para_linha_avaliada
1991-10,1992-01,1992,1,4,349.56475,307.6078,,296.8603363636363,,10.747463636363705,False,219,,,,,,,anomalia_indisponivel_para_linha_avaliada
1991-11,1992-02,1992,2,4,275.3445,144.7331,,218.7978454545455,,-74.06474545454549,False,219,,,,,,,anomalia_indisponivel_para_linha_avaliada
1991-12,1992-03,1992,3,4,326.7089583333333,155.372,,299.8407818181818,,-144.4687818181818,False,219,,,,,,,anomalia_indisponivel_para_linha_avaliada
1992-01,1992-04,1992,4,4,184.12908333333334,102.9542,253.46520833333332,207.20299999999997,-69.33612499999998,-104.24879999999997,True,219,-5.362069130185567,0.531246591545681,0.042792482992334735,22.625665112975543,165.00635079257913,137.866875,ok
1992-02,1992-05,1992,5,4,21.070166666666665,24.3743,22.72175,55.66652727272728,-1.6515833333333347,-31.292227272727278,True,219,-5.362069130185567,0.531246591545681,0.042792482992334735,22.625665112975543,49.42706012605473,54.014943939393945,ok
1992-03,1992-06,1992,6,4,0.8855833333333334,1.0095,1.6847083333333333,8.599109090909092,-0.7991249999999999,-7.589609090909092,True,219,-5.362069130185567,0.531246591545681,0.042792482992334735,22.625665112975543,2.812507528254583,7.799984090909092,ok
1992-04,1992-07,1992,7,4,1.7409999999999999,2.0289,1.06025,6.000227272727273,0.68075,-3.9713272727272733,True,219,-5.362069130185567,0.531246591545681,0.042792482992334735,22.625665112975543,0.9998042597364285,6.680977272727273,ok
1992-05,1992-08,1992,8,4,1.1271666666666667,13.0445,1.8860833333333333,14.701527272727276,-0.7589166666666667,-1.6570272727272766,True,219,-5.362069130185567,0.531246591545681,0.042792482992334735,22.625665112975543,8.936286250107832,13.94261060606061,ok
1992-06,1992-09,1992,9,4,3.531625,135.5711,4.535958333333333,73.26799999999999,-1.0043333333333333,62.303100000000015,True,219,-5.362069130185567,0.531246591545681,0.042792482992334735,22.625665112975543,67.37238220970538,72.26366666666665,ok
1992-07,1992-10,1992,10,4,25.36675,62.0723,21.092458333333333,159.10182727272726,4.274291666666667,-97.02952727272726,True,219,-5.362069130185567,0.531246591545681,0.042792482992334735,22.625665112975543,156.01046102173046,163.37611893939393,ok
1992-08,1992-11,1992,11,4,95.26675,214.2915,111.88799999999999,198.58244545454545,-16.62124999999999,15.709054545454563,True,219,-5.362069130185567,0.531246591545681,0.042792482992334735,22.625665112975543,184.39039391463123,181.96119545454548,ok
1992-09,1992-12,1992,12,4,232.97616666666667,239.5717,263.53229166666665,200.44212727272725,-30.55612499999998,39.129572727272745,True,219,-5.362069130185567,0.531246591545681,0.042792482992334735,22.625665112975543,178.8472208854479,169.88600227272727,ok
1992-10,1993-01,1993,1,4,266.67929166666664,121.8043,349.56475,297.75595833333324,-82.88545833333336,-175.95165833333323,True,216,-5.266253972829677,0.4743143039863053,0.03467968089886864,22.406322974072474,253.1759458805426,214.87049999999988,ok
1992-11,1993-02,1993,2,4,310.736125,307.8407,275.3445,212.62578333333337,35.39162500000003,95.21491666666665,True,216,-5.266253972829677,0.4743143039863053,0.03467968089886864,22.406322974072474,224.14628333932305,248.0174083333334,ok
1992-12,1993-03,1993,3,4,365.0771666666667,153.1779,326.7089583333333,287.80171666666666,38.36820833333337,-134.62381666666667,True,216,-5.266253972829677,0.4743143039863053,0.03467968089886864,22.406322974072474,300.7340527246635,326.16992500000003,ok
1993-01,1993-04,1993,4,4,213.72116666666668,250.0943,218.79714583333333,198.51559999999998,-5.075979166666656,51.578700000000026,True,216,-5.266253972829677,0.4743143039863053,0.03467968089886864,22.406322974072474,190.8417365016838,193.43962083333332,ok
1993-02,1993-05,1993,5,4,23.279791666666668,95.5974,21.895958333333333,53.058841666666666,1.3838333333333352,42.53855833333333,True,216,-5.266253972829677,0.4743143039863053,0.03467968089886864,22.406322974072474,48.448959638170045,54.442675,ok
1993-03,1993-06,1993,6,4,3.045625,0.586,1.2851458333333334,7.966641666666668,1.7604791666666664,-7.380641666666667,True,216,-5.266253972829677,0.4743143039863053,0.03467968089886864,22.406322974072474,3.5354081444568815,9.727120833333334,ok
1993-04,1993-07,1993,7,4,4.508666666666667,1.8793,1.4006249999999998,5.669283333333335,3.108041666666667,-3.7899833333333355,True,216,-5.266253972829677,0.4743143039863053,0.03467968089886864,22.406322974072474,1.8772179803890945,8.777325000000001,ok
1993-05,1993-08,1993,8,4,3.6270416666666665,40.5665,1.506625,14.56344166666667,2.1204166666666664,26.00305833333333,True,216,-5.266253972829677,0.4743143039863053,0.03467968089886864,22.406322974072474,10.302931649247954,16.683858333333337,ok
1993-06,1993-09,1993,9,4,5.043583333333333,56.4376,4.033791666666667,78.45992499999998,1.0097916666666666,-22.02232499999998,True,216,-5.266253972829677,0.4743143039863053,0.03467968089886864,22.406322974072474,73.67262965871649,79.46971666666666,ok
1993-07,1993-10,1993,10,4,23.770791666666668,126.1723,23.229604166666668,151.01603333333333,0.5411874999999995,-24.84373333333332,True,216,-5.266253972829677,0.4743143039863053,0.03467968089886864,22.406322974072474,146.00647233289223,151.55722083333333,ok
1993-08,1993-11,1993,11,4,119.54516666666666,225.9903,103.57737499999999,199.8915333333333,15.96779166666667,26.098766666666677,True,216,-5.266253972829677,0.4743143039863053,0.03467968089886864,22.406322974072474,202.19903135107697,215.85932499999998,ok
1993-09,1993-12,1993,12,4,243.4665,216.8044,248.25422916666668,203.70292499999996,-4.787729166666679,13.101475000000022,True,216,-5.266253972829677,0.4743143039863053,0.03467968089886864,22.406322974072474,196.16578259980784,198.91519583333329,ok
1993-10,1994-01,1994,1,4,364.1172916666667,330.218,308.1220208333333,284.2212153846153,55.99527083333339,45.99678461538474,True,216,-5.571717314709598,0.5248538438708097,0.040989212051581014,22.824747837920878,308.0388312053677,340.21648621794867,ok
1993-11,1994-02,1994,2,4,314.516125,306.4669,293.0403125,219.95000769230774,21.47581249999996,86.51689230769227,True,216,-5.571717314709598,0.5248538438708097,0.040989212051581014,22.824747837920878,225.6499531184719,241.4258201923077,ok
1993-12,1994-03,1994,3,4,382.77695833333337,311.1998,345.89306250000004,277.4460384615385,36.88389583333333,33.753761538461504,True,216,-5.571717314709598,0.5248538438708097,0.040989212051581014,22.824747837920878,291.23297565188443,314.3299342948718,ok
1994-01,1994-04,1994,4,4,251.27270833333333,176.4476,217.1051527777778,202.48319230769232,34.16755555555554,-26.035592307692326,True,216,-5.571717314709598,0.5248538438708097,0.040989212051581014,22.824747837920878,214.8444478619855,236.65074786324786,ok
1994-02,1994-05,1994,5,4,34.584875,50.2617,22.35723611111111,56.33103846153846,12.227638888888887,-6.0693384615384645,True,216,-5.571717314709598,0.5248538438708097,0.040989212051581014,22.824747837920878,57.177044419126396,68.55867735042735,ok
1994-03,1994-06,1994,6,4,1.7711666666666668,40.3001,1.8719722222222224,7.398900000000001,-0.10080555555555559,32.9012,True,216,-5.571717314709598,0.5248538438708097,0.040989212051581014,22.824747837920878,1.7742745019735369,7.2980944444444455,ok
1994-04,1994-07,1994,7,4,2.2097083333333334,1.843,2.4366388888888886,5.3777461538461555,-0.2269305555555552,-3.5347461538461555,True,216,-5.571717314709598,0.5248538438708097,0.040989212051581014,22.824747837920878,-0.31307653523851436,5.150815598290601,ok
1994-05,1994-08,1994,8,4,0.9374583333333333,6.3765,2.2134305555555556,16.563676923076926,-1.2759722222222223,-10.187176923076926,True,216,-5.571717314709598,0.5248538438708097,0.040989212051581014,22.824747837920878,10.322260682861616,15.287704700854704,ok
1994-06,1994-09,1994,9,4,6.134416666666667,57.4679,4.370388888888889,76.76589999999999,1.7640277777777778,-19.297999999999988,True,216,-5.571717314709598,0.5248538438708097,0.040989212051581014,22.824747837920878,72.12003944515193,78.52992777777777,ok
1994-07,1994-10,1994,10,4,25.299666666666667,114.0829,23.41,149.10497692307692,1.8896666666666668,-35.02207692307692,True,216,-5.571717314709598,0.5248538438708097,0.040989212051581014,22.824747837920878,144.52505842200188,150.9946435897436,ok
1994-08,1994-11,1994,11,4,108.90724999999999,151.223,108.89997222222222,201.89913076923074,0.0072777777777730535,-50.676130769230724,True,216,-5.571717314709598,0.5248538438708097,0.040989212051581014,22.824747837920878,196.33123322416265,201.9064085470085,ok
1994-09,1994-12,1994,12,4,243.96879166666668,200.9509,246.65831944444446,204.71073076923074,-2.6895277777777835,-3.7598307692307458,True,216,-5.571717314709598,0.5248538438708097,0.040989212051581014,22.824747837920878,197.72740446215715,202.02120299145295,ok
1994-10,1995-01,1995,1,4,286.756125,156.6185,326.7871111111111,287.5066999999999,-40.030986111111076,-130.8881999999999,True,216,-5.2506508076839085,0.534622676135005,0.045772208167841666,23.063800419114266,260.8545762692706,247.47571388888883,ok
1994-11,1995-02,1995,2,4,310.5950833333333,232.7107,300.19891666666666,226.12978571428576,10.396166666666659,6.580914285714243,True,216,-5.2506508076839085,0.534622676135005,0.045772208167841666,23.063800419114266,226.4371613514807,236.52595238095242,ok
1994-12,1995-03,1995,3,4,389.08229166666666,218.3206,358.1876944444445,279.8570214285714,30.89459722222216,-61.53642142857137,True,216,-5.2506508076839085,0.534622676135005,0.045772208167841666,23.063800419114266,291.123322865945,310.75161865079355,ok
1995-01,1995-04,1995,4,4,210.08158333333333,255.6784,225.64704166666667,200.62350714285714,-15.56545833333334,55.054892857142875,True,216,-5.2506508076839085,0.534622676135005,0.045772208167841666,23.063800419114266,187.05120934573864,185.0580488095238,ok
1995-02,1995-05,1995,5,4,21.24866666666667,188.1476,25.414145833333333,55.89751428571429,-4.165479166666664,132.25008571428572,True,216,-5.2506508076839085,0.534622676135005,0.045772208167841666,23.063800419114266,48.419903858562435,51.73203511904762,ok
1995-03,1995-06,1995,6,4,0.4859583333333333,0.5023,1.8467708333333335,9.748985714285714,-1.3608125000000002,-9.246685714285714,True,216,-5.2506508076839085,0.534622676135005,0.045772208167841666,23.063800419114266,3.770813686133839,8.388173214285715,ok
1995-04,1995-07,1995,7,4,0.44649999999999995,1.9521,2.37990625,5.125264285714287,-1.93340625,-3.1731642857142877,True,216,-5.2506508076839085,0.534622676135005,0.045772208167841666,23.063800419114266,-1.1590293454007656,3.1918580357142874,ok
1995-05,1995-08,1995,8,4,0.39066666666666666,1.2264,1.8944375,15.83602142857143,-1.5037708333333333,-14.60962142857143,True,216,-5.2506508076839085,0.534622676135005,0.045772208167841666,23.063800419114266,9.781420633677087,14.332250595238097,ok
1995-06,1995-09,1995,9,4,1.1772083333333334,24.8694,4.811395833333333,75.38747142857142,-3.6341874999999995,-50.51807142857142,True,216,-5.2506508076839085,0.534622676135005,0.045772208167841666,23.063800419114266,68.19390157406112,71.75328392857142,ok
1995-07,1995-10,1995,10,4,23.313166666666664,82.7379,23.882416666666668,146.6034,-0.5692500000000038,-63.8655,True,216,-5.2506508076839085,0.534622676135005,0.045772208167841666,23.063800419114266,141.04841523392622,146.03414999999998,ok
1995-08,1995-11,1995,11,4,127.116,247.2129,108.90179166666665,198.2794071428571,18.214208333333346,48.93349285714288,True,216,-5.2506508076839085,0.534622676135005,0.045772208167841666,23.063800419114266,202.76648513802039,216.49361547619046,ok
1995-09,1995-12,1995,12,4,259.2914583333333,191.1246,245.9859375,204.44217142857138,13.305520833333304,-13.317571428571398,True,216,-5.2506508076839085,0.534622676135005,0.045772208167841666,23.063800419114266,206.3049537761742,217.7476922619047,ok
1995-10,1996-01,1996,1,4,317.69170833333334,224.1528,316.7793645833333,278.7808199999999,0.9123437500000477,-54.62801999999988,True,216,-5.281303775726439,0.6174563769137412,0.056200599873806434,22.514871367321387,274.06284869064837,279.69316374999994,ok
1995-11,1996-02,1996,2,4,371.28820833333333,225.4247,302.7979583333333,226.56851333333336,68.49025,-1.1438133333333553,True,216,-5.281303775726439,0.6174563769137412,0.056200599873806434,22.514871367321387,263.57695117652327,295.05876333333333,ok
1995-12,1996-03,1996,3,4,408.40012499999995,302.7974,365.91134375,275.75459333333333,42.48878124999993,27.04280666666665,True,216,-5.281303775726439,0.6174563769137412,0.056200599873806434,22.514871367321387,296.7082584877124,318.24337458333326,ok
1996-01,1996-04,1996,4,4,181.90429166666664,321.9434,222.53395,204.29383333333334,-40.62965833333337,117.64956666666666,True,216,-5.281303775726439,0.6174563769137412,0.056200599873806434,22.514871367321387,173.92548792786368,163.66417499999997,ok
1996-02,1996-05,1996,5,4,20.422791666666665,98.9982,24.581049999999998,64.71418666666666,-4.1582583333333325,34.284013333333334,True,216,-5.281303775726439,0.6174563769137412,0.056200599873806434,22.514871367321387,56.86533976616885,60.55592833333333,ok
1996-03,1996-06,1996,6,4,0.6587500000000001,0.4652,1.5746083333333334,9.13254,-0.9158583333333333,-8.667340000000001,True,216,-5.281303775726439,0.6174563769137412,0.056200599873806434,22.514871367321387,3.285733656007304,8.216681666666668,ok
1996-04,1996-07,1996,7,4,1.015625,1.9521,1.993225,4.913720000000001,-0.9776,-2.9616200000000017,True,216,-5.281303775726439,0.6174563769137412,0.056200599873806434,22.514871367321387,-0.971209129797311,3.9361200000000016,ok
1996-05,1996-08,1996,8,4,1.4174166666666668,1.4883,1.5936833333333333,14.862046666666668,-0.17626666666666657,-13.373746666666667,True,216,-5.281303775726439,0.6174563769137412,0.056200599873806434,22.514871367321387,9.471905913569566,14.685780000000001,ok
1996-06,1996-09,1996,9,4,4.633125,9.7369,4.084558333333333,72.0196,0.5485666666666669,-62.2827,True,216,-5.281303775726439,0.6174563769137412,0.056200599873806434,22.514871367321387,67.0770122107692,72.56816666666667,ok
1996-07,1996-10,1996,10,4,32.64304166666667,145.0933,23.768566666666665,142.3457,8.874475000000004,2.7476000000000056,True,216,-5.281303775726439,0.6174563769137412,0.056200599873806434,22.514871367321387,142.54399740478513,151.22017499999998,ok
1996-08,1996-11,1996,11,4,142.23600000000002,222.7092,112.54463333333334,201.54163999999997,29.69136666666668,21.167560000000037,True,216,-5.281303775726439,0.6174563769137412,0.056200599873806434,22.514871367321387,214.593459911891,231.23300666666665,ok
1996-09,1996-12,1996,12,4,252.68479166666668,130.1745,248.64704166666667,203.55433333333332,4.037750000000017,-73.37983333333332,True,216,-5.281303775726439,0.6174563769137412,0.056200599873806434,22.514871367321387,200.76616404349036,207.59208333333333,ok
1996-10,1997-01,1997,1,4,353.92825,403.2083,316.9618333333333,275.36656875,36.9664166666667,127.84173125000001,True,216,-6.265657973460099,0.5256807813037156,0.04628902299331672,23.16508200656812,288.53344557187194,312.3329854166667,ok
1996-11,1997-02,1997,2,4,332.115875,180.4594,316.49600833333335,226.497025,15.619866666666667,-46.03762500000002,True,216,-6.265657973460099,0.5256807813037156,0.04628902299331672,23.16508200656812,228.4424307397331,242.11689166666667,ok
1996-12,1997-03,1997,3,4,353.30325,452.1152,374.40909999999997,277.44476875,-21.105849999999975,174.67043125000004,True,216,-6.265657973460099,0.5256807813037156,0.04628902299331672,23.16508200656812,260.08417105846087,256.33891875,ok
1997-01,1997-04,1997,4,4,227.18879166666667,290.1342,215.76234027777778,211.64693125,11.426451388888893,78.48726875000003,True,216,-6.265657973460099,0.5256807813037156,0.04628902299331672,23.16508200656812,211.38793917017995,223.0733826388889,ok
1997-02,1997-05,1997,5,4,16.885125,68.9381,23.88800694444444,66.8569375,-7.002881944444443,2.081162500000005,True,216,-6.265657973460099,0.5256807813037156,0.04628902299331672,23.16508200656812,56.90999907460666,59.85405555555556,ok
1997-03,1997-06,1997,6,4,1.3392083333333333,0.6576,1.4219652777777778,8.59083125,-0.08275694444444448,-7.93323125,True,216,-6.265657973460099,0.5256807813037156,0.04628902299331672,23.16508200656812,2.2816695413260377,8.508074305555557,ok
1997-04,1997-07,1997,7,4,2.265541666666667,1.9683,1.8302916666666667,4.72861875,0.43525000000000036,-2.7603187499999997,True,216,-6.265657973460099,0.5256807813037156,0.04628902299331672,23.16508200656812,-1.308236663397657,5.163868750000001,ok
1997-05,1997-08,1997,8,4,4.720833333333333,1.2265,1.5643055555555554,14.026187499999999,3.156527777777778,-12.7996875,True,216,-6.265657973460099,0.5256807813037156,0.04628902299331672,23.16508200656812,9.419855514969003,17.182715277777778,ok
1997-06,1997-09,1997,9,4,5.356791666666666,47.0877,4.1759861111111105,68.12693125,1.1808055555555557,-21.03923125,True,216,-6.265657973460099,0.5256807813037156,0.04628902299331672,23.16508200656812,62.48200006355211,69.30773680555555,ok
1997-07,1997-10,1997,10,4,23.369,98.1562,25.247645833333333,142.517425,-1.8786458333333336,-44.361225000000005,True,216,-6.265657973460099,0.5256807813037156,0.04628902299331672,23.16508200656812,135.26419901708027,140.63877916666667,ok
1997-08,1997-11,1997,11,4,102.40554166666668,75.7109,117.49319444444444,202.86461250000002,-15.087652777777762,-127.15371250000003,True,216,-6.265657973460099,0.5256807813037156,0.04628902299331672,23.16508200656812,188.66766542627855,187.77695972222227,ok
1997-09,1997-12,1997,12,4,247.01537499999998,199.815,249.32000000000002,198.96809374999998,-2.304625000000044,0.8469062500000177,True,216,-6.265657973460099,0.5256807813037156,0.04628902299331672,23.16508200656812,191.4909387059278,196.66346874999994,ok
1997-10,1998-01,1998,1,4,223.612875,347.458,323.1229027777777,282.8866705882353,-99.51002777777771,64.57132941176474,True,216,-4.919020362077328,0.5769483499070017,0.042553060329757475,20.566244641001337,220.5555039005692,183.37664281045758,ok
1997-11,1998-02,1998,2,4,239.45029166666666,127.8253,319.09931944444446,223.7889294117647,-79.6490277777778,-95.96362941176471,True,216,-4.919020362077328,0.5769483499070017,0.042553060329757475,20.566244641001337,172.91653390160153,144.1399016339869,ok
1997-12,1998-03,1998,3,4,281.3100416666667,242.0988,370.89145833333333,287.7195,-89.58141666666666,-45.62069999999997,True,216,-4.919020362077328,0.5769483499070017,0.042553060329757475,20.566244641001337,231.11662910975775,198.13808333333333,ok
1998-01,1998-04,1998,4,4,168.70675,54.1047,217.3946904761905,216.2638294117647,-48.687940476190505,-162.1591294117647,True,216,-4.919020362077328,0.5769483499070017,0.042553060329757475,20.566244641001337,183.25438213157895,167.5758889355742,ok
1998-02,1998-05,1998,5,4,15.769083333333333,74.6596,22.887595238095233,66.97935882352942,-7.118511904761901,7.680241176470574,True,216,-4.919020362077328,0.5769483499070017,0.042553060329757475,20.566244641001337,57.95332476420637,59.86084691876752,ok
1998-03,1998-06,1998,6,4,0.5723333333333334,16.0121,1.4101428571428571,8.124170588235295,-0.8378095238095238,7.887929411764706,True,216,-4.919020362077328,0.5769483499070017,0.042553060329757475,20.566244641001337,2.721777403859691,7.286361064425771,ok
1998-04,1998-07,1998,7,4,0.8928333333333334,3.3565,1.8924702380952383,4.566247058823529,-0.9996369047619049,-1.2097470588235288,True,216,-4.919020362077328,0.5769483499070017,0.042553060329757475,20.566244641001337,-0.9295121659623227,3.5666101540616237,ok
1998-05,1998-08,1998,8,4,0.5245416666666667,1.2501,2.0152380952380953,13.273264705882351,-1.4906964285714286,-12.023164705882351,True,216,-4.919020362077328,0.5769483499070017,0.042553060329757475,20.566244641001337,7.494189499128477,11.782568277310922,ok
1998-06,1998-09,1998,9,4,3.596375,13.3474,4.344672619047619,66.8893294117647,-0.7482976190476185,-53.541929411764706,True,216,-4.919020362077328,0.5769483499070017,0.042553060329757475,20.566244641001337,61.53857997313852,66.14103179271709,ok
1998-07,1998-10,1998,10,4,25.277375000000003,89.2952,24.979267857142855,139.9079411764706,0.29810714285714823,-50.61274117647059,True,216,-4.919020362077328,0.5769483499070017,0.042553060329757475,20.566244641001337,135.16091323856017,140.20604831932775,ok
1998-08,1998-11,1998,11,4,121.57554166666667,245.1679,115.33781547619047,195.3849823529412,6.237726190476195,49.78291764705881,True,216,-4.919020362077328,0.5769483499070017,0.042553060329757475,20.566244641001337,194.0648078236308,201.6227085434174,ok
1998-09,1998-12,1998,12,4,253.41004166666667,138.7974,248.99076785714286,199.01791176470587,4.4192738095238155,-60.22051176470586,True,216,-4.919020362077328,0.5769483499070017,0.042553060329757475,20.566244641001337,196.64858413482054,203.4371855742297,ok
1998-10,1999-01,1999,1,4,327.26704166666667,215.817,308.90718452380946,286.4739666666667,18.35985714285721,-70.65696666666668,True,216,-5.717008564637261,0.5886995534167547,0.05554322608360662,23.066779309539115,291.5653978028249,304.8338238095239,ok
1998-11,1999-02,1999,2,4,351.4493333333333,131.3784,307.72088690476187,218.4576166666667,43.72844642857143,-87.0792166666667,True,216,-5.717008564637261,0.5886995534167547,0.05554322608360662,23.066779309539115,238.48352498613792,262.1860630952381,ok
1998-12,1999-03,1999,3,4,370.400375,283.9542,358.09411309523813,285.1850166666666,12.306261904761868,-1.2308166666666125,True,216,-5.717008564637261,0.5886995534167547,0.05554322608360662,23.066779309539115,286.7126989895923,297.4912785714285,ok
1999-01,1999-04,1999,4,4,203.97958333333335,162.6196,211.30869791666666,207.25498888888887,-7.329114583333308,-44.63538888888888,True,216,-5.717008564637261,0.5886995534167547,0.05554322608360662,23.066779309539115,197.22333384210307,199.92587430555557,ok
1999-02,1999-05,1999,5,4,29.149958333333334,177.0923,21.99778125,67.40603888888889,7.152177083333335,109.68626111111111,True,216,-5.717008564637261,0.5886995534167547,0.05554322608360662,23.066779309539115,65.8995137791675,74.55821597222223,ok
1999-03,1999-06,1999,6,4,1.998,0.6859,1.305416666666667,8.56238888888889,0.6925833333333331,-7.87648888888889,True,216,-5.717008564637261,0.5886995534167547,0.05554322608360662,23.066779309539115,3.2531038232888494,9.254972222222223,ok
1999-04,1999-07,1999,7,4,4.129208333333334,1.9885,1.767515625,4.499038888888888,2.361692708333334,-2.510538888888888,True,216,-5.717008564637261,0.5886995534167547,0.05554322608360662,23.066779309539115,0.17235776695506666,6.860731597222222,ok
1999-05,1999-08,1999,8,4,1.227625,1.2624,1.8289010416666667,12.60531111111111,-0.6012760416666667,-11.34291111111111,True,216,-5.717008564637261,0.5886995534167547,0.05554322608360662,23.066779309539115,6.534331609264488,12.004035069444443,ok
1999-06,1999-09,1999,9,4,2.9592500000000004,72.5879,4.251135416666667,63.914777777777786,-1.2918854166666667,8.673122222222219,True,216,-5.717008564637261,0.5886995534167547,0.05554322608360662,23.066779309539115,57.43723684528324,62.62289236111112,ok
1999-07,1999-10,1999,10,4,25.444791666666664,112.4277,25.01653125,137.09612222222222,0.4282604166666637,-24.66842222222222,True,216,-5.717008564637261,0.5886995534167547,0.05554322608360662,23.066779309539115,131.63123037362269,137.52438263888888,ok
1999-08,1999-11,1999,11,4,107.68675,349.1067,116.11753125,198.15070000000003,-8.430781249999995,150.95599999999996,True,216,-5.717008564637261,0.5886995534167547,0.05554322608360662,23.066779309539115,187.4704942785334,189.71991875000003,ok
1999-09,1999-12,1999,12,4,282.71616666666665,242.5365,249.54317708333332,195.67232777777775,33.17298958333333,46.86417222222224,True,216,-5.717008564637261,0.5886995534167547,0.05554322608360662,23.066779309539115,209.48424336634747,228.84531736111109,ok
1999-10,2000-01,2000,1,4,288.5195,260.085,311.20216666666664,282.7551789473684,-22.68266666666665,-22.670178947368413,True,216,-5.208709984832592,0.55460049753571,0.04679934435311206,22.960492992933066,264.96665074376585,260.07251228070174,ok
1999-11,2000-02,2000,2,4,369.27325,271.7656,313.18694270833333,213.8745,56.086307291666685,57.891099999999994,True,216,-5.208709984832592,0.55460049753571,0.04679934435311206,22.960492992933066,239.77128394406648,269.9608072916667,ok
1999-12,2000-03,2000,3,4,384.1718333333333,185.8099,359.63239583333336,285.12023684210527,24.539437499999963,-99.31033684210527,True,216,-5.208709984832592,0.55460049753571,0.04679934435311206,22.960492992933066,293.52111110401916,309.65967434210523,ok
2000-01,2000-04,2000,4,4,222.06949999999998,184.1135,210.49435185185183,204.90575789473684,11.575148148148145,-20.79225789473685,True,216,-5.208709984832592,0.55460049753571,0.04679934435311206,22.960492992933066,206.11663083191678,216.48090604288498,ok
2000-02,2000-05,2000,5,4,20.434,53.6399,22.79246759259259,73.179,-2.3584675925925893,-19.539100000000005,True,216,-5.208709984832592,0.55460049753571,0.04679934435311206,22.960492992933066,66.6622827148937,70.82053240740741,ok
2000-03,2000-06,2000,6,4,0.7019166666666666,4.8153,1.3823703703703705,8.147836842105264,-0.6804537037037038,-3.332536842105264,True,216,-5.208709984832592,0.55460049753571,0.04679934435311206,22.960492992933066,2.561746894648581,7.467383138401559,ok
2000-04,2000-07,2000,7,4,2.299,10.0203,2.0299259259259257,4.366905263157895,0.26907407407407424,5.653394736842106,True,216,-5.208709984832592,0.55460049753571,0.04679934435311206,22.960492992933066,-0.6925761063192555,4.635979337231969,ok
2000-05,2000-08,2000,8,4,3.0355416666666666,7.9948,1.7620925925925925,12.008315789473684,1.273449074074074,-4.013515789473685,True,216,-5.208709984832592,0.55460049753571,0.04679934435311206,22.960492992933066,7.5058612947089625,13.281764863547759,ok
2000-06,2000-09,2000,9,4,3.877125,123.9327,4.107592592592592,64.37125789473684,-0.2304675925925923,59.561442105263154,True,216,-5.208709984832592,0.55460049753571,0.04679934435311206,22.960492992933066,59.03473046838654,64.14079030214425,ok
2000-07,2000-10,2000,10,4,21.516541666666665,86.4072,25.064115740740743,135.79778421052632,-3.5475740740740775,-49.39058421052631,True,216,-5.208709984832592,0.55460049753571,0.04679934435311206,22.960492992933066,128.62158787916746,132.25021013645224,ok
2000-08,2000-11,2000,11,4,108.78837499999999,192.5216,115.18077777777778,206.09575263157896,-6.392402777777789,-13.574152631578954,True,216,-5.208709984832592,0.55460049753571,0.04679934435311206,22.960492992933066,197.34181288574217,199.70334985380117,ok
2000-09,2000-12,2000,12,4,241.915375,222.6176,253.2290648148148,198.13886315789472,-11.31368981481478,24.47873684210529,True,216,-5.208709984832592,0.55460049753571,0.04679934435311206,22.960492992933066,186.65557517280118,186.82517334307994,ok
2000-10,2001-01,2001,1,4,313.2500416666667,192.5309,308.68187037037035,281.62167,4.5681712962963275,-89.09076999999999,True,216,-4.9546889084135115,0.5422707086808948,0.04575946332859426,23.24686373748797,279.1441665778048,286.1898412962963,ok
2000-11,2001-02,2001,2,4,313.2762916666667,153.1069,319.41875462962963,216.76905500000004,-6.142462962962952,-63.66215500000004,True,216,-4.9546889084135115,0.5422707086808948,0.04575946332859426,23.24686373748797,208.48348834761444,210.62659203703708,ok
2000-12,2001-03,2001,3,4,338.449375,249.1479,362.35900000000004,280.15472,-23.909625000000062,-31.006820000000005,True,216,-4.9546889084135115,0.5422707086808948,0.04575946332859426,23.24686373748797,262.234541798542,256.24509499999994,ok
2001-01,2001-04,2001,4,4,211.36666666666667,196.9268,211.65186666666665,203.866145,-0.2851999999999748,-6.939345000000003,True,216,-4.9546889084135115,0.5422707086808948,0.04575946332859426,23.24686373748797,198.7568004854707,203.580945,ok
2001-02,2001-05,2001,5,4,32.43091666666667,140.175,22.556620833333334,72.202045,9.874295833333335,67.97295500000001,True,216,-4.9546889084135115,0.5422707086808948,0.04575946332859426,23.24686373748797,72.60189749085296,82.07634083333333,ok
2001-03,2001-06,2001,6,4,2.1058749999999997,5.0237,1.3143250000000002,7.981210000000002,0.7915499999999995,-2.957510000000002,True,216,-4.9546889084135115,0.5422707086808948,0.04575946332859426,23.24686373748797,3.455755471042852,8.772760000000002,ok
2001-04,2001-07,2001,7,4,2.499916666666667,2.3266,2.056833333333333,4.6495750000000005,0.44308333333333394,-2.3229750000000005,True,216,-4.9546889084135115,0.5422707086808948,0.04575946332859426,23.24686373748797,-0.06484279524215092,5.092658333333334,ok
2001-05,2001-08,2001,8,4,1.5177500000000002,7.2041,1.8894375,11.80764,-0.37168749999999995,-4.603539999999999,True,216,-4.9546889084135115,0.5422707086808948,0.04575946332859426,23.24686373748797,6.651395847553657,11.435952499999999,ok
2001-06,2001-09,2001,9,4,8.564375,33.0017,4.084545833333333,67.34933000000001,4.479829166666667,-34.34763000000001,True,216,-4.9546889084135115,0.5422707086808948,0.04575946332859426,23.24686373748797,64.82392122856417,71.82915916666667,ok
2001-07,2001-10,2001,10,4,51.07941666666667,130.0808,24.709358333333334,133.328255,26.370058333333333,-3.247455000000002,True,216,-4.9546889084135115,0.5422707086808948,0.04575946332859426,23.24686373748797,142.6732763119597,159.69831333333335,ok
2001-08,2001-11,2001,11,4,103.345125,196.3446,114.5415375,205.417045,-11.196412500000008,-9.072444999999988,True,216,-4.9546889084135115,0.5422707086808948,0.04575946332859426,23.24686373748797,194.39086955052784,194.2206325,ok
2001-09,2001-12,2001,12,4,245.68741666666665,209.0467,252.09769583333332,199.3628,-6.410279166666669,9.683899999999994,True,216,-4.9546889084135115,0.5422707086808948,0.04575946332859426,23.24686373748797,190.93200446503576,192.95252083333332,ok
2001-10,2002-01,2002,1,4,287.83875,368.8524,309.13868749999995,277.3792523809524,-21.299937499999942,91.47314761904761,True,216,-5.0531974124829615,0.587912078086383,0.05261315662593591,22.76876136258743,259.8035644497344,256.07931488095244,ok
2001-11,2002-02,2002,2,4,287.79408333333333,190.9456,318.80450833333333,213.73752380952382,-31.010424999999998,-22.79192380952381,True,216,-5.0531974124829615,0.587912078086383,0.05261315662593591,22.76876136258743,190.4529229929489,182.72709880952382,ok
2001-12,2002-03,2002,3,4,372.208375,178.8799,359.96803750000004,278.67820476190474,12.240337499999953,-99.79830476190475,True,216,-5.0531974124829615,0.587912078086383,0.05261315662593591,22.76876136258743,280.8212496055254,290.9185422619047,ok
2002-01,2002-04,2002,4,4,204.336,124.7968,211.62593939393938,203.53569999999996,-7.289939393939363,-78.73889999999996,True,216,-5.0531974124829615,0.587912078086383,0.05261315662593591,22.76876136258743,194.1966591693023,196.2457606060606,ok
2002-02,2002-05,2002,5,4,30.7235,103.8934,23.454284090909088,75.43885238095238,7.269215909090914,28.454547619047617,True,216,-5.0531974124829615,0.587912078086383,0.05261315662593591,22.76876136258743,74.65931479964166,82.7080682900433,ok
2002-03,2002-06,2002,6,4,0.76675,6.7952,1.386284090909091,7.840376190476191,-0.619534090909091,-1.045176190476191,True,216,-5.0531974124829615,0.587912078086383,0.05261315662593591,22.76876136258743,2.422947203161508,7.2208420995671005,ok
2002-04,2002-07,2002,7,4,1.3504166666666668,2.1991,2.0971136363636362,4.538957142857143,-0.7466969696969694,-2.339857142857143,True,216,-5.0531974124829615,0.587912078086383,0.05261315662593591,22.76876136258743,-0.9532324367811689,3.7922601731601735,ok
2002-05,2002-08,2002,8,4,3.448625,1.0971,1.8556477272727272,11.588423809523809,1.5929772727272726,-10.49132380952381,True,216,-5.0531974124829615,0.587912078086383,0.05261315662593591,22.76876136258743,7.4717569757943165,13.181401082251082,ok
2002-06,2002-09,2002,9,4,10.961958333333333,67.2486,4.49180303030303,65.71372857142858,6.470155303030303,1.534871428571421,True,216,-5.0531974124829615,0.587912078086383,0.05261315662593591,22.76876136258743,64.4644136086918,72.18388387445887,ok
2002-07,2002-10,2002,10,4,36.705333333333336,93.122,27.106636363636365,133.1736142857143,9.59869696969697,-40.05161428571431,True,216,-5.0531974124829615,0.587912078086383,0.05261315662593591,22.76876136258743,133.76360675560736,142.77231125541127,ok
2002-08,2002-11,2002,11,4,96.50879166666665,141.559,113.52368181818183,204.98502380952382,-17.014890151515175,-63.42602380952383,True,216,-5.0531974124829615,0.587912078086383,0.05261315662593591,22.76876136258743,189.92856696965202,187.97013365800865,ok
2002-09,2002-12,2002,12,4,187.56608333333335,198.8721,251.51494318181815,199.8239380952381,-63.9488598484848,-0.9518380952381165,True,216,-5.0531974124829615,0.587912078086383,0.05261315662593591,22.76876136258743,157.17443359797758,135.8750782467533,ok
2002-10,2003-01,2003,1,4,249.63804166666668,226.3735,307.2023295454545,281.5371227272727,-57.56428787878784,-55.16362272727267,True,216,-5.218928039827006,0.5468628773978446,0.044704347108142084,22.840285467868583,244.83842258269388,223.97283484848484,ok
2002-11,2003-02,2003,2,4,277.8147916666667,242.0345,315.9853787878788,212.70152727272728,-38.17058712121212,29.332972727272733,True,216,-5.218928039827006,0.5468628773978446,0.044704347108142084,22.840285467868583,186.6085221278291,174.53094015151515,ok
2002-12,2003-03,2003,3,4,351.58466666666664,210.3821,361.0807954545455,274.1419181818182,-9.496128787878888,-63.75981818181819,True,216,-5.218928039827006,0.5468628773978446,0.044704347108142084,22.840285467868583,263.7299098289112,264.6457893939393,ok
2003-01,2003-04,2003,4,4,220.44958333333332,166.9079,211.0184444444444,199.95665909090906,9.43113888888891,-33.048759090909044,True,216,-5.218928039827006,0.5468628773978446,0.044704347108142084,22.840285467868583,199.89527080099856,209.38779797979797,ok
2003-02,2003-05,2003,5,4,36.973,100.5299,24.060052083333332,76.7322409090909,12.912947916666667,23.797659090909093,True,216,-5.218928039827006,0.5468628773978446,0.044704347108142084,22.840285467868583,78.57492472266074,89.64518882575757,ok
2003-03,2003-06,2003,6,4,2.2139583333333333,12.2745,1.33465625,7.792868181818182,0.8793020833333332,4.4816318181818176,True,216,-5.218928039827006,0.5468628773978446,0.044704347108142084,22.840285467868583,3.0547978093847625,8.672170265151514,ok
2003-04,2003-07,2003,7,4,0.50225,1.88,2.0348888888888887,4.4326,-1.5326388888888887,-2.5526,True,216,-5.218928039827006,0.5468628773978446,0.044704347108142084,22.840285467868583,-1.6244713526166188,2.899961111111111,ok
2003-05,2003-08,2003,8,4,0.6697083333333333,33.5851,1.9883958333333334,11.111545454545455,-1.3186875,22.47355454545454,True,216,-5.218928039827006,0.5468628773978446,0.044704347108142084,22.840285467868583,5.17147617407988,9.792857954545456,ok
2003-06,2003-09,2003,9,4,5.151708333333334,34.1644,5.030982638888889,65.78349545454546,0.12072569444444436,-31.61909545454546,True,216,-5.218928039827006,0.5468628773978446,0.044704347108142084,22.840285467868583,60.6305878153582,65.9042211489899,ok
2003-07,2003-10,2003,10,4,15.713375,102.8612,27.90652777777778,131.35308636363638,-12.19315277777778,-28.491886363636382,True,216,-5.218928039827006,0.5468628773978446,0.044704347108142084,22.840285467868583,119.4661757112023,119.1599335858586,ok
2003-08,2003-11,2003,11,4,104.81400000000001,171.1685,112.10577430555556,202.10202272727275,-7.291774305555549,-30.93352272727276,True,216,-5.218928039827006,0.5468628773978446,0.044704347108142084,22.840285467868583,192.89549400937398,194.8102484217172,ok
2003-09,2003-12,2003,12,4,234.09220833333333,191.1895,246.18587152777775,199.78067272727273,-12.093663194444417,-8.59117272727272,True,216,-5.218928039827006,0.5468628773978446,0.044704347108142084,22.840285467868583,187.94816923465143,187.6870095328283,ok
2003-10,2004-01,2004,1,4,297.03445833333336,330.2411,302.4053055555555,279.13870434782604,-5.370847222222153,51.10239565217398,True,216,-5.7398945005448905,0.5371633791358638,0.04566445499972838,23.213960596874376,270.5137874045698,273.7678571256039,ok
2003-11,2004-02,2004,2,4,328.317125,337.9902,312.80449652777776,213.97687391304348,15.512628472222218,124.01332608695654,True,216,-5.7398945005448905,0.5371633791358638,0.04566445499972838,23.213960596874376,216.5697953419167,229.4895023852657,ok
2003-12,2004-03,2004,3,4,388.24525,263.3091,360.28945138888895,271.369752173913,27.95579861111105,-8.060652173913013,True,216,-5.7398945005448905,0.5371633791358638,0.04566445499972838,23.213960596874376,280.6466889217542,299.32555078502406,ok
2004-01,2004-04,2004,4,4,228.73325,153.5851,211.74391666666665,198.5197565217391,16.98933333333335,-44.9346565217391,True,216,-5.7398945005448905,0.5371633791358638,0.04566445499972838,23.213960596874376,201.90590972379312,215.50908985507246,ok
2004-02,2004-05,2004,5,4,23.893583333333336,29.0041,25.05335576923077,77.76692173913042,-1.159772435897434,-48.76282173913042,True,216,-5.7398945005448905,0.5371633791358638,0.04566445499972838,23.213960596874376,71.40403995789023,76.60714930323299,ok
2004-03,2004-06,2004,6,4,0.626375,11.5046,1.402294871794872,7.987721739130435,-0.775919871794872,3.5168782608695652,True,216,-5.7398945005448905,0.5371633791358638,0.04566445499972838,23.213960596874376,1.8310314983135445,7.211801867335563,ok
2004-04,2004-07,2004,7,4,3.5266249999999997,24.0552,1.9169935897435897,4.321617391304348,1.60963141025641,19.733582608695652,True,216,-5.7398945005448905,0.5371633791358638,0.04566445499972838,23.213960596874376,-0.5536420617439836,5.931248801560757,ok
2004-05,2004-08,2004,8,4,0.7700833333333333,45.2683,1.8869583333333333,12.08865652173913,-1.1168749999999998,33.17964347826087,True,216,-5.7398945005448905,0.5371633791358638,0.04566445499972838,23.213960596874376,5.748817672121872,10.97178152173913,ok
2004-06,2004-09,2004,9,4,5.810333333333333,24.8521,5.040269230769231,64.40875217391304,0.7700641025641026,-39.556652173913044,True,216,-5.7398945005448905,0.5371633791358638,0.04566445499972838,23.213960596874376,59.08250790885271,65.17881627647715,ok
2004-07,2004-10,2004,10,4,21.85129166666667,156.836,26.968592948717948,130.11430869565217,-5.1173012820512795,26.721691304347843,True,216,-5.7398945005448905,0.5371633791358638,0.04566445499972838,23.213960596874376,121.62558734638432,124.9970074136009,ok
2004-08,2004-11,2004,11,4,109.25279166666667,135.0896,111.5448685897436,200.75708695652176,-2.292076923076934,-65.66748695652177,True,216,-5.7398945005448905,0.5371633791358638,0.04566445499972838,23.213960596874376,193.78597267073752,198.46501003344483,ok
2004-09,2004-12,2004,12,4,220.38775,159.7892,245.25558974358972,199.40714347826088,-24.867839743589712,-39.617943478260884,True,216,-5.7398945005448905,0.5371633791358638,0.04566445499972838,23.213960596874376,180.3091561492402,174.53930373467117,ok
2004-10,2005-01,2005,1,4,343.17008333333337,258.8253,301.99216346153844,281.2679708333333,41.17791987179493,-22.442670833333295,True,216,-5.864765106013506,0.5635823483912594,0.05010230974324703,23.089006153732434,298.6103545105331,322.44589070512825,ok
2004-11,2005-02,2005,2,4,317.1270416666667,252.3165,313.99777564102567,219.14409583333335,3.129266025641016,33.17240416666664,True,216,-5.864765106013506,0.5635823483912594,0.05010230974324703,23.089006153732434,215.0429298227916,222.27336185897437,ok
2004-12,2005-03,2005,3,4,365.36720833333334,402.6636,362.4398974358975,271.03389166666665,2.9273108974358593,131.62970833333333,True,216,-5.864765106013506,0.5635823483912594,0.05010230974324703,23.089006153732434,266.8189073107014,273.9612025641025,ok
2005-01,2005-04,2005,4,4,191.38683333333333,143.7686,212.95744047619044,196.64747916666667,-21.570607142857114,-52.87887916666668,True,216,-5.864765106013506,0.5635823483912594,0.05010230974324703,23.089006153732434,178.62590063085648,175.07687202380956,ok
2005-02,2005-05,2005,5,4,25.880041666666667,73.4273,24.97051488095238,75.7351375,0.9095267857142879,-2.307837499999991,True,216,-5.864765106013506,0.5635823483912594,0.05010230974324703,23.089006153732434,70.3829656358041,76.64466428571428,ok
2005-03,2005-06,2005,6,4,1.382375,0.5479,1.346872023809524,8.134258333333333,0.03550297619047593,-7.586358333333333,True,216,-5.864765106013506,0.5635823483912594,0.05010230974324703,23.089006153732434,2.289502078016135,8.169761309523809,ok
2005-04,2005-07,2005,7,4,0.29016666666666663,1.8672,2.0319672619047617,5.14385,-1.741800595238095,-3.2766499999999996,True,216,-5.864765106013506,0.5635823483912594,0.05010230974324703,23.089006153732434,-1.7025631759070854,3.4020494047619048,ok
2005-05,2005-08,2005,8,4,0.7701250000000001,1.159,1.8071815476190474,13.471141666666666,-1.0370565476190472,-12.312141666666665,True,216,-5.864765106013506,0.5635823483912594,0.05010230974324703,23.089006153732434,7.021909796131486,12.43408511904762,ok
2005-06,2005-09,2005,9,4,2.689083333333333,69.9723,5.0952738095238095,62.760558333333336,-2.4061904761904764,7.2117416666666685,True,216,-5.864765106013506,0.5635823483912594,0.05010230974324703,23.089006153732434,55.539706748071715,60.35436785714286,ok
2005-07,2005-10,2005,10,4,18.313541666666666,43.3954,26.60307142857143,131.2277125,-8.289529761904763,-87.8323125,True,216,-5.864765106013506,0.5635823483912594,0.05010230974324703,23.089006153732434,120.69111474371296,122.93818273809524,ok
2005-08,2005-11,2005,11,4,105.94804166666667,162.476,111.38114880952382,198.02094166666666,-5.433107142857153,-35.54494166666666,True,216,-5.864765106013506,0.5635823483912594,0.05010230974324703,23.089006153732434,189.0941732780204,192.5878345238095,ok
2005-09,2005-12,2005,12,4,214.13808333333336,270.7065,243.47931547619046,197.75639583333336,-29.34123214285711,72.95010416666665,True,216,-5.864765106013506,0.5635823483912594,0.05010230974324703,23.089006153732434,175.35543021155536,168.41516369047625,ok
2005-10,2006-01,2006,1,4,303.79754166666663,166.8556,304.9334434523809,280.370264,-1.1359017857142817,-113.51466400000001,True,216,-6.358715773245996,0.5615080479891517,0.05368148680992135,23.293684734025554,273.3737302323502,279.23436221428574,ok
2005-11,2006-02,2006,2,4,333.3557083333333,230.8724,314.2212946428572,220.470992,19.13441369047615,10.401408000000004,True,216,-6.358715773245996,0.5615080479891517,0.05368148680992135,23.293684734025554,224.85640350751018,239.60540569047615,ok
2005-12,2006-03,2006,3,4,348.41520833333334,267.8005,362.6489910714286,276.29908,-14.233782738095272,-8.498580000000004,True,216,-6.358715773245996,0.5615080479891517,0.05368148680992135,23.293684734025554,261.94798066598446,262.06529726190473,ok
2006-01,2006-04,2006,4,4,199.7891666666667,429.1988,211.5194,194.53232400000002,-11.730233333333302,234.666476,True,216,-6.358715773245996,0.5615080479891517,0.05368148680992135,23.293684734025554,181.58698780529676,182.80209066666671,ok
2006-02,2006-05,2006,5,4,26.359958333333335,133.2095,25.03115,75.642824,1.3288083333333347,57.56667599999999,True,216,-6.358715773245996,0.5615080479891517,0.05368148680992135,23.293684734025554,70.03024480015573,76.97163233333333,ok
2006-03,2006-06,2006,6,4,3.121166666666667,0.6042,1.3492388888888889,7.830804,1.771927777777778,-7.226604,True,216,-6.358715773245996,0.5615080479891517,0.05368148680992135,23.293684734025554,2.467039934431759,9.602731777777777,ok
2006-04,2006-07,2006,7,4,1.8525833333333335,1.5265,1.9158472222222223,5.012783999999999,-0.06326388888888879,-3.486283999999999,True,216,-6.358715773245996,0.5615080479891517,0.05368148680992135,23.293684734025554,-1.3814549560041998,4.94952011111111,ok
2006-05,2006-08,2006,8,4,1.919625,12.4889,1.7380444444444443,12.978655999999999,0.18158055555555563,-0.48975599999999986,True,216,-6.358715773245996,0.5615080479891517,0.05368148680992135,23.293684734025554,6.721899170056789,13.160236555555555,ok
2006-06,2006-09,2006,9,4,8.499583333333334,73.0467,4.93486111111111,63.049028,3.5647222222222235,9.997672000000001,True,216,-6.358715773245996,0.5615080479891517,0.05368148680992135,23.293684734025554,58.69193244337755,66.61375022222222,ok
2006-07,2006-10,2006,10,4,19.831416666666666,156.2402,26.050436111111107,127.71441999999999,-6.2190194444444415,28.525779999999997,True,216,-6.358715773245996,0.5615080479891517,0.05368148680992135,23.293684734025554,117.86367475809742,121.49540055555555,ok
2006-08,2006-11,2006,11,4,94.15429166666667,160.8529,111.01894166666669,196.59914399999997,-16.864650000000026,-35.74624399999996,True,216,-6.358715773245996,0.5615080479891517,0.05368148680992135,23.293684734025554,180.7707915252337,179.73449399999993,ok
2006-09,2006-12,2006,12,4,235.72154166666667,150.7779,241.5232333333333,200.67440000000002,-5.801691666666642,-49.89650000000003,True,216,-6.358715773245996,0.5615080479891517,0.05368148680992135,23.293684734025554,191.05798766396913,194.87270833333338,ok
2006-10,2007-01,2007,1,4,305.929125,243.8694,304.85771666666665,276.0043153846154,1.071408333333352,-32.13491538461537,True,216,-5.084042604291772,0.48982856572076766,0.03802403622792716,22.842928819474228,271.4450791875416,277.07572371794873,ok
2006-11,2007-02,2007,2,4,329.55558333333335,391.6001,315.4969222222223,220.87104615384618,14.058661111111064,170.72905384615382,True,216,-5.084042604291772,0.48982856572076766,0.03802403622792716,22.842928819474228,222.6733373575643,234.92970726495724,ok
2006-12,2007-03,2007,3,4,324.27620833333333,144.3091,361.7000722222223,275.9722115384615,-37.423863888888945,-131.66311153846152,True,216,-5.084042604291772,0.48982856572076766,0.03802403622792716,22.842928819474228,252.55689136174607,238.54834764957258,ok
2007-01,2007-04,2007,4,4,180.79204166666668,203.9629,210.78626041666666,203.5579576923077,-29.994218749999987,0.4049423076922949,True,216,-5.084042604291772,0.48982856572076766,0.03802403622792716,22.842928819474228,183.7818899377885,173.5637389423077,ok
2007-02,2007-05,2007,5,4,21.382583333333333,59.8926,25.11420052083333,77.85692692307693,-3.731617187499996,-17.964326923076925,True,216,-5.084042604291772,0.48982856572076766,0.03802403622792716,22.842928819474228,70.94503162401307,74.12530973557693,ok
2007-03,2007-06,2007,6,4,0.6910833333333333,0.6092,1.459984375,7.5528576923076916,-0.7689010416666666,-6.943657692307692,True,216,-5.084042604291772,0.48982856572076766,0.03802403622792716,22.842928819474228,2.092185393595132,6.783956650641025,ok
2007-04,2007-07,2007,7,4,2.4887916666666667,2.6528,1.9118932291666666,4.878696153846153,0.5768984375000001,-2.2258961538461532,True,216,-5.084042604291772,0.48982856572076766,0.03802403622792716,22.842928819474228,0.07723488376155796,5.455594591346154,ok
2007-05,2007-08,2007,8,4,1.049125,1.474,1.7493932291666665,12.959819230769229,-0.7002682291666664,-11.485819230769229,True,216,-5.084042604291772,0.48982856572076766,0.03802403622792716,22.842928819474228,7.532765244164927,12.259551001602564,ok
2007-06,2007-09,2007,9,4,3.2722916666666664,24.48,5.1576562500000005,63.43355384615385,-1.8853645833333341,-38.95355384615385,True,216,-5.084042604291772,0.48982856572076766,0.03802403622792716,22.842928819474228,57.426005812147174,61.548189262820515,ok
2007-07,2007-10,2007,10,4,22.096833333333333,90.3212,25.661747395833334,128.8115653846154,-3.5649140625000015,-38.49036538461539,True,216,-5.084042604291772,0.48982856572076766,0.03802403622792716,22.842928819474228,121.98132603817146,125.24665132211538,ok
2007-08,2007-11,2007,11,4,114.17762499999999,140.1645,109.96490104166666,195.22428846153844,4.212723958333328,-55.05978846153843,True,216,-5.084042604291772,0.48982856572076766,0.03802403622792716,22.842928819474228,192.2037583915346,199.43701241987176,ok
2007-09,2007-12,2007,12,4,187.30949999999999,154.6319,241.16062760416668,198.75530384615388,-53.85112760416669,-44.12340384615388,True,216,-5.084042604291772,0.48982856572076766,0.03802403622792716,22.842928819474228,167.2934406450671,144.9041762419872,ok
2007-10,2008-01,2008,1,4,271.90225,277.9576,304.9246796875,274.81413333333336,-33.022429687499994,3.1434666666666544,True,216,-5.45524084263679,0.569310470602318,0.045985648402214974,22.374023505577107,250.558877504874,241.79170364583337,ok
2007-11,2008-02,2008,2,4,376.873625,227.3554,316.37558854166673,227.19434444444445,60.498036458333274,0.1610555555555493,True,216,-5.45524084263679,0.569310470602318,0.045985648402214974,22.374023505577107,256.1812692084176,287.6923809027777,ok
2007-12,2008-03,2008,3,4,408.2998333333333,291.7903,359.36108072916664,271.0958,48.938752604166666,20.694500000000005,True,216,-5.45524084263679,0.569310470602318,0.045985648402214974,22.374023505577107,293.50190343313176,320.03455260416666,ok
2008-01,2008-04,2008,4,4,234.54366666666667,198.2004,209.02189460784314,203.57295555555558,25.52177205882353,-5.372555555555579,True,216,-5.45524084263679,0.569310470602318,0.045985648402214974,22.374023505577107,212.6475267743327,229.0947276143791,ok
2008-02,2008-05,2008,5,4,19.18404166666667,156.4351,24.894693627450977,77.19158148148148,-5.710651960784308,79.24351851851853,True,216,-5.45524084263679,0.569310470602318,0.045985648402214974,22.374023505577107,68.48520668360453,71.48092952069717,ok
2008-03,2008-06,2008,6,4,1.2959583333333333,1.2231,1.4147549019607841,7.295685185185184,-0.1187965686274508,-6.072585185185185,True,216,-5.45524084263679,0.569310470602318,0.045985648402214974,22.374023505577107,1.7728122121571592,7.176888616557734,ok
2008-04,2008-07,2008,7,4,2.8347916666666664,1.8809,1.945828431372549,4.796255555555555,0.8889632352941175,-2.915355555555555,True,216,-5.45524084263679,0.569310470602318,0.045985648402214974,22.374023505577107,-0.1528892092477825,5.685218790849673,ok
2008-05,2008-08,2008,8,4,2.589125,10.0751,1.7082009803921567,12.534418518518518,0.8809240196078434,-2.4593185185185167,True,216,-5.45524084263679,0.569310470602318,0.045985648402214974,22.374023505577107,7.580696944049554,13.41534253812636,ok
2008-06,2008-09,2008,9,4,8.985541666666666,35.7506,5.046752450980392,61.99082962962963,3.938789215686274,-26.24022962962963,True,216,-5.45524084263679,0.569310470602318,0.045985648402214974,22.374023505577107,58.77798272897853,65.9296188453159,ok
2008-07,2008-10,2008,10,4,22.78879166666667,71.4708,25.452046568627452,127.38599629629628,-2.6632549019607836,-55.91519629629629,True,216,-5.45524084263679,0.569310470602318,0.045985648402214974,22.374023505577107,120.41453655209027,124.7227413943355,ok
2008-08,2008-11,2008,11,4,160.82279166666666,228.8043,110.21270833333334,193.185037037037,50.61008333333332,35.619262962963006,True,216,-5.45524084263679,0.569310470602318,0.045985648402214974,22.374023505577107,216.54264655412274,243.79512037037034,ok
2008-09,2008-12,2008,12,4,255.36320833333332,198.2564,237.99291421568628,197.12110370370374,17.370294117647035,1.135296296296275,True,216,-5.45524084263679,0.569310470602318,0.045985648402214974,22.374023505577107,201.55495317968527,214.49139782135077,ok
2008-10,2009-01,2009,1,4,310.538125,176.1671,302.9821838235294,274.9264,7.555941176470583,-98.7593,True,216,-6.059215698499353,0.5358610336432268,0.0484826063892575,23.333049119084432,272.9161187504716,282.4823411764706,ok
2008-11,2009-02,2009,2,4,328.59791666666666,173.2144,319.93429656862753,227.20009642857144,8.663620098039132,-53.98569642857143,True,216,-6.059215698499353,0.5358610336432268,0.0484826063892575,23.333049119084432,225.78337715089958,235.86371652661057,ok
2008-12,2009-03,2009,3,4,372.8890833333333,237.6584,362.2398308823529,271.83488928571427,10.649252450980384,-34.17648928571427,True,216,-6.059215698499353,0.5358610336432268,0.0484826063892575,23.333049119084432,271.4821930131249,282.48414173669465,ok
2009-01,2009-04,2009,4,4,230.18041666666667,291.4855,210.4397708333333,203.3810785714286,19.74064583333336,88.10442142857141,True,216,-6.059215698499353,0.5358610336432268,0.0484826063892575,23.333049119084432,207.9001057539641,223.12172440476195,ok
2009-02,2009-05,2009,5,4,24.485041666666664,287.1656,24.57743518518518,80.02170714285715,-0.09239351851851652,207.14389285714282,True,216,-6.059215698499353,0.5358610336432268,0.0484826063892575,23.333049119084432,73.91298135802253,79.92931362433863,ok
2009-03,2009-06,2009,6,4,2.030375,15.2435,1.4081550925925925,7.0788071428571415,0.6222199074074073,8.164692857142857,True,216,-6.059215698499353,0.5358610336432268,0.0484826063892575,23.333049119084432,1.3530148470945151,7.701027050264549,ok
2009-04,2009-07,2009,7,4,2.4440833333333334,2.7198,1.9952152777777776,4.692135714285714,0.44886805555555576,-1.9723357142857134,True,216,-6.059215698499353,0.5358610336432268,0.0484826063892575,23.333049119084432,-1.1265490839942136,5.141003769841269,ok
2009-05,2009-08,2009,8,4,6.472874999999999,15.226,1.7571412037037035,12.446585714285714,4.715733796296296,2.779414285714287,True,216,-6.059215698499353,0.5358610336432268,0.0484826063892575,23.333049119084432,8.914348002255991,17.16231951058201,ok
2009-06,2009-09,2009,9,4,6.512416666666667,49.6335,5.265574074074074,61.05367857142858,1.2468425925925928,-11.420178571428579,True,216,-6.059215698499353,0.5358610336432268,0.0484826063892575,23.333049119084432,55.66259723338629,62.30052116402117,ok
2009-07,2009-10,2009,10,4,39.461625,145.1622,25.304087962962964,125.38902499999999,14.157537037037034,19.773175000000023,True,216,-6.059215698499353,0.5358610336432268,0.0484826063892575,23.333049119084432,126.91628173200957,139.54656203703703,ok
2009-08,2009-11,2009,11,4,106.56354166666667,129.9771,113.02437962962964,194.45715357142853,-6.4608379629629695,-64.48005357142853,True,216,-6.059215698499353,0.5358610336432268,0.0484826063892575,23.333049119084432,184.93582656389447,187.99631560846558,ok
2009-09,2009-12,2009,12,4,240.72124999999997,238.1976,238.95793055555558,197.16165000000004,1.7633194444443916,41.03594999999996,True,216,-6.059215698499353,0.5358610336432268,0.0484826063892575,23.333049119084432,192.04732848164386,198.92496944444443,ok
2009-10,2010-01,2010,1,4,277.5939583333333,206.4191,303.4019583333333,271.5209068965517,-25.807999999999993,-65.10180689655172,True,216,-4.233296551529039,0.5030785311259518,0.038029768934419894,22.730637787562614,254.3041596137241,245.71290689655171,ok
2009-11,2010-02,2010,2,4,266.32366666666667,189.3031,320.41560879629634,225.33852068965518,-54.09194212962967,-36.03542068965518,True,216,-4.233296551529039,0.5030785311259518,0.038029768934419894,22.730637787562614,193.89272934580205,171.2465785600255,ok
2009-12,2010-03,2010,3,4,320.8053333333333,170.6808,362.8314560185185,270.6563896551724,-42.026122685185214,-99.9755896551724,True,216,-4.233296551529039,0.5030785311259518,0.038029768934419894,22.730637787562614,245.28065303426132,228.6302669699872,ok
2010-01,2010-04,2010,4,4,181.52629166666668,179.409,211.47875219298243,206.41916206896553,-29.952460526315747,-27.010162068965542,True,216,-4.233296551529039,0.5030785311259518,0.038029768934419894,22.730637787562614,187.1174256722495,176.4667015426498,ok
2010-02,2010-05,2010,5,4,20.14375,36.5434,24.57257236842105,87.16460000000001,-4.428822368421049,-50.62120000000001,True,216,-4.233296551529039,0.5030785311259518,0.038029768934419894,22.730637787562614,80.70325799674795,82.73577763157896,ok
2010-03,2010-06,2010,6,4,1.19875,8.1085,1.4409035087719297,7.3603482758620675,-0.24215350877192976,0.7481517241379319,True,216,-4.233296551529039,0.5030785311259518,0.038029768934419894,22.730637787562614,3.005229492833051,7.118194767090138,ok
2010-04,2010-07,2010,7,4,0.8928333333333334,1.8517,2.0188399122807015,4.624124137931034,-1.126006578947368,-2.7724241379310337,True,216,-4.233296551529039,0.5030785311259518,0.038029768934419894,22.730637787562614,-0.17564214937300482,3.4981175589836657,ok
2010-05,2010-08,2010,8,4,0.1562916666666667,1.1641,2.0053377192982453,12.542427586206896,-1.8490460526315786,-11.378327586206897,True,216,-4.233296551529039,0.5030785311259518,0.038029768934419894,22.730637787562614,7.378915662535724,10.693381533575318,ok
2010-06,2010-09,2010,9,4,1.0475416666666666,2.3148,5.331197368421052,60.65987931034483,-4.283655701754386,-58.34507931034483,True,216,-4.233296551529039,0.5030785311259518,0.038029768934419894,22.730637787562614,54.27156754052788,56.37622360859044,ok
2010-07,2010-10,2010,10,4,15.50125,136.1532,26.04922149122807,126.07085862068966,-10.54797149122807,10.082341379310336,True,216,-4.233296551529039,0.5030785311259518,0.038029768934419894,22.730637787562614,116.53110406499519,115.5228871294616,ok
2010-08,2010-11,2010,11,4,106.56349999999999,142.1422,112.68433552631579,192.23370344827583,-6.120835526315801,-50.09150344827583,True,216,-4.233296551529039,0.5030785311259518,0.038029768934419894,22.730637787562614,184.9211459509043,186.11286792196003,ok
2010-09,2010-12,2010,12,4,246.39045833333333,168.2896,239.05073684210527,198.57668275862073,7.339721491228062,-30.287082758620727,True,216,-4.233296551529039,0.5030785311259518,0.038029768934419894,22.730637787562614,198.03584251377228,205.9164042498488,ok
2010-10,2011-01,2011,1,4,330.559125,274.405,302.0436425438596,269.35084666666665,28.515482456140376,5.054153333333318,True,225,-5.714493434309319,0.5159000807822843,0.040608657310246765,22.687086707804056,278.34749293502597,297.86632912280703,ok
2010-11,2011-02,2011,2,4,358.76741666666663,316.7195,317.56866447368424,224.13734000000002,41.1987521929824,92.58215999999996,True,225,-5.714493434309319,0.5159000807822843,0.040608657310246765,22.687086707804056,239.6772861501796,265.3360921929824,ok
2010-12,2011-03,2011,3,4,348.303625,240.0053,360.6195548245614,267.32387,-12.315929824561408,-27.318569999999994,True,225,-5.714493434309319,0.5159000807822843,0.040608657310246765,22.687086707804056,255.2555873742905,255.0079401754386,ok
1991-01,1991-05,1991,5,5,24.127916666666668,128.0413,,48.429050000000004,,79.61225,False,228,,,,,,,anomalia_indisponivel_para_linha_avaliada
1991-02,1991-06,1991,6,5,1.112375,0.7033,,9.38869,,-8.68539,False,228,,,,,,,anomalia_indisponivel_para_linha_avaliada
1991-03,1991-07,1991,7,5,1.808,1.9531,,6.404940000000001,,-4.451840000000001,False,228,,,,,,,anomalia_indisponivel_para_linha_avaliada
1991-04,1991-08,1991,8,5,2.9909166666666667,1.2135,,16.050330000000002,,-14.836830000000003,False,228,,,,,,,anomalia_indisponivel_para_linha_avaliada
1991-05,1991-09,1991,9,5,7.419583333333333,73.9762,,73.19717999999999,,0.7790200000000169,False,228,,,,,,,anomalia_indisponivel_para_linha_avaliada
1991-06,1991-10,1991,10,5,23.369041666666664,58.2752,,169.18448999999998,,-110.90928999999998,False,228,,,,,,,anomalia_indisponivel_para_linha_avaliada
1991-07,1991-11,1991,11,5,140.81054166666667,141.8015,,204.26054000000002,,-62.459040000000016,False,228,,,,,,,anomalia_indisponivel_para_linha_avaliada
1991-08,1991-12,1991,12,5,237.35079166666665,139.2974,,206.55659999999997,,-67.25919999999996,False,228,,,,,,,anomalia_indisponivel_para_linha_avaliada
1991-09,1992-01,1992,1,5,302.31325,307.6078,,296.8603363636363,,10.747463636363705,False,220,,,,,,,anomalia_indisponivel_para_linha_avaliada
1991-10,1992-02,1992,2,5,309.024,144.7331,,218.7978454545455,,-74.06474545454549,False,220,,,,,,,anomalia_indisponivel_para_linha_avaliada
1991-11,1992-03,1992,3,5,379.797125,155.372,,299.8407818181818,,-144.4687818181818,False,220,,,,,,,anomalia_indisponivel_para_linha_avaliada
1991-12,1992-04,1992,4,5,188.09275,102.9542,,207.20299999999997,,-104.24879999999997,False,220,,,,,,,anomalia_indisponivel_para_linha_avaliada
1992-01,1992-05,1992,5,5,25.601125,24.3743,24.127916666666668,55.66652727272728,1.4732083333333321,-31.292227272727278,True,220,-5.786436047525093,0.39699029727095114,0.02606040809053478,23.580464250988516,50.46494063939423,57.13973560606061,ok
1992-02,1992-06,1992,6,5,0.9179583333333334,1.0095,1.112375,8.599109090909092,-0.19441666666666646,-7.589609090909092,True,220,-5.786436047525093,0.39699029727095114,0.02606040809053478,23.580464250988516,2.7354915130895714,8.404692424242425,ok
1992-03,1992-07,1992,7,5,0.6138333333333333,2.0289,1.808,6.000227272727273,-1.1941666666666668,-3.9713272727272733,True,220,-5.786436047525093,0.39699029727095114,0.02606040809053478,23.580464250988516,-0.2602813547888808,4.806060606060607,ok
1992-04,1992-08,1992,8,5,0.904,13.0445,2.9909166666666667,14.701527272727276,-2.0869166666666668,-1.6570272727272766,True,220,-5.786436047525093,0.39699029727095114,0.02606040809053478,23.580464250988516,8.08660555732248,12.614610606060609,ok
1992-05,1992-09,1992,9,5,2.5920416666666664,135.5711,7.419583333333333,73.26799999999999,-4.827541666666667,62.303100000000015,True,220,-5.786436047525093,0.39699029727095114,0.02606040809053478,23.580464250988516,65.56507675113698,68.44045833333332,ok
1992-06,1992-10,1992,10,5,21.449541666666665,62.0723,23.369041666666664,159.10182727272726,-1.9194999999999993,-97.02952727272726,True,220,-5.786436047525093,0.39699029727095114,0.02606040809053478,23.580464250988516,152.55336834959058,157.18232727272726,ok
1992-07,1992-11,1992,11,5,112.63329166666666,214.2915,140.81054166666667,198.58244545454545,-28.17725,15.709054545454563,True,220,-5.786436047525093,0.39699029727095114,0.02606040809053478,23.580464250988516,181.60991455324245,170.40519545454544,ok
1992-08,1992-12,1992,12,5,219.33866666666665,239.5717,237.35079166666665,200.44212727272725,-18.012124999999997,39.129572727272745,True,220,-5.786436047525093,0.39699029727095114,0.02606040809053478,23.580464250988516,187.50505236697063,182.43000227272725,ok
1992-09,1993-01,1993,1,5,288.19575000000003,121.8043,302.31325,297.75595833333324,-14.11749999999995,-175.95165833333323,True,216,-5.222838626657428,0.3394697650503459,0.01977116022334746,23.420869888918116,287.74065529857756,283.6384583333333,ok
1992-10,1993-02,1993,2,5,323.51754166666666,307.8407,309.024,212.62578333333337,14.493541666666658,95.21491666666665,True,216,-5.222838626657428,0.3394697650503459,0.01977116022334746,23.420869888918116,212.32306389100668,227.11932500000003,ok
1992-11,1993-03,1993,3,5,383.87058333333334,153.1779,379.797125,287.80171666666666,4.073458333333349,-134.62381666666667,True,216,-5.222838626657428,0.3394697650503459,0.01977116022334746,23.420869888918116,283.96169398336826,291.875175,ok
1992-12,1993-04,1993,4,5,239.88958333333335,250.0943,188.09275,198.51559999999998,51.79683333333335,51.578700000000026,True,216,-5.222838626657428,0.3394697650503459,0.01977116022334746,23.420869888918116,210.87622021536114,250.31243333333333,ok
1993-01,1993-05,1993,5,5,18.570208333333333,95.5974,24.864520833333334,53.058841666666666,-6.2943125,42.53855833333333,True,216,-5.222838626657428,0.3394697650503459,0.01977116022334746,23.420869888918116,45.699274254480784,46.76452916666666,ok
1993-02,1993-06,1993,6,5,1.889916666666667,0.586,1.0151666666666666,7.966641666666668,0.8747500000000004,-7.380641666666667,True,216,-5.222838626657428,0.3394697650503459,0.01977116022334746,23.420869888918116,3.0407542169870303,8.841391666666668,ok
1993-03,1993-07,1993,7,5,1.607125,1.8793,1.2109166666666666,5.669283333333335,0.3962083333333333,-3.7899833333333355,True,216,-5.222838626657428,0.3394697650503459,0.01977116022334746,23.420869888918116,0.5809454565035634,6.065491666666668,ok
1993-04,1993-08,1993,8,5,4.743,40.5665,1.9474583333333333,14.56344166666667,2.795541666666667,26.00305833333333,True,216,-5.222838626657428,0.3394697650503459,0.01977116022334746,23.420869888918116,10.289604912781028,17.358983333333335,ok
1993-05,1993-09,1993,9,5,5.713166666666666,56.4376,5.005812499999999,78.45992499999998,0.7073541666666667,-22.02232499999998,True,216,-5.222838626657428,0.3394697650503459,0.01977116022334746,23.420869888918116,73.47721172610827,79.16727916666665,ok
1993-06,1993-10,1993,10,5,19.541291666666666,126.1723,22.409291666666665,151.01603333333333,-2.8679999999999986,-24.84373333333332,True,216,-5.222838626657428,0.3394697650503459,0.01977116022334746,23.420869888918116,144.81959542051152,148.14803333333333,ok
1993-07,1993-11,1993,11,5,119.95566666666667,225.9903,126.72191666666666,199.8915333333333,-6.766249999999985,26.098766666666677,True,216,-5.222838626657428,0.3394697650503459,0.01977116022334746,23.420869888918116,192.371757408904,193.12528333333333,ok
1993-08,1993-12,1993,12,5,269.77074999999996,216.8044,228.34472916666664,203.70292499999996,41.426020833333325,13.101475000000022,True,216,-5.222838626657428,0.3394697650503459,0.01977116022334746,23.420869888918116,212.54296793260494,245.1289458333333,ok
1993-09,1994-01,1994,1,5,341.08320833333335,330.218,295.2545,284.2212153846153,45.82870833333334,45.99678461538474,True,216,-5.7921222586190275,0.34495698930437163,0.018260268207337726,22.900070480628894,294.23802637637107,330.0499237179486,ok
1993-10,1994-02,1994,2,5,352.16491666666667,306.4669,316.27077083333336,219.95000769230774,35.89414583333331,86.51689230769227,True,216,-5.7921222586190275,0.34495698930437163,0.018260268207337726,22.900070480628894,226.5398219140074,255.84415352564105,ok
1993-11,1994-03,1994,3,5,454.9373333333333,311.1998,381.8338541666667,277.4460384615385,73.1034791666666,33.753761538461504,True,216,-5.7921222586190275,0.34495698930437163,0.018260268207337726,22.900070480628894,296.87147228392763,350.5495176282051,ok
1993-12,1994-04,1994,4,5,250.51691666666667,176.4476,213.9911666666667,202.48319230769232,36.52574999999999,-26.035592307692326,True,216,-5.7921222586190275,0.34495698930437163,0.018260268207337726,22.900070480628894,209.29088280115744,239.0089423076923,ok
1994-01,1994-05,1994,5,5,32.04033333333333,50.2617,22.766416666666668,56.33103846153846,9.273916666666661,-6.0693384615384645,True,216,-5.7921222586190275,0.34495698930437163,0.018260268207337726,22.900070480628894,53.7380185753124,65.60495512820512,ok
1994-02,1994-06,1994,6,5,1.3607500000000001,40.3001,1.30675,7.398900000000001,0.05400000000000005,32.9012,True,216,-5.7921222586190275,0.34495698930437163,0.018260268207337726,22.900070480628894,1.6254054188034097,7.452900000000001,ok
1994-03,1994-07,1994,7,5,0.9264166666666668,1.843,1.3429861111111112,5.3777461538461555,-0.41656944444444444,-3.5347461538461555,True,216,-5.7921222586190275,0.34495698930437163,0.018260268207337726,22.900070480628894,-0.5580746461646222,4.961176709401711,ok
1994-04,1994-08,1994,8,5,1.3503749999999999,6.3765,2.879305555555556,16.563676923076926,-1.528930555555556,-10.187176923076926,True,216,-5.7921222586190275,0.34495698930437163,0.018260268207337726,22.900070480628894,10.244139383157993,15.03474636752137,ok
1994-05,1994-09,1994,9,5,3.4019999999999997,57.4679,5.241597222222222,76.76589999999999,-1.8395972222222219,-19.297999999999988,True,216,-5.7921222586190275,0.34495698930437163,0.018260268207337726,22.900070480628894,70.3391958220705,74.92630277777776,ok
1994-06,1994-10,1994,10,5,20.991875,114.0829,21.45329166666666,149.10497692307692,-0.46141666666666126,-35.02207692307692,True,216,-5.7921222586190275,0.34495698930437163,0.018260268207337726,22.900070480628894,143.15368576030968,148.64356025641027,ok
1994-07,1994-11,1994,11,5,124.48087500000001,151.223,124.4665,201.89913076923074,0.014375000000015348,-50.676130769230724,True,216,-5.7921222586190275,0.34495698930437163,0.018260268207337726,22.900070480628894,196.11196726733297,201.91350576923077,ok
1994-08,1994-12,1994,12,5,235.44266666666667,200.9509,242.15340277777773,204.71073076923074,-6.710736111111061,-3.7598307692307458,True,216,-5.7921222586190275,0.34495698930437163,0.018260268207337726,22.900070480628894,196.6036931857067,197.99999465811968,ok
1994-09,1995-01,1995,1,5,292.7715416666667,156.6185,310.53073611111114,287.5066999999999,-17.75919444444446,-130.8881999999999,True,216,-5.607787885013715,0.3570371735842631,0.020947380416218575,23.18929062952358,275.55821952540845,269.74750555555545,ok
1994-10,1995-02,1995,2,5,303.49870833333335,232.7107,328.23548611111113,226.12978571428576,-24.736777777777775,6.580914285714243,True,216,-5.607787885013715,0.3570371735842631,0.020947380416218575,23.18929062952358,211.69004860791225,201.39300793650798,ok
1994-11,1995-03,1995,3,5,330.347125,218.3206,406.2016805555556,279.8570214285714,-75.85455555555558,-61.53642142857137,True,216,-5.607787885013715,0.3570371735842631,0.020947380416218575,23.18929062952358,247.16633742451165,204.0024658730158,ok
1994-12,1995-04,1995,4,5,238.41004166666667,255.6784,226.1664166666667,200.62350714285714,12.24362499999998,55.054892857142875,True,216,-5.607787885013715,0.3570371735842631,0.020947380416218575,23.18929062952358,199.38714852226903,212.86713214285712,ok
1995-01,1995-05,1995,5,5,17.945333333333334,188.1476,25.084895833333334,55.89751428571429,-7.1395625,132.25008571428572,True,216,-5.607787885013715,0.3570371735842631,0.020947380416218575,23.18929062952358,47.74063718507238,48.75795178571428,ok
1995-02,1995-06,1995,6,5,0.16195833333333334,0.5023,1.3202500000000001,9.748985714285714,-1.1582916666666667,-9.246685714285714,True,216,-5.607787885013715,0.3570371735842631,0.020947380416218575,23.18929062952358,3.7276446464191273,8.590694047619047,ok
1995-03,1995-07,1995,7,5,0.13395833333333332,1.9521,1.23884375,5.125264285714287,-1.1048854166666666,-3.1731642857142877,True,216,-5.607787885013715,0.3570371735842631,0.020947380416218575,23.18929062952358,-0.877008765600565,4.0203788690476205,ok
1995-04,1995-08,1995,8,5,0.20091666666666666,1.2264,2.4970729166666668,15.83602142857143,-2.29615625,-14.60962142857143,True,216,-5.607787885013715,0.3570371735842631,0.020947380416218575,23.18929062952358,9.408420405949872,13.539865178571429,ok
1995-05,1995-09,1995,9,5,1.6632083333333334,24.8694,4.781697916666666,75.38747142857142,-3.118489583333333,-50.51807142857142,True,216,-5.607787885013715,0.3570371735842631,0.020947380416218575,23.18929062952358,68.6662668368724,72.26898184523809,ok
1995-06,1995-10,1995,10,5,16.918541666666666,82.7379,21.337937499999995,146.6034,-4.419395833333329,-63.8655,True,216,-5.607787885013715,0.3570371735842631,0.020947380416218575,23.18929062952358,139.41772351770288,142.18400416666665,ok
1995-07,1995-11,1995,11,5,111.50991666666665,247.2129,124.47009375,198.2794071428571,-12.960177083333349,48.93349285714288,True,216,-5.607787885013715,0.3570371735842631,0.020947380416218575,23.18929062952358,188.04435426285852,185.31923005952376,ok
1995-08,1995-12,1995,12,5,258.8784583333333,191.1246,240.47571874999997,204.44217142857138,18.40273958333333,-13.317571428571398,True,216,-5.607787885013715,0.3570371735842631,0.020947380416218575,23.18929062952358,205.40484567059823,222.8449110119047,ok
1995-09,1996-01,1996,1,5,314.57804166666665,224.1528,306.0909375,278.7808199999999,8.487104166666654,-54.62801999999988,True,216,-5.605081792492898,0.40238425896202223,0.026552633792783165,23.482240773623822,276.59081532834466,287.26792416666655,ok
1995-10,1996-02,1996,2,5,362.591625,225.4247,322.05129166666666,226.56851333333336,40.540333333333365,-1.1438133333333553,True,216,-5.605081792492898,0.40238425896202223,0.026552633792783165,23.482240773623822,237.27622352724717,267.10884666666675,ok
1995-11,1996-03,1996,3,5,414.4377083333334,302.7974,387.2380416666667,275.75459333333333,27.1996666666667,27.04280666666665,True,216,-5.605081792492898,0.40238425896202223,0.026552633792783165,23.482240773623822,281.09422925652115,302.95426000000003,ok
1995-12,1996-04,1996,4,5,228.02037500000003,321.9434,229.22732291666668,204.29383333333334,-1.2069479166666497,117.64956666666666,True,216,-5.605081792492898,0.40238425896202223,0.026552633792783165,23.482240773623822,198.20309469778675,203.0868854166667,ok
1996-01,1996-05,1996,5,5,15.702125,98.9982,23.656983333333336,64.71418666666666,-7.954858333333336,34.284013333333334,True,216,-5.605081792492898,0.40238425896202223,0.026552633792783165,23.482240773623822,55.90819509856757,56.75932833333333,ok
1996-02,1996-06,1996,6,5,0.5292083333333334,0.4652,1.0885916666666668,9.13254,-0.5593833333333335,-8.667340000000001,True,216,-5.605081792492898,0.40238425896202223,0.026552633792783165,23.482240773623822,3.302371159448063,8.573156666666668,ok
1996-03,1996-07,1996,7,5,1.0602500000000001,1.9521,1.0178666666666667,4.913720000000001,0.04238333333333344,-2.9616200000000017,True,216,-5.605081792492898,0.40238425896202223,0.026552633792783165,23.482240773623822,-0.674307406317223,4.956103333333335,ok
1996-04,1996-08,1996,8,5,1.7857083333333332,1.4883,2.0378416666666666,14.862046666666668,-0.2521333333333333,-13.373746666666667,True,216,-5.605081792492898,0.40238425896202223,0.026552633792783165,23.482240773623822,9.155510389680812,14.609913333333335,ok
1996-05,1996-09,1996,9,5,5.734916666666667,9.7369,4.1579999999999995,72.0196,1.5769166666666674,-62.2827,True,216,-5.605081792492898,0.40238425896202223,0.026552633792783165,23.482240773623822,67.04904465186863,73.59651666666666,ok
1996-06,1996-10,1996,10,5,21.248625,145.0933,20.45405833333333,142.3457,0.7945666666666718,2.7476000000000056,True,216,-5.605081792492898,0.40238425896202223,0.026552633792783165,23.482240773623822,137.06033932686967,143.14026666666666,ok
1996-07,1996-11,1996,11,5,152.96033333333335,222.7092,121.87805833333334,201.54163999999997,31.08227500000001,21.167560000000037,True,216,-5.605081792492898,0.40238425896202223,0.026552633792783165,23.482240773623822,208.44357640023586,232.62391499999998,ok
1996-08,1996-12,1996,12,5,272.98475,130.1745,244.15626666666662,203.55433333333332,28.828483333333395,-73.37983333333332,True,216,-5.605081792492898,0.40238425896202223,0.026552633792783165,23.482240773623822,209.54937944392276,232.3828166666667,ok
1996-09,1997-01,1997,1,5,311.92204166666664,403.2083,307.78835833333335,275.36656875,4.133683333333295,127.84173125000001,True,216,-6.4930910937321284,0.39321731393783227,0.027266470932307163,23.55474906759221,270.4989135132708,279.5002520833333,ok
1996-10,1997-02,1997,2,5,332.3678333333333,180.4594,330.15935833333333,226.497025,2.2084749999999644,-46.03762500000002,True,216,-6.4930910937321284,0.39321731393783227,0.027266470932307163,23.55474906759221,220.87234451366672,228.70549999999997,ok
1996-11,1997-03,1997,3,5,356.5619166666667,452.1152,392.677975,277.44476875,-36.116058333333285,174.67043125000004,True,216,-6.4930910937321284,0.39321731393783227,0.027266470932307163,23.55474906759221,256.7502182084125,241.3287104166667,ok
1996-12,1997-04,1997,4,5,266.11195833333335,290.1342,228.98593333333332,211.64693125,37.12602500000003,78.48726875000003,True,216,-6.4930910937321284,0.39321731393783227,0.027266470932307163,23.55474906759221,219.7524359839567,248.77295625000002,ok
1997-01,1997-05,1997,5,5,28.781541666666666,68.9381,22.33117361111111,66.8569375,6.450368055555554,2.081162500000005,True,216,-6.4930910937321284,0.39321731393783227,0.027266470932307163,23.55474906759221,62.900242806983826,73.30730555555556,ok
1997-02,1997-06,1997,6,5,0.31312500000000004,0.6576,0.9953611111111113,8.59083125,-0.6822361111111113,-7.93323125,True,216,-6.4930910937321284,0.39321731393783227,0.027266470932307163,23.55474906759221,1.8294731051853688,7.90859513888889,ok
1997-03,1997-07,1997,7,5,1.5958750000000002,1.9683,1.0249305555555555,4.72861875,0.5709444444444447,-2.7603187499999997,True,216,-6.4930910937321284,0.39321731393783227,0.027266470932307163,23.55474906759221,-1.5399671028799562,5.299563194444445,ok
1997-04,1997-08,1997,8,5,4.118166666666666,1.2265,1.9958194444444446,14.026187499999999,2.1223472222222215,-12.7996875,True,216,-6.4930910937321284,0.39321731393783227,0.027266470932307163,23.55474906759221,8.367640080233512,16.14853472222222,ok
1997-05,1997-09,1997,9,5,10.292375,47.0877,4.420819444444445,68.12693125,5.871555555555555,-21.03923125,True,216,-6.4930910937321284,0.39321731393783227,0.027266470932307163,23.55474906759221,63.94263746046018,73.99848680555556,ok
1997-06,1997-10,1997,10,5,23.670375000000003,98.1562,20.58648611111111,142.517425,3.083888888888893,-44.361225000000005,True,216,-6.4930910937321284,0.39321731393783227,0.027266470932307163,23.55474906759221,137.2369724116395,145.6013138888889,ok
1997-07,1997-11,1997,11,5,101.94125000000001,75.7109,127.05843750000001,202.86461250000002,-25.1171875,-127.15371250000003,True,216,-6.4930910937321284,0.39321731393783227,0.027266470932307163,23.55474906759221,186.49500840384502,177.74742500000002,ok
1997-08,1997-12,1997,12,5,235.76616666666666,199.815,248.96101388888886,198.96809374999998,-13.194847222222194,0.8469062500000177,True,216,-6.4930910937321284,0.39321731393783227,0.027266470932307163,23.55474906759221,187.28656027372557,185.7732465277778,ok
1997-09,1998-01,1998,1,5,235.57641666666666,347.458,308.4773055555556,282.8866705882353,-72.90088888888891,64.57132941176474,True,216,-4.734210966003882,0.4212137733866853,0.021538277970735487,19.996417579384097,247.44560113009902,209.98578169934638,ok
1997-10,1998-02,1998,2,5,226.39679166666667,127.8253,330.52743749999996,223.7889294117647,-104.13064583333329,-95.96362941176471,True,216,-4.734210966003882,0.4212137733866853,0.021538277970735487,19.996417579384097,175.19345618911,119.65828357843142,ok
1997-11,1998-03,1998,3,5,312.04479166666664,242.0988,386.6586319444445,287.7195,-74.61384027777785,-45.62069999999997,True,216,-4.734210966003882,0.4212137733866853,0.021538277970735487,19.996417579384097,251.55691182372183,213.10565972222213,ok
1997-12,1998-04,1998,4,5,171.07208333333332,54.1047,235.17360416666668,216.2638294117647,-64.10152083333335,-162.1591294117647,True,216,-4.734210966003882,0.4212137733866853,0.021538277970735487,19.996417579384097,184.52917497572727,152.16230857843135,ok
1998-01,1998-05,1998,5,5,20.791083333333333,74.6596,23.25265476190476,66.97935882352942,-2.4615714285714283,7.680241176470574,True,216,-4.734210966003882,0.4212137733866853,0.021538277970735487,19.996417579384097,61.20830006763612,64.51778739495799,ok
1998-02,1998-06,1998,6,5,0.9719583333333334,16.0121,0.8978988095238096,8.124170588235295,0.07405952380952374,7.887929411764706,True,216,-4.734210966003882,0.4212137733866853,0.021538277970735487,19.996417579384097,3.421154513710443,8.198230112044818,ok
1998-03,1998-07,1998,7,5,0.44645833333333335,3.3565,1.1064940476190477,4.566247058823529,-0.6600357142857143,-1.2097470588235288,True,216,-4.734210966003882,0.4212137733866853,0.021538277970735487,19.996417579384097,-0.4459800409646152,3.9062113445378146,ok
1998-04,1998-08,1998,8,5,1.5512916666666667,1.2501,2.2990119047619046,13.273264705882351,-0.7477202380952379,-12.023164705882351,True,216,-4.734210966003882,0.4212137733866853,0.021538277970735487,19.996417579384097,8.224103676952783,12.525544467787114,ok
1998-05,1998-09,1998,9,5,2.829625,13.3474,5.259613095238095,66.8893294117647,-2.4299880952380946,-53.541929411764706,True,216,-4.734210966003882,0.4212137733866853,0.021538277970735487,19.996417579384097,61.13157399088086,64.4593413165266,ok
1998-06,1998-10,1998,10,5,24.89791666666667,89.2952,21.027041666666666,139.9079411764706,3.870875000000005,-50.61274117647059,True,216,-4.734210966003882,0.4212137733866853,0.021538277970735487,19.996417579384097,136.8041960755249,143.7788161764706,ok
1998-07,1998-11,1998,11,5,105.72129166666667,245.1679,123.47026785714286,195.3849823529412,-17.748976190476185,49.78291764705881,True,216,-4.734210966003882,0.4212137733866853,0.021538277970735487,19.996417579384097,183.17465815199643,177.636006162465,ok
1998-08,1998-12,1998,12,5,353.30329166666667,138.7974,247.07603571428567,199.01791176470587,106.227255952381,-60.22051176470586,True,216,-4.734210966003882,0.4212137733866853,0.021538277970735487,19.996417579384097,239.02808411491762,305.2451677170869,ok
1998-09,1999-01,1999,1,5,366.89620833333333,215.817,298.06289285714286,286.4739666666667,68.83331547619048,-70.65696666666668,True,216,-5.915840194158433,0.4883583173628055,0.038919615764447246,23.02494908315238,314.1734485969638,355.30728214285716,ok
1998-10,1999-02,1999,2,5,373.8268333333333,131.3784,315.6516309523809,218.4576166666667,58.175202380952385,-87.0792166666667,True,216,-5.915840194158433,0.4883583173628055,0.038919615764447246,23.02494908315238,240.95212041951086,276.6328190476191,ok
1998-11,1999-03,1999,3,5,399.5280416666667,283.9542,375.99951190476196,285.1850166666666,23.528529761904736,-1.2308166666666125,True,216,-5.915840194158433,0.4883583173628055,0.038919615764447246,23.02494908315238,290.7595296770527,308.71354642857136,ok
1998-12,1999-04,1999,4,5,215.35191666666665,162.6196,226.01624404761904,207.25498888888887,-10.664327380952386,-44.63538888888888,True,216,-5.915840194158433,0.4883583173628055,0.038919615764447246,23.02494908315238,196.13113571916244,196.5906615079365,ok
1999-01,1999-05,1999,5,5,21.840166666666665,177.0923,22.944958333333332,67.40603888888889,-1.1047916666666673,109.68626111111111,True,216,-5.915840194158433,0.4883583173628055,0.038919615764447246,23.02494908315238,60.95066449536067,66.30124722222222,ok
1999-02,1999-06,1999,6,5,0.54,0.6859,0.9071562500000001,8.56238888888889,-0.3671562500000001,-7.87648888888889,True,216,-5.915840194158433,0.4883583173628055,0.038919615764447246,23.02494908315238,2.4672448862712195,8.19523263888889,ok
1999-03,1999-07,1999,7,5,1.6071666666666669,1.9885,1.0239895833333335,4.499038888888888,0.5831770833333334,-2.510538888888888,True,216,-5.915840194158433,0.4883583173628055,0.038919615764447246,23.02494908315238,-1.132001926128329,5.0822159722222215,ok
1999-04,1999-08,1999,8,5,2.2209166666666667,1.2624,2.205546875,12.60531111111111,0.015369791666666632,-11.34291111111111,True,216,-5.915840194158433,0.4883583173628055,0.038919615764447246,23.02494908315238,6.696976882549228,12.620680902777776,ok
1999-05,1999-09,1999,9,5,9.136791666666666,72.5879,4.955864583333333,63.914777777777786,4.180927083333333,8.673122222222219,True,216,-5.915840194158433,0.4883583173628055,0.038919615764447246,23.02494908315238,60.0407280990526,68.09570486111112,ok
1999-06,1999-10,1999,10,5,28.502750000000002,112.4277,21.510901041666667,137.09612222222222,6.991848958333335,-24.66842222222222,True,216,-5.915840194158433,0.4883583173628055,0.038919615764447246,23.02494908315238,134.59480962061036,144.08797118055554,ok
1999-07,1999-11,1999,11,5,123.07675,349.1067,121.25164583333334,198.15070000000003,1.8251041666666623,150.95599999999996,True,216,-5.915840194158433,0.4883583173628055,0.038919615764447246,23.02494908315238,193.1261646056868,199.9758041666667,ok
1999-08,1999-12,1999,12,5,252.41691666666668,242.5365,260.3544427083333,195.67232777777775,-7.937526041666615,46.86417222222224,True,216,-5.915840194158433,0.4883583173628055,0.038919615764447246,23.02494908315238,185.88013072188758,187.73480173611114,ok
1999-09,2000-01,2000,1,5,304.44483333333335,260.085,306.66705729166665,282.7551789473684,-2.222223958333302,-22.670178947368413,True,216,-5.421406364804358,0.42076272258885405,0.02920900528754178,23.681880375917274,276.39874357965357,280.5329549890351,ok
1999-10,2000-02,2000,2,5,331.1045833333333,271.7656,322.92353125,213.8745,8.181052083333327,57.891099999999994,True,216,-5.421406364804358,0.42076272258885405,0.02920900528754178,23.681880375917274,211.8953753834202,222.05555208333334,ok
1999-11,2000-03,2000,3,5,415.57616666666667,185.8099,378.940578125,285.12023684210527,36.635588541666664,-99.31033684210527,True,216,-5.421406364804358,0.42076272258885405,0.02920900528754178,23.681880375917274,295.1137204557376,321.75582538377193,ok
1999-12,2000-04,2000,4,5,236.077125,184.1135,224.683203125,204.90575789473684,11.39392187499999,-20.79225789473685,True,216,-5.421406364804358,0.42076272258885405,0.02920900528754178,23.681880375917274,204.27848911902217,216.29967976973683,ok
2000-01,2000-05,2000,5,5,25.980625,53.6399,22.822203703703703,73.179,3.1584212962962965,-19.539100000000005,True,216,-5.421406364804358,0.42076272258885405,0.02920900528754178,23.681880375917274,69.08653957890789,76.3374212962963,ok
2000-02,2000-06,2000,6,5,0.7127916666666666,4.8153,0.8663611111111112,8.147836842105264,-0.15356944444444465,-3.332536842105264,True,216,-5.421406364804358,0.42076272258885405,0.02920900528754178,23.681880375917274,2.661814179750004,7.994267397660819,ok
2000-03,2000-07,2000,7,5,1.9195833333333334,10.0203,1.0887870370370372,4.366905263157895,0.8307962962962963,5.653394736842106,True,216,-5.421406364804358,0.42076272258885405,0.02920900528754178,23.681880375917274,-0.704932990100097,5.197701559454191,ok
2000-04,2000-08,2000,8,5,6.528708333333333,7.9948,2.2072546296296296,12.008315789473684,4.321453703703703,-4.013515789473685,True,216,-5.421406364804358,0.42076272258885405,0.02920900528754178,23.681880375917274,8.405216050581384,16.329769493177388,ok
2000-05,2000-09,2000,9,5,3.8772083333333334,123.9327,5.420412037037036,64.37125789473684,-1.543203703703703,59.561442105263154,True,216,-5.421406364804358,0.42076272258885405,0.02920900528754178,23.681880375917274,58.30052893805291,62.82805419103314,ok
2000-06,2000-10,2000,10,5,24.261875,86.4072,22.287773148148148,135.79778421052632,1.9741018518518523,-49.39058421052631,True,216,-5.421406364804358,0.42076272258885405,0.02920900528754178,23.681880375917274,131.20700631557483,137.77188606237817,ok
2000-07,2000-11,2000,11,5,132.95875,192.5216,121.4544351851852,206.09575263157896,11.504314814814805,-13.574152631578954,True,216,-5.421406364804358,0.42076272258885405,0.02920900528754178,23.681880375917274,205.51493308977535,217.60006744639378,ok
2000-08,2000-12,2000,12,5,235.78845833333332,222.6176,259.4724953703703,198.13886315789472,-23.684037037037,24.47873684210529,True,216,-5.421406364804358,0.42076272258885405,0.02920900528754178,23.681880375917274,182.7520968874914,174.45482612085772,ok
2000-09,2001-01,2001,1,5,300.86245833333334,192.5309,306.4201435185185,281.62167,-5.557685185185164,-89.09076999999999,True,216,-5.084085867742895,0.3724065961161814,0.022939615170614935,23.766433108377747,274.46786551015697,276.06398481481483,ok
2000-10,2001-02,2001,2,5,312.8025416666667,153.1069,323.832537037037,216.76905500000004,-11.02999537037033,-63.66215500000004,True,216,-5.084085867742895,0.3724065961161814,0.022939615170614935,23.766433108377747,207.5773261012003,205.7390596296297,ok
2000-11,2001-03,2001,3,5,371.3825,249.1479,383.01119907407406,280.15472,-11.628699074074063,-31.006820000000005,True,216,-5.084085867742895,0.3724065961161814,0.022939615170614935,23.766433108377747,270.7400298928218,268.52602092592593,ok
2000-12,2001-04,2001,4,5,256.2407083333333,196.9268,225.94919444444446,203.866145,30.291513888888858,-6.939345000000003,True,216,-5.084085867742895,0.3724065961161814,0.022939615170614935,23.766433108377747,210.06281871082425,234.15765888888885,ok
2001-01,2001-05,2001,5,5,26.05858333333333,140.175,23.138045833333333,72.202045,2.9205374999999982,67.97295500000001,True,216,-5.084085867742895,0.3724065961161814,0.022939615170614935,23.766433108377747,68.20558656146176,75.1225825,ok
2001-02,2001-06,2001,6,5,2.52725,5.0237,0.8510041666666668,7.981210000000002,1.6762458333333332,-2.957510000000002,True,216,-5.084085867742895,0.3724065961161814,0.022939615170614935,23.766433108377747,3.521369137302705,9.657455833333335,ok
2001-03,2001-07,2001,7,5,1.1941666666666666,2.3266,1.1718666666666668,4.6495750000000005,0.022299999999999764,-2.3229750000000005,True,216,-5.084085867742895,0.3724065961161814,0.022939615170614935,23.766433108377747,-0.42620620064950404,4.671875,ok
2001-04,2001-08,2001,8,5,5.367999999999999,7.2041,2.6394,11.80764,2.7285999999999992,-4.603539999999999,True,216,-5.084085867742895,0.3724065961161814,0.022939615170614935,23.766433108377747,7.739702770419716,14.53624,ok
2001-05,2001-09,2001,9,5,8.32675,33.0017,5.266091666666666,67.34933000000001,3.0606583333333344,-34.34763000000001,True,216,-5.084085867742895,0.3724065961161814,0.022939615170614935,23.766433108377747,63.40505348404841,70.40998833333335,ok
2001-06,2001-10,2001,10,5,34.60720833333333,130.0808,22.48518333333333,133.328255,12.122025,-3.247455000000002,True,216,-5.084085867742895,0.3724065961161814,0.022939615170614935,23.766433108377747,132.75849120054238,145.45028000000002,ok
2001-07,2001-11,2001,11,5,119.955625,196.3446,122.60486666666668,205.417045,-2.6492416666666827,-9.072444999999988,True,216,-5.084085867742895,0.3724065961161814,0.022939615170614935,23.766433108377747,199.3463640608846,202.76780333333332,ok
2001-08,2001-12,2001,12,5,251.60216666666668,209.0467,257.10409166666665,199.3628,-5.5019249999999715,9.683899999999994,True,216,-5.084085867742895,0.3724065961161814,0.022939615170614935,23.766433108377747,192.2297609709206,193.86087500000002,ok
2001-09,2002-01,2002,1,5,326.4635,368.8524,305.864375,277.3792523809524,20.599125000000015,91.47314761904761,True,216,-4.9448213245016595,0.36518366092224347,0.022539979957443945,23.822977917578047,279.9568949357456,297.9783773809524,ok
2001-10,2002-02,2002,2,5,313.2965,190.9456,322.7295375,213.73752380952382,-9.433037500000012,-22.79192380952381,True,216,-4.9448213245016595,0.36518366092224347,0.022539979957443945,23.822977917578047,205.34791131715536,204.3044863095238,ok
2001-11,2002-03,2002,3,5,391.5596666666667,178.8799,381.8483291666667,278.67820476190474,9.711337500000013,-99.79830476190475,True,216,-4.9448213245016595,0.36518366092224347,0.022539979957443945,23.822977917578047,277.2798052181045,288.38954226190475,ok
2001-12,2002-04,2002,4,5,220.15800000000002,124.7968,228.97834583333332,203.53569999999996,-8.820345833333306,-78.73889999999996,True,216,-4.9448213245016595,0.36518366092224347,0.022539979957443945,23.822977917578047,195.3698324934814,194.71535416666666,ok
2002-01,2002-05,2002,5,5,22.799833333333336,103.8934,23.40354924242424,75.43885238095238,-0.603715909090905,28.454547619047617,True,216,-4.9448213245016595,0.36518366092224347,0.022539979957443945,23.822977917578047,70.27356387061191,74.83513647186147,ok
2002-02,2002-06,2002,6,5,0.5615416666666667,6.7952,1.0033901515151518,7.840376190476191,-0.44184848484848505,-1.045176190476191,True,216,-4.9448213245016595,0.36518366092224347,0.022539979957443945,23.822977917578047,2.7341990187046155,7.398527705627706,ok
2002-03,2002-07,2002,7,5,0.881625,2.1991,1.1738939393939394,4.538957142857143,-0.2922689393939394,-2.339857142857143,True,216,-4.9448213245016595,0.36518366092224347,0.022539979957443945,23.822977917578047,-0.5125960229062566,4.246688203463203,ok
2002-04,2002-08,2002,8,5,1.3839166666666667,1.0971,2.8874545454545455,11.588423809523809,-1.5035378787878788,-10.49132380952381,True,216,-4.9448213245016595,0.36518366092224347,0.022539979957443945,23.822977917578047,6.094535018111127,10.084885930735929,ok
2002-05,2002-09,2002,9,5,9.374333333333333,67.2486,5.544333333333333,65.71372857142858,3.829999999999999,1.534871428571421,True,216,-4.9448213245016595,0.36518366092224347,0.022539979957443945,23.822977917578047,62.16756066825911,69.54372857142857,ok
2002-06,2002-10,2002,10,5,29.786041666666666,93.122,23.587185606060608,133.1736142857143,6.198856060606058,-40.05161428571431,True,216,-4.9448213245016595,0.36518366092224347,0.022539979957443945,23.822977917578047,130.4925139109548,139.37247034632037,ok
2002-07,2002-11,2002,11,5,115.65716666666667,141.559,122.36402651515154,204.98502380952382,-6.706859848484868,-63.42602380952383,True,216,-4.9448213245016595,0.36518366092224347,0.022539979957443945,23.822977917578047,197.59096685226007,198.27816396103896,ok
2002-08,2002-12,2002,12,5,263.57683333333335,198.8721,256.60391666666663,199.8239380952381,6.97291666666672,-0.9518380952381165,True,216,-4.9448213245016595,0.36518366092224347,0.022539979957443945,23.822977917578047,197.42551200637553,206.79685476190483,ok
2002-09,2003-01,2003,1,5,278.2857916666667,226.3735,307.73702272727274,281.5371227272727,-29.451231060606062,-55.16362272727267,True,216,-5.34268694642147,0.3543218181737674,0.019445945391641906,23.138376028528658,265.75922204400155,252.0858916666666,ok
2002-10,2003-02,2003,2,5,293.45912500000003,242.0345,321.8719886363636,212.70152727272728,-28.412863636363568,29.332972727272733,True,216,-5.34268694642147,0.3543218181737674,0.019445945391641906,23.138376028528658,197.29154282314613,184.2886636363637,ok
2002-11,2003-03,2003,3,5,310.9622083333333,210.3821,382.73117803030306,274.1419181818182,-71.76896969696975,-63.75981818181819,True,216,-5.34268694642147,0.3543218181737674,0.019445945391641906,23.138376028528658,243.3699194039084,202.37294848484845,ok
2002-12,2003-04,2003,4,5,206.63633333333334,166.9079,228.1764962121212,199.95665909090906,-21.540162878787868,-33.048759090909044,True,216,-5.34268694642147,0.3543218181737674,0.019445945391641906,23.138376028528658,186.98182246951637,178.4164962121212,ok
2003-01,2003-05,2003,5,5,43.04408333333333,100.5299,23.35323958333333,76.7322409090909,19.690843750000003,23.797659090909093,True,216,-5.34268694642147,0.3543218181737674,0.019445945391641906,23.138376028528658,78.36644952154501,96.4230846590909,ok
2003-02,2003-06,2003,6,5,0.9071250000000001,12.2745,0.9665694444444446,7.792868181818182,-0.05944444444444452,4.4816318181818176,True,216,-5.34268694642147,0.3543218181737674,0.019445945391641906,23.138376028528658,2.4291187717608276,7.733423737373737,ok
2003-03,2003-07,2003,7,5,0.7923749999999999,1.88,1.1495381944444445,4.4326,-0.35716319444444455,-2.5526,True,216,-5.34268694642147,0.3543218181737674,0.019445945391641906,23.138376028528658,-1.0366376588617763,4.075436805555555,ok
2003-04,2003-08,2003,8,5,0.4799583333333333,33.5851,2.762159722222222,11.111545454545455,-2.282201388888889,22.47355454545454,True,216,-5.34268694642147,0.3543218181737674,0.019445945391641906,23.138376028528658,4.960224762574177,8.829344065656567,ok
2003-05,2003-09,2003,9,5,8.43475,34.1644,5.863499999999999,65.78349545454546,2.57125,-31.61909545454546,True,216,-5.34268694642147,0.3543218181737674,0.019445945391641906,23.138376028528658,61.35185848310329,68.35474545454547,ok
2003-06,2003-10,2003,10,5,23.179374999999997,102.8612,24.103756944444445,131.35308636363638,-0.9243819444444483,-28.491886363636382,True,216,-5.34268694642147,0.3543218181737674,0.019445945391641906,23.138376028528658,125.68287072597235,130.42870441919194,ok
2003-07,2003-11,2003,11,5,113.508,171.1685,121.80512152777779,202.10202272727275,-8.29712152777779,-30.93352272727276,True,216,-5.34268694642147,0.3543218181737674,0.019445945391641906,23.138376028528658,193.81948459552035,193.80490119949496,ok
2003-08,2003-12,2003,12,5,241.44658333333334,191.1895,257.18499305555554,199.78067272727273,-15.738409722222201,-8.59117272727272,True,216,-5.34268694642147,0.3543218181737674,0.019445945391641906,23.138376028528658,188.86152383290977,184.04226300505053,ok
2003-09,2004-01,2004,1,5,340.53629166666667,330.2411,305.2827534722222,279.13870434782604,35.253538194444445,51.10239565217398,True,216,-5.826882634620327,0.3511649710362025,0.02039863623309679,23.52075929594863,285.69162943218146,314.3922425422705,ok
2003-10,2004-02,2004,2,5,343.382,337.9902,319.50424999999996,213.97687391304348,23.87775000000005,124.01332608695654,True,216,-5.826882634620327,0.3511649710362025,0.02039863623309679,23.52075929594863,216.53502066558286,237.85462391304353,ok
2003-11,2004-03,2004,3,5,377.05170833333335,263.3091,376.75043055555557,271.369752173913,0.3012777777777842,-8.060652173913013,True,216,-5.826882634620327,0.3511649710362025,0.02039863623309679,23.52075929594863,265.64866774139983,271.6710299516908,ok
2003-12,2004-04,2004,4,5,236.67125,153.5851,226.38148263888888,198.5197565217391,10.289767361111103,-44.9346565217391,True,216,-5.826882634620327,0.3511649710362025,0.02039863623309679,23.52075929594863,196.30627974445264,208.80952388285021,ok
2004-01,2004-05,2004,5,5,19.429583333333333,29.0041,24.867919871794868,77.76692173913042,-5.4383365384615345,-48.76282173913042,True,216,-5.826882634620327,0.3511649710362025,0.02039863623309679,23.52075929594863,70.03028581149613,72.3285852006689,ok
2004-02,2004-06,2004,6,5,1.3715416666666667,11.5046,0.961996794871795,7.987721739130435,0.40954487179487165,3.5168782608695652,True,216,-5.826882634620327,0.3511649710362025,0.02039863623309679,23.52075929594863,2.304656917551979,8.397266610925307,ok
2004-03,2004-07,2004,7,5,1.6740416666666667,24.0552,1.1220641025641025,4.321617391304348,0.5519775641025642,19.733582608695652,True,216,-5.826882634620327,0.3511649710362025,0.02039863623309679,23.52075929594863,-1.311430058005269,4.873594955406912,ok
2004-04,2004-08,2004,8,5,2.5110833333333336,45.2683,2.5866057692307693,12.08865652173913,-0.07552243589743579,33.17964347826087,True,216,-5.826882634620327,0.3511649710362025,0.02039863623309679,23.52075929594863,6.235253053104296,12.013134085841696,ok
2004-05,2004-09,2004,9,5,6.890583333333333,24.8521,6.061288461538461,64.40875217391304,0.8292948717948718,-39.556652173913044,True,216,-5.826882634620327,0.3511649710362025,0.02039863623309679,23.52075929594863,58.87308884892703,65.23804704570792,ok
2004-06,2004-10,2004,10,5,18.291166666666665,156.836,24.032650641025644,130.11430869565217,-5.741483974358978,26.721691304347843,True,216,-5.826882634620327,0.3511649710362025,0.02039863623309679,23.52075929594863,122.27121800747125,124.3728247212932,ok
2004-07,2004-11,2004,11,5,96.82187499999999,135.0896,121.16688141025642,200.75708695652176,-24.34500641025643,-65.66748695652177,True,216,-5.826882634620327,0.3511649710362025,0.02039863623309679,23.52075929594863,186.38109085096758,176.41208054626532,ok
2004-08,2004-12,2004,12,5,292.5595,159.7892,255.97434615384614,199.40714347826088,36.58515384615387,-39.617943478260884,True,216,-5.826882634620327,0.3511649710362025,0.02039863623309679,23.52075929594863,206.4276853343802,235.99229732441475,ok
2004-09,2005-01,2005,1,5,328.28254166666665,258.8253,307.99456410256414,281.2679708333333,20.287977564102505,-22.442670833333295,True,216,-6.0922750709319535,0.4008557391465272,0.02732400820315728,23.789265464918472,283.3082480046478,301.5559483974358,ok
2004-10,2005-02,2005,2,5,311.0587083333333,252.3165,321.34099999999995,219.14409583333335,-10.282291666666652,33.17240416666664,True,216,-6.0922750709319535,0.4008557391465272,0.02732400820315728,23.789265464918472,208.93010513623958,208.8618041666667,ok
2004-11,2005-03,2005,3,5,367.04129166666667,402.6636,376.7736057692308,271.03389166666665,-9.732314102564146,131.62970833333333,True,216,-6.0922750709319535,0.4008557391465272,0.02732400820315728,23.789265464918472,261.04036263254517,261.3015775641025,ok
2004-12,2005-04,2005,4,5,213.138,143.7686,227.1730032051282,196.64747916666667,-14.035003205128191,-52.87887916666668,True,216,-6.0922750709319535,0.4008557391465272,0.02732400820315728,23.789265464918472,184.92919251201917,182.61247596153848,ok
2005-01,2005-05,2005,5,5,19.273375,73.4273,24.479467261904755,75.7351375,-5.206092261904754,-2.307837499999991,True,216,-6.0922750709319535,0.4008557391465272,0.02732400820315728,23.789265464918472,67.5559704673572,70.52904523809524,ok
2005-02,2005-06,2005,6,5,1.836,0.5479,0.9912500000000002,8.134258333333333,0.8447499999999999,-7.586358333333333,True,216,-6.0922750709319535,0.4008557391465272,0.02732400820315728,23.789265464918472,2.3806061480454086,8.979008333333333,ok
2005-03,2005-07,2005,7,5,0.245625,1.8672,1.1614910714285713,5.14385,-0.9158660714285713,-3.2766499999999996,True,216,-6.0922750709319535,0.4008557391465272,0.02732400820315728,23.789265464918472,-1.31555524195368,4.227983928571428,ok
2005-04,2005-08,2005,8,5,2.3882916666666665,1.159,2.5812113095238094,13.471141666666666,-0.19291964285714291,-12.312141666666665,True,216,-6.0922750709319535,0.4008557391465272,0.02732400820315728,23.789265464918472,7.301533649701328,13.278222023809523,ok
2005-05,2005-09,2005,9,5,2.4947083333333335,69.9723,6.120523809523809,62.760558333333336,-3.6258154761904757,7.2117416666666685,True,216,-6.0922750709319535,0.4008557391465272,0.02732400820315728,23.789265464918472,55.21485431968413,59.13474285714286,ok
2005-06,2005-10,2005,10,5,13.548208333333333,43.3954,23.622544642857143,131.2277125,-10.07433630952381,-87.8323125,True,216,-6.0922750709319535,0.4008557391465272,0.02732400820315728,23.789265464918472,121.09708190130318,121.15337619047618,ok
2005-07,2005-11,2005,11,5,121.00325,162.476,119.4279523809524,198.02094166666666,1.5752976190475891,-35.54494166666666,True,216,-6.0922750709319535,0.4008557391465272,0.02732400820315728,23.789265464918472,192.5601336871938,199.59623928571426,ok
2005-08,2005-12,2005,12,5,241.85941666666668,270.7065,258.5875714285714,197.75639583333336,-16.728154761904705,72.95010416666665,True,216,-6.0922750709319535,0.4008557391465272,0.02732400820315728,23.789265464918472,184.9585439207606,181.02824107142865,ok
2005-09,2006-01,2006,1,5,327.73562499999997,166.8556,309.44370535714285,280.370264,18.291919642857124,-113.51466400000001,True,216,-6.269542349632558,0.37436780834136,0.024969744450818232,23.631866059588656,280.94862751742016,298.66218364285714,ok
2005-10,2006-02,2006,2,5,338.919875,230.8724,320.606550595238,220.470992,18.313324404762,10.401408000000004,True,216,-6.269542349632558,0.37436780834136,0.024969744450818232,23.631866059588656,221.0573687712225,238.784316404762,ok
2005-11,2006-03,2006,3,5,417.85283333333336,267.8005,376.07844047619045,276.29908,41.774392857142914,-8.498580000000004,True,216,-6.269542349632558,0.37436780834136,0.024969744450818232,23.631866059588656,285.668525549087,318.0734728571429,ok
2005-12,2006-04,2006,4,5,237.12483333333333,429.1988,226.17050297619045,194.53232400000002,10.95433035714288,234.666476,True,216,-6.269542349632558,0.37436780834136,0.024969744450818232,23.631866059588656,192.36373029801825,205.4866543571429,ok
2006-01,2006-05,2006,5,5,29.216875,133.2095,24.13239444444444,75.642824,5.084480555555562,57.56667599999999,True,216,-6.269542349632558,0.37436780834136,0.024969744450818232,23.631866059588656,71.27674749250504,80.72730455555556,ok
2006-02,2006-06,2006,6,5,0.4751666666666667,0.6042,1.047566666666667,7.830804,-0.5724000000000002,-7.226604,True,216,-6.269542349632558,0.37436780834136,0.024969744450818232,23.631866059588656,1.3469735168728472,7.258404,ok
2006-03,2006-07,2006,7,5,2.232041666666667,1.5265,1.1004333333333334,5.012783999999999,1.1316083333333335,-3.486283999999999,True,216,-6.269542349632558,0.37436780834136,0.024969744450818232,23.631866059588656,-0.8331206179817396,6.144392333333332,ok
2006-04,2006-08,2006,8,5,5.144875,12.4889,2.56835,12.978655999999999,2.5765249999999997,-0.48975599999999986,True,216,-6.269542349632558,0.37436780834136,0.024969744450818232,23.631866059588656,7.673681667754163,15.555181,ok
2006-05,2006-09,2006,9,5,7.700458333333334,73.0467,5.878802777777778,63.049028,1.821655555555556,9.997672000000001,True,216,-6.269542349632558,0.37436780834136,0.024969744450818232,23.631866059588656,57.46145484825364,64.87068355555556,ok
2006-06,2006-10,2006,10,5,37.47529166666667,156.2402,22.95092222222222,127.71441999999999,14.52436944444445,28.525779999999997,True,216,-6.269542349632558,0.37436780834136,0.024969744450818232,23.631866059588656,126.88233400682432,142.23878944444445,ok
2006-07,2006-11,2006,11,5,117.07195833333333,160.8529,119.53297222222224,196.59914399999997,-2.461013888888914,-35.74624399999996,True,216,-6.269542349632558,0.37436780834136,0.024969744450818232,23.631866059588656,189.4082772744864,194.13813011111105,ok
2006-08,2006-12,2006,12,5,258.488,150.7779,257.47236111111107,200.67440000000002,1.0156388888889296,-49.89650000000003,True,216,-6.269542349632558,0.37436780834136,0.024969744450818232,23.631866059588656,194.78508015526705,201.69003888888895,ok
2006-09,2007-01,2007,1,5,310.51591666666667,243.8694,310.66316666666665,276.0043153846154,-0.14724999999998545,-32.13491538461537,True,216,-5.102968449020715,0.39569979847303843,0.027012313022966028,23.681770400396918,270.84308014026954,275.8570653846154,ok
2006-10,2007-02,2007,2,5,304.0027083333334,391.6001,321.82743888888876,220.87104615384618,-17.82473055555539,170.72905384615382,True,216,-5.102968449020715,0.39569979847303843,0.027012313022966028,23.681770400396918,208.71483541615598,203.0463155982908,ok
2006-11,2007-03,2007,3,5,363.090625,144.3091,378.8634,275.9722115384615,-15.772775000000024,-131.66311153846152,True,216,-5.102968449020715,0.39569979847303843,0.027012313022966028,23.681770400396918,264.6279592005802,260.1994365384615,ok
2006-12,2007-04,2007,4,5,184.7988333333333,203.9629,226.90079166666663,203.5579576923077,-42.10195833333333,0.4049423076922949,True,216,-5.102968449020715,0.39569979847303843,0.027012313022966028,23.681770400396918,181.7952528154667,161.45599935897437,ok
2007-01,2007-05,2007,5,5,22.16379166666667,59.8926,24.45017447916667,77.85692692307693,-2.286382812500001,-17.964326923076925,True,216,-5.102968449020715,0.39569979847303843,0.027012313022966028,23.681770400396918,71.84923725591776,75.57054411057692,ok
2007-02,2007-06,2007,6,5,0.76675,0.6092,1.0117916666666666,7.5528576923076916,-0.2450416666666666,-6.943657692307692,True,216,-5.102968449020715,0.39569979847303843,0.027012313022966028,23.681770400396918,2.3529263051694795,7.307816025641025,ok
2007-03,2007-07,2007,7,5,0.9486249999999999,2.6528,1.1711588541666667,4.878696153846153,-0.2225338541666667,-2.2258961538461532,True,216,-5.102968449020715,0.39569979847303843,0.027012313022966028,23.681770400396918,-0.3123288964217398,4.656162299679487,ok
2007-04,2007-08,2007,8,5,1.1272916666666666,1.474,2.7293828125,12.959819230769229,-1.6020911458333333,-11.485819230769229,True,216,-5.102968449020715,0.39569979847303843,0.027012313022966028,23.681770400396918,7.222903638206825,11.357728084935896,ok
2007-05,2007-09,2007,9,5,3.434333333333333,24.48,5.99265625,63.43355384615385,-2.5583229166666666,-38.95355384615385,True,216,-5.102968449020715,0.39569979847303843,0.027012313022966028,23.681770400396918,57.31825753457918,60.87523092948718,ok
2007-06,2007-10,2007,10,5,26.114416666666667,90.3212,23.8586953125,128.8115653846154,2.255721354166667,-38.49036538461539,True,216,-5.102968449020715,0.39569979847303843,0.027012313022966028,23.681770400396918,124.60118542084975,131.06728673878206,ok
2007-07,2007-11,2007,11,5,117.29879166666667,140.1645,119.37915885416666,195.22428846153844,-2.080367187499988,-55.05978846153843,True,216,-5.102968449020715,0.39569979847303843,0.027012313022966028,23.681770400396918,189.29811913567406,193.14392127403846,ok
2007-08,2007-12,2007,12,5,252.58420833333332,154.6319,257.53583854166664,198.75530384615388,-4.951630208333313,-44.12340384615388,True,216,-5.102968449020715,0.39569979847303843,0.027012313022966028,23.681770400396918,191.69297632158265,193.80367363782057,ok
2007-09,2008-01,2008,1,5,319.1537083333333,277.9576,310.65396354166666,274.81413333333336,8.499744791666672,3.1434666666666544,True,216,-5.936195477677237,0.37394377948145846,0.02291416387834766,23.730652635318354,272.0563645476798,283.31387812500003,ok
2007-10,2008-02,2008,2,5,334.2366666666667,227.3554,320.7133932291666,227.19434444444445,13.523273437500052,0.1610555555555493,True,216,-5.936195477677237,0.37394377948145846,0.02291416387834766,23.730652635318354,226.3150929469472,240.7176178819445,ok
2007-11,2008-03,2008,3,5,414.49354166666666,291.7903,377.8776015625,271.0958,36.61594010416667,20.694500000000005,True,216,-5.936195477677237,0.37394377948145846,0.02291416387834766,23.730652635318354,278.8519075541415,307.71174010416667,ok
2007-12,2008-04,2008,4,5,224.3375,198.2004,224.26941927083334,203.57295555555558,0.06808072916666674,-5.372555555555579,True,216,-5.936195477677237,0.37394377948145846,0.02291416387834766,23.730652635318354,197.66221844305278,203.64103628472225,ok
2008-01,2008-05,2008,5,5,28.725958333333335,156.4351,24.315681372549022,77.19158148148148,4.410276960784312,79.24351851851853,True,216,-5.936195477677237,0.37394377948145846,0.02291416387834766,23.730652635318354,72.90458163907994,81.6018584422658,ok
2008-02,2008-06,2008,6,5,0.8963333333333333,1.2231,0.997377450980392,7.295685185185184,-0.10104411764705867,-6.072585185185185,True,216,-5.936195477677237,0.37394377948145846,0.02291416387834766,23.730652635318354,1.321704888260637,7.194641067538125,ok
2008-03,2008-07,2008,7,5,0.6473333333333333,1.8809,1.1580686274509804,4.796255555555555,-0.5107352941176471,-2.915355555555555,True,216,-5.936195477677237,0.37394377948145846,0.02291416387834766,23.730652635318354,-1.3309262083186093,4.285520261437908,ok
2008-04,2008-08,2008,8,5,5.010958333333334,10.0751,2.635142156862745,12.534418518518518,2.3758161764705887,-2.4593185185185167,True,216,-5.936195477677237,0.37394377948145846,0.02291416387834766,23.730652635318354,7.48664472122388,14.910234694989107,ok
2008-05,2008-09,2008,9,5,7.549166666666667,35.7506,5.842166666666666,61.99082962962963,1.7070000000000016,-26.24022962962963,True,216,-5.936195477677237,0.37394377948145846,0.02291416387834766,23.730652635318354,56.692956183527244,63.69782962962963,ok
2008-06,2008-10,2008,10,5,31.448791666666665,71.4708,23.99138480392157,127.38599629629628,7.457406862745096,-55.91519629629629,True,216,-5.936195477677237,0.37394377948145846,0.02291416387834766,23.730652635318354,124.23845172600493,134.84340315904137,ok
2008-07,2008-11,2008,11,5,126.13320833333334,228.8043,119.25678431372548,193.185037037037,6.876424019607867,35.619262962963006,True,216,-5.936195477677237,0.37394377948145846,0.02291416387834766,23.730652635318354,189.82023754656902,200.06146105664487,ok
2008-08,2008-12,2008,12,5,264.0232916666667,198.2564,257.2445661764706,197.12110370370374,6.778725490196109,1.135296296296275,True,216,-5.936195477677237,0.37394377948145846,0.02291416387834766,23.730652635318354,193.71977045589773,203.89982919389985,ok
2008-09,2009-01,2009,1,5,309.26595833333334,176.1671,311.15394852941176,274.9264,-1.8879901960784196,-98.7593,True,216,-6.370168814020965,0.3559497565745264,0.022654818793965026,23.77360749679153,267.8842015352698,273.0384098039216,ok
2008-10,2009-02,2009,2,5,312.66133333333335,173.2144,321.50887990196077,227.20009642857144,-8.847546568627422,-53.98569642857143,True,216,-6.370168814020965,0.3559497565745264,0.022654818793965026,23.77360749679153,217.68064556716575,218.35254985994402,ok
2008-11,2009-03,2009,3,5,355.2785416666666,237.6584,380.0314803921569,271.83488928571427,-24.752938725490253,-34.17648928571427,True,216,-6.370168814020965,0.3559497565745264,0.022654818793965026,23.77360749679153,256.65391795785087,247.08195056022402,ok
2008-12,2009-04,2009,4,5,246.11041666666665,291.4855,224.27342401960786,203.3810785714286,21.836992647058793,88.10442142857141,True,216,-6.370168814020965,0.3559497565745264,0.022654818793965026,23.77360749679153,204.78378197444792,225.21807121848738,ok
2009-01,2009-05,2009,5,5,21.114791666666665,287.1656,24.56069675925926,80.02170714285715,-3.4459050925925965,207.14389285714282,True,216,-6.370168814020965,0.3559497565745264,0.022654818793965026,23.77360749679153,72.42496924994893,76.57580205026456,ok
2009-02,2009-06,2009,6,5,0.918,15.2435,0.9917638888888889,7.0788071428571415,-0.07376388888888885,8.164692857142857,True,216,-6.370168814020965,0.3559497565745264,0.022654818793965026,23.77360749679153,0.6823820905421862,7.005043253968252,ok
2009-03,2009-07,2009,7,5,6.305458333333333,2.7198,1.1296944444444443,4.692135714285714,5.175763888888889,-1.9723357142857134,True,216,-6.370168814020965,0.3559497565745264,0.022654818793965026,23.77360749679153,0.16427879660197253,9.867899603174603,ok
2009-04,2009-08,2009,8,5,6.729541666666667,15.226,2.7671319444444444,12.446585714285714,3.9624097222222225,2.779414285714287,True,216,-6.370168814020965,0.3559497565745264,0.022654818793965026,23.77360749679153,7.486835676338286,16.408995436507936,ok
2009-05,2009-09,2009,9,5,7.4952499999999995,49.6335,5.936999999999999,61.05367857142858,1.5582500000000001,-11.420178571428579,True,216,-6.370168814020965,0.3559497565745264,0.022654818793965026,23.77360749679153,55.238168465589865,62.61192857142858,ok
2009-06,2009-10,2009,10,5,31.002583333333334,145.1622,24.405685185185185,125.38902499999999,6.596898148148149,19.773175000000023,True,216,-6.370168814020965,0.3559497565745264,0.022654818793965026,23.77360749679153,121.3670204759593,131.98592314814815,ok
2009-07,2009-11,2009,11,5,111.85558333333334,129.9771,119.63880787037036,194.45715357142853,-7.783224537037015,-64.48005357142853,True,216,-6.370168814020965,0.3559497565745264,0.022654818793965026,23.77360749679153,185.31654787808438,186.6739290343915,ok
2009-08,2009-12,2009,12,5,262.42741666666666,238.1976,257.62116203703704,197.16165000000004,4.8062546296296205,41.03594999999996,True,216,-6.370168814020965,0.3559497565745264,0.022654818793965026,23.77360749679153,192.50226635143093,201.96790462962966,ok
2009-09,2010-01,2010,1,5,312.4241666666667,206.4191,311.04906018518517,271.5209068965517,1.3751064814815095,-65.10180689655172,True,216,-4.329139415855481,0.33083162065147964,0.0161544560313428,22.47951982973201,267.6466961865331,272.8960133780332,ok
2009-10,2010-02,2010,2,5,247.05070833333332,189.3031,321.01734953703703,225.33852068965518,-73.96664120370372,-36.03542068965518,True,216,-4.329139415855481,0.33083162065147964,0.0161544560313428,22.47951982973201,196.5388774902319,151.37187948595147,ok
2009-11,2010-03,2010,3,5,314.41066666666666,170.6808,378.6563171296296,270.6563896551724,-64.24565046296294,-99.9755896551724,True,216,-4.329139415855481,0.33083162065147964,0.0161544560313428,22.47951982973201,245.0727575768464,206.41073919220946,ok
2009-12,2010-04,2010,4,5,166.96804166666666,179.409,225.4865902777778,206.41916206896553,-58.51854861111113,-27.010162068965542,True,216,-4.329139415855481,0.33083162065147964,0.0161544560313428,22.47951982973201,182.73023637792377,147.9006134578544,ok
2010-01,2010-05,2010,5,5,29.674375,36.5434,24.379333333333335,87.16460000000001,5.295041666666666,-50.62120000000001,True,216,-4.329139415855481,0.33083162065147964,0.0161544560313428,22.47951982973201,84.58722780014497,92.45964166666667,ok
2010-02,2010-06,2010,6,5,0.7127500000000001,8.1085,0.9878815789473684,7.3603482758620675,-0.2751315789473683,0.7481517241379319,True,216,-4.329139415855481,0.33083162065147964,0.0161544560313428,22.47951982973201,2.940186633851028,7.085216696914699,ok
2010-03,2010-07,2010,7,5,0.7812916666666667,1.8517,1.4021030701754384,4.624124137931034,-0.6208114035087717,-2.7724241379310337,True,216,-4.329139415855481,0.33083162065147964,0.0161544560313428,22.47951982973201,0.08960067933382598,4.003312734422262,ok
2010-04,2010-08,2010,8,5,0.4687916666666667,1.1641,2.9756798245614036,12.542427586206896,-2.506888157894737,-11.378327586206897,True,216,-4.329139415855481,0.33083162065147964,0.0161544560313428,22.47951982973201,7.383930298283097,10.035539428312159,ok
2010-05,2010-09,2010,9,5,0.44279166666666664,2.3148,6.019013157894736,60.65987931034483,-5.576221491228069,-58.34507931034483,True,216,-4.329139415855481,0.33083162065147964,0.0161544560313428,22.47951982973201,54.48594950143475,55.08365781911676,ok
2010-06,2010-10,2010,10,5,11.171208333333333,136.1532,24.75289035087719,126.07085862068966,-13.581682017543859,10.082341379310336,True,216,-4.329139415855481,0.33083162065147964,0.0161544560313428,22.47951982973201,117.2484693317971,112.48917660314581,ok
2010-07,2010-11,2010,11,5,113.23804166666667,142.1422,119.22916447368421,192.23370344827583,-5.991122807017533,-50.09150344827583,True,216,-4.329139415855481,0.33083162065147964,0.0161544560313428,22.47951982973201,185.9225111646527,186.24258064125831,ok
2010-08,2010-12,2010,12,5,219.840875,168.2896,257.8741228070175,198.57668275862073,-38.03324780701749,-30.287082758620727,True,216,-4.329139415855481,0.33083162065147964,0.0161544560313428,22.47951982973201,181.66494233213032,160.54343495160325,ok
2010-09,2011-01,2011,1,5,346.9866666666667,274.405,311.12143421052633,269.35084666666665,35.86523245614035,5.054153333333318,True,224,-5.8496143585533575,0.36355403889004434,0.021084517362291333,23.027481648130347,276.5401824232734,305.216079122807,ok
2010-10,2011-02,2011,2,5,356.02570833333334,316.7195,317.1243684210526,224.13734000000002,38.90133991228072,92.58215999999996,True,224,-5.8496143585533575,0.36355403889004434,0.021084517362291333,23.027481648130347,232.4304648847908,263.0386799122807,ok
2010-11,2011-03,2011,3,5,414.3817916666667,240.0053,375.27496710526316,267.32387,39.10682456140353,-27.318569999999994,True,224,-5.8496143585533575,0.36355403889004434,0.021084517362291333,23.027481648130347,275.6916996589093,306.4306945614035,ok
2010-12,2011-04,2011,4,5,240.27837499999998,220.1464,222.4066666666667,205.51882333333333,17.871708333333288,14.62757666666667,True,224,-5.8496143585533575,0.36355403889004434,0.021084517362291333,23.027481648130347,206.16654072122813,223.39053166666662,ok
1991-01,1991-06,1991,6,6,1.8143333333333331,0.7033,,9.38869,,-8.68539,False,228,,,,,,,anomalia_indisponivel_para_linha_avaliada
1991-02,1991-07,1991,7,6,0.8704999999999999,1.9531,,6.404940000000001,,-4.451840000000001,False,228,,,,,,,anomalia_indisponivel_para_linha_avaliada
1991-03,1991-08,1991,8,6,1.7187083333333335,1.2135,,16.050330000000002,,-14.836830000000003,False,228,,,,,,,anomalia_indisponivel_para_linha_avaliada
1991-04,1991-09,1991,9,6,6.026416666666666,73.9762,,73.19717999999999,,0.7790200000000169,False,228,,,,,,,anomalia_indisponivel_para_linha_avaliada
1991-05,1991-10,1991,10,6,35.23220833333333,58.2752,,169.18448999999998,,-110.90928999999998,False,228,,,,,,,anomalia_indisponivel_para_linha_avaliada
1991-06,1991-11,1991,11,6,117.87124999999999,141.8015,,204.26054000000002,,-62.459040000000016,False,228,,,,,,,anomalia_indisponivel_para_linha_avaliada
1991-07,1991-12,1991,12,6,265.3625,139.2974,,206.55659999999997,,-67.25919999999996,False,228,,,,,,,anomalia_indisponivel_para_linha_avaliada
1991-08,1992-01,1992,1,6,308.5962916666667,307.6078,,296.8603363636363,,10.747463636363705,False,221,,,,,,,anomalia_indisponivel_para_linha_avaliada
1991-09,1992-02,1992,2,6,329.56991666666664,144.7331,,218.7978454545455,,-74.06474545454549,False,221,,,,,,,anomalia_indisponivel_para_linha_avaliada
1991-10,1992-03,1992,3,6,385.07579166666665,155.372,,299.8407818181818,,-144.4687818181818,False,221,,,,,,,anomalia_indisponivel_para_linha_avaliada
1991-11,1992-04,1992,4,6,182.99525000000003,102.9542,,207.20299999999997,,-104.24879999999997,False,221,,,,,,,anomalia_indisponivel_para_linha_avaliada
1991-12,1992-05,1992,5,6,19.619333333333334,24.3743,,55.66652727272728,,-31.292227272727278,False,221,,,,,,,anomalia_indisponivel_para_linha_avaliada
1992-01,1992-06,1992,6,6,0.9827916666666666,1.0095,1.8143333333333331,8.599109090909092,-0.8315416666666665,-7.589609090909092,True,221,-4.845132490366376,0.36121677266321744,0.022422487753395615,24.099091314594535,3.4536098033743894,7.767567424242426,ok
1992-02,1992-07,1992,7,6,0.8704999999999999,2.0289,0.8704999999999999,6.000227272727273,0.0,-3.9713272727272733,True,221,-4.845132490366376,0.36121677266321744,0.022422487753395615,24.099091314594535,1.155094782360897,6.000227272727273,ok
1992-03,1992-08,1992,8,6,1.4731666666666667,13.0445,1.7187083333333335,14.701527272727276,-0.24554166666666677,-1.6570272727272766,True,221,-4.845132490366376,0.36121677266321744,0.022422487753395615,24.099091314594535,9.767701013973218,14.45598560606061,ok
1992-04,1992-09,1992,9,6,3.326458333333333,135.5711,6.026416666666666,73.26799999999999,-2.699958333333333,62.303100000000015,True,221,-4.845132490366376,0.36121677266321744,0.022422487753395615,24.099091314594535,67.44759727414178,70.56804166666666,ok
1992-05,1992-10,1992,10,6,20.913958333333333,62.0723,35.23220833333333,159.10182727272726,-14.318249999999999,-97.02952727272726,True,221,-4.845132490366376,0.36121677266321744,0.022422487753395615,24.099091314594535,149.08470272717577,144.78357727272726,ok
1992-06,1992-11,1992,11,6,120.87366666666667,214.2915,117.87124999999999,198.58244545454545,3.002416666666676,15.709054545454563,True,221,-4.845132490366376,0.36121677266321744,0.022422487753395615,24.099091314594535,194.82183622270267,201.58486212121213,ok
1992-07,1992-12,1992,12,6,306.241625,239.5717,265.3625,200.44212727272725,40.87912499999999,39.129572727272745,True,221,-4.845132490366376,0.36121677266321744,0.022422487753395615,24.099091314594535,210.3632203841571,241.32125227272724,ok
1992-08,1993-01,1993,1,6,336.12804166666666,121.8043,308.5962916666667,297.75595833333324,27.531749999999988,-175.95165833333323,True,216,-4.244875303709358,0.4164738560504606,0.030910147274830657,24.01336329368149,304.97733711594117,325.2877083333332,ok
1992-09,1993-02,1993,2,6,333.2145,307.8407,329.56991666666664,212.62578333333337,3.644583333333344,95.21491666666665,True,216,-4.244875303709358,0.4164738560504606,0.030910147274830657,24.01336329368149,209.8987817041546,216.27036666666672,ok
1992-10,1993-03,1993,3,6,388.3234166666667,153.1779,385.07579166666665,287.80171666666666,3.2476250000000277,-134.62381666666667,True,216,-4.244875303709358,0.4164738560504606,0.030910147274830657,24.01336329368149,284.9093922697132,291.0493416666667,ok
1992-11,1993-04,1993,4,6,242.58962499999998,250.0943,182.99525000000003,198.51559999999998,59.59437499999996,51.578700000000026,True,216,-4.244875303709358,0.4164738560504606,0.030910147274830657,24.01336329368149,219.09022385145778,258.10997499999996,ok
1992-12,1993-05,1993,5,6,16.873916666666666,95.5974,19.619333333333334,53.058841666666666,-2.7454166666666673,42.53855833333333,True,216,-4.244875303709358,0.4164738560504606,0.030910147274830657,24.01336329368149,47.67057209732544,50.313424999999995,ok
1993-01,1993-06,1993,6,6,0.8207083333333333,0.586,1.3985625,7.966641666666668,-0.5778541666666667,-7.380641666666667,True,216,-4.244875303709358,0.4164738560504606,0.030910147274830657,24.01336329368149,3.481105209930818,7.388787500000001,ok
1993-02,1993-07,1993,7,6,0.546875,1.8793,0.8704999999999999,5.669283333333335,-0.32362499999999994,-3.7899833333333355,True,216,-4.244875303709358,0.4164738560504606,0.030910147274830657,24.01336329368149,1.2896266779596472,5.345658333333335,ok
1993-03,1993-08,1993,8,6,3.3480833333333333,40.5665,1.5959375000000002,14.56344166666667,1.752145833333333,26.00305833333333,True,216,-4.244875303709358,0.4164738560504606,0.030910147274830657,24.01336329368149,11.048289294528393,16.315587500000003,ok
1993-04,1993-09,1993,9,6,9.709166666666667,56.4376,4.6764375,78.45992499999998,5.032729166666667,-22.02232499999998,True,216,-4.244875303709358,0.4164738560504606,0.030910147274830657,24.01336329368149,76.31104981878991,83.49265416666665,ok
1993-05,1993-10,1993,10,6,24.272958333333335,126.1723,28.073083333333333,151.01603333333333,-3.8001249999999978,-24.84373333333332,True,216,-4.244875303709358,0.4164738560504606,0.030910147274830657,24.01336329368149,145.1885053174002,147.21590833333332,ok
1993-06,1993-11,1993,11,6,118.87554166666666,225.9903,119.37245833333333,199.8915333333333,-0.4969166666666638,26.098766666666677,True,216,-4.244875303709358,0.4164738560504606,0.030910147274830657,24.01336329368149,195.43970522932153,199.39461666666665,ok
1993-07,1993-12,1993,12,6,248.04216666666665,216.8044,285.80206250000003,203.70292499999996,-37.75989583333339,13.101475000000022,True,216,-4.244875303709358,0.4164738560504606,0.030910147274830657,24.01336329368149,183.7320402745185,165.94302916666658,ok
1993-08,1994-01,1994,1,6,344.0740416666667,330.218,322.36216666666667,284.2212153846153,21.71187500000002,45.99678461538474,True,216,-4.974250528687707,0.3654809316046935,0.022307582621060917,24.06696565811817,287.1822411578122,305.9330903846153,ok
1993-09,1994-02,1994,2,6,356.590125,306.4669,331.3922083333333,219.95000769230774,25.197916666666686,86.51689230769227,True,216,-4.974250528687707,0.3654809316046935,0.022307582621060917,24.06696565811817,224.1851152214508,245.14792435897442,ok
1993-10,1994-03,1994,3,6,434.3919166666667,311.1998,386.69960416666663,277.4460384615385,47.69231250000007,33.753761538461504,True,216,-4.974250528687707,0.3654809316046935,0.022307582621060917,24.06696565811817,289.90241873573297,325.13835096153855,ok
1993-11,1994-04,1994,4,6,226.78916666666666,176.4476,212.7924375,202.48319230769232,13.996729166666654,-26.035592307692326,True,216,-4.974250528687707,0.3654809316046935,0.022307582621060917,24.06696565811817,202.62447939425653,216.47992147435897,ok
1993-12,1994-05,1994,5,6,28.190166666666666,50.2617,18.246625,56.33103846153846,9.943541666666665,-6.0693384615384645,True,216,-4.974250528687707,0.3654809316046935,0.022307582621060917,24.06696565811817,54.99096280463418,66.27458012820513,ok
1994-01,1994-06,1994,6,6,0.6911666666666667,40.3001,1.2059444444444443,7.398900000000001,-0.5147777777777776,32.9012,True,216,-4.974250528687707,0.3654809316046935,0.022307582621060917,24.06696565811817,2.2365080095206786,6.884122222222223,ok
1994-02,1994-07,1994,7,6,0.7588750000000001,1.843,0.7626249999999999,5.3777461538461555,-0.003749999999999809,-3.5347461538461555,True,216,-4.974250528687707,0.3654809316046935,0.022307582621060917,24.06696565811817,0.4021250716649314,5.373996153846155,ok
1994-03,1994-08,1994,8,6,3.4596250000000004,6.3765,2.1799861111111114,16.563676923076926,1.279638888888889,-10.187176923076926,True,216,-4.974250528687707,0.3654809316046935,0.022307582621060917,24.06696565811817,12.057110007617926,17.843315811965816,ok
1994-04,1994-09,1994,9,6,8.002708333333333,57.4679,6.354013888888889,76.76589999999999,1.6486944444444438,-19.297999999999988,True,216,-4.974250528687707,0.3654809316046935,0.022307582621060917,24.06696565811817,72.39421585279932,78.41459444444443,ok
1994-05,1994-10,1994,10,6,18.425125,114.0829,26.806375000000003,149.10497692307692,-8.381250000000001,-35.02207692307692,True,216,-4.974250528687707,0.3654809316046935,0.022307582621060917,24.06696565811817,141.06753933637737,140.72372692307692,ok
1994-06,1994-11,1994,11,6,149.70954166666667,151.223,119.20681944444443,201.89913076923074,30.502722222222232,-50.676130769230724,True,216,-4.974250528687707,0.3654809316046935,0.022307582621060917,24.06696565811817,208.07304357479998,232.40185299145298,ok
1994-07,1994-12,1994,12,6,244.66070833333333,200.9509,273.21543055555554,204.71073076923074,-28.55472222222221,-3.7598307692307458,True,216,-4.974250528687707,0.3654809316046935,0.022307582621060917,24.06696565811817,189.300273761052,176.15600854700853,ok
1994-08,1995-01,1995,1,6,304.2662916666667,156.6185,329.59945833333336,287.5066999999999,-25.33316666666667,-130.8881999999999,True,216,-4.55173121748743,0.348546630697979,0.021813077426124372,24.293220006940125,274.12517889593545,262.17353333333324,ok
1994-09,1995-02,1995,2,6,317.590625,232.7107,339.79151388888886,226.12978571428576,-22.20088888888887,6.580914285714243,True,216,-4.55173121748743,0.348546630697979,0.021813077426124372,24.293220006940125,213.84000947607592,203.9288968253969,ok
1994-10,1995-03,1995,3,6,414.01375,218.3206,402.59704166666666,279.8570214285714,11.41670833333336,-61.53642142857137,True,216,-4.55173121748743,0.348546630697979,0.021813077426124372,24.293220006940125,279.28454543432883,291.27372976190475,ok
1994-11,1995-04,1995,4,6,250.59237499999998,255.6784,217.4580138888889,200.62350714285714,33.134361111111076,55.054892857142875,True,216,-4.55173121748743,0.348546630697979,0.021813077426124372,24.293220006940125,207.6206458509776,233.7578682539682,ok
1994-12,1995-05,1995,5,6,19.206333333333333,188.1476,21.56113888888889,55.89751428571429,-2.354805555555558,132.25008571428572,True,216,-4.55173121748743,0.348546630697979,0.021813077426124372,24.293220006940125,50.52502352588908,53.54270873015873,ok
1995-01,1995-06,1995,6,6,0.33475000000000005,0.5023,1.0772499999999998,9.748985714285714,-0.7424999999999997,-9.246685714285714,True,216,-4.55173121748743,0.348546630697979,0.021813077426124372,24.293220006940125,4.938458623505035,9.006485714285715,ok
1995-02,1995-07,1995,7,6,0.50225,1.9521,0.7616875,5.125264285714287,-0.2594375,-3.1731642857142877,True,216,-4.55173121748743,0.348546630697979,0.021813077426124372,24.293220006940125,0.4831070017251504,4.865826785714288,ok
1995-03,1995-08,1995,8,6,1.25,1.2264,2.4998958333333334,15.83602142857143,-1.2498958333333334,-14.60962142857143,True,216,-4.55173121748743,0.348546630697979,0.021813077426124372,24.293220006940125,10.848643229652222,14.586125595238096,ok
1995-04,1995-09,1995,9,6,2.754,24.8694,6.766187499999999,75.38747142857142,-4.0121875,-50.51807142857142,True,216,-4.55173121748743,0.348546630697979,0.021813077426124372,24.293220006940125,69.43730577623045,71.37528392857142,ok
1995-05,1995-10,1995,10,6,15.791375,82.7379,24.711062500000004,146.6034,-8.919687500000004,-63.8655,True,216,-4.55173121748743,0.348546630697979,0.021813077426124372,24.293220006940125,138.94274175750868,137.68371249999998,ok
1995-06,1995-11,1995,11,6,130.28045833333334,247.2129,126.8325,198.2794071428571,3.4479583333333466,48.93349285714288,True,216,-4.55173121748743,0.348546630697979,0.021813077426124372,24.293220006940125,194.92945018524003,201.72736547619047,ok
1995-07,1995-12,1995,12,6,254.76054166666665,191.1246,266.07675,204.44217142857138,-11.31620833333335,-13.317571428571398,True,216,-4.55173121748743,0.348546630697979,0.021813077426124372,24.293220006940125,195.94621392422422,193.12596309523803,ok
1995-08,1996-01,1996,1,6,313.5514583333333,224.1528,323.26616666666666,278.7808199999999,-9.714708333333363,-54.62801999999988,True,216,-4.75979353823366,0.38527285995971094,0.025491845268183266,24.17429349220565,270.2782129985084,269.06611166666653,ok
1995-09,1996-02,1996,2,6,396.81391666666667,225.4247,334.24129166666665,226.56851333333336,62.572625000000016,-1.1438133333333553,True,216,-4.75979353823366,0.38527285995971094,0.025491845268183266,24.17429349220565,245.91625398403622,289.1411383333334,ok
1995-10,1996-03,1996,3,6,399.7957916666667,302.7974,405.45121875,275.75459333333333,-5.655427083333336,27.04280666666665,True,216,-4.75979353823366,0.38527285995971094,0.025491845268183266,24.17429349220565,268.8159172284102,270.09916625,ok
1995-11,1996-04,1996,4,6,232.09199999999998,321.9434,225.74160416666666,204.29383333333334,6.350395833333323,117.64956666666666,True,216,-4.75979353823366,0.38527285995971094,0.025491845268183266,24.17429349220565,201.98067495968425,210.64422916666666,ok
1995-12,1996-05,1996,5,6,25.176916666666667,98.9982,20.9724375,64.71418666666666,4.204479166666665,34.284013333333334,True,216,-4.75979353823366,0.38527285995971094,0.025491845268183266,24.17429349220565,61.574264841615694,68.91866583333334,ok
1996-01,1996-06,1996,6,6,0.76675,0.4652,0.9287499999999997,9.13254,-0.1619999999999997,-8.667340000000001,True,216,-4.75979353823366,0.38527285995971094,0.025491845268183266,24.17429349220565,4.310332258452868,8.970540000000002,ok
1996-02,1996-07,1996,7,6,0.703125,1.9521,0.7098,4.913720000000001,-0.0066749999999999865,-2.9616200000000017,True,216,-4.75979353823366,0.38527285995971094,0.025491845268183266,24.17429349220565,0.15135476542611076,4.907045000000002,ok
1996-03,1996-08,1996,8,6,1.6740416666666667,1.4883,2.2499166666666666,14.862046666666668,-0.5758749999999999,-13.373746666666667,True,216,-4.75979353823366,0.38527285995971094,0.025491845268183266,24.17429349220565,9.880384120203711,14.286171666666668,ok
1996-04,1996-09,1996,9,6,10.087208333333333,9.7369,5.963749999999999,72.0196,4.123458333333334,-62.2827,True,216,-4.75979353823366,0.38527285995971094,0.025491845268183266,24.17429349220565,68.84846304677437,76.14305833333333,ok
1996-05,1996-10,1996,10,6,20.344791666666666,145.0933,22.927125000000004,142.3457,-2.582333333333338,2.7476000000000056,True,216,-4.75979353823366,0.38527285995971094,0.025491845268183266,24.17429349220565,136.59100351306373,139.76336666666666,ok
1996-06,1996-11,1996,11,6,124.45916666666666,222.7092,127.52209166666667,201.54163999999997,-3.062925000000007,21.167560000000037,True,216,-4.75979353823366,0.38527285995971094,0.025491845268183266,24.17429349220565,195.60178458717422,198.47871499999997,ok
1996-07,1996-12,1996,12,6,268.3869583333333,130.1745,263.81350833333335,203.55433333333332,4.57344999999998,-73.37983333333332,True,216,-4.75979353823366,0.38527285995971094,0.025491845268183266,24.17429349220565,200.5565659564824,208.1277833333333,ok
1996-08,1997-01,1997,1,6,342.0762916666667,403.2083,321.323225,275.36656875,20.75306666666671,127.84173125000001,True,216,-5.53026481685051,0.4175549844230481,0.03242135006770808,24.261603886670443,278.50185036188003,296.1196354166667,ok
1996-09,1997-02,1997,2,6,359.8257083333333,180.4594,346.75581666666665,226.497025,13.06989166666665,-46.03762500000002,True,216,-5.53026481685051,0.4175549844230481,0.03242135006770808,24.261603886670443,226.4241585944354,239.56691666666666,ok
1996-10,1997-03,1997,3,6,374.5184166666666,452.1152,404.32013333333333,277.44476875,-29.80171666666672,174.67043125000004,True,216,-5.53026481685051,0.4175549844230481,0.03242135006770808,24.261603886670443,259.4706485946194,247.64305208333326,ok
1996-11,1997-04,1997,4,6,199.40037499999997,290.1342,227.01168333333334,211.64693125,-27.61130833333337,78.48726875000003,True,216,-5.53026481685051,0.4175549844230481,0.03242135006770808,24.261603886670443,194.5874270121245,184.03562291666663,ok
1996-12,1997-05,1997,5,6,22.78879166666667,68.9381,21.813333333333336,66.8569375,0.9754583333333322,2.081162500000005,True,216,-5.53026481685051,0.4175549844230481,0.03242135006770808,24.261603886670443,61.73398017232982,67.83239583333334,ok
1997-01,1997-06,1997,6,6,1.6307083333333334,0.6576,0.9017499999999998,8.59083125,0.7289583333333336,-7.93323125,True,216,-5.53026481685051,0.4175549844230481,0.03242135006770808,24.261603886670443,3.3649466186695425,9.319789583333334,ok
1997-02,1997-07,1997,7,6,0.7142916666666667,1.9683,0.7086874999999999,4.72861875,0.005604166666666743,-2.7603187499999997,True,216,-5.53026481685051,0.4175549844230481,0.03242135006770808,24.261603886670443,-0.7993060191253056,4.734222916666667,ok
1997-03,1997-08,1997,8,6,2.7900833333333335,1.2265,2.1539375,14.026187499999999,0.6361458333333334,-12.7996875,True,216,-5.53026481685051,0.4175549844230481,0.03242135006770808,24.261603886670443,8.761548546677776,14.662333333333333,ok
1997-04,1997-09,1997,9,6,6.5447500000000005,47.0877,6.650993055555555,68.12693125,-0.10624305555555491,-21.03923125,True,216,-5.53026481685051,0.4175549844230481,0.03242135006770808,24.261603886670443,62.55230411574193,68.02068819444445,ok
1997-05,1997-10,1997,10,6,31.247958333333333,98.1562,22.496736111111115,142.517425,8.751222222222218,-44.361225000000005,True,216,-5.53026481685051,0.4175549844230481,0.03242135006770808,24.261603886670443,140.64127664183212,151.26864722222223,ok
1997-06,1997-11,1997,11,6,111.531625,75.7109,127.01160416666666,202.86461250000002,-15.479979166666652,-127.15371250000003,True,216,-5.53026481685051,0.4175549844230481,0.03242135006770808,24.261603886670443,190.8706052233429,187.38463333333337,ok
1997-07,1997-12,1997,12,6,246.78116666666668,199.815,264.57575,198.96809374999998,-17.79458333333335,0.8469062500000177,True,216,-5.53026481685051,0.4175549844230481,0.03242135006770808,24.261603886670443,186.00761196658482,181.17351041666663,ok
1997-08,1998-01,1998,1,6,290.1376666666667,347.458,324.78206944444446,282.8866705882353,-34.64440277777777,64.57132941176474,True,216,-3.7817029063729852,0.3822741338495375,0.01803304614900536,20.066085654194154,265.8613086172528,248.24226781045752,ok
1997-09,1998-02,1998,2,6,226.10445833333333,127.8253,348.93413194444446,223.7889294117647,-122.82967361111113,-95.96362941176471,True,216,-3.7817029063729852,0.3822741338495375,0.01803304614900536,20.066085654194154,173.0526194146828,100.95925580065358,ok
1997-10,1998-03,1998,3,6,266.06554166666666,242.0988,399.3531805555556,287.7195,-133.28763888888892,-45.62069999999997,True,216,-3.7817029063729852,0.3822741338495375,0.01803304614900536,20.066085654194154,232.98538038452708,154.43186111111106,ok
1997-11,1998-04,1998,4,6,179.82004166666664,54.1047,222.4097986111111,216.2638294117647,-42.589756944444474,-162.1591294117647,True,216,-3.7817029063729852,0.3822741338495375,0.01803304614900536,20.066085654194154,196.20116405859187,173.67407246732023,ok
1997-12,1998-05,1998,5,6,17.1195,74.6596,21.975909722222223,66.97935882352942,-4.8564097222222244,7.680241176470574,True,216,-3.7817029063729852,0.3822741338495375,0.01803304614900536,20.066085654194154,61.34117609697547,62.1229491013072,ok
1998-01,1998-06,1998,6,6,1.2419166666666668,16.0121,1.0058869047619046,8.124170588235295,0.23602976190476221,7.887929411764706,True,216,-3.7817029063729852,0.3822741338495375,0.01803304614900536,20.066085654194154,4.432695754657165,8.360200350140056,ok
1998-02,1998-07,1998,7,6,0.22325000000000003,3.3565,0.7094880952380952,4.566247058823529,-0.48623809523809514,-1.2097470588235288,True,216,-3.7817029063729852,0.3822741338495375,0.01803304614900536,20.066085654194154,0.5986679057487518,4.080008963585434,ok
1998-03,1998-08,1998,8,6,0.42412500000000003,1.2501,2.2448154761904764,13.273264705882351,-1.8206904761904763,-12.023164705882351,True,216,-3.7817029063729852,0.3822741338495375,0.01803304614900536,20.066085654194154,8.79555892471555,11.452574229691875,ok
1998-04,1998-09,1998,9,6,4.914083333333333,13.3474,6.6358154761904755,66.8893294117647,-1.7217321428571424,-53.541929411764706,True,216,-3.7817029063729852,0.3822741338495375,0.01803304614900536,20.066085654194154,62.4494528417601,65.16759726890757,ok
1998-05,1998-10,1998,10,6,23.949333333333332,89.2952,23.74691071428572,139.9079411764706,0.2024226190476135,-50.61274117647059,True,216,-3.7817029063729852,0.3822741338495375,0.01803304614900536,20.066085654194154,136.20361920146556,140.1103637955182,ok
1998-06,1998-11,1998,11,6,116.80204166666665,245.1679,124.80017857142856,195.3849823529412,-7.998136904761907,49.78291764705881,True,216,-3.7817029063729852,0.3822741338495375,0.01803304614900536,20.066085654194154,188.5457985888903,187.3868454481793,ok
1998-07,1998-12,1998,12,6,343.8842916666667,138.7974,262.03366666666665,199.01791176470587,81.85062500000004,-60.22051176470586,True,216,-3.7817029063729852,0.3822741338495375,0.01803304614900536,20.066085654194154,226.5255856352512,280.86853676470594,ok
1998-08,1999-01,1999,1,6,364.92083333333335,215.817,319.83286904761906,286.4739666666667,45.08796428571429,-70.65696666666668,True,216,-4.795983390014656,0.41551603657435154,0.029619166287962684,23.878120359575455,300.41275549385796,331.561930952381,ok
1998-09,1999-02,1999,2,6,355.73325,131.3784,331.3870357142857,218.4576166666667,24.346214285714325,-87.0792166666667,True,216,-4.795983390014656,0.41551603657435154,0.029619166287962684,23.878120359575455,223.7778757422419,242.80383095238102,ok
1998-10,1999-03,1999,3,6,437.48316666666665,283.9542,380.3120892857143,285.1850166666666,57.17107738095234,-1.2308166666666125,True,216,-4.795983390014656,0.41551603657435154,0.029619166287962684,23.878120359575455,304.14453275667086,342.35609404761897,ok
1998-11,1999-04,1999,4,6,239.165875,162.6196,216.32554761904763,207.25498888888887,22.840327380952374,-44.63538888888888,True,216,-4.795983390014656,0.41551603657435154,0.029619166287962684,23.878120359575455,211.94952780626818,230.09531626984125,ok
1998-12,1999-05,1999,5,6,13.671041666666667,177.0923,21.282136904761902,67.40603888888889,-7.611095238095235,109.68626111111111,True,216,-4.795983390014656,0.41551603657435154,0.029619166287962684,23.878120359575455,59.44752337155098,59.794943650793655,ok
1999-01,1999-06,1999,6,6,0.9502916666666668,0.6859,1.035390625,8.56238888888889,-0.08509895833333325,-7.87648888888889,True,216,-4.795983390014656,0.41551603657435154,0.029619166287962684,23.878120359575455,3.7310455169909615,8.477289930555557,ok
1999-02,1999-07,1999,7,6,1.6740416666666667,1.9885,0.6487083333333334,4.499038888888888,1.0253333333333332,-2.510538888888888,True,216,-4.795983390014656,0.41551603657435154,0.029619166287962684,23.878120359575455,0.12909794170846767,5.524372222222222,ok
1999-03,1999-08,1999,8,6,3.8502500000000004,1.2624,2.0172291666666666,12.60531111111111,1.8330208333333338,-11.34291111111111,True,216,-4.795983390014656,0.41551603657435154,0.029619166287962684,23.878120359575455,8.570977272721336,14.438331944444444,ok
1999-04,1999-09,1999,9,6,7.4952499999999995,72.5879,6.420598958333333,63.914777777777786,1.0746510416666668,8.673122222222219,True,216,-4.795983390014656,0.41551603657435154,0.029619166287962684,23.878120359575455,59.56532912929696,64.98942881944446,ok
1999-05,1999-10,1999,10,6,29.216791666666666,112.4277,23.772213541666666,137.09612222222222,5.444578125,-24.66842222222222,True,216,-4.795983390014656,0.41551603657435154,0.029619166287962684,23.878120359575455,134.56244835552695,142.5407003472222,ok
1999-06,1999-11,1999,11,6,148.0571666666667,349.1067,123.80041145833333,198.15070000000003,24.25675520833336,150.95599999999996,True,216,-4.795983390014656,0.41551603657435154,0.029619166287962684,23.878120359575455,203.4337873943063,222.40745520833337,ok
1999-07,1999-12,1999,12,6,300.23741666666666,242.5365,272.2649947916667,195.67232777777775,27.972421874999952,46.86417222222224,True,216,-4.795983390014656,0.41551603657435154,0.029619166287962684,23.878120359575455,202.49933425864876,223.6447496527777,ok
1999-08,2000-01,2000,1,6,323.45025000000004,260.085,325.46886458333336,282.7551789473684,-2.018614583333317,-22.670178947368413,True,216,-4.4978322853865675,0.3670665021393105,0.023088852811818383,24.266494219450877,277.51638086771027,280.7365643640351,ok
1999-09,2000-02,2000,2,6,377.6565,271.7656,334.4303125,213.8745,43.22618749999998,57.891099999999994,True,216,-4.4978322853865675,0.3670665021393105,0.023088852811818383,24.266494219450877,225.2435531610564,257.1006875,ok
1999-10,2000-03,2000,3,6,374.3509583333334,185.8099,387.45847395833334,285.12023684210527,-13.107515624999962,-99.31033684210527,True,216,-4.4978322853865675,0.3670665021393105,0.023088852811818383,24.266494219450877,275.8110746445136,272.0127212171053,ok
1999-11,2000-04,2000,4,6,237.0385,184.1135,219.18058854166665,204.90575789473684,17.857911458333348,-20.79225789473685,True,216,-4.4978322853865675,0.3670665021393105,0.023088852811818383,24.266494219450877,206.9629667038742,222.76366935307018,ok
1999-12,2000-05,2000,5,6,24.228333333333335,53.6399,20.330750000000002,73.179,3.8975833333333334,-19.539100000000005,True,216,-4.4978322853865675,0.3670665021393105,0.023088852811818383,24.266494219450877,70.11183999557657,77.07658333333333,ok
2000-01,2000-06,2000,6,6,1.1987916666666667,4.8153,1.0259351851851852,8.147836842105264,0.17285648148148147,-3.332536842105264,True,216,-4.4978322853865675,0.3670665021393105,0.023088852811818383,24.266494219450877,3.713454380748212,8.320693323586745,ok
2000-02,2000-07,2000,7,6,0.8259583333333333,10.0203,0.7626342592592593,4.366905263157895,0.06332407407407403,5.653394736842106,True,216,-4.4978322853865675,0.3670665021393105,0.023088852811818383,24.266494219450877,-0.10768287585709196,4.430229337231968,ok
2000-03,2000-08,2000,8,6,1.8526666666666667,7.9948,2.220898148148148,12.008315789473684,-0.3682314814814813,-4.013515789473685,True,216,-4.4978322853865675,0.3670665021393105,0.023088852811818383,24.266494219450877,7.375318062202133,11.640084307992202,ok
2000-04,2000-09,2000,9,6,9.828,123.9327,6.540004629629629,64.37125789473684,3.2879953703703704,59.561442105263154,True,216,-4.4978322853865675,0.3670665021393105,0.023088852811818383,24.266494219450877,61.08033856900238,67.65925326510721,ok
2000-05,2000-10,2000,10,6,29.116500000000002,86.4072,24.377166666666668,135.79778421052632,4.7393333333333345,-49.39058421052631,True,216,-4.4978322853865675,0.3670665021393105,0.023088852811818383,24.266494219450877,133.03960243427863,140.53711754385967,ok
2000-06,2000-11,2000,11,6,133.89837500000002,192.5216,126.49560648148147,206.09575263157896,7.402768518518542,-13.574152631578954,True,216,-4.4978322853865675,0.3670665021393105,0.023088852811818383,24.266494219450877,204.315228692432,213.4985211500975,ok
2000-07,2000-12,2000,12,6,249.9505,222.6176,275.3730416666667,198.13886315789472,-25.422541666666717,24.47873684210529,True,216,-4.4978322853865675,0.3670665021393105,0.023088852811818383,24.266494219450877,184.30926742743392,172.716321491228,ok
2000-08,2001-01,2001,1,6,295.55020833333333,192.5309,325.2445740740741,281.62167,-29.69436574074075,-89.09076999999999,True,216,-4.240609216028022,0.3560760951289622,0.021977655987853728,24.41355913486766,266.8076069836778,251.92730425925924,ok
2000-09,2001-02,2001,2,6,324.36429166666665,153.1069,339.23322222222225,216.76905500000004,-14.868930555555607,-63.66215500000004,True,216,-4.240609216028022,0.3560760951289622,0.021977655987853728,24.41355913486766,207.23397505300608,201.90012444444443,ok
2000-10,2001-03,2001,3,6,392.2515833333334,249.1479,386.00208333333336,280.15472,6.249500000000012,-31.006820000000005,True,216,-4.240609216028022,0.3560760951289622,0.021977655987853728,24.41355913486766,278.13940834048043,286.40422,ok
2000-11,2001-04,2001,4,6,222.54479166666667,196.9268,221.1648009259259,203.866145,1.3799907407407659,-6.939345000000003,True,216,-4.240609216028022,0.3560760951289622,0.021977655987853728,24.41355913486766,200.11691749824905,205.24613574074075,ok
2000-12,2001-05,2001,5,6,27.98925,140.175,20.763814814814815,72.202045,7.225435185185184,67.97295500000001,True,216,-4.240609216028022,0.3560760951289622,0.021977655987853728,24.41355913486766,70.53424053032013,79.42748018518517,ok
2001-01,2001-06,2001,6,6,1.1555833333333334,5.0237,1.0432208333333333,7.981210000000002,0.11236250000000014,-2.957510000000002,True,216,-4.240609216028022,0.3560760951289622,0.021977655987853728,24.41355913486766,3.7806103842109073,8.093572500000002,ok
2001-02,2001-07,2001,7,6,2.499875,2.3266,0.7689666666666668,4.6495750000000005,1.730908333333333,-2.3229750000000005,True,216,-4.240609216028022,0.3560760951289622,0.021977655987853728,24.41355913486766,1.0253008643314916,6.380483333333333,ok
2001-03,2001-08,2001,8,6,1.6070833333333334,7.2041,2.184075,11.80764,-0.5769916666666666,-4.603539999999999,True,216,-4.240609216028022,0.3560760951289622,0.021977655987853728,24.41355913486766,7.361577844383358,11.230648333333333,ok
2001-04,2001-09,2001,9,6,7.992083333333333,33.0017,6.868804166666666,67.34933000000001,1.1232791666666673,-34.34763000000001,True,216,-4.240609216028022,0.3560760951289622,0.021977655987853728,24.41355913486766,63.50869364337837,68.47260916666667,ok
2001-05,2001-10,2001,10,6,33.45758333333333,130.0808,24.8511,133.328255,8.606483333333333,-3.247455000000002,True,216,-4.240609216028022,0.3560760951289622,0.021977655987853728,24.41355913486766,132.1522087620978,141.93473833333334,ok
2001-06,2001-11,2001,11,6,122.472,196.3446,127.23588333333332,205.417045,-4.763883333333325,-9.072444999999988,True,216,-4.240609216028022,0.3560760951289622,0.021977655987853728,24.41355913486766,199.48013080898872,200.65316166666668,ok
2001-07,2001-12,2001,12,6,266.60125,209.0467,272.83078750000004,199.3628,-6.229537500000049,9.683899999999994,True,216,-4.240609216028022,0.3560760951289622,0.021977655987853728,24.41355913486766,192.9040013965125,193.13326249999994,ok
2001-08,2002-01,2002,1,6,369.887,368.8524,322.27513749999997,277.3792523809524,47.61186250000003,91.47314761904761,True,216,-4.241935437440302,0.2991542061025858,0.015049241859782958,23.829279262469132,287.38060587076507,324.9911148809524,ok
2001-09,2002-02,2002,2,6,318.7799166666667,190.9456,337.74632916666667,213.73752380952382,-18.96641249999999,-22.79192380952381,True,216,-4.241935437440302,0.2991542061025858,0.015049241859782958,23.829279262469132,203.82170629803187,194.77111130952383,ok
2001-10,2002-03,2002,3,6,363.48120833333337,178.8799,386.6270333333333,278.67820476190474,-23.145824999999945,-99.79830476190475,True,216,-4.241935437440302,0.2991542061025858,0.015049241859782958,23.829279262469132,267.51209842200007,255.5323797619048,ok
2001-11,2002-04,2002,4,6,161.794875,124.7968,221.3028,203.53569999999996,-59.507925,-78.73889999999996,True,216,-4.241935437440302,0.2991542061025858,0.015049241859782958,23.829279262469132,181.49171850237244,144.02777499999996,ok
2001-12,2002-05,2002,5,6,22.755291666666665,103.8934,21.486358333333335,75.43885238095238,1.2689333333333295,28.454547619047617,True,216,-4.241935437440302,0.2991542061025858,0.015049241859782958,23.829279262469132,71.57652368744252,76.7077857142857,ok
2002-01,2002-06,2002,6,6,0.34554166666666664,6.7952,1.0534356060606063,7.840376190476191,-0.7078939393939396,-1.045176190476191,True,216,-4.241935437440302,0.2991542061025858,0.015049241859782958,23.829279262469132,3.3866713035916627,7.132482251082251,ok
2002-02,2002-07,2002,7,6,1.2499583333333333,2.1991,0.9263219696969697,4.538957142857143,0.3236363636363636,-2.339857142857143,True,216,-4.241935437440302,0.2991542061025858,0.015049241859782958,23.829279262469132,0.3938388848464046,4.862593506493506,ok
2002-03,2002-08,2002,8,6,1.5959583333333331,1.0971,2.131621212121212,11.588423809523809,-0.535662878787879,-10.49132380952381,True,216,-4.241935437440302,0.2991542061025858,0.015049241859782958,23.829279262469132,7.1862425688410925,11.05276093073593,ok
2002-04,2002-09,2002,9,6,6.199208333333334,67.2486,6.970920454545455,65.71372857142858,-0.7717121212121212,1.534871428571421,True,216,-4.241935437440302,0.2991542061025858,0.015049241859782958,23.829279262469132,61.24093220702731,64.94201645021646,ok
2002-05,2002-10,2002,10,6,32.040416666666665,93.122,25.633507575757573,133.1736142857143,6.406909090909092,-40.05161428571431,True,216,-4.241935437440302,0.2991542061025858,0.015049241859782958,23.829279262469132,130.84833265093636,139.5805233766234,ok
2002-06,2002-11,2002,11,6,103.51795833333334,141.559,126.80280303030302,204.98502380952382,-23.284844696969685,-63.42602380952383,True,216,-4.241935437440302,0.2991542061025858,0.015049241859782958,23.829279262469132,193.77732914253954,181.70017911255414,ok
2002-07,2002-12,2002,12,6,278.107125,198.8721,272.264465909091,199.8239380952381,5.842659090909024,-0.9518380952381165,True,216,-4.241935437440302,0.2991542061025858,0.015049241859782958,23.829279262469132,197.32985869966674,205.66659718614713,ok
2002-08,2003-01,2003,1,6,303.49625,226.3735,326.60348863636364,281.5371227272727,-23.10723863636366,-55.16362272727267,True,216,-4.489118357486071,0.36984448773407963,0.021974710290902255,23.53321498015532,268.50191953337156,258.429884090909,ok
2002-09,2003-02,2003,2,6,280.244125,242.0345,336.0221098484849,212.70152727272728,-55.77798484848489,29.332972727272733,True,216,-4.489118357486071,0.36984448773407963,0.021974710290902255,23.53321498015532,187.58322868211405,156.92354242424238,ok
2002-10,2003-03,2003,3,6,311.77691666666664,210.3821,384.5228674242424,274.1419181818182,-72.74595075757577,-63.75981818181819,True,216,-4.489118357486071,0.36984448773407963,0.021974710290902255,23.53321498015532,242.74811093166795,201.39596742424243,ok
2002-11,2003-04,2003,4,6,210.01679166666668,166.9079,215.8929886363636,199.95665909090906,-5.8761969696969345,-33.048759090909044,True,216,-4.489118357486071,0.36984448773407963,0.021974710290902255,23.53321498015532,193.2942616753409,194.08046212121212,ok
2002-12,2003-05,2003,5,6,27.063000000000002,100.5299,21.60171590909091,76.7322409090909,5.461284090909093,23.797659090909093,True,216,-4.489118357486071,0.36984448773407963,0.021974710290902255,23.53321498015532,74.26294836857738,82.193525,ok
2003-01,2003-06,2003,6,6,1.468791666666667,12.2745,0.9944444444444445,7.792868181818182,0.4743472222222225,4.4816318181818176,True,216,-4.489118357486071,0.36984448773407963,0.021974710290902255,23.53321498015532,3.479184529742972,8.267215404040405,ok
2003-02,2003-07,2003,7,6,0.7477916666666666,1.88,0.9532916666666668,4.4326,-0.20550000000000013,-2.5526,True,216,-4.489118357486071,0.36984448773407963,0.021974710290902255,23.53321498015532,-0.13252139971542487,4.2271,ok
2003-03,2003-08,2003,8,6,0.49104166666666665,33.5851,2.086982638888889,11.111545454545455,-1.5959409722222222,22.47355454545454,True,216,-4.489118357486071,0.36984448773407963,0.021974710290902255,23.53321498015532,6.032177125734027,9.515604482323234,ok
2003-04,2003-09,2003,9,6,3.35875,34.1644,6.906611111111111,65.78349545454546,-3.547861111111111,-31.61909545454546,True,216,-4.489118357486071,0.36984448773407963,0.021974710290902255,23.53321498015532,59.982220221868836,62.23563434343435,ok
2003-05,2003-10,2003,10,6,15.367333333333335,102.8612,26.167416666666664,131.35308636363638,-10.80008333333333,-28.491886363636382,True,216,-4.489118357486071,0.36984448773407963,0.021974710290902255,23.53321498015532,122.86961671824827,120.55300303030305,ok
2003-06,2003-11,2003,11,6,94.046375,171.1685,124.86239930555554,202.10202272727275,-30.816024305555544,-30.93352272727276,True,216,-4.489118357486071,0.36984448773407963,0.021974710290902255,23.53321498015532,186.21576764649757,171.2859984217172,ok
2003-07,2003-12,2003,12,6,272.44908333333336,191.1895,272.7513541666667,199.78067272727273,-0.3022708333333526,-8.59117272727272,True,216,-4.489118357486071,0.36984448773407963,0.021974710290902255,23.53321498015532,195.17976116827555,199.47840189393938,ok
2003-08,2004-01,2004,1,6,326.11762500000003,330.2411,324.6778854166667,279.13870434782604,1.4397395833333348,51.10239565217398,True,216,-5.009409060646583,0.3553606332217874,0.022307733391096818,24.420441586819198,274.64092205718725,280.57844393115937,ok
2003-09,2004-02,2004,2,6,353.93683333333337,337.9902,331.3739444444445,213.97687391304348,22.562888888888892,124.01332608695654,True,216,-5.009409060646583,0.3553606332217874,0.022307733391096818,24.420441586819198,216.98542733526529,236.53976280193237,ok
2003-10,2004-03,2004,3,6,396.48133333333334,263.3091,378.4607048611111,271.369752173913,18.020628472222256,-8.060652173913013,True,216,-5.009409060646583,0.3553606332217874,0.022307733391096818,24.420441586819198,272.76416505820987,289.39038064613527,ok
2003-11,2004-04,2004,4,6,205.18925000000002,153.5851,215.40330555555556,198.5197565217391,-10.214055555555547,-44.9346565217391,True,216,-5.009409060646583,0.3553606332217874,0.022307733391096818,24.420441586819198,189.8806742111078,188.30570096618357,ok
2003-12,2004-05,2004,5,6,33.971,29.0041,22.056822916666665,77.76692173913042,11.914177083333332,-48.76282173913042,True,216,-5.009409060646583,0.3553606332217874,0.022307733391096818,24.420441586819198,76.99134219113367,89.68109882246375,ok
2004-01,2004-06,2004,6,6,0.8315833333333332,11.5046,1.0309326923076922,7.987721739130435,-0.19934935897435901,3.5168782608695652,True,216,-5.009409060646583,0.3553606332217874,0.022307733391096818,24.420441586819198,2.9074717640463663,7.788372380156075,ok
2004-02,2004-07,2004,7,6,1.2499583333333333,24.0552,0.9374839743589743,4.321617391304348,0.31247435897435893,19.733582608695652,True,216,-5.009409060646583,0.3553606332217874,0.022307733391096818,24.420441586819198,-0.5767505832715345,4.6340917502787065,ok
2004-03,2004-08,2004,8,6,3.5824583333333333,45.2683,1.9642179487179485,12.08865652173913,1.6182403846153848,33.17964347826087,True,216,-5.009409060646583,0.3553606332217874,0.022307733391096818,24.420441586819198,7.65430638887454,13.706896906354515,ok
2004-04,2004-09,2004,9,6,5.637583333333333,24.8521,6.633698717948718,64.40875217391304,-0.9961153846153854,-39.556652173913044,True,216,-5.009409060646583,0.3553606332217874,0.022307733391096818,24.420441586819198,59.045362919427575,63.41263678929766,ok
2004-05,2004-10,2004,10,6,14.508041666666665,156.836,25.336641025641022,130.11430869565217,-10.828599358974357,26.721691304347843,True,216,-5.009409060646583,0.3553606332217874,0.022307733391096818,24.420441586819198,121.25684170989541,119.28570933667781,ok
2004-06,2004-11,2004,11,6,113.11920833333333,135.0896,122.49193589743588,200.75708695652176,-9.372727564102547,-65.66748695652177,True,216,-5.009409060646583,0.3553606332217874,0.022307733391096818,24.420441586819198,192.4169794936804,191.3843593924192,ok
2004-07,2004-12,2004,12,6,262.182,159.7892,272.72810256410264,199.40714347826088,-10.546102564102625,-39.617943478260884,True,216,-5.009409060646583,0.3553606332217874,0.022307733391096818,24.420441586819198,190.65006473241286,188.86104091415825,ok
2004-08,2005-01,2005,1,6,364.09495833333335,258.8253,324.78863461538464,281.2679708333333,39.306323717948715,-22.442670833333295,True,216,-5.143816708730709,0.44481229562622887,0.03407468718048168,23.97983374919098,293.60809021021106,320.57429455128204,ok
2004-09,2005-02,2005,2,6,312.520375,252.3165,333.10955128205137,219.14409583333335,-20.58917628205137,33.17240416666664,True,216,-5.143816708730709,0.44481229562622887,0.03407468718048168,23.97983374919098,204.8419603575303,198.55491955128198,ok
2004-10,2005-03,2005,3,6,349.30808333333334,402.6636,379.846907051282,271.03389166666665,-30.538823717948674,131.62970833333333,True,216,-5.143816708730709,0.44481229562622887,0.03407468718048168,23.97983374919098,252.30603067423047,240.49506794871797,ok
2004-11,2005-04,2005,4,6,186.17045833333336,143.7686,214.61760897435897,196.64747916666667,-28.447150641025615,-52.87887916666668,True,216,-5.143816708730709,0.44481229562622887,0.03407468718048168,23.97983374919098,178.8500200772762,168.20032852564105,ok
2004-12,2005-05,2005,5,6,28.234750000000002,73.4273,22.973298076923076,75.7351375,5.261451923076926,-2.307837499999991,True,216,-5.143816708730709,0.44481229562622887,0.03407468718048168,23.97983374919098,72.93167929950016,80.99658942307693,ok
2005-01,2005-06,2005,6,6,0.9071666666666668,0.5479,1.0166934523809523,8.134258333333333,-0.10952678571428554,-7.586358333333333,True,216,-5.143816708730709,0.44481229562622887,0.03407468718048168,23.97983374919098,2.941722763616491,8.024731547619048,ok
2005-02,2005-07,2005,7,6,0.234375,1.8672,0.9598035714285714,5.14385,-0.7254285714285714,-3.2766499999999996,True,216,-5.143816708730709,0.44481229562622887,0.03407468718048168,23.97983374919098,-0.322646256900708,4.4184214285714285,ok
2005-03,2005-08,2005,8,6,0.6807916666666666,1.159,2.0798065476190475,13.471141666666666,-1.399014880952381,-12.312141666666665,True,216,-5.143816708730709,0.44481229562622887,0.03407468718048168,23.97983374919098,7.705025937124273,12.072126785714286,ok
2005-04,2005-09,2005,9,6,4.805916666666667,69.9723,6.56254761904762,62.760558333333336,-1.7566309523809531,7.2117416666666685,True,216,-5.143816708730709,0.44481229562622887,0.03407468718048168,23.97983374919098,56.835370578105966,61.00392738095238,ok
2005-05,2005-10,2005,10,6,13.459041666666666,43.3954,24.563169642857137,131.2277125,-11.10412797619047,-87.8323125,True,216,-5.143816708730709,0.44481229562622887,0.03407468718048168,23.97983374919098,121.14464313525257,120.12358452380953,ok
2005-06,2005-11,2005,11,6,108.21604166666667,162.476,121.82245535714284,198.02094166666666,-13.606413690476174,-35.54494166666666,True,216,-5.143816708730709,0.44481229562622887,0.03407468718048168,23.97983374919098,186.8248248490351,184.41452797619047,ok
2005-07,2005-12,2005,12,6,231.703875,270.7065,271.9748095238096,197.75639583333336,-40.270934523809586,72.95010416666665,True,216,-5.143816708730709,0.44481229562622887,0.03407468718048168,23.97983374919098,174.69957229205338,157.48546130952377,ok
2005-08,2006-01,2006,1,6,332.06579166666666,166.8556,327.59622916666666,280.370264,4.469562499999995,-113.51466400000001,True,216,-5.3323192809835085,0.4241298094215219,0.033729687132939445,24.382433262118614,276.93361941033913,284.8398265,ok
2005-09,2006-02,2006,2,6,334.010875,230.8724,331.6388958333334,220.470992,2.3719791666666197,10.401408000000004,True,216,-5.3323192809835085,0.4241298094215219,0.033729687132939445,24.382433262118614,216.1446997909266,222.84297116666662,ok
2005-10,2006-03,2006,3,6,406.3355833333333,267.8005,377.66556249999996,276.29908,28.670020833333353,-8.498580000000004,True,216,-5.3323192809835085,0.4241298094215219,0.033729687132939445,24.382433262118614,283.12657119116926,304.96910083333336,ok
2005-11,2006-04,2006,4,6,187.98479166666667,429.1988,212.58566964285714,194.53232400000002,-24.600877976190475,234.666476,True,216,-5.3323192809835085,0.4241298094215219,0.033729687132939445,24.382433262118614,178.7660390313727,169.93144602380954,ok
2005-12,2006-05,2006,5,6,37.87708333333334,133.2095,23.349116071428572,75.642824,14.527967261904767,57.56667599999999,True,216,-5.3323192809835085,0.4241298094215219,0.033729687132939445,24.382433262118614,76.47224870509027,90.17079126190477,ok
2006-01,2006-06,2006,6,6,0.9503750000000001,0.6042,1.0093916666666667,7.830804,-0.059016666666666606,-7.226604,True,216,-5.3323192809835085,0.4241298094215219,0.033729687132939445,24.382433262118614,2.4734539914304645,7.771787333333333,ok
2006-02,2006-07,2006,7,6,1.3504166666666668,1.5265,0.9114416666666667,5.012783999999999,0.4389750000000001,-3.486283999999999,True,216,-5.3323192809835085,0.4241298094215219,0.033729687132939445,24.382433262118614,-0.13335289789269686,5.451758999999999,ok
2006-03,2006-08,2006,8,6,4.0957083333333335,12.4889,1.9865388888888889,12.978655999999999,2.1091694444444444,-0.48975599999999986,True,216,-5.3323192809835085,0.4241298094215219,0.033729687132939445,24.382433262118614,8.54089835352641,15.087825444444444,ok
2006-04,2006-09,2006,9,6,8.715583333333333,73.0467,6.445438888888889,63.049028,2.270144444444444,9.997672000000001,True,216,-5.3323192809835085,0.4241298094215219,0.033729687132939445,24.382433262118614,58.67954464959804,65.31917244444445,ok
2006-05,2006-10,2006,10,6,38.245416666666664,156.2402,23.82289444444444,127.71441999999999,14.422522222222224,28.525779999999997,True,216,-5.3323192809835085,0.4241298094215219,0.033729687132939445,24.382433262118614,128.49912232050525,142.13694222222222,ok
2006-06,2006-11,2006,11,6,128.358,160.8529,120.91536111111108,196.59914399999997,7.442638888888922,-35.74624399999996,True,216,-5.3323192809835085,0.4241298094215219,0.033729687132939445,24.382433262118614,194.4234697325541,204.0417828888889,ok
2006-07,2006-12,2006,12,6,268.54316666666665,150.7779,269.2900805555556,200.67440000000002,-0.7469138888889688,-49.89650000000003,True,216,-5.3323192809835085,0.4241298094215219,0.033729687132939445,24.382433262118614,195.02529227366773,199.92748611111105,ok
2006-08,2007-01,2007,1,6,329.21999999999997,243.8694,327.8942,276.0043153846154,1.3257999999999583,-32.13491538461537,True,216,-4.266446629854412,0.39292585032783756,0.026984037002518835,23.838461853783524,272.25880984712563,277.33011538461534,ok
2006-09,2007-02,2007,2,6,288.1368333333333,391.6001,331.7970277777778,220.87104615384618,-43.66019444444453,170.72905384615382,True,216,-4.266446629854412,0.39292585032783756,0.026984037002518835,23.838461853783524,199.44938049642968,177.21085170940165,ok
2006-10,2007-03,2007,3,6,321.9325,144.3091,379.5768972222222,275.9722115384615,-57.64439722222221,-131.66311153846152,True,216,-4.266446629854412,0.39292585032783756,0.026984037002518835,23.838461853783524,249.05579111342985,218.3278143162393,ok
2006-11,2007-04,2007,4,6,181.82879166666666,203.9629,210.94561111111113,203.5579576923077,-29.116819444444474,0.4049423076922949,True,216,-4.266446629854412,0.39292585032783756,0.026984037002518835,23.838461853783524,187.8507600234028,174.44113824786322,ok
2006-12,2007-05,2007,5,6,13.860791666666666,59.8926,24.317647222222224,77.85692692307693,-10.456855555555558,-17.964326923076925,True,216,-4.266446629854412,0.39292585032783756,0.026984037002518835,23.838461853783524,69.48171143230047,67.40007136752136,ok
2007-01,2007-06,2007,6,6,0.6803750000000001,0.6092,1.0057031250000001,7.5528576923076916,-0.3253281250000001,-6.943657692307692,True,216,-4.266446629854412,0.39292585032783756,0.026984037002518835,23.838461853783524,3.158581232302093,7.227529567307691,ok
2007-02,2007-07,2007,7,6,0.8036249999999999,2.6528,0.9388776041666667,4.878696153846153,-0.13525260416666673,-2.2258961538461532,True,216,-4.266446629854412,0.39292585032783756,0.026984037002518835,23.838461853783524,0.5591052794904989,4.743443549679487,ok
2007-03,2007-08,2007,8,6,1.9865000000000002,1.474,2.118361979166667,12.959819230769229,-0.13186197916666687,-11.485819230769229,True,216,-4.266446629854412,0.39292585032783756,0.026984037002518835,23.838461853783524,8.641560620624842,12.827957251602562,ok
2007-04,2007-09,2007,9,6,6.696000000000001,24.48,6.5873229166666665,63.43355384615385,0.10867708333333415,-38.95355384615385,True,216,-4.266446629854412,0.39292585032783756,0.026984037002518835,23.838461853783524,59.20980925167933,63.54223092948718,ok
2007-05,2007-10,2007,10,6,15.523416666666668,90.3212,24.724302083333335,128.8115653846154,-9.200885416666667,-38.49036538461539,True,216,-4.266446629854412,0.39292585032783756,0.026984037002518835,23.838461853783524,120.92985302864822,119.61067996794873,ok
2007-06,2007-11,2007,11,6,94.75920833333333,140.1645,121.38052604166666,195.22428846153844,-26.621317708333322,-55.05978846153843,True,216,-4.266446629854412,0.39292585032783756,0.026984037002518835,23.838461853783524,180.49763793428963,168.6029707532051,ok
2007-07,2007-12,2007,12,6,273.74370833333336,154.6319,269.2433984375,198.75530384615388,4.500309895833368,-44.12340384615388,True,216,-4.266446629854412,0.39292585032783756,0.026984037002518835,23.838461853783524,196.25714530885858,203.25561374198725,ok
2007-08,2008-01,2008,1,6,329.175375,277.9576,327.9770625,274.81413333333336,1.198312499999986,3.1434666666666544,True,216,-5.026805584811495,0.3837929370684202,0.025071340915268636,24.327228843639045,270.24723162242265,276.01244583333335,ok
2007-09,2008-02,2008,2,6,366.04733333333337,227.3554,329.068265625,227.19434444444445,36.97906770833339,0.1610555555555493,True,216,-5.026805584811495,0.3837929370684202,0.025071340915268636,24.327228843639045,236.35984386546622,264.1734121527778,ok
2007-10,2008-03,2008,3,6,395.13100000000003,291.7903,375.9741223958334,271.0958,19.156877604166652,20.694500000000005,True,216,-5.026805584811495,0.3837929370684202,0.025071340915268636,24.327228843639045,273.42126873595186,290.25267760416665,ok
2007-11,2008-04,2008,4,6,212.12270833333332,198.2004,209.12580989583333,203.57295555555558,2.9968984374999934,-5.372555555555579,True,216,-5.026805584811495,0.3837929370684202,0.025071340915268636,24.327228843639045,199.69633842416798,206.56985399305557,ok
2007-12,2008-05,2008,5,6,20.757541666666665,156.4351,23.66409375,77.19158148148148,-2.9065520833333345,79.24351851851853,True,216,-5.026805584811495,0.3837929370684202,0.025071340915268636,24.327228843639045,71.04926173586514,74.28502939814814,ok
2008-01,2008-06,2008,6,6,0.82075,1.2231,0.9865661764705884,7.295685185185184,-0.16581617647058844,-6.072585185185185,True,216,-5.026805584811495,0.3837929370684202,0.025071340915268636,24.327228843639045,2.205240522992587,7.1298690087145955,ok
2008-02,2008-07,2008,7,6,2.9127499999999995,1.8809,0.930921568627451,4.796255555555555,1.9818284313725485,-2.915355555555555,True,216,-5.026805584811495,0.3837929370684202,0.025071340915268636,24.327228843639045,0.5300617251862305,6.778083986928103,ok
2008-03,2008-08,2008,8,6,4.0065,10.0751,2.110605392156863,12.534418518518518,1.895894607843137,-2.4593185185185167,True,216,-5.026805584811495,0.3837929370684202,0.025071340915268636,24.327228843639045,8.235243893623322,14.430313126361654,ok
2008-04,2008-09,2008,9,6,11.415541666666668,35.7506,6.59371568627451,61.99082962962963,4.821825980392158,-26.24022962962963,True,216,-5.026805584811495,0.3837929370684202,0.025071340915268636,24.327228843639045,58.81460679986565,66.81265561002179,ok
2008-05,2008-10,2008,10,6,28.926708333333334,71.4708,24.183073529411764,127.38599629629628,4.743634803921569,-55.91519629629629,True,216,-5.026805584811495,0.3837929370684202,0.025071340915268636,24.327228843639045,124.17976424526182,132.12963110021786,ok
2008-06,2008-11,2008,11,6,128.16366666666667,228.8043,119.81456617647058,193.185037037037,8.349100490196093,35.619262962963006,True,216,-5.026805584811495,0.3837929370684202,0.025071340915268636,24.327228843639045,191.36255725123726,201.5341375272331,ok
2008-07,2008-12,2008,12,6,244.00229166666668,198.2564,269.5081225490196,197.12110370370374,-25.50583088235294,1.135296296296275,True,216,-5.026805584811495,0.3837929370684202,0.025071340915268636,24.327228843639045,182.3053403721836,171.6152728213508,ok
2008-08,2009-01,2009,1,6,311.6765,176.1671,328.0475514705882,274.9264,-16.371051470588213,-98.7593,True,216,-5.323451997344553,0.37053961457623086,0.025305582977499852,24.2791815506233,263.5368249005361,258.5553485294118,ok
2008-09,2009-02,2009,2,6,326.72316666666666,173.2144,331.24350490196076,227.20009642857144,-4.520338235294105,-53.98569642857143,True,216,-5.323451997344553,0.37053961457623086,0.025305582977499852,24.2791815506233,220.2016800437668,222.67975819327734,ok
2008-10,2009-03,2009,3,6,381.47108333333335,237.6584,377.10099754901967,271.83488928571427,4.370085784313687,-34.17648928571427,True,216,-5.323451997344553,0.37053961457623086,0.025305582977499852,24.2791815506233,268.1307271905544,276.20497507002796,ok
2008-11,2009-04,2009,4,6,203.34245833333333,291.4855,209.30209803921568,203.3810785714286,-5.959639705882353,88.10442142857141,True,216,-5.323451997344553,0.37053961457623086,0.025305582977499852,24.2791815506233,195.84934397445318,197.42143886554624,ok
2008-12,2009-05,2009,5,6,20.668333333333333,287.1656,23.493120098039213,80.02170714285715,-2.8247867647058804,207.14389285714282,True,216,-5.323451997344553,0.37053961457623086,0.025305582977499852,24.2791815506233,73.65155974645845,77.19692037815128,ok
2009-01,2009-06,2009,6,6,1.2959166666666666,15.2435,0.9773541666666669,7.0788071428571415,0.31856249999999975,8.164692857142857,True,216,-5.323451997344553,0.37053961457623086,0.025305582977499852,24.2791815506233,1.8733951714810289,7.397369642857141,ok
2009-02,2009-07,2009,7,6,1.8749166666666668,2.7198,1.041023148148148,4.692135714285714,0.8338935185185188,-1.9723357142857134,True,216,-5.323451997344553,0.37053961457623086,0.025305582977499852,24.2791815506233,-0.3223257001093705,5.526029232804232,ok
2009-03,2009-08,2009,8,6,5.178166666666667,15.226,2.215932870370371,12.446585714285714,2.962233796296296,2.779414285714287,True,216,-5.323451997344553,0.37053961457623086,0.025305582977499852,24.2791815506233,8.220758686105476,15.40881951058201,ok
2009-04,2009-09,2009,9,6,14.536833333333334,49.6335,6.861594907407407,61.05367857142858,7.675238425925927,-11.420178571428579,True,216,-5.323451997344553,0.37053961457623086,0.025305582977499852,24.2791815506233,58.57420646220729,68.7289169973545,ok
2009-05,2009-10,2009,10,6,35.366125000000004,145.1622,24.4466087962963,125.38902499999999,10.919516203703704,19.773175000000023,True,216,-5.323451997344553,0.37053961457623086,0.025305582977499852,24.2791815506233,124.11168632813472,136.3085412037037,ok
2009-06,2009-11,2009,11,6,135.064875,129.9771,120.27840509259259,194.45715357142853,14.786469907407408,-64.48005357142853,True,216,-5.323451997344553,0.37053961457623086,0.025305582977499852,24.2791815506233,194.61267443451774,209.24362347883596,ok
2009-07,2009-12,2009,12,6,316.0400416666667,238.1976,268.09113194444444,197.16165000000004,47.948909722222254,41.03594999999996,True,216,-5.323451997344553,0.37053961457623086,0.025305582977499852,24.2791815506233,209.60516853047818,245.1105597222223,ok
2009-08,2010-01,2010,1,6,341.45133333333337,206.4191,327.13804861111106,271.5209068965517,14.313284722222306,-65.10180689655172,True,216,-3.242455969456982,0.35791031127715217,0.020591808205385198,23.3914586840868,273.40132311742383,285.834191618774,ok
2009-09,2010-02,2010,2,6,258.541875,189.3031,330.992375,225.33852068965518,-72.45049999999998,-36.03542068965518,True,216,-3.242455969456982,0.35791031127715217,0.020591808205385198,23.3914586840868,196.16528371301288,152.8880206896552,ok
2009-10,2010-03,2010,3,6,317.22295833333334,170.6808,377.3437800925927,270.6563896551724,-60.12082175925934,-99.9755896551724,True,216,-3.242455969456982,0.35791031127715217,0.020591808205385198,23.3914586840868,245.89607165562074,210.53556789591306,ok
2009-11,2010-04,2010,4,6,170.61845833333334,179.409,208.97100694444444,206.41916206896553,-38.352548611111104,-27.010162068965542,True,216,-3.242455969456982,0.35791031127715217,0.020591808205385198,23.3914586840868,189.44993348783368,168.06661345785443,ok
2009-12,2010-05,2010,5,6,21.248666666666665,36.5434,23.3361875,87.16460000000001,-2.087520833333336,-50.62120000000001,True,216,-3.242455969456982,0.35791031127715217,0.020591808205385198,23.3914586840868,83.17499879928715,85.07707916666666,ok
2010-01,2010-06,2010,6,6,1.14475,8.1085,0.9941206140350879,7.3603482758620675,0.15062938596491204,0.7481517241379319,True,216,-3.242455969456982,0.35791031127715217,0.020591808205385198,23.3914586840868,4.171804116823274,7.5109776618269795,ok
2010-02,2010-07,2010,7,6,0.5357083333333333,1.8517,1.0849122807017544,4.624124137931034,-0.549203947368421,-2.7724241379310337,True,216,-3.242455969456982,0.35791031127715217,0.020591808205385198,23.3914586840868,1.1851024127167797,4.0749201905626125,ok
2010-03,2010-08,2010,8,6,0.6585,1.1641,2.371839912280702,12.542427586206896,-1.713339912280702,-11.378327586206897,True,216,-3.242455969456982,0.35791031127715217,0.020591808205385198,23.3914586840868,8.68674959542196,10.829087673926194,ok
2010-04,2010-09,2010,9,6,2.0734999999999997,2.3148,7.265554824561404,60.65987931034483,-5.192054824561405,-58.34507931034483,True,216,-3.242455969456982,0.35791031127715217,0.020591808205385198,23.3914586840868,55.559133382461035,55.467824485783424,ok
2010-05,2010-10,2010,10,6,22.788666666666668,136.1532,25.0213201754386,126.07085862068966,-2.232653508771932,10.082341379310336,True,216,-3.242455969456982,0.35791031127715217,0.020591808205385198,23.3914586840868,122.0293129389341,123.83820511191773,ok
2010-06,2010-11,2010,11,6,126.42479166666668,142.1422,121.0566403508772,192.23370344827583,5.368151315789476,-50.09150344827583,True,216,-3.242455969456982,0.35791031127715217,0.020591808205385198,23.3914586840868,190.91256418723592,197.6018547640653,ok
2010-07,2010-12,2010,12,6,302.69266666666664,168.2896,270.61475877192987,198.57668275862073,32.07790789473677,-30.287082758620727,True,216,-3.242455969456982,0.35791031127715217,0.020591808205385198,23.3914586840868,206.81524078888881,230.6545906533575,ok
2010-08,2011-01,2011,1,6,307.36879166666665,274.405,327.89137938596485,269.35084666666665,-20.5225877192982,5.054153333333318,True,223,-5.2268608456969625,0.3722364094507631,0.023824984700972274,24.059158988393747,256.4847314556998,248.82825894736845,ok
2010-09,2011-02,2011,2,6,344.39325,316.7195,327.17919078947364,224.13734000000002,17.214059210526386,92.58215999999996,True,223,-5.2268608456969625,0.3722364094507631,0.023824984700972274,24.059158988393747,225.31817874690225,241.3513992105264,ok
2010-10,2011-03,2011,3,6,390.153625,240.0053,374.1795263157896,267.32387,15.97409868421039,-27.318569999999994,True,223,-5.2268608456969625,0.3722364094507631,0.023824984700972274,24.059158988393747,268.04315029272567,283.2979686842104,ok
2010-11,2011-04,2011,4,6,217.19870833333334,220.1464,206.95245175438598,205.51882333333333,10.246256578947367,14.62757666666667,True,223,-5.2268608456969625,0.3722364094507631,0.023824984700972274,24.059158988393747,204.105992246895,215.7650799122807,ok
2010-12,2011-05,2011,5,6,16.527916666666666,102.807,23.22631798245614,85.47722666666667,-6.698401315789475,17.329773333333335,True,223,-5.2268608456969625,0.3722364094507631,0.023824984700972274,24.059158988393747,77.75697696611996,78.77882535087718,ok
