init_date,target_month,target_ano,target_mes,lead,forecast_raw,observacao,n_treino,media_prev_treino,media_obs_treino,razao_multiplicativa,forecast_multiplicativo,climatologia_loyo_observada,climatologia_modelo_raw_loyo,benchmark_anomalia_reconstruida_loyo,status_multiplicativo
1991-01,1991-01,1991,1,1,265.58566666666667,342.9423,19,208.26442324561404,253.42430000000002,1.216839131958353,323.17503208724713,267.06627,208.26442324561404,324.38751342105263,ok
1991-02,1991-02,1991,2,1,216.55870833333333,178.9798,19,223.49966885964912,227.22862631578946,1.0166843981253593,220.17186004068023,228.72866333333334,223.49966885964912,221.78770280701755,ok
1991-03,1991-03,1991,3,1,265.7865,354.0018,19,254.51379166666663,248.49828947368425,0.9763647299677151,259.5045643015641,263.5239866666667,254.51379166666663,274.79669500000006,ok
1991-04,1991-04,1991,4,1,155.01250000000002,214.6288,19,152.498826754386,204.54377368421055,1.3412809661391556,207.91531576364588,205.7027433333333,152.498826754386,208.21641657894733,ok
1991-05,1991-05,1991,5,1,43.635625000000005,128.0413,19,31.485910087719304,102.73605263157896,3.2629214891790568,142.3796185062589,84.63608333333332,31.485910087719304,96.78579824561402,ok
1991-06,1991-06,1991,6,1,0.6586666666666666,0.7033,19,2.304339912280702,6.682547368421052,,,7.615699999999998,2.304339912280702,5.970026754385962,denominador_abaixo_do_piso
1991-07,1991-07,1991,7,1,0.2567083333333333,1.9531,19,0.4811008771929825,3.681515789473684,,,4.620627586206896,0.4811008771929825,4.396235042347247,denominador_abaixo_do_piso
1991-08,1991-08,1991,8,1,0.11166666666666668,1.2135,19,0.48990350877192984,10.693563157894737,,,12.540724137931036,0.48990350877192984,12.162487295825773,denominador_abaixo_do_piso
1991-09,1991-09,1991,9,1,6.663625,73.9762,19,2.9233508771929824,50.28964736842105,,,58.18879655172414,2.9233508771929824,61.929070674531154,denominador_abaixo_do_piso
1991-10,1991-10,1991,10,1,20.300083333333333,58.2752,19,16.19316447368421,107.4783157894737,6.637264505287929,134.7370225627204,128.75630689655173,16.19316447368421,132.86322575620085,ok
1991-11,1991-11,1991,11,1,53.81645833333334,141.8015,19,82.02256798245615,185.9217210526316,2.2667142181210234,121.98653127308431,192.24545172413795,82.02256798245615,164.03934207501513,ok
1991-12,1991-12,1991,12,1,148.16016666666667,139.2974,19,168.66050219298245,195.90263157894736,1.1615205043964252,172.0910715181251,199.57641379310346,168.66050219298245,179.07607826678768,ok
1992-01,1992-01,1992,1,1,125.17066666666666,307.6078,19,215.65468640350878,255.28401052631574,1.1837628700943554,148.1723876249572,268.24408666666665,215.65468640350878,177.76006692982452,ok
1992-02,1992-02,1992,2,1,261.95004166666666,144.7331,19,221.11065131578945,229.0310842105263,1.035821127781967,271.3333875816999,229.87022000000005,221.11065131578945,270.70961035087726,ok
1992-03,1992-03,1992,3,1,197.81091666666669,155.372,19,258.0914539473684,258.95248947368424,1.0033361644221332,198.47084640915958,270.14498,258.0914539473684,209.86444271929827,ok
1992-04,1992-04,1992,4,1,127.02945833333332,102.9542,19,153.97161842105265,210.42138421052633,1.3666244881255027,173.60156847165155,209.42522999999997,153.97161842105265,182.48306991228065,ok
1992-05,1992-05,1992,5,1,19.585791666666665,24.3743,19,32.751690789473685,108.19221052631579,3.303408401775963,64.6998687471003,88.09164999999999,32.751690789473685,74.92575087719297,ok
1992-06,1992-06,1992,6,1,1.2634999999999998,1.0095,19,2.272506578947368,6.666431578947368,,,7.605141379310343,2.272506578947368,6.596134800362974,denominador_abaixo_do_piso
1992-07,1992-07,1992,7,1,0.6807916666666666,2.0289,19,0.45878070175438607,3.677526315789474,,,4.618013793103447,0.45878070175438607,4.840024758015728,denominador_abaixo_do_piso
1992-08,1992-08,1992,8,1,0.10049999999999999,13.0445,19,0.4904912280701755,10.07087894736842,,,12.132758620689655,0.4904912280701755,11.742767392619479,denominador_abaixo_do_piso
1992-09,1992-09,1992,9,1,2.095125,135.5711,19,3.163798245614035,47.047810526315786,,,56.06483448275863,3.163798245614035,54.99616123714459,denominador_abaixo_do_piso
1992-10,1992-10,1992,10,1,16.572666666666667,62.0723,19,16.389344298245614,107.27846842105264,6.5456229650710425,108.4784275258007,128.62537241379312,16.389344298245614,128.80869478221416,ok
1992-11,1992-11,1992,11,1,58.92483333333333,214.2915,19,81.75370614035087,182.10645789473688,2.227500947566893,131.25512208522125,189.74579655172414,81.75370614035087,166.9169237447066,ok
1992-12,1992-12,1992,12,1,138.54025,239.5717,19,169.1668135964912,190.62503684210526,1.1268465297029104,156.1135999366736,196.11867931034487,169.1668135964912,165.49211571385365,ok
1993-01,1993-01,1993,1,1,199.68595833333333,121.8043,19,211.7328289473684,265.0631421052631,1.2518755047246422,249.98195987496553,274.43753666666663,211.7328289473684,262.39066605263156,ok
1993-02,1993-02,1993,2,1,209.492625,307.8407,19,223.87156798245613,220.44647368421047,0.9847006284491023,206.28751949295213,224.43330000000003,223.87156798245613,210.0543570175439,ok
1993-03,1993-03,1993,3,1,168.40445833333334,153.1779,19,259.6391622807017,259.0679684210526,0.9978000473633035,168.0339765011915,270.2181166666667,259.6391622807017,178.9834127192983,ok
1993-04,1993-04,1993,4,1,129.97799999999998,250.0943,19,153.8164320175439,202.67716842105264,1.3176561552145212,171.266311742473,204.52055999999996,153.8164320175439,180.68212798245605,ok
1993-05,1993-05,1993,5,1,36.27,95.5974,19,31.87357456140351,104.44362631578947,3.276809324118381,118.84987418577369,85.71754666666665,31.87357456140351,90.11397210526314,ok
1993-06,1993-06,1993,6,1,1.7926250000000001,0.586,19,2.244657894736842,6.688721052631579,,,7.619744827586205,2.244657894736842,7.167711932849363,denominador_abaixo_do_piso
1993-07,1993-07,1993,7,1,0.6138333333333333,1.8793,19,0.46230482456140354,3.6854,,,4.623172413793102,0.46230482456140354,4.774700922565032,denominador_abaixo_do_piso
1993-08,1993-08,1993,8,1,0.5469166666666666,40.5665,19,0.4669956140350877,8.622352631578947,,,11.183724137931035,0.4669956140350877,11.263645190562615,denominador_abaixo_do_piso
1993-09,1993-09,1993,9,1,4.460416666666666,56.4376,19,3.0393092105263158,51.21273157894736,,,58.79357586206897,3.0393092105263158,60.21468331820932,denominador_abaixo_do_piso
1993-10,1993-10,1993,10,1,30.846208333333333,126.1723,19,15.638105263157893,103.90478421052632,6.644333342308262,204.95249051295363,126.41502758620692,15.638105263157893,141.62313065638236,ok
1993-11,1993-11,1993,11,1,79.49875,225.9903,19,80.67086842105263,181.4907315789474,2.2497679166124342,178.85373716079275,189.34238965517244,80.67086842105263,188.1702712341198,ok
1993-12,1993-12,1993,12,1,218.47929166666665,216.8044,19,164.95949561403506,191.8233157894737,1.1628510082153343,254.0588645887554,196.90375862068967,164.95949561403506,250.42355467332126,ok
1994-01,1994-01,1994,1,1,241.79262500000002,330.218,19,209.51668859649124,254.094,1.2127625808813747,293.2370479330824,267.49041333333327,209.51668859649124,299.766349736842,ok
1994-02,1994-02,1994,2,1,224.97554166666666,306.4669,19,223.05667763157894,220.5187789473684,0.9886221801958228,222.41581049323617,224.47909333333334,223.05667763157894,226.39795736842106,ok
1994-03,1994-03,1994,3,1,257.104125,311.1998,19,254.9707587719298,250.7510263157895,0.9834501317858381,252.8490856139326,264.95072,254.9707587719298,267.0840862280702,ok
1994-04,1994-04,1994,4,1,180.83525,176.4476,19,151.13973464912283,206.5533105263158,1.3666380386722121,247.13633138279914,206.97544999999994,151.13973464912283,236.6709653508771,ok
1994-05,1994-05,1994,5,1,18.05695833333333,50.2617,19,32.832155701754395,106.82971578947368,3.253813631974376,58.7539771769933,87.22873666666665,32.832155701754395,72.45353929824559,ok
1994-06,1994-06,1994,6,1,2.592041666666667,40.3001,19,2.202583333333333,4.598505263157895,,,6.250293103448275,2.202583333333333,6.639751436781609,denominador_abaixo_do_piso
1994-07,1994-07,1994,7,1,0.17858333333333332,1.843,19,0.48521271929824566,3.6873105263157893,,,4.624424137931034,0.48521271929824566,4.3177947519661215,denominador_abaixo_do_piso
1994-08,1994-08,1994,8,1,1.4954999999999998,6.3765,19,0.4170701754385965,10.421826315789472,,,12.362689655172415,0.4170701754385965,13.44111947973382,denominador_abaixo_do_piso
1994-09,1994-09,1994,9,1,4.914,57.4679,19,3.0154364035087715,51.1585052631579,,,58.75804827586207,3.0154364035087715,60.6566118723533,denominador_abaixo_do_piso
1994-10,1994-10,1994,10,1,12.030458333333334,114.0829,19,16.62840789473684,104.54106842105264,6.286895840108757,75.63423845043506,126.83190344827588,16.62840789473684,122.23395388687237,ok
1994-11,1994-11,1994,11,1,58.935583333333334,151.223,19,81.7531403508772,185.42585263157898,2.268119020697526,133.67291755423744,191.9205724137931,81.7531403508772,169.10301539624925,ok
1994-12,1994-12,1994,12,1,139.93525,200.9509,19,169.09339254385964,192.6577105263158,1.1393568230428877,159.43618187171225,197.4504310344828,169.09339254385964,168.29228849062315,ok
1995-01,1995-01,1995,1,1,291.610875,156.6185,19,206.89467543859652,263.2308157894737,1.2722938143838165,371.01471246955236,273.2770633333333,206.89467543859652,357.99326289473674,ok
1995-02,1995-02,1995,2,1,278.73224999999996,232.7107,19,220.22737719298243,224.4006842105263,1.0189499919162495,284.01422388429796,226.93763333333337,220.22737719298243,285.44250614035093,ok
1995-03,1995-03,1995,3,1,211.39283333333333,218.3206,19,257.37661622807013,255.63940526315787,0.9932503154701013,209.96599839645188,268.04669333333334,257.37661622807013,222.06291043859653,ok
1995-04,1995-04,1995,4,1,194.51874999999998,255.6784,19,150.41955043859653,202.38326842105263,1.345458538008784,261.7169129902961,204.3344233333333,150.41955043859653,248.43362289473674,ok
1995-05,1995-05,1995,5,1,51.57033333333333,188.1476,19,31.06829385964913,99.57256315789473,3.204957556012355,165.2807294827425,82.63253999999999,31.06829385964913,103.1345794736842,ok
1995-06,1995-06,1995,6,1,1.4255416666666667,0.5023,19,2.2639780701754386,6.693126315789473,,,7.622631034482757,2.2639780701754386,6.784194630973985,denominador_abaixo_do_piso
1995-07,1995-07,1995,7,1,0.29025,1.9521,19,0.4793355263157895,3.6815684210526314,,,4.620662068965517,0.4793355263157895,4.431576542649728,denominador_abaixo_do_piso
1995-08,1995-08,1995,8,1,0.08933333333333333,1.2264,19,0.49107894736842117,10.692884210526316,,,12.540279310344829,0.49107894736842117,12.138533696309741,denominador_abaixo_do_piso
1995-09,1995-09,1995,9,1,0.853125,24.8694,19,3.229166666666667,52.87421578947368,,,59.88213448275862,3.229166666666667,57.50609281609196,denominador_abaixo_do_piso
1995-10,1995-10,1995,10,1,10.445791666666667,82.7379,19,16.711811403508772,106.1908052631579,6.354236695183284,66.37503271857308,127.9127655172414,16.711811403508772,121.64674578039929,ok
1995-11,1995-11,1995,11,1,59.34591666666666,247.2129,19,81.73154385964914,180.37375263157895,2.2069049979200193,130.97080009781163,188.61057586206897,81.73154385964914,166.2249486690865,ok
1995-12,1995-12,1995,12,1,164.48716666666667,191.1246,19,167.80118640350875,193.17488421052633,1.1512128629770344,189.35974206131397,197.78926896551727,167.80118640350875,194.47524922867518,ok
1996-01,1996-01,1996,1,1,215.5665,224.1528,19,210.89701096491228,259.6763789473684,1.2312947336677602,265.42589620519124,271.0259199999999,210.89701096491228,275.69540903508766,ok
1996-02,1996-02,1996,2,1,138.935625,225.4247,19,227.5850942982456,224.7841578947368,0.9876927950305998,137.22571578557327,227.18050000000002,227.5850942982456,138.53103070175442,ok
1996-03,1996-03,1996,3,1,237.12770833333335,302.7974,19,256.02214912280704,251.19325789473686,0.9811387755137002,232.65518939453654,265.2308,256.02214912280704,246.3363592105263,ok
1996-04,1996-04,1996,4,1,198.9682916666667,321.9434,19,150.18536403508773,198.8956368421053,1.324334352551407,263.5005437226346,202.12559,150.18536403508773,250.90851763157895,ok
1996-05,1996-05,1996,5,1,25.82420833333333,98.9982,19,32.42335307017544,104.26463684210526,3.2157265356374536,83.04359199932985,85.60418666666665,32.42335307017544,79.00504192982454,ok
1996-06,1996-06,1996,6,1,2.386833333333333,0.4652,19,2.2133837719298244,6.695078947368422,,,7.623910344827586,2.2133837719298244,7.797359906231094,denominador_abaixo_do_piso
1996-07,1996-07,1996,7,1,0.10049999999999999,1.9521,19,0.4893223684210527,3.6815684210526314,,,4.620662068965517,0.4893223684210527,4.231839700544464,denominador_abaixo_do_piso
1996-08,1996-08,1996,8,1,0.42412500000000003,1.4883,19,0.4734583333333334,10.6791,,,12.531248275862069,0.4734583333333334,12.481914942528736,denominador_abaixo_do_piso
1996-09,1996-09,1996,9,1,2.4407916666666667,9.7369,19,3.145605263157895,53.67066315789474,,,60.40394482758621,3.145605263157895,59.69913123109498,denominador_abaixo_do_piso
1996-10,1996-10,1996,10,1,26.929125,145.0933,19,15.844267543859647,102.90894210526316,6.495026786211075,174.9053882042263,125.76257931034485,15.844267543859647,136.8474367664852,ok
1996-11,1996-11,1996,11,1,105.80754166666667,222.7092,19,79.2861951754386,181.6634210526316,2.2912364586377274,242.4300970654971,189.45553103448276,79.2861951754386,215.97687752571082,ok
1996-12,1996-12,1996,12,1,81.79158333333334,130.1745,19,172.15358552631577,196.38278421052632,1.1407417603887595,93.30307475665059,199.89099655172416,172.15358552631577,109.52899435874173,ok
1997-01,1997-01,1997,1,1,199.563125,403.2083,19,211.73929385964914,250.25240526315787,1.1818892974538635,235.86152160394755,265.0574033333333,211.73929385964914,252.88123447368417,ok
1997-02,1997-02,1997,2,1,127.88487500000001,180.4594,19,228.16671271929826,227.15075263157897,0.9955472905069672,127.31544080307219,228.67934333333335,228.16671271929826,128.39750561403508,ok
1997-03,1997-03,1997,3,1,305.4157083333333,452.1152,19,252.4280438596491,243.3344263157895,0.9639754069919597,294.41323174236265,260.25354,252.4280438596491,313.2412044736842,ok
1997-04,1997-04,1997,4,1,179.67970833333334,290.1342,19,151.20055263157897,200.56980526315792,1.3265150277054472,238.34783327789833,203.18589666666665,151.20055263157897,231.66505236842102,ok
1997-05,1997-05,1997,5,1,26.371083333333335,68.9381,19,32.394570175438595,105.84674736842105,3.267422496893431,86.16547095078475,86.60618999999998,32.394570175438595,80.58270315789473,ok
1997-06,1997-06,1997,6,1,2.4947916666666665,0.6576,19,2.207701754385965,6.6849526315789465,,,7.617275862068964,2.207701754385965,7.904365774349666,denominador_abaixo_do_piso
1997-07,1997-07,1997,7,1,0.145125,1.9683,19,0.4869736842105264,3.680715789473684,,,4.620103448275861,0.4869736842105264,4.278254764065335,denominador_abaixo_do_piso
1997-08,1997-08,1997,8,1,1.1049166666666665,1.2265,19,0.43762719298245617,10.69287894736842,,,12.540275862068965,0.43762719298245617,13.207565335753175,denominador_abaixo_do_piso
1997-09,1997-09,1997,9,1,4.298416666666667,47.0877,19,3.0478355263157897,51.70483157894737,,,59.11598620689656,3.0478355263157897,60.36656734724743,denominador_abaixo_do_piso
1997-10,1997-10,1997,10,1,14.530291666666665,98.1562,19,16.496837719298245,105.3793157894737,6.3878494522740805,92.81731566429929,127.38110000000003,16.496837719298245,125.41455394736845,ok
1997-11,1997-11,1997,11,1,51.300041666666665,75.7109,19,82.1550109649123,189.40017368421056,2.3054001388314798,118.26712318039402,194.5244379310345,82.1550109649123,163.66946863278886,ok
1997-12,1997-12,1997,12,1,141.88829166666667,199.815,19,168.99060087719295,192.7174947368421,1.1404036303586595,161.80992292205502,197.4896,168.99060087719295,170.38729078947372,ok
1998-01,1998-01,1998,1,1,176.35025,347.458,19,212.96102412280706,253.18663157894738,1.1888871807497678,209.66055154701672,266.9157466666666,212.96102412280706,230.30497254385955,ok
1998-02,1998-02,1998,2,1,193.425125,127.8253,19,224.717225877193,229.92096842105266,1.0231568475605137,197.9042411339983,230.43381333333338,224.717225877193,199.1417124561404,ok
1998-03,1998-03,1998,3,1,239.036125,242.0988,19,255.92170614035086,254.38792105263158,0.9940068190742752,237.60353825509083,267.25408666666664,255.92170614035086,250.36850552631577,ok
1998-04,1998-04,1998,4,1,134.90279166666667,54.1047,19,153.55723245614038,212.99241052631584,1.3870555435228462,187.11766501795762,211.05354666666665,153.55723245614038,192.39910587719294,ok
1998-05,1998-05,1998,5,1,23.503,74.6596,19,32.54552192982456,105.54561578947369,3.243014999638159,76.22058153649566,86.41547333333331,32.54552192982456,77.37295140350875,ok
1998-06,1998-06,1998,6,1,1.2203333333333333,16.0121,19,2.2747785087719294,5.876821052631578,,,7.087810344827584,2.2747785087719294,6.033365169388988,denominador_abaixo_do_piso
1998-07,1998-07,1998,7,1,0.07816666666666668,3.3565,19,0.490497807017544,3.6076526315789472,,,4.5722344827586205,0.490497807017544,4.159903342407743,denominador_abaixo_do_piso
1998-08,1998-08,1998,8,1,0.27908333333333335,1.2501,19,0.48109210526315793,10.691636842105263,,,12.539462068965518,0.48109210526315793,12.337453297035694,denominador_abaixo_do_piso
1998-09,1998-09,1998,9,1,0.8315416666666667,13.3474,19,3.2303026315789474,53.48063684210526,,,60.27944482758621,3.2303026315789474,57.88068386267393,denominador_abaixo_do_piso
1998-10,1998-10,1998,10,1,17.867166666666666,89.2952,19,16.321212719298245,105.84568421052631,6.485160510491607,115.87144370103861,127.68665172413796,16.321212719298245,129.23260567150638,ok
1998-11,1998-11,1998,11,1,132.18116666666666,245.1679,19,77.89810964912282,180.48138421052633,2.3168904229315745,306.2492791419223,188.68109310344826,77.89810964912282,242.9641501209921,ok
1998-12,1998-12,1998,12,1,235.09654166666667,138.7974,19,164.0849035087719,195.92894736842106,1.19407052799313,280.72185163727556,199.5936551724138,164.0849035087719,270.60529333030854,ok
1999-01,1999-01,1999,1,1,212.45304166666665,215.817,19,211.06087719298247,260.1151052631579,1.2324174367252483,261.83083303531566,271.30377999999996,211.06087719298247,272.6959444736841,ok
1999-02,1999-02,1999,2,1,218.473875,131.3784,19,223.3988706140351,229.73396315789475,1.0283577644168342,224.66930567848289,230.31537666666665,223.3988706140351,225.39038105263154,ok
1999-03,1999-03,1999,3,1,299.5566666666667,283.9542,19,252.7364144736842,252.18500526315793,0.9978182439136262,298.9031070859528,265.85890666666666,252.7364144736842,312.67915885964914,ok
1999-04,1999-04,1999,4,1,105.15954166666667,162.6196,19,155.1226666666667,207.28110000000004,1.3362399219542382,140.51837774941012,207.4363833333333,155.1226666666667,157.47325833333326,ok
1999-05,1999-05,1999,5,1,50.3205,177.0923,19,31.134074561403516,100.15442105263158,3.2168748377313787,161.87475027206185,83.00104999999999,31.134074561403516,102.18747543859648,ok
1999-06,1999-06,1999,6,1,1.1555416666666667,0.6859,19,2.278188596491228,6.683463157894736,,,7.616299999999998,2.278188596491228,6.493653070175437,denominador_abaixo_do_piso
1999-07,1999-07,1999,7,1,0.04466666666666667,1.9885,19,0.49226096491228083,3.6796526315789473,,,4.619406896551724,0.49226096491228083,4.17181259830611,denominador_abaixo_do_piso
1999-08,1999-08,1999,8,1,0.05583333333333334,1.2624,19,0.492842105263158,10.69098947368421,,,12.539037931034484,0.492842105263158,12.102029159104658,denominador_abaixo_do_piso
1999-09,1999-09,1999,9,1,1.998,72.5879,19,3.1689100877192984,50.36271578947369,,,58.23666896551725,3.1689100877192984,57.06575887779795,denominador_abaixo_do_piso
1999-10,1999-10,1999,10,1,8.191374999999999,112.4277,19,16.8304649122807,104.62818421052631,6.21659501123954,50.92246096019228,126.88897931034485,16.8304649122807,118.24988939806416,ok
1999-11,1999-11,1999,11,1,115.52758333333334,349.1067,19,78.77461403508774,175.0109210526316,2.221666500005679,256.6637617182811,185.09699655172415,78.77461403508774,221.84996584996975,ok
1999-12,1999-12,1999,12,1,151.56408333333334,242.5365,19,168.4813486842105,190.46899473684212,1.1305049266541882,171.3439429121593,196.0164448275862,168.4813486842105,179.09917947670905,ok
2000-01,2000-01,2000,1,1,232.55208333333334,260.085,19,210.00303289473686,257.7852105263158,1.2275308931158606,285.46486655012075,269.8281799999999,210.00303289473686,292.37723043859637,ok
2000-02,2000-02,2000,2,1,205.13558333333333,271.7656,19,224.10088596491224,222.3451631578947,0.992165480294922,203.52844456349567,225.63580333333337,224.10088596491224,206.67050070175446,ok
2000-03,2000-03,2000,3,1,273.54283333333336,185.8099,19,254.1055635964912,257.3504947368421,1.012770012172987,277.0359786448334,269.1303833333333,254.1055635964912,288.5676530701755,ok
2000-04,2000-04,2000,4,1,112.69795833333335,184.1135,19,154.72590789473688,206.14984210526316,1.3323550329109137,150.15369198420115,206.71992,154.72590789473688,164.69197043859646,ok
2000-05,2000-05,2000,5,1,14.318291666666667,53.6399,19,33.02892763157895,106.65191578947368,3.2290456710893576,46.234417723644825,87.11612999999997,33.02892763157895,68.40549403508768,ok
2000-06,2000-06,2000,6,1,2.9267916666666665,4.8153,19,2.1849649122807016,6.466126315789474,,,7.473906896551722,2.1849649122807016,8.215733650937686,denominador_abaixo_do_piso
2000-07,2000-07,2000,7,1,0.558,10.0203,19,0.46524342105263167,3.2569263157894737,,,4.342448275862069,0.46524342105263167,4.435204854809438,denominador_abaixo_do_piso
2000-08,2000-08,2000,8,1,0.200875,7.9948,19,0.4852083333333334,10.336652631578946,,,12.306886206896552,0.4852083333333334,12.02255287356322,denominador_abaixo_do_piso
2000-09,2000-09,2000,9,1,8.834458333333332,123.9327,19,2.80909649122807,47.66035789473684,,,56.46615862068967,2.80909649122807,62.49152046279493,denominador_abaixo_do_piso
2000-10,2000-10,2000,10,1,17.532416666666666,86.4072,19,16.338831140350873,105.99768421052632,6.4874704499975655,113.74103504204481,127.7862379310345,16.338831140350873,128.9798234573503,ok
2000-11,2000-11,2000,11,1,116.22958333333332,192.5216,19,78.73766666666668,183.2522421052632,2.3273770974323575,270.5100702941056,190.4964827586207,78.73766666666668,227.98839942528733,ok
2000-12,2000-12,2000,12,1,227.32920833333333,222.6176,19,164.49371052631577,191.51735789473685,1.164283772807823,264.6757083477489,196.70330344827588,164.49371052631577,259.53880125529344,ok
2001-01,2001-01,2001,1,1,163.34891666666667,192.5309,19,213.64530482456144,261.34068947368417,1.223245648615066,199.81585151848503,272.0799833333333,213.64530482456144,221.78359517543853,ok
2001-02,2001-02,2001,2,1,189.16133333333335,153.1069,19,224.94163596491225,228.59035789473685,1.01622074950319,192.22967193702277,229.59109333333336,224.94163596491225,193.81079070175446,ok
2001-03,2001-03,2001,3,1,268.94466666666665,249.1479,19,254.34757236842105,254.01691578947367,0.9986999813842594,268.59503359339584,267.01911666666666,254.34757236842105,281.6162109649123,ok
2001-04,2001-04,2001,4,1,96.67079166666667,196.9268,19,155.56944298245617,205.47545789473688,1.3207957421169703,127.68237002041003,206.29280999999995,155.56944298245617,147.39415868421045,ok
2001-05,2001-05,2001,5,1,12.901000000000002,140.175,19,33.103521929824566,102.09743684210527,3.084186542402932,39.789090583540236,84.23162666666664,33.103521929824566,64.02910473684207,ok
2001-06,2001-06,2001,6,1,3.3047500000000003,5.0237,19,2.1650723684210527,6.455157894736842,,,7.466720689655171,2.1650723684210527,8.606398321234119,denominador_abaixo_do_piso
2001-07,2001-07,2001,7,1,0.6808333333333333,2.3266,19,0.4587785087719299,3.661857894736842,,,4.607748275862068,0.4587785087719299,4.829803100423471,denominador_abaixo_do_piso
2001-08,2001-08,2001,8,1,1.0490833333333334,7.2041,19,0.4405657894736842,10.378268421052631,,,12.334151724137932,0.4405657894736842,12.942669267997582,denominador_abaixo_do_piso
2001-09,2001-09,2001,9,1,7.67875,33.0017,19,2.8699232456140353,52.4462,,,59.6017103448276,2.8699232456140353,64.41053709921357,denominador_abaixo_do_piso
2001-10,2001-10,2001,10,1,24.261875,130.0808,19,15.984649122807017,103.69907368421053,6.487416325970641,157.39688397365896,126.28025172413795,15.984649122807017,134.55747760133093,ok
2001-11,2001-11,2001,11,1,165.14275,196.3446,19,76.16328947368422,183.05103157894737,2.403402385110937,396.9044792337792,190.3646551724138,76.16328947368422,279.3441156987296,ok
2001-12,2001-12,2001,12,1,199.56316666666666,209.0467,19,165.95508114035084,192.2316157894737,1.158335222209318,231.16104500562847,197.1712655172414,165.95508114035084,230.77935104355723,ok
2002-01,2002-01,2002,1,1,380.0984166666667,368.8524,19,202.23743640350878,252.06061052631574,1.2463597987041262,473.7393860844238,266.20259999999996,202.23743640350878,444.06358026315786,ok
2002-02,2002-02,2002,2,1,185.05870833333333,190.9456,19,225.15756359649123,226.59884736842105,1.0064012229876176,186.24331039117547,228.32980333333336,225.15756359649123,188.23094807017546,ok
2002-03,2002-03,2002,3,1,233.83558333333335,178.8799,19,256.1954188596491,257.71523157894734,1.005932240030142,235.22275214125497,269.3613833333333,256.1954188596491,247.00154780701754,ok
2002-04,2002-04,2002,4,1,116.28366666666666,124.7968,19,154.5371864035088,209.27177368421056,1.354183925270811,157.46947217154923,208.69714333333332,154.5371864035088,170.4436235964912,ok
2002-05,2002-05,2002,5,1,14.340583333333333,103.8934,19,33.02775438596492,104.0069947368421,3.1490786058721474,45.15962417072669,85.44101333333332,33.02775438596492,66.75384228070173,ok
2002-06,2002-06,2002,6,1,1.89,6.7952,19,2.2395328947368425,6.361921052631579,,,7.40563448275862,2.2395328947368425,7.056101588021777,denominador_abaixo_do_piso
2002-07,2002-07,2002,7,1,0.982125,2.1991,19,0.44292105263157905,3.6685684210526315,,,4.6121448275862065,0.44292105263157905,5.151348774954627,denominador_abaixo_do_piso
2002-08,2002-08,2002,8,1,0.7142916666666667,1.0971,19,0.45818640350877193,10.69968947368421,,,12.544737931034485,0.45818640350877193,12.80084319419238,denominador_abaixo_do_piso
2002-09,2002-09,2002,9,1,4.4495,67.2486,19,3.039883771929824,50.64373157894736,,,58.420782758620696,3.039883771929824,59.830398986690874,denominador_abaixo_do_piso
2002-10,2002-10,2002,10,1,24.072083333333335,93.122,19,15.994638157894734,105.64427368421052,6.604980534183948,158.99564183392053,127.55469310344829,15.994638157894734,135.63213827888688,ok
2002-11,2002-11,2002,11,1,47.779083333333325,141.559,19,82.34032456140352,185.93448421052634,2.2581218279249033,107.89099099324294,192.25381379310346,82.34032456140352,157.69257256503326,ok
2002-12,2002-12,2002,12,1,203.58062499999997,198.8721,19,165.74363596491227,192.76712105263158,1.1630438775546117,236.77319949499127,197.5221137931035,165.74363596491227,235.3591028281912,ok
2003-01,2003-01,2003,1,1,209.596,226.3735,19,211.21124780701757,259.55949999999996,1.228909457687395,257.57450669344723,270.95189666666664,211.21124780701757,269.3366488596491,ok
2003-02,2003-02,2003,2,1,220.60079166666665,242.0345,19,223.28692763157892,223.9099578947368,1.002790267526032,221.21632689187112,226.62684000000002,223.28692763157892,223.94070403508775,ok
2003-03,2003-03,2003,3,1,267.29316666666665,210.3821,19,254.43449342105262,256.05722105263163,1.0063777816040596,268.9979041079241,268.31131,254.43449342105262,281.16998324561405,ok
2003-04,2003-04,2003,4,1,148.78074999999998,166.9079,19,152.82681359649123,207.05540000000002,1.3548368583191728,201.57364390837023,207.29343999999998,152.82681359649123,203.24737640350872,ok
2003-05,2003-05,2003,5,1,30.031583333333334,100.5299,19,32.201912280701755,104.18402105263158,3.2353364652529626,97.16227666761645,85.55312999999998,32.201912280701755,83.38280105263156,ok
2003-06,2003-06,2003,6,1,3.887916666666667,12.2745,19,2.1343793859649125,6.073536842105263,,,7.216693103448276,2.1343793859649125,8.97023038415003,denominador_abaixo_do_piso
2003-07,2003-07,2003,7,1,0.178625,1.88,19,0.48521052631578954,3.685363157894737,,,4.623148275862068,0.48521052631578954,4.316562749546279,denominador_abaixo_do_piso
2003-08,2003-08,2003,8,1,0.7254166666666667,33.5851,19,0.4576008771929825,8.989794736842105,,,11.424462068965518,0.4576008771929825,11.692277858439201,denominador_abaixo_do_piso
2003-09,2003-09,2003,9,1,0.8963333333333333,34.1644,19,3.226892543859649,52.38500526315789,,,59.561617241379324,3.226892543859649,57.231058030853006,denominador_abaixo_do_piso
2003-10,2003-10,2003,10,1,11.985833333333332,102.8612,19,16.63075657894737,105.13168421052632,6.321521435988725,75.76870234485484,127.21885862068967,16.63075657894737,122.57393537507564,ok
2003-11,2003-11,2003,11,1,79.55283333333334,171.1685,19,80.66802192982458,184.3760894736842,2.2856156016082587,181.82719701880822,191.23279655172416,80.66802192982458,190.11760795523293,ok
2003-12,2003-12,2003,12,1,119.71333333333332,191.1895,19,170.15770394736842,193.17146842105262,1.135249618088421,135.9045159467585,197.7870310344828,170.15770394736842,147.34266042044771,ok
2004-01,2004-01,2004,1,1,351.39491666666663,330.2411,19,203.7481469298246,254.0927842105263,1.2470924915849249,438.22196215611035,267.4896433333333,203.7481469298246,415.1364130701753,ok
2004-02,2004-02,2004,2,1,272.264875,337.9902,19,220.56776535087718,218.85965789473684,0.9922558608986989,270.15641793560167,223.42831666666672,220.56776535087718,275.1254263157896,ok
2004-03,2004-03,2004,3,1,225.52125,263.3091,19,256.6330153508772,253.27158947368423,0.986901818253598,222.56733167982426,266.54707666666667,256.6330153508772,235.43531131578948,ok
2004-04,2004-04,2004,4,1,89.39154166666667,153.5851,19,155.9525614035088,207.75660000000002,1.3321781837391846,119.08546161914565,207.73753333333332,155.9525614035088,141.1765135964912,ok
2004-05,2004-05,2004,5,1,5.379208333333334,29.0041,19,33.499405701754384,107.94853684210526,3.2224015495430693,17.333969268648325,87.93732333333332,33.499405701754384,59.81712596491228,ok
2004-06,2004-06,2004,6,1,2.645958333333333,11.5046,19,2.1997456140350877,6.114057894736843,,,7.2432413793103425,2.1997456140350877,7.6894540986085875,denominador_abaixo_do_piso
2004-07,2004-07,2004,7,1,1.43975,24.0552,19,0.4188355263157895,2.5182473684210525,,,3.8584862068965515,0.4188355263157895,4.879400680580762,denominador_abaixo_do_piso
2004-08,2004-08,2004,8,1,0.7700833333333333,45.2683,19,0.45524999999999993,8.374889473684208,,,11.021593103448277,0.45524999999999993,11.33642643678161,denominador_abaixo_do_piso
2004-09,2004-09,2004,9,1,2.257125,24.8521,19,3.1552719298245613,52.87512631578947,,,59.88273103448276,3.1552719298245613,58.9845841046582,denominador_abaixo_do_piso
2004-10,2004-10,2004,10,1,17.487708333333334,156.836,19,16.341184210526315,102.2909052631579,6.25969966101149,109.46780192603448,125.35765862068966,16.341184210526315,126.50418274349668,ok
2004-11,2004-11,2004,11,1,40.12204166666667,135.0896,19,82.74332675438598,186.27497894736845,2.251238695058808,90.32429272476179,192.47689655172414,82.74332675438598,149.85561146400482,ok
2004-12,2004-12,2004,12,1,98.42004166666668,159.7892,19,171.2784035087719,194.82411578947367,1.1374704095691544,111.94988510439659,198.86980000000003,171.2784035087719,126.0114381578948,ok
2005-01,2005-01,2005,1,1,127.346875,258.8253,19,215.54014912280707,257.85151052631574,1.1963038513970832,152.34555702588293,269.87017,215.54014912280707,181.67689587719292,ok
2005-02,2005-02,2005,2,1,201.89237500000002,252.3165,19,224.27158114035083,223.3688,0.9959746075014922,201.0796789481691,226.28410666666667,224.27158114035083,203.90490052631586,ok
2005-03,2005-03,2005,3,1,365.26675,402.6636,19,249.2779890350877,245.9371421052632,0.986597906446709,360.3714108445934,261.90192666666667,249.2779890350877,377.890687631579,ok
2005-04,2005-04,2005,4,1,121.802375,143.7686,19,154.24672807017546,208.27325789473684,1.3502604593335794,164.4649308154209,208.06474999999995,154.24672807017546,175.6203969298245,ok
2005-05,2005-05,2005,5,1,53.73541666666667,73.4273,19,30.954342105263162,105.61047368421052,3.4118145145864234,183.33527453068257,86.45654999999998,30.954342105263162,109.23762456140349,ok
2005-06,2005-06,2005,6,1,2.17075,0.5479,19,2.2247565789473684,6.690726315789473,,,7.621058620689654,2.2247565789473684,7.5670520417422855,denominador_abaixo_do_piso
2005-07,2005-07,2005,7,1,0.4241249999999999,1.8672,19,0.4722894736842106,3.6860368421052634,,,4.623589655172413,0.4722894736842106,4.575425181488202,denominador_abaixo_do_piso
2005-08,2005-08,2005,8,1,0.21208333333333332,1.159,19,0.48461842105263164,10.696431578947367,,,12.542603448275862,0.48461842105263164,12.270068360556564,denominador_abaixo_do_piso
2005-09,2005-09,2005,9,1,0.82075,69.9723,19,3.2308706140350876,50.50037894736842,,,58.326862068965525,3.2308706140350876,55.91674145493044,denominador_abaixo_do_piso
2005-10,2005-10,2005,10,1,8.526291666666667,43.3954,19,16.812837719298244,108.26146315789474,6.439214186527787,54.90261825847365,129.26940344827588,16.812837719298244,120.9828573956443,ok
2005-11,2005-11,2005,11,1,76.88520833333332,162.476,19,80.80842324561405,184.8335894736842,2.287305976901563,175.85999655615518,191.53253793103448,80.80842324561405,187.60932301875374,ok
2005-12,2005-12,2005,12,1,196.3937083333333,270.7065,19,166.1218947368421,188.98636315789474,1.137636694171306,223.424689104377,195.04506551724143,166.1218947368421,225.31687911373263,ok
2006-01,2006-01,2006,1,1,115.026125,166.8556,19,216.18860964912284,262.69202105263156,1.215105742522626,139.76890502762538,272.9358266666666,216.18860964912284,171.77334201754377,ok
2006-02,2006-02,2006,2,1,242.53487500000003,230.8724,19,222.13250219298243,224.49743684210526,1.0106465043421167,245.11702359980225,226.99891,222.13250219298243,247.4012828070176,ok
2006-03,2006-03,2006,3,1,286.3209583333333,267.8005,19,253.43303070175438,253.03520000000003,0.9984302334204316,285.87150126191165,266.3973633333333,253.43303070175438,299.28529096491224,ok
2006-04,2006-04,2006,4,1,190.46875,429.1988,19,150.63270833333334,193.2506157894737,1.2829259855159192,244.35730880373524,198.55040999999997,150.63270833333334,238.38645166666663,ok
2006-05,2006-05,2006,5,1,47.139874999999996,133.2095,19,31.301475877192985,102.46404210526316,3.2734572167544647,154.31036401565336,84.46380999999998,31.301475877192985,100.302209122807,ok
2006-06,2006-06,2006,6,1,1.8683333333333332,0.6042,19,2.240673245614035,6.687763157894737,,,7.619117241379309,2.240673245614035,7.246777329098607,denominador_abaixo_do_piso
2006-07,2006-07,2006,7,1,0.30133333333333334,1.5265,19,0.4787521929824562,3.7039684210526316,,,4.635337931034482,0.4787521929824562,4.457919071385359,denominador_abaixo_do_piso
2006-08,2006-08,2006,8,1,0.2567083333333333,12.4889,19,0.48226973684210533,10.100121052631577,,,12.15191724137931,0.48226973684210533,11.926355837870538,denominador_abaixo_do_piso
2006-09,2006-09,2006,9,1,3.0887083333333334,73.0467,19,3.111504385964912,50.33856842105263,,,58.220848275862075,3.111504385964912,58.1980522232305,denominador_abaixo_do_piso
2006-10,2006-10,2006,10,1,15.891791666666668,156.2402,19,16.4251798245614,102.32226315789474,6.229597742661368,98.99946949351141,125.37820344827587,16.4251798245614,124.84481529038113,ok
2006-11,2006-11,2006,11,1,90.17991666666666,160.8529,19,80.10870175438599,184.9190157894737,2.3083511745882124,208.1669165617671,191.5885068965517,80.10870175438599,201.6597218088324,ok
2006-12,2006-12,2006,12,1,122.96091666666666,150.7779,19,169.98677850877192,195.29839473684214,1.1489034409035763,141.27022025499124,199.18053448275867,169.98677850877192,152.15467264065342,ok
2007-01,2007-01,2007,1,1,147.892375,243.8694,19,214.4588070175439,258.6386631578947,1.206006257121148,178.35912963050723,270.3687,214.4588070175439,203.80226798245607,ok
2007-02,2007-02,2007,2,1,329.57570833333335,391.6001,19,217.55140570175436,216.03808421052628,0.9930438441142379,327.2831283300062,221.64132000000004,217.55140570175436,333.665622631579,ok
2007-03,2007-03,2007,3,1,186.081875,144.3091,19,258.70877192982454,259.53474736842105,1.0031926843161723,186.6759756838364,270.5137433333333,258.70877192982454,197.88684640350877,ok
2007-04,2007-04,2007,4,1,143.61833333333334,203.9629,19,153.09851973684212,205.10513684210528,1.3396937945230056,192.4045899464032,206.0582733333333,153.09851973684212,196.5780869298245,ok
2007-05,2007-05,2007,5,1,14.407541666666667,59.8926,19,33.024230263157904,106.32282631578947,3.2195398793111027,46.38565495866968,86.90770666666666,33.024230263157904,68.29101807017543,ok
2007-06,2007-06,2007,6,1,1.14475,0.6092,19,2.2787565789473687,6.6875,,,7.618944827586206,2.2787565789473687,6.484938248638837,denominador_abaixo_do_piso
2007-07,2007-07,2007,7,1,0.35720833333333335,2.6528,19,0.47581140350877205,3.6446894736842106,,,4.596499999999999,0.47581140350877205,4.47789692982456,denominador_abaixo_do_piso
2007-08,2007-08,2007,8,1,0.04466666666666667,1.474,19,0.4934298245614035,10.679852631578946,,,12.531741379310345,0.4934298245614035,12.082978221415608,denominador_abaixo_do_piso
2007-09,2007-09,2007,9,1,0.8531666666666666,24.48,19,3.229164473684211,52.89471052631579,,,59.895562068965525,3.229164473684211,57.51956426194798,denominador_abaixo_do_piso
2007-10,2007-10,2007,10,1,13.514791666666667,90.3212,19,16.550285087719296,105.79168421052631,6.392136670142695,86.38839540183892,127.65127241379312,16.550285087719296,124.6157789927405,ok
2007-11,2007-11,2007,11,1,57.39116666666666,140.1645,19,81.83442543859651,186.00787894736843,2.272978370049622,130.4488804652462,192.3019,81.83442543859651,167.85864122807016,ok
2007-12,2007-12,2007,12,1,247.1939583333333,154.6319,19,163.44819736842103,195.09555263157895,1.1936231526116075,295.0564318523756,199.04763793103453,163.44819736842103,282.7933988959468,ok
2008-01,2008-01,2008,1,1,159.97858333333332,277.9576,19,213.82269078947368,256.844547368421,1.2012034196188557,192.16682136578007,269.23242666666664,213.82269078947368,215.38831921052628,ok
2008-02,2008-02,2008,2,1,265.8859166666667,227.3554,19,220.90349999999998,224.68254210526314,1.0171072079222971,270.4344823266939,227.11614333333333,220.90349999999998,272.09856,ok
2008-03,2008-03,2008,3,1,302.949375,291.7903,19,252.55785087719295,251.7725789473685,0.9968907245326287,302.007421940457,265.59770333333336,252.55785087719295,315.9892274561404,ok
2008-04,2008-04,2008,4,1,222.53408333333334,198.2004,19,148.94505921052632,205.40842631578948,1.379088553890566,306.89420717552935,206.25035666666665,148.94505921052632,279.8393807894737,ok
2008-05,2008-05,2008,5,1,47.753625,156.4351,19,31.26917324561404,101.24164210526315,3.2377460481614677,154.61411062913467,83.68962333333333,31.26917324561404,100.17407508771929,ok
2008-06,2008-06,2008,6,1,1.004375,1.2231,19,2.2861447368421053,6.65518947368421,,,7.597775862068964,2.2861447368421053,6.316006125226859,denominador_abaixo_do_piso
2008-07,2008-07,2008,7,1,0.6584583333333334,1.8809,19,0.45995614035087723,3.6853157894736843,,,4.62311724137931,0.45995614035087723,4.821619434361766,denominador_abaixo_do_piso
2008-08,2008-08,2008,8,1,0.4575833333333333,10.0751,19,0.4716973684210526,10.227163157894736,,,12.23515172413793,0.4716973684210526,12.221037689050211,denominador_abaixo_do_piso
2008-09,2008-09,2008,9,1,2.4299583333333334,35.7506,19,3.1461754385964915,52.301521052631585,,,59.506920689655175,3.1461754385964915,58.79070358439202,denominador_abaixo_do_piso
2008-10,2008-10,2008,10,1,8.247208333333333,71.4708,19,16.82752631578947,106.78381052631579,6.345781817385676,52.33498468585829,128.30128620689655,16.82752631578947,119.72096822444041,ok
2008-11,2008-11,2008,11,1,89.478,228.8043,19,80.14564473684212,181.3426263157895,2.2626635160429145,202.4586060884879,189.24535517241378,80.14564473684212,198.57771043557165,ok
2008-12,2008-12,2008,12,1,149.72266666666667,198.2564,19,168.57826535087716,192.79952631578945,1.1436796191638252,171.23476239352567,197.54334482758625,168.57826535087716,178.68774614337576,ok
2009-01,2009-01,2009,1,1,192.8225,176.1671,19,212.09406359649125,262.20194210526313,1.2362530928923219,238.3774120042297,272.6254433333333,212.09406359649125,253.35387973684203,ok
2009-02,2009-02,2009,2,1,244.92391666666666,173.2144,19,222.00676315789474,227.53206842105263,1.0248880042416915,251.01958414355835,228.92084333333335,222.00676315789474,251.83799684210527,ok
2009-03,2009-03,2009,3,1,229.59462499999998,237.6584,19,256.41862719298246,254.62162631578948,0.9929919253649208,227.98560873218696,267.4021,256.41862719298246,240.57809780701754,ok
2009-04,2009-04,2009,4,1,212.29566666666668,291.4855,19,149.48392324561405,200.49868421052633,1.3412725586623182,284.7463520229226,203.14085333333333,149.48392324561405,265.9525967543859,ok
2009-05,2009-05,2009,5,1,89.81579166666667,287.1656,19,29.055375,94.3610894736842,3.2476293792003785,291.6884037328072,79.33194,29.055375,140.09235666666666,ok
2009-06,2009-06,2009,6,1,5.5836250000000005,15.2435,19,2.0451315789473687,5.917273684210526,,,7.114313793103446,2.0451315789473687,10.652807214156077,denominador_abaixo_do_piso
2009-07,2009-07,2009,7,1,1.3727083333333334,2.7198,19,0.42236403508771936,3.6411631578947365,,,4.594189655172413,0.42236403508771936,5.544533953418028,denominador_abaixo_do_piso
2009-08,2009-08,2009,8,1,0.7588333333333334,15.226,19,0.4558421052631579,9.956063157894736,,,12.057534482758621,0.4558421052631579,12.360525710828796,denominador_abaixo_do_piso
2009-09,2009-09,2009,9,1,1.5983333333333334,49.6335,19,3.1899451754385963,51.57084210526316,,,59.02820000000001,3.1899451754385963,57.43658815789475,denominador_abaixo_do_piso
2009-10,2009-10,2009,10,1,18.692958333333333,145.1622,19,16.277749999999997,102.90531578947369,6.32183906187733,118.17387417371201,125.76020344827586,16.277749999999997,128.1754117816092,ok
2009-11,2009-11,2009,11,1,44.26920833333333,129.9771,19,82.52505482456141,186.54405789473682,2.2604536075899326,100.06849168223364,192.65318965517238,82.52505482456141,154.3973431639443,ok
2009-12,2009-12,2009,12,1,110.46162499999998,238.1976,19,170.64463596491225,190.69735789473685,1.1175115866750585,123.44214582045528,196.16606206896557,170.64463596491225,135.9830511040533,ok
2010-01,2010-01,2010,1,1,214.77420833333335,206.4191,19,210.9387105263158,260.60973157894733,1.235476081790283,265.34839738127664,271.6170433333333,210.9387105263158,275.45254114035083,ok
2010-02,2010-02,2010,2,1,235.58966666666666,189.3031,19,222.4980394736842,226.6852947368421,1.0188192906016735,240.02329706641805,228.38455333333334,222.4980394736842,241.4761805263158,ok
2010-03,2010-03,2010,3,1,280.56241666666665,170.6808,19,253.73611184210523,258.1467631578948,1.0173828284975621,285.43938503844487,269.63468666666665,253.73611184210523,296.46099149122807,ok
2010-04,2010-04,2010,4,1,191.862,179.409,19,150.55937938596492,206.39744736842107,1.3708707369157855,263.0180013261364,206.87673666666666,150.55937938596492,248.17935728070174,ok
2010-05,2010-05,2010,5,1,16.9075,36.5434,19,32.89265350877193,107.55173157894735,3.269779726049316,55.2838007181788,87.68601333333332,32.89265350877193,71.70085982456139,ok
2010-06,2010-06,2010,6,1,3.0239999999999996,8.1085,19,2.1798486842105267,6.2928,,,7.3603482758620675,2.1798486842105267,8.20449959165154,denominador_abaixo_do_piso
2010-07,2010-07,2010,7,1,0.05583333333333334,1.8517,19,0.49167324561403514,3.6868526315789474,,,4.624124137931034,0.49167324561403514,4.188284225650332,denominador_abaixo_do_piso
2010-08,2010-08,2010,8,1,0.022333333333333334,1.1641,19,0.4946052631578947,10.696163157894736,,,12.542427586206896,0.4946052631578947,12.070155656382335,denominador_abaixo_do_piso
2010-09,2010-09,2010,9,1,0.7451666666666666,2.3148,19,3.2348486842105264,54.0613,,,60.65987931034483,3.2348486842105264,58.170197292800964,denominador_abaixo_do_piso
2010-10,2010-10,2010,10,1,10.044083333333333,136.1532,19,16.73295394736842,103.37947368421052,6.178196271224959,62.05431819787275,126.07085862068966,16.73295394736842,119.38198800665458,ok
2010-11,2010-11,2010,11,1,89.87758333333333,142.1422,19,80.12461403508773,185.90378947368418,2.3201832759191103,208.53246573002616,192.23370344827583,80.12461403508773,201.98667274652144,ok
2010-12,2010-12,2010,12,1,257.42783333333335,168.2896,19,162.90957236842104,194.37672631578948,1.19315718217101,307.15186823238844,198.57668275862073,162.90957236842104,293.09494372353305,ok
1991-01,1991-02,1991,2,2,279.36716666666666,178.9798,19,260.5308157894737,227.22862631578946,0.8721756220170337,243.65723235863632,228.72866333333334,260.5308157894737,247.5650142105263,ok
1991-02,1991-03,1991,3,2,364.80933333333337,354.0018,19,310.29557456140344,248.49828947368425,0.8008438077949761,292.1552956258134,263.5239866666667,310.29557456140344,318.03774543859663,ok
1991-03,1991-04,1991,4,2,202.41358333333335,214.6288,19,191.92340350877194,204.54377368421055,1.065757327895979,215.72375970318345,205.7027433333333,191.92340350877194,216.1929231578947,ok
1991-04,1991-05,1991,5,2,22.933833333333336,128.0413,19,25.31087938596491,102.73605263157896,4.058968124534896,93.0876984733959,84.63608333333332,25.31087938596491,82.25903728070175,ok
1991-05,1991-06,1991,6,2,1.1555833333333334,0.7033,19,1.8524451754385969,6.682547368421052,,,7.615699999999998,1.8524451754385969,6.918838157894735,denominador_abaixo_do_piso
1991-06,1991-07,1991,7,2,0.6696666666666666,1.9531,19,0.8963837719298244,3.681515789473684,,,4.620627586206896,0.8963837719298244,4.393910480943738,denominador_abaixo_do_piso
1991-07,1991-08,1991,8,2,1.3392499999999998,1.2135,19,1.200050438596491,10.693563157894737,,,12.540724137931036,1.200050438596491,12.679923699334545,denominador_abaixo_do_piso
1991-08,1991-09,1991,9,2,5.24875,73.9762,19,6.374285087719298,50.28964736842105,,,58.18879655172414,6.374285087719298,57.06326146400484,denominador_abaixo_do_piso
1991-09,1991-10,1991,10,2,20.93616666666667,58.2752,19,21.19343201754386,107.4783157894737,5.071303019751754,106.1736452386927,128.75630689655173,21.19343201754386,128.49904154567454,ok
1991-10,1991-11,1991,11,2,68.93625,141.8015,19,92.09670175438596,185.9217210526316,2.018766334851697,139.1661807509203,192.24545172413795,92.09670175438596,169.084999969752,ok
1991-11,1991-12,1991,12,2,216.23608333333334,139.2974,19,220.0951929824561,195.90263157894736,0.8900813730837042,192.46770996357563,199.57641379310346,220.0951929824561,195.7173041439807,ok
1991-12,1992-01,1992,1,2,266.00983333333335,307.6078,19,253.3008640350877,251.67678421052634,0.9935883368153992,264.3042678782082,268.24408666666665,253.3008640350877,280.9530559649123,ok
1992-01,1992-02,1992,2,2,293.40575,144.7331,19,259.7919429824562,229.0310842105263,0.8815942541605026,258.66482333765293,229.87022000000005,259.7919429824562,263.4840270175439,ok
1992-02,1992-03,1992,3,2,270.9870833333333,155.372,19,315.23358771929827,258.95248947368424,0.821462241213554,222.60565681492412,270.14498,315.23358771929827,225.89847561403502,ok
1992-03,1992-04,1992,4,2,235.029625,102.9542,19,190.20676973684212,210.42138421052633,1.1062770505048367,260.00788032625786,209.42522999999997,190.20676973684212,254.24808526315786,ok
1992-04,1992-05,1992,5,2,21.125833333333333,24.3743,19,25.406037280701753,108.19221052631579,4.258523646601819,89.96486080416892,88.09164999999999,25.406037280701753,83.81144605263157,ok
1992-05,1992-06,1992,6,2,0.5830833333333333,1.0095,19,1.8825767543859648,6.666431578947368,,,7.605141379310343,1.8825767543859648,6.305647958257712,denominador_abaixo_do_piso
1992-06,1992-07,1992,7,2,0.4017916666666667,2.0289,19,0.9104824561403507,3.677526315789474,,,4.618013793103447,0.9104824561403507,4.109323003629763,denominador_abaixo_do_piso
1992-07,1992-08,1992,8,2,0.1675,13.0445,19,1.26172149122807,10.07087894736842,,,12.132758620689655,1.26172149122807,11.038537129461584,denominador_abaixo_do_piso
1992-08,1992-09,1992,9,2,3.671958333333333,135.5711,19,6.457274122807018,47.047810526315786,,,56.06483448275863,6.457274122807018,53.27951869328494,denominador_abaixo_do_piso
1992-09,1992-10,1992,10,2,11.483624999999998,62.0723,19,21.690934210526315,107.27846842105264,4.945774459497086,56.79541922744221,128.62537241379312,21.690934210526315,118.4180632032668,ok
1992-10,1992-11,1992,11,2,99.50041666666665,214.2915,19,90.48806140350878,182.10645789473688,2.012491538333205,200.24374660229483,189.74579655172414,90.48806140350878,198.758151814882,ok
1992-11,1992-12,1992,12,2,144.77870833333333,239.5717,19,223.8561074561403,190.62503684210526,0.8515516463157211,123.2865474327136,196.11867931034487,223.8561074561403,117.0412801875379,ok
1992-12,1993-01,1993,1,2,223.50125,121.8043,19,255.53815789473683,261.4559157894737,1.023158020483088,228.67709652549576,274.43753666666663,255.53815789473683,242.4006287719298,ok
1993-01,1993-02,1993,2,2,232.16245833333335,307.8407,19,263.01527412280706,220.44647368421047,0.8381508428338639,194.58716012646514,224.43330000000003,263.01527412280706,193.58048421052632,ok
1993-02,1993-03,1993,3,2,336.52975,153.1779,19,311.7839736842105,259.0679684210526,0.8309213759763319,279.62976292697095,270.2181166666667,311.7839736842105,294.9638929824562,ok
1993-03,1993-04,1993,4,2,187.59595833333333,250.0943,19,192.70327850877194,202.67716842105264,1.051757759335821,197.3055047971227,204.52055999999996,192.70327850877194,199.41323982456134,ok
1993-04,1993-05,1993,5,2,40.18720833333334,95.5974,19,24.402807017543857,104.44362631578947,4.279984111692644,172.00061315994893,85.71754666666665,24.402807017543857,101.50194798245613,ok
1993-05,1993-06,1993,6,2,1.7819166666666666,0.586,19,1.819480263157895,6.688721052631579,,,7.619744827586205,1.819480263157895,7.582181231094976,denominador_abaixo_do_piso
1993-06,1993-07,1993,7,2,1.406125,1.8793,19,0.8576228070175439,3.6854,,,4.623172413793102,0.8576228070175439,5.171674606775558,denominador_abaixo_do_piso
1993-07,1993-08,1993,8,2,1.2834583333333334,40.5665,19,1.2029868421052632,8.622352631578947,,,11.183724137931035,1.2029868421052632,11.264195629159106,denominador_abaixo_do_piso
1993-08,1993-09,1993,9,2,7.873083333333334,56.4376,19,6.236162280701755,51.21273157894736,,,58.79357586206897,6.236162280701755,60.43049691470055,denominador_abaixo_do_piso
1993-09,1993-10,1993,10,2,34.14966666666667,126.1723,19,20.49798464912281,103.90478421052632,5.069024393818776,173.10549337411325,126.41502758620692,20.49798464912281,140.06670960375078,ok
1993-10,1993-11,1993,11,2,132.732,225.9903,19,88.73903070175439,181.4907315789474,2.0452187740130374,271.4659783122985,189.34238965517244,88.73903070175439,233.33535895341805,ok
1993-11,1993-12,1993,12,2,247.01537499999998,216.8044,19,218.47523026315784,191.8233157894737,0.8780094455486721,216.8818324457473,196.90375862068967,218.47523026315784,225.4439033575318,ok
1993-12,1994-01,1994,1,2,268.69925,330.218,19,253.15931578947368,250.48677368421053,0.9894432401315003,265.862656540904,267.49041333333327,253.15931578947368,283.0303475438596,ok
1994-01,1994-02,1994,2,2,301.48270833333333,306.4669,19,259.36683991228074,220.5187789473684,0.8502196310906553,256.3265170593783,224.47909333333334,259.36683991228074,266.59496175438596,ok
1994-02,1994-03,1994,3,2,288.564125,311.1998,19,314.3084802631579,250.7510263157895,0.7977863852284409,230.21253019035797,264.95072,314.3084802631579,239.2063647368421,ok
1994-03,1994-04,1994,4,2,226.692,176.4476,19,190.64559210526318,206.5533105263158,1.0834413124656421,245.60747800546136,206.97544999999994,190.64559210526318,243.02185789473677,ok
1994-04,1994-05,1994,5,2,38.8145,50.2617,19,24.4750548245614,106.82971578947368,4.364840714565717,169.41910991551103,87.22873666666665,24.4750548245614,101.56818184210525,ok
1994-05,1994-06,1994,6,2,2.062625,40.3001,19,1.8047061403508773,4.598505263157895,,,6.250293103448275,1.8047061403508773,6.508211963097398,denominador_abaixo_do_piso
1994-06,1994-07,1994,7,2,1.2053333333333334,1.843,19,0.8681907894736842,3.6873105263157893,,,4.624424137931034,0.8681907894736842,4.961566681790683,denominador_abaixo_do_piso
1994-07,1994-08,1994,8,2,1.37275,6.3765,19,1.1982872807017544,10.421826315789472,,,12.362689655172415,1.1982872807017544,12.537152374470661,denominador_abaixo_do_piso
1994-08,1994-09,1994,9,2,5.173291666666667,57.4679,19,6.378256578947369,51.1585052631579,,,58.75804827586207,6.378256578947369,57.55308336358137,denominador_abaixo_do_piso
1994-09,1994-10,1994,10,2,20.925,114.0829,19,21.194019736842105,104.54106842105264,4.9325738920270155,103.2141086906653,126.83190344827588,21.194019736842105,126.56288371143378,ok
1994-10,1994-11,1994,11,2,64.47591666666666,151.223,19,92.33145614035088,185.42585263157898,2.008263059879804,129.48460169355525,191.9205724137931,92.33145614035088,164.0650329401089,ok
1994-11,1994-12,1994,12,2,186.74020833333336,200.9509,19,221.64760745614035,192.6577105263158,0.8692072643483821,162.31594562926364,197.4504310344828,221.64760745614035,162.5430319116758,ok
1994-12,1995-01,1995,1,2,279.59158333333335,156.6185,19,252.5860350877193,259.6235894736842,1.0278620090121802,287.3815665478964,273.2770633333333,252.5860350877193,300.28261157894735,ok
1995-01,1995-02,1995,2,2,274.36741666666666,232.7107,19,260.79396052631586,224.4006842105263,0.860451997268866,236.07999165633248,226.93763333333337,260.79396052631586,240.51108947368417,ok
1995-02,1995-03,1995,3,2,362.008125,218.3206,19,310.44300657894735,255.63940526315787,0.8234664651662796,298.1015510552227,268.04669333333334,310.44300657894735,319.611811754386,ok
1995-03,1995-04,1995,4,2,251.19720833333335,255.6784,19,189.35584429824561,202.38326842105263,1.0687986376712415,268.4792340534857,204.3344233333333,189.35584429824561,266.175787368421,ok
1995-04,1995-05,1995,5,2,39.283208333333334,188.1476,19,24.45038596491228,99.57256315789473,4.072433183704631,159.97824117904898,82.63253999999999,24.45038596491228,97.46536236842104,ok
1995-05,1995-06,1995,6,2,1.220375,0.5023,19,1.8490350877192987,6.693126315789473,,,7.622631034482757,1.8490350877192987,6.993970946763459,denominador_abaixo_do_piso
1995-06,1995-07,1995,7,2,0.5357500000000001,1.9521,19,0.9034320175438596,3.6815684210526314,,,4.620662068965517,0.9034320175438596,4.252980051421657,denominador_abaixo_do_piso
1995-07,1995-08,1995,8,2,0.08933333333333333,1.2264,19,1.2658355263157894,10.692884210526316,,,12.540279310344829,1.2658355263157894,11.363777117362373,denominador_abaixo_do_piso
1995-08,1995-09,1995,9,2,0.9180416666666668,24.8694,19,6.602217105263158,52.87421578947368,,,59.88213448275862,6.602217105263158,54.19795904416213,denominador_abaixo_do_piso
1995-09,1995-10,1995,10,2,8.291916666666667,82.7379,19,21.858918859649126,106.1908052631579,4.858008117646786,40.282198477517355,127.9127655172414,21.858918859649126,114.34576332425894,ok
1995-10,1995-11,1995,11,2,101.13116666666667,247.2129,19,90.40223245614035,180.37375263157895,1.9952356012788652,201.7805041321998,188.61057586206897,90.40223245614035,199.3395100725953,ok
1995-11,1995-12,1995,12,2,214.60675,191.1246,19,220.18094736842102,193.17488421052633,0.8773460488717655,188.28438417371075,197.78926896551727,220.18094736842102,192.21507159709626,ok
1995-12,1996-01,1996,1,2,207.85500000000002,224.1528,19,256.3616447368421,256.06915263157896,0.9988590644846136,207.61785084844936,271.0259199999999,256.3616447368421,222.51927526315785,ok
1996-01,1996-02,1996,2,2,188.911875,225.4247,19,265.29162061403514,224.7841578947368,0.847309678965581,160.06686015903597,227.18050000000002,265.29162061403514,150.8007543859649,ok
1996-02,1996-03,1996,3,2,287.0240833333333,302.7974,19,314.3895350877193,251.19325789473686,0.7989873385087396,229.32860843041064,265.2308,314.3895350877193,237.86534824561397,ok
1996-03,1996-04,1996,4,2,190.0259583333333,321.9434,19,192.57538377192984,198.8956368421053,1.0328196311822524,196.26254020088737,202.12559,192.57538377192984,199.57616456140346,ok
1996-04,1996-05,1996,5,2,31.660833333333333,98.9982,19,24.85156359649123,104.26463684210526,4.195496047452978,132.83290110906748,85.60418666666665,24.85156359649123,92.41345640350875,ok
1996-05,1996-06,1996,6,2,1.728,0.4652,19,1.8223179824561406,6.695078947368422,,,7.623910344827586,1.8223179824561406,7.529592362371445,denominador_abaixo_do_piso
1996-06,1996-07,1996,7,2,0.9375,1.9521,19,0.8822872807017543,3.6815684210526314,,,4.620662068965517,0.8822872807017543,4.675874788263763,denominador_abaixo_do_piso
1996-07,1996-08,1996,8,2,0.12274999999999998,1.4883,19,1.264076754385965,10.6791,,,12.531248275862069,1.264076754385965,11.389921521476104,denominador_abaixo_do_piso
1996-08,1996-09,1996,9,2,5.626833333333334,9.7369,19,6.3543859649122805,53.67066315789474,,,60.40394482758621,6.3543859649122805,59.676392196007264,denominador_abaixo_do_piso
1996-09,1996-10,1996,10,2,37.743125,145.0933,19,20.308855263157895,102.90894210526316,5.067195603680791,191.25179706917453,125.76257931034485,20.308855263157895,143.19684904718696,ok
1996-10,1996-11,1996,11,2,126.83516666666667,222.7092,19,89.04939035087719,181.6634210526316,2.0400299242569955,258.7475354481234,189.45553103448276,89.04939035087719,227.24130735027222,ok
1996-11,1996-12,1996,12,2,261.478875,130.1745,19,217.7139934210526,196.38278421052632,0.9020218733975802,235.8596646813917,199.89099655172416,217.7139934210526,243.65587813067157,ok
1996-12,1997-01,1997,1,2,220.28716666666665,403.2083,19,255.7073201754386,246.6451789473684,0.9645604935288801,212.48029819807863,265.0574033333333,255.7073201754386,229.63724982456134,ok
1997-01,1997-02,1997,2,2,254.4394583333333,180.4594,19,261.8428004385965,227.15075263157897,0.8675081088771315,220.72829332247167,228.67934333333335,261.8428004385965,221.27600122807016,ok
1997-02,1997-03,1997,3,2,300.237375,452.1152,19,313.69409868421053,243.3344263157895,0.7757061013785577,232.89596364938203,260.25354,313.69409868421053,246.79681631578944,ok
1997-03,1997-04,1997,4,2,197.14316666666664,290.1342,19,192.20079385964914,200.56980526315792,1.0435430636650755,205.7273841239679,203.18589666666665,192.20079385964914,208.12826947368416,ok
1997-04,1997-05,1997,5,2,20.958375,68.9381,19,25.414850877192983,105.84674736842105,4.164759725716384,87.28659611646113,86.60618999999998,25.414850877192983,82.149714122807,ok
1997-05,1997-06,1997,6,2,1.4688333333333334,0.6576,19,1.8359583333333338,6.6849526315789465,,,7.617275862068964,1.8359583333333338,7.250150862068963,denominador_abaixo_do_piso
1997-06,1997-07,1997,7,2,0.25675,1.9683,19,0.9181162280701753,3.680715789473684,,,4.620103448275861,0.9181162280701753,3.958737220205686,denominador_abaixo_do_piso
1997-07,1997-08,1997,8,2,4.2855,1.2265,19,1.044984649122807,10.69287894736842,,,12.540275862068965,1.044984649122807,15.780791212946157,denominador_abaixo_do_piso
1997-08,1997-09,1997,9,2,7.484333333333333,47.0877,19,6.256622807017544,51.70483157894737,,,59.11598620689656,6.256622807017544,60.34369673321235,denominador_abaixo_do_piso
1997-09,1997-10,1997,10,2,15.110708333333335,98.1562,19,21.5000350877193,105.3793157894737,4.901355526143572,74.06295379352707,127.38110000000003,21.5000350877193,120.99177324561407,ok
1997-10,1997-11,1997,11,2,61.732708333333335,75.7109,19,92.47583552631579,189.40017368421056,2.0481044870398932,126.43503693462502,194.5244379310345,92.47583552631579,163.78131073805204,ok
1997-11,1997-12,1997,12,2,200.73495833333334,199.815,19,220.91104166666662,192.7174947368421,0.8723760174361684,175.11636351104855,197.4896,220.91104166666662,177.31351666666671,ok
1997-12,1998-01,1998,1,2,217.318625,347.458,19,255.86355921052632,249.57940526315787,0.9754394335529515,211.98115647050628,266.9157466666666,255.86355921052632,228.3708124561403,ok
1998-01,1998-02,1998,2,2,257.64479166666666,127.8253,19,261.67409868421055,229.92096842105266,0.8786539041394476,226.38060207911127,230.43381333333338,261.67409868421055,226.4045063157895,ok
1998-02,1998-03,1998,3,2,237.16125,242.0988,19,317.0138947368421,254.38792105263158,0.8024503823840364,190.31013574917606,267.25408666666664,317.0138947368421,187.40144192982456,ok
1998-03,1998-04,1998,4,2,145.74604166666668,54.1047,19,194.9059057017544,212.99241052631584,1.0927960841383506,159.27070361199824,211.05354666666665,194.9059057017544,161.89368263157894,ok
1998-04,1998-05,1998,5,2,18.994291666666665,74.6596,19,25.51822368421053,105.54561578947369,4.136087883530088,78.56205961873651,86.41547333333331,25.51822368421053,79.89154131578945,ok
1998-05,1998-06,1998,6,2,1.41475,16.0121,19,1.8388048245614035,5.876821052631578,,,7.087810344827584,1.8388048245614035,6.6637555202661805,denominador_abaixo_do_piso
1998-06,1998-07,1998,7,2,0.23445833333333335,3.3565,19,0.9192894736842105,3.6076526315789472,,,4.5722344827586205,0.9192894736842105,3.8874033424077434,denominador_abaixo_do_piso
1998-07,1998-08,1998,8,2,0.32366666666666666,1.2501,19,1.2535021929824561,10.691636842105263,,,12.539462068965518,1.2535021929824561,11.609626542649728,denominador_abaixo_do_piso
1998-08,1998-09,1998,9,2,4.622375,13.3474,19,6.407252192982456,53.48063684210526,,,60.27944482758621,6.407252192982456,58.494567634603754,denominador_abaixo_do_piso
1998-09,1998-10,1998,10,2,14.90975,89.2952,19,21.510611842105266,105.84568421052631,4.920626386058533,73.36530925953622,127.68665172413796,21.510611842105266,121.0857898820327,ok
1998-10,1998-11,1998,11,2,149.56916666666666,245.1679,19,87.85286403508772,180.48138421052633,2.054359709188804,307.2688697369451,188.68109310344826,87.85286403508772,250.3973957350272,ok
1998-11,1998-12,1998,12,2,304.7461666666667,138.7974,19,215.43676754385962,195.92894736842106,0.909449903106873,277.151371747191,199.5936551724138,215.43676754385962,288.90305429522084,ok
1998-12,1999-01,1999,1,2,290.62870833333335,215.817,19,252.00513377192985,256.5078789473684,1.0178676724082678,295.82156688627134,271.30377999999996,252.00513377192985,309.9273545614035,ok
1999-01,1999-02,1999,2,2,209.26083333333335,131.3784,19,264.2206228070176,229.73396315789475,0.8694777898759578,181.94764687426783,230.31537666666665,264.2206228070176,175.3555871929824,ok
1999-02,1999-03,1999,3,2,285.059875,283.9542,19,314.49291447368415,252.18500526315793,0.801878178035264,228.58329319596007,265.85890666666666,314.49291447368415,236.42586719298248,ok
1999-03,1999-04,1999,4,2,180.52200000000002,162.6196,19,193.07559210526315,207.28110000000004,1.0735748508645886,193.8038792277773,207.4363833333333,193.07559210526315,194.88279122807018,ok
1999-04,1999-05,1999,5,2,24.28408333333333,177.0923,19,25.239813596491228,100.15442105263158,3.9681125484442874,96.36197580246677,83.00104999999999,25.239813596491228,82.04531973684209,ok
1999-05,1999-06,1999,6,2,3.207541666666667,0.6859,19,1.744447368421053,6.683463157894736,,,7.616299999999998,1.744447368421053,9.079394298245612,denominador_abaixo_do_piso
1999-06,1999-07,1999,7,2,0.6472916666666667,1.9885,19,0.8975614035087718,3.6796526315789473,,,4.619406896551724,0.8975614035087718,4.369137159709619,denominador_abaixo_do_piso
1999-07,1999-08,1999,8,2,0.18975,1.2624,19,1.2605504385964912,10.69098947368421,,,12.539037931034484,1.2605504385964912,11.468237492437993,denominador_abaixo_do_piso
1999-08,1999-09,1999,9,2,2.624375,72.5879,19,6.5124100877192985,50.36271578947369,,,58.23666896551725,6.5124100877192985,54.34863387779795,denominador_abaixo_do_piso
1999-09,1999-10,1999,10,2,19.652791666666666,112.4277,19,21.26097807017544,104.62818421052631,4.921136923484111,96.71407872037418,126.88897931034485,21.26097807017544,125.28079290683607,ok
1999-10,1999-11,1999,11,2,105.883125,349.1067,19,90.15212938596491,175.0109210526316,1.941284385012848,205.54925719886353,185.09699655172415,90.15212938596491,200.82799216575924,ok
1999-11,1999-12,1999,12,2,270.45141666666666,242.5365,19,217.24175438596487,190.46899473684212,0.8767605255039662,237.12112619995878,196.0164448275862,217.24175438596487,249.226107108288,ok
1999-12,2000-01,2000,1,2,222.24024999999997,260.085,19,255.60452631578946,254.17798421052632,0.994418948185993,220.9999156495921,269.8281799999999,255.60452631578946,236.46390368421044,ok
2000-01,2000-02,2000,2,2,222.99841666666666,271.7656,19,263.4975921052632,222.3451631578947,0.8438223718912439,188.17105287965856,225.63580333333337,263.4975921052632,185.13662789473682,ok
2000-02,2000-03,2000,3,2,280.439625,185.8099,19,314.7360855263158,257.3504947368421,0.8176707615413373,229.30728174011705,269.1303833333333,314.7360855263158,234.83392280701753,ok
2000-03,2000-04,2000,4,2,138.33716666666666,184.1135,19,195.29584649122808,206.14984210526316,1.0555771963871368,146.02555854614008,206.71992,195.29584649122808,149.7612401754386,ok
2000-04,2000-05,2000,5,2,19.0055,53.6399,19,25.517633771929827,106.65191578947368,4.179537834216981,79.43420630821083,87.11612999999997,25.517633771929827,80.60399622807014,ok
2000-05,2000-06,2000,6,2,2.160041666666667,4.8153,19,1.7995789473684214,6.466126315789474,,,7.473906896551722,1.7995789473684214,7.834369615849967,denominador_abaixo_do_piso
2000-06,2000-07,2000,7,2,0.6138750000000001,10.0203,19,0.8993201754385964,3.2569263157894737,,,4.342448275862069,0.8993201754385964,4.057003100423473,denominador_abaixo_do_piso
2000-07,2000-08,2000,8,2,1.2946250000000001,7.9948,19,1.2023991228070177,10.336652631578946,,,12.306886206896552,1.2023991228070177,12.399112084089534,denominador_abaixo_do_piso
2000-08,2000-09,2000,9,2,10.854041666666667,123.9327,19,6.079269736842105,47.66035789473684,,,56.46615862068967,6.079269736842105,61.24093055051423,denominador_abaixo_do_piso
2000-09,2000-10,2000,10,2,35.566916666666664,86.4072,19,20.42339254385965,105.99768421052632,5.190013558369118,184.59277972938452,127.7862379310345,20.42339254385965,142.92976205384153,ok
2000-10,2000-11,2000,11,2,79.40162500000001,192.5216,19,91.54589254385965,183.2522421052632,2.001752749501754,158.94242115865725,190.4964827586207,91.54589254385965,178.35221521476103,ok
2000-11,2000-12,2000,12,2,161.630375,222.6176,19,222.9691776315789,191.51735789473685,0.8589409528665384,138.8309483146759,196.70330344827588,222.9691776315789,135.36450081669696,ok
2000-12,2001-01,2001,1,2,303.03862499999997,192.5309,19,251.35198026315788,257.73346315789473,1.0253886318622023,310.73236109015295,272.0799833333333,251.35198026315788,323.7666280701754,ok
2001-01,2001-02,2001,2,2,239.76279166666666,153.1069,19,262.6152565789474,228.59035789473685,0.8704382253816926,208.6986988908938,229.59109333333336,262.6152565789474,206.7386284210526,ok
2001-02,2001-03,2001,3,2,352.86812499999996,249.1479,19,310.9240592105263,254.01691578947367,0.8169741397126142,288.2841328538782,267.01911666666666,310.9240592105263,308.9631824561403,ok
2001-03,2001-04,2001,4,2,203.87170833333334,196.9268,19,191.8466600877193,205.47545789473688,1.0710400577251957,218.3547662618676,206.29280999999995,191.8466600877193,218.317858245614,ok
2001-04,2001-05,2001,5,2,16.092791666666667,140.175,19,25.670934210526315,102.09743684210527,3.9771609402606165,64.00362243641821,84.23162666666664,25.670934210526315,74.65348412280699,ok
2001-05,2001-06,2001,6,2,1.0368333333333333,5.0237,19,1.8586951754385967,6.455157894736842,,,7.466720689655171,1.8586951754385967,6.644858847549907,denominador_abaixo_do_piso
2001-06,2001-07,2001,7,2,2.0200833333333335,2.3266,19,0.8253092105263158,3.661857894736842,,,4.607748275862068,0.8253092105263158,5.802522398669086,denominador_abaixo_do_piso
2001-07,2001-08,2001,8,2,2.6226249999999998,7.2041,19,1.1325043859649124,10.378268421052631,,,12.334151724137932,1.1325043859649124,13.824272338173019,denominador_abaixo_do_piso
2001-08,2001-09,2001,9,2,6.717624999999999,33.0017,19,6.296975877192983,52.4462,,,59.6017103448276,6.296975877192983,60.022359467634615,denominador_abaixo_do_piso
2001-09,2001-10,2001,10,2,20.22191666666667,130.0808,19,21.23102412280702,103.69907368421053,4.88431801896988,98.77027195310735,126.28025172413795,21.23102412280702,125.2711442679976,ok
2001-10,2001-11,2001,11,2,141.99837499999998,196.3446,19,88.25132675438596,183.05103157894737,2.0742014688164447,294.5332379945483,190.3646551724138,88.25132675438596,244.11170341802782,ok
2001-11,2001-12,2001,12,2,243.57816666666668,209.0467,19,218.65613596491227,192.2316157894737,0.8791503377720032,214.1418274988853,197.1712655172414,218.65613596491227,222.09329621899582,ok
2001-12,2002-01,2002,1,2,278.89958333333334,368.8524,19,252.62245614035083,248.45338421052634,0.9834968276632214,274.2968554449276,266.20259999999996,252.62245614035083,292.47972719298247,ok
2002-01,2002-02,2002,2,2,201.95266666666666,190.9456,19,264.6052631578948,226.59884736842105,0.8563656091496765,172.94531840940158,228.32980333333336,264.6052631578948,165.67720684210522,ok
2002-02,2002-03,2002,3,2,317.37925,178.8799,19,312.7918947368421,257.71523157894734,0.8239191485309048,261.49484142137715,269.3613833333333,312.7918947368421,273.94873859649124,ok
2002-03,2002-04,2002,4,2,154.17004166666666,124.7968,19,194.46253728070175,209.27177368421056,1.0761547011089958,165.9108151097531,208.69714333333332,194.46253728070175,168.40464771929823,ok
2002-04,2002-05,2002,5,2,15.266916666666667,103.8934,19,25.714401315789473,104.0069947368421,4.0446982785859555,61.7500715609819,85.44101333333332,25.714401315789473,74.9935286842105,ok
2002-05,2002-06,2002,6,2,3.5747916666666666,6.7952,19,1.7251184210526318,6.361921052631579,,,7.40563448275862,1.7251184210526318,9.255307728372655,denominador_abaixo_do_piso
2002-06,2002-07,2002,7,2,2.131625,2.1991,19,0.8194385964912282,3.6685684210526315,,,4.6121448275862065,0.8194385964912282,5.924331231094978,denominador_abaixo_do_piso
2002-07,2002-08,2002,8,2,2.031125,1.0971,19,1.1636359649122807,10.69968947368421,,,12.544737931034485,1.1636359649122807,13.412226966122203,denominador_abaixo_do_piso
2002-08,2002-09,2002,9,2,20.725291666666667,67.2486,19,5.5597302631578955,50.64373157894736,,,58.420782758620696,5.5597302631578955,73.58634416212946,denominador_abaixo_do_piso
2002-09,2002-10,2002,10,2,25.11,93.122,19,20.97375657894737,105.64427368421052,5.036974339172605,126.47842565662413,127.55469310344829,20.97375657894737,131.69093652450093,ok
2002-10,2002-11,2002,11,2,66.08512499999999,141.559,19,92.24676096491228,185.93448421052634,2.015620735792012,133.20254827740706,192.25381379310346,92.24676096491228,166.09217782819115,ok
2002-11,2002-12,2002,12,2,194.184,198.8721,19,221.25582894736837,192.76712105263158,0.8712408706687064,169.1810372299321,197.5221137931035,221.25582894736837,170.45028484573513,ok
2002-12,2003-01,2003,1,2,264.25775,226.3735,19,253.39307894736842,255.95227368421055,1.0100997025943779,266.9266746832594,270.95189666666664,253.39307894736842,281.8165677192982,ok
2003-01,2003-02,2003,2,2,270.3557083333333,242.0345,19,261.0051030701755,223.9099578947368,0.8578757858022988,231.93161573259545,226.62684000000002,261.0051030701755,235.97744526315785,ok
2003-02,2003-03,2003,3,2,344.48679166666665,210.3821,19,311.3651820175439,256.05722105263163,0.8223694743049468,283.2954217679144,268.31131,311.3651820175439,301.43291964912277,ok
2003-03,2003-04,2003,4,2,231.2820416666667,166.9079,19,190.4040109649123,207.05540000000002,1.0874529320611648,251.50833434350918,207.29343999999998,190.4040109649123,248.17147070175437,ok
2003-04,2003-05,2003,5,2,38.479708333333335,100.5299,19,24.492675438596493,104.18402105263158,4.253680710129952,163.68039306892678,85.55312999999998,24.492675438596493,99.54016289473682,ok
2003-05,2003-06,2003,6,2,2.8079583333333336,12.2745,19,1.7654780701754387,6.073536842105263,,,7.216693103448276,1.7654780701754387,8.25917336660617,denominador_abaixo_do_piso
2003-06,2003-07,2003,7,2,0.18979166666666666,1.88,19,0.9216403508771929,3.685363157894737,,,4.623148275862068,0.9216403508771929,3.8912995916515416,denominador_abaixo_do_piso
2003-07,2003-08,2003,8,2,0.9039583333333333,33.5851,19,1.2229605263157894,8.989794736842105,,,11.424462068965518,1.2229605263157894,11.105459875983062,denominador_abaixo_do_piso
2003-08,2003-09,2003,9,2,2.6784166666666667,34.1644,19,6.509565789473685,52.38500526315789,,,59.561617241379324,6.509565789473685,55.730468118572304,denominador_abaixo_do_piso
2003-09,2003-10,2003,10,2,18.938458333333333,102.8612,19,21.298574561403512,105.13168421052632,4.936090155114984,93.481937732222,127.21885862068967,21.298574561403512,124.85874239261949,ok
2003-10,2003-11,2003,11,2,81.04329166666666,171.1685,19,91.45948903508771,184.3760894736842,2.015931768468002,163.3777462920514,191.23279655172416,91.45948903508771,180.8165991833031,ok
2003-11,2003-12,2003,12,2,211.64941666666667,191.1895,19,220.33659649122805,193.17146842105262,0.8767107756824368,185.55532425856862,197.7870310344828,220.33659649122805,189.0998512099214,ok
2003-12,2004-01,2004,1,2,288.05075,330.2411,19,252.14081578947366,250.48555789473684,0.9934351846623718,286.15975001838467,267.4896433333333,252.14081578947366,303.3995775438596,ok
2004-01,2004-02,2004,2,2,336.01141666666666,337.9902,19,257.5495394736842,218.85965789473684,0.8497769335638801,285.5347512974552,223.42831666666672,257.5495394736842,301.8901938596492,ok
2004-02,2004-03,2004,3,2,346.33945833333337,263.3091,19,311.26767324561405,253.27158947368423,0.8136777803901066,281.8087217181785,266.54707666666667,311.26767324561405,301.618861754386,ok
2004-03,2004-04,2004,4,2,203.35325,153.5851,19,191.87394736842106,207.75660000000002,1.082776493887846,220.1861190556986,207.73753333333332,191.87394736842106,219.21683596491226,ok
2004-04,2004-05,2004,5,2,14.90975,29.0041,19,25.73319956140351,107.94853684210526,4.194913134860003,62.54510611247893,87.93732333333332,25.73319956140351,77.11387377192982,ok
2004-05,2004-06,2004,6,2,1.0582916666666666,11.5046,19,1.8575657894736843,6.114057894736843,,,7.2432413793103425,1.8575657894736843,6.443967256503325,denominador_abaixo_do_piso
2004-06,2004-07,2004,7,2,1.104875,24.0552,19,0.8734780701754385,2.5182473684210525,,,3.8584862068965515,0.8734780701754385,4.089883136721113,denominador_abaixo_do_piso
2004-07,2004-08,2004,8,2,0.558125,45.2683,19,1.2411622807017544,8.374889473684208,,,11.021593103448277,1.2411622807017544,10.338555822746523,denominador_abaixo_do_piso
2004-08,2004-09,2004,9,2,8.402416666666667,24.8521,19,6.208302631578947,52.87512631578947,,,59.88273103448276,6.208302631578947,62.07684506957048,denominador_abaixo_do_piso
2004-09,2004-10,2004,10,2,14.943166666666668,156.836,19,21.50885307017544,102.2909052631579,4.7557582419397475,71.06608803567931,125.35765862068966,21.50885307017544,118.79197221718088,ok
2004-10,2004-11,2004,11,2,64.84325,135.0896,19,92.31212280701754,186.27497894736845,2.0178820861565963,130.8460325831737,192.47689655172414,92.31212280701754,165.00802374470658,ok
2004-11,2004-12,2004,12,2,223.03270833333332,159.7892,19,219.73747587719294,194.82411578947367,0.8866221613392753,197.74574191185218,198.86980000000003,219.73747587719294,202.1650324561404,ok
2004-12,2005-01,2005,1,2,241.32387500000002,258.8253,19,254.600125,254.2442842105263,0.9986023542232209,240.9865897052703,269.87017,254.600125,256.59392,ok
2005-01,2005-02,2005,2,2,280.5767916666667,252.3165,19,260.4671513157895,223.3688,0.8575699425882245,240.61422312117156,226.28410666666667,260.4671513157895,246.39374701754383,ok
2005-02,2005-03,2005,3,2,327.62399999999997,402.6636,19,312.252697368421,245.9371421052632,0.7876221540372689,258.04392059430614,261.90192666666667,312.252697368421,277.2732292982456,ok
2005-03,2005-04,2005,4,2,163.134125,143.7686,19,193.99074342105263,208.27325789473684,1.0736247215810928,175.1448295335002,208.06474999999995,193.99074342105263,177.20813157894733,ok
2005-04,2005-05,2005,5,2,33.0225,73.4273,19,24.77989692982456,105.61047368421052,4.261941604652116,140.7399666396245,86.45654999999998,24.77989692982456,94.69915307017541,ok
2005-05,2005-06,2005,6,2,1.0907083333333334,0.5479,19,1.8558596491228074,6.690726315789473,,,7.621058620689654,1.8558596491228074,6.85590730490018,denominador_abaixo_do_piso
2005-06,2005-07,2005,7,2,0.29020833333333335,1.8672,19,0.9163552631578947,3.6860368421052634,,,4.623589655172413,0.9163552631578947,3.9974427253478515,denominador_abaixo_do_piso
2005-07,2005-08,2005,8,2,0.6696666666666666,1.159,19,1.2352916666666667,10.696431578947367,,,12.542603448275862,1.2352916666666667,11.976978448275862,denominador_abaixo_do_piso
2005-08,2005-09,2005,9,2,3.76925,69.9723,19,6.45215350877193,50.50037894736842,,,58.326862068965525,6.45215350877193,55.643958560193596,denominador_abaixo_do_piso
2005-09,2005-10,2005,10,2,14.106333333333334,43.3954,19,21.552896929824563,108.26146315789474,5.023058548017469,70.85693823118376,129.26940344827588,21.552896929824563,121.82283985178465,ok
2005-10,2005-11,2005,11,2,71.43120833333333,162.476,19,91.96538815789474,184.8335894736842,2.009816879762903,143.56364825019386,191.53253793103448,91.96538815789474,170.99835810647306,ok
2005-11,2005-12,2005,12,2,200.93583333333333,270.7065,19,220.90046929824558,188.98636315789474,0.8555272143977998,171.90607376436722,195.04506551724143,220.90046929824558,175.08042955232918,ok
2005-12,2006-01,2006,1,2,221.44791666666666,166.8556,19,255.6462280701754,259.08479473684207,1.0134504885623534,224.42649933694864,272.9358266666666,255.6462280701754,238.7375152631579,ok
2006-01,2006-02,2006,2,2,241.28495833333332,230.8724,19,262.53514254385965,224.49743684210526,0.8551138512993561,206.32610998102132,226.99891,262.53514254385965,205.74872578947367,ok
2006-02,2006-03,2006,3,2,351.69629166666664,267.8005,19,310.9857346491228,253.03520000000003,0.813655328227493,286.15956163243374,266.3973633333333,310.9857346491228,307.1079203508772,ok
2006-03,2006-04,2006,4,2,188.298,429.1988,19,192.6663289473684,193.2506157894737,1.0030326359841781,188.86903929054878,198.55040999999997,192.6663289473684,194.18208105263156,ok
2006-04,2006-05,2006,5,2,20.556791666666665,133.2095,19,25.43598684210526,102.46404210526316,4.028310076637172,82.80913101416438,84.46380999999998,25.43598684210526,79.58461482456138,ok
2006-05,2006-06,2006,6,2,1.5767083333333334,0.6042,19,1.830280701754386,6.687763157894737,,,7.619117241379309,1.830280701754386,7.365544872958256,denominador_abaixo_do_piso
2006-06,2006-07,2006,7,2,1.3169583333333332,1.5265,19,0.8623157894736843,3.7039684210526316,,,4.635337931034482,0.8623157894736843,5.089980474894131,denominador_abaixo_do_piso
2006-07,2006-08,2006,8,2,0.8594166666666667,12.4889,19,1.2253048245614035,10.100121052631577,,,12.15191724137931,1.2253048245614035,11.786029083484573,denominador_abaixo_do_piso
2006-08,2006-09,2006,9,2,8.229625,73.0467,19,6.217396929824562,50.33856842105263,,,58.220848275862075,6.217396929824562,60.233076346037514,denominador_abaixo_do_piso
2006-09,2006-10,2006,10,2,20.333541666666665,156.2402,19,21.22514912280702,102.32226315789474,4.820803027854659,98.02399923367553,125.37820344827587,21.22514912280702,124.4865959921355,ok
2006-10,2006-11,2006,11,2,79.41233333333334,160.8529,19,91.54532894736842,184.9190157894737,2.0199721593199804,160.4107024399714,191.5885068965517,91.54532894736842,179.45551128251662,ok
2006-11,2006-12,2006,12,2,187.22025,150.7779,19,221.62234210526313,195.29839473684214,0.8812215992378692,164.9825281147137,199.18053448275867,221.62234210526313,164.77844237749554,ok
2006-12,2007-01,2007,1,2,254.001625,243.8694,19,253.932875,255.03143684210522,1.004326189911823,255.10048426766164,270.3687,253.932875,270.43745,ok
2007-01,2007-02,2007,2,2,318.00391666666667,391.6001,19,258.4973026315789,216.03808421052628,0.835745990426959,265.77049829423544,221.64132000000004,258.4973026315789,281.1479340350878,ok
2007-02,2007-03,2007,3,2,333.9184166666667,144.3091,19,311.92141228070176,259.53474736842105,0.832051719280056,277.83739268677414,270.5137433333333,311.92141228070176,292.51074771929825,ok
2007-03,2007-04,2007,4,2,156.62158333333335,203.9629,19,194.33350877192984,205.10513684210528,1.0554285678174886,165.30289338680745,206.0582733333333,194.33350877192984,168.3463478947368,ok
2007-04,2007-05,2007,5,2,19.742083333333333,59.8926,19,25.478866228070174,106.32282631578947,4.1729810645441185,82.38333992465203,86.90770666666666,25.478866228070174,81.17092377192981,ok
2007-05,2007-06,2007,6,2,0.4967916666666667,0.6092,19,1.8871184210526315,6.6875,,,7.618944827586206,1.8871184210526315,6.228618073200241,denominador_abaixo_do_piso
2007-06,2007-07,2007,7,2,0.6585416666666667,2.6528,19,0.8969692982456139,3.6446894736842106,,,4.596499999999999,0.8969692982456139,4.358072368421052,denominador_abaixo_do_piso
2007-07,2007-08,2007,8,2,0.5469583333333333,1.474,19,1.2417500000000001,10.679852631578946,,,12.531741379310345,1.2417500000000001,11.836949712643678,denominador_abaixo_do_piso
2007-08,2007-09,2007,9,2,5.162416666666667,24.48,19,6.378828947368421,52.89471052631579,,,59.895562068965525,6.378828947368421,58.67914978826377,denominador_abaixo_do_piso
2007-09,2007-10,2007,10,2,16.617333333333335,90.3212,19,21.42073903508772,105.79168421052631,4.938750434204759,82.06886221532523,127.65127241379312,21.42073903508772,122.84786671203874,ok
2007-10,2007-11,2007,11,2,79.06683333333334,140.1645,19,91.56351315789475,186.00787894736843,2.0314628887885844,160.62133765069888,192.3019,91.56351315789475,179.8052201754386,ok
2007-11,2007-12,2007,12,2,240.944375,154.6319,19,218.79475657894733,195.09555263157895,0.8916829437874713,214.8459895890324,199.04763793103453,218.79475657894733,221.1972563520872,ok
2007-12,2008-01,2008,1,2,195.21062500000002,277.9576,19,257.0271381578947,253.2373210526316,0.9852551869330819,192.33228082569877,269.23242666666664,257.0271381578947,207.41591350877198,ok
2008-01,2008-02,2008,2,2,355.6490833333333,227.3554,19,256.51597807017544,224.68254210526314,0.8759007676465145,311.5133051044458,227.11614333333333,256.51597807017544,326.24924859649116,ok
2008-02,2008-03,2008,3,2,277.95091666666667,291.7903,19,314.8670701754386,251.7725789473685,0.7996154656855196,222.2538516681337,265.59770333333336,314.8670701754386,228.68154982456144,ok
2008-03,2008-04,2008,4,2,204.1955,198.2004,19,191.8296184210527,205.40842631578948,1.070785773367553,218.64963638567417,206.25035666666665,191.8296184210527,218.61623824561397,ok
2008-04,2008-05,2008,5,2,22.24191666666667,156.4351,19,25.347296052631577,101.24164210526315,3.9941791777333253,88.83820042287982,83.68962333333333,25.347296052631577,80.58424394736842,ok
2008-05,2008-06,2008,6,2,2.9484583333333334,1.2231,19,1.7580833333333332,6.65518947368421,,,7.597775862068964,1.7580833333333332,8.788150862068964,denominador_abaixo_do_piso
2008-06,2008-07,2008,7,2,1.4954166666666666,1.8809,19,0.852923245614035,3.6853157894736843,,,4.62311724137931,0.852923245614035,5.265610662431942,denominador_abaixo_do_piso
2008-07,2008-08,2008,8,2,0.9486666666666667,10.0751,19,1.2206074561403508,10.227163157894736,,,12.23515172413793,1.2206074561403508,11.963210934664247,denominador_abaixo_do_piso
2008-08,2008-09,2008,9,2,6.642,35.7506,19,6.300956140350878,52.301521052631585,,,59.506920689655175,6.300956140350878,59.847964549304294,denominador_abaixo_do_piso
2008-09,2008-10,2008,10,2,27.598625000000002,71.4708,19,20.842776315789475,106.78381052631579,5.123300701808212,141.39605483144166,128.30128620689655,20.842776315789475,135.05713489110707,ok
2008-10,2008-11,2008,11,2,90.61195833333333,228.8043,19,90.95587499999999,181.3426263157895,1.9937428595545863,180.65694491734104,189.24535517241378,90.95587499999999,188.90143850574714,ok
2008-11,2008-12,2008,12,2,218.95916666666668,198.2564,19,219.9518728070175,192.79952631578945,0.8765532380119758,191.92936653407057,197.54334482758625,219.9518728070175,196.55063868723542,ok
2008-12,2009-01,2009,1,2,256.25595833333335,176.1671,19,253.81422587719294,258.5947157894737,1.0188346019446277,261.0824373044808,272.6254433333333,253.81422587719294,275.0671757894737,ok
2009-01,2009-02,2009,2,2,259.47929166666665,173.2144,19,261.5775460526316,227.53206842105263,0.8698455653195526,225.70691114850874,228.92084333333335,261.5775460526316,226.82258894736842,ok
2009-02,2009-03,2009,3,2,277.2366666666667,237.6584,19,314.9046622807017,254.62162631578948,0.8085673437531492,224.1645151576439,267.4021,314.9046622807017,229.734104385965,ok
2009-03,2009-04,2009,4,2,206.7012083333333,291.4855,19,191.69773903508775,200.49868421052633,1.0459105319642172,216.19097076556315,203.14085333333333,191.69773903508775,218.1443226315789,ok
2009-04,2009-05,2009,5,2,30.812749999999998,287.1656,19,24.896199561403506,94.3610894736842,3.7901804747730203,116.78588342406238,79.33194,24.896199561403506,85.24849043859649,ok
2009-05,2009-06,2009,6,2,4.611625,15.2435,19,1.6705482456140353,5.917273684210526,,,7.114313793103446,1.6705482456140353,10.055390547489411,denominador_abaixo_do_piso
2009-06,2009-07,2009,7,2,1.3839583333333334,2.7198,19,0.8587894736842103,3.6411631578947365,,,4.594189655172413,0.8587894736842103,5.119358514821537,denominador_abaixo_do_piso
2009-07,2009-08,2009,8,2,4.330125,15.226,19,1.0426359649122807,9.956063157894736,,,12.057534482758621,1.0426359649122807,15.34502351784634,denominador_abaixo_do_piso
2009-08,2009-09,2009,9,2,8.747958333333333,49.6335,19,6.190116228070176,51.57084210526316,,,59.02820000000001,6.190116228070176,61.58604210526317,denominador_abaixo_do_piso
2009-09,2009-10,2009,10,2,33.669666666666664,145.1622,19,20.523247807017547,102.90531578947369,5.014085331771276,168.8225817589616,125.76020344827586,20.523247807017547,138.90662230792498,ok
2009-10,2009-11,2009,11,2,66.75483333333334,129.9771,19,92.21151315789473,186.54405789473682,2.023001808627904,135.04514856798764,192.65318965517238,92.21151315789473,167.19650983061098,ok
2009-11,2009-12,2009,12,2,226.82704166666667,238.1976,19,219.53777412280698,190.69735789473685,0.868631189583178,197.02904303254974,196.16606206896557,219.53777412280698,203.45532961282527,ok
2009-12,2010-01,2010,1,2,282.38145833333334,206.4191,19,252.43919956140346,257.0025052631579,1.0180768506225772,287.48602577421053,271.6170433333333,252.43919956140346,301.5593021052632,ok
2010-01,2010-02,2010,2,2,212.33516666666665,189.3031,19,264.0588157894737,226.6852947368421,0.8584651645093023,182.28234378361012,228.38455333333334,264.0588157894737,176.66090421052627,ok
2010-02,2010-03,2010,3,2,318.10470833333335,170.6808,19,312.7537127192982,258.1467631578948,0.8253995161668501,262.56347234873033,269.63468666666665,312.7537127192982,274.9856822807018,ok
2010-03,2010-04,2010,4,2,182.6280833333333,179.409,19,192.9647456140351,206.39744736842107,1.069612206683877,195.3412272166136,206.87673666666666,192.9647456140351,196.54007438596486,ok
2010-04,2010-05,2010,5,2,15.467666666666666,36.5434,19,25.70383552631579,107.55173157894735,4.184267809714043,64.72085972472024,87.68601333333332,25.70383552631579,77.4498444736842,ok
2010-05,2010-06,2010,6,2,0.367125,8.1085,19,1.8939429824561402,6.2928,,,7.3603482758620675,1.8939429824561402,5.833530293405927,denominador_abaixo_do_piso
2010-06,2010-07,2010,7,2,0.20095833333333335,1.8517,19,0.9210526315789472,3.6868526315789474,,,4.624124137931034,0.9210526315789472,3.90402983968542,denominador_abaixo_do_piso
2010-07,2010-08,2010,8,2,0.20095833333333335,1.1641,19,1.2599605263157896,10.696163157894736,,,12.542427586206896,1.2599605263157896,11.48342539322444,denominador_abaixo_do_piso
2010-08,2010-09,2010,9,2,1.1880833333333334,2.3148,19,6.588004385964912,54.0613,,,60.65987931034483,6.588004385964912,55.25995825771325,denominador_abaixo_do_piso
2010-09,2010-10,2010,10,2,13.302666666666667,136.1532,19,21.5951951754386,103.37947368421052,4.787151625366631,63.68188235504384,126.07085862068966,21.5951951754386,117.77833011191773,ok
2010-10,2010-11,2010,11,2,87.32883333333332,142.1422,19,91.12867105263159,185.90378947368418,2.0400142713187925,178.15206629762025,192.23370344827583,91.12867105263159,188.43386572897757,ok
2010-11,2010-12,2010,12,2,242.29487500000002,168.2896,19,218.7236776315789,194.37672631578948,0.8886862566530188,215.32412546996113,198.57668275862073,218.7236776315789,222.14788012704184,ok
2010-12,2011-01,2011,1,2,297.7264166666667,274.405,19,251.63157017543855,253.42430000000002,1.0071244233118744,299.8475456901275,269.35084666666665,251.63157017543855,315.44569315789477,ok
1991-01,1991-03,1991,3,3,369.6304583333333,354.0018,19,337.4149736842105,248.49828947368425,0.7364767685332657,272.2242455048032,263.5239866666667,337.4149736842105,295.7394713157895,ok
1991-02,1991-04,1991,4,3,218.44070833333333,214.6288,19,193.3552565789474,204.54377368421055,1.0578650785255215,231.0807970742122,205.7027433333333,193.3552565789474,230.78819508771923,ok
1991-03,1991-05,1991,5,3,23.837666666666667,128.0413,19,24.746403508771927,102.73605263157896,4.151554895448214,98.96338174606272,84.63608333333332,24.746403508771927,83.72734649122806,ok
1991-04,1991-06,1991,6,3,1.0043333333333333,0.7033,19,1.4164692982456142,6.682547368421052,,,7.615699999999998,1.4164692982456142,7.203564035087717,denominador_abaixo_do_piso
1991-05,1991-07,1991,7,3,1.071375,1.9531,19,1.2846491228070174,3.681515789473684,,,4.620627586206896,1.2846491228070174,4.407353463399879,denominador_abaixo_do_piso
1991-06,1991-08,1991,8,3,1.2722916666666666,1.2135,19,1.8044451754385962,10.693563157894737,,,12.540724137931036,1.8044451754385962,12.008570629159106,denominador_abaixo_do_piso
1991-07,1991-09,1991,9,3,6.048041666666666,73.9762,19,6.9108399122807,50.28964736842105,,,58.18879655172414,6.9108399122807,57.32599830611011,denominador_abaixo_do_piso
1991-08,1991-10,1991,10,3,22.018666666666665,58.2752,19,26.794008771929825,107.4783157894737,4.0112816527130155,88.32307361720365,128.75630689655173,26.794008771929825,123.98096479128857,ok
1991-09,1991-11,1991,11,3,130.49633333333333,141.8015,19,103.00983333333333,185.9217210526316,1.8048929411525267,235.5319108796205,192.24545172413795,103.00983333333333,219.73195172413796,ok
1991-10,1991-12,1991,12,3,226.269,139.2974,19,234.19495614035085,195.90263157894736,0.8364938118545334,189.27261831451344,199.57641379310346,234.19495614035085,191.6504576527526,ok
1991-11,1992-01,1992,1,3,263.6773333333333,307.6078,19,306.10179385964915,251.67678421052634,0.8221996383527329,216.79540810847965,268.24408666666665,306.10179385964915,225.8196261403508,ok
1991-12,1992-02,1992,2,3,254.93433333333334,144.7331,19,297.6197214912281,236.28054210526318,0.7939008239150818,202.39257727757544,229.87022000000005,297.6197214912281,187.18483184210527,ok
1992-01,1992-03,1992,3,3,330.52575,155.372,19,339.47311622807024,258.95248947368424,0.7628070592185292,252.1273753534988,270.14498,339.47311622807024,261.19761377192975,ok
1992-02,1992-04,1992,4,3,188.4059583333333,102.9542,19,194.93603289473685,210.42138421052633,1.0794381166264493,203.3725728245346,209.42522999999997,194.93603289473685,202.89515543859642,ok
1992-03,1992-05,1992,5,3,13.447833333333334,24.3743,19,25.293236842105262,108.19221052631579,4.277515416540515,57.52331440240076,88.09164999999999,25.293236842105262,76.24624649122806,ok
1992-04,1992-06,1992,6,3,2.00875,1.0095,19,1.3636052631578948,6.666431578947368,,,7.605141379310343,1.3636052631578948,8.250286116152449,denominador_abaixo_do_piso
1992-05,1992-07,1992,7,3,0.6473333333333334,2.0289,19,1.3069671052631577,3.677526315789474,,,4.618013793103447,1.3069671052631577,3.958380021173623,denominador_abaixo_do_piso
1992-06,1992-08,1992,8,3,0.4799583333333333,13.0445,19,1.8461469298245614,10.07087894736842,,,12.132758620689655,1.8461469298245614,10.766570024198426,denominador_abaixo_do_piso
1992-07,1992-09,1992,9,3,3.045625,135.5711,19,7.068861842105262,47.047810526315786,,,56.06483448275863,7.068861842105262,52.041597640653364,denominador_abaixo_do_piso
1992-08,1992-10,1992,10,3,16.606041666666666,62.0723,19,27.078883771929824,107.27846842105264,3.961702015659091,65.78818874295219,128.62537241379312,27.078883771929824,118.15253030852996,ok
1992-09,1992-11,1992,11,3,105.25679166666667,214.2915,19,104.3382302631579,182.10645789473688,1.7453473902656287,183.70966664314966,189.74579655172414,104.3382302631579,190.6643579552329,ok
1992-10,1992-12,1992,12,3,214.12683333333334,239.5717,19,234.83401754385963,190.62503684210526,0.8117437108808245,173.81611028915984,196.11867931034487,234.83401754385963,175.41149509981858,ok
1992-11,1993-01,1993,1,3,278.52,121.8043,19,305.320600877193,261.4559157894737,0.8563323766503306,238.50569354465006,274.43753666666663,305.320600877193,247.63693578947363,ok
1992-12,1993-02,1993,2,3,300.948625,307.8407,19,295.19791666666674,227.69593157894738,0.7713331250777706,232.13164340910808,224.43330000000003,295.19791666666674,230.18400833333328,ok
1993-01,1993-03,1993,3,3,345.7144583333333,153.1779,19,338.6737105263158,259.0679684210526,0.7649485636734192,264.45377834321744,270.2181166666667,338.6737105263158,277.2588644736842,ok
1993-02,1993-04,1993,4,3,184.993125,250.0943,19,195.11565570175438,202.67716842105264,1.0387540030660403,192.16234913344636,204.52055999999996,195.11565570175438,194.39802929824558,ok
1993-03,1993-05,1993,5,3,37.75425,95.5974,19,24.013951754385964,104.44362631578947,4.34928942075157,164.20416011340996,85.71754666666665,24.013951754385964,99.45784491228068,ok
1993-04,1993-06,1993,6,3,2.030375,0.586,19,1.3624671052631578,6.688721052631579,,,7.619744827586205,1.3624671052631578,8.287652722323047,denominador_abaixo_do_piso
1993-05,1993-07,1993,7,3,3.002125,1.8793,19,1.183030701754386,3.6854,,,4.623172413793102,1.183030701754386,6.442266712038716,denominador_abaixo_do_piso
1993-06,1993-08,1993,8,3,2.9127916666666667,40.5665,19,1.7181030701754385,8.622352631578947,,,11.183724137931035,1.7181030701754385,12.378412734422263,denominador_abaixo_do_piso
1993-07,1993-09,1993,9,3,4.665583333333333,56.4376,19,6.983600877192981,51.21273157894736,,,58.79357586206897,6.983600877192981,56.47555831820932,denominador_abaixo_do_piso
1993-08,1993-10,1993,10,3,32.620666666666665,126.1723,19,26.236008771929825,103.90478421052632,3.9603883774309114,129.19050913071462,126.41502758620692,26.236008771929825,132.79968548094377,ok
1993-09,1993-11,1993,11,3,111.61808333333333,225.9903,19,104.00342543859648,181.4907315789474,1.7450457118462828,194.77865768533437,189.34238965517244,104.00342543859648,196.9570475499093,ok
1993-10,1993-12,1993,12,3,265.2620416666667,216.8044,19,232.14269078947368,191.8233157894737,0.8263164140000214,219.19037904032427,196.90375862068967,232.14269078947368,230.02310949788267,ok
1993-11,1994-01,1994,1,3,327.8473333333333,330.218,19,302.72442543859654,250.48677368421053,0.8274415694118422,271.2745120208207,267.49041333333327,302.72442543859654,292.61332122807005,ok
1993-12,1994-02,1994,2,3,348.5764583333334,306.4669,19,292.69118859649126,227.7682368421053,0.778186176134295,271.25738120085214,224.47909333333334,292.69118859649126,280.3643630701755,ok
1994-01,1994-03,1994,3,3,392.0843333333333,311.1998,19,336.2331907894737,250.7510263157895,0.7457652402697884,292.4028670543531,264.95072,336.2331907894737,320.80186254385956,ok
1994-02,1994-04,1994,4,3,242.60045833333334,176.4476,19,192.08369078947368,206.5533105263158,1.0753297673392845,260.87549441598713,206.97544999999994,192.08369078947368,257.4922175438596,ok
1994-03,1994-05,1994,5,3,42.45254166666667,50.2617,19,23.766673245614033,106.82971578947368,4.494937709011855,190.82153038089697,87.22873666666665,23.766673245614033,105.91460508771928,ok
1994-04,1994-06,1994,6,3,3.7150833333333337,40.3001,19,1.273798245614035,4.598505263157895,,,6.250293103448275,1.273798245614035,8.691578191167574,denominador_abaixo_do_piso
1994-05,1994-07,1994,7,3,0.6139583333333333,1.843,19,1.3087236842105263,3.6873105263157893,,,4.624424137931034,1.3087236842105263,3.929658787053841,denominador_abaixo_do_piso
1994-06,1994-08,1994,8,3,1.4508333333333334,6.3765,19,1.7950482456140346,10.421826315789472,,,12.362689655172415,1.7950482456140346,12.018474742891714,denominador_abaixo_do_piso
1994-07,1994-09,1994,9,3,6.8040416666666665,57.4679,19,6.87105043859649,51.1585052631579,,,58.75804827586207,6.87105043859649,58.69103950393225,denominador_abaixo_do_piso
1994-08,1994-10,1994,10,3,25.210458333333335,114.0829,19,26.626019736842107,104.54106842105264,3.9262747287909656,98.98318545540428,126.83190344827588,26.626019736842107,125.4163420447671,ok
1994-09,1994-11,1994,11,3,87.01558333333332,151.223,19,105.29829385964912,185.42585263157898,1.760957806958686,153.23077079789743,191.9205724137931,105.29829385964912,173.6378618874773,ok
1994-10,1994-12,1994,12,3,194.63041666666666,200.9509,19,235.8601447368421,192.6577105263158,0.8168302904302511,158.98001977239412,197.4504310344828,235.8601447368421,156.22070296430735,ok
1994-11,1995-01,1995,1,3,311.408625,156.6185,19,303.58962061403514,259.6235894736842,0.8551793995742476,266.310240949742,273.2770633333333,303.58962061403514,281.0960677192981,ok
1994-12,1995-02,1995,2,3,277.653625,232.7107,19,296.4239692982457,231.65014210526317,0.7814824916273534,216.9814466743668,226.93763333333337,296.4239692982457,208.16728903508763,ok
1995-01,1995-03,1995,3,3,335.03433333333334,218.3206,19,339.23582236842105,255.63940526315787,0.7535743232491681,252.47327100690285,268.04669333333334,339.23582236842105,263.8452042982456,ok
1995-02,1995-04,1995,4,3,180.67316666666667,255.6784,19,195.34302192982454,202.38326842105263,1.0360404299149075,187.1847052674211,204.3344233333333,195.34302192982454,189.66456807017542,ok
1995-03,1995-05,1995,5,3,20.70175,188.1476,19,24.91145175438596,99.57256315789473,3.997059831744402,82.74613337181468,82.63253999999999,24.91145175438596,78.42283824561403,ok
1995-04,1995-06,1995,6,3,0.367125,0.5023,19,1.4500065789473684,6.693126315789473,,,7.622631034482757,1.4500065789473684,6.539749455535389,denominador_abaixo_do_piso
1995-05,1995-07,1995,7,3,0.10049999999999999,1.9521,19,1.3357478070175437,3.6815684210526314,,,4.620662068965517,1.3357478070175437,3.3854142619479735,denominador_abaixo_do_piso
1995-06,1995-08,1995,8,3,0.078125,1.2264,19,1.8672960526315787,10.692884210526316,,,12.540279310344829,1.8672960526315787,10.75110825771325,denominador_abaixo_do_piso
1995-07,1995-09,1995,9,3,2.3219583333333333,24.8694,19,7.106949561403508,52.87421578947368,,,59.88213448275862,7.106949561403508,55.09714325468845,denominador_abaixo_do_piso
1995-08,1995-10,1995,10,3,14.039333333333333,82.7379,19,27.213973684210522,106.1908052631579,3.9020690802229123,54.78244850694288,127.9127655172414,27.213973684210522,114.73812516636421,ok
1995-09,1995-11,1995,11,3,96.96249999999999,247.2129,19,104.77477192982457,180.37375263157895,1.721538012532145,166.9246295401481,188.61057586206897,104.77477192982457,180.79830393224438,ok
1995-10,1995-12,1995,12,3,209.183125,191.1246,19,235.0942127192982,193.17488421052633,0.8216913635435874,171.88396721155868,197.78926896551727,235.0942127192982,171.87818124621904,ok
1995-11,1996-01,1996,1,3,334.3090833333333,224.1528,19,302.38433333333336,256.06915263157896,0.8468333984396643,283.1040971684156,271.0259199999999,302.38433333333336,302.9506699999999,ok
1995-12,1996-02,1996,2,3,334.5081666666667,225.4247,19,293.431625,232.0336157894737,0.7907587186264389,264.5152492434126,227.18050000000002,293.431625,268.25704166666674,ok
1996-01,1996-03,1996,3,3,366.6059583333333,302.7974,19,337.57415789473686,251.19325789473686,0.7441128179398866,272.7961927289693,265.2308,337.57415789473686,294.26260043859645,ok
1996-02,1996-04,1996,4,3,202.32725000000002,321.9434,19,194.20333333333335,198.8956368421053,1.0241618072575407,207.21584201744827,202.12559,194.20333333333335,210.24950666666666,ok
1996-03,1996-05,1996,5,3,28.971416666666666,98.9982,19,24.476206140350875,104.26463684210526,4.259836522222173,123.41349881718283,85.60418666666665,24.476206140350875,90.09939719298244,ok
1996-04,1996-06,1996,6,3,1.7495833333333335,0.4652,19,1.377245614035088,6.695078947368422,,,7.623910344827586,1.377245614035088,7.996248064125831,denominador_abaixo_do_piso
1996-05,1996-07,1996,7,3,0.4687916666666667,1.9521,19,1.3163640350877193,3.6815684210526314,,,4.620662068965517,1.3163640350877193,3.773089700544465,denominador_abaixo_do_piso
1996-06,1996-08,1996,8,3,0.6584166666666667,1.4883,19,1.8367543859649118,10.6791,,,12.531248275862069,1.8367543859649118,11.352910556563824,denominador_abaixo_do_piso
1996-07,1996-09,1996,9,3,3.5747500000000003,9.7369,19,7.041013157894736,53.67066315789474,,,60.40394482758621,7.041013157894736,56.93768166969147,denominador_abaixo_do_piso
1996-08,1996-10,1996,10,3,26.996041666666667,145.0933,19,26.532041666666668,102.90894210526316,3.878666534530286,104.70864337728521,125.76257931034485,26.532041666666668,126.22657931034485,ok
1996-09,1996-11,1996,11,3,128.26075,222.7092,19,103.12749561403508,181.6634210526316,1.7615420598646654,225.93670575478689,189.45553103448276,103.12749561403508,214.58878542044766,ok
1996-10,1996-12,1996,12,3,276.321625,130.1745,19,231.56060745614033,196.38278421052632,0.8480837322372415,234.34387502785944,199.89099655172416,231.56060745614033,244.6520140955838,ok
1996-11,1997-01,1997,1,3,339.0854166666667,403.2083,19,302.13294736842107,246.6451789473684,0.816346515981288,276.8111985158967,265.0574033333333,302.13294736842107,302.0098726315789,ok
1996-12,1997-02,1997,2,3,304.36566666666664,180.4594,19,295.0180723684211,234.40021052631582,0.7945283102304147,241.8271388288203,228.67934333333335,295.0180723684211,238.0269376315789,ok
1997-01,1997-03,1997,3,3,339.5430416666667,452.1152,19,338.9985219298246,243.3344263157895,0.7178037972866491,243.72528465059227,260.25354,338.9985219298246,260.79805973684205,ok
1997-02,1997-04,1997,4,3,212.32791666666665,290.1342,19,193.67698245614037,200.56980526315792,1.0355892719909476,219.8845126441879,203.18589666666665,193.67698245614037,221.83683087719294,ok
1997-03,1997-05,1997,5,3,10.836291666666668,68.9381,19,25.430686403508773,105.84674736842105,4.162166356383403,45.102448602957836,86.60618999999998,25.430686403508773,72.01179526315788,ok
1997-04,1997-06,1997,6,3,0.410375,0.6576,19,1.4477302631578948,6.6849526315789465,,,7.617275862068964,1.4477302631578948,6.57992059891107,denominador_abaixo_do_piso
1997-05,1997-07,1997,7,3,1.8302916666666667,1.9683,19,1.2447061403508772,3.680715789473684,,,4.620103448275861,1.2447061403508772,5.20568897459165,denominador_abaixo_do_piso
1997-06,1997-08,1997,8,3,1.6517083333333333,1.2265,19,1.7844758771929823,10.69287894736842,,,12.540275862068965,1.7844758771929823,12.407508318209317,denominador_abaixo_do_piso
1997-07,1997-09,1997,9,3,16.070375,47.0877,19,6.383348684210526,51.70483157894737,,,59.11598620689656,6.383348684210526,68.80301252268603,denominador_abaixo_do_piso
1997-08,1997-10,1997,10,3,29.65216666666667,98.1562,19,26.39224561403509,105.3793157894737,3.9928135457118583,118.39557272637232,127.38110000000003,26.39224561403509,130.6410210526316,ok
1997-09,1997-11,1997,11,3,77.79241666666667,75.7109,19,105.78372368421053,189.40017368421056,1.790447217093765,139.28321593183196,194.5244379310345,105.78372368421053,166.53313091349065,ok
1997-10,1997-12,1997,12,3,219.48375,199.815,19,234.5520745614035,192.7174947368421,0.8216405465490373,180.33674830863225,197.4896,234.5520745614035,182.4212754385965,ok
1997-11,1998-01,1998,1,3,238.36658333333332,347.458,19,307.4339385964912,249.57940526315787,0.8118147475927576,193.509507683298,266.9157466666666,307.4339385964912,197.84839140350874,ok
1997-12,1998-02,1998,2,3,234.843875,127.8253,19,298.6771140350878,237.17042631578946,0.7940696329613232,186.48238962446484,230.43381333333338,298.6771140350878,166.60057429824556,ok
1998-01,1998-03,1998,3,3,281.10929166666665,242.0988,19,342.0739824561404,254.38792105263158,0.7436634590742321,209.05070821874054,267.25408666666664,342.0739824561404,206.28939587719287,ok
1998-02,1998-04,1998,4,3,192.56408333333331,54.1047,19,194.71718421052634,212.99241052631584,1.0938552310618384,210.6372298687944,211.05354666666665,194.71718421052634,208.90044578947362,ok
1998-03,1998-05,1998,5,3,9.084208333333333,74.6596,19,25.522901315789472,105.54561578947369,4.135329854689326,37.566197927050894,86.41547333333331,25.522901315789472,69.97678035087716,ok
1998-04,1998-06,1998,6,3,0.7343333333333333,16.0121,19,1.4306798245614036,5.876821052631578,,,7.087810344827584,1.4306798245614036,6.3914638535995145,denominador_abaixo_do_piso
1998-05,1998-07,1998,7,3,0.5134583333333333,3.3565,19,1.3140131578947367,3.6076526315789472,,,4.5722344827586205,1.3140131578947367,3.7716796581972174,denominador_abaixo_do_piso
1998-06,1998-08,1998,8,3,0.6361249999999999,1.2501,19,1.837927631578947,10.691636842105263,,,12.539462068965518,1.837927631578947,11.33765943738657,denominador_abaixo_do_piso
1998-07,1998-09,1998,9,3,3.380291666666667,13.3474,19,7.0512478070175435,53.48063684210526,,,60.27944482758621,7.0512478070175435,56.60848868723534,denominador_abaixo_do_piso
1998-08,1998-10,1998,10,3,27.922375000000002,89.2952,19,26.483287280701756,105.84568421052631,3.9966973543973734,111.59728229099137,127.68665172413796,26.483287280701756,129.1257394434362,ok
1998-09,1998-11,1998,11,3,119.51275,245.1679,19,103.58791666666666,180.48138421052633,1.7423015156419597,208.22724546353862,188.68109310344826,103.58791666666666,204.6059264367816,ok
1998-10,1998-12,1998,12,3,270.4180416666667,138.7974,19,231.87132236842103,195.92894736842106,0.8449899943086061,228.50053948886108,199.5936551724138,231.87132236842103,238.14037447065945,ok
1998-11,1999-01,1999,1,3,317.5355416666667,215.817,19,303.2671513157895,256.5078789473684,0.8458149121474384,268.576296278481,271.30377999999996,303.2671513157895,285.5721703508772,ok
1998-12,1999-02,1999,2,3,362.920375,131.3784,19,291.9362456140351,236.9834210526316,0.811764296530497,294.60580290845917,230.31537666666665,291.9362456140351,301.2995060526315,ok
1999-01,1999-03,1999,3,3,329.23108333333334,283.9542,19,339.5412565789474,252.18500526315793,0.742722718894462,244.52740535790252,265.85890666666666,339.5412565789474,255.5487334210526,ok
1999-02,1999-04,1999,4,3,184.420875,162.6196,19,195.145774122807,207.28110000000004,1.062185952689686,195.8892628077405,207.4363833333333,195.145774122807,196.7114842105263,ok
1999-03,1999-05,1999,5,3,30.902,177.0923,19,24.374596491228065,100.15442105263158,4.108967345928175,126.97530892387246,83.00104999999999,24.374596491228065,89.52845350877193,ok
1999-04,1999-06,1999,6,3,2.4948333333333332,0.6859,19,1.3380219298245615,6.683463157894736,,,7.616299999999998,1.3380219298245615,8.77311140350877,denominador_abaixo_do_piso
1999-05,1999-07,1999,7,3,0.5692499999999999,1.9885,19,1.3110767543859647,3.6796526315789473,,,4.619406896551724,1.3110767543859647,3.877580142165759,denominador_abaixo_do_piso
1999-06,1999-08,1999,8,3,1.1272083333333334,1.2624,19,1.8120811403508772,10.69098947368421,,,12.539037931034484,1.8120811403508772,11.85416512401694,denominador_abaixo_do_piso
1999-07,1999-09,1999,9,3,3.834,72.5879,19,7.027368421052631,50.36271578947369,,,58.23666896551725,7.027368421052631,55.043300544464614,denominador_abaixo_do_piso
1999-08,1999-10,1999,10,3,22.096875,112.4277,19,26.789892543859647,104.62818421052631,3.9055096633639734,86.29955884264581,126.88897931034485,26.789892543859647,122.1959617664852,ok
1999-09,1999-11,1999,11,3,79.5205,349.1067,19,105.69277192982457,175.0109210526316,1.6558456917832687,131.67367733345142,185.09699655172415,105.69277192982457,158.92472462189957,ok
1999-10,1999-12,1999,12,3,181.50620833333335,242.5365,19,236.55089254385965,190.46899473684212,0.8051924585383954,146.14743012789887,196.0164448275862,236.55089254385965,140.9717606170599,ok
1999-11,2000-01,2000,1,3,317.68054166666667,260.085,19,303.2595197368421,254.17798421052632,0.8381533560136645,266.26501213815544,269.8281799999999,303.2595197368421,284.2492019298245,ok
1999-12,2000-02,2000,2,3,264.10075,271.7656,19,297.13727850877194,229.5946210526316,0.7726887121161191,204.06766838640115,225.63580333333337,297.13727850877194,192.59927482456143,ok
2000-01,2000-03,2000,3,3,363.4255,185.8099,19,337.7415504385965,257.3504947368421,0.7619746353465918,276.9210128381528,269.1303833333333,337.7415504385965,294.8143328947368,ok
2000-02,2000-04,2000,4,3,187.45566666666664,184.1135,19,194.98604824561406,206.14984210526316,1.05725432132245,198.18831363971404,206.71992,194.98604824561406,199.1895384210526,ok
2000-03,2000-05,2000,5,3,23.960458333333335,53.6399,19,24.739940789473682,106.65191578947368,4.310920413958783,103.29162895697552,87.11612999999997,24.739940789473682,86.33664754385963,ok
2000-04,2000-06,2000,6,3,1.4471666666666667,4.8153,19,1.3931622807017545,6.466126315789474,,,7.473906896551722,1.3931622807017545,7.5279112825166346,denominador_abaixo_do_piso
2000-05,2000-07,2000,7,3,0.7365833333333334,10.0203,19,1.3022697368421052,3.2569263157894737,,,4.342448275862069,1.3022697368421052,3.7767618723532976,denominador_abaixo_do_piso
2000-06,2000-08,2000,8,3,0.6027083333333333,7.9948,19,1.8396864035087717,10.336652631578946,,,12.306886206896552,1.8396864035087717,11.069908136721114,denominador_abaixo_do_piso
2000-07,2000-09,2000,9,3,7.829916666666667,123.9327,19,6.817057017543859,47.66035789473684,,,56.46615862068967,6.817057017543859,57.47901826981248,denominador_abaixo_do_piso
2000-08,2000-10,2000,10,3,41.649166666666666,86.4072,19,25.76082456140351,105.99768421052632,4.114685225151478,171.37321072320475,127.7862379310345,25.76082456140351,143.67458003629767,ok
2000-09,2000-11,2000,11,3,113.59433333333334,192.5216,19,103.89941228070177,183.2522421052632,1.7637466669221997,200.351626797916,190.4964827586207,103.89941228070177,200.19140381125226,ok
2000-10,2000-12,2000,12,3,261.15520833333335,222.6176,19,232.3588399122807,191.51735789473685,0.8242309953304888,215.2522173003245,196.70330344827588,232.3588399122807,225.49967186932852,ok
2000-11,2001-01,2001,1,3,289.9032916666667,192.5309,19,304.7214802631579,257.73346315789473,0.845800115355556,245.20023753362207,272.0799833333333,304.7214802631579,257.2617947368421,ok
2000-12,2001-02,2001,2,3,275.73837499999996,153.1069,19,296.5247719298245,235.8398157894737,0.7953460827390418,219.30743641707892,229.59109333333336,296.5247719298245,208.8046964035088,ok
2001-01,2001-03,2001,3,3,352.67833333333334,249.1479,19,338.3071907894737,254.01691578947367,0.7508469305565152,264.80744405712085,267.01911666666666,338.3071907894737,281.3902592105263,ok
2001-02,2001-04,2001,4,3,188.01716666666667,196.9268,19,194.95649561403508,205.47545789473688,1.0539554337370052,198.16171444416946,206.29280999999995,194.95649561403508,199.35348105263154,ok
2001-03,2001-05,2001,5,3,19.641583333333333,140.175,19,24.967249999999996,102.09743684210527,4.089254396944209,80.31943100877942,84.23162666666664,24.967249999999996,78.90595999999998,ok
2001-04,2001-06,2001,6,3,0.367125,5.0237,19,1.4500065789473684,6.455157894736842,,,7.466720689655171,1.4500065789473684,6.383839110707802,denominador_abaixo_do_piso
2001-05,2001-07,2001,7,3,2.276708333333333,2.3266,19,1.2212105263157893,3.661857894736842,,,4.607748275862068,1.2212105263157893,5.663246082879612,denominador_abaixo_do_piso
2001-06,2001-08,2001,8,3,2.578041666666667,7.2041,19,1.73572149122807,10.378268421052631,,,12.334151724137932,1.73572149122807,13.17647189957653,denominador_abaixo_do_piso
2001-07,2001-09,2001,9,3,17.053166666666666,33.0017,19,6.331622807017543,52.4462,,,59.6017103448276,6.331622807017543,70.32325420447673,denominador_abaixo_do_piso
2001-08,2001-10,2001,10,3,25.980500000000003,130.0808,19,26.585491228070175,103.69907368421053,3.9005889639052564,101.33925157674052,126.28025172413795,26.585491228070175,125.67526049606778,ok
2001-09,2001-11,2001,11,3,145.89720833333334,196.3446,19,102.19926096491228,183.05103157894737,1.7911189361906799,261.31925258319,190.3646551724138,102.19926096491228,234.06260254083486,ok
2001-10,2001-12,2001,12,3,265.2285,209.0467,19,232.14445614035085,192.2316157894737,0.8280689489015991,219.62748521374778,197.1712655172414,232.14445614035085,230.25530937689055,ok
2001-11,2002-01,2002,1,3,325.90558333333337,368.8524,19,302.82662280701754,248.45338421052634,0.8204476274493816,267.3884626183401,266.20259999999996,302.82662280701754,289.2815605263158,ok
2001-12,2002-02,2002,2,3,271.92816666666664,190.9456,19,296.72530921052635,233.8483052631579,0.7880969300709119,214.30575334981125,228.32980333333336,296.72530921052635,203.53266078947365,ok
2002-01,2002-03,2002,3,3,307.70358333333337,178.8799,19,340.67428289473685,257.71523157894734,0.7564857241031528,232.77336804705152,269.3613833333333,340.67428289473685,236.39068377192984,ok
2002-02,2002-04,2002,4,3,181.677625,124.7968,19,195.2901557017544,209.27177368421056,1.0715940746332795,194.68466644344696,208.69714333333332,195.2901557017544,195.08461263157892,ok
2002-03,2002-05,2002,5,3,20.199666666666666,103.8934,19,24.937877192982455,104.0069947368421,4.170643472657319,84.24560793318695,85.44101333333332,24.937877192982455,80.70280280701752,ok
2002-04,2002-06,2002,6,3,0.8639583333333333,6.7952,19,1.423857456140351,6.361921052631579,,,7.40563448275862,1.423857456140351,6.845735359951602,denominador_abaixo_do_piso
2002-05,2002-07,2002,7,3,3.6605416666666666,2.1991,19,1.148377192982456,3.6685684210526315,,,4.6121448275862065,1.148377192982456,7.124309301270417,denominador_abaixo_do_piso
2002-06,2002-08,2002,8,3,5.021999999999999,1.0971,19,1.607092105263158,10.69968947368421,,,12.544737931034485,1.607092105263158,15.959645825771325,denominador_abaixo_do_piso
2002-07,2002-09,2002,9,3,11.350791666666666,67.2486,19,6.631747807017544,50.64373157894736,,,58.420782758620696,6.631747807017544,63.139826618269815,denominador_abaixo_do_piso
2002-08,2002-10,2002,10,3,34.741166666666665,93.122,19,26.12440350877193,105.64427368421052,4.043892280592656,140.48953570211623,127.55469310344829,26.12440350877193,136.17145626134302,ok
2002-09,2002-11,2002,11,3,97.57795833333334,141.559,19,104.74237938596491,185.93448421052634,1.7751600192829005,173.21649039658607,192.25381379310346,104.74237938596491,185.0893927404719,ok
2002-10,2002-12,2002,12,3,219.11545833333332,198.8721,19,234.5714583333333,192.76712105263158,0.8217842120361614,180.06562427140068,197.5221137931035,234.5714583333333,182.0661137931035,ok
2002-11,2003-01,2003,1,3,260.6752916666667,226.3735,19,306.2597960526316,255.95227368421055,0.8357357935425009,217.85567173796457,270.95189666666664,306.2597960526316,225.36739228070172,ok
2002-12,2003-02,2003,2,3,245.22625000000002,242.0345,19,298.13067324561405,231.15941578947368,0.7753627403478666,190.13929720523103,226.62684000000002,298.13067324561405,173.722416754386,ok
2003-01,2003-03,2003,3,3,346.07162500000004,210.3821,19,338.65491228070175,256.05722105263163,0.7561007142290995,261.6650028369251,268.31131,338.65491228070175,275.7280227192983,ok
2003-02,2003-04,2003,4,3,217.047625,166.9079,19,193.428576754386,207.05540000000002,1.0704488626978694,232.33838333252368,207.29343999999998,193.428576754386,230.91248824561399,ok
2003-03,2003-05,2003,5,3,32.319375,100.5299,19,24.29999780701754,104.18402105263158,4.287408660693151,138.56636828318972,85.55312999999998,24.29999780701754,93.57250719298244,ok
2003-04,2003-06,2003,6,3,1.5011666666666665,12.2745,19,1.3903201754385965,6.073536842105263,,,7.216693103448276,1.3903201754385965,7.327539594676346,denominador_abaixo_do_piso
2003-05,2003-07,2003,7,3,0.6585416666666667,1.88,19,1.306377192982456,3.685363157894737,,,4.623148275862068,1.306377192982456,3.9753127495462786,denominador_abaixo_do_piso
2003-06,2003-08,2003,8,3,1.1049583333333333,33.5851,19,1.813252192982456,8.989794736842105,,,11.424462068965518,1.813252192982456,10.716168209316395,denominador_abaixo_do_piso
2003-07,2003-09,2003,9,3,3.596416666666667,34.1644,19,7.0398728070175425,52.38500526315789,,,59.561617241379324,7.0398728070175425,56.11816110102845,denominador_abaixo_do_piso
2003-08,2003-10,2003,10,3,17.376083333333334,102.8612,19,27.038355263157893,105.13168421052632,3.888242579376763,67.56242707946558,127.21885862068967,27.038355263157893,117.55658669086512,ok
2003-09,2003-11,2003,11,3,100.040375,171.1685,19,104.61277850877194,184.3760894736842,1.7624624075750364,176.31740017720946,191.23279655172416,104.61277850877194,186.66039304295222,ok
2003-10,2003-12,2003,12,3,242.3060416666667,191.1895,19,233.35090131578946,193.17146842105262,0.8278153944631105,200.58467146308658,197.7870310344828,233.35090131578946,206.74217138536002,ok
2003-11,2004-01,2004,1,3,315.38166666666666,330.2411,19,303.3805131578947,250.48555789473684,0.8256481449234393,260.3942880261958,267.4896433333333,303.3805131578947,279.4907968421052,ok
2003-12,2004-02,2004,2,3,326.31262499999997,337.9902,19,293.8629692982456,226.10911578947366,0.7694372527761141,251.07708972616228,223.42831666666672,293.8629692982456,255.87797236842107,ok
2004-01,2004-03,2004,3,3,301.40925,263.3091,19,341.00556359649124,253.27158947368423,0.7427198160713242,223.86262272219577,266.54707666666667,341.00556359649124,226.9507630701754,ok
2004-02,2004-04,2004,4,3,195.25325,153.5851,19,194.57564912280702,207.75660000000002,1.0677420372827526,208.48010294107863,207.73753333333332,194.57564912280702,208.4151342105263,ok
2004-03,2004-05,2004,5,3,16.204375000000002,29.0041,19,25.148155701754384,107.94853684210526,4.292503121196063,69.55733026453146,87.93732333333332,25.148155701754384,78.99354263157895,ok
2004-04,2004-06,2004,6,3,0.8855833333333334,11.5046,19,1.422719298245614,6.114057894736843,,,7.2432413793103425,1.422719298245614,6.706105414398062,denominador_abaixo_do_piso
2004-05,2004-07,2004,7,3,0.7032083333333333,24.0552,19,1.3040263157894736,2.5182473684210525,,,3.8584862068965515,1.3040263157894736,3.2576682244404114,denominador_abaixo_do_piso
2004-06,2004-08,2004,8,3,4.017666666666666,45.2683,19,1.659951754385965,8.374889473684208,,,11.021593103448277,1.659951754385965,13.379308015728977,denominador_abaixo_do_piso
2004-07,2004-09,2004,9,3,8.640041666666667,24.8521,19,6.774418859649122,52.87512631578947,,,59.88273103448276,6.774418859649122,61.748353841500304,denominador_abaixo_do_piso
2004-08,2004-10,2004,10,3,31.393083333333333,156.836,19,26.300618421052633,102.2909052631579,3.889296579478069,122.09701162760331,125.35765862068966,26.300618421052633,130.45012353297037,ok
2004-09,2004-11,2004,11,3,67.06791666666668,135.0896,19,106.34817105263159,186.27497894736845,1.7515578980214073,117.4733391413416,192.47689655172414,106.34817105263159,153.19664216575922,ok
2004-10,2004-12,2004,12,3,208.06695833333333,159.7892,19,235.15295833333334,194.82411578947367,0.8284995314126865,172.38337748162962,198.86980000000003,235.15295833333334,171.7838,ok
2004-11,2005-01,2005,1,3,300.95170833333333,258.8253,19,304.1399846491228,254.2442842105263,0.8359449498356499,251.5790607256615,269.87017,304.1399846491228,266.6818936842105,ok
2004-12,2005-02,2005,2,3,297.8136666666667,252.3165,19,295.3629144736842,230.61825789473684,0.7807962563806706,232.53179603233426,226.28410666666667,295.3629144736842,228.73485885964914,ok
2005-01,2005-03,2005,3,3,382.76570833333335,402.6636,19,336.7236447368421,245.9371421052632,0.7303827514027689,279.56547119512976,261.90192666666667,336.7236447368421,307.9439902631579,ok
2005-02,2005-04,2005,4,3,206.44195833333333,143.7686,19,193.98676973684212,208.27325789473684,1.07364671403764,221.64573020407872,208.06474999999995,193.98676973684212,220.51993859649116,ok
2005-03,2005-05,2005,5,3,30.71225,73.4273,19,24.384583333333328,105.61047368421052,4.331034581995204,133.0158168408822,86.45654999999998,24.384583333333328,92.78421666666665,ok
2005-04,2005-06,2005,6,3,0.92875,0.5479,19,1.4204473684210526,6.690726315789473,,,7.621058620689654,1.4204473684210526,7.129361252268602,denominador_abaixo_do_piso
2005-05,2005-07,2005,7,3,0.39066666666666666,1.8672,19,1.3204758771929823,3.6860368421052634,,,4.623589655172413,1.3204758771929823,3.6937804446460976,denominador_abaixo_do_piso
2005-06,2005-08,2005,8,3,1.7744583333333335,1.159,19,1.7780153508771925,10.696431578947367,,,12.542603448275862,1.7780153508771925,12.539046430732004,denominador_abaixo_do_piso
2005-07,2005-09,2005,9,3,2.7107916666666667,69.9723,19,7.086484649122807,50.50037894736842,,,58.326862068965525,7.086484649122807,53.95116908650938,denominador_abaixo_do_piso
2005-08,2005-10,2005,10,3,17.521375,43.3954,19,27.03070833333333,108.26146315789474,4.00512860495004,70.1753602105565,129.26940344827588,27.03070833333333,119.76007011494255,ok
2005-09,2005-11,2005,11,3,59.62679166666667,162.476,19,106.73980921052632,184.8335894736842,1.7316275046841338,103.25139246607071,191.53253793103448,106.73980921052632,144.41952038717483,ok
2005-10,2005-12,2005,12,3,230.1302916666667,270.7065,19,233.9917302631579,188.98636315789474,0.807662573995038,185.86762372172888,195.04506551724143,233.9917302631579,191.1836269207502,ok
2005-11,2006-01,2006,1,3,310.89525,166.8556,19,303.61664035087716,259.08479473684207,0.8533287056909282,265.29584128795756,272.9358266666666,303.61664035087716,280.21443631578944,ok
2005-12,2006-02,2006,2,3,313.67941666666667,230.8724,19,294.52787500000005,231.7468947368421,0.786841974590154,246.81613159828768,226.99891,294.52787500000005,246.1504516666666,ok
2006-01,2006-03,2006,3,3,358.25820833333336,267.8005,19,338.01351315789475,253.03520000000003,0.7485949234278123,268.1902760346769,266.3973633333333,338.01351315789475,286.6420585087719,ok
2006-02,2006-04,2006,4,3,193.39554166666667,429.1988,19,194.67342324561403,193.2506157894737,0.9926913112616034,191.9820738492314,198.55040999999997,194.67342324561403,197.2725284210526,ok
2006-03,2006-05,2006,5,3,27.598583333333334,133.2095,19,24.54846052631579,102.46404210526316,4.1739498081935675,115.19510161058086,84.46380999999998,24.54846052631579,87.51393280701753,ok
2006-04,2006-06,2006,6,3,0.9827916666666666,0.6042,19,1.4176030701754385,6.687763157894737,,,7.619117241379309,1.4176030701754385,7.184305837870537,denominador_abaixo_do_piso
2006-05,2006-07,2006,7,3,2.377083333333333,1.5265,19,1.2159276315789471,3.7039684210526316,,,4.635337931034482,1.2159276315789471,5.796493632788868,denominador_abaixo_do_piso
2006-06,2006-08,2006,8,3,4.586875,12.4889,19,1.6299934210526315,10.100121052631577,,,12.15191724137931,1.6299934210526315,15.10879882032668,denominador_abaixo_do_piso
2006-07,2006-09,2006,9,3,6.263999999999999,73.0467,19,6.899473684210525,50.33856842105263,,,58.220848275862075,6.899473684210525,57.58537459165155,denominador_abaixo_do_piso
2006-08,2006-10,2006,10,3,34.94195833333333,156.2402,19,26.113835526315793,102.32226315789474,3.918316137619123,136.913639217515,125.37820344827587,26.113835526315793,134.20632625529342,ok
2006-09,2006-11,2006,11,3,97.64283333333333,160.8529,19,104.73896491228072,184.9190157894737,1.7655226585859816,172.39063469853457,191.5885068965517,104.73896491228072,184.4923753176043,ok
2006-10,2006-12,2006,12,3,249.4706666666667,150.7779,19,232.97381578947366,195.29839473684214,0.8382847406050264,209.1274530952297,199.18053448275867,232.97381578947366,215.6773853599517,ok
2006-11,2007-01,2007,1,3,333.78450000000004,243.8694,19,302.4119429824561,255.03143684210522,0.8433246198113956,281.4886865614368,270.3687,302.4119429824561,301.74125701754394,ok
2006-12,2007-02,2007,2,3,301.855625,391.6001,19,295.1501798245614,223.28754210526319,0.7565217891379443,228.36035748635237,221.64132000000004,295.1501798245614,228.3467651754386,ok
2007-01,2007-03,2007,3,3,305.4268333333334,144.3091,19,340.7941118421053,259.53474736842105,0.7615587780127703,232.60048596564343,270.5137433333333,340.7941118421053,235.1464648245614,ok
2007-02,2007-04,2007,4,3,194.14083333333335,203.9629,19,194.63419736842107,205.10513684210528,1.0537980458483556,204.58523078603798,206.0582733333333,194.63419736842107,205.56490929824557,ok
2007-03,2007-05,2007,5,3,14.106208333333335,59.8926,19,25.258585526315784,106.32282631578947,4.209373727797089,59.3783027571657,86.90770666666666,25.258585526315784,75.75532947368421,ok
2007-04,2007-06,2007,6,3,0.8638750000000001,0.6092,19,1.4238618421052631,6.6875,,,7.618944827586206,1.4238618421052631,7.0589579854809426,denominador_abaixo_do_piso
2007-05,2007-07,2007,7,3,1.3728333333333333,2.6528,19,1.2687828947368418,3.6446894736842106,,,4.596499999999999,1.2687828947368418,4.7005504385964905,denominador_abaixo_do_piso
2007-06,2007-08,2007,8,3,1.09375,1.474,19,1.8138421052631575,10.679852631578946,,,12.531741379310345,1.8138421052631575,11.811649274047188,denominador_abaixo_do_piso
2007-07,2007-09,2007,9,3,2.44075,24.48,19,7.100697368421051,52.89471052631579,,,59.895562068965525,7.100697368421051,55.235614700544474,denominador_abaixo_do_piso
2007-08,2007-10,2007,10,3,20.936208333333333,90.3212,19,26.850980263157897,105.79168421052631,3.939956127251063,82.48774230432143,127.65127241379312,26.850980263157897,121.73650048396856,ok
2007-09,2007-11,2007,11,3,74.80079166666667,140.1645,19,105.94117763157895,186.00787894736843,1.7557656343431394,131.332659429994,192.3019,105.94117763157895,161.1615140350877,ok
2007-10,2007-12,2007,12,3,210.71195833333334,154.6319,19,235.01374780701755,195.09555263157895,0.8301452764022231,174.92153689187873,199.04763793103453,235.01374780701755,174.74584845735032,ok
2007-11,2008-01,2008,1,3,311.55383333333333,277.9576,19,303.5819780701754,253.2373210526316,0.8341645398795503,259.8871600302101,269.23242666666664,303.5819780701754,277.20428192982456,ok
2007-12,2008-02,2008,2,3,292.153,227.3554,19,295.6608442982456,231.932,0.7844528772502604,229.18026144729532,227.11614333333333,295.6608442982456,223.60829903508775,ok
2008-01,2008-03,2008,3,3,313.79695833333335,291.7903,19,340.3535789473684,251.7725789473685,0.7397383031083157,232.12762947805086,265.59770333333336,340.3535789473684,239.0410827192983,ok
2008-02,2008-04,2008,4,3,179.18283333333332,198.2004,19,195.4214605263158,205.40842631578948,1.0511047546291816,188.33992806459486,206.25035666666665,195.4214605263158,190.01172947368417,ok
2008-03,2008-05,2008,5,3,19.440791666666666,156.4351,19,24.977817982456134,101.24164210526315,4.053262065420328,78.79862338423963,83.68962333333333,24.977817982456134,78.15259701754385,ok
2008-04,2008-06,2008,6,3,1.7928333333333333,1.2231,19,1.3749692982456139,6.65518947368421,,,7.597775862068964,1.3749692982456139,8.015639897156683,denominador_abaixo_do_piso
2008-05,2008-07,2008,7,3,0.6027083333333333,1.8809,19,1.309315789473684,3.6853157894736843,,,4.62311724137931,1.309315789473684,3.916509785238959,denominador_abaixo_do_piso
2008-06,2008-08,2008,8,3,0.8704999999999999,10.0751,19,1.8255921052631576,10.227163157894736,,,12.23515172413793,1.8255921052631576,11.280059618874773,denominador_abaixo_do_piso
2008-07,2008-09,2008,9,3,8.305208333333333,35.7506,19,6.792041666666666,52.301521052631585,,,59.506920689655175,6.792041666666666,61.02008735632184,denominador_abaixo_do_piso
2008-08,2008-10,2008,10,3,26.549625000000002,71.4708,19,26.555537280701756,106.78381052631579,4.021150443976026,106.76003635614701,128.30128620689655,26.555537280701756,128.2953739261948,ok
2008-09,2008-11,2008,11,3,134.22241666666667,228.8043,19,102.81372368421053,181.3426263157895,1.7637978648918338,236.74121193728877,189.24535517241378,102.81372368421053,220.65404815486994,ok
2008-10,2008-12,2008,12,3,212.39720833333334,198.2564,19,234.92505043859646,192.79952631578945,0.8206852609197691,174.31125833967224,197.54334482758625,234.92505043859646,175.01550272232313,ok
2008-11,2009-01,2009,1,3,320.4929583333333,176.1671,19,303.11149780701754,258.5947157894737,0.8531339710317211,273.42343023062057,272.6254433333333,303.11149780701754,290.00690385964907,ok
2008-12,2009-02,2009,2,3,322.30804166666667,173.2144,19,294.0737368421053,234.78152631578942,0.7983763828656648,257.3231284743493,228.92084333333335,294.0737368421053,257.1551481578947,ok
2009-01,2009-03,2009,3,3,347.5224166666667,237.6584,19,338.5785548245614,254.62162631578948,0.7520311688013577,261.3476891905058,267.4021,338.5785548245614,276.3459618421053,ok
2009-02,2009-04,2009,4,3,193.71970833333333,291.4855,19,194.65636184210527,200.49868421052633,1.0300135187626698,199.53391843409474,203.14085333333333,194.65636184210527,202.20419982456139,ok
2009-03,2009-05,2009,5,3,39.193875,287.1656,19,23.938182017543856,94.3610894736842,3.941865318115164,154.49697654504095,79.33194,23.938182017543856,94.58763298245614,ok
2009-04,2009-06,2009,6,3,2.6675833333333334,15.2435,19,1.3289298245614034,5.917273684210526,,,7.114313793103446,1.3289298245614034,8.452967301875375,denominador_abaixo_do_piso
2009-05,2009-07,2009,7,3,3.470791666666667,2.7198,19,1.158364035087719,3.6411631578947365,,,4.594189655172413,1.158364035087719,6.906617286751361,denominador_abaixo_do_piso
2009-06,2009-08,2009,8,3,3.3034583333333334,15.226,19,1.6975416666666665,9.956063157894736,,,12.057534482758621,1.6975416666666665,13.663451149425288,denominador_abaixo_do_piso
2009-07,2009-09,2009,9,3,18.284333333333333,49.6335,19,6.266824561403507,51.57084210526316,,,59.02820000000001,6.266824561403507,71.04570877192984,denominador_abaixo_do_piso
2009-08,2009-10,2009,10,3,45.70008333333334,145.1622,19,25.547618421052633,102.90531578947369,4.027980772746868,184.07905697959626,125.76020344827586,25.547618421052633,145.91266836055655,ok
2009-09,2009-11,2009,11,3,116.11079166666667,129.9771,19,103.76696710526316,186.54405789473682,1.7977210194984596,208.73481076977325,192.65318965517238,103.76696710526316,204.9970142165759,ok
2009-10,2009-12,2009,12,3,231.29095833333335,238.1976,19,233.93064254385968,190.69735789473685,0.8151875950111281,188.54552007156906,196.16606206896557,233.93064254385968,193.52637785843925,ok
2009-11,2010-01,2010,1,3,236.34645833333335,206.4191,19,307.54026096491225,257.0025052631579,0.8356710905323701,197.50790257888005,271.6170433333333,307.54026096491225,200.4232407017544,ok
2009-12,2010-02,2010,2,3,246.03275,189.3031,19,298.088225877193,233.93475263157893,0.7847836054012943,193.0824685917953,228.38455333333334,298.088225877193,176.32907745614034,ok
2010-01,2010-03,2010,3,3,311.9778333333333,170.6808,19,340.44932236842106,258.1467631578948,0.7582531266681105,236.55816757614264,269.63468666666665,340.44932236842106,241.1631976315789,ok
2010-02,2010-04,2010,4,3,149.10483333333335,179.409,19,197.00451315789473,206.39744736842107,1.047678776795322,156.21396940093703,206.87673666666666,197.00451315789473,158.97705684210527,ok
2010-03,2010-05,2010,5,3,32.65420833333334,36.5434,19,24.282374999999995,107.55173157894735,4.42920972841196,144.63233722359092,87.68601333333332,24.282374999999995,96.05784666666666,ok
2010-04,2010-06,2010,6,3,1.101625,8.1085,19,1.4113486842105263,6.2928,,,7.3603482758620675,1.4113486842105263,7.050624591651541,denominador_abaixo_do_piso
2010-05,2010-07,2010,7,3,0.4129583333333333,1.8517,19,1.3193026315789471,3.6868526315789474,,,4.624124137931034,1.3193026315789471,3.71777983968542,denominador_abaixo_do_piso
2010-06,2010-08,2010,8,3,0.33487500000000003,1.1641,19,1.853782894736842,10.696163157894736,,,12.542427586206896,1.853782894736842,11.023519691470055,denominador_abaixo_do_piso
2010-07,2010-09,2010,9,3,1.1339166666666667,2.3148,19,7.169478070175438,54.0613,,,60.65987931034483,7.169478070175438,54.624317906836055,denominador_abaixo_do_piso
2010-08,2010-10,2010,10,3,17.152958333333334,136.1532,19,27.050098684210525,103.37947368421052,3.8217780604458347,65.55479983007488,126.07085862068966,27.050098684210525,116.17371826981247,ok
2010-09,2010-11,2010,11,3,144.66604166666667,142.1422,19,102.26405921052633,185.90378947368418,1.8178800148248817,262.98550596965697,192.23370344827583,102.26405921052633,234.63568590441616,ok
2010-10,2010-12,2010,12,3,288.89887500000003,168.2896,19,230.89864692982457,194.37672631578948,0.8418270479292373,243.20288709132777,198.57668275862073,230.89864692982457,256.5769108287962,ok
2010-11,2011-01,2011,1,3,345.29041666666666,274.405,19,301.80636842105264,253.42430000000002,0.8396916914836124,289.93749402391467,269.35084666666665,301.80636842105264,312.8348949122807,ok
2010-12,2011-02,2011,2,3,333.80925,316.7195,19,293.4684100877193,227.22862631578946,0.7742864938950996,258.4639938122528,224.13734000000002,293.4684100877193,264.4781799122808,ok
1991-01,1991-04,1991,4,4,253.46520833333332,214.6288,19,207.69249342105263,204.54377368421055,0.9848395111206127,249.62255186108425,205.7027433333333,207.69249342105263,251.475458245614,ok
1991-02,1991-05,1991,5,4,22.72175,128.0413,19,24.43688815789474,102.73605263157896,4.204138103336549,95.52537494948723,84.63608333333332,24.43688815789474,82.92094517543858,ok
1991-03,1991-06,1991,6,4,1.6847083333333333,0.7033,19,1.415326754385965,6.682547368421052,,,7.615699999999998,1.415326754385965,7.885081578947366,denominador_abaixo_do_piso
1991-04,1991-07,1991,7,4,1.06025,1.9531,19,2.01002850877193,3.681515789473684,,,4.620627586206896,2.01002850877193,3.670849077434966,denominador_abaixo_do_piso
1991-05,1991-08,1991,8,4,1.8860833333333333,1.2135,19,1.914296052631579,10.693563157894737,,,12.540724137931036,1.914296052631579,12.51251141863279,denominador_abaixo_do_piso
1991-06,1991-09,1991,9,4,4.535958333333333,73.9762,19,5.14759649122807,50.28964736842105,,,58.18879655172414,5.14759649122807,57.5771583938294,denominador_abaixo_do_piso
1991-07,1991-10,1991,10,4,21.092458333333333,58.2752,19,25.754947368421057,107.4783157894737,4.173113392623594,88.02122035418846,128.75630689655173,25.754947368421057,124.093817861464,ok
1991-08,1991-11,1991,11,4,111.88799999999999,141.8015,19,112.40409868421054,185.9217210526316,1.6540475234356211,185.06806930216476,192.24545172413795,112.40409868421054,191.7293530399274,ok
1991-09,1991-12,1991,12,4,263.53229166666665,139.2974,19,238.14853508771927,195.90263157894736,0.8226069142385818,216.78348525013857,199.57641379310346,238.14853508771927,224.96017037205084,ok
1991-10,1992-01,1992,1,4,349.56475,307.6078,19,301.043346491228,251.67678421052634,0.8360151026219735,292.2414103442745,268.24408666666665,301.043346491228,316.76549017543863,ok
1991-11,1992-02,1992,2,4,275.3445,144.7331,19,321.9593442982456,236.28054210526318,0.733883163479131,202.07069270657956,229.87022000000005,321.9593442982456,183.25537570175445,ok
1991-12,1992-03,1992,3,4,326.7089583333333,155.372,19,361.75611622807025,252.95267368421054,0.6992353752624205,228.44646108180285,270.14498,361.75611622807025,235.09782210526305,ok
1992-01,1992-04,1992,4,4,184.12908333333334,102.9542,19,211.34176315789472,210.42138421052633,0.995645068283637,183.32721374842015,209.42522999999997,211.34176315789472,182.2125501754386,ok
1992-02,1992-05,1992,5,4,21.070166666666665,24.3743,19,24.52381359649123,108.19221052631579,4.411720473270743,92.9556856585601,88.09164999999999,24.52381359649123,84.63800307017542,ok
1992-03,1992-06,1992,6,4,0.8855833333333334,1.0095,19,1.457385964912281,6.666431578947368,,,7.605141379310343,1.457385964912281,7.033338747731396,denominador_abaixo_do_piso
1992-04,1992-07,1992,7,4,1.7409999999999999,2.0289,19,1.9741995614035086,3.677526315789474,,,4.618013793103447,1.9741995614035086,4.384814231699939,denominador_abaixo_do_piso
1992-05,1992-08,1992,8,4,1.1271666666666667,13.0445,19,1.9542390350877192,10.07087894736842,,,12.132758620689655,1.9542390350877192,11.305686252268602,denominador_abaixo_do_piso
1992-06,1992-09,1992,9,4,3.531625,135.5711,19,5.2004561403508776,47.047810526315786,,,56.06483448275863,5.2004561403508776,54.39600334240775,denominador_abaixo_do_piso
1992-07,1992-10,1992,10,4,25.36675,62.0723,19,25.529984649122806,107.27846842105264,4.202057693941413,106.59254700778833,128.62537241379312,25.529984649122806,128.4621377646703,ok
1992-08,1992-11,1992,11,4,95.26675,214.2915,19,113.27890131578947,182.10645789473688,1.6075937864817005,153.15023535830554,189.74579655172414,113.27890131578947,171.73364523593466,ok
1992-09,1992-12,1992,12,4,232.97616666666667,239.5717,19,239.75675219298242,190.62503684210526,0.7950768230655268,185.23395044331804,196.11867931034487,239.75675219298242,189.33809378402913,ok
1992-10,1993-01,1993,1,4,266.67929166666664,121.8043,19,305.40573903508766,261.4559157894737,0.8560936563128415,228.30244986583534,274.43753666666663,305.40573903508766,235.7110892982456,ok
1992-11,1993-02,1993,2,4,310.736125,307.8407,19,320.0966271929824,227.69593157894738,0.711334991485781,221.03747883119962,224.43330000000003,320.0966271929824,215.07279780701765,ok
1992-12,1993-03,1993,3,4,365.0771666666667,153.1779,19,359.73673684210536,253.06815263157895,0.7034815372294182,256.8250464140272,270.2181166666667,359.73673684210536,275.558546491228,ok
1993-01,1993-04,1993,4,4,213.72116666666668,250.0943,19,209.7842850877193,202.67716842105264,0.9661217871315056,206.48067548783038,204.52055999999996,209.7842850877193,208.45744157894734,ok
1993-02,1993-05,1993,5,4,23.279791666666668,95.5974,19,24.40751754385965,104.44362631578947,4.27915809660311,99.61790899765029,85.71754666666665,24.40751754385965,84.58982078947366,ok
1993-03,1993-06,1993,6,4,3.045625,0.586,19,1.343699561403509,6.688721052631579,,,7.619744827586205,1.343699561403509,9.321670266182696,denominador_abaixo_do_piso
1993-04,1993-07,1993,7,4,4.508666666666667,1.8793,19,1.8285328947368422,3.6854,,,4.623172413793102,1.8285328947368422,7.303306185722927,denominador_abaixo_do_piso
1993-05,1993-08,1993,8,4,3.6270416666666665,40.5665,19,1.8226666666666669,8.622352631578947,,,11.183724137931035,1.8226666666666669,12.988099137931036,denominador_abaixo_do_piso
1993-06,1993-09,1993,9,4,5.043583333333333,56.4376,19,5.120879385964912,51.21273157894736,,,58.79357586206897,5.120879385964912,58.71627980943739,denominador_abaixo_do_piso
1993-07,1993-10,1993,10,4,23.770791666666668,126.1723,19,25.61398245614035,103.90478421052632,4.056564979243109,96.42776100388393,126.41502758620692,25.61398245614035,124.57183679673324,ok
1993-08,1993-11,1993,11,4,119.54516666666666,225.9903,19,112.0010899122807,181.4907315789474,1.6204371914692168,193.71543412705276,189.34238965517244,112.0010899122807,196.8864664095584,ok
1993-09,1993-12,1993,12,4,243.4665,216.8044,19,239.2046293859649,191.8233157894737,0.8019214188365903,195.24100111917872,196.90375862068967,239.2046293859649,201.16562923472478,ok
1993-10,1994-01,1994,1,4,364.1172916666667,330.218,19,300.277423245614,250.48677368421053,0.8341845050379401,303.7410027247136,267.49041333333327,300.277423245614,331.33028175438596,ok
1993-11,1994-02,1994,2,4,314.516125,306.4669,19,319.89767982456135,227.7682368421053,0.7120034036102363,223.93655149030252,224.47909333333334,319.89767982456135,219.09753850877198,ok
1993-12,1994-03,1994,3,4,382.77695833333337,311.1998,19,358.80516885964914,244.7512105263158,0.6821284411932569,261.10304991261296,264.95072,358.80516885964914,288.9225094736842,ok
1994-01,1994-04,1994,4,4,251.27270833333333,176.4476,19,207.80788815789472,206.5533105263158,0.9939628007257084,249.75572492093406,206.97544999999994,207.80788815789472,250.44027017543854,ok
1994-02,1994-05,1994,5,4,34.584875,50.2617,19,23.812513157894738,106.82971578947368,4.486284798295456,155.15759896344855,87.22873666666665,23.812513157894738,98.0010985087719,ok
1994-03,1994-06,1994,6,4,1.7711666666666668,40.3001,19,1.4107763157894737,4.598505263157895,,,6.250293103448275,1.4107763157894737,6.610683454325468,denominador_abaixo_do_piso
1994-04,1994-07,1994,7,4,2.2097083333333334,1.843,19,1.949530701754386,3.6873105263157893,,,4.624424137931034,1.949530701754386,4.884601769509981,denominador_abaixo_do_piso
1994-05,1994-08,1994,8,4,0.9374583333333333,6.3765,19,1.9642236842105263,10.421826315789472,,,12.362689655172415,1.9642236842105263,11.335924304295222,denominador_abaixo_do_piso
1994-06,1994-09,1994,9,4,6.134416666666667,57.4679,19,5.0634671052631575,51.1585052631579,,,58.75804827586207,5.0634671052631575,59.82899783726558,denominador_abaixo_do_piso
1994-07,1994-10,1994,10,4,25.299666666666667,114.0829,19,25.533515350877195,104.54106842105264,4.094268532337486,103.58362911196095,126.83190344827588,25.533515350877195,126.59805476406535,ok
1994-08,1994-11,1994,11,4,108.90724999999999,151.223,19,112.5609802631579,185.42585263157898,1.647336867519004,179.40692806510904,191.9205724137931,112.5609802631579,188.2668421506352,ok
1994-09,1994-12,1994,12,4,243.96879166666668,200.9509,19,239.17819298245612,192.6577105263158,0.80549864569153,196.51653127849903,197.4504310344828,239.17819298245612,202.24102971869334,ok
1994-10,1995-01,1995,1,4,286.756125,156.6185,19,304.34906359649125,259.6235894736842,0.8530454682715749,244.61601293036728,273.2770633333333,304.34906359649125,255.68412473684202,ok
1994-11,1995-02,1995,2,4,310.5950833333333,232.7107,19,320.1040504385965,231.65014210526317,0.7236713868127048,224.76877469304094,226.93763333333337,320.1040504385965,217.42866622807017,ok
1994-12,1995-03,1995,3,4,389.08229166666666,218.3206,19,358.47330921052634,249.63958947368423,0.6963965881406093,270.9555804225961,268.04669333333334,358.47330921052634,298.65567578947366,ok
1995-01,1995-04,1995,4,4,210.08158333333333,255.6784,19,209.97584210526315,202.38326842105263,0.9638407275423414,202.48518612324702,204.3344233333333,209.97584210526315,204.44016456140346,ok
1995-02,1995-05,1995,5,4,21.24866666666667,188.1476,19,24.514418859649126,99.57256315789473,4.061795783451826,86.30774467064005,82.63253999999999,24.514418859649126,79.36678780701753,ok
1995-03,1995-06,1995,6,4,0.4859583333333333,0.5023,19,1.478418859649123,6.693126315789473,,,7.622631034482757,1.478418859649123,6.630170508166968,denominador_abaixo_do_piso
1995-04,1995-07,1995,7,4,0.44649999999999995,1.9521,19,2.042331140350877,3.6815684210526314,,,4.620662068965517,2.042331140350877,3.02483092861464,denominador_abaixo_do_piso
1995-05,1995-08,1995,8,4,0.39066666666666666,1.2264,19,1.9930021929824562,10.692884210526316,,,12.540279310344829,1.9930021929824562,10.93794378402904,denominador_abaixo_do_piso
1995-06,1995-09,1995,9,4,1.1772083333333334,24.8694,19,5.324372807017543,52.87421578947368,,,59.88213448275862,5.324372807017543,55.73497000907442,denominador_abaixo_do_piso
1995-07,1995-10,1995,10,4,23.313166666666664,82.7379,19,25.63806798245614,106.1908052631579,4.141919170189546,96.56125193449057,127.9127655172414,25.63806798245614,125.58786420145192,ok
1995-08,1995-11,1995,11,4,127.116,247.2129,19,111.60262500000002,180.37375263157895,1.6162142479317034,205.4466903400864,188.61057586206897,111.60262500000002,204.12395086206897,ok
1995-09,1995-12,1995,12,4,259.2914583333333,191.1246,19,238.3717368421052,193.17488421052633,0.8103934080846306,210.12808860598398,197.78926896551727,238.3717368421052,218.70899045674537,ok
1995-10,1996-01,1996,1,4,317.69170833333334,224.1528,19,302.720875,256.06915263157896,0.8458919545326333,268.73286010089464,271.0259199999999,302.720875,285.9967533333333,ok
1995-11,1996-02,1996,2,4,371.28820833333333,225.4247,19,316.9096754385964,232.0336157894737,0.7321758651525675,271.848265157405,227.18050000000002,316.9096754385964,281.5590328947369,ok
1995-12,1996-03,1996,3,4,408.40012499999995,302.7974,19,357.4565811403509,245.19344210526316,0.6859390903450481,280.1376102393039,265.2308,357.4565811403509,316.174343859649,ok
1996-01,1996-04,1996,4,4,181.90429166666664,321.9434,19,211.45885745614032,198.8956368421053,0.9405878724345191,171.0969706854582,202.12559,211.45885745614032,172.5710242105263,ok
1996-02,1996-05,1996,5,4,20.422791666666665,98.9982,19,24.557885964912284,104.26463684210526,4.2456682546321804,86.7083982501333,85.60418666666665,24.557885964912284,81.46909236842103,ok
1996-03,1996-06,1996,6,4,0.6587500000000001,0.4652,19,1.4693245614035089,6.695078947368422,,,7.623910344827586,1.4693245614035089,6.813335783424077,denominador_abaixo_do_piso
1996-04,1996-07,1996,7,4,1.015625,1.9521,19,2.012377192982456,3.6815684210526314,,,4.620662068965517,2.012377192982456,3.623909875983061,denominador_abaixo_do_piso
1996-05,1996-08,1996,8,4,1.4174166666666668,1.4883,19,1.9389627192982455,10.6791,,,12.531248275862069,1.9389627192982455,12.00970222323049,denominador_abaixo_do_piso
1996-06,1996-09,1996,9,4,4.633125,9.7369,19,5.14248245614035,53.67066315789474,,,60.40394482758621,5.14248245614035,59.89458737144586,denominador_abaixo_do_piso
1996-07,1996-10,1996,10,4,32.64304166666667,145.0933,19,25.14702192982456,102.90894210526316,4.0922914209261645,133.58483936543533,125.76257931034485,25.14702192982456,133.25859904718695,ok
1996-08,1996-11,1996,11,4,142.23600000000002,222.7092,19,110.80683552631578,181.6634210526316,1.6394604194746445,233.19029222439556,189.45553103448276,110.80683552631578,220.884695508167,ok
1996-09,1996-12,1996,12,4,252.68479166666668,130.1745,19,238.71945614035087,196.38278421052632,0.8226509367341494,207.87138056305673,199.89099655172416,238.71945614035087,213.85633207803997,ok
1996-10,1997-01,1997,1,4,353.92825,403.2083,19,300.8136885964912,246.6451789473684,0.8199267131031928,290.19522669686506,265.0574033333333,300.8136885964912,318.1719647368421,ok
1996-11,1997-02,1997,2,4,332.115875,180.4594,19,318.9713771929824,234.40021052631582,0.7348628349950668,244.05961344936725,228.67934333333335,318.9713771929824,241.82384114035096,ok
1996-12,1997-03,1997,3,4,353.30325,452.1152,19,360.3564166666667,237.3346105263158,0.6586107518819422,232.6893191248338,260.25354,360.3564166666667,253.2003733333333,ok
1997-01,1997-04,1997,4,4,227.18879166666667,290.1342,19,209.07546271929823,200.56980526315792,0.9593177633304589,217.94624347541628,203.18589666666665,209.07546271929823,221.2992256140351,ok
1997-02,1997-05,1997,5,4,16.885125,68.9381,19,24.744078947368422,105.84674736842105,4.277659620855601,72.22881740559941,86.60618999999998,24.744078947368422,78.74723605263156,ok
1997-03,1997-06,1997,6,4,1.3392083333333333,0.6576,19,1.4335109649122806,6.6849526315789465,,,7.617275862068964,1.4335109649122806,7.522973230490017,denominador_abaixo_do_piso
1997-04,1997-07,1997,7,4,2.265541666666667,1.9683,19,1.9465921052631578,3.680715789473684,,,4.620103448275861,1.9465921052631578,4.9390530096793706,denominador_abaixo_do_piso
1997-05,1997-08,1997,8,4,4.720833333333333,1.2265,19,1.7650986842105265,10.69287894736842,,,12.540275862068965,1.7650986842105265,15.496010511191772,denominador_abaixo_do_piso
1997-06,1997-09,1997,9,4,5.356791666666666,47.0877,19,5.104394736842104,51.70483157894737,,,59.11598620689656,5.104394736842104,59.36838313672112,denominador_abaixo_do_piso
1997-07,1997-10,1997,10,4,23.369,98.1562,19,25.635129385964913,105.3793157894737,4.110738596356306,96.06385025825051,127.38110000000003,25.635129385964913,125.11497061403512,ok
1997-08,1997-11,1997,11,4,102.40554166666668,75.7109,19,112.90317543859649,189.40017368421056,1.6775451438672575,171.7899191280128,194.5244379310345,112.90317543859649,184.0268041591047,ok
1997-09,1997-12,1997,12,4,247.01537499999998,199.815,19,239.01784649122806,192.7174947368421,0.8062891435343713,199.16581514857154,197.4896,239.01784649122806,205.48712850877192,ok
1997-10,1998-01,1998,1,4,223.612875,347.458,19,307.6723925438596,249.57940526315787,0.8111855704686913,181.39153757101917,266.9157466666666,307.6723925438596,182.85622912280704,ok
1997-11,1998-02,1998,2,4,239.45029166666666,127.8253,19,323.84851315789473,237.17042631578946,0.7323499002762297,175.36139722319746,230.43381333333338,323.84851315789473,146.0355918421053,ok
1997-12,1998-03,1998,3,4,281.3100416666667,242.0988,19,364.14553289473685,248.38810526315794,0.6821121854458098,191.8850073091018,267.25408666666664,364.14553289473685,184.41859543859647,ok
1998-01,1998-04,1998,4,4,168.70675,54.1047,19,212.1534649122807,212.99241052631584,1.0039544280569823,169.3738887056023,211.05354666666665,212.1534649122807,167.60683175438595,ok
1998-02,1998-05,1998,5,4,15.769083333333333,74.6596,19,24.802817982456144,105.54561578947369,4.2553880717961,67.10356911982534,86.41547333333331,24.802817982456144,77.3817386842105,ok
1998-03,1998-06,1998,6,4,0.5723333333333334,16.0121,19,1.4738728070175438,5.876821052631578,,,7.087810344827584,1.4738728070175438,6.186270871143374,denominador_abaixo_do_piso
1998-04,1998-07,1998,7,4,0.8928333333333334,3.3565,19,2.018839912280702,3.6076526315789472,,,4.5722344827586205,2.018839912280702,3.446227903811252,denominador_abaixo_do_piso
1998-05,1998-08,1998,8,4,0.5245416666666667,1.2501,19,1.9859561403508774,10.691636842105263,,,12.539462068965518,1.9859561403508774,11.078047595281307,denominador_abaixo_do_piso
1998-06,1998-09,1998,9,4,3.596375,13.3474,19,5.197048245614035,53.48063684210526,,,60.27944482758621,5.197048245614035,58.67877158197218,denominador_abaixo_do_piso
1998-07,1998-10,1998,10,4,25.277375000000003,89.2952,19,25.53468859649123,105.84568421052631,4.145172313754818,104.77907501439822,127.68665172413796,25.53468859649123,127.42933812764673,ok
1998-08,1998-11,1998,11,4,121.57554166666667,245.1679,19,111.89422807017546,180.48138421052633,1.6129642013110437,196.09699646333252,188.68109310344826,111.89422807017546,198.36240669993947,ok
1998-09,1998-12,1998,12,4,253.41004166666667,138.7974,19,238.6812850877193,195.92894736842106,0.820881064455531,208.0195047470538,199.5936551724138,238.6812850877193,214.3224117513612,ok
1998-10,1999-01,1999,1,4,327.26704166666667,215.817,19,302.21691008771927,256.5078789473684,0.848754223821944,277.7692839322955,271.30377999999996,302.21691008771927,296.35391157894736,ok
1998-11,1999-02,1999,2,4,351.4493333333333,131.3784,19,317.95382675438594,236.9834210526316,0.7453391062209085,261.9489319886008,230.31537666666665,317.95382675438594,263.81088324561404,ok
1998-12,1999-03,1999,3,4,370.400375,283.9542,19,359.45656798245614,246.18518947368423,0.6848816001762408,253.68040153587964,265.85890666666666,359.45656798245614,276.8027136842105,ok
1999-01,1999-04,1999,4,4,203.97958333333335,162.6196,19,210.297,207.28110000000004,0.985658853906618,201.05428232868283,207.4363833333333,210.297,201.11896666666667,ok
1999-02,1999-05,1999,5,4,29.149958333333334,177.0923,19,24.098561403508775,100.15442105263158,4.156033191178333,121.14819435479876,83.00104999999999,24.098561403508775,88.05244692982455,ok
1999-03,1999-06,1999,6,4,1.998,0.6859,19,1.3988377192982455,6.683463157894736,,,7.616299999999998,1.3988377192982455,8.215462280701752,denominador_abaixo_do_piso
1999-04,1999-07,1999,7,4,4.129208333333334,1.9885,19,1.8485043859649124,3.6796526315789473,,,4.619406896551724,1.8485043859649124,6.900110843920145,denominador_abaixo_do_piso
1999-05,1999-08,1999,8,4,1.227625,1.2624,19,1.9489517543859647,10.69098947368421,,,12.539037931034484,1.9489517543859647,11.817711176648519,denominador_abaixo_do_piso
1999-06,1999-09,1999,9,4,2.9592500000000004,72.5879,19,5.230581140350876,50.36271578947369,,,58.23666896551725,5.230581140350876,55.96533782516637,denominador_abaixo_do_piso
1999-07,1999-10,1999,10,4,25.444791666666664,112.4277,19,25.525877192982456,104.62818421052631,4.098906510421141,104.29582221880959,126.88897931034485,25.525877192982456,126.80789378402906,ok
1999-08,1999-11,1999,11,4,107.68675,349.1067,19,112.62521710526316,175.0109210526316,1.5539230516116187,167.33692317813748,185.09699655172415,112.62521710526316,180.158529446461,ok
1999-09,1999-12,1999,12,4,282.71616666666665,242.5365,19,237.13885745614033,190.46899473684212,0.8031960547506224,227.07650968088606,196.0164448275862,237.13885745614033,241.59375403811254,ok
1999-10,2000-01,2000,1,4,288.5195,260.085,19,304.2562543859649,254.17798421052632,0.8354075899721303,241.03138015496404,269.8281799999999,304.2562543859649,254.09142561403502,ok
1999-11,2000-02,2000,2,4,369.27325,271.7656,19,317.015725877193,229.5946210526316,0.7242373242442017,267.4414704949602,225.63580333333337,317.015725877193,277.89332745614036,ok
1999-12,2000-03,2000,3,4,384.1718333333333,185.8099,19,358.7317543859649,251.35067894736844,0.7006647052408315,269.1756443643298,269.1303833333333,358.7317543859649,294.57046228070175,ok
2000-01,2000-04,2000,4,4,222.06949999999998,184.1135,19,209.34489912280702,206.14984210526316,0.9847378320134299,218.68023798630634,206.71992,209.34489912280702,219.44452087719296,ok
2000-02,2000-05,2000,5,4,20.434,53.6399,19,24.55729605263158,106.65191578947368,4.342982857758265,88.7445117154324,87.11612999999997,24.55729605263158,82.99283394736838,ok
2000-03,2000-06,2000,6,4,0.7019166666666666,4.8153,19,1.4670526315789474,6.466126315789474,,,7.473906896551722,1.4670526315789474,6.7087709316394415,denominador_abaixo_do_piso
2000-04,2000-07,2000,7,4,2.299,10.0203,19,1.9448311403508771,3.2569263157894737,,,4.342448275862069,1.9448311403508771,4.696617135511192,denominador_abaixo_do_piso
2000-05,2000-08,2000,8,4,3.0355416666666666,7.9948,19,1.8537982456140352,10.336652631578946,,,12.306886206896552,1.8537982456140352,13.488629627949184,denominador_abaixo_do_piso
2000-06,2000-09,2000,9,4,3.877125,123.9327,19,5.1822719298245605,47.66035789473684,,,56.46615862068967,5.1822719298245605,55.16101169086511,denominador_abaixo_do_piso
2000-07,2000-10,2000,10,4,21.516541666666665,86.4072,19,25.73262719298246,105.99768421052632,4.119194026151862,88.63080989678096,127.7862379310345,25.73262719298246,123.57015240471871,ok
2000-08,2000-11,2000,11,4,108.78837499999999,192.5216,19,112.56723684210527,183.2522421052632,1.6279358652314233,177.10049738274552,190.4964827586207,112.56723684210527,186.7176209165154,ok
2000-09,2000-12,2000,12,4,241.915375,222.6176,19,239.28626754385962,191.51735789473685,0.8003691973657994,193.62161451919638,196.70330344827588,239.28626754385962,199.33241090441626,ok
2000-10,2001-01,2001,1,4,313.2500416666667,192.5309,19,302.95464692982455,257.73346315789473,0.8507328267441803,266.4920934248156,272.0799833333333,302.95464692982455,282.37537807017543,ok
2000-11,2001-02,2001,2,4,313.2762916666667,153.1069,19,319.9629342105263,235.8398157894737,0.7370848013110729,230.91119319859473,229.59109333333336,319.9629342105263,222.9044507894737,ok
2000-12,2001-03,2001,3,4,338.449375,249.1479,19,361.13819956140355,248.01710000000003,0.686765067503833,232.43520786850507,267.01911666666666,361.13819956140355,244.33029210526308,ok
2001-01,2001-04,2001,4,4,211.36666666666667,196.9268,19,209.90820614035087,205.47545789473688,0.9788824442497016,206.9031192995786,206.29280999999995,209.90820614035087,207.75127052631575,ok
2001-02,2001-05,2001,5,4,32.43091666666667,140.175,19,23.92587938596491,102.09743684210527,4.2672386329087795,138.39046050064522,84.23162666666664,23.92587938596491,92.7366639473684,ok
2001-03,2001-06,2001,6,4,2.1058749999999997,5.0237,19,1.3931600877192982,6.455157894736842,,,7.466720689655171,1.3931600877192982,8.179435601935872,denominador_abaixo_do_piso
2001-04,2001-07,2001,7,4,2.499916666666667,2.3266,19,1.9342565789473685,3.661857894736842,,,4.607748275862068,1.9342565789473685,5.173408363581367,denominador_abaixo_do_piso
2001-05,2001-08,2001,8,4,1.5177500000000002,7.2041,19,1.9336820175438596,10.378268421052631,,,12.334151724137932,1.9336820175438596,11.918219706594073,denominador_abaixo_do_piso
2001-06,2001-09,2001,9,4,8.564375,33.0017,19,4.935574561403508,52.4462,,,59.6017103448276,4.935574561403508,63.230510783424094,denominador_abaixo_do_piso
2001-07,2001-10,2001,10,4,51.07941666666667,130.0808,19,24.17668640350877,103.69907368421053,4.289217800714024,219.09074321675524,126.28025172413795,24.17668640350877,153.18298198729585,ok
2001-08,2001-11,2001,11,4,103.345125,196.3446,19,112.85372368421052,183.05103157894737,1.6220203073774004,167.62789141845587,190.3646551724138,112.85372368421052,180.85605648820325,ok
2001-09,2001-12,2001,12,4,245.68741666666665,209.0467,19,239.0877390350877,192.2316157894737,0.8040212206836019,197.53789665493406,197.1712655172414,239.0877390350877,203.77094314882035,ok
2001-10,2002-01,2002,1,4,287.83875,368.8524,19,304.29208333333327,248.45338421052634,0.8164963790344849,235.01929712081235,266.20259999999996,304.29208333333327,249.7492666666667,ok
2001-11,2002-02,2002,2,4,287.79408333333333,190.9456,19,321.3041030701754,233.8483052631579,0.7278098942050657,209.4593813436772,228.32980333333336,321.3041030701754,194.81978359649128,ok
2001-12,2002-03,2002,3,4,372.208375,178.8799,19,359.3614100877193,251.71541578947372,0.7004519926834396,260.71409796221496,269.3613833333333,359.3614100877193,282.208348245614,ok
2002-01,2002-04,2002,4,4,204.336,124.7968,19,210.27824122807016,209.27177368421056,0.9952136391384024,203.3579741669846,208.69714333333332,210.27824122807016,202.75490210526317,ok
2002-02,2002-05,2002,5,4,30.7235,103.8934,19,24.015743421052633,104.0069947368421,4.330783890939961,133.0568388732939,85.44101333333332,24.015743421052633,92.14876991228068,ok
2002-03,2002-06,2002,6,4,0.76675,6.7952,19,1.463640350877193,6.361921052631579,,,7.40563448275862,1.463640350877193,6.708744131881427,denominador_abaixo_do_piso
2002-04,2002-07,2002,7,4,1.3504166666666668,2.1991,19,1.9947565789473687,3.6685684210526315,,,4.6121448275862065,1.9947565789473687,3.9678049153055044,denominador_abaixo_do_piso
2002-05,2002-08,2002,8,4,3.448625,1.0971,19,1.8320570175438597,10.69968947368421,,,12.544737931034485,1.8320570175438597,14.161305913490624,denominador_abaixo_do_piso
2002-06,2002-09,2002,9,4,10.961958333333333,67.2486,19,4.80938596491228,50.64373157894736,,,58.420782758620696,4.80938596491228,64.57335512704175,denominador_abaixo_do_piso
2002-07,2002-10,2002,10,4,36.705333333333336,93.122,19,24.933217105263157,105.64427368421052,4.237089551588994,155.5237843542579,127.55469310344829,24.933217105263157,139.32680933151846,ok
2002-08,2002-11,2002,11,4,96.50879166666665,141.559,19,113.2135307017544,185.93448421052634,1.6423344723727888,158.49971544121038,192.25381379310346,113.2135307017544,175.5490747580157,ok
2002-09,2002-12,2002,12,4,187.56608333333335,198.8721,19,242.14675657894736,192.76712105263158,0.7960755856326471,149.31677963440524,197.5221137931035,242.14675657894736,142.9414405474895,ok
2002-10,2003-01,2003,1,4,249.63804166666668,226.3735,19,306.30264692982456,255.95227368421055,0.8356188764599559,208.60225989916367,270.95189666666664,306.30264692982456,214.28729140350876,ok
2002-11,2003-02,2003,2,4,277.8147916666667,242.0345,19,321.8293289473684,231.15941578947368,0.7182670906518815,199.54522215047527,226.62684000000002,321.8293289473684,182.61230271929827,ok
2002-12,2003-03,2003,3,4,351.58466666666664,210.3821,19,360.4468684210526,250.05740526315788,0.6937427598096252,243.90931696008045,268.31131,360.4468684210526,259.449108245614,ok
2003-01,2003-04,2003,4,4,220.44958333333332,166.9079,19,209.43015789473682,207.05540000000002,0.9886608599324535,217.94987463008437,207.29343999999998,209.43015789473682,218.31286543859648,ok
2003-02,2003-05,2003,5,4,36.973,100.5299,19,23.68682236842105,104.18402105263158,4.398395843569474,162.62188952429415,85.55312999999998,23.68682236842105,98.83930763157893,ok
2003-03,2003-06,2003,6,4,2.2139583333333333,12.2745,19,1.3874714912280701,6.073536842105263,,,7.216693103448276,1.3874714912280701,8.04317994555354,denominador_abaixo_do_piso
2003-04,2003-07,2003,7,4,0.50225,1.88,19,2.0393969298245613,3.685363157894737,,,4.623148275862068,2.0393969298245613,3.0860013460375066,denominador_abaixo_do_piso
2003-05,2003-08,2003,8,4,0.6697083333333333,33.5851,19,1.9783157894736838,8.989794736842105,,,11.424462068965518,1.9783157894736838,10.115854612825167,denominador_abaixo_do_piso
2003-06,2003-09,2003,9,4,5.151708333333334,34.1644,19,5.115188596491227,52.38500526315789,,,59.561617241379324,5.115188596491227,59.59813697822143,denominador_abaixo_do_piso
2003-07,2003-10,2003,10,4,15.713375,102.8612,19,26.03805701754386,105.13168421052632,4.037616329808746,63.44457949640851,127.21885862068967,26.03805701754386,116.89417660314581,ok
2003-08,2003-11,2003,11,4,104.81400000000001,171.1685,19,112.77641447368421,184.3760894736842,1.6348816402272428,171.35848423877823,191.23279655172416,112.77641447368421,183.27038207803997,ok
2003-09,2003-12,2003,12,4,234.09220833333333,191.1895,19,239.69801315789474,193.17146842105262,0.8058951589799204,188.6537774507523,197.7870310344828,239.69801315789474,192.1812262099214,ok
2003-10,2004-01,2004,1,4,297.03445833333336,330.2411,19,303.8080986842105,250.48555789473684,0.8244861113959339,244.90078550184757,267.4896433333333,303.8080986842105,260.71600298245613,ok
2003-11,2004-02,2004,2,4,328.317125,337.9902,19,319.1713114035088,226.10911578947366,0.7084255624203571,232.58824393035968,223.42831666666672,319.1713114035088,232.57413026315788,ok
2003-12,2004-03,2004,3,4,388.24525,263.3091,19,358.5173640350878,247.27177368421053,0.689706548383554,267.77529130381004,266.54707666666667,358.5173640350878,296.2749626315789,ok
2004-01,2004-04,2004,4,4,228.73325,153.5851,19,208.99417543859647,207.75660000000002,0.9940784213914131,227.37878807972743,207.73753333333332,208.99417543859647,227.47660789473684,ok
2004-02,2004-05,2004,5,4,23.893583333333336,29.0041,19,24.375212719298244,107.94853684210526,4.42861927340805,105.81558366078137,87.93732333333332,24.375212719298244,87.45569394736842,ok
2004-03,2004-06,2004,6,4,0.626375,11.5046,19,1.47102850877193,6.114057894736843,,,7.2432413793103425,1.47102850877193,6.398587870538413,denominador_abaixo_do_piso
2004-04,2004-07,2004,7,4,3.5266249999999997,24.0552,19,1.880219298245614,2.5182473684210525,,,3.8584862068965515,1.880219298245614,5.504891908650937,denominador_abaixo_do_piso
2004-05,2004-08,2004,8,4,0.7700833333333333,45.2683,19,1.9730328947368418,8.374889473684208,,,11.021593103448277,1.9730328947368418,9.818643542044768,denominador_abaixo_do_piso
2004-06,2004-09,2004,9,4,5.810333333333333,24.8521,19,5.080524122807017,52.87512631578947,,,59.88273103448276,5.080524122807017,60.61254024500908,denominador_abaixo_do_piso
2004-07,2004-10,2004,10,4,21.85129166666667,156.836,19,25.715008771929828,102.2909052631579,3.9778677958227,86.92154941796227,125.35765862068966,25.715008771929828,121.4939415154265,ok
2004-08,2004-11,2004,11,4,109.25279166666667,135.0896,19,112.54279385964912,186.27497894736845,1.6551479891255403,180.82953843343492,192.47689655172414,112.54279385964912,189.18689435874168,ok
2004-09,2004-12,2004,12,4,220.38775,159.7892,19,240.41930043859645,194.82411578947367,0.8103513962234165,178.59152092303725,198.86980000000003,240.41930043859645,178.8382495614036,ok
2004-10,2005-01,2005,1,4,343.17008333333337,258.8253,19,301.3799078947368,254.2442842105263,0.8436006434089376,289.49850309869873,269.87017,301.3799078947368,311.66034543859655,ok
2004-11,2005-02,2005,2,4,317.1270416666667,252.3165,19,319.76026315789477,230.61825789473684,0.7212223795952395,228.71911962483202,226.28410666666667,319.76026315789477,223.6508851754386,ok
2004-12,2005-03,2005,3,4,365.36720833333334,402.6636,19,359.7214714912281,239.93732631578945,0.6670086312088278,243.7030815190073,261.90192666666667,359.7214714912281,267.5476635087719,ok
2005-01,2005-04,2005,4,4,191.38683333333333,143.7686,19,210.95977631578947,208.27325789473684,0.9872652575388062,188.9495713003699,208.06474999999995,210.95977631578947,188.4918070175438,ok
2005-02,2005-05,2005,5,4,25.880041666666667,73.4273,19,24.270662280701753,105.61047368421052,4.35136348826312,112.61346838306156,86.45654999999998,24.270662280701753,88.06592938596489,ok
2005-03,2005-06,2005,6,4,1.382375,0.5479,19,1.4312390350877193,6.690726315789473,,,7.621058620689654,1.4312390350877193,7.572194585601935,denominador_abaixo_do_piso
2005-04,2005-07,2005,7,4,0.29016666666666663,1.8672,19,2.0505592105263157,3.6860368421052634,,,4.623589655172413,2.0505592105263157,2.863197111312764,denominador_abaixo_do_piso
2005-05,2005-08,2005,8,4,0.7701250000000001,1.159,19,1.973030701754386,10.696431578947367,,,12.542603448275862,1.973030701754386,11.339697746521477,denominador_abaixo_do_piso
2005-06,2005-09,2005,9,4,2.689083333333333,69.9723,19,5.24480043859649,50.50037894736842,,,58.326862068965525,5.24480043859649,55.77114496370237,denominador_abaixo_do_piso
2005-07,2005-10,2005,10,4,18.313541666666666,43.3954,19,25.90120614035088,108.26146315789474,4.1797846235908205,76.54665986182313,129.26940344827588,25.90120614035088,121.68173897459167,ok
2005-08,2005-11,2005,11,4,105.94804166666667,162.476,19,112.71672807017546,184.8335894736842,1.6398061994720965,173.73425554692798,191.53253793103448,112.71672807017546,184.76385152752567,ok
2005-09,2005-12,2005,12,4,214.13808333333336,270.7065,19,240.74823026315784,188.98636315789474,0.7849958562574559,168.09750808358046,195.04506551724143,240.74823026315784,168.43491858741695,ok
2005-10,2006-01,2006,1,4,303.79754166666663,166.8556,19,303.45214692982455,259.08479473684207,0.8537912727200353,259.37968974880124,272.9358266666666,303.45214692982455,273.2812214035087,ok
2005-11,2006-02,2006,2,4,333.3557083333333,230.8724,19,318.90612280701754,231.7468947368421,0.7266931493726169,242.24730955008948,226.99891,318.90612280701754,241.44849552631578,ok
2005-12,2006-03,2006,3,4,348.41520833333334,267.8005,19,360.61368201754385,247.03538421052633,0.6850416291151927,238.67892192517596,266.3973633333333,360.61368201754385,254.1988896491228,ok
2006-01,2006-04,2006,4,4,199.7891666666667,429.1988,19,210.51754824561402,193.2506157894737,0.9179786549860692,183.4021904974543,198.55040999999997,210.51754824561402,187.82202842105264,ok
2006-02,2006-05,2006,5,4,26.359958333333335,133.2095,19,24.24540350877193,102.46404210526316,4.226122368645748,111.40040954906989,84.46380999999998,24.24540350877193,86.57836482456139,ok
2006-03,2006-06,2006,6,4,3.121166666666667,0.6042,19,1.3397236842105265,6.687763157894737,,,7.619117241379309,1.3397236842105265,9.400560223835448,denominador_abaixo_do_piso
2006-04,2006-07,2006,7,4,1.8525833333333335,1.5265,19,1.968326754385965,3.7039684210526316,,,4.635337931034482,1.968326754385965,4.51959450998185,denominador_abaixo_do_piso
2006-05,2006-08,2006,8,4,1.919625,12.4889,19,1.9125307017543858,10.100121052631577,,,12.15191724137931,1.9125307017543858,12.159011539624924,denominador_abaixo_do_piso
2006-06,2006-09,2006,9,4,8.499583333333334,73.0467,19,4.938984649122807,50.33856842105263,,,58.220848275862075,4.938984649122807,61.7814469600726,denominador_abaixo_do_piso
2006-07,2006-10,2006,10,4,19.831416666666666,156.2402,19,25.82131798245614,102.32226315789474,3.9627048947468864,78.58605189476498,125.37820344827587,25.82131798245614,119.38830213248639,ok
2006-08,2006-11,2006,11,4,94.15429166666667,160.8529,19,113.33745175438598,184.9190157894737,1.631579084645492,153.6201730129447,191.5885068965517,113.33745175438598,172.4053468088324,ok
2006-09,2006-12,2006,12,4,235.72154166666667,150.7779,19,239.61225877192982,195.29839473684214,0.8150601131085411,192.127226412953,199.18053448275867,239.61225877192982,195.28981737749552,ok
2006-10,2007-01,2007,1,4,305.929125,243.8694,19,303.3399583333333,255.03143684210522,0.8407446161835924,257.2082647775073,270.3687,303.3399583333333,272.9578666666667,ok
2006-11,2007-02,2007,2,4,329.55558333333335,391.6001,19,319.1061293859649,223.28754210526319,0.6997281516808243,230.5993192019292,221.64132000000004,319.1061293859649,232.0907739473685,ok
2006-12,2007-03,2007,3,4,324.27620833333333,144.3091,19,361.88415570175437,253.53493157894738,0.7005969385072978,227.186918789088,270.5137433333333,361.88415570175437,232.90579596491227,ok
2007-01,2007-04,2007,4,4,180.79204166666668,203.9629,19,211.51739692982454,205.10513684210528,0.9696844790036506,175.31123673154798,206.0582733333333,211.51739692982454,175.33291807017542,ok
2007-02,2007-05,2007,5,4,21.382583333333333,59.8926,19,24.507370614035086,106.32282631578947,4.338402025670581,92.76624284740333,86.90770666666666,24.507370614035086,83.7829193859649,ok
2007-03,2007-06,2007,6,4,0.6910833333333333,0.6092,19,1.4676228070175439,6.6875,,,7.618944827586206,1.4676228070175439,6.842405353901995,denominador_abaixo_do_piso
2007-04,2007-07,2007,7,4,2.4887916666666667,2.6528,19,1.934842105263158,3.6446894736842106,,,4.596499999999999,1.934842105263158,5.150449561403508,denominador_abaixo_do_piso
2007-05,2007-08,2007,8,4,1.049125,1.474,19,1.95834649122807,10.679852631578946,,,12.531741379310345,1.95834649122807,11.622519888082275,denominador_abaixo_do_piso
2007-06,2007-09,2007,9,4,3.2722916666666664,24.48,19,5.214105263157895,52.89471052631579,,,59.895562068965525,5.214105263157895,57.953748472474295,denominador_abaixo_do_piso
2007-07,2007-10,2007,10,4,22.096833333333333,90.3212,19,25.702085526315795,105.79168421052631,4.116073931129384,90.95219964384415,127.65127241379312,25.702085526315795,124.04602022081066,ok
2007-08,2007-11,2007,11,4,114.17762499999999,140.1645,19,112.28359210526315,186.00787894736843,1.6565900276238983,189.1455149527811,192.3019,112.28359210526315,194.1959328947368,ok
2007-09,2007-12,2007,12,4,187.30949999999999,154.6319,19,242.16026096491225,195.09555263157895,0.8056464419645107,150.90523222115152,199.04763793103453,242.16026096491225,144.19687696612226,ok
2007-10,2008-01,2008,1,4,271.90225,277.9576,19,305.130846491228,253.2373210526316,0.8299302543963274,225.6599035134338,269.23242666666664,305.130846491228,236.00383017543862,ok
2007-11,2008-02,2008,2,4,376.873625,227.3554,19,316.6157061403509,231.932,0.7325347274376467,276.07301816781285,227.11614333333333,316.6157061403509,287.3740621929825,ok
2007-12,2008-03,2008,3,4,408.2998333333333,291.7903,19,357.4618596491228,245.77276315789473,0.6875496127031293,280.7263922750856,265.59770333333336,357.4618596491228,316.43567701754387,ok
2008-01,2008-04,2008,4,4,234.54366666666667,198.2004,19,208.68836403508772,205.40842631578948,0.9842830828903006,230.85736329906172,206.25035666666665,208.68836403508772,232.1056592982456,ok
2008-02,2008-05,2008,5,4,19.18404166666667,156.4351,19,24.62308333333333,101.24164210526315,4.111655747361581,78.87817517637406,83.68962333333333,24.62308333333333,78.25058166666668,ok
2008-03,2008-06,2008,6,4,1.2959583333333333,1.2231,19,1.4357872807017542,6.65518947368421,,,7.597775862068964,1.4357872807017542,7.4579469147005435,denominador_abaixo_do_piso
2008-04,2008-07,2008,7,4,2.8347916666666664,1.8809,19,1.9166315789473682,3.6853157894736843,,,4.62311724137931,1.9166315789473682,5.541277329098608,denominador_abaixo_do_piso
2008-05,2008-08,2008,8,4,2.589125,10.0751,19,1.8772938596491227,10.227163157894736,,,12.23515172413793,1.8772938596491227,12.946982864488808,denominador_abaixo_do_piso
2008-06,2008-09,2008,9,4,8.985541666666666,35.7506,19,4.913407894736842,52.301521052631585,,,59.506920689655175,4.913407894736842,63.579054461585,denominador_abaixo_do_piso
2008-07,2008-10,2008,10,4,22.78879166666667,71.4708,19,25.66566666666667,106.78381052631579,4.160570302465646,94.81436983740994,128.30128620689655,25.66566666666667,125.42441120689655,ok
2008-08,2008-11,2008,11,4,160.82279166666666,228.8043,19,109.82858333333333,181.3426263157895,1.6511423603217088,265.5413238260264,189.24535517241378,109.82858333333333,240.23956350574713,ok
2008-09,2008-12,2008,12,4,255.36320833333332,198.2564,19,238.57848684210526,192.79952631578945,0.8081178184493516,206.3635588305606,197.54334482758625,238.57848684210526,214.3280663188143,ok
2008-10,2009-01,2009,1,4,310.538125,176.1671,19,303.09737938596487,258.5947157894737,0.8531737104205662,264.9429643332956,272.6254433333333,303.09737938596487,280.0661889473684,ok
2008-11,2009-02,2009,2,4,328.59791666666666,173.2144,19,319.1565328947369,234.78152631578942,0.7356312721733452,241.72690347101087,228.92084333333335,319.1565328947369,238.3622271052631,ok
2008-12,2009-03,2009,3,4,372.8890833333333,237.6584,19,359.3255833333334,248.6218105263158,0.6919123548619647,258.00656375148606,267.4021,359.3255833333334,280.96559999999994,ok
2009-01,2009-04,2009,4,4,230.18041666666667,291.4855,19,208.9180087719298,200.49868421052633,0.959700340765766,220.90422431260603,203.14085333333333,208.9180087719298,224.4032612280702,ok
2009-02,2009-05,2009,5,4,24.485041666666664,287.1656,19,24.34408333333333,94.3610894736842,3.8761405874946018,94.90746379066313,79.33194,24.34408333333333,79.47289833333333,ok
2009-03,2009-06,2009,6,4,2.030375,15.2435,19,1.3971337719298245,5.917273684210526,,,7.114313793103446,1.3971337719298245,7.747555021173621,denominador_abaixo_do_piso
2009-04,2009-07,2009,7,4,2.4440833333333334,2.7198,19,1.9371951754385965,3.6411631578947365,,,4.594189655172413,1.9371951754385965,5.10107781306715,denominador_abaixo_do_piso
2009-05,2009-08,2009,8,4,6.472874999999999,15.226,19,1.6728859649122807,9.956063157894736,,,12.057534482758621,1.6728859649122807,16.85752351784634,denominador_abaixo_do_piso
2009-06,2009-09,2009,9,4,6.512416666666667,49.6335,19,5.043572368421052,51.57084210526316,,,59.02820000000001,5.043572368421052,60.497044298245626,denominador_abaixo_do_piso
2009-07,2009-10,2009,10,4,39.461625,145.1622,19,24.78814912280702,102.90531578947369,4.151391670255558,163.82066131974847,125.76020344827586,24.78814912280702,140.43367932546883,ok
2009-08,2009-11,2009,11,4,106.56354166666667,129.9771,19,112.68433333333333,186.54405789473682,1.6554569067105174,176.41135105561733,192.65318965517238,112.68433333333333,186.53239798850572,ok
2009-09,2009-12,2009,12,4,240.72124999999997,238.1976,19,239.3491162280702,190.69735789473685,0.796733077188494,191.79058225716074,196.16606206896557,239.3491162280702,197.53819584089536,ok
2009-10,2010-01,2010,1,4,277.5939583333333,206.4191,19,304.83128289473683,257.0025052631579,0.8430975417700323,234.03878388104607,271.6170433333333,304.83128289473683,244.3797187719298,ok
2009-11,2010-02,2010,2,4,266.32366666666667,189.3031,19,322.43412500000005,233.93475263157893,0.72552727671607,193.22508460170505,228.38455333333334,322.43412500000005,172.27409499999996,ok
2009-12,2010-03,2010,3,4,320.8053333333333,170.6808,19,362.06683333333336,252.14694736842108,0.6964099557174418,223.4120279805858,269.63468666666665,362.06683333333336,228.37318666666658,ok
2010-01,2010-04,2010,4,4,181.52629166666668,179.409,19,211.47875219298243,206.39744736842107,0.9759725042262191,177.16466946081573,206.87673666666666,211.47875219298243,176.9242761403509,ok
2010-02,2010-05,2010,5,4,20.14375,36.5434,19,24.57257236842105,107.55173157894735,4.37690161072291,88.16721182099961,87.68601333333332,24.57257236842105,83.25719096491227,ok
2010-03,2010-06,2010,6,4,1.19875,8.1085,19,1.4409035087719297,6.2928,,,7.3603482758620675,1.4409035087719297,7.118194767090138,denominador_abaixo_do_piso
2010-04,2010-07,2010,7,4,0.8928333333333334,1.8517,19,2.0188399122807015,3.6868526315789474,,,4.624124137931034,2.0188399122807015,3.4981175589836657,denominador_abaixo_do_piso
2010-05,2010-08,2010,8,4,0.1562916666666667,1.1641,19,2.0053377192982453,10.696163157894736,,,12.542427586206896,2.0053377192982453,10.693381533575318,denominador_abaixo_do_piso
2010-06,2010-09,2010,9,4,1.0475416666666666,2.3148,19,5.331197368421052,54.0613,,,60.65987931034483,5.331197368421052,56.37622360859044,denominador_abaixo_do_piso
2010-07,2010-10,2010,10,4,15.50125,136.1532,19,26.04922149122807,103.37947368421052,3.968620471787342,61.51857808829354,126.07085862068966,26.04922149122807,115.5228871294616,ok
2010-08,2010-11,2010,11,4,106.56349999999999,142.1422,19,112.68433552631579,185.90378947368418,1.6497749097545955,175.80578859563383,192.23370344827583,112.68433552631579,186.11286792196003,ok
2010-09,2010-12,2010,12,4,246.39045833333333,168.2896,19,239.05073684210527,194.37672631578948,0.8131191264395755,200.34479424304664,198.57668275862073,239.05073684210527,205.9164042498488,ok
2010-10,2011-01,2011,1,4,330.559125,274.405,19,302.0436425438596,253.42430000000002,0.8390320612796888,277.3497040235603,269.35084666666665,302.0436425438596,297.86632912280703,ok
2010-11,2011-02,2011,2,4,358.76741666666663,316.7195,19,317.56866447368424,227.22862631578946,0.715525968824355,256.70740339302773,224.13734000000002,317.56866447368424,265.3360921929824,ok
2010-12,2011-03,2011,3,4,348.303625,240.0053,19,360.6195548245614,248.49828947368425,0.6890871172933944,240.01154089408948,267.32387,360.6195548245614,255.0079401754386,ok
1991-01,1991-05,1991,5,5,24.127916666666668,128.0413,19,24.671252192982454,102.73605263157896,4.164200982907606,100.47349429884615,84.63608333333332,24.671252192982454,84.09274780701753,ok
1991-02,1991-06,1991,6,5,1.112375,0.7033,19,0.9668486842105264,6.682547368421052,,,7.615699999999998,0.9668486842105264,7.761226315789472,denominador_abaixo_do_piso
1991-03,1991-07,1991,7,5,1.808,1.9531,19,1.3480657894736845,3.681515789473684,,,4.620627586206896,1.3480657894736845,5.080561796733212,denominador_abaixo_do_piso
1991-04,1991-08,1991,8,5,2.9909166666666667,1.2135,19,2.842936403508772,10.693563157894737,,,12.540724137931036,2.842936403508772,12.68870440108893,denominador_abaixo_do_piso
1991-05,1991-09,1991,9,5,7.419583333333333,73.9762,19,5.651813596491227,50.28964736842105,,,58.18879655172414,5.651813596491227,59.95656628856624,denominador_abaixo_do_piso
1991-06,1991-10,1991,10,5,23.369041666666664,58.2752,19,24.11089912280702,107.4783157894737,4.4576651929088635,104.17136362913692,128.75630689655173,24.11089912280702,128.01444944041137,ok
1991-07,1991-11,1991,11,5,140.81054166666667,141.8015,19,117.7779802631579,185.9217210526316,1.578577936531229,222.2804143060113,192.24545172413795,117.7779802631579,215.27801312764672,ok
1991-08,1991-12,1991,12,5,237.35079166666665,139.2974,19,256.95254824561397,195.90263157894736,0.7624078177722112,180.95809912109007,199.57641379310346,256.95254824561397,179.97465721415614,ok
1991-09,1992-01,1992,1,5,302.31325,307.6078,19,313.47266666666667,251.67678421052634,0.8028667599212042,242.71725950874895,268.24408666666665,313.47266666666667,257.08466999999996,ok
1991-10,1992-02,1992,2,5,309.024,144.7331,19,319.59814254385964,236.28054210526318,0.7393051168087985,228.46302441672216,229.87022000000005,319.59814254385964,219.2960774561404,ok
1991-11,1992-03,1992,3,5,379.797125,155.372,19,377.0952127192983,252.95267368421054,0.6707925880578685,254.76509641568776,270.14498,377.0952127192983,272.8468922807017,ok
1991-12,1992-04,1992,4,5,188.09275,102.9542,19,225.15327850877193,210.71178421052633,0.935859275983481,176.02834483274188,209.42522999999997,225.15327850877193,172.36470149122803,ok
1992-01,1992-05,1992,5,5,25.601125,24.3743,19,24.5937149122807,108.19221052631579,4.399181291326215,112.62399013690384,88.09164999999999,24.5937149122807,89.0990600877193,ok
1992-02,1992-06,1992,6,5,0.9179583333333334,1.0095,19,0.9770811403508772,6.666431578947368,,,7.605141379310343,0.9770811403508772,7.546018572292799,denominador_abaixo_do_piso
1992-03,1992-07,1992,7,5,0.6138333333333333,2.0289,19,1.4109166666666668,3.677526315789474,,,4.618013793103447,1.4109166666666668,3.8209304597701137,denominador_abaixo_do_piso
1992-04,1992-08,1992,8,5,0.904,13.0445,19,2.9527741228070177,10.07087894736842,,,12.132758620689655,2.9527741228070177,10.083984497882637,denominador_abaixo_do_piso
1992-05,1992-09,1992,9,5,2.5920416666666664,135.5711,19,5.905894736842105,47.047810526315786,,,56.06483448275863,5.905894736842105,52.75098141258319,denominador_abaixo_do_piso
1992-06,1992-10,1992,10,5,21.449541666666665,62.0723,19,24.21192543859649,107.27846842105264,4.430811117980682,95.03886769225656,128.62537241379312,24.21192543859649,125.8629886418633,ok
1992-07,1992-11,1992,11,5,112.63329166666666,214.2915,19,119.26099342105262,182.10645789473688,1.5269574122345893,171.98623957479705,189.74579655172414,119.26099342105262,183.1180947973382,ok
1992-08,1992-12,1992,12,5,219.33866666666665,239.5717,19,257.90055482456137,190.62503684210526,0.739141631439216,162.12233991770236,196.11867931034487,257.90055482456137,157.55679115245016,ok
1992-09,1993-01,1993,1,5,288.19575000000003,121.8043,19,314.2156929824561,261.4559157894737,0.8320905722683679,239.8049665428115,274.43753666666663,314.2156929824561,248.41759368421054,ok
1992-10,1993-02,1993,2,5,323.51754166666666,307.8407,19,318.8353245614035,227.69593157894738,0.7141490105971495,231.0397322920721,224.43330000000003,318.8353245614035,229.11551710526317,ok
1992-11,1993-03,1993,3,5,383.87058333333334,153.1779,19,376.8808201754386,253.06815263157895,0.6714805824126984,257.76164286776896,270.2181166666667,376.8808201754386,277.2078798245614,ok
1992-12,1993-04,1993,4,5,239.88958333333335,250.0943,19,222.42712938596492,202.96756842105262,0.9125126461927886,218.90227848158548,204.52055999999996,222.42712938596492,221.9830139473684,ok
1993-01,1993-05,1993,5,5,18.570208333333333,95.5974,19,24.96376315789474,104.44362631578947,4.183809374219263,77.69421170620467,85.71754666666665,24.96376315789474,79.32399184210524,ok
1993-02,1993-06,1993,6,5,1.889916666666667,0.586,19,0.9259254385964912,6.688721052631579,,,7.619744827586205,0.9259254385964912,8.58373605565638,denominador_abaixo_do_piso
1993-03,1993-07,1993,7,5,1.607125,1.8793,19,1.3586381578947369,3.6854,,,4.623172413793102,1.3586381578947369,4.871659255898365,denominador_abaixo_do_piso
1993-04,1993-08,1993,8,5,4.743,40.5665,19,2.7507214912280706,8.622352631578947,,,11.183724137931035,2.7507214912280706,13.176002646702965,denominador_abaixo_do_piso
1993-05,1993-09,1993,9,5,5.713166666666666,56.4376,19,5.741625,51.21273157894736,,,58.79357586206897,5.741625,58.76511752873564,denominador_abaixo_do_piso
1993-06,1993-10,1993,10,5,19.541291666666666,126.1723,19,24.312359649122804,103.90478421052632,4.27374330217574,83.51446437627926,126.41502758620692,24.312359649122804,121.64395960375077,ok
1993-07,1993-11,1993,11,5,119.95566666666667,225.9903,19,118.8756052631579,181.4907315789474,1.5267281388572267,183.13969171537786,189.34238965517244,118.8756052631579,190.42245105868122,ok
1993-08,1993-12,1993,12,5,269.77074999999996,216.8044,19,255.24623464912278,191.8233157894737,0.751522607387983,202.7388174370117,196.90375862068967,255.24623464912278,211.42827397156685,ok
1993-09,1994-01,1994,1,5,341.08320833333335,330.218,19,311.43214254385964,250.48677368421053,0.8043061054590214,274.33530693205137,267.49041333333327,311.43214254385964,297.14147912280697,ok
1993-10,1994-02,1994,2,5,352.16491666666667,306.4669,19,317.3275679824562,227.7682368421053,0.7177700894071004,252.7734437218774,224.47909333333334,317.3275679824562,259.31644201754386,ok
1993-11,1994-03,1994,3,5,454.9373333333333,311.1998,19,373.1404649122807,244.7512105263158,0.6559224569328144,298.4036134304627,264.95072,373.1404649122807,346.74758842105257,ok
1993-12,1994-04,1994,4,5,250.51691666666667,176.4476,19,221.86779605263158,206.8437105263158,0.9322836130631966,233.55281620345175,206.97544999999994,221.86779605263158,235.62457061403504,ok
1994-01,1994-05,1994,5,5,32.04033333333333,50.2617,19,24.254809210526314,106.82971578947368,4.404475618101782,141.12086696252044,87.22873666666665,24.254809210526314,95.01426078947367,ok
1994-02,1994-06,1994,6,5,1.3607500000000001,40.3001,19,0.9537763157894736,4.598505263157895,,,6.250293103448275,0.9537763157894736,6.657266787658801,denominador_abaixo_do_piso
1994-03,1994-07,1994,7,5,0.9264166666666668,1.843,19,1.3944649122807018,3.6873105263157893,,,4.624424137931034,1.3944649122807018,4.156375892316999,denominador_abaixo_do_piso
1994-04,1994-08,1994,8,5,1.3503749999999999,6.3765,19,2.929280701754386,10.421826315789472,,,12.362689655172415,2.929280701754386,10.783783953418029,denominador_abaixo_do_piso
1994-05,1994-09,1994,9,5,3.4019999999999997,57.4679,19,5.863265350877192,51.1585052631579,,,58.75804827586207,5.863265350877192,56.29678292498488,denominador_abaixo_do_piso
1994-06,1994-10,1994,10,5,20.991875,114.0829,19,24.23601315789474,104.54106842105264,4.3134597980278375,90.54760889772561,126.83190344827588,24.23601315789474,123.58776529038114,ok
1994-07,1994-11,1994,11,5,124.48087500000001,151.223,19,118.63743640350877,185.42585263157898,1.5629624025329572,194.55892745940474,191.9205724137931,118.63743640350877,197.76401101028435,ok
1994-08,1994-12,1994,12,5,235.44266666666667,200.9509,19,257.0529758771929,192.6577105263158,0.7494864039946304,176.46107758690644,197.4504310344828,257.0529758771929,175.84012182395654,ok
1994-09,1995-01,1995,1,5,292.7715416666667,156.6185,19,313.9748618421052,259.6235894736842,0.8268929173197512,242.09071419695113,273.2770633333333,313.9748618421052,252.07374315789474,ok
1994-10,1995-02,1995,2,5,303.49870833333335,232.7107,19,319.88894736842104,231.65014210526317,0.7241580054920376,219.78101929607632,226.93763333333337,319.88894736842104,210.54739429824568,ok
1994-11,1995-03,1995,3,5,330.347125,218.3206,19,379.6978442982456,249.63958947368423,0.657469072375341,217.19301783561085,268.04669333333334,379.6978442982456,218.69597403508772,ok
1994-12,1995-04,1995,4,5,238.41004166666667,255.6784,19,222.50500000000002,202.6736684210526,0.910872422736804,217.16113225769905,204.3344233333333,222.50500000000002,220.23946499999994,ok
1995-01,1995-05,1995,5,5,17.945333333333334,188.1476,19,24.996651315789475,99.57256315789473,3.983436097098269,71.48408857446081,82.63253999999999,24.996651315789475,75.58122201754385,ok
1995-02,1995-06,1995,6,5,0.16195833333333334,0.5023,19,1.0168706140350878,6.693126315789473,,,7.622631034482757,1.0168706140350878,6.767718753781002,denominador_abaixo_do_piso
1995-03,1995-07,1995,7,5,0.13395833333333332,1.9521,19,1.4361732456140353,3.6815684210526314,,,4.620662068965517,1.4361732456140353,3.3184471566848153,denominador_abaixo_do_piso
1995-04,1995-08,1995,8,5,0.20091666666666666,1.2264,19,2.9897785087719297,10.692884210526316,,,12.540279310344829,2.9897785087719297,9.751417468239566,denominador_abaixo_do_piso
1995-05,1995-09,1995,9,5,1.6632083333333334,24.8694,19,5.954780701754385,52.87421578947368,,,59.88213448275862,5.954780701754385,55.59056211433757,denominador_abaixo_do_piso
1995-06,1995-10,1995,10,5,16.918541666666666,82.7379,19,24.450399122807017,106.1908052631579,4.343111322223958,73.47910986801779,127.9127655172414,24.450399122807017,120.38090806110105,ok
1995-07,1995-11,1995,11,5,111.50991666666665,247.2129,19,119.32011842105263,180.37375263157895,1.511679296152577,168.56723234069915,188.61057586206897,119.32011842105263,180.800374107683,ok
1995-08,1995-12,1995,12,5,258.8784583333333,191.1246,19,255.81951315789473,193.17488421052633,0.755121772479086,195.48476031331984,197.78926896551727,255.81951315789473,200.84821414095583,ok
1995-09,1996-01,1996,1,5,314.57804166666665,224.1528,19,312.8271513157895,256.06915263157896,0.8185643463315784,257.502369047143,271.0259199999999,312.8271513157895,272.7768103508771,ok
1995-10,1996-02,1996,2,5,362.591625,225.4247,19,316.7787938596491,232.0336157894737,0.7324783738278823,265.59052384360933,227.18050000000002,316.7787938596491,272.99333114035096,ok
1995-11,1996-03,1996,3,5,414.4377083333334,302.7974,19,375.272024122807,245.19344210526316,0.6533752220896277,270.78332972460805,265.2308,375.272024122807,304.39648421052635,ok
1995-12,1996-04,1996,4,5,228.02037500000003,321.9434,19,223.0518245614035,199.18603684210527,0.8930033961110762,203.62296925752116,202.12559,223.0518245614035,207.09414043859653,ok
1996-01,1996-05,1996,5,5,15.702125,98.9982,19,25.114714912280704,104.26463684210526,4.151535751302576,65.18793330892196,85.60418666666665,25.114714912280704,76.19159675438594,ok
1996-02,1996-06,1996,6,5,0.5292083333333334,0.4652,19,0.9975416666666668,6.695078947368422,,,7.623910344827586,0.9975416666666668,7.155577011494252,denominador_abaixo_do_piso
1996-03,1996-07,1996,7,5,1.0602500000000001,1.9521,19,1.3874210526315789,3.6815684210526314,,,4.620662068965517,1.3874210526315789,4.293491016333938,denominador_abaixo_do_piso
1996-04,1996-08,1996,8,5,1.7857083333333332,1.4883,19,2.906368421052632,10.6791,,,12.531248275862069,2.906368421052632,11.41058818814277,denominador_abaixo_do_piso
1996-05,1996-09,1996,9,5,5.734916666666667,9.7369,19,5.740480263157894,53.67066315789474,,,60.40394482758621,5.740480263157894,60.39838123109498,denominador_abaixo_do_piso
1996-06,1996-10,1996,10,5,21.248625,145.0933,19,24.2225,102.90894210526316,4.248485585933044,90.27447703339652,125.76257931034485,24.2225,122.78870431034485,ok
1996-07,1996-11,1996,11,5,152.96033333333335,222.7092,19,117.13851754385965,181.6634210526316,1.5508427531927078,237.21742447594102,189.45553103448276,117.13851754385965,225.27734682395646,ok
1996-08,1996-12,1996,12,5,272.98475,130.1745,19,255.07707675438596,196.38278421052632,0.7698958554383292,210.16982762286844,199.89099655172416,255.07707675438596,217.79866979733822,ok
1996-09,1997-01,1997,1,5,311.92204166666664,403.2083,19,312.9669407894737,246.6451789473684,0.7880870047334534,245.82170752742675,265.0574033333333,312.9669407894737,264.01250421052623,ok
1996-10,1997-02,1997,2,5,332.3678333333333,180.4594,19,318.3695197368421,234.40021052631582,0.7362520467413664,244.70649756265996,228.67934333333335,318.3695197368421,242.67765692982454,ok
1996-11,1997-03,1997,3,5,356.5619166666667,452.1152,19,378.3181184210527,237.3346105263158,0.6273413800979313,223.68604489203025,260.25354,378.3181184210527,238.497338245614,ok
1996-12,1997-04,1997,4,5,266.11195833333335,290.1342,19,221.04700438596493,200.8602052631579,0.9086764411086099,241.80966723477604,203.18589666666665,221.04700438596493,248.25085061403507,ok
1997-01,1997-05,1997,5,5,28.781541666666666,68.9381,19,24.426324561403508,105.84674736842105,4.333306351610159,124.7192373132991,86.60618999999998,24.426324561403508,90.96140710526313,ok
1997-02,1997-06,1997,6,5,0.31312500000000004,0.6576,19,1.0089144736842104,6.6849526315789465,,,7.617275862068964,1.0089144736842104,6.9214863883847535,denominador_abaixo_do_piso
1997-03,1997-07,1997,7,5,1.5958750000000002,1.9683,19,1.3592302631578947,3.680715789473684,,,4.620103448275861,1.3592302631578947,4.856748185117967,denominador_abaixo_do_piso
1997-04,1997-08,1997,8,5,4.118166666666666,1.2265,19,2.7836074561403508,10.69287894736842,,,12.540275862068965,2.7836074561403508,13.87483507259528,denominador_abaixo_do_piso
1997-05,1997-09,1997,9,5,10.292375,47.0877,19,5.500614035087719,51.70483157894737,,,59.11598620689656,5.500614035087719,63.907747171808836,denominador_abaixo_do_piso
1997-06,1997-10,1997,10,5,23.670375000000003,98.1562,19,24.095039473684206,105.3793157894737,4.373485916242862,103.52205169468714,127.38110000000003,24.095039473684206,126.95643552631583,ok
1997-07,1997-11,1997,11,5,101.94125000000001,75.7109,19,119.82373245614035,189.40017368421056,1.5806566011748766,161.1341097445184,194.5244379310345,119.82373245614035,176.64195547489416,ok
1997-08,1997-12,1997,12,5,235.76616666666666,199.815,19,257.03594956140347,192.7174947368421,0.7497686415681853,176.77007850940504,197.4896,257.03594956140347,176.2198171052632,ok
1997-09,1998-01,1998,1,5,235.57641666666666,347.458,19,316.9851315789474,249.57940526315787,0.7873536655172684,185.48195517192332,266.9157466666666,316.9851315789474,185.50703175438588,ok
1997-10,1998-02,1998,2,5,226.39679166666667,127.8253,19,323.94694298245616,237.17042631578946,0.7321273790462464,165.75128970739573,230.43381333333338,323.94694298245616,132.88366201754388,ok
1997-11,1998-03,1998,3,5,312.04479166666664,242.0988,19,380.6611250000001,248.38810526315794,0.6525176566510643,203.6147362285029,267.25408666666664,380.6611250000001,198.6377533333332,ok
1997-12,1998-04,1998,4,5,171.07208333333332,54.1047,19,226.04910307017542,213.2828105263158,0.9435242503930821,161.4106591902662,211.05354666666665,226.04910307017542,156.07652692982455,ok
1998-01,1998-05,1998,5,5,20.791083333333333,74.6596,19,24.846875,105.54561578947369,4.247842667919957,88.31725089561282,86.41547333333331,24.846875,82.35968166666665,ok
1998-02,1998-06,1998,6,5,0.9719583333333334,16.0121,19,0.9742390350877193,5.876821052631578,,,7.087810344827584,0.9742390350877193,7.085529643073198,denominador_abaixo_do_piso
1998-03,1998-07,1998,7,5,0.44645833333333335,3.3565,19,1.4197258771929826,3.6076526315789472,,,4.5722344827586205,1.4197258771929826,3.5989669388989713,denominador_abaixo_do_piso
1998-04,1998-08,1998,8,5,1.5512916666666667,1.2501,19,2.918706140350877,10.691636842105263,,,12.539462068965518,2.918706140350877,11.172047595281308,denominador_abaixo_do_piso
1998-05,1998-09,1998,9,5,2.829625,13.3474,19,5.893390350877192,53.48063684210526,,,60.27944482758621,5.893390350877192,57.21567947670902,denominador_abaixo_do_piso
1998-06,1998-10,1998,10,5,24.89791666666667,89.2952,19,24.03043201754386,105.84568421052631,4.4046517404785615,109.66665198012353,127.68665172413796,24.03043201754386,128.55413637326077,ok
1998-07,1998-11,1998,11,5,105.72129166666667,245.1679,19,119.62478289473684,180.48138421052633,1.508729042955421,159.50478319626095,188.68109310344826,119.62478289473684,174.77760187537808,ok
1998-08,1998-12,1998,12,5,353.30329166666667,138.7974,19,250.84978508771928,195.92894736842106,0.781060854008334,275.9513707131222,199.5936551724138,250.84978508771928,302.04716175136116,ok
1998-09,1999-01,1999,1,5,366.89620833333333,215.817,19,310.0735635964913,256.5078789473684,0.8272484631458952,303.51432447780616,271.30377999999996,310.0735635964913,328.126424736842,ok
1998-10,1999-02,1999,2,5,373.8268333333333,131.3784,19,316.1874671052631,236.9834210526316,0.7495028921362547,280.1842927414709,230.31537666666665,316.1874671052631,287.9547428947368,ok
1998-11,1999-03,1999,3,5,399.5280416666667,283.9542,19,376.05674342105266,246.18518947368423,0.6546490490613075,261.5506525504098,265.85890666666666,376.05674342105266,289.3302049122807,ok
1998-12,1999-04,1999,4,5,215.35191666666665,162.6196,19,223.7185855263158,207.57150000000001,0.9278241211460886,199.8087028183757,207.4363833333333,223.7185855263158,199.06971447368417,ok
1999-01,1999-05,1999,5,5,21.840166666666665,177.0923,19,24.7916600877193,100.15442105263158,4.039843265769995,88.23085023162764,83.00104999999999,24.7916600877193,80.04955657894736,ok
1999-02,1999-06,1999,6,5,0.54,0.6859,19,0.9969736842105262,6.683463157894736,,,7.616299999999998,0.9969736842105262,7.159326315789472,denominador_abaixo_do_piso
1999-03,1999-07,1999,7,5,1.6071666666666669,1.9885,19,1.3586359649122806,3.6796526315789473,,,4.619406896551724,1.3586359649122806,4.86793759830611,denominador_abaixo_do_piso
1999-04,1999-08,1999,8,5,2.2209166666666667,1.2624,19,2.8834627192982456,10.69098947368421,,,12.539037931034484,2.8834627192982456,11.876491878402906,denominador_abaixo_do_piso
1999-05,1999-09,1999,9,5,9.136791666666666,72.5879,19,5.561434210526315,50.36271578947369,,,58.23666896551725,5.561434210526315,61.8120264216576,denominador_abaixo_do_piso
1999-06,1999-10,1999,10,5,28.502750000000002,112.4277,19,23.84070394736842,104.62818421052631,4.38863652858184,125.08820981503604,126.88897931034485,23.84070394736842,131.55102536297642,ok
1999-07,1999-11,1999,11,5,123.07675,349.1067,19,118.71133771929824,175.0109210526316,1.4742561613319352,181.44665700421027,185.09699655172415,118.71133771929824,189.46240883242592,ok
1999-08,1999-12,1999,12,5,252.41691666666668,242.5365,19,256.1595942982456,190.46899473684212,0.7435559665787096,187.68610445290093,196.0164448275862,256.1595942982456,192.27376719600727,ok
1999-09,2000-01,2000,1,5,304.44483333333335,260.085,19,313.3604780701755,254.17798421052632,0.8111360621348186,246.94618324729117,269.8281799999999,313.3604780701755,260.9125352631578,ok
1999-10,2000-02,2000,2,5,331.1045833333333,271.7656,19,318.4360065789474,229.5946210526316,0.721007098158386,238.72875481610816,225.63580333333337,318.4360065789474,238.3043800877193,ok
1999-11,2000-03,2000,3,5,415.57616666666667,185.8099,19,375.2121052631579,251.35067894736844,0.6698895782455677,278.3901430172431,269.1303833333333,375.2121052631579,309.49444473684207,ok
1999-12,2000-04,2000,4,5,236.077125,184.1135,19,222.6277850877193,206.44024210526314,0.927288756989259,218.91166379484793,206.71992,222.6277850877193,220.1692599122807,ok
2000-01,2000-05,2000,5,5,25.980625,53.6399,19,24.573741228070173,106.65191578947368,4.340076458022069,112.75789892719962,87.11612999999997,24.573741228070173,88.5230137719298,ok
2000-02,2000-06,2000,6,5,0.7127916666666666,4.8153,19,0.9878793859649123,6.466126315789474,,,7.473906896551722,0.9878793859649123,7.198819177253476,denominador_abaixo_do_piso
2000-03,2000-07,2000,7,5,1.9195833333333334,10.0203,19,1.3421929824561405,3.2569263157894737,,,4.342448275862069,1.3421929824561405,4.919838626739262,denominador_abaixo_do_piso
2000-04,2000-08,2000,8,5,6.528708333333333,7.9948,19,2.6567368421052633,10.336652631578946,,,12.306886206896552,2.6567368421052633,16.178857698124624,denominador_abaixo_do_piso
2000-05,2000-09,2000,9,5,3.8772083333333334,123.9327,19,5.8382543859649125,47.66035789473684,,,56.46615862068967,5.8382543859649125,54.50511256805809,denominador_abaixo_do_piso
2000-06,2000-10,2000,10,5,24.261875,86.4072,19,24.063907894736843,105.99768421052632,4.404840837747292,106.86969780032008,127.7862379310345,24.063907894736843,127.98420503629767,ok
2000-07,2000-11,2000,11,5,132.95875,192.5216,19,118.19123245614034,183.2522421052632,1.5504723852783784,206.1488702561316,190.4964827586207,118.19123245614034,205.26400030248035,ok
2000-08,2000-12,2000,12,5,235.78845833333332,222.6176,19,257.0347763157895,191.51735789473685,0.7451029025716006,175.68666469704957,196.70330344827588,257.0347763157895,175.4569854658197,ok
2000-09,2001-01,2001,1,5,300.86245833333334,192.5309,19,313.549024122807,257.73346315789473,0.821987770106881,247.30526123429107,272.0799833333333,313.549024122807,259.39341754385964,ok
2000-10,2001-02,2001,2,5,312.8025416666667,153.1069,19,319.3992719298246,235.8398157894737,0.7383855772886365,230.96888530589445,229.59109333333336,319.3992719298246,222.99436307017547,ok
2000-11,2001-03,2001,3,5,371.3825,249.1479,19,377.53808771929823,248.01710000000003,0.6569326594258807,243.97329338923214,267.01911666666666,377.53808771929823,260.8635289473684,ok
2000-12,2001-04,2001,4,5,256.2407083333333,196.9268,19,221.56654385964913,205.76585789473685,0.928686498919615,237.96728630276553,206.29280999999995,221.56654385964913,240.96697447368413,ok
2001-01,2001-05,2001,5,5,26.05858333333333,140.175,19,24.569638157894737,102.09743684210527,4.155431031828169,108.28464582881364,84.23162666666664,24.569638157894737,85.72057184210524,ok
2001-02,2001-06,2001,6,5,2.52725,5.0237,19,0.8923815789473684,6.455157894736842,,,7.466720689655171,0.8923815789473684,9.101589110707803,denominador_abaixo_do_piso
2001-03,2001-07,2001,7,5,1.1941666666666666,2.3266,19,1.3803728070175438,3.661857894736842,,,4.607748275862068,1.3803728070175438,4.421542135511191,denominador_abaixo_do_piso
2001-04,2001-08,2001,8,5,5.367999999999999,7.2041,19,2.717826754385965,10.378268421052631,,,12.334151724137932,2.717826754385965,14.984324969751967,denominador_abaixo_do_piso
2001-05,2001-09,2001,9,5,8.32675,33.0017,19,5.60406798245614,52.4462,,,59.6017103448276,5.60406798245614,62.32439236237146,denominador_abaixo_do_piso
2001-06,2001-10,2001,10,5,34.60720833333333,130.0808,19,23.51941666666667,103.69907368421053,4.409083573538623,152.58607378852892,126.28025172413795,23.51941666666667,137.36804339080462,ok
2001-07,2001-11,2001,11,5,119.955625,196.3446,19,118.87560745614036,183.05103157894737,1.539853595671297,184.71410047724774,190.3646551724138,118.87560745614036,191.44467271627343,ok
2001-08,2001-12,2001,12,5,251.60216666666668,209.0467,19,256.20247587719297,192.2316157894737,0.7503113119079192,188.7799517505416,197.1712655172414,256.20247587719297,192.57095630671512,ok
2001-09,2002-01,2002,1,5,326.4635,368.8524,19,312.20160087719296,248.45338421052634,0.795810730990638,259.80315657676215,266.20259999999996,312.20160087719296,280.464499122807,ok
2001-10,2002-02,2002,2,5,313.2965,190.9456,19,319.373274122807,233.8483052631579,0.7322100006816393,229.3988304785552,228.32980333333336,319.373274122807,222.25302921052634,ok
2001-11,2002-03,2002,3,5,391.5596666666667,178.8799,19,376.4761315789474,251.71541578947372,0.6686092282498094,261.8004065437527,269.3613833333333,376.4761315789474,284.44491842105265,ok
2001-12,2002-04,2002,4,5,220.15800000000002,124.7968,19,223.46563377192984,209.56217368421053,0.9377825580916426,206.46033242433987,208.69714333333332,223.46563377192984,205.3895095614035,ok
2002-01,2002-05,2002,5,5,22.799833333333336,103.8934,19,24.741151315789477,104.0069947368421,4.203805773196424,95.84607099458294,85.44101333333332,24.741151315789477,83.49969535087718,ok
2002-02,2002-06,2002,6,5,0.5615416666666667,6.7952,19,0.9958399122807018,6.361921052631579,,,7.40563448275862,0.9958399122807018,6.971336237144585,denominador_abaixo_do_piso
2002-03,2002-07,2002,7,5,0.881625,2.1991,19,1.3968223684210528,3.6685684210526315,,,4.6121448275862065,1.3968223684210528,4.096947459165154,denominador_abaixo_do_piso
2002-04,2002-08,2002,8,5,1.3839166666666667,1.0971,19,2.927515350877193,10.69968947368421,,,12.544737931034485,2.927515350877193,11.001139246823959,denominador_abaixo_do_piso
2002-05,2002-09,2002,9,5,9.374333333333333,67.2486,19,5.5489320175438595,50.64373157894736,,,58.420782758620696,5.5489320175438595,62.246184074410166,denominador_abaixo_do_piso
2002-06,2002-10,2002,10,5,29.786041666666666,93.122,19,23.773162280701754,105.64427368421052,4.443846066283279,132.3645840905665,127.55469310344829,23.773162280701754,133.5675724894132,ok
2002-07,2002-11,2002,11,5,115.65716666666667,141.559,19,119.10184210526316,185.93448421052634,1.561138609814246,180.55686838505454,192.25381379310346,119.10184210526316,188.80913835450696,ok
2002-08,2002-12,2002,12,5,263.57683333333335,198.8721,19,255.57223026315788,192.76712105263158,0.7542569114576452,198.8046482417865,197.5221137931035,255.57223026315788,205.52671686327898,ok
2002-09,2003-01,2003,1,5,278.2857916666667,226.3735,19,314.7372697368421,255.95227368421055,0.8132251826998982,226.3090137709108,270.95189666666664,314.7372697368421,234.50041859649122,ok
2002-10,2003-02,2003,2,5,293.45912500000003,242.0345,19,320.4173464912281,231.15941578947368,0.7214322767503538,211.7108846819167,226.62684000000002,320.4173464912281,199.66861850877194,ok
2002-11,2003-03,2003,3,5,310.9622083333333,210.3821,19,380.71810307017546,250.05740526315788,0.6568046101476459,204.24141201502604,268.31131,380.71810307017546,198.55541526315784,ok
2002-12,2003-04,2003,4,5,206.63633333333334,166.9079,19,224.1773004385965,207.3458,0.9249188012984983,191.1218297313836,207.29343999999998,224.1773004385965,189.75247289473683,ok
2003-01,2003-05,2003,5,5,43.04408333333333,100.5299,19,23.67566447368421,104.18402105263158,4.400468724687046,189.41414249115627,85.55312999999998,23.67566447368421,104.9215488596491,ok
2003-02,2003-06,2003,6,5,0.9071250000000001,12.2745,19,0.9776513157894737,6.073536842105263,,,7.216693103448276,0.9776513157894737,7.146166787658802,denominador_abaixo_do_piso
2003-03,2003-07,2003,7,5,0.7923749999999999,1.88,19,1.4015197368421053,3.685363157894737,,,4.623148275862068,1.4015197368421053,4.014003539019963,denominador_abaixo_do_piso
2003-04,2003-08,2003,8,5,0.4799583333333333,33.5851,19,2.9750921052631583,8.989794736842105,,,11.424462068965518,2.9750921052631583,8.929328297035692,denominador_abaixo_do_piso
2003-05,2003-09,2003,9,5,8.43475,34.1644,19,5.598383771929824,52.38500526315789,,,59.561617241379324,5.598383771929824,62.3979834694495,denominador_abaixo_do_piso
2003-06,2003-10,2003,10,5,23.179374999999997,102.8612,19,24.12088157894737,105.13168421052632,4.358534072083208,101.02809570709371,127.21885862068967,24.12088157894737,126.2773520417423,ok
2003-07,2003-11,2003,11,5,113.508,171.1685,19,119.21495614035086,184.3760894736842,1.546585222550597,175.54979544127315,191.23279655172416,119.21495614035086,185.52584041137328,ok
2003-08,2003-12,2003,12,5,241.44658333333334,191.1895,19,256.7369802631579,193.17146842105262,0.7524099887092619,181.6668210397232,197.7870310344828,256.7369802631579,182.49663410465826,ok
2003-09,2004-01,2004,1,5,340.53629166666667,330.2411,19,311.46092763157895,250.48555789473684,0.804227868321998,273.8687759333615,267.4896433333333,311.46092763157895,296.565007368421,ok
2003-10,2004-02,2004,2,5,343.382,337.9902,19,317.78982675438596,226.10911578947366,0.7115052048668296,244.31808025758167,223.42831666666672,317.78982675438596,249.02048991228077,ok
2003-11,2004-03,2004,3,5,377.05170833333335,263.3091,19,377.23970833333334,247.27177368421053,0.6554765265212175,247.14854409722452,266.54707666666667,377.23970833333334,266.3590766666667,ok
2003-12,2004-04,2004,4,5,236.67125,153.5851,19,222.5965153508772,208.047,0.9346372726098479,221.20177160516343,207.73753333333332,222.5965153508772,221.8122679824561,ok
2004-01,2004-05,2004,5,5,19.429583333333333,29.0041,19,24.918532894736842,107.94853684210526,4.332058283612096,84.1700874262982,87.93732333333332,24.918532894736842,82.44837377192982,ok
2004-02,2004-06,2004,6,5,1.3715416666666667,11.5046,19,0.9532083333333333,6.114057894736843,,,7.2432413793103425,0.9532083333333333,7.6615747126436755,denominador_abaixo_do_piso
2004-03,2004-07,2004,7,5,1.6740416666666667,24.0552,19,1.3551162280701756,2.5182473684210525,,,3.8584862068965515,1.3551162280701756,4.177411645493042,denominador_abaixo_do_piso
2004-04,2004-08,2004,8,5,2.5110833333333336,45.2683,19,2.8681907894736844,8.374889473684208,,,11.021593103448277,2.8681907894736844,10.664485647307925,denominador_abaixo_do_piso
2004-05,2004-09,2004,9,5,6.890583333333333,24.8521,19,5.679655701754385,52.87512631578947,,,59.88273103448276,5.679655701754385,61.09365866606171,denominador_abaixo_do_piso
2004-06,2004-10,2004,10,5,18.291166666666665,156.836,19,24.378155701754384,102.2909052631579,4.196006724815384,76.74985833805232,125.35765862068966,24.378155701754384,119.27066958560195,ok
2004-07,2004-11,2004,11,5,96.82187499999999,135.0896,19,120.09317324561404,186.27497894736845,1.5510871593541764,150.17916705709513,192.47689655172414,120.09317324561404,169.2055983061101,ok
2004-08,2004-12,2004,12,5,292.5595,159.7892,19,254.04682675438596,194.82411578947367,0.7668826974872267,224.3588185355143,198.86980000000003,254.04682675438596,237.38247324561408,ok
2004-09,2005-01,2005,1,5,328.28254166666665,258.8253,19,312.10586184210524,254.2442842105263,0.8146091288062665,267.4219552693902,269.87017,312.10586184210524,286.0468498245614,ok
2004-10,2005-02,2005,2,5,311.0587083333333,252.3165,19,319.49105263157895,230.61825789473684,0.7218300981989447,224.53153798188688,226.28410666666667,319.49105263157895,217.85176236842102,ok
2004-11,2005-03,2005,3,5,367.04129166666667,402.6636,19,377.76657236842107,239.93732631578945,0.6351470560549966,233.12519585270667,261.90192666666667,377.76657236842107,251.17664596491227,ok
2004-12,2005-04,2005,4,5,213.138,143.7686,19,223.83510745614035,208.56365789473685,0.9317736626083293,198.5963749010141,208.06474999999995,223.83510745614035,197.3676425438596,ok
2005-01,2005-05,2005,5,5,19.273375,73.4273,19,24.926754385964912,105.61047368421052,4.236832122182534,81.6580543028698,86.45654999999998,24.926754385964912,80.80317061403507,ok
2005-02,2005-06,2005,6,5,1.836,0.5479,19,0.9287631578947368,6.690726315789473,,,7.621058620689654,0.9287631578947368,8.528295462794917,denominador_abaixo_do_piso
2005-03,2005-07,2005,7,5,0.245625,1.8672,19,1.4302960526315789,3.6860368421052634,,,4.623589655172413,1.4302960526315789,3.4389186025408343,denominador_abaixo_do_piso
2005-04,2005-08,2005,8,5,2.3882916666666665,1.159,19,2.8746535087719303,10.696431578947367,,,12.542603448275862,2.8746535087719303,12.056241606170598,denominador_abaixo_do_piso
2005-05,2005-09,2005,9,5,2.4947083333333335,69.9723,19,5.911017543859649,50.50037894736842,,,58.326862068965525,5.911017543859649,54.91055285843921,denominador_abaixo_do_piso
2005-06,2005-10,2005,10,5,13.548208333333333,43.3954,19,24.6277850877193,108.26146315789474,4.395907418076324,59.55666951414347,129.26940344827588,24.6277850877193,118.18982669388991,ok
2005-07,2005-11,2005,11,5,121.00325,162.476,19,118.82046929824561,184.8335894736842,1.555570269712891,188.22905823863638,191.53253793103448,118.82046929824561,193.71531863278886,ok
2005-08,2005-12,2005,12,5,241.85941666666668,270.7065,19,256.71525219298246,188.98636315789474,0.7361711528375674,178.04992559212158,195.04506551724143,256.71525219298246,180.18922999092564,ok
2005-09,2006-01,2006,1,5,327.73562499999997,166.8556,19,312.13464692982456,259.08479473684207,0.8300417697465371,272.0342581839874,272.9358266666666,312.13464692982456,288.53680473684204,ok
2005-10,2006-02,2006,2,5,338.919875,230.8724,19,318.02467543859655,231.7468947368421,0.7287072753623083,246.9733786773841,226.99891,318.02467543859655,247.89410956140344,ok
2005-11,2006-03,2006,3,5,417.85283333333336,267.8005,19,375.0922807017544,247.03538421052633,0.6585989552980179,275.19743950165014,266.3973633333333,375.0922807017544,309.15791596491226,ok
2005-12,2006-04,2006,4,5,237.12483333333333,429.1988,19,222.57264254385964,193.5410157894737,0.8695633640209621,206.1950677662433,198.55040999999997,222.57264254385964,213.10260078947366,ok
2006-01,2006-05,2006,5,5,29.216875,133.2095,19,24.403412280701758,102.46404210526316,4.198758801706261,122.67461106460162,84.46380999999998,24.403412280701758,89.27727271929822,ok
2006-02,2006-06,2006,6,5,0.4751666666666667,0.6042,19,1.0003859649122806,6.687763157894737,,,7.619117241379309,1.0003859649122806,7.093897943133695,denominador_abaixo_do_piso
2006-03,2006-07,2006,7,5,2.232041666666667,1.5265,19,1.3257478070175441,3.7039684210526316,,,4.635337931034482,1.3257478070175441,5.541631790683605,denominador_abaixo_do_piso
2006-04,2006-08,2006,8,5,5.144875,12.4889,19,2.729570175438597,10.100121052631577,,,12.15191724137931,2.729570175438597,14.567222065940713,denominador_abaixo_do_piso
2006-05,2006-09,2006,9,5,7.700458333333334,73.0467,19,5.637030701754386,50.33856842105263,,,58.220848275862075,5.637030701754386,60.28427590744102,denominador_abaixo_do_piso
2006-06,2006-10,2006,10,5,37.47529166666667,156.2402,19,23.3684649122807,102.32226315789474,4.3786471872237485,164.0910804466396,125.37820344827587,23.3684649122807,139.48503020266185,ok
2006-07,2006-11,2006,11,5,117.07195833333333,160.8529,19,119.02737938596492,184.9190157894737,1.553583862330068,181.88110519804476,191.5885068965517,119.02737938596492,189.63308584392013,ok
2006-08,2006-12,2006,12,5,258.488,150.7779,19,255.8400635964912,195.29839473684214,0.7633612655946846,197.31972682103884,199.18053448275867,255.8400635964912,201.82847088626747,ok
2006-09,2007-01,2007,1,5,310.51591666666667,243.8694,19,313.0409473684211,255.03143684210522,0.8146903431836223,252.97431871314373,270.3687,313.0409473684211,267.8436692982456,ok
2006-10,2007-02,2007,2,5,304.0027083333334,391.6001,19,319.8624210526316,223.28754210526319,0.6980736948418285,212.21629384817274,221.64132000000004,319.8624210526316,205.78160728070182,ok
2006-11,2007-03,2007,3,5,363.090625,144.3091,19,377.9745021929825,253.53493157894738,0.6707725788590363,243.55123489078926,270.5137433333333,377.9745021929825,255.62986614035077,ok
2006-12,2007-04,2007,4,5,184.7988333333333,203.9629,19,225.32664254385963,205.39553684210526,0.9115457210175454,168.4525857740345,206.0582733333333,225.32664254385963,165.53046412280696,ok
2007-01,2007-05,2007,5,5,22.16379166666667,59.8926,19,24.77462719298246,106.32282631578947,4.291601463367568,95.1181607504406,86.90770666666666,24.77462719298246,84.29687114035086,ok
2007-02,2007-06,2007,6,5,0.76675,0.6092,19,0.9850394736842105,6.6875,,,7.618944827586206,0.9850394736842105,7.400655353901995,denominador_abaixo_do_piso
2007-03,2007-07,2007,7,5,0.9486249999999999,2.6528,19,1.393296052631579,3.6446894736842106,,,4.596499999999999,1.393296052631579,4.15182894736842,denominador_abaixo_do_piso
2007-04,2007-08,2007,8,5,1.1272916666666666,1.474,19,2.9410219298245615,10.679852631578946,,,12.531741379310345,2.9410219298245615,10.71801111615245,denominador_abaixo_do_piso
2007-05,2007-09,2007,9,5,3.434333333333333,24.48,19,5.861563596491227,52.89471052631579,,,59.895562068965525,5.861563596491227,57.46833180580763,denominador_abaixo_do_piso
2007-06,2007-10,2007,10,5,26.114416666666667,90.3212,19,23.966405701754383,105.79168421052631,4.414165625293666,115.27336037459601,127.65127241379312,23.966405701754383,129.7992833787054,ok
2007-07,2007-11,2007,11,5,117.29879166666667,140.1645,19,119.01544078947367,186.00787894736843,1.5628886278411356,183.32494755533992,192.3019,119.01544078947367,190.585250877193,ok
2007-08,2007-12,2007,12,5,252.58420833333332,154.6319,19,256.15078947368414,195.09555263157895,0.7616433782321888,192.37908972310296,199.04763793103453,256.15078947368414,195.4810567906837,ok
2007-09,2008-01,2008,1,5,319.1537083333333,277.9576,19,312.58632675438594,253.2373210526316,0.8101356309535966,258.55779087180514,269.23242666666664,312.58632675438594,275.79980824561403,ok
2007-10,2008-02,2008,2,5,334.2366666666667,227.3554,19,318.2711600877193,231.932,0.7287245251378629,243.56645620032884,227.11614333333333,318.2711600877193,243.0816499122807,ok
2007-11,2008-03,2008,3,5,414.49354166666666,291.7903,19,375.2690855263158,245.77276315789473,0.6549240868407741,271.46180427744,265.59770333333336,375.2690855263158,304.8221594736842,ok
2007-12,2008-04,2008,4,5,224.3375,198.2004,19,223.2456600877193,205.69882631578946,0.9214012323239108,206.70484895646536,206.25035666666665,223.2456600877193,207.34219657894735,ok
2008-01,2008-05,2008,5,5,28.725958333333335,156.4351,19,24.429250000000003,101.24164210526315,4.144279587185982,119.04840274318838,83.68962333333333,24.429250000000003,87.98633166666666,ok
2008-02,2008-06,2008,6,5,0.8963333333333333,1.2231,19,0.9782192982456138,6.65518947368421,,,7.597775862068964,0.9782192982456138,7.515889897156684,denominador_abaixo_do_piso
2008-03,2008-07,2008,7,5,0.6473333333333333,1.8809,19,1.40915350877193,3.6853157894736843,,,4.62311724137931,1.40915350877193,3.8612970659407133,denominador_abaixo_do_piso
2008-04,2008-08,2008,8,5,5.010958333333334,10.0751,19,2.7366184210526314,10.227163157894736,,,12.23515172413793,2.7366184210526314,14.509491636418632,denominador_abaixo_do_piso
2008-05,2008-09,2008,9,5,7.549166666666667,35.7506,19,5.6449934210526305,52.301521052631585,,,59.506920689655175,5.6449934210526305,61.411093935269214,denominador_abaixo_do_piso
2008-06,2008-10,2008,10,5,31.448791666666665,71.4708,19,23.685649122807018,106.78381052631579,4.508375935683906,141.78297555633657,128.30128620689655,23.685649122807018,136.0644287507562,ok
2008-07,2008-11,2008,11,5,126.13320833333334,228.8043,19,118.55047149122807,181.3426263157895,1.5296660066780723,192.94168110074335,189.24535517241378,118.55047149122807,196.82809201451906,ok
2008-08,2008-12,2008,12,5,264.0232916666667,198.2564,19,255.54873245614033,192.79952631578945,0.7544530722682395,199.19318354829016,197.54334482758625,255.54873245614033,206.01790403811262,ok
2008-09,2009-01,2009,1,5,309.26595833333334,176.1671,19,313.1067346491228,258.5947157894737,0.8258995645023829,255.4226203029121,272.6254433333333,313.1067346491228,268.7846670175438,ok
2008-10,2009-02,2009,2,5,312.66133333333335,173.2144,19,319.4067039473684,234.78152631578942,0.7350550987636019,229.8233072528928,228.92084333333335,319.4067039473684,222.1754727192983,ok
2008-11,2009-03,2009,3,5,355.2785416666666,237.6584,19,378.3856644736842,248.6218105263158,0.6570592754145073,233.4390611578228,267.4021,378.3856644736842,244.29497719298246,ok
2008-12,2009-04,2009,4,5,246.11041666666665,291.4855,19,222.09971710526315,200.7890842105263,0.9040492569171676,222.4959393070745,203.14085333333333,222.09971710526315,227.15155289473682,ok
2009-01,2009-05,2009,5,5,21.114791666666665,287.1656,19,24.829837719298247,94.3610894736842,3.800310358063471,80.24276147918559,79.33194,24.829837719298247,75.61689394736842,ok
2009-02,2009-06,2009,6,5,0.918,15.2435,19,0.977078947368421,5.917273684210526,,,7.114313793103446,0.977078947368421,7.055234845735026,denominador_abaixo_do_piso
2009-03,2009-07,2009,7,5,6.305458333333333,2.7198,19,1.111357456140351,3.6411631578947365,,,4.594189655172413,1.111357456140351,9.788290532365394,denominador_abaixo_do_piso
2009-04,2009-08,2009,8,5,6.729541666666667,15.226,19,2.646166666666667,9.956063157894736,,,12.057534482758621,2.646166666666667,16.140909482758623,denominador_abaixo_do_piso
2009-05,2009-09,2009,9,5,7.4952499999999995,49.6335,19,5.647831140350877,51.57084210526316,,,59.02820000000001,5.647831140350877,60.87561885964914,denominador_abaixo_do_piso
2009-06,2009-10,2009,10,5,31.002583333333334,145.1622,19,23.70913377192982,102.90531578947369,4.340323724155091,134.56124795176189,125.76020344827586,23.70913377192982,133.05365300967938,ok
2009-07,2009-11,2009,11,5,111.85558333333334,129.9771,19,119.30192543859647,186.54405789473682,1.5636299012688544,174.90073472387013,192.65318965517238,119.30192543859647,185.20684754990924,ok
2009-08,2009-12,2009,12,5,262.42741666666666,238.1976,19,255.63272587719294,190.69735789473685,0.7459817878965492,195.76607347807268,196.16606206896557,255.63272587719294,202.9607528584393,ok
2009-09,2010-01,2010,1,5,312.4241666666667,206.4191,19,312.9405131578947,257.0025052631579,0.8212503477729226,256.57845552766554,271.6170433333333,312.9405131578947,271.10069684210526,ok
2009-10,2010-02,2010,2,5,247.05070833333332,189.3031,19,322.8598947368421,233.93475263157893,0.7245704915510035,179.00565317510691,228.38455333333334,322.8598947368421,152.57536692982458,ok
2009-11,2010-03,2010,3,5,314.41066666666666,170.6808,19,380.53660526315787,252.14694736842108,0.6626089156233743,208.33131090042218,269.63468666666665,380.53660526315787,203.50874807017544,ok
2009-12,2010-04,2010,4,5,166.96804166666666,179.409,19,226.26510526315792,206.68784736842107,0.9134764599606842,152.52137562823467,206.87673666666666,226.26510526315792,147.5796730701754,ok
2010-01,2010-05,2010,5,5,29.674375,36.5434,19,24.379333333333335,107.55173157894735,4.411594447986574,130.9113079974716,87.68601333333332,24.379333333333335,92.98105499999998,ok
2010-02,2010-06,2010,6,5,0.7127500000000001,8.1085,19,0.9878815789473684,6.2928,,,7.3603482758620675,0.9878815789473684,7.085216696914699,denominador_abaixo_do_piso
2010-03,2010-07,2010,7,5,0.7812916666666667,1.8517,19,1.4021030701754384,3.6868526315789474,,,4.624124137931034,1.4021030701754384,4.003312734422262,denominador_abaixo_do_piso
2010-04,2010-08,2010,8,5,0.4687916666666667,1.1641,19,2.9756798245614036,10.696163157894736,,,12.542427586206896,2.9756798245614036,10.035539428312159,denominador_abaixo_do_piso
2010-05,2010-09,2010,9,5,0.44279166666666664,2.3148,19,6.019013157894736,54.0613,,,60.65987931034483,6.019013157894736,55.08365781911676,denominador_abaixo_do_piso
2010-06,2010-10,2010,10,5,11.171208333333333,136.1532,19,24.75289035087719,103.37947368421052,4.176460696863507,46.65611254064075,126.07085862068966,24.75289035087719,112.48917660314581,ok
2010-07,2010-11,2010,11,5,113.23804166666667,142.1422,19,119.22916447368421,185.90378947368418,1.5592140588615475,176.56234656461638,192.23370344827583,119.22916447368421,186.24258064125831,ok
2010-08,2010-12,2010,12,5,219.840875,168.2896,19,257.8741228070175,194.37672631578948,0.7537659234666718,165.70856016009617,198.57668275862073,257.8741228070175,160.54343495160325,ok
2010-09,2011-01,2011,1,5,346.9866666666667,274.405,19,311.12143421052633,253.42430000000002,0.814551079205027,282.63836380308834,269.35084666666665,311.12143421052633,305.216079122807,ok
2010-10,2011-02,2011,2,5,356.02570833333334,316.7195,19,317.1243684210526,227.22862631578946,0.716528431565036,255.1025423889143,224.13734000000002,317.1243684210526,263.0386799122807,ok
2010-11,2011-03,2011,3,5,414.3817916666667,240.0053,19,375.27496710526316,248.49828947368425,0.6621765671995421,274.39391231582914,267.32387,375.27496710526316,306.4306945614035,ok
2010-12,2011-04,2011,4,5,240.27837499999998,220.1464,19,222.4066666666667,204.54377368421055,0.9196836441542993,220.98009153147325,205.51882333333333,222.4066666666667,223.39053166666662,ok
1991-01,1991-06,1991,6,6,1.8143333333333331,0.7033,19,0.9588793859649122,6.682547368421052,,,7.615699999999998,0.9588793859649122,8.47115394736842,denominador_abaixo_do_piso
1991-02,1991-07,1991,7,6,0.8704999999999999,1.9531,19,1.0672916666666665,3.681515789473684,,,4.620627586206896,1.0672916666666665,4.423835919540229,denominador_abaixo_do_piso
1991-03,1991-08,1991,8,6,1.7187083333333335,1.2135,19,2.316039473684211,10.693563157894737,,,12.540724137931036,2.316039473684211,11.943392997580158,denominador_abaixo_do_piso
1991-04,1991-09,1991,9,6,6.026416666666666,73.9762,19,7.0575065789473665,50.28964736842105,,,58.18879655172414,7.0575065789473665,57.15770663944344,denominador_abaixo_do_piso
1991-05,1991-10,1991,10,6,35.23220833333333,58.2752,19,24.36639692982456,107.4783157894737,4.4109236215355185,155.40657997636055,128.75630689655173,24.36639692982456,139.6221183000605,ok
1991-06,1991-11,1991,11,6,117.87124999999999,141.8015,19,121.50682675438597,185.9217210526316,1.5301339522959805,180.35880162456758,192.24545172413795,121.50682675438597,188.60987496975196,ok
1991-07,1991-12,1991,12,6,265.3625,139.2974,19,272.579504385965,195.90263157894736,0.7186990526681518,190.71577736365245,199.57641379310346,272.579504385965,192.3594094071385,ok
1991-08,1992-01,1992,1,6,308.5962916666667,307.6078,19,327.826774122807,251.67678421052634,0.7677127192675417,236.9132982312961,268.24408666666665,327.826774122807,249.0136042105263,ok
1991-09,1992-02,1992,2,6,329.56991666666664,144.7331,19,327.95936622807017,236.28054210526318,0.7204567590881015,237.44087405460232,229.87022000000005,327.95936622807017,231.48077043859652,ok
1991-10,1992-03,1992,3,6,385.07579166666665,155.372,19,374.4467807017544,252.95267368421054,0.6755370501787983,260.1329643977655,270.14498,374.4467807017544,280.77399096491223,ok
1991-11,1992-04,1992,4,6,182.99525000000003,102.9542,19,208.75263377192982,210.71178421052633,1.0093850333918994,184.71266653180902,209.42522999999997,208.75263377192982,183.66784622807018,ok
1991-12,1992-05,1992,5,6,19.619333333333334,24.3743,19,23.063611842105264,106.8640894736842,4.63344987789777,90.90519763776899,88.09164999999999,23.063611842105264,84.64737149122806,ok
1992-01,1992-06,1992,6,6,0.9827916666666666,1.0095,19,1.0026447368421052,6.666431578947368,,,7.605141379310343,1.0026447368421052,7.585288309134905,denominador_abaixo_do_piso
1992-02,1992-07,1992,7,6,0.8704999999999999,2.0289,19,1.0672916666666665,3.677526315789474,,,4.618013793103447,1.0672916666666665,4.42122212643678,denominador_abaixo_do_piso
1992-03,1992-08,1992,8,6,1.4731666666666667,13.0445,19,2.3289627192982456,10.07087894736842,,,12.132758620689655,2.3289627192982456,11.276962568058076,denominador_abaixo_do_piso
1992-04,1992-09,1992,9,6,3.326458333333333,135.5711,19,7.199609649122808,47.047810526315786,,,56.06483448275863,7.199609649122808,52.191683166969156,denominador_abaixo_do_piso
1992-05,1992-10,1992,10,6,20.913958333333333,62.0723,19,25.119989035087723,107.27846842105264,4.270641530583694,89.31601902723027,128.62537241379312,25.119989035087723,124.41934171203873,ok
1992-06,1992-11,1992,11,6,120.87366666666667,214.2915,19,121.3488048245614,182.10645789473688,1.500686044316754,181.39342469206187,189.74579655172414,121.3488048245614,189.27065839382942,ok
1992-07,1992-12,1992,12,6,306.241625,239.5717,19,270.42797149122805,190.62503684210526,0.7049013302541768,215.87012884170076,196.11867931034487,270.42797149122805,231.93233281911682,ok
1992-08,1993-01,1993,1,6,336.12804166666666,121.8043,19,326.37773464912283,261.4559157894737,0.8010837996365031,269.2667287827102,274.43753666666663,326.37773464912283,284.18784368421046,ok
1992-09,1993-02,1993,2,6,333.2145,307.8407,19,327.7675460526316,227.69593157894738,0.6946872389323893,231.47986097723663,224.43330000000003,327.7675460526316,229.88025394736843,ok
1992-10,1993-03,1993,3,6,388.3234166666667,153.1779,19,374.27585307017546,253.06815263157895,0.6761541001260627,262.5664703541281,270.2181166666667,374.27585307017546,284.2656802631579,ok
1992-11,1993-04,1993,4,6,242.58962499999998,250.0943,19,205.61608771929824,202.96756842105262,0.9871191046983575,239.46485343911027,204.52055999999996,205.61608771929824,241.4940972807017,ok
1992-12,1993-05,1993,5,6,16.873916666666666,95.5974,19,23.208107456140354,103.1155052631579,4.443081171441052,74.97218143013203,85.71754666666665,23.208107456140354,79.38335587719297,ok
1993-01,1993-06,1993,6,6,0.8207083333333333,0.586,19,1.011175438596491,6.688721052631579,,,7.619744827586205,1.011175438596491,7.429277722323047,denominador_abaixo_do_piso
1993-02,1993-07,1993,7,6,0.546875,1.8793,19,1.0843245614035086,3.6854,,,4.623172413793102,1.0843245614035086,4.085722852389594,denominador_abaixo_do_piso
1993-03,1993-08,1993,8,6,3.3480833333333333,40.5665,19,2.2302828947368423,8.622352631578947,,,11.183724137931035,2.2302828947368423,12.301524576527527,denominador_abaixo_do_piso
1993-04,1993-09,1993,9,6,9.709166666666667,56.4376,19,6.863677631578946,51.21273157894736,,,58.79357586206897,6.863677631578946,61.63906489715669,denominador_abaixo_do_piso
1993-05,1993-10,1993,10,6,24.272958333333335,126.1723,19,24.94319956140351,103.90478421052632,4.165655811506476,101.11278994370456,126.41502758620692,24.94319956140351,125.74478635813674,ok
1993-06,1993-11,1993,11,6,118.87554166666666,225.9903,19,121.45396929824562,181.4907315789474,1.494317004438726,177.63774332436427,189.34238965517244,121.45396929824562,186.76396202359348,ok
1993-07,1993-12,1993,12,6,248.04216666666665,216.8044,19,273.49110087719305,191.8233157894737,0.7013877788864837,173.97374434852432,196.90375862068967,273.49110087719305,171.45482441016327,ok
1993-08,1994-01,1994,1,6,344.0740416666667,330.218,19,325.959524122807,250.48677368421053,0.7684597477502706,264.40705126658276,267.49041333333327,325.959524122807,285.60493087719294,ok
1993-09,1994-02,1994,2,6,356.590125,306.4669,19,326.53725,227.7682368421053,0.6975260459322951,248.73089990975285,224.47909333333334,326.53725,254.53196833333337,ok
1993-10,1994-03,1994,3,6,434.3919166666667,311.1998,19,371.85119517543865,244.7512105263158,0.6581966488257289,285.91530382698534,264.95072,371.85119517543865,327.49144149122804,ok
1993-11,1994-04,1994,4,6,226.78916666666666,176.4476,19,206.44769078947368,206.8437105263158,1.0019182570428746,227.22420658287265,206.97544999999994,206.44769078947368,227.31692587719292,ok
1993-12,1994-05,1994,5,6,28.190166666666666,50.2617,19,22.612515350877192,105.50159473684211,4.6656284407010675,131.52484334810322,87.22873666666665,22.612515350877192,92.80638798245613,ok
1994-01,1994-06,1994,6,6,0.6911666666666667,40.3001,19,1.0179934210526316,4.598505263157895,,,6.250293103448275,1.0179934210526316,5.92346634906231,denominador_abaixo_do_piso
1994-02,1994-07,1994,7,6,0.7588750000000001,1.843,19,1.0731666666666666,3.6873105263157893,,,4.624424137931034,1.0731666666666666,4.310132471264367,denominador_abaixo_do_piso
1994-03,1994-08,1994,8,6,3.4596250000000004,6.3765,19,2.224412280701755,10.421826315789472,,,12.362689655172415,2.224412280701755,13.59790237447066,denominador_abaixo_do_piso
1994-04,1994-09,1994,9,6,8.002708333333333,57.4679,19,6.953491228070174,51.1585052631579,,,58.75804827586207,6.953491228070174,59.807265381125234,denominador_abaixo_do_piso
1994-05,1994-10,1994,10,6,18.425125,114.0829,19,25.250980263157896,104.54106842105264,4.140079606080953,76.28148425199231,126.83190344827588,25.250980263157896,120.00604818511799,ok
1994-06,1994-11,1994,11,6,149.70954166666667,151.223,19,119.83112719298245,185.42585263157898,1.5473930436535015,231.65950334355404,191.9205724137931,119.83112719298245,221.79898688747733,ok
1994-07,1994-12,1994,12,6,244.66070833333333,200.9509,19,273.6690723684211,192.6577105263158,0.7039805735408585,172.2363857754127,197.4504310344828,273.6690723684211,168.44206699939502,ok
1994-08,1995-01,1995,1,6,304.2662916666667,156.6185,19,328.05466885964915,259.6235894736842,0.7914034278986541,240.7973862190117,273.2770633333333,328.05466885964915,249.4886861403508,ok
1994-09,1995-02,1995,2,6,317.590625,232.7107,19,328.58985526315786,231.65014210526317,0.7049826353273794,223.8958757677695,226.93763333333337,328.58985526315786,215.9384030701755,ok
1994-10,1995-03,1995,3,6,414.01375,218.3206,19,372.9237302631579,249.63958947368423,0.669411917813659,277.1457383887248,268.04669333333334,372.9237302631579,309.13671307017546,ok
1994-11,1995-04,1995,4,6,250.59237499999998,255.6784,19,205.19489035087722,202.6736684210526,0.9877130374664136,247.51335587717253,204.3344233333333,205.19489035087722,249.73190798245605,ok
1994-12,1995-05,1995,5,6,19.206333333333333,188.1476,19,23.085348684210526,98.24444210526316,4.255705358804414,81.7364956896505,82.63253999999999,23.085348684210526,78.7535246491228,ok
1995-01,1995-06,1995,6,6,0.33475000000000005,0.5023,19,1.0367521929824561,6.693126315789473,,,7.622631034482757,1.0367521929824561,6.920628841500301,denominador_abaixo_do_piso
1995-02,1995-07,1995,7,6,0.50225,1.9521,19,1.086673245614035,3.6815684210526314,,,4.620662068965517,1.086673245614035,4.036238823351482,denominador_abaixo_do_piso
1995-03,1995-08,1995,8,6,1.25,1.2264,19,2.3407083333333336,10.692884210526316,,,12.540279310344829,2.3407083333333336,11.449570977011495,denominador_abaixo_do_piso
1995-04,1995-09,1995,9,6,2.754,24.8694,19,7.229739035087719,52.87421578947368,,,59.88213448275862,7.229739035087719,55.4063954476709,denominador_abaixo_do_piso
1995-05,1995-10,1995,10,6,15.791375,82.7379,19,25.389598684210526,106.1908052631579,4.182453081828215,66.04668503505503,127.9127655172414,25.389598684210526,118.31454183303087,ok
1995-06,1995-11,1995,11,6,130.28045833333334,247.2129,19,120.85371052631578,180.37375263157895,1.4924966047468005,194.44314172735702,188.61057586206897,120.85371052631578,198.03732366908653,ok
1995-07,1995-12,1995,12,6,254.76054166666665,191.1246,19,273.1375021929825,193.17488421052633,0.707244090099501,180.17788748429766,197.78926896551727,273.1375021929825,179.41230843920144,ok
1995-08,1996-01,1996,1,6,313.5514583333333,224.1528,19,327.565975877193,256.06915263157896,0.7817330598693841,245.11354094942433,271.0259199999999,327.565975877193,257.0114024561402,ok
1995-09,1996-02,1996,2,6,396.81391666666667,225.4247,19,324.42020833333333,232.0336157894737,0.7152255310528165,283.81144427706477,227.18050000000002,324.42020833333333,299.57420833333333,ok
1995-10,1996-03,1996,3,6,399.7957916666667,302.7974,19,373.6720438596492,245.19344210526316,0.6561728289134671,262.3351356056158,265.2308,373.6720438596492,291.35454780701747,ok
1995-11,1996-04,1996,4,6,232.09199999999998,321.9434,19,206.1685942982456,199.18603684210527,0.9661318083876572,224.23146367230814,202.12559,206.1685942982456,228.04899570175436,ok
1995-12,1996-05,1996,5,6,25.176916666666667,98.9982,19,22.771107456140353,102.93651578947369,4.520487902827769,113.81194722216951,85.60418666666665,22.771107456140353,88.00999587719296,ok
1996-01,1996-06,1996,6,6,0.76675,0.4652,19,1.0140153508771927,6.695078947368422,,,7.623910344827586,1.0140153508771927,7.376644993950393,denominador_abaixo_do_piso
1996-02,1996-07,1996,7,6,0.703125,1.9521,19,1.0761008771929823,3.6815684210526314,,,4.620662068965517,1.0761008771929823,4.247686191772535,denominador_abaixo_do_piso
1996-03,1996-08,1996,8,6,1.6740416666666667,1.4883,19,2.3183903508771935,10.6791,,,12.531248275862069,2.3183903508771935,11.886899591651542,denominador_abaixo_do_piso
1996-04,1996-09,1996,9,6,10.087208333333333,9.7369,19,6.843780701754386,53.67066315789474,,,60.40394482758621,6.843780701754386,63.647372459165155,denominador_abaixo_do_piso
1996-05,1996-10,1996,10,6,20.344791666666666,145.0933,19,25.149945175438596,102.90894210526316,4.091815762913229,83.24713923485237,125.76257931034485,25.149945175438596,120.95742580157292,ok
1996-06,1996-11,1996,11,6,124.45916666666666,222.7092,19,121.16009429824561,181.6634210526316,1.4993667849535677,186.60994058300022,189.45553103448276,121.16009429824561,192.7546034029038,ok
1996-07,1996-12,1996,12,6,268.3869583333333,130.1745,19,272.4203223684211,196.38278421052632,0.720881549890167,193.475206493641,199.89099655172416,272.4203223684211,195.85763251663636,ok
1996-08,1997-01,1997,1,6,342.0762916666667,403.2083,19,326.0646688596491,246.6451789473684,0.7564302498947965,258.756854788502,265.0574033333333,326.0646688596491,281.0690261403509,ok
1996-09,1997-02,1997,2,6,359.8257083333333,180.4594,19,326.36695614035085,234.40021052631582,0.7182106096105954,258.4306413356476,228.67934333333335,326.36695614035085,262.1380955263158,ok
1996-10,1997-03,1997,3,6,374.5184166666666,452.1152,19,375.0024320175439,237.3346105263158,0.6328881902163569,237.02828292686212,260.25354,375.0024320175439,259.7695246491227,ok
1996-11,1997-04,1997,4,6,199.40037499999997,290.1342,19,207.8892061403509,200.8602052631579,0.9661887165394842,192.65839239874182,203.18589666666665,207.8892061403509,194.69706552631573,ok
1996-12,1997-05,1997,5,6,22.78879166666667,68.9381,19,22.896798245614036,104.51862631578948,4.564770375081171,104.02560108389666,86.60618999999998,22.896798245614036,86.49818342105262,ok
1997-01,1997-06,1997,6,6,1.6307083333333334,0.6576,19,0.9685438596491227,6.6849526315789465,,,7.617275862068964,0.9685438596491227,8.279440335753176,denominador_abaixo_do_piso
1997-02,1997-07,1997,7,6,0.7142916666666667,1.9683,19,1.0755131578947368,3.680715789473684,,,4.620103448275861,1.0755131578947368,4.258881957047791,denominador_abaixo_do_piso
1997-03,1997-08,1997,8,6,2.7900833333333335,1.2265,19,2.259651315789474,10.69287894736842,,,12.540275862068965,2.259651315789474,13.070707879612824,denominador_abaixo_do_piso
1997-04,1997-09,1997,9,6,6.5447500000000005,47.0877,19,7.030225877192982,51.70483157894737,,,59.11598620689656,7.030225877192982,58.630510329703576,denominador_abaixo_do_piso
1997-05,1997-10,1997,10,6,31.247958333333333,98.1562,19,24.576094298245614,105.3793157894737,4.287878883871156,133.98746070158572,127.38110000000003,24.576094298245614,134.05296403508774,ok
1997-06,1997-11,1997,11,6,111.531625,75.7109,19,121.84049122807018,189.40017368421056,1.5544928600926033,173.3751147370257,194.5244379310345,121.84049122807018,184.21557170296433,ok
1997-07,1997-12,1997,12,6,246.78116666666668,199.815,19,273.5574692982456,192.7174947368421,0.7044863195701381,173.85395584422486,197.4896,273.5574692982456,170.71329736842105,ok
1997-08,1998-01,1998,1,6,290.1376666666667,347.458,19,328.7982807017544,249.57940526315787,0.7590654206904014,220.2334700064648,266.9157466666666,328.7982807017544,228.25513263157893,ok
1997-09,1998-02,1998,2,6,226.10445833333333,127.8253,19,333.4049166666667,237.17042631578946,0.7113585147063352,160.84133164848043,230.43381333333338,333.4049166666667,123.13335500000002,ok
1997-10,1998-03,1998,3,6,266.06554166666666,242.0988,19,380.7104780701755,248.38810526315794,0.6524330680947875,173.58995766388486,267.25408666666664,380.7104780701755,152.6091502631578,ok
1997-11,1998-04,1998,4,6,179.82004166666664,54.1047,19,208.91975000000002,213.2828105263158,1.020883906506282,183.57538660478903,211.05354666666665,208.91975000000002,181.95383833333327,ok
1997-12,1998-05,1998,5,6,17.1195,74.6596,19,23.195182017543864,104.21749473684211,4.493066476392225,76.91905154259669,86.41547333333331,23.195182017543864,80.33979131578944,ok
1998-01,1998-06,1998,6,6,1.2419166666666668,16.0121,19,0.9890065789473683,5.876821052631578,,,7.087810344827584,0.9890065789473683,7.340720432546883,denominador_abaixo_do_piso
1998-02,1998-07,1998,7,6,0.22325000000000003,3.3565,19,1.1013574561403507,3.6076526315789472,,,4.5722344827586205,1.1013574561403507,3.6941270266182697,denominador_abaixo_do_piso
1998-03,1998-08,1998,8,6,0.42412500000000003,1.2501,19,2.3841754385964915,10.691636842105263,,,12.539462068965518,2.3841754385964915,10.579411630369027,denominador_abaixo_do_piso
1998-04,1998-09,1998,9,6,4.914083333333333,13.3474,19,7.116050438596491,53.48063684210526,,,60.27944482758621,7.116050438596491,58.07747772232305,denominador_abaixo_do_piso
1998-05,1998-10,1998,10,6,23.949333333333332,89.2952,19,24.96023245614035,105.84568421052631,4.240572855101264,101.5588928311052,127.68665172413796,24.96023245614035,126.67575260133094,ok
1998-06,1998-11,1998,11,6,116.80204166666665,245.1679,19,121.56310087719301,180.48138421052633,1.4846724286249862,173.41277086960682,188.68109310344826,121.56310087719301,183.9200338929219,ok
1998-07,1998-12,1998,12,6,343.8842916666667,138.7974,19,268.44677850877196,195.92894736842106,0.7298614215332025,250.98787795877178,199.5936551724138,268.44677850877196,275.03116833030856,ok
1998-08,1999-01,1999,1,6,364.92083333333335,215.817,19,324.8623245614035,256.5078789473684,0.7895894954691332,288.1376566778423,271.30377999999996,324.8623245614035,311.3622887719298,ok
1998-09,1999-02,1999,2,6,355.73325,131.3784,19,326.5823486842105,236.9834210526316,0.7256467534373182,258.1366779522059,230.31537666666665,326.5823486842105,259.4662779824562,ok
1998-10,1999-03,1999,3,6,437.48316666666665,283.9542,19,371.68849780701765,246.18518947368423,0.6623427706969418,289.76381274327196,265.85890666666666,371.68849780701765,331.65357552631565,ok
1998-11,1999-04,1999,4,6,239.165875,162.6196,19,205.79628508771933,207.57150000000001,1.0086260785102317,241.22893861471826,207.4363833333333,205.79628508771933,240.80597324561398,ok
1998-12,1999-05,1999,5,6,13.671041666666667,177.0923,19,23.376679824561403,98.8263,4.227559291639235,57.7951392243038,83.00104999999999,23.376679824561403,73.29541184210525,ok
1999-01,1999-06,1999,6,6,0.9502916666666668,0.6859,19,1.0043552631578947,6.683463157894736,,,7.616299999999998,1.0043552631578947,7.56223640350877,denominador_abaixo_do_piso
1999-02,1999-07,1999,7,6,1.6740416666666667,1.9885,19,1.025,3.6796526315789473,,,4.619406896551724,1.025,5.26844856321839,denominador_abaixo_do_piso
1999-03,1999-08,1999,8,6,3.8502500000000004,1.2624,19,2.203853070175439,10.69098947368421,,,12.539037931034484,2.203853070175439,14.185434860859045,denominador_abaixo_do_piso
1999-04,1999-09,1999,9,6,7.4952499999999995,72.5879,19,6.980199561403509,50.36271578947369,,,58.23666896551725,6.980199561403509,58.751719404113736,denominador_abaixo_do_piso
1999-05,1999-10,1999,10,6,29.216791666666666,112.4277,19,24.682997807017543,104.62818421052631,4.238876696767352,123.84637735013989,126.88897931034485,24.682997807017543,131.42277316999397,ok
1999-06,1999-11,1999,11,6,148.0571666666667,349.1067,19,119.9180942982456,175.0109210526316,1.4594204659170604,216.07765915902658,185.09699655172415,119.9180942982456,213.23606892014521,ok
1999-07,1999-12,1999,12,6,300.23741666666666,242.5365,19,270.7439824561404,190.46899473684212,0.703502227487909,211.21769140021547,196.0164448275862,270.7439824561404,225.5098790381125,ok
1999-08,2000-01,2000,1,6,323.45025000000004,260.085,19,327.0449868421053,254.17798421052632,0.7771957817327481,251.3841699004028,269.8281799999999,327.0449868421053,266.23344315789467,ok
1999-09,2000-02,2000,2,6,377.6565,271.7656,19,325.42849342105256,229.5946210526316,0.7055148079967687,266.4422530862317,225.63580333333337,325.42849342105256,277.8638099122808,ok
1999-10,2000-03,2000,3,6,374.3509583333334,185.8099,19,375.01124561403515,251.35067894736844,0.6702483775808172,250.9081224687408,269.1303833333333,375.01124561403515,268.47009605263156,ok
1999-11,2000-04,2000,4,6,237.0385,184.1135,19,205.90825219298247,206.44024210526314,1.0025836259917453,237.65091882964433,206.71992,205.90825219298247,237.85016780701753,ok
1999-12,2000-05,2000,5,6,24.228333333333335,53.6399,19,22.821032894736845,105.32379473684212,4.615207174129821,111.81877781720868,87.11612999999997,22.821032894736845,88.52343043859646,ok
2000-01,2000-06,2000,6,6,1.1987916666666667,4.8153,19,0.9912763157894735,6.466126315789474,,,7.473906896551722,0.9912763157894735,7.681422247428915,denominador_abaixo_do_piso
2000-02,2000-07,2000,7,6,0.8259583333333333,10.0203,19,1.0696359649122806,3.2569263157894737,,,4.342448275862069,1.0696359649122806,4.098770644283122,denominador_abaixo_do_piso
2000-03,2000-08,2000,8,6,1.8526666666666667,7.9948,19,2.3089890350877194,10.336652631578946,,,12.306886206896552,2.3089890350877194,11.8505638384755,denominador_abaixo_do_piso
2000-04,2000-09,2000,9,6,9.828,123.9327,19,6.857423245614034,47.66035789473684,,,56.46615862068967,6.857423245614034,59.436735375075635,denominador_abaixo_do_piso
2000-05,2000-10,2000,10,6,29.116500000000002,86.4072,19,24.688276315789476,105.99768421052632,4.293442071641717,125.01000607895607,127.7862379310345,24.688276315789476,132.21446161524503,ok
2000-06,2000-11,2000,11,6,133.89837500000002,192.5216,19,120.66329385964912,183.2522421052632,1.5187074398815528,203.35245830055013,190.4964827586207,120.66329385964912,203.7315638989716,ok
2000-07,2000-12,2000,12,6,249.9505,222.6176,19,273.39066228070186,191.51735789473685,0.7005263321616223,175.09690698696357,196.70330344827588,273.39066228070186,173.26314116757402,ok
2000-08,2001-01,2001,1,6,295.55020833333333,192.5309,19,328.51341008771925,257.73346315789473,0.784544725553441,231.87235708413732,272.0799833333333,328.51341008771925,239.11678157894738,ok
2000-09,2001-02,2001,2,6,324.36429166666665,153.1069,19,328.2333464912281,235.8398157894737,0.7185126627460944,233.05985090516745,229.59109333333336,328.2333464912281,225.72203850877193,ok
2000-10,2001-03,2001,3,6,392.2515833333334,249.1479,19,374.0691074561404,248.01710000000003,0.6630248129460411,260.07253266737183,267.01911666666666,374.0691074561404,285.20159254385965,ok
2000-11,2001-04,2001,4,6,222.54479166666667,196.9268,19,206.67107894736841,205.76585789473685,0.9956199916444909,221.57004361969163,206.29280999999995,206.67107894736841,222.1665227192982,ok
2000-12,2001-05,2001,5,6,27.98925,140.175,19,22.623089912280705,100.7693157894737,4.454268456705029,124.67163340183123,84.23162666666664,22.623089912280705,89.59778675438594,ok
2001-01,2001-06,2001,6,6,1.1555833333333334,5.0237,19,0.9935504385964912,6.455157894736842,,,7.466720689655171,0.9935504385964912,7.628753584392013,denominador_abaixo_do_piso
2001-02,2001-07,2001,7,6,2.499875,2.3266,19,0.9815350877192982,3.661857894736842,,,4.607748275862068,0.9815350877192982,6.12608818814277,denominador_abaixo_do_piso
2001-03,2001-08,2001,8,6,1.6070833333333334,7.2041,19,2.3219144736842106,10.378268421052631,,,12.334151724137932,2.3219144736842106,11.619320583787054,denominador_abaixo_do_piso
2001-04,2001-09,2001,9,6,7.992083333333333,33.0017,19,6.954050438596489,52.4462,,,59.6017103448276,6.954050438596489,60.639743239564446,denominador_abaixo_do_piso
2001-05,2001-10,2001,10,6,33.45758333333333,130.0808,19,24.459798245614035,103.69907368421053,4.239571914817619,141.84583063767005,126.28025172413795,24.459798245614035,135.27803681185725,ok
2001-06,2001-11,2001,11,6,122.472,196.3446,19,121.26468201754386,183.05103157894737,1.5095164439755395,184.87349792657227,190.3646551724138,121.26468201754386,191.5719731548699,ok
2001-07,2001-12,2001,12,6,266.60125,209.0467,19,272.5143070175439,192.2316157894737,0.7054000866717732,188.0605448568031,197.1712655172414,272.5143070175439,191.2582084996975,ok
2001-08,2002-01,2002,1,6,369.887,368.8524,19,324.60094736842103,248.45338421052634,0.7654117655070567,283.1158617081087,266.20259999999996,324.60094736842103,311.48865263157893,ok
2001-09,2002-02,2002,2,6,318.7799166666667,190.9456,19,328.5272609649123,233.8483052631579,0.7118079168721819,226.91006842318777,228.32980333333336,328.5272609649123,218.58245903508777,ok
2001-10,2002-03,2002,3,6,363.48120833333337,178.8799,19,375.5833377192983,251.71541578947372,0.6701985698247338,243.60458598316615,269.3613833333333,375.5833377192983,257.2592539473684,ok
2001-11,2002-04,2002,4,6,161.794875,124.7968,19,209.86844298245614,209.56217368421053,0.9985406605495653,161.55876135603432,208.69714333333332,209.86844298245614,160.62357535087716,ok
2001-12,2002-05,2002,5,6,22.755291666666665,103.8934,19,22.898561403508772,102.67887368421054,4.484075303895596,102.03644139544124,85.44101333333332,22.898561403508772,85.29774359649122,ok
2002-01,2002-06,2002,6,6,0.34554166666666664,6.7952,19,1.0361842105263157,6.361921052631579,,,7.40563448275862,1.0361842105263157,6.7149919388989705,denominador_abaixo_do_piso
2002-02,2002-07,2002,7,6,1.2499583333333333,2.1991,19,1.0473201754385966,3.6685684210526315,,,4.6121448275862065,1.0473201754385966,4.814782985480943,denominador_abaixo_do_piso
2002-03,2002-08,2002,8,6,1.5959583333333331,1.0971,19,2.3225000000000002,10.69968947368421,,,12.544737931034485,2.3225000000000002,11.818196264367817,denominador_abaixo_do_piso
2002-04,2002-09,2002,9,6,6.199208333333334,67.2486,19,7.048412280701755,50.64373157894736,,,58.420782758620696,7.048412280701755,57.57157881125227,denominador_abaixo_do_piso
2002-05,2002-10,2002,10,6,32.040416666666665,93.122,19,24.53438596491228,105.64427368421052,4.305967707335212,137.96499949623157,127.55469310344829,24.53438596491228,135.06072380520268,ok
2002-06,2002-11,2002,11,6,103.51795833333334,141.559,19,122.26226315789475,185.93448421052634,1.5207839230851021,157.42844678392683,192.25381379310346,122.26226315789475,173.50950896854204,ok
2002-07,2002-12,2002,12,6,278.107125,198.8721,19,271.90873464912283,192.76712105263158,0.7089405248469955,197.161411161189,197.5221137931035,271.90873464912283,203.72050414398066,ok
2002-08,2003-01,2003,1,6,303.49625,226.3735,19,328.09519736842105,255.95227368421055,0.7801158801992443,236.76224420591987,270.95189666666664,328.09519736842105,246.35294929824556,ok
2002-09,2003-02,2003,2,6,280.244125,242.0345,19,330.55546052631576,231.15941578947368,0.6993059967045104,195.9763971537084,226.62684000000002,330.55546052631576,176.31550447368426,ok
2002-10,2003-03,2003,3,6,311.77691666666664,210.3821,19,378.30461622807024,250.05740526315788,0.6609948558291042,206.08293808292595,268.31131,378.30461622807024,201.78361043859638,ok
2002-11,2003-04,2003,4,6,210.01679166666668,166.9079,19,207.33044736842106,207.3458,1.000074049093,210.03234321960437,207.29343999999998,207.33044736842106,209.9797842982456,ok
2002-12,2003-05,2003,5,6,27.063000000000002,100.5299,19,22.671839912280706,102.8559,4.5367248709393815,122.77738518223249,85.55312999999998,22.671839912280706,89.94429008771928,ok
2003-01,2003-06,2003,6,6,1.468791666666667,12.2745,19,0.977065789473684,6.073536842105263,,,7.216693103448276,0.977065789473684,7.708418980641259,denominador_abaixo_do_piso
2003-02,2003-07,2003,7,6,0.7477916666666666,1.88,19,1.0737499999999998,3.685363157894737,,,4.623148275862068,1.0737499999999998,4.2971899425287345,denominador_abaixo_do_piso
2003-03,2003-08,2003,8,6,0.49104166666666665,33.5851,19,2.38065350877193,8.989794736842105,,,11.424462068965518,2.38065350877193,9.534850226860254,denominador_abaixo_do_piso
2003-04,2003-09,2003,9,6,3.35875,34.1644,19,7.197910087719298,52.38500526315789,,,59.561617241379324,7.197910087719298,55.722457153660024,denominador_abaixo_do_piso
2003-05,2003-10,2003,10,6,15.367333333333335,102.8612,19,25.411916666666666,105.13168421052632,4.137101722375381,63.57622120164994,127.21885862068967,25.411916666666666,117.17427528735634,ok
2003-06,2003-11,2003,11,6,94.046375,171.1685,19,122.76076754385967,184.3760894736842,1.5019137886036005,141.24954738068493,191.23279655172416,122.76076754385967,162.5184040078645,ok
2003-07,2003-12,2003,12,6,272.44908333333336,191.1895,19,272.2065263157895,193.17146842105262,0.7096503931612296,193.34359910391663,197.7870310344828,272.2065263157895,198.02958805202664,ok
2003-08,2004-01,2004,1,6,326.11762500000003,330.2411,19,326.9045986842105,250.48555789473684,0.7662344271170857,249.8825515646596,267.4896433333333,326.9045986842105,266.7026696491228,ok
2003-09,2004-02,2004,2,6,353.93683333333337,337.9902,19,326.6768969298245,226.10911578947366,0.692149086496452,244.97705586911368,223.42831666666672,326.6768969298245,250.68825307017556,ok
2003-10,2004-03,2004,3,6,396.48133333333334,263.3091,19,373.8464890350878,247.27177368421053,0.6614259620905589,262.2430473509476,266.54707666666667,373.8464890350878,289.1819209649122,ok
2003-11,2004-04,2004,4,6,205.18925000000002,153.5851,19,207.58452850877194,208.047,1.0022278707115135,205.64638512039244,207.73753333333332,207.58452850877194,205.3422548245614,ok
2003-12,2004-05,2004,5,6,33.971,29.0041,19,22.308260964912286,106.6204157894737,4.779414045638627,162.36147454438978,87.93732333333332,22.308260964912286,99.60006236842104,ok
2004-01,2004-06,2004,6,6,0.8315833333333332,11.5046,19,1.0106030701754385,6.114057894736843,,,7.2432413793103425,1.0106030701754385,7.064221642468238,denominador_abaixo_do_piso
2004-02,2004-07,2004,7,6,1.2499583333333333,24.0552,19,1.0473201754385966,2.5182473684210525,,,3.8584862068965515,1.0473201754385966,4.061124364791288,denominador_abaixo_do_piso
2004-03,2004-08,2004,8,6,3.5824583333333333,45.2683,19,2.217947368421053,8.374889473684208,,,11.021593103448277,2.217947368421053,12.386104068360558,denominador_abaixo_do_piso
2004-04,2004-09,2004,9,6,5.637583333333333,24.8521,19,7.0779714912280705,52.87512631578947,,,59.88273103448276,7.0779714912280705,58.44234287658802,denominador_abaixo_do_piso
2004-05,2004-10,2004,10,6,14.508041666666665,156.836,19,25.45714254385965,102.2909052631579,4.018161311188903,58.29565172611657,125.35765862068966,25.45714254385965,114.40855774349667,ok
2004-06,2004-11,2004,11,6,113.11920833333333,135.0896,19,121.75693421052631,186.27497894736845,1.5298921589573362,173.06018985662803,192.47689655172414,121.75693421052631,183.83917067453115,ok
2004-07,2004-12,2004,12,6,262.182,159.7892,19,272.74689912280706,194.82411578947367,0.714303687470163,187.2775693883023,198.86980000000003,272.74689912280706,188.30490087719298,ok
2004-08,2005-01,2005,1,6,364.09495833333335,258.8253,19,324.9057916666667,254.2442842105263,0.7825169348515808,284.91047078991403,269.87017,324.9057916666667,309.05933666666664,ok
2004-09,2005-02,2005,2,6,312.520375,252.3165,19,328.8567105263158,230.61825789473684,0.7012727747767284,219.16203055051372,226.28410666666667,328.8567105263158,209.94777114035088,ok
2004-10,2005-03,2005,3,6,349.30808333333334,402.6636,19,376.32929166666673,239.93732631578945,0.6375728162247697,222.7093384209099,261.90192666666667,376.32929166666673,234.88071833333328,ok
2004-11,2005-04,2005,4,6,186.17045833333336,143.7686,19,208.58551754385965,208.56365789473685,0.9998952005422994,186.15094777026016,208.06474999999995,208.58551754385965,185.64969078947365,ok
2004-12,2005-05,2005,5,6,28.234750000000002,73.4273,19,22.610168859649125,104.28235263157895,4.6121881388371575,130.22397905303245,86.45654999999998,22.610168859649125,92.08113114035086,ok
2005-01,2005-06,2005,6,6,0.9071666666666668,0.5479,19,1.0066249999999999,6.690726315789473,,,7.621058620689654,1.0066249999999999,7.521600287356321,denominador_abaixo_do_piso
2005-02,2005-07,2005,7,6,0.234375,1.8672,19,1.1007719298245613,3.6860368421052634,,,4.623589655172413,1.1007719298245613,3.757192725347852,denominador_abaixo_do_piso
2005-03,2005-08,2005,8,6,0.6807916666666666,1.159,19,2.3706666666666667,10.696431578947367,,,12.542603448275862,2.3706666666666667,10.852728448275862,denominador_abaixo_do_piso
2005-04,2005-09,2005,9,6,4.805916666666667,69.9723,19,7.1217434210526305,50.50037894736842,,,58.326862068965525,7.1217434210526305,56.01103531457956,denominador_abaixo_do_piso
2005-05,2005-10,2005,10,6,13.459041666666666,43.3954,19,25.51235307017544,108.26146315789474,4.243491882544343,57.113334059326085,129.26940344827588,25.51235307017544,117.21609204476711,ok
2005-06,2005-11,2005,11,6,108.21604166666667,162.476,19,122.0149956140351,184.8335894736842,1.514843225158656,163.93033757223685,191.53253793103448,122.0149956140351,177.73358398366605,ok
2005-07,2005-12,2005,12,6,231.703875,270.7065,19,274.3510109649123,188.98636315789474,0.6888487944448102,159.608934961941,195.04506551724143,274.3510109649123,152.39792955232915,ok
2005-08,2006-01,2006,1,6,332.06579166666666,166.8556,19,326.59153728070174,259.08479473684207,0.7932991678047114,263.42751618557935,272.9358266666666,326.59153728070174,278.41008105263154,ok
2005-09,2006-02,2006,2,6,334.010875,230.8724,19,327.7256315789474,231.7468947368421,0.7071369231033596,236.19142243056086,226.99891,327.7256315789474,233.2841534210526,ok
2005-10,2006-03,2006,3,6,406.3355833333333,267.8005,19,373.3278442982457,247.03538421052633,0.6617116509883835,268.87698970282787,266.3973633333333,373.3278442982457,299.40510236842096,ok
2005-11,2006-04,2006,4,6,187.98479166666667,429.1988,19,208.49002631578946,193.5410157894737,0.928298677924894,174.5060335741533,198.55040999999997,208.49002631578946,178.04517535087717,ok
2005-12,2006-05,2006,5,6,37.87708333333334,133.2095,19,22.10267763157895,101.13592105263159,4.575731625752655,173.31536809960215,84.46380999999998,22.10267763157895,100.23821570175437,ok
2006-01,2006-06,2006,6,6,0.9503750000000001,0.6042,19,1.0043508771929823,6.687763157894737,,,7.619117241379309,1.0043508771929823,7.565141364186326,denominador_abaixo_do_piso
2006-02,2006-07,2006,7,6,1.3504166666666668,1.5265,19,1.042032894736842,3.7039684210526316,,,4.635337931034482,1.042032894736842,4.943721702964307,denominador_abaixo_do_piso
2006-03,2006-08,2006,8,6,4.0957083333333335,12.4889,19,2.190934210526316,10.100121052631577,,,12.15191724137931,2.190934210526316,14.056691364186328,denominador_abaixo_do_piso
2006-04,2006-09,2006,9,6,8.715583333333333,73.0467,19,6.9159714912280705,50.33856842105263,,,58.220848275862075,6.9159714912280705,60.02046011796734,denominador_abaixo_do_piso
2006-05,2006-10,2006,10,6,38.245416666666664,156.2402,19,24.20780701754386,102.32226315789474,4.226829100369969,161.65684012244125,125.37820344827587,24.20780701754386,139.41581309739868,ok
2006-06,2006-11,2006,11,6,128.358,160.8529,19,120.95489254385966,184.9190157894737,1.5288262582881458,196.23708086134982,191.5885068965517,120.95489254385966,198.99161435269207,ok
2006-07,2006-12,2006,12,6,268.54316666666665,150.7779,19,272.41210087719304,195.29839473684214,0.7169226113963463,192.5246683193109,199.18053448275867,272.41210087719304,195.31160027223228,ok
2006-08,2007-01,2007,1,6,329.21999999999997,243.8694,19,326.7413157894737,255.03143684210522,0.780530115164338,256.96612451440336,270.3687,326.7413157894737,272.8473842105263,ok
2006-09,2007-02,2007,2,6,288.1368333333333,391.6001,19,330.1400548245614,223.28754210526319,0.6763418701917877,194.8790047278061,221.64132000000004,330.1400548245614,179.63809850877195,ok
2006-10,2007-03,2007,3,6,321.9325,144.3091,19,377.77011184210534,253.53493157894738,0.6711354965130648,216.06032823119224,270.5137433333333,377.77011184210534,214.67613149122798,ok
2006-11,2007-04,2007,4,6,181.82879166666666,203.9629,19,208.81402631578948,205.39553684210526,0.9836290237107231,178.8520768295838,206.0582733333333,208.81402631578948,179.07303868421047,ok
2006-12,2007-05,2007,5,6,13.860791666666666,59.8926,19,23.366692982456144,104.99470526315791,4.493348945098417,62.2813736136456,86.90770666666666,23.366692982456144,77.40180535087718,ok
2007-01,2007-06,2007,6,6,0.6803750000000001,0.6092,19,1.018561403508772,6.6875,,,7.618944827586206,1.018561403508772,7.280758424077434,denominador_abaixo_do_piso
2007-02,2007-07,2007,7,6,0.8036249999999999,2.6528,19,1.070811403508772,3.6446894736842106,,,4.596499999999999,1.070811403508772,4.329313596491227,denominador_abaixo_do_piso
2007-03,2007-08,2007,8,6,1.9865000000000002,1.474,19,2.301945175438597,10.679852631578946,,,12.531741379310345,2.301945175438597,12.216296203871748,denominador_abaixo_do_piso
2007-04,2007-09,2007,9,6,6.696000000000001,24.48,19,7.022265350877192,52.89471052631579,,,59.895562068965525,7.022265350877192,59.56929671808833,denominador_abaixo_do_piso
2007-05,2007-10,2007,10,6,15.523416666666668,90.3212,19,25.403701754385967,105.79168421052631,4.164420021671106,64.6460271714096,127.65127241379312,25.403701754385967,117.77098732607382,ok
2007-06,2007-11,2007,11,6,94.75920833333333,140.1645,19,122.72325000000001,186.00787894736843,1.5156694346618789,143.62363572359052,192.3019,122.72325000000001,164.33785833333332,ok
2007-07,2007-12,2007,12,6,273.74370833333336,154.6319,19,272.1383881578948,195.09555263157895,0.7168983176250182,196.24640396460038,199.04763793103453,272.1383881578948,200.6529581064731,ok
2007-08,2008-01,2008,1,6,329.175375,277.9576,19,326.7436644736842,253.2373210526316,0.775033607646361,255.12197843459373,269.23242666666664,326.7436644736842,271.6641371929824,ok
2007-09,2008-02,2008,2,6,366.04733333333337,227.3554,19,326.0395021929824,231.932,0.7113616553822355,260.392036988253,227.11614333333333,326.0395021929824,267.12397447368426,ok
2007-10,2008-03,2008,3,6,395.13100000000003,291.7903,19,373.91755921052635,245.77276315789473,0.6572913122261733,259.7161734912401,265.59770333333336,373.91755921052635,286.81114412280704,ok
2007-11,2008-04,2008,4,6,212.12270833333332,198.2004,19,207.21960964912282,205.69882631578946,0.9926610066686814,210.56594119145376,206.25035666666665,207.21960964912282,211.15345535087715,ok
2007-12,2008-05,2008,5,6,20.757541666666665,156.4351,19,23.00370614035088,99.9135210526316,4.343366257725443,90.15760606832995,83.68962333333333,23.00370614035088,81.44345885964911,ok
2008-01,2008-06,2008,6,6,0.82075,1.2231,19,1.0111732456140352,6.65518947368421,,,7.597775862068964,1.0111732456140352,7.407352616454929,denominador_abaixo_do_piso
2008-02,2008-07,2008,7,6,2.9127499999999995,1.8809,19,0.9598048245614035,3.6853157894736843,,,4.62311724137931,0.9598048245614035,6.576062416817906,denominador_abaixo_do_piso
2008-03,2008-08,2008,8,6,4.0065,10.0751,19,2.1956293859649123,10.227163157894736,,,12.23515172413793,2.1956293859649123,14.046022338173017,denominador_abaixo_do_piso
2008-04,2008-09,2008,9,6,11.415541666666668,35.7506,19,6.773868421052631,52.301521052631585,,,59.506920689655175,6.773868421052631,64.14859393526922,denominador_abaixo_do_piso
2008-05,2008-10,2008,10,6,28.926708333333334,71.4708,19,24.698265350877193,106.78381052631579,4.323534831668784,125.06563104469035,128.30128620689655,24.698265350877193,132.52972918935268,ok
2008-06,2008-11,2008,11,6,128.16366666666667,228.8043,19,120.96512061403509,181.3426263157895,1.499131529777097,192.13419367184196,189.24535517241378,120.96512061403509,196.44390122504535,ok
2008-07,2008-12,2008,12,6,244.00229166666668,198.2564,19,273.703725877193,192.79952631578945,0.7044095789996512,171.87755154786677,197.54334482758625,273.703725877193,167.84191061705994,ok
2008-08,2009-01,2009,1,6,311.6765,176.1671,19,327.6646578947368,258.5947157894737,0.7892053950858136,245.97677532146355,272.6254433333333,327.6646578947368,256.63728543859645,ok
2008-09,2009-02,2009,2,6,326.72316666666666,173.2144,19,328.1091951754386,234.78152631578942,0.7155591180254877,233.7897409784944,228.92084333333335,328.1091951754386,227.53481482456144,ok
2008-10,2009-03,2009,3,6,381.47108333333335,237.6584,19,374.6365021929825,248.6218105263158,0.663634774163693,253.157476237896,267.4021,374.6365021929825,274.23668114035087,ok
2008-11,2009-04,2009,4,6,203.34245833333333,291.4855,19,207.68172807017544,200.7890842105263,0.9668115056452145,196.5938283028493,203.14085333333333,207.68172807017544,198.8015835964912,ok
2008-12,2009-05,2009,5,6,20.668333333333333,287.1656,19,23.008401315789474,93.03296842105264,4.043434706487362,83.57105632524963,79.33194,23.008401315789474,76.99187201754387,ok
2009-01,2009-06,2009,6,6,1.2959166666666666,15.2435,19,0.9861644736842107,5.917273684210526,,,7.114313793103446,0.9861644736842107,7.424065986085902,denominador_abaixo_do_piso
2009-02,2009-07,2009,7,6,1.8749166666666668,2.7198,19,1.0144276315789473,3.6411631578947365,,,4.594189655172413,1.0144276315789473,5.454678690260133,denominador_abaixo_do_piso
2009-03,2009-08,2009,8,6,5.178166666666667,15.226,19,2.1339627192982458,9.956063157894736,,,12.057534482758621,2.1339627192982458,15.101738430127043,denominador_abaixo_do_piso
2009-04,2009-09,2009,9,6,14.536833333333334,49.6335,19,6.609589912280701,51.57084210526316,,,59.02820000000001,6.609589912280701,66.95544342105265,denominador_abaixo_do_piso
2009-05,2009-10,2009,10,6,35.366125000000004,145.1622,19,24.359348684210527,102.90531578947369,4.224469099051726,149.40310221570073,125.76020344827586,24.359348684210527,136.76697976406533,ok
2009-06,2009-11,2009,11,6,135.064875,129.9771,19,120.60189912280703,186.54405789473682,1.5467754591889298,208.9150340484204,192.65318965517238,120.60189912280703,207.11616553236536,ok
2009-07,2009-12,2009,12,6,316.0400416666667,238.1976,19,269.9122653508772,190.69735789473685,0.7065160882808955,223.2873739784646,196.16606206896557,269.9122653508772,242.29383838475508,ok
2009-08,2010-01,2010,1,6,341.45133333333337,206.4191,19,326.09756140350873,257.0025052631579,0.7881153853375384,269.1030491440163,271.6170433333333,326.09756140350873,286.97081526315793,ok
2009-09,2010-02,2010,2,6,258.541875,189.3031,19,331.6976842105263,233.93475263157893,0.7052649559141996,182.3405240738495,228.38455333333334,331.6976842105263,155.22874412280706,ok
2009-10,2010-03,2010,3,6,317.22295833333334,170.6808,19,378.01798245614043,252.14694736842108,0.6670236842441125,211.5952263943166,269.63468666666665,378.01798245614043,208.83966254385956,ok
2009-11,2010-04,2010,4,6,170.61845833333334,179.409,19,209.40404385964914,206.68784736842107,0.9870289205443971,168.4053527536992,206.87673666666666,209.40404385964914,168.09115114035086,ok
2009-12,2010-05,2010,5,6,21.248666666666665,36.5434,19,22.977857456140352,106.2236105263158,4.6228683735667335,98.229789113795,87.68601333333332,22.977857456140352,85.95682254385963,ok
2010-01,2010-06,2010,6,6,1.14475,8.1085,19,0.9941206140350879,6.2928,,,7.3603482758620675,0.9941206140350879,7.5109776618269795,denominador_abaixo_do_piso
2010-02,2010-07,2010,7,6,0.5357083333333333,1.8517,19,1.0849122807017544,3.6868526315789474,,,4.624124137931034,1.0849122807017544,4.0749201905626125,denominador_abaixo_do_piso
2010-03,2010-08,2010,8,6,0.6585,1.1641,19,2.371839912280702,10.696163157894736,,,12.542427586206896,2.371839912280702,10.829087673926194,denominador_abaixo_do_piso
2010-04,2010-09,2010,9,6,2.0734999999999997,2.3148,19,7.265554824561404,54.0613,,,60.65987931034483,7.265554824561404,55.467824485783424,denominador_abaixo_do_piso
2010-05,2010-10,2010,10,6,22.788666666666668,136.1532,19,25.0213201754386,103.37947368421052,4.131655442612887,94.15491866322422,126.07085862068966,25.0213201754386,123.83820511191773,ok
2010-06,2010-11,2010,11,6,126.42479166666668,142.1422,19,121.0566403508772,185.90378947368418,1.5356761011609974,194.14753115675805,192.23370344827583,121.0566403508772,197.6018547640653,ok
2010-07,2010-12,2010,12,6,302.69266666666664,168.2896,19,270.61475877192987,194.37672631578948,0.7182783644095603,217.41759353210153,198.57668275862073,270.61475877192987,230.6545906533575,ok
2010-08,2011-01,2011,1,6,307.36879166666665,274.405,19,327.89137938596485,253.42430000000002,0.7728910118789407,237.5625764112573,269.35084666666665,327.89137938596485,248.82825894736845,ok
2010-09,2011-02,2011,2,6,344.39325,316.7195,19,327.17919078947364,227.22862631578946,0.6945081860722668,239.18393135303273,224.13734000000002,327.17919078947364,241.3513992105264,ok
2010-10,2011-03,2011,3,6,390.153625,240.0053,19,374.1795263157896,248.49828947368425,0.6641151425905746,259.10693029910453,267.32387,374.1795263157896,283.2979686842104,ok
2010-11,2011-04,2011,4,6,217.19870833333334,220.1464,19,206.95245175438598,204.54377368421055,0.9883612006054701,214.67077613829065,205.51882333333333,206.95245175438598,215.7650799122807,ok
2010-12,2011-05,2011,5,6,16.527916666666666,102.807,19,23.22631798245614,102.73605263157896,4.423260402668215,73.1072793302667,85.47722666666667,23.22631798245614,78.77882535087718,ok
