{"type": "FeatureCollection", "features": [{"type": "Feature", "properties": {"regiao": "Bloco 2", "fazenda": "Bacuri", "cluster_id": 0, "area_ha": 61.73}, "geometry": {"type": "Polygon", "coordinates": [[[-48.127800131688, -5.99626325906101], [-48.126793611667, -5.994924571111], [-48.1267932021064, -5.99489505451829], [-48.1267835164382, -5.99419701874928], [-48.1267447761109, -5.991405044722], [-48.125323645, -5.99024376444402], [-48.1249113715193, -5.99006268389104], [-48.123981348, -5.98955874299998], [-48.121330466779, -5.99135607750053], [-48.121056321111, -5.9954063075], [-48.1209416958879, -5.9970079442897], [-48.1208589793284, -5.99825692906305], [-48.1208589689165, -5.99825702835741], [-48.1208588755569, -5.99825791868937], [-48.1207848797742, -5.99896358578744], [-48.1210675276928, -5.99893796670461], [-48.1210675276928, -5.9989379667046], [-48.1223787123128, -5.99881912150822], [-48.1223787123128, -5.99881912150817], [-48.1249199148326, -5.99858878803116], [-48.128967456509, -5.99781582000266], [-48.127800131688, -5.99626325906099], [-48.127800131688, -5.99626325906101]]]}}, {"type": "Feature", "properties": {"regiao": "Bloco 2", "fazenda": "Buritirana", "cluster_id": 0, "area_ha": 68.5}, "geometry": {"type": "Polygon", "coordinates": [[[-48.1209416958879, -5.9970079442897], [-48.121056321111, -5.9954063075], [-48.121330466779, -5.99135607750053], [-48.118221147151, -5.99346613682479], [-48.118188783, -5.99348420199999], [-48.1170550376238, -5.99378770714425], [-48.1156723833925, -5.99415830574984], [-48.115434938, -5.99412952400002], [-48.115001985, -5.99407064600001], [-48.114188273, -5.994025276], [-48.1140983213033, -5.99399167170325], [-48.1138770609609, -5.9962574351937], [-48.1138770585029, -5.99625753505136], [-48.1138567234564, -5.99647444619064], [-48.1138566444694, -5.99647528872904], [-48.1138288752067, -5.99677149804517], [-48.1138271035569, -5.9967903141699], [-48.1138271109255, -5.9967903172894], [-48.1138006702792, -5.99707235451331], [-48.1138005730337, -5.99707339181131], [-48.1136649130778, -5.99852043073375], [-48.113645500721, -5.9987274935419], [-48.1136454897935, -5.99872759294306], [-48.1134732010579, -6.0005652741596], [-48.1134731951069, -6.00056537476678], [-48.1133911761882, -6.00144020610273], [-48.1145268671255, -6.00139948411694], [-48.1145269670712, -6.00139948053322], [-48.1185880416427, -6.00125386431353], [-48.1185882247455, -6.00125385774809], [-48.1186329113381, -6.00125225543999], [-48.118895612756, -6.00106385341297], [-48.1189164655248, -6.00104889839698], [-48.1192300302323, -6.00082401865729], [-48.1207003686283, -5.99976953354494], [-48.1207783644453, -5.99902571977733], [-48.1207848797742, -5.99896358578744], [-48.1208588755569, -5.99825791868937], [-48.1208589689165, -5.99825702835741], [-48.1208589775729, -5.99825692873278], [-48.1208640386273, -5.99814020933723], [-48.1208677138596, -5.99805542049256], [-48.1209116107393, -5.99743390553906], [-48.1209116144988, -5.99743385231022], [-48.120912493735, -5.99742140362433], [-48.1209125205, -5.99742102467161], [-48.1209126915618, -5.99741860269], [-48.1209416958879, -5.9970079442897]]]}}, {"type": "Feature", "properties": {"regiao": "", "fazenda": "Patrese", "cluster_id": 2, "area_ha": 59.72}, "geometry": {"type": "Polygon", "coordinates": [[[-48.1304699413202, -5.88860545685088], [-48.1324219059882, -5.88458497490048], [-48.131600753952, -5.88446790922384], [-48.130942896424, -5.88380862350402], [-48.1276498159854, -5.88112852478299], [-48.1244483660815, -5.88237445048369], [-48.1220942410527, -5.88345651049734], [-48.1216139227725, -5.88750933289705], [-48.1234249999719, -5.88701090128561], [-48.1264040461647, -5.88692042926764], [-48.1304699413202, -5.88860545685088]]]}}, {"type": "Feature", "properties": {"regiao": "", "fazenda": "ÁGUAS CLARAS I e II", "cluster_id": 0, "area_ha": 92.08}, "geometry": {"type": "Polygon", "coordinates": [[[-48.1036041909362, -5.92881836480764], [-48.1026624335972, -5.93206412083859], [-48.10545167, -5.934155], [-48.10727861, -5.93554944], [-48.11035361, -5.93790389], [-48.11195694, -5.93913416999999], [-48.11659556, -5.93842083], [-48.11817972, -5.93818777999999], [-48.11811111, -5.93761917000001], [-48.11807111, -5.93624889000001], [-48.11803417, -5.93529639000001], [-48.11802639, -5.93523389], [-48.1036041909362, -5.92881836480764]]]}}, {"type": "Feature", "properties": {"regiao": "", "fazenda": "Sem numero", "cluster_id": 3, "area_ha": 39.19}, "geometry": {"type": "Polygon", "coordinates": [[[-48.1462846620814, -5.8771316350354], [-48.154166440122, -5.8755670873636], [-48.1506527113018, -5.87057149428918], [-48.1483369891861, -5.86970240848842], [-48.1463068425795, -5.87705100948625], [-48.1462846620814, -5.8771316350354]]]}}, {"type": "Feature", "properties": {"regiao": "", "fazenda": "2669", "cluster_id": 2, "area_ha": 80.18}, "geometry": {"type": "Polygon", "coordinates": [[[-48.1379716678731, -5.88487022266064], [-48.1362754704366, -5.89049306519575], [-48.1384856985132, -5.89119939622508], [-48.141377981923, -5.89038868305909], [-48.1421660190789, -5.89018104707461], [-48.1463204421818, -5.8927247503069], [-48.1494121943957, -5.8906793698907], [-48.1495537786122, -5.88692556814969], [-48.145138723557, -5.88640623327822], [-48.1395792737447, -5.88524291912244], [-48.1379716678731, -5.88487022266064]]]}}, {"type": "Feature", "properties": {"regiao": "", "fazenda": "2862", "cluster_id": 2, "area_ha": 181.34}, "geometry": {"type": "Polygon", "coordinates": [[[-48.1234429715115, -5.88701079084904], [-48.1216346020757, -5.88749779432259], [-48.1214193211336, -5.88764627333737], [-48.1195437990948, -5.88966391348829], [-48.1187248836143, -5.89076685229824], [-48.1164984627939, -5.89374138664944], [-48.1174666917111, -5.89622462090405], [-48.1209518545337, -5.89912595294644], [-48.1241329034411, -5.89943712889549], [-48.1281707864978, -5.89982817846734], [-48.1289135076917, -5.89768503537758], [-48.1307775558848, -5.89841362143304], [-48.1312415381605, -5.89401470352979], [-48.1318320914588, -5.88907235649068], [-48.1304763769734, -5.88860997675019], [-48.1264021162559, -5.8869225899667], [-48.12344313402, -5.88701013570105], [-48.1234429715115, -5.88701079084904]]]}}, {"type": "Feature", "properties": {"regiao": "", "fazenda": "2993", "cluster_id": 2, "area_ha": 111.94}, "geometry": {"type": "Polygon", "coordinates": [[[-48.141377981923, -5.89038868305909], [-48.1384856985132, -5.89119939622508], [-48.1367155087972, -5.89634149924091], [-48.1370744179884, -5.89622961998511], [-48.1358566401338, -5.90066781161956], [-48.1347843761683, -5.90459882617671], [-48.1335881407892, -5.90953100849764], [-48.1324933067003, -5.91406535581247], [-48.1347913400261, -5.91399739786928], [-48.137681187379, -5.91290087211181], [-48.1413555558896, -5.8905259006278], [-48.141377981923, -5.89038868305909]]]}}, {"type": "Feature", "properties": {"regiao": "", "fazenda": "5259", "cluster_id": 2, "area_ha": 109.34}, "geometry": {"type": "Polygon", "coordinates": [[[-48.1318318817387, -5.88907118129093], [-48.1312413284449, -5.89401352832971], [-48.1307773461732, -5.8984124462326], [-48.1289132979838, -5.89768386017845], [-48.1281707838617, -5.89982640577011], [-48.1277308604548, -5.90130604086204], [-48.1304160103575, -5.90237951346132], [-48.1302983993425, -5.90354615377531], [-48.1349388114409, -5.9039702426266], [-48.1358405175213, -5.90066450126665], [-48.1370582954673, -5.89622630972582], [-48.1366993862804, -5.8963381889707], [-48.1384695760951, -5.89119608607263], [-48.1318318817387, -5.88907118129093]]]}}, {"type": "Feature", "properties": {"regiao": "", "fazenda": "6130", "cluster_id": 2, "area_ha": 48.46}, "geometry": {"type": "Polygon", "coordinates": [[[-48.1349388114409, -5.9039702426266], [-48.1302983993425, -5.90354615377531], [-48.1300714184162, -5.90634590007891], [-48.1297735526019, -5.91001367819655], [-48.1294913955239, -5.91379097953963], [-48.1324933067003, -5.91406535581247], [-48.1335881407892, -5.90953100849764], [-48.1347843761683, -5.90459882617671], [-48.1349388114409, -5.9039702426266]]]}}, {"type": "Feature", "properties": {"regiao": "", "fazenda": "2636", "cluster_id": 2, "area_ha": 146.5}, "geometry": {"type": "Polygon", "coordinates": [[[-48.1495537786122, -5.88692556814969], [-48.1497429031183, -5.88130622465558], [-48.146195191238, -5.87717452077864], [-48.1444496039476, -5.87756169824725], [-48.1427378976377, -5.87795246814408], [-48.1407281796082, -5.87839024816223], [-48.1387294866933, -5.87882345426347], [-48.1364396208707, -5.87930940362059], [-48.1361284839977, -5.87940721969903], [-48.1358289117936, -5.87952180562936], [-48.1335585591773, -5.88073007525556], [-48.1319573556408, -5.88161129468754], [-48.1317167491122, -5.88177763635795], [-48.1315823267513, -5.88199302073795], [-48.1309490495346, -5.88382578173161], [-48.1315993602311, -5.88445644614899], [-48.1326618308305, -5.88460630068573], [-48.133569365642, -5.88473878522176], [-48.1349793927284, -5.88493984910388], [-48.1379689688135, -5.88486159952762], [-48.1395562200066, -5.88523604609394], [-48.1451268613068, -5.8864048378976], [-48.1495537786122, -5.88692556814969]]]}}, {"type": "Feature", "properties": {"regiao": "", "fazenda": "4214", "cluster_id": 3, "area_ha": 98.23}, "geometry": {"type": "Polygon", "coordinates": [[[-48.1360325947576, -5.87927898744172], [-48.1360325061646, -5.87927890203643], [-48.133557602038, -5.87689304921643], [-48.1324021688301, -5.87536945827188], [-48.1323953420541, -5.87536045626801], [-48.1310915394748, -5.87364122075541], [-48.1283181904758, -5.871877518874], [-48.1235197103838, -5.87143576255925], [-48.1241959957313, -5.87542174163084], [-48.1260904488867, -5.87984353080756], [-48.1308760621375, -5.88363706853027], [-48.1316558522325, -5.88165749020705], [-48.1360309085822, -5.87927990377909], [-48.1360325947576, -5.87927898744172]]]}}, {"type": "Feature", "properties": {"regiao": "", "fazenda": "SANTÍSSIMA TRINDADE", "cluster_id": 5, "area_ha": 664.45}, "geometry": {"type": "Polygon", "coordinates": [[[-48.0176800416102, -6.17475957952001], [-48.01768111, -6.17475972], [-48.03641333, -6.17608306000001], [-48.0364137026504, -6.17608319786563], [-48.0389363900219, -6.12754805999958], [-48.0390780600219, -6.12733110999958], [-48.0390441700219, -6.12725721999958], [-48.0388608300219, -6.12707360999956], [-48.0388061100219, -6.12678110999956], [-48.0386738900219, -6.12660805999957], [-48.0384841700219, -6.12665888999957], [-48.0383275000219, -6.12690249999957], [-48.0380794400219, -6.12706499999957], [-48.0378669400219, -6.12724499999958], [-48.037678060022, -6.12748360999958], [-48.037505830022, -6.12763166999957], [-48.037300280022, -6.12782221999957], [-48.037108060022, -6.12811082999958], [-48.036865830022, -6.12833888999957], [-48.036571110022, -6.12840666999957], [-48.036293060022, -6.12851416999957], [-48.036024720022, -6.12861360999958], [-48.0357538900221, -6.12869193999957], [-48.0354563900221, -6.12879693999957], [-48.0352102800221, -6.12894110999959], [-48.0349313900221, -6.12900805999957], [-48.0347044400221, -6.12904805999956], [-48.0346319400221, -6.12932055999956], [-48.0344741700221, -6.12954277999956], [-48.0344130600221, -6.12977860999957], [-48.0346147200221, -6.12989971999957], [-48.0346600000221, -6.13014943999957], [-48.0345341700221, -6.13043027999956], [-48.0344838900221, -6.13074721999955], [-48.0341591700221, -6.13089999999956], [-48.0340111100221, -6.13098055999957], [-48.0339130600222, -6.13113749999956], [-48.0338911100221, -6.13147443999955], [-48.0336230600222, -6.13165805999956], [-48.0333058300222, -6.13169666999956], [-48.0329975000222, -6.13173221999957], [-48.0327480600222, -6.13165193999957], [-48.0326086100222, -6.13179110999956], [-48.0326563900222, -6.13202916999956], [-48.0326908300222, -6.13230471999955], [-48.0327405600222, -6.13254499999957], [-48.0329847200222, -6.13260888999957], [-48.0332480600222, -6.13279999999956], [-48.0330563900222, -6.13309499999956], [-48.0329580600222, -6.13338666999957], [-48.0327291700222, -6.13360916999956], [-48.0323827800222, -6.13356110999957], [-48.0321138900222, -6.13347110999956], [-48.0318872200222, -6.13355971999956], [-48.0317433300223, -6.13373055999956], [-48.0318616700222, -6.13391277999956], [-48.0320163900222, -6.13416666999957], [-48.0319494400222, -6.13445832999956], [-48.0317502800223, -6.13465666999958], [-48.0317433300223, -6.13487249999956], [-48.0318280600222, -6.13510305999957], [-48.0319686100222, -6.13535916999956], [-48.0320791700222, -6.13569555999956], [-48.0318075000223, -6.13587999999956], [-48.0314786100223, -6.13577832999955], [-48.0312408300223, -6.13566693999956], [-48.0309980600223, -6.13564082999957], [-48.0307413900223, -6.13569860999956], [-48.0305197200223, -6.13578138999955], [-48.0303186100223, -6.13593055999957], [-48.0301933300223, -6.13616610999956], [-48.0300250000223, -6.13641555999955], [-48.0298144400224, -6.13665416999956], [-48.0295811100224, -6.13687360999956], [-48.0292775000224, -6.13702610999956], [-48.0290138900224, -6.13716582999955], [-48.0288358300224, -6.13734193999957], [-48.0288980600224, -6.13758360999955], [-48.0290161100224, -6.13788110999957], [-48.0288505600224, -6.13817416999956], [-48.0285313900224, -6.13826193999955], [-48.0282766700224, -6.13804193999955], [-48.0280750000224, -6.13785610999957], [-48.0278191700225, -6.13794305999956], [-48.0275252800225, -6.13802749999955], [-48.0272241700225, -6.13799582999956], [-48.0269775000225, -6.13809082999956], [-48.0268205600225, -6.13831638999957], [-48.0267650000225, -6.13859110999956], [-48.0268166700225, -6.13886721999956], [-48.0268538900225, -6.13916221999955], [-48.0267672200225, -6.13948193999956], [-48.0264483300225, -6.13963943999955], [-48.0261708300225, -6.13954888999956], [-48.0259244400226, -6.13947166999956], [-48.0257047200226, -6.13958916999955], [-48.0254222200226, -6.13961527999955], [-48.0251391700226, -6.13960027999956], [-48.0248597200226, -6.13958805999955], [-48.0245663900226, -6.13956471999956], [-48.0243322200226, -6.13954832999955], [-48.0241230600227, -6.13971221999954], [-48.0239208300227, -6.13990416999954], [-48.0238875000227, -6.14003721999955], [-48.0240391700227, -6.14001721999955], [-48.0242933300227, -6.13986221999956], [-48.0246088900226, -6.13995527999956], [-48.0249052800226, -6.13991832999956], [-48.0252216700226, -6.14004943999956], [-48.0251969400226, -6.14034666999956], [-48.0249194400226, -6.14053693999956], [-48.0243827800226, -6.14079860999956], [-48.0241208300227, -6.14086610999956], [-48.0238183300227, -6.14087305999956], [-48.0235327800227, -6.14089221999956], [-48.0232466700227, -6.14093693999954], [-48.0229250000227, -6.14096249999955], [-48.0225925000227, -6.14096332999955], [-48.0222947200227, -6.14097360999956], [-48.0220441700228, -6.14105527999954], [-48.0218777800228, -6.14126055999956], [-48.0217011100228, -6.14151499999955], [-48.0213869400228, -6.14165277999955], [-48.0210944400228, -6.14160943999956], [-48.0208150000228, -6.14151027999955], [-48.0206033300228, -6.14154721999955], [-48.0205175000228, -6.14177721999954], [-48.0204316700229, -6.14208221999956], [-48.0201588900229, -6.14221749999955], [-48.0198066700229, -6.14228249999955], [-48.0259461100225, -6.14619916999955], [-48.0256327800226, -6.14627943999956], [-48.0254377800226, -6.14662443999956], [-48.0251752800226, -6.14684166999955], [-48.0252369400226, -6.14710138999956], [-48.0248780600226, -6.14727193999955], [-48.0246138900226, -6.14761027999955], [-48.0243363900226, -6.14789388999956], [-48.0239250000227, -6.14802777999955], [-48.0235233300227, -6.14831693999955], [-48.0234616700227, -6.14873138999956], [-48.0231997200227, -6.14902527999956], [-48.0233733300227, -6.14919082999954], [-48.0231658300227, -6.14962805999955], [-48.0234577800227, -6.14995055999954], [-48.0238863900227, -6.15004332999956], [-48.0239125000227, -6.15045693999954], [-48.0241963900226, -6.15090110999956], [-48.0243994400226, -6.15122249999955], [-48.0245566700226, -6.15127277999956], [-48.0246013900226, -6.15154805999956], [-48.0248694400226, -6.15188221999955], [-48.0252136100226, -6.15192416999957], [-48.0256758300225, -6.15215499999954], [-48.0258972200225, -6.15231916999956], [-48.0263572200225, -6.15237527999956], [-48.0264902800225, -6.15284443999954], [-48.0267033300225, -6.15322277999956], [-48.0269922200225, -6.15341332999957], [-48.0274130600225, -6.15364999999956], [-48.0277077800224, -6.15376832999957], [-48.0279413900224, -6.15427916999956], [-48.0282241700224, -6.15439193999956], [-48.0285525000224, -6.15470305999955], [-48.0289141700224, -6.15467638999956], [-48.0292827800224, -6.15493138999956], [-48.0294347200223, -6.15506082999957], [-48.0296008300223, -6.15550805999955], [-48.0295308300223, -6.15586888999956], [-48.0297586100223, -6.15625138999955], [-48.0299905600223, -6.15661249999956], [-48.0302350000223, -6.15678082999956], [-48.0302833300223, -6.15720416999957], [-48.0301719400223, -6.15743832999955], [-48.0305436100223, -6.15773416999957], [-48.0305458300223, -6.15778277999955], [-48.0303430600223, -6.15796943999957], [-48.0244361100226, -6.16581249999955], [-48.0214500000228, -6.16976471999955], [-48.0176800416102, -6.17475957952001]]]}}, {"type": "Feature", "properties": {"regiao": "", "fazenda": "ÁGUAS CLARAS I e II", "cluster_id": 1, "area_ha": 8.83}, "geometry": {"type": "Polygon", "coordinates": [[[-48.1181228816105, -5.93527731331352], [-48.1182497905372, -5.93821702643633], [-48.1231088792443, -5.9374287610815], [-48.1181228816105, -5.93527731331352]]]}}, {"type": "Feature", "properties": {"regiao": "", "fazenda": "FLORESTA DOS SONHOS", "cluster_id": 3, "area_ha": 207.0}, "geometry": {"type": "Polygon", "coordinates": [[[-48.1432106995401, -5.8682389397125], [-48.1373408258092, -5.86683989942108], [-48.1323148929741, -5.8681079457981], [-48.1292446663307, -5.86786084664983], [-48.1284265954482, -5.87181114781155], [-48.1296910391494, -5.87258527904635], [-48.1314445685086, -5.87382658073675], [-48.1317912954735, -5.87418534032459], [-48.1323953420541, -5.87536045626801], [-48.1324021688301, -5.87536945827188], [-48.1334594796453, -5.87676310447656], [-48.1354469527828, -5.87855858408437], [-48.1358286506649, -5.87907353965974], [-48.1360327872055, -5.87927872581347], [-48.1360325061646, -5.87927890203643], [-48.1360325947576, -5.87927898744172], [-48.1360309085822, -5.87927990377909], [-48.1360194637627, -5.8792870801003], [-48.1463068425795, -5.87705100948625], [-48.1482849687109, -5.86983347407431], [-48.1432106995401, -5.8682389397125]]]}}, {"type": "Feature", "properties": {"regiao": "", "fazenda": "3337", "cluster_id": 2, "area_ha": 35.28}, "geometry": {"type": "Polygon", "coordinates": [[[-48.1362754704366, -5.89049306519575], [-48.1379716678731, -5.88487022266064], [-48.1379488074719, -5.88486492285997], [-48.1349582317014, -5.8849452395835], [-48.1324215160648, -5.88460265802302], [-48.1304761875995, -5.88861063734226], [-48.1318319020859, -5.8890730170839], [-48.1362754704366, -5.89049306519575]]]}}, {"type": "Feature", "properties": {"regiao": "", "fazenda": "SEM NOME", "cluster_id": 0, "area_ha": 292.74}, "geometry": {"type": "Polygon", "coordinates": [[[-48.0737935437285, -6.02975682237133], [-48.0589717005585, -6.03105941465632], [-48.054941247724, -6.02917469561376], [-48.0495113910804, -6.03131194977658], [-48.0457409633889, -6.03445911466513], [-48.0651682242179, -6.04290512872754], [-48.0691484881479, -6.0446208019211], [-48.0703476239479, -6.04100255286696], [-48.0737935437285, -6.02975682237133]]]}}, {"type": "Feature", "properties": {"regiao": "", "fazenda": "ESPÍRITO sANTO", "cluster_id": 0, "area_ha": 239.07}, "geometry": {"type": "Polygon", "coordinates": [[[-48.1080551906641, -5.97909026283544], [-48.10830778, -5.98376083], [-48.1086105255866, -5.98863404155027], [-48.10693306, -5.99248056], [-48.10715361, -5.992445], [-48.10744333, -5.99247861], [-48.10823833, -5.99254778], [-48.10886944, -5.99266444], [-48.10944556, -5.99281028], [-48.11062778, -5.99353806], [-48.11091806, -5.99362194], [-48.11163417, -5.99330139], [-48.11272528, -5.99339556], [-48.11418833, -5.99402528], [-48.11500194, -5.99407056], [-48.11566361, -5.99416056], [-48.11818889, -5.99348417], [-48.12398139, -5.98955889], [-48.12397833, -5.98939583], [-48.12356333, -5.98636389], [-48.12327667, -5.98625528], [-48.1222175, -5.98072306], [-48.1080551906641, -5.97909026283544]]]}}, {"type": "Feature", "properties": {"regiao": "", "fazenda": "3R", "cluster_id": 5, "area_ha": 10323.43}, "geometry": {"type": "Polygon", "coordinates": [[[-48.0053435804851, -6.19429476725694], [-48.0049756189891, -6.19445810350272], [-48.0045455593542, -6.19434798679221], [-48.0042201891394, -6.1939542478295], [-47.9997363287054, -6.19330743683142], [-48.0010192389959, -6.20032199368617], [-48.0070515994664, -6.205691384124], [-48.0147051128067, -6.20202645651297], [-48.0149802709676, -6.20189469189108], [-48.0149986150459, -6.20188590747781], [-48.0154321243084, -6.20167831294196], [-48.0156093246962, -6.20251953257146], [-48.0160008108517, -6.20295621499151], [-48.0161850158639, -6.20335717932363], [-48.016528560474, -6.20346607809954], [-48.0167324991458, -6.20376301793622], [-48.0173403042118, -6.2040103111553], [-48.0173497030469, -6.2040143906648], [-48.0173652878942, -6.20402206993066], [-48.0173714543793, -6.20402545004596], [-48.0192177706103, -6.20506877411195], [-48.0208101146364, -6.20566608071333], [-48.0209673644426, -6.20570886257138], [-48.0218554041205, -6.20623164773971], [-48.0218548848266, -6.20623136565873], [-48.0218543481832, -6.20623111871368], [-48.0218537968984, -6.20623090691971], [-48.0218532237506, -6.20623073023623], [-48.0218521293927, -6.20623043250429], [-48.0218557051179, -6.20623183125489], [-48.0218364158473, -6.20624488117289], [-48.021540337454, -6.2064451891456], [-48.0190965831183, -6.2080984640808], [-48.0138557979264, -6.21174763438689], [-48.0441858253157, -6.2387416861605], [-48.0224776678721, -6.25172986943993], [-48.0218421773442, -6.25185690255198], [-48.013427471878, -6.25755098851723], [-48.0115147869302, -6.25684709029261], [-48.0107633115602, -6.25628612627783], [-48.0107719164599, -6.25620179619041], [-48.0098278031676, -6.25571652511529], [-48.0092357470338, -6.25515935928555], [-48.0089379489819, -6.25437467323562], [-48.0085909577843, -6.25423899130987], [-48.0084360457712, -6.25393564565802], [-48.0084742191011, -6.25309722339555], [-48.00805556015, -6.25289554549727], [-48.0078436943481, -6.25255817823218], [-48.007549557635, -6.25187614167384], [-48.0071973930749, -6.25122196125175], [-48.0074064563561, -6.25078219588487], [-48.0072478685156, -6.25042688343573], [-48.0064485801708, -6.25022701247907], [-48.006270379974, -6.2493995551725], [-48.0059150041473, -6.24850089363748], [-48.0061175094164, -6.24783297966919], [-48.0055826977421, -6.24735582259295], [-48.0052358909077, -6.24691894447158], [-48.0044398188979, -6.24632954060946], [-48.003861832415, -6.24628505177581], [-48.003981494058, -6.24572245682853], [-48.0036564763322, -6.24520105331921], [-48.0033965439836, -6.24518846026114], [-48.0031379237914, -6.24489771448767], [-48.0030975244627, -6.2447151760515], [-48.0028937278536, -6.24426158684261], [-48.0024754499352, -6.24318559080726], [-48.0018706064862, -6.24178538254874], [-48.0017659062062, -6.24125782723925], [-48.0015744685729, -6.2406156772094], [-48.0013124671572, -6.24077679798142], [-48.0011914399049, -6.24035801065359], [-48.0009890432755, -6.23983324158606], [-48.0010686937895, -6.23960666878239], [-48.0007911130415, -6.23925339014453], [-48.0007455716393, -6.23897506147489], [-48.0008478588732, -6.23870489267868], [-48.0008976925528, -6.23816529951275], [-48.0008149424439, -6.23801639804926], [-48.0009539809958, -6.23777643164674], [-48.0008211399716, -6.23684751279384], [-48.0006609862838, -6.23673665575352], [-48.0000509775845, -6.23632475003448], [-48.0001024336403, -6.23607118546235], [-48.0002305706386, -6.23595420126193], [-48.0002076306121, -6.23586065817909], [-48.0002525170598, -6.23569866171629], [-48.0000465592645, -6.23513349088129], [-47.9998255239389, -6.23487015324272], [-47.9998325477841, -6.23446058806192], [-47.9998351489148, -6.23417783616902], [-47.999815070791, -6.23388266876685], [-47.9996103808667, -6.23358672104993], [-47.9992690222337, -6.23284452470861], [-47.9989024606534, -6.23218457579984], [-47.9985814884816, -6.23188986315074], [-47.9985638457712, -6.23176969987079], [-47.998484585069, -6.23134076250969], [-47.9980706502634, -6.23101055863466], [-47.9973760122261, -6.23097218196919], [-47.9970946298421, -6.23079613119496], [-47.9962979673827, -6.2304586869083], [-47.9960135197326, -6.23007582897938], [-47.9960012309583, -6.22990329893366], [-47.995570971511, -6.22923783819247], [-47.9948849579028, -6.22906481101742], [-47.9946803774577, -6.22865521594425], [-47.9946400964656, -6.2286108098888], [-47.9942752649444, -6.22834611077162], [-47.994275910924, -6.22775682425527], [-47.9942932489663, -6.22715317840482], [-47.9938081062218, -6.22642416725533], [-47.9929676197455, -6.2264920096774], [-47.9923107210724, -6.22612157317821], [-47.9917970970993, -6.22592423208886], [-47.9912904369386, -6.22604176574146], [-47.9906036938763, -6.22606151715002], [-47.9899296117254, -6.22588728953418], [-47.989594649179, -6.22538796597119], [-47.9894980640303, -6.22524386454611], [-47.9892023032715, -6.22493077478582], [-47.9887279877222, -6.22455297627728], [-47.987775683058, -6.22338116229119], [-47.98765248662, -6.22312290015175], [-47.9871057597192, -6.22244674749123], [-47.9871791172961, -6.2216610293185], [-47.9869189974202, -6.22090800785899], [-47.9852127534226, -6.22055678242413], [-47.9841400888408, -6.22015162586879], [-47.9838312072715, -6.22001914003577], [-47.9831255616278, -6.22004726919605], [-47.9823288179719, -6.21979292739034], [-47.9816761950765, -6.21954672611105], [-47.9816841740613, -6.2191452132706], [-47.981219926635, -6.21793869756055], [-47.9815141431974, -6.21752427614386], [-47.9813669500393, -6.21682095622329], [-47.9811807527668, -6.2165142742126], [-47.9811897416667, -6.21536602239192], [-47.9812472445429, -6.21438499474615], [-47.980912314116, -6.21305933939924], [-47.9809222606237, -6.21266072882571], [-47.9802895988831, -6.21151197438828], [-47.9795019780633, -6.21148073463854], [-47.9790054007118, -6.21097344343927], [-47.9789027114746, -6.21076083069393], [-47.9791893449925, -6.21050373697572], [-47.979074873616, -6.210156903295], [-47.9790294340544, -6.20978291057377], [-47.9788583553148, -6.20951651680282], [-47.9790896066713, -6.20880831397231], [-47.9788712011055, -6.20829303667143], [-47.9786084261094, -6.20789675371596], [-47.9790257579121, -6.2073725502187], [-47.97948783215, -6.20690126918903], [-47.9791663078222, -6.20626443932021], [-47.9793271227422, -6.20594013630514], [-47.9794555673747, -6.20570436147754], [-47.9796355013946, -6.20560493131997], [-47.9796024411694, -6.20540274411702], [-47.9794464983098, -6.20545831604018], [-47.9791838063692, -6.20563342965617], [-47.9785868947537, -6.20564113349926], [-47.9785257159315, -6.20555767217608], [-47.9786007548187, -6.20531590138848], [-47.9785892561481, -6.20513190524641], [-47.9786068212773, -6.20482178091298], [-47.9784603164332, -6.20459943295047], [-47.9786770908841, -6.20419721583547], [-47.9779572878759, -6.20443286646747], [-47.9777011556549, -6.20424919002543], [-47.9771589786539, -6.20498000807267], [-47.9777509891543, -6.2055940813458], [-47.9776407219323, -6.20607721724324], [-47.9773878093213, -6.2064368577068], [-47.9765089038045, -6.20664837852671], [-47.9765098049517, -6.20691759379806], [-47.9758678270409, -6.20754584530983], [-47.9755627651929, -6.20794782578562], [-47.9752542546011, -6.20849523170105], [-47.974529845511, -6.2092833598415], [-47.9747074390954, -6.2096097761804], [-47.9755761563144, -6.20947598460327], [-47.9758106850152, -6.20961735110226], [-47.9754297104429, -6.21047646311322], [-47.9748628839329, -6.21103223713434], [-47.9757392121927, -6.21116264086632], [-47.9758307309425, -6.21189247029599], [-47.9750750110125, -6.21296146226797], [-47.9740677125983, -6.21285993743148], [-47.9733487301797, -6.21252355516265], [-47.9729384287276, -6.21236907535159], [-47.9726070963165, -6.21267559395169], [-47.9725286305021, -6.21313686525307], [-47.9718881119687, -6.21432810424538], [-47.9714657233971, -6.21546539459932], [-47.9712635970559, -6.21641306136138], [-47.9703665892749, -6.21696115030712], [-47.969839698499, -6.21713022265864], [-47.9691140889236, -6.21705261445983], [-47.9680109815475, -6.21679884717347], [-47.9672404372676, -6.21660778507314], [-47.967102368842, -6.21661539382713], [-47.9666633794702, -6.21677286203996], [-47.966513734377, -6.2174611922219], [-47.9660225195997, -6.21853971758391], [-47.9653085004247, -6.21825159213986], [-47.9652651726932, -6.21776342753155], [-47.9648256898516, -6.21742466411434], [-47.9644852440328, -6.21804387139521], [-47.9639504082375, -6.21797719914573], [-47.9637616914573, -6.21718385090436], [-47.9643552732039, -6.2163100812189], [-47.9643223886587, -6.21620446786968], [-47.9639443894542, -6.21599027253131], [-47.9635476369607, -6.21625972863553], [-47.9622923284639, -6.21690456984611], [-47.9622622697884, -6.21784743298103], [-47.9616718441508, -6.21916079927254], [-47.9609696664824, -6.2202999814994], [-47.9602647017918, -6.22129523745251], [-47.9596851049028, -6.22232472860615], [-47.9595023423918, -6.2228046327475], [-47.9594468162926, -6.22333965300899], [-47.959570081331, -6.22364579446788], [-47.9602752932357, -6.22458593566365], [-47.9602868370434, -6.2247604440638], [-47.9593296092091, -6.22511817496428], [-47.9588350435565, -6.22537865780395], [-47.9584983069548, -6.22574303469192], [-47.9577513192268, -6.22672801158762], [-47.9583010056508, -6.22711665190459], [-47.9580698813559, -6.22741912347523], [-47.957708718855, -6.22787053361093], [-47.9573660470196, -6.22796413334822], [-47.9574037516408, -6.22861152765219], [-47.9570760213229, -6.22879094327979], [-47.9568744649481, -6.22911598793071], [-47.9564870565259, -6.22896785687754], [-47.956872830384, -6.22979106912597], [-47.9570160513139, -6.23018983174951], [-47.9567894748644, -6.23029801247567], [-47.9565335012602, -6.23066682700981], [-47.956386892406, -6.23043300063985], [-47.9560935864988, -6.2299337294193], [-47.956104723934, -6.23028791568726], [-47.9561296519175, -6.23072402713434], [-47.9561142010713, -6.23088302176962], [-47.9558172408211, -6.23181557403671], [-47.9554495754638, -6.23211002694778], [-47.9553177517206, -6.23238036711984], [-47.9547616311373, -6.23312225398445], [-47.9549567460982, -6.23324136199368], [-47.9557671268756, -6.23267836615128], [-47.9567183518563, -6.23273806347509], [-47.9562700453334, -6.23339701353371], [-47.9567064795528, -6.2337790416622], [-47.9570912610489, -6.23385100474139], [-47.9567437879759, -6.23429101785648], [-47.9564762461265, -6.23459896756727], [-47.9571025479574, -6.23457042590047], [-47.9577772043957, -6.23437530962201], [-47.9575290994027, -6.23470975090174], [-47.9572905570172, -6.23484180121942], [-47.9572571950798, -6.23499147810482], [-47.9568346301773, -6.23541289934531], [-47.9571718921874, -6.2355381583907], [-47.957309294522, -6.23581881723649], [-47.9577113190426, -6.2353119081445], [-47.9577996030093, -6.23579771038982], [-47.9583405262804, -6.23623553839182], [-47.9583168936459, -6.23649828372471], [-47.9581103318072, -6.23720506459425], [-47.9577673744368, -6.23781629306546], [-47.9577217256701, -6.23795189665281], [-47.9571564369009, -6.2383258782762], [-47.9567211671162, -6.23900829931144], [-47.9570584726261, -6.23943908047475], [-47.9568437819868, -6.24022395416111], [-47.9569085016442, -6.24033463020771], [-47.9570812392155, -6.24065560369748], [-47.9566930222737, -6.24097450767482], [-47.956590213937, -6.24105015771677], [-47.9564554343146, -6.24180026126909], [-47.956057366162, -6.24235524862934], [-47.954837343129, -6.24178602052282], [-47.9542724562491, -6.24149602101625], [-47.9542195126182, -6.24200313775528], [-47.9538599466674, -6.24205038009183], [-47.9534158411506, -6.24202694077964], [-47.952791205119, -6.24218764625371], [-47.9529607858326, -6.24271050495568], [-47.9529482455573, -6.24352066434607], [-47.9523526924145, -6.24383456753921], [-47.9522605602601, -6.24445407707848], [-47.9522867020651, -6.24463269794286], [-47.952104310815, -6.24502787064834], [-47.9520959128161, -6.24527608230514], [-47.9521403374146, -6.2453379583251], [-47.9521267940871, -6.24548102365293], [-47.9520375145825, -6.24552822073491], [-47.9519550896279, -6.24548957124498], [-47.9518285869096, -6.2453713403532], [-47.9517861210521, -6.24524007251423], [-47.9516730264944, -6.24516320648479], [-47.9515145437826, -6.24511661773059], [-47.9514095886666, -6.24512549948617], [-47.9512475787371, -6.24520426888435], [-47.9511990962427, -6.24532857607543], [-47.9511962136345, -6.24547165764921], [-47.9513443496369, -6.24572475163384], [-47.9517745466527, -6.24605449402441], [-47.9521760680694, -6.24627047887778], [-47.9523865869819, -6.24656015505334], [-47.9521431650608, -6.24705240421119], [-47.9517018023977, -6.24762399371668], [-47.9513964574275, -6.24806652467894], [-47.9514232396954, -6.24851038001073], [-47.9514904610618, -6.24889187770667], [-47.9519826726377, -6.24908488915676], [-47.9531331832214, -6.24944600034231], [-47.9538133376114, -6.2502508991523], [-47.9536381396225, -6.25043791450032], [-47.953092775289, -6.25057377247449], [-47.9528025090029, -6.25106179576944], [-47.9530157098053, -6.25183671931492], [-47.9533973930898, -6.2520080680645], [-47.9534182699595, -6.25213829198313], [-47.9530676942196, -6.25237312828598], [-47.9528837477174, -6.25308357665633], [-47.9526779739637, -6.25353283146696], [-47.9524584333693, -6.25368610128521], [-47.9523347013347, -6.25413092488711], [-47.9523463707491, -6.25422043274143], [-47.952415971224, -6.25427809424241], [-47.9525814871304, -6.25424088318775], [-47.95282643477, -6.25421049498587], [-47.9530141465979, -6.25418295550422], [-47.9530965543323, -6.25422478638603], [-47.9530831757526, -6.25433922389091], [-47.9529518105071, -6.25450324460818], [-47.9527783739345, -6.25464267052167], [-47.9518121639282, -6.25479296761494], [-47.9509225577078, -6.25504218943135], [-47.9510325336115, -6.25612571422432], [-47.9509024595397, -6.2563106295811], [-47.9503315868987, -6.25628994724734], [-47.9496382838059, -6.2567840158346], [-47.9487496007798, -6.25753162828768], [-47.9486102894626, -6.25826675950214], [-47.9491424930617, -6.25846670568351], [-47.9498051949598, -6.25853476539221], [-47.949817367931, -6.25908048861154], [-47.95026811086, -6.25972132049755], [-47.9503933404394, -6.26007079015998], [-47.949995679875, -6.26052974399119], [-47.9499534255704, -6.26117564828546], [-47.9504025863428, -6.26146931287797], [-47.9501583747754, -6.2621595464699], [-47.9498856112286, -6.26247333584557], [-47.9496459692439, -6.26238137328558], [-47.949620871071, -6.26261169333746], [-47.9497510407928, -6.26300955748072], [-47.9495531585819, -6.26319288845538], [-47.9505763740219, -6.26415939817919], [-47.9518850342764, -6.26523987549963], [-47.9543275715576, -6.26719402006344], [-47.9560546709878, -6.26862278892618], [-47.9558598963841, -6.26896749385848], [-47.9534286068999, -6.27256184993862], [-47.9504530044155, -6.27699725732346], [-47.949872625904, -6.27781301018486], [-47.9459013514703, -6.27752909828897], [-47.9459800637907, -6.27762651630276], [-47.9460625043678, -6.27787889039498], [-47.9460372015229, -6.27810664571527], [-47.9459033158197, -6.27845371602064], [-47.9457930541843, -6.27886089861603], [-47.9458387639025, -6.27924500212966], [-47.9461349428484, -6.27984647642643], [-47.9466226359231, -6.28049704877801], [-47.9467701172444, -6.28070901136311], [-47.947133814646, -6.28123172272076], [-47.9474414230136, -6.28192922351777], [-47.9478579654447, -6.2824474368309], [-47.948323086751, -6.28285797952916], [-47.948491836151, -6.28294991746115], [-47.9485464001614, -6.28310283226401], [-47.9485121539462, -6.28332688522877], [-47.9484733946865, -6.28380645580416], [-47.9485639761409, -6.28471859874938], [-47.9488105311514, -6.28560766280654], [-47.9492630384036, -6.28612608702759], [-47.9494380313988, -6.28625691208817], [-47.9497643349473, -6.28650085693008], [-47.9504822426273, -6.28673295190208], [-47.9509375496801, -6.28677159436047], [-47.9512977276941, -6.2866777368311], [-47.9516716405276, -6.286284085245], [-47.9521286251171, -6.28603485724959], [-47.9524873352831, -6.28619288424333], [-47.9526430823721, -6.286691948864], [-47.9527105413926, -6.28701140847956], [-47.9530123076483, -6.28756806645237], [-47.9532047009718, -6.28786051006982], [-47.9534372267893, -6.28802875694287], [-47.9535912660873, -6.28814021385663], [-47.9538801397041, -6.28853032741333], [-47.9539343012967, -6.28875260258407], [-47.9539880151847, -6.28899814920333], [-47.9540558416256, -6.2893082097113], [-47.9544444399912, -6.28976055999929], [-47.9586011099913, -6.28780110999931], [-47.9815066699913, -6.29167693999932], [-47.9932408299914, -6.29310860999937], [-47.9942183299913, -6.29509193999938], [-47.9978661099913, -6.30018416999941], [-48.0142752176076, -6.32983933516544], [-48.0360582116913, -6.32753433772361], [-48.0357722537521, -6.32621875327833], [-48.0400283163838, -6.32688935106599], [-48.0423493363844, -6.32856246415591], [-48.0460237947345, -6.32954410765796], [-48.045174856473, -6.3253117455073], [-48.0408884972623, -6.30508302164269], [-48.0446742187545, -6.29932833394429], [-48.0475009747832, -6.29466196324687], [-48.0479676256382, -6.29389724193677], [-48.0514397202758, -6.28808661296642], [-48.0540695459965, -6.2835909255276], [-48.0519290966844, -6.28271851805652], [-48.0503174090811, -6.28241058215231], [-48.0481578165279, -6.27204308513157], [-48.0485962515124, -6.27214653098592], [-48.04891284457, -6.27112778192534], [-48.0496662959, -6.27062961970765], [-48.050240203227, -6.27004434616708], [-48.0506450427104, -6.26946778650847], [-48.0514055007771, -6.26934477121389], [-48.0518669442132, -6.26923488868715], [-48.0529139233455, -6.26931377793709], [-48.0532117185415, -6.26930885784031], [-48.0535924515402, -6.26940685529082], [-48.0542547105524, -6.26974431421362], [-48.0545702136604, -6.2698821479607], [-48.0557109629632, -6.26967914049125], [-48.0567006455547, -6.26941456938936], [-48.0579897351915, -6.26930860726712], [-48.0574596711981, -6.26800203734594], [-48.0471338958857, -6.24526231892222], [-48.0441931785103, -6.23875058119557], [-48.0528511952213, -6.23946044946947], [-48.0544614884904, -6.23965078585081], [-48.0561540145384, -6.23932706116867], [-48.05765832437, -6.23937133918135], [-48.0486203848119, -6.19744874048415], [-48.0353419825553, -6.19670327023967], [-48.008244127727, -6.19431629370976], [-48.0081338326872, -6.19413724664629], [-48.0078652581257, -6.19378818692714], [-48.0072597146645, -6.19351726789118], [-48.0068338971961, -6.19343915800536], [-48.0062276743581, -6.19255237690889], [-48.0053435804851, -6.19429476725694]]]}}, {"type": "Feature", "properties": {"regiao": "", "fazenda": "ÁGUA AMARELA", "cluster_id": 4, "area_ha": 3470.06}, "geometry": {"type": "Polygon", "coordinates": [[[-48.0831955236116, -5.74007715594506], [-48.0663544404978, -5.74936032057172], [-48.0592020566791, -5.75328355228824], [-48.0586564002526, -5.75363028423412], [-48.0581396686921, -5.75407761442038], [-48.0557684668763, -5.75654222089496], [-48.0560206594792, -5.7569228922172], [-48.0520948911236, -5.76034956178529], [-48.065144397704, -5.77644767280519], [-48.0620268708286, -5.77989283753206], [-48.0611689961925, -5.77877611123697], [-48.0578656981912, -5.78120535039568], [-48.0707645839298, -5.80202862768171], [-48.0769748170402, -5.8119745359223], [-48.0946496832387, -5.8243952558085], [-48.1003009137075, -5.81857967155222], [-48.1119113627499, -5.80961508301565], [-48.0983419798494, -5.75929217601184], [-48.087644354468, -5.74741007687004], [-48.0871505726904, -5.74669963402389], [-48.0831955236116, -5.74007715594506]]]}}, {"type": "Feature", "properties": {"regiao": "", "fazenda": "ESTIVA", "cluster_id": 4, "area_ha": 2367.93}, "geometry": {"type": "Polygon", "coordinates": [[[-48.1180151536952, -5.74848211233196], [-48.1145884021837, -5.75789055872601], [-48.1138785803036, -5.75794054121752], [-48.1121116096932, -5.75808229178442], [-48.1116064027561, -5.75812743564278], [-48.1079409682819, -5.7586561815865], [-48.1034093401328, -5.75938757818477], [-48.0983419428026, -5.75929203432392], [-48.1119112767368, -5.80961481007333], [-48.1192816733135, -5.80387061871905], [-48.1223635421497, -5.80510786690868], [-48.1356094187398, -5.80181621880839], [-48.1376310531334, -5.80147923122546], [-48.1378771873318, -5.80133121460063], [-48.1385776900523, -5.80090675916979], [-48.1407236487044, -5.80033574081099], [-48.1416520422787, -5.79840543632907], [-48.1421918159684, -5.79689782368812], [-48.1425610898647, -5.79594357343189], [-48.1425677622332, -5.79520930869894], [-48.1426504192782, -5.78517503490241], [-48.1427637755558, -5.77930772110316], [-48.1402723289089, -5.77852591077155], [-48.1406622908543, -5.7758535211611], [-48.1421736423191, -5.76560561313828], [-48.143243333803, -5.75812622615512], [-48.148635709675, -5.75816173447986], [-48.1504253328801, -5.75817213465621], [-48.1526864671976, -5.75818660277026], [-48.1549414683015, -5.75820175413086], [-48.1557165327273, -5.75820643753481], [-48.1572882483014, -5.75792063144787], [-48.1593955675937, -5.75753945642952], [-48.1585316818785, -5.75741832062474], [-48.157815018651, -5.75731571786902], [-48.1569136373976, -5.75718851987354], [-48.156366958894, -5.75711676127757], [-48.1560032779363, -5.75703480208359], [-48.1558042965968, -5.75697589193108], [-48.1556359668671, -5.75690285879504], [-48.155449151477, -5.75681021687687], [-48.1553345759133, -5.75673943982128], [-48.1551133112885, -5.75677149511471], [-48.1553057835627, -5.75715944231399], [-48.1520476978067, -5.75702615867338], [-48.1488298255569, -5.75670006315459], [-48.1469923002255, -5.75656473271445], [-48.1445041864621, -5.75628545715353], [-48.1443236886463, -5.75626521710618], [-48.1425802184182, -5.75606619422697], [-48.1407771607293, -5.7557515773342], [-48.1401623826151, -5.75564431588291], [-48.1390666744504, -5.75539838797022], [-48.1388342300765, -5.75528554514142], [-48.137402141824, -5.75390327748868], [-48.1362745384672, -5.75348885943539], [-48.133664546145, -5.75226511259697], [-48.133210574009, -5.75187838143399], [-48.1331659312688, -5.75193038066171], [-48.1322813738683, -5.75131470033271], [-48.1322314285072, -5.75127279681791], [-48.1294614781184, -5.74989644429472], [-48.1279268827052, -5.74967946552418], [-48.125031949711, -5.74935940534026], [-48.1248631611317, -5.74934382745896], [-48.1226202724126, -5.74921687048549], [-48.1213395438492, -5.74901525110579], [-48.1190023478999, -5.74861160138784], [-48.1180151536952, -5.74848211233196]]]}}, {"type": "Feature", "properties": {"regiao": "", "fazenda": "SÃO MARTINHO", "cluster_id": 0, "area_ha": 4033.28}, "geometry": {"type": "Polygon", "coordinates": [[[-48.0443377152572, -5.88913210920491], [-48.0438112660815, -5.88931967296457], [-48.0435110925729, -5.889627059738], [-48.0431986406661, -5.88983364647167], [-48.0428678144056, -5.89006841331534], [-48.042692691977, -5.89032406301437], [-48.0423889300554, -5.89062736403084], [-48.0419032745459, -5.89064186027972], [-48.0415532819112, -5.89049210714155], [-48.0412310638612, -5.89066864584425], [-48.040869936547, -5.89100280972221], [-48.0403712074389, -5.89123704352382], [-48.0399070525035, -5.89138256133025], [-48.039483243428, -5.8913718162886], [-48.0388688872467, -5.89149665880607], [-48.0382974863046, -5.8915517119687], [-48.0377689771635, -5.89156597625019], [-48.0372967343697, -5.89151838239109], [-48.0368791477024, -5.89169540403144], [-48.0365702105429, -5.89185132075071], [-48.0363664214942, -5.89216987451893], [-48.0360375722559, -5.89245659365277], [-48.035732307116, -5.89294038848963], [-48.0354854918623, -5.89337579856512], [-48.0351198133987, -5.89369972296378], [-48.0347511822441, -5.89386607090969], [-48.0344279196552, -5.89406888819488], [-48.0338383190421, -5.89445856323263], [-48.0333918968126, -5.89466234947295], [-48.0329557320572, -5.89476952173956], [-48.0326263670336, -5.89511875250781], [-48.0322657441276, -5.89530591977116], [-48.0317347193803, -5.89547067605262], [-48.0311786158328, -5.89568570978562], [-48.0306430742489, -5.89583454006554], [-48.0301979854659, -5.89607573205315], [-48.0300928556339, -5.8965202949715], [-48.0304453974655, -5.89700407044625], [-48.0303144878098, -5.89769829648965], [-48.0298735738943, -5.8977650558218], [-48.0293938674911, -5.89784814052415], [-48.0287381633297, -5.89767208250882], [-48.0283561708712, -5.89741599592463], [-48.0276482096455, -5.89698958681496], [-48.026901909593, -5.89679940157308], [-48.0263299710736, -5.89668431940596], [-48.0258940642281, -5.8967091831215], [-48.024651268881, -5.89684121627176], [-48.0244185068341, -5.89658529369074], [-48.0241634553199, -5.89631335149528], [-48.0237546233971, -5.89608313858852], [-48.0232996898954, -5.89603869574284], [-48.0230658611139, -5.89567851125414], [-48.0230353084146, -5.89516501751852], [-48.0229832758146, -5.89475430987446], [-48.0228049498514, -5.89435729139435], [-48.0223854793403, -5.89402457238248], [-48.0219088229278, -5.89402744325135], [-48.021377460716, -5.89403625467802], [-48.0209197331826, -5.89399179585402], [-48.0205238250846, -5.89391026553132], [-48.0200223233788, -5.89376763995662], [-48.0195620327777, -5.89357816599417], [-48.0190166986977, -5.8933821834918], [-48.0185966929441, -5.89330251066647], [-48.0181873246767, -5.89308936781081], [-48.0178577770685, -5.89328635705699], [-48.0175073052499, -5.89351575730658], [-48.0174770432507, -5.8939618886104], [-48.0175678725832, -5.89437153778305], [-48.0176769473006, -5.89479420378243], [-48.0178297487131, -5.89523950914849], [-48.0176158983051, -5.8957844855433], [-48.0175147259769, -5.89634786308834], [-48.0173919451347, -5.89670026461948], [-48.0168746414396, -5.89689760073429], [-48.0164434817818, -5.89671017680936], [-48.0162027529816, -5.89711831906264], [-48.0161537186075, -5.89748078197493], [-48.0160992583358, -5.89784556465546], [-48.0161602614822, -5.89823102269051], [-48.0162931160936, -5.89864369793993], [-48.0164869002999, -5.89905082779769], [-48.0167710020778, -5.89962566655802], [-48.0169555306683, -5.90009336691577], [-48.0171401599136, -5.90049168466556], [-48.0174596147174, -5.90079947946347], [-48.0178747652623, -5.90092746324163], [-48.0183114129557, -5.9011353348142], [-48.0187200657298, -5.90123003715503], [-48.0191231248179, -5.90137539164881], [-48.0196231448645, -5.90150925010201], [-48.0199240668404, -5.90182444356304], [-48.0200710278561, -5.90234985300938], [-48.019810273354, -5.90267242508325], [-48.0192748048166, -5.90287409048542], [-48.0187013804549, -5.90290182225216], [-48.0181718906741, -5.90293033113367], [-48.017721404828, -5.90293098605991], [-48.0171847999348, -5.9028898015223], [-48.0166991927326, -5.90297943542573], [-48.0161868645475, -5.90313930232764], [-48.0156985906878, -5.90337310768782], [-48.0152372875089, -5.9036416584629], [-48.0147062776847, -5.90393720800131], [-48.0142247717978, -5.90420429379499], [-48.0137743807296, -5.9045577328557], [-48.0133611564034, -5.90479419688222], [-48.0130475809339, -5.90497211215023], [-48.0125863421269, -5.90514417409346], [-48.0119750700907, -5.90523077794905], [-48.0114587303564, -5.90538131192288], [-48.0109427391986, -5.90550049839239], [-48.010467146105, -5.90557328506153], [-48.0099502652484, -5.90560609851781], [-48.009448588611, -5.90568064101371], [-48.0089474771493, -5.90571715201504], [-48.0084982887414, -5.9058628946021], [-48.0081791981821, -5.90607637108479], [-48.0081103211981, -5.90652003114], [-48.0083790972158, -5.906754651393], [-48.0087705352795, -5.90709771024225], [-48.0087694537861, -5.90755104087404], [-48.0084336122109, -5.90804412577573], [-48.0080334392487, -5.90835283693133], [-48.0075528681682, -5.90862967534372], [-48.0071544270898, -5.90893496174296], [-48.0067467964479, -5.90893565558135], [-48.0063776154889, -5.90910143029821], [-48.0060815045793, -5.90943689924355], [-48.0057787638062, -5.90979717609314], [-48.0054472510356, -5.91020599161029], [-48.0050032308, -5.91024569573489], [-48.0045503027552, -5.91011325045128], [-48.0042238705967, -5.90986286883295], [-48.0037684353659, -5.90955939288907], [-48.0032260935971, -5.90904224160584], [-48.0028281743707, -5.9093006390876], [-48.0027986410804, -5.90965823228977], [-48.0029211518121, -5.91007934330473], [-48.0030362327047, -5.91042253982408], [-48.0030314881112, -5.91098534228859], [-48.003172995322, -5.91151451424015], [-48.003148758524, -5.91194395765617], [-48.0029113207883, -5.91237405656734], [-48.0027517345072, -5.91283962819282], [-48.0023711727046, -5.91325838346759], [-48.001912673635, -5.91370761386474], [-48.0017288807553, -5.914060668971], [-48.0015437300609, -5.9145651288369], [-48.001389329993, -5.91507237459082], [-48.0011598539666, -5.91549772630815], [-48.000803791435, -5.91605736330958], [-48.000511494203, -5.9164872530228], [-48.0003345834299, -5.91683519449944], [-47.9999746480307, -5.91717582178847], [-48.0004304489993, -5.91731126993986], [-48.0008825014925, -5.91718832116203], [-48.0013559373927, -5.91698165069048], [-48.0018117268593, -5.91710264309329], [-48.0022405498144, -5.91737237224245], [-48.0025404038283, -5.91781675701632], [-48.0028156693697, -5.91813615692005], [-48.0030987692351, -5.91850862969344], [-48.0033449296213, -5.91878776065554], [-48.003573552302, -5.91902307149674], [-48.0038537360384, -5.91918349678082], [-48.0041377819878, -5.91934719517533], [-48.0045169210259, -5.91941112811175], [-48.0049310734175, -5.91960787165521], [-48.0051152697991, -5.91986679252033], [-48.0050485562714, -5.92029230296074], [-48.0049919586126, -5.92066556014754], [-48.0050085910022, -5.9210615274562], [-48.0048479602788, -5.92126808389147], [-48.0047460984352, -5.92165266000199], [-48.0045501827089, -5.92201107052923], [-48.0044061572826, -5.92223352617211], [-48.0041850102323, -5.92245213173741], [-48.0038228184565, -5.92269174671328], [-48.0035674483988, -5.92288198015872], [-48.0033515917438, -5.92310657625108], [-48.0030030851103, -5.92326784785118], [-48.0026812771047, -5.92359775053522], [-48.0022070837482, -5.9239434509837], [-48.001859953571, -5.92440113920313], [-48.0015037119914, -5.92470808808043], [-48.0013098584425, -5.92510164981704], [-48.0010960095682, -5.92555554145337], [-48.0008776655581, -5.92615666491923], [-48.0006186940236, -5.92661220872343], [-48.0004234858979, -5.92698895865555], [-48.0004991256498, -5.92741731539499], [-48.000682113593, -5.92773251406597], [-48.0008979255228, -5.92808447887647], [-48.0012526868376, -5.92843611245401], [-48.0015501210594, -5.92866050575617], [-48.0017665828388, -5.92892574641228], [-48.0022020342153, -5.92912206835418], [-48.0027026662933, -5.92942841772296], [-48.0032142547404, -5.92969426288531], [-48.0035937304187, -5.92998098409113], [-48.0038818408391, -5.930294945398], [-48.0037875916124, -5.93077252280769], [-48.0035897244067, -5.93110679922001], [-48.0032766347335, -5.93160866728975], [-48.0030892201876, -5.93191192234727], [-48.0028725914615, -5.93221158596952], [-48.0025694650996, -5.93267267261918], [-48.0027629296573, -5.93275258915023], [-48.0031427287166, -5.93286278595139], [-48.0033422958278, -5.93314916587919], [-48.0033683504739, -5.93340343785621], [-48.0035877053677, -5.9336512588748], [-48.0037817737863, -5.93381989400483], [-48.0037970059148, -5.93417348318566], [-48.0040359578245, -5.93443478101406], [-48.0041987875709, -5.93469069762932], [-48.0044913341075, -5.93485191628198], [-48.0047546474711, -5.93496301755497], [-48.0047852613499, -5.93524188745268], [-48.0050193261813, -5.93535581153754], [-48.0052791940175, -5.93543671993376], [-48.0055519273392, -5.93555789999991], [-48.0055413078434, -5.93597034282143], [-48.0053093306917, -5.93600431946789], [-48.005226728825, -5.93621283234871], [-48.005136407405, -5.93653079749639], [-48.0053821456313, -5.93687226541707], [-48.0055833756761, -5.93718521527809], [-48.0057604296171, -5.93739712246789], [-48.0056571617367, -5.93773986158119], [-48.0058442100517, -5.93807251957404], [-48.0059828832045, -5.93834086320107], [-48.006119892643, -5.93873341777851], [-48.0062426374464, -5.93877699516996], [-48.0062761540994, -5.93898622764896], [-48.006086492188, -5.93937077865545], [-48.006225133278, -5.93949484644107], [-48.006249941667, -5.93966256487029], [-48.0062529467524, -5.93997462165776], [-48.0064284284075, -5.940210461243], [-48.006421967576, -5.94045425872608], [-48.0066362497492, -5.94053943781013], [-48.0066690257151, -5.94071876322964], [-48.0068745755564, -5.94090047038144], [-48.0071838218905, -5.94101091763082], [-48.007407695745, -5.94125804117994], [-48.0075111759411, -5.94121008825457], [-48.0076344150875, -5.94132928449843], [-48.0076655735735, -5.94134047501902], [-48.0076858288834, -5.94161612752507], [-48.0079539959175, -5.9419985522269], [-48.0081074221864, -5.9419748104408], [-48.0082855037356, -5.94209710439893], [-48.0085436561658, -5.94221233370258], [-48.0086732098459, -5.94206469396021], [-48.0088891516803, -5.94222703369196], [-48.0092037768921, -5.94251123719354], [-48.0091872298425, -5.94290187676748], [-48.0092921915774, -5.94298059111902], [-48.0093648148678, -5.94329989180593], [-48.0092167044311, -5.94335835391303], [-48.0095751607601, -5.94361298215647], [-48.0098089821861, -5.94405674396405], [-48.0100506418158, -5.94438581387079], [-48.0100723579906, -5.94452478726251], [-48.0103451919385, -5.94482882062614], [-48.010620211115, -5.94499563615423], [-48.0105503862282, -5.94482631824395], [-48.0107252938701, -5.94478480465652], [-48.0110974418688, -5.94491040790315], [-48.0116273636318, -5.94502620479525], [-48.0117137110112, -5.94494301537763], [-48.0120163568542, -5.945140334995], [-48.0123386110272, -5.94514858399798], [-48.0126016507879, -5.9452782937322], [-48.0128791869879, -5.94548053638266], [-48.0131860456036, -5.94559964205014], [-48.0136200934563, -5.94572512740256], [-48.0140134015853, -5.94614346282165], [-48.0145069877078, -5.94618796172579], [-48.014517507837, -5.9464622982651], [-48.0146953857285, -5.94689048997683], [-48.0150081658931, -5.9470662719701], [-48.0151602097765, -5.94723224050349], [-48.0153831615814, -5.94723335616389], [-48.0157146172075, -5.94735946024405], [-48.0157288818396, -5.94762550580044], [-48.0160105655753, -5.9478957080399], [-48.0161733787118, -5.9479220651948], [-48.0161825883406, -5.94820524859936], [-48.0163038839878, -5.94815016324192], [-48.016396876192, -5.94790574741536], [-48.0165175924302, -5.94797478955509], [-48.0166194384793, -5.94814644917808], [-48.0169775182513, -5.94838869681432], [-48.0173321033973, -5.94881052667627], [-48.0174152518161, -5.94900268337646], [-48.0175939774963, -5.94934107960264], [-48.0178150909252, -5.94959966143506], [-48.0176853222337, -5.94965307505893], [-48.0177948046303, -5.94984772312366], [-48.0179257260564, -5.94983153691702], [-48.0179588663275, -5.95007771927967], [-48.018260339427, -5.94980759831291], [-48.0183593978647, -5.94972664467877], [-48.0184736570391, -5.94965462677064], [-48.0185971104751, -5.94970145924607], [-48.0185142089028, -5.94981484298533], [-48.0185602889634, -5.95003751593376], [-48.0187798730092, -5.95019499590776], [-48.0188479560491, -5.95048708074829], [-48.0189892969507, -5.95063031534588], [-48.0191568973715, -5.9503045417296], [-48.0192852025419, -5.95057283060025], [-48.019532255633, -5.95082360240742], [-48.0196407108314, -5.95115872809435], [-48.0195236204804, -5.9512202510931], [-48.0196393711551, -5.95130679276273], [-48.0196102097634, -5.95142706214308], [-48.0197466785173, -5.95153684357109], [-48.0199438670496, -5.95158073185189], [-48.0200634225983, -5.95179838156938], [-48.0203661731668, -5.95197772221594], [-48.0204613645085, -5.95227943987706], [-48.0204796675726, -5.9525163275383], [-48.0207593055769, -5.95239695994549], [-48.0210254610868, -5.9525190059943], [-48.0213421326899, -5.95271052763166], [-48.0214481634759, -5.9528762474855], [-48.0216368738697, -5.95276894582181], [-48.021649638877, -5.95296198742423], [-48.0218617105635, -5.95299023606749], [-48.0219637325574, -5.95316316170776], [-48.0223127608637, -5.95319413765169], [-48.0223530944752, -5.95332806323992], [-48.0225895852116, -5.95358031372359], [-48.0225346184742, -5.95383442288035], [-48.0226924173274, -5.95405507998836], [-48.0227638154629, -5.95436859479009], [-48.0229919152162, -5.9546040866024], [-48.0229055711615, -5.95487058401752], [-48.0227724879341, -5.95525409417851], [-48.0225517465996, -5.95552835750791], [-48.0227351040139, -5.95554389347585], [-48.0228891123428, -5.95553036103072], [-48.0231212016537, -5.9557288339272], [-48.0232786280612, -5.95596846128141], [-48.0232383227832, -5.95616410740497], [-48.023318358179, -5.95638181502034], [-48.0235114636545, -5.9565977846238], [-48.0236332164768, -5.95677641839816], [-48.0239033864278, -5.95709173011672], [-48.0238172037125, -5.95736166159469], [-48.0240160754077, -5.95751234431944], [-48.0242492554104, -5.95765932761163], [-48.026518812904, -5.9573681202993], [-48.0438905965291, -5.9522202649845], [-48.0581449733402, -5.94792728918128], [-48.0702957564056, -5.94578323291915], [-48.0765852028092, -5.94490624146751], [-48.0786970712611, -5.94288460104856], [-48.0727769933024, -5.94176023100725], [-48.0756974304631, -5.93087926764929], [-48.0736124231096, -5.93262730422347], [-48.0461192004813, -5.8905411834796], [-48.0456568617734, -5.89005330743328], [-48.0451325993017, -5.88948614140271], [-48.0448165659384, -5.88924414740946], [-48.0443377152572, -5.88913210920491]]]}}, {"type": "Feature", "properties": {"regiao": "", "fazenda": "TANGARÁ", "cluster_id": 0, "area_ha": 1381.8}, "geometry": {"type": "Polygon", "coordinates": [[[-48.0170775, -5.95793028], [-47.98942694, -5.96313806000001], [-47.99646222, -5.99992611], [-48.00670167, -5.99865917], [-48.0227875, -5.99568667], [-48.02726083, -5.99537194], [-48.0170775, -5.95793028]]]}}, {"type": "Feature", "properties": {"regiao": "", "fazenda": "RONCA", "cluster_id": 0, "area_ha": 1880.74}, "geometry": {"type": "Polygon", "coordinates": [[[-48.0527061752105, -5.99026305232569], [-48.0328531588353, -6.02031111197728], [-48.0287492529188, -6.02782611097981], [-48.0349290171741, -6.02926979388101], [-48.0425451201561, -6.03512019221906], [-48.0457409065131, -6.03445916213915], [-48.0495113910804, -6.03131194977658], [-48.054941247724, -6.02917469561376], [-48.0589717005585, -6.03105941465632], [-48.0737935742804, -6.02975681968633], [-48.0750984061209, -6.02530673902794], [-48.0751859603845, -6.0250345415466], [-48.0830977201842, -5.99807915058775], [-48.0762001850371, -5.99722668385352], [-48.0748930449245, -5.99657841478084], [-48.0735341719667, -5.99552935901199], [-48.0724599524366, -5.99422207690659], [-48.0720590314423, -5.99291487165538], [-48.0712420274144, -5.9917222610011], [-48.0703469341226, -5.99092495224758], [-48.0691937651696, -5.99058206203484], [-48.0679192142886, -5.99039319391626], [-48.0543594169146, -5.99074237241702], [-48.0527061752105, -5.99026305232569]]]}}, {"type": "Feature", "properties": {"regiao": "", "fazenda": "SÃO SALVADOR II", "cluster_id": 0, "area_ha": 703.29}, "geometry": {"type": "Polygon", "coordinates": [[[-48.0928042961977, -5.96543364616901], [-48.0860275757747, -5.988269862752], [-48.0830977201842, -5.99807915058775], [-48.089704041744, -5.99895953520822], [-48.0952147681785, -5.99931010093837], [-48.0967238552103, -5.99985297672484], [-48.1015803882598, -5.99773745260934], [-48.103853283341, -5.99555263966831], [-48.1069329314463, -5.99248050034097], [-48.1086105255866, -5.98863404155026], [-48.108307679501, -5.98376078170185], [-48.1080551906641, -5.97909026283543], [-48.1076303273756, -5.97338848872704], [-48.1072469920392, -5.97352398294396], [-48.1072958582253, -5.974185329464], [-48.1067239084078, -5.97397903064091], [-48.1064411272621, -5.97369745724742], [-48.1063288982857, -5.97358844652799], [-48.1062174070504, -5.97333903628594], [-48.1060147876666, -5.97334429356464], [-48.1058255069911, -5.97309519640901], [-48.1055974209435, -5.97308685733692], [-48.1055370815019, -5.97301209138652], [-48.1052191228324, -5.97327703804115], [-48.1050286258923, -5.97307057939135], [-48.1048326887678, -5.97314372401162], [-48.104400048438, -5.97325130922289], [-48.104217764517, -5.97316487789396], [-48.1040392921812, -5.97297140244885], [-48.1034028327583, -5.97303797812049], [-48.1033438884736, -5.97281811819885], [-48.10314523545, -5.97265272530564], [-48.1032327014902, -5.97228808427677], [-48.1030303482405, -5.97219142786241], [-48.1026479356251, -5.97182575543295], [-48.1024146922897, -5.97171728099803], [-48.1022384701899, -5.97159374776542], [-48.1021205532082, -5.97169142613722], [-48.1017253707374, -5.97166061116538], [-48.1016608770046, -5.97143222934457], [-48.1013778714279, -5.97148575957753], [-48.1013733896066, -5.97134280333733], [-48.101511954835, -5.97126547229111], [-48.1012962893253, -5.9712122033689], [-48.1013457303317, -5.97109419687564], [-48.1011046444142, -5.97113864213411], [-48.1010279283837, -5.97102078344655], [-48.1008836295943, -5.97085007538187], [-48.1007293375188, -5.97100077726892], [-48.1003676844307, -5.97109780190928], [-48.1002703304754, -5.97094053240824], [-48.1004766823743, -5.97077438455689], [-48.1002789272547, -5.97062733700861], [-48.1003845136955, -5.97054061664072], [-48.1000622805809, -5.97050340952164], [-48.0998613068495, -5.97053930205109], [-48.0999392213375, -5.97072086325764], [-48.0997802252786, -5.9708222996478], [-48.0995757163022, -5.97055261247185], [-48.0991383214007, -5.97046691213114], [-48.0987881337373, -5.97023747460185], [-48.098588779041, -5.9699659172606], [-48.0986731439414, -5.96981349184129], [-48.0983153867878, -5.96959928334416], [-48.0981374197102, -5.96955045901005], [-48.0979542514041, -5.96942688852033], [-48.0976761799979, -5.96934916608216], [-48.0975096595445, -5.96920020498526], [-48.0974605125395, -5.96903957604901], [-48.0976337427032, -5.96894255217558], [-48.0974112545547, -5.96860871267294], [-48.097266362116, -5.96843113482775], [-48.0969895046768, -5.96822584599056], [-48.097007222496, -5.96787728284665], [-48.0967296545641, -5.96775556308337], [-48.0965445875324, -5.96753006893111], [-48.0963405900879, -5.96760922175074], [-48.096089857354, -5.9675153805922], [-48.096122270921, -5.96734072661464], [-48.0957621789397, -5.96739899756168], [-48.0955261651896, -5.96713203520525], [-48.0956045582667, -5.96696548448714], [-48.095471970621, -5.96693614374041], [-48.095554964192, -5.96664999542618], [-48.0953263319574, -5.9666092153091], [-48.0952093165139, -5.96645030620447], [-48.0951504389628, -5.96652670143114], [-48.0949187176871, -5.96650704649106], [-48.0948165911719, -5.96657092579987], [-48.0944968594124, -5.96641943870524], [-48.0943229839685, -5.96624523131152], [-48.0940234950622, -5.96631086869607], [-48.0937333831457, -5.96613830585805], [-48.0934242284671, -5.9658463820608], [-48.0930728070021, -5.96557826765385], [-48.0928042961977, -5.96543364616901]]]}}, {"type": "Feature", "properties": {"regiao": "", "fazenda": "SANTA MARIA", "cluster_id": 0, "area_ha": 532.93}, "geometry": {"type": "Polygon", "coordinates": [[[-48.0830977201842, -5.99807915058775], [-48.0751859603845, -6.0250345415466], [-48.0753691863964, -6.02509750334313], [-48.0755180248232, -6.02516109362073], [-48.0758602385446, -6.02548212713272], [-48.0759391254535, -6.02569920309118], [-48.0760883261025, -6.02579631406888], [-48.076150151705, -6.02596369787208], [-48.0763515126695, -6.02602766035593], [-48.0765798676471, -6.02608978003042], [-48.0767214758211, -6.02612170983762], [-48.0768180249362, -6.02624266086342], [-48.0771629678932, -6.02640822124747], [-48.0775308058689, -6.02657905415825], [-48.0777823595826, -6.02665719910796], [-48.0778994001224, -6.02660867812758], [-48.0779713289047, -6.02674332015762], [-48.0780468704275, -6.02687743949353], [-48.0781784113263, -6.02693560612178], [-48.0783730188367, -6.02708120591566], [-48.0785330182974, -6.0271168479814], [-48.0786865370398, -6.02701440444933], [-48.0789997457865, -6.0270560179912], [-48.0788856306918, -6.0272829910071], [-48.0788921203046, -6.02745314996303], [-48.0790680853864, -6.02747351852072], [-48.0793391493476, -6.02751499629455], [-48.0795469164363, -6.02771442322331], [-48.0798369797975, -6.02778084827315], [-48.0799289623031, -6.02767599637663], [-48.0802367566406, -6.02748150237425], [-48.0804774990101, -6.02787697932767], [-48.0806323674939, -6.02780905516843], [-48.0808912373385, -6.02771765602399], [-48.0810842955145, -6.0280181930945], [-48.0812762049029, -6.02787547879709], [-48.0814705734003, -6.02759355191287], [-48.0819473588752, -6.02747477014649], [-48.0820260948913, -6.02753491183941], [-48.0822207611357, -6.02758546542111], [-48.0821130475552, -6.02740862000609], [-48.0820900115096, -6.02724406385448], [-48.0821613197146, -6.02700547637351], [-48.0823932338127, -6.02675672683342], [-48.0827260572221, -6.02687722655951], [-48.0827206673038, -6.02646729017142], [-48.0830696149318, -6.026525897462], [-48.0830091700485, -6.02631921953897], [-48.0833449777924, -6.02620212022288], [-48.0836064243158, -6.02628709184446], [-48.0839667591361, -6.02617382765718], [-48.0843179158136, -6.02597097933125], [-48.0845969247811, -6.02601204510179], [-48.0844009753822, -6.02567788381028], [-48.0845709179715, -6.02555863074593], [-48.0850138957509, -6.02568649458951], [-48.085321068482, -6.02547283920572], [-48.0854493310513, -6.02524937227594], [-48.0856005091803, -6.02543304528668], [-48.0855137222759, -6.02559611071371], [-48.085631161569, -6.02577716385723], [-48.0860667378804, -6.02573630778853], [-48.0862751734474, -6.02574347606749], [-48.0861881986366, -6.02551903819555], [-48.086310679791, -6.02546566523477], [-48.0864075402563, -6.02530897779316], [-48.0867093650973, -6.02521798526788], [-48.086807825394, -6.02559020358247], [-48.0868679826191, -6.02583419393277], [-48.0869006659097, -6.02545960507977], [-48.0871738151613, -6.02548265889447], [-48.087237775928, -6.02557199373703], [-48.0874636092851, -6.02543072232368], [-48.0876348277992, -6.02561359878308], [-48.0874211082141, -6.02585251094359], [-48.0878916064652, -6.02574489214917], [-48.0878145039159, -6.02546295525276], [-48.0878252926677, -6.02518302414447], [-48.0880752119324, -6.02506058314004], [-48.0884185165102, -6.02522992351093], [-48.0887156092102, -6.0251463129477], [-48.0892230783647, -6.02521371395418], [-48.08946739512, -6.0251772537531], [-48.0892549448778, -6.02480578130668], [-48.089602445011, -6.02469605770363], [-48.0898072794962, -6.02488787707481], [-48.08972271411, -6.02509152205352], [-48.0897266792245, -6.02531271577019], [-48.089922917119, -6.02552581149091], [-48.089598343486, -6.02561785896352], [-48.0898907870687, -6.02569540424594], [-48.0899237926961, -6.02597105245191], [-48.090177360203, -6.02604468571169], [-48.0903635049542, -6.02622122684216], [-48.0904227053186, -6.02591697892789], [-48.0906915908958, -6.02592744995802], [-48.0907781983842, -6.0262042880939], [-48.0907864018631, -6.02595198899869], [-48.0908359286272, -6.02571861269754], [-48.0910320581367, -6.0255287540292], [-48.0913890656292, -6.02551493974177], [-48.0916837667438, -6.02554153970285], [-48.0918835306052, -6.02561813746915], [-48.0921382449221, -6.02547656598262], [-48.0922666774991, -6.02554275417226], [-48.0922996629025, -6.0253988244479], [-48.0926795878651, -6.02535224472927], [-48.0930308625832, -6.02543209010406], [-48.0931020080744, -6.02515537083265], [-48.0933696469491, -6.02524750881344], [-48.0933904556838, -6.02554296923605], [-48.0935240789635, -6.0258547522789], [-48.0937878158739, -6.02578144118532], [-48.0939168415205, -6.02582106979288], [-48.093983345766, -6.02589063161229], [-48.094118149048, -6.02574345010482], [-48.0938595049737, -6.02565687156941], [-48.0935995231048, -6.02529607792469], [-48.093824230183, -6.02511197178671], [-48.0942267038924, -6.02528840114104], [-48.0943483153171, -6.02505929325631], [-48.0949474423452, -6.02501514571213], [-48.0951349408919, -6.02493763249647], [-48.0956366679228, -6.02477876396532], [-48.0958013942937, -6.02465586431942], [-48.0962985039406, -6.02475428366406], [-48.0961852201792, -6.02433400985223], [-48.0964328445832, -6.0240320286421], [-48.0965757452937, -6.02378749312525], [-48.0966883380455, -6.02367578947855], [-48.0966939056248, -6.02346033722912], [-48.0970048991981, -6.0234780761656], [-48.0970290678005, -6.02307398421777], [-48.0973451358291, -6.02298595137212], [-48.0976698510048, -6.02313883448297], [-48.0978890200533, -6.02292659757139], [-48.0977324999331, -6.02260927186953], [-48.0980022784323, -6.02219691039331], [-48.0984367696704, -6.02210562209496], [-48.0984325027789, -6.02188948468813], [-48.0985533389051, -6.02158492912949], [-48.098876519408, -6.02172090785921], [-48.0990040154144, -6.02179368492115], [-48.0990571868105, -6.02150195993273], [-48.0991506250866, -6.01784079235707], [-48.0991483625778, -6.01353772738974], [-48.0976508002198, -6.01401358463183], [-48.0932827209553, -6.00995790084912], [-48.0909982098391, -6.00754933617338], [-48.0906068755033, -6.00527824335448], [-48.0904392596931, -6.00358458411965], [-48.089704041744, -5.99895953520822], [-48.0830977201842, -5.99807915058775]]]}}, {"type": "Feature", "properties": {"regiao": "", "fazenda": "SÃO FRANCISCO", "cluster_id": 0, "area_ha": 1005.68}, "geometry": {"type": "Polygon", "coordinates": [[[-48.0077744009017, -6.05594510067145], [-48.0030263563372, -6.06220083614712], [-48.0023549923982, -6.0708379806422], [-48.0010104944019, -6.07115792110381], [-48.0009799199382, -6.07154558558193], [-48.0008746585338, -6.07213800016999], [-48.0007549210203, -6.07276945195314], [-48.0005597627506, -6.07293947490779], [-48.0004620413213, -6.07329460510417], [-48.0004621318977, -6.07376708897606], [-48.0006555909894, -6.07377358311253], [-48.0007484141733, -6.07384664207848], [-48.0004802541066, -6.07419396038617], [-48.0008492300169, -6.07420386789912], [-48.0011419685964, -6.07430730679771], [-48.0016274496777, -6.07440007071416], [-48.001865595968, -6.07451829339434], [-48.0017389293764, -6.07480370084573], [-48.0019642701116, -6.0746756730067], [-48.0022866769169, -6.07517478959448], [-48.0025038791636, -6.07565281516674], [-48.0024433961301, -6.07609569325617], [-48.0024591557414, -6.07624854757302], [-48.0022435761559, -6.07652054293191], [-48.0022324321166, -6.07708240288449], [-48.0018528118415, -6.07757617820272], [-48.0021501780357, -6.07767548752139], [-48.0022667335101, -6.07797742209531], [-48.0018327195087, -6.07853124300415], [-48.0017887970796, -6.07916112820996], [-48.0016379082672, -6.07964786113851], [-48.0016270571308, -6.08005876239757], [-48.0017898080394, -6.07990698979466], [-48.0019507765508, -6.08025596788297], [-48.0017914723548, -6.08073027729926], [-48.0019681064333, -6.08136292319203], [-48.0017032167089, -6.08194957226462], [-48.0015511361337, -6.08235788205939], [-48.0013560558276, -6.08275709934662], [-48.0008498380897, -6.0828057806807], [-48.0003641486602, -6.08292838416133], [-48.0003880900496, -6.08334688622064], [-48.0003137196083, -6.08372165877751], [-47.9998941442804, -6.08377000732412], [-47.9993740473965, -6.08378256356091], [-47.9993643341315, -6.08402037706575], [-47.9990749565037, -6.08423757320186], [-47.9987634452729, -6.08444244993117], [-47.9985072080002, -6.08485135239169], [-47.9982902729927, -6.08494364810471], [-47.9984161879343, -6.08534735898221], [-47.9978836621372, -6.08566384048413], [-47.9975828741896, -6.08606644108813], [-47.9975509530626, -6.0863700792432], [-47.9975945788867, -6.08660755683906], [-47.9976356306629, -6.08708089975415], [-47.9978445358355, -6.08728072204379], [-47.9978444653721, -6.08748832467657], [-47.9977436754683, -6.08779311521988], [-47.9979029935739, -6.08783754647739], [-47.9978941917204, -6.088300855151], [-47.997622562949, -6.08862041359987], [-47.9973474680735, -6.08896271830351], [-48.0023587674463, -6.09082299419773], [-48.0075215371969, -6.09389321206308], [-48.0107986082635, -6.0933949224415], [-48.0114444474557, -6.09209360805967], [-48.0271918310566, -6.09523648043961], [-48.026972410835, -6.06541544530524], [-48.0266009300389, -6.06517047179559], [-48.0259975727468, -6.06511096325503], [-48.0251386580645, -6.06502945127522], [-48.0241990255287, -6.06493791790414], [-48.0233718361536, -6.06486452797134], [-48.0222111577984, -6.06479418072324], [-48.0217211513856, -6.06460429447556], [-48.0208325536594, -6.06425908345894], [-48.019920560023, -6.06390163681705], [-48.0189414556345, -6.06352177608636], [-48.0180566391773, -6.06319564527655], [-48.0170181580317, -6.06283162654881], [-48.0161706693684, -6.06251256540716], [-48.015301962402, -6.06216276044308], [-48.0144320824422, -6.06181321917928], [-48.0135969991753, -6.06130712543278], [-48.0129229320152, -6.06089741075307], [-48.0123648277598, -6.06039067570971], [-48.0116431091493, -6.05973559994277], [-48.0114120758705, -6.05939102607709], [-48.011077766773, -6.05888841656394], [-48.0107219779121, -6.05835325590241], [-48.0102988498231, -6.05777164946769], [-48.0097004416616, -6.05702980339987], [-48.0093790984133, -6.05681166165959], [-48.0084650881585, -6.056268180677], [-48.0077744009017, -6.05594510067145]]]}}, {"type": "Feature", "properties": {"regiao": "", "fazenda": "BREJO GRANDE", "cluster_id": 0, "area_ha": 4624.12}, "geometry": {"type": "Polygon", "coordinates": [[[-48.0689534234053, -5.8787202866871], [-48.0686925116456, -5.87911400363999], [-48.0686618036168, -5.87955076015516], [-48.0680606864722, -5.87949167760027], [-48.0675963400659, -5.87948571431733], [-48.066974507462, -5.87960929341448], [-48.0666954900403, -5.87992828692096], [-48.0662669816135, -5.88005631427377], [-48.0658710552207, -5.87992404294243], [-48.0657060201183, -5.87991016522703], [-48.0648073113662, -5.88040875986116], [-48.0651727561067, -5.88089954790259], [-48.0654114454863, -5.88104490635176], [-48.0657683070167, -5.8813317367961], [-48.0662016348217, -5.88174726169762], [-48.0666482727791, -5.88220550024448], [-48.0670356813847, -5.88274085454957], [-48.0674022567351, -5.88336075437616], [-48.0677054265349, -5.883735752014], [-48.0681833045113, -5.88419017970494], [-48.0687022344926, -5.88464473283254], [-48.0689626968247, -5.88519812192969], [-48.0684590026462, -5.88531355711225], [-48.0678924990495, -5.88512193379917], [-48.0674407422062, -5.88486505080006], [-48.0669828767497, -5.88458600053906], [-48.0667029741551, -5.88460865071909], [-48.0661526087471, -5.88478075675092], [-48.065670027336, -5.88494788835663], [-48.0650580908783, -5.88502417253008], [-48.0643635105474, -5.88480820133614], [-48.0637562323297, -5.8850627623045], [-48.0632310439773, -5.88528550105565], [-48.0627139184619, -5.88507263098927], [-48.0622512287948, -5.88469941152631], [-48.0616799353496, -5.88430438830692], [-48.0612049135579, -5.88397754165549], [-48.0608525173692, -5.88333946570882], [-48.0602489046008, -5.88330909006275], [-48.0596296395733, -5.88345869126896], [-48.0590246329681, -5.88352190553668], [-48.0583931244923, -5.88359780843581], [-48.0577994628231, -5.88364834227188], [-48.0575178059378, -5.88347330147509], [-48.0573424475498, -5.88300375137137], [-48.0572210040123, -5.88233572455869], [-48.0572488341101, -5.88176190309233], [-48.0573115787714, -5.88111969310989], [-48.0570079839316, -5.88062164040829], [-48.0563100978075, -5.88047051431068], [-48.0557088865438, -5.88084209697808], [-48.0553602607938, -5.88111770931187], [-48.054984853888, -5.88137330379435], [-48.0545917203663, -5.88148280542512], [-48.0542384127686, -5.88172216320074], [-48.0537907828467, -5.88184917440381], [-48.0532919493496, -5.88201946129727], [-48.0527564337065, -5.88219958214702], [-48.0522123887111, -5.88242311347656], [-48.0517199540323, -5.88257753145912], [-48.0514650009421, -5.8825404972678], [-48.051015323417, -5.88271357098747], [-48.050452831209, -5.88289363662988], [-48.050135083536, -5.88326716083344], [-48.0497429939626, -5.88370877318205], [-48.0494917592768, -5.88416395930016], [-48.0492356793124, -5.8845285030417], [-48.0489776289459, -5.88507824404536], [-48.0487397304707, -5.88555337575978], [-48.0484710174126, -5.88607180010731], [-48.0482460581435, -5.88664213328323], [-48.0481478186037, -5.8871180037146], [-48.0480369461844, -5.8874062503363], [-48.0479870043911, -5.88787659431551], [-48.0478656852043, -5.88845145094435], [-48.0476289187178, -5.88901901013609], [-48.0475885444759, -5.88942010972513], [-48.0477318319855, -5.89003214495405], [-48.0480489009884, -5.89045420173563], [-48.0479705770385, -5.89078047512454], [-48.0476405306856, -5.89117488968727], [-48.0471276607473, -5.89131916247068], [-48.0467744606842, -5.89105872189433], [-48.0461192004813, -5.8905411834796], [-48.0736124231096, -5.93262730422347], [-48.0756974304631, -5.93087926764929], [-48.0727769933024, -5.94176023100725], [-48.0786970712611, -5.94288460104856], [-48.0765852028092, -5.94490624146751], [-48.0702957564056, -5.94578323291915], [-48.0581449733402, -5.94792728918128], [-48.0438905965291, -5.9522202649845], [-48.0454100592211, -5.96277202063137], [-48.0456555433588, -5.96749684071141], [-48.0471386336154, -5.97305777132017], [-48.0468217952728, -5.97597177162607], [-48.0527061752105, -5.99026305232569], [-48.0543594169146, -5.99074237241702], [-48.0679192142886, -5.99039319391626], [-48.0691937651696, -5.99058206203484], [-48.0703469341226, -5.99092495224758], [-48.0712420274144, -5.9917222610011], [-48.0720590314423, -5.99291487165538], [-48.0724599524366, -5.99422207690659], [-48.0735341719667, -5.99552935901199], [-48.0748930449245, -5.99657841478084], [-48.0762001850371, -5.99722668385352], [-48.0830977201842, -5.99807915058775], [-48.0860275757747, -5.988269862752], [-48.0928042961977, -5.96543364616901], [-48.0928649518931, -5.96525959379657], [-48.0959524658221, -5.95493709376526], [-48.0965170558449, -5.95303587375978], [-48.096552884847, -5.95291472379393], [-48.0998023427803, -5.94188003771172], [-48.1000068712773, -5.94118045307751], [-48.10212337155, -5.93394670979881], [-48.1026624335972, -5.93206412083861], [-48.1036041909362, -5.92881836480762], [-48.1051011326197, -5.92361708360045], [-48.0986277124528, -5.92125518998978], [-48.089147576366, -5.92148284754368], [-48.0846093182941, -5.91994918401842], [-48.0839306865243, -5.91958910092616], [-48.0809112813846, -5.91624136252166], [-48.080842344611, -5.9161556210198], [-48.0810773842658, -5.916019890652], [-48.0813800941549, -5.91585018400806], [-48.081567993247, -5.91551580132565], [-48.0817063068146, -5.91522515704391], [-48.0818899919539, -5.91500594546054], [-48.0822490600772, -5.91467083627097], [-48.0824873024358, -5.91437159187098], [-48.0826200113392, -5.91403113577946], [-48.0827125218021, -5.91364782399142], [-48.0830202478977, -5.9134675712209], [-48.0831961026487, -5.91326159865516], [-48.0833314776741, -5.91299759048354], [-48.0834768359961, -5.91251589591035], [-48.0836623067207, -5.91254099346071], [-48.0835816017129, -5.9123419843703], [-48.0835530023471, -5.9119281303965], [-48.0837278463635, -5.911794340108], [-48.0835451901407, -5.91174874848108], [-48.0836076639069, -5.91143213577096], [-48.0835532400617, -5.9113490006768], [-48.0835387804389, -5.91111230317829], [-48.0833211859135, -5.91110492595098], [-48.0832819783976, -5.91097633540739], [-48.0833974854434, -5.91083599933778], [-48.0832131101313, -5.91061918923645], [-48.0832730062482, -5.91034674322784], [-48.0830912278381, -5.91025426569245], [-48.083341454189, -5.91009530284944], [-48.0832241034179, -5.90995040058456], [-48.083350676412, -5.90985059847357], [-48.0832976425091, -5.90962273320281], [-48.0830848098658, -5.9095676774301], [-48.0830406768372, -5.90929423320982], [-48.0830783807671, -5.90919315114376], [-48.0828443147292, -5.90919544515862], [-48.0827550733001, -5.90900696218119], [-48.0829293226882, -5.90874532623377], [-48.0826974776855, -5.90873706123033], [-48.0824889019493, -5.90857568822456], [-48.082375906237, -5.90837461248553], [-48.0823720323325, -5.90818404828768], [-48.0822637093509, -5.90808996910373], [-48.0821963942098, -5.90771196105451], [-48.0820418703384, -5.90739475083212], [-48.081903135738, -5.9070260349271], [-48.081699258475, -5.9067946670919], [-48.0816959496113, -5.9066856901306], [-48.0819126078828, -5.90663027041785], [-48.0821132085248, -5.9066948386766], [-48.081978233762, -5.9064006796372], [-48.0818708106127, -5.90615211034841], [-48.0815900701414, -5.90614250442284], [-48.0815245744182, -5.90593390847628], [-48.0813362811512, -5.90610358653418], [-48.0810713809196, -5.90613607533001], [-48.0811018879691, -5.90580700798774], [-48.0812105909642, -5.90582844939843], [-48.0810036828049, -5.90565904436293], [-48.0808790332998, -5.90552973417159], [-48.0807727775975, -5.90531676816746], [-48.0809579772511, -5.90520363175791], [-48.0809407824714, -5.90497234127283], [-48.0808599011467, -5.90473827686409], [-48.0808526009028, -5.90446114166649], [-48.0805859492472, -5.90429422374425], [-48.080725725364, -5.90408507994405], [-48.0808167274198, -5.90379951665009], [-48.0808679744529, -5.90345547014364], [-48.0809094843626, -5.90302382539225], [-48.0812804183066, -5.90272952244557], [-48.0813402109399, -5.90245924444264], [-48.0815814658425, -5.9023930211025], [-48.0815281002602, -5.90224574490923], [-48.0816835694864, -5.90207209919488], [-48.0816896648531, -5.90166610763348], [-48.0818655120021, -5.90156394358569], [-48.0816255640735, -5.90124267188759], [-48.0813917089926, -5.90125707464239], [-48.0813000614967, -5.90089059427521], [-48.0811145323242, -5.90060168176023], [-48.0809750796038, -5.9005080721709], [-48.0808250748599, -5.9003446586348], [-48.0805812882505, -5.90018807098218], [-48.0806366081188, -5.90001371899927], [-48.080495450686, -5.89979767913951], [-48.0808336708021, -5.89973675302306], [-48.0807503600891, -5.89960476928164], [-48.0806109910048, -5.89970206517667], [-48.0804288939599, -5.89960217845843], [-48.0802077627915, -5.89928895632121], [-48.0802727785793, -5.89919280613947], [-48.0802009683458, -5.89910461112391], [-48.0800069644151, -5.89912482446282], [-48.0801243246309, -5.89888836789985], [-48.0800368425276, -5.89869149257802], [-48.0800898536385, -5.89844105568541], [-48.0802744797512, -5.89840245237362], [-48.0800025757439, -5.89822240764913], [-48.0801805028781, -5.89794669652031], [-48.0801235347499, -5.8977982271355], [-48.0800178566195, -5.89750946303245], [-48.0799938699673, -5.89728274487218], [-48.0797773044366, -5.89706269563446], [-48.0797265218418, -5.89723219259038], [-48.079607112583, -5.8970673136319], [-48.0792948630843, -5.89711419145668], [-48.079225002387, -5.89677429795282], [-48.079403916356, -5.89672364845552], [-48.0790609340381, -5.89657440071546], [-48.0790950799362, -5.89641159264464], [-48.0788296742413, -5.89631759312119], [-48.0788850313179, -5.8961532701668], [-48.0790105598542, -5.89601090860062], [-48.0789682685249, -5.89574759406956], [-48.078717994393, -5.8956414771322], [-48.0786137513683, -5.89538895025797], [-48.0786460208778, -5.89489509843158], [-48.0785591546367, -5.89439104450259], [-48.0787427722088, -5.89421727563256], [-48.0787378460236, -5.89407242241053], [-48.0787186298029, -5.89396860241086], [-48.0786006384466, -5.89367082968894], [-48.0788065001983, -5.89328079461781], [-48.0785417287826, -5.893307232503], [-48.078564647803, -5.89311726121211], [-48.0783444976092, -5.89301356145844], [-48.0785105326418, -5.89287195433916], [-48.0783202638585, -5.89279958135206], [-48.0782494976259, -5.89254650760211], [-48.078121935653, -5.89226729644134], [-48.0778622355945, -5.89213511037453], [-48.0779191520161, -5.8917760964398], [-48.0777508053563, -5.89165261138797], [-48.0774370747192, -5.89162115043261], [-48.0774815621254, -5.89146481147016], [-48.0772934376893, -5.89148279727782], [-48.0773288853227, -5.89112285776013], [-48.0773667371804, -5.89064827971855], [-48.0772243580273, -5.89066614426315], [-48.0771724320676, -5.89045084453526], [-48.0771855951865, -5.89010786379718], [-48.0770981646802, -5.8895564654914], [-48.0769384506147, -5.88973180531758], [-48.0768601208576, -5.88956208298959], [-48.0769892743114, -5.8893990508063], [-48.0771838313133, -5.88904816762335], [-48.0770372128417, -5.88899689417848], [-48.0771785525612, -5.88872921292427], [-48.0770218427647, -5.88872703566734], [-48.0768961143919, -5.88840790091618], [-48.0772084203418, -5.88824564855714], [-48.0770926317785, -5.88797535367741], [-48.0772049518806, -5.88771854247491], [-48.0775042654429, -5.88741817040689], [-48.0771240347077, -5.88735347520746], [-48.0770050372313, -5.88742070216131], [-48.0768884769251, -5.88714272377398], [-48.0770276190601, -5.88701904487855], [-48.0768946037026, -5.8867820883817], [-48.0770158987045, -5.88663780694702], [-48.0771232081936, -5.88652814559647], [-48.0769422001708, -5.88630710971297], [-48.076778649137, -5.88606050667269], [-48.0769734830495, -5.88596684405438], [-48.076739201093, -5.88573649413203], [-48.0765363562946, -5.8855332326263], [-48.0766437034683, -5.8851920107076], [-48.076868289521, -5.88479186430088], [-48.076943294267, -5.88468293693719], [-48.0768624816822, -5.88447037716519], [-48.0771394392668, -5.88449369311857], [-48.0771285770008, -5.8842933355485], [-48.0774702779755, -5.88423757509665], [-48.0776053932053, -5.88445258782324], [-48.0775757355711, -5.88415410449084], [-48.0776728548621, -5.88404330516356], [-48.077530057243, -5.8839171542989], [-48.077418598279, -5.88375060158322], [-48.0775118025831, -5.88347390349186], [-48.0777365845048, -5.88360572407213], [-48.0777480245829, -5.88338479366031], [-48.0780396728686, -5.88311753742178], [-48.0782396182423, -5.88309870841259], [-48.0783213205706, -5.88288203089568], [-48.0779434845279, -5.88273938022296], [-48.0776340238492, -5.88278952811469], [-48.0777376124204, -5.882459308094], [-48.0779806750098, -5.88211418846263], [-48.0775071677275, -5.88196082735862], [-48.077474685307, -5.88165031305813], [-48.0770045077091, -5.88172319961276], [-48.076640725657, -5.88186106108842], [-48.0761860025134, -5.88198073747225], [-48.0754825583929, -5.88218159671327], [-48.0750650332775, -5.88239985531727], [-48.0746124788336, -5.8826223567501], [-48.0741607664859, -5.88247687721689], [-48.0738691949403, -5.88193606440539], [-48.0736778745041, -5.8814791681606], [-48.0734773259647, -5.88109612770038], [-48.0732079025427, -5.88070242642183], [-48.073070195513, -5.8801382080144], [-48.0729468929681, -5.87964896314914], [-48.0727792606647, -5.87923447408129], [-48.0722508815993, -5.87939568266677], [-48.0718301527674, -5.8795887155838], [-48.071372216831, -5.8797022279722], [-48.0707454528732, -5.87964725982131], [-48.070425430205, -5.87954402978928], [-48.0701667439311, -5.87952993280569], [-48.0697447514492, -5.87930952911354], [-48.0694248877706, -5.87890038457741], [-48.0689534234053, -5.8787202866871]]]}}, {"type": "Feature", "properties": {"regiao": "", "fazenda": "NOVO CERRADO", "cluster_id": 0, "area_ha": 525.07}, "geometry": {"type": "Polygon", "coordinates": [[[-48.0992329150681, -5.90024998092369], [-48.0972174440055, -5.90174648861864], [-48.0894081440241, -5.90753585314675], [-48.0834658889937, -5.91005918485585], [-48.0833551367488, -5.91011868451819], [-48.0831458301393, -5.910251661419], [-48.0833039414225, -5.91033208866775], [-48.0832424731232, -5.91061184461795], [-48.0834327664956, -5.9108357329521], [-48.0833120833861, -5.91098236620054], [-48.0833414456903, -5.91107847007601], [-48.0835642719479, -5.91108614582005], [-48.0835798136416, -5.91134019583318], [-48.0836362961419, -5.91142650392378], [-48.08357669518, -5.91172867605215], [-48.0837889079869, -5.91178165079706], [-48.083581087362, -5.91194083634314], [-48.0836082518442, -5.91233580004408], [-48.0837049922499, -5.91257410445082], [-48.0834960785595, -5.91254581188266], [-48.0833566887116, -5.91300775161552], [-48.0832186705785, -5.91327680539416], [-48.0830379127665, -5.91348862481503], [-48.0827361601291, -5.91366538542602], [-48.0826459546268, -5.9140393131549], [-48.0825110508987, -5.9143853592914], [-48.0822689943473, -5.91468928173835], [-48.0819096541083, -5.91502466055315], [-48.0817293282345, -5.91523991450809], [-48.0815920190221, -5.91552830538652], [-48.0813999305903, -5.91587007456386], [-48.0810896183449, -5.91604416825367], [-48.080842344611, -5.9161556210198], [-48.0809112813846, -5.91624136252166], [-48.0839306865243, -5.91958910092616], [-48.0846093182941, -5.91994918401842], [-48.089147576366, -5.92148284754368], [-48.0986277124528, -5.92125518998978], [-48.1051011326197, -5.92361708360045], [-48.1066907962796, -5.91811856515306], [-48.1069449612953, -5.91737667325641], [-48.1080854477415, -5.91408909445037], [-48.108493233952, -5.91382315120268], [-48.108887365911, -5.91005417487263], [-48.1096014785519, -5.90653821408568], [-48.1101735093836, -5.90610949683774], [-48.1105000831323, -5.90506006131245], [-48.110019829017, -5.90503443425697], [-48.1063198445518, -5.90354021833185], [-48.1043474433943, -5.90237211506232], [-48.0992329150681, -5.90024998092369]]]}}, {"type": "Feature", "properties": {"regiao": "", "fazenda": "BOA ESPERANÇA", "cluster_id": 0, "area_ha": 1397.06}, "geometry": {"type": "Polygon", "coordinates": [[[-48.1050790799449, -6.0187815136173], [-48.1047894036308, -6.01886237486748], [-48.104479920885, -6.0189000339606], [-48.1039559046533, -6.01916134360833], [-48.1035438368962, -6.01963647222817], [-48.1030312448274, -6.02019409737687], [-48.1029112785024, -6.02074359848961], [-48.1024678142137, -6.02104617152344], [-48.1022258110249, -6.02127590896767], [-48.1012618208339, -6.02140233284298], [-48.1006446213359, -6.02141666876441], [-48.1003373174881, -6.02174083408447], [-48.1000465637168, -6.02202442990144], [-48.0995784471242, -6.02204037052393], [-48.0992524930831, -6.02181456982559], [-48.0986033936833, -6.02212580167561], [-48.0983717799493, -6.02243817087162], [-48.097974156279, -6.02252053043323], [-48.098044502303, -6.02303923821189], [-48.0976703883081, -6.02333386229951], [-48.0971883059287, -6.02327753697757], [-48.0971211678268, -6.02378557377207], [-48.0967870536022, -6.02380475482062], [-48.0964731836339, -6.0242090208278], [-48.0964590193546, -6.0248021772094], [-48.0957983184138, -6.02493526353142], [-48.0955115258378, -6.02501640403065], [-48.0951534800428, -6.02510628967869], [-48.0947967918066, -6.02556860050569], [-48.0943406271277, -6.02562787594062], [-48.0940502895026, -6.0259850122365], [-48.0935374104597, -6.02603440726301], [-48.0930774850968, -6.02579993743745], [-48.0928895989992, -6.02552635257974], [-48.0924176553065, -6.02561689312158], [-48.0919677792228, -6.02571559201285], [-48.0913071419062, -6.02575208945722], [-48.0909287433852, -6.02602012088873], [-48.0908207560882, -6.02648664645192], [-48.0901972160943, -6.02640362836779], [-48.0898277316424, -6.02606591933325], [-48.0895119397972, -6.02576319095204], [-48.0892612885045, -6.02534561628585], [-48.088539708095, -6.02540410093356], [-48.0880346348608, -6.02569946079322], [-48.0878087857965, -6.02602965129074], [-48.0869876705827, -6.02612012661708], [-48.0865209050287, -6.02618755985182], [-48.0860336193067, -6.02610915117281], [-48.0852793781752, -6.02598007402542], [-48.0847994121611, -6.02628875494512], [-48.0840721362373, -6.02641686070264], [-48.0854283838156, -6.03996008041949], [-48.0867393968915, -6.0507949834861], [-48.0898512034235, -6.0634833249593], [-48.0911015214757, -6.06854594747657], [-48.0966048009664, -6.06541347876995], [-48.1002589412688, -6.06125432487027], [-48.1018355477433, -6.06099722667406], [-48.1077245328984, -6.05509037065674], [-48.1070503437654, -6.05281537944645], [-48.1066648971891, -6.05152077935241], [-48.1059996099, -6.04976128350262], [-48.1134267972722, -6.04406974198377], [-48.1169699867915, -6.04219544476593], [-48.1281515247607, -6.03638651538457], [-48.1279699082713, -6.02706733511371], [-48.127696343062, -6.02435887142317], [-48.1273748382952, -6.02324892541523], [-48.1240099303281, -6.0251124716541], [-48.1218923774272, -6.02613653174655], [-48.1190455180804, -6.02744729073613], [-48.1081388122836, -6.03212039064728], [-48.1086098390759, -6.02931002728547], [-48.1086941393848, -6.02803139001792], [-48.1087320841255, -6.02580889094405], [-48.1092676026302, -6.02064723320421], [-48.1059482723103, -6.01968411338476], [-48.1050790799449, -6.0187815136173]]]}}, {"type": "Feature", "properties": {"regiao": "", "fazenda": "SANTA LÚCIA", "cluster_id": 0, "area_ha": 4150.24}, "geometry": {"type": "Polygon", "coordinates": [[[-48.0425450969772, -6.03512020735962], [-48.0349289702636, -6.02926979487035], [-48.028749187891, -6.02782610997171], [-48.0269909959726, -6.06501118767107], [-48.0269723542889, -6.06541546239558], [-48.0274559786273, -6.09511914908739], [-48.0601778229829, -6.09040740584182], [-48.0602985819374, -6.08876647714826], [-48.0564515922153, -6.08143390003472], [-48.0523132670196, -6.07356608447798], [-48.0604301868524, -6.07838824045325], [-48.066315631365, -6.08952337599036], [-48.0924687086186, -6.08575558131505], [-48.0924077773293, -6.07384839250049], [-48.0911671293334, -6.0688166230376], [-48.0911031537972, -6.06854451067751], [-48.0898531059981, -6.06348197995926], [-48.0867416555691, -6.05079454387347], [-48.0854302828993, -6.03995936781852], [-48.0840746684346, -6.02641588042955], [-48.0833167877322, -6.02710334637397], [-48.0818450024106, -6.02789874560063], [-48.0813252151956, -6.02816031776079], [-48.0805228053898, -6.0279932999819], [-48.0794764973968, -6.02785207758765], [-48.0787568101271, -6.02740542361038], [-48.0777314504895, -6.0267402047503], [-48.0766687923014, -6.02628267452478], [-48.0760742508367, -6.02604448973004], [-48.0750983816307, -6.02530680465163], [-48.0737935480753, -6.02975680818578], [-48.0703476239479, -6.04100255286696], [-48.0691484881479, -6.0446208019211], [-48.0651682242179, -6.04290512872754], [-48.0457408927034, -6.0344590839346], [-48.0425450969772, -6.03512020735962]]]}}, {"type": "Feature", "properties": {"regiao": "", "fazenda": "CABACINHA", "cluster_id": 3, "area_ha": 147.09}, "geometry": {"type": "Polygon", "coordinates": [[[-48.1292446845127, -5.86786082144506], [-48.1323148929741, -5.8681079457981], [-48.1373408079382, -5.8668398668031], [-48.1432106696678, -5.86823896034134], [-48.1506212942558, -5.87056656995873], [-48.1551373659499, -5.8720201776032], [-48.1552933694855, -5.86788575961347], [-48.1530971721969, -5.86717122605191], [-48.152367824755, -5.86615375783176], [-48.1525727611428, -5.86287731073108], [-48.1440055045072, -5.86313781128378], [-48.1399343192748, -5.86303352476225], [-48.1364972361394, -5.86372559832199], [-48.135731384377, -5.8632933836806], [-48.1334919889346, -5.86469825742285], [-48.1292446845127, -5.86786082144506]]]}}, {"type": "Feature", "properties": {"regiao": "", "fazenda": "SÃO SALVADOR I", "cluster_id": 3, "area_ha": 553.96}, "geometry": {"type": "Polygon", "coordinates": [[[-48.1573672717498, -5.85021549179237], [-48.1573658708419, -5.85019846436182], [-48.1573615386466, -5.85018193922841], [-48.1573544067956, -5.8501664185], [-48.157344691987, -5.85015237376603], [-48.1573326894005, -5.85014023176857], [-48.1573187637287, -5.85013036143593], [-48.1573033380962, -5.85012306267302], [-48.157286881203, -5.85011855724887], [-48.1572698930832, -5.85011698205832], [-48.1572528899121, -5.85011838496261], [-48.157236388322, -5.85012272333508], [-48.1572208897052, -5.85012986535643], [-48.157210501262, -5.85013707160545], [-48.1550480481649, -5.8472759952016], [-48.1550516841058, -5.8472734730188], [-48.1550638087389, -5.84726145335093], [-48.1550736649618, -5.8472475078533], [-48.1550809532981, -5.84723206025301], [-48.1550854522957, -5.84721557991769], [-48.1550870252548, -5.84719856759419], [-48.1550856243821, -5.84718154019353], [-48.1550812922427, -5.84716501508477], [-48.1550741604667, -5.84714949437501], [-48.15506444575, -5.84713544965317], [-48.1550524432693, -5.84712330766089], [-48.1550385177142, -5.84711343732633], [-48.1550230922056, -5.8471061385545], [-48.1550066354398, -5.84710163311468], [-48.154989647447, -5.84710005790219], [-48.1549726443986, -5.84710146077893], [-48.1549706554758, -5.84710198367908], [-48.1548236260102, -5.84633817667749], [-48.1548381385545, -5.84633436122777], [-48.1548536370416, -5.8463272192354], [-48.1548676616529, -5.84631749060321], [-48.1548797862574, -5.84630547093086], [-48.154889642455, -5.84629152543014], [-48.1548969307702, -5.8462760778282], [-48.1549014297511, -5.84625959749278], [-48.1549030026989, -5.84624258517071], [-48.1549016018203, -5.84622555777293], [-48.1548972696808, -5.84620903266848], [-48.1548901379104, -5.8461935119643], [-48.1548804232048, -5.84617946724905], [-48.1548684207404, -5.84616732526433], [-48.1548544952063, -5.846157454938], [-48.1548390697228, -5.84615015617478], [-48.1548226129853, -5.84614565074374], [-48.1548056250234, -5.8461440755399], [-48.1548017126343, -5.84614439834335], [-48.1547514907767, -5.84470854336791], [-48.1547645814786, -5.84470746326196], [-48.1547810828732, -5.84470312489365], [-48.1547965813052, -5.844695982881], [-48.1548106058624, -5.84468625423044], [-48.1548227304154, -5.84467423454223], [-48.1548325865658, -5.8446602890286], [-48.1548398748393, -5.84464484141713], [-48.1548443737855, -5.84462836107577], [-48.1548459467064, -5.84461134875162], [-48.1548445458098, -5.84459432135566], [-48.1548402136615, -5.84457779625685], [-48.154833081892, -5.84456227556196], [-48.1548233671967, -5.84454823085942], [-48.1548113647519, -5.84453608889037], [-48.1547974392461, -5.84452621858223], [-48.1547820137986, -5.84451891983918], [-48.1547655571038, -5.84451441442963], [-48.1547485691899, -5.84451283924803], [-48.1547315662259, -5.84451424215527], [-48.154715115771, -5.84451856713384], [-48.1544761421538, -5.84384941966305], [-48.1544761930618, -5.84384940627884], [-48.1544916914649, -5.84384226426488], [-48.1545057159952, -5.84383253561392], [-48.1545178405243, -5.8438205159262], [-48.1545276966544, -5.84380657041396], [-48.1545349849119, -5.84379112280472], [-48.1545394838469, -5.84377464246643], [-48.1545410567617, -5.843757630146], [-48.1545396558643, -5.84374060275435], [-48.1545353237206, -5.84372407766028], [-48.1545281919607, -5.84370855697045], [-48.15451847728, -5.84369451227312], [-48.1545064748543, -5.84368237030927], [-48.1544925493714, -5.84367250000617], [-48.15447712395, -5.84366520126784], [-48.1544606672837, -5.84366069586257], [-48.1544436793998, -5.84365912068462], [-48.1544266764663, -5.84366052359483], [-48.1544101751085, -5.84366486196638], [-48.1543946767115, -5.84367200398001], [-48.154380652186, -5.84368173262924], [-48.1543709590668, -5.84369134193151], [-48.150689218346, -5.84033752082469], [-48.1506916492663, -5.84033511092775], [-48.1507015053557, -5.84032116549771], [-48.1507087936026, -5.84030571796568], [-48.1507132925575, -5.84028923769728], [-48.1507148655219, -5.84027222543729], [-48.1507134647025, -5.84025519809481], [-48.1507091326627, -5.84023867303712], [-48.1507020010297, -5.84022315236979], [-48.1506922864947, -5.84020910768041], [-48.1506802842292, -5.84019696570969], [-48.1506663589161, -5.84018709538514], [-48.1506511850317, -5.84017991554882], [-48.1526173514361, -5.83490018546841], [-48.1526176038082, -5.83490030488212], [-48.1526340602112, -5.83490481021088], [-48.152651047811, -5.83490638531302], [-48.1526680504477, -5.83490498232972], [-48.1526845515043, -5.8349006438898], [-48.1527000496045, -5.83489350181452], [-48.1527140738459, -5.83488377311222], [-48.152726198109, -5.8348717533847], [-48.1527360540039, -5.83485780784542], [-48.1527433420642, -5.83484236022271], [-48.1527478408461, -5.83482587988492], [-48.1527494136563, -5.83480886757896], [-48.1527480127063, -5.83479184021534], [-48.1527436805633, -5.83477531516192], [-48.1527365488576, -5.83475979452425], [-48.1527268342829, -5.83474574988889], [-48.1527148320117, -5.83473360799497], [-48.1527009067271, -5.83472373776769], [-48.1526854815419, -5.83471643910871], [-48.1526690251424, -5.83471193378391], [-48.1526688996216, -5.83471192214555], [-48.1528740952772, -5.83357168121349], [-48.1528909575034, -5.83357324466781], [-48.152907960101, -5.83357184165728], [-48.1529244611152, -5.83356750319021], [-48.1529399591707, -5.83356036108866], [-48.1529539833665, -5.83355063236178], [-48.1529661075844, -5.83353861261212], [-48.152975963436, -5.83352466705377], [-48.1529832514563, -5.83350921941572], [-48.1529877502024, -5.83349273906672], [-48.1529893229825, -5.83347572675406], [-48.1529879220087, -5.8334586993884], [-48.152983589849, -5.83344217433773], [-48.1529764581343, -5.83342665370743], [-48.1529667435584, -5.83341260908394], [-48.152954741294, -5.83340046720598], [-48.1529408160239, -5.83339059699824], [-48.1529253908606, -5.83338329836181], [-48.1529089344896, -5.8333787930619], [-48.1528919469293, -5.83337721798957], [-48.1528749443379, -5.83337862100246], [-48.1528584433303, -5.83338295947061], [-48.1528429452809, -5.83339010157182], [-48.1528289210898, -5.83339983029699], [-48.1528167968749, -5.83341185004377], [-48.152806941024, -5.8334257955984], [-48.1527996530022, -5.83344124323239], [-48.1527951542524, -5.83345772357742], [-48.152793581467, -5.83347473588672], [-48.1527949824346, -5.83349176325002], [-48.1527993145877, -5.8335082882996], [-48.1528064462963, -5.83352380893024], [-48.1528087930295, -5.83352720166762], [-48.148942507843, -5.83595805234995], [-48.1489351407162, -5.8359474013324], [-48.1489231385531, -5.83593525938524], [-48.1489092133612, -5.83592538908215], [-48.1488937882504, -5.83591809032716], [-48.1488773319048, -5.83591358488904], [-48.1488603443421, -5.83591200966307], [-48.1488433417203, -5.83591341251155], [-48.1488268406554, -5.83591775080955], [-48.1488113425236, -5.83592489273997], [-48.1487973182274, -5.83593462129895], [-48.1487851938878, -5.8359466408892], [-48.1487753378965, -5.83596058630167], [-48.148768049723, -5.83597603381223], [-48.1487635508146, -5.83599251405629], [-48.1487619778686, -5.83600952629015], [-48.1487633786784, -5.83602655360584], [-48.1487677106814, -5.83604307863708], [-48.1487732221754, -5.83605507345963], [-48.1389522097437, -5.84116256793007], [-48.1389505908015, -5.84115904440898], [-48.1389408766541, -5.84114499965169], [-48.1389288747545, -5.84113285754383], [-48.1389149497744, -5.84112298701705], [-48.1388995248173, -5.84111568798217], [-48.1388830685627, -5.84111118221649], [-48.1388660810253, -5.84110960662521], [-48.1388490783627, -5.84111100908175], [-48.1388325771919, -5.84111534697306], [-48.1388170788922, -5.84112248849446], [-48.1388030543715, -5.84113221665445], [-48.1387909297575, -5.84114423586789], [-48.1387810734503, -5.84115818093718], [-48.1387737849287, -5.84117362814862], [-48.1387692856509, -5.8411901081467], [-48.1387677123253, -5.8412071201952], [-48.1387691127569, -5.84122414739178], [-48.1387734443946, -5.84124067237379], [-48.1387786968889, -5.84125210409154], [-48.1338074230488, -5.84379737097931], [-48.1338055448957, -5.84379328319912], [-48.1337958309069, -5.84377923839442], [-48.1337838291436, -5.84376709620424], [-48.1337699042734, -5.84375722556275], [-48.1337544793966, -5.84374992638423], [-48.13373802319, -5.84374542045035], [-48.1337210356671, -5.84374384467144], [-48.1337040329849, -5.8437452469266], [-48.133687531761, -5.8437495846089], [-48.1336720333764, -5.84375672592002], [-48.1336580087415, -5.84376645387484], [-48.1336458839875, -5.84377847289446], [-48.1336360275187, -5.84379241778718], [-48.133628738819, -5.84380786484463], [-48.1336242393518, -5.84382434471601], [-48.1336226658314, -5.84384135666895], [-48.1336240660685, -5.843858383804], [-48.1336283975181, -5.84387490876038], [-48.1336337872009, -5.84388663935784], [-48.1241529880603, -5.84878094687605], [-48.1241512477897, -5.84877715901479], [-48.1241415340987, -5.8487631141209], [-48.1241295325913, -5.84875097177586], [-48.1241156079272, -5.84874110091853], [-48.1241001832004, -5.84873380146978], [-48.1240837270834, -5.84872929521941], [-48.1240667395867, -5.84872771908748], [-48.1240497368666, -5.84872912096373], [-48.124033235542, -5.84873345825282], [-48.1240177369968, -5.84874059916827], [-48.1240037121463, -5.84875032673711], [-48.1239915871282, -5.84876234539204], [-48.1239817303549, -5.84877628995251], [-48.1239744413195, -5.84879173672026], [-48.1239699414957, -5.84880821635328], [-48.1239683676085, -5.84882522812639], [-48.12396976748, -5.84884225514569], [-48.123974098576, -5.84885878005384], [-48.1239812292986, -5.84887430074996], [-48.1239909429848, -5.84888834564556], [-48.1240029444893, -5.8489004879935], [-48.1240168691526, -5.84891035885455], [-48.1240322938809, -5.84891765830741], [-48.1240487500016, -5.84892216456173], [-48.1240657375035, -5.84892374069708], [-48.1240827402299, -5.84892233882321], [-48.1240992415612, -5.84891800153525], [-48.1241147401124, -5.84891086061945], [-48.1241287649678, -5.84890113304894], [-48.1241408899888, -5.8488891143911], [-48.1241507467629, -5.8488751698269], [-48.1241561586229, -5.8488637011236], [-48.1281937933254, -5.85056870373942], [-48.128191915871, -5.85057268244916], [-48.1281874161146, -5.85058916216882], [-48.1281858423181, -5.85060617401304], [-48.1281872423006, -5.85062320108569], [-48.1281915735248, -5.85063972602789], [-48.1281987043888, -5.85065524673767], [-48.1282084182252, -5.85066929162613], [-48.1282204198844, -5.85068143394633], [-48.1282343447019, -5.85069130475995], [-48.1282497695794, -5.85069860414708], [-48.1282662258397, -5.85070311031937], [-48.1282832134675, -5.85070468635888], [-48.128300216302, -5.85070328437829], [-48.1283167177205, -5.85069894697597], [-48.1283322163354, -5.85069180594163], [-48.1283462412289, -5.85068207825201], [-48.1283583662614, -5.85067005947812], [-48.1283682230198, -5.85065611480444], [-48.1283755120116, -5.850640667933], [-48.1283800117644, -5.85062418820937], [-48.1283814054256, -5.85060912347124], [-48.1303999055862, -5.85065970969915], [-48.1303997254291, -5.85066165717705], [-48.1304011254808, -5.85067868427707], [-48.1304054567781, -5.8506952092342], [-48.130412587717, -5.85071072994608], [-48.1304223016279, -5.85072477482366], [-48.1304343033587, -5.85073691712042], [-48.1304482282429, -5.85074678789869], [-48.1304636531802, -5.85075408723965], [-48.1304801094914, -5.85075859335634], [-48.1304970971598, -5.85076016933252], [-48.1305141000234, -5.85075876728281], [-48.1305306014584, -5.85075442980769], [-48.130546100077, -5.85074728869904], [-48.130560124961, -5.85073756093586], [-48.1305722499713, -5.85072554209143], [-48.1305821066954, -5.85071159735238], [-48.1305844812861, -5.85070656505654], [-48.1411796400921, -5.85612182926823], [-48.141174725027, -5.85613224568556], [-48.141170225477, -5.85614872567118], [-48.1411686519585, -5.85616573773356], [-48.1411700522825, -5.85618276496993], [-48.1411743839011, -5.85619929001644], [-48.1411815152005, -5.85621481076795], [-48.1411912295001, -5.85622885563429], [-48.141203231636, -5.85624099786921], [-48.1412171569296, -5.85625086853693], [-48.1412325822679, -5.85625816772203], [-48.1412490389596, -5.85626267364227], [-48.1412660269765, -5.85626424938737], [-48.1412830301459, -5.85626284707896], [-48.1412995318349, -5.85625850932538], [-48.1413150306476, -5.856251367927], [-48.1413290556603, -5.85624163987162], [-48.1413411807299, -5.85622962074138], [-48.141351037442, -5.85621567573158], [-48.1413570071391, -5.85620302424369], [-48.1428004893759, -5.85678990181998], [-48.142799170104, -5.85679269774499], [-48.1427946705806, -5.856809177764], [-48.1427930970976, -5.85682618985368], [-48.1427944974648, -5.85684321711045], [-48.142798829133, -5.85685974216982], [-48.142805960487, -5.85687526292627], [-48.1428156748443, -5.85688930778948], [-48.1428276770396, -5.8569014500133], [-48.1428416023921, -5.85691132066228], [-48.1428570277873, -5.85691861982155], [-48.1428734845321, -5.85692312570969], [-48.1428904725965, -5.85692470141738], [-48.1429074758067, -5.85692329906737], [-48.1429080075481, -5.85692315928883], [-48.1439884688911, -5.86304134182616], [-48.1439724988489, -5.8630455397572], [-48.1439569998044, -5.86305268115284], [-48.1439429745776, -5.86306240921137], [-48.1439308493176, -5.86307442835073], [-48.1439209924442, -5.8630883733756], [-48.1439137034535, -5.86310382057359], [-48.1439092038179, -5.86312030058963], [-48.1439076302566, -5.86313731268694], [-48.1439090305818, -5.8631543399617], [-48.1439133622456, -5.86317086504889], [-48.1439204936328, -5.86318638584212], [-48.1439302080602, -5.86320043074997], [-48.14394221036, -5.86321257302493], [-48.1439561358486, -5.86322244372997], [-48.143971561407, -5.86322974294859], [-48.1439880183373, -5.86323424889749], [-48.144005006604, -5.86323582466552], [-48.1440220100269, -5.86323442237364], [-48.1440385119653, -5.86323008462966], [-48.1440540110158, -5.86322294323371], [-48.1440680362475, -5.86321321517343], [-48.1440801615104, -5.86320119603119], [-48.1440900183845, -5.86318725100261], [-48.1440973073736, -5.8631718038005], [-48.1441018070056, -5.8631553237805], [-48.1441033805616, -5.86313831167981], [-48.1441030954451, -5.86313484481661], [-48.1524751694469, -5.86288027902807], [-48.1524762849984, -5.86289384102369], [-48.1524806169487, -5.86291036616623], [-48.1524877486264, -5.86292588696379], [-48.1524974633393, -5.86293993182481], [-48.152509465911, -5.86295207400321], [-48.1525233916495, -5.8629619445649], [-48.1525388174284, -5.8629692435977], [-48.1525552745432, -5.862973749324], [-48.1525722629525, -5.86297532483942], [-48.1525892664718, -5.86297392227255], [-48.1526057684577, -5.86296958423958], [-48.1526212675052, -5.8629624425494], [-48.1526352926834, -5.86295271419866], [-48.1526474178442, -5.86294069477846], [-48.1526572745705, -5.86292674949293], [-48.1526645633706, -5.86291130206269], [-48.1526690627782, -5.86289482185026], [-48.1526706360811, -5.86287780959872], [-48.1526692354757, -5.86286078221689], [-48.1526649035188, -5.8628442570733], [-48.152657771835, -5.86282873627609], [-48.1526480571174, -5.86281469141678], [-48.1526360545428, -5.86280254924127], [-48.1526221288035, -5.8627926786833], [-48.1526067030261, -5.8627853796546], [-48.1525984188184, -5.86278311155665], [-48.1544044378898, -5.85615269345718], [-48.1544126118745, -5.85615493132581], [-48.1544296001189, -5.85615650668751], [-48.1544466034459, -5.85615510396136], [-48.1544631052176, -5.85615076576841], [-48.1544786040359, -5.85614362392239], [-48.1544926289766, -5.85613389542471], [-48.1545047538989, -5.85612187587089], [-48.154514610393, -5.85610793046917], [-48.1545218989742, -5.85609248294367], [-48.1545263981828, -5.85607600265979], [-48.1545279713128, -5.85605899036282], [-48.1545265705656, -5.85604196296296], [-48.1545222385025, -5.85602543782922], [-48.1545151067514, -5.85600991706952], [-48.1545053920072, -5.85599587227423], [-48.1544933894477, -5.85598373018728], [-48.1544794637648, -5.85597385973973], [-48.1544640380832, -5.85596656083993], [-48.1544560980867, -5.85596438703387], [-48.1549373651596, -5.85422256107939], [-48.1549458824392, -5.85422489291929], [-48.1549628706371, -5.85422646823728], [-48.1549798739098, -5.85422506546584], [-48.154996375621, -5.85422072722738], [-48.1550118743745, -5.85421358533702], [-48.155025899248, -5.85420385679749], [-48.1550380241027, -5.85419183720564], [-48.155047880531, -5.85417789177081], [-48.1550551690501, -5.85416244421816], [-48.1550596682022, -5.85414596391392], [-48.1550612412831, -5.85412895160397], [-48.1550598404955, -5.85411192419893], [-48.1550555084022, -5.85409539906794], [-48.1550483766318, -5.85407987831884], [-48.1550386618798, -5.8540658335417], [-48.1550266593244, -5.85405369147988], [-48.1550127336571, -5.85404382106367], [-48.1550042830605, -5.8540398225463], [-48.1560475733286, -5.85177986375005], [-48.1560545488697, -5.85178316430536], [-48.1560710057778, -5.85178766978434], [-48.156087993925, -5.85178924503408], [-48.1561049971345, -5.85178784219117], [-48.1561214987724, -5.85178350388026], [-48.1561369974442, -5.85177636191863], [-48.1561510222306, -5.85176663331119], [-48.1561631469951, -5.85175461365684], [-48.1561730033329, -5.85174066816683], [-48.1561802917641, -5.851725220568], [-48.1561847908334, -5.85170874022797], [-48.1561863638391, -5.85169172789372], [-48.1561849629864, -5.85167470047658], [-48.1561806308399, -5.85165817534612], [-48.1561734990298, -5.85164265461012], [-48.156163784253, -5.85162860985824], [-48.1561517816881, -5.8516164678331], [-48.1561495575527, -5.85161489138813], [-48.1572083297782, -5.85029133583237], [-48.157220031667, -5.85029962998052], [-48.1572354573011, -5.85030692874753], [-48.1572519141979, -5.85031143417561], [-48.157268902323, -5.85031300936952], [-48.1572859055005, -5.8503116064676], [-48.1573024070971, -5.85030726809624], [-48.15731790572, -5.85030012607452], [-48.1573319304509, -5.85029039740925], [-48.1573440551554, -5.85027837770107], [-48.1573539114302, -5.85026443216282], [-48.1573611997975, -5.85024898452286], [-48.157365698804, -5.85023250415006], [-48.1573672717498, -5.85021549179237]]]}}, {"type": "Feature", "properties": {"regiao": "", "fazenda": "NOVA ERA", "cluster_id": 0, "area_ha": 1777.62}, "geometry": {"type": "Polygon", "coordinates": [[[-48.0527062197629, -5.99026304339371], [-48.0468218015773, -5.97597173514789], [-48.0471386692799, -5.97305773523699], [-48.0460603499496, -5.96901468640967], [-48.0456555399701, -5.96749685625257], [-48.0454100592428, -5.96277202063096], [-48.0444539293669, -5.95613223860261], [-48.043890596551, -5.9522202649841], [-48.0343160824055, -5.95505761259348], [-48.0265188244777, -5.9573681184635], [-48.0242492554333, -5.9576593276112], [-48.0242492025146, -5.9576592942543], [-48.0240966701709, -5.95766972376998], [-48.0170775004133, -5.95793027845645], [-48.0272608283642, -5.9953719386759], [-48.0227875020754, -5.99568666841841], [-48.0287492526036, -6.02782611090859], [-48.0328531452191, -6.02031114587069], [-48.0328531636794, -6.02031111517002], [-48.0527061752318, -5.99026305232525], [-48.0527062197629, -5.99026304339371]]]}}, {"type": "Feature", "properties": {"regiao": "", "fazenda": "TANGARA II", "cluster_id": 0, "area_ha": 896.01}, "geometry": {"type": "Polygon", "coordinates": [[[-47.99646222, -5.99992611], [-48.00084028, -6.02291806000001], [-48.00993389, -6.0237775], [-48.0287475, -6.02782861], [-48.0227875, -5.99568667], [-48.00670167, -5.99865917], [-47.99646222, -5.99992611]]]}}, {"type": "Feature", "properties": {"regiao": "", "fazenda": "NOSSA SENHORA APARECIDA", "cluster_id": 5, "area_ha": 7928.53}, "geometry": {"type": "Polygon", "coordinates": [[[-48.0070515994664, -6.205691384124], [-48.0147051128067, -6.20202645651297], [-48.0149802709676, -6.20189469189108], [-48.0149986150459, -6.20188590747781], [-48.0154321243084, -6.20167831294196], [-48.0156093246962, -6.20251953257146], [-48.0160008108517, -6.20295621499151], [-48.0161850158639, -6.20335717932363], [-48.016528560474, -6.20346607809954], [-48.0167324991458, -6.20376301793622], [-48.0173403042118, -6.2040103111553], [-48.0173497030469, -6.2040143906648], [-48.0173652878942, -6.20402206993066], [-48.0173714543793, -6.20402545004596], [-48.0192177706103, -6.20506877411195], [-48.0208101146364, -6.20566608071333], [-48.0209673644426, -6.20570886257138], [-48.0218543481832, -6.20623111871368], [-48.0218537968984, -6.20623090691971], [-48.0218532237506, -6.20623073023623], [-48.0218521293927, -6.20623043250429], [-48.0218554041205, -6.20623164773971], [-48.0218557051179, -6.20623183125489], [-48.0218364158473, -6.20624488117289], [-48.021540337454, -6.2064451891456], [-48.0190965831183, -6.2080984640808], [-48.0138557979264, -6.21174763438689], [-48.0441858253157, -6.2387416861605], [-48.0441931785103, -6.23875058119557], [-48.0528511952213, -6.23946044946947], [-48.0544614884904, -6.23965078585081], [-48.0561540145384, -6.23932706116867], [-48.0576583092883, -6.23937133873746], [-48.0581457020142, -6.23946147377611], [-48.0587219296436, -6.23932384588935], [-48.0592464474492, -6.2391013651209], [-48.0594186343468, -6.23864490870099], [-48.0598404154914, -6.23825959272586], [-48.0602381907606, -6.23779156638624], [-48.06060611265, -6.23733421419924], [-48.0608108048163, -6.23681189542169], [-48.0611602605225, -6.23636302203571], [-48.061542603409, -6.23605545130875], [-48.0622166763312, -6.23592089304047], [-48.0627649421945, -6.23592395121305], [-48.0631416469555, -6.23542897045452], [-48.0634756413064, -6.23503240843241], [-48.0638491602772, -6.23463913803244], [-48.0641168775016, -6.23417932507765], [-48.0643861216166, -6.23393174239756], [-48.0647324983662, -6.23364592123791], [-48.0649544914017, -6.23335561222823], [-48.065271482774, -6.23306131487753], [-48.0658876311864, -6.23277356183541], [-48.0664045781813, -6.2322875786462], [-48.0668228465744, -6.23207768449966], [-48.0673167851769, -6.23210889264986], [-48.067985490997, -6.23219220866666], [-48.0685220140925, -6.23217992521527], [-48.0691227644029, -6.23220982868868], [-48.0697349662015, -6.23245373489533], [-48.0702369444086, -6.23256575475107], [-48.0708922937415, -6.23303892769895], [-48.0715994389109, -6.23315922456267], [-48.0722432981382, -6.23319794756847], [-48.0730217662697, -6.23323714662733], [-48.0735241595426, -6.23333995097055], [-48.0735219366651, -6.23284547245173], [-48.0745059717772, -6.23256020191999], [-48.0752369357753, -6.23245575353451], [-48.0758779432435, -6.23191777332259], [-48.0765395732716, -6.23112820019869], [-48.0772490785282, -6.23134445021476], [-48.0782985527711, -6.23076807431022], [-48.0788719415793, -6.2305714051571], [-48.0795445974951, -6.23007253258151], [-48.0795762158626, -6.22902450247282], [-48.079977782158, -6.22915673604681], [-48.0804378200494, -6.22872326916143], [-48.0810243194934, -6.22811432484401], [-48.0812002768312, -6.22769012552371], [-48.0816225910945, -6.2272536469764], [-48.0824358653105, -6.22713690103552], [-48.0828472041976, -6.22669313232877], [-48.0829520113612, -6.22623727785277], [-48.0831596171697, -6.2258526432662], [-48.0836454769861, -6.22569595714265], [-48.0844037838029, -6.22573990189582], [-48.0850225045935, -6.22516401395], [-48.0856880507676, -6.22505177533419], [-48.0868413306675, -6.22491774505197], [-48.0873557740824, -6.22488209747867], [-48.0878972924101, -6.22506117440959], [-48.0883369996626, -6.22515349736444], [-48.0888468056766, -6.22535335922364], [-48.0890763485002, -6.22580392506595], [-48.0895789224167, -6.22579269438215], [-48.0899269842471, -6.22618184526967], [-48.0903677795348, -6.22629007433202], [-48.0908884040917, -6.22647680395893], [-48.0914198332436, -6.22665257038104], [-48.0917964386748, -6.22672800965788], [-48.0922407081808, -6.22707459459126], [-48.0929377484757, -6.22754002530267], [-48.0929027857938, -6.22700298471985], [-48.0928216978237, -6.22370790745384], [-48.0927178341454, -6.22064562207608], [-48.0940508108926, -6.21748110992481], [-48.0949974606125, -6.2123410776813], [-48.0948297655108, -6.21040751780907], [-48.0946696309745, -6.20961347124142], [-48.0945551370041, -6.20523773137315], [-48.0946528699347, -6.20463555510246], [-48.0951841793226, -6.20390773486647], [-48.0970448608431, -6.2019241344133], [-48.0973531228182, -6.20138725747138], [-48.0977836867151, -6.20095395720487], [-48.0987319507221, -6.20033141159103], [-48.090968764865, -6.19989545300286], [-48.0909336631463, -6.17298412871473], [-48.0986949209193, -6.1692262749795], [-48.0985520075611, -6.16892960428288], [-48.0913024945291, -6.15208530079215], [-48.0799759598118, -6.12529531401827], [-48.0799807057209, -6.12442249517174], [-48.0778087659833, -6.12364252933754], [-48.0773113609163, -6.12318717940503], [-48.0764049924587, -6.12327520510276], [-48.0751815837759, -6.12371755673175], [-48.0747670630316, -6.12388858042342], [-48.0747579902153, -6.12459314584263], [-48.0741206530039, -6.12468941039265], [-48.0739070117396, -6.12500165716128], [-48.0733893003995, -6.12481154203084], [-48.0735961929282, -6.12538989685261], [-48.0730665926303, -6.12559245344949], [-48.0720991607983, -6.12548977579649], [-48.0713251254162, -6.12529518672375], [-48.0707683310438, -6.12482387815629], [-48.0712950518101, -6.12541391846392], [-48.0706998514751, -6.12572832418628], [-48.0695471979144, -6.12575843269356], [-48.0681067561699, -6.12624005108449], [-48.0670546326479, -6.12693565171668], [-48.0663166654788, -6.12706234290099], [-48.0662616711892, -6.12776032718194], [-48.0657278953479, -6.12743839207384], [-48.0650965078701, -6.12765158385749], [-48.066081488079, -6.12848987935546], [-48.0659875625611, -6.12901102346468], [-48.0654794262011, -6.1287541868671], [-48.0655098332699, -6.12992831043243], [-48.0652924371145, -6.13107424324681], [-48.0646248721099, -6.13103571078985], [-48.0643880457314, -6.13165752884359], [-48.0638901922353, -6.1313029919852], [-48.0631628210449, -6.13089470533192], [-48.0641114092846, -6.13194999787184], [-48.0631630978131, -6.13221258235416], [-48.0626287692026, -6.13284866728762], [-48.0619316983383, -6.13218197502492], [-48.0617484762363, -6.13275602040558], [-48.0608622820702, -6.132719173461], [-48.060591870243, -6.13212258179312], [-48.0601224408455, -6.13219860510667], [-48.060126322819, -6.13149031654236], [-48.0591168660952, -6.13106846091921], [-48.0587301864923, -6.13081951316691], [-48.0590417121771, -6.13017272363211], [-48.0582707137522, -6.13041341600385], [-48.0589316087433, -6.12908246123848], [-48.0580172802699, -6.12943719608191], [-48.0578470016152, -6.12898381067064], [-48.0579070034782, -6.12823065892699], [-48.0571872516162, -6.12770243132992], [-48.0567522515028, -6.12815086539396], [-48.0562842026965, -6.12720246836331], [-48.0562917972228, -6.12779273627742], [-48.0553527283147, -6.1277875759478], [-48.0554382710378, -6.12813795337071], [-48.0546924742144, -6.12780038959522], [-48.0545394206697, -6.12889642940399], [-48.0538769438111, -6.12814653534135], [-48.0532632681576, -6.12942470568124], [-48.0532198142515, -6.12841233041854], [-48.0522456162481, -6.12786815313785], [-48.0513704565338, -6.12710715005511], [-48.0507169177943, -6.12747541295776], [-48.0499670040292, -6.12747760873018], [-48.0491967247836, -6.12791705039623], [-48.047993551225, -6.12771536819555], [-48.0475224889924, -6.12800756716228], [-48.0474219753207, -6.12796771331563], [-48.0469935125351, -6.12796535187768], [-48.0465370737798, -6.12881496587375], [-48.0454305467755, -6.12884762176125], [-48.0450075550668, -6.12870408020157], [-48.0450526800669, -6.12786909465058], [-48.0443804228536, -6.12858741892531], [-48.0433272024877, -6.12906982767358], [-48.0424690657008, -6.12959631451993], [-48.0421457216658, -6.12928961727247], [-48.0414665939987, -6.12953422276336], [-48.0412765523856, -6.12896843175723], [-48.0418599895426, -6.12875871272672], [-48.0412460608278, -6.12868702201108], [-48.0412188927696, -6.12868687195563], [-48.040642869895, -6.12825591081475], [-48.0401944954086, -6.12774000851098], [-48.0393750611438, -6.12755045654698], [-48.0389363122994, -6.12754803197467], [-48.0353419662424, -6.19670324927976], [-48.008244127727, -6.19431629370976], [-48.0081338326872, -6.19413724664629], [-48.0078652581257, -6.19378818692714], [-48.0072597146645, -6.19351726789118], [-48.0068338971961, -6.19343915800536], [-48.0062276743581, -6.19255237690889], [-48.0053435804851, -6.19429476725694], [-48.0049756189891, -6.19445810350272], [-48.0045455593542, -6.19434798679221], [-48.0042201891394, -6.1939542478295], [-47.9997363287054, -6.19330743683142], [-48.0010192389959, -6.20032199368617], [-48.0070515994664, -6.205691384124]]]}}, {"type": "Feature", "properties": {"regiao": "", "fazenda": "SANTA LÚCIA II", "cluster_id": 6, "area_ha": 143.64}, "geometry": {"type": "Polygon", "coordinates": [[[-48.0948393286132, -6.07699884804978], [-48.1024998395355, -6.07782433953024], [-48.1025205675343, -6.07468279431762], [-48.0948964738833, -6.07401468061277], [-48.0948959299155, -6.07401463294015], [-48.0929681730698, -6.07394222510737], [-48.0924077773487, -6.07384839250009], [-48.0924687086379, -6.08575558131467], [-48.0925342574565, -6.09146170604662], [-48.0924731453396, -6.09788276320876], [-48.0945114017117, -6.09585338103469], [-48.0980930482453, -6.09238362584802], [-48.1018322300351, -6.0888186115949], [-48.0997638028566, -6.08566267826709], [-48.0962955482628, -6.085148969725], [-48.0955865750787, -6.0850577049388], [-48.0946492599718, -6.08172205082033], [-48.0927502234131, -6.07922146388436], [-48.0948388172866, -6.07699939205863], [-48.0948393286132, -6.07699884804978]]]}}], "properties": {"fonte": "FAZENDAS.kml (upload do usuário), convertido e validado", "n_fazendas": 37, "n_grupos_geograficos": 7, "area_soma_individual_ha": 50387.1, "area_uniao_dissolvida_ha": 48737.3, "nota_sobreposicao": "3R e NOSSA SENHORA APARECIDA se sobrepõem em ~1649 ha (16-21% da área de qualquer uma) — provável erro no KML fonte, não corrigido, área da união já não conta essa faixa em dobro", "nota_geometria": "Bacuri: auto-interseção corrigida via buffer(0). NOVA ERA: 2 buracos degenerados (ruído de digitalização, área ~0) descartados."}}