origem,n_resid,mean_resid,autocorr_lag1,ljungbox_p_lag6,ljungbox_p_lag12,resid_mes_01,resid_mes_02,resid_mes_03,resid_mes_04,resid_mes_05,resid_mes_06,resid_mes_07,resid_mes_08,resid_mes_09,resid_mes_10,resid_mes_11,resid_mes_12,modelo
1995-12,177,-0.23887465336709282,0.02780084309661524,0.8591130671189274,0.9647760839086102,-8.215658027242455,9.318170499647952,-3.6043755728999023,1.2188679879546824,-7.2064842164104626,-0.48986921168347686,-0.7410712582138673,2.3991731766151987,-0.329575051508967,2.8629617830294594,0.8537815841295223,0.9485665234843244,SARIMAX_anom_E2_exog
1995-12,177,0.031031809084139248,0.009872781264028987,0.10492989327091863,0.4252255171014883,-0.03392459579352963,0.09282119778948575,-0.020757795477547376,0.024173942889972374,0.0351268040199065,0.06907034834859757,0.04035698955177985,0.0386358774789857,0.01785717375941663,0.09721607926740018,0.025982597512387236,-0.017840685052784543,SARIMAX_z_E4_exog
1996-01,178,-0.22306522339886678,0.0274769494747038,0.8343437058599581,0.9452190750774823,-7.864370035515805,9.104246398632984,-3.623020774255179,1.4030339343526386,-7.134730167801903,-0.4011880552612375,-0.6883937739948244,2.4680475590553312,-0.3039527848547304,2.8841472091017626,0.8910746573347912,0.9834802238314817,SARIMAX_anom_E2_exog
1996-01,178,0.030406425454700764,0.009922318019046326,0.10202267106291295,0.41800007628503955,-0.04899819883617694,0.09122988646723497,-0.020385982577426815,0.02528836986720766,0.03690038539967215,0.07134482038219767,0.04203419298152281,0.04025491466673703,0.018658632068324098,0.09940885352727254,0.02711737448017087,-0.017307406104966453,SARIMAX_z_E4_exog
1996-02,179,-0.2454817183896846,0.02747551769245795,0.8409484073458273,0.9508760729972942,-7.891367792110049,8.068255623884788,-3.999429460974426,1.469952729944553,-7.069364075063756,-0.31951638769880997,-0.640734081100336,2.587067871762144,-0.31780464532874075,2.949630913849339,0.867084390223539,1.1001811090965554,SARIMAX_anom_E2_exog
1996-02,179,0.030605492467892494,0.00962728208680135,0.11333798319844528,0.45474382831752413,-0.04616465962335475,0.07395067491634648,-0.01768550829278291,0.02675448336179295,0.039989794832164895,0.07350957311362191,0.04316751573654383,0.041110274736455,0.01699682770924061,0.09951925154619844,0.02931176477335793,-0.016413483245586075,SARIMAX_z_E4_exog
1996-03,180,-0.25464965251676247,0.02790311902486684,0.9415995964820636,0.9785853889382552,-7.76155824632126,8.118517135791814,-3.443983457401392,1.0232355497922474,-7.106630687076314,-0.2210211897783362,-0.6522168319919182,2.629269145058649,-0.3933066098000277,2.849526297618252,0.8426304505572934,1.059742613349853,SARIMAX_anom_E2_exog
1996-03,180,0.02270372920147573,0.0007523181162158445,0.18524289764120233,0.6547162272507527,-0.057769420141320936,0.09561368620539432,-0.024112527418349867,0.023476052431780324,0.025238810187656953,0.0485830420805958,0.03204437462171625,0.02855917890209724,0.018279860969862703,0.06829530522745562,0.023781471067838938,-0.009545083717018444,SARIMAX_z_E4_exog
1996-04,181,-0.5160322882662602,0.0325086827571247,0.979274153182108,0.9916191870870897,-7.977866249360075,8.661146933527919,-3.735699604217303,0.5907550383140219,-8.628118232119824,-0.5122937134018961,-0.8046712858243033,2.57706603144504,-0.6785466111055797,2.667800675394071,0.5587052319363485,1.0155485044444499,SARIMAX_anom_E2_exog
1996-04,181,0.01567909259954507,-0.002051203687935154,0.16471284625083624,0.6529026042084001,-0.06528006180364354,0.10777419242490281,-0.02612399549733701,-0.006821941030648426,0.017567146538789272,0.03210721597239171,0.026406613823187725,0.021997948296241444,0.018807373231760287,0.04922411559878707,0.020346945880414902,-0.006356373331625897,SARIMAX_z_E4_exog
1996-05,182,-0.5952046008289325,0.03303455130622843,0.9776188988794938,0.9928881748980747,-7.973309175735815,8.697199224801059,-3.694389082782275,0.5809477351341137,-8.747343991133752,-0.7884575486527796,-0.86848690772782,2.6113970006198866,-0.7237887924621494,2.6780304960019974,0.5315401981372996,1.019271437475831,SARIMAX_anom_E2_exog
1996-05,182,0.013859153268471116,-0.0022058360746843387,0.17069514297099334,0.6726094379789138,-0.0642395028377629,0.10859634881816183,-0.025117127690966138,-0.006362649018512773,-0.005265352052904085,0.034095712786529314,0.026197300988147366,0.021370008725590244,0.01691013388473642,0.047560183308389486,0.021358755427076614,-0.006170885942941251,SARIMAX_z_E4_exog
1996-06,183,-0.5732815309944744,0.03330382605888338,0.9767131898089458,0.9908180357847657,-7.870448903636865,8.728001489480144,-3.5889271622305214,0.6771378991516173,-8.564277630890157,-1.758670535281631,-0.6517822221434728,2.7249098139321344,-0.602834791975432,2.7867573425157177,0.6356664291759728,1.133487611571243,SARIMAX_anom_E2_exog
1996-06,183,0.014969214251691117,-0.001514892337714946,0.15375874807514947,0.619390631526723,-0.06032486702678234,0.11015528737361548,-0.02175925154690663,-0.0026374705183516423,-0.001468777257529627,0.013663576674786168,0.027814307349782668,0.02416643829440579,0.018870710788000327,0.04983230246729016,0.025927804601492473,-0.0022528025890983052,SARIMAX_z_E4_exog
1996-07,184,-0.5338089791740012,0.03355247951657864,0.9681908784964897,0.9878235400034009,-7.732578612375699,8.849976407959593,-3.4714870315826847,0.8692396251036918,-8.363516866679836,-1.542039284878149,-1.930426020526971,2.923051273964967,-0.4341097907098136,2.9361559765789536,0.7811677021304888,1.2976259796131298,SARIMAX_anom_E2_exog
1996-07,184,0.01613887432866427,-0.0015949139737432667,0.13563407673642372,0.5777083111339971,-0.05718904055662314,0.11443086008160609,-0.019168562407961994,0.0005287882979966019,0.0004938327713455981,0.015040642466076642,0.011290797934513042,0.02586682245752757,0.021562730854708643,0.04955686982815814,0.030867884318523452,0.002864961621082385,SARIMAX_z_E4_exog
1996-08,185,-0.4152066027272721,0.03331314733160721,0.9519518435099126,0.9809819894153362,-7.533314492731857,9.015147600198421,-3.284250519016328,1.1246364040497951,-8.03152618423484,-1.256287204939261,-1.602730153461537,1.4108843430865279,-0.1142047696377034,3.1804293902594556,0.9796085284621389,1.547727144028772,SARIMAX_anom_E2_exog
1996-08,185,0.021973684130336353,-0.004647561423102803,0.14934378953436217,0.5709283995238841,-0.04717568812135295,0.11887529972211514,-0.011047282527636057,0.010474287881901023,0.010141869906190731,0.024530301157701787,0.021006177621381267,0.01453454979316196,0.01988278109795667,0.05321108025973633,0.040439508416270246,0.010756739976032988,SARIMAX_z_E4_exog
1996-09,186,-0.31329454921601346,0.0340251597871019,0.9499194457352643,0.9824962703712548,-7.358360481122217,9.269084617631965,-3.122386147055558,1.4994281357486017,-7.827248454560803,-0.9320619855780818,-1.4443783481541503,1.759310204287809,-1.496186675624589,3.4736290917098893,1.1230182255774233,1.7340418817865613,SARIMAX_anom_E2_exog
1996-09,186,0.02324736207328356,-0.004806012812182755,0.17138802363256334,0.5939408300651163,-0.040982337967292747,0.12126680056777148,-0.005757051886492804,0.015823971289122857,0.013701656774421159,0.02749112216372189,0.02392272562924963,0.017457913503764605,0.005612798950153264,0.04575806837882701,0.04394345032020553,0.013094159431235545,SARIMAX_z_E4_exog
1996-10,187,-0.3918487824445058,0.033610342304340804,0.9446766615390328,0.9784707004099972,-7.318115649070619,9.266961729924086,-3.152722449168158,1.5234157684836873,-7.8647687262640495,-0.8369584945116544,-1.4380243048180237,1.8677898187829443,-1.4913612373349654,2.223681623903507,1.0165620364037635,1.7195734326452041,SARIMAX_anom_E2_exog
1996-10,187,0.023042528990435983,-0.0031201405788813972,0.1504932302325681,0.5415836470653477,-0.0419788616421476,0.12034472831694203,-0.006878390566198034,0.014307912395793154,0.012787433599233206,0.027206971748737,0.024243231097792223,0.017738696993845338,0.006853543834190373,0.041205372406583896,0.04792070830324027,0.013889304121011782,SARIMAX_z_E4_exog
1996-11,188,-0.4196498093043033,0.03349427881324665,0.9373825130504351,0.9738017676628266,-7.360104912785776,9.286570901642301,-3.1403181736831196,1.5257540722607708,-7.767335398604656,-0.8068039610023097,-1.3157132440205839,1.8719670575451781,-1.364697355722301,2.246488948039249,0.34044663263483343,1.5754607070071396,SARIMAX_anom_E2_exog
1996-11,188,0.021488399962220878,-0.0016692340105630423,0.1461097772050116,0.5231349401909369,-0.04181008514123568,0.1218525957225786,-0.0071924500702753875,0.012896031052318097,0.009451036284935849,0.023774916458451603,0.024039106420507828,0.01718469228983871,0.007008449619403112,0.039562145688992134,0.03347941501513485,0.0179157066638798,SARIMAX_z_E4_exog
1996-12,189,-0.44433115914512333,0.031754285740287706,0.9701835915599317,0.9938161205604544,-6.717767077307617,9.266235878455428,-3.150977492605936,1.3856706647344232,-7.604774704052001,-0.920368398740576,-1.257742690539116,1.6171331172535464,-1.2626705394220377,2.01583882116494,0.47044389075593074,0.8726599196851188,SARIMAX_anom_E2_exog
1996-12,189,0.020107566284683555,-6.138277361940012e-05,0.22316127316918644,0.6599667710516464,-0.04415375583911859,0.11806468055586967,-0.0065396598121340395,0.01328695697080598,0.011153869718989629,0.026300104078222503,0.023690611236848708,0.017530107132648853,0.005522642234729258,0.04224339070375266,0.03368286443283286,0.0009495193809155311,SARIMAX_z_E4_exog
1997-01,190,-0.4959681531284775,0.03029677040309809,0.9544574472219505,0.9872453027589043,-6.74483994639426,8.61052104183174,-3.039550254035055,1.3658405777799416,-7.337686864041656,-0.9257738378038978,-1.1159317500935364,1.496914184763832,-1.1299722989218939,1.8942402279125252,0.6268400719226292,0.7579627029162621,SARIMAX_anom_E2_exog
1997-01,190,0.021883354843839128,0.0005707367398651358,0.21598841478116185,0.635376108717824,-0.03841298251693483,0.11410851735525175,-0.0033231025734479966,0.01640495248399254,0.016893381395363963,0.033744464613160954,0.02452687129454237,0.019016238644123634,0.002536535665195294,0.04840214837919478,0.034420045360751245,-0.0015281429067414004,SARIMAX_z_E4_exog
1997-02,191,0.05466415795456824,0.009283303474721966,0.8436165042223859,0.9785036550026641,-5.798217366603636,5.544193150372225,-0.18242860305403022,-0.8927593100801161,-1.1534038735960026,-0.34950056798026186,0.4422242377756902,0.06816220753379021,0.1442611919698482,1.3284933154107286,1.516760693234012,-0.026633477090453717,SARIMAX_anom_E2_exog
1997-02,191,0.020436412668388502,-0.002488390896293395,0.17828457467325773,0.6260706315292004,-0.03697159543394525,0.07704446060339107,-0.007238126486952412,0.016845179098971735,0.020182815870031595,0.03871214712656673,0.02547823941363389,0.020497828459426076,0.0019626048561194043,0.05400861388136144,0.035347767417686415,-0.00236264148283738,SARIMAX_z_E4_exog
1997-03,192,0.08041842829496708,0.010608500905283647,0.8860370648346099,0.981156691594781,-5.703499479036585,5.565626439834917,-0.3601430796867007,-1.4829080578541145,-0.8981726841184399,-0.22012188813986389,0.5890118630761503,0.231924768890984,0.22637097066832368,1.3533338880162904,1.5834422206327883,0.08015617725585233,SARIMAX_anom_E2_exog
1997-03,192,0.02965468215779882,0.002484555558778981,0.16257601910402536,0.5616057951179791,-0.02258273050374325,0.060251427839613764,0.003684410424834139,0.031979686574169025,0.042998930721300954,0.06747287451981637,0.03635975767144242,0.03142605817475397,-0.004525160633493619,0.07608537162118739,0.041055137529302344,-0.008349578045597564,SARIMAX_z_E4_exog
1997-04,193,0.18049998917056206,0.01096639959182107,0.8284225259274225,0.9694515721598966,-5.638139323932845,5.68409002558904,-0.3569310420161891,-0.5530105016412347,-1.0687098977934024,-0.04569197277815151,0.6943231328146844,0.27410879671197463,0.23964504720422397,1.3211340790547874,1.5566455628094342,0.10438036970016018,SARIMAX_anom_E2_exog
1997-04,193,0.028840302457460408,0.003652003120413649,0.15127619129781159,0.5417862216362972,-0.022889944495203762,0.06227262142070755,0.004771004950210211,0.024481167606591116,0.043802723583076825,0.06532580573233587,0.03570301343663457,0.03067049207813341,-0.004160875801591607,0.07348015946614886,0.04067844316635094,-0.00777853572568972,SARIMAX_z_E4_exog
1997-05,194,0.2584567174835414,0.011142449749546087,0.8414685437149833,0.9736007443053439,-5.605206796574522,5.736257693986763,-0.2741336756802326,-0.5021223268191636,-0.458421293938934,-0.05036832317879414,0.7360950780540447,0.32033583302399027,0.2677851592501064,1.3294096812726548,1.565949859450491,0.12824078693890506,SARIMAX_anom_E2_exog
1997-05,194,0.02813860073371439,0.002136318509372959,0.1536802267008485,0.5532743709204442,-0.024372988257555767,0.06610801438711636,0.005148095709873013,0.023305523815108184,0.038931566965139386,0.06281481569071588,0.03475075166852684,0.029470185097052515,-0.0024748985293072956,0.06935598261692401,0.04027228745279818,-0.006018620893869911,SARIMAX_z_E4_exog
1997-06,195,0.30001712215171183,0.010965411054281919,0.8402003381040816,0.9730839854505868,-5.625445506017169,5.723252334641902,-0.2894771656619426,-0.5251061172941417,-0.48288859002334517,0.6370619381304066,0.774626933398876,0.289738535991245,0.23656193946128745,1.299941854726856,1.5393422515354285,0.1020335654087674,SARIMAX_anom_E2_exog
1997-06,195,0.027434807793473653,0.0022883343729758494,0.16926004626904684,0.5705926730308601,-0.025001262969424343,0.06439212164920369,0.0035046365877297037,0.02141452734521658,0.036993515706757706,0.0665665865777824,0.03264581521358392,0.028049367076199677,-0.00393013758083649,0.06923922311829954,0.039986697632669654,-0.0073102847260815285,SARIMAX_z_E4_exog
1997-07,196,0.36438581014572446,0.011117601261681261,0.8496978914201176,0.9750594057062346,-5.655753154592798,5.710275067300252,-0.29061861938946265,-0.5455155676415047,-0.5044591354319659,0.5925610035394256,1.8583609421520648,0.2919793781536768,0.17118776126644342,1.2246211126289372,1.4729047540001616,0.05062342963627309,SARIMAX_anom_E2_exog
1997-07,196,0.026585150964185084,0.0017541778564966366,0.14285455349121057,0.5235993054087378,-0.02674089113701976,0.06519012486659759,0.001828513437879098,0.018225868411107588,0.03215454861941024,0.061465591741065036,0.04527911115620101,0.02495012447584538,-0.004331272800089436,0.06599611796401575,0.039378502633237444,-0.007548560052469164,SARIMAX_z_E4_exog
1997-08,197,0.4070884072069449,0.011330316568947124,0.8596290605138412,0.9790195744320235,-5.729158996957874,5.6875210893293495,-0.2907824632342617,-0.5839540946941773,-0.5745949193642365,0.46573439139058764,1.667954604178395,1.9481497398953664,0.019263820277148014,1.0166313959981372,1.2881827431290258,-0.08537690379982443,SARIMAX_anom_E2_exog
1997-08,197,0.02678319662139999,0.0007584946381847103,0.1392071068291221,0.5198579826595782,-0.02931748194475134,0.0673752249823186,0.0012130710546875978,0.016211055081901973,0.028495256065922712,0.05633858076886219,0.04199020037251794,0.052051086704860354,-0.005883952213436461,0.06055276243219912,0.03665948914391895,-0.008110070235143596,SARIMAX_z_E4_exog
1997-09,198,0.5519564403653225,0.011236187280847259,0.8536381106821986,0.9781029665314208,-5.7898896454813835,5.64346003188926,-0.3382221397560201,-0.6512274578390501,-0.6560678893889381,0.3848104636868888,1.586561939198298,1.8672689241059965,2.182587675536621,1.2408435705462262,1.2236849142144006,-0.15797029064765944,SARIMAX_anom_E2_exog
1997-09,198,0.029925461668122343,0.0006835949840171405,0.13235707535821065,0.5333205352241597,-0.028403932034563373,0.06421185305848365,5.024926475971636e-05,0.015365195463047428,0.028549843637649047,0.058302466229041276,0.0435873079683165,0.05451600941054008,0.028461287857259557,0.0615905671745918,0.03881537449596176,-0.009017516292439201,SARIMAX_z_E4_exog
1997-10,199,0.6561142166904868,0.011292482766119221,0.8537955595558722,0.977860833452053,-5.854875426157704,5.603819807999573,-0.3789398317056616,-0.715353273829326,-0.7377770716388193,0.2892091784467198,1.4750026274654198,1.751566197198647,2.0631081780620715,3.1112033282752405,1.3467417488101052,-0.24559484058708936,SARIMAX_anom_E2_exog
1997-10,199,0.031211172758657795,-0.0002621088789167717,0.13517923008531613,0.5367258402298594,-0.030160696425694383,0.06637162751570763,-0.000528318673155781,0.013838068362470065,0.025731719682155915,0.05481105899742456,0.042583442143467966,0.053357701999627936,0.0292817251579322,0.08498432074935026,0.03729693531733275,-0.008415375959089727,SARIMAX_z_E4_exog
1997-11,200,0.9057615018377766,0.011125292439512723,0.8495090298509188,0.9689552146817186,-5.834412657438477,5.630094881098392,-0.3378476277878981,-0.6755063718099559,-0.7068532647560104,0.32806322075978733,1.5256782025153814,1.8010019738803402,2.111703174466684,3.1688137386665733,3.430480780947415,0.1943413815130821,SARIMAX_anom_E2_exog
1997-11,200,0.0023570588135876226,0.03420914358757877,0.26344894661720486,0.673914428521287,-0.08230837377163659,0.14587581619982048,-0.018924888708708842,-0.03798334020646886,-0.09070682864064367,-0.08122908554122872,0.03428104706260089,0.023204796862797673,0.06907383720340557,-0.011641483409413837,0.05294192124175151,0.029508512841769585,SARIMAX_z_E4_exog
1997-12,201,1.0609193118434903,0.011046209850125341,0.8468738254929054,0.9712659642693877,-5.589102441967907,5.634179770680001,-0.3239094726124421,-0.6769522956368214,-0.7059711303449051,0.3168148450149028,1.5043893245478732,1.7780602285611375,2.084714626602757,3.1435550774336174,3.413729854020128,1.947900409974675,SARIMAX_anom_E2_exog
1997-12,201,0.003764980236829303,0.03348331779843786,0.2584342405151015,0.6675857439968407,-0.08498503594222576,0.1462324404773561,-0.021587174945161658,-0.03918489062238016,-0.09339335264296587,-0.08279384927052647,0.03166682982996612,0.02121686509946314,0.06677809540116841,-0.013469279163644324,0.05042687728906233,0.06594078373651537,SARIMAX_z_E4_exog
1998-01,202,0.5444527782583745,0.010854448554237579,0.836822688427244,0.9821939874249437,-4.004606656796221,4.768920204375551,-1.0112137994350583,-1.334215650445157,-1.479221007061822,-0.37075270946658717,0.8643936070121017,1.1551027747346743,1.5105381257035395,2.5900632217864428,2.8010412543431173,1.2003722595513178,SARIMAX_anom_E2_exog
1998-01,202,0.030866133883390642,-0.0004742282089659242,0.11349215072665925,0.48826534432823177,-0.004121365980500509,0.06182205715789352,-0.008564642479090834,0.004582567146449651,0.015278770388472565,0.04476869385782306,0.03385475508322497,0.045322161738405184,0.022104424791680635,0.07756375645747457,0.05663259217683924,0.02065131549213471,SARIMAX_z_E4_exog
1998-02,203,1.4261900136574317,0.010589864797236314,0.8615073953210022,0.9934929403750069,-3.155907030294273,6.594629951294977,0.9649715169740336,-0.5968722985660833,-0.6525134666263893,0.3270743220883152,1.4444673098878713,1.7109227829060867,2.006545012079389,3.061716153087394,3.389158477013668,1.9929569342392965,SARIMAX_anom_E2_exog
1998-02,203,0.041464104708325907,0.0019761286703255158,0.13963929025550906,0.5666515353255386,0.013228941850600235,0.06912443233518395,0.0004140138904844548,0.016443492125408382,0.03156702192665096,0.06383325408985889,0.04316106377395082,0.05583672542737304,0.022139690785377253,0.08985719024974954,0.06332769488449994,0.026221023936194528,SARIMAX_z_E4_exog
1998-03,204,1.691733582099372,0.010895306873178646,0.8737955519033413,0.9955222690872771,-2.9048973415057637,6.9120793804774525,1.6937448564351385,0.0935695697872385,-0.46064739024400353,0.5148280693576052,1.6239231450663538,1.838379140862139,2.117397528693834,3.1636194439695884,3.5166329679485537,2.1921736143443242,SARIMAX_anom_E2_exog
1998-03,204,0.04291095523921264,0.0010835690947937353,0.14423497360714216,0.5818165941169215,0.012647255536551171,0.07749463743022145,0.017712099761795812,0.015446222410875858,0.02852519678447146,0.058552981161105216,0.04291544231201756,0.054784022163502,0.025842798541713483,0.08576712505215953,0.06441669694014118,0.030826984775996776,SARIMAX_z_E4_exog
1998-04,205,2.219664506962865,0.009422958587217941,0.8727873590434311,0.9964637817907462,-2.5152889509464758,7.392202213069634,2.3352229635221535,1.9157574480165422,0.5817509976188986,0.6782170416415471,1.902324773615167,2.167937435609902,2.401807268532367,3.42808361724516,3.811166892051611,2.5546692693982425,SARIMAX_anom_E2_exog
1998-04,205,0.01576676531330359,0.030414275209219174,0.24212912966569863,0.7102400692304337,-0.03263026185339344,0.15043218811890632,0.01163544071187124,-0.008345494330681633,-0.07925026771513494,-0.07610104394538096,0.03147831802504158,0.02333346120430214,0.06154602283228708,-0.012978765743066067,0.05358720794206308,0.06791274672718078,SARIMAX_z_E4_exog
1998-05,206,2.080209622857936,0.010762837628521761,0.8944242973305291,0.9974414815712745,-2.690911073419675,7.192313419981273,2.136001304392484,1.7042616504295438,1.03410052837526,0.32721057480297444,1.7527818738529946,2.006411605807948,2.2496728979035736,3.2857994413365743,3.66586856464342,2.3826551018895303,SARIMAX_anom_E2_exog
1998-05,206,0.045057947281317005,9.78942856788996e-05,0.12787707457097341,0.5586202544825682,0.01175201807305155,0.07656549433457199,0.016820027958371037,0.035751514977431426,0.0441156163389016,0.0591258034270654,0.04177047839354391,0.053570347574995424,0.024431356040383517,0.08459277472972258,0.06326621133748035,0.02953659261653824,SARIMAX_z_E4_exog
1998-06,207,2.079076869940456,0.010573181002218424,0.8779264924538943,0.9966096190602894,-2.769642276412362,7.119528646691471,2.025585312490578,1.6179815712364163,0.9335218632594537,1.2434833085640145,1.6941968950607824,1.9293984901578587,2.179279357751609,3.220568224960773,3.597406782924314,2.301275666527685,SARIMAX_anom_E2_exog
1998-06,207,0.045440713705175516,0.00029357560973858213,0.1232021188557949,0.5471424881550422,0.010856051786240736,0.07593251781959104,0.01598336848565537,0.03503918438903887,0.04331933815792912,0.06880482208103342,0.041346935746890724,0.05307322805532541,0.02411537422954603,0.08445733105017342,0.06289930552606512,0.028823389280941664,SARIMAX_z_E4_exog
1998-07,208,2.095632693078674,0.01048463510442613,0.8765907708432258,0.9965235435249736,-2.7836880629960516,7.1075035221356515,2.011858154182006,1.6006336672204315,0.913863428978043,1.224459905006177,2.029147285321645,1.9504645116623234,2.1654498267387416,3.2091450582807974,3.585632221953133,2.286912591742851,SARIMAX_anom_E2_exog
1998-07,208,0.0455267687601256,0.00029073354823388434,0.11868693093316487,0.53713288336743,0.011264985205483372,0.0761990636346808,0.01632147517826954,0.03484872734366895,0.042997144374340886,0.06831425026008833,0.04507866774365651,0.05260281221617459,0.023479433956819316,0.08346363964761641,0.06240874947479515,0.028805116398780996,SARIMAX_z_E4_exog
1998-08,209,2.052931440318413,0.010785998425316542,0.8818788969084177,0.9967149954209696,-2.78379132842414,7.1177829041890615,2.031090963327345,1.6122225481019257,0.904883937715619,1.2092796957184655,2.0123116789463293,1.5452886692619132,2.162872275470808,3.1707783061781303,3.5557338662759292,2.2720573359917884,SARIMAX_anom_E2_exog
1998-08,209,0.043315784903635315,-0.000539358852907919,0.12141833602561235,0.5329526882051685,0.009809895329003612,0.07911226190921287,0.01749643194833698,0.03433413031946379,0.04090751703137721,0.0643441399386621,0.04324910133243645,0.039976754859250264,0.02205158900415817,0.07878668643845152,0.06039035968454237,0.028963920521492475,SARIMAX_z_E4_exog
1998-09,210,1.970319720648323,0.010903062914903562,0.8583994620887253,0.9950703238169539,-2.725654073325462,7.208627725018266,2.1511313885781647,1.7196382645108257,1.0089034210277639,1.2665458435845818,2.018116842632116,1.5425876549149022,0.6962986807948472,3.2083002334465602,3.4825790910677057,2.2767514353193095,SARIMAX_anom_E2_exog
1998-09,210,0.009743078343932962,0.03495695558952072,0.20604393681549196,0.6412124068870293,-0.036003450216228985,0.14596915464815272,0.00810413750920231,-0.014504995507913811,-0.05517179299494124,-0.07380367595460312,0.03139654367944908,0.003923267399067941,0.034689138051190366,-0.02435345018067104,0.04457154290142111,0.05986110816903188,SARIMAX_z_E4_exog
1998-10,211,1.7206745979525293,0.01119008859318483,0.8621143945082005,0.9947926240278022,-2.7687781332985453,7.273857708893826,2.2061894743891677,1.747265042122481,1.0148079387965,1.1715102532529968,1.8422920906884153,1.3767480913489463,0.5416900272467804,0.8202287592459988,3.5742562393042867,2.0556853294962942,SARIMAX_anom_E2_exog
1998-10,211,0.03311007625030475,-0.0022260859768912407,0.17136252762663454,0.5946035779284926,0.008273392881390076,0.08540136196801985,0.019378202120353683,0.031088068416415832,0.034266292288921224,0.0520327407660153,0.03573320487997124,0.03314118624700836,-9.976582813224037e-05,0.02670684284240114,0.04553893022310967,0.026972338441684836,SARIMAX_z_E4_exog
1998-11,212,1.4801467631637912,0.011410680302521549,0.8735337705545222,0.9933666210802126,-2.8428719538397633,7.33092063479102,2.2006223769400997,1.729352736746848,1.041488535055871,1.1143732739919625,1.727330721782718,1.2855912332901474,0.466931790053141,0.728148271667628,1.0543235562954736,2.0839990392154495,SARIMAX_anom_E2_exog
1998-11,212,0.028321896424140753,-0.0022896440339109977,0.18192224626287917,0.6066840407527352,0.00645341877659897,0.08601268051926546,0.017597628094163653,0.028089181403462473,0.03020537088840502,0.04646849771333797,0.03229767219147703,0.03004670019588941,-0.0017602846632113508,0.02159175493700231,0.020449386150570546,0.023539391622503656,SARIMAX_z_E4_exog
1998-12,213,0.8976412963417808,0.011348191725007884,0.903568782849328,0.9961841288492167,-2.8914885782643616,6.876215151476361,1.9773295547670278,1.2523483169979686,0.6885545971334319,0.5620326305871985,1.0809271148530153,0.7480835050727026,-0.03933979791682142,0.21032222148551227,0.5940574278581513,-0.10572813022916468,SARIMAX_anom_E2_exog
1998-12,213,0.02051280615368862,-0.004616763714847086,0.19815374156581528,0.6198805924691231,-0.0017365616722807892,0.08140358692605346,0.013692541715311613,0.024305894111002663,0.026425085162863488,0.042384242843689274,0.02543199272730509,0.02366313859243116,-0.008613687325925514,0.016885165052160176,0.014315459058458904,-0.010235341763027293,SARIMAX_z_E4_exog
1999-01,214,0.8975761912301086,0.011485446291054826,0.8963269532137956,0.9959393147881939,-4.265158015989437,6.717540578309511,2.1985057772950425,1.3982754688165444,0.8126137120176149,0.7296121362595672,1.2856483250104034,0.941695973409423,0.15083825429517678,0.4016988305505278,0.7650268062936042,0.030221669223557512,SARIMAX_anom_E2_exog
1999-01,214,0.019533083408974663,-0.004034766138833341,0.19606259645589125,0.6184076547966209,-0.022046663197953995,0.08306340332081312,0.014542674776167556,0.02501169488253479,0.027312366218686546,0.0435070012083596,0.026429774529163348,0.024640321541690276,-0.007890421455616926,0.017774132209206008,0.015091094117362782,-0.009786159949437719,SARIMAX_z_E4_exog
1999-02,215,0.75276954440053,0.011755426209686958,0.9035633909627945,0.9960568154344834,-4.2761467077669835,5.185106557903313,2.1928496781444404,1.383472574790801,0.7665623571957091,0.6565350494231501,1.210880025492641,0.8783480509021191,0.08615805185746891,0.3301174454717592,0.7042630073439982,-0.00490710607739844,SARIMAX_anom_E2_exog
1999-02,215,0.01861933523400239,-0.004656529155355165,0.1958404669599186,0.6134639176465708,-0.021384232709005344,0.06481207200758506,0.014839727460685877,0.025376188835310953,0.028119453617950665,0.044679481896940376,0.026615116107185997,0.024957069614702895,-0.008181266255021628,0.01836763703625134,0.015084153802036994,-0.010063356816223156,SARIMAX_z_E4_exog
1999-03,216,0.9306917930653019,0.013155163437034822,0.8728245828771943,0.9956909872247882,-4.011188092686106,5.405821122066454,1.0224148974855798,1.1199673158343373,1.3555513263356727,0.8597255264899643,1.6114655030993403,1.304566412027711,0.44791516322796654,0.6801370203946564,1.0543521349254117,0.3175731875826347,SARIMAX_anom_E2_exog
1999-03,216,0.02467529483459396,-0.003503214682377035,0.2039422238305876,0.6392522165420627,-0.018210291313395813,0.06969552518860264,0.014617270564054534,0.03739397857851902,0.03569127721075879,0.0506108075069373,0.03412814849073416,0.031500557746687856,-0.000788261451364162,0.02396654355643588,0.021047187041171922,-0.0035492051040146733,SARIMAX_z_E4_exog
1999-04,217,0.7648253465926398,0.012958355402952353,0.8908741482084774,0.9963482879384538,-4.070521366108435,5.333506704524846,0.9928183639030093,0.05345267575591257,1.3087207147782263,0.7010202465589663,1.5086093715335012,1.2165696650638176,0.36342114578071183,0.5925553242858794,0.971230430029749,0.2460415869408613,SARIMAX_anom_E2_exog
1999-04,217,0.021096903821007602,-0.003554802351978922,0.21819968049871805,0.6556116627133275,-0.018682999610915282,0.06784688287084233,0.014071467205814389,0.0107645391041502,0.03429102617212055,0.04989290965540185,0.0323205359445729,0.029992155761679105,-0.0031292081624705623,0.02265728699452331,0.01938620905609269,-0.005673938877672622,SARIMAX_z_E4_exog
1999-05,218,0.8684145570752488,0.014028174082828736,0.9144823371934404,0.9980530405581785,-3.8583298107131747,5.482531495038306,1.2474661873729533,0.23143889995961722,-0.16418613402633228,0.4098642488341944,2.141445662250904,1.5782347594988013,0.6877119447544785,0.9311947817167628,1.2948962369989683,0.531460654785141,SARIMAX_anom_E2_exog
1999-05,218,0.027560711353789555,-0.0071741493168257465,0.2542586482214735,0.7042264986497537,-0.01196356794026641,0.06854235056583141,0.019225373291561574,0.017753223074815912,0.03100527102277208,0.06596768570447233,0.04203830815273784,0.0391034537574781,0.0026047250319518787,0.03252601122918148,0.025849143700694258,-0.0015699453118674317,SARIMAX_z_E4_exog
1999-06,219,0.780666974828147,0.014160892776341362,0.9114972273431293,0.9977091175431126,-3.8701232793321907,5.476457250716924,1.2624590026061497,0.21484387910006164,-0.21497258093061633,-0.26724849542280266,2.117804682622747,1.5182350823214488,0.6410818144652808,0.8809506967916624,1.249993422114547,0.5034876740921972,SARIMAX_anom_E2_exog
1999-06,219,0.024724334167580558,-0.007466058628501975,0.2511407595321011,0.6839635211431789,-0.012359760961941326,0.06761041185773047,0.019385486316674916,0.017749570165161724,0.031073490651080407,0.041283134994537236,0.04022524788729401,0.03764361152809256,0.0006026253782184181,0.03150228621997339,0.024125395943150836,-0.0030346673750080277,SARIMAX_z_E4_exog
1999-07,220,0.5789185480884707,0.014306545218010055,0.8890220154550373,0.9952778796168382,-3.893828535958608,5.495484972434371,1.2757852980662274,0.2252479017591424,-0.21686833369020214,-0.28756609083820917,0.38309216677784114,1.4090927488983078,0.458276820991655,0.708479013120433,1.0980032313701444,0.41469941459418574,SARIMAX_anom_E2_exog
1999-07,220,0.01956547575301688,-0.004632169218048019,0.23409148804723504,0.6401098558152605,-0.014004209523764917,0.06805502401115102,0.019342352102693788,0.015256397256475394,0.027557878407663796,0.0366213701309329,0.014826234354475989,0.0312823525916784,-0.004063965797726893,0.024956212814753416,0.019744868195191438,-0.0056776931260707425,SARIMAX_z_E4_exog
1999-08,221,0.3626307498658901,0.015087555796784762,0.8975958793546633,0.9938650628181945,-3.941868055617372,5.5061726720799555,1.2925837377161207,0.17815305213292132,-0.3431455295078795,-0.4463126923965244,0.24398726813911473,-0.012941108524337233,0.3304859632222315,0.4526148761519085,0.915125119729887,0.2985699596805489,SARIMAX_anom_E2_exog
1999-08,221,0.012566916296906898,-0.004518510786547628,0.27039237770273156,0.6114031424876349,-0.01655419136357461,0.06834048154337236,0.018898655173337147,0.01132867345662241,0.022258724361351165,0.029700716266716817,0.008596276227152222,0.005453102407771082,-0.014619025795841876,0.014618889594102562,0.012403652153130156,-0.010428675752094484,SARIMAX_z_E4_exog
1999-09,222,0.22905497521950077,0.01503719219585065,0.8920078148334777,0.9919018024152763,-3.9459259029160023,5.532700109369667,1.3255187669709758,0.17367606490976423,-0.3330393144163227,-0.4650086980868228,0.18667188254095896,-0.06038190961723743,-0.9520682892695064,0.3664267667292612,0.821196385580659,0.2558094027972915,SARIMAX_anom_E2_exog
1999-09,222,0.011356241432356595,-0.004441562478147312,0.25638534707589355,0.5874974629391974,-0.016431484518439843,0.06870721629606251,0.01915380132619355,0.0108627874477074,0.021702655859930697,0.028798171130591754,0.007908023831703965,0.004909750254989578,-0.022598489981520586,0.013419300485034825,0.01161246164016521,-0.01084959935909904,SARIMAX_z_E4_exog
1999-10,223,0.07900789460254988,0.015212206371008183,0.9058168235117561,0.9907131577229225,-3.9510709103480366,5.581795892980155,1.382447918208032,0.16847310387285835,-0.32664431135866473,-0.5054460661760397,0.08899667411999328,-0.14113352230110665,-1.0292174108582506,-1.0207132617646573,0.7995687829845122,0.08541229346533975,SARIMAX_anom_E2_exog
1999-10,223,0.009532408213295492,-0.005593446950159276,0.29500996153818254,0.5989188698855628,-0.016038206055082282,0.06784601746853393,0.019651611651934756,0.009867567755073761,0.021149207743613962,0.02813767613352063,0.006138448213028412,0.0035322995143783373,-0.024687449226384262,0.005275989114854496,0.007818433792312883,-0.0133408576437397,SARIMAX_z_E4_exog
1999-11,224,-0.12719095822802476,0.015270360438982776,0.9277893054691443,0.9929765916961906,-4.150942696199594,5.590364791338903,1.3810236123660644,0.10147861884311364,-0.3902035489792342,-0.610659502146571,-0.07248236571790431,-0.28676979896695254,-1.1690847441853975,-1.180691515831704,-0.6704627911023997,0.11332444085997967,SARIMAX_anom_E2_exog
1999-11,224,0.00671715757558765,-0.005623133469109844,0.3165566840473943,0.6240461210504722,-0.016837726930477137,0.06751132895001521,0.01962444675397801,0.008468342703936255,0.01957959705748141,0.02613431928446648,0.0038180572274813794,0.0014781357194592819,-0.026908601703079807,0.002941203146799909,-0.0062673946684629975,-0.01757506097695623,SARIMAX_z_E4_exog
1999-12,225,-0.1517800345210737,0.01506465203649823,0.9238512929321656,0.9923596933709717,-4.246307111043719,5.741894477435076,1.4111847665385966,0.1568949559954167,-0.3152411661125775,-0.5249953686894712,0.015692105398075733,-0.20717696973219807,-1.0877242485169707,-1.0960068125720728,-0.5972071431912389,-0.8954146241569003,SARIMAX_anom_E2_exog
1999-12,225,0.008193477307032664,-0.006064634359202933,0.311705449795878,0.6202969894894326,-0.015189935273317646,0.06827368984868752,0.019982599603321344,0.00999913202574229,0.021124756319738886,0.027915516357051175,0.005628516953475794,0.003025993169524805,-0.025278475953466634,0.004575409492306982,-0.004978079712770224,-0.01420550450076576,SARIMAX_z_E4_exog
2000-01,226,-0.01666687191972685,0.015138691439741237,0.9101719414606326,0.9871398521926331,-4.655852188624987,5.485378828908882,1.734225922280052,0.35602616440992224,-0.14458051771633842,-0.28619012058573456,0.3203363344871538,0.06497857484030894,-0.8188235554921848,-0.8080500419100405,-0.34686611110913645,-0.7188521475231257,SARIMAX_anom_E2_exog
2000-01,226,0.008701267756422507,-0.005314514438462459,0.3161909795662412,0.6074784032580893,-0.024806084024104256,0.07101262701212883,0.020730414894195595,0.010984229976082312,0.02221612197932496,0.029061820968174796,0.0074039121867712715,0.004713724356060083,-0.02325112153813459,0.006240506331521611,-0.0031463271081415205,-0.012831953725573284,SARIMAX_z_E4_exog
2000-02,227,0.01767070535902599,0.015012260735336565,0.8881611805867801,0.9820817989761986,-4.589564731853039,4.106952971796301,1.467551005993628,0.7324936415355144,-0.039025892124148094,-0.17152812506939266,0.518048330198932,0.25927639460726115,-0.634690068657189,-0.6077290910725349,-0.16394438483769547,-0.5894820967022341,SARIMAX_anom_E2_exog
2000-02,227,0.009094934115321123,-0.005510170859332633,0.28819788747807334,0.564383931519185,-0.024610221121784407,0.05446058952585696,0.02385747629109018,0.012417414549683476,0.02346706180612245,0.030288450969636383,0.009331429312329326,0.006498681019025883,-0.021108620941573314,0.007992581921204124,-0.001249562954325837,-0.011429095089423977,SARIMAX_z_E4_exog
2000-03,228,-0.2752178216037746,0.015611963536133663,0.9084030375990397,0.9858220502704282,-4.654107301522972,4.0685244089040005,-0.4019913270287644,0.7414173245264372,-0.3336952654634608,-0.3611684167889133,0.3285664195724188,0.05885926524010562,-0.8319127955560837,-0.8225381560193491,-0.3652284429216221,-0.7293395721870879,SARIMAX_anom_E2_exog
2000-03,228,0.003947554883111935,-0.005074495446055082,0.30520559641377815,0.5888541982395552,-0.026281507344823724,0.05470453562212879,-0.016600536799386847,0.011171099542520461,0.021934232835892603,0.028690809984344624,0.007008757060859384,0.0038950619816969963,-0.023840086508406477,0.004813090966259761,-0.004456379307737807,-0.01366841943600465,SARIMAX_z_E4_exog
2000-04,229,-0.10348681709891697,0.01605995566546716,0.9317354954956225,0.9919953615944562,-4.455626493046171,4.129936592255468,-0.19589502356227603,-0.994776453649569,-0.5804341876075717,0.7059475656532446,0.8092292374648345,0.48389479130581453,-0.3809734101273246,-0.3698072926073232,0.04958271971584787,-0.39600987011089844,SARIMAX_anom_E2_exog
2000-04,229,0.007413211821497072,-0.006319059439153085,0.34238588090237815,0.6328105783089837,-0.024637745364590017,0.053734552328909134,-0.01513620693553619,0.005219764184525344,0.03171032540151608,0.03680567789606442,0.01284436887818684,0.00914117973353342,-0.0197902360865065,0.011351786410123132,-0.00047764501953282296,-0.011691834956255651,SARIMAX_z_E4_exog
2000-05,230,-0.12894697114718753,0.01600931591812303,0.9316617236914069,0.9919687549558138,-4.441961722164855,4.141067602381602,-0.18449848668736324,-0.9785007791739396,-0.9990775521508783,0.6715748582924579,0.8621621862302975,0.5028671336066656,-0.36427394111921546,-0.35161963670828555,0.06570351766992051,-0.3802971292568443,SARIMAX_anom_E2_exog
2000-05,230,0.005889510818738678,-0.0066550578680363735,0.33520108213160693,0.6148473493961462,-0.024271048562850964,0.05402151166900373,-0.014198016060191788,0.00610778309619382,0.004183474385711932,0.03944846451847559,0.013900145524815145,0.009961435352532752,-0.019189445675323435,0.012249506665521867,-8.572755433049706e-05,-0.011375650158084803,SARIMAX_z_E4_exog
2000-06,231,-0.21519997719014514,0.01588109772886048,0.9260352521608559,0.9897915423761471,-4.408438175787544,4.175471394835899,-0.16299018807411084,-0.9168246553742506,-0.9229894402277118,-0.6719730048642967,0.8808908999003023,0.5282869870319555,-0.3490373844543905,-0.34421965100170687,0.06875129915698235,-0.3611074301125649,SARIMAX_anom_E2_exog
2000-06,231,0.005588180976793053,-0.0065127729000930045,0.3347178591866542,0.6113087928144523,-0.024043085779802385,0.05383025218448978,-0.01397517712756097,0.00653890997506289,0.005010327708767642,0.029988705810812543,0.014933324546830407,0.010540523557700743,-0.018951156214516957,0.013043251521330136,0.00018692254940983797,-0.01134849019859987,SARIMAX_z_E4_exog
2000-07,232,-0.2614235671616545,0.01597213983830672,0.9258093868230685,0.989873335957604,-4.3810214365701965,4.202748419894717,-0.1293963982050928,-0.882669364941495,-0.8864959585170199,-0.6375413104520501,0.016062471456473215,0.4771295658411431,-0.2734837160329902,-0.3226341172096275,0.08625235022310936,-0.33524647491064424,SARIMAX_anom_E2_exog
2000-07,232,0.006697827495261523,-0.006860031381655958,0.3250484668871718,0.6522682212803947,-0.024527376961733637,0.05364057742453596,-0.013446577384363173,0.0071353696845078305,0.006930061249759844,0.03149978373748864,0.014873495876396175,0.014489588273787588,-0.017164949513665165,0.014806192900972211,0.001267077702878705,-0.010900228866748267,SARIMAX_z_E4_exog
2000-08,233,-0.3278955497414506,0.01580426305325899,0.912348302768022,0.986137312391898,-4.389522968623076,4.196861924875627,-0.135805048532046,-0.9004328095749898,-0.8902316151354601,-0.6519513593578302,-0.009755617645858106,-0.20915206134781245,-0.24096404212055345,-0.37121106913040297,0.0683141364366571,-0.3471041870387832,SARIMAX_anom_E2_exog
2000-08,233,0.004928625380173866,-0.007372325594593077,0.2834716856663215,0.5844337958363699,-0.02401520623552998,0.05274100298469259,-0.01396801929574008,0.006642243607269849,0.005614405440725728,0.031062419729440554,0.014059062046288751,0.00480652929171666,-0.02092626086302242,0.013453051474596318,-0.00015515402076938275,-0.012146439766770075,SARIMAX_z_E4_exog
2000-09,234,-0.34734432972880197,0.015792980696620877,0.9117806987236877,0.9863540966705252,-4.36535489069599,4.210992241048149,-0.11863051536149154,-0.8685301928463929,-0.8484096858044756,-0.6033362742627519,0.04627348343653788,-0.15466544499176144,-0.8714081100441806,-0.4432894188311273,0.21226997612811185,-0.30004258524971084,SARIMAX_anom_E2_exog
2000-09,234,0.006541338756260615,-0.00907149046125462,0.24928406622339347,0.5594150969042224,-0.022992384672678712,0.052503338529801546,-0.013397054307408562,0.008044640821382055,0.007990875003415793,0.03391208973902837,0.016141885328100136,0.006811567010507802,-0.019783327155577995,0.017894795344159165,0.001780566484241151,-0.011140911166121691,SARIMAX_z_E4_exog
2000-10,235,-0.5484779257911374,0.01644926609499351,0.9228030054358987,0.9874024349606013,-4.47057107380233,4.19733986704699,-0.10919891593739058,-0.9906367773795758,-1.0641868514826305,-0.8674303855326441,-0.21977842971371003,-0.39634277342747365,-1.1266045909806248,-1.0353225780305402,0.3823870546757522,-0.7834445546131901,SARIMAX_anom_E2_exog
2000-10,235,-0.03337770317012791,0.081554210088482,0.2133818118411749,0.40531306231941633,-0.058543740930963026,0.1083306677478232,-0.011487999518313953,-0.05675528640379388,-0.10338570047229925,-0.1413707376089084,-0.0006276844278507276,-0.05384539136303016,0.028816002049188456,-0.1139399097486495,-0.0038427593823616947,0.01703930126943686,SARIMAX_z_E4_exog
2000-11,236,-0.7198222266457287,0.016031149712833547,0.9275264453074148,0.9896258946328388,-4.661622679798539,4.207527940706479,-0.15281918305208894,-1.051279091914966,-1.1476594621055185,-0.9760478548299554,-0.36546546500791494,-0.5441654872387589,-1.2756988767914277,-1.1869664208234731,-0.6961359914588481,-0.7093846296966324,SARIMAX_anom_E2_exog
2000-11,236,0.0004189384403553789,-0.00847703326973929,0.20539037539198995,0.5250018502997253,-0.025027272210393674,0.05202430622604859,-0.014150696209396579,0.004876147686064214,0.0023396597560515096,0.02784024085650853,0.010199450828183554,0.0009225847405420151,-0.02577250699412136,-0.0019462656721987881,-0.00922749188267057,-0.01736038593485369,SARIMAX_z_E4_exog
2000-12,237,-0.6927034710870038,0.015909972080562353,0.9218735046348427,0.986513154084634,-4.7634705383539275,4.316222219327964,-0.13628363095104395,-0.9915131874057892,-1.0662828148314958,-0.8736553051173974,-0.2744165894524335,-0.4725555192316765,-1.2028429521425683,-1.1142657579953883,-0.6363546194760161,-1.022294034250074,SARIMAX_anom_E2_exog
2000-12,237,0.0006867646232211084,-0.008454222422315732,0.20416646258585544,0.5190952143202938,-0.023860540616299844,0.052220139260099094,-0.013781988970066281,0.0054226595200241425,0.0032025695559671054,0.02876779120065361,0.011010831063541893,0.001697134264493061,-0.025089078179354414,-0.001096158694186944,-0.008634913337466748,-0.02099140379854785,SARIMAX_z_E4_exog
2001-01,238,-0.8362327976710608,0.0151895911492199,0.9287606395851492,0.9915093075784097,-5.094827880397127,4.603781529961642,-0.370912932463204,-1.1312023962178983,-1.0656016712244105,-0.9540176776459267,-0.4773264602926678,-0.6579970990762085,-1.3760356961784423,-1.293278869793916,-0.7872414781807695,-1.134866230901776,SARIMAX_anom_E2_exog
2001-01,238,-0.0018799372247389372,-0.010338758012606987,0.18681795808408833,0.5031842208511192,-0.03948930226822959,0.05012697268194131,-0.01407176648195245,0.004607750142177236,0.0027016651773797027,0.027867051495511375,0.009296049840552056,0.00018794614675360366,-0.026987434427774938,-0.0021117461881998813,-0.010275079186524838,-0.022420599596027425,SARIMAX_z_E4_exog
2001-02,239,-0.8529396413893718,0.015343943046380218,0.9008827635272676,0.9864807603839589,-5.0398609615129555,3.3995028185798275,-0.6403384393894033,-0.8258255001661261,-0.9954275859851744,-0.9081851516959638,-0.38383812661564115,-0.5583628839910888,-1.2863069216189102,-1.210932904817063,-0.7120412020598359,-1.06302877730012,SARIMAX_anom_E2_exog
2001-02,239,-0.001460600890749899,-0.010271541571220608,0.14789116140185485,0.44584986860023557,-0.03878940835924903,0.04137467795666257,-0.012086521829552084,0.0056836847701125185,0.0037902377726239723,0.029408058464294996,0.01054835268789076,0.0012436800613037425,-0.02635944216754767,-0.0012258671731727676,-0.009634519831456505,-0.022011439087849485,SARIMAX_z_E4_exog
2001-03,240,-0.8492443692941805,0.015246431706497287,0.8899083711206469,0.9832718803446611,-5.027291913161209,3.4199697344498006,-0.7347556636872312,-0.9600939924869387,-0.845522418585384,-0.8495954273493502,-0.36504900967248577,-0.5544446500289475,-1.2867351289072608,-1.2138957837219024,-0.7148257575157604,-1.058692420863483,SARIMAX_anom_E2_exog
2001-03,240,-0.0015062975197822329,-0.009722352924804086,0.1548115726053147,0.4518943015968119,-0.03890334001980511,0.04183136985128814,-0.01331198747433405,0.006780144030118662,0.004332724704203572,0.029334850570379878,0.010395624774032181,0.0011039530415066444,-0.02644490380596385,-0.0014431654543310634,-0.009833612909349771,-0.021917227545132083,SARIMAX_z_E4_exog
2001-04,241,-0.8872527932179917,0.015130170927304018,0.8891020658456033,0.9830031160699702,-5.018019651852343,3.423765495465826,-0.7301723008492557,-1.5558017002903237,-0.7989772179531464,-0.8141011271057106,-0.3472846251415812,-0.5439191455043343,-1.2732545883093622,-1.2012461813759756,-0.7056977845425955,-1.048897245803486,SARIMAX_anom_E2_exog
2001-04,241,-0.0025856654133398715,-0.009434815553535985,0.1577601020185474,0.45544517246357263,-0.03889865502414725,0.04189831213163507,-0.01317274968545791,-0.008846952843436815,0.005409702187595467,0.02972772585311987,0.010635454721178134,0.00135905248982654,-0.02625202014390653,-0.0010795355883451707,-0.009700318846249755,-0.021794935840385228,SARIMAX_z_E4_exog
2001-05,242,-0.9257763381946011,0.015246199852950252,0.8882984306945995,0.9828606438450843,-5.003103271391309,3.4385953400457097,-0.7113060671073896,-1.5376564388084488,-1.3668979934627727,-0.862328506747047,-0.2940176748797302,-0.5287072773510113,-1.2647355410363164,-1.1926982536856798,-0.6972627655763297,-1.0365475205407915,SARIMAX_anom_E2_exog
2001-05,242,-0.002519717700458289,-0.00930347941680376,0.1530591733146005,0.4447774919761023,-0.038853654000123694,0.04190567537861402,-0.013156140184391305,-0.008595612175288956,0.001659803510833486,0.031404194462117084,0.011169723809028786,0.0017728267630132688,-0.02587918876988326,-0.0006174033369419352,-0.009374430522709093,-0.021577588676591087,SARIMAX_z_E4_exog
2001-06,243,-0.9274652386893261,0.015296908197907596,0.8917254258736773,0.9840931182472697,-4.990817428380944,3.4415387898059455,-0.7091882650316326,-1.5178737429811566,-1.3323202722864889,-1.1178718867343718,-0.3507915149386993,-0.43669046287289426,-1.2228510007887121,-1.1568406706520442,-0.6643294878495478,-1.0122634122646696,SARIMAX_anom_E2_exog
2001-06,243,-0.0013818569821164208,-0.008763555207075831,0.18422930372348786,0.4964021556471845,-0.038382977274577325,0.04118946778686722,-0.01329041864463898,-0.007809253516957321,0.0030976718376518795,0.031656307776128434,0.014399710910831226,0.003564163740891052,-0.024750218209516294,0.001595434082522562,-0.00820927516443678,-0.021197411962321343,SARIMAX_z_E4_exog
2001-07,244,-0.9332924356058061,0.015290980378367276,0.8905337172363271,0.9836007085134045,-4.9822840416996605,3.4457004678216507,-0.7037774965820475,-1.50645017760877,-1.3151005098687154,-1.099380421019204,-0.5932338089356689,-0.4265029190683972,-1.1973248421035436,-1.1362097855577105,-0.647354157624035,-0.9985417762731128,SARIMAX_anom_E2_exog
2001-07,244,-0.0018789138515761523,-0.008864657893571862,0.17836116868071186,0.4894490481545507,-0.03810076278273582,0.041177230058493844,-0.013119309136121915,-0.007588012534508771,0.00344841792024504,0.03220374546468481,0.004732726143290881,0.004272403461706908,-0.02451810189327659,0.0019690227686252836,-0.007976763168812379,-0.0210631891405061,SARIMAX_z_E4_exog
2001-08,245,-0.9625204330761696,0.015391604232236695,0.8909034559730236,0.9830791357092695,-4.977915297269564,3.461811698617349,-0.6863542168447474,-1.5036916004835843,-1.3243720821233866,-1.1153143082121273,-0.6160341201905759,-0.6740325057890908,-1.1905896402932559,-1.2048902331714744,-0.6843281816423825,-1.0134925869403095,SARIMAX_anom_E2_exog
2001-08,245,-0.0026249142328009373,-0.008058625304933289,0.18791567870673856,0.4968809429474954,-0.03798426753252795,0.041873951697035124,-0.012523937343829153,-0.008065334251560549,0.0025025059625287394,0.031189413911170676,0.0037748627835485203,0.002843424448581523,-0.026796191212962693,-6.507230278641751e-05,-0.00908074652042648,-0.021436052633296225,SARIMAX_z_E4_exog
2001-09,246,-1.0367524258108374,0.015789562318126726,0.8886975612551432,0.9781673089366787,-5.005301415580784,3.4633950572023506,-0.6861651229766721,-1.555884691150847,-1.4189447079577684,-1.2253595118167244,-0.7287703481684863,-0.7818045251005457,-1.2663203496119082,-1.1627703160048113,-0.9293794698295592,-1.1058952297872238,SARIMAX_anom_E2_exog
2001-09,246,-0.005783340141096434,-0.006586177891515912,0.16724310157627634,0.4257819291166485,-0.039464701221341235,0.0431027329369153,-0.012409434726901574,-0.009491706771931936,-0.00017549089400658606,0.026831785830990128,0.0004447993429610204,-0.0006042672963000582,-0.03490082776660284,-0.007344585830063555,-0.01293891327338464,-0.023289688688075738,SARIMAX_z_E4_exog
2001-10,247,-1.097696096452011,0.015809731594087814,0.8889934134168921,0.9774831548029073,-5.038294610646625,3.476824817711827,-0.689187349159076,-1.599500648198298,-1.4969710440421788,-1.317091455717867,-0.8204746711161018,-0.8682379734771744,-1.3568093700629875,-1.2591999935786031,-0.8838522592027165,-1.2678379758828646,SARIMAX_anom_E2_exog
2001-10,247,-0.006317859728273866,-0.006728643993320178,0.16157622341185496,0.41264734309265994,-0.04007081504005612,0.04309751084918932,-0.012858518020168585,-0.011016871442782936,-0.0022689342181747138,0.024843368156376472,-0.0014196167746519874,-0.0022256744228198243,-0.036640931173647674,0.0018631369495492151,-0.0155569171485197,-0.02442802921216805,SARIMAX_z_E4_exog
2001-11,248,-1.1087080420777673,0.01581476185199536,0.8876993417030105,0.9774765263928272,-5.015807603826566,3.475109238199302,-0.6912967249076143,-1.6033182837449598,-1.5115542096831036,-1.3294726917872477,-0.8274482365906608,-0.8762868587672334,-1.3680762105344741,-1.27140274606767,-0.9239977760223099,-1.3188497673718982,SARIMAX_anom_E2_exog
2001-11,248,-0.005455487545704764,-0.005642816027587023,0.15781225539318666,0.40212702015378654,-0.03999101069169347,0.04328022289589929,-0.012798380378805554,-0.010808632388222142,-0.0020622703230803374,0.024997285628778072,-0.0009471273366746075,-0.0018087899458585513,-0.036018450211536254,0.0021375630515177648,-0.008160118434500156,-0.023834810434584203,SARIMAX_z_E4_exog
2001-12,249,-1.1392403454761417,0.015827372777925855,0.8935762660718956,0.9776567251506609,-4.849992887653137,3.3439669757846344,-0.6978363445631073,-1.6370322389676772,-1.5435135694002966,-1.3803226177985497,-0.9001132972424134,-0.9423417371874292,-1.429500572661732,-1.335844527846676,-0.9791360063029044,-1.2614145228269624,SARIMAX_anom_E2_exog
2001-12,249,-0.0063457740614252635,-0.006123861792784107,0.16646840934162158,0.41288648778183107,-0.04092349277090054,0.04290462916480027,-0.01276483266640121,-0.011050104447753001,-0.002335970693961443,0.024576061547819692,-0.001719235649048454,-0.0026329625579267135,-0.03699223351202064,0.001352643044041979,-0.009211549940039435,-0.02695921045039113,SARIMAX_z_E4_exog
2002-01,250,-1.06395813381679,0.015602781857722039,0.8702623619212746,0.9668261703116938,-4.78086049211342,2.912557615042213,-0.3819745802316872,-1.5481001202022084,-1.4671855710298527,-1.2674255766000055,-0.7509820035311895,-0.78967568651582,-1.277974096901924,-1.1795574511558489,-0.8442952377260914,-1.170191104719257,SARIMAX_anom_E2_exog
2002-01,250,-0.004348562157100396,-0.006413094499152421,0.15048848587698252,0.37785326133000485,-0.029605981521359414,0.04393032783836488,-0.012552370969440655,-0.009799122660039402,-0.0005360414154646762,0.02629634673761519,-2.1172412409571296e-05,-0.0011809605675920296,-0.035358723064124874,0.003069797839539254,-0.00821760526615787,-0.026298903224938996,SARIMAX_z_E4_exog
2002-02,251,-1.1846342349149463,0.016065462067693336,0.8980671357758476,0.9788171534241875,-4.856075859002792,2.6696030881089152,0.2129968175175719,-2.02058575389468,-1.6922389371220388,-1.4692396413707924,-0.9545467701418866,-0.9611351646166671,-1.4452684598674164,-1.3545455485369444,-0.9937562735418295,-1.2842644568711492,SARIMAX_anom_E2_exog
2002-02,251,-0.007506962144737457,-0.007288126067794944,0.15202877794042802,0.39970351109180785,-0.03077612402574065,0.023306393821669387,-0.014797280223811849,-0.010957024980877837,-0.0015423318078410994,0.02517066385028928,-0.0020057527037341616,-0.0032717501331496466,-0.03781839837498997,0.0013378083554408341,-0.010737855733140162,-0.028339051784728873,SARIMAX_z_E4_exog
2002-03,252,-1.3236348404954381,0.015456499072413747,0.8983224266079533,0.979542723328122,-4.892097975529374,2.6849957872330066,-1.0348495044986548,-1.7895982147801568,-1.8523069243272428,-1.5055579033591682,-1.0133204720998745,-1.061703555031839,-1.5438765259994203,-1.4461055625938126,-1.0774547961855347,-1.3517424387731833,SARIMAX_anom_E2_exog
2002-03,252,-0.009044828139645352,-0.0062856916753091015,0.1570887028187652,0.41522461673437855,-0.03170123329789206,0.024332686942489398,-0.021136204129717225,-0.0126858498971074,-0.003246536989265068,0.022675613007370927,-0.003460030419766206,-0.0046878960138824095,-0.03816734400153984,-0.00044188310776150085,-0.011652713480127516,-0.028366546288545385,SARIMAX_z_E4_exog
2002-04,253,-1.29928554180993,0.015389138649192,0.8945112388717837,0.9785155213443736,-4.89272716982175,2.677311207475133,-1.0397650516547554,-1.553753492311149,-1.8630140457594027,-1.4565112436263639,-0.9961688296484354,-1.056428438404403,-1.5373229937707347,-1.439130654609068,-1.0726689993308955,-1.3491292688049026,SARIMAX_anom_E2_exog
2002-04,253,-0.008484913933174144,-0.0057658109266391765,0.1566131006111125,0.4124705657866911,-0.031814097265578566,0.024207332299987797,-0.021158856954091892,-0.00744762285859196,-0.002440031569560918,0.022880317190107757,-0.0032516706535532197,-0.00454015236248715,-0.03805746828120446,-0.00031487611680781305,-0.011574568183060643,-0.02835666725632406,SARIMAX_z_E4_exog
2002-05,254,-1.2157784807823828,0.01604362908542448,0.9109925568566539,0.9813894287132264,-4.86260528931073,2.6868300036169304,-1.0468832088413669,-1.496458679568861,-1.3976196386711137,-1.5927430823766462,-0.8118855069898727,-0.9555522559526141,-1.452456077560236,-1.347316457314083,-0.9963755033700618,-1.2942512465415876,SARIMAX_anom_E2_exog
2002-05,254,-0.0065123870101499405,-0.004598785732788031,0.1704209684118994,0.4253786913124536,-0.031190735880557135,0.024475098376587186,-0.020896593665547875,-0.006469926899773851,0.004557620238008961,0.026255539557849095,-0.0011354803097271549,-0.0026714712680512447,-0.036122850617758905,0.0014834758304363084,-0.009873489131914916,-0.02708899546366091,SARIMAX_z_E4_exog
2002-06,255,-1.1920436041105829,0.01606195361961118,0.906875850605702,0.9804768270945475,-4.867524435086763,2.682520973290097,-1.053347773319511,-1.5027925628279346,-1.4080397586704207,-1.2590212619281518,-0.8037239469264544,-0.9650540914096359,-1.4554780559923248,-1.3484354384831383,-0.997694146319438,-1.2976602387440448,SARIMAX_anom_E2_exog
2002-06,255,-0.006686553444673668,-0.004575871472018923,0.1797098663480139,0.4337252370788002,-0.031356241420429795,0.02442485813749556,-0.020783800441123497,-0.006342764228457602,0.004841318907563402,0.023302506276616865,-0.0012616016120574256,-0.002773053548192551,-0.03629097364214295,0.0014937399797474993,-0.010183242768865532,-0.027302754656701945,SARIMAX_z_E4_exog
2002-07,256,-1.1800983103432874,0.01612557772130814,0.906544002235824,0.9801824391528143,-4.870532192862005,2.682058686934221,-1.0543309851400111,-1.506760090481807,-1.4194914328237305,-1.2702715624462733,-0.6179609740097335,-0.9407572583050762,-1.4854169533246429,-1.3614089419633584,-1.0071216468909616,-1.3047058576447212,SARIMAX_anom_E2_exog
2002-07,256,-0.0068358995099918815,-0.0038634996031662225,0.17170985775217606,0.41557301666753205,-0.031304331877511145,0.024630302661573025,-0.02065111655823458,-0.006729727545503953,0.004157230295588091,0.022467801605084627,0.0021751438658835194,-0.004160265625643972,-0.037128750094736436,0.00046232620464503073,-0.010733652146850625,-0.0275688047261496,SARIMAX_z_E4_exog
2002-08,257,-1.1424714295653398,0.016134777635878676,0.9054711387498398,0.9799388155108523,-4.885010844868626,2.670054913611891,-1.0681877252064522,-1.5240669882358744,-1.43972699886256,-1.2908542482075342,-0.6385088254486398,-0.3553263537570304,-1.4473785689427032,-1.4097208816380917,-1.0242059852174945,-1.3188138734069181,SARIMAX_anom_E2_exog
2002-08,257,-0.006776657936351977,-0.003862983653393388,0.16377199906256135,0.3909863187102123,-0.031272976164539425,0.025259757295921215,-0.020259763427678244,-0.007319830274271268,0.003013357933700944,0.020968870160235218,0.0011269855926771771,0.005785246765071957,-0.03982820813243877,-0.0016477472867808805,-0.011882724954806296,-0.027998954165180716,SARIMAX_z_E4_exog
2002-09,258,-1.0905322541502487,0.016178335762274586,0.9036339509443395,0.9794983393820625,-4.892535606279394,2.6638807883057374,-1.0751248149476726,-1.537023654503124,-1.4569941089690837,-1.309480552107605,-0.6573376545711476,-0.37321424675389064,-0.7059468302101506,-1.3419512908846616,-1.0888771236695856,-1.3357436922498496,SARIMAX_anom_E2_exog
2002-09,258,-0.005716641690888256,-0.0035834187568471237,0.15833396294716018,0.3839108645201362,-0.031158645535714118,0.02528089573050745,-0.020319724849812655,-0.007690053624730961,0.002398606227952273,0.02027643023116762,0.0006390139667469819,0.00541044839447222,-0.02168339362305452,-0.002881726486141513,-0.01226179167532558,-0.028212182938054123,SARIMAX_z_E4_exog
2002-10,259,-1.0358392925244184,0.0165698039377055,0.9056347552802649,0.9761729445489181,-4.901945068611257,2.6943953159886007,-1.0471176495021397,-1.5354072172517603,-1.478115090171108,-1.3347031152198008,-0.6815642656794628,-0.3955567460270688,-0.7418981913022002,-0.7039093197033814,-0.7448879926590214,-1.5774441274075754,SARIMAX_anom_E2_exog
2002-10,259,-0.004473019851574621,-0.004340928970569217,0.1861140480026108,0.435326356039054,-0.030608480493061106,0.0264912369384748,-0.01903360999803176,-0.006635427332356822,0.0035548986475196828,0.021280519293889397,0.001716717203266776,0.006403864939931861,-0.02078241361492859,0.004478296866794997,-0.01463792232985704,-0.027871899053163007,SARIMAX_z_E4_exog
2002-11,260,-1.0057232651450452,0.016554064733013456,0.9045704891279546,0.9761775116257662,-5.009541880608398,2.6855004033154595,-1.061183229130284,-1.5547223738589464,-1.5056751169414075,-1.362817555207488,-0.7073904563057688,-0.42063001370019804,-0.7705995265380872,-0.7335876848634073,-0.23226631107302398,-1.4318652979086255,SARIMAX_anom_E2_exog
2002-11,260,-0.0041722465839454225,-0.0041903282151020795,0.18578675055278565,0.43468300194998644,-0.03141044409086004,0.026862430444066585,-0.019237732857580476,-0.007133953143401112,0.002676030470966691,0.020049550872043232,0.0011044075771963707,0.0058158039672611276,-0.020944601843169416,0.0036570262398515755,-0.0038786977549428825,-0.029280280748651685,SARIMAX_z_E4_exog
2002-12,261,-0.9314933808783783,0.01646626261818997,0.9033677880003935,0.9751552227455982,-4.972050225303075,2.6394522187515768,-1.08719071665275,-1.5727793479116665,-1.5352977195597446,-1.388174380100076,-0.7315077189381012,-0.4477453488909005,-0.7953826914960008,-0.7542351915237656,-0.2509974691784176,-0.31043509703622374,SARIMAX_anom_E2_exog
2002-12,261,-0.0027547167781360937,-0.004137809758973417,0.18714193725996628,0.433453761516452,-0.03182262740895571,0.02680711910192657,-0.019296657557285907,-0.007204119675194159,0.002631616584867193,0.019962307528610536,0.0009450140341669184,0.0055914262667717965,-0.021109417580443393,0.0035777988789864805,-0.004101708311740451,-0.009766808450702406,SARIMAX_z_E4_exog
2003-01,262,-0.8286451740013097,0.016211720434648573,0.910155707560108,0.970170990938081,-3.7283020042948576,2.9933809573201,-1.305365655868935,-1.608746677313129,-1.4741102259827727,-1.3455866101326643,-0.7369368875749648,-0.4582075903592972,-0.8041451954289468,-0.760657837863869,-0.24966503791268624,-0.3133399749012619,SARIMAX_anom_E2_exog
2003-01,262,-0.0019539796753318167,-0.005087012716085397,0.19079876000656612,0.42598169391715296,-0.022554095961031858,0.025421386539132736,-0.019413542088561615,-0.006964978634581027,0.003201425444459999,0.02053910631791186,0.0013836033768174392,0.005843286084165824,-0.020858887103687513,0.004121234204902422,-0.0039999587890992006,-0.009715617139809356,SARIMAX_z_E4_exog
2003-02,263,-0.9495088693919803,0.016119966378082735,0.8591747609317953,0.9620402739040228,-3.8462740283374512,3.713586250168531,-1.9085272832523323,-1.4821186864105513,-1.6887839460150678,-1.6265793440367644,-0.9873144822346461,-0.6787865042120137,-1.0172391131332494,-0.9839834889744068,-0.45378743369819285,-0.4778901186521758,SARIMAX_anom_E2_exog
2003-02,263,-0.0024349162898739175,-0.005291626373119179,0.15132709684217394,0.38844340231215685,-0.02550345829177657,0.05089568468061078,-0.01783294513900516,-0.008687704203177705,0.00045322562721535693,0.01665282720286619,-0.0025896776917648497,0.0015748673839279701,-0.02432603750827822,0.0003641871037677829,-0.008103589455226655,-0.012816285589879229,SARIMAX_z_E4_exog
2003-03,264,-0.8379336848182156,0.01611305414860008,0.8580669788257852,0.9620324589161308,-3.8587087269147675,3.698063605691384,-0.5053878517929963,-1.3242767696662399,-1.7884981947395602,-1.6448928212509641,-0.9924566668061131,-0.6872997529959618,-1.024546696539462,-0.9871219103046481,-0.4550415541372528,-0.48503687836199477,SARIMAX_anom_E2_exog
2003-03,264,-0.0011203324225942425,-0.005673506455297627,0.14706997890032172,0.38482704488074426,-0.02483401727931994,0.05089283589822859,-0.009254554314651638,-0.008559271776686495,0.0015191876203158065,0.01818513224043138,-0.0015521821651077765,0.0025575231626764994,-0.02381511885086683,0.0014509381680181928,-0.007532186449701883,-0.01250227532446671,SARIMAX_z_E4_exog
2003-04,265,-0.9143587476874006,0.016348793017413512,0.8580809468363376,0.960057478475373,-3.9014212365692615,3.662094356959682,-0.5335515195964199,-1.4919560496862712,-2.0290270643213764,-1.6813403663494102,-1.070014519586314,-0.7494489704133421,-1.0808605815167083,-1.0416105627063639,-0.499566090657332,-0.5293479449875588,SARIMAX_anom_E2_exog
2003-04,265,-0.0018716430837801474,-0.006013142084587208,0.14092864144317485,0.37243399039738095,-0.025819972535433264,0.04996270650688843,-0.010391929317756687,-0.0041636696222684035,0.0009654645256535023,0.016680322124325794,-0.003111969647572407,0.0010841964184327298,-0.025342806561861938,0.0001363976730537241,-0.00867428569329491,-0.013679987851051767,SARIMAX_z_E4_exog
2003-05,266,-0.8710317117253495,0.016320608300514402,0.8589538856498421,0.9597402540773333,-3.8957380481732558,3.666813937308116,-0.5256832941412857,-1.485909379564335,-1.573206827608901,-1.5962749111190013,-1.1122668738079113,-0.7433359108147379,-1.0716611776722642,-1.036434734614309,-0.4950095687211929,-0.5238077161513672,SARIMAX_anom_E2_exog
2003-05,266,-0.0009202644428263301,-0.00597154172511843,0.1398361294274192,0.3653649719118003,-0.02516510249826687,0.05055872638562519,-0.009568562513421414,-0.003056666078110484,0.0017768807294545402,0.017656885042479364,-0.0019560617443331266,0.002192563985417067,-0.02415916223613467,0.001218633347239161,-0.007774892273874093,-0.01279190380258144,SARIMAX_z_E4_exog
2003-06,267,-0.8548502463418503,0.01627413636114687,0.84676325346794,0.9549659339404155,-3.871536223779519,3.688329010847433,-0.5012212341508914,-1.4514242516077582,-1.5300825387620542,-1.7160158045379916,-1.036122401662839,-0.7302390518349046,-1.040098893086386,-1.004676545094439,-0.46977948368576894,-0.49838227257062134,SARIMAX_anom_E2_exog
2003-06,267,-0.0003286401653666836,-0.00586430912373023,0.12864024952036968,0.336498652032778,-0.024633464855357366,0.0512688449841943,-0.008954190707931615,-0.0022753059230110834,0.0025779079407178733,0.016418991242825923,-0.0017098351794608507,0.002912201535615974,-0.023197447279818484,0.001851310353717762,-0.007033053155543953,-0.011974527929286516,SARIMAX_z_E4_exog
2003-07,268,-0.8601276116735009,0.016232492150240786,0.8481975843672407,0.9542502559116325,-3.8480712137804476,3.7116186718269777,-0.4746012019806071,-1.4219599117884596,-1.4989180383336913,-1.6866236290495684,-1.385656280325265,-0.6569389798695625,-1.0365944815383399,-0.9819046294816254,-0.4494063771598061,-0.4764458407469323,SARIMAX_anom_E2_exog
2003-07,268,-0.00024683263719526286,-0.005992728376374505,0.14418018935269938,0.34438179748674946,-0.02400661818251346,0.05210003859741892,-0.00846602309844548,-0.001619612379095069,0.0030560902756645,0.016968871848734607,-0.006594930687905393,0.0026754385578912684,-0.022484281843017654,0.002310776125927268,-0.006305231014465141,-0.011178225737727466,SARIMAX_z_E4_exog
2003-08,269,-0.8848791169113601,0.01623690967594997,0.8521489729169829,0.9567854243970941,-3.837972654743348,3.7182792612152142,-0.46466686230183546,-1.406307963589245,-1.48487728124885,-1.6697549468380644,-1.3664277394404167,-1.05164487338224,-1.146911273658317,-0.8949442026954486,-0.43003585742536604,-0.46716604428558045,SARIMAX_anom_E2_exog
2003-08,269,0.0008402584193040198,-0.0035583460671790553,0.1982866812226844,0.4613567038408216,-0.024030938584798246,0.04980592470391687,-0.00828061609315913,-0.0008913430302441005,0.005365754191539847,0.019945497567837225,-0.005454680913315357,0.006209919513670177,-0.020020012867522054,0.004682662787218819,-0.006084966991463134,-0.01211745630807683,SARIMAX_z_E4_exog
2003-09,270,-0.874084566747505,0.016338312167596014,0.8527440615863467,0.953094670918757,-3.8319530151096455,3.719324229868613,-0.4571916086041178,-1.4065852366118035,-1.4815212020123565,-1.669212512384421,-1.3682669207836857,-1.0517614219821503,-1.069780071945401,-0.7777961873180659,-0.4966123106857632,-0.47026672679968,SARIMAX_anom_E2_exog
2003-09,270,0.0010949062318547852,-0.0045459638817649485,0.2104264736817339,0.4464212331517753,-0.02339952414655875,0.049059705958798654,-0.007823335991734211,-0.00019676091165747288,0.006705267017929445,0.022008048192478778,-0.004588994794255326,0.007167419170603783,-0.022567426239088164,0.005298290857475837,-0.006064766821069093,-0.012548052739978971,SARIMAX_z_E4_exog
2003-10,271,-0.7913834428838854,0.016348478649503704,0.8613977177200656,0.9612326295168254,-3.7667543250799067,3.799952422807206,-0.38504905485563756,-1.3048029464939435,-1.3609640979600368,-1.5484454588952485,-1.2659914695262457,-0.9634912305805046,-0.9849088647776926,-0.8679720695120815,-0.18368710322761475,-0.5391738420704318,SARIMAX_anom_E2_exog
2003-10,271,0.00248843504277255,-0.0027170874009282624,0.23678589578575682,0.4800428155979969,-0.02204465824900899,0.050356593302679394,-0.006753554098299298,0.0010026546273938846,0.007675458261046585,0.023416061298396712,-0.0032124053415042335,0.009248557495283513,-0.021440100409728834,0.008287255682303098,-0.005635722748797181,-0.011382484593484156,SARIMAX_z_E4_exog
2003-11,272,-0.7399656268903502,0.016408473516957255,0.8682203643632368,0.9634993156717512,-3.7967707147366965,3.8582873114140614,-0.31945059258699565,-1.2393480540042965,-1.2909529531458104,-1.4858350397770295,-1.2030473052919586,-0.8989139907626388,-0.9244177485880894,-0.8158795302485559,-0.31903777215676343,-0.3415980701243148,SARIMAX_anom_E2_exog
2003-11,272,0.003398902528151514,-0.0025987714331011783,0.22686039229040544,0.4731541424019359,-0.02125875202367421,0.05172273399991101,-0.0057470079505606815,0.0019294777949824598,0.00836357566970294,0.023909930008518286,-0.0023484810441633023,0.010232766690112449,-0.020398299712354503,0.0087237125675802,-0.0033298561130633516,-0.0110080425326323,SARIMAX_z_E4_exog
2003-12,273,-0.5894291108178412,0.016240707746868234,0.8755229666482469,0.9711272961673995,-3.315491227892125,3.7431752468085464,-0.178905569178138,-1.1007305408458814,-1.0991810737614511,-1.3327012821017796,-1.0847260579029199,-0.768712300286087,-0.7955117494674543,-0.7082651057799605,-0.22681099969741758,-0.11759015744021153,SARIMAX_anom_E2_exog
2003-12,273,0.00485843858223271,-0.003284582707355746,0.19021591075069272,0.4381836026815642,-0.02102266914089461,0.05340644880358898,-0.00400622087111765,0.003776700060498302,0.0103302968197589,0.025442342025799414,-0.0006029863322175637,0.011633782957219767,-0.018570155057019925,0.009811891358595799,-0.0021393293272469675,-0.009158740786481557,SARIMAX_z_E4_exog
2004-01,274,-0.7878036159791497,0.01644969230237038,0.8433409348695807,0.935527298451058,-3.256885166793768,3.065651152223471,-0.06892019618834831,-1.2816502363962297,-1.425778413951577,-1.5985355110622428,-1.2678581818774357,-0.9474471596535612,-0.9737662951372154,-0.8613955848235342,-0.35767494734389377,-0.2805855382240087,SARIMAX_anom_E2_exog
2004-01,274,0.0038689010778577664,-0.001954545582535902,0.13901611692652638,0.3263143287794877,-0.010208267239960697,0.05149793141178674,-0.006145416238235237,0.0016109831150806677,0.008471508216931179,0.02397463568888284,-0.0026595089766175972,0.009423704154111172,-0.020876807661289336,0.008595725231691111,-0.003923650983271752,-0.011698601479692749,SARIMAX_z_E4_exog
2004-02,275,-0.965509782170095,0.015084405643928654,0.7686679489431492,0.9117818134464553,-3.5572380162306936,3.8917392566646107,-1.2327124046686997,-1.2412180642691848,-1.7824757796952437,-1.8786709818025966,-1.4498585854720691,-1.1667972046962953,-1.1815160535338598,-1.0019282451376672,-0.48205477992237994,-0.5150040326030922,SARIMAX_anom_E2_exog
2004-02,275,0.0005343913504892519,0.0012022526865055785,0.14790770396242464,0.33471305627263537,-0.012613273686501447,0.052014667200704544,-0.009344566128686026,-0.0034780373295022773,0.0005068575204057022,0.016647053453180745,-0.0074514237413895665,0.007332134869536544,-0.023809870822698916,0.0050661366960785634,-0.004730169122075149,-0.014156332593580536,SARIMAX_z_E4_exog
2004-03,276,-0.9308810751179724,0.014522583629744422,0.7503785600387654,0.9040978661576506,-3.6047586717400755,3.865641683815836,-0.5529596582156344,-1.3911056602076481,-1.766580356137663,-1.9759678528426128,-1.48221550094948,-1.1523010980791042,-1.1609561301814897,-0.9673881124002497,-0.45272264598777545,-0.5292588984897657,SARIMAX_anom_E2_exog
2004-03,276,0.0004680885951528306,0.00042012580056754133,0.13778685457607748,0.3244184241573971,-0.013935110543148086,0.05205459967272824,-0.0015644741267136484,-0.003705806865672555,-0.0011768018744417392,0.01422401667979255,-0.008420591969625529,0.006248088157968512,-0.023624148495845897,0.003992440164159706,-0.004630026854821307,-0.013845120802546455,SARIMAX_z_E4_exog
2004-04,277,-0.9461140018992841,0.014972911315873961,0.756093696477198,0.9038282581101083,-3.6089395050651927,3.860824056109239,-0.5622790525494574,-1.315276373034622,-1.7356894061643897,-2.0768367886909824,-1.490259304623683,-1.1772882926576784,-1.1966499207050922,-1.0041309278537978,-0.4838816277591742,-0.5469103419211305,SARIMAX_anom_E2_exog
2004-04,277,0.0003562466783766492,0.0009880374783687287,0.13797757591465357,0.32293287242420526,-0.014035274822372637,0.05200583383664889,-0.001505513098259511,-0.002411216714728585,-0.0015914545213186494,0.013924412721727225,-0.008716129661948,0.005949078750352472,-0.023943892815150462,0.0036542001013363003,-0.004903645294532022,-0.014031113845882877,SARIMAX_z_E4_exog
2004-05,278,-0.9636210536292501,0.014947863948729405,0.7235991125786103,0.8873998276645598,-3.6254510700828084,3.8500182034298183,-0.5851232898126648,-1.333519088632401,-1.7030677703504769,-2.041697734509353,-1.5622707958793283,-1.1964054447545118,-1.2196711424942952,-1.0282615030686058,-0.5037886431936124,-0.56598198369301,SARIMAX_anom_E2_exog
2004-05,278,-0.00013454287645110402,0.0015179643739238798,0.12135322810569153,0.29152864548704666,-0.014507911316604796,0.05179704704560915,-0.0021106505535039106,-0.003316996276883107,0.00034608315913813953,0.012148466778543959,-0.009697556814159118,0.005307684746768252,-0.024537724071619693,0.0027621033261406376,-0.0052706988445584725,-0.014416890941291215,SARIMAX_z_E4_exog
2004-06,279,-0.9571003508157722,0.01489285892478221,0.71709826708994,0.8836404801497725,-3.6358749397456136,3.841373692646566,-0.5953226212616956,-1.348739625441728,-1.7221384917834237,-1.8052149827058477,-1.5457094525985833,-1.2257839643022381,-1.2311577983748714,-1.0393996928822598,-0.5136524576945497,-0.5764190040152858,SARIMAX_anom_E2_exog
2004-06,279,-0.0009689228772630458,0.0014128767330803642,0.11487252511014574,0.2768118443609846,-0.015409407928611235,0.05136874704242037,-0.0030984786490483598,-0.004522440281459335,-0.0012150557773376914,0.012620304173781774,-0.011445014895468288,0.004189299317006917,-0.025314387438844,0.001582064229392767,-0.005842194215408839,-0.014966143875179588,SARIMAX_z_E4_exog
2004-07,280,-0.9374812085323068,0.01499427895582823,0.719644463525247,0.884637166919987,-3.6309889432533473,3.8470958874535945,-0.5890104871579317,-1.342096205744762,-1.7201743753800727,-1.8031346637323413,-1.3137489389480557,-1.239273368305567,-1.2220878454980997,-1.0410671331195243,-0.5152949759514994,-0.5743747853728555,SARIMAX_anom_E2_exog
2004-07,280,0.00032621038354958555,0.0014764493898201771,0.11146011728323574,0.26293751422915523,-0.014726041794991552,0.05173923564955276,-0.0023267862381621865,-0.003622298744349569,-7.144833958294221e-05,0.0138215345515324,-0.004276630063261622,0.005407954504757521,-0.02470348520695609,0.002424982945601769,-0.0054191404560309095,-0.014531018112911895,SARIMAX_z_E4_exog
2004-08,281,-0.9105806746336547,0.014974975842438364,0.7167897097096281,0.8845442717158707,-3.624799777821134,3.852475825417588,-0.5834058003191478,-1.334330300489152,-1.7128678107335062,-1.7956617126803802,-1.3049862415447466,-0.9869526906704742,-1.220380962903121,-1.0281410437522647,-0.5080651330070901,-0.5675961261026109,SARIMAX_anom_E2_exog
2004-08,281,3.7097877140942495e-06,0.0014701854080457007,0.10950356975132622,0.2597617005651544,-0.014566954281880677,0.052108642065413414,-0.002096562646523745,-0.003519220095805483,-9.541165295502234e-05,0.01367895782144681,-0.004265937747028807,0.0004526738901704473,-0.02452949288483925,0.0023061215318339167,-0.005378556407178412,-0.01432072097822582,SARIMAX_z_E4_exog
2004-09,282,-0.9192797266128699,0.015043252496787483,0.7167132770953197,0.8807965604180481,-3.6524312627985975,3.8299518774134533,-0.6092372969320523,-1.3730641367323446,-1.7657578545782062,-1.848741028677299,-1.3565982533522682,-1.0348718868619695,-0.9084214495930247,-0.9710588731232146,-0.6178328473262494,-0.6027816959179692,SARIMAX_anom_E2_exog
2004-09,282,-0.0008056047730580532,0.00216712871825996,0.11417048242498708,0.253671964871238,-0.015011364225192171,0.05139295292424337,-0.002790736367005278,-0.004831315073271891,-0.0016620471488633288,0.01239921003524976,-0.005488959646230955,-0.0006263457292900362,-0.020151974602441114,-0.00010024446041661359,-0.006562543807634069,-0.015558767283387757,SARIMAX_z_E4_exog
2004-10,283,-0.8882513142538246,0.015068986840697013,0.7147034468610074,0.879379479082777,-3.654257117704108,3.825305819043817,-0.612234714937107,-1.3739194489475228,-1.7644089932174385,-1.8458936037103444,-1.352355706800101,-1.0314143414511339,-0.9047521166344848,-0.6129283935964972,-0.6161641941561993,-0.5999967239529924,SARIMAX_anom_E2_exog
2004-10,283,-0.00016446866864246773,0.001941276864599923,0.1134922858854726,0.25148791756969924,-0.01523388865068342,0.05100064733100399,-0.003059908294515079,-0.005146849117408592,-0.0019344266567110403,0.012229030980970501,-0.005825230187790224,-0.0009332857828770238,-0.02060428030803992,0.010959699726506936,-0.006978978166527196,-0.01600684791221026,SARIMAX_z_E4_exog
2004-11,284,-0.8061011929309481,0.015246014433917451,0.7142826798744151,0.8790715356907409,-3.7872111050417754,3.875861277154436,-0.5442586314627039,-1.3443467264404159,-1.7375757872758866,-1.8346077316854403,-1.3455397123026966,-1.0156904981099004,-0.89068871091796,-0.6070746066428008,-0.05320865139250467,-0.28539852317024134,SARIMAX_anom_E2_exog
2004-11,284,0.0008453244445353039,8.128530389869307e-05,0.10659570118763538,0.2413266739951303,-0.014300550097680663,0.051086517949315347,-0.0020258167500109632,-0.004253165300908117,-0.0006167359673608189,0.013943564628135471,-0.005067168004477263,-0.00017688456697679636,-0.020634478536541805,0.01196151925488309,-0.0017675765713608405,-0.01742387528429363,SARIMAX_z_E4_exog
2004-12,285,-0.7776380454787013,0.015195749549729258,0.7172812622782809,0.8999643239661003,-3.628535987899353,3.809486472001952,-0.533371666990197,-1.3356532452196437,-1.7346081168671168,-1.838536177933156,-1.3589726678573435,-1.0267011883233046,-0.9027278476423058,-0.625656905775959,-0.06631402023654094,-0.007544653270263879,SARIMAX_anom_E2_exog
2004-12,285,0.0015906430083449208,0.0001905714756013809,0.1084306735685941,0.24996395802258803,-0.014963478288786655,0.05108033497310374,-0.0021572843177825427,-0.004550447321087429,-0.0010690323746030683,0.01338801190886659,-0.005455673026684556,-0.0005176157126517931,-0.020878463305306294,0.011505498222298424,-0.0020108635813844513,-0.004067119269947091,SARIMAX_z_E4_exog
2005-01,286,-0.7451666755527848,0.015256175943705907,0.7212940394903625,0.9116725879353882,-2.900691386334927,3.9189085081171458,-0.605803056128663,-1.3580624361911962,-1.7645380596222724,-1.880653109757267,-1.3949302798572887,-1.0519440804577675,-0.9293798424736567,-0.6580670242071515,-0.09285603927638182,-0.023840016981738543,SARIMAX_anom_E2_exog
2005-01,286,0.0015822309225938147,-0.000244155489783963,0.1092810920880113,0.2560056594241576,-0.010085232066998332,0.050227072940156575,-0.0024451232495782934,-0.004772344196863639,-0.0012369049958437378,0.013060006746370145,-0.005943098128828354,-0.0009871470036483254,-0.021224586334455158,0.011037348385295373,-0.0023930204782635265,-0.004391138552659046,SARIMAX_z_E4_exog
2005-02,287,-0.7067483571383508,0.015279148047928574,0.7125031972940181,0.895118794175463,-2.9448313868905145,4.309130518658967,-0.7620614125679203,-1.316452201308272,-1.810373802631437,-1.8976470084525807,-1.3722878876598337,-1.0385265232041834,-0.9154508582519192,-0.6268068962900456,-0.07071246533398678,-0.03726507237139032,SARIMAX_anom_E2_exog
2005-02,287,-0.02907289624764843,0.0864406273509873,0.09638885893109894,0.13775601809897078,-0.038703765040676553,0.10067655819287963,-0.011392119182165173,-0.058311055997130566,-0.10411058932992312,-0.13816630165913787,-0.022721562798263612,-0.047509495557728515,0.01125730157338852,-0.07094740076759713,0.003612742699755478,0.02817763193921306,SARIMAX_z_E4_exog
2005-03,288,-0.825339551951031,0.013423245257130095,0.6016443220317444,0.8661381852264195,-3.2539179945855214,3.9661909800140687,-0.21808591744703656,-2.107255922422617,-1.6571304429183744,-2.051238423680501,-1.4526677471182747,-1.1310616975079606,-0.9966051242184714,-0.6499107487740888,-0.11864573890839598,-0.23374584584519673,SARIMAX_anom_E2_exog
2005-03,288,0.0009538628628599885,0.0007205259955590666,0.07280803497993917,0.18831437992736244,-0.014587903828590062,0.04980398050928273,0.012538582899090453,-0.008045046880522747,-0.006226014553104213,0.009610762039562923,-0.007183765627814161,-0.0022568949362523627,-0.022738002003222846,0.010707469145141665,-0.002956066413688674,-0.0072207459955628646,SARIMAX_z_E4_exog
2005-04,289,-0.7593019399582451,0.013294351332074525,0.6015400397637507,0.8616751418125083,-3.248272996170737,3.9618381072970696,-0.19175672803039134,-1.2683840267140147,-1.5444232797029214,-2.135341191721285,-1.4613031870165758,-1.1472116563459898,-1.0152290672790538,-0.670169983890478,-0.1336205920638065,-0.23653692424593528,SARIMAX_anom_E2_exog
2005-04,289,0.0017043467647330625,0.0007934199539332449,0.07103553709920873,0.18279426739788923,-0.013884719569637808,0.04948573055943317,0.013381577342753618,-0.0033368199573844026,-0.005593167030575196,0.011017845266082479,-0.006700849066169838,-0.0017874956378269534,-0.023001815258638203,0.011530004165235383,-0.0029804502543520073,-0.0074676307687019565,SARIMAX_z_E4_exog
2005-05,290,-0.7677520252768727,0.013395224800755912,0.5990754269037697,0.8592187932298857,-3.230711375145937,3.978037433099459,-0.17606071429398185,-1.2392842517218228,-1.8108243318557962,-2.1201541362274203,-1.4318374977513209,-1.130732717976733,-0.9984694667963048,-0.6526625910601537,-0.11791614384927011,-0.21929998753385624,SARIMAX_anom_E2_exog
2005-05,290,0.0017619057331487585,0.000487260942030793,0.06950578889079503,0.1791564662851427,-0.014391567080771975,0.04908701391423723,0.012711327503760472,-0.003905658540104273,-0.0007406394996080068,0.011057084083520722,-0.007076253793857863,-0.0021817915940524533,-0.023277244655298974,0.011187532885768237,-0.0032018786800716383,-0.00778463451631925,SARIMAX_z_E4_exog
2005-06,291,-0.7489288264706152,0.013386214001297364,0.5944990869224835,0.8563853564702507,-3.231509706370247,3.9776600108990983,-0.17631829528677656,-1.2420436144138203,-1.822964204528811,-1.8406307734680933,-1.4025696021803686,-1.1474515985362734,-0.9984491810857085,-0.6531664306673713,-0.11878606443984434,-0.22013095286087866,SARIMAX_anom_E2_exog
2005-06,291,0.002334213931503182,0.0004280649686877919,0.0625624257488654,0.16840936208398757,-0.014000271972681083,0.04960161468177356,0.013239661713211448,-0.0034427712968503952,-0.00032001044302330415,0.013108538744011087,-0.007124833566238609,-0.0018463025763825608,-0.022801256551829557,0.011495320091437463,-0.0027526584085944363,-0.007244093037196688,SARIMAX_z_E4_exog
2005-07,292,-0.7307580758953013,0.013514928967845582,0.5830372720075068,0.8498564617505594,-3.229978695867647,3.9779241346082714,-0.17469892475357085,-1.2390067745335351,-1.8128062096529924,-1.830811190065798,-1.2176419761925286,-1.1164394704649003,-1.0121657831251885,-0.6485059783887124,-0.11495439076635587,-0.21762690792134384,SARIMAX_anom_E2_exog
2005-07,292,0.0021872902337210743,0.0005609750659336666,0.05205406019824182,0.14640341508396898,-0.014164957668411212,0.050069143254895726,0.013056138217029408,-0.003448012550726518,-0.0005044042184514586,0.012642318358085922,-0.008800954732872047,-0.0024213608882935798,-0.022280203619875667,0.01139706167146387,-0.0022618076389957866,-0.006666301792577045,SARIMAX_z_E4_exog
2005-08,293,-0.7316318450978953,0.013289339199617577,0.5826780412338977,0.848581951250154,-3.2478240977116926,3.9607637109205593,-0.1972821022959034,-1.2616071723556535,-1.83851508006828,-1.8538647360773308,-1.2346402057154668,-0.9302347517745367,-0.9869736808598711,-0.686397816946488,-0.12592225618514993,-0.23288800541734922,SARIMAX_anom_E2_exog
2005-08,293,0.0010741880245161582,-0.000246851425174646,0.0637542807629713,0.15853375665711808,-0.015361830986363262,0.049463662953596464,0.011468772753209086,-0.004853924410232668,-0.0021415055050889365,0.010907305612226168,-0.009421089248924064,-0.004510104839222393,-0.023471699893932718,0.010584779706339234,-0.0022768461909492554,-0.006856002885054706,SARIMAX_z_E4_exog
2005-09,294,-0.7312334763481588,0.013365248519844122,0.5796255251083178,0.8461848539918995,-3.2535460323111516,3.9544578469715255,-0.20389268564793164,-1.269564272165813,-1.8464760329915,-1.861408690139806,-1.240120146460286,-0.9345845297929205,-0.9148310489856601,-0.6749693613406743,-0.1390661549447619,-0.23748461410030033,SARIMAX_anom_E2_exog
2005-09,294,0.0012497029117503034,-0.00029906581258049854,0.062178657753294383,0.15436339895549772,-0.015389417015287926,0.04950017289673644,0.011460272958152884,-0.005064898669683906,-0.0024528888181909025,0.01059024022402727,-0.009589754180118431,-0.004630046992270915,-0.019096394804402332,0.010484579065834942,-0.002377421324511094,-0.006865426702985039,SARIMAX_z_E4_exog
2005-10,295,-0.8056216858179633,0.013299289211093215,0.5825738684842505,0.8379101162851239,-3.3155404432189926,3.8963241600157783,-0.2805586873350426,-1.3601924636252687,-1.9433273585486353,-1.955412045616232,-1.3265306434943887,-1.0115452759260095,-0.9876801661661443,-0.7638934858677081,-0.07595394603134646,-0.3885986390632941,SARIMAX_anom_E2_exog
2005-10,295,-0.000591576956706467,-0.0013575412495929944,0.06915395915886575,0.15022994231856412,-0.01658630496026257,0.048555253316238854,0.010003909737424599,-0.0064868680029290275,-0.004009035731431508,0.009011420154872123,-0.010974403705766753,-0.005864968884991337,-0.020220690501743802,0.0035059333319585172,-0.004564080316041681,-0.008181688974343062,SARIMAX_z_E4_exog
2005-11,296,-0.8576431002812192,0.013184245118240547,0.5880873223184475,0.838788775658386,-3.414702934514478,3.8888859264047606,-0.31254460030063785,-1.4074651309440895,-2.0071226787919967,-2.022340420123391,-1.387517051030605,-1.064828258141472,-1.0403079330500065,-0.8215135310637791,-0.2586588165940708,-0.31240973282946527,SARIMAX_anom_E2_exog
2005-11,296,-0.0013411458279262275,-0.0012826912402999285,0.07355552723716687,0.15823052969601642,-0.01719994978666985,0.048303966007560505,0.009517822922215221,-0.007767955920129715,-0.005703093676301941,0.00729157310267559,-0.012269664417603915,-0.006929091346209138,-0.021124522772394173,0.002177381814852164,-0.001137973859740331,-0.009804984484559002,SARIMAX_z_E4_exog
2005-12,297,-0.8781581719819317,0.013169301809716207,0.5891881981199809,0.8385069881908007,-3.379865328812724,3.8510099513080807,-0.323273951318176,-1.4381154923109691,-2.0466744363516516,-2.067308879881613,-1.429052745333324,-1.0988388044180246,-1.0740904592974807,-0.8593902945611132,-0.28983406627827435,-0.27116974904299346,SARIMAX_anom_E2_exog
2005-12,297,-0.001328482640882171,-0.00149966262361287,0.07421504895648381,0.1599740190010051,-0.017526732885504853,0.04825365915397028,0.009354611922126388,-0.007931536715236432,-0.0059218560797258514,0.006992770753753676,-0.012585582104689998,-0.0072369420636404945,-0.02141386135292847,0.0018725869101109361,-0.0014390627041960657,-0.0065971670800957375,SARIMAX_z_E4_exog
2006-01,298,-0.9850493888778327,0.013105102592656674,0.6031582137884484,0.863033839130334,-3.3888392430106626,3.969980024709679,-0.46425482919584243,-1.5436152461189032,-2.172336989669694,-2.21693946891602,-1.5843061803132732,-1.2313924017672233,-1.2039189151584753,-1.005485866363393,-0.4110550978373263,-0.34939549396207914,SARIMAX_anom_E2_exog
2006-01,298,-0.0027082785093296862,-0.0018909695072812933,0.07455649736774343,0.1648177858272711,-0.018953943174065162,0.046938176959892525,0.008565541947385605,-0.009138239997868535,-0.007395036545997963,0.0054781931803812075,-0.014167577769741051,-0.008655097827553724,-0.022865794681150565,0.00043356423161776457,-0.002749321647418852,-0.007552995750399958,SARIMAX_z_E4_exog
2006-02,299,-1.0103095382545353,0.013059373559878814,0.5958942103033653,0.8517024808236768,-3.3743089277471916,3.276758822683338,-0.5121562332616966,-1.478344269470556,-2.1480241489209995,-2.191983649807986,-1.5623399685387744,-1.2127709264097222,-1.1860116690558493,-0.9869758533880909,-0.39448709806687615,-0.333144404870297,SARIMAX_anom_E2_exog
2006-02,299,-0.0028043359004280323,-0.001961237664176802,0.0710218724039545,0.15771164322476267,-0.01864828470216205,0.03925973292386018,0.009285579688893172,-0.008650283847427331,-0.006830056567041073,0.006088567529278794,-0.01376272523567621,-0.008298367481378736,-0.022621166203820944,0.0008408833644341751,-0.0024901932674250204,-0.007342120383098502,SARIMAX_z_E4_exog
2006-03,300,-0.9342949595620578,0.013560603474619551,0.5542704030702668,0.796102176745304,-3.2187610621722786,3.425164985734374,-0.7246373475204883,-1.682045857619402,-1.7787639266973647,-2.057246298636062,-1.4609066937963622,-1.1384898359208113,-1.1223206803437982,-0.9272937377279297,-0.3195486761807902,-0.20669038386377991,SARIMAX_anom_E2_exog
2006-03,300,-0.002728512010741821,-0.0006455286610464942,0.07437887657951471,0.16348613214661312,-0.016479749691749614,0.04013459915432148,-0.0027070247988787433,-0.00619983477462899,-0.005751911176308954,0.007473174602572241,-0.013027714025729704,-0.007401886332746588,-0.02229917803396715,0.0013628110029987228,-0.0014958385315000289,-0.006349591523284641,SARIMAX_z_E4_exog
2006-04,301,-0.4426251673702461,-0.0018596599411242643,0.6067497192107127,0.8766244095517531,-3.0380588311637844,3.684120068013113,-0.8726133916825841,-1.634793495681841,1.1450938118265728,0.5213702063097702,-1.1757890031671476,-1.105288211975937,-1.2128675910468751,-0.9894953033420338,-0.3965590730999318,-0.18893446029981192,SARIMAX_anom_E2_exog
2006-04,301,-0.0016392541684681068,-0.0001542880298403856,0.08025257123213121,0.19056486711686849,-0.01529031062283021,0.04425007010146238,-0.0009774177398271177,-0.005330624623427329,-0.0027900709818583736,0.006368918887087358,-0.012716376785340903,-0.007399581406859217,-0.020992805208271563,-3.197111570583111e-06,-0.0008964940876064808,-0.0037455056243768177,SARIMAX_z_E4_exog
2006-05,302,-0.8704150698614112,0.014299078812208798,0.590470317363635,0.8885022046440415,-2.9821217428289075,3.7979283772636823,-0.6090977498826743,-1.8774661258692815,-2.534768254060922,-1.6069658441377117,-1.3261049896042922,-1.0574983590710436,-1.0344607637169456,-0.868534072416889,-0.21826165485334856,-0.020773489550298976,SARIMAX_anom_E2_exog
2006-05,302,-0.0015898934530827944,-0.0010911426051765723,0.07297293936296094,0.1931720419321019,-0.014979734457091711,0.04564898877910533,-0.0008709089844960794,-0.0052151110700922555,-0.009964587428850579,0.008779132769040876,-0.01189315798010286,-0.006982773552458608,-0.020154578277847265,-2.9019063989990103e-05,-0.000286642666916217,-0.002650333039583213,SARIMAX_z_E4_exog
2006-06,303,-0.9380045465208008,0.014741059467658526,0.5610055547850401,0.8694917432979061,-2.958196372858688,3.8196864204462826,-0.5965781863165432,-1.816780962694431,-2.5630200462349007,-2.452097247875888,-1.3037785102415942,-1.0717507304843061,-1.039537516228731,-0.8755546669058396,-0.22490834838841722,-0.012823005776830456,SARIMAX_anom_E2_exog
2006-06,303,-0.00275595172893094,0.0003516847608039179,0.07174611325599224,0.1817055755901236,-0.014876114777120314,0.04600130547861731,-0.0005079093197159157,-0.00533938149958792,-0.010581183325688932,-0.0018280356326876644,-0.013431917175254311,-0.007624910726994916,-0.02047795056456856,-0.0009359487533364196,-0.0005244591161344836,-0.002565685523852422,SARIMAX_z_E4_exog
2006-07,304,-0.959661130234418,0.01488531531262016,0.532359975936636,0.8540506783547341,-2.94992501811784,3.831090873070756,-0.5885306529072568,-1.810570197180154,-2.589090203595938,-2.474226754172192,-1.526344303759354,-1.058077760647749,-1.0572533725070727,-0.8755856359457229,-0.22573935732872627,-0.009217702210967715,SARIMAX_anom_E2_exog
2006-07,304,-0.003354882203152025,0.0013255024648528727,0.06077863163135271,0.15490604585339213,-0.014912022598081323,0.046622903133362224,-0.0005212113793627982,-0.005755073772976042,-0.011660906096396601,-0.003264903302332132,-0.014728639991638516,-0.009320868981760277,-0.020786743168119702,-0.0020973318720076285,-0.0006543868047225488,-0.002299801829759558,SARIMAX_z_E4_exog
2006-08,305,-0.9602236226900155,0.014889320086687946,0.5142188295349124,0.8440718279297921,-2.9446209720315157,3.837319667662044,-0.5809027571708976,-1.8068208757455229,-2.5813532875505314,-2.4695717576725773,-1.5235392837661326,-1.1066561225347005,-1.0467116935857375,-0.8855588848826224,-0.2219790753420918,-0.004815501107126252,SARIMAX_anom_E2_exog
2006-08,305,-0.0031310126960954303,0.0010117774494525862,0.05423676343676455,0.14204640597042084,-0.0146126500727902,0.04709620373649836,-0.0002372635256383049,-0.005609435645582575,-0.011692464944515283,-0.0034217083875253598,-0.014734511207292487,-0.0065338204873445025,-0.021647926681522014,-0.002436814396605147,-0.0006396892606176774,-0.0020485963925385444,SARIMAX_z_E4_exog
2006-09,306,-0.35033431284760574,-0.0009239788558001858,0.5259259142221677,0.8365045762124192,-2.9617885771688464,3.787438307429044,-0.8608004242082962,-1.5770655464031051,1.1619379139220662,0.6430680940328888,-0.9753589602018775,-0.9371447958684188,-1.122765629748248,-0.9087306377395887,-0.31164391076047165,-0.11294466556916881,SARIMAX_anom_E2_exog
2006-09,306,-0.002429420095840788,0.0006674111408011943,0.05587668904641694,0.13587967533121023,-0.013506506650862189,0.048093013943488076,0.0010419679484256327,-0.004141632984419308,-0.009935060475097615,-0.0017082876464604969,-0.013465410515553947,-0.0053825789139990525,-0.02404586211153222,-0.0031184602951132056,-7.324727886922843e-05,-0.0011468836872150945,SARIMAX_z_E4_exog
2006-10,307,-0.34803431624369924,-0.000929597383480817,0.524557613696043,0.8360644854303378,-2.9716418981485266,3.777850084805245,-0.8704095913462606,-1.5870535637786816,1.1480506216008295,0.6300833512548183,-0.9851203185237696,-0.9458486178529969,-1.130320497769154,-0.753555678323396,-0.3190713343449124,-0.12187337291012312,SARIMAX_anom_E2_exog
2006-10,307,-0.0021534967557285214,0.0005808771867207702,0.05321007480943599,0.13103455139262335,-0.01383070957702191,0.04767129553456798,0.0006331416811938339,-0.004605018629967112,-0.010415633564226572,-0.002114343643218117,-0.013905755565534706,-0.005779256178289385,-0.02447835246585186,0.004611484828917553,-0.00041391062902554235,-0.0015504069431636625,SARIMAX_z_E4_exog
2006-11,308,-0.289281713046676,-0.0009951719217700036,0.5248577827201593,0.8360179429969435,-2.8916815597535197,3.8440568797361094,-0.8227586012789908,-1.572363963855842,1.1810908536416358,0.6465294498823,-0.9955085097267034,-0.9581030368103748,-1.1507391314310444,-0.777137772564874,0.13565463896639424,-0.06336685266420466,SARIMAX_anom_E2_exog
2006-11,308,-0.0016937740626793935,0.0002821878034618123,0.05362572995496033,0.13012959214389822,-0.013326727994282401,0.048076856075739374,0.0012020378181895185,-0.004475766817489564,-0.010363294967706126,-0.0020536655150845385,-0.014256769453359016,-0.006066784353519073,-0.02505790267517791,0.0043059938828104586,0.006251792963523009,-0.003034409538413659,SARIMAX_z_E4_exog
2006-12,309,-0.8824244889424996,0.015049850687329506,0.5290498419120409,0.8290269854354917,-2.824554890191391,3.7749782793129514,-0.46996191314043245,-1.792969756180741,-2.565091854045362,-2.48537403216501,-1.5928749244515996,-1.1681731926117496,-1.2190940122822869,-0.8820277565881217,0.15544696963975127,0.6009007131943398,SARIMAX_anom_E2_exog
2006-12,309,-0.0013680473224079721,0.0009226326081861233,0.0593401798067872,0.1372745236559927,-0.014878453253721844,0.048597346421104276,0.0016521131566033542,-0.004532969490289773,-0.01065164067508577,-0.002503716529548343,-0.01467206764003898,-0.006444003111209656,-0.025473868849965838,0.003730392235114145,0.006149818767817565,0.004128756034602503,SARIMAX_z_E4_exog
2007-01,310,-1.2238499276511041,0.01465949532307041,0.601740209462065,0.8386544410285022,-2.453503374490528,3.6765582224387514,-1.123749878396011,-2.218575690494731,-3.087329825075159,-3.009301036092443,-2.032131800399677,-1.5530820738988487,-1.6041898668831083,-1.2673445759225939,-0.14696835023788396,0.32574635607532304,SARIMAX_anom_E2_exog
2007-01,310,-0.000714735947554432,0.0004926020797066077,0.06568952440778757,0.15537896351353345,-0.005032716115188625,0.046862030499115345,0.0016465415896157333,-0.004513631373415402,-0.01083600326905593,-0.002889053393044465,-0.014743358667409659,-0.006462143078799885,-0.025461783846814856,0.003495638320757666,0.006427019889867534,0.0048513220730979295,SARIMAX_z_E4_exog
2007-02,311,-0.23182159283614573,-0.0010052269133513983,0.6987541067236002,0.7770644396294208,-2.381277282357369,4.746005030699334,-0.9352932906817182,-1.7594995581044197,0.98397242266966,0.49449545409522605,-1.1111428523412783,-1.073722925983731,-1.2615446206678411,-0.888415212023469,0.012825300610810057,0.36468181628775764,SARIMAX_anom_E2_exog
2007-02,311,-0.0001718929799062066,0.0021846495139174254,0.10071274133886363,0.1430450404183522,-0.008835769393480113,0.06626870454704549,0.0027564503000652428,-0.005763730867935315,-0.012768933213683793,-0.004675060690552466,-0.015640802757664073,-0.00725691265227066,-0.02589224534292893,0.0027379649443564124,0.005108075759771069,0.002012172196093962,SARIMAX_z_E4_exog
2007-03,312,-0.1211830099838258,-0.002042869146938711,0.6892278311015818,0.8374068280789759,-2.338027499663298,4.76717477066747,-0.07140992782391163,-1.6113091772762567,1.1531932319224685,0.5919287319687369,-1.093046256256576,-1.0651470679369708,-1.2717571884795424,-0.9105290690044442,0.007596279553385881,0.38713705252302877,SARIMAX_anom_E2_exog
2007-03,312,0.0001807085662407646,0.0013818751172652753,0.11386847806833077,0.18818485263014356,-0.007294899136473294,0.0661750042223151,0.002453928921436874,-0.006138448691060864,-0.011241981466282695,-0.002419820835012478,-0.015547866126759128,-0.0071985069817455056,-0.026804464826279555,0.0035061134351710922,0.004811388117295914,0.0018680561622837104,SARIMAX_z_E4_exog
2007-04,313,-0.09388941716706642,-0.0021035995509482695,0.6819420931960991,0.830600124122681,-2.3476378802010016,4.7566471100454555,-0.08394219597044056,-1.1800180409541847,1.1510749947014856,0.5929907468679765,-1.095049813575015,-1.0682501971260656,-1.2759205354872785,-0.9153740445665876,0.0018127446119836376,0.37876828348684966,SARIMAX_anom_E2_exog
2007-04,313,-0.00021390487984613183,0.001907384678741709,0.11667868053510967,0.19487805463210806,-0.007188242646937622,0.06665515584507313,0.0026779017891233646,-0.009977340850975144,-0.011554007583687102,-0.0030442649070540405,-0.015753162491800015,-0.007480810749530635,-0.026720341696012243,0.0030246058664450317,0.004854206112514876,0.002314959522807004,SARIMAX_z_E4_exog
2007-05,314,-0.10712243558838802,-0.002088777518127875,0.6811043457551218,0.8350095876102834,-2.357207763449262,4.751184162230836,-0.10329057374614035,-1.223811027752623,1.1296237121192885,0.5871102766846604,-1.0829009281137216,-1.0723631939443177,-1.2967172278881143,-0.9508701212678421,-0.02834019710925107,0.3574960568856932,SARIMAX_anom_E2_exog
2007-05,314,-0.0019395596760923605,0.0014521741374794977,0.103635660672269,0.16971340811692964,-0.007581248700622148,0.06683845897571146,0.002424629685990165,-0.010836297913638002,-0.01973139836431603,-0.006531811226811363,-0.01739014504759804,-0.00904288694295475,-0.02762723508709468,0.0011693211438366146,0.003860607369808883,0.0021997737224937262,SARIMAX_z_E4_exog
2007-06,315,-0.12421115518666952,-0.002082621958524068,0.6681010296038383,0.8282871845420309,-2.3531465088911068,4.757175216342574,-0.10128317671531743,-1.2249320246298632,1.129630378399807,0.3481333850170908,-1.0806991645636812,-1.0698104846681615,-1.2963661931343489,-0.9526257323770794,-0.029382603028078227,0.3587166919947687,SARIMAX_anom_E2_exog
2007-06,315,-0.0021900749042161006,0.001402727480926521,0.09726651464097956,0.1591201299325141,-0.0078012206797816175,0.06682390967108774,0.002088895669434624,-0.011270184957355352,-0.020306549880656024,-0.0052827314210336105,-0.01829501374113312,-0.00949541767649225,-0.027932182125282718,0.0006938466947322739,0.0036103888621308354,0.0020503315624634724,SARIMAX_z_E4_exog
2007-07,316,-0.14551198913786012,-0.0021083097342154008,0.6727138607551806,0.8302145852808583,-2.336748764833755,4.774613418810999,-0.08478866045663043,-1.2134321373844428,1.1449466627799436,0.3599552702905787,-1.4546160352692938,-1.048584289227949,-1.2793642229008837,-0.9401089050423491,-0.01820261884065361,0.3725363463828816,SARIMAX_anom_E2_exog
2007-07,316,-0.0025224138110584915,0.0009930998393874978,0.11438339731523091,0.1764085837100173,-0.007590831497711828,0.06693845004641719,0.002125163141033589,-0.01124734959834355,-0.020277839196403424,-0.005010751129048873,-0.020907908548226044,-0.010373663254622478,-0.028280650734548163,0.0007779365140379835,0.0035141181965499236,0.0018856754523094133,SARIMAX_z_E4_exog
2007-08,317,-0.15999781834754898,-0.0021249715296710486,0.6650422204336643,0.8256070967576143,-2.3067363454836243,4.805729005931574,-0.05378201796960788,-1.1854264247849118,1.173626789521903,0.3859191216024003,-1.4321303196045596,-1.4989434539494837,-1.2416693197587938,-0.9092854404417273,0.008681719748119932,0.4016184494595369,SARIMAX_anom_E2_exog
2007-08,317,-0.002660337314235254,0.0004638608402856761,0.11554739881380618,0.17043115724389446,-0.007108043976467782,0.06762652350331418,0.00261847703558661,-0.010731051646770474,-0.019769058849887382,-0.004597599437639369,-0.020513430436117003,-0.01479187905540524,-0.02922021832306174,0.0007687092173818774,0.0036853863608774175,0.0023043429471595023,SARIMAX_z_E4_exog
2007-09,318,-0.16508011115251206,-0.0021204412309300006,0.6753190047068771,0.8290876268714389,-2.2546111520952388,4.854571063647918,-0.008196253510560653,-1.1402029020049131,1.2192512983440875,0.42746112144490706,-1.3942503398250758,-1.462255411892429,-1.8199648177324133,-0.8216387259223276,0.07883889444916073,0.46232359837253895,SARIMAX_anom_E2_exog
2007-09,318,-0.0025763177420372696,9.684457377871745e-05,0.1309555744421104,0.17963310539023403,-0.006725526033974813,0.06797611901350537,0.00278078225084068,-0.010157706883179107,-0.01909241183584134,-0.003536746253442033,-0.01963522502921072,-0.01385365101102679,-0.03223306868837172,0.0002568992551830035,0.004023643478656824,0.0024753443419844867,SARIMAX_z_E4_exog
2007-10,319,-0.18660348373613994,-0.0020734035257275103,0.6754579558070026,0.8204117985500198,-2.194276571272996,4.904055539915489,0.017610539487002086,-1.1013278518611882,1.2403347129395448,0.4484981030149487,-1.3622541622654911,-1.4284315812411985,-1.778351071720226,-1.5911708422903572,0.2123798279313152,0.5577868720398911,SARIMAX_anom_E2_exog
2007-10,319,-0.0030750594696338793,-0.0012700703059957267,0.13416927569823758,0.17258103958766496,-0.006972648537937259,0.06760752586308653,0.002654797956404895,-0.00922437428905063,-0.01750275091347488,-0.002125087714661694,-0.01833084213727902,-0.01263553062912454,-0.030823354861574722,-0.011204134007090734,0.0023411913791235774,0.0024037503430803884,SARIMAX_z_E4_exog
2007-11,320,-0.24257308612801132,-0.0019431766873468839,0.6766363787718659,0.7607040799805992,-2.1202987145276415,4.979212992464424,0.04635842118087707,-1.0706903116924733,1.2405564674446492,0.443595339272883,-1.3547436989202506,-1.4157901707068477,-1.7590804329710044,-1.576668972305485,-0.8078469759766994,0.6522145642333951,SARIMAX_anom_E2_exog
2007-11,320,-0.0038489398091290984,-0.0027032738635529695,0.15620082940435812,0.18026427916733567,-0.007405039264959714,0.06733430702125438,0.0022091631564191993,-0.00899933822679974,-0.01688300880322391,-0.0012648368700567186,-0.01787478815520562,-0.012079968192412185,-0.030483126789928768,-0.010502810895251747,-0.006862135519837547,-0.0005234453626360393,SARIMAX_z_E4_exog
2007-12,321,-1.0350000052665451,0.014064520671167377,0.7003327557308965,0.7197060282310668,-2.3913885759515146,4.785494898587627,0.13476535033960874,-1.4994921808027133,-2.6046886635353776,-2.687732530603598,-1.9590157542291726,-1.6069883004381789,-1.7702745005149876,-1.5888249769406724,-0.7020041745313684,-0.3211887401791084,SARIMAX_anom_E2_exog
2007-12,321,-0.0045953632718304825,-0.0033333645532042083,0.1617491827432886,0.18550479004714862,-0.008329383741246699,0.06712305621609312,0.0020316121857229487,-0.009262874824252242,-0.01705607640209407,-0.0013144588365417802,-0.01834130807887407,-0.012447182319300495,-0.031130268696782017,-0.01087457354520691,-0.007364616050253601,-0.005414900929375659,SARIMAX_z_E4_exog
2008-01,322,-0.3796990925019338,-0.0018603502107403184,0.669287177278483,0.7107455894079794,-3.0117765924702145,4.943141834809121,0.0325576507305254,-1.049150462448968,1.2911432075094749,0.503760698879534,-1.2951494463576736,-1.3546712527918243,-1.6973958725982132,-1.5156693185246342,-0.7499034062939813,-0.44086512563141206,SARIMAX_anom_E2_exog
2008-01,322,-0.0034480876699206583,-0.002287691716619346,0.15097108044443278,0.15099571454739324,-0.00800714279968109,0.06946193956694549,0.0030397275651357423,-0.008148834102966839,-0.0159648132089715,-0.0005933120468737211,-0.017000684442310458,-0.011324651523858701,-0.029503729667455802,-0.00972062907917453,-0.006101730254186045,-0.0045725312133570555,SARIMAX_z_E4_exog
2008-02,323,-1.0745654893027599,0.014267123741920325,0.6801617829903388,0.6457716594773393,-2.920194984078263,3.69140339366458,0.38309186975797727,-1.434794409523704,-2.5181313055503183,-2.5883717267191573,-1.858820318601467,-1.521282311298821,-1.6815338312811918,-1.4924999375283183,-0.6282344809691528,-0.2714305199104398,SARIMAX_anom_E2_exog
2008-02,323,-0.0054428579880237615,-0.003207041295744686,0.16456717543005808,0.15379684084382444,-0.008085016326071821,0.041658970449837095,0.003436747011642333,-0.007566905579548704,-0.014696812986316778,2.3806750899449288e-05,-0.017149358063955327,-0.01163141121756477,-0.029837460331385564,-0.009669932424440088,-0.006724785859034581,-0.0047432630210997185,SARIMAX_z_E4_exog
2008-03,324,-0.9771865792530694,0.01417870623088709,0.5573896750435232,0.614977096388724,-2.8420906732800995,3.718028835524655,-0.45471987763881283,-1.662402406978806,-1.8952502548412682,-2.4860623797131445,-1.6485893083562757,-1.2708598544799854,-1.4427324196494553,-1.2343960571871593,-0.3993931263460521,-0.10777142809042502,SARIMAX_anom_E2_exog
2008-03,324,-0.002777285608401332,-0.003742179061375258,0.1411874369059182,0.14244772896584892,-0.008188161855608004,0.04198952868430303,0.005033135709744347,-0.0008043306230606476,-0.010294211652904315,0.003386356321481077,-0.014143063246887825,-0.009054324910781866,-0.026995198136932838,-0.006399339929273827,-0.004453265718724405,-0.0034045519421706054,SARIMAX_z_E4_exog
2008-04,325,-0.9995947008612398,0.014178896708238591,0.5522902712097622,0.6135792497141497,-2.8251472455901023,3.736411394609095,-0.44089467786132536,-2.24208811565861,-1.9119185439702646,-2.3658588508463314,-1.616151495466055,-1.2353747309119976,-1.4041106557146548,-1.195076866128434,-0.36629864066880835,-0.08260970750526692,SARIMAX_anom_E2_exog
2008-04,325,-0.003916699403104163,-0.0034768006986268703,0.1401774811596542,0.1396496132520964,-0.007815565222608319,0.042277288634348036,0.005466416945703991,-0.017122428650916458,-0.009093003236639505,0.0037453794243236128,-0.014018972618080302,-0.008956720811980437,-0.027001746015993287,-0.006364971829283273,-0.0044118374271841405,-0.0032151309456875696,SARIMAX_z_E4_exog
2008-05,326,-1.0660878828369966,0.014478523599543127,0.565036587859368,0.6226195399313723,-2.8071751054234544,3.7482523422495047,-0.4015510328944395,-2.2190711308833846,-3.165622107383316,-2.4718521899751176,-1.3946587077972172,-1.1799925072461521,-1.3309141898199977,-1.112015462852278,-0.2990942671887432,-0.03889662473333999,SARIMAX_anom_E2_exog
2008-05,326,-0.003396558434562729,-0.00556834158520638,0.13302510280592741,0.14131559440629815,-0.008650107898331103,0.041414227513086176,0.0046425204085433144,-0.01663240825744148,-0.012292248274354942,0.008760041385374517,-0.012169116437037763,-0.007745852043358446,-0.025943718508348788,-0.004224893028595267,-0.003674493206688408,-0.0034229662134275455,SARIMAX_z_E4_exog
2008-06,327,-1.097169149422489,0.014898939558826877,0.5566521375423998,0.6171197693726553,-2.7558868446307048,3.804215246680483,-0.33579104758529055,-2.1759135162204886,-3.173547686654349,-3.0390333051413214,-1.3687055124575254,-1.18936456518167,-1.323818398033232,-1.1169419312546385,-0.2954669746572286,-0.006997959424687132,SARIMAX_anom_E2_exog
2008-06,327,-0.0038940677027493853,-0.005308719657279936,0.1352831479631973,0.13844268337624824,-0.007106239217690372,0.042872865049871395,0.006509942144556905,-0.015488531956041097,-0.011327089311586682,-0.0030593337050732273,-0.013185733384734586,-0.007887806398277764,-0.02622343070760446,-0.004738487865085284,-0.0037735677161395984,-0.0026475937405785427,SARIMAX_z_E4_exog
2008-07,328,-1.1080252634077556,0.014872530453007259,0.5213503596762912,0.5957477789668324,-2.679684385005054,3.889402052402491,-0.2517818738531227,-2.1021748665495887,-3.090817661648447,-2.9671821488068804,-2.0399799331149078,-1.1557613381682752,-1.3303528972232794,-1.1146847261752102,-0.2828022755193408,0.04314850597183314,SARIMAX_anom_E2_exog
2008-07,328,-0.003796211685559474,-0.004225405244903165,0.12083466584267781,0.12282827103010908,-0.005514255313977193,0.04479894394400496,0.008249834166248717,-0.0146071426156769,-0.010806664372106303,-0.0028959830359450594,-0.017281637046329318,-0.009157952944326378,-0.02646713207535552,-0.005611348191224815,-0.003670788285003787,-0.0014642448152508496,SARIMAX_z_E4_exog
2008-08,329,-1.1132359353450634,0.015018532849196322,0.5173083321548124,0.5884638950770078,-2.6283947694082745,3.9472938015520946,-0.1924592504758546,-2.0600893929958315,-3.0575740665035505,-2.9419680887105217,-2.017447171443755,-1.5430436395069584,-1.3119343198912514,-1.1339811222382823,-0.27259218137512814,0.0775790762060069,SARIMAX_anom_E2_exog
2008-08,329,-0.003304927330438282,-0.004516024114571021,0.12256272162363085,0.11742447245193316,-0.0040645471723339335,0.0463308694979217,0.009758879974633851,-0.013678594569613161,-0.009975513616808953,-0.0022451782917070895,-0.016765063423811667,-0.00958753170758937,-0.027762260757500174,-0.006157982525415497,-0.003628333643716644,-0.0005606404346022114,SARIMAX_z_E4_exog
2008-09,330,-1.0832175847347718,0.015036659038275791,0.5069697086094043,0.5623204209020887,-2.5327481175901196,4.050695175332249,-0.08973371750930058,-1.9969351127618895,-2.986240740923889,-2.8894281431014943,-1.9946806505697683,-1.5138827596321394,-1.5004489386774986,-1.0981521859262404,-0.3587346285025898,0.14806068590682583,SARIMAX_anom_E2_exog
2008-09,330,-0.002558266533261356,-0.004647693965008049,0.1096249557644523,0.09771510626273615,-0.0016785938060900464,0.048388873464891034,0.012112377869329645,-0.012445248979909476,-0.008788480433601507,-0.0011925755926258466,-0.016306850897598372,-0.009016375535772106,-0.026321632740711174,-0.009436916472962738,-0.004268920596878272,0.0004300180998538177,SARIMAX_z_E4_exog
2008-10,331,-1.0644242168630724,0.015296075435485938,0.5220042820651689,0.5476795128115146,-2.4542023077394477,4.128245491248908,-0.026107887488416703,-1.9620151834946675,-2.964072248492321,-2.87792198148832,-1.9934155235373088,-1.5060764043886634,-1.5023448064834712,-1.1615149425858642,-0.31327984771437734,0.10096287582297025,SARIMAX_anom_E2_exog
2008-10,331,-0.0019262251038914052,-0.004870560560136933,0.11927805042985162,0.09812104536412518,-0.0008257084379726777,0.04898495410317083,0.012833515239316853,-0.012337204981612579,-0.008718945629775305,-0.0011719114826754886,-0.016452428450046595,-0.00904595220192175,-0.026657366572041104,-0.0017506264491386342,-0.006087818336300339,0.0004351941760026804,SARIMAX_z_E4_exog
2008-11,332,-1.0574032595188991,0.015222629016354502,0.5163321608892426,0.5451355791270882,-2.4470691826348685,4.116214047029302,-0.03386122651784052,-1.962438015940413,-2.9633944266006016,-2.8750189817098635,-1.989406663761246,-1.5038626625184257,-1.4985616083346909,-1.1551452705162553,-0.25200615253177944,0.08832613002330815,SARIMAX_anom_E2_exog
2008-11,332,-0.0013464007467172481,-0.0042786548987852726,0.11696162961286076,0.09572008423935253,-0.0014216928552333277,0.048766968769597685,0.01225727896889685,-0.012668347020089125,-0.009207624613342165,-0.0017373156529136608,-0.01656963591397504,-0.009215921347987923,-0.02647741076690829,-0.0018892682965355753,0.0037944177772715987,0.0005524790224914725,SARIMAX_z_E4_exog
2008-12,333,-1.0281256522973499,0.015082900876884058,0.48865924597524313,0.5245969216349367,-2.5745392059231027,4.196200935968953,-0.0889231356843812,-1.9418972778014691,-2.9325944797936523,-2.8312120916388737,-1.9296952588256338,-1.4559397608252087,-1.4427682485676594,-1.083307014192099,-0.21173187358645099,0.12379656727472163,SARIMAX_anom_E2_exog
2008-12,333,-0.0005678697790687333,-0.00424581035837888,0.10883340283482389,0.08633325343731434,-0.0007419154846436733,0.04869876091562732,0.011634699335420442,-0.012551904083170607,-0.009053921098772464,-0.001643494328140847,-0.016004932221675473,-0.008784166644102472,-0.02556820943539596,-0.0012823131427986967,0.004224384732997363,0.006447686752387811,SARIMAX_z_E4_exog
2009-01,334,-1.0441012952341862,0.015284727441201637,0.5044543796204761,0.5396832312298103,-2.5435588845573163,4.277161535204697,-0.13726740195377093,-1.9329208599224594,-2.9533834454813865,-2.85859932352565,-1.9632570367952893,-1.4861734510364535,-1.4775671783937698,-1.1267929302421744,-0.23665671147405623,0.1322321712145063,SARIMAX_anom_E2_exog
2009-01,334,-0.001197259420389906,-0.004290950450351002,0.1161175264461609,0.0888541531615182,-0.005669045168310328,0.04832315551692227,0.01177568329642248,-0.01254827522421799,-0.009213225978037214,-0.0018037600098321346,-0.016363868494863574,-0.009190809433684582,-0.02596943125305335,-0.0017890080108513384,0.0038183257095413775,0.006495051635790041,SARIMAX_z_E4_exog
2009-02,335,-1.245834768221292,0.014832561347076289,0.4840202471774193,0.4854360820185891,-2.7218556711288184,3.4851499488913427,-0.4356649017939876,-2.026693430013823,-3.183705409248311,-3.0578807030971995,-2.1273246581431366,-1.6429693479019936,-1.6178551171823652,-1.2388470137659542,-0.33934676289650584,-0.014089514288067104,SARIMAX_anom_E2_exog
2009-02,335,-0.0007854610854538031,-0.00492159026473068,0.11210802709544807,0.07461196860466171,-0.006284887212749912,0.04947242744400647,0.012477098570512794,-0.012265853124419518,-0.00885388011307626,-0.0013189837219869502,-0.01609176694422188,-0.009029104822375789,-0.025688870212211813,-0.001248941474516608,0.00381322950664082,0.0060676619238090946,SARIMAX_z_E4_exog
2009-03,336,-1.0926150501590604,0.015398582717170501,0.49205848779355976,0.5126784059359988,-2.4960850345747536,3.729088989267752,-0.5195280579680472,-1.695801129330113,-3.1234454405639993,-2.8625089658647664,-1.9679901946209586,-1.4789217954614864,-1.477562736316402,-1.1403201630079065,-0.23845488763965603,0.1601488141716175,SARIMAX_anom_E2_exog
2009-03,336,-0.0013710521777268805,-0.0053004803359782745,0.09936399210812154,0.07133339586006365,-0.004782918552230015,0.05151659645108751,-0.0009535344197980157,-0.012293217986576926,-0.008108899799387226,-0.0005763001880477102,-0.015756797259297493,-0.008959273255897158,-0.025366857996504073,-0.0016345975340007757,0.003458929355413381,0.007004245052515964,SARIMAX_z_E4_exog
2009-04,337,-1.0994888840036994,0.016313428363755628,0.5539347264183923,0.5243663074938187,-2.650641282037797,3.506345579900323,-0.5960237488126694,-2.317303740757951,-3.6177571198636462,-2.2312787847976563,-1.8876625823288653,-1.3022068263638096,-1.2615807610882854,-0.8758153234863276,-0.06868569502971436,0.15223706436322942,SARIMAX_anom_E2_exog
2009-04,337,-7.734849224527883e-05,-0.006760591574152276,0.10300831257832105,0.0550341738377687,-0.006698827297046981,0.04814204954142778,-0.0024661404622643357,-0.007288740826843188,-0.0024779603014711666,0.003065160730719924,-0.013589868204991608,-0.007094939312927433,-0.023885472876267782,0.001586041577069591,0.00446837200086919,0.005569693251018419,SARIMAX_z_E4_exog
2009-05,338,-0.983745827851082,0.014973296998692523,0.5968042851823863,0.598847415659524,-2.8262907059549596,3.378970300381115,-0.8792251890268977,-2.261689645409523,-3.0365707980130123,-2.235952117073174,-1.2219186355126814,-1.1859754806723484,-1.042557558324235,-0.5871439227448582,0.09653152003667673,0.11582832623378334,SARIMAX_anom_E2_exog
2009-05,338,0.0013178940284957353,-0.00531721587029188,0.13518432450036488,0.10943364660828889,-0.008944196859912238,0.04667905876401229,-0.005090783740706072,-0.006680817529875593,-0.0014813709727110678,0.008126936718185,-0.009897287548484247,-0.004062310300275552,-0.020479929287894518,0.004655707563736471,0.007374490736175644,0.006000872819683605,SARIMAX_z_E4_exog
2009-06,339,-1.016612398247474,0.015017809376141724,0.586679526729101,0.5865315778680014,-2.7974725477967013,3.403205794547231,-0.8494116558787833,-2.2289738620463377,-3.016392959898558,-2.721289839214161,-1.232723416470274,-1.173360089564714,-1.0450808827421658,-0.5931424506421925,0.09758536254890623,0.13330846341723226,SARIMAX_anom_E2_exog
2009-06,339,0.0011653132155554238,-0.005313995360017156,0.13450979406758728,0.10961528244410378,-0.008991295493930367,0.04658295292816648,-0.005075089869544113,-0.0065619507504988284,-0.0012464224283027935,0.004200606421945252,-0.009134837349276404,-0.0037621975138348624,-0.02023364316403949,0.0049972000373461846,0.007477461949303836,0.005984677619456175,SARIMAX_z_E4_exog
2009-07,340,-1.0311825028447656,0.015233904328196447,0.5826003458700688,0.5793007420103782,-2.7727066594484104,3.4293427425490406,-0.8251278282305664,-2.2034449193990855,-3.0201975204514286,-2.719957196553676,-1.5372611516507768,-1.1640133336495655,-1.0349647587999553,-0.5901669951148446,0.10468525475701185,0.15091271673635273,SARIMAX_anom_E2_exog
2009-07,340,0.0013256913811353437,-0.005868773185931335,0.12868341042486384,0.10864683790316008,-0.009277167515618443,0.0459852725075252,-0.0054895030915487275,-0.006703235697496841,-0.0011790728898308713,0.004337862419480663,-0.005740395435424403,-0.0034501770059568765,-0.020327312783065647,0.005285197973036599,0.007399467696579148,0.005588346364794787,SARIMAX_z_E4_exog
2009-08,341,-1.032976676986973,0.015295446361730585,0.6000593856697833,0.5923560888175807,-2.792520361989079,3.408070080243668,-0.8500288744759926,-2.224523753229742,-3.0432629796102795,-2.740172450250646,-1.556559894304075,-0.9774071658699491,-1.0566735286716438,-0.5933503425752475,0.08962699321218455,0.13311939861747316,SARIMAX_anom_E2_exog
2009-08,341,0.00121723007230026,-0.006242751290627518,0.15678706308982518,0.13192917454897976,-0.0101208476585367,0.0449822234322147,-0.006448464700718978,-0.007491612412729454,-0.0018531046084760857,0.003746086014340682,-0.006463332728529168,0.002220972732800821,-0.02010388096340295,0.005185611934370163,0.00682363734600029,0.004698298957559148,SARIMAX_z_E4_exog
2009-09,342,-0.9788347273474083,0.01516239001580426,0.5558231339273223,0.555334368996109,-2.7428715514923847,3.454776841328052,-0.8001603089654924,-2.1918381075886715,-2.9855266266112674,-2.690304096908241,-1.539106466550941,-0.9606899130530414,-0.7532241807528406,-0.5342772821795551,9.401029863871051e-05,0.1845281338561442,SARIMAX_anom_E2_exog
2009-09,342,0.0016677078470082054,-0.00532790395800115,0.13721072374446025,0.11650980086654301,-0.008957863655612389,0.04587654678751891,-0.00555132477505625,-0.0069609813064931145,-0.0014893961349903935,0.004066190169779762,-0.006184723058985272,0.0026260680129595267,-0.016045809946158552,0.0017087140370105455,0.00673278713380445,0.005406390448390526,SARIMAX_z_E4_exog
2009-10,343,-0.9488359732914444,0.015442961469436516,0.5363391061073237,0.5495438843238833,-2.6943135818537445,3.4898223554789634,-0.7809611609321979,-2.1816475148994714,-2.9954675771014845,-2.698659874174433,-1.5432528369851497,-0.9629823697606241,-0.7607344517755416,-0.24545549653376522,0.05736563047626137,0.09976763814208464,SARIMAX_anom_E2_exog
2009-10,343,0.002043949643240121,-0.004907236350822442,0.14777946800047576,0.1297444199155808,-0.008750188496020059,0.046608395872332585,-0.005388095940052994,-0.0070764370621968385,-0.0019307608982353107,0.0035098338629806656,-0.006335493375587173,0.0024743662536918913,-0.01599528148940265,0.008268553081585358,0.004699668661548881,0.005564009074302716,SARIMAX_z_E4_exog
2009-11,344,-0.8932895959944985,0.01532473201543262,0.5206853124016775,0.5459369659273487,-2.8686945906344063,3.5639116868558984,-0.7500674007734182,-2.1758908145972953,-2.975771638286607,-2.688384102527998,-1.527673116053351,-0.9374984498290884,-0.7413860433477225,-0.2301201979975005,0.5078008576021225,0.23367746969401157,SARIMAX_anom_E2_exog
2009-11,344,0.002753161705907249,-0.007190407385468801,0.12116518764836201,0.12375136865675194,-0.008832286912839604,0.04679134430560284,-0.004409015235058933,-0.0060837333262183085,-0.00030316619935082925,0.00534212725911231,-0.005228174677174436,0.0033940987697134582,-0.015011889593297632,0.0097559981540908,0.006506488646263445,0.0019609187305480607,SARIMAX_z_E4_exog
2009-12,345,-0.8515704237854107,0.015305435535835495,0.5187903673575909,0.5442781712661953,-2.8531145391081787,3.531894360331632,-0.7455342009325534,-2.176438369299778,-2.976265922905577,-2.687840038639456,-1.5265832470112495,-0.9358408773428818,-0.7390156757072743,-0.22649068255211705,0.5115781042279356,0.6905976204679106,SARIMAX_anom_E2_exog
2009-12,345,0.0032524067620074257,-0.007163062515753656,0.12139344967801251,0.12557053436593407,-0.009283924553805148,0.04659058955243164,-0.004537840190111616,-0.006278784113434433,-0.0005193171348822988,0.005145090351066804,-0.005444943641842835,0.0031711906589913116,-0.015206910751136582,0.009576588831020109,0.006351391547965579,0.010259254192050354,SARIMAX_z_E4_exog
2010-01,346,-0.8325078757376041,0.015142002002613028,0.490038562816291,0.5300350596047074,-1.836508274528174,3.4445313820581944,-0.8106485691303347,-2.2379901009586773,-3.0572905107421353,-2.7557137179644906,-1.5828800278868804,-1.0017478999272371,-0.796632916043928,-0.27533720336794076,0.4557374885118783,0.6126237226596111,SARIMAX_anom_E2_exog
2010-01,346,0.0034872019658182003,-0.006485255281228599,0.112932231400703,0.11228781793300009,0.005327938193705097,0.04595722007048567,-0.005644422796875016,-0.007461137377659862,-0.0020356332735051615,0.003580638026834499,-0.006554984976089685,0.002020587606699217,-0.015851832838896206,0.008565248625179423,0.005691978561865031,0.009400423538488389,SARIMAX_z_E4_exog
2010-02,347,-0.8073282864403544,0.014907630634564281,0.462420161212317,0.5152440060497248,-1.9576890630209127,4.361788400946945,-0.9221739388941715,-2.294314868074128,-3.1421954927726112,-2.8344820580451957,-1.6311639635067485,-1.0520828903923591,-0.839697834689926,-0.3073520754984912,0.4062888883684836,0.5211752633826559,SARIMAX_anom_E2_exog
2010-02,347,0.0039422438389732015,-0.00650421886544626,0.10567215786779516,0.10733486969356444,0.0038452163167611787,0.05942410851648004,-0.006833152069690858,-0.008281868908244143,-0.0029210676806440063,0.0026424931437980135,-0.007279626028110602,0.0013684084870486783,-0.01643946931000433,0.008079017137142389,0.005067020439230187,0.008264280647750966,SARIMAX_z_E4_exog
2010-03,348,-0.11247918675759666,-0.0012746776678029801,0.5661986430318706,0.7471701861463111,-1.8260960784049616,4.44439953801294,-0.19101886376576457,-1.98097901402509,0.8450822127337996,0.46087859432632156,-1.2413401844610454,-1.0808887772922604,-1.016728188544459,-0.45196723903550234,0.25174808140076754,0.43715967796409083,SARIMAX_anom_E2_exog
2010-03,348,0.006373353971989224,-0.006128623248875764,0.13113852662995362,0.14726285344743473,0.006036097531289432,0.0611744485661982,0.009045664592764825,-0.009765830770513134,-0.001663763436357297,0.004232428897674072,-0.005712894024571852,0.003091927672323201,-0.01535339708014659,0.009255808784827067,0.00627954764472628,0.009860209285656616,SARIMAX_z_E4_exog
2010-04,349,-0.633421491562853,0.0158261158916858,0.5241880678794173,0.6188585147300731,-1.8367378249072623,4.468227382581715,0.10797712605534669,-1.3814425529226446,-3.462115849630787,-2.7372519488724,-1.6333771473826106,-1.041889316626593,-0.8267767339724293,-0.29354169704693284,0.45039977645829815,0.6112647172141222,SARIMAX_anom_E2_exog
2010-04,349,0.00571014943115837,-0.006029422094159635,0.1375797486867136,0.13277706604604905,0.004919662767774684,0.059365747787018766,0.0071452439037849,-0.0019611894405995147,-0.002385951240250428,0.0028307297073866923,-0.007231910409555664,0.001777110589375207,-0.0170404796828541,0.008080805504194226,0.004992459421315091,0.008294093192922996,SARIMAX_z_E4_exog
2010-05,350,-0.23189812019502037,-0.0015648631171866908,0.5498206061934856,0.677437458019243,-2.050835147502335,4.207997033715816,-0.4377717564949324,-1.4138728386986752,1.114789310914962,0.18069800559985721,-1.491242600783926,-1.3182469311886413,-1.2306071499960163,-0.6457281748033745,0.06728582054557573,0.2290772376408849,SARIMAX_anom_E2_exog
2010-05,350,0.006059022376297674,-0.006079510603752422,0.13348018768545178,0.12957990757266136,0.005149744761542494,0.05978825703920141,0.007622537658198081,-0.001440412921203508,-0.002460950323326609,0.0031176008935276493,-0.006849050815252944,0.00213849821594909,-0.016505891504028935,0.008536255346157585,0.005434204388017354,0.008729869156001813,SARIMAX_z_E4_exog
2010-06,351,-0.20060992413749204,-0.001529004840227171,0.5433330270011028,0.6688428343930961,-2.0539706751508024,4.2032342701666705,-0.43902548365043237,-1.4073457631296842,1.1215643984794654,0.4716272944005491,-1.4817299721463832,-1.3093340520197914,-1.2191244461293604,-0.6316000921080199,0.07791961719281229,0.23330458333601475,SARIMAX_anom_E2_exog
2010-06,351,0.005689599385340979,-0.006015325394230415,0.13195103137872582,0.1252537965168162,0.0043221520537700215,0.058819605370998035,0.006520694052488065,-0.00251253234469833,-0.0035825979553570234,0.008270966329333102,-0.00741644757385945,0.0012845397784159393,-0.017370105167263235,0.0078608650570998,0.004730872266136378,0.007860731175192254,SARIMAX_z_E4_exog
2010-07,352,-0.2201862617189074,-0.0015266549242247567,0.543681939168362,0.6694699762886818,-2.060121505551163,4.1982233601663195,-0.44877328941959543,-1.4238269767479825,1.1036065167661937,0.4518783870621875,-1.515242737321592,-1.3245371046121148,-1.2358294955308697,-0.6515135932475918,0.06057337637980758,0.2206672236145262,SARIMAX_anom_E2_exog
2010-07,352,0.0061052834339711485,-0.006087913387604716,0.13397181327766902,0.12953990972501014,0.00491545872583821,0.05930435556848647,0.007264246526592579,-0.0017292956521563077,-0.0026848510906416954,0.009207799803513632,-0.008364826391046135,0.0012590772590643745,-0.01692926616426431,0.008449138099832054,0.0051879154410330005,0.008348901049202526,SARIMAX_z_E4_exog
2010-08,353,-0.15900931225139073,-0.0015198407648241733,0.5387412481242086,0.6624331314553114,-1.9731752127180002,4.2857548122553695,-0.3485634868163429,-1.3240574749905083,1.2176116395010277,0.5645302843912131,-1.412365618028762,-1.6130703530901476,-1.1347961970884994,-0.5587544131380258,0.1431097597032333,0.3067784771738066,SARIMAX_anom_E2_exog
2010-08,353,0.0072272365643710175,-0.006151809629194447,0.12572224040462923,0.10830575134212006,0.0064861003779697725,0.06152440164062178,0.009685303933064372,0.0006681448728014535,-7.841059897463568e-05,0.01144788648608102,-0.006197383396952888,-0.00449138445464425,-0.016962957667291195,0.009372534533405245,0.006386756746351471,0.010085409400487012,SARIMAX_z_E4_exog
2010-09,354,-0.05215449392203318,-0.0014809721441600458,0.5516327379061317,0.6569431154751879,-1.7928318975639106,4.470908887342613,-0.16082580201729624,-1.1564046429308765,1.4000297899200485,0.7393531737941313,-1.260213495622202,-1.4673889922856658,-1.6465827799221375,-0.40627706829402865,0.2900315708263817,0.4704949153269738,SARIMAX_anom_E2_exog
2010-09,354,0.008282785198480264,-0.006028268265686349,0.13724020035379944,0.10777379536404373,0.00880261640600661,0.06382846634388,0.012062270217457477,0.002678108823296081,0.001894489279297392,0.013549758323239328,-0.004518794717133303,-0.002716457365295725,-0.018746349161578142,0.0067320352094300175,0.006397013274203876,0.011414953887202874,SARIMAX_z_E4_exog
2010-10,355,-0.10069912274994,-0.0014480231301772283,0.5475458465801017,0.6506119882896249,-1.7764773745098934,4.495353077048265,-0.13008443807584352,-1.1240258880066518,1.4427958786588948,0.7825611093050847,-1.2217971457658632,-1.4284516959035651,-1.6104674514225588,-1.2707698216008045,0.2864498202448917,0.4749817382524188,SARIMAX_anom_E2_exog
2010-10,355,0.008005161126959613,-0.005816238328710345,0.13863485818932275,0.10945584141498693,0.008461500165240235,0.06337867433958506,0.011651865426454073,0.002358627031498021,0.0015615409511832415,0.013261620921171634,-0.004727889793421549,-0.0029495065132579784,-0.018945312211942386,0.005556602427457787,0.007174954403433493,0.01134547862011483,SARIMAX_z_E4_exog
2010-11,356,-0.6468915350355288,0.015842310871809016,0.536251072463853,0.582917107491002,-1.7318616432787617,4.670427030814159,0.3041307748448973,-1.2285332022991433,-2.3009710364799765,-2.312626476205488,-1.5434956555105874,-1.318873419123155,-1.3544504033178097,-1.0439255399449392,-0.4531578944145541,0.7706701254204351,SARIMAX_anom_E2_exog
2010-11,356,0.0074760932182325966,-0.0062513381770763765,0.14470516523218296,0.11267454965789507,0.00905140059660985,0.06355926012038607,0.012018699050621274,0.0024309581450917845,0.001604230983340497,0.013597235330423936,-0.00482457850102006,-0.002958799061880964,-0.01934144295084723,0.005564352445365898,0.0010076679220584787,0.010167207691515138,SARIMAX_z_E4_exog
2010-12,357,-0.9020423669399464,0.015413569906311774,0.5791349464266624,0.6415178929554837,-1.7630942808871155,4.479113035936511,0.17289908295957004,-1.4187253381105231,-2.4911059347549855,-2.504528379807165,-1.755642030184681,-1.5247210107101297,-1.5479880396211412,-1.235485114103811,-0.6011667906821434,-0.44756210535277885,SARIMAX_anom_E2_exog
2010-12,357,0.0063734365328991524,-0.006176820309548004,0.17264788049541,0.140227945324283,0.007970661283182452,0.06396440961096134,0.01254938536703757,0.0026887970402369936,0.001880482329680805,0.013781587445029627,-0.004902059297184154,-0.0029475564528689937,-0.019436643931531647,0.0053157343033517525,0.0008082947531485825,-0.003013049167505122,SARIMAX_z_E4_exog
2011-01,358,-0.78185296346371,0.015436742961229813,0.5967887267635177,0.6554587298569756,-2.5743273472559745,4.626766684123531,0.4112901083900957,-1.1904025386155264,-2.2252945652193583,-2.25039092671282,-1.5281501588715547,-1.2982152525088244,-1.3383156450879443,-1.056675081538202,-0.4543059427263785,-0.28415613822686936,SARIMAX_anom_E2_exog
2011-01,358,0.005519381859923421,-0.006304618300391215,0.17371642392112926,0.1389907317806553,-0.003951377286255645,0.06434890322063419,0.012866486856977015,0.0028943333621773036,0.0021599933423500917,0.013952175033174514,-0.0048148439279355505,-0.0028723160324424383,-0.01935946811066625,0.005320111921670491,0.0007750202207282693,-0.002880548736072271,SARIMAX_z_E4_exog
2011-02,359,-0.8662820657853864,0.015603031358765802,0.5653367318960858,0.6466864798316401,-2.6294175334913326,3.657419348067116,0.2800938045784753,-1.0550833699314575,-2.304516432419136,-2.281586535645974,-1.5309843089574968,-1.314760842826638,-1.351365013267092,-1.0535790669037668,-0.4578920770949836,-0.31550023252021714,SARIMAX_anom_E2_exog
2011-02,359,0.004847227842753864,-0.0057934787407609495,0.1787544263192095,0.14447146805968777,-0.004291708863359577,0.05337913834396256,0.014593640248811861,0.003049572230292863,0.0018964275951419308,0.013668654253385414,-0.004840506786652234,-0.0029405146833676194,-0.01929682902935924,0.005255473865064092,0.0009162080373927701,-0.0028979406847310114,SARIMAX_z_E4_exog
2011-03,360,-0.8856814648874411,0.01561771489388392,0.594401466550311,0.670592653941866,-2.5502015828930102,3.746014575716427,-0.4672959170135255,-0.9893816313104575,-2.2552549803241697,-2.219899803521003,-1.5066433292688861,-1.289992958373928,-1.330680392853449,-1.0507865212431755,-0.4466932921265387,-0.26736174543757396,SARIMAX_anom_E2_exog
2011-03,360,0.004349040598133463,-0.00595157461382272,0.18516524863395242,0.15445145496991003,-0.0037186274545510426,0.05376548041532923,0.00646777073402548,0.003141415529000872,0.002132657335642207,0.014019809636950735,-0.004767703690492414,-0.0028519676340957828,-0.019414351639790335,0.005300429099440022,0.0008910719009382376,-0.0027774970547956262,SARIMAX_z_E4_exog
2011-04,361,-1.1739075276032924,0.015519660569514128,0.5806757604396953,0.6588787814259291,-2.702565943586316,3.5926388035421457,-0.6801880941068129,-2.021061484680991,-2.5972350399866055,-2.4374578614746922,-1.7808081730936958,-1.5447486642299093,-1.5680827605150347,-1.2665895116882697,-0.6193563653196011,-0.4331967708638013,SARIMAX_anom_E2_exog
2011-04,361,0.0039106969451026905,-0.005725179154180096,0.18422987665246587,0.15347062611622883,-0.003685547273940721,0.05381450006323905,0.006525999683445223,-0.004150112564077087,0.0032822215126400546,0.014261557276427212,-0.004601725534751734,-0.002720361055455167,-0.019277340896251386,0.005417083291893656,0.0010078393294901493,-0.00267705684112081,SARIMAX_z_E4_exog
2011-05,362,-1.0957881172339146,0.015703209846270057,0.5718233134597555,0.6454473032352868,-2.672867043000295,3.6089828101591848,-0.6232214621214036,-1.9027895256333769,-2.8011308198907114,-2.319597215366366,-1.544348775070013,-1.4060311236028666,-1.420667578426812,-1.1151405366592664,-0.5068246588947181,-0.36207667459844683,SARIMAX_anom_E2_exog
2011-05,362,0.0034457525438930034,-0.005449228245533679,0.1876232038739967,0.15520787328482166,-0.004478114600780156,0.05309243946534467,0.0056945500993308825,-0.004690163310593179,0.0001200580306388552,0.015595841061423196,-0.004538666211731899,-0.002912020608181202,-0.019340754764097853,0.0053200277973968575,0.0008937669531170626,-0.0030258797062264384,SARIMAX_z_E4_exog
2011-06,363,-0.9739058745388578,0.015783522341053388,0.5761321892205911,0.6485173172171368,-2.5255012049849976,3.767063491637679,-0.43095717549782364,-1.7095146069578626,-2.5809703809507707,-2.5085722168705438,-1.382180684125033,-1.261803769938595,-1.2788409616712615,-1.0019081178673075,-0.4090260692686816,-0.2354141452656781,SARIMAX_anom_E2_exog
2011-06,363,0.0032867481881961435,-0.005438509571393743,0.188522709147734,0.15265936070857142,-0.003800893344061093,0.053851921372802904,0.006580513832734798,-0.003992828301756131,0.000831025756530748,0.008449822007411916,-0.004742941204174149,-0.002621990987287285,-0.019030491348184766,0.005511475205001713,0.001093199590834489,-0.0025354268180860545,SARIMAX_z_E4_exog
2011-07,364,-0.9966447681912548,0.015766770670281136,0.5754167210235619,0.6474692562295821,-2.5238062625067963,3.7692853079009523,-0.428982743500355,-1.7058023877636306,-2.573111823928542,-2.501233300975546,-1.669381838115123,-1.2630020185096655,-1.271301915620644,-1.0013821246201202,-0.4082031176080726,-0.23404998378024355,SARIMAX_anom_E2_exog
2011-07,364,0.003393193031043368,-0.0056235491606481,0.18258993791681524,0.15242354353844176,-0.003931102689274036,0.05351940120799641,0.006417442948535723,-0.004002709717385046,0.0009556080475475987,0.008633836806322584,-0.003918201882718527,-0.0019366029006358495,-0.0188963522528448,0.005787185585487868,0.0011710918584320828,-0.0026844726765967867,SARIMAX_z_E4_exog
2011-08,365,-1.0797367307033863,0.015715315035366027,0.5711984372537786,0.643384426438377,-2.5943867790941266,3.6928228980584588,-0.5223023024643806,-1.8021003168074818,-2.6828866776429074,-2.604415119160054,-1.7527073891510818,-1.3782410313593438,-1.339186986692383,-1.062991297238056,-0.4549118569467455,-0.2948116805890682,SARIMAX_anom_E2_exog
2011-08,365,0.00350672740835643,-0.005752934000559643,0.17985233694245936,0.14769005992873735,-0.003782017479857814,0.05374101156112355,0.00650875668802778,-0.004074446851362537,0.0007934899677830243,0.00845208399348145,-0.004077338030771896,0.0007226427585477963,-0.019582798630765383,0.005489544753683943,0.0010539069677372467,-0.002640199957213244,SARIMAX_z_E4_exog
2011-09,366,-1.0720468848659293,0.0158109981143051,0.5725805270171853,0.6380524457118719,-2.5394264236337376,3.7580853150238225,-0.468840525320424,-1.7870296400867358,-2.6808106609684677,-2.608776951680767,-1.7713122084175068,-1.3904755466859278,-1.3382301173112916,-1.0598397035896678,-0.5440353380928584,-0.2623923570957482,SARIMAX_anom_E2_exog
2011-09,366,0.0025065438846683546,-0.005063640899220262,0.1810914706306383,0.15142133400849955,-0.0032808272806779458,0.054331325953782914,0.006479708074166357,-0.0053608698397498355,-0.0011316855561591176,0.006555282744617501,-0.005827609706037443,-0.0007797786929482515,-0.017128992078207818,0.0011270161449547455,-0.00046493134119147684,-0.003149681258645972,SARIMAX_z_E4_exog
2011-10,367,-0.9690424385998426,0.015442502394106375,0.5638921941405852,0.6455244736223997,-2.5722265544065386,3.7270464982456417,-0.4289271701069256,-1.668922550412312,-2.4992991596783543,-2.4257581006969535,-1.5993372778429407,-1.2387410152581801,-1.1966076390273526,-0.9886770139099015,-0.5184815928501035,-0.057442831033288164,SARIMAX_anom_E2_exog
2011-10,367,0.004461368631490235,-0.005151147260408272,0.17339936235872197,0.1573125605794083,-0.0047429167323551685,0.051500898182477016,0.005506382190351222,-0.0041590373212559055,0.0012914038740290401,0.009350585089348872,-0.0031760128178940665,0.001585881334249401,-0.015483226522016764,0.011501642389039989,0.004517117238606483,-0.0031456818468663145,SARIMAX_z_E4_exog
2011-11,368,-0.9650550311120206,0.015414022879887504,0.5618266993193055,0.6504873395705855,-2.5489839022501175,3.7090341750359648,-0.4402154533840618,-1.6582067524012831,-2.483027318557887,-2.406517214615744,-1.5773904199320028,-1.2207400435701061,-1.1800098092008136,-0.9700579681037417,-0.5827894820327802,-0.07647955901439189,SARIMAX_anom_E2_exog
2011-11,368,0.004533790439530925,-0.004766824826103775,0.17506845295028323,0.1600167609858567,-0.004869629285511415,0.051564274868935965,0.005308734022483763,-0.004071767759595179,0.0013139952753028698,0.009302756636873515,-0.002883298408902781,0.0018346648294038765,-0.015043808606449157,0.011638639013387289,0.003634337106871895,-0.0023052522374511276,SARIMAX_z_E4_exog
2011-12,369,-0.6278376512230421,-0.0015965587420977024,0.655699893334283,0.7426635209570669,-2.5903289800175315,3.65327077026746,-0.8125451748167873,-1.6729392356681763,0.973982143775079,0.4192997833428424,-1.4212678148805622,-1.4261511639343896,-1.5036760203912438,-1.2714255448329528,-0.8916042768414667,-0.9218305081270939,SARIMAX_anom_E2_exog
2011-12,369,0.0032898795303156663,-0.002560436899978021,0.21258933902756913,0.17742795875819128,-0.006548984065788963,0.052160853396728935,0.005685114371730134,-0.004944479592808368,-0.0003916302367684484,0.0076192443511213185,-0.0040842049007949075,0.0008790673214951539,-0.016018987098583896,0.01060451945642689,0.0034695853859532683,-0.007615178053577415,SARIMAX_z_E4_exog
2012-01,370,-0.6813409174457291,-0.0019829849014520577,0.6522919966488239,0.73130379426115,-3.0183792516248698,3.542042329679441,-0.8809310415235809,-1.7174105831170694,0.974680170862329,0.4265343310537361,-1.4180823210748041,-1.4165954317548477,-1.4902855881464234,-1.2496960504673587,-0.8777230070121301,-0.9204447880603515,SARIMAX_anom_E2_exog
2012-01,370,0.003940332422594232,-0.0029264678747137236,0.21192233578511457,0.16875462671234423,-0.00565213672278393,0.052419584294024255,0.006018555988099972,-0.004242539386784831,0.0008586231510089985,0.00902875325738065,-0.0031517608894371493,0.0017132203177761356,-0.015563899967477061,0.011578408765608655,0.003793810887357171,-0.007885744319224949,SARIMAX_z_E4_exog
2012-02,371,-0.689736428209818,-0.001858299271586217,0.6664562742793267,0.7397024394091838,-3.0099411054294487,3.094910295672638,-0.9010262152689367,-1.7151357324865957,0.9909830791652617,0.45245769833034233,-1.3859032172343035,-1.3837219337602191,-1.4574585171972547,-1.2158481256005362,-0.8515681110896842,-0.9014010532016399,SARIMAX_anom_E2_exog
2012-02,371,0.003980625343568401,-0.0029358929555537232,0.21352659498910798,0.16843691769893301,-0.005518132077066117,0.0462567146311095,0.006830079579020306,-0.003704467226011516,0.0014640862000172847,0.009633132167556034,-0.0026163154709318097,0.002207369523515459,-0.015138699391914418,0.012013355393062293,0.004101831663011934,-0.007669532989985184,SARIMAX_z_E4_exog
2012-03,372,-0.7912824830643314,-0.0019533501475875402,0.714874421053036,0.7733770834721815,-3.0044695527179908,3.1370756850242616,-1.2249512613722888,-1.6947619543776968,0.9263220696328249,0.3427047392096247,-1.519702577657853,-1.5272814965012338,-1.6060518870641247,-1.3823042544424367,-0.9739063178981721,-0.9680629886068904,SARIMAX_anom_E2_exog
2012-03,372,-0.0007742132589876852,-0.0023940282819998934,0.2561221557386155,0.19790844151792317,-0.007068418811567443,0.04530125387569874,-0.003853426631699974,-0.010601978788701383,-0.004943816761186009,0.0035050741958087567,-0.007986411422983284,-0.002748523295041657,-0.01955472196559618,0.007708236549610185,0.0010717658505361438,-0.010119591902730152,SARIMAX_z_E4_exog
2012-04,373,-1.0941490026481926,-0.0013531796029898398,0.7535545464803645,0.8239362477416684,-3.18114402570519,3.0092505007657713,-1.4857799178211273,-2.24308122838149,0.5120749069800944,0.005358298500473138,-1.8390627756029392,-1.8484449702165457,-1.9169449642857974,-1.6860422181928074,-1.2237411157450528,-1.1951681922113326,SARIMAX_anom_E2_exog
2012-04,373,-0.0038889749677775095,-0.002255678261352332,0.274068560107898,0.2255584569337101,-0.008514867339730546,0.0447774057524957,-0.0059711313937972675,-0.016345484636738933,-0.011084129121760843,-0.0012141146279277789,-0.011643870508290514,-0.006141937694733309,-0.022230295398688,0.004624740317704764,-0.0009476522467511137,-0.01157453982256511,SARIMAX_z_E4_exog
2012-05,374,-1.2633525078654484,-0.0014397722535534577,0.7134256420975216,0.7969835321622072,-3.2614161331578164,2.953186405074999,-1.6056415052363806,-2.3977072957304095,-0.05746831701248856,-0.2197994901913914,-2.0089954713505174,-2.014031296727743,-2.0730514677283747,-1.8349983967167,-1.3418747469657613,-1.300739778739193,SARIMAX_anom_E2_exog
2012-05,374,-0.006159757652388733,-0.003002219033323326,0.24290903709072856,0.1923028005268218,-0.009494018403147867,0.044314452023302434,-0.007322931212006416,-0.01819049684860756,-0.016830799464688705,-0.005499416472209118,-0.014464089741084998,-0.00860865596250386,-0.024287144037646913,0.002526816559389624,-0.0025712797224130826,-0.012757213030644308,SARIMAX_z_E4_exog
2012-06,375,-1.209804738191023,-0.0014347489369486933,0.7149649726002536,0.7981050039568106,-3.184636403803968,3.0295986085425244,-1.5175960705334286,-2.3108272806481036,0.05116320964062604,-0.4752508867556804,-1.9216690175792794,-1.9357440160941426,-1.9995796602031986,-1.7685712546085868,-1.281969028543467,-1.2314298724413844,SARIMAX_anom_E2_exog
2012-06,375,-0.0038860675118014003,-0.002129385804341746,0.22986378313449998,0.18370250985382003,-0.00876290540915895,0.04497380766496995,-0.005917057960378225,-0.016315953892241636,-0.01455724138073422,0.002282329299272662,-0.010669354232612005,-0.006302853420819043,-0.022281830126267315,0.00421506774017292,-0.0012317570455998392,-0.011518846428598475,SARIMAX_z_E4_exog
2012-07,376,-1.2268246543694619,-0.0014539295170997977,0.7152153273494586,0.7981991909195346,-3.1833238265073276,3.0317689537449146,-1.516348811468231,-2.3135826835585043,0.05122181837035478,-0.4771269376995779,-2.0767642640895527,-1.942808597224938,-2.0061082450898633,-1.7738275819420084,-1.285195567759026,-1.2327370947098009,SARIMAX_anom_E2_exog
2012-07,376,-0.003713578525169422,-0.0020913866553846938,0.2230407050428591,0.1796489655199347,-0.008643697500986086,0.044990215619109715,-0.005854013680093478,-0.01613278760545403,-0.014327093971770379,0.0026052634248709128,-0.011090620524029496,-0.005596131027847979,-0.021940950836277846,0.004550719733119501,-0.0009709338013579388,-0.011375785532099496,SARIMAX_z_E4_exog
2012-08,377,-1.487196824376864,-0.001719628313485258,0.7165447336550341,0.7965926919826506,-3.3855722772643397,2.84562763869258,-1.754673679906205,-2.5877091560144034,-0.2840202645033889,-0.8163608205551649,-2.387689183732034,-2.1670601298137844,-2.291896763835462,-2.033429082787966,-1.5057926933825232,-1.4517578848153299,SARIMAX_anom_E2_exog
2012-08,377,-0.004892310988191818,-0.0016470008508010462,0.239844617510103,0.17808817352105985,-0.008595012470990728,0.04555777601465664,-0.006032905950969678,-0.017267937260653413,-0.016119065679795583,0.0006613810408760135,-0.01272642171808886,-0.007111730864979168,-0.025121866112520635,0.0026096333996988744,-0.0019484804111953534,-0.011706578633317635,SARIMAX_z_E4_exog
2012-09,378,-1.473282772371461,-0.0016496977797089694,0.7211598503627124,0.8013839337099499,-3.3765103837411523,2.8568262892328593,-1.754308322864103,-2.6032861476441393,-0.3139410698328391,-0.8491365549166208,-2.4175781419204143,-2.1953698770497003,-1.9882184135357326,-2.04027949970635,-1.5018797113490268,-1.4464264812377177,SARIMAX_anom_E2_exog
2012-09,378,-0.004708821702431515,-0.0013773410963442616,0.23948818358723983,0.18462844828976138,-0.008512299557605829,0.045819691807910345,-0.006247870968113952,-0.017910012364561842,-0.017114886911444666,-0.00029523574141163134,-0.01349483416357259,-0.007788571579875579,-0.015861161775378135,0.0007028396695353732,-0.0024890213301702315,-0.011888311310565081,SARIMAX_z_E4_exog
2012-10,379,-1.1945894425163606,-0.0014659586038938497,0.7243539282607674,0.8088885891040304,-3.151710247149061,3.0719978675858566,-1.5122719078385025,-2.3614020239172424,-0.045733835316576155,-0.5824061262735205,-2.171457572246549,-1.9568299475467348,-1.7670047355116,-1.2972322194162933,-1.2874369499060034,-1.214877859027395,SARIMAX_anom_E2_exog
2012-10,379,-0.00505202180157235,-0.0016280380967881633,0.2245360478484129,0.18358522016814263,-0.008393433966699058,0.046509433695256,-0.006056175747788935,-0.018343560555420926,-0.01782228920644128,-0.0013743973283452393,-0.014494125556521867,-0.008623125625081197,-0.016485501653385443,0.0022092005732955444,-0.0043784319891292285,-0.012095414041158386,SARIMAX_z_E4_exog
2012-11,380,-1.3674612867239764,-0.0016780870690533676,0.7252427616570893,0.817838772774182,-3.434892011838158,2.7807765855464845,-1.801661812140192,-2.596306795172322,-0.26633186521280594,-0.7959374495958702,-2.371594845845247,-2.1556103337481876,-1.9545303000200072,-1.4551128733989236,-0.8543607454284716,-1.4552602546524032,SARIMAX_anom_E2_exog
2012-11,380,-0.003209498908124889,-0.0014864888510585797,0.20863162098503105,0.18501981960277925,-0.009143729741561305,0.04479133554304649,-0.006774755100311182,-0.017529373820604724,-0.016345189925967243,0.0005178239090027625,-0.012664382115939878,-0.007160073450099419,-0.01536547512477729,0.0033647417155828196,0.009438267004080264,-0.010673250933700697,SARIMAX_z_E4_exog
2012-12,381,-1.06780652225203,-0.0013730635183690004,0.7334208318569946,0.8197476075294369,-3.2574902886614896,2.933048889100034,-1.5969687887599395,-2.3293820518544415,0.07412830831449657,-0.447432417975296,-2.050597107068147,-1.8460800138247764,-1.6687466950735033,-1.193474150236443,-0.6416208725020285,-0.7490002854067423,SARIMAX_anom_E2_exog
2012-12,381,-0.0019418128707220728,-0.0015112538067642396,0.20251248297076052,0.17736470983309732,-0.009132482995874349,0.04490637160165788,-0.006869015607985377,-0.017014690135920496,-0.015737203956617013,0.0007314424824254595,-0.012094182270674582,-0.006687202828381294,-0.014679982407173747,0.0036496061052114503,0.009484936343413658,0.0012259714590649416,SARIMAX_z_E4_exog
2013-01,382,-0.9769613796004258,-0.0014144633898356977,0.717616362004778,0.8020192956297331,-2.72930675738689,2.884741675964441,-1.6440691604320525,-2.3179517834579855,0.1969141047282834,-0.3250691315011818,-1.9685035539531233,-1.7567306995191556,-1.584308982932832,-1.101215189939368,-0.5756725281627535,-0.7025334462770796,SARIMAX_anom_E2_exog
2013-01,382,-0.001096750232476485,-0.0020705811510833743,0.19771045462364994,0.18187125981863206,-0.0043398567146789024,0.04611303461291966,-0.006638070883539275,-0.01661317467657264,-0.01503681884891659,0.0016668430559601544,-0.011487492229047325,-0.006132887052871405,-0.014411296662207002,0.004173454546877675,0.009692849882765087,0.0011545516856657258,SARIMAX_z_E4_exog
2013-02,383,-0.9953015934024442,-0.0014261126272937337,0.716182615324839,0.7712381946244379,-2.7615456008648103,2.9641671795383733,-1.5898765358219933,-2.2961544323254923,0.1362029258425559,-0.3940315924720683,-2.0191106058870387,-1.8177698325842437,-1.64587417086992,-1.1705239996463659,-0.6272028170125452,-0.7404801056763883,SARIMAX_anom_E2_exog
2013-02,383,-0.0015680378378456021,-0.0015161762735309721,0.20021288972784276,0.1674063595523299,-0.004036496688492489,0.04157209109279336,-0.007887949470389342,-0.016965422491529575,-0.015439332977461091,0.0013246752922060068,-0.011741746222702264,-0.006354597925562748,-0.014548141508931772,0.003935774121545499,0.009752343827493404,0.001374851658366781,SARIMAX_z_E4_exog
2013-03,384,-1.202955379055384,-0.0003156348581434735,0.7344255698112119,0.700698316506998,-2.9033088997899767,2.872721648786993,-1.8826357946698922,-2.4130660447873087,-0.1018643971835469,-0.6515527152759275,-2.2277774117144347,-2.057083959334734,-1.8898048415134348,-1.4253671773384244,-0.8328739361611452,-0.9228510196827737,SARIMAX_anom_E2_exog
2013-03,384,-0.0014837615376057562,-0.00046995540538609143,0.17471449900116648,0.14174606797093206,-0.0031242690228818933,0.04290007248833102,-0.007177082311631194,-0.019742140592830193,-0.016579769036392522,0.0006905287080946065,-0.011556305700252165,-0.006129074512822897,-0.013824872670182592,0.003532387154819322,0.010604394985724797,0.0026009920587544144,SARIMAX_z_E4_exog
2013-04,385,-1.0661665414872048,0.00016067844617244313,0.6994124735080913,0.6603862598023111,-2.7710283338860773,3.011797160835413,-1.7561686596595742,-2.4343854740259387,0.05257195219388411,-0.4388764769312923,-2.0327742211661484,-1.8756250419842888,-1.725912204667238,-1.2828217672244877,-0.7060274002737312,-0.7919911894151461,SARIMAX_anom_E2_exog
2013-04,385,-0.0012047504483641423,-0.0005176838107889718,0.1732460613069659,0.13957319817102468,-0.0030168899171502655,0.04308061617618458,-0.007187885903720603,-0.014777356343647867,-0.017514426608839923,0.00038539617144980887,-0.01169892877041119,-0.006223127363653127,-0.013852132093764624,0.0034248465587072285,0.010647705537915053,0.0026993211107888236,SARIMAX_z_E4_exog
2013-05,386,-0.9974623636658477,0.00011734629639665292,0.7146210515349758,0.6702515830097967,-2.6974721537063844,3.084282454799551,-1.6613608820010701,-2.3301590772825436,-0.0843648989407598,-0.3203346674964289,-1.9489136228615664,-1.7889515133081855,-1.642788276858412,-1.2075239942642373,-0.6401808370394573,-0.7186684185028058,SARIMAX_anom_E2_exog
2013-05,386,-0.0009965496472503351,4.057428112407834e-05,0.17673688226348838,0.13382363703417227,-0.0038575968070858613,0.04263276739003442,-0.007871272683210286,-0.015189450452149152,-0.011375509916868413,0.0006815109215801141,-0.011795089011768706,-0.006475221529923282,-0.013874482910159108,0.003138676516367067,0.010402602900534158,0.002392340474223667,SARIMAX_z_E4_exog
2013-06,387,-1.0818768703591612,0.0001152007516860931,0.7096486718864701,0.6661843202309023,-2.764767898961889,3.0165378469488946,-1.7364381168730896,-2.3970614296279145,-0.1626913921371947,-0.5940313297915959,-2.0129330593118193,-1.8679934946555883,-1.7150834304602043,-1.2705495081751517,-0.6980107100060753,-0.7823701231183264,SARIMAX_anom_E2_exog
2013-06,387,-0.0012578872486181368,0.0004962461697812441,0.15095936633836488,0.12198749438540102,-0.00449121662231762,0.04164447390421637,-0.008828691434004117,-0.01574554339564046,-0.0119258137460889,0.00029342469907576367,-0.010095731779595857,-0.006421472443247027,-0.014010172478614497,0.0029365285443895273,0.010332337106010836,0.001954864121673467,SARIMAX_z_E4_exog
2013-07,388,-1.2272771085929277,0.00010195715489830534,0.7128672915332577,0.6671892725594557,-2.8530487468852446,2.9376101451478775,-1.8423941004357882,-2.5265206693425553,-0.31461204332535514,-0.7530812965370365,-2.3835211738618067,-2.018116716007029,-1.8545483855957885,-1.3979256416148393,-0.8038107206432343,-0.8839613681176228,SARIMAX_anom_E2_exog
2013-07,388,-0.0013803425176360303,0.0004671971567507467,0.15000022041506986,0.12148200211066512,-0.004328021020245605,0.04164785146167452,-0.008715759693804614,-0.01561590280068311,-0.011742365036011573,0.000536677973294533,-0.012787540176788067,-0.006197519058861501,-0.01390045414401253,0.0030792775010693996,0.010474204413090021,0.0020506828686976813,SARIMAX_z_E4_exog
2013-08,389,-1.2297680063259855,8.756424283935251e-05,0.7169584516998397,0.6648088231997245,-2.833100134717796,2.958570117912429,-1.821546663862422,-2.509318093614062,-0.2993914755877369,-0.7385807283722475,-2.369366270866525,-2.2138932625719154,-1.8376324592093116,-1.3795366329860546,-0.7866165008270283,-0.8648755399784545,SARIMAX_anom_E2_exog
2013-08,389,-0.0011947273656696287,0.0005880096609516609,0.1467844522423138,0.11592284255611199,-0.003931818213311997,0.0421507703090252,-0.008364059132205885,-0.01541436141176989,-0.011713781231904048,0.0005342855159881122,-0.012657862532300276,-0.005268774688287002,-0.01458574516474928,0.00294662902574655,0.010717734710553511,0.0024548437226771316,SARIMAX_z_E4_exog
2013-09,390,-1.140086693205016,0.00010977270313616018,0.7146184425093605,0.6602991417276445,-2.7741911875420144,3.010536307138784,-1.7392891757679072,-2.401847304448753,-0.16433838258542183,-0.5961256771599945,-2.2309997663346874,-2.0807998171984283,-1.8338288946295698,-1.2788648008835137,-0.7181112638200817,-0.7960734901308948,SARIMAX_anom_E2_exog
2013-09,390,-0.0008251029345196606,0.0003582826837767609,0.15641465347717942,0.1202599846526333,-0.004288156150061978,0.04151838402165945,-0.00872277922093058,-0.015484885981178031,-0.011568621455008362,0.0007885116343618679,-0.012493013708327113,-0.005165969525630848,-0.010212864544610793,0.0042829780167952525,0.010806888861192382,0.0021753623991676574,SARIMAX_z_E4_exog
2013-10,391,-1.2568045303654511,9.014216220209725e-05,0.7131993367059348,0.6567203875501815,-2.860715132396155,2.9325628977920353,-1.838046626663417,-2.5146952584814417,-0.2932753385422743,-0.7293667007466711,-2.360527070618414,-2.2047947670689783,-1.9472222738798872,-1.4710070157241213,-0.8143609322950471,-0.8951043734953026,SARIMAX_anom_E2_exog
2013-10,391,-0.000799998192253725,0.00030539659497738685,0.1575256734965693,0.11578436883158988,-0.0044928519868799345,0.041343811818165016,-0.008958281329429413,-0.015642314590242155,-0.011725724376434942,0.0006259674328119412,-0.012599109451671388,-0.005282482613850007,-0.010305560421063379,0.00572920083386401,0.010989518299152623,0.0020803491985583455,SARIMAX_z_E4_exog
2013-11,392,-1.0632010650615737,0.00011025389713966168,0.7141283181602449,0.6203763742876316,-2.7841734032167222,3.011839026392822,-1.6939912057285493,-2.31923696484994,-0.027180237920572423,-0.44991116944855314,-2.0968397090962814,-1.9462339053063953,-1.7094303395065578,-1.2508650032421713,-0.6666436848771229,-0.7644732935089991,SARIMAX_anom_E2_exog
2013-11,392,-0.0007234309063383728,-4.179583464046871e-05,0.1480719200238001,0.10382657998265105,-0.004412658471866927,0.04028061844060419,-0.009512092995893194,-0.015797373121698165,-0.011490957968000804,0.0012115320624672755,-0.012321063459190398,-0.004999878241089978,-0.010373024691626917,0.00609639983746204,0.009772111696232141,0.003868803743875781,SARIMAX_z_E4_exog
2013-12,393,-1.0454765040691325,0.00015306075974758535,0.7153866592103153,0.6042572665080013,-2.7995829607307177,2.977407495692096,-1.7181166539211938,-2.3195529097417786,-0.010509161960026926,-0.42715270186645604,-2.072873962583644,-1.921525762575331,-1.6863810147734677,-1.226921561447,-0.6501512251042053,-0.6419898300224837,SARIMAX_anom_E2_exog
2013-12,393,-0.0006809224656162148,-0.00023255486777154516,0.14936270189617,0.10464628087177948,-0.0036961123295756564,0.04044195577668651,-0.009374833878805403,-0.01557455994516321,-0.011207114685785838,0.0014878076519430107,-0.012060411837963789,-0.004757594486515985,-0.010163437705766146,0.006287266619331232,0.009895390324621023,0.001441901484301194,SARIMAX_z_E4_exog
2014-01,394,-1.074815374875217,0.00030276643990712575,0.7338581360576556,0.6005206698125927,-2.6423190502645575,3.0292663986470867,-1.6318001859725704,-2.3035494749849907,-0.07238324315682605,-0.5063937410093962,-2.149616575935266,-2.0084123133292207,-1.772260209780799,-1.3173809506456753,-0.7194402708737244,-0.6960070944565167,SARIMAX_anom_E2_exog
2014-01,394,-0.0020945105403150726,0.00043342911250505533,0.1392832443209895,0.08667025020074097,-0.01088445650403259,0.03954252644260106,-0.009654706721410292,-0.01633502195353957,-0.012691541512021844,-0.0003801272719116459,-0.013306338884355447,-0.005938798921377339,-0.01072228946384891,0.005112831997844249,0.009490626565585327,0.001665801282135361,SARIMAX_z_E4_exog
2014-02,395,-1.0374345880296354,-0.0003969631705526977,0.7442057496866794,0.70103935702355,-2.6312750388637904,3.141489393673419,-1.6817492975486243,-2.379945102988288,-0.05289052701655423,-0.4690537424291417,-2.11548555782939,-1.9609101307752141,-1.7215303495176102,-1.2576781740077656,-0.6761428351115165,-0.6635683821083873,SARIMAX_anom_E2_exog
2014-02,395,-0.00026659330149588867,-0.00010973842723668562,0.1484996993785478,0.10798689841562924,-0.010866351348219873,0.04902220834679737,-0.007173380744021893,-0.015062589693094331,-0.010871502863902028,0.0015073987829857737,-0.012086209870795766,-0.004938184848326432,-0.010273785073574699,0.00621287410017941,0.009610899893164899,0.0015102071116895094,SARIMAX_z_E4_exog
2014-03,396,-1.0435666487884911,-0.0004440435679726722,0.7796745220956427,0.7509708680074316,-2.6469670517840624,3.129731497774984,-1.5633314683371176,-2.408269691063184,-0.10740054786140193,-0.50076848281524,-2.1257853435357768,-1.9664077148761872,-1.723988754958754,-1.2569880142006713,-0.6799091234665325,-0.6727150903379584,SARIMAX_anom_E2_exog
2014-03,396,0.0003795008261837472,0.00021834116728817725,0.15807152690876164,0.11495816525984749,-0.010989274162376186,0.04934735819173724,-0.001550076047220895,-0.013984677964235822,-0.010740635077722847,0.0012924570900899803,-0.011861108678633698,-0.004799572098428141,-0.009852929168417809,0.006141664890562175,0.009720013960512232,0.0018307889783385901,SARIMAX_z_E4_exog
2014-04,397,-1.015546267703618,-0.00021652418092992399,0.760667548507286,0.7422522234962654,-2.6217875068055387,3.1541423788382756,-1.530042520617181,-2.3474428318136695,-0.048122384178540166,-0.48975470989226516,-2.110140705323022,-1.9408330736914603,-1.6942677425157238,-1.2235745891835497,-0.6504837681053455,-0.6438872572126676,SARIMAX_anom_E2_exog
2014-04,397,0.0004489232605476585,0.00021156595851013746,0.15308657288046487,0.11119256231343344,-0.010896720378924283,0.049441776216179345,-0.0014971783903809193,-0.0149482834286094,-0.009656848367050299,0.0015321672455105733,-0.011719262564446518,-0.004669494049554273,-0.009734414423294742,0.006273365221947797,0.009799553035597444,0.0019290010304805819,SARIMAX_z_E4_exog
2014-05,398,-1.0179290048643814,-0.00020102022902557685,0.7585483947827661,0.7399448871079461,-2.621275918227706,3.1548701217586905,-1.5284189928111371,-2.3445559257789323,-0.10821139431827893,-0.4856168741444247,-2.1143506128252723,-1.9428986960053258,-1.695124947597183,-1.2233729270395717,-0.6501981578084092,-0.643360118109319,SARIMAX_anom_E2_exog
2014-05,398,6.451458974938629e-05,0.00033671820233507026,0.1517082977715581,0.10969436297956932,-0.010963635818175102,0.04938824940442051,-0.0015570945970851317,-0.01490260399525083,-0.014628456268575226,0.002005771756379847,-0.011571655463052237,-0.004574496131359538,-0.009638035464788088,0.006339465348592608,0.009833305721080963,0.001942151173996428,SARIMAX_z_E4_exog
2014-06,399,-1.2381746635391353,-0.000298924015077913,0.7528712880018769,0.7351505176990927,-2.7992035284657075,2.9836750434987525,-1.7459829057682923,-2.58457671763266,-0.3917626500101164,-0.7044242725923716,-2.38641334754239,-2.1980905331086666,-1.9308261948291572,-1.4369437447569,-0.8337094503788676,-0.8308607018039026,SARIMAX_anom_E2_exog
2014-06,399,-0.0006056283902576272,0.0003593492647525038,0.1278855605659243,0.09184994950552135,-0.011307778391500871,0.049352786843132435,-0.0018251815600850564,-0.014840725719667776,-0.014609773078033288,-0.004542450884487374,-0.012632996998138588,-0.004648830829721779,-0.00936724409699447,0.0062389113355787945,0.00984896990298157,0.0020418050517666507,SARIMAX_z_E4_exog
2014-07,400,-1.221455411944383,-0.0003033624444882888,0.7519155615357559,0.7333064996105494,-2.794399466927629,2.9873084521789,-1.7428323977137221,-2.5810841885880613,-0.3874433709504547,-0.7002774694177935,-2.2199430083483103,-2.1904090151080644,-1.9191813969583968,-1.4274757568613212,-0.8263069126855822,-0.8250287031786191,SARIMAX_anom_E2_exog
2014-07,400,-0.00043059391394845826,0.0003496619044860348,0.12893822987822187,0.09125180510807564,-0.0114353411074725,0.0492749641062345,-0.0018800398983297609,-0.014551901167976966,-0.014206222141150214,-0.004101844352789267,-0.01137444049502743,-0.005385897281639666,-0.009045971530584578,0.0065450243526041065,0.010111143770031208,0.0021716421878449255,SARIMAX_z_E4_exog
2014-08,401,-1.198283395434921,-0.00026695412614491783,0.7496305755103598,0.7318240539932404,-2.784650902601658,2.9950979474113835,-1.7351514000581945,-2.5738086032028535,-0.378576073315235,-0.6921031265707731,-2.213435046951135,-1.9981967159381802,-1.9063880012593344,-1.4098355419230972,-0.8123678364663748,-0.8134793052889525,SARIMAX_anom_E2_exog
2014-08,401,0.000299290227400869,-0.00014867514173028888,0.12684479715246713,0.09732464758221848,-0.011025372060642741,0.04956018767200695,-0.001368135024761973,-0.013821924699132578,-0.013201939455451131,-0.003041073450336551,-0.010462438575723617,-0.0019192403097092175,-0.009976839411181104,0.007069641728616426,0.010547680076169658,0.0025625443488762906,SARIMAX_z_E4_exog
2014-09,402,-0.9635065494256789,-0.000363174928822706,0.751948394257839,0.7324711777377595,-2.5991835786731907,3.169307214357918,-1.5241547384898946,-2.3454982622781864,-0.1051101220092639,-0.41588098398063533,-1.9544978840148577,-1.7446124798292795,-1.5537232916342494,-1.1897379642239545,-0.6117084378386403,-0.6164209818517162,SARIMAX_anom_E2_exog
2014-09,402,0.0005455966573881677,-0.000363801527207595,0.12940018459787261,0.09795603790891486,-0.010643129830834762,0.049907579332690494,-0.0009577248613196367,-0.013310561567538097,-0.012503689581017219,-0.0023627453012899794,-0.009943099146569271,-0.0014110736187043144,-0.01048599656608515,0.006380564482116516,0.01063954821780603,0.002852359411995415,SARIMAX_z_E4_exog
2014-10,403,-0.9835096087421484,-8.949621574205378e-05,0.750769036741264,0.7269357529034717,-2.629592758988267,3.145170122849798,-1.540278182490836,-2.3610649862751747,-0.11940327270279602,-0.42816522174734917,-1.9639312221648126,-1.7519149048489828,-1.5590590971447147,-1.2228970931863161,-0.6391718044587652,-0.6553866250543825,SARIMAX_anom_E2_exog
2014-10,403,0.0005740127952797286,-6.919349690194299e-05,0.12325985226001279,0.09031008028820758,-0.010608295007389633,0.05002782432392599,-0.0009726650733425699,-0.013603759214879706,-0.013031509222110549,-0.0029058284332591435,-0.010365159608014455,-0.0017655492289551525,-0.010737117811375504,0.0076808833438002525,0.011658797557028373,0.002987687364648569,SARIMAX_z_E4_exog
2014-11,404,-1.1945406685363062,-0.00022564265583354957,0.7459191548739071,0.7228928634438703,-2.802638343442167,2.982551968460615,-1.7439338447059543,-2.582423641943695,-0.3865956384531939,-0.698382441393142,-2.218172467905847,-2.001323835679774,-1.7846432211904755,-1.426373493041008,-0.7680323240146564,-0.8345322022981595,SARIMAX_anom_E2_exog
2014-11,404,0.0003620767406309322,5.771325267717667e-05,0.12088758455906734,0.08789577070352526,-0.010548306953220482,0.05018732982535873,-0.0009297804886707348,-0.013567018771605469,-0.013078479202066775,-0.002968184166772293,-0.010277894317253691,-0.0016742706518801192,-0.010588120942000574,0.007693094524937673,0.008011279158624332,0.0032775822143348505,SARIMAX_z_E4_exog
2014-12,405,-0.9734257391656007,-0.00011394843422892222,0.7444250933037785,0.7239217454578997,-2.6434858304473843,3.1331059212286347,-1.5514032073080537,-2.3692309896255854,-0.136033665716093,-0.4417832976310161,-1.9707513882561694,-1.7582877204309446,-1.5640578367762803,-1.228486896640636,-0.5957579345366341,-0.5002744326420407,SARIMAX_anom_E2_exog
2014-12,405,0.0004829338492057039,-4.4750223628848434e-05,0.12071984763277992,0.08942371013097111,-0.010293830708389582,0.050292147174319506,-0.0008472711641108036,-0.013543993730853283,-0.013051123832567447,-0.0029631010351636178,-0.010328590499303132,-0.0017145797006645595,-0.010608395171220312,0.007670189429088723,0.007993685627209755,0.004298959324305446,SARIMAX_z_E4_exog
2015-01,406,-0.9349580606372345,-0.00011834458867103408,0.7406215157123015,0.7020685424137505,-2.1842132716982894,3.1473690317757304,-1.561801847928071,-2.3798910753694806,-0.14382819615608386,-0.44631151701096916,-1.9732121448568454,-1.7515918595043773,-1.5520872222573696,-1.2204673698725566,-0.5809145128744639,-0.4709148799786843,SARIMAX_anom_E2_exog
2015-01,406,0.0016961576109175637,-3.482216706057868e-05,0.12128118459757789,0.07983322771962147,-0.0005336500208983352,0.05222698124303184,0.00010257927907672632,-0.013014308647377237,-0.012593214026898782,-0.002729698599863965,-0.010301237894774114,-0.001641183826167246,-0.010326799904147976,0.0076694234692051624,0.00812828471711555,0.0048060462868346,SARIMAX_z_E4_exog
2015-02,407,-0.8983272477890002,-9.418187902912477e-05,0.7395024543990223,0.6983204582434495,-2.1888833609715155,3.4719248523823514,-1.5581419121483866,-2.371064965035343,-0.140489543969909,-0.44580832097767076,-1.9741343306641577,-1.7541233792430453,-1.5551012351744171,-1.223737379941593,-0.5843684653440407,-0.47540524603790146,SARIMAX_anom_E2_exog
2015-02,407,0.0014356256953611056,-0.00014564579249900305,0.11745780537531479,0.07810491593141476,-0.000797367885823741,0.04879320578398276,-0.0004068292631391611,-0.013145946439378291,-0.01255750924919223,-0.0026472589899225085,-0.010280908988864986,-0.0016831696431463931,-0.010413035193910488,0.007683370127632666,0.008025750001644306,0.004603018232730668,SARIMAX_z_E4_exog
2015-03,408,-1.0656431081427669,-3.017887924016383e-05,0.7509340545025962,0.7180770858225531,-2.3768517156864672,3.2831209009832554,-1.4773282878403413,-2.5513520324503434,-0.3274528678147228,-0.6465555333446336,-2.167184581842631,-1.960661099800104,-1.7522852397858586,-1.4010264340646614,-0.7492953246610774,-0.6608450814056147,SARIMAX_anom_E2_exog
2015-03,408,0.0013533889151823755,-3.8528528235789516e-05,0.12113118324145594,0.08278102282191493,-0.0012303960759524335,0.04856912067457683,-0.0018194945822855497,-0.014211427026172545,-0.012432472867612128,-0.0023762582071741147,-0.009735857116251771,-0.0012994743899414156,-0.009983747931460688,0.007898643710490462,0.008205061299710876,0.0046569694942608575,SARIMAX_z_E4_exog
2015-04,409,-0.9529158033984213,0.0003453150566124425,0.7392108970207119,0.7204193792807428,-2.342535065842917,3.302555037614483,-1.4499231929781489,-2.288285314126682,-0.22956806336154395,-0.44272165782155115,-1.9798719154869522,-1.8009709855152645,-1.6210482861142719,-1.28372274960653,-0.6612840343574649,-0.5983378393392635,SARIMAX_anom_E2_exog
2015-04,409,0.0019269664027124873,-0.00028484142415470103,0.11687665383915194,0.08051225551375954,-0.0012339277461404213,0.04860984055467311,-0.0015165192740254924,-0.012639311723644318,-0.012920516735477087,-0.0014380651978883902,-0.00853135054786284,-0.0002342401337724114,-0.009052366073461745,0.008678215833432446,0.008762408276492866,0.005067849545117016,SARIMAX_z_E4_exog
2015-05,410,-0.7853023947657726,0.00036572164507193435,0.7428528196033983,0.7217349585635257,-2.2122342191247966,3.4266777457741324,-1.2872169076662716,-2.1102514561472074,-0.011857537570824712,-0.23984389338444992,-1.7918484011620361,-1.6142699022173905,-1.4505856659754226,-1.1308433627308787,-0.5264972498563583,-0.4586371752399187,SARIMAX_anom_E2_exog
2015-05,410,0.0019718914618152028,-6.634736740954033e-05,0.11726174092325709,0.08202935630179392,-0.001406962956936339,0.04854371652660891,-0.0017779960202347002,-0.013031675444384237,-0.009076427374021149,-0.0015950025177815519,-0.008957777833792632,-0.0006608876019254887,-0.009368377526452558,0.008328048969657437,0.008541401069115339,0.0048908701855188115,SARIMAX_z_E4_exog
2015-06,411,-0.9513813099092376,0.0002513758646590912,0.7401315593072093,0.7193095867247241,-2.3502139845162837,3.2951932594870765,-1.4585790232322047,-2.3001522516167148,-0.2293621061510285,-0.3525365946060311,-2.000450807278714,-1.8146048428799322,-1.6331773381348853,-1.2946053446931505,-0.6703124103751027,-0.6069534801301794,SARIMAX_anom_E2_exog
2015-06,411,0.0022275636846632797,-0.00015776093495804518,0.1178365741510114,0.08086435002530742,-0.0015490060518994944,0.04833650058609558,-0.0019675250486109676,-0.013186583137245349,-0.00919593333667006,0.0036326022972444916,-0.009711124990877937,-0.0008446714133741514,-0.009506699747817163,0.008271641063553216,0.008456162156821746,0.004743419639641235,SARIMAX_z_E4_exog
2015-07,412,-0.9583657961532542,0.00027238823630036126,0.7340424815951629,0.7159668217173951,-2.375220519212151,3.2732527272159353,-1.4879533103756482,-2.3339481181970645,-0.27006519185665484,-0.3951334851061882,-1.6837074461766097,-1.856442218980062,-1.6742427299130807,-1.3320715031724746,-0.7026629138152503,-0.637212754346163,SARIMAX_anom_E2_exog
2015-07,412,0.0024039933372940765,-0.00025443664473205906,0.110511894263335,0.08117039638827178,-0.002149102300906794,0.04782888781262076,-0.002714082357775649,-0.013958314290324368,-0.010086056429427816,0.0026922706485450793,-0.0003166294688891355,-0.0009753848544518107,-0.010148969774782846,0.007616839676642284,0.007860447773252312,0.004118151933299594,SARIMAX_z_E4_exog
2015-08,413,-0.8955640544941074,0.00039896343936414176,0.726681658703914,0.7130493502969701,-2.36786811917374,3.2780272932550316,-1.4748205504501692,-2.308401448007988,-0.24211797764254928,-0.3639120505198307,-1.649205107742139,-1.31067747185194,-1.648549780710444,-1.3092260469356722,-0.6855706351211528,-0.6233734124612323,SARIMAX_anom_E2_exog
2015-08,413,0.002809058804646893,-0.00032819174576900414,0.10897740073198371,0.0819807555827583,-0.002512744281005263,0.04778646158054329,-0.003140663201079233,-0.01438365511776756,-0.010692933849982485,0.0019495839774437609,-0.0009447204248451215,0.008335810096927038,-0.01033813594740475,0.00713403526661327,0.007521758822382341,0.0038698266557450197,SARIMAX_z_E4_exog
2015-09,414,-0.8915638479032232,0.0003963609791631093,0.7281772634331592,0.7149234657629411,-2.382562203250235,3.259503416801104,-1.516470591258544,-2.368988328839959,-0.3189575185914879,-0.4463825033420062,-1.7327414893342732,-1.3938181658249706,-1.0733069968826134,-1.3443469205383047,-0.6861908738685557,-0.6361271788677831,SARIMAX_anom_E2_exog
2015-09,414,0.0029940630327816267,0.0001815678634445364,0.10659468323058245,0.08548592289155584,-0.002825238114107584,0.047259676869111124,-0.003551856963013496,-0.014754009870607154,-0.011024737356218266,0.0018008329706537469,-0.0008227432636403258,0.008446623338447206,-0.003135243224029021,0.004686264718652502,0.007286098447132239,0.003664666946942145,SARIMAX_z_E4_exog
2015-10,415,-0.8162747237982075,0.000485634454362762,0.7333789909029382,0.7223376291211401,-2.3425185404545963,3.284575051462665,-1.5135362877318417,-2.3760583418662318,-0.3427226084862155,-0.47093947490288457,-1.7529860341451375,-1.4180959332439342,-1.0956645649137022,-0.47354437041216624,-0.6560834630915319,-0.5725430512816541,SARIMAX_anom_E2_exog
2015-10,415,0.0030189500594944153,0.0004420688541593582,0.10757694881290442,0.08947321997686397,-0.003590252846621681,0.04722372602507294,-0.0043255026344891255,-0.015413160748743361,-0.011958570060544314,0.000749379105644701,-0.0012564516197035294,0.007955001562124921,-0.0030697832063533697,0.01292393673193475,0.0046091926270406605,0.0032976004448086265,SARIMAX_z_E4_exog
2015-11,416,-0.538638857282698,0.0005878136011692017,0.7199084159772726,0.7384745141622848,-2.0817889526335107,3.4976459181061603,-1.3191221981412513,-2.191424927830792,-0.16022020861843636,-0.28686347791840827,-1.5686177990610763,-1.242909213576377,-0.93706365953958,-0.3244024545771387,0.5773493972436171,-0.3725710200921416,SARIMAX_anom_E2_exog
2015-11,416,0.0028516629737295783,-0.0008580654567470769,0.0975597113305371,0.09573076638731458,-0.004884765227594283,0.04607063889889311,-0.005474376701171624,-0.01663356416511306,-0.01266913174557122,0.0003573446822060178,-0.0022149952497832804,0.007097297841405262,-0.0039958325752011145,0.013079669806470249,0.016268745821156016,-0.00214802366052139,SARIMAX_z_E4_exog
2015-12,417,-0.5097217701503709,0.0009922998574134864,0.700862359268134,0.7673878825278811,-2.0935907232104567,3.6023291017891923,-1.3361141046867258,-2.259732282098208,-0.28188507121723,-0.41540442585612075,-1.6888350234728324,-1.3656430210520016,-1.0440424481904504,-0.40603326799151673,0.5239876667048057,0.6969249170297515,SARIMAX_anom_E2_exog
2015-12,417,0.004135811571505127,-0.0009174264643256951,0.09712605043670099,0.09975707704191938,-0.009137326111455386,0.045510012999807586,-0.005881143037734852,-0.01680585575979692,-0.012564192180665823,0.000639891508465451,-0.0018580283664646098,0.0075006313967232495,-0.00365069090731182,0.013682072666054748,0.016880815765113865,0.01583023971778617,SARIMAX_z_E4_exog
2016-01,418,-0.5072175273116033,0.000714542510374759,0.7362344036212549,0.7754047137487067,-0.8681767159324957,3.4573449897652035,-1.4725646540184565,-2.340318230705656,-0.36775886985423895,-0.4989157809957157,-1.7649333544121224,-1.4580975614490832,-1.1403467939871976,-0.5071327836277567,0.3975136627392268,0.5624676330353424,SARIMAX_anom_E2_exog
2016-01,418,0.003409792321893345,0.0004993231441908317,0.08436042541966596,0.08879077027713243,0.014066856503622256,0.0443669104672613,-0.008758343794289088,-0.019614468933433514,-0.01612217266128704,-0.002979991547080596,-0.004590013897204221,0.004534181303115838,-0.00635177195822937,0.010598290165396129,0.014088680643780422,0.012501893914759218,SARIMAX_z_E4_exog
2016-02,419,-0.350003243277529,0.0002531846014094983,0.724557172840189,0.7492241517951039,-0.802120233355892,4.692880375085665,-1.3454941191900571,-2.2495992459851086,-0.29495963007861575,-0.46144531459927823,-1.7598998311055056,-1.449692919570334,-1.1280256967403481,-0.48770200465645175,0.4421775299515141,0.615399574459404,SARIMAX_anom_E2_exog
2016-02,419,0.005612083152683903,0.00021955175861917463,0.09148351487719214,0.09202207833586647,0.015769358750158117,0.060568714107812,-0.010043087466864827,-0.01913995857758168,-0.015026224198611488,-0.0015451529744964967,-0.003694752802040651,0.0056488991187429415,-0.0057516159522328515,0.011722820439795055,0.014951542014289882,0.013437164784106814,SARIMAX_z_E4_exog
2016-03,420,-0.20481501928926787,0.00023600214900689734,0.7034794470408274,0.7404522119283401,-0.8053929257860826,4.682156396656269,0.046543337294442974,-2.19178291208062,-0.2198270418578961,-0.3967904466826943,-1.7028916712779245,-1.403612602514283,-1.0911609927776262,-0.45776923618263154,0.45883736362250105,0.6239105001153202,SARIMAX_anom_E2_exog
2016-03,420,0.00595298795862238,-0.00026792623080892686,0.0807915872982995,0.08637397425770503,0.01394388781257646,0.058560278849403256,0.013019286070385288,-0.021287169767777225,-0.016578597067838416,-0.003011104418126117,-0.0053634404126815085,0.003880640414364527,-0.007420553831213393,0.010510647358146162,0.013524996641988446,0.011656983854241229,SARIMAX_z_E4_exog
2016-04,421,-0.23151579615482756,0.00029938460725877645,0.7022634694268637,0.7383420616826721,-0.9138077560715524,4.572693311096823,-0.10004088699656373,-1.1449960950609486,-0.36961201938145316,-0.5116797002109308,-1.8303754650490678,-1.5382643551753008,-1.2166536479407764,-0.56998208951288,0.3581651425016653,0.5124634450546438,SARIMAX_anom_E2_exog
2016-04,421,0.006431549032999778,-0.0002632043388699206,0.08211282601704237,0.0856260761217157,0.012872432985039163,0.057674776196598006,0.011623764544269579,-0.0019145293886717967,-0.018692293446269253,-0.00454795116074208,-0.006658610338660408,0.0025664378229223375,-0.008449644664254788,0.00950565291310774,0.012693291723919633,0.010743720592215514,SARIMAX_z_E4_exog
2016-05,422,-0.21713027324039394,0.00028593724047926546,0.7045172258165453,0.7379686536655654,-0.963795359750221,4.521799854006829,-0.16579019114925342,-1.2153002492817528,0.38936070231529124,-0.5735771209575625,-1.8801410889298502,-1.5927978676768928,-1.2688292188175612,-0.6184157939868982,0.3120265239120345,0.46108736001640777,SARIMAX_anom_E2_exog
2016-05,422,0.00674229675396283,-0.00027807229095697393,0.08270612806835716,0.08475998838435124,0.012324012162353386,0.057151796769288665,0.010844031615562627,-0.002712026532369926,-0.006892101608422346,-0.005836945117161927,-0.007466798723218287,0.0018198041434330189,-0.009069458498203979,0.008955755780470817,0.012232654018275684,0.010216514798937976,SARIMAX_z_E4_exog
2016-06,423,-0.210692934491543,0.00027055286558994095,0.700301242864112,0.7330513460333852,-0.983130612076139,4.504272503844699,-0.19398967889880123,-1.251129113303054,0.34962651056025174,-0.1765994702695584,-1.9181372965263515,-1.6254927249402205,-1.2991045264774868,-0.646680809769266,0.2877868963847232,0.43700662955947883,SARIMAX_anom_E2_exog
2016-06,423,0.007142205146407019,-0.0003001641972401828,0.0835721276194115,0.08571209031734252,0.012180009261948475,0.057055825577311,0.010676565028548676,-0.002848665433614376,-0.007047528028423848,0.0011422983494454124,-0.008277094214803512,0.001607000617143796,-0.009147129195111806,0.008875165876545209,0.0121964945017012,0.010155819717674477,SARIMAX_z_E4_exog
2016-07,424,-0.20166239115038256,0.0003088428085382118,0.6982965174085796,0.7320160779615592,-0.9850906224427478,4.50018928254528,-0.1980449190755548,-1.2534370011861216,0.34751012724889424,-0.17820452529382289,-1.7708902102825548,-1.6219409844532366,-1.2916119000890254,-0.6401774720939246,0.292064787766064,0.43820965912107235,SARIMAX_anom_E2_exog
2016-07,424,0.0073337155744728506,-0.0003288097026952144,0.07689764811646668,0.083217881638504,0.011920775682533304,0.056814957076800766,0.010690827707449614,-0.002272553498898879,-0.006187838100058663,0.0020268513414613393,-0.0083364851238058,0.0009880870911831905,-0.0086735900058441,0.009424232266888124,0.012541503765199837,0.010327958338742465,SARIMAX_z_E4_exog
2016-08,425,-0.19855025130201417,0.00031684078649697246,0.6975542683495626,0.7288128102783329,-0.9730961726862071,4.511250685826035,-0.18258405157579663,-1.2344273641245678,0.3672887554406325,-0.15722300364078226,-1.748808456194055,-1.7292215620365023,-1.272720050545033,-0.6224927575874784,0.3070056728350153,0.45270072792300564,SARIMAX_anom_E2_exog
2016-08,425,0.007478985459245463,-0.000423178958823842,0.07655008034916938,0.08009377671450726,0.012070367258787877,0.05705915874261988,0.01095228438076782,-0.0019048180694008071,-0.0057747122312968545,0.002401081809929208,-0.007935981364870405,-6.022675028036526e-05,-0.008599942593072887,0.00964713721103999,0.01275671177485816,0.010584467739068204,SARIMAX_z_E4_exog
2016-09,426,-0.24773215812570043,0.00030731271292043017,0.6980366834122212,0.7288501308707791,-0.9936925030940972,4.494914399890053,-0.1973117751371904,-1.2486351957080009,0.35653821547755243,-0.16737931087627736,-1.7595119110453983,-1.7381969764220306,-1.6353418701689233,-0.6485450402140057,0.27307627986773386,0.4257607642075771,SARIMAX_anom_E2_exog
2016-09,426,0.006690040872764937,-0.00024031362261816162,0.07669655837247175,0.0832522967208784,0.011618208409017715,0.05705209529295331,0.010163656015319145,-0.0031569576741688216,-0.007440145416619171,0.0005841820380501751,-0.009459522963485302,-0.0015468592151958666,-0.008092617581925286,0.009938932279702386,0.012377400056798521,0.010220752548444801,SARIMAX_z_E4_exog
2016-10,427,-0.32154547779707954,0.00027006810199917656,0.6996427967983692,0.7395557966157471,-1.0412349274454389,4.457088831567607,-0.2344358361083467,-1.2852569428336449,0.32530252577427365,-0.1970623980309978,-1.789670328694038,-1.7648431689457682,-1.658514282336649,-1.1079059718983437,0.22440438115854014,0.36292901915314857,SARIMAX_anom_E2_exog
2016-10,427,0.005852708786054273,-0.00013863891865959185,0.07382425314529373,0.0889813607505593,0.011070453738208558,0.0569659557998041,0.009323142992072292,-0.0041810654233896405,-0.008723874003851948,-0.0008435845595614248,-0.010572758641899315,-0.002702285389734114,-0.008941114459209944,0.00727891007347221,0.013466911806103227,0.010081948755110152,SARIMAX_z_E4_exog
2016-11,428,-0.30787476408686887,0.0002625142566303229,0.6983145923628524,0.7218278615827356,-0.9934084604874008,4.499529633124798,-0.18499495783715178,-1.235379638344475,0.37228270188201884,-0.15076204540921095,-1.743156829264435,-1.7204449757654006,-1.6185290725399908,-1.0745039959512532,-0.11398528228204717,0.4066123545458445,SARIMAX_anom_E2_exog
2016-11,428,0.0058457874051213695,6.265885465600804e-05,0.07480794926536022,0.08651039970024366,0.01126231437501346,0.05703798038894723,0.009567345608327898,-0.0039679981732873,-0.008611100219417826,-0.0006737277390381476,-0.010313782738386925,-0.002378064613274843,-0.008613250541124115,0.007468266349922509,0.011552367546428683,0.009599201170750091,SARIMAX_z_E4_exog
2016-12,429,-0.23242882244796176,0.0004468118157526109,0.7055187709569357,0.7488272144857085,-0.8821153879788499,4.6434060670378,-0.05248386700458931,-1.0936182835187103,0.49615593651603856,-0.0296452038523789,-1.6204543098984667,-1.6091063122372553,-1.5209854667622902,-0.9938695979526995,-0.053174000345983866,0.04913603660513664,SARIMAX_anom_E2_exog
2016-12,429,0.0057639411360008086,0.0005638049423782004,0.0730873575144268,0.0950231534678582,0.009712665785483538,0.056914654153683776,0.009890494192878768,-0.003541176342430679,-0.00832304902910359,-0.00031195905426184247,-0.009758204981147756,-0.0017162014404086868,-0.007927958748926048,0.007813442942182166,0.011901980470384065,0.00615777209267731,SARIMAX_z_E4_exog
2017-01,430,-0.2568456438662298,0.0005335682577628023,0.7002565498870118,0.7448020992978222,-1.453822013032696,4.657604256097641,-0.03708625866794668,-1.0669243466538598,0.5267814745824153,0.0036586360910270737,-1.5853433494634621,-1.5735834962202557,-1.4878483235582485,-0.9647724397348806,-0.029911592902946735,0.07171665165629587,SARIMAX_anom_E2_exog
2017-01,430,0.005198473194752833,0.00047575336586612893,0.07080829834925463,0.0900678651326346,0.00023899756754944886,0.05710309474203238,0.010058571074835796,-0.003227447008733209,-0.007899828102507955,2.522714481997041e-05,-0.009433269901069016,-0.0014804443126215788,-0.007704332796618202,0.007969620349607362,0.011985047655178042,0.0063232396864321815,SARIMAX_z_E4_exog
2017-02,431,-0.4952446629670296,0.0006026049042092618,0.8300927031018503,0.8590814162439329,-1.4377592206933814,4.153720560014737,-0.23338583594684123,-1.487185732893761,0.13075859249566685,-0.33625738252938225,-1.8826234818452658,-1.828026216829958,-1.707982175516908,-1.1641028738118588,-0.1549433039391922,0.012124972197906599,SARIMAX_anom_E2_exog
2017-02,431,0.002430523593980239,0.0023141832322376796,0.08885480400419196,0.10171319554265397,-0.000795230601151675,0.05910511182827199,0.013418786007967332,-0.00706524987743216,-0.014611875972026908,-0.0076801662089586685,-0.014913380929682026,-0.006731226893980323,-0.010918593316904769,0.0032570954156126617,0.01040391077711224,0.006002332410434685,SARIMAX_z_E4_exog
2017-03,432,-0.757728078989973,0.0005748139562597413,0.8268363385381232,0.8571892665478353,-1.6265647961963883,3.969091433049962,-0.6814713130306119,-1.753700485916198,-0.1775327521473501,-0.641435446721065,-2.172248404275088,-2.1138671264566464,-1.9686085097971266,-1.3916166816936932,-0.3480835948603745,-0.18669926983510227,SARIMAX_anom_E2_exog
2017-03,432,0.002167777357252487,0.0022668403629408345,0.08977247138495366,0.1044092862758959,-0.00029185482108490105,0.059457083140267035,0.004114028876055309,-0.006118539778986542,-0.013837882117482787,-0.006920715315474,-0.014421327546142263,-0.00621281837608599,-0.0105581764935601,0.003732858818983732,0.010712460918802895,0.006358210981737426,SARIMAX_z_E4_exog
2017-04,433,-0.7932769113190868,0.0001919333745777227,0.7117859609907242,0.7957468886899794,-1.6417329294193932,3.9502098341324605,-0.7018906665035237,-1.6079771520607882,-0.17430522628719342,-0.7577724193834451,-2.3050813695658103,-2.2083416139793104,-2.036844745213789,-1.431611917801828,-0.37254390264779264,-0.20880026485580672,SARIMAX_anom_E2_exog
2017-04,433,0.0025381227851006376,0.001629322770806463,0.08112724310797242,0.09891544937795392,-8.076740187234415e-05,0.058943690187077506,0.004296321482756471,-0.005781875171959149,-0.01114487319239315,-0.00563399340832532,-0.014178572229948234,-0.005905890912752634,-0.0108066744382128,0.0043675107172299575,0.010638130476237314,0.005975578367732733,SARIMAX_z_E4_exog
2017-05,434,-0.7685025573391543,0.00020901006704233046,0.7111517634368948,0.7945197369674363,-1.6431569349852124,3.947969130739671,-0.7065145878696296,-1.613744419585131,0.10085571882041298,-0.760695651598771,-2.29753027764765,-2.203994410177597,-2.0342329792682268,-1.4301599554961861,-0.3718924986860025,-0.2096037227020232,SARIMAX_anom_E2_exog
2017-05,434,0.0021541019394406566,0.001675127286713614,0.07631652256027,0.09255817256992166,-0.0002375394849529786,0.058789787878050635,0.004103695657637813,-0.005958120068844211,-0.013357739035185731,-0.006123447388380566,-0.01435450182688153,-0.006070628770678195,-0.010940426831635007,0.004246593944456213,0.010549211699087284,0.005858561472361807,SARIMAX_z_E4_exog
2017-06,435,-0.5167520389135241,0.0002594157425165257,0.7134627880545787,0.7948494069102201,-1.4688515673074372,4.118192711779095,-0.4846394856435615,-1.3745845492510091,0.3695670149123628,-0.1830419815460997,-2.0333799445132965,-1.9352568423309455,-1.7892029828423892,-1.2152977584698412,-0.19005832886319396,-0.02453176957641053,SARIMAX_anom_E2_exog
2017-06,435,0.002103241864315764,0.00181423355515087,0.06734484236682879,0.08217458654180337,-0.00020023304873266942,0.05907013827194807,0.004164084504878474,-0.0059153287483456034,-0.013503136657218834,-0.006138846772546424,-0.01537430520164433,-0.006131917913356135,-0.010752996232082538,0.004144357551916702,0.010676094530837139,0.006086187579775958,SARIMAX_z_E4_exog
2017-07,436,-0.6817247328019714,0.0002332235333560862,0.7123072893129638,0.7941925673454661,-1.599620715632598,3.9944705931148032,-0.6602173175067315,-1.580760165282401,0.13124516356025823,-0.4305663989425893,-1.9375042051300133,-2.1655269149760454,-1.9948670195439528,-1.3977278263713968,-0.33835927933929155,-0.17096585550183205,SARIMAX_anom_E2_exog
2017-07,436,0.002478740139231816,0.001822490304631768,0.06963935201345657,0.08586907780807185,-3.492306820819987e-05,0.05924047331344657,0.004310935429790601,-0.005744944224048158,-0.013369284279549226,-0.005941974971530056,-0.01115861149036365,-0.006987104444097784,-0.010648526066484594,0.004322350376207151,0.010838048140292433,0.006199825608727462,SARIMAX_z_E4_exog
2017-08,437,-0.5010357453177591,0.00025501012776228937,0.718991985397871,0.7952099057938596,-1.4938873069507517,4.092196527967642,-0.5193238929007374,-1.4122228897083948,0.32613365682968715,-0.22778055446808249,-1.7362923659221585,-1.6657204441152762,-1.815927692057764,-1.238979258556884,-0.2109968307391185,-0.04821945233583986,SARIMAX_anom_E2_exog
2017-08,437,0.002680546720601346,0.0017650132923580212,0.07016893453438898,0.08499160333046434,-7.809129412202847e-05,0.059260448899425104,0.004213711821228428,-0.00589473193159664,-0.013584302717966783,-0.0061920763705169786,-0.011358596824403823,-0.002932598219437813,-0.010865067017419398,0.004154799687967941,0.010758591754714386,0.0061668350723142655,SARIMAX_z_E4_exog
2017-09,438,-0.44975744107797033,0.0002820264180593832,0.723151463668249,0.790183783028764,-1.4515569505605095,4.12752036967491,-0.4880406096094092,-1.3896009959163504,0.3560866232086654,-0.2035502256066707,-1.7231982247111113,-1.653005985533254,-1.5186239455987174,-1.2002428082621857,-0.15529663012354908,-0.0022091291283001307,SARIMAX_anom_E2_exog
2017-09,438,0.003229000800224194,0.0016758955727703626,0.07935966183026616,0.08999246427989883,0.0008992908834281456,0.060177197369659506,0.005557381242407591,-0.004814311465962772,-0.012308815241580732,-0.005046305725606758,-0.010565289624512636,-0.0021112325748971817,-0.012009755825497558,0.002669209158955589,0.011135825724726768,0.007004529994331599,SARIMAX_z_E4_exog
2017-10,439,-0.35186336387680367,0.00028166078054554187,0.7267306939258285,0.7802151689123762,-1.3279970482654053,4.240094596236112,-0.3861303884077699,-1.303081790845098,0.4550678514990283,-0.11469182529886662,-1.655706799306026,-1.5854894654066138,-1.4580924106475432,-1.0414264356525171,-0.05668265154338354,0.12956426024199608,SARIMAX_anom_E2_exog
2017-10,439,0.004057020114099145,0.001692765393869791,0.08609412104230314,0.09588435565269274,0.0020300038351842684,0.06175239191351905,0.00705416758695487,-0.0034536729642577523,-0.011007997034643226,-0.004049343927407578,-0.009442235221772725,-0.000990259106698158,-0.010581955199627919,0.0015036216799649987,0.009534370424425068,0.008180176677247051,SARIMAX_z_E4_exog
2017-11,440,-0.5890299500841844,0.0002652899522621354,0.7246426612580303,0.7900221949108099,-1.5277393744045982,4.053973604242576,-0.6045215452667788,-1.5333793970641616,0.19663586044613945,-0.37356350152040313,-1.900143470602295,-1.8281262824179791,-1.678885518167168,-1.238062366049648,-0.4585834863372928,-0.06202313050640148,SARIMAX_anom_E2_exog
2017-11,440,0.003670024440727932,0.0021156076108365513,0.0854336141129519,0.10035641443636317,0.0016415946863330298,0.06144317810162771,0.006400623259399683,-0.004289059199211679,-0.012146531677845665,-0.005236674982488305,-0.010314749283308349,-0.001875495357296897,-0.011237419747044581,0.0007306114230315734,0.011609848465039513,0.009039913875081067,SARIMAX_z_E4_exog
2017-12,441,-0.4805413242834292,-5.513444527074857e-05,0.7220002939908323,0.779242126399324,-1.3770084783430754,4.223789702808951,-0.4331007251467913,-1.3915602153481301,0.39224598893910523,-0.203620772892513,-1.7792694167933938,-1.7054603669922355,-1.5673648632684585,-1.1328967177361609,-0.3698270324276752,-0.31822557603403206,SARIMAX_anom_E2_exog
2017-12,441,0.0038075460679362003,0.0016536412999546266,0.08883420611892831,0.10464227313935172,0.000297014656449666,0.061065330167890654,0.007140506122834345,-0.0034564431087007433,-0.010784692674040546,-0.0035035982913360466,-0.009475524817139423,-0.0008786616397732909,-0.011065832064182874,0.0016593709824515024,0.011929271788183492,0.004306520145121076,SARIMAX_z_E4_exog
2018-01,442,-0.4580010198218419,-6.969599591387284e-05,0.7443638494657818,0.8318439826141493,-1.7915796190816362,4.291278922684271,-0.360240008110533,-1.3221917459120838,0.4801768173735805,-0.12419968726788923,-1.7186589713526241,-1.64174770446538,-1.5076520516456866,-1.0776679888880492,-0.32138376604372854,-0.27114532828159715,SARIMAX_anom_E2_exog
2018-01,442,0.003494572731964337,0.0016776783437364774,0.09564597333747744,0.117426857895824,-0.0030870074249497214,0.06062499103909088,0.007167232430754002,-0.003416972093687037,-0.01079354700445237,-0.003561544451038911,-0.009476298000171796,-0.0008795142373006084,-0.010993135208197134,0.0016399627134736968,0.011950468534922572,0.004403562917720732,SARIMAX_z_E4_exog
2018-02,443,-0.5788768169160603,-7.736722111502763e-06,0.7571917546683566,0.8039051804649123,-1.8157713568610248,3.587700045371049,-0.4458132955077786,-1.4577356023908403,0.32287420986404813,-0.24734322613719534,-1.796032061425731,-1.7129887544490365,-1.570652363008195,-1.1388616573623653,-0.36777822656779885,-0.3005232031284343,SARIMAX_anom_E2_exog
2018-02,443,0.0028224030108538736,0.0020419503735159905,0.09525774345251332,0.11562700282154653,-0.002890160600281868,0.04921949090232558,0.00921865213764994,-0.003321867089051668,-0.011227262127861737,-0.0038422213306647628,-0.009492809981933126,-0.0007399399935278013,-0.011053286436040512,0.001466261209961892,0.012245542801899573,0.00445930823579252,SARIMAX_z_E4_exog
2018-03,444,-0.6840317117648346,0.0003508836501549093,0.7565615896540622,0.7906422458761749,-1.8312282878042079,3.586109361294753,-1.0462294599731932,-1.5323014083209565,0.18187498819706666,-0.3583863250315735,-1.8766703139430145,-1.7817004323690713,-1.6281354328876572,-1.190106257817106,-0.40523710266133345,-0.32636986986172073,SARIMAX_anom_E2_exog
2018-03,444,0.0023792391255836073,0.002275171068430421,0.09747898622635641,0.11526618429370672,-0.0028184593329172746,0.0495452218530842,0.0032731725487524996,-0.0019717861006944837,-0.01147314853032649,-0.004311318277178986,-0.009756863736763736,-0.0009873753827509268,-0.011083527455541978,0.0012453541450138136,0.012262089781420717,0.004627509994905901,SARIMAX_z_E4_exog
2018-04,445,-0.5139971510885388,0.0004103353866276879,0.7295796352956573,0.7688124685283757,-1.6561263563332669,3.761995637397448,-0.8194806406841646,-1.6739684849610568,0.432219812840706,-0.15411247571979492,-1.6666154067522396,-1.5584919318722175,-1.417767977630988,-0.999832151854729,-0.23650895333551786,-0.1479263075654965,SARIMAX_anom_E2_exog
2018-04,445,0.0019167875032291967,0.002442202255989195,0.09509712651956796,0.11276388475099978,-0.002622512482012262,0.049769157532704174,0.0034979675295337036,-0.010417316784398395,-0.010286914901679408,-0.004061176984332944,-0.009555586247810086,-0.0007767522871573233,-0.010882432249789416,0.0014004387290214686,0.012439841354287415,0.004830091000319272,SARIMAX_z_E4_exog
2018-05,446,-0.7598865650371704,0.0002221145701484413,0.7360658675482212,0.777655217516547,-1.842488575495961,3.577337402181455,-1.0607969855167976,-1.9302203764204207,-0.08560229834606366,-0.4381419123281268,-1.897550165921264,-1.8043179628531754,-1.6492671318523733,-1.2105043382323086,-0.42234699967429895,-0.3413326915355689,SARIMAX_anom_E2_exog
2018-05,446,0.0005482563504671596,0.0026080800557056845,0.09123379302439964,0.10953672584114243,-0.002979968985163839,0.04960239108442307,0.0029041868338701374,-0.011213668548392258,-0.017534823619422688,-0.00672407794425863,-0.01059728678421736,-0.0016540168334124902,-0.011524171445318332,0.0005869663642952272,0.012036447747256216,0.004483720089156306,SARIMAX_z_E4_exog
2018-06,447,-0.5457409973230208,0.00041255447402516014,0.7353141775428129,0.7791019866762994,-1.6497247492204488,3.7677997458167445,-0.824226301891495,-1.6876006215199,0.17534398116056238,-0.3752003571897731,-1.640189105559284,-1.5351077056482982,-1.4025992653018953,-0.9932461130556607,-0.23250550134559542,-0.1448728928893142,SARIMAX_anom_E2_exog
2018-06,447,3.7827610902793896e-05,0.0025913006223998816,0.08573155594134338,0.09984607715814584,-0.002942789281667047,0.049928794140194445,0.0027729056173634034,-0.011480861006979154,-0.018092495750884924,-0.009361026927079475,-0.012345460678744154,-0.002080447023860059,-0.011643677851176827,0.00019160098881247984,0.011993078123735996,0.0045696587248392736,SARIMAX_z_E4_exog
2018-07,448,-0.715233121208616,0.0004024641201679529,0.7277144845668875,0.7755542698344416,-1.7785834624531909,3.6403899326337954,-0.990403219169754,-1.860012502009548,-0.01256204079302922,-0.5675478270902806,-1.9207749966372605,-1.7165079843994338,-1.5643636812312176,-1.137168057941457,-0.3580868218605024,-0.27663720215432985,SARIMAX_anom_E2_exog
2018-07,448,-1.4795607792106313e-05,0.0024183316014435205,0.08313203913524976,0.10044737971173473,-0.0027269423999910247,0.05005095759868046,0.0029126245870260137,-0.011432210904933566,-0.018008042444460647,-0.009236164559264489,-0.012116769292712418,-0.00329444003345791,-0.011806227148209439,0.0002434728203078965,0.012019135995706365,0.0045882478059171145,SARIMAX_z_E4_exog
2018-08,449,-0.5413474180592074,0.0004271925985098776,0.7283245697043814,0.7761387187434126,-1.635012129036168,3.780388222333856,-0.8120375732924761,-1.6762341834666885,0.19039140152754222,-0.3616167496049232,-1.7245927105921772,-1.500941414860991,-1.3798963826759825,-0.9704882698393996,-0.2136353172264207,-0.12854102979554305,SARIMAX_anom_E2_exog
2018-08,449,0.00020551425691306958,0.002226235335662756,0.08383506339221526,0.09884394910996154,-0.002435332515741253,0.05039040157412894,0.0031994184622463526,-0.011242205435566126,-0.01781820732138974,-0.009085484710616223,-0.012044698151339094,-0.0018776195144659391,-0.012403690610170992,0.000309974305125216,0.012114657622911713,0.004793978632372988,SARIMAX_z_E4_exog
2018-09,450,-0.7593299725064085,0.0003817163611437564,0.724673499143929,0.7750714251554448,-1.812770071200138,3.6081486666599396,-1.034032093238339,-1.9091962608391078,-0.06364959088588444,-0.6222295042846621,-1.9775427478227325,-1.7558427585594174,-1.5591004281816805,-1.1807689926478044,-0.3990003869725031,-0.31593276006308785,SARIMAX_anom_E2_exog
2018-09,450,0.0005036146610524107,0.002218657720494656,0.07928559829464614,0.09739447121325166,-0.002687750304349414,0.05024358997679486,0.0028839434473406553,-0.01150597375420973,-0.018125469120892388,-0.009439555414333662,-0.012284455860118906,-0.0021607690302519454,-0.006200454493425542,0.00040008621924041783,0.0119671221179696,0.004648693652636535,SARIMAX_z_E4_exog
2018-10,451,-0.7276097412609126,0.00038794607035188747,0.7261457226076395,0.7726518880695565,-1.7684806822109524,3.6496127693462093,-0.9934760173303766,-1.8780142894292213,-0.030575792443178335,-0.5941414881255588,-1.9569980382427696,-1.733891618386885,-1.538412243119388,-1.1461659028207876,-0.3677398526322681,-0.2707383023373653,SARIMAX_anom_E2_exog
2018-10,451,0.0007199769146909843,0.002139513811541637,0.08061180099509593,0.09840715443582598,-0.0026097454492126668,0.05020976718815554,0.0029356717802361417,-0.011532376768177645,-0.018146987108446394,-0.009399645108838775,-0.012319836811378658,-0.0021486922980226432,-0.006244687440964572,0.003720338213888756,0.011271499444715796,0.0045560855971686605,SARIMAX_z_E4_exog
2018-11,452,-0.6157825194431638,0.00031296860646732563,0.7134004031265878,0.7917473155070501,-1.7811135832958165,3.6514739774687923,-0.9268706098844535,-1.7724300944820286,0.10157689718978907,-0.4413307448386583,-1.7937783236562657,-1.5682680204252037,-1.384916468672521,-1.0060864584287872,-0.1586499430196345,-0.2252773207113375,SARIMAX_anom_E2_exog
2018-11,452,0.00012661175331637553,0.0018885074862310073,0.07753190654928638,0.1072449919018247,-0.0034963880056180048,0.04859015830922623,0.0014831807424753617,-0.012890247426919734,-0.01933059592750847,-0.010351317046179838,-0.01353367826459505,-0.0033909268951441652,-0.007638977293725968,0.00289966792111561,0.014771684975922409,0.005771030869222842,SARIMAX_z_E4_exog
2018-12,453,-0.8807829032619401,0.00039555541995391845,0.7119972710634871,0.8011736733523157,-2.0398452508121925,3.3855984610978704,-1.255681353075377,-2.092308724028386,-0.24415881281090404,-0.7880333308675151,-2.122660714911002,-1.9006447888700935,-1.6921329895721884,-1.2798047471716307,-0.4014560159472448,-0.06636076777997844,SARIMAX_anom_E2_exog
2018-12,453,0.00022389817235263956,0.0017314478866588868,0.0788011919332547,0.10894293283317426,-0.0036032008550612544,0.04818578360149083,0.0005880566120566161,-0.01346878765463285,-0.01986359922378545,-0.011014681375872736,-0.014013471030045927,-0.004021182392666555,-0.00810989437307891,0.002350529402376224,0.014231268922704196,0.01259698129899568,SARIMAX_z_E4_exog
2019-01,454,-0.5552864981647828,0.0004895957228515281,0.7246309578443431,0.8146296455013806,-1.1746944361536165,3.629049377926098,-0.9266202053839457,-1.7759080538616399,0.07691763249153395,-0.4694525142591348,-1.819656660034272,-1.6020765655856326,-1.4197622228717954,-1.039802460614505,-0.1907961940888133,0.14970648679706705,SARIMAX_anom_E2_exog
2019-01,454,0.0007412253445388615,0.001860483792845471,0.07837245912545927,0.10928466662436444,0.00297212744940753,0.0473380617136564,0.0007398869789554816,-0.013410074321819615,-0.01995193717588073,-0.01115360453874057,-0.014025799259665479,-0.00399606896015514,-0.007983569727489162,0.0023337907184283087,0.014384205012727797,0.012873883560923928,SARIMAX_z_E4_exog
2019-02,455,-0.6328914284517119,0.0006540306713564559,0.7254964787063395,0.8285134370036404,-1.286584055789706,3.9939188968541304,-1.026858123130943,-1.8539365831142318,-0.04740243041276409,-0.6136990168669074,-1.9695620722757028,-1.7630961855496785,-1.573332516470138,-1.1813409369934238,-0.310701391341404,0.02752972907340416,SARIMAX_anom_E2_exog
2019-02,455,0.0015470610555389076,0.00200537611771205,0.076751988744263,0.10943916773750204,0.003508300382798707,0.05207907416635154,8.74022511819483e-05,-0.013030390890160016,-0.019580269671753046,-0.010819933204973188,-0.013602229077188584,-0.0035304130753733534,-0.007477970541574412,0.0026571232673420313,0.014799890507075019,0.013435736478941439,SARIMAX_z_E4_exog
2019-03,456,-0.8894999553860123,0.00023649902020248821,0.7834244268131618,0.8397125836275474,-1.5447376838973264,3.7324443642758474,-0.7933136654840515,-2.1842584402777647,-0.4461888067254967,-0.982432219037616,-2.2982318189002555,-2.08558837110933,-1.8661499621900264,-1.4368608441930573,-0.5474945706798691,-0.2211874464131989,SARIMAX_anom_E2_exog
2019-03,456,-8.167378484858323e-05,0.0020870616644042992,0.10163950050964904,0.13350760344749504,0.0008578847990246712,0.04901005787875729,0.006834574115032276,-0.013949109497315747,-0.02224943944568272,-0.013451768770821207,-0.0161160695017975,-0.006226935660053546,-0.010034893720035406,0.0005869169212450512,0.01286449775556259,0.010894199707901129,SARIMAX_z_E4_exog
2019-04,457,-0.8748688521332452,0.0003132453679901288,0.7837987791536706,0.8404589973553773,-1.5715995888437944,3.7050045677541754,-0.8289157188619446,-1.7306663427387297,-0.4738571749356871,-1.0006455268662457,-2.3150133828464696,-2.1062268977764647,-1.8867238930718135,-1.4556602003647947,-0.5666733979290999,-0.24492768252319128,SARIMAX_anom_E2_exog
2019-04,457,-3.8435798197655237e-05,0.002159762328466023,0.10150831350928713,0.13387770552612227,0.0006706627387021611,0.04888742400620935,0.0065326076549756355,-0.010508303312675752,-0.022676949410937206,-0.013819365474996199,-0.016375969787356285,-0.006498573235826722,-0.010238943702915,0.0003622019025281968,0.012729239889489681,0.01075026198375872,SARIMAX_z_E4_exog
2019-05,458,-1.0414593498772013,0.00022813602041119984,0.738553830945686,0.8267822543177606,-1.770211315783062,3.5026743809110683,-1.0565005770457259,-1.938417255308391,-0.18517377013895953,-1.2097248109689638,-2.57114618283197,-2.3507444232104824,-2.105206387668319,-1.6408799045614675,-0.7387380683368935,-0.4323735592229123,SARIMAX_anom_E2_exog
2019-05,458,-0.001992185407057877,0.0013280978484793043,0.09259292685948402,0.13539930516020635,-0.002553027460900499,0.04532170498639757,0.0023568982716216306,-0.01392489364572965,-0.013459931843836283,-0.014156206875282134,-0.019120702917877014,-0.00975373446974443,-0.013545340470862704,-0.0018394124181966827,0.009961120334997192,0.007423103063546187,SARIMAX_z_E4_exog
2019-06,459,-0.8125145420719666,0.00039604454420877,0.7411161425852639,0.8293842217855787,-1.6261490896666786,3.6416382705400006,-0.8709374125029612,-1.7357973051004996,0.039602111651959516,-0.5294397605092109,-2.34808378752518,-2.120874956312645,-1.8952189105837987,-1.4540625883699074,-0.5805212182100953,-0.2759064022813811,SARIMAX_anom_E2_exog
2019-06,459,-0.0010981499298573468,0.0013509088080403595,0.0903092942987716,0.12745547479476252,-0.0018076749027014943,0.04598424456759292,0.0033813542764077275,-0.013091557759680557,-0.012629988419573279,-0.010146604517146178,-0.019537808823885124,-0.009073084473958609,-0.012854156204521086,-0.001244106935485206,0.010576235296695246,0.008122551393410426,SARIMAX_z_E4_exog
2019-07,460,-1.0118299787711844,0.00024458720924060276,0.7380574954597074,0.8292038300991456,-1.809848538756998,3.4609912371383977,-1.1091245534224623,-1.988081085980748,-0.2374369545599688,-0.8153840962933617,-2.182479000707291,-2.385741285046059,-2.1386979488057345,-1.6701229226255103,-0.7675158479502182,-0.46756976870592126,SARIMAX_anom_E2_exog
2019-07,460,-0.0010783385218080185,0.0011313150358094881,0.09200440917178904,0.13149353019973836,-0.0022231018943165573,0.04538901233758946,0.0027796294940064642,-0.013682634843379865,-0.013124204135374939,-0.010598361635311755,-0.013451341422385528,-0.009505587973737748,-0.01345057620060329,-0.0015889510724035531,0.010152694205415126,0.007588181614311845,SARIMAX_z_E4_exog
2019-08,461,-0.9814635413680287,0.0002638691795229316,0.7378256304540034,0.8283418545519864,-1.8064911176949225,3.4622754460905245,-1.1088727268181835,-1.9876022134180618,-0.23677019165360308,-0.8151018235673538,-2.1824200729511776,-2.0325173320537666,-2.1315530744699442,-1.6573004919833396,-0.7580698424202993,-0.4613734258234833,SARIMAX_anom_E2_exog
2019-08,461,-0.000216800400365549,0.0009688744033504561,0.0903097418745455,0.13440506896574525,-0.001472051972977509,0.04606640205706815,0.0038245010469372238,-0.012692918338259564,-0.012055520694882688,-0.00950442234142172,-0.012462119814538774,-0.006887987189182311,-0.014171567615812094,-0.0009707310541222997,0.010800462652339634,0.008306426523003832,SARIMAX_z_E4_exog
2019-09,462,-0.7465385547518626,0.0003826156000861253,0.7297188850436696,0.8262218249186337,-1.6182189252512957,3.6429709559410135,-0.8882836998914501,-1.7635698247478269,0.0036082240868262846,-0.5717275773019356,-1.9524174474758236,-1.8029701939072724,-1.6541713726023677,-1.4506973251302377,-0.5546729541711064,-0.26246996753304497,SARIMAX_anom_E2_exog
2019-09,462,0.0006479403310409268,0.001216690335890877,0.08034202801615599,0.12644359434410618,-0.0007212941999379225,0.04719055156404992,0.004909958204589387,-0.011435493346756509,-0.010859102727567908,-0.008363709798001134,-0.011210804937154513,-0.005637574491432713,-0.01280408071989734,-0.0022386806228949507,0.011381010319171965,0.009253936517982328,SARIMAX_z_E4_exog
2019-10,463,-0.8502490471701878,0.0004084338802367626,0.7292076231527582,0.8256428361241993,-1.7014336105152232,3.557175844313183,-1.0042690354621813,-1.8856716003195544,-0.12605084904689517,-0.7060480934291979,-2.084044614399948,-1.9364903135360731,-1.7782110707593346,-1.4480281063271327,-0.6387588594277225,-0.34555822245778617,SARIMAX_anom_E2_exog
2019-10,463,0.0008294665574276929,0.0011261549615117154,0.08123543368861712,0.12737278292821524,-0.0007081885014598254,0.04718226875493225,0.004883873038486814,-0.011479520099941144,-0.010883699532875043,-0.008384816118638326,-0.011262962398291406,-0.005675875556581615,-0.01285878423790104,0.0007313239905945212,0.010940282798811535,0.009196554442933085,SARIMAX_z_E4_exog
2019-11,464,-0.7354915561769059,0.000359400527268902,0.7313050882139036,0.8251160873342438,-1.6195418342985048,3.64024588844662,-0.8898719878053247,-1.7625038194416267,0.010217831377140567,-0.5648177687418091,-1.9470328498188973,-1.797877408568848,-1.649861044170662,-1.333685079966179,-0.5586280694845974,-0.2546410642975449,SARIMAX_anom_E2_exog
2019-11,464,0.0005951172198563357,0.0012173136838612832,0.07981356467808126,0.12504086189158356,-0.0006665845679944402,0.047270914006952394,0.00488573054699128,-0.011498369394863815,-0.010970478186014555,-0.0084921968320824,-0.011216845401380985,-0.005643951199229182,-0.012777113001960992,0.0007050226707938901,0.007505930835957981,0.009543266589202315,SARIMAX_z_E4_exog
2019-12,465,-0.7083359472267075,0.0002719843358257167,0.74846139792325,0.8290551757997754,-1.5339397064018097,3.774928588797347,-0.8083322934835122,-1.7399971459943713,0.04448736165560282,-0.5641061615284525,-1.9896055575895355,-1.8380860230141922,-1.6887012168628435,-1.3691336025537642,-0.5811752678344039,-0.11514817702358034,SARIMAX_anom_E2_exog
2019-12,465,0.0014822004427721962,0.0013137642606049693,0.09676890228025548,0.13469196326404553,-0.0016670421953671744,0.048532220038498046,0.006554922819725526,-0.010007496969193147,-0.009466899545085802,-0.007041733519123367,-0.010153332632162454,-0.004404611216309369,-0.01162967700579537,0.0017063766697256847,0.008369192835869056,0.008250216784652582,SARIMAX_z_E4_exog
2020-01,466,-0.6690079337414059,0.0002691898059136184,0.7497506633093012,0.828272746655731,-1.3173719868915978,3.803849730641783,-0.7724816139850728,-1.7089572148223227,0.07633134528915064,-0.5354257803696775,-1.9659716007537036,-1.8149500554753917,-1.6677984096367457,-1.3507354242723026,-0.5644216107172184,-0.09812709713096542,SARIMAX_anom_E2_exog
2020-01,466,0.001536046197751688,0.001269785660975921,0.09556523733724641,0.13071631575364084,0.004995669072535424,0.04773235534747643,0.005957695200580508,-0.010554585954026892,-0.01002866665534483,-0.007589494561386316,-0.01070308936799289,-0.004985079118184115,-0.012149631258343719,0.0012872380119640335,0.007969087666506204,0.007798952352122388,SARIMAX_z_E4_exog
2020-02,467,-0.7379305568321713,0.00032408189524021387,0.757970412531282,0.8198999242206528,-1.387661566431342,3.66560056703374,-0.8668928732970561,-1.8029333643147742,-0.03267423203954514,-0.624652722363914,-2.0249144901347407,-1.8782457780173563,-1.7271933819063838,-1.4041715057949185,-0.6172969318866837,-0.15743712889628134,SARIMAX_anom_E2_exog
2020-02,467,0.00023230042723340562,0.0014763509396798482,0.09719576261228173,0.12464897750819735,0.003294527349512587,0.05159353858820602,0.004519055380536535,-0.012638310532739443,-0.012474003269208726,-0.01011664009192277,-0.012792705718257533,-0.007163418268220092,-0.013896672600702703,-0.00045955770595627356,0.006645394988535222,0.0063863138006925845,SARIMAX_z_E4_exog
2020-03,468,-1.2935174085408867,0.00045819690959091275,0.7232170889013748,0.7759292427350515,-1.8697618096542732,3.1865759292442752,-1.2450047067885823,-2.400657512204317,-0.780443284850856,-1.3319405330920722,-2.654145736427804,-2.505185991419561,-2.300905093614476,-1.9137990090519656,-1.075182141621153,-0.6317590130098585,SARIMAX_anom_E2_exog
2020-03,468,-0.003142631717758268,0.001481433123572739,0.08987974260999437,0.11079208052801309,-0.00039789516325253253,0.04755026733709583,0.002983540165007883,-0.014863744295790661,-0.016722946351529294,-0.014455259450017225,-0.016463551010770495,-0.011116917090403721,-0.01756084383565682,-0.0035150064685875912,0.003975728367711898,0.0028750471830934674,SARIMAX_z_E4_exog
2020-04,469,-1.880673662687827,0.0008900485109741765,0.5905617340394238,0.6438235435612982,-2.5249950991203325,2.5287569914684314,-2.029300949414564,-2.6459742891377616,-1.3065426828756772,-2.181684303080023,-3.294072404415423,-3.135785355574233,-2.8610567607809076,-2.3740587687218158,-1.5330804451008353,-1.1906667925148942,SARIMAX_anom_E2_exog
2020-04,469,-0.00803569773063635,0.00015610144447021645,0.07054460336581063,0.06518859184175876,-0.007857860942441475,0.03945239236426937,-0.006299430191647539,-0.01318116432512646,-0.017423078853084483,-0.019086254599502347,-0.021046414843319167,-0.016544811233848603,-0.022803233000586707,-0.007462644085977663,-0.0005594826219340221,-0.003484455393553001,SARIMAX_z_E4_exog
2020-05,470,-1.8791169353077455,0.0012768281898437926,0.5820472776075389,0.6365536743028954,-2.5673363472520156,2.4850736362792314,-2.0926379173199083,-2.69748478754025,-0.8856637051396994,-2.2214008248337334,-3.324706931344749,-3.170245427183653,-2.892979781832394,-2.4004858963260065,-1.559590491292491,-1.2264341185722973,SARIMAX_anom_E2_exog
2020-05,470,-0.008148377722667988,0.0004272553804777331,0.06765210569537297,0.06168024236050336,-0.007334812228194094,0.04011308437551948,-0.005613672671646099,-0.01275592341852676,-0.022478733351310287,-0.018955635899789745,-0.020896056036550224,-0.01630526221189809,-0.02248510665031966,-0.007307750494291805,-0.0002956293433341335,-0.002979447528225756,SARIMAX_z_E4_exog
2020-06,471,-1.8640791535210426,0.0011562149868029855,0.5571249621329648,0.6174675240898229,-2.6274228155930324,2.4155875110340057,-2.1711938331779588,-2.7684049238439683,-0.9429457463397511,-1.5325833464532594,-3.357633507948237,-3.20056574259175,-2.9213797294599564,-2.419446368574107,-1.5832381166814766,-1.2686540801596038,SARIMAX_anom_E2_exog
2020-06,471,-0.00785571081520598,0.0006397065053502285,0.06667839275403975,0.060553654883164235,-0.007165180055093571,0.04049294306777602,-0.005494396539560882,-0.012795172943122468,-0.02272747389803126,-0.014687450830705573,-0.021771113901806187,-0.016496489757562148,-0.022445851811221218,-0.0075071808282200485,-0.00022911284843725989,-0.002758896481968225,SARIMAX_z_E4_exog
2020-07,472,-1.9904084368226969,0.0010300594652528853,0.5622022507852518,0.618776739060783,-2.7448425730243398,2.2942890075946547,-2.3361265194969016,-2.944218797199716,-1.1311269514985347,-1.725603701095796,-3.1784631167875337,-3.3766161540981954,-3.075285193867326,-2.555109962296003,-1.6982806299165758,-1.3874197573837648,SARIMAX_anom_E2_exog
2020-07,472,-0.0071434454627795985,0.0007597898656060142,0.05710060956050562,0.054033743910068724,-0.00611738211318149,0.041718966205378856,-0.00420354761868275,-0.011754039435063302,-0.021820234449275007,-0.013874810813859694,-0.02180903420456991,-0.016746871285219178,-0.021711275750210597,-0.0069637267343640825,0.000422504682168722,-0.0018187059069473465,SARIMAX_z_E4_exog
2020-08,473,-1.9844321277785504,0.0009625149654652001,0.5639261094014305,0.6191805647753901,-2.7469010512269505,2.2919492339855414,-2.3371693458824856,-2.9424525289533348,-1.12945816369351,-1.7231711190675068,-3.174733569084323,-3.2827589346738875,-3.071960472073348,-2.5521124920745266,-1.6969569264714073,-1.3877059672914884,SARIMAX_anom_E2_exog
2020-08,473,-0.007034667370736866,0.000691595083337996,0.057349974430965955,0.05385552172366791,-0.006047777019826062,0.04182778761858697,-0.004150023435045831,-0.011731990366676447,-0.021809956669529108,-0.0138878165940581,-0.021815660060700258,-0.015554578122674375,-0.02169644930262234,-0.0069688892098293586,0.0004444004023034641,-0.0017525771000539995,SARIMAX_z_E4_exog
2020-09,474,-1.9939588165926372,0.0011083683952997322,0.5599002179482282,0.6155207859688387,-2.7302605631527217,2.309192869479525,-2.3320189344720825,-2.955666737450065,-1.1417535846856446,-1.7458454496591778,-3.214161808614955,-3.3177993483895265,-3.0366177570482726,-2.589886593305811,-1.6994276799136145,-1.3848476019943732,SARIMAX_anom_E2_exog
2020-09,474,-0.006532724048729141,0.0006655436660250325,0.062912643786071,0.056457340543964195,-0.005060847792250194,0.04260628921190662,-0.003042744257667103,-0.010870420089438993,-0.02113002249329623,-0.013113301840473535,-0.021348273997952895,-0.014869553943455138,-0.021454377840364747,-0.007993406752014747,0.0007504690111308541,-0.0012359950851656121,SARIMAX_z_E4_exog
2020-10,475,-1.734763526574226,0.0014914248149558596,0.5383452296032076,0.5894881055087391,-2.47609297688122,2.5581854391391734,-2.0407610850848066,-2.6716255139096914,-0.822911712906689,-1.435600823131836,-2.941428817483493,-3.0425572439785773,-2.7895374058238374,-2.404132452388496,-1.5213619619715892,-1.1276852187362325,SARIMAX_anom_E2_exog
2020-10,475,-0.00581473463231767,0.0007695495254338001,0.06292528615683497,0.05395490150049367,-0.0034582821565891765,0.044545735913116925,-0.0012231066401705713,-0.009516729437753012,-0.019999566675146425,-0.0121864238172821,-0.020531228605937413,-0.013845855052353312,-0.020327354847328505,-0.010546831995008377,-0.0009070314728752373,-8.14011080594711e-05,SARIMAX_z_E4_exog
2020-11,476,-1.9015420499539646,0.0012739062129106093,0.5365757924069998,0.5813586463383738,-2.5801846627793332,2.4545566817482287,-2.18850966959159,-2.836526266512391,-0.9968311346905008,-1.6192319893804588,-3.1303299345477704,-3.227739344144763,-2.9565633442374306,-2.5543241328357014,-1.8343194627257637,-1.2473852061746347,SARIMAX_anom_E2_exog
2020-11,476,-0.0058466939048843,0.0008222506418771606,0.06194400053029666,0.05243892324009767,-0.0033965960618211476,0.044681629081475695,-0.0011922441714361436,-0.00949317415020241,-0.020077745805055093,-0.012267881190292073,-0.020504650191633424,-0.013808896338710111,-0.02024713881914746,-0.010575467333754408,-0.0016164459466786463,-7.664289196151745e-05,SARIMAX_z_E4_exog
2020-12,477,-1.9266369744266867,0.0012365010037079624,0.5360378229191416,0.5789810272233304,-2.5667881063638345,2.454057600638081,-2.1803606266298714,-2.827433541063981,-0.980028732365852,-1.6021956304558809,-3.1161677554074068,-3.2105139790716875,-2.939625319280754,-2.5387395862102546,-1.819562784302569,-1.7051147378331173,SARIMAX_anom_E2_exog
2020-12,477,-0.005902334283939865,0.0007967360072719408,0.062213517123612935,0.05317869038056973,-0.0029559469448124545,0.04483959940025027,-0.0010949707481771385,-0.009433068939197153,-0.019995678270916455,-0.012229432104699322,-0.02044297969764273,-0.013771994590810169,-0.020165558024109086,-0.010534996197755641,-0.0015703491068601138,-0.0020102440685713986,SARIMAX_z_E4_exog
2021-01,478,-1.8248175617815328,0.0011487954150415111,0.5920169963392408,0.6398849159725262,-3.0276706138212517,2.568198619327845,-1.960553725758975,-2.648116870203404,-0.7446560977884633,-1.4008559050629987,-2.975818534155569,-3.0628593887643034,-2.806011066536088,-2.4190776192456385,-1.715992252784882,-1.5979652861563607,SARIMAX_anom_E2_exog
2021-01,478,-0.00687035946743594,0.0005949625345225121,0.0782497008836961,0.07163172295593839,-0.013350879422511536,0.04325854601020814,-0.0009394487268279519,-0.009334029731797843,-0.019807364640726223,-0.01215108020323572,-0.02066034791389567,-0.013860372779485233,-0.02024065587936714,-0.010485381300487295,-0.0016085505459177973,-0.0018632530697307082,SARIMAX_z_E4_exog
2021-02,479,-1.9194652592389143,0.000806128743458774,0.5634397372751698,0.5753172079154403,-3.0698033571546253,2.053110398313629,-1.9969319583663865,-2.7633667866783087,-0.8666031071566721,-1.4997736156462274,-3.0419103701389267,-3.1265020609080434,-2.862231094066189,-2.4689132243799836,-1.7579355502324958,-1.6346590519309359,SARIMAX_anom_E2_exog
2021-02,479,-0.00622719952006118,0.0005630914264938752,0.07325084244064498,0.061911855792257615,-0.01305185761369317,0.03983751073768424,0.001385590535202013,-0.008303424445789177,-0.01883050713512175,-0.011027169941207959,-0.019657758348510468,-0.01289436479030735,-0.019576070349219977,-0.009775591053389677,-0.0011332293397288585,-0.0015092027452704771,SARIMAX_z_E4_exog
2021-03,480,-1.9344720331853726,0.0010619675046751069,0.5721813401890756,0.5088694606414423,-3.0509545089341095,2.0792352506438947,-2.367097002438426,-2.716453162208886,-0.9150799653929959,-1.5090255507094636,-3.016023051963127,-3.0971645035308337,-2.833001769226975,-2.442660051129533,-1.7355453942675283,-1.6098946890664976,SARIMAX_anom_E2_exog
2021-03,480,-0.006139599985059696,0.0008410951226386549,0.07444276780008591,0.05784743022809159,-0.012666984502294027,0.040323102320975926,-0.005234172328553543,-0.006226846565005162,-0.018237186835759794,-0.01050090790948136,-0.018974693171004708,-0.012206654110464283,-0.018931026042757582,-0.009379081592347682,-0.000646097111352728,-0.0009946519726713842,SARIMAX_z_E4_exog
2021-04,481,-1.7855232239475023,0.0011947879213704323,0.5750740576720386,0.5104205089890168,-2.9156088579581203,2.211913530543042,-2.188057606284546,-2.809541547489898,-0.7046648272172498,-1.3078903251078395,-2.8134328232376915,-2.8931492598145727,-2.6465222299343933,-2.274883232771871,-1.592338119135409,-1.4665029308729125,SARIMAX_anom_E2_exog
2021-04,481,-0.007223722712682098,0.0009855810082398857,0.07718769571552184,0.05978272408340649,-0.012587769971391832,0.04062198052537682,-0.00518443792634522,-0.018909197323969545,-0.017981884720223253,-0.010715884968189626,-0.019141866792524463,-0.012454902929011713,-0.01893003993294884,-0.009474569574161606,-0.0007172362710281543,-0.000916725802485574,SARIMAX_z_E4_exog
2021-05,482,-1.9731049081177952,0.0009682983005626898,0.5933665771944834,0.5337344522092184,-3.0340813115937424,2.0982999535627953,-2.357320898873321,-3.0045205881977832,-1.0944693965493377,-1.5407653403539843,-3.0176470831132436,-3.100091580363795,-2.835447590177209,-2.4477285353520677,-1.7358551197194216,-1.6038119024696378,SARIMAX_anom_E2_exog
2021-05,482,-0.008219806535786536,0.001086289452079782,0.08122033515256608,0.0632523357457196,-0.01281480994864182,0.040561100731129854,-0.005734187405711022,-0.01965662279581253,-0.022115600483834336,-0.012716806328821195,-0.020157299047795986,-0.013320385961829625,-0.019568138952989478,-0.010189673250040544,-0.0010982416233230596,-0.0011936981065666986,SARIMAX_z_E4_exog
2021-06,483,-1.8140415961615128,0.0011347321965709616,0.5936637154787472,0.5346102887761834,-2.898851976028549,2.2304612908289094,-2.1838941903429316,-2.8208194549244516,-0.8969396277615945,-1.5037735480553303,-2.816823267622747,-2.8957276956278193,-2.6497766082001264,-2.2816652068939005,-1.5940420657341925,-1.4621616075190018,SARIMAX_anom_E2_exog
2021-06,483,-0.00834465002103183,0.0010802825384761633,0.07870202172786768,0.06074291250582481,-0.012693900606194936,0.04073154634187786,-0.005669619779380408,-0.019665203841327725,-0.02216450749797348,-0.01373758581108133,-0.020635097881851437,-0.013442611474220068,-0.019611414297801666,-0.010251665622769756,-0.0011017170721355995,-0.0011306890323410147,SARIMAX_z_E4_exog
2021-07,484,-1.9067428980192398,0.0009678802020549783,0.5904116456890851,0.5314555910695526,-2.959140415285817,2.1715967370560127,-2.2610564341908104,-2.901741264737527,-0.9818484221532464,-1.5911827925775153,-3.082854718150452,-2.9817337742115977,-2.7333531575955328,-2.3551348705873574,-1.6564149011960438,-1.524784372462444,SARIMAX_anom_E2_exog
2021-07,484,-0.008549097012365262,0.0010788535151372248,0.07704636078482746,0.06018981486558872,-0.013382189767514024,0.04004205566975379,-0.006373599857630585,-0.02011631450594202,-0.022569474216078803,-0.014105124966591168,-0.019037648670864656,-0.012824623248848328,-0.019774812962948897,-0.01047256086042032,-0.0013604254349718569,-0.001573640968575929,SARIMAX_z_E4_exog
2021-08,485,-1.797542598542146,0.0010940823869650242,0.5920114050703789,0.5342357618895466,-2.846159909352186,2.2847344026602636,-2.1249269628076775,-2.7705248843528607,-0.8405355971442988,-1.4504478424857734,-2.950347579561649,-2.998947465272569,-2.6112187432408276,-2.2403960941803502,-1.5545723743620699,-1.4165908730030878,SARIMAX_anom_E2_exog
2021-08,485,-0.00768721231523702,0.0010074178572551107,0.08044932217391394,0.0621744667378306,-0.011848069416472245,0.04162749240205206,-0.0046087926212113215,-0.018768706981260163,-0.02131432411425446,-0.012926595551131804,-0.01811380544186307,-0.014470139843360236,-0.019920693897242114,-0.009750619013470208,-0.0005630156937766583,-0.00041033985196189395,SARIMAX_z_E4_exog
2021-09,486,-2.049940979529398,0.0008165854493170069,0.5838776192833495,0.5384948685064799,-3.059075847420801,2.0801230284524097,-2.3681822498854808,-3.010490186037357,-1.0951158764899072,-1.7059838920171122,-3.195550894729657,-3.2491742209678676,-3.0528940434413863,-2.447960525312655,-1.7827262758966775,-1.6370216896936107,SARIMAX_anom_E2_exog
2021-09,486,-0.010354829520993423,0.0004514273632514369,0.07765737691630807,0.07195526256420288,-0.015535466278613259,0.037549195074970974,-0.00897004778515228,-0.022320684120339204,-0.024444065767789475,-0.015991272663289376,-0.021192378287880356,-0.017986038089775853,-0.017949228818540126,-0.009504591254320793,-0.0028355219737463467,-0.0036339870219035285,SARIMAX_z_E4_exog
2021-10,487,-2.2084042290404637,0.0007414681523724542,0.5784739260140161,0.569298233191331,-3.3174920902646448,1.8412309440251875,-2.5761448793937918,-3.134482677916312,-1.218937804751265,-1.7928809624174242,-3.233565366010527,-3.2980121703972043,-3.102995366770755,-2.8307830281919473,-1.8579145587931918,-1.9000520932743818,SARIMAX_anom_E2_exog
2021-10,487,-0.015321271705465388,0.0008273843211381839,0.08592049324345315,0.08738096788418503,-0.021637621161968868,0.03276637108477885,-0.016758504585289536,-0.028426402263340596,-0.030816796472049525,-0.02310929314048187,-0.026680795265725046,-0.024271537942970774,-0.023132466250822936,-0.011645457865563012,-0.0009259981297362607,-0.007695912290847456,SARIMAX_z_E4_exog
2021-11,488,-2.5009981024241243,0.0006345179660325925,0.5603893577094978,0.5667010577638436,-3.5710895739576616,1.61120230881331,-2.8724967205204877,-3.429981234281865,-1.5288918135000735,-2.1073037847921725,-3.5412171209955665,-3.6053298717406146,-3.3835992955974237,-3.0827670258556195,-2.316925064494831,-2.108877272369861,SARIMAX_anom_E2_exog
2021-11,488,-0.016347432450774996,0.0005459244535809587,0.0853367353554043,0.08659583633109662,-0.022268736210975686,0.03199260690046289,-0.017786676691687132,-0.02908006065027964,-0.03128887139244072,-0.023556135394252223,-0.027134227221937063,-0.024825420023709726,-0.023714926177703058,-0.01207406339501769,-0.008862939976825407,-0.006325809559285289,SARIMAX_z_E4_exog
2021-12,489,-2.44088224265149,0.0005571677763931276,0.491920804916372,0.5723125045248054,-3.5827905657336645,1.4201716491750722,-2.960254009499006,-3.4044546302462195,-1.442941785950918,-1.9805615790665492,-3.3650175271227507,-3.4366773377132893,-3.229205705362407,-2.9141321625525327,-2.205573228082024,-2.1354970101051287,SARIMAX_anom_E2_exog
2021-12,489,-0.01747614749077537,-0.0013739740329750257,0.0802789457377174,0.08921045953816131,-0.020844345856214568,0.028354907052027267,-0.02038664509904885,-0.03031391865623057,-0.031138264530167842,-0.02276022289233213,-0.027385026904145182,-0.025482360501741717,-0.025408956919351904,-0.011941141273476176,-0.010347015424237169,-0.01109608721196865,SARIMAX_z_E4_exog
2022-01,490,-2.529746402062347,0.0005039367812594196,0.5108832865048547,0.5792500302239179,-3.7608322129392655,1.334820955304643,-3.195917114502528,-3.533989482653106,-1.553745305718461,-2.0607774581075433,-3.3975332605562274,-3.4775011595748717,-3.264210513146935,-2.9230826031608124,-2.2316599623309368,-2.214519033095608,SARIMAX_anom_E2_exog
2022-01,490,-0.01800847870675929,-0.0018518087211574733,0.10929486758056128,0.10958694115845025,-0.024364054277372215,0.029628719859945963,-0.021648973011008932,-0.03067534243393352,-0.030919088289133385,-0.022485197397062253,-0.027226748304346182,-0.025657633553732514,-0.025935339246462363,-0.012120657253513691,-0.011062614871640876,-0.012561725354986824,SARIMAX_z_E4_exog
2022-02,491,-2.6355377446394357,0.0005772224412855064,0.5149392244704112,0.6092725857663053,-3.790578919741925,1.1253678586380746,-3.2873255165083224,-3.5869956624354207,-1.6491549345338317,-2.177669587910711,-3.5429741028123263,-3.62366934678567,-3.4044829732136153,-3.0699767368943283,-2.3451538762596145,-2.2897363999440428,SARIMAX_anom_E2_exog
2022-02,491,-0.01847949190928263,-0.0009145948435118062,0.08916256595796353,0.09596917660239486,-0.022625288838558355,0.020077695209382435,-0.02202069855269313,-0.030342060558951337,-0.03117795560897765,-0.02314048445513115,-0.027557562070680285,-0.025670512085516253,-0.02540679749874336,-0.012459605537303317,-0.010460099463428702,-0.011056904344532228,SARIMAX_z_E4_exog
2022-03,492,-2.5167129466715683,0.0005200434762203159,0.5166842041540551,0.6077006753362972,-3.706619434767934,1.2041008096094719,-3.086061279651876,-3.463009745643498,-1.527330970960936,-2.0481942361079475,-3.4107535574002887,-3.4878942515033255,-3.2779082733179226,-2.9524015933185277,-2.2477967138845454,-2.196686113111487,SARIMAX_anom_E2_exog
2022-03,492,-0.018605486455244218,-0.0009451018738386312,0.08814272126131173,0.0958235320827323,-0.0225632054513443,0.0201012206685362,-0.024179409342048395,-0.029957066882209653,-0.03111342815409429,-0.0230851888472295,-0.027540665198414683,-0.02564301031991161,-0.025399282256697724,-0.012421902374339672,-0.010436007799770759,-0.011027891505406312,SARIMAX_z_E4_exog
2022-04,493,-2.5942495105565704,0.0013264868942604558,0.36513859145347566,0.4810224311674438,-3.6564331828898093,1.2654041107133642,-3.0891831469358846,-3.7037161149949767,-1.703467861977254,-2.0617449125912,-3.527087216566933,-3.6018958305864404,-3.389061181177203,-3.0800632680223714,-2.332057639832694,-2.2246277207335745,SARIMAX_anom_E2_exog
2022-04,493,-0.017515925611677294,-0.001447092190710137,0.06195853493147985,0.06563060703314527,-0.019774748544433052,0.022457706876269103,-0.021398239345490892,-0.03330099026070033,-0.03231973634548522,-0.02160603294091658,-0.026471605226512412,-0.024118570364296793,-0.02405514161066324,-0.010956414327273848,-0.00913347532223404,-0.009128858351584772,SARIMAX_z_E4_exog
2022-05,494,-2.523167334533865,0.0015637513106595447,0.3581011410032807,0.46514270518312906,-3.553731230826136,1.3716535188093486,-2.9989220425861225,-3.615886412651579,-1.8625235727713993,-2.0048855713327796,-3.417456115842434,-3.495924500197057,-3.2920877725820543,-3.0000239571431004,-2.257641718227443,-2.1400402167054917,SARIMAX_anom_E2_exog
2022-05,494,-0.016749061689648848,-0.0014672674918527707,0.06119436264585294,0.05922565321406601,-0.018336603307598152,0.024000016741675914,-0.019938941073838805,-0.03209685355063442,-0.03287428381415037,-0.022700063817149962,-0.025813094191820332,-0.023115456251456706,-0.02298900528840782,-0.010164320428653343,-0.008275841774098838,-0.007916659032202638,SARIMAX_z_E4_exog
2022-06,495,-2.5384773210096845,0.0014507839987210004,0.35585639481706577,0.46232845557349544,-3.534931463105741,1.3917419411778342,-2.9737994326560995,-3.5902407789557795,-1.8331303002318324,-2.409661697109579,-3.3855616013556014,-3.485629496439015,-3.2789308290644623,-2.987145925629103,-2.2450638689958513,-2.124067062841993,SARIMAX_anom_E2_exog
2022-06,495,-0.017285010712064338,-0.0009354589053687195,0.05565686527340858,0.05371789922116663,-0.019686459499823266,0.02270805202238385,-0.021196804532466668,-0.03302448119181529,-0.03382834607462618,-0.02288314695702934,-0.023540503918404287,-0.023439928925389035,-0.0234057327967275,-0.010694630301616659,-0.008758367066913282,-0.008745853885581384,SARIMAX_z_E4_exog
2022-07,496,-2.336159441994173,0.001649016156322755,0.3573725106970082,0.45491795211693165,-3.334233880454701,1.5845266105192617,-2.7306689221606044,-3.340786102904206,-1.5540454181779577,-2.1305782925832286,-3.532301868019355,-3.222046575461101,-3.0230940032419755,-2.7547011417732703,-2.044602771093226,-1.9217937699526937,SARIMAX_anom_E2_exog
2022-07,496,-0.017560546292843204,-0.0011880942181754334,0.054154332361440224,0.04883033043754874,-0.01827401159634787,0.023892465561014962,-0.01983078701815057,-0.03226985676096494,-0.0330525896958944,-0.022192664247338574,-0.032448765126255164,-0.024737846694617028,-0.02357781457747737,-0.010408499790858927,-0.00851404646462948,-0.00809941494018272,SARIMAX_z_E4_exog
2022-08,497,-2.5226993905666704,0.0013281537799260175,0.3785610118842685,0.4727743038178911,-3.4215318709479283,1.505970386450441,-2.864577970645806,-3.5112065498309475,-1.733070185061455,-2.325156846664574,-3.739227751366581,-3.7826106981680034,-3.214451836425626,-2.918397913638731,-2.17356909560103,-2.0341288164056985,SARIMAX_anom_E2_exog
2022-08,497,-0.017498789449096205,-0.0009081484601644608,0.06817051100411638,0.0626027563881004,-0.017213820634608454,0.025234051431583106,-0.01900424979962168,-0.03189812855811087,-0.03304731246768033,-0.022310350361700197,-0.03237495618205558,-0.02694169694567448,-0.02510914429488835,-0.010575158366982916,-0.008100124735161258,-0.007203643516454964,SARIMAX_z_E4_exog
2022-09,498,-2.278236468803939,0.0015672692753589941,0.3974504026718705,0.5173206774524,-3.172720888601234,1.7442030103912556,-2.5845426343675713,-3.233725488780382,-1.426264003195655,-2.0232383862623324,-3.457783828436252,-3.4902874272872104,-3.2244851667346923,-2.6821820279755495,-1.9239324073537305,-1.7861621456323733,SARIMAX_anom_E2_exog
2022-09,498,-0.017187825449231253,-0.0011200667695100436,0.06688914289359571,0.08277974007607154,-0.015797773184825076,0.027467484522198795,-0.017417183344566767,-0.030606374614621457,-0.03188254938546459,-0.021760309245276468,-0.03189547817295898,-0.026304196674419925,-0.029411949580386478,-0.012956307322934396,-0.007854863806084975,-0.006157967874660592,SARIMAX_z_E4_exog
2022-10,499,-2.429601676443287,0.0012686775418428043,0.4244469707941584,0.5649574181134913,-3.1829902187117898,1.7401479111930922,-2.6689346100659534,-3.379506793883217,-1.578769828837551,-2.204156673014171,-3.6672309553882627,-3.6908596900064135,-3.400301130248875,-3.137026817046866,-2.059702067084621,-1.8270931429242645,SARIMAX_anom_E2_exog
2022-10,499,-0.017054655262474166,-0.0015806006309231984,0.06093522246525445,0.08113253058616346,-0.014544029848140164,0.03001293526678942,-0.015910042508780246,-0.029318374269846847,-0.030696741786290713,-0.021519681293484822,-0.0316717311127347,-0.025962604671970514,-0.028514296677956137,-0.019362333175188557,-0.010059056132330721,-0.0054595855702398955,SARIMAX_z_E4_exog
2022-11,500,-2.623401067159056,0.0007901871030836859,0.40830622638583824,0.4197864694754154,-3.5200612596895637,1.442852778852257,-2.8985324687644716,-3.541879873766491,-1.7537678793428682,-2.3359904268852962,-3.745348234446148,-3.780312980508446,-3.493821315801204,-3.223588826714861,-2.6160306564458864,-1.9288796707703604,SARIMAX_anom_E2_exog
2022-11,500,-0.017882890427882794,-0.0008944984106011893,0.04426625932895988,0.039847832455524465,-0.016546864398812953,0.02696547563503484,-0.017988605511641588,-0.030882071512774254,-0.032132049963607204,-0.022539172504615696,-0.03237460681059394,-0.027125428812564665,-0.029926064805978873,-0.020574576643013782,-0.008965368500831464,-0.0010064192044397222,SARIMAX_z_E4_exog
2022-12,501,-2.4690801249208714,0.0014227520610268429,0.41412858997130253,0.40387009465896334,-3.3698330037047732,1.5158261438077667,-2.7511135645194438,-3.3394451725267245,-1.529368849291802,-2.087497144032564,-3.482512239448994,-3.512401802895389,-3.2468514437791915,-2.998759806614766,-2.4303619786789223,-2.329925495690751,SARIMAX_anom_E2_exog
2022-12,501,-0.01862231843165534,-0.0009003763954729627,0.04363545138450819,0.03866977600490796,-0.014840630120544991,0.027282597629986426,-0.017857255803784586,-0.03073348233250414,-0.03203136678171088,-0.022436402215814437,-0.03216355163802159,-0.02690879086331942,-0.029676789371976545,-0.020466514917256668,-0.008781089875538177,-0.013653314722697454,SARIMAX_z_E4_exog
2023-01,502,-2.6050590797563333,0.0009481175459762871,0.50034763294038,0.4660474275311125,-3.739275867733471,1.477547451132422,-2.7507329893996393,-3.417600939554878,-1.6511728782533868,-2.2365712918508978,-3.651713264687957,-3.6850107704649964,-3.4039585242344366,-3.1495731984324276,-2.5432649404935708,-2.4156452521207172,SARIMAX_anom_E2_exog
2023-01,502,-0.018498188170862077,0.00017967437862471508,0.05752013555581908,0.0417216239631075,-0.023599285956003753,0.028011179297317987,-0.016314076930160813,-0.02942617198035279,-0.03147881812693644,-0.022617663566039718,-0.03137627896398778,-0.02609054057754657,-0.02804635429349301,-0.020068787020088436,-0.00794602093336504,-0.011866070459000724,SARIMAX_z_E4_exog
2023-02,503,-2.5868629283655973,0.0009176770693695043,0.5060328914816603,0.47052667600946985,-3.70049252240034,1.213567540234966,-2.7160369513044897,-3.372810033843671,-1.6124674988571763,-2.1997166264420343,-3.618023498740372,-3.6501760219599375,-3.370536623835569,-3.1208797239661767,-2.5151084880478365,-2.3827502631992634,SARIMAX_anom_E2_exog
2023-02,503,-0.018322193127559856,0.00013278399150237543,0.056492360766990206,0.04088132326880341,-0.023485366318529717,0.028421631727600698,-0.016418830681545236,-0.029363086066384086,-0.03140843595198976,-0.022537141987515007,-0.03132630775174745,-0.026023966429022154,-0.027994432611068154,-0.020012337230013694,-0.007886560683932073,-0.011786165393095108,SARIMAX_z_E4_exog
2023-03,504,-2.4949166114501096,0.0008431076592606607,0.5652387763100155,0.5435396446987115,-3.6274167663064327,1.2791884862037233,-2.908993526021353,-3.204123972949098,-1.533259122834023,-2.0775552316445034,-3.469646094199925,-3.4927071800582845,-3.2246104222006435,-2.984352373232175,-2.408463827069705,-2.287059307088895,SARIMAX_anom_E2_exog
2023-03,504,-0.019379444293303696,0.00037854749655993924,0.07359560571450788,0.05328306387051197,-0.024749022834016948,0.027328815198753548,-0.018805407251641006,-0.02871317269674135,-0.03268603902050767,-0.023935221230911446,-0.03236567296210163,-0.027201980039483525,-0.028961390593534794,-0.021081466644100884,-0.008643882306460557,-0.012738891138898065,SARIMAX_z_E4_exog
2023-04,505,-2.670321344231487,0.0006348259928477083,0.5608555584537651,0.5299594060156283,-3.720493553694868,1.1939533530580646,-3.0446747608834177,-3.6492924537381843,-1.7301766908402851,-2.248399780888216,-3.6575665485635662,-3.6830118312258353,-3.3985947278146007,-3.144427972592598,-2.5363739974378023,-2.401488330215904,SARIMAX_anom_E2_exog
2023-04,505,-0.019271955785588175,0.0004612693599536064,0.07731569673438707,0.055119516562381864,-0.02432177120636399,0.02766011864549433,-0.018324045327478396,-0.030125068038248465,-0.032902051093985356,-0.02360465835765949,-0.03213812445100247,-0.026890248717845025,-0.02874529156898648,-0.020834382903753296,-0.008340897488410841,-0.012438641484231341,SARIMAX_z_E4_exog
2023-05,506,-2.4886712249251515,0.0007910296640136186,0.5520524960604161,0.5181829406088319,-3.613182754378785,1.2887898755132088,-2.875601705826716,-3.4416665396520774,-1.4828243437381254,-1.9889576582768145,-3.457021072156744,-3.4707237437727128,-3.203096047915583,-2.961455526205382,-2.3902329132718085,-2.2693406400502867,SARIMAX_anom_E2_exog
2023-05,506,-0.019290943832343657,0.00017694245189250424,0.07178061432256556,0.04520672490794675,-0.025573773137454056,0.0261293795818975,-0.01940132287880833,-0.03056959228976441,-0.02823650592193351,-0.021729899968329018,-0.03201175863084832,-0.027111831000738357,-0.029189631887504067,-0.020891996458745732,-0.00900548023510596,-0.013417384338241753,SARIMAX_z_E4_exog
2023-06,507,-2.472872294974624,0.0008594908292800111,0.5512283635372808,0.5161398074588537,-3.608630074481474,1.2931805203001916,-2.874462237715617,-3.44482159942602,-1.4862024573283854,-1.8202307994275209,-3.4674532332802634,-3.4667571606102956,-3.2005977808929695,-2.959967776015809,-2.3880248705710025,-2.2663896423592282,SARIMAX_anom_E2_exog
2023-06,507,-0.018991946577930244,0.0002247120136256672,0.06757554077761788,0.03710298285260139,-0.024239618032474864,0.027699499451623484,-0.01825091810105501,-0.030049284250997833,-0.02794422870846821,-0.022800542742052177,-0.03361774308545032,-0.027190938903803478,-0.028900084752345172,-0.020760189720621203,-0.008759169489909973,-0.012523040219424197,SARIMAX_z_E4_exog
2023-07,508,-2.4708470294437017,0.0009365287173321564,0.5483514001652612,0.5160865243010782,-3.6198590373281765,1.283702852000201,-2.8953539329126325,-3.4740622889996295,-1.5190207842139765,-1.8563485659078935,-3.152884641191467,-3.507258881985798,-3.2282863060139793,-2.9863982782848675,-2.408377524603581,-2.2831853409650464,SARIMAX_anom_E2_exog
2023-07,508,-0.01836064971760312,0.0004108575075359325,0.06577882651429166,0.035723644671056244,-0.023699971744684228,0.028350056417749195,-0.017855079826549672,-0.029984562657026263,-0.028020282235585548,-0.02291729845504372,-0.02636746037402272,-0.02859087150640876,-0.028932364070122736,-0.020838552353971574,-0.00851941259670908,-0.012146116140974933,SARIMAX_z_E4_exog
2023-08,509,-2.4714581732955083,0.0008179268782227623,0.5443925173053459,0.5140788423825711,-3.677129245235906,1.2206596114723585,-2.9529201137765178,-3.512937591898154,-1.556477019144127,-1.8905728183579518,-3.1799141230906387,-3.0699708876069187,-3.254864392189121,-3.0053434634488068,-2.43406341693554,-2.3236650580581113,SARIMAX_anom_E2_exog
2023-08,509,-0.01800718184554326,0.00034247910702891587,0.06551970333155038,0.03532762114172628,-0.024168290204374283,0.02792493223354407,-0.018401449932090315,-0.030420466701545384,-0.028460261704792857,-0.02337687594179438,-0.02675673590771071,-0.01922631466721036,-0.02975048784777602,-0.021195846297683636,-0.008832532405404644,-0.012512215967410669,SARIMAX_z_E4_exog
2023-09,510,-2.522222825964536,0.0007978965193151655,0.5431377167990852,0.5139796516184105,-3.7296723932182787,1.1706914880026897,-3.0437002136054665,-3.6288029341967913,-1.680882003853294,-2.023183012952114,-3.3203836179980843,-3.211221653731906,-2.7528682193712943,-3.125641794662001,-2.498539534976988,-2.3871365808605214,SARIMAX_anom_E2_exog
2023-09,510,-0.01723749892165562,0.00046308916083234204,0.062329521531209894,0.032908512118039523,-0.023625984621366208,0.028426114759158468,-0.018058352123172968,-0.030507782821592788,-0.02860946801237523,-0.02351206259830773,-0.026994277455763695,-0.01929287058603541,-0.01935006952551289,-0.023127198484738026,-0.008848481629476627,-0.012281898306644997,SARIMAX_z_E4_exog
2023-10,511,-2.6034531255514453,0.0006489129808685618,0.5373527549575527,0.5033365107033199,-3.847717524137779,1.0489004233350978,-3.195371900492316,-3.780369689143204,-1.84087384153424,-2.186022738585198,-3.4798868893776453,-3.3787283704550686,-2.911207189790482,-2.5134945216608213,-2.6198674881156023,-2.4923594109056375,SARIMAX_anom_E2_exog
2023-10,511,-0.016717453964618937,0.0003547336798455773,0.06073398490704765,0.03107607229795513,-0.024250996573932933,0.02779111755023084,-0.01877832765712666,-0.0310709023781204,-0.02912017323556085,-0.024020423451238625,-0.027518990570841007,-0.019907629284952058,-0.0199309669448501,-0.009711465682423696,-0.010161598900829303,-0.012875319641124034,SARIMAX_z_E4_exog
2023-11,512,-2.4470991445968746,0.0009834191420912217,0.5347452017022682,0.5236503141563758,-3.6268041957792176,1.2494012437073028,-3.0444041088422615,-3.699060521815636,-1.7743178861560667,-2.137237607863069,-3.4584994602214874,-3.352648364845956,-2.877037932569019,-2.488051050427744,-1.6752476010654715,-2.4363939809936515,SARIMAX_anom_E2_exog
2023-11,512,-0.014706162513705559,0.00021199194450104557,0.05980851941653879,0.03387668520621721,-0.02131697993522654,0.03167752375169589,-0.01600018050912228,-0.029415028335329566,-0.02777791458988578,-0.022781190329246744,-0.027026049040208812,-0.019134210999412152,-0.018327211244406533,-0.00848148899688581,-0.002529879754697937,-0.01446077653458758,SARIMAX_z_E4_exog
2023-12,513,-2.1051310447014515,0.0015226474430561246,0.5414417957146447,0.510495209076717,-3.4155040195243447,1.5686860497989097,-2.730629018314999,-3.4099906996307294,-1.4875942257602526,-1.8602511104567692,-3.201243810361905,-3.0933491834233156,-2.635376601034159,-2.273522200958539,-1.4794458984155356,-1.2029344661017383,SARIMAX_anom_E2_exog
2023-12,513,-0.013551531310183664,0.0004027000151550301,0.059024399418561906,0.031427783146607706,-0.023394548233332705,0.03202214038390875,-0.01594289943742627,-0.02964796163979488,-0.028130853065851842,-0.02317051417910476,-0.027371655324935427,-0.019381230047394338,-0.0183625671288859,-0.008617485008704167,-0.002368209672336251,0.0025227398791817595,SARIMAX_z_E4_exog
2024-01,514,-2.2237562468559853,0.0010368405346375684,0.5636534172037813,0.5325377332613366,-2.6786958315693408,1.346348723583243,-2.988439751785452,-3.603228915718213,-1.688962804787189,-2.049500724445338,-3.3617612327389534,-3.27090323935544,-2.8177105647810388,-2.4374335530801354,-1.6562896078589682,-1.413255100071981,SARIMAX_anom_E2_exog
2024-01,514,-0.01450924644502785,0.0007029798754899526,0.058683723121589426,0.029364287642186116,-0.007204240807014534,0.030095619268230244,-0.01928787746521392,-0.03201723534460923,-0.030615942296348914,-0.02585346319134457,-0.029403959664443334,-0.022055185761519915,-0.020661520844685678,-0.01110458295032122,-0.004650394633298057,-0.0004259821452750496,SARIMAX_z_E4_exog
2024-02,515,-2.3433992852070586,0.0009398288838185668,0.5575308742748737,0.5299171772637594,-2.8226748068149803,1.8856252490608147,-3.1828783975772192,-3.7720294600586928,-1.8790872285209148,-2.255867627081877,-3.5813375919757964,-3.4983043558403355,-3.0267324849693136,-2.6280092609259347,-1.8137590190326156,-1.5652592088029567,SARIMAX_anom_E2_exog
2024-02,515,-0.013842041329770982,0.0007379424689124969,0.05778891038165444,0.02874588672568692,-0.0074422961462282744,0.040491198138219595,-0.020609282561699364,-0.03232063393117315,-0.03081276412134317,-0.02602285033744559,-0.029605970089502675,-0.022272192491626173,-0.020904275665917203,-0.011259996639590939,-0.0048385603204127514,-0.0006642494936002245,SARIMAX_z_E4_exog
2024-03,516,-2.4090405741400183,0.0008398295538590871,0.49296173268518084,0.4966956675337376,-3.0285053911246242,1.6593132684593306,-2.5126475999838487,-3.851002766247533,-2.0156849954946776,-2.372448117274323,-3.6728423012215505,-3.598431656043408,-3.1362297886886052,-2.7204623217107766,-1.9339628492290857,-1.7255823711211185,SARIMAX_anom_E2_exog
2024-03,516,-0.016821829152389216,5.0967617856275645e-05,0.04666554141718094,0.025085238954600873,-0.011808555296834307,0.035112224156892836,-0.013005491900063731,-0.035057387316651,-0.034400195602803135,-0.029580189494662137,-0.03348875587940502,-0.026442522801358247,-0.025331044602875247,-0.014504967240130798,-0.008388753342097427,-0.004966310508682433,SARIMAX_z_E4_exog
2024-04,517,-2.3318699439883117,0.00107240842571806,0.4927168363393375,0.49593303971143166,-3.0009072562245027,1.685011143745347,-2.4884564048207753,-3.2265369694955353,-2.0148851618319807,-2.314910620005294,-3.6308327442497577,-3.562023708750327,-3.1046684756772853,-2.6944761865167797,-1.909101891787307,-1.6998448423500232,SARIMAX_anom_E2_exog
2024-04,517,-0.016369626422667743,0.00010115125530138619,0.04616709301824804,0.024713680122337232,-0.011808569345842136,0.03513122801007049,-0.013077846805012226,-0.027609237191068906,-0.03534286177052867,-0.029816183603862335,-0.0336437777827927,-0.02657976066547458,-0.025424257564419492,-0.014600591891065419,-0.008423478499534566,-0.004978793665542957,SARIMAX_z_E4_exog
2024-05,518,-2.1939738034425322,0.0012591082193547903,0.5086129376576836,0.5092686266572601,-2.870742533019572,1.8222974051962477,-2.3736945623647077,-3.1461720791255914,-1.5027415568521827,-2.2888040035565447,-3.501436264909694,-3.4484687962669174,-2.9980781287677627,-2.6072904056116544,-1.8159810822198137,-1.5905046563914351,SARIMAX_anom_E2_exog
2024-05,518,-0.011800540243185142,0.000667075901054516,0.04127789170958304,0.021409763030951427,-0.007571285745382208,0.04044261300999448,-0.007376898607554075,-0.022245383676846416,-0.027130709892541696,-0.028874587960938013,-0.029365411828319987,-0.021905730642528192,-0.020558331806476912,-0.011074105417724309,-0.004723103101156616,-0.0006241283398402325,SARIMAX_z_E4_exog
2024-06,519,-2.2163581709234297,0.0011686452370239537,0.5073837925729112,0.5080042784691114,-2.910892497555806,1.7798787623190024,-2.4270911652473237,-3.199928777397572,-1.5599268484866442,-2.073636584291781,-3.557151950365222,-3.4871743861716338,-3.0370399167982636,-2.6431718734247123,-1.848724116637747,-1.6271499133628504,SARIMAX_anom_E2_exog
2024-06,519,-0.009325628755006567,0.0006776801262504156,0.04171479738821939,0.022637514804984396,-0.005555630295617964,0.04271683846683918,-0.004900377970193668,-0.019939663525620363,-0.024979459864535192,-0.019383186056608433,-0.029445633653867667,-0.019859800359815487,-0.018436248743625837,-0.00944401409191708,-0.0031057179621453183,0.001270126280325443,SARIMAX_z_E4_exog
2024-07,520,-2.156397626662892,0.0012993481304065767,0.5122109539031772,0.5094719364012921,-2.8707516787291625,1.8200746848540525,-2.3768163741302932,-3.1485282254631035,-1.5048128704221027,-2.0181825174214376,-3.3274905635607794,-3.4351354397861305,-2.987112035746233,-2.5983950034567775,-1.8099206335248754,-1.5877607772139997,SARIMAX_anom_E2_exog
2024-07,520,-0.00939185136888339,0.0006771560100984639,0.04197951077310066,0.022830011514142302,-0.006126405847169172,0.04205809028301727,-0.005631549143105028,-0.020625523845350185,-0.025690451266461335,-0.02005548059086255,-0.02296651917393101,-0.02071117087806421,-0.019011721424671623,-0.009920488978789487,-0.003553048623504866,0.0007360197925491038,SARIMAX_z_E4_exog
2024-08,521,-2.1483025877085873,0.0012656568801053538,0.510448433759636,0.5076307055302516,-2.8739435700574094,1.816161587019213,-2.3823148934547107,-3.153878843982466,-1.511253841114735,-2.0248221060444447,-3.333805401908144,-3.2655220812891232,-2.9925146078138227,-2.598176009000928,-1.8106076320075888,-1.5897032031792175,SARIMAX_anom_E2_exog
2024-08,521,-0.00872265761338846,0.0005805904974506106,0.04292625625786988,0.022571275271162955,-0.0054419546314736725,0.04279267618354999,-0.004976121061649154,-0.020178763425661262,-0.02526889255928781,-0.019659962521228317,-0.02266784250185362,-0.01670312399768201,-0.0195416160389428,-0.009672101198319464,-0.0031981160365141524,0.0012593984502325547,SARIMAX_z_E4_exog
2024-09,522,-2.115150834637607,0.0013203109511725683,0.5135731221563669,0.5114686161811566,-2.8160599959181027,1.871358164012424,-2.3483457135502985,-3.1445054802762327,-1.5066024950510453,-2.027269362708328,-3.344855114197185,-3.273811723147914,-2.8148836581522505,-2.6035037796346003,-1.756287526694061,-1.5374846599684073,SARIMAX_anom_E2_exog
2024-09,522,-0.007652198387115508,0.0008757476693547427,0.050421550828394654,0.026761238394096012,-0.0035645430574190993,0.04486449363988616,-0.003338929101124936,-0.019298691458317054,-0.024653457326371798,-0.019118313251999412,-0.022189346671646695,-0.015928843087113745,-0.015204447448398467,-0.011906909220746331,-0.0025017217805449227,0.0026533957677392357,SARIMAX_z_E4_exog
2024-10,523,-2.0336216892998387,0.0014625967759796527,0.522358363407724,0.4927460332860193,-2.6939769810177823,1.990478412115513,-2.253063839402888,-3.077580829390081,-1.4445071896239567,-1.973821537556307,-3.303715828757932,-3.2285210723252815,-2.7682363219870036,-2.4302704079274196,-1.710236881154694,-1.4171868326523418,SARIMAX_anom_E2_exog
2024-10,523,-0.007053417126194121,0.0008407089007696602,0.05102462259177899,0.023464155247071215,-0.0026586270762439467,0.046065220653967946,-0.0026805088312074326,-0.018987378592368858,-0.024445422891661586,-0.019026174457461142,-0.02210686487581839,-0.015683680723658666,-0.014744695366060377,-0.0077444484589081755,-0.004197941264456895,0.0032756732412360023,SARIMAX_z_E4_exog
2024-11,524,-1.967510378761011,0.001621207093047097,0.5257554850816726,0.4921240175667626,-2.571950668731654,2.103739596530703,-2.16541030728,-3.018404997367155,-1.3879413966583103,-1.9270056781159477,-3.270022315007162,-3.1904046755627347,-2.72791105406816,-2.3955163793533742,-1.606077162289533,-1.36523809726755,SARIMAX_anom_E2_exog
2024-11,524,-0.0065453759575645094,0.0007353798278389857,0.050137439405484256,0.022864282477520908,-0.0021481908740936806,0.0464925113889908,-0.0023631446215275145,-0.018987340789605647,-0.02452458838344597,-0.019012669501837012,-0.022191765609556068,-0.015620510396813085,-0.014740900869747841,-0.007646866227987026,0.001920878150928204,0.0018697217315381141,SARIMAX_z_E4_exog
2024-12,525,-1.8841952885644997,0.0016018629945982498,0.5240422524504338,0.49768663282873027,-2.4910378230386296,2.212952648119949,-2.064775966380834,-2.93466908328997,-1.304076077595505,-1.8481621316392045,-3.199554068243293,-3.1157100236717814,-2.6551315765878525,-2.3308387119620946,-1.5403570243091431,-1.2637626077121284,SARIMAX_anom_E2_exog
2024-12,525,-0.006212583164119912,0.0007180510510135068,0.05012492096801373,0.02320254655726235,-0.0027343359274214084,0.046410070653147006,-0.002420175009976775,-0.019066970610761562,-0.024592788394362245,-0.01907685585355515,-0.02228930193129115,-0.015708140068973992,-0.01482850632803878,-0.0076925973526937854,0.0018742343432234811,0.006935580084177064,SARIMAX_z_E4_exog
2025-01,526,-1.946365594689139,0.0015431539229986545,0.5210091654267024,0.49137841993383824,-2.504448216848271,2.146445950495888,-2.1483857206122066,-3.0054076502640257,-1.375448748280103,-1.9161100301580256,-3.261492104667683,-3.1803738862159094,-2.7171853117257254,-2.386118948319694,-1.5946610819009877,-1.3247743100624263,SARIMAX_anom_E2_exog
2025-01,526,-0.00634791736560877,0.0007362899190568497,0.04859857782332803,0.021636822174626764,-0.001054086479328454,0.04614577032076138,-0.0028418244648087555,-0.019370983753350415,-0.024894596168530212,-0.019349112040866086,-0.022487121581132377,-0.01598750545173874,-0.015135995045305916,-0.007958183341339622,0.00156129636209089,0.006470055542315186,SARIMAX_z_E4_exog
2025-02,527,-2.1578974501235506,0.0014878940697686611,0.5008550238144596,0.4263492040285355,-2.7439797613759085,1.7864335912508702,-2.3478167835815498,-3.309081791251549,-1.643742599165408,-2.1377401046444917,-3.431036497328797,-3.3543706028206843,-2.8894185895528888,-2.537355205372982,-1.7634943281142819,-1.527483078012618,SARIMAX_anom_E2_exog
2025-02,527,-0.006955018781620457,0.0006837117144653279,0.0464922739942692,0.017843934459898382,-0.0034162329234608225,0.045897117253455244,-0.001239090990068049,-0.02008049073791829,-0.025614351190236584,-0.020045218664746546,-0.0228383714069718,-0.016709703092716247,-0.015892037747027143,-0.008731750221007159,0.0005353467456874812,0.004804465045372352,SARIMAX_z_E4_exog
2025-03,528,-2.1517458285159794,0.0017597056408898324,0.48975453055014095,0.42132708375948225,-2.719761901096517,1.8152055656596575,-2.5601480992072023,-3.2602969320751853,-1.6453271752480303,-2.1208954599299754,-3.4041077958395025,-3.3213611306354647,-2.856894205598925,-2.5064802691494497,-1.738157497945256,-1.502725041125908,SARIMAX_anom_E2_exog
2025-03,528,-0.00737652690897727,0.0007217724059130099,0.04559979699605368,0.01763350439106678,-0.003370603337990014,0.045924536981707356,-0.008145409710109859,-0.01899765858814168,-0.025506479194448206,-0.019961457277423184,-0.022752360544881615,-0.016620099218012316,-0.015838054993354993,-0.008673703022380538,0.0005858264286508284,0.004837139568656964,SARIMAX_z_E4_exog
2025-04,529,-2.0501985446061592,0.0019176301852692555,0.5904895739315983,0.47243710302580155,-2.609547113429205,1.9267717814882888,-2.46189278935654,-3.2221837788854133,-1.6518820392103941,-1.922239540105305,-3.241847314854644,-3.182725873509646,-2.739364636568635,-2.4163202674065687,-1.6505661406702261,-1.4039487947138287,SARIMAX_anom_E2_exog
2025-04,529,-0.0071164999950006375,0.0011935251982420109,0.047356533025775686,0.017554633725391063,-0.0022646754478923363,0.04763958044706008,-0.006923421375373672,-0.02260766929555146,-0.027745912592598874,-0.01995918755859936,-0.021972344323625766,-0.015813164927141066,-0.01465965244824561,-0.00832952941096212,0.0014871243594312097,0.0061029246630492535,SARIMAX_z_E4_exog
2025-05,530,-1.9584409608222162,0.002105655715333184,0.5889013267644041,0.47658906319367156,-2.523228056080614,2.0160369437950303,-2.387732063098417,-3.150177002511221,-1.487386992232601,-1.8740535015267632,-3.1232741147347003,-3.0772898906726494,-2.643684340198483,-2.3360177295814637,-1.5743041422694697,-1.3238015027302614,SARIMAX_anom_E2_exog
2025-05,530,-0.007006267378234554,0.0012190311284861696,0.044839571942769565,0.01671576770005493,-0.0020272522260796457,0.04800019380455245,-0.007001421069296917,-0.02285342371180429,-0.023858044817451792,-0.022134108570744385,-0.02221673660265289,-0.015932472836855588,-0.014676250746489856,-0.008516877750889603,0.0015873909892290766,0.006296952585413967,SARIMAX_z_E4_exog
2025-06,531,-1.9875081473319784,0.0019783779332519513,0.5868582052233036,0.47436793109637854,-2.5490278455548645,1.9895300509480913,-2.4187353166672225,-3.1800761040746086,-1.5174350815781399,-1.9225062641726802,-3.1522436634655833,-3.1071222143897477,-2.6714951478128017,-2.3607928278999726,-1.5970331827493658,-1.3482171476616311,SARIMAX_anom_E2_exog
2025-06,531,-0.006794255062580509,0.001310379842287559,0.04629010631417783,0.016723651244867733,-0.0022385250931101666,0.04785794750069578,-0.007187874295672534,-0.02299963588190885,-0.02404158647280449,-0.017748472773335234,-0.022308881141557494,-0.016087096226182544,-0.014762943021618362,-0.00866446181527464,0.0014855224179467913,0.006174194459589912,SARIMAX_z_E4_exog
2025-07,532,-1.9467806418334528,0.0020541406571797515,0.5856580698967839,0.4733906099084164,-2.502357136509165,2.0369970966555857,-2.367417326585334,-3.133286074359727,-1.4691167125225415,-1.8749823748492014,-3.1446903124691574,-3.0617408675805127,-2.623361576229428,-2.318209952553292,-1.5567986807237388,-1.3047003091188565,SARIMAX_anom_E2_exog
2025-07,532,-0.006697245027625778,0.0012597731979281843,0.04668022835398741,0.017020432714962657,-0.0019758424562954387,0.04801836368409449,-0.007008176444009319,-0.022933352573871094,-0.02394265241103785,-0.017606452096806596,-0.02137474043809916,-0.01670852110460769,-0.014791504593365019,-0.008563118465723706,0.0015633963029239141,0.006298119751863381,SARIMAX_z_E4_exog
2025-08,533,-1.9839672832599258,0.0019934228897447387,0.5827255939965537,0.47101633857545544,-2.543975714211878,1.9942751241773962,-2.4142192330153027,-3.177053993460432,-1.5132506769642387,-1.9189704714646607,-3.1873560062249737,-3.0247257607284963,-2.6638493198349424,-2.3564541164337913,-1.5925698140144342,-1.3435137693855608,SARIMAX_anom_E2_exog
2025-08,533,-0.0064461531298093434,0.0011845643455580424,0.04464856429561916,0.016675859856882667,-0.002328471965680322,0.04764630202246179,-0.00724286520496538,-0.02299964042517382,-0.02395061118043619,-0.017600882180834446,-0.021372122525821484,-0.012287466475715545,-0.01458198455628693,-0.00859403620529645,0.0014186148644779336,0.006038870755989015,SARIMAX_z_E4_exog
