modelo,origem,converged,iterations,optimizer,maxiter_config,warning_convergencia_emitido,aic,llf
SARIMAX_anom_E1_semexog,1995-12,True,21,lbfgs,200,False,1938.656420724908,-966.328210362454
SARIMAX_anom_E1_exog,1995-12,True,46,lbfgs,200,False,1891.9775935009457,-939.9887967504728
SARIMAX_z_E1_semexog,1995-12,True,13,lbfgs,200,False,506.62153465236423,-250.31076732618212
SARIMAX_z_E1_exog,1995-12,True,25,lbfgs,200,False,491.40366909495856,-239.70183454747928
SARIMAX_anom_E2_semexog,1995-12,True,32,lbfgs,200,False,1928.4688841209768,-960.2344420604884
SARIMAX_anom_E2_exog,1995-12,True,72,lbfgs,200,False,1882.956414914625,-934.4782074573125
SARIMAX_z_E2_semexog,1995-12,True,24,lbfgs,200,False,507.7959293431346,-249.8979646715673
SARIMAX_z_E2_exog,1995-12,True,24,lbfgs,200,False,490.640564880778,-238.320282440389
SARIMAX_anom_E3_semexog,1995-12,True,28,lbfgs,200,False,1821.7315175681256,-906.8657587840628
SARIMAX_anom_E3_exog,1995-12,True,58,lbfgs,200,False,1776.2156957219102,-881.1078478609551
SARIMAX_z_E3_semexog,1995-12,True,17,lbfgs,200,False,480.2723642174553,-236.13618210872764
SARIMAX_z_E3_exog,1995-12,True,26,lbfgs,200,False,465.8760455275807,-225.93802276379034
SARIMAX_anom_E4_semexog,1995-12,True,25,lbfgs,200,False,1807.42317341524,-899.71158670762
SARIMAX_anom_E4_exog,1995-12,True,52,lbfgs,200,False,1765.768804057549,-875.8844020287745
SARIMAX_z_E4_semexog,1995-12,True,18,lbfgs,200,False,476.04144394630185,-234.02072197315093
SARIMAX_z_E4_exog,1995-12,True,25,lbfgs,200,False,464.2342709592922,-225.1171354796461
Harmonico_harm1,1995-12,True,27,lbfgs,200,False,1980.5983665198983,-985.2991832599491
Harmonico_harm2,1995-12,True,45,lbfgs,200,False,1967.6860302349885,-976.8430151174942
SARIMAX_anom_E1_semexog,1996-01,True,12,lbfgs,200,False,1949.2945052201198,-971.6472526100599
SARIMAX_anom_E1_exog,1996-01,True,42,lbfgs,200,False,1902.4501222120507,-945.2250611060254
SARIMAX_z_E1_semexog,1996-01,True,12,lbfgs,200,False,509.48662849056586,-251.74331424528293
SARIMAX_z_E1_exog,1996-01,True,26,lbfgs,200,False,493.9419322468763,-240.97096612343816
SARIMAX_anom_E2_semexog,1996-01,True,32,lbfgs,200,False,1939.1496984197768,-965.5748492098884
SARIMAX_anom_E2_exog,1996-01,True,73,lbfgs,200,False,1893.6487003745763,-939.8243501872881
SARIMAX_z_E2_semexog,1996-01,True,24,lbfgs,200,False,510.78704475468805,-251.39352237734403
SARIMAX_z_E2_exog,1996-01,True,23,lbfgs,200,False,493.20602700072163,-239.60301350036082
SARIMAX_anom_E3_semexog,1996-01,True,24,lbfgs,200,False,1832.6396869671757,-912.3198434835879
SARIMAX_anom_E3_exog,1996-01,True,63,lbfgs,200,False,1786.8154316152304,-886.4077158076152
SARIMAX_z_E3_semexog,1996-01,True,15,lbfgs,200,False,483.09505331809703,-237.54752665904851
SARIMAX_z_E3_exog,1996-01,True,24,lbfgs,200,False,468.42345399897505,-227.21172699948752
SARIMAX_anom_E4_semexog,1996-01,True,23,lbfgs,200,False,1818.2512588038721,-905.1256294019361
SARIMAX_anom_E4_exog,1996-01,True,58,lbfgs,200,False,1776.4454534350398,-881.2227267175199
SARIMAX_z_E4_semexog,1996-01,True,17,lbfgs,200,False,478.8960014693985,-235.44800073469926
SARIMAX_z_E4_exog,1996-01,True,25,lbfgs,200,False,466.8015748273732,-226.4007874136866
Harmonico_harm1,1996-01,False,26,lbfgs,200,True,1990.8136339964058,-990.4068169982029
Harmonico_harm2,1996-01,True,44,lbfgs,200,False,1978.1039950526324,-982.0519975263162
SARIMAX_anom_E1_semexog,1996-02,True,20,lbfgs,200,False,1960.0500847820492,-977.0250423910246
SARIMAX_anom_E1_exog,1996-02,True,44,lbfgs,200,False,1912.9163998694464,-950.4581999347232
SARIMAX_z_E1_semexog,1996-02,True,14,lbfgs,200,False,512.1118234251364,-253.0559117125682
SARIMAX_z_E1_exog,1996-02,True,25,lbfgs,200,False,495.97140863488335,-241.98570431744167
SARIMAX_anom_E2_semexog,1996-02,True,32,lbfgs,200,False,1949.8093825341646,-970.9046912670823
SARIMAX_anom_E2_exog,1996-02,True,75,lbfgs,200,False,1903.7418603775336,-944.8709301887668
SARIMAX_z_E2_semexog,1996-02,True,24,lbfgs,200,False,512.3048149650779,-252.15240748253896
SARIMAX_z_E2_exog,1996-02,True,25,lbfgs,200,False,495.2464472406351,-240.62322362031756
SARIMAX_anom_E3_semexog,1996-02,True,29,lbfgs,200,False,1843.617084052086,-917.808542026043
SARIMAX_anom_E3_exog,1996-02,True,58,lbfgs,200,False,1797.4456911789125,-891.7228455894563
SARIMAX_z_E3_semexog,1996-02,True,18,lbfgs,200,False,485.6163861657968,-238.8081930828984
SARIMAX_z_E3_exog,1996-02,True,22,lbfgs,200,False,470.5512747812152,-228.2756373906076
SARIMAX_anom_E4_semexog,1996-02,True,23,lbfgs,200,False,1829.0000622848015,-910.5000311424008
SARIMAX_anom_E4_exog,1996-02,True,59,lbfgs,200,False,1787.1805624033723,-886.5902812016861
SARIMAX_z_E4_semexog,1996-02,True,16,lbfgs,200,False,481.37046871118616,-236.68523435559308
SARIMAX_z_E4_exog,1996-02,True,25,lbfgs,200,False,468.93227734319026,-227.46613867159513
Harmonico_harm1,1996-02,True,31,lbfgs,200,False,2001.583635609094,-995.791817804547
Harmonico_harm2,1996-02,True,16,lbfgs,200,False,1990.6456581996038,-988.3228290998019
SARIMAX_anom_E1_semexog,1996-03,True,12,lbfgs,200,False,1973.0567369011897,-983.5283684505948
SARIMAX_anom_E1_exog,1996-03,True,43,lbfgs,200,False,1926.5285754561833,-957.2642877280916
SARIMAX_z_E1_semexog,1996-03,True,15,lbfgs,200,False,514.3260414708749,-254.16302073543744
SARIMAX_z_E1_exog,1996-03,True,24,lbfgs,200,False,498.21190541897204,-243.10595270948602
SARIMAX_anom_E2_semexog,1996-03,True,30,lbfgs,200,False,1962.9283439391888,-977.4641719695944
SARIMAX_anom_E2_exog,1996-03,True,70,lbfgs,200,False,1917.7523197815403,-951.8761598907702
SARIMAX_z_E2_semexog,1996-03,True,19,lbfgs,200,False,514.8686304415381,-253.43431522076907
SARIMAX_z_E2_exog,1996-03,True,24,lbfgs,200,False,497.3775884637565,-241.68879423187826
SARIMAX_anom_E3_semexog,1996-03,True,23,lbfgs,200,False,1857.3882829632098,-924.6941414816049
SARIMAX_anom_E3_exog,1996-03,True,63,lbfgs,200,False,1810.6611031929083,-898.3305515964541
SARIMAX_z_E3_semexog,1996-03,True,14,lbfgs,200,False,488.0769570064712,-240.0384785032356
SARIMAX_z_E3_exog,1996-03,True,24,lbfgs,200,False,472.802248807977,-229.4011244039885
SARIMAX_anom_E4_semexog,1996-03,True,25,lbfgs,200,False,1842.1191400245712,-917.0595700122856
SARIMAX_anom_E4_exog,1996-03,True,58,lbfgs,200,False,1800.4479474735267,-893.2239737367634
SARIMAX_z_E4_semexog,1996-03,True,17,lbfgs,200,False,483.99673369921106,-237.99836684960553
SARIMAX_z_E4_exog,1996-03,True,34,lbfgs,200,False,471.1456919831601,-228.57284599158004
Harmonico_harm1,1996-03,True,13,lbfgs,200,False,2021.698272367168,-1005.849136183584
Harmonico_harm2,1996-03,True,41,lbfgs,200,False,2001.479950651811,-993.7399753259054
SARIMAX_anom_E1_semexog,1996-04,True,20,lbfgs,200,False,1987.831926747981,-990.9159633739905
SARIMAX_anom_E1_exog,1996-04,True,41,lbfgs,200,False,1941.909425260352,-964.954712630176
SARIMAX_z_E1_semexog,1996-04,True,13,lbfgs,200,False,516.5503138225596,-255.2751569112798
SARIMAX_z_E1_exog,1996-04,True,29,lbfgs,200,False,500.4957782034742,-244.2478891017371
SARIMAX_anom_E2_semexog,1996-04,True,27,lbfgs,200,False,1977.9630024721696,-984.9815012360848
SARIMAX_anom_E2_exog,1996-04,True,75,lbfgs,200,False,1932.432853066335,-959.2164265331675
SARIMAX_z_E2_semexog,1996-04,True,20,lbfgs,200,False,518.2531372150963,-255.12656860754817
SARIMAX_z_E2_exog,1996-04,True,33,lbfgs,200,False,499.55678594307585,-242.77839297153793
SARIMAX_anom_E3_semexog,1996-04,True,24,lbfgs,200,False,1872.8046669844107,-932.4023334922053
SARIMAX_anom_E3_exog,1996-04,True,68,lbfgs,200,False,1825.7159129905813,-905.8579564952906
SARIMAX_z_E3_semexog,1996-04,True,14,lbfgs,200,False,490.19270460905034,-241.09635230452517
SARIMAX_z_E3_exog,1996-04,True,20,lbfgs,200,False,474.9937697824905,-230.49688489124526
SARIMAX_anom_E4_semexog,1996-04,True,28,lbfgs,200,False,1856.495925076779,-924.2479625383895
SARIMAX_anom_E4_exog,1996-04,True,62,lbfgs,200,False,1815.3299002508204,-900.6649501254102
SARIMAX_z_E4_semexog,1996-04,True,15,lbfgs,200,False,486.1304310419555,-239.06521552097774
SARIMAX_z_E4_exog,1996-04,True,24,lbfgs,200,False,473.1186978506952,-229.5593489253476
Harmonico_harm1,1996-04,True,21,lbfgs,200,False,2032.953310835257,-1011.4766554176285
Harmonico_harm2,1996-04,True,42,lbfgs,200,False,2015.531492317483,-1000.7657461587415
SARIMAX_anom_E1_semexog,1996-05,True,20,lbfgs,200,False,1997.6804947528178,-995.8402473764089
SARIMAX_anom_E1_exog,1996-05,True,28,lbfgs,200,False,1951.7586418060994,-969.8793209030497
SARIMAX_z_E1_semexog,1996-05,True,13,lbfgs,200,False,518.8708085927694,-256.4354042963847
SARIMAX_z_E1_exog,1996-05,True,24,lbfgs,200,False,502.75660189288385,-245.37830094644193
SARIMAX_anom_E2_semexog,1996-05,True,28,lbfgs,200,False,1987.8299096466526,-989.9149548233263
SARIMAX_anom_E2_exog,1996-05,True,70,lbfgs,200,False,1942.4630354651808,-964.2315177325904
SARIMAX_z_E2_semexog,1996-05,True,18,lbfgs,200,False,521.0386299634167,-256.51931498170836
SARIMAX_z_E2_exog,1996-05,True,33,lbfgs,200,False,501.7436027589257,-243.87180137946285
SARIMAX_anom_E3_semexog,1996-05,True,26,lbfgs,200,False,1882.8353469174926,-937.4176734587463
SARIMAX_anom_E3_exog,1996-05,True,52,lbfgs,200,False,1835.6295266784855,-910.8147633392427
SARIMAX_z_E3_semexog,1996-05,True,15,lbfgs,200,False,492.48963030023293,-242.24481515011647
SARIMAX_z_E3_exog,1996-05,True,32,lbfgs,200,False,477.1981608149418,-231.5990804074709
SARIMAX_anom_E4_semexog,1996-05,True,25,lbfgs,200,False,1866.2901582139732,-929.1450791069866
SARIMAX_anom_E4_exog,1996-05,True,63,lbfgs,200,False,1825.2371503422694,-905.6185751711347
SARIMAX_z_E4_semexog,1996-05,True,14,lbfgs,200,False,488.31579105108585,-240.15789552554293
SARIMAX_z_E4_exog,1996-05,True,37,lbfgs,200,False,475.1639964073885,-230.58199820369424
Harmonico_harm1,1996-05,True,38,lbfgs,200,False,2043.5702536724375,-1016.7851268362188
Harmonico_harm2,1996-05,True,19,lbfgs,200,False,2026.5654463249307,-1006.2827231624653
SARIMAX_anom_E1_semexog,1996-06,True,20,lbfgs,200,False,2007.9607468736624,-1000.9803734368312
SARIMAX_anom_E1_exog,1996-06,True,43,lbfgs,200,False,1961.9006898149378,-974.9503449074689
SARIMAX_z_E1_semexog,1996-06,True,15,lbfgs,200,False,522.230820120154,-258.115410060077
SARIMAX_z_E1_exog,1996-06,True,29,lbfgs,200,False,506.010416321025,-247.0052081605125
SARIMAX_anom_E2_semexog,1996-06,True,31,lbfgs,200,False,1998.2647150701132,-995.1323575350566
SARIMAX_anom_E2_exog,1996-06,True,64,lbfgs,200,False,1952.6198040096183,-969.3099020048091
SARIMAX_z_E2_semexog,1996-06,True,17,lbfgs,200,False,522.5151283588821,-257.25756417944103
SARIMAX_z_E2_exog,1996-06,True,32,lbfgs,200,False,504.87839577467093,-245.43919788733547
SARIMAX_anom_E3_semexog,1996-06,True,21,lbfgs,200,False,1892.8234864652122,-942.4117432326061
SARIMAX_anom_E3_exog,1996-06,True,64,lbfgs,200,False,1845.7918223545319,-915.8959111772659
SARIMAX_z_E3_semexog,1996-06,True,12,lbfgs,200,False,495.5261001633994,-243.7630500816997
SARIMAX_z_E3_exog,1996-06,True,24,lbfgs,200,False,480.59193357890626,-233.29596678945313
SARIMAX_anom_E4_semexog,1996-06,True,25,lbfgs,200,False,1876.7210934738603,-934.3605467369301
SARIMAX_anom_E4_exog,1996-06,True,77,lbfgs,200,False,1835.429149378679,-910.7145746893395
SARIMAX_z_E4_semexog,1996-06,True,19,lbfgs,200,False,491.6948226463346,-241.8474113231673
SARIMAX_z_E4_exog,1996-06,True,26,lbfgs,200,False,478.6185509689881,-232.30927548449404
Harmonico_harm1,1996-06,True,47,lbfgs,200,False,2055.3865129187025,-1022.6932564593513
Harmonico_harm2,1996-06,True,55,lbfgs,200,False,2036.5805198037342,-1011.2902599018671
SARIMAX_anom_E1_semexog,1996-07,True,14,lbfgs,200,False,2017.9766476261264,-1005.9883238130632
SARIMAX_anom_E1_exog,1996-07,True,43,lbfgs,200,False,1971.961362319432,-979.980681159716
SARIMAX_z_E1_semexog,1996-07,True,16,lbfgs,200,False,525.2197129085132,-259.6098564542566
SARIMAX_z_E1_exog,1996-07,True,33,lbfgs,200,False,509.1508459956999,-248.57542299784996
SARIMAX_anom_E2_semexog,1996-07,True,31,lbfgs,200,False,2008.3899781745322,-1000.1949890872661
SARIMAX_anom_E2_exog,1996-07,True,52,lbfgs,200,False,1962.657597618179,-974.3287988090894
SARIMAX_z_E2_semexog,1996-07,True,16,lbfgs,200,False,525.302802238441,-258.6514011192205
SARIMAX_z_E2_exog,1996-07,True,30,lbfgs,200,False,507.85657878333,-246.928289391665
SARIMAX_anom_E3_semexog,1996-07,True,25,lbfgs,200,False,1902.722890537458,-947.361445268729
SARIMAX_anom_E3_exog,1996-07,True,61,lbfgs,200,False,1855.8685497583688,-920.9342748791844
SARIMAX_z_E3_semexog,1996-07,True,12,lbfgs,200,False,498.30712004050565,-245.15356002025283
SARIMAX_z_E3_exog,1996-07,True,25,lbfgs,200,False,483.8264051598728,-234.9132025799364
SARIMAX_anom_E4_semexog,1996-07,True,26,lbfgs,200,False,1886.8134400679814,-939.4067200339907
SARIMAX_anom_E4_exog,1996-07,True,65,lbfgs,200,False,1845.5309302432706,-915.7654651216353
SARIMAX_z_E4_semexog,1996-07,True,18,lbfgs,200,False,494.69017643612955,-243.34508821806477
SARIMAX_z_E4_exog,1996-07,True,25,lbfgs,200,False,481.7588254138403,-233.87941270692016
Harmonico_harm1,1996-07,True,54,lbfgs,200,False,2065.5386989434114,-1027.7693494717057
Harmonico_harm2,1996-07,True,47,lbfgs,200,False,2046.6623799382814,-1016.3311899691407
SARIMAX_anom_E1_semexog,1996-08,True,23,lbfgs,200,False,2028.0733851476316,-1011.0366925738158
SARIMAX_anom_E1_exog,1996-08,True,45,lbfgs,200,False,1982.2894449309283,-985.1447224654642
SARIMAX_z_E1_semexog,1996-08,True,16,lbfgs,200,False,528.3786295265322,-261.1893147632661
SARIMAX_z_E1_exog,1996-08,True,25,lbfgs,200,False,513.2369723612264,-250.61848618061322
SARIMAX_anom_E2_semexog,1996-08,True,29,lbfgs,200,False,2018.5756184241006,-1005.2878092120503
SARIMAX_anom_E2_exog,1996-08,True,79,lbfgs,200,False,1973.0650249361975,-979.5325124680987
SARIMAX_z_E2_semexog,1996-08,True,26,lbfgs,200,False,529.7927395501335,-260.8963697750668
SARIMAX_z_E2_exog,1996-08,True,30,lbfgs,200,False,511.7914586187524,-248.8957293093762
SARIMAX_anom_E3_semexog,1996-08,True,23,lbfgs,200,False,1912.6743565748025,-952.3371782874012
SARIMAX_anom_E3_exog,1996-08,True,51,lbfgs,200,False,1866.2495556305885,-926.1247778152942
SARIMAX_z_E3_semexog,1996-08,True,13,lbfgs,200,False,500.88138723407735,-246.44069361703868
SARIMAX_z_E3_exog,1996-08,True,27,lbfgs,200,False,487.6560142913576,-236.8280071456788
SARIMAX_anom_E4_semexog,1996-08,True,27,lbfgs,200,False,1897.0004852324419,-944.5002426162209
SARIMAX_anom_E4_exog,1996-08,True,71,lbfgs,200,False,1855.9246470197936,-920.9623235098968
SARIMAX_z_E4_semexog,1996-08,True,18,lbfgs,200,False,497.6874318573346,-244.8437159286673
SARIMAX_z_E4_exog,1996-08,True,26,lbfgs,200,False,485.3841719470725,-235.69208597353625
Harmonico_harm1,1996-08,True,46,lbfgs,200,False,2075.7578124275306,-1032.8789062137653
Harmonico_harm2,1996-08,True,30,lbfgs,200,False,2057.9815540314326,-1021.9907770157163
SARIMAX_anom_E1_semexog,1996-09,True,20,lbfgs,200,False,2038.5200243174338,-1016.2600121587169
SARIMAX_anom_E1_exog,1996-09,True,44,lbfgs,200,False,1993.303976073937,-990.6519880369685
SARIMAX_z_E1_semexog,1996-09,True,16,lbfgs,200,False,531.1303116968456,-262.5651558484228
SARIMAX_z_E1_exog,1996-09,True,16,lbfgs,200,False,516.5454316781043,-252.27271583905213
SARIMAX_anom_E2_semexog,1996-09,True,30,lbfgs,200,False,2029.1316959444316,-1010.5658479722158
SARIMAX_anom_E2_exog,1996-09,True,82,lbfgs,200,False,1983.91909590549,-984.959547952745
SARIMAX_z_E2_semexog,1996-09,True,17,lbfgs,200,False,532.1254993085942,-262.0627496542971
SARIMAX_z_E2_exog,1996-09,True,32,lbfgs,200,False,515.6531783446992,-250.82658917234957
SARIMAX_anom_E3_semexog,1996-09,True,23,lbfgs,200,False,1923.0530844088034,-957.5265422044017
SARIMAX_anom_E3_exog,1996-09,True,62,lbfgs,200,False,1877.5435953513324,-931.7717976756662
SARIMAX_z_E3_semexog,1996-09,True,12,lbfgs,200,False,503.6017272455395,-247.80086362276975
SARIMAX_z_E3_exog,1996-09,True,18,lbfgs,200,False,491.41572201705424,-238.70786100852712
SARIMAX_anom_E4_semexog,1996-09,True,24,lbfgs,200,False,1907.81237195447,-949.906185977235
SARIMAX_anom_E4_exog,1996-09,True,68,lbfgs,200,False,1867.272203947592,-926.636101973796
SARIMAX_z_E4_semexog,1996-09,True,19,lbfgs,200,False,500.6440196205195,-246.32200981025974
SARIMAX_z_E4_exog,1996-09,True,17,lbfgs,200,False,489.0221686586979,-237.51108432934896
Harmonico_harm1,1996-09,True,39,lbfgs,200,False,2086.125706939294,-1038.062853469647
Harmonico_harm2,1996-09,True,32,lbfgs,200,False,2069.496947191979,-1027.7484735959895
SARIMAX_anom_E1_semexog,1996-10,True,20,lbfgs,200,False,2048.775801989354,-1021.387900994677
SARIMAX_anom_E1_exog,1996-10,True,41,lbfgs,200,False,2003.1509079925981,-995.5754539962991
SARIMAX_z_E1_semexog,1996-10,True,17,lbfgs,200,False,534.1972767517319,-264.09863837586596
SARIMAX_z_E1_exog,1996-10,True,17,lbfgs,200,False,519.0167094843189,-253.50835474215944
SARIMAX_anom_E2_semexog,1996-10,True,30,lbfgs,200,False,2039.3084861097846,-1015.6542430548923
SARIMAX_anom_E2_exog,1996-10,True,63,lbfgs,200,False,1993.558086464757,-989.7790432323785
SARIMAX_z_E2_semexog,1996-10,True,10,lbfgs,200,False,535.7279604188359,-263.86398020941795
SARIMAX_z_E2_exog,1996-10,True,31,lbfgs,200,False,517.8365265436674,-251.91826327183372
SARIMAX_anom_E3_semexog,1996-10,True,24,lbfgs,200,False,1933.4371797793917,-962.7185898896959
SARIMAX_anom_E3_exog,1996-10,True,76,lbfgs,200,False,1887.3526597323157,-936.6763298661579
SARIMAX_z_E3_semexog,1996-10,True,13,lbfgs,200,False,506.8812920737751,-249.44064603688756
SARIMAX_z_E3_exog,1996-10,True,18,lbfgs,200,False,493.9815660097603,-239.99078300488014
SARIMAX_anom_E4_semexog,1996-10,True,22,lbfgs,200,False,1917.9443435724552,-954.9721717862276
SARIMAX_anom_E4_exog,1996-10,True,65,lbfgs,200,False,1877.075995218754,-931.537997609377
SARIMAX_z_E4_semexog,1996-10,True,19,lbfgs,200,False,503.7594525672524,-247.8797262836262
SARIMAX_z_E4_exog,1996-10,True,17,lbfgs,200,False,491.6128225914757,-238.80641129573786
Harmonico_harm1,1996-10,True,47,lbfgs,200,False,2097.106165479162,-1043.553082739581
Harmonico_harm2,1996-10,True,33,lbfgs,200,False,2079.483064048104,-1032.741532024052
SARIMAX_anom_E1_semexog,1996-11,True,19,lbfgs,200,False,2059.113874636797,-1026.5569373183985
SARIMAX_anom_E1_exog,1996-11,True,52,lbfgs,200,False,2013.26844257726,-1000.63422128863
SARIMAX_z_E1_semexog,1996-11,True,15,lbfgs,200,False,537.379092810795,-265.6895464053975
SARIMAX_z_E1_exog,1996-11,True,17,lbfgs,200,False,521.4101176544682,-254.70505882723407
SARIMAX_anom_E2_semexog,1996-11,True,32,lbfgs,200,False,2049.6513517788444,-1020.8256758894222
SARIMAX_anom_E2_exog,1996-11,True,68,lbfgs,200,False,2003.830791453066,-994.915395726533
SARIMAX_z_E2_semexog,1996-11,True,20,lbfgs,200,False,536.423556427584,-264.211778213792
SARIMAX_z_E2_exog,1996-11,True,30,lbfgs,200,False,519.8933071477163,-252.94665357385813
SARIMAX_anom_E3_semexog,1996-11,True,23,lbfgs,200,False,1944.021817718838,-968.010908859419
SARIMAX_anom_E3_exog,1996-11,True,79,lbfgs,200,False,1897.6435934673673,-941.8217967336836
SARIMAX_z_E3_semexog,1996-11,True,12,lbfgs,200,False,509.49991549458787,-250.74995774729393
SARIMAX_z_E3_exog,1996-11,True,22,lbfgs,200,False,496.43451449659926,-241.21725724829963
SARIMAX_anom_E4_semexog,1996-11,True,21,lbfgs,200,False,1928.551211075156,-960.275605537578
SARIMAX_anom_E4_exog,1996-11,True,65,lbfgs,200,False,1887.4489721141222,-936.7244860570611
SARIMAX_z_E4_semexog,1996-11,True,21,lbfgs,200,False,506.521865843791,-249.2609329218955
SARIMAX_z_E4_exog,1996-11,True,18,lbfgs,200,False,494.0176067924067,-240.00880339620335
Harmonico_harm1,1996-11,True,43,lbfgs,200,False,2107.3379991448583,-1048.6689995724291
Harmonico_harm2,1996-11,True,37,lbfgs,200,False,2089.390571299862,-1037.695285649931
SARIMAX_anom_E1_semexog,1996-12,True,19,lbfgs,200,False,2074.221635032337,-1034.1108175161685
SARIMAX_anom_E1_exog,1996-12,True,45,lbfgs,200,False,2028.8522729165966,-1008.4261364582983
SARIMAX_z_E1_semexog,1996-12,True,16,lbfgs,200,False,540.1372503892976,-267.0686251946488
SARIMAX_z_E1_exog,1996-12,True,21,lbfgs,200,False,524.9889287733545,-256.49446438667724
SARIMAX_anom_E2_semexog,1996-12,True,31,lbfgs,200,False,2064.722282792771,-1028.3611413963854
SARIMAX_anom_E2_exog,1996-12,True,74,lbfgs,200,False,2019.7445496758903,-1002.8722748379452
SARIMAX_z_E2_semexog,1996-12,True,23,lbfgs,200,False,539.9457104716743,-265.97285523583713
SARIMAX_z_E2_exog,1996-12,True,29,lbfgs,200,False,523.8301432495175,-254.91507162475872
SARIMAX_anom_E3_semexog,1996-12,True,22,lbfgs,200,False,1959.0815593814627,-975.5407796907314
SARIMAX_anom_E3_exog,1996-12,True,69,lbfgs,200,False,1913.45118720016,-949.72559360008
SARIMAX_z_E3_semexog,1996-12,True,14,lbfgs,200,False,513.0208970336346,-252.51044851681726
SARIMAX_z_E3_exog,1996-12,True,22,lbfgs,200,False,500.25848045738195,-243.12924022869097
SARIMAX_anom_E4_semexog,1996-12,True,13,lbfgs,200,False,1943.9973818531867,-967.9986909265933
SARIMAX_anom_E4_exog,1996-12,True,62,lbfgs,200,False,1903.200168222461,-944.6000841112304
SARIMAX_z_E4_semexog,1996-12,True,17,lbfgs,200,False,509.80780576081276,-250.90390288040638
SARIMAX_z_E4_exog,1996-12,True,20,lbfgs,200,False,497.8186902325874,-241.9093451162937
Harmonico_harm1,1996-12,True,22,lbfgs,200,False,2123.052775510007,-1056.5263877550035
Harmonico_harm2,1996-12,True,54,lbfgs,200,False,2105.2069614480642,-1045.6034807240321
SARIMAX_anom_E1_semexog,1997-01,True,20,lbfgs,200,False,2086.749332868815,-1040.3746664344076
SARIMAX_anom_E1_exog,1997-01,True,31,lbfgs,200,False,2040.4063258170981,-1014.2031629085491
SARIMAX_z_E1_semexog,1997-01,True,15,lbfgs,200,False,543.1823516323552,-268.5911758161776
SARIMAX_z_E1_exog,1997-01,True,24,lbfgs,200,False,527.9118476642681,-257.95592383213403
SARIMAX_anom_E2_semexog,1997-01,True,23,lbfgs,200,False,2076.824425159777,-1034.4122125798885
SARIMAX_anom_E2_exog,1997-01,True,72,lbfgs,200,False,2031.5783729150976,-1008.7891864575488
SARIMAX_z_E2_semexog,1997-01,True,21,lbfgs,200,False,543.1055524388574,-267.5527762194287
SARIMAX_z_E2_exog,1997-01,True,30,lbfgs,200,False,526.4989273634146,-256.2494636817073
SARIMAX_anom_E3_semexog,1997-01,True,26,lbfgs,200,False,1972.31641491156,-982.15820745578
SARIMAX_anom_E3_exog,1997-01,True,54,lbfgs,200,False,1925.5843093155568,-955.7921546577784
SARIMAX_z_E3_semexog,1997-01,True,14,lbfgs,200,False,516.3734463590124,-254.1867231795062
SARIMAX_z_E3_exog,1997-01,True,19,lbfgs,200,False,503.0493823986553,-244.52469119932766
SARIMAX_anom_E4_semexog,1997-01,True,15,lbfgs,200,False,1957.1741372704446,-974.5870686352223
SARIMAX_anom_E4_exog,1997-01,True,62,lbfgs,200,False,1915.4152250994548,-950.7076125497274
SARIMAX_z_E4_semexog,1997-01,True,19,lbfgs,200,False,512.9066686700555,-252.4533343350278
SARIMAX_z_E4_exog,1997-01,True,28,lbfgs,200,False,500.6594273400066,-243.3297136700033
Harmonico_harm1,1997-01,True,42,lbfgs,200,False,2133.8459970946933,-1061.9229985473467
Harmonico_harm2,1997-01,True,34,lbfgs,200,False,2116.967460183376,-1051.483730091688
SARIMAX_anom_E1_semexog,1997-02,True,21,lbfgs,200,False,2101.0920990532695,-1047.5460495266348
SARIMAX_anom_E1_exog,1997-02,True,38,lbfgs,200,False,2055.2451059893874,-1021.6225529946937
SARIMAX_z_E1_semexog,1997-02,True,15,lbfgs,200,False,546.4350971933281,-270.2175485966641
SARIMAX_z_E1_exog,1997-02,True,22,lbfgs,200,False,532.1721722864743,-260.08608614323714
SARIMAX_anom_E2_semexog,1997-02,True,23,lbfgs,200,False,2090.8688624191705,-1041.4344312095852
SARIMAX_anom_E2_exog,1997-02,True,62,lbfgs,200,False,2047.431030351905,-1016.7155151759525
SARIMAX_z_E2_semexog,1997-02,True,19,lbfgs,200,False,546.3677281076434,-269.1838640538217
SARIMAX_z_E2_exog,1997-02,True,30,lbfgs,200,False,531.1573409107575,-258.57867045537876
SARIMAX_anom_E3_semexog,1997-02,True,26,lbfgs,200,False,1986.6802171336396,-989.3401085668198
SARIMAX_anom_E3_exog,1997-02,True,72,lbfgs,200,False,1940.5212899698881,-963.2606449849441
SARIMAX_z_E3_semexog,1997-02,True,15,lbfgs,200,False,520.1388349819251,-256.06941749096256
SARIMAX_z_E3_exog,1997-02,True,24,lbfgs,200,False,507.1800540304588,-246.5900270152294
SARIMAX_anom_E4_semexog,1997-02,True,17,lbfgs,200,False,1971.7481789820565,-981.8740894910283
SARIMAX_anom_E4_exog,1997-02,True,60,lbfgs,200,False,1930.0778531022067,-958.0389265511034
SARIMAX_z_E4_semexog,1997-02,True,17,lbfgs,200,False,516.6345110001007,-254.31725550005032
SARIMAX_z_E4_exog,1997-02,True,30,lbfgs,200,False,504.8170566392182,-245.4085283196091
Harmonico_harm1,1997-02,True,25,lbfgs,200,False,2148.7367685043373,-1069.3683842521687
Harmonico_harm2,1997-02,True,28,lbfgs,200,False,2132.722512652116,-1059.361256326058
SARIMAX_anom_E1_semexog,1997-03,True,10,lbfgs,200,False,2114.9683475187894,-1054.4841737593947
SARIMAX_anom_E1_exog,1997-03,True,36,lbfgs,200,False,2067.974737133609,-1027.9873685668044
SARIMAX_z_E1_semexog,1997-03,True,16,lbfgs,200,False,549.4854683687815,-271.74273418439077
SARIMAX_z_E1_exog,1997-03,True,40,lbfgs,200,False,534.4159636169134,-261.2079818084567
SARIMAX_anom_E2_semexog,1997-03,True,29,lbfgs,200,False,2104.2204007380406,-1048.1102003690203
SARIMAX_anom_E2_exog,1997-03,True,55,lbfgs,200,False,2060.139964647541,-1023.0699823237705
SARIMAX_z_E2_semexog,1997-03,True,17,lbfgs,200,False,549.5034265327563,-270.75171326637815
SARIMAX_z_E2_exog,1997-03,True,32,lbfgs,200,False,533.6544024714372,-259.8272012357186
SARIMAX_anom_E3_semexog,1997-03,True,25,lbfgs,200,False,2002.5688605348762,-997.2844302674381
SARIMAX_anom_E3_exog,1997-03,True,67,lbfgs,200,False,1953.3810745439346,-969.6905372719673
SARIMAX_z_E3_semexog,1997-03,True,13,lbfgs,200,False,523.4188459669567,-257.70942298347836
SARIMAX_z_E3_exog,1997-03,True,53,lbfgs,200,False,509.3817517743597,-247.69087588717986
SARIMAX_anom_E4_semexog,1997-03,True,13,lbfgs,200,False,1986.2756484613442,-989.1378242306721
SARIMAX_anom_E4_exog,1997-03,True,53,lbfgs,200,False,1942.9458383013653,-964.4729191506826
SARIMAX_z_E4_semexog,1997-03,True,18,lbfgs,200,False,519.5656195521423,-255.78280977607113
SARIMAX_z_E4_exog,1997-03,True,53,lbfgs,200,False,507.1190163860078,-246.5595081930039
Harmonico_harm1,1997-03,True,36,lbfgs,200,False,2164.911395082793,-1077.4556975413966
Harmonico_harm2,1997-03,True,44,lbfgs,200,False,2147.1555453694255,-1066.5777726847127
SARIMAX_anom_E1_semexog,1997-04,True,10,lbfgs,200,False,2125.2948257414855,-1059.6474128707428
SARIMAX_anom_E1_exog,1997-04,True,30,lbfgs,200,False,2078.5714013468573,-1033.2857006734287
SARIMAX_z_E1_semexog,1997-04,True,13,lbfgs,200,False,552.1498790876865,-273.07493954384324
SARIMAX_z_E1_exog,1997-04,True,38,lbfgs,200,False,537.1834771197543,-262.5917385598772
SARIMAX_anom_E2_semexog,1997-04,True,26,lbfgs,200,False,2114.877444184841,-1053.4387220924204
SARIMAX_anom_E2_exog,1997-04,True,69,lbfgs,200,False,2070.746006827325,-1028.3730034136624
SARIMAX_z_E2_semexog,1997-04,True,17,lbfgs,200,False,552.2929745097774,-272.1464872548887
SARIMAX_z_E2_exog,1997-04,True,33,lbfgs,200,False,535.9714071795469,-260.98570358977344
SARIMAX_anom_E3_semexog,1997-04,True,29,lbfgs,200,False,2012.8738724763944,-1002.4369362381972
SARIMAX_anom_E3_exog,1997-04,True,65,lbfgs,200,False,1963.8422841008464,-974.9211420504232
SARIMAX_z_E3_semexog,1997-04,True,13,lbfgs,200,False,525.9203153224239,-258.96015766121195
SARIMAX_z_E3_exog,1997-04,True,35,lbfgs,200,False,511.744382447502,-248.872191223751
SARIMAX_anom_E4_semexog,1997-04,True,11,lbfgs,200,False,1996.6150555666504,-994.3075277833252
SARIMAX_anom_E4_exog,1997-04,True,65,lbfgs,200,False,1953.5813908135979,-969.7906954067989
SARIMAX_z_E4_semexog,1997-04,True,19,lbfgs,200,False,522.0906313985049,-257.04531569925246
SARIMAX_z_E4_exog,1997-04,True,33,lbfgs,200,False,509.48066719982677,-247.74033359991338
Harmonico_harm1,1997-04,True,15,lbfgs,200,False,2181.7899431779897,-1085.8949715889948
Harmonico_harm2,1997-04,True,44,lbfgs,200,False,2157.6110050735156,-1071.8055025367578
SARIMAX_anom_E1_semexog,1997-05,True,10,lbfgs,200,False,2135.2074763514647,-1064.6037381757324
SARIMAX_anom_E1_exog,1997-05,True,52,lbfgs,200,False,2088.4794533647237,-1038.2397266823618
SARIMAX_z_E1_semexog,1997-05,True,13,lbfgs,200,False,554.8323964589398,-274.4161982294699
SARIMAX_z_E1_exog,1997-05,True,25,lbfgs,200,False,539.4426026526926,-263.7213013263463
SARIMAX_anom_E2_semexog,1997-05,True,31,lbfgs,200,False,2124.7962399585895,-1058.3981199792947
SARIMAX_anom_E2_exog,1997-05,True,75,lbfgs,200,False,2080.6575311393735,-1033.3287655696868
SARIMAX_z_E2_semexog,1997-05,True,19,lbfgs,200,False,554.9572962918137,-273.47864814590685
SARIMAX_z_E2_exog,1997-05,True,33,lbfgs,200,False,538.4853699651603,-262.24268498258016
SARIMAX_anom_E3_semexog,1997-05,True,24,lbfgs,200,False,2022.8083558885946,-1007.4041779442973
SARIMAX_anom_E3_exog,1997-05,True,68,lbfgs,200,False,1973.7578220405912,-979.8789110202956
SARIMAX_z_E3_semexog,1997-05,True,14,lbfgs,200,False,528.4811033894251,-260.24055169471256
SARIMAX_z_E3_exog,1997-05,True,25,lbfgs,200,False,514.2453468587461,-250.12267342937304
SARIMAX_anom_E4_semexog,1997-05,True,11,lbfgs,200,False,2006.5073562924624,-999.2536781462312
SARIMAX_anom_E4_exog,1997-05,True,59,lbfgs,200,False,1963.4757676654658,-974.7378838327329
SARIMAX_z_E4_semexog,1997-05,True,18,lbfgs,200,False,524.6520302492052,-258.3260151246026
SARIMAX_z_E4_exog,1997-05,True,33,lbfgs,200,False,511.9463696286857,-248.97318481434286
Harmonico_harm1,1997-05,True,34,lbfgs,200,False,2186.7352211021553,-1088.3676105510776
Harmonico_harm2,1997-05,True,29,lbfgs,200,False,2168.3443021616176,-1077.1721510808088
SARIMAX_anom_E1_semexog,1997-06,True,11,lbfgs,200,False,2145.2091424452183,-1069.6045712226091
SARIMAX_anom_E1_exog,1997-06,True,34,lbfgs,200,False,2098.2957600384793,-1043.1478800192397
SARIMAX_z_E1_semexog,1997-06,True,13,lbfgs,200,False,557.7569930962078,-275.8784965481039
SARIMAX_z_E1_exog,1997-06,True,32,lbfgs,200,False,542.1175846445694,-265.0587923222847
SARIMAX_anom_E2_semexog,1997-06,True,32,lbfgs,200,False,2134.8060009349365,-1063.4030004674682
SARIMAX_anom_E2_exog,1997-06,True,60,lbfgs,200,False,2090.4802102844997,-1038.2401051422498
SARIMAX_z_E2_semexog,1997-06,True,18,lbfgs,200,False,557.8339182384025,-274.91695911920124
SARIMAX_z_E2_exog,1997-06,True,29,lbfgs,200,False,541.1239038766446,-263.5619519383223
SARIMAX_anom_E3_semexog,1997-06,True,25,lbfgs,200,False,2032.8317400147266,-1012.4158700073633
SARIMAX_anom_E3_exog,1997-06,True,59,lbfgs,200,False,1983.590332889879,-984.7951664449395
SARIMAX_z_E3_semexog,1997-06,True,12,lbfgs,200,False,531.3019224442099,-261.65096122210497
SARIMAX_z_E3_exog,1997-06,True,26,lbfgs,200,False,516.8686312552084,-251.43431562760418
SARIMAX_anom_E4_semexog,1997-06,True,10,lbfgs,200,False,2016.5318956853002,-1004.2659478426501
SARIMAX_anom_E4_exog,1997-06,True,65,lbfgs,200,False,1973.311311374533,-979.6556556872665
SARIMAX_z_E4_semexog,1997-06,True,19,lbfgs,200,False,527.4848417585899,-259.74242087929497
SARIMAX_z_E4_exog,1997-06,True,35,lbfgs,200,False,514.5717185035563,-250.28585925177816
Harmonico_harm1,1997-06,True,39,lbfgs,200,False,2197.1243061477435,-1093.5621530738717
Harmonico_harm2,1997-06,True,46,lbfgs,200,False,2178.024375712087,-1082.0121878560435
SARIMAX_anom_E1_semexog,1997-07,True,19,lbfgs,200,False,2155.1700204498966,-1074.5850102249483
SARIMAX_anom_E1_exog,1997-07,True,45,lbfgs,200,False,2108.1537439415906,-1048.0768719707953
SARIMAX_z_E1_semexog,1997-07,True,13,lbfgs,200,False,560.6206596191812,-277.3103298095906
SARIMAX_z_E1_exog,1997-07,True,30,lbfgs,200,False,544.6441494101417,-266.32207470507086
SARIMAX_anom_E2_semexog,1997-07,True,26,lbfgs,200,False,2144.788017151419,-1068.3940085757094
SARIMAX_anom_E2_exog,1997-07,True,67,lbfgs,200,False,2100.3422776361012,-1043.1711388180506
SARIMAX_z_E2_semexog,1997-07,True,17,lbfgs,200,False,560.5686936209414,-276.2843468104707
SARIMAX_z_E2_exog,1997-07,True,27,lbfgs,200,False,543.585775699128,-264.792887849564
SARIMAX_anom_E3_semexog,1997-07,True,23,lbfgs,200,False,2042.8180645106172,-1017.4090322553086
SARIMAX_anom_E3_exog,1997-07,True,56,lbfgs,200,False,1993.4499005467112,-989.7249502733556
SARIMAX_z_E3_semexog,1997-07,True,11,lbfgs,200,False,534.0320434360543,-263.01602171802716
SARIMAX_z_E3_exog,1997-07,True,28,lbfgs,200,False,519.3714283160647,-252.68571415803234
SARIMAX_anom_E4_semexog,1997-07,True,12,lbfgs,200,False,2026.5080003970536,-1009.2540001985268
SARIMAX_anom_E4_exog,1997-07,True,63,lbfgs,200,False,1983.1640492608649,-984.5820246304324
SARIMAX_z_E4_semexog,1997-07,True,18,lbfgs,200,False,530.2729883111456,-261.1364941555728
SARIMAX_z_E4_exog,1997-07,True,37,lbfgs,200,False,517.0411247872796,-251.5205623936398
Harmonico_harm1,1997-07,True,27,lbfgs,200,False,2207.5251953651173,-1098.7625976825586
Harmonico_harm2,1997-07,True,43,lbfgs,200,False,2188.0709386360736,-1087.0354693180368
SARIMAX_anom_E1_semexog,1997-08,True,12,lbfgs,200,False,2165.0849685113267,-1079.5424842556633
SARIMAX_anom_E1_exog,1997-08,True,46,lbfgs,200,False,2118.227376476082,-1053.113688238041
SARIMAX_z_E1_semexog,1997-08,True,12,lbfgs,200,False,563.4474737298556,-278.7237368649278
SARIMAX_z_E1_exog,1997-08,True,27,lbfgs,200,False,547.5230605273607,-267.76153026368036
SARIMAX_anom_E2_semexog,1997-08,True,32,lbfgs,200,False,2154.703139922656,-1073.351569961328
SARIMAX_anom_E2_exog,1997-08,True,66,lbfgs,200,False,2110.4180658492264,-1048.2090329246132
SARIMAX_z_E2_semexog,1997-08,True,17,lbfgs,200,False,563.2587717974916,-277.6293858987458
SARIMAX_z_E2_exog,1997-08,True,30,lbfgs,200,False,546.431575930417,-266.2157879652085
SARIMAX_anom_E3_semexog,1997-08,True,24,lbfgs,200,False,2052.7586782304124,-1022.3793391152062
SARIMAX_anom_E3_exog,1997-08,True,82,lbfgs,200,False,2003.472007586976,-994.736003793488
SARIMAX_z_E3_semexog,1997-08,True,12,lbfgs,200,False,536.7025543301697,-264.35127716508487
SARIMAX_z_E3_exog,1997-08,True,26,lbfgs,200,False,522.1972810093864,-254.0986405046932
SARIMAX_anom_E4_semexog,1997-08,True,12,lbfgs,200,False,2036.428133186043,-1014.2140665930215
SARIMAX_anom_E4_exog,1997-08,True,79,lbfgs,200,False,1993.176423342187,-989.5882116710935
SARIMAX_z_E4_semexog,1997-08,True,20,lbfgs,200,False,533.0026041476652,-262.5013020738326
SARIMAX_z_E4_exog,1997-08,True,37,lbfgs,200,False,519.8511578497119,-252.9255789248559
Harmonico_harm1,1997-08,True,30,lbfgs,200,False,2217.6394014639573,-1103.8197007319786
Harmonico_harm2,1997-08,True,46,lbfgs,200,False,2198.187596636568,-1092.093798318284
SARIMAX_anom_E1_semexog,1997-09,True,11,lbfgs,200,False,2175.7387106695787,-1084.8693553347894
SARIMAX_anom_E1_exog,1997-09,True,32,lbfgs,200,False,2128.0949869109872,-1058.0474934554936
SARIMAX_z_E1_semexog,1997-09,True,15,lbfgs,200,False,566.0706212640725,-280.03531063203627
SARIMAX_z_E1_exog,1997-09,True,27,lbfgs,200,False,548.785456968525,-268.3927284842625
SARIMAX_anom_E2_semexog,1997-09,True,27,lbfgs,200,False,2165.3768198647085,-1078.6884099323543
SARIMAX_anom_E2_exog,1997-09,True,42,lbfgs,200,False,2120.2904639789986,-1053.1452319894993
SARIMAX_z_E2_semexog,1997-09,True,32,lbfgs,200,False,565.718412821384,-278.859206410692
SARIMAX_z_E2_exog,1997-09,True,29,lbfgs,200,False,547.7057707610843,-266.85288538054215
SARIMAX_anom_E3_semexog,1997-09,True,23,lbfgs,200,False,2063.483269299108,-1027.741634649554
SARIMAX_anom_E3_exog,1997-09,True,49,lbfgs,200,False,2013.4697716601581,-999.7348858300791
SARIMAX_z_E3_semexog,1997-09,True,12,lbfgs,200,False,539.7757412842166,-265.8878706421083
SARIMAX_z_E3_exog,1997-09,True,23,lbfgs,200,False,523.8573453309381,-254.92867266546904
SARIMAX_anom_E4_semexog,1997-09,True,12,lbfgs,200,False,2047.244172336516,-1019.622086168258
SARIMAX_anom_E4_exog,1997-09,True,52,lbfgs,200,False,2003.1898848503515,-994.5949424251758
SARIMAX_z_E4_semexog,1997-09,True,18,lbfgs,200,False,535.9372221325875,-263.96861106629376
SARIMAX_z_E4_exog,1997-09,True,29,lbfgs,200,False,521.518839124584,-253.759419562292
Harmonico_harm1,1997-09,True,29,lbfgs,200,False,2228.2724638702352,-1109.1362319351176
Harmonico_harm2,1997-09,True,49,lbfgs,200,False,2209.7726721540316,-1097.8863360770158
SARIMAX_anom_E1_semexog,1997-10,True,12,lbfgs,200,False,2185.9807972841954,-1089.9903986420977
SARIMAX_anom_E1_exog,1997-10,True,28,lbfgs,200,False,2137.9457668584473,-1062.9728834292237
SARIMAX_z_E1_semexog,1997-10,True,16,lbfgs,200,False,568.655721033199,-281.3278605165995
SARIMAX_z_E1_exog,1997-10,True,25,lbfgs,200,False,550.9892070649983,-269.4946035324991
SARIMAX_anom_E2_semexog,1997-10,True,28,lbfgs,200,False,2175.685908716155,-1083.8429543580776
SARIMAX_anom_E2_exog,1997-10,True,53,lbfgs,200,False,2130.145710097737,-1058.0728550488684
SARIMAX_z_E2_semexog,1997-10,True,27,lbfgs,200,False,568.2784854820823,-280.13924274104113
SARIMAX_z_E2_exog,1997-10,True,32,lbfgs,200,False,549.8733282132355,-267.93666410661774
SARIMAX_anom_E3_semexog,1997-10,True,22,lbfgs,200,False,2073.7226234599734,-1032.8613117299867
SARIMAX_anom_E3_exog,1997-10,True,59,lbfgs,200,False,2023.3424309830773,-1004.6712154915386
SARIMAX_z_E3_semexog,1997-10,True,12,lbfgs,200,False,542.4325680556544,-267.2162840278272
SARIMAX_z_E3_exog,1997-10,True,19,lbfgs,200,False,526.0746738072235,-256.03733690361173
SARIMAX_anom_E4_semexog,1997-10,True,10,lbfgs,200,False,2057.4681831529388,-1024.7340915764694
SARIMAX_anom_E4_exog,1997-10,True,50,lbfgs,200,False,2013.0690018771047,-999.5345009385524
SARIMAX_z_E4_semexog,1997-10,True,19,lbfgs,200,False,538.6514992805396,-265.3257496402698
SARIMAX_z_E4_exog,1997-10,True,24,lbfgs,200,False,523.7068692799448,-254.85343463997245
Harmonico_harm1,1997-10,True,26,lbfgs,200,False,2238.372058906856,-1114.186029453428
Harmonico_harm2,1997-10,True,37,lbfgs,200,False,2220.189502303851,-1103.0947511519255
SARIMAX_anom_E1_semexog,1997-11,True,11,lbfgs,200,False,2197.0924964310143,-1095.5462482155071
SARIMAX_anom_E1_exog,1997-11,True,24,lbfgs,200,False,2148.1549215967825,-1068.0774607983913
SARIMAX_z_E1_semexog,1997-11,True,14,lbfgs,200,False,571.00185701933,-282.500928509665
SARIMAX_z_E1_exog,1997-11,True,37,lbfgs,200,False,552.5501754097813,-270.27508770489067
SARIMAX_anom_E2_semexog,1997-11,True,29,lbfgs,200,False,2186.8239211202435,-1089.4119605601218
SARIMAX_anom_E2_exog,1997-11,True,67,lbfgs,200,False,2140.3572460933283,-1063.1786230466641
SARIMAX_z_E2_semexog,1997-11,True,24,lbfgs,200,False,570.4260506542917,-281.21302532714583
SARIMAX_z_E2_exog,1997-11,True,21,lbfgs,200,False,552.7984433611825,-269.39922168059127
SARIMAX_anom_E3_semexog,1997-11,True,25,lbfgs,200,False,2084.694691360148,-1038.347345680074
SARIMAX_anom_E3_exog,1997-11,True,76,lbfgs,200,False,2033.4796878770624,-1009.7398439385312
SARIMAX_z_E3_semexog,1997-11,True,12,lbfgs,200,False,544.9688031769097,-268.48440158845483
SARIMAX_z_E3_exog,1997-11,True,26,lbfgs,200,False,528.5542344366286,-257.2771172183143
SARIMAX_anom_E4_semexog,1997-11,True,11,lbfgs,200,False,2068.4216100438653,-1030.2108050219326
SARIMAX_anom_E4_exog,1997-11,True,58,lbfgs,200,False,2023.202629893145,-1004.6013149465725
SARIMAX_z_E4_semexog,1997-11,True,18,lbfgs,200,False,541.0591943016669,-266.52959715083347
SARIMAX_z_E4_exog,1997-11,True,28,lbfgs,200,False,526.370261695484,-256.185130847742
Harmonico_harm1,1997-11,True,25,lbfgs,200,False,2250.103143076195,-1120.0515715380975
Harmonico_harm2,1997-11,True,46,lbfgs,200,False,2231.6156212037376,-1108.8078106018688
SARIMAX_anom_E1_semexog,1997-12,True,10,lbfgs,200,False,2207.3565427385397,-1100.6782713692699
SARIMAX_anom_E1_exog,1997-12,True,24,lbfgs,200,False,2158.000942100051,-1073.0004710500255
SARIMAX_z_E1_semexog,1997-12,True,14,lbfgs,200,False,573.5989405010224,-283.7994702505112
SARIMAX_z_E1_exog,1997-12,True,38,lbfgs,200,False,555.0856595617706,-271.5428297808853
SARIMAX_anom_E2_semexog,1997-12,True,24,lbfgs,200,False,2197.102288976428,-1094.551144488214
SARIMAX_anom_E2_exog,1997-12,True,58,lbfgs,200,False,2150.2068088041565,-1068.1034044020782
SARIMAX_z_E2_semexog,1997-12,True,19,lbfgs,200,False,573.0611014623574,-282.5305507311787
SARIMAX_z_E2_exog,1997-12,True,20,lbfgs,200,False,555.3277053622079,-270.66385268110395
SARIMAX_anom_E3_semexog,1997-12,True,32,lbfgs,200,False,2095.0405502046087,-1043.5202751023044
SARIMAX_anom_E3_exog,1997-12,True,53,lbfgs,200,False,2043.4529328985377,-1014.7264664492689
SARIMAX_z_E3_semexog,1997-12,True,12,lbfgs,200,False,547.6456717753906,-269.8228358876953
SARIMAX_z_E3_exog,1997-12,True,21,lbfgs,200,False,531.1878828873888,-258.5939414436944
SARIMAX_anom_E4_semexog,1997-12,True,12,lbfgs,200,False,2078.892937850152,-1035.446468925076
SARIMAX_anom_E4_exog,1997-12,True,57,lbfgs,200,False,2033.1958630694303,-1009.5979315347151
SARIMAX_z_E4_semexog,1997-12,True,17,lbfgs,200,False,543.6495321924684,-267.8247660962342
SARIMAX_z_E4_exog,1997-12,True,25,lbfgs,200,False,529.0185072374126,-257.5092536187063
Harmonico_harm1,1997-12,True,28,lbfgs,200,False,2261.3821994302393,-1125.6910997151197
Harmonico_harm2,1997-12,True,50,lbfgs,200,False,2242.055601459637,-1114.0278007298184
SARIMAX_anom_E1_semexog,1998-01,True,11,lbfgs,200,False,2219.5370422841197,-1106.7685211420599
SARIMAX_anom_E1_exog,1998-01,True,41,lbfgs,200,False,2171.4706290635004,-1079.7353145317502
SARIMAX_z_E1_semexog,1998-01,True,17,lbfgs,200,False,576.938289092024,-285.469144546012
SARIMAX_z_E1_exog,1998-01,True,20,lbfgs,200,False,559.0682622926083,-273.53413114630416
SARIMAX_anom_E2_semexog,1998-01,True,29,lbfgs,200,False,2209.362445140693,-1100.6812225703466
SARIMAX_anom_E2_exog,1998-01,True,67,lbfgs,200,False,2163.666477281172,-1074.833238640586
SARIMAX_z_E2_semexog,1998-01,True,25,lbfgs,200,False,576.303215170941,-284.1516075854705
SARIMAX_z_E2_exog,1998-01,True,32,lbfgs,200,False,558.0490343455434,-272.0245171727717
SARIMAX_anom_E3_semexog,1998-01,True,19,lbfgs,200,False,2107.2405608942945,-1049.6202804471473
SARIMAX_anom_E3_exog,1998-01,True,67,lbfgs,200,False,2057.3312832537295,-1021.6656416268646
SARIMAX_z_E3_semexog,1998-01,True,12,lbfgs,200,False,550.7070612133755,-271.35353060668774
SARIMAX_z_E3_exog,1998-01,True,21,lbfgs,200,False,534.3308429467551,-260.16542147337753
SARIMAX_anom_E4_semexog,1998-01,True,12,lbfgs,200,False,2091.5621067706907,-1041.7810533853453
SARIMAX_anom_E4_exog,1998-01,True,72,lbfgs,200,False,2047.2059841668759,-1016.6029920834379
SARIMAX_z_E4_semexog,1998-01,True,17,lbfgs,200,False,546.9158283818689,-269.45791419093445
SARIMAX_z_E4_exog,1998-01,True,22,lbfgs,200,False,531.9712743907137,-258.98563719535684
Harmonico_harm1,1998-01,True,23,lbfgs,200,False,2272.138530750516,-1131.069265375258
Harmonico_harm2,1998-01,True,51,lbfgs,200,False,2253.7619268710705,-1119.8809634355353
SARIMAX_anom_E1_semexog,1998-02,True,11,lbfgs,200,False,2237.0054756901527,-1115.5027378450764
SARIMAX_anom_E1_exog,1998-02,True,31,lbfgs,200,False,2186.6615936464154,-1087.3307968232077
SARIMAX_z_E1_semexog,1998-02,True,13,lbfgs,200,False,579.7197254223365,-286.85986271116826
SARIMAX_z_E1_exog,1998-02,True,48,lbfgs,200,False,561.0471413197082,-274.5235706598541
SARIMAX_anom_E2_semexog,1998-02,True,27,lbfgs,200,False,2226.0222278913097,-1109.0111139456549
SARIMAX_anom_E2_exog,1998-02,True,78,lbfgs,200,False,2178.82922322482,-1082.41461161241
SARIMAX_z_E2_semexog,1998-02,True,22,lbfgs,200,False,580.0868773111677,-286.0434386555838
SARIMAX_z_E2_exog,1998-02,True,30,lbfgs,200,False,560.2235626886394,-273.1117813443197
SARIMAX_anom_E3_semexog,1998-02,True,22,lbfgs,200,False,2124.356252094949,-1058.1781260474745
SARIMAX_anom_E3_exog,1998-02,True,57,lbfgs,200,False,2072.425980916911,-1029.2129904584556
SARIMAX_z_E3_semexog,1998-02,True,13,lbfgs,200,False,553.8084480020245,-272.90422400101227
SARIMAX_z_E3_exog,1998-02,True,48,lbfgs,200,False,535.7971796084091,-260.89858980420456
SARIMAX_anom_E4_semexog,1998-02,True,12,lbfgs,200,False,2109.3123967676593,-1050.6561983838296
SARIMAX_anom_E4_exog,1998-02,True,59,lbfgs,200,False,2062.2708504062766,-1024.1354252031383
SARIMAX_z_E4_semexog,1998-02,True,16,lbfgs,200,False,549.3798216475535,-270.68991082377676
SARIMAX_z_E4_exog,1998-02,True,41,lbfgs,200,False,533.2562024467186,-259.6281012233593
Harmonico_harm1,1998-02,True,34,lbfgs,200,False,2290.778577056789,-1140.3892885283944
Harmonico_harm2,1998-02,True,30,lbfgs,200,False,2273.6749206784816,-1129.8374603392408
SARIMAX_anom_E1_semexog,1998-03,True,10,lbfgs,200,False,2255.9001311226884,-1124.9500655613442
SARIMAX_anom_E1_exog,1998-03,True,40,lbfgs,200,False,2197.1822115762516,-1092.5911057881258
SARIMAX_z_E1_semexog,1998-03,True,14,lbfgs,200,False,582.200668471685,-288.1003342358425
SARIMAX_z_E1_exog,1998-03,True,33,lbfgs,200,False,563.1416172220066,-275.5708086110033
SARIMAX_anom_E2_semexog,1998-03,True,30,lbfgs,200,False,2237.0422497752297,-1114.5211248876149
SARIMAX_anom_E2_exog,1998-03,True,52,lbfgs,200,False,2189.3497717043997,-1087.6748858521998
SARIMAX_z_E2_semexog,1998-03,True,24,lbfgs,200,False,582.6923762783128,-287.3461881391564
SARIMAX_z_E2_exog,1998-03,True,29,lbfgs,200,False,562.3403481511652,-274.1701740755826
SARIMAX_anom_E3_semexog,1998-03,True,12,lbfgs,200,False,2140.1821643765443,-1066.0910821882721
SARIMAX_anom_E3_exog,1998-03,True,55,lbfgs,200,False,2083.026530547547,-1034.5132652737734
SARIMAX_z_E3_semexog,1998-03,True,14,lbfgs,200,False,556.4490968090976,-274.2245484045488
SARIMAX_z_E3_exog,1998-03,True,29,lbfgs,200,False,538.1547873014404,-262.0773936507202
SARIMAX_anom_E4_semexog,1998-03,True,19,lbfgs,200,False,2126.9360268232917,-1059.4680134116459
SARIMAX_anom_E4_exog,1998-03,True,49,lbfgs,200,False,2072.914369470906,-1029.457184735453
SARIMAX_z_E4_semexog,1998-03,True,16,lbfgs,200,False,552.0418706490714,-272.0209353245357
SARIMAX_z_E4_exog,1998-03,True,32,lbfgs,200,False,535.5981044421742,-260.7990522210871
Harmonico_harm1,1998-03,True,32,lbfgs,200,False,2301.0452563537065,-1145.5226281768532
Harmonico_harm2,1998-03,True,29,lbfgs,200,False,2283.9066642758,-1134.9533321379
SARIMAX_anom_E1_semexog,1998-04,True,20,lbfgs,200,False,2261.1350141954554,-1127.5675070977277
SARIMAX_anom_E1_exog,1998-04,True,35,lbfgs,200,False,2210.3794063023865,-1099.1897031511933
SARIMAX_z_E1_semexog,1998-04,True,13,lbfgs,200,False,584.5155410852775,-289.25777054263875
SARIMAX_z_E1_exog,1998-04,True,37,lbfgs,200,False,565.2433518875438,-276.6216759437719
SARIMAX_anom_E2_semexog,1998-04,True,30,lbfgs,200,False,2250.3847295493324,-1121.1923647746662
SARIMAX_anom_E2_exog,1998-04,True,58,lbfgs,200,False,2202.4897004509176,-1094.2448502254588
SARIMAX_z_E2_semexog,1998-04,True,17,lbfgs,200,False,584.7166705469535,-288.35833527347677
SARIMAX_z_E2_exog,1998-04,True,8,lbfgs,200,False,565.5088178340682,-275.7544089170341
SARIMAX_anom_E3_semexog,1998-04,True,25,lbfgs,200,False,2148.523632171324,-1070.261816085662
SARIMAX_anom_E3_exog,1998-04,True,71,lbfgs,200,False,2096.562366420426,-1041.281183210213
SARIMAX_z_E3_semexog,1998-04,True,16,lbfgs,200,False,559.1344839664476,-275.5672419832238
SARIMAX_z_E3_exog,1998-04,True,24,lbfgs,200,False,541.1825371289038,-263.5912685644519
SARIMAX_anom_E4_semexog,1998-04,True,11,lbfgs,200,False,2133.626401561479,-1062.8132007807394
SARIMAX_anom_E4_exog,1998-04,True,64,lbfgs,200,False,2086.281050984088,-1036.140525492044
SARIMAX_z_E4_semexog,1998-04,True,17,lbfgs,200,False,554.5202705429043,-273.26013527145216
SARIMAX_z_E4_exog,1998-04,True,24,lbfgs,200,False,538.8477083077615,-262.42385415388077
Harmonico_harm1,1998-04,True,55,lbfgs,200,False,2313.113319510079,-1151.5566597550394
Harmonico_harm2,1998-04,True,25,lbfgs,200,False,2296.3581814913177,-1141.1790907456589
SARIMAX_anom_E1_semexog,1998-05,True,17,lbfgs,200,False,2271.5610805286615,-1132.7805402643307
SARIMAX_anom_E1_exog,1998-05,True,35,lbfgs,200,False,2220.5296132990607,-1104.2648066495303
SARIMAX_z_E1_semexog,1998-05,True,13,lbfgs,200,False,587.713986674938,-290.856993337469
SARIMAX_z_E1_exog,1998-05,True,31,lbfgs,200,False,568.3310902767731,-278.16554513838656
SARIMAX_anom_E2_semexog,1998-05,True,28,lbfgs,200,False,2260.781287460967,-1126.3906437304836
SARIMAX_anom_E2_exog,1998-05,True,65,lbfgs,200,False,2212.656494950108,-1099.328247475054
SARIMAX_z_E2_semexog,1998-05,True,18,lbfgs,200,False,587.7089170366064,-289.8544585183032
SARIMAX_z_E2_exog,1998-05,True,32,lbfgs,200,False,567.5655354368854,-276.7827677184427
SARIMAX_anom_E3_semexog,1998-05,True,26,lbfgs,200,False,2158.982690384536,-1075.491345192268
SARIMAX_anom_E3_exog,1998-05,True,66,lbfgs,200,False,2106.7233400887762,-1046.3616700443881
SARIMAX_z_E3_semexog,1998-05,True,16,lbfgs,200,False,561.9877723011646,-276.9938861505823
SARIMAX_z_E3_exog,1998-05,True,25,lbfgs,200,False,544.390068498194,-265.195034249097
SARIMAX_anom_E4_semexog,1998-05,True,12,lbfgs,200,False,2144.056888375449,-1068.0284441877245
SARIMAX_anom_E4_exog,1998-05,True,60,lbfgs,200,False,2096.435990527951,-1041.2179952639756
SARIMAX_z_E4_semexog,1998-05,True,18,lbfgs,200,False,557.5722473710196,-274.7861236855098
SARIMAX_z_E4_exog,1998-05,True,41,lbfgs,200,False,540.815194372004,-263.407597186002
Harmonico_harm1,1998-05,True,28,lbfgs,200,False,2323.738663943293,-1156.8693319716465
Harmonico_harm2,1998-05,True,37,lbfgs,200,False,2306.5450871223857,-1146.2725435611928
SARIMAX_anom_E1_semexog,1998-06,True,18,lbfgs,200,False,2281.5372744205133,-1137.7686372102567
SARIMAX_anom_E1_exog,1998-06,True,54,lbfgs,200,False,2230.4328140576145,-1109.2164070288072
SARIMAX_z_E1_semexog,1998-06,True,13,lbfgs,200,False,590.4984068820943,-292.24920344104714
SARIMAX_z_E1_exog,1998-06,True,23,lbfgs,200,False,571.0618996093579,-279.5309498046789
SARIMAX_anom_E2_semexog,1998-06,True,30,lbfgs,200,False,2270.8680629138325,-1131.4340314569163
SARIMAX_anom_E2_exog,1998-06,True,54,lbfgs,200,False,2222.573501622476,-1104.286750811238
SARIMAX_z_E2_semexog,1998-06,True,16,lbfgs,200,False,590.5160000433057,-291.25800002165283
SARIMAX_z_E2_exog,1998-06,True,29,lbfgs,200,False,570.2970094302825,-278.14850471514126
SARIMAX_anom_E3_semexog,1998-06,True,25,lbfgs,200,False,2168.992659789398,-1080.496329894699
SARIMAX_anom_E3_exog,1998-06,True,68,lbfgs,200,False,2116.6326197833096,-1051.3163098916548
SARIMAX_z_E3_semexog,1998-06,True,16,lbfgs,200,False,564.8090005875001,-278.40450029375006
SARIMAX_z_E3_exog,1998-06,True,37,lbfgs,200,False,546.2133142052987,-266.10665710264936
SARIMAX_anom_E4_semexog,1998-06,True,12,lbfgs,200,False,2154.0516623867306,-1073.0258311933653
SARIMAX_anom_E4_exog,1998-06,True,62,lbfgs,200,False,2106.372443147633,-1046.1862215738165
SARIMAX_z_E4_semexog,1998-06,True,17,lbfgs,200,False,560.3924217029312,-276.1962108514656
SARIMAX_z_E4_exog,1998-06,True,31,lbfgs,200,False,543.5817384354683,-264.79086921773415
Harmonico_harm1,1998-06,True,35,lbfgs,200,False,2334.236628310852,-1162.118314155426
Harmonico_harm2,1998-06,True,36,lbfgs,200,False,2316.7403938154057,-1151.3701969077028
SARIMAX_anom_E1_semexog,1998-07,True,15,lbfgs,200,False,2291.480585639275,-1142.7402928196375
SARIMAX_anom_E1_exog,1998-07,True,54,lbfgs,200,False,2240.262516081678,-1114.131258040839
SARIMAX_z_E1_semexog,1998-07,True,13,lbfgs,200,False,593.2010588790557,-293.60052943952786
SARIMAX_z_E1_exog,1998-07,True,27,lbfgs,200,False,574.0283655752412,-281.0141827876206
SARIMAX_anom_E2_semexog,1998-07,True,29,lbfgs,200,False,2280.836622963626,-1136.418311481813
SARIMAX_anom_E2_exog,1998-07,True,71,lbfgs,200,False,2232.4073968472385,-1109.2036984236192
SARIMAX_z_E2_semexog,1998-07,True,16,lbfgs,200,False,593.4212959264801,-292.71064796324004
SARIMAX_z_E2_exog,1998-07,True,30,lbfgs,200,False,573.0687133420718,-279.5343566710359
SARIMAX_anom_E3_semexog,1998-07,True,25,lbfgs,200,False,2178.963367755975,-1085.4816838779875
SARIMAX_anom_E3_exog,1998-07,True,63,lbfgs,200,False,2126.4833098473446,-1056.2416549236723
SARIMAX_z_E3_semexog,1998-07,True,16,lbfgs,200,False,567.5366182772276,-279.7683091386138
SARIMAX_z_E3_exog,1998-07,True,21,lbfgs,200,False,548.8947900319228,-267.4473950159614
SARIMAX_anom_E4_semexog,1998-07,True,13,lbfgs,200,False,2164.007548986493,-1078.0037744932465
SARIMAX_anom_E4_exog,1998-07,True,53,lbfgs,200,False,2116.2243140489886,-1051.1121570244943
SARIMAX_z_E4_semexog,1998-07,True,17,lbfgs,200,False,563.0000573871175,-277.50002869355876
SARIMAX_z_E4_exog,1998-07,True,24,lbfgs,200,False,546.2248712078369,-266.11243560391847
Harmonico_harm1,1998-07,True,48,lbfgs,200,False,2343.8649831295443,-1166.9324915647721
Harmonico_harm2,1998-07,True,37,lbfgs,200,False,2327.140682351599,-1156.5703411757995
SARIMAX_anom_E1_semexog,1998-08,True,15,lbfgs,200,False,2301.4144372449837,-1147.7072186224918
SARIMAX_anom_E1_exog,1998-08,True,36,lbfgs,200,False,2250.1156149775516,-1119.0578074887758
SARIMAX_z_E1_semexog,1998-08,True,13,lbfgs,200,False,595.927601659798,-294.963800829899
SARIMAX_z_E1_exog,1998-08,True,16,lbfgs,200,False,576.8244287016132,-282.4122143508066
SARIMAX_anom_E2_semexog,1998-08,True,31,lbfgs,200,False,2290.7742653347077,-1141.3871326673539
SARIMAX_anom_E2_exog,1998-08,True,78,lbfgs,200,False,2242.26428568091,-1114.132142840455
SARIMAX_z_E2_semexog,1998-08,True,15,lbfgs,200,False,596.1259714037166,-294.0629857018583
SARIMAX_z_E2_exog,1998-08,True,29,lbfgs,200,False,576.1455533665746,-281.0727766832873
SARIMAX_anom_E3_semexog,1998-08,True,25,lbfgs,200,False,2188.9221718859744,-1090.4610859429872
SARIMAX_anom_E3_exog,1998-08,True,58,lbfgs,200,False,2136.3425683515707,-1061.1712841757853
SARIMAX_z_E3_semexog,1998-08,True,15,lbfgs,200,False,570.2261632442885,-281.11308162214425
SARIMAX_z_E3_exog,1998-08,True,26,lbfgs,200,False,551.8948295633763,-268.94741478168817
SARIMAX_anom_E4_semexog,1998-08,True,12,lbfgs,200,False,2173.9504579917275,-1082.9752289958637
SARIMAX_anom_E4_exog,1998-08,True,58,lbfgs,200,False,2126.086409087263,-1056.0432045436314
SARIMAX_z_E4_semexog,1998-08,True,19,lbfgs,200,False,565.6684267882395,-278.83421339411973
SARIMAX_z_E4_exog,1998-08,True,21,lbfgs,200,False,549.2048826708035,-267.60244133540175
Harmonico_harm1,1998-08,True,42,lbfgs,200,False,2353.9810853788413,-1171.9905426894206
Harmonico_harm2,1998-08,True,46,lbfgs,200,False,2336.8369024101835,-1161.4184512050917
SARIMAX_anom_E1_semexog,1998-09,True,15,lbfgs,200,False,2311.3869098718196,-1152.6934549359098
SARIMAX_anom_E1_exog,1998-09,True,46,lbfgs,200,False,2260.5790144849625,-1124.2895072424812
SARIMAX_z_E1_semexog,1998-09,True,13,lbfgs,200,False,598.6067748516025,-296.30338742580125
SARIMAX_z_E1_exog,1998-09,True,35,lbfgs,200,False,580.4465143342475,-284.22325716712373
SARIMAX_anom_E2_semexog,1998-09,True,30,lbfgs,200,False,2300.718604461489,-1146.3593022307446
SARIMAX_anom_E2_exog,1998-09,True,61,lbfgs,200,False,2252.7236663859294,-1119.3618331929647
SARIMAX_z_E2_semexog,1998-09,True,15,lbfgs,200,False,598.8576049203643,-295.42880246018217
SARIMAX_z_E2_exog,1998-09,True,17,lbfgs,200,False,580.7032695809662,-283.3516347904831
SARIMAX_anom_E3_semexog,1998-09,True,25,lbfgs,200,False,2198.933757094075,-1095.4668785470376
SARIMAX_anom_E3_exog,1998-09,True,61,lbfgs,200,False,2146.802369857858,-1066.401184928929
SARIMAX_z_E3_semexog,1998-09,True,13,lbfgs,200,False,572.8680393712896,-282.4340196856448
SARIMAX_z_E3_exog,1998-09,True,26,lbfgs,200,False,555.9912879996804,-270.9956439998402
SARIMAX_anom_E4_semexog,1998-09,True,12,lbfgs,200,False,2183.943366748858,-1087.971683374429
SARIMAX_anom_E4_exog,1998-09,True,54,lbfgs,200,False,2136.549993473861,-1061.2749967369305
SARIMAX_z_E4_semexog,1998-09,True,17,lbfgs,200,False,568.22015629507,-280.110078147535
SARIMAX_z_E4_exog,1998-09,True,21,lbfgs,200,False,553.6108867802627,-269.80544339013136
Harmonico_harm1,1998-09,True,47,lbfgs,200,False,2364.152764961828,-1177.076382480914
Harmonico_harm2,1998-09,True,35,lbfgs,200,False,2347.257861272923,-1166.6289306364615
SARIMAX_anom_E1_semexog,1998-10,True,17,lbfgs,200,False,2322.5673831312974,-1158.2836915656487
SARIMAX_anom_E1_exog,1998-10,True,49,lbfgs,200,False,2274.3368709807755,-1131.1684354903878
SARIMAX_z_E1_semexog,1998-10,True,14,lbfgs,200,False,600.9791861073074,-297.4895930536537
SARIMAX_z_E1_exog,1998-10,True,31,lbfgs,200,False,585.7046834556276,-286.8523417278138
SARIMAX_anom_E2_semexog,1998-10,True,30,lbfgs,200,False,2311.8687648582745,-1151.9343824291373
SARIMAX_anom_E2_exog,1998-10,True,67,lbfgs,200,False,2266.445086981522,-1126.222543490761
SARIMAX_z_E2_semexog,1998-10,True,15,lbfgs,200,False,601.4566840426129,-296.72834202130645
SARIMAX_z_E2_exog,1998-10,True,16,lbfgs,200,False,585.8860899052702,-285.9430449526351
SARIMAX_anom_E3_semexog,1998-10,True,25,lbfgs,200,False,2210.0331518078874,-1101.0165759039437
SARIMAX_anom_E3_exog,1998-10,True,65,lbfgs,200,False,2160.446071215544,-1073.223035607772
SARIMAX_z_E3_semexog,1998-10,True,14,lbfgs,200,False,575.2550742742035,-283.62753713710174
SARIMAX_z_E3_exog,1998-10,True,30,lbfgs,200,False,560.4574093923991,-273.22870469619954
SARIMAX_anom_E4_semexog,1998-10,True,18,lbfgs,200,False,2195.033647010365,-1093.5168235051824
SARIMAX_anom_E4_exog,1998-10,True,61,lbfgs,200,False,2150.1721440863776,-1068.0860720431888
SARIMAX_z_E4_semexog,1998-10,True,19,lbfgs,200,False,570.3392899255762,-281.1696449627881
SARIMAX_z_E4_exog,1998-10,True,25,lbfgs,200,False,557.4313311378431,-271.71566556892157
Harmonico_harm1,1998-10,True,15,lbfgs,200,False,2379.3307345250914,-1184.6653672625457
Harmonico_harm2,1998-10,True,34,lbfgs,200,False,2357.6303126479597,-1171.8151563239799
SARIMAX_anom_E1_semexog,1998-11,True,19,lbfgs,200,False,2332.6463066168667,-1163.3231533084333
SARIMAX_anom_E1_exog,1998-11,True,48,lbfgs,200,False,2286.022718002607,-1137.0113590013034
SARIMAX_z_E1_semexog,1998-11,True,13,lbfgs,200,False,603.4754812874456,-298.7377406437228
SARIMAX_z_E1_exog,1998-11,True,18,lbfgs,200,False,589.2685333505489,-288.63426667527443
SARIMAX_anom_E2_semexog,1998-11,True,31,lbfgs,200,False,2321.9864209153216,-1156.9932104576608
SARIMAX_anom_E2_exog,1998-11,True,64,lbfgs,200,False,2278.0854563896555,-1132.0427281948278
SARIMAX_z_E2_semexog,1998-11,True,13,lbfgs,200,False,604.0388078497326,-298.0194039248663
SARIMAX_z_E2_exog,1998-11,True,17,lbfgs,200,False,589.3807597316573,-287.6903798658287
SARIMAX_anom_E3_semexog,1998-11,True,23,lbfgs,200,False,2220.052445714624,-1106.026222857312
SARIMAX_anom_E3_exog,1998-11,True,70,lbfgs,200,False,2172.0439331796133,-1079.0219665898067
SARIMAX_z_E3_semexog,1998-11,True,12,lbfgs,200,False,577.643313679477,-284.8216568397385
SARIMAX_z_E3_exog,1998-11,True,22,lbfgs,200,False,563.7546211511986,-274.8773105755993
SARIMAX_anom_E4_semexog,1998-11,True,13,lbfgs,200,False,2205.041290778433,-1098.5206453892165
SARIMAX_anom_E4_exog,1998-11,True,56,lbfgs,200,False,2161.7580664483457,-1073.8790332241729
SARIMAX_z_E4_semexog,1998-11,True,18,lbfgs,200,False,572.6522655858156,-282.3261327929078
SARIMAX_z_E4_exog,1998-11,True,20,lbfgs,200,False,560.6476237993808,-273.3238118996904
Harmonico_harm1,1998-11,True,65,lbfgs,200,False,2385.299079434124,-1187.649539717062
Harmonico_harm2,1998-11,True,33,lbfgs,200,False,2367.620482035358,-1176.810241017679
SARIMAX_anom_E1_semexog,1998-12,True,17,lbfgs,200,False,2344.593984279498,-1169.296992139749
SARIMAX_anom_E1_exog,1998-12,True,35,lbfgs,200,False,2301.0564276941022,-1144.5282138470511
SARIMAX_z_E1_semexog,1998-12,True,13,lbfgs,200,False,605.7043370402514,-299.8521685201257
SARIMAX_z_E1_exog,1998-12,True,16,lbfgs,200,False,593.2780276181181,-290.63901380905907
SARIMAX_anom_E2_semexog,1998-12,True,30,lbfgs,200,False,2333.8408857296417,-1162.9204428648209
SARIMAX_anom_E2_exog,1998-12,True,67,lbfgs,200,False,2292.817626158682,-1139.408813079341
SARIMAX_z_E2_semexog,1998-12,True,14,lbfgs,200,False,606.3030765245879,-299.15153826229397
SARIMAX_z_E2_exog,1998-12,True,15,lbfgs,200,False,593.0866009978981,-289.54330049894907
SARIMAX_anom_E3_semexog,1998-12,True,23,lbfgs,200,False,2232.0259609795085,-1112.0129804897542
SARIMAX_anom_E3_exog,1998-12,True,60,lbfgs,200,False,2187.138018644234,-1086.569009322117
SARIMAX_z_E3_semexog,1998-12,True,16,lbfgs,200,False,580.184079647524,-286.092039823762
SARIMAX_z_E3_exog,1998-12,True,19,lbfgs,200,False,567.7318002302059,-276.86590011510293
SARIMAX_anom_E4_semexog,1998-12,True,12,lbfgs,200,False,2217.03470406766,-1104.51735203383
SARIMAX_anom_E4_exog,1998-12,True,59,lbfgs,200,False,2176.7283306241193,-1081.3641653120596
SARIMAX_z_E4_semexog,1998-12,True,19,lbfgs,200,False,574.9210331136583,-283.46051655682913
SARIMAX_z_E4_exog,1998-12,True,19,lbfgs,200,False,564.6855863555393,-275.34279317776964
Harmonico_harm1,1998-12,True,49,lbfgs,200,False,2398.6306697396635,-1194.3153348698318
Harmonico_harm2,1998-12,True,31,lbfgs,200,False,2378.7538522190357,-1182.3769261095179
SARIMAX_anom_E1_semexog,1999-01,True,15,lbfgs,200,False,2356.1457952361943,-1175.0728976180972
SARIMAX_anom_E1_exog,1999-01,True,42,lbfgs,200,False,2311.107326453447,-1149.5536632267235
SARIMAX_z_E1_semexog,1999-01,True,13,lbfgs,200,False,609.1395763057147,-301.56978815285737
SARIMAX_z_E1_exog,1999-01,True,16,lbfgs,200,False,595.8212064900554,-291.9106032450277
SARIMAX_anom_E2_semexog,1999-01,True,31,lbfgs,200,False,2345.2768335610363,-1168.6384167805181
SARIMAX_anom_E2_exog,1999-01,True,60,lbfgs,200,False,2302.9213394487424,-1144.4606697243712
SARIMAX_z_E2_semexog,1999-01,True,14,lbfgs,200,False,609.4504742913084,-300.7252371456542
SARIMAX_z_E2_exog,1999-01,True,16,lbfgs,200,False,595.659220203133,-290.8296101015665
SARIMAX_anom_E3_semexog,1999-01,True,27,lbfgs,200,False,2243.4904730095363,-1117.7452365047682
SARIMAX_anom_E3_exog,1999-01,True,59,lbfgs,200,False,2197.3682640114694,-1091.6841320057347
SARIMAX_z_E3_semexog,1999-01,True,14,lbfgs,200,False,583.2953090562914,-287.6476545281457
SARIMAX_z_E3_exog,1999-01,True,20,lbfgs,200,False,570.269211177881,-278.1346055889405
SARIMAX_anom_E4_semexog,1999-01,True,14,lbfgs,200,False,2228.7522545467154,-1110.3761272733577
SARIMAX_anom_E4_exog,1999-01,True,71,lbfgs,200,False,2186.9677397392534,-1086.4838698696267
SARIMAX_z_E4_semexog,1999-01,True,17,lbfgs,200,False,578.1768139292544,-285.0884069646272
SARIMAX_z_E4_exog,1999-01,True,19,lbfgs,200,False,567.2073834941076,-276.6036917470538
Harmonico_harm1,1999-01,True,52,lbfgs,200,False,2409.2757682042143,-1199.6378841021071
Harmonico_harm2,1999-01,True,37,lbfgs,200,False,2391.2860383769307,-1188.6430191884654
SARIMAX_anom_E1_semexog,1999-02,True,16,lbfgs,200,False,2366.127444798969,-1180.0637223994845
SARIMAX_anom_E1_exog,1999-02,True,38,lbfgs,200,False,2321.0382319297655,-1154.5191159648828
SARIMAX_z_E1_semexog,1999-02,True,12,lbfgs,200,False,611.9872440290915,-302.99362201454574
SARIMAX_z_E1_exog,1999-02,True,16,lbfgs,200,False,598.6540682945252,-293.3270341472626
SARIMAX_anom_E2_semexog,1999-02,True,31,lbfgs,200,False,2355.3708762385186,-1173.6854381192593
SARIMAX_anom_E2_exog,1999-02,True,60,lbfgs,200,False,2312.806070496349,-1149.4030352481745
SARIMAX_z_E2_semexog,1999-02,True,15,lbfgs,200,False,612.2003262268872,-302.1001631134436
SARIMAX_z_E2_exog,1999-02,True,15,lbfgs,200,False,598.4219225267373,-292.21096126336863
SARIMAX_anom_E3_semexog,1999-02,True,26,lbfgs,200,False,2253.56216907058,-1122.78108453529
SARIMAX_anom_E3_exog,1999-02,True,83,lbfgs,200,False,2207.2916120288814,-1096.6458060144407
SARIMAX_z_E3_semexog,1999-02,True,14,lbfgs,200,False,586.1226546384532,-289.0613273192266
SARIMAX_z_E3_exog,1999-02,True,22,lbfgs,200,False,572.9867721364396,-279.4933860682198
SARIMAX_anom_E4_semexog,1999-02,True,15,lbfgs,200,False,2238.78814141541,-1115.394070707705
SARIMAX_anom_E4_exog,1999-02,True,76,lbfgs,200,False,2196.8838955089236,-1091.4419477544618
SARIMAX_z_E4_semexog,1999-02,True,19,lbfgs,200,False,581.1280373001962,-286.5640186500981
SARIMAX_z_E4_exog,1999-02,True,20,lbfgs,200,False,569.9152082920332,-277.9576041460166
Harmonico_harm1,1999-02,True,52,lbfgs,200,False,2419.4984235371585,-1204.7492117685792
Harmonico_harm2,1999-02,True,33,lbfgs,200,False,2401.466285972901,-1193.7331429864505
SARIMAX_anom_E1_semexog,1999-03,True,23,lbfgs,200,False,2383.019179330664,-1188.509589665332
SARIMAX_anom_E1_exog,1999-03,True,38,lbfgs,200,False,2335.0582026206503,-1161.5291013103251
SARIMAX_z_E1_semexog,1999-03,True,15,lbfgs,200,False,615.3732363870254,-304.6866181935127
SARIMAX_z_E1_exog,1999-03,True,20,lbfgs,200,False,599.9431479052636,-293.9715739526318
SARIMAX_anom_E2_semexog,1999-03,True,34,lbfgs,200,False,2372.676162027703,-1182.3380810138515
SARIMAX_anom_E2_exog,1999-03,True,57,lbfgs,200,False,2326.7763628682515,-1156.3881814341257
SARIMAX_z_E2_semexog,1999-03,True,15,lbfgs,200,False,614.7196462851447,-303.35982314257234
SARIMAX_z_E2_exog,1999-03,True,16,lbfgs,200,False,599.6547064991962,-292.8273532495981
SARIMAX_anom_E3_semexog,1999-03,True,24,lbfgs,200,False,2270.3405771871035,-1131.1702885935517
SARIMAX_anom_E3_exog,1999-03,True,73,lbfgs,200,False,2221.018339792337,-1103.5091698961685
SARIMAX_z_E3_semexog,1999-03,True,10,lbfgs,200,False,589.2055441851869,-290.60277209259345
SARIMAX_z_E3_exog,1999-03,True,20,lbfgs,200,False,574.388220125288,-280.194110062644
SARIMAX_anom_E4_semexog,1999-03,True,21,lbfgs,200,False,2256.0517827615704,-1124.0258913807852
SARIMAX_anom_E4_exog,1999-03,True,57,lbfgs,200,False,2210.506711169847,-1098.2533555849236
SARIMAX_z_E4_semexog,1999-03,True,18,lbfgs,200,False,585.1719415175678,-288.5859707587839
SARIMAX_z_E4_exog,1999-03,True,19,lbfgs,200,False,571.4185877233494,-278.7092938616747
Harmonico_harm1,1999-03,True,28,lbfgs,200,False,2440.079630855198,-1215.039815427599
Harmonico_harm2,1999-03,True,48,lbfgs,200,False,2421.8688099600095,-1203.9344049800047
SARIMAX_anom_E1_semexog,1999-04,True,19,lbfgs,200,False,2393.103809242796,-1193.551904621398
SARIMAX_anom_E1_exog,1999-04,True,45,lbfgs,200,False,2345.280670010668,-1166.640335005334
SARIMAX_z_E1_semexog,1999-04,True,16,lbfgs,200,False,618.1124724566756,-306.0562362283378
SARIMAX_z_E1_exog,1999-04,True,26,lbfgs,200,False,602.9614853619173,-295.48074268095866
SARIMAX_anom_E2_semexog,1999-04,True,34,lbfgs,200,False,2382.6532980100465,-1187.3266490050232
SARIMAX_anom_E2_exog,1999-04,True,55,lbfgs,200,False,2337.002135058724,-1161.501067529362
SARIMAX_z_E2_semexog,1999-04,True,15,lbfgs,200,False,617.5676083983681,-304.78380419918403
SARIMAX_z_E2_exog,1999-04,True,14,lbfgs,200,False,602.6379622986491,-294.31898114932454
SARIMAX_anom_E3_semexog,1999-04,True,26,lbfgs,200,False,2280.426908814534,-1136.213454407267
SARIMAX_anom_E3_exog,1999-04,True,67,lbfgs,200,False,2231.253062905851,-1108.6265314529255
SARIMAX_z_E3_semexog,1999-04,True,13,lbfgs,200,False,591.9890930019473,-291.9945465009736
SARIMAX_z_E3_exog,1999-04,True,24,lbfgs,200,False,577.268027247161,-281.6340136235805
SARIMAX_anom_E4_semexog,1999-04,True,16,lbfgs,200,False,2266.140565499449,-1129.0702827497246
SARIMAX_anom_E4_exog,1999-04,True,66,lbfgs,200,False,2220.7438780325556,-1103.3719390162778
SARIMAX_z_E4_semexog,1999-04,True,19,lbfgs,200,False,587.8375359346137,-289.91876796730685
SARIMAX_z_E4_exog,1999-04,True,23,lbfgs,200,False,574.2711833477824,-280.1355916738912
Harmonico_harm1,1999-04,True,50,lbfgs,200,False,2450.1179481445224,-1220.0589740722612
Harmonico_harm2,1999-04,True,47,lbfgs,200,False,2431.9781539251126,-1208.9890769625563
SARIMAX_anom_E1_semexog,1999-05,True,16,lbfgs,200,False,2405.498703870193,-1199.7493519350965
SARIMAX_anom_E1_exog,1999-05,True,44,lbfgs,200,False,2356.323357729035,-1172.1616788645174
SARIMAX_z_E1_semexog,1999-05,True,14,lbfgs,200,False,621.0123673531062,-307.5061836765531
SARIMAX_z_E1_exog,1999-05,True,34,lbfgs,200,False,604.8819013112793,-296.44095065563965
SARIMAX_anom_E2_semexog,1999-05,True,22,lbfgs,200,False,2395.4732192298516,-1193.7366096149258
SARIMAX_anom_E2_exog,1999-05,True,57,lbfgs,200,False,2347.8461258398756,-1166.9230629199378
SARIMAX_z_E2_semexog,1999-05,True,10,lbfgs,200,False,619.705207072501,-305.8526035362505
SARIMAX_z_E2_exog,1999-05,True,14,lbfgs,200,False,604.1498061926213,-295.07490309631066
SARIMAX_anom_E3_semexog,1999-05,True,25,lbfgs,200,False,2292.8218318861927,-1142.4109159430964
SARIMAX_anom_E3_exog,1999-05,True,66,lbfgs,200,False,2242.320235098613,-1114.1601175493065
SARIMAX_z_E3_semexog,1999-05,True,13,lbfgs,200,False,594.8709704937921,-293.43548524689606
SARIMAX_z_E3_exog,1999-05,True,41,lbfgs,200,False,579.0076236641733,-282.5038118320866
SARIMAX_anom_E4_semexog,1999-05,True,24,lbfgs,200,False,2278.382761390223,-1135.1913806951115
SARIMAX_anom_E4_exog,1999-05,True,58,lbfgs,200,False,2231.6132768262614,-1108.8066384131307
SARIMAX_z_E4_semexog,1999-05,True,18,lbfgs,200,False,590.5734814079772,-291.2867407039886
SARIMAX_z_E4_exog,1999-05,True,35,lbfgs,200,False,575.9313066269679,-280.9656533134839
Harmonico_harm1,1999-05,True,24,lbfgs,200,False,2461.339496890231,-1225.6697484451156
Harmonico_harm2,1999-05,True,47,lbfgs,200,False,2443.299253730865,-1214.6496268654325
SARIMAX_anom_E1_semexog,1999-06,True,19,lbfgs,200,False,2415.5106886554113,-1204.7553443277056
SARIMAX_anom_E1_exog,1999-06,True,43,lbfgs,200,False,2366.264283401944,-1177.132141700972
SARIMAX_z_E1_semexog,1999-06,True,16,lbfgs,200,False,623.9816176174098,-308.9908088087049
SARIMAX_z_E1_exog,1999-06,True,24,lbfgs,200,False,608.0390861978688,-298.0195430989344
SARIMAX_anom_E2_semexog,1999-06,True,19,lbfgs,200,False,2405.4330134107163,-1198.7165067053581
SARIMAX_anom_E2_exog,1999-06,True,50,lbfgs,200,False,2357.77939535956,-1171.88969767978
SARIMAX_z_E2_semexog,1999-06,True,12,lbfgs,200,False,622.5858833468241,-307.29294167341203
SARIMAX_z_E2_exog,1999-06,True,14,lbfgs,200,False,607.2025718900901,-296.60128594504505
SARIMAX_anom_E3_semexog,1999-06,True,21,lbfgs,200,False,2302.82440416424,-1147.41220208212
SARIMAX_anom_E3_exog,1999-06,True,75,lbfgs,200,False,2252.2709434783856,-1119.1354717391928
SARIMAX_z_E3_semexog,1999-06,True,13,lbfgs,200,False,597.9283713792745,-294.96418568963725
SARIMAX_z_E3_exog,1999-06,True,27,lbfgs,200,False,582.1494722192531,-284.07473610962654
SARIMAX_anom_E4_semexog,1999-06,True,18,lbfgs,200,False,2288.4037386995396,-1140.2018693497698
SARIMAX_anom_E4_exog,1999-06,True,47,lbfgs,200,False,2241.550285941339,-1113.7751429706695
SARIMAX_z_E4_semexog,1999-06,True,17,lbfgs,200,False,593.5746863181948,-292.7873431590974
SARIMAX_z_E4_exog,1999-06,True,23,lbfgs,200,False,579.0873608564777,-282.5436804282389
Harmonico_harm1,1999-06,True,20,lbfgs,200,False,2471.856701333474,-1230.928350666737
Harmonico_harm2,1999-06,True,44,lbfgs,200,False,2453.3947859331265,-1219.6973929665633
SARIMAX_anom_E1_semexog,1999-07,True,19,lbfgs,200,False,2425.5359260658206,-1209.7679630329103
SARIMAX_anom_E1_exog,1999-07,True,42,lbfgs,200,False,2376.5377821201923,-1182.2688910600962
SARIMAX_z_E1_semexog,1999-07,True,15,lbfgs,200,False,627.0365946354948,-310.5182973177474
SARIMAX_z_E1_exog,1999-07,True,23,lbfgs,200,False,611.5608623699659,-299.78043118498294
SARIMAX_anom_E2_semexog,1999-07,True,18,lbfgs,200,False,2415.5015147185104,-1203.7507573592552
SARIMAX_anom_E2_exog,1999-07,True,65,lbfgs,200,False,2368.095029001598,-1177.047514500799
SARIMAX_z_E2_semexog,1999-07,True,12,lbfgs,200,False,625.8827161838319,-308.94135809191596
SARIMAX_z_E2_exog,1999-07,True,16,lbfgs,200,False,611.0606877814474,-298.5303438907237
SARIMAX_anom_E3_semexog,1999-07,True,23,lbfgs,200,False,2312.826831229144,-1152.413415614572
SARIMAX_anom_E3_exog,1999-07,True,60,lbfgs,200,False,2262.502374298804,-1124.251187149402
SARIMAX_z_E3_semexog,1999-07,True,13,lbfgs,200,False,600.7608379178018,-296.3804189589009
SARIMAX_z_E3_exog,1999-07,True,28,lbfgs,200,False,585.5259588488547,-285.76297942442733
SARIMAX_anom_E4_semexog,1999-07,True,17,lbfgs,200,False,2298.436485519647,-1145.2182427598234
SARIMAX_anom_E4_exog,1999-07,True,75,lbfgs,200,False,2251.8029967890707,-1118.9014983945353
SARIMAX_z_E4_semexog,1999-07,True,18,lbfgs,200,False,596.5533906996437,-294.27669534982186
SARIMAX_z_E4_exog,1999-07,True,23,lbfgs,200,False,582.4299635242627,-284.21498176213134
Harmonico_harm1,1999-07,True,24,lbfgs,200,False,2482.027565716161,-1236.0137828580805
Harmonico_harm2,1999-07,True,47,lbfgs,200,False,2463.49804924183,-1224.749024620915
SARIMAX_anom_E1_semexog,1999-08,True,20,lbfgs,200,False,2435.5832557321746,-1214.7916278660873
SARIMAX_anom_E1_exog,1999-08,True,49,lbfgs,200,False,2386.862780800429,-1187.4313904002145
SARIMAX_z_E1_semexog,1999-08,True,15,lbfgs,200,False,630.0258458385177,-312.01292291925887
SARIMAX_z_E1_exog,1999-08,True,31,lbfgs,200,False,615.3433172727334,-301.6716586363667
SARIMAX_anom_E2_semexog,1999-08,True,19,lbfgs,200,False,2425.5041658529935,-1208.7520829264968
SARIMAX_anom_E2_exog,1999-08,True,73,lbfgs,200,False,2378.3808065033663,-1182.1904032516832
SARIMAX_z_E2_semexog,1999-08,True,11,lbfgs,200,False,628.3351426271545,-310.16757131357724
SARIMAX_z_E2_exog,1999-08,True,11,lbfgs,200,False,614.5930425251229,-300.29652126256144
SARIMAX_anom_E3_semexog,1999-08,True,21,lbfgs,200,False,2322.8452735704004,-1157.4226367852002
SARIMAX_anom_E3_exog,1999-08,True,57,lbfgs,200,False,2272.7818286469887,-1129.3909143234944
SARIMAX_z_E3_semexog,1999-08,True,13,lbfgs,200,False,603.2876333749546,-297.6438166874773
SARIMAX_z_E3_exog,1999-08,True,38,lbfgs,200,False,588.9844021827929,-287.49220109139645
SARIMAX_anom_E4_semexog,1999-08,True,18,lbfgs,200,False,2308.4884253677983,-1150.2442126838991
SARIMAX_anom_E4_exog,1999-08,True,60,lbfgs,200,False,2262.069780154105,-1124.0348900770525
SARIMAX_z_E4_semexog,1999-08,True,20,lbfgs,200,False,599.3902542106498,-295.6951271053249
SARIMAX_z_E4_exog,1999-08,True,37,lbfgs,200,False,585.8430752017423,-285.92153760087115
Harmonico_harm1,1999-08,True,21,lbfgs,200,False,2492.217813473407,-1241.1089067367036
Harmonico_harm2,1999-08,False,49,lbfgs,200,True,2473.62583233836,-1229.81291616918
SARIMAX_anom_E1_semexog,1999-09,True,20,lbfgs,200,False,2445.5309380863832,-1219.7654690431916
SARIMAX_anom_E1_exog,1999-09,True,52,lbfgs,200,False,2396.97099232235,-1192.485496161175
SARIMAX_z_E1_semexog,1999-09,True,15,lbfgs,200,False,632.8828782429293,-313.44143912146467
SARIMAX_z_E1_exog,1999-09,True,25,lbfgs,200,False,618.3504802173655,-303.1752401086828
SARIMAX_anom_E2_semexog,1999-09,True,16,lbfgs,200,False,2435.4403597381024,-1213.7201798690512
SARIMAX_anom_E2_exog,1999-09,True,81,lbfgs,200,False,2388.440347260618,-1187.220173630309
SARIMAX_z_E2_semexog,1999-09,True,12,lbfgs,200,False,631.2345392553284,-311.6172696276642
SARIMAX_z_E2_exog,1999-09,True,13,lbfgs,200,False,617.5642318256527,-301.7821159128263
SARIMAX_anom_E3_semexog,1999-09,True,21,lbfgs,200,False,2332.817909170435,-1162.4089545852175
SARIMAX_anom_E3_exog,1999-09,True,65,lbfgs,200,False,2282.853463631989,-1134.4267318159946
SARIMAX_z_E3_semexog,1999-09,True,12,lbfgs,200,False,605.9591122998501,-298.97955614992503
SARIMAX_z_E3_exog,1999-09,True,32,lbfgs,200,False,591.733940282782,-288.866970141391
SARIMAX_anom_E4_semexog,1999-09,True,23,lbfgs,200,False,2318.4458547303016,-1155.2229273651508
SARIMAX_anom_E4_exog,1999-09,True,66,lbfgs,200,False,2272.146528803375,-1129.0732644016875
SARIMAX_z_E4_semexog,1999-09,True,19,lbfgs,200,False,602.0649734743445,-297.03248673717223
SARIMAX_z_E4_exog,1999-09,True,27,lbfgs,200,False,588.5397474953248,-287.2698737476624
Harmonico_harm1,1999-09,True,21,lbfgs,200,False,2502.3009062045776,-1246.1504531022888
Harmonico_harm2,1999-09,True,45,lbfgs,200,False,2483.871877530588,-1234.935938765294
SARIMAX_anom_E1_semexog,1999-10,True,19,lbfgs,200,False,2455.699435167314,-1224.849717583657
SARIMAX_anom_E1_exog,1999-10,True,36,lbfgs,200,False,2407.6936773110183,-1197.8468386555091
SARIMAX_z_E1_semexog,1999-10,True,17,lbfgs,200,False,635.6125970764747,-314.80629853823734
SARIMAX_z_E1_exog,1999-10,True,22,lbfgs,200,False,621.6850362055698,-304.8425181027849
SARIMAX_anom_E2_semexog,1999-10,True,16,lbfgs,200,False,2445.5333479222318,-1218.7666739611159
SARIMAX_anom_E2_exog,1999-10,True,74,lbfgs,200,False,2399.0799098135603,-1192.5399549067802
SARIMAX_z_E2_semexog,1999-10,True,13,lbfgs,200,False,633.8608171264989,-312.93040856324944
SARIMAX_z_E2_exog,1999-10,True,16,lbfgs,200,False,620.6797721326459,-303.33988606632295
SARIMAX_anom_E3_semexog,1999-10,True,20,lbfgs,200,False,2342.9289613067695,-1167.4644806533847
SARIMAX_anom_E3_exog,1999-10,True,76,lbfgs,200,False,2293.4346356710575,-1139.7173178355288
SARIMAX_z_E3_semexog,1999-10,True,12,lbfgs,200,False,608.5378926851015,-300.26894634255075
SARIMAX_z_E3_exog,1999-10,True,28,lbfgs,200,False,594.6347781041121,-290.31738905205606
SARIMAX_anom_E4_semexog,1999-10,True,26,lbfgs,200,False,2328.5945887412468,-1160.2972943706234
SARIMAX_anom_E4_exog,1999-10,True,59,lbfgs,200,False,2282.747434161587,-1134.3737170807935
SARIMAX_z_E4_semexog,1999-10,True,19,lbfgs,200,False,604.596419926718,-298.298209963359
SARIMAX_z_E4_exog,1999-10,True,23,lbfgs,200,False,591.3654272808012,-288.6827136404006
Harmonico_harm1,1999-10,False,25,lbfgs,200,True,2512.403911980372,-1251.201955990186
Harmonico_harm2,1999-10,True,46,lbfgs,200,False,2493.9850799430687,-1239.9925399715344
SARIMAX_anom_E1_semexog,1999-11,True,19,lbfgs,200,False,2466.0135356707788,-1230.0067678353894
SARIMAX_anom_E1_exog,1999-11,True,39,lbfgs,200,False,2418.8048286948397,-1203.4024143474198
SARIMAX_z_E1_semexog,1999-11,True,16,lbfgs,200,False,638.3093416760239,-316.15467083801195
SARIMAX_z_E1_exog,1999-11,True,21,lbfgs,200,False,624.963940990039,-306.4819704950195
SARIMAX_anom_E2_semexog,1999-11,True,18,lbfgs,200,False,2455.848064637748,-1223.924032318874
SARIMAX_anom_E2_exog,1999-11,True,59,lbfgs,200,False,2410.1088500668147,-1198.0544250334074
SARIMAX_z_E2_semexog,1999-11,True,12,lbfgs,200,False,636.7329437226988,-314.3664718613494
SARIMAX_z_E2_exog,1999-11,True,14,lbfgs,200,False,624.0243433076046,-305.0121716538023
SARIMAX_anom_E3_semexog,1999-11,True,23,lbfgs,200,False,2353.17602097114,-1172.58801048557
SARIMAX_anom_E3_exog,1999-11,True,63,lbfgs,200,False,2304.3608643165235,-1145.1804321582617
SARIMAX_z_E3_semexog,1999-11,True,13,lbfgs,200,False,611.096193420221,-301.5480967101105
SARIMAX_z_E3_exog,1999-11,True,23,lbfgs,200,False,597.5926125418642,-291.7963062709321
SARIMAX_anom_E4_semexog,1999-11,True,24,lbfgs,200,False,2338.861475854349,-1165.4307379271745
SARIMAX_anom_E4_exog,1999-11,True,60,lbfgs,200,False,2293.6958460195624,-1139.8479230097812
SARIMAX_z_E4_semexog,1999-11,True,19,lbfgs,200,False,607.1569502462859,-299.57847512314294
SARIMAX_z_E4_exog,1999-11,True,22,lbfgs,200,False,594.2949249473505,-290.14746247367526
Harmonico_harm1,1999-11,True,24,lbfgs,200,False,2523.0353332321256,-1256.5176666160628
Harmonico_harm2,1999-11,True,50,lbfgs,200,False,2504.4364089585206,-1245.2182044792603
SARIMAX_anom_E1_semexog,1999-12,True,19,lbfgs,200,False,2476.304976482803,-1235.1524882414014
SARIMAX_anom_E1_exog,1999-12,True,37,lbfgs,200,False,2428.68576158598,-1208.34288079299
SARIMAX_z_E1_semexog,1999-12,True,17,lbfgs,200,False,641.2357636977883,-317.61788184889417
SARIMAX_z_E1_exog,1999-12,True,21,lbfgs,200,False,627.6384478108073,-307.81922390540365
SARIMAX_anom_E2_semexog,1999-12,True,20,lbfgs,200,False,2466.1801938427734,-1229.0900969213867
SARIMAX_anom_E2_exog,1999-12,True,61,lbfgs,200,False,2420.016976333146,-1203.008488166573
SARIMAX_z_E2_semexog,1999-12,True,13,lbfgs,200,False,639.696525117371,-315.8482625586855
SARIMAX_z_E2_exog,1999-12,True,14,lbfgs,200,False,626.6966758574199,-306.34833792870995
SARIMAX_anom_E3_semexog,1999-12,True,23,lbfgs,200,False,2363.4909537483204,-1177.7454768741602
SARIMAX_anom_E3_exog,1999-12,True,82,lbfgs,200,False,2314.2525448169345,-1150.1262724084672
SARIMAX_z_E3_semexog,1999-12,True,13,lbfgs,200,False,614.141673983163,-303.0708369915815
SARIMAX_z_E3_exog,1999-12,True,24,lbfgs,200,False,600.3527902030005,-293.17639510150025
SARIMAX_anom_E4_semexog,1999-12,True,16,lbfgs,200,False,2349.15135309009,-1170.575676545045
SARIMAX_anom_E4_exog,1999-12,True,52,lbfgs,200,False,2303.583402941624,-1144.791701470812
SARIMAX_z_E4_semexog,1999-12,True,19,lbfgs,200,False,610.2174885485224,-301.1087442742612
SARIMAX_z_E4_exog,1999-12,True,23,lbfgs,200,False,597.1072603136256,-291.5536301568128
Harmonico_harm1,1999-12,True,23,lbfgs,200,False,2533.184479356836,-1261.592239678418
Harmonico_harm2,1999-12,False,53,lbfgs,200,True,2514.7740434390735,-1250.3870217195367
SARIMAX_anom_E1_semexog,2000-01,True,19,lbfgs,200,False,2488.2258457155285,-1241.1129228577643
SARIMAX_anom_E1_exog,2000-01,True,41,lbfgs,200,False,2439.7444183493535,-1213.8722091746768
SARIMAX_z_E1_semexog,2000-01,True,16,lbfgs,200,False,644.2809056929191,-319.14045284645954
SARIMAX_z_E1_exog,2000-01,True,21,lbfgs,200,False,630.0538781442058,-309.0269390721029
SARIMAX_anom_E2_semexog,2000-01,True,18,lbfgs,200,False,2478.3823305276046,-1235.1911652638023
SARIMAX_anom_E2_exog,2000-01,True,55,lbfgs,200,False,2431.197568382391,-1208.5987841911956
SARIMAX_z_E2_semexog,2000-01,True,12,lbfgs,200,False,642.7177794930924,-317.3588897465462
SARIMAX_z_E2_exog,2000-01,True,16,lbfgs,200,False,629.1900460904944,-307.5950230452472
SARIMAX_anom_E3_semexog,2000-01,True,25,lbfgs,200,False,2375.4381205944273,-1183.7190602972137
SARIMAX_anom_E3_exog,2000-01,True,62,lbfgs,200,False,2325.561774094408,-1155.780887047204
SARIMAX_z_E3_semexog,2000-01,True,13,lbfgs,200,False,616.9833989256897,-304.49169946284485
SARIMAX_z_E3_exog,2000-01,True,24,lbfgs,200,False,602.8200495383533,-294.41002476917663
SARIMAX_anom_E4_semexog,2000-01,True,28,lbfgs,200,False,2361.236333825129,-1176.6181669125644
SARIMAX_anom_E4_exog,2000-01,True,83,lbfgs,200,False,2314.9152533742563,-1150.4576266871281
SARIMAX_z_E4_semexog,2000-01,True,19,lbfgs,200,False,613.169799692824,-302.584899846412
SARIMAX_z_E4_exog,2000-01,True,22,lbfgs,200,False,599.5730836366312,-292.7865418183156
Harmonico_harm1,2000-01,True,20,lbfgs,200,False,2544.433381831069,-1267.2166909155344
Harmonico_harm2,2000-01,True,45,lbfgs,200,False,2526.838619806578,-1256.419309903289
SARIMAX_anom_E1_semexog,2000-02,True,17,lbfgs,200,False,2499.686949418646,-1246.843474709323
SARIMAX_anom_E1_exog,2000-02,True,46,lbfgs,200,False,2450.3312958298757,-1219.1656479149378
SARIMAX_z_E1_semexog,2000-02,True,14,lbfgs,200,False,646.9782363142708,-320.4891181571354
SARIMAX_z_E1_exog,2000-02,True,21,lbfgs,200,False,631.8995021579979,-309.94975107899893
SARIMAX_anom_E2_semexog,2000-02,True,20,lbfgs,200,False,2489.763900245505,-1240.8819501227524
SARIMAX_anom_E2_exog,2000-02,True,60,lbfgs,200,False,2441.756254770371,-1213.8781273851855
SARIMAX_z_E2_semexog,2000-02,True,13,lbfgs,200,False,645.0014216557553,-318.50071082787764
SARIMAX_z_E2_exog,2000-02,True,15,lbfgs,200,False,630.9879960269251,-308.49399801346254
SARIMAX_anom_E3_semexog,2000-02,True,23,lbfgs,200,False,2386.8880700304853,-1189.4440350152427
SARIMAX_anom_E3_exog,2000-02,True,71,lbfgs,200,False,2336.2441260898963,-1161.1220630449482
SARIMAX_z_E3_semexog,2000-02,True,12,lbfgs,200,False,619.4642367076535,-305.73211835382676
SARIMAX_z_E3_exog,2000-02,True,25,lbfgs,200,False,604.7854500916133,-295.3927250458066
SARIMAX_anom_E4_semexog,2000-02,True,28,lbfgs,200,False,2372.5045771056134,-1182.2522885528067
SARIMAX_anom_E4_exog,2000-02,True,71,lbfgs,200,False,2325.5820565516397,-1155.7910282758198
SARIMAX_z_E4_semexog,2000-02,True,19,lbfgs,200,False,615.6957665682364,-303.8478832841182
SARIMAX_z_E4_exog,2000-02,True,22,lbfgs,200,False,601.5147349421926,-293.7573674710963
Harmonico_harm1,2000-02,True,20,lbfgs,200,False,2555.255675757661,-1272.6278378788304
Harmonico_harm2,2000-02,True,46,lbfgs,200,False,2537.3890244656905,-1261.6945122328452
SARIMAX_anom_E1_semexog,2000-03,True,21,lbfgs,200,False,2510.190607276425,-1252.0953036382125
SARIMAX_anom_E1_exog,2000-03,True,52,lbfgs,200,False,2461.389511579692,-1224.694755789846
SARIMAX_z_E1_semexog,2000-03,True,16,lbfgs,200,False,649.9609178455562,-321.9804589227781
SARIMAX_z_E1_exog,2000-03,True,22,lbfgs,200,False,635.3916756229501,-311.69583781147503
SARIMAX_anom_E2_semexog,2000-03,True,21,lbfgs,200,False,2500.3526070226726,-1246.1763035113363
SARIMAX_anom_E2_exog,2000-03,True,67,lbfgs,200,False,2452.9306558030203,-1219.4653279015101
SARIMAX_z_E2_semexog,2000-03,True,12,lbfgs,200,False,648.0437563082941,-320.02187815414703
SARIMAX_z_E2_exog,2000-03,True,15,lbfgs,200,False,634.540424229074,-310.270212114537
SARIMAX_anom_E3_semexog,2000-03,True,22,lbfgs,200,False,2397.3770651078603,-1194.6885325539301
SARIMAX_anom_E3_exog,2000-03,True,59,lbfgs,200,False,2347.4493202724343,-1166.7246601362172
SARIMAX_z_E3_semexog,2000-03,True,13,lbfgs,200,False,622.7723311172051,-307.38616555860256
SARIMAX_z_E3_exog,2000-03,True,26,lbfgs,200,False,608.614278015373,-297.3071390076865
SARIMAX_anom_E4_semexog,2000-03,True,27,lbfgs,200,False,2383.0837575770042,-1187.5418787885021
SARIMAX_anom_E4_exog,2000-03,True,51,lbfgs,200,False,2336.7663741482647,-1161.3831870741324
SARIMAX_z_E4_semexog,2000-03,True,19,lbfgs,200,False,619.0168362652469,-305.50841813262343
SARIMAX_z_E4_exog,2000-03,True,21,lbfgs,200,False,605.4533901689476,-295.7266950844738
Harmonico_harm1,2000-03,True,21,lbfgs,200,False,2565.5156179791147,-1277.7578089895574
Harmonico_harm2,2000-03,True,26,lbfgs,200,False,2548.2755926083228,-1267.1377963041614
SARIMAX_anom_E1_semexog,2000-04,True,19,lbfgs,200,False,2526.72910578566,-1260.36455289283
SARIMAX_anom_E1_exog,2000-04,True,38,lbfgs,200,False,2475.204888135949,-1231.6024440679746
SARIMAX_z_E1_semexog,2000-04,True,16,lbfgs,200,False,652.820848338461,-323.4104241692305
SARIMAX_z_E1_exog,2000-04,True,25,lbfgs,200,False,637.2515968467055,-312.62579842335276
SARIMAX_anom_E2_semexog,2000-04,True,24,lbfgs,200,False,2515.8745418458084,-1253.9372709229042
SARIMAX_anom_E2_exog,2000-04,True,67,lbfgs,200,False,2466.6439101826813,-1226.3219550913407
SARIMAX_z_E2_semexog,2000-04,True,12,lbfgs,200,False,650.946315502568,-321.473157751284
SARIMAX_z_E2_exog,2000-04,True,15,lbfgs,200,False,636.3342469331021,-311.16712346655106
SARIMAX_anom_E3_semexog,2000-04,True,26,lbfgs,200,False,2414.1355983528356,-1203.0677991764178
SARIMAX_anom_E3_exog,2000-04,True,75,lbfgs,200,False,2361.045341910579,-1173.5226709552894
SARIMAX_z_E3_semexog,2000-04,True,13,lbfgs,200,False,625.9634620873433,-308.98173104367163
SARIMAX_z_E3_exog,2000-04,True,28,lbfgs,200,False,610.6401113455188,-298.3200556727594
SARIMAX_anom_E4_semexog,2000-04,True,17,lbfgs,200,False,2399.252775895311,-1195.6263879476555
SARIMAX_anom_E4_exog,2000-04,True,67,lbfgs,200,False,2350.2284154659674,-1168.1142077329837
SARIMAX_z_E4_semexog,2000-04,True,19,lbfgs,200,False,621.9329896552276,-306.9664948276138
SARIMAX_z_E4_exog,2000-04,True,27,lbfgs,200,False,607.5633039920168,-296.7816519960084
Harmonico_harm1,2000-04,True,20,lbfgs,200,False,2583.2685516209394,-1286.6342758104697
Harmonico_harm2,2000-04,True,52,lbfgs,200,False,2563.9534355832866,-1274.9767177916433
SARIMAX_anom_E1_semexog,2000-05,True,18,lbfgs,200,False,2536.678684044181,-1265.3393420220905
SARIMAX_anom_E1_exog,2000-05,True,41,lbfgs,200,False,2485.0292618070425,-1236.5146309035213
SARIMAX_z_E1_semexog,2000-05,True,16,lbfgs,200,False,655.5226108513193,-324.76130542565966
SARIMAX_z_E1_exog,2000-05,True,24,lbfgs,200,False,639.7774059820028,-313.8887029910014
SARIMAX_anom_E2_semexog,2000-05,True,35,lbfgs,200,False,2525.8150050215063,-1258.9075025107531
SARIMAX_anom_E2_exog,2000-05,True,65,lbfgs,200,False,2476.466283875324,-1231.233141937662
SARIMAX_z_E2_semexog,2000-05,True,12,lbfgs,200,False,653.6432580048505,-322.82162900242525
SARIMAX_z_E2_exog,2000-05,True,16,lbfgs,200,False,638.8101080718639,-312.4050540359319
SARIMAX_anom_E3_semexog,2000-05,True,26,lbfgs,200,False,2424.1002308413003,-1208.0501154206502
SARIMAX_anom_E3_exog,2000-05,True,55,lbfgs,200,False,2370.883915589985,-1178.4419577949925
SARIMAX_z_E3_semexog,2000-05,True,12,lbfgs,200,False,628.5446662373231,-310.27233311866155
SARIMAX_z_E3_exog,2000-05,True,29,lbfgs,200,False,613.2016021168408,-299.6008010584204
SARIMAX_anom_E4_semexog,2000-05,True,27,lbfgs,200,False,2409.1981772769013,-1200.5990886384507
SARIMAX_anom_E4_exog,2000-05,True,54,lbfgs,200,False,2360.0495034303394,-1173.0247517151697
SARIMAX_z_E4_semexog,2000-05,True,18,lbfgs,200,False,624.5277303975063,-308.26386519875314
SARIMAX_z_E4_exog,2000-05,True,27,lbfgs,200,False,610.1179874124799,-298.05899370623996
Harmonico_harm1,2000-05,True,26,lbfgs,200,False,2593.510155628627,-1291.7550778143136
Harmonico_harm2,2000-05,True,45,lbfgs,200,False,2574.1185726902313,-1280.0592863451157
SARIMAX_anom_E1_semexog,2000-06,True,23,lbfgs,200,False,2546.648682653861,-1270.3243413269306
SARIMAX_anom_E1_exog,2000-06,True,27,lbfgs,200,False,2495.004104154211,-1241.5020520771054
SARIMAX_z_E1_semexog,2000-06,True,16,lbfgs,200,False,658.2746410194605,-326.1373205097303
SARIMAX_z_E1_exog,2000-06,True,23,lbfgs,200,False,642.5007170854117,-315.25035854270584
SARIMAX_anom_E2_semexog,2000-06,True,30,lbfgs,200,False,2535.831255344855,-1263.9156276724275
SARIMAX_anom_E2_exog,2000-06,True,57,lbfgs,200,False,2486.505457237225,-1236.2527286186125
SARIMAX_z_E2_semexog,2000-06,True,11,lbfgs,200,False,656.4334344031049,-324.21671720155246
SARIMAX_z_E2_exog,2000-06,True,16,lbfgs,200,False,641.5772171823086,-313.7886085911543
SARIMAX_anom_E3_semexog,2000-06,True,24,lbfgs,200,False,2434.080670196785,-1213.0403350983925
SARIMAX_anom_E3_exog,2000-06,True,63,lbfgs,200,False,2380.843880853546,-1183.421940426773
SARIMAX_z_E3_semexog,2000-06,True,12,lbfgs,200,False,631.3690817098009,-311.68454085490043
SARIMAX_z_E3_exog,2000-06,True,32,lbfgs,200,False,615.9444788465855,-300.97223942329276
SARIMAX_anom_E4_semexog,2000-06,True,17,lbfgs,200,False,2419.1841358309066,-1205.5920679154533
SARIMAX_anom_E4_exog,2000-06,True,59,lbfgs,200,False,2370.037463936058,-1178.018731968029
SARIMAX_z_E4_semexog,2000-06,True,19,lbfgs,200,False,627.3149349347752,-309.6574674673876
SARIMAX_z_E4_exog,2000-06,True,28,lbfgs,200,False,612.8598263497315,-299.42991317486576
Harmonico_harm1,2000-06,True,20,lbfgs,200,False,2603.916133294005,-1296.9580666470024
Harmonico_harm2,2000-06,True,48,lbfgs,200,False,2584.2063450153064,-1285.1031725076532
SARIMAX_anom_E1_semexog,2000-07,True,23,lbfgs,200,False,2556.5972107642774,-1275.2986053821387
SARIMAX_anom_E1_exog,2000-07,True,57,lbfgs,200,False,2504.8364874545605,-1246.4182437272802
SARIMAX_z_E1_semexog,2000-07,True,15,lbfgs,200,False,660.8039074131409,-327.40195370657045
SARIMAX_z_E1_exog,2000-07,True,22,lbfgs,200,False,644.7663933075869,-316.38319665379345
SARIMAX_anom_E2_semexog,2000-07,True,37,lbfgs,200,False,2545.7618510390384,-1268.8809255195192
SARIMAX_anom_E2_exog,2000-07,True,61,lbfgs,200,False,2496.343572099171,-1241.1717860495855
SARIMAX_z_E2_semexog,2000-07,True,11,lbfgs,200,False,659.295860012547,-325.6479300062735
SARIMAX_z_E2_exog,2000-07,True,16,lbfgs,200,False,643.9473939773446,-314.9736969886723
SARIMAX_anom_E3_semexog,2000-07,True,22,lbfgs,200,False,2444.1243730095116,-1218.0621865047558
SARIMAX_anom_E3_exog,2000-07,True,56,lbfgs,200,False,2390.686479720328,-1188.343239860164
SARIMAX_z_E3_semexog,2000-07,True,13,lbfgs,200,False,634.2309428711427,-313.11547143557135
SARIMAX_z_E3_exog,2000-07,True,32,lbfgs,200,False,618.3986079437423,-302.19930397187113
SARIMAX_anom_E4_semexog,2000-07,True,27,lbfgs,200,False,2429.13809304054,-1210.56904652027
SARIMAX_anom_E4_exog,2000-07,True,80,lbfgs,200,False,2379.878919888094,-1182.939459944047
SARIMAX_z_E4_semexog,2000-07,True,18,lbfgs,200,False,630.0613810159994,-311.0306905079997
SARIMAX_z_E4_exog,2000-07,True,23,lbfgs,200,False,615.3777095863561,-300.68885479317805
Harmonico_harm1,2000-07,True,20,lbfgs,200,False,2614.0756747053138,-1302.0378373526569
Harmonico_harm2,2000-07,True,27,lbfgs,200,False,2595.163020295736,-1290.581510147868
SARIMAX_anom_E1_semexog,2000-08,True,23,lbfgs,200,False,2566.640777932422,-1280.320388966211
SARIMAX_anom_E1_exog,2000-08,True,32,lbfgs,200,False,2514.8674450883263,-1251.4337225441632
SARIMAX_z_E1_semexog,2000-08,True,17,lbfgs,200,False,664.0496924496936,-329.0248462248468
SARIMAX_z_E1_exog,2000-08,True,24,lbfgs,200,False,648.143679669617,-318.0718398348085
SARIMAX_anom_E2_semexog,2000-08,True,21,lbfgs,200,False,2555.8331946793132,-1273.9165973396566
SARIMAX_anom_E2_exog,2000-08,True,69,lbfgs,200,False,2506.352140165721,-1246.1760700828604
SARIMAX_z_E2_semexog,2000-08,True,11,lbfgs,200,False,662.3286347656244,-327.1643173828122
SARIMAX_z_E2_exog,2000-08,True,16,lbfgs,200,False,647.2971837542386,-316.6485918771193
SARIMAX_anom_E3_semexog,2000-08,True,25,lbfgs,200,False,2454.1238503912796,-1223.0619251956398
SARIMAX_anom_E3_exog,2000-08,True,65,lbfgs,200,False,2400.711592288595,-1193.3557961442975
SARIMAX_z_E3_semexog,2000-08,True,13,lbfgs,200,False,637.1281565814422,-314.5640782907211
SARIMAX_z_E3_exog,2000-08,True,33,lbfgs,200,False,621.3974853503171,-303.69874267515854
SARIMAX_anom_E4_semexog,2000-08,True,16,lbfgs,200,False,2439.19654854654,-1215.59827427327
SARIMAX_anom_E4_exog,2000-08,True,56,lbfgs,200,False,2389.9100626868017,-1187.9550313434008
SARIMAX_z_E4_semexog,2000-08,True,17,lbfgs,200,False,632.9738381989173,-312.48691909945865
SARIMAX_z_E4_exog,2000-08,True,27,lbfgs,200,False,618.3312591118629,-302.16562955593145
Harmonico_harm1,2000-08,True,37,lbfgs,200,False,2624.0995237893785,-1307.0497618946893
Harmonico_harm2,2000-08,True,47,lbfgs,200,False,2604.635915427967,-1295.3179577139836
SARIMAX_anom_E1_semexog,2000-09,True,23,lbfgs,200,False,2576.7052833270627,-1285.3526416635314
SARIMAX_anom_E1_exog,2000-09,True,37,lbfgs,200,False,2524.763678558156,-1256.381839279078
SARIMAX_z_E1_semexog,2000-09,True,14,lbfgs,200,False,666.7476306437368,-330.3738153218684
SARIMAX_z_E1_exog,2000-09,True,28,lbfgs,200,False,650.7410771083944,-319.3705385541972
SARIMAX_anom_E2_semexog,2000-09,True,33,lbfgs,200,False,2565.8526103585364,-1278.9263051792682
SARIMAX_anom_E2_exog,2000-09,True,60,lbfgs,200,False,2516.252385281611,-1251.1261926408056
SARIMAX_z_E2_semexog,2000-09,True,12,lbfgs,200,False,664.977304369025,-328.4886521845125
SARIMAX_z_E2_exog,2000-09,True,13,lbfgs,200,False,649.7432160685458,-317.8716080342729
SARIMAX_anom_E3_semexog,2000-09,True,26,lbfgs,200,False,2464.270261280736,-1228.135130640368
SARIMAX_anom_E3_exog,2000-09,True,56,lbfgs,200,False,2410.583270753038,-1198.291635376519
SARIMAX_z_E3_semexog,2000-09,True,13,lbfgs,200,False,639.8825586234491,-315.94127931172454
SARIMAX_z_E3_exog,2000-09,True,36,lbfgs,200,False,623.8507022725341,-304.92535113626707
SARIMAX_anom_E4_semexog,2000-09,True,28,lbfgs,200,False,2449.217023960822,-1220.608511980411
SARIMAX_anom_E4_exog,2000-09,True,63,lbfgs,200,False,2399.7769773555356,-1192.8884886777678
SARIMAX_z_E4_semexog,2000-09,True,17,lbfgs,200,False,635.5002118528628,-313.7501059264314
SARIMAX_z_E4_exog,2000-09,True,29,lbfgs,200,False,620.7853479049925,-303.39267395249624
Harmonico_harm1,2000-09,True,22,lbfgs,200,False,2634.5982032872544,-1312.2991016436272
Harmonico_harm2,2000-09,True,52,lbfgs,200,False,2614.71514933472,-1300.35757466736
SARIMAX_anom_E1_semexog,2000-10,True,18,lbfgs,200,False,2589.164421360676,-1291.582210680338
SARIMAX_anom_E1_exog,2000-10,True,44,lbfgs,200,False,2537.4300841098275,-1262.7150420549137
SARIMAX_z_E1_semexog,2000-10,True,18,lbfgs,200,False,670.2993880994351,-332.14969404971754
SARIMAX_z_E1_exog,2000-10,True,9,lbfgs,200,False,660.5520069838049,-324.27600349190243
SARIMAX_anom_E2_semexog,2000-10,True,35,lbfgs,200,False,2578.2393596901557,-1285.1196798450778
SARIMAX_anom_E2_exog,2000-10,True,60,lbfgs,200,False,2528.854922148802,-1257.427461074401
SARIMAX_z_E2_semexog,2000-10,True,11,lbfgs,200,False,667.6660160685874,-329.8330080342937
SARIMAX_z_E2_exog,2000-10,True,14,lbfgs,200,False,652.9551426888006,-319.4775713444003
SARIMAX_anom_E3_semexog,2000-10,True,26,lbfgs,200,False,2476.3595985814595,-1234.1797992907298
SARIMAX_anom_E3_exog,2000-10,True,63,lbfgs,200,False,2423.123722910079,-1204.5618614550394
SARIMAX_z_E3_semexog,2000-10,True,11,lbfgs,200,False,643.0412094149084,-317.5206047074542
SARIMAX_z_E3_exog,2000-10,True,11,lbfgs,200,False,631.44992538874,-308.72496269437
SARIMAX_anom_E4_semexog,2000-10,True,19,lbfgs,200,False,2461.6762136283464,-1226.8381068141732
SARIMAX_anom_E4_exog,2000-10,True,66,lbfgs,200,False,2412.3224141674664,-1199.1612070837332
SARIMAX_z_E4_semexog,2000-10,True,20,lbfgs,200,False,638.9287504512642,-315.4643752256321
SARIMAX_z_E4_exog,2000-10,True,18,lbfgs,200,False,628.3756914287342,-307.1878457143671
Harmonico_harm1,2000-10,False,21,lbfgs,200,True,2645.666490676428,-1317.833245338214
Harmonico_harm2,2000-10,True,51,lbfgs,200,False,2626.5927620549955,-1306.2963810274978
SARIMAX_anom_E1_semexog,2000-11,True,23,lbfgs,200,False,2599.5379755710974,-1296.7689877855487
SARIMAX_anom_E1_exog,2000-11,True,39,lbfgs,200,False,2548.3742879632414,-1268.1871439816207
SARIMAX_z_E1_semexog,2000-11,True,18,lbfgs,200,False,673.0347575487872,-333.5173787743936
SARIMAX_z_E1_exog,2000-11,True,29,lbfgs,200,False,657.2483933441378,-322.6241966720689
SARIMAX_anom_E2_semexog,2000-11,True,29,lbfgs,200,False,2588.7521678005464,-1290.3760839002732
SARIMAX_anom_E2_exog,2000-11,True,57,lbfgs,200,False,2539.7906721004383,-1262.8953360502192
SARIMAX_z_E2_semexog,2000-11,True,12,lbfgs,200,False,670.5360675410989,-331.26803377054944
SARIMAX_z_E2_exog,2000-11,True,15,lbfgs,200,False,656.1065823161547,-321.05329115807734
SARIMAX_anom_E3_semexog,2000-11,True,26,lbfgs,200,False,2486.630618047254,-1239.315309023627
SARIMAX_anom_E3_exog,2000-11,True,60,lbfgs,200,False,2433.9459070638936,-1209.9729535319468
SARIMAX_z_E3_semexog,2000-11,True,12,lbfgs,200,False,645.4344757119386,-318.7172378559693
SARIMAX_z_E3_exog,2000-11,True,32,lbfgs,200,False,629.8115546534132,-307.9057773267066
SARIMAX_anom_E4_semexog,2000-11,True,25,lbfgs,200,False,2472.0130938585758,-1232.0065469292879
SARIMAX_anom_E4_exog,2000-11,True,54,lbfgs,200,False,2423.1909262540066,-1204.5954631270033
SARIMAX_z_E4_semexog,2000-11,True,21,lbfgs,200,False,641.4858323579394,-316.7429161789697
SARIMAX_z_E4_exog,2000-11,True,34,lbfgs,200,False,626.747767483793,-306.3738837418965
Harmonico_harm1,2000-11,True,21,lbfgs,200,False,2656.4902946401216,-1323.2451473200608
Harmonico_harm2,2000-11,True,51,lbfgs,200,False,2637.1848120960376,-1311.5924060480188
SARIMAX_anom_E1_semexog,2000-12,True,23,lbfgs,200,False,2609.8371816495437,-1301.9185908247719
SARIMAX_anom_E1_exog,2000-12,True,42,lbfgs,200,False,2558.348075902446,-1273.174037951223
SARIMAX_z_E1_semexog,2000-12,True,18,lbfgs,200,False,675.9426485058771,-334.97132425293853
SARIMAX_z_E1_exog,2000-12,True,33,lbfgs,200,False,659.9895561373849,-323.9947780686924
SARIMAX_anom_E2_semexog,2000-12,True,32,lbfgs,200,False,2599.095326368718,-1295.547663184359
SARIMAX_anom_E2_exog,2000-12,True,67,lbfgs,200,False,2549.830122776426,-1267.915061388213
SARIMAX_z_E2_semexog,2000-12,True,12,lbfgs,200,False,673.8231291108078,-332.9115645554039
SARIMAX_z_E2_exog,2000-12,True,16,lbfgs,200,False,658.9835989416371,-322.49179947081853
SARIMAX_anom_E3_semexog,2000-12,True,22,lbfgs,200,False,2496.8494303019916,-1244.4247151509958
SARIMAX_anom_E3_exog,2000-12,True,63,lbfgs,200,False,2443.8842677469793,-1214.9421338734896
SARIMAX_z_E3_semexog,2000-12,True,13,lbfgs,200,False,648.3517584854299,-320.1758792427149
SARIMAX_z_E3_exog,2000-12,True,39,lbfgs,200,False,632.5274757632296,-309.2637378816148
SARIMAX_anom_E4_semexog,2000-12,True,23,lbfgs,200,False,2482.2390484347648,-1237.1195242173824
SARIMAX_anom_E4_exog,2000-12,True,60,lbfgs,200,False,2433.1467444792706,-1209.5733722396353
SARIMAX_z_E4_semexog,2000-12,True,20,lbfgs,200,False,644.3282777622092,-318.1641388811046
SARIMAX_z_E4_exog,2000-12,True,35,lbfgs,200,False,629.4662335612165,-307.73311678060827
Harmonico_harm1,2000-12,True,25,lbfgs,200,False,2666.6295317803815,-1328.3147658901908
Harmonico_harm2,2000-12,True,54,lbfgs,200,False,2647.4724591488157,-1316.7362295744078
SARIMAX_anom_E1_semexog,2001-01,True,20,lbfgs,200,False,2621.0751129489686,-1307.5375564744843
SARIMAX_anom_E1_exog,2001-01,True,41,lbfgs,200,False,2570.0778947491704,-1279.0389473745852
SARIMAX_z_E1_semexog,2001-01,True,17,lbfgs,200,False,678.6404027208007,-336.32020136040035
SARIMAX_z_E1_exog,2001-01,True,32,lbfgs,200,False,663.0197211466079,-325.50986057330397
SARIMAX_anom_E2_semexog,2001-01,True,31,lbfgs,200,False,2610.023809638318,-1301.011904819159
SARIMAX_anom_E2_exog,2001-01,True,55,lbfgs,200,False,2561.420287889807,-1273.7101439449034
SARIMAX_z_E2_semexog,2001-01,True,13,lbfgs,200,False,676.5757072165043,-334.28785360825214
SARIMAX_z_E2_exog,2001-01,True,16,lbfgs,200,False,661.9462704539894,-323.9731352269947
SARIMAX_anom_E3_semexog,2001-01,True,22,lbfgs,200,False,2508.0769459658914,-1250.0384729829457
SARIMAX_anom_E3_exog,2001-01,True,87,lbfgs,200,False,2455.447940775067,-1220.7239703875334
SARIMAX_z_E3_semexog,2001-01,True,13,lbfgs,200,False,651.1725007848845,-321.58625039244225
SARIMAX_z_E3_exog,2001-01,True,30,lbfgs,200,False,635.5452166968626,-310.7726083484313
SARIMAX_anom_E4_semexog,2001-01,True,24,lbfgs,200,False,2493.319982492859,-1242.6599912464294
SARIMAX_anom_E4_exog,2001-01,True,39,lbfgs,200,False,2444.6620184107796,-1215.3310092053898
SARIMAX_z_E4_semexog,2001-01,True,18,lbfgs,200,False,647.067292090809,-319.5336460454045
SARIMAX_z_E4_exog,2001-01,True,25,lbfgs,200,False,632.5253996016975,-309.26269980084874
Harmonico_harm1,2001-01,True,23,lbfgs,200,False,2678.5170936752716,-1334.2585468376358
Harmonico_harm2,2001-01,True,51,lbfgs,200,False,2658.6558491867486,-1322.3279245933743
SARIMAX_anom_E1_semexog,2001-02,True,20,lbfgs,200,False,2632.6852312680285,-1313.3426156340142
SARIMAX_anom_E1_exog,2001-02,True,43,lbfgs,200,False,2580.545620658175,-1284.2728103290874
SARIMAX_z_E1_semexog,2001-02,True,16,lbfgs,200,False,681.5852563659703,-337.79262818298514
SARIMAX_z_E1_exog,2001-02,True,30,lbfgs,200,False,665.3784746360479,-326.68923731802397
SARIMAX_anom_E2_semexog,2001-02,True,27,lbfgs,200,False,2621.4780439494657,-1306.7390219747329
SARIMAX_anom_E2_exog,2001-02,True,70,lbfgs,200,False,2571.8706361414943,-1278.9353180707471
SARIMAX_z_E2_semexog,2001-02,True,11,lbfgs,200,False,679.1219088134167,-335.56095440670833
SARIMAX_z_E2_exog,2001-02,True,16,lbfgs,200,False,664.2027865122045,-325.10139325610226
SARIMAX_anom_E3_semexog,2001-02,True,25,lbfgs,200,False,2519.3859773454533,-1255.6929886727266
SARIMAX_anom_E3_exog,2001-02,True,76,lbfgs,200,False,2465.8830134189557,-1225.9415067094778
SARIMAX_z_E3_semexog,2001-02,True,13,lbfgs,200,False,653.9138692210242,-322.9569346105121
SARIMAX_z_E3_exog,2001-02,True,36,lbfgs,200,False,637.8060995691645,-311.90304978458227
SARIMAX_anom_E4_semexog,2001-02,True,26,lbfgs,200,False,2504.705648912403,-1248.3528244562015
SARIMAX_anom_E4_exog,2001-02,True,58,lbfgs,200,False,2455.095707114281,-1220.5478535571406
SARIMAX_z_E4_semexog,2001-02,True,19,lbfgs,200,False,649.7137691108348,-320.8568845554174
SARIMAX_z_E4_exog,2001-02,True,31,lbfgs,200,False,634.7639088107902,-310.3819544053951
Harmonico_harm1,2001-02,True,22,lbfgs,200,False,2689.180541252971,-1339.5902706264856
Harmonico_harm2,2001-02,True,43,lbfgs,200,False,2669.084093704232,-1327.542046852116
SARIMAX_anom_E1_semexog,2001-03,True,24,lbfgs,200,False,2642.923315978662,-1318.461657989331
SARIMAX_anom_E1_exog,2001-03,True,61,lbfgs,200,False,2590.645122503894,-1289.322561251947
SARIMAX_z_E1_semexog,2001-03,True,16,lbfgs,200,False,684.381159595941,-339.1905797979705
SARIMAX_z_E1_exog,2001-03,True,29,lbfgs,200,False,667.9179374769067,-327.95896873845334
SARIMAX_anom_E2_semexog,2001-03,True,39,lbfgs,200,False,2631.931746926459,-1311.9658734632294
SARIMAX_anom_E2_exog,2001-03,True,61,lbfgs,200,False,2582.0297938379,-1284.01489691895
SARIMAX_z_E2_semexog,2001-03,True,13,lbfgs,200,False,682.004860339383,-337.0024301696915
SARIMAX_z_E2_exog,2001-03,True,15,lbfgs,200,False,666.7919502887987,-326.39597514439936
SARIMAX_anom_E3_semexog,2001-03,True,27,lbfgs,200,False,2529.715423058538,-1260.857711529269
SARIMAX_anom_E3_exog,2001-03,True,62,lbfgs,200,False,2475.9163081125976,-1230.9581540562988
SARIMAX_z_E3_semexog,2001-03,True,13,lbfgs,200,False,656.7703511891655,-324.38517559458273
SARIMAX_z_E3_exog,2001-03,True,33,lbfgs,200,False,640.3490264515365,-313.17451322576824
SARIMAX_anom_E4_semexog,2001-03,True,17,lbfgs,200,False,2515.0033108052785,-1253.5016554026392
SARIMAX_anom_E4_exog,2001-03,True,70,lbfgs,200,False,2465.136430193463,-1225.5682150967316
SARIMAX_z_E4_semexog,2001-03,True,19,lbfgs,200,False,652.6541484113391,-322.32707420566953
SARIMAX_z_E4_exog,2001-03,True,34,lbfgs,200,False,637.3374135847248,-311.6687067923624
Harmonico_harm1,2001-03,True,22,lbfgs,200,False,2701.1181454471102,-1345.5590727235551
Harmonico_harm2,2001-03,True,29,lbfgs,200,False,2680.362658658317,-1333.1813293291584
SARIMAX_anom_E1_semexog,2001-04,True,23,lbfgs,200,False,2652.868288353854,-1323.434144176927
SARIMAX_anom_E1_exog,2001-04,True,36,lbfgs,200,False,2600.54345510646,-1294.27172755323
SARIMAX_z_E1_semexog,2001-04,True,15,lbfgs,200,False,687.1010907962682,-340.5505453981341
SARIMAX_z_E1_exog,2001-04,True,29,lbfgs,200,False,670.4927243354871,-329.24636216774354
SARIMAX_anom_E2_semexog,2001-04,True,35,lbfgs,200,False,2641.864847532309,-1316.9324237661544
SARIMAX_anom_E2_exog,2001-04,True,61,lbfgs,200,False,2591.950227841023,-1288.9751139205116
SARIMAX_z_E2_semexog,2001-04,True,12,lbfgs,200,False,684.7921029202516,-338.3960514601258
SARIMAX_z_E2_exog,2001-04,True,15,lbfgs,200,False,669.4093114110087,-327.70465570550436
SARIMAX_anom_E3_semexog,2001-04,True,26,lbfgs,200,False,2539.7011555593263,-1265.8505777796631
SARIMAX_anom_E3_exog,2001-04,True,64,lbfgs,200,False,2485.8441868158416,-1235.9220934079208
SARIMAX_z_E3_semexog,2001-04,True,13,lbfgs,200,False,659.5341007241027,-325.76705036205135
SARIMAX_z_E3_exog,2001-04,True,35,lbfgs,200,False,642.947837869805,-314.4739189349025
SARIMAX_anom_E4_semexog,2001-04,True,27,lbfgs,200,False,2524.9625321649073,-1258.4812660824537
SARIMAX_anom_E4_exog,2001-04,True,46,lbfgs,200,False,2475.0622140588266,-1230.5311070294133
SARIMAX_z_E4_semexog,2001-04,True,19,lbfgs,200,False,655.3866519052324,-323.6933259526162
SARIMAX_z_E4_exog,2001-04,True,34,lbfgs,200,False,639.9650092617157,-312.9825046308579
Harmonico_harm1,2001-04,True,21,lbfgs,200,False,2711.410185328914,-1350.705092664457
Harmonico_harm2,2001-04,True,48,lbfgs,200,False,2690.090756984356,-1338.045378492178
SARIMAX_anom_E1_semexog,2001-05,True,24,lbfgs,200,False,2662.8258203715513,-1328.4129101857757
SARIMAX_anom_E1_exog,2001-05,True,29,lbfgs,200,False,2610.3468680995393,-1299.1734340497696
SARIMAX_z_E1_semexog,2001-05,True,16,lbfgs,200,False,689.8351472669642,-341.9175736334821
SARIMAX_z_E1_exog,2001-05,True,26,lbfgs,200,False,672.9819830001657,-330.4909915000828
SARIMAX_anom_E2_semexog,2001-05,True,37,lbfgs,200,False,2651.8001016846583,-1321.9000508423292
SARIMAX_anom_E2_exog,2001-05,True,53,lbfgs,200,False,2601.7494604210347,-1293.8747302105173
SARIMAX_z_E2_semexog,2001-05,True,13,lbfgs,200,False,687.4806238782769,-339.74031193913845
SARIMAX_z_E2_exog,2001-05,True,15,lbfgs,200,False,671.8694381405801,-328.93471907029004
SARIMAX_anom_E3_semexog,2001-05,True,27,lbfgs,200,False,2549.683553096903,-1270.8417765484514
SARIMAX_anom_E3_exog,2001-05,True,53,lbfgs,200,False,2495.6567885259356,-1240.8283942629678
SARIMAX_z_E3_semexog,2001-05,True,13,lbfgs,200,False,662.13580683454,-327.06790341727
SARIMAX_z_E3_exog,2001-05,True,37,lbfgs,200,False,645.4070861485584,-315.7035430742792
SARIMAX_anom_E4_semexog,2001-05,True,18,lbfgs,200,False,2534.9070143686085,-1263.4535071843043
SARIMAX_anom_E4_exog,2001-05,True,56,lbfgs,200,False,2484.8537717244144,-1235.4268858622072
SARIMAX_z_E4_semexog,2001-05,True,20,lbfgs,200,False,658.0038277162384,-325.0019138581192
SARIMAX_z_E4_exog,2001-05,True,33,lbfgs,200,False,642.4051632847501,-314.20258164237504
Harmonico_harm1,2001-05,True,23,lbfgs,200,False,2721.7217687076886,-1355.8608843538443
Harmonico_harm2,2001-05,True,49,lbfgs,200,False,2701.2491823469077,-1343.6245911734538
SARIMAX_anom_E1_semexog,2001-06,True,23,lbfgs,200,False,2672.8263039875587,-1333.4131519937794
SARIMAX_anom_E1_exog,2001-06,True,30,lbfgs,200,False,2620.229371455277,-1304.1146857276385
SARIMAX_z_E1_semexog,2001-06,True,17,lbfgs,200,False,692.5475128993799,-343.2737564496899
SARIMAX_z_E1_exog,2001-06,True,27,lbfgs,200,False,675.5236910699464,-331.7618455349732
SARIMAX_anom_E2_semexog,2001-06,True,34,lbfgs,200,False,2661.7874325011044,-1326.8937162505522
SARIMAX_anom_E2_exog,2001-06,True,64,lbfgs,200,False,2611.6226942908015,-1298.8113471454008
SARIMAX_z_E2_semexog,2001-06,True,12,lbfgs,200,False,690.3859283911436,-341.1929641955718
SARIMAX_z_E2_exog,2001-06,True,14,lbfgs,200,False,674.5013008806048,-330.2506504403024
SARIMAX_anom_E3_semexog,2001-06,True,26,lbfgs,200,False,2559.7400901406672,-1275.8700450703336
SARIMAX_anom_E3_exog,2001-06,True,60,lbfgs,200,False,2505.534724652507,-1245.7673623262535
SARIMAX_z_E3_semexog,2001-06,True,13,lbfgs,200,False,664.867564704309,-328.4337823521545
SARIMAX_z_E3_exog,2001-06,True,35,lbfgs,200,False,647.9773027848692,-316.9886513924346
SARIMAX_anom_E4_semexog,2001-06,True,18,lbfgs,200,False,2544.9173823942974,-1268.4586911971487
SARIMAX_anom_E4_exog,2001-06,True,62,lbfgs,200,False,2494.738278353958,-1240.369139176979
SARIMAX_z_E4_semexog,2001-06,True,18,lbfgs,200,False,660.7121878567089,-326.3560939283544
SARIMAX_z_E4_exog,2001-06,True,33,lbfgs,200,False,644.9635337823869,-315.48176689119344
Harmonico_harm1,2001-06,True,22,lbfgs,200,False,2731.9502493603422,-1360.9751246801711
Harmonico_harm2,2001-06,True,37,lbfgs,200,False,2711.333525628445,-1348.6667628142225
SARIMAX_anom_E1_semexog,2001-07,True,23,lbfgs,200,False,2682.7500429534703,-1338.3750214767351
SARIMAX_anom_E1_exog,2001-07,True,30,lbfgs,200,False,2630.056862589111,-1309.0284312945555
SARIMAX_z_E1_semexog,2001-07,True,15,lbfgs,200,False,695.3255266028104,-344.6627633014052
SARIMAX_z_E1_exog,2001-07,True,27,lbfgs,200,False,678.284681422355,-333.1423407111775
SARIMAX_anom_E2_semexog,2001-07,True,33,lbfgs,200,False,2671.704412107855,-1331.8522060539276
SARIMAX_anom_E2_exog,2001-07,True,60,lbfgs,200,False,2621.4502971371176,-1303.7251485685588
SARIMAX_z_E2_semexog,2001-07,True,12,lbfgs,200,False,693.1796915902651,-342.58984579513253
SARIMAX_z_E2_exog,2001-07,True,14,lbfgs,200,False,677.268066806483,-331.6340334032415
SARIMAX_anom_E3_semexog,2001-07,True,26,lbfgs,200,False,2569.6893776186744,-1280.8446888093372
SARIMAX_anom_E3_exog,2001-07,True,62,lbfgs,200,False,2515.3681612762057,-1250.6840806381028
SARIMAX_z_E3_semexog,2001-07,True,13,lbfgs,200,False,667.5925275256409,-329.79626376282044
SARIMAX_z_E3_exog,2001-07,True,36,lbfgs,200,False,650.6603562309301,-318.33017811546506
SARIMAX_anom_E4_semexog,2001-07,True,18,lbfgs,200,False,2554.84627355283,-1273.423136776415
SARIMAX_anom_E4_exog,2001-07,True,62,lbfgs,200,False,2504.5720061635884,-1245.2860030817942
SARIMAX_z_E4_semexog,2001-07,True,18,lbfgs,200,False,663.4182660520808,-327.7091330260404
SARIMAX_z_E4_exog,2001-07,True,28,lbfgs,200,False,647.6384700395128,-316.8192350197564
Harmonico_harm1,2001-07,True,22,lbfgs,200,False,2742.0460363973602,-1366.0230181986801
Harmonico_harm2,2001-07,True,34,lbfgs,200,False,2720.687922312638,-1353.343961156319
SARIMAX_anom_E1_semexog,2001-08,True,23,lbfgs,200,False,2692.711901337042,-1343.355950668521
SARIMAX_anom_E1_exog,2001-08,True,39,lbfgs,200,False,2639.9324847043126,-1313.9662423521563
SARIMAX_z_E1_semexog,2001-08,True,17,lbfgs,200,False,698.3529918408597,-346.17649592042983
SARIMAX_z_E1_exog,2001-08,True,29,lbfgs,200,False,681.2190977319639,-334.60954886598194
SARIMAX_anom_E2_semexog,2001-08,True,36,lbfgs,200,False,2681.669627864952,-1336.834813932476
SARIMAX_anom_E2_exog,2001-08,True,51,lbfgs,200,False,2631.3283721230046,-1308.6641860615023
SARIMAX_z_E2_semexog,2001-08,True,13,lbfgs,200,False,696.3278344763,-344.16391723815
SARIMAX_z_E2_exog,2001-08,True,14,lbfgs,200,False,680.368161120894,-333.184080560447
SARIMAX_anom_E3_semexog,2001-08,True,27,lbfgs,200,False,2579.6542175082022,-1285.8271087541011
SARIMAX_anom_E3_exog,2001-08,True,70,lbfgs,200,False,2525.2392306967695,-1255.6196153483847
SARIMAX_z_E3_semexog,2001-08,True,12,lbfgs,200,False,670.2837489210513,-331.1418744605256
SARIMAX_z_E3_exog,2001-08,True,36,lbfgs,200,False,653.3478871836346,-319.6739435918173
SARIMAX_anom_E4_semexog,2001-08,True,23,lbfgs,200,False,2564.8049531879105,-1278.4024765939553
SARIMAX_anom_E4_exog,2001-08,True,68,lbfgs,200,False,2514.44461037806,-1250.22230518903
SARIMAX_z_E4_semexog,2001-08,True,19,lbfgs,200,False,666.1992770870734,-329.0996385435367
SARIMAX_z_E4_exog,2001-08,True,36,lbfgs,200,False,650.323078476305,-318.1615392381525
Harmonico_harm1,2001-08,True,26,lbfgs,200,False,2752.1697975420393,-1371.0848987710197
Harmonico_harm2,2001-08,True,30,lbfgs,200,False,2730.824173230457,-1358.4120866152284
SARIMAX_anom_E1_semexog,2001-09,True,23,lbfgs,200,False,2703.135481450332,-1348.567740725166
SARIMAX_anom_E1_exog,2001-09,True,43,lbfgs,200,False,2650.247487354949,-1319.1237436774745
SARIMAX_z_E1_semexog,2001-09,True,19,lbfgs,200,False,701.2168663802306,-347.6084331901153
SARIMAX_z_E1_exog,2001-09,True,31,lbfgs,200,False,683.8467519500898,-335.9233759750449
SARIMAX_anom_E2_semexog,2001-09,True,38,lbfgs,200,False,2692.1230430215924,-1342.0615215107962
SARIMAX_anom_E2_exog,2001-09,True,58,lbfgs,200,False,2641.6289194001215,-1313.8144597000608
SARIMAX_z_E2_semexog,2001-09,True,12,lbfgs,200,False,698.8344756651725,-345.41723783258624
SARIMAX_z_E2_exog,2001-09,True,16,lbfgs,200,False,682.9525786449321,-334.4762893224661
SARIMAX_anom_E3_semexog,2001-09,True,23,lbfgs,200,False,2590.117212687291,-1291.0586063436456
SARIMAX_anom_E3_exog,2001-09,True,58,lbfgs,200,False,2535.594428038704,-1260.797214019352
SARIMAX_z_E3_semexog,2001-09,True,12,lbfgs,200,False,673.4761925792664,-332.7380962896332
SARIMAX_z_E3_exog,2001-09,True,34,lbfgs,200,False,656.5349589446928,-321.2674794723464
SARIMAX_anom_E4_semexog,2001-09,True,16,lbfgs,200,False,2575.297853654196,-1283.648926827098
SARIMAX_anom_E4_exog,2001-09,True,68,lbfgs,200,False,2524.791372158411,-1255.3956860792055
SARIMAX_z_E4_semexog,2001-09,True,20,lbfgs,200,False,669.6436517837645,-330.82182589188227
SARIMAX_z_E4_exog,2001-09,True,32,lbfgs,200,False,653.5621558029197,-319.78107790145987
Harmonico_harm1,2001-09,False,18,lbfgs,200,True,2762.485283790246,-1376.242641895123
Harmonico_harm2,2001-09,True,53,lbfgs,200,False,2741.5011239672695,-1363.7505619836347
SARIMAX_anom_E1_semexog,2001-10,True,23,lbfgs,200,False,2713.3075565974054,-1353.6537782987027
SARIMAX_anom_E1_exog,2001-10,True,44,lbfgs,200,False,2660.3907839589315,-1324.1953919794657
SARIMAX_z_E1_semexog,2001-10,True,19,lbfgs,200,False,703.8981220717644,-348.9490610358822
SARIMAX_z_E1_exog,2001-10,True,25,lbfgs,200,False,686.5099738694641,-337.2549869347321
SARIMAX_anom_E2_semexog,2001-10,True,41,lbfgs,200,False,2702.321045385799,-1347.1605226928996
SARIMAX_anom_E2_exog,2001-10,True,57,lbfgs,200,False,2651.748852109582,-1318.874426054791
SARIMAX_z_E2_semexog,2001-10,True,12,lbfgs,200,False,701.2985276435597,-346.64926382177987
SARIMAX_z_E2_exog,2001-10,True,16,lbfgs,200,False,685.5039662170591,-335.75198310852954
SARIMAX_anom_E3_semexog,2001-10,True,21,lbfgs,200,False,2600.255572974037,-1296.1277864870185
SARIMAX_anom_E3_exog,2001-10,True,75,lbfgs,200,False,2545.683828194043,-1265.8419140970216
SARIMAX_z_E3_semexog,2001-10,True,12,lbfgs,200,False,675.9032002219369,-333.95160011096846
SARIMAX_z_E3_exog,2001-10,True,33,lbfgs,200,False,658.986729798286,-322.493364899143
SARIMAX_anom_E4_semexog,2001-10,True,25,lbfgs,200,False,2585.4402483847166,-1288.7201241923583
SARIMAX_anom_E4_exog,2001-10,True,55,lbfgs,200,False,2534.8980372767955,-1260.4490186383978
SARIMAX_z_E4_semexog,2001-10,True,21,lbfgs,200,False,672.0936674905465,-332.04683374527326
SARIMAX_z_E4_exog,2001-10,True,28,lbfgs,200,False,655.9809400884606,-320.9904700442303
Harmonico_harm1,2001-10,True,23,lbfgs,200,False,2772.57359573959,-1381.286797869795
Harmonico_harm2,2001-10,True,32,lbfgs,200,False,2751.8130525426823,-1368.9065262713411
SARIMAX_anom_E1_semexog,2001-11,True,23,lbfgs,200,False,2723.263954869316,-1358.631977434658
SARIMAX_anom_E1_exog,2001-11,True,35,lbfgs,200,False,2670.2134397573473,-1329.1067198786736
SARIMAX_z_E1_semexog,2001-11,True,18,lbfgs,200,False,706.7962983984253,-350.39814919921264
SARIMAX_z_E1_exog,2001-11,True,29,lbfgs,200,False,689.2368359375171,-338.61841796875854
SARIMAX_anom_E2_semexog,2001-11,True,34,lbfgs,200,False,2712.2837317480053,-1352.1418658740026
SARIMAX_anom_E2_exog,2001-11,True,57,lbfgs,200,False,2661.5814208227466,-1323.7907104113733
SARIMAX_z_E2_semexog,2001-11,True,12,lbfgs,200,False,704.352978402123,-348.1764892010615
SARIMAX_z_E2_exog,2001-11,True,14,lbfgs,200,False,688.3593844302468,-337.1796922151234
SARIMAX_anom_E3_semexog,2001-11,True,25,lbfgs,200,False,2610.23936039808,-1301.11968019904
SARIMAX_anom_E3_exog,2001-11,True,52,lbfgs,200,False,2555.5314216961688,-1270.7657108480844
SARIMAX_z_E3_semexog,2001-11,True,11,lbfgs,200,False,678.7863057884015,-335.39315289420074
SARIMAX_z_E3_exog,2001-11,True,32,lbfgs,200,False,661.7230428349292,-323.8615214174646
SARIMAX_anom_E4_semexog,2001-11,True,18,lbfgs,200,False,2595.4180230048423,-1293.7090115024212
SARIMAX_anom_E4_exog,2001-11,True,62,lbfgs,200,False,2544.7442798884185,-1265.3721399442093
SARIMAX_z_E4_semexog,2001-11,True,20,lbfgs,200,False,674.9854128110759,-333.49270640553794
SARIMAX_z_E4_exog,2001-11,True,27,lbfgs,200,False,658.7042471218369,-322.35212356091847
Harmonico_harm1,2001-11,True,24,lbfgs,200,False,2782.66428523587,-1386.332142617935
Harmonico_harm2,2001-11,True,46,lbfgs,200,False,2761.6784780615562,-1373.8392390307781
SARIMAX_anom_E1_semexog,2001-12,True,22,lbfgs,200,False,2733.5952034216025,-1363.7976017108012
SARIMAX_anom_E1_exog,2001-12,True,43,lbfgs,200,False,2680.509609571632,-1334.254804785816
SARIMAX_z_E1_semexog,2001-12,True,17,lbfgs,200,False,709.5308940426658,-351.7654470213329
SARIMAX_z_E1_exog,2001-12,True,21,lbfgs,200,False,692.0419601437563,-340.02098007187817
SARIMAX_anom_E2_semexog,2001-12,True,38,lbfgs,200,False,2722.4877388055875,-1357.2438694027937
SARIMAX_anom_E2_exog,2001-12,True,58,lbfgs,200,False,2671.8302699242927,-1328.9151349621463
SARIMAX_z_E2_semexog,2001-12,True,13,lbfgs,200,False,707.141907783458,-349.570953891729
SARIMAX_z_E2_exog,2001-12,True,15,lbfgs,200,False,691.120260264024,-338.560130132012
SARIMAX_anom_E3_semexog,2001-12,True,24,lbfgs,200,False,2620.7165953632975,-1306.3582976816488
SARIMAX_anom_E3_exog,2001-12,True,60,lbfgs,200,False,2565.8653583946343,-1275.9326791973172
SARIMAX_z_E3_semexog,2001-12,True,12,lbfgs,200,False,681.7142724747584,-336.8571362373792
SARIMAX_z_E3_exog,2001-12,True,31,lbfgs,200,False,664.5953356412,-325.2976678206
SARIMAX_anom_E4_semexog,2001-12,True,25,lbfgs,200,False,2605.814480214485,-1298.9072401072424
SARIMAX_anom_E4_exog,2001-12,True,65,lbfgs,200,False,2555.061303646782,-1270.530651823391
SARIMAX_z_E4_semexog,2001-12,True,18,lbfgs,200,False,677.8078524541004,-334.9039262270502
SARIMAX_z_E4_exog,2001-12,True,27,lbfgs,200,False,661.5868052909113,-323.79340264545567
Harmonico_harm1,2001-12,True,23,lbfgs,200,False,2793.8205571951326,-1391.9102785975663
Harmonico_harm2,2001-12,True,49,lbfgs,200,False,2772.0664699442814,-1379.0332349721407
SARIMAX_anom_E1_semexog,2002-01,True,18,lbfgs,200,False,2746.334033584922,-1370.167016792461
SARIMAX_anom_E1_exog,2002-01,True,30,lbfgs,200,False,2692.7572800739845,-1340.3786400369922
SARIMAX_z_E1_semexog,2002-01,True,21,lbfgs,200,False,712.658019552958,-353.329009776479
SARIMAX_z_E1_exog,2002-01,True,30,lbfgs,200,False,694.9399729334857,-341.46998646674285
SARIMAX_anom_E2_semexog,2002-01,True,22,lbfgs,200,False,2735.0824647314253,-1363.5412323657126
SARIMAX_anom_E2_exog,2002-01,True,48,lbfgs,200,False,2684.077783106457,-1335.0388915532285
SARIMAX_z_E2_semexog,2002-01,True,12,lbfgs,200,False,710.0125772982924,-351.0062886491462
SARIMAX_z_E2_exog,2002-01,True,17,lbfgs,200,False,693.9334489787213,-339.9667244893607
SARIMAX_anom_E3_semexog,2002-01,True,24,lbfgs,200,False,2633.585831786153,-1312.7929158930765
SARIMAX_anom_E3_exog,2002-01,True,59,lbfgs,200,False,2578.4565934513967,-1282.2282967256983
SARIMAX_z_E3_semexog,2002-01,True,13,lbfgs,200,False,684.9772362303423,-338.48861811517116
SARIMAX_z_E3_exog,2002-01,True,37,lbfgs,200,False,667.7375987039622,-326.8687993519811
SARIMAX_anom_E4_semexog,2002-01,True,17,lbfgs,200,False,2618.8738017665564,-1305.4369008832782
SARIMAX_anom_E4_exog,2002-01,True,50,lbfgs,200,False,2567.5959745043656,-1276.7979872521828
SARIMAX_z_E4_semexog,2002-01,True,20,lbfgs,200,False,681.1898832327695,-336.59494161638474
SARIMAX_z_E4_exog,2002-01,True,31,lbfgs,200,False,664.7638725207044,-325.3819362603522
Harmonico_harm1,2002-01,True,21,lbfgs,200,False,2805.3593446899336,-1397.6796723449668
Harmonico_harm2,2002-01,True,33,lbfgs,200,False,2784.6056220201235,-1385.3028110100618
SARIMAX_anom_E1_semexog,2002-02,True,21,lbfgs,200,False,2760.024376936469,-1377.0121884682344
SARIMAX_anom_E1_exog,2002-02,True,42,lbfgs,200,False,2706.2452708702003,-1347.1226354351002
SARIMAX_z_E1_semexog,2002-02,True,18,lbfgs,200,False,715.7215464816825,-354.86077324084124
SARIMAX_z_E1_exog,2002-02,True,35,lbfgs,200,False,698.4415150101629,-343.22075750508145
SARIMAX_anom_E2_semexog,2002-02,True,15,lbfgs,200,False,2748.3177391741965,-1370.1588695870983
SARIMAX_anom_E2_exog,2002-02,True,67,lbfgs,200,False,2697.4790090111537,-1341.7395045055769
SARIMAX_z_E2_semexog,2002-02,True,12,lbfgs,200,False,713.1579517079042,-352.5789758539521
SARIMAX_z_E2_exog,2002-02,True,16,lbfgs,200,False,697.321261498985,-341.6606307494925
SARIMAX_anom_E3_semexog,2002-02,True,24,lbfgs,200,False,2647.2623018168633,-1319.6311509084317
SARIMAX_anom_E3_exog,2002-02,True,70,lbfgs,200,False,2591.901199564022,-1288.950599782011
SARIMAX_z_E3_semexog,2002-02,True,12,lbfgs,200,False,688.5470475502113,-340.2735237751057
SARIMAX_z_E3_exog,2002-02,True,36,lbfgs,200,False,671.389642237706,-328.694821118853
SARIMAX_anom_E4_semexog,2002-02,True,27,lbfgs,200,False,2632.758146684104,-1312.379073342052
SARIMAX_anom_E4_exog,2002-02,True,75,lbfgs,200,False,2580.9473575263128,-1283.4736787631564
SARIMAX_z_E4_semexog,2002-02,True,20,lbfgs,200,False,684.6237085996218,-338.3118542998109
SARIMAX_z_E4_exog,2002-02,True,33,lbfgs,200,False,668.4531933411008,-327.2265966705504
Harmonico_harm1,2002-02,True,20,lbfgs,200,False,2820.1145772523223,-1405.0572886261612
Harmonico_harm2,2002-02,True,23,lbfgs,200,False,2800.400427334847,-1393.2002136674234
SARIMAX_anom_E1_semexog,2002-03,True,17,lbfgs,200,False,2770.573691853888,-1382.286845926944
SARIMAX_anom_E1_exog,2002-03,True,47,lbfgs,200,False,2717.505919971679,-1352.7529599858394
SARIMAX_z_E1_semexog,2002-03,True,17,lbfgs,200,False,718.4657782217113,-356.23288911085564
SARIMAX_z_E1_exog,2002-03,True,30,lbfgs,200,False,701.1887328415232,-344.5943664207616
SARIMAX_anom_E2_semexog,2002-03,True,35,lbfgs,200,False,2759.2707130432223,-1375.6353565216111
SARIMAX_anom_E2_exog,2002-03,True,64,lbfgs,200,False,2708.871115898112,-1347.435557949056
SARIMAX_z_E2_semexog,2002-03,True,12,lbfgs,200,False,715.9846973765683,-353.99234868828415
SARIMAX_z_E2_exog,2002-03,True,13,lbfgs,200,False,700.207345121594,-343.103672560797
SARIMAX_anom_E3_semexog,2002-03,True,23,lbfgs,200,False,2657.866263871788,-1324.933131935894
SARIMAX_anom_E3_exog,2002-03,True,66,lbfgs,200,False,2603.249919059398,-1294.624959529699
SARIMAX_z_E3_semexog,2002-03,True,12,lbfgs,200,False,691.2336427462992,-341.6168213731496
SARIMAX_z_E3_exog,2002-03,True,33,lbfgs,200,False,674.2567387505308,-330.1283693752654
SARIMAX_anom_E4_semexog,2002-03,True,18,lbfgs,200,False,2643.2557358147997,-1317.6278679073998
SARIMAX_anom_E4_exog,2002-03,True,54,lbfgs,200,False,2592.3493307174704,-1289.1746653587352
SARIMAX_z_E4_semexog,2002-03,True,20,lbfgs,200,False,687.4030580804146,-339.7015290402073
SARIMAX_z_E4_exog,2002-03,True,32,lbfgs,200,False,671.3309632925741,-328.66548164628705
Harmonico_harm1,2002-03,True,26,lbfgs,200,False,2830.3016384775324,-1410.1508192387662
Harmonico_harm2,2002-03,True,34,lbfgs,200,False,2810.673167319202,-1398.336583659601
SARIMAX_anom_E1_semexog,2002-04,True,19,lbfgs,200,False,2780.548457491102,-1387.274228745551
SARIMAX_anom_E1_exog,2002-04,True,31,lbfgs,200,False,2727.3193490459676,-1357.6596745229838
SARIMAX_z_E1_semexog,2002-04,True,17,lbfgs,200,False,721.2217189737876,-357.6108594868938
SARIMAX_z_E1_exog,2002-04,True,27,lbfgs,200,False,703.7266986242271,-345.86334931211354
SARIMAX_anom_E2_semexog,2002-04,True,35,lbfgs,200,False,2769.233119481612,-1380.616559740806
SARIMAX_anom_E2_exog,2002-04,True,65,lbfgs,200,False,2718.713263912338,-1352.356631956169
SARIMAX_z_E2_semexog,2002-04,True,12,lbfgs,200,False,718.8794344573014,-355.4397172286507
SARIMAX_z_E2_exog,2002-04,True,14,lbfgs,200,False,702.8157920953868,-344.4078960476934
SARIMAX_anom_E3_semexog,2002-04,True,23,lbfgs,200,False,2667.8164759139127,-1329.9082379569563
SARIMAX_anom_E3_exog,2002-04,True,67,lbfgs,200,False,2613.057106031053,-1299.5285530155265
SARIMAX_z_E3_semexog,2002-04,True,12,lbfgs,200,False,693.9721306902638,-342.9860653451319
SARIMAX_z_E3_exog,2002-04,True,36,lbfgs,200,False,676.756864600631,-331.3784323003155
SARIMAX_anom_E4_semexog,2002-04,True,26,lbfgs,200,False,2653.2203125923243,-1322.6101562961621
SARIMAX_anom_E4_exog,2002-04,True,62,lbfgs,200,False,2602.159318614449,-1294.0796593072246
SARIMAX_z_E4_semexog,2002-04,True,18,lbfgs,200,False,690.1273002370112,-341.0636501185056
SARIMAX_z_E4_exog,2002-04,True,32,lbfgs,200,False,673.8514519609819,-329.92572598049094
Harmonico_harm1,2002-04,True,22,lbfgs,200,False,2840.693035442334,-1415.346517721167
Harmonico_harm2,2002-04,True,31,lbfgs,200,False,2820.780219173803,-1403.3901095869014
SARIMAX_anom_E1_semexog,2002-05,True,19,lbfgs,200,False,2790.8919611152924,-1392.4459805576462
SARIMAX_anom_E1_exog,2002-05,True,26,lbfgs,200,False,2737.598455082406,-1362.799227541203
SARIMAX_z_E1_semexog,2002-05,True,18,lbfgs,200,False,724.1547956072874,-359.0773978036437
SARIMAX_z_E1_exog,2002-05,True,29,lbfgs,200,False,706.4859863275566,-347.2429931637783
SARIMAX_anom_E2_semexog,2002-05,True,26,lbfgs,200,False,2779.724698809985,-1385.8623494049925
SARIMAX_anom_E2_exog,2002-05,True,54,lbfgs,200,False,2729.0727795211137,-1357.5363897605569
SARIMAX_z_E2_semexog,2002-05,True,13,lbfgs,200,False,721.762960100467,-356.8814800502335
SARIMAX_z_E2_exog,2002-05,True,16,lbfgs,200,False,705.620138167506,-345.810069083753
SARIMAX_anom_E3_semexog,2002-05,True,22,lbfgs,200,False,2678.037744692342,-1335.018872346171
SARIMAX_anom_E3_exog,2002-05,True,57,lbfgs,200,False,2623.3599905359683,-1304.6799952679842
SARIMAX_z_E3_semexog,2002-05,True,11,lbfgs,200,False,696.6405840448967,-344.32029202244837
SARIMAX_z_E3_exog,2002-05,True,38,lbfgs,200,False,679.4741590228534,-332.7370795114267
SARIMAX_anom_E4_semexog,2002-05,True,18,lbfgs,200,False,2663.526944858308,-1327.763472429154
SARIMAX_anom_E4_exog,2002-05,True,62,lbfgs,200,False,2612.414873778503,-1299.2074368892515
SARIMAX_z_E4_semexog,2002-05,True,19,lbfgs,200,False,692.89934197753,-342.449670988765
SARIMAX_z_E4_exog,2002-05,True,33,lbfgs,200,False,676.5199269320286,-331.2599634660143
Harmonico_harm1,2002-05,True,25,lbfgs,200,False,2850.8775054153816,-1420.4387527076908
Harmonico_harm2,2002-05,True,31,lbfgs,200,False,2830.820381198403,-1408.4101905992015
SARIMAX_anom_E1_semexog,2002-06,True,19,lbfgs,200,False,2800.8097339368273,-1397.4048669684137
SARIMAX_anom_E1_exog,2002-06,True,35,lbfgs,200,False,2747.4143480725115,-1367.7071740362558
SARIMAX_z_E1_semexog,2002-06,True,17,lbfgs,200,False,726.9573480805017,-360.47867404025084
SARIMAX_z_E1_exog,2002-06,True,32,lbfgs,200,False,709.2436058382361,-348.62180291911807
SARIMAX_anom_E2_semexog,2002-06,True,23,lbfgs,200,False,2789.63763713822,-1390.81881856911
SARIMAX_anom_E2_exog,2002-06,True,61,lbfgs,200,False,2738.891435388681,-1362.4457176943406
SARIMAX_z_E2_semexog,2002-06,True,13,lbfgs,200,False,724.6626308771436,-358.3313154385718
SARIMAX_z_E2_exog,2002-06,True,16,lbfgs,200,False,708.4001974712019,-347.20009873560093
SARIMAX_anom_E3_semexog,2002-06,True,23,lbfgs,200,False,2687.9817068976463,-1339.9908534488231
SARIMAX_anom_E3_exog,2002-06,True,65,lbfgs,200,False,2633.1949536621487,-1309.5974768310743
SARIMAX_z_E3_semexog,2002-06,True,11,lbfgs,200,False,699.5489093288129,-345.77445466440645
SARIMAX_z_E3_exog,2002-06,True,40,lbfgs,200,False,682.2672093837782,-334.1336046918891
SARIMAX_anom_E4_semexog,2002-06,True,18,lbfgs,200,False,2673.4496676552208,-1332.7248338276104
SARIMAX_anom_E4_exog,2002-06,True,56,lbfgs,200,False,2622.2493605257278,-1304.1246802628639
SARIMAX_z_E4_semexog,2002-06,True,22,lbfgs,200,False,695.7486195922013,-343.87430979610065
SARIMAX_z_E4_exog,2002-06,True,35,lbfgs,200,False,679.3181719215866,-332.6590859607933
Harmonico_harm1,2002-06,True,27,lbfgs,200,False,2861.300802392395,-1425.6504011961974
Harmonico_harm2,2002-06,True,32,lbfgs,200,False,2840.862460304812,-1413.431230152406
SARIMAX_anom_E1_semexog,2002-07,True,19,lbfgs,200,False,2810.7357748752843,-1402.3678874376421
SARIMAX_anom_E1_exog,2002-07,True,25,lbfgs,200,False,2757.2227961532767,-1372.6113980766384
SARIMAX_z_E1_semexog,2002-07,True,17,lbfgs,200,False,729.7640536652599,-361.88202683262995
SARIMAX_z_E1_exog,2002-07,True,29,lbfgs,200,False,711.9234779742584,-349.9617389871292
SARIMAX_anom_E2_semexog,2002-07,True,38,lbfgs,200,False,2799.5519632255937,-1395.7759816127968
SARIMAX_anom_E2_exog,2002-07,True,67,lbfgs,200,False,2748.7032786310374,-1367.3516393155187
SARIMAX_z_E2_semexog,2002-07,True,12,lbfgs,200,False,727.612311444474,-359.806155722237
SARIMAX_z_E2_exog,2002-07,True,15,lbfgs,200,False,711.1484234863287,-348.57421174316437
SARIMAX_anom_E3_semexog,2002-07,True,23,lbfgs,200,False,2697.9346982342636,-1344.9673491171318
SARIMAX_anom_E3_exog,2002-07,True,51,lbfgs,200,False,2643.0161153328213,-1314.5080576664107
SARIMAX_z_E3_semexog,2002-07,True,11,lbfgs,200,False,702.3587743247117,-347.17938716235585
SARIMAX_z_E3_exog,2002-07,True,42,lbfgs,200,False,684.927456144133,-335.4637280720665
SARIMAX_anom_E4_semexog,2002-07,True,29,lbfgs,200,False,2683.3762284919994,-1337.6881142459997
SARIMAX_anom_E4_exog,2002-07,True,63,lbfgs,200,False,2632.070444758922,-1309.035222379461
SARIMAX_z_E4_semexog,2002-07,True,21,lbfgs,200,False,698.505741586487,-345.2528707932435
SARIMAX_z_E4_exog,2002-07,True,34,lbfgs,200,False,681.95701410832,-333.97850705416
Harmonico_harm1,2002-07,True,26,lbfgs,200,False,2871.470597773818,-1430.735298886909
Harmonico_harm2,2002-07,True,31,lbfgs,200,False,2850.8953222639348,-1418.4476611319674
SARIMAX_anom_E1_semexog,2002-08,True,19,lbfgs,200,False,2820.680578353261,-1407.3402891766304
SARIMAX_anom_E1_exog,2002-08,True,25,lbfgs,200,False,2767.0213579290476,-1377.5106789645238
SARIMAX_z_E1_semexog,2002-08,True,19,lbfgs,200,False,732.49839860896,-363.24919930448
SARIMAX_z_E1_exog,2002-08,True,32,lbfgs,200,False,714.2581566304851,-351.12907831524257
SARIMAX_anom_E2_semexog,2002-08,True,35,lbfgs,200,False,2809.4947385435116,-1400.7473692717558
SARIMAX_anom_E2_exog,2002-08,True,55,lbfgs,200,False,2758.5048669992398,-1372.2524334996199
SARIMAX_z_E2_semexog,2002-08,True,12,lbfgs,200,False,730.198444202562,-361.099222101281
SARIMAX_z_E2_exog,2002-08,True,16,lbfgs,200,False,713.4589858125422,-349.7294929062711
SARIMAX_anom_E3_semexog,2002-08,True,23,lbfgs,200,False,2707.903738045674,-1349.951869022837
SARIMAX_anom_E3_exog,2002-08,True,58,lbfgs,200,False,2652.831522779228,-1319.415761389614
SARIMAX_z_E3_semexog,2002-08,True,9,lbfgs,200,False,704.8687802550423,-348.43439012752117
SARIMAX_z_E3_exog,2002-08,True,39,lbfgs,200,False,687.1028949641358,-336.5514474820679
SARIMAX_anom_E4_semexog,2002-08,True,30,lbfgs,200,False,2693.3179562272026,-1342.6589781136013
SARIMAX_anom_E4_exog,2002-08,True,46,lbfgs,200,False,2641.885786784622,-1313.942893392311
SARIMAX_z_E4_semexog,2002-08,True,21,lbfgs,200,False,701.0213506293394,-346.5106753146697
SARIMAX_z_E4_exog,2002-08,True,37,lbfgs,200,False,684.1253381146512,-335.0626690573256
Harmonico_harm1,2002-08,True,21,lbfgs,200,False,2881.507352170891,-1435.7536760854455
Harmonico_harm2,2002-08,True,32,lbfgs,200,False,2860.9949320196743,-1423.4974660098371
SARIMAX_anom_E1_semexog,2002-09,True,19,lbfgs,200,False,2830.6701837134424,-1412.3350918567212
SARIMAX_anom_E1_exog,2002-09,True,38,lbfgs,200,False,2776.810373477651,-1382.4051867388255
SARIMAX_z_E1_semexog,2002-09,True,19,lbfgs,200,False,735.2153633399432,-364.6076816699716
SARIMAX_z_E1_exog,2002-09,True,30,lbfgs,200,False,716.7972006467808,-352.3986003233904
SARIMAX_anom_E2_semexog,2002-09,True,37,lbfgs,200,False,2819.4850764288967,-1405.7425382144484
SARIMAX_anom_E2_exog,2002-09,True,62,lbfgs,200,False,2768.2957012092056,-1377.1478506046028
SARIMAX_z_E2_semexog,2002-09,True,12,lbfgs,200,False,732.8501416463445,-362.42507082317223
SARIMAX_z_E2_exog,2002-09,True,15,lbfgs,200,False,715.9934481538191,-350.9967240769096
SARIMAX_anom_E3_semexog,2002-09,True,23,lbfgs,200,False,2717.9434720257377,-1354.9717360128689
SARIMAX_anom_E3_exog,2002-09,True,57,lbfgs,200,False,2662.6598995372824,-1324.3299497686412
SARIMAX_z_E3_semexog,2002-09,True,11,lbfgs,200,False,707.4667176920925,-349.73335884604626
SARIMAX_z_E3_exog,2002-09,True,35,lbfgs,200,False,689.5912725657477,-337.79563628287383
SARIMAX_anom_E4_semexog,2002-09,True,18,lbfgs,200,False,2703.3341708522203,-1347.6670854261101
SARIMAX_anom_E4_exog,2002-09,True,66,lbfgs,200,False,2651.7148915652133,-1318.8574457826066
SARIMAX_z_E4_semexog,2002-09,True,21,lbfgs,200,False,703.6152297045414,-347.8076148522707
SARIMAX_z_E4_exog,2002-09,True,33,lbfgs,200,False,686.5790553172051,-336.28952765860254
Harmonico_harm1,2002-09,True,25,lbfgs,200,False,2891.6128745661726,-1440.8064372830863
Harmonico_harm2,2002-09,True,48,lbfgs,200,False,2871.105930142009,-1428.5529650710046
SARIMAX_anom_E1_semexog,2002-10,True,19,lbfgs,200,False,2842.5332977859625,-1418.2666488929813
SARIMAX_anom_E1_exog,2002-10,True,56,lbfgs,200,False,2788.1225879081603,-1388.0612939540802
SARIMAX_z_E1_semexog,2002-10,True,18,lbfgs,200,False,737.6794631344858,-365.8397315672429
SARIMAX_z_E1_exog,2002-10,True,25,lbfgs,200,False,718.7547899429187,-353.37739497145935
SARIMAX_anom_E2_semexog,2002-10,True,33,lbfgs,200,False,2831.3903498406044,-1411.6951749203022
SARIMAX_anom_E2_exog,2002-10,True,65,lbfgs,200,False,2779.605479842612,-1382.802739921306
SARIMAX_z_E2_semexog,2002-10,True,13,lbfgs,200,False,735.280553774807,-363.6402768874035
SARIMAX_z_E2_exog,2002-10,True,16,lbfgs,200,False,717.9051662640719,-351.95258313203595
SARIMAX_anom_E3_semexog,2002-10,True,23,lbfgs,200,False,2729.824793095322,-1360.912396547661
SARIMAX_anom_E3_exog,2002-10,True,63,lbfgs,200,False,2673.9144527129583,-1329.9572263564792
SARIMAX_z_E3_semexog,2002-10,True,12,lbfgs,200,False,709.8913992247034,-350.9456996123517
SARIMAX_z_E3_exog,2002-10,True,32,lbfgs,200,False,691.5174784293293,-338.7587392146647
SARIMAX_anom_E4_semexog,2002-10,True,18,lbfgs,200,False,2715.1350278738496,-1353.5675139369248
SARIMAX_anom_E4_exog,2002-10,True,58,lbfgs,200,False,2662.9799931304724,-1324.4899965652362
SARIMAX_z_E4_semexog,2002-10,True,20,lbfgs,200,False,706.0091731778103,-349.00458658890517
SARIMAX_z_E4_exog,2002-10,True,30,lbfgs,200,False,688.5357546105125,-337.26787730525626
Harmonico_harm1,2002-10,True,28,lbfgs,200,False,2902.5236348303933,-1446.2618174151967
Harmonico_harm2,2002-10,True,46,lbfgs,200,False,2882.7897684751215,-1434.3948842375607
SARIMAX_anom_E1_semexog,2002-11,True,22,lbfgs,200,False,2852.679837821303,-1423.3399189106515
SARIMAX_anom_E1_exog,2002-11,True,43,lbfgs,200,False,2798.1083904730676,-1393.0541952365338
SARIMAX_z_E1_semexog,2002-11,True,18,lbfgs,200,False,740.180105025974,-367.090052512987
SARIMAX_z_E1_exog,2002-11,True,24,lbfgs,200,False,721.0814849421092,-354.5407424710546
SARIMAX_anom_E2_semexog,2002-11,True,32,lbfgs,200,False,2841.6131480372915,-1416.8065740186457
SARIMAX_anom_E2_exog,2002-11,True,54,lbfgs,200,False,2789.590115994724,-1387.795057997362
SARIMAX_z_E2_semexog,2002-11,True,12,lbfgs,200,False,737.8617482661436,-364.9308741330718
SARIMAX_z_E2_exog,2002-11,True,16,lbfgs,200,False,720.2728702636302,-353.1364351318151
SARIMAX_anom_E3_semexog,2002-11,True,22,lbfgs,200,False,2740.0537068464146,-1366.0268534232073
SARIMAX_anom_E3_exog,2002-11,True,66,lbfgs,200,False,2683.876142090537,-1334.9380710452685
SARIMAX_z_E3_semexog,2002-11,True,12,lbfgs,200,False,712.3437721533621,-352.17188607668106
SARIMAX_z_E3_exog,2002-11,True,29,lbfgs,200,False,693.8228573404456,-339.9114286702228
SARIMAX_anom_E4_semexog,2002-11,True,30,lbfgs,200,False,2725.2291790421186,-1358.6145895210593
SARIMAX_anom_E4_exog,2002-11,True,73,lbfgs,200,False,2672.944752430589,-1329.4723762152944
SARIMAX_z_E4_semexog,2002-11,True,20,lbfgs,200,False,708.4634518507603,-350.23172592538015
SARIMAX_z_E4_exog,2002-11,True,25,lbfgs,200,False,690.8365577879489,-338.41827889397445
Harmonico_harm1,2002-11,True,30,lbfgs,200,False,2913.1148876161797,-1451.5574438080898
Harmonico_harm2,2002-11,True,51,lbfgs,200,False,2893.151455796111,-1439.5757278980554
SARIMAX_anom_E1_semexog,2002-12,True,15,lbfgs,200,False,2862.584149779438,-1428.292074889719
SARIMAX_anom_E1_exog,2002-12,True,44,lbfgs,200,False,2807.9272594519725,-1397.9636297259863
SARIMAX_z_E1_semexog,2002-12,True,18,lbfgs,200,False,742.9640745837643,-368.48203729188214
SARIMAX_z_E1_exog,2002-12,True,27,lbfgs,200,False,723.915096243559,-355.9575481217795
SARIMAX_anom_E2_semexog,2002-12,True,24,lbfgs,200,False,2851.5055343597187,-1421.7527671798593
SARIMAX_anom_E2_exog,2002-12,True,74,lbfgs,200,False,2799.4327712307127,-1392.7163856153563
SARIMAX_z_E2_semexog,2002-12,True,12,lbfgs,200,False,740.6617515272643,-366.33087576363215
SARIMAX_z_E2_exog,2002-12,True,16,lbfgs,200,False,723.1353659559472,-354.5676829779736
SARIMAX_anom_E3_semexog,2002-12,True,22,lbfgs,200,False,2750.021131570321,-1371.0105657851605
SARIMAX_anom_E3_exog,2002-12,True,54,lbfgs,200,False,2693.7204484892977,-1339.8602242446489
SARIMAX_z_E3_semexog,2002-12,True,12,lbfgs,200,False,715.1888417719701,-353.5944208859851
SARIMAX_z_E3_exog,2002-12,True,31,lbfgs,200,False,696.6926248187292,-341.3463124093646
SARIMAX_anom_E4_semexog,2002-12,True,25,lbfgs,200,False,2735.15182644143,-1363.575913220715
SARIMAX_anom_E4_exog,2002-12,True,52,lbfgs,200,False,2682.792467730843,-1334.3962338654214
SARIMAX_z_E4_semexog,2002-12,True,19,lbfgs,200,False,711.2868607249767,-351.64343036248835
SARIMAX_z_E4_exog,2002-12,True,27,lbfgs,200,False,693.7203610945201,-339.86018054726003
Harmonico_harm1,2002-12,True,22,lbfgs,200,False,2923.498244960841,-1456.7491224804205
Harmonico_harm2,2002-12,True,38,lbfgs,200,False,2903.168985263259,-1444.5844926316295
SARIMAX_anom_E1_semexog,2003-01,True,13,lbfgs,200,False,2874.1101572192865,-1434.0550786096433
SARIMAX_anom_E1_exog,2003-01,True,36,lbfgs,200,False,2818.6185746416404,-1403.3092873208202
SARIMAX_z_E1_semexog,2003-01,True,17,lbfgs,200,False,745.393150909922,-369.696575454961
SARIMAX_z_E1_exog,2003-01,True,25,lbfgs,200,False,726.056041870036,-357.028020935018
SARIMAX_anom_E2_semexog,2003-01,True,33,lbfgs,200,False,2862.8284537600766,-1427.4142268800383
SARIMAX_anom_E2_exog,2003-01,True,69,lbfgs,200,False,2810.0916824473934,-1398.0458412236967
SARIMAX_z_E2_semexog,2003-01,True,12,lbfgs,200,False,743.3554680034305,-367.67773400171524
SARIMAX_z_E2_exog,2003-01,True,14,lbfgs,200,False,725.287640191543,-355.6438200957715
SARIMAX_anom_E3_semexog,2003-01,True,23,lbfgs,200,False,2761.6739731963035,-1376.8369865981517
SARIMAX_anom_E3_exog,2003-01,True,66,lbfgs,200,False,2704.170347827757,-1345.0851739138784
SARIMAX_z_E3_semexog,2003-01,True,12,lbfgs,200,False,717.8995488749588,-354.9497744374794
SARIMAX_z_E3_exog,2003-01,True,32,lbfgs,200,False,698.8492910813443,-342.42464554067215
SARIMAX_anom_E4_semexog,2003-01,True,25,lbfgs,200,False,2746.3186283422,-1369.1593141711
SARIMAX_anom_E4_exog,2003-01,True,52,lbfgs,200,False,2693.1878133376504,-1339.5939066688252
SARIMAX_z_E4_semexog,2003-01,True,17,lbfgs,200,False,713.7703480001926,-352.8851740000963
SARIMAX_z_E4_exog,2003-01,True,26,lbfgs,200,False,695.9195014939246,-340.9597507469623
Harmonico_harm1,2003-01,True,29,lbfgs,200,False,2935.721429979979,-1462.8607149899894
Harmonico_harm2,2003-01,True,53,lbfgs,200,False,2914.636678323765,-1450.3183391618825
SARIMAX_anom_E1_semexog,2003-02,True,21,lbfgs,200,False,2888.533868068983,-1441.2669340344914
SARIMAX_anom_E1_exog,2003-02,True,41,lbfgs,200,False,2833.9209370761027,-1410.9604685380514
SARIMAX_z_E1_semexog,2003-02,True,18,lbfgs,200,False,748.895002472094,-371.447501236047
SARIMAX_z_E1_exog,2003-02,True,26,lbfgs,200,False,730.2159928191202,-359.1079964095601
SARIMAX_anom_E2_semexog,2003-02,True,14,lbfgs,200,False,2877.038176125805,-1434.5190880629025
SARIMAX_anom_E2_exog,2003-02,True,76,lbfgs,200,False,2825.3720106568226,-1405.6860053284113
SARIMAX_z_E2_semexog,2003-02,True,12,lbfgs,200,False,746.3254799314886,-369.1627399657443
SARIMAX_z_E2_exog,2003-02,True,16,lbfgs,200,False,729.365858158003,-357.6829290790015
SARIMAX_anom_E3_semexog,2003-02,True,25,lbfgs,200,False,2775.3054336299606,-1383.6527168149803
SARIMAX_anom_E3_exog,2003-02,True,49,lbfgs,200,False,2719.2912804962334,-1352.6456402481167
SARIMAX_z_E3_semexog,2003-02,True,12,lbfgs,200,False,721.392654056858,-356.696327028429
SARIMAX_z_E3_exog,2003-02,True,30,lbfgs,200,False,703.382997356492,-344.691498678246
SARIMAX_anom_E4_semexog,2003-02,True,27,lbfgs,200,False,2760.384191688178,-1376.192095844089
SARIMAX_anom_E4_exog,2003-02,True,55,lbfgs,200,False,2708.167901245034,-1347.083950622517
SARIMAX_z_E4_semexog,2003-02,True,21,lbfgs,200,False,717.6336080310899,-354.81680401554496
SARIMAX_z_E4_exog,2003-02,True,30,lbfgs,200,False,700.5352868806714,-343.2676434403357
Harmonico_harm1,2003-02,False,24,lbfgs,200,True,2947.847144377244,-1468.923572188622
Harmonico_harm2,2003-02,True,47,lbfgs,200,False,2926.4823987433597,-1456.2411993716798
SARIMAX_anom_E1_semexog,2003-03,True,20,lbfgs,200,False,2898.8674575261293,-1446.4337287630647
SARIMAX_anom_E1_exog,2003-03,True,52,lbfgs,200,False,2843.718082907859,-1415.8590414539294
SARIMAX_z_E1_semexog,2003-03,True,17,lbfgs,200,False,751.7274336240083,-372.86371681200416
SARIMAX_z_E1_exog,2003-03,True,30,lbfgs,200,False,732.7709225365202,-360.3854612682601
SARIMAX_anom_E2_semexog,2003-03,True,23,lbfgs,200,False,2887.113132944145,-1439.5565664720725
SARIMAX_anom_E2_exog,2003-03,True,65,lbfgs,200,False,2835.166590793319,-1410.5832953966594
SARIMAX_z_E2_semexog,2003-03,True,12,lbfgs,200,False,749.1071195807019,-370.55355979035096
SARIMAX_z_E2_exog,2003-03,True,16,lbfgs,200,False,731.8673499625143,-358.9336749812571
SARIMAX_anom_E3_semexog,2003-03,True,25,lbfgs,200,False,2785.59462002023,-1388.797310010115
SARIMAX_anom_E3_exog,2003-03,True,49,lbfgs,200,False,2729.188492154559,-1357.5942460772794
SARIMAX_z_E3_semexog,2003-03,True,10,lbfgs,200,False,724.3396532777926,-358.1698266388963
SARIMAX_z_E3_exog,2003-03,True,39,lbfgs,200,False,705.9171443726664,-345.9585721863332
SARIMAX_anom_E4_semexog,2003-03,True,29,lbfgs,200,False,2770.68408449665,-1381.342042248325
SARIMAX_anom_E4_exog,2003-03,True,69,lbfgs,200,False,2718.0658863659114,-1352.0329431829557
SARIMAX_z_E4_semexog,2003-03,True,20,lbfgs,200,False,720.3676897998755,-356.18384489993775
SARIMAX_z_E4_exog,2003-03,True,32,lbfgs,200,False,703.0728785900526,-344.5364392950263
Harmonico_harm1,2003-03,True,23,lbfgs,200,False,2958.1084404178227,-1474.0542202089114
Harmonico_harm2,2003-03,True,42,lbfgs,200,False,2936.544080131839,-1461.2720400659196
SARIMAX_anom_E1_semexog,2003-04,True,23,lbfgs,200,False,2909.0342182915047,-1451.5171091457523
SARIMAX_anom_E1_exog,2003-04,True,38,lbfgs,200,False,2853.744771040926,-1420.872385520463
SARIMAX_z_E1_semexog,2003-04,True,16,lbfgs,200,False,754.4947594957746,-374.2473797478873
SARIMAX_z_E1_exog,2003-04,True,29,lbfgs,200,False,735.3900111335795,-361.69500556678975
SARIMAX_anom_E2_semexog,2003-04,True,20,lbfgs,200,False,2897.0738727607363,-1444.5369363803682
SARIMAX_anom_E2_exog,2003-04,True,50,lbfgs,200,False,2845.1035601356093,-1415.5517800678047
SARIMAX_z_E2_semexog,2003-04,True,12,lbfgs,200,False,751.76098347477,-371.880491737385
SARIMAX_z_E2_exog,2003-04,True,16,lbfgs,200,False,734.3696198503965,-360.18480992519824
SARIMAX_anom_E3_semexog,2003-04,True,25,lbfgs,200,False,2795.6839940619375,-1393.8419970309687
SARIMAX_anom_E3_exog,2003-04,True,55,lbfgs,200,False,2739.187285396135,-1362.5936426980675
SARIMAX_z_E3_semexog,2003-04,True,10,lbfgs,200,False,727.0411272812712,-359.5205636406356
SARIMAX_z_E3_exog,2003-04,True,35,lbfgs,200,False,708.4698177400661,-347.23490887003305
SARIMAX_anom_E4_semexog,2003-04,True,18,lbfgs,200,False,2780.823476823776,-1386.411738411888
SARIMAX_anom_E4_exog,2003-04,True,65,lbfgs,200,False,2728.0023594514555,-1357.0011797257278
SARIMAX_z_E4_semexog,2003-04,True,20,lbfgs,200,False,723.0847625198119,-357.54238125990594
SARIMAX_z_E4_exog,2003-04,True,32,lbfgs,200,False,705.6481280380873,-345.82406401904365
Harmonico_harm1,2003-04,True,26,lbfgs,200,False,2968.9178258999646,-1479.4589129499823
Harmonico_harm2,2003-04,True,31,lbfgs,200,False,2947.1710625656874,-1466.5855312828437
SARIMAX_anom_E1_semexog,2003-05,True,19,lbfgs,200,False,2919.0536645299417,-1456.5268322649708
SARIMAX_anom_E1_exog,2003-05,True,40,lbfgs,200,False,2863.602534420187,-1425.8012672100936
SARIMAX_z_E1_semexog,2003-05,True,17,lbfgs,200,False,757.2674684488734,-375.6337342244367
SARIMAX_z_E1_exog,2003-05,True,31,lbfgs,200,False,738.0283115519767,-363.01415577598834
SARIMAX_anom_E2_semexog,2003-05,True,12,lbfgs,200,False,2907.0796031135374,-1449.5398015567687
SARIMAX_anom_E2_exog,2003-05,True,59,lbfgs,200,False,2854.9686355642475,-1420.4843177821238
SARIMAX_z_E2_semexog,2003-05,True,11,lbfgs,200,False,754.4231524648119,-373.21157623240595
SARIMAX_z_E2_exog,2003-05,True,16,lbfgs,200,False,736.9404926134139,-361.47024630670694
SARIMAX_anom_E3_semexog,2003-05,True,25,lbfgs,200,False,2805.739911162614,-1398.869955581307
SARIMAX_anom_E3_exog,2003-05,True,63,lbfgs,200,False,2749.050798074063,-1367.5253990370315
SARIMAX_z_E3_semexog,2003-05,True,8,lbfgs,200,False,729.8455458632917,-360.92277293164585
SARIMAX_z_E3_exog,2003-05,True,40,lbfgs,200,False,711.1371896375316,-348.5685948187658
SARIMAX_anom_E4_semexog,2003-05,True,27,lbfgs,200,False,2790.8465851726505,-1391.4232925863253
SARIMAX_anom_E4_exog,2003-05,True,56,lbfgs,200,False,2737.889062938434,-1361.944531469217
SARIMAX_z_E4_semexog,2003-05,True,20,lbfgs,200,False,725.8546890212726,-358.9273445106363
SARIMAX_z_E4_exog,2003-05,True,34,lbfgs,200,False,708.319776152262,-347.159888076131
Harmonico_harm1,2003-05,True,21,lbfgs,200,False,2979.6886957167317,-1484.8443478583658
Harmonico_harm2,2003-05,True,44,lbfgs,200,False,2957.416804947614,-1471.708402473807
SARIMAX_anom_E1_semexog,2003-06,True,19,lbfgs,200,False,2928.9755882550608,-1461.4877941275304
SARIMAX_anom_E1_exog,2003-06,True,41,lbfgs,200,False,2873.445495235776,-1430.722747617888
SARIMAX_z_E1_semexog,2003-06,True,17,lbfgs,200,False,760.0362596193335,-377.01812980966673
SARIMAX_z_E1_exog,2003-06,True,29,lbfgs,200,False,740.8293769173363,-364.41468845866814
SARIMAX_anom_E2_semexog,2003-06,True,12,lbfgs,200,False,2917.007116845357,-1454.5035584226785
SARIMAX_anom_E2_exog,2003-06,True,65,lbfgs,200,False,2864.823238350371,-1425.4116191751855
SARIMAX_z_E2_semexog,2003-06,True,12,lbfgs,200,False,757.2474475521844,-374.6237237760922
SARIMAX_z_E2_exog,2003-06,True,16,lbfgs,200,False,739.7727560091355,-362.88637800456775
SARIMAX_anom_E3_semexog,2003-06,True,25,lbfgs,200,False,2815.686478008147,-1403.8432390040734
SARIMAX_anom_E3_exog,2003-06,True,63,lbfgs,200,False,2758.905070707445,-1372.4525353537224
SARIMAX_z_E3_semexog,2003-06,True,9,lbfgs,200,False,732.6252548473105,-362.3126274236553
SARIMAX_z_E3_exog,2003-06,True,39,lbfgs,200,False,713.9485748551825,-349.97428742759126
SARIMAX_anom_E4_semexog,2003-06,True,29,lbfgs,200,False,2800.765233628481,-1396.3826168142405
SARIMAX_anom_E4_exog,2003-06,True,63,lbfgs,200,False,2747.744011634503,-1366.8720058172514
SARIMAX_z_E4_semexog,2003-06,True,19,lbfgs,200,False,728.6066472937537,-360.30332364687683
SARIMAX_z_E4_exog,2003-06,True,34,lbfgs,200,False,711.1197645398981,-348.55988226994907
Harmonico_harm1,2003-06,True,21,lbfgs,200,False,2990.1478297435397,-1490.0739148717698
Harmonico_harm2,2003-06,True,43,lbfgs,200,False,2967.4708692696704,-1476.7354346348352
SARIMAX_anom_E1_semexog,2003-07,True,21,lbfgs,200,False,2938.897820012093,-1466.4489100060464
SARIMAX_anom_E1_exog,2003-07,True,59,lbfgs,200,False,2883.3622781679737,-1435.6811390839869
SARIMAX_z_E1_semexog,2003-07,True,19,lbfgs,200,False,762.7567136003986,-378.3783568001993
SARIMAX_z_E1_exog,2003-07,True,26,lbfgs,200,False,743.8342786723208,-365.9171393361604
SARIMAX_anom_E2_semexog,2003-07,True,12,lbfgs,200,False,2926.913426159469,-1459.4567130797345
SARIMAX_anom_E2_exog,2003-07,True,67,lbfgs,200,False,2874.7317364275186,-1430.3658682137593
SARIMAX_z_E2_semexog,2003-07,True,11,lbfgs,200,False,759.931732514624,-375.965866257312
SARIMAX_z_E2_exog,2003-07,True,15,lbfgs,200,False,742.6932527064823,-364.34662635324116
SARIMAX_anom_E3_semexog,2003-07,True,25,lbfgs,200,False,2825.634842160854,-1408.817421080427
SARIMAX_anom_E3_exog,2003-07,True,58,lbfgs,200,False,2768.832470258445,-1377.4162351292225
SARIMAX_z_E3_semexog,2003-07,True,11,lbfgs,200,False,735.307481763975,-363.6537408819875
SARIMAX_z_E3_exog,2003-07,True,32,lbfgs,200,False,716.922547055403,-351.4612735277015
SARIMAX_anom_E4_semexog,2003-07,True,27,lbfgs,200,False,2810.685427315689,-1401.3427136578446
SARIMAX_anom_E4_exog,2003-07,True,59,lbfgs,200,False,2757.6644433992224,-1371.8322216996112
SARIMAX_z_E4_semexog,2003-07,True,21,lbfgs,200,False,731.2537416973796,-361.6268708486898
SARIMAX_z_E4_exog,2003-07,True,33,lbfgs,200,False,714.0745643865757,-350.03728219328787
Harmonico_harm1,2003-07,True,22,lbfgs,200,False,3000.249779617937,-1495.1248898089684
Harmonico_harm2,2003-07,True,51,lbfgs,200,False,2977.5024800256097,-1481.7512400128048
SARIMAX_anom_E1_semexog,2003-08,True,23,lbfgs,200,False,2949.0091285307817,-1471.5045642653909
SARIMAX_anom_E1_exog,2003-08,True,47,lbfgs,200,False,2893.2415616101352,-1440.6207808050676
SARIMAX_z_E1_semexog,2003-08,True,16,lbfgs,200,False,766.1131367435721,-380.05656837178606
SARIMAX_z_E1_exog,2003-08,True,27,lbfgs,200,False,746.2842574071634,-367.1421287035817
SARIMAX_anom_E2_semexog,2003-08,True,21,lbfgs,200,False,2937.033091543444,-1464.516545771722
SARIMAX_anom_E2_exog,2003-08,True,51,lbfgs,200,False,2884.6171414112796,-1435.3085707056398
SARIMAX_z_E2_semexog,2003-08,True,12,lbfgs,200,False,763.7681052396545,-377.88405261982723
SARIMAX_z_E2_exog,2003-08,True,13,lbfgs,200,False,745.4599409592338,-365.7299704796169
SARIMAX_anom_E3_semexog,2003-08,True,25,lbfgs,200,False,2835.747341814451,-1413.8736709072255
SARIMAX_anom_E3_exog,2003-08,True,48,lbfgs,200,False,2778.7116237943255,-1382.3558118971628
SARIMAX_z_E3_semexog,2003-08,True,11,lbfgs,200,False,739.326656154245,-365.6633280771225
SARIMAX_z_E3_exog,2003-08,True,28,lbfgs,200,False,719.6787141539934,-352.8393570769967
SARIMAX_anom_E4_semexog,2003-08,True,17,lbfgs,200,False,2820.824741375027,-1406.4123706875134
SARIMAX_anom_E4_exog,2003-08,True,48,lbfgs,200,False,2767.5431353214526,-1376.7715676607263
SARIMAX_z_E4_semexog,2003-08,True,17,lbfgs,200,False,735.1929580215515,-363.59647901077574
SARIMAX_z_E4_exog,2003-08,True,21,lbfgs,200,False,716.885917707001,-351.4429588535005
Harmonico_harm1,2003-08,True,31,lbfgs,200,False,3010.3794569350057,-1500.1897284675028
Harmonico_harm2,2003-08,True,36,lbfgs,200,False,2987.518281692661,-1486.7591408463304
SARIMAX_anom_E1_semexog,2003-09,True,19,lbfgs,200,False,2959.080294741154,-1476.540147370577
SARIMAX_anom_E1_exog,2003-09,True,45,lbfgs,200,False,2903.1980568471527,-1445.5990284235763
SARIMAX_z_E1_semexog,2003-09,True,17,lbfgs,200,False,769.0882214306412,-381.5441107153206
SARIMAX_z_E1_exog,2003-09,True,26,lbfgs,200,False,749.2151729536465,-368.60758647682326
SARIMAX_anom_E2_semexog,2003-09,True,21,lbfgs,200,False,2947.06016144537,-1469.530080722685
SARIMAX_anom_E2_exog,2003-09,True,65,lbfgs,200,False,2894.563334746665,-1440.2816673733325
SARIMAX_z_E2_semexog,2003-09,True,11,lbfgs,200,False,766.8062026966926,-379.4031013483463
SARIMAX_z_E2_exog,2003-09,True,13,lbfgs,200,False,748.3074848682918,-367.1537424341459
SARIMAX_anom_E3_semexog,2003-09,True,25,lbfgs,200,False,2845.8493088152754,-1418.9246544076377
SARIMAX_anom_E3_exog,2003-09,True,60,lbfgs,200,False,2788.7130657278785,-1387.3565328639393
SARIMAX_z_E3_semexog,2003-09,True,12,lbfgs,200,False,742.5311901732872,-367.2655950866436
SARIMAX_z_E3_exog,2003-09,True,29,lbfgs,200,False,722.585739749462,-354.292869874731
SARIMAX_anom_E4_semexog,2003-09,True,27,lbfgs,200,False,2830.913662027024,-1411.456831013512
SARIMAX_anom_E4_exog,2003-09,True,58,lbfgs,200,False,2777.5395358130345,-1381.7697679065172
SARIMAX_z_E4_semexog,2003-09,True,18,lbfgs,200,False,738.1504429779611,-365.07522148898056
SARIMAX_z_E4_exog,2003-09,True,24,lbfgs,200,False,719.8154791984898,-352.9077395992449
Harmonico_harm1,2003-09,True,22,lbfgs,200,False,3020.596185729159,-1505.2980928645795
Harmonico_harm2,2003-09,True,30,lbfgs,200,False,2998.187367242991,-1492.0936836214955
SARIMAX_anom_E1_semexog,2003-10,True,19,lbfgs,200,False,2969.725930037439,-1481.8629650187195
SARIMAX_anom_E1_exog,2003-10,True,49,lbfgs,200,False,2913.9795085526644,-1450.9897542763322
SARIMAX_z_E1_semexog,2003-10,True,17,lbfgs,200,False,771.9238033799518,-382.9619016899759
SARIMAX_z_E1_exog,2003-10,True,24,lbfgs,200,False,752.013860697725,-370.0069303488625
SARIMAX_anom_E2_semexog,2003-10,True,12,lbfgs,200,False,2957.877757630542,-1474.938878815271
SARIMAX_anom_E2_exog,2003-10,True,48,lbfgs,200,False,2905.356793665752,-1445.678396832876
SARIMAX_z_E2_semexog,2003-10,True,12,lbfgs,200,False,770.3427127296668,-381.1713563648334
SARIMAX_z_E2_exog,2003-10,True,12,lbfgs,200,False,751.5071635768232,-368.7535817884116
SARIMAX_anom_E3_semexog,2003-10,True,25,lbfgs,200,False,2856.521906632251,-1424.2609533161256
SARIMAX_anom_E3_exog,2003-10,True,52,lbfgs,200,False,2799.519658348432,-1392.759829174216
SARIMAX_z_E3_semexog,2003-10,True,12,lbfgs,200,False,745.086155692949,-368.5430778464745
SARIMAX_z_E3_exog,2003-10,True,29,lbfgs,200,False,725.1751483928359,-355.58757419641796
SARIMAX_anom_E4_semexog,2003-10,True,27,lbfgs,200,False,2841.5833584313186,-1416.7916792156593
SARIMAX_anom_E4_exog,2003-10,True,61,lbfgs,200,False,2788.391901261348,-1387.195950630674
SARIMAX_z_E4_semexog,2003-10,True,20,lbfgs,200,False,740.7051021000298,-366.3525510500149
SARIMAX_z_E4_exog,2003-10,True,25,lbfgs,200,False,722.3718800902958,-354.1859400451479
Harmonico_harm1,2003-10,True,21,lbfgs,200,False,3030.8293975958004,-1510.4146987979002
Harmonico_harm2,2003-10,True,39,lbfgs,200,False,3008.635717314495,-1497.3178586572476
SARIMAX_anom_E1_semexog,2003-11,True,19,lbfgs,200,False,2979.845169905414,-1486.922584952707
SARIMAX_anom_E1_exog,2003-11,True,39,lbfgs,200,False,2924.226426191978,-1456.113213095989
SARIMAX_z_E1_semexog,2003-11,True,18,lbfgs,200,False,774.643338674592,-384.321669337296
SARIMAX_z_E1_exog,2003-11,True,26,lbfgs,200,False,754.7047381653982,-371.3523690826991
SARIMAX_anom_E2_semexog,2003-11,True,12,lbfgs,200,False,2968.036404374589,-1480.0182021872945
SARIMAX_anom_E2_exog,2003-11,True,60,lbfgs,200,False,2915.566269248549,-1450.7831346242745
SARIMAX_z_E2_semexog,2003-11,True,12,lbfgs,200,False,772.8985749198164,-382.4492874599082
SARIMAX_z_E2_exog,2003-11,True,13,lbfgs,200,False,754.1189453020395,-370.05947265101975
SARIMAX_anom_E3_semexog,2003-11,True,22,lbfgs,200,False,2866.7017846384406,-1429.3508923192203
SARIMAX_anom_E3_exog,2003-11,True,49,lbfgs,200,False,2809.7413973358607,-1397.8706986679304
SARIMAX_z_E3_semexog,2003-11,True,12,lbfgs,200,False,747.6372566593336,-369.8186283296668
SARIMAX_z_E3_exog,2003-11,True,31,lbfgs,200,False,727.777505081054,-356.888752540527
SARIMAX_anom_E4_semexog,2003-11,True,29,lbfgs,200,False,2851.6656504183547,-1421.8328252091774
SARIMAX_anom_E4_exog,2003-11,True,52,lbfgs,200,False,2798.6118777308548,-1392.3059388654274
SARIMAX_z_E4_semexog,2003-11,True,20,lbfgs,200,False,743.2804837102536,-367.6402418551268
SARIMAX_z_E4_exog,2003-11,True,23,lbfgs,200,False,724.9440441171955,-355.47202205859776
Harmonico_harm1,2003-11,False,21,lbfgs,200,True,3041.3020159286366,-1515.6510079643183
Harmonico_harm2,2003-11,True,47,lbfgs,200,False,3018.8182036548264,-1502.4091018274132
SARIMAX_anom_E1_semexog,2003-12,True,21,lbfgs,200,False,2991.396452772572,-1492.698226386286
SARIMAX_anom_E1_exog,2003-12,True,52,lbfgs,200,False,2936.1121171725545,-1462.0560585862772
SARIMAX_z_E1_semexog,2003-12,True,18,lbfgs,200,False,777.2478802554103,-385.62394012770517
SARIMAX_z_E1_exog,2003-12,True,40,lbfgs,200,False,757.3650999371891,-372.68254996859457
SARIMAX_anom_E2_semexog,2003-12,True,21,lbfgs,200,False,2979.3745528912955,-1485.6872764456477
SARIMAX_anom_E2_exog,2003-12,True,60,lbfgs,200,False,2927.269928034021,-1456.6349640170106
SARIMAX_z_E2_semexog,2003-12,True,13,lbfgs,200,False,775.2866964017305,-383.64334820086526
SARIMAX_z_E2_exog,2003-12,True,15,lbfgs,200,False,756.6222619569384,-371.3111309784692
SARIMAX_anom_E3_semexog,2003-12,True,24,lbfgs,200,False,2878.5690906764057,-1435.2845453382029
SARIMAX_anom_E3_exog,2003-12,True,63,lbfgs,200,False,2821.6594137992606,-1403.8297068996303
SARIMAX_z_E3_semexog,2003-12,True,12,lbfgs,200,False,750.3276167284781,-371.16380836423906
SARIMAX_z_E3_exog,2003-12,True,43,lbfgs,200,False,730.5587522412908,-358.2793761206454
SARIMAX_anom_E4_semexog,2003-12,True,28,lbfgs,200,False,2863.294801122438,-1427.647400561219
SARIMAX_anom_E4_exog,2003-12,True,52,lbfgs,200,False,2810.4923068642925,-1398.2461534321462
SARIMAX_z_E4_semexog,2003-12,True,19,lbfgs,200,False,745.9502662892819,-368.97513314464095
SARIMAX_z_E4_exog,2003-12,True,41,lbfgs,200,False,727.7145043735884,-356.8572521867942
Harmonico_harm1,2003-12,True,23,lbfgs,200,False,3053.944858471424,-1521.972429235712
Harmonico_harm2,2003-12,True,56,lbfgs,200,False,3030.315510925493,-1508.1577554627465
SARIMAX_anom_E1_semexog,2004-01,True,23,lbfgs,200,False,3005.2280477552704,-1499.6140238776352
SARIMAX_anom_E1_exog,2004-01,True,42,lbfgs,200,False,2949.2528420989493,-1468.6264210494746
SARIMAX_z_E1_semexog,2004-01,True,16,lbfgs,200,False,780.5715437739372,-387.2857718869686
SARIMAX_z_E1_exog,2004-01,True,26,lbfgs,200,False,760.5826982610474,-374.2913491305237
SARIMAX_anom_E2_semexog,2004-01,True,18,lbfgs,200,False,2993.034958119195,-1492.5174790595975
SARIMAX_anom_E2_exog,2004-01,True,62,lbfgs,200,False,2940.5894239981926,-1463.2947119990963
SARIMAX_z_E2_semexog,2004-01,True,12,lbfgs,200,False,778.4736382902358,-385.2368191451179
SARIMAX_z_E2_exog,2004-01,True,16,lbfgs,200,False,759.9042983025527,-372.95214915127633
SARIMAX_anom_E3_semexog,2004-01,True,23,lbfgs,200,False,2891.964087503751,-1441.9820437518756
SARIMAX_anom_E3_exog,2004-01,True,60,lbfgs,200,False,2835.0390256812516,-1410.5195128406258
SARIMAX_z_E3_semexog,2004-01,True,12,lbfgs,200,False,753.8146803381421,-372.90734016907106
SARIMAX_z_E3_exog,2004-01,True,31,lbfgs,200,False,733.9127892251234,-359.9563946125617
SARIMAX_anom_E4_semexog,2004-01,True,30,lbfgs,200,False,2877.3777851387376,-1434.6888925693688
SARIMAX_anom_E4_exog,2004-01,True,58,lbfgs,200,False,2823.864015064838,-1404.932007532419
SARIMAX_z_E4_semexog,2004-01,True,18,lbfgs,200,False,749.5328208854144,-370.7664104427072
SARIMAX_z_E4_exog,2004-01,True,26,lbfgs,200,False,731.1215524239569,-358.56077621197846
Harmonico_harm1,2004-01,False,20,lbfgs,200,True,3066.3407341272673,-1528.1703670636336
Harmonico_harm2,2004-01,True,24,lbfgs,200,False,3043.9152091929705,-1514.9576045964852
SARIMAX_anom_E1_semexog,2004-02,True,21,lbfgs,200,False,3021.6710659065157,-1507.8355329532578
SARIMAX_anom_E1_exog,2004-02,True,40,lbfgs,200,False,2968.0165242691237,-1478.0082621345618
SARIMAX_z_E1_semexog,2004-02,True,17,lbfgs,200,False,783.5438452517419,-388.77192262587096
SARIMAX_z_E1_exog,2004-02,True,44,lbfgs,200,False,763.8674132169958,-375.9337066084979
SARIMAX_anom_E2_semexog,2004-02,True,19,lbfgs,200,False,3010.620282103526,-1501.310141051763
SARIMAX_anom_E2_exog,2004-02,True,69,lbfgs,200,False,2959.6564335593234,-1472.8282167796617
SARIMAX_z_E2_semexog,2004-02,True,15,lbfgs,200,False,781.3614767211538,-386.6807383605769
SARIMAX_z_E2_exog,2004-02,True,14,lbfgs,200,False,763.4556717427847,-374.72783587139236
SARIMAX_anom_E3_semexog,2004-02,True,25,lbfgs,200,False,2908.1723007820356,-1450.0861503910178
SARIMAX_anom_E3_exog,2004-02,True,49,lbfgs,200,False,2853.9035359924137,-1419.9517679962069
SARIMAX_z_E3_semexog,2004-02,True,10,lbfgs,200,False,755.9249260778761,-373.96246303893804
SARIMAX_z_E3_exog,2004-02,True,54,lbfgs,200,False,736.8208629281819,-361.41043146409095
SARIMAX_anom_E4_semexog,2004-02,True,19,lbfgs,200,False,2893.783442711815,-1442.8917213559075
SARIMAX_anom_E4_exog,2004-02,True,60,lbfgs,200,False,2843.0944524699376,-1414.5472262349688
SARIMAX_z_E4_semexog,2004-02,True,20,lbfgs,200,False,751.9558194321522,-371.9779097160761
SARIMAX_z_E4_exog,2004-02,True,51,lbfgs,200,False,733.8811566897307,-359.94057834486534
Harmonico_harm1,2004-02,True,22,lbfgs,200,False,3080.565257680566,-1535.282628840283
Harmonico_harm2,2004-02,True,24,lbfgs,200,False,3057.800652879335,-1521.9003264396674
SARIMAX_anom_E1_semexog,2004-03,True,24,lbfgs,200,False,3031.8204673955347,-1512.9102336977674
SARIMAX_anom_E1_exog,2004-03,True,34,lbfgs,200,False,2978.9585495113106,-1483.4792747556553
SARIMAX_z_E1_semexog,2004-03,True,18,lbfgs,200,False,786.2145450543508,-390.1072725271754
SARIMAX_z_E1_exog,2004-03,True,32,lbfgs,200,False,766.7021610475422,-377.3510805237711
SARIMAX_anom_E2_semexog,2004-03,True,3,lbfgs,200,False,3020.708582261528,-1506.354291130764
SARIMAX_anom_E2_exog,2004-03,True,69,lbfgs,200,False,2970.4212316751855,-1478.2106158375927
SARIMAX_z_E2_semexog,2004-03,True,13,lbfgs,200,False,783.8655219713185,-387.93276098565923
SARIMAX_z_E2_exog,2004-03,True,14,lbfgs,200,False,766.1364191885546,-376.0682095942773
SARIMAX_anom_E3_semexog,2004-03,True,26,lbfgs,200,False,2918.5591904438447,-1455.2795952219224
SARIMAX_anom_E3_exog,2004-03,True,56,lbfgs,200,False,2864.8745977756003,-1425.4372988878001
SARIMAX_z_E3_semexog,2004-03,True,10,lbfgs,200,False,758.6131343754884,-375.3065671877442
SARIMAX_z_E3_exog,2004-03,True,42,lbfgs,200,False,739.7322080858399,-362.86610404291997
SARIMAX_anom_E4_semexog,2004-03,True,19,lbfgs,200,False,2903.988970983123,-1447.9944854915616
SARIMAX_anom_E4_exog,2004-03,True,49,lbfgs,200,False,2853.996084866396,-1419.998042433198
SARIMAX_z_E4_semexog,2004-03,True,21,lbfgs,200,False,754.7256431496281,-373.36282157481406
SARIMAX_z_E4_exog,2004-03,True,36,lbfgs,200,False,736.7552426288503,-361.37762131442514
Harmonico_harm1,2004-03,True,24,lbfgs,200,False,3092.614369064215,-1541.3071845321076
Harmonico_harm2,2004-03,True,28,lbfgs,200,False,3068.9179465870675,-1527.4589732935337
SARIMAX_anom_E1_semexog,2004-04,True,21,lbfgs,200,False,3042.2172775682843,-1518.1086387841422
SARIMAX_anom_E1_exog,2004-04,True,46,lbfgs,200,False,2989.0143467860808,-1488.5071733930404
SARIMAX_z_E1_semexog,2004-04,True,18,lbfgs,200,False,789.0774080202773,-391.53870401013864
SARIMAX_z_E1_exog,2004-04,True,33,lbfgs,200,False,769.2514290695802,-378.6257145347901
SARIMAX_anom_E2_semexog,2004-04,True,20,lbfgs,200,False,3031.531057959347,-1511.7655289796735
SARIMAX_anom_E2_exog,2004-04,True,74,lbfgs,200,False,2980.5916354816045,-1483.2958177408022
SARIMAX_z_E2_semexog,2004-04,True,15,lbfgs,200,False,786.8946842981927,-389.44734214909636
SARIMAX_z_E2_exog,2004-04,True,16,lbfgs,200,False,768.7656887984131,-377.38284439920653
SARIMAX_anom_E3_semexog,2004-04,True,22,lbfgs,200,False,2928.845272784271,-1460.4226363921355
SARIMAX_anom_E3_exog,2004-04,True,75,lbfgs,200,False,2874.967701786642,-1430.483850893321
SARIMAX_z_E3_semexog,2004-04,True,9,lbfgs,200,False,761.4906291739226,-376.7453145869613
SARIMAX_z_E3_exog,2004-04,True,44,lbfgs,200,False,742.281431167997,-364.1407155839985
SARIMAX_anom_E4_semexog,2004-04,True,29,lbfgs,200,False,2914.4298057561346,-1453.2149028780673
SARIMAX_anom_E4_exog,2004-04,True,57,lbfgs,200,False,2864.121905917711,-1425.0609529588555
SARIMAX_z_E4_semexog,2004-04,True,21,lbfgs,200,False,757.5899237400772,-374.7949618700386
SARIMAX_z_E4_exog,2004-04,True,38,lbfgs,200,False,739.3067971781245,-362.65339858906225
Harmonico_harm1,2004-04,True,23,lbfgs,200,False,3102.7742894696316,-1546.3871447348158
Harmonico_harm2,2004-04,True,32,lbfgs,200,False,3079.1375604124887,-1532.5687802062444
SARIMAX_anom_E1_semexog,2004-05,True,21,lbfgs,200,False,3052.3917817988277,-1523.1958908994138
SARIMAX_anom_E1_exog,2004-05,True,53,lbfgs,200,False,2999.025473939605,-1493.5127369698025
SARIMAX_z_E1_semexog,2004-05,True,15,lbfgs,200,False,791.9669050868329,-392.98345254341643
SARIMAX_z_E1_exog,2004-05,True,32,lbfgs,200,False,771.9081715222736,-379.9540857611368
SARIMAX_anom_E2_semexog,2004-05,True,3,lbfgs,200,False,3041.689067932049,-1516.8445339660245
SARIMAX_anom_E2_exog,2004-05,True,76,lbfgs,200,False,2990.627805076078,-1488.313902538039
SARIMAX_z_E2_semexog,2004-05,True,15,lbfgs,200,False,789.5952004259483,-390.79760021297415
SARIMAX_z_E2_exog,2004-05,True,15,lbfgs,200,False,771.4174458195138,-378.7087229097569
SARIMAX_anom_E3_semexog,2004-05,True,20,lbfgs,200,False,2938.9765219405363,-1465.4882609702681
SARIMAX_anom_E3_exog,2004-05,True,64,lbfgs,200,False,2884.984344651626,-1435.492172325813
SARIMAX_z_E3_semexog,2004-05,True,10,lbfgs,200,False,764.2164343616192,-378.1082171808096
SARIMAX_z_E3_exog,2004-05,True,45,lbfgs,200,False,744.9126159954316,-365.4563079977158
SARIMAX_anom_E4_semexog,2004-05,True,30,lbfgs,200,False,2924.6500801456496,-1458.3250400728248
SARIMAX_anom_E4_exog,2004-05,True,56,lbfgs,200,False,2874.176094767664,-1430.088047383832
SARIMAX_z_E4_semexog,2004-05,True,24,lbfgs,200,False,760.4067039833167,-376.20335199165834
SARIMAX_z_E4_exog,2004-05,True,39,lbfgs,200,False,741.9296317648095,-363.96481588240476
Harmonico_harm1,2004-05,False,21,lbfgs,200,True,3113.7864418588697,-1551.8932209294348
Harmonico_harm2,2004-05,True,26,lbfgs,200,False,3089.808022904661,-1537.9040114523305
SARIMAX_anom_E1_semexog,2004-06,True,20,lbfgs,200,False,3062.3433625710695,-1528.1716812855348
SARIMAX_anom_E1_exog,2004-06,True,51,lbfgs,200,False,3008.8428824626562,-1498.4214412313281
SARIMAX_z_E1_semexog,2004-06,True,19,lbfgs,200,False,794.7976811785686,-394.3988405892843
SARIMAX_z_E1_exog,2004-06,True,29,lbfgs,200,False,774.6171938199429,-381.30859690997147
SARIMAX_anom_E2_semexog,2004-06,True,3,lbfgs,200,False,3051.599373944152,-1521.799686972076
SARIMAX_anom_E2_exog,2004-06,True,66,lbfgs,200,False,3000.450521328402,-1493.225260664201
SARIMAX_z_E2_semexog,2004-06,True,16,lbfgs,200,False,792.2874637872155,-392.14373189360776
SARIMAX_z_E2_exog,2004-06,True,16,lbfgs,200,False,774.0981689440426,-380.0490844720213
SARIMAX_anom_E3_semexog,2004-06,True,21,lbfgs,200,False,2948.9293862775567,-1470.4646931387783
SARIMAX_anom_E3_exog,2004-06,True,88,lbfgs,200,False,2894.8241891814173,-1440.4120945907086
SARIMAX_z_E3_semexog,2004-06,True,10,lbfgs,200,False,766.9560594376918,-379.4780297188459
SARIMAX_z_E3_exog,2004-06,True,42,lbfgs,200,False,747.6264175992712,-366.8132087996356
SARIMAX_anom_E4_semexog,2004-06,True,30,lbfgs,200,False,2934.6070178524315,-1463.3035089262157
SARIMAX_anom_E4_exog,2004-06,True,75,lbfgs,200,False,2884.012560031204,-1435.006280015602
SARIMAX_z_E4_semexog,2004-06,True,22,lbfgs,200,False,763.2089831205691,-377.60449156028454
SARIMAX_z_E4_exog,2004-06,True,37,lbfgs,200,False,744.6318299010749,-365.31591495053743
Harmonico_harm1,2004-06,True,23,lbfgs,200,False,3124.2837165356177,-1557.1418582678089
Harmonico_harm2,2004-06,True,26,lbfgs,200,False,3099.8510224435176,-1542.9255112217588
SARIMAX_anom_E1_semexog,2004-07,True,21,lbfgs,200,False,3072.255173220673,-1533.1275866103365
SARIMAX_anom_E1_exog,2004-07,True,47,lbfgs,200,False,3018.682323580283,-1503.3411617901415
SARIMAX_z_E1_semexog,2004-07,True,19,lbfgs,200,False,797.6208814989393,-395.81044074946965
SARIMAX_z_E1_exog,2004-07,True,31,lbfgs,200,False,777.4704765663384,-382.7352382831692
SARIMAX_anom_E2_semexog,2004-07,True,17,lbfgs,200,False,3061.524920401686,-1526.762460200843
SARIMAX_anom_E2_exog,2004-07,True,61,lbfgs,200,False,3010.294888424957,-1498.1474442124786
SARIMAX_z_E2_semexog,2004-07,True,15,lbfgs,200,False,795.1965779167645,-393.5982889583822
SARIMAX_z_E2_exog,2004-07,True,15,lbfgs,200,False,776.9822326274843,-381.49111631374217
SARIMAX_anom_E3_semexog,2004-07,True,23,lbfgs,200,False,2958.8652488898847,-1475.4326244449423
SARIMAX_anom_E3_exog,2004-07,True,67,lbfgs,200,False,2904.6701365879035,-1445.3350682939517
SARIMAX_z_E3_semexog,2004-07,True,10,lbfgs,200,False,769.8083316246048,-380.9041658123024
SARIMAX_z_E3_exog,2004-07,True,44,lbfgs,200,False,750.4434852505677,-368.22174262528387
SARIMAX_anom_E4_semexog,2004-07,True,28,lbfgs,200,False,2944.5216976747442,-1468.2608488373721
SARIMAX_anom_E4_exog,2004-07,True,76,lbfgs,200,False,2893.8582090283753,-1439.9291045141877
SARIMAX_z_E4_semexog,2004-07,True,22,lbfgs,200,False,766.001458906117,-379.0007294530585
SARIMAX_z_E4_exog,2004-07,True,38,lbfgs,200,False,747.4525315495937,-366.72626577479684
Harmonico_harm1,2004-07,True,22,lbfgs,200,False,3134.405509273799,-1562.2027546368995
Harmonico_harm2,2004-07,True,25,lbfgs,200,False,3109.9510505175376,-1547.9755252587688
SARIMAX_anom_E1_semexog,2004-08,True,24,lbfgs,200,False,3082.162148633436,-1538.081074316718
SARIMAX_anom_E1_exog,2004-08,True,42,lbfgs,200,False,3028.5122821122477,-1508.2561410561239
SARIMAX_z_E1_semexog,2004-08,True,16,lbfgs,200,False,800.468198311084,-397.234099155542
SARIMAX_z_E1_exog,2004-08,True,32,lbfgs,200,False,780.3203073049028,-384.1601536524514
SARIMAX_anom_E2_semexog,2004-08,True,3,lbfgs,200,False,3071.4327899470554,-1531.7163949735277
SARIMAX_anom_E2_exog,2004-08,True,45,lbfgs,200,False,3020.1259808174595,-1503.0629904087298
SARIMAX_z_E2_semexog,2004-08,True,15,lbfgs,200,False,797.9719990000683,-394.98599950003415
SARIMAX_z_E2_exog,2004-08,True,16,lbfgs,200,False,779.8175792170214,-382.9087896085107
SARIMAX_anom_E3_semexog,2004-08,True,22,lbfgs,200,False,2968.7936455579825,-1480.3968227789912
SARIMAX_anom_E3_exog,2004-08,True,81,lbfgs,200,False,2914.5096842146854,-1450.2548421073427
SARIMAX_z_E3_semexog,2004-08,True,11,lbfgs,200,False,772.5852780278099,-382.29263901390493
SARIMAX_z_E3_exog,2004-08,True,45,lbfgs,200,False,753.2472027799995,-369.62360138999975
SARIMAX_anom_E4_semexog,2004-08,True,28,lbfgs,200,False,2954.432697774084,-1473.216348887042
SARIMAX_anom_E4_exog,2004-08,True,59,lbfgs,200,False,2903.69827303502,-1444.84913651751
SARIMAX_z_E4_semexog,2004-08,True,21,lbfgs,200,False,768.8125846917028,-380.4062923458514
SARIMAX_z_E4_exog,2004-08,True,37,lbfgs,200,False,750.2465700755545,-368.12328503777724
Harmonico_harm1,2004-08,True,23,lbfgs,200,False,3144.4719914378015,-1567.2359957189008
Harmonico_harm2,2004-08,True,25,lbfgs,200,False,3119.934629973983,-1552.9673149869916
SARIMAX_anom_E1_semexog,2004-09,True,24,lbfgs,200,False,3092.367829154273,-1543.1839145771364
SARIMAX_anom_E1_exog,2004-09,True,51,lbfgs,200,False,3038.4638858118487,-1513.2319429059244
SARIMAX_z_E1_semexog,2004-09,True,17,lbfgs,200,False,803.341537598825,-398.6707687994125
SARIMAX_z_E1_exog,2004-09,True,30,lbfgs,200,False,782.8903758662278,-385.4451879331139
SARIMAX_anom_E2_semexog,2004-09,True,17,lbfgs,200,False,3081.632053445187,-1536.8160267225935
SARIMAX_anom_E2_exog,2004-09,True,68,lbfgs,200,False,3030.0864838475236,-1508.0432419237618
SARIMAX_z_E2_semexog,2004-09,True,16,lbfgs,200,False,801.0055896110035,-396.50279480550176
SARIMAX_z_E2_exog,2004-09,True,17,lbfgs,200,False,782.4704411884114,-384.2352205942057
SARIMAX_anom_E3_semexog,2004-09,True,21,lbfgs,200,False,2979.0198665177913,-1485.5099332588957
SARIMAX_anom_E3_exog,2004-09,True,71,lbfgs,200,False,2924.50913184404,-1455.25456592202
SARIMAX_z_E3_semexog,2004-09,True,10,lbfgs,200,False,775.4659398597994,-383.7329699298997
SARIMAX_z_E3_exog,2004-09,True,41,lbfgs,200,False,755.8359244508395,-370.9179622254197
SARIMAX_anom_E4_semexog,2004-09,True,20,lbfgs,200,False,2964.6896576364056,-1478.3448288182028
SARIMAX_anom_E4_exog,2004-09,True,63,lbfgs,200,False,2913.7045696845557,-1449.8522848422779
SARIMAX_z_E4_semexog,2004-09,True,20,lbfgs,200,False,771.6682086194976,-381.8341043097488
SARIMAX_z_E4_exog,2004-09,True,37,lbfgs,200,False,752.8274966788624,-369.4137483394312
Harmonico_harm1,2004-09,True,22,lbfgs,200,False,3154.5959482998087,-1572.2979741499043
Harmonico_harm2,2004-09,False,24,lbfgs,200,True,3130.4868353810107,-1558.2434176905053
SARIMAX_anom_E1_semexog,2004-10,True,17,lbfgs,200,False,3102.270063653196,-1548.135031826598
SARIMAX_anom_E1_exog,2004-10,True,43,lbfgs,200,False,3048.2947340977817,-1518.1473670488908
SARIMAX_z_E1_semexog,2004-10,True,18,lbfgs,200,False,806.1298462054369,-400.06492310271847
SARIMAX_z_E1_exog,2004-10,True,32,lbfgs,200,False,785.7129791998427,-386.85648959992136
SARIMAX_anom_E2_semexog,2004-10,True,18,lbfgs,200,False,3091.529598607834,-1541.764799303917
SARIMAX_anom_E2_exog,2004-10,True,76,lbfgs,200,False,3039.9187174431663,-1512.9593587215832
SARIMAX_z_E2_semexog,2004-10,True,16,lbfgs,200,False,803.7645509201154,-397.8822754600577
SARIMAX_z_E2_exog,2004-10,True,16,lbfgs,200,False,785.2627703918769,-385.63138519593844
SARIMAX_anom_E3_semexog,2004-10,True,21,lbfgs,200,False,2988.942160790444,-1490.471080395222
SARIMAX_anom_E3_exog,2004-10,True,87,lbfgs,200,False,2934.3536349488795,-1460.1768174744398
SARIMAX_z_E3_semexog,2004-10,True,12,lbfgs,200,False,778.2560557939432,-385.1280278969716
SARIMAX_z_E3_exog,2004-10,True,45,lbfgs,200,False,758.6374382419192,-372.3187191209596
SARIMAX_anom_E4_semexog,2004-10,True,28,lbfgs,200,False,2974.590930226292,-1483.295465113146
SARIMAX_anom_E4_exog,2004-10,True,57,lbfgs,200,False,2923.545610180129,-1454.7728050900646
SARIMAX_z_E4_semexog,2004-10,True,23,lbfgs,200,False,774.4149255867112,-383.2074627933556
SARIMAX_z_E4_exog,2004-10,True,45,lbfgs,200,False,755.6286591108003,-370.81432955540015
Harmonico_harm1,2004-10,True,21,lbfgs,200,False,3164.7790300563893,-1577.3895150281946
Harmonico_harm2,2004-10,True,25,lbfgs,200,False,3140.411470547698,-1563.205735273849
SARIMAX_anom_E1_semexog,2004-11,True,23,lbfgs,200,False,3113.9851416281244,-1553.9925708140622
SARIMAX_anom_E1_exog,2004-11,True,40,lbfgs,200,False,3059.531568242573,-1523.7657841212865
SARIMAX_z_E1_semexog,2004-11,True,18,lbfgs,200,False,808.8358441754453,-401.4179220877227
SARIMAX_z_E1_exog,2004-11,True,48,lbfgs,200,False,788.159810993457,-388.0799054967285
SARIMAX_anom_E2_semexog,2004-11,True,19,lbfgs,200,False,3103.0862456900613,-1547.5431228450307
SARIMAX_anom_E2_exog,2004-11,True,50,lbfgs,200,False,3051.123198715888,-1518.561599357944
SARIMAX_z_E2_semexog,2004-11,True,15,lbfgs,200,False,806.0294482363992,-399.0147241181996
SARIMAX_z_E2_exog,2004-11,True,13,lbfgs,200,False,787.4193429315615,-386.70967146578073
SARIMAX_anom_E3_semexog,2004-11,True,19,lbfgs,200,False,3000.5706514249873,-1496.2853257124937
SARIMAX_anom_E3_exog,2004-11,True,90,lbfgs,200,False,2945.498152770693,-1465.7490763853466
SARIMAX_z_E3_semexog,2004-11,True,11,lbfgs,200,False,780.9186334274488,-386.4593167137244
SARIMAX_z_E3_exog,2004-11,True,55,lbfgs,200,False,760.887859996525,-373.4439299982625
SARIMAX_anom_E4_semexog,2004-11,True,32,lbfgs,200,False,2986.2310200660077,-1489.1155100330038
SARIMAX_anom_E4_exog,2004-11,True,66,lbfgs,200,False,2934.6863256065917,-1460.3431628032959
SARIMAX_z_E4_semexog,2004-11,True,22,lbfgs,200,False,776.9569665558778,-384.4784832779389
SARIMAX_z_E4_exog,2004-11,True,50,lbfgs,200,False,757.8933010725215,-371.94665053626073
Harmonico_harm1,2004-11,True,20,lbfgs,200,False,3176.9002464657715,-1583.4501232328857
Harmonico_harm2,2004-11,True,23,lbfgs,200,False,3152.1186677938995,-1569.0593338969497
SARIMAX_anom_E1_semexog,2004-12,True,22,lbfgs,200,False,3124.2832212357325,-1559.1416106178663
SARIMAX_anom_E1_exog,2004-12,True,51,lbfgs,200,False,3069.7269021033217,-1528.8634510516608
SARIMAX_z_E1_semexog,2004-12,True,19,lbfgs,200,False,811.488324266757,-402.7441621333785
SARIMAX_z_E1_exog,2004-12,True,34,lbfgs,200,False,790.7221143378599,-389.36105716892996
SARIMAX_anom_E2_semexog,2004-12,True,21,lbfgs,200,False,3113.4710924361016,-1552.7355462180508
SARIMAX_anom_E2_exog,2004-12,True,55,lbfgs,200,False,3061.311951387615,-1523.6559756938075
SARIMAX_z_E2_semexog,2004-12,True,14,lbfgs,200,False,808.7200365234266,-400.3600182617133
SARIMAX_z_E2_exog,2004-12,True,13,lbfgs,200,False,789.9808307993172,-387.9904153996586
SARIMAX_anom_E3_semexog,2004-12,True,25,lbfgs,200,False,3010.98420772398,-1501.49210386199
SARIMAX_anom_E3_exog,2004-12,True,56,lbfgs,200,False,2955.711748415515,-1470.8558742077576
SARIMAX_z_E3_semexog,2004-12,True,12,lbfgs,200,False,783.5797791035066,-387.7898895517533
SARIMAX_z_E3_exog,2004-12,True,44,lbfgs,200,False,763.4658227469404,-374.7329113734702
SARIMAX_anom_E4_semexog,2004-12,True,25,lbfgs,200,False,2996.5925973493004,-1494.2962986746502
SARIMAX_anom_E4_exog,2004-12,True,49,lbfgs,200,False,2944.9258111122904,-1465.4629055561452
SARIMAX_z_E4_semexog,2004-12,True,22,lbfgs,200,False,779.5929642979884,-385.7964821489942
SARIMAX_z_E4_exog,2004-12,True,40,lbfgs,200,False,760.4625661201986,-373.2312830600993
Harmonico_harm1,2004-12,True,21,lbfgs,200,False,3188.130963971858,-1589.065481985929
Harmonico_harm2,2004-12,True,24,lbfgs,200,False,3162.524756730376,-1574.262378365188
SARIMAX_anom_E1_semexog,2005-01,True,21,lbfgs,200,False,3134.328553074558,-1564.164276537279
SARIMAX_anom_E1_exog,2005-01,True,53,lbfgs,200,False,3079.597496530877,-1533.7987482654385
SARIMAX_z_E1_semexog,2005-01,True,20,lbfgs,200,False,814.2288709131794,-404.1144354565897
SARIMAX_z_E1_exog,2005-01,True,35,lbfgs,200,False,793.3531277947126,-390.6765638973563
SARIMAX_anom_E2_semexog,2005-01,True,19,lbfgs,200,False,3123.446791876703,-1557.7233959383516
SARIMAX_anom_E2_exog,2005-01,True,54,lbfgs,200,False,3071.1488261656696,-1528.5744130828348
SARIMAX_z_E2_semexog,2005-01,True,14,lbfgs,200,False,811.4653336781273,-401.73266683906365
SARIMAX_z_E2_exog,2005-01,True,13,lbfgs,200,False,792.6253616697775,-389.31268083488874
SARIMAX_anom_E3_semexog,2005-01,True,20,lbfgs,200,False,3021.089551275055,-1506.5447756375274
SARIMAX_anom_E3_exog,2005-01,True,92,lbfgs,200,False,2965.5179757746164,-1475.7589878873082
SARIMAX_z_E3_semexog,2005-01,True,9,lbfgs,200,False,786.3843737074449,-389.19218685372243
SARIMAX_z_E3_exog,2005-01,True,45,lbfgs,200,False,766.0722677706285,-376.03613388531426
SARIMAX_anom_E4_semexog,2005-01,True,29,lbfgs,200,False,3006.535733905411,-1499.2678669527054
SARIMAX_anom_E4_exog,2005-01,True,53,lbfgs,200,False,2954.7031050953074,-1470.3515525476537
SARIMAX_z_E4_semexog,2005-01,True,21,lbfgs,200,False,782.3474246872115,-387.17371234360576
SARIMAX_z_E4_exog,2005-01,True,40,lbfgs,200,False,763.0917548125785,-374.54587740628926
Harmonico_harm1,2005-01,True,22,lbfgs,200,False,3198.6237595370103,-1594.3118797685052
Harmonico_harm2,2005-01,True,24,lbfgs,200,False,3172.738706715466,-1579.369353357733
SARIMAX_anom_E1_semexog,2005-02,True,16,lbfgs,200,False,3144.564138072804,-1569.282069036402
SARIMAX_anom_E1_exog,2005-02,True,57,lbfgs,200,False,3089.900573773433,-1538.9502868867164
SARIMAX_z_E1_semexog,2005-02,True,18,lbfgs,200,False,817.1259345026524,-405.5629672513262
SARIMAX_z_E1_exog,2005-02,True,56,lbfgs,200,False,796.3377434134529,-392.16887170672646
SARIMAX_anom_E2_semexog,2005-02,True,20,lbfgs,200,False,3133.6646338033993,-1562.8323169016996
SARIMAX_anom_E2_exog,2005-02,True,58,lbfgs,200,False,3081.4968108443704,-1533.7484054221852
SARIMAX_z_E2_semexog,2005-02,True,14,lbfgs,200,False,814.2182454039088,-403.1091227019544
SARIMAX_z_E2_exog,2005-02,True,14,lbfgs,200,False,795.5738961894376,-390.7869480947188
SARIMAX_anom_E3_semexog,2005-02,True,20,lbfgs,200,False,3031.166375822392,-1511.583187911196
SARIMAX_anom_E3_exog,2005-02,True,58,lbfgs,200,False,2975.8111079816617,-1480.9055539908309
SARIMAX_z_E3_semexog,2005-02,True,11,lbfgs,200,False,789.0980837915537,-390.54904189577684
SARIMAX_z_E3_exog,2005-02,True,68,lbfgs,200,False,768.8490077410661,-377.42450387053304
SARIMAX_anom_E4_semexog,2005-02,True,19,lbfgs,200,False,3016.7420799295437,-1504.3710399647719
SARIMAX_anom_E4_exog,2005-02,True,56,lbfgs,200,False,2965.044057242475,-1475.5220286212375
SARIMAX_z_E4_semexog,2005-02,True,21,lbfgs,200,False,785.0536499613552,-388.5268249806776
SARIMAX_z_E4_exog,2005-02,True,18,lbfgs,200,False,769.7629700176994,-377.8814850088497
Harmonico_harm1,2005-02,True,19,lbfgs,200,False,3208.8147103912347,-1599.4073551956174
Harmonico_harm2,2005-02,True,24,lbfgs,200,False,3182.7652342129695,-1584.3826171064848
SARIMAX_anom_E1_semexog,2005-03,True,19,lbfgs,200,False,3164.541557262706,-1579.270778631353
SARIMAX_anom_E1_exog,2005-03,True,40,lbfgs,200,False,3112.5578903348287,-1550.2789451674143
SARIMAX_z_E1_semexog,2005-03,True,23,lbfgs,200,False,820.2405428442664,-407.1202714221332
SARIMAX_z_E1_exog,2005-03,True,27,lbfgs,200,False,801.1504632682938,-394.5752316341469
SARIMAX_anom_E2_semexog,2005-03,True,20,lbfgs,200,False,3153.9757437380295,-1572.9878718690147
SARIMAX_anom_E2_exog,2005-03,True,60,lbfgs,200,False,3104.2044356270917,-1545.1022178135458
SARIMAX_z_E2_semexog,2005-03,True,15,lbfgs,200,False,817.3025995670993,-404.65129978354963
SARIMAX_z_E2_exog,2005-03,True,15,lbfgs,200,False,800.441168235042,-393.220584117521
SARIMAX_anom_E3_semexog,2005-03,True,21,lbfgs,200,False,3050.8267073646466,-1521.4133536823233
SARIMAX_anom_E3_exog,2005-03,True,85,lbfgs,200,False,2997.9576642756556,-1491.9788321378278
SARIMAX_z_E3_semexog,2005-03,True,11,lbfgs,200,False,791.6571932784743,-391.82859663923716
SARIMAX_z_E3_exog,2005-03,True,43,lbfgs,200,False,773.3504132562286,-379.6752066281143
SARIMAX_anom_E4_semexog,2005-03,True,27,lbfgs,200,False,3036.9371878978573,-1514.4685939489286
SARIMAX_anom_E4_exog,2005-03,True,63,lbfgs,200,False,2987.340546159344,-1486.670273079672
SARIMAX_z_E4_semexog,2005-03,True,20,lbfgs,200,False,788.0317450029662,-390.0158725014831
SARIMAX_z_E4_exog,2005-03,True,34,lbfgs,200,False,770.3055623445805,-378.15278117229025
Harmonico_harm1,2005-03,True,24,lbfgs,200,False,3232.5892022422026,-1611.2946011211013
Harmonico_harm2,2005-03,True,25,lbfgs,200,False,3204.5439362416873,-1595.2719681208437
SARIMAX_anom_E1_semexog,2005-04,True,24,lbfgs,200,False,3175.196491644345,-1584.5982458221724
SARIMAX_anom_E1_exog,2005-04,True,41,lbfgs,200,False,3122.5759091626915,-1555.2879545813457
SARIMAX_z_E1_semexog,2005-04,True,17,lbfgs,200,False,823.1738502420005,-408.58692512100026
SARIMAX_z_E1_exog,2005-04,True,36,lbfgs,200,False,803.76005835406,-395.88002917703
SARIMAX_anom_E2_semexog,2005-04,True,9,lbfgs,200,False,3164.5517785117518,-1578.2758892558759
SARIMAX_anom_E2_exog,2005-04,True,60,lbfgs,200,False,3114.251969745913,-1550.1259848729565
SARIMAX_z_E2_semexog,2005-04,True,17,lbfgs,200,False,820.490701156528,-406.245350578264
SARIMAX_z_E2_exog,2005-04,True,12,lbfgs,200,False,803.1089833678625,-394.55449168393125
SARIMAX_anom_E3_semexog,2005-04,True,20,lbfgs,200,False,3061.3808272979213,-1526.6904136489607
SARIMAX_anom_E3_exog,2005-04,True,75,lbfgs,200,False,3008.0409207811954,-1497.0204603905977
SARIMAX_z_E3_semexog,2005-04,True,12,lbfgs,200,False,794.7179462118786,-393.3589731059393
SARIMAX_z_E3_exog,2005-04,True,49,lbfgs,200,False,775.8658091754537,-380.93290458772685
SARIMAX_anom_E4_semexog,2005-04,True,20,lbfgs,200,False,3047.6207543441024,-1519.8103771720512
SARIMAX_anom_E4_exog,2005-04,True,76,lbfgs,200,False,2997.4113989622174,-1491.7056994811087
SARIMAX_z_E4_semexog,2005-04,True,22,lbfgs,200,False,790.848232780557,-391.4241163902785
SARIMAX_z_E4_exog,2005-04,True,41,lbfgs,200,False,772.8279195959146,-379.4139597979573
Harmonico_harm1,2005-04,True,23,lbfgs,200,False,3242.86049900661,-1616.430249503305
Harmonico_harm2,2005-04,True,26,lbfgs,200,False,3215.0283742820193,-1600.5141871410096
SARIMAX_anom_E1_semexog,2005-05,True,17,lbfgs,200,False,3185.1181018764278,-1589.5590509382139
SARIMAX_anom_E1_exog,2005-05,True,51,lbfgs,200,False,3132.4040631248217,-1560.2020315624109
SARIMAX_z_E1_semexog,2005-05,True,17,lbfgs,200,False,825.9365991730701,-409.96829958653507
SARIMAX_z_E1_exog,2005-05,True,34,lbfgs,200,False,806.363932029195,-397.1819660145975
SARIMAX_anom_E2_semexog,2005-05,True,9,lbfgs,200,False,3174.6167527852226,-1583.3083763926113
SARIMAX_anom_E2_exog,2005-05,True,61,lbfgs,200,False,3124.095265367476,-1555.047632683738
SARIMAX_z_E2_semexog,2005-05,True,18,lbfgs,200,False,823.2581073651035,-407.6290536825517
SARIMAX_z_E2_exog,2005-05,True,15,lbfgs,200,False,805.671528187762,-395.835764093881
SARIMAX_anom_E3_semexog,2005-05,True,21,lbfgs,200,False,3071.323106354189,-1531.6615531770944
SARIMAX_anom_E3_exog,2005-05,True,71,lbfgs,200,False,3017.9000984892764,-1501.9500492446382
SARIMAX_z_E3_semexog,2005-05,True,12,lbfgs,200,False,797.3647879841183,-394.68239399205913
SARIMAX_z_E3_exog,2005-05,True,48,lbfgs,200,False,778.4647472031251,-382.23237360156253
SARIMAX_anom_E4_semexog,2005-05,True,20,lbfgs,200,False,3057.542393680295,-1524.7711968401475
SARIMAX_anom_E4_exog,2005-05,True,73,lbfgs,200,False,3007.250415516231,-1496.6252077581155
SARIMAX_z_E4_semexog,2005-05,True,21,lbfgs,200,False,793.5098588303479,-392.75492941517393
SARIMAX_z_E4_exog,2005-05,True,39,lbfgs,200,False,775.4060099579671,-380.70300497898353
Harmonico_harm1,2005-05,True,21,lbfgs,200,False,3253.3312276409256,-1621.6656138204628
Harmonico_harm2,2005-05,True,27,lbfgs,200,False,3225.2031832016946,-1605.6015916008473
SARIMAX_anom_E1_semexog,2005-06,True,19,lbfgs,200,False,3195.082281188918,-1594.541140594459
SARIMAX_anom_E1_exog,2005-06,True,46,lbfgs,200,False,3142.233298492234,-1565.116649246117
SARIMAX_z_E1_semexog,2005-06,True,18,lbfgs,200,False,828.8191032541569,-411.40955162707843
SARIMAX_z_E1_exog,2005-06,True,41,lbfgs,200,False,809.0869758977033,-398.54348794885163
SARIMAX_anom_E2_semexog,2005-06,True,9,lbfgs,200,False,3184.536440232244,-1588.268220116122
SARIMAX_anom_E2_exog,2005-06,True,96,lbfgs,200,False,3133.9278635218816,-1559.9639317609408
SARIMAX_z_E2_semexog,2005-06,True,15,lbfgs,200,False,825.9101048364289,-408.95505241821445
SARIMAX_z_E2_exog,2005-06,True,14,lbfgs,200,False,808.3105719776789,-397.15528598883947
SARIMAX_anom_E3_semexog,2005-06,True,24,lbfgs,200,False,3081.283835136763,-1536.6419175683816
SARIMAX_anom_E3_exog,2005-06,True,84,lbfgs,200,False,3027.7477684560386,-1506.8738842280193
SARIMAX_z_E3_semexog,2005-06,True,12,lbfgs,200,False,800.1670414895517,-396.08352074477585
SARIMAX_z_E3_exog,2005-06,True,59,lbfgs,200,False,781.1590119117059,-383.57950595585294
SARIMAX_anom_E4_semexog,2005-06,True,20,lbfgs,200,False,3067.5088619811772,-1529.7544309905886
SARIMAX_anom_E4_exog,2005-06,True,56,lbfgs,200,False,3017.092118215289,-1501.5460591076444
SARIMAX_z_E4_semexog,2005-06,True,23,lbfgs,200,False,796.3262562305636,-394.1631281152818
SARIMAX_z_E4_exog,2005-06,True,47,lbfgs,200,False,778.0997630312355,-382.04988151561776
Harmonico_harm1,2005-06,True,23,lbfgs,200,False,3263.8241650453374,-1626.9120825226687
Harmonico_harm2,2005-06,True,42,lbfgs,200,False,3235.019695070897,-1610.5098475354484
SARIMAX_anom_E1_semexog,2005-07,True,23,lbfgs,200,False,3205.0336595817353,-1599.5168297908676
SARIMAX_anom_E1_exog,2005-07,True,50,lbfgs,200,False,3152.065841071561,-1570.0329205357805
SARIMAX_z_E1_semexog,2005-07,True,20,lbfgs,200,False,831.6448400892618,-412.8224200446309
SARIMAX_z_E1_exog,2005-07,True,33,lbfgs,200,False,811.776980802259,-399.8884904011295
SARIMAX_anom_E2_semexog,2005-07,True,9,lbfgs,200,False,3194.4593406374934,-1593.2296703187467
SARIMAX_anom_E2_exog,2005-07,True,89,lbfgs,200,False,3143.761244020011,-1564.8806220100055
SARIMAX_z_E2_semexog,2005-07,True,16,lbfgs,200,False,828.6579050793232,-410.3289525396616
SARIMAX_z_E2_exog,2005-07,True,13,lbfgs,200,False,811.0046491218701,-398.50232456093505
SARIMAX_anom_E3_semexog,2005-07,True,20,lbfgs,200,False,3091.2425222828642,-1541.6212611414321
SARIMAX_anom_E3_exog,2005-07,True,77,lbfgs,200,False,3037.5938498814116,-1511.7969249407058
SARIMAX_z_E3_semexog,2005-07,True,12,lbfgs,200,False,802.9572183099706,-397.4786091549853
SARIMAX_z_E3_exog,2005-07,True,48,lbfgs,200,False,783.9361326200694,-384.9680663100347
SARIMAX_anom_E4_semexog,2005-07,True,20,lbfgs,200,False,3077.4654077288424,-1534.7327038644212
SARIMAX_anom_E4_exog,2005-07,True,51,lbfgs,200,False,3026.93969098804,-1506.46984549402
SARIMAX_z_E4_semexog,2005-07,True,25,lbfgs,200,False,799.1949774021783,-395.59748870108916
SARIMAX_z_E4_exog,2005-07,True,41,lbfgs,200,False,780.8779214820598,-383.4389607410299
Harmonico_harm1,2005-07,True,21,lbfgs,200,False,3273.964418287085,-1631.9822091435426
Harmonico_harm2,2005-07,True,25,lbfgs,200,False,3245.2656265224114,-1615.6328132612057
SARIMAX_anom_E1_semexog,2005-08,True,23,lbfgs,200,False,3215.0013285138134,-1604.5006642569067
SARIMAX_anom_E1_exog,2005-08,True,47,lbfgs,200,False,3161.904560990584,-1574.952280495292
SARIMAX_z_E1_semexog,2005-08,True,24,lbfgs,200,False,834.3727215973588,-414.1863607986794
SARIMAX_z_E1_exog,2005-08,True,28,lbfgs,200,False,814.431156037924,-401.215578018962
SARIMAX_anom_E2_semexog,2005-08,True,10,lbfgs,200,False,3204.4121680001417,-1598.2060840000709
SARIMAX_anom_E2_exog,2005-08,True,65,lbfgs,200,False,3153.603131482024,-1569.801565741012
SARIMAX_z_E2_semexog,2005-08,True,15,lbfgs,200,False,831.2468875557483,-411.6234437778742
SARIMAX_z_E2_exog,2005-08,True,17,lbfgs,200,False,813.59040886258,-399.79520443129
SARIMAX_anom_E3_semexog,2005-08,True,20,lbfgs,200,False,3101.2168121168643,-1546.6084060584321
SARIMAX_anom_E3_exog,2005-08,True,65,lbfgs,200,False,3047.448975934263,-1516.7244879671316
SARIMAX_z_E3_semexog,2005-08,True,12,lbfgs,200,False,805.5726995439725,-398.78634977198624
SARIMAX_z_E3_exog,2005-08,True,44,lbfgs,200,False,786.6668524296917,-386.3334262148459
SARIMAX_anom_E4_semexog,2005-08,True,20,lbfgs,200,False,3087.435652249077,-1539.7178261245385
SARIMAX_anom_E4_exog,2005-08,True,66,lbfgs,200,False,3036.795276288648,-1511.397638144324
SARIMAX_z_E4_semexog,2005-08,True,25,lbfgs,200,False,801.8692512820188,-396.9346256410094
SARIMAX_z_E4_exog,2005-08,True,35,lbfgs,200,False,783.5491721124322,-384.7745860562161
Harmonico_harm1,2005-08,True,23,lbfgs,200,False,3284.0655684084177,-1637.0327842042088
Harmonico_harm2,2005-08,True,39,lbfgs,200,False,3255.1494296507053,-1620.5747148253527
SARIMAX_anom_E1_semexog,2005-09,True,24,lbfgs,200,False,3224.919182861807,-1609.4595914309034
SARIMAX_anom_E1_exog,2005-09,True,43,lbfgs,200,False,3171.7285470990887,-1579.8642735495444
SARIMAX_z_E1_semexog,2005-09,True,12,lbfgs,200,False,837.2071737460838,-415.6035868730419
SARIMAX_z_E1_exog,2005-09,True,26,lbfgs,200,False,817.269578186738,-402.634789093369
SARIMAX_anom_E2_semexog,2005-09,True,16,lbfgs,200,False,3214.3215278799216,-1603.1607639399608
SARIMAX_anom_E2_exog,2005-09,True,69,lbfgs,200,False,3163.429140584878,-1574.714570292439
SARIMAX_z_E2_semexog,2005-09,True,15,lbfgs,200,False,834.0742746779649,-413.03713733898246
SARIMAX_z_E2_exog,2005-09,True,15,lbfgs,200,False,816.4289635046471,-401.21448175232354
SARIMAX_anom_E3_semexog,2005-09,True,20,lbfgs,200,False,3111.1543023560007,-1551.5771511780003
SARIMAX_anom_E3_exog,2005-09,True,77,lbfgs,200,False,3057.2887931519886,-1521.6443965759943
SARIMAX_z_E3_semexog,2005-09,True,12,lbfgs,200,False,808.2658486489735,-400.13292432448674
SARIMAX_z_E3_exog,2005-09,True,36,lbfgs,200,False,789.378231215891,-387.6891156079455
SARIMAX_anom_E4_semexog,2005-09,True,20,lbfgs,200,False,3097.3622817656633,-1544.6811408828316
SARIMAX_anom_E4_exog,2005-09,True,53,lbfgs,200,False,3046.636485372911,-1516.3182426864555
SARIMAX_z_E4_semexog,2005-09,True,25,lbfgs,200,False,804.5728219571063,-398.28641097855314
SARIMAX_z_E4_exog,2005-09,True,34,lbfgs,200,False,786.2265341960058,-386.1132670980029
Harmonico_harm1,2005-09,True,23,lbfgs,200,False,3294.1623424294085,-1642.0811712147042
Harmonico_harm2,2005-09,True,27,lbfgs,200,False,3265.4384050931944,-1625.7192025465972
SARIMAX_anom_E1_semexog,2005-10,True,24,lbfgs,200,False,3235.3243996179476,-1614.6621998089738
SARIMAX_anom_E1_exog,2005-10,True,40,lbfgs,200,False,3182.1077066207345,-1585.0538533103672
SARIMAX_z_E1_semexog,2005-10,True,24,lbfgs,200,False,839.8512170549014,-416.9256085274507
SARIMAX_z_E1_exog,2005-10,True,24,lbfgs,200,False,820.107283341829,-404.0536416709145
SARIMAX_anom_E2_semexog,2005-10,True,21,lbfgs,200,False,3224.6920321840416,-1608.3460160920208
SARIMAX_anom_E2_exog,2005-10,True,62,lbfgs,200,False,3173.8069351811428,-1579.9034675905714
SARIMAX_z_E2_semexog,2005-10,True,13,lbfgs,200,False,836.6643927683597,-414.33219638417984
SARIMAX_z_E2_exog,2005-10,True,16,lbfgs,200,False,819.1504733964052,-402.5752366982026
SARIMAX_anom_E3_semexog,2005-10,True,18,lbfgs,200,False,3121.557883845926,-1556.778941922963
SARIMAX_anom_E3_exog,2005-10,True,75,lbfgs,200,False,3067.682139689855,-1526.8410698449275
SARIMAX_z_E3_semexog,2005-10,True,12,lbfgs,200,False,810.9892945650358,-401.4946472825179
SARIMAX_z_E3_exog,2005-10,True,41,lbfgs,200,False,792.241718245898,-389.120859122949
SARIMAX_anom_E4_semexog,2005-10,True,19,lbfgs,200,False,3107.75689279807,-1549.878446399035
SARIMAX_anom_E4_exog,2005-10,True,58,lbfgs,200,False,3057.0255062924243,-1521.5127531462122
SARIMAX_z_E4_semexog,2005-10,True,25,lbfgs,200,False,807.2252085856508,-399.6126042928254
SARIMAX_z_E4_exog,2005-10,True,32,lbfgs,200,False,789.1166127585988,-387.5583063792994
Harmonico_harm1,2005-10,True,34,lbfgs,200,False,3304.2755224035664,-1647.1377612017832
Harmonico_harm2,2005-10,False,23,lbfgs,200,True,3275.698528542724,-1630.849264271362
SARIMAX_anom_E1_semexog,2005-11,True,21,lbfgs,200,False,3245.5858238924575,-1619.7929119462287
SARIMAX_anom_E1_exog,2005-11,True,38,lbfgs,200,False,3192.460980386464,-1590.230490193232
SARIMAX_z_E1_semexog,2005-11,True,23,lbfgs,200,False,842.4741959012363,-418.23709795061814
SARIMAX_z_E1_exog,2005-11,True,24,lbfgs,200,False,822.824171194688,-405.412085597344
SARIMAX_anom_E2_semexog,2005-11,True,21,lbfgs,200,False,3234.9909250318515,-1613.4954625159257
SARIMAX_anom_E2_exog,2005-11,True,73,lbfgs,200,False,3184.1558023483867,-1585.0779011741934
SARIMAX_z_E2_semexog,2005-11,True,14,lbfgs,200,False,839.4233736353754,-415.7116868176877
SARIMAX_z_E2_exog,2005-11,True,14,lbfgs,200,False,821.9172877831894,-403.9586438915947
SARIMAX_anom_E3_semexog,2005-11,True,20,lbfgs,200,False,3131.7868251918258,-1561.8934125959129
SARIMAX_anom_E3_exog,2005-11,True,83,lbfgs,200,False,3077.957080053382,-1531.978540026691
SARIMAX_z_E3_semexog,2005-11,True,12,lbfgs,200,False,813.3951423863091,-402.69757119315454
SARIMAX_z_E3_exog,2005-11,True,34,lbfgs,200,False,794.708445492636,-390.354222746318
SARIMAX_anom_E4_semexog,2005-11,True,30,lbfgs,200,False,3117.962325536514,-1554.981162768257
SARIMAX_anom_E4_exog,2005-11,True,70,lbfgs,200,False,3067.319990110589,-1526.6599950552945
SARIMAX_z_E4_semexog,2005-11,True,24,lbfgs,200,False,809.5785160039015,-400.78925800195077
SARIMAX_z_E4_exog,2005-11,True,27,lbfgs,200,False,791.5565602233717,-388.77828011168583
Harmonico_harm1,2005-11,True,23,lbfgs,200,False,3315.0153907249505,-1652.5076953624753
Harmonico_harm2,2005-11,True,24,lbfgs,200,False,3286.0247685566483,-1636.0123842783241
SARIMAX_anom_E1_semexog,2005-12,True,21,lbfgs,200,False,3255.5359330220085,-1624.7679665110043
SARIMAX_anom_E1_exog,2005-12,True,60,lbfgs,200,False,3202.3600931390165,-1595.1800465695082
SARIMAX_z_E1_semexog,2005-12,True,20,lbfgs,200,False,845.234745541291,-419.6173727706455
SARIMAX_z_E1_exog,2005-12,True,28,lbfgs,200,False,825.5921791620056,-406.7960895810028
SARIMAX_anom_E2_semexog,2005-12,True,21,lbfgs,200,False,3244.9178949796947,-1618.4589474898473
SARIMAX_anom_E2_exog,2005-12,True,60,lbfgs,200,False,3194.0381857161815,-1590.0190928580907
SARIMAX_z_E2_semexog,2005-12,True,14,lbfgs,200,False,842.1809655068267,-417.09048275341337
SARIMAX_z_E2_exog,2005-12,True,14,lbfgs,200,False,824.6455239303143,-405.32276196515716
SARIMAX_anom_E3_semexog,2005-12,True,20,lbfgs,200,False,3141.7873455731715,-1566.8936727865857
SARIMAX_anom_E3_exog,2005-12,True,58,lbfgs,200,False,3087.870936258696,-1536.935468129348
SARIMAX_z_E3_semexog,2005-12,True,12,lbfgs,200,False,816.2231192134516,-404.1115596067258
SARIMAX_z_E3_exog,2005-12,True,33,lbfgs,200,False,797.502781101757,-391.7513905508785
SARIMAX_anom_E4_semexog,2005-12,True,30,lbfgs,200,False,3127.9295616438203,-1559.9647808219102
SARIMAX_anom_E4_exog,2005-12,True,68,lbfgs,200,False,3077.2297508622833,-1531.6148754311416
SARIMAX_z_E4_semexog,2005-12,True,23,lbfgs,200,False,812.3648016563623,-402.18240082818113
SARIMAX_z_E4_exog,2005-12,True,25,lbfgs,200,False,794.3609502447664,-390.1804751223832
Harmonico_harm1,2005-12,True,23,lbfgs,200,False,3325.5778753667696,-1657.7889376833848
Harmonico_harm2,2005-12,True,23,lbfgs,200,False,3296.058871597159,-1641.0294357985795
SARIMAX_anom_E1_semexog,2006-01,True,24,lbfgs,200,False,3265.9520190396033,-1629.9760095198017
SARIMAX_anom_E1_exog,2006-01,True,58,lbfgs,200,False,3212.9118848353446,-1600.4559424176723
SARIMAX_z_E1_semexog,2006-01,True,21,lbfgs,200,False,847.9185681625762,-420.9592840812881
SARIMAX_z_E1_exog,2006-01,True,25,lbfgs,200,False,828.3378115423719,-408.16890577118596
SARIMAX_anom_E2_semexog,2006-01,True,9,lbfgs,200,False,3255.298085909497,-1623.6490429547484
SARIMAX_anom_E2_exog,2006-01,True,59,lbfgs,200,False,3204.545093444532,-1595.272546722266
SARIMAX_z_E2_semexog,2006-01,True,14,lbfgs,200,False,844.9276440132435,-418.46382200662174
SARIMAX_z_E2_exog,2006-01,True,13,lbfgs,200,False,827.3748329115915,-406.68741645579576
SARIMAX_anom_E3_semexog,2006-01,True,19,lbfgs,200,False,3152.173228020254,-1572.086614010127
SARIMAX_anom_E3_exog,2006-01,True,65,lbfgs,200,False,3098.289537034344,-1542.144768517172
SARIMAX_z_E3_semexog,2006-01,True,12,lbfgs,200,False,818.9362808438178,-405.4681404219089
SARIMAX_z_E3_exog,2006-01,True,32,lbfgs,200,False,800.1833686493438,-393.0916843246719
SARIMAX_anom_E4_semexog,2006-01,True,33,lbfgs,200,False,3138.2074719509246,-1565.1037359754623
SARIMAX_anom_E4_exog,2006-01,True,57,lbfgs,200,False,3087.640341751092,-1536.820170875546
SARIMAX_z_E4_semexog,2006-01,True,25,lbfgs,200,False,814.9613544762803,-403.4806772381402
SARIMAX_z_E4_exog,2006-01,True,26,lbfgs,200,False,797.0380134247266,-391.5190067123633
Harmonico_harm1,2006-01,True,23,lbfgs,200,False,3336.500401850516,-1663.250200925258
Harmonico_harm2,2006-01,True,23,lbfgs,200,False,3306.537426546493,-1646.2687132732465
SARIMAX_anom_E1_semexog,2006-02,True,22,lbfgs,200,False,3276.0375907551665,-1635.0187953775833
SARIMAX_anom_E1_exog,2006-02,True,58,lbfgs,200,False,3222.689624349499,-1605.3448121747494
SARIMAX_z_E1_semexog,2006-02,True,21,lbfgs,200,False,850.7819660718211,-422.39098303591055
SARIMAX_z_E1_exog,2006-02,True,27,lbfgs,200,False,830.984323474823,-409.4921617374115
SARIMAX_anom_E2_semexog,2006-02,True,10,lbfgs,200,False,3265.3191045663525,-1628.6595522831763
SARIMAX_anom_E2_exog,2006-02,True,78,lbfgs,200,False,3214.327128038502,-1600.163564019251
SARIMAX_z_E2_semexog,2006-02,True,14,lbfgs,200,False,847.6622365294579,-419.83111826472896
SARIMAX_z_E2_exog,2006-02,True,13,lbfgs,200,False,829.9950694094048,-407.9975347047024
SARIMAX_anom_E3_semexog,2006-02,True,19,lbfgs,200,False,3162.177257369416,-1577.088628684708
SARIMAX_anom_E3_exog,2006-02,True,96,lbfgs,200,False,3108.061259443709,-1547.0306297218544
SARIMAX_z_E3_semexog,2006-02,True,12,lbfgs,200,False,821.7112027588081,-406.85560137940405
SARIMAX_z_E3_exog,2006-02,True,36,lbfgs,200,False,802.7962475948893,-394.39812379744467
SARIMAX_anom_E4_semexog,2006-02,True,20,lbfgs,200,False,3148.258330144844,-1570.129165072422
SARIMAX_anom_E4_exog,2006-02,True,67,lbfgs,200,False,3097.413819102357,-1541.7069095511786
SARIMAX_z_E4_semexog,2006-02,True,24,lbfgs,200,False,817.7498004314975,-404.87490021574877
SARIMAX_z_E4_exog,2006-02,True,30,lbfgs,200,False,799.6516693967369,-392.82583469836845
Harmonico_harm1,2006-02,True,25,lbfgs,200,False,3346.6438128628415,-1668.3219064314208
Harmonico_harm2,2006-02,True,26,lbfgs,200,False,3316.617218327334,-1651.308609163667
SARIMAX_anom_E1_semexog,2006-03,True,23,lbfgs,200,False,3291.6196670806876,-1642.8098335403438
SARIMAX_anom_E1_exog,2006-03,True,58,lbfgs,200,False,3237.3133933636627,-1612.6566966818314
SARIMAX_z_E1_semexog,2006-03,True,10,lbfgs,200,False,853.6793530914241,-423.83967654571205
SARIMAX_z_E1_exog,2006-03,True,25,lbfgs,200,False,833.0350132720832,-410.5175066360416
SARIMAX_anom_E2_semexog,2006-03,True,9,lbfgs,200,False,3281.393132255954,-1636.696566127977
SARIMAX_anom_E2_exog,2006-03,True,56,lbfgs,200,False,3229.0535352842394,-1607.5267676421197
SARIMAX_z_E2_semexog,2006-03,True,15,lbfgs,200,False,850.7962385743616,-421.3981192871808
SARIMAX_z_E2_exog,2006-03,True,15,lbfgs,200,False,832.2368280516844,-409.1184140258422
SARIMAX_anom_E3_semexog,2006-03,True,20,lbfgs,200,False,3177.0475507254896,-1584.5237753627448
SARIMAX_anom_E3_exog,2006-03,True,68,lbfgs,200,False,3121.645897867164,-1553.822948933582
SARIMAX_z_E3_semexog,2006-03,True,12,lbfgs,200,False,823.7524527013779,-407.87622635068897
SARIMAX_z_E3_exog,2006-03,True,32,lbfgs,200,False,803.9884941780365,-394.99424708901824
SARIMAX_anom_E4_semexog,2006-03,True,32,lbfgs,200,False,3163.5630289964547,-1577.7815144982274
SARIMAX_anom_E4_exog,2006-03,True,61,lbfgs,200,False,3111.1652187226537,-1548.5826093613268
SARIMAX_z_E4_semexog,2006-03,True,19,lbfgs,200,False,819.8890989437558,-405.9445494718779
SARIMAX_z_E4_exog,2006-03,True,28,lbfgs,200,False,800.7717293330666,-393.3858646665333
Harmonico_harm1,2006-03,True,21,lbfgs,200,False,3366.139428620632,-1678.069714310316
Harmonico_harm2,2006-03,True,24,lbfgs,200,False,3334.2136946294395,-1660.1068473147197
SARIMAX_anom_E1_semexog,2006-04,True,18,lbfgs,200,False,3318.542276252415,-1656.2711381262075
SARIMAX_anom_E1_exog,2006-04,True,68,lbfgs,200,False,3264.8995051789507,-1626.4497525894753
SARIMAX_z_E1_semexog,2006-04,True,9,lbfgs,200,False,856.0221700599111,-425.01108502995555
SARIMAX_z_E1_exog,2006-04,True,20,lbfgs,200,False,835.6329845102725,-411.81649225513627
SARIMAX_anom_E2_semexog,2006-04,True,16,lbfgs,200,False,3308.5344649758395,-1650.2672324879197
SARIMAX_anom_E2_exog,2006-04,True,49,lbfgs,200,False,3256.4517064675583,-1621.2258532337792
SARIMAX_z_E2_semexog,2006-04,True,13,lbfgs,200,False,852.8635030896091,-422.43175154480457
SARIMAX_z_E2_exog,2006-04,True,17,lbfgs,200,False,834.742454883276,-410.371227441638
SARIMAX_anom_E3_semexog,2006-04,True,20,lbfgs,200,False,3203.9943660614435,-1597.9971830307218
SARIMAX_anom_E3_exog,2006-04,True,93,lbfgs,200,False,3148.779881653042,-1567.389940826521
SARIMAX_z_E3_semexog,2006-04,True,11,lbfgs,200,False,826.4026892584362,-409.2013446292181
SARIMAX_z_E3_exog,2006-04,True,26,lbfgs,200,False,806.9653051591306,-396.4826525795653
SARIMAX_anom_E4_semexog,2006-04,True,17,lbfgs,200,False,3190.5241355214866,-1591.2620677607433
SARIMAX_anom_E4_exog,2006-04,True,116,lbfgs,200,False,3138.4441560874757,-1562.2220780437378
SARIMAX_z_E4_semexog,2006-04,True,13,lbfgs,200,False,823.1898449172868,-407.5949224586434
SARIMAX_z_E4_exog,2006-04,True,22,lbfgs,200,False,803.7634650108412,-394.8817325054206
Harmonico_harm1,2006-04,True,24,lbfgs,200,False,3393.3417873125527,-1691.6708936562763
Harmonico_harm2,2006-04,True,25,lbfgs,200,False,3360.886439580922,-1673.443219790461
SARIMAX_anom_E1_semexog,2006-05,True,21,lbfgs,200,False,3329.0422524349915,-1661.5211262174957
SARIMAX_anom_E1_exog,2006-05,True,48,lbfgs,200,False,3275.8677059297515,-1631.9338529648758
SARIMAX_z_E1_semexog,2006-05,True,8,lbfgs,200,False,857.768048085885,-425.8840240429425
SARIMAX_z_E1_exog,2006-05,True,15,lbfgs,200,False,837.4703091469933,-412.73515457349663
SARIMAX_anom_E2_semexog,2006-05,True,6,lbfgs,200,False,3318.8377294782854,-1655.4188647391427
SARIMAX_anom_E2_exog,2006-05,True,57,lbfgs,200,False,3267.076692906192,-1626.538346453096
SARIMAX_z_E2_semexog,2006-05,True,15,lbfgs,200,False,854.2838619187463,-423.14193095937316
SARIMAX_z_E2_exog,2006-05,True,13,lbfgs,200,False,836.2876294674019,-411.14381473370094
SARIMAX_anom_E3_semexog,2006-05,True,20,lbfgs,200,False,3214.5670946097885,-1603.2835473048942
SARIMAX_anom_E3_exog,2006-05,True,83,lbfgs,200,False,3159.804108896629,-1572.9020544483144
SARIMAX_z_E3_semexog,2006-05,True,11,lbfgs,200,False,828.2741216569177,-410.13706082845886
SARIMAX_z_E3_exog,2006-05,True,23,lbfgs,200,False,808.9245798394033,-397.4622899197017
SARIMAX_anom_E4_semexog,2006-05,True,20,lbfgs,200,False,3201.0248389818908,-1596.5124194909454
SARIMAX_anom_E4_exog,2006-05,True,79,lbfgs,200,False,3149.4130977234627,-1567.7065488617313
SARIMAX_z_E4_semexog,2006-05,True,11,lbfgs,200,False,825.0279036003467,-408.51395180017334
SARIMAX_z_E4_exog,2006-05,True,22,lbfgs,200,False,805.6694025433993,-395.83470127169966
Harmonico_harm1,2006-05,True,22,lbfgs,200,False,3403.7020759269426,-1696.8510379634713
Harmonico_harm2,2006-05,False,25,lbfgs,200,True,3371.3880956584217,-1678.6940478292108
SARIMAX_anom_E1_semexog,2006-06,True,21,lbfgs,200,False,3339.2523971890264,-1666.6261985945132
SARIMAX_anom_E1_exog,2006-06,True,47,lbfgs,200,False,3285.866049585747,-1636.9330247928735
SARIMAX_z_E1_semexog,2006-06,True,9,lbfgs,200,False,861.1695737635805,-427.58478688179025
SARIMAX_z_E1_exog,2006-06,True,17,lbfgs,200,False,840.6895243571685,-414.34476217858423
SARIMAX_anom_E2_semexog,2006-06,True,8,lbfgs,200,False,3329.385850949053,-1660.6929254745264
SARIMAX_anom_E2_exog,2006-06,True,83,lbfgs,200,False,3277.274889441069,-1631.6374447205344
SARIMAX_z_E2_semexog,2006-06,True,15,lbfgs,200,False,857.95617371957,-424.978086859785
SARIMAX_z_E2_exog,2006-06,True,17,lbfgs,200,False,839.8054048357308,-412.9027024178654
SARIMAX_anom_E3_semexog,2006-06,True,19,lbfgs,200,False,3224.6356927097568,-1608.3178463548784
SARIMAX_anom_E3_exog,2006-06,True,78,lbfgs,200,False,3169.7568847766447,-1577.8784423883224
SARIMAX_z_E3_semexog,2006-06,True,10,lbfgs,200,False,831.4407993482662,-411.7203996741331
SARIMAX_z_E3_exog,2006-06,True,24,lbfgs,200,False,812.0185607584483,-399.00928037922415
SARIMAX_anom_E4_semexog,2006-06,True,19,lbfgs,200,False,3211.228945020068,-1601.614472510034
SARIMAX_anom_E4_exog,2006-06,True,67,lbfgs,200,False,3159.429016281771,-1572.7145081408855
SARIMAX_z_E4_semexog,2006-06,True,10,lbfgs,200,False,828.2764645469729,-410.13823227348644
SARIMAX_z_E4_exog,2006-06,True,21,lbfgs,200,False,808.7488652777731,-397.37443263888656
Harmonico_harm1,2006-06,True,22,lbfgs,200,False,3414.544614345111,-1702.2723071725554
Harmonico_harm2,2006-06,True,25,lbfgs,200,False,3381.51162732383,-1683.755813661915
SARIMAX_anom_E1_semexog,2006-07,True,22,lbfgs,200,False,3349.3283484296926,-1671.6641742148463
SARIMAX_anom_E1_exog,2006-07,True,46,lbfgs,200,False,3295.803405108915,-1641.9017025544574
SARIMAX_z_E1_semexog,2006-07,True,9,lbfgs,200,False,864.0536748173039,-429.02683740865194
SARIMAX_z_E1_exog,2006-07,True,15,lbfgs,200,False,843.5453195710379,-415.77265978551895
SARIMAX_anom_E2_semexog,2006-07,True,8,lbfgs,200,False,3339.381102857918,-1665.690551428959
SARIMAX_anom_E2_exog,2006-07,True,59,lbfgs,200,False,3287.2179115590097,-1636.6089557795049
SARIMAX_z_E2_semexog,2006-07,True,13,lbfgs,200,False,860.7840978839854,-426.3920489419927
SARIMAX_z_E2_exog,2006-07,True,17,lbfgs,200,False,842.7094346866941,-414.35471734334703
SARIMAX_anom_E3_semexog,2006-07,True,24,lbfgs,200,False,3234.635535693302,-1613.317767846651
SARIMAX_anom_E3_exog,2006-07,True,74,lbfgs,200,False,3179.6783725537634,-1582.8391862768817
SARIMAX_z_E3_semexog,2006-07,True,11,lbfgs,200,False,834.1410790359762,-413.0705395179881
SARIMAX_z_E3_exog,2006-07,True,24,lbfgs,200,False,814.7850966167822,-400.3925483083911
SARIMAX_anom_E4_semexog,2006-07,True,16,lbfgs,200,False,3221.3328065163505,-1606.6664032581753
SARIMAX_anom_E4_exog,2006-07,True,73,lbfgs,200,False,3169.372882200082,-1577.686441100041
SARIMAX_z_E4_semexog,2006-07,True,10,lbfgs,200,False,831.0165929450636,-411.5082964725318
SARIMAX_z_E4_exog,2006-07,True,22,lbfgs,200,False,811.4776066428149,-398.73880332140743
Harmonico_harm1,2006-07,True,22,lbfgs,200,False,3424.7266926868797,-1707.3633463434398
Harmonico_harm2,2006-07,True,24,lbfgs,200,False,3391.59514781037,-1688.797573905185
SARIMAX_anom_E1_semexog,2006-08,True,20,lbfgs,200,False,3359.3308211642297,-1676.6654105821149
SARIMAX_anom_E1_exog,2006-08,True,55,lbfgs,200,False,3305.702929554598,-1646.851464777299
SARIMAX_z_E1_semexog,2006-08,True,9,lbfgs,200,False,866.7924571820611,-430.39622859103054
SARIMAX_z_E1_exog,2006-08,True,15,lbfgs,200,False,846.3447285757154,-417.1723642878577
SARIMAX_anom_E2_semexog,2006-08,True,9,lbfgs,200,False,3349.337531301014,-1670.668765650507
SARIMAX_anom_E2_exog,2006-08,True,64,lbfgs,200,False,3297.1076947874744,-1641.5538473937372
SARIMAX_z_E2_semexog,2006-08,True,12,lbfgs,200,False,863.3615586690889,-427.68077933454447
SARIMAX_z_E2_exog,2006-08,True,17,lbfgs,200,False,845.397894239072,-415.698947119536
SARIMAX_anom_E3_semexog,2006-08,True,24,lbfgs,200,False,3244.614184728198,-1618.307092364099
SARIMAX_anom_E3_exog,2006-08,True,91,lbfgs,200,False,3189.5763647172316,-1587.7881823586158
SARIMAX_z_E3_semexog,2006-08,True,11,lbfgs,200,False,836.7596141318971,-414.37980706594857
SARIMAX_z_E3_exog,2006-08,True,21,lbfgs,200,False,817.4723163780324,-401.7361581890162
SARIMAX_anom_E4_semexog,2006-08,True,25,lbfgs,200,False,3231.3609316331213,-1611.6804658165606
SARIMAX_anom_E4_exog,2006-08,True,85,lbfgs,200,False,3179.275354079669,-1582.6376770398344
SARIMAX_z_E4_semexog,2006-08,True,10,lbfgs,200,False,833.6423841680705,-412.82119208403526
SARIMAX_z_E4_exog,2006-08,True,22,lbfgs,200,False,814.1542317069507,-400.07711585347533
Harmonico_harm1,2006-08,True,23,lbfgs,200,False,3434.8638671897893,-1712.4319335948946
Harmonico_harm2,2006-08,True,23,lbfgs,200,False,3401.681777576505,-1693.8408887882524
SARIMAX_anom_E1_semexog,2006-09,True,22,lbfgs,200,False,3369.592503318948,-1681.796251659474
SARIMAX_anom_E1_exog,2006-09,True,60,lbfgs,200,False,3315.900319159756,-1651.950159579878
SARIMAX_z_E1_semexog,2006-09,True,9,lbfgs,200,False,869.4495516463996,-431.7247758231998
SARIMAX_z_E1_exog,2006-09,True,15,lbfgs,200,False,849.1720276782046,-418.5860138391023
SARIMAX_anom_E2_semexog,2006-09,True,8,lbfgs,200,False,3359.5076418495864,-1675.7538209247932
SARIMAX_anom_E2_exog,2006-09,True,65,lbfgs,200,False,3307.3244684766796,-1646.6622342383398
SARIMAX_z_E2_semexog,2006-09,True,14,lbfgs,200,False,865.9514739552867,-428.97573697764335
SARIMAX_z_E2_exog,2006-09,True,17,lbfgs,200,False,848.1388116862473,-417.06940584312366
SARIMAX_anom_E3_semexog,2006-09,True,23,lbfgs,200,False,3254.840215040037,-1623.4201075200185
SARIMAX_anom_E3_exog,2006-09,True,81,lbfgs,200,False,3199.805023417347,-1592.9025117086735
SARIMAX_z_E3_semexog,2006-09,True,12,lbfgs,200,False,839.5605729999647,-415.78028649998237
SARIMAX_z_E3_exog,2006-09,True,21,lbfgs,200,False,820.4196084557026,-403.2098042278513
SARIMAX_anom_E4_semexog,2006-09,True,19,lbfgs,200,False,3241.720006862807,-1616.8600034314036
SARIMAX_anom_E4_exog,2006-09,True,76,lbfgs,200,False,3189.506484125407,-1587.7532420627035
SARIMAX_z_E4_semexog,2006-09,True,10,lbfgs,200,False,836.4614428658763,-414.23072143293814
SARIMAX_z_E4_exog,2006-09,True,24,lbfgs,200,False,817.128650483686,-401.564325241843
Harmonico_harm1,2006-09,True,25,lbfgs,200,False,3445.0328793611234,-1717.5164396805617
Harmonico_harm2,2006-09,True,27,lbfgs,200,False,3412.3217001678977,-1699.1608500839488
SARIMAX_anom_E1_semexog,2006-10,True,20,lbfgs,200,False,3379.5460084493307,-1686.7730042246653
SARIMAX_anom_E1_exog,2006-10,True,45,lbfgs,200,False,3325.7678160875857,-1656.8839080437929
SARIMAX_z_E1_semexog,2006-10,True,9,lbfgs,200,False,872.2710709563239,-433.13553547816196
SARIMAX_z_E1_exog,2006-10,True,15,lbfgs,200,False,851.9623540280708,-419.9811770140354
SARIMAX_anom_E2_semexog,2006-10,True,8,lbfgs,200,False,3369.4603401981203,-1680.7301700990602
SARIMAX_anom_E2_exog,2006-10,True,59,lbfgs,200,False,3317.196374010173,-1651.5981870050864
SARIMAX_z_E2_semexog,2006-10,True,13,lbfgs,200,False,868.7176924949825,-430.3588462474913
SARIMAX_z_E2_exog,2006-10,True,17,lbfgs,200,False,850.9001357673512,-418.4500678836756
SARIMAX_anom_E3_semexog,2006-10,True,23,lbfgs,200,False,3264.8140858598917,-1628.4070429299459
SARIMAX_anom_E3_exog,2006-10,True,92,lbfgs,200,False,3209.678921116005,-1597.8394605580024
SARIMAX_z_E3_semexog,2006-10,True,12,lbfgs,200,False,842.3634546406838,-417.1817273203419
SARIMAX_z_E3_exog,2006-10,True,23,lbfgs,200,False,823.1742228221053,-404.58711141105266
SARIMAX_anom_E4_semexog,2006-10,True,19,lbfgs,200,False,3251.678099446539,-1621.8390497232695
SARIMAX_anom_E4_exog,2006-10,True,77,lbfgs,200,False,3199.3825702846734,-1592.6912851423367
SARIMAX_z_E4_semexog,2006-10,True,10,lbfgs,200,False,839.2640750854688,-415.6320375427344
SARIMAX_z_E4_exog,2006-10,True,21,lbfgs,200,False,819.8902063187485,-402.94510315937424
Harmonico_harm1,2006-10,True,26,lbfgs,200,False,3455.303408845177,-1722.6517044225884
Harmonico_harm2,2006-10,True,28,lbfgs,200,False,3422.334928181659,-1704.1674640908295
SARIMAX_anom_E1_semexog,2006-11,True,19,lbfgs,200,False,3389.9535479631095,-1691.9767739815547
SARIMAX_anom_E1_exog,2006-11,True,46,lbfgs,200,False,3335.8979771285526,-1661.9489885642763
SARIMAX_z_E1_semexog,2006-11,True,8,lbfgs,200,False,875.0137452732224,-434.5068726366112
SARIMAX_z_E1_exog,2006-11,True,15,lbfgs,200,False,854.4524835180832,-421.2262417590416
SARIMAX_anom_E2_semexog,2006-11,True,8,lbfgs,200,False,3379.794814642854,-1685.897407321427
SARIMAX_anom_E2_exog,2006-11,True,61,lbfgs,200,False,3327.2937717478335,-1656.6468858739167
SARIMAX_z_E2_semexog,2006-11,True,14,lbfgs,200,False,871.3699096462726,-431.6849548231363
SARIMAX_z_E2_exog,2006-11,True,17,lbfgs,200,False,853.3257461135026,-419.6628730567513
SARIMAX_anom_E3_semexog,2006-11,True,24,lbfgs,200,False,3275.155123436305,-1633.5775617181525
SARIMAX_anom_E3_exog,2006-11,True,76,lbfgs,200,False,3219.749675832555,-1602.8748379162776
SARIMAX_z_E3_semexog,2006-11,True,11,lbfgs,200,False,844.9610744790699,-418.48053723953495
SARIMAX_z_E3_exog,2006-11,True,22,lbfgs,200,False,825.4765139792202,-405.7382569896101
SARIMAX_anom_E4_semexog,2006-11,True,18,lbfgs,200,False,3262.083302702675,-1627.0416513513376
SARIMAX_anom_E4_exog,2006-11,True,63,lbfgs,200,False,3209.4409731244505,-1597.7204865622252
SARIMAX_z_E4_semexog,2006-11,True,10,lbfgs,200,False,841.8450172603796,-416.9225086301898
SARIMAX_z_E4_exog,2006-11,True,21,lbfgs,200,False,822.1986402680557,-404.09932013402783
Harmonico_harm1,2006-11,True,26,lbfgs,200,False,3466.1763559651226,-1728.0881779825613
Harmonico_harm2,2006-11,True,25,lbfgs,200,False,3432.8500774879176,-1709.4250387439588
SARIMAX_anom_E1_semexog,2006-12,True,12,lbfgs,200,False,3401.974345048672,-1697.987172524336
SARIMAX_anom_E1_exog,2006-12,True,70,lbfgs,200,False,3347.49354180059,-1667.746770900295
SARIMAX_z_E1_semexog,2006-12,True,9,lbfgs,200,False,877.5482708985078,-435.7741354492539
SARIMAX_z_E1_exog,2006-12,True,17,lbfgs,200,False,856.6764918804804,-422.3382459402402
SARIMAX_anom_E2_semexog,2006-12,True,6,lbfgs,200,False,3391.859328218574,-1691.929664109287
SARIMAX_anom_E2_exog,2006-12,True,60,lbfgs,200,False,3338.85652625194,-1662.42826312597
SARIMAX_z_E2_semexog,2006-12,True,15,lbfgs,200,False,874.074852121009,-433.0374260605045
SARIMAX_z_E2_exog,2006-12,True,17,lbfgs,200,False,855.6242861706322,-420.8121430853161
SARIMAX_anom_E3_semexog,2006-12,True,22,lbfgs,200,False,3287.2416078232245,-1639.6208039116123
SARIMAX_anom_E3_exog,2006-12,True,77,lbfgs,200,False,3231.3931390704674,-1608.6965695352337
SARIMAX_z_E3_semexog,2006-12,True,12,lbfgs,200,False,847.5808020443269,-419.79040102216345
SARIMAX_z_E3_exog,2006-12,True,19,lbfgs,200,False,827.7524611433997,-406.87623057169986
SARIMAX_anom_E4_semexog,2006-12,True,16,lbfgs,200,False,3274.2611469267795,-1633.1305734633897
SARIMAX_anom_E4_exog,2006-12,True,69,lbfgs,200,False,3221.0788923176356,-1603.5394461588178
SARIMAX_z_E4_semexog,2006-12,True,10,lbfgs,200,False,844.4432668481232,-418.2216334240616
SARIMAX_z_E4_exog,2006-12,True,20,lbfgs,200,False,824.4616911450372,-405.2308455725186
Harmonico_harm1,2006-12,True,24,lbfgs,200,False,3479.5999344673037,-1734.7999672336518
Harmonico_harm2,2006-12,True,27,lbfgs,200,False,3444.8811670032956,-1715.4405835016478
SARIMAX_anom_E1_semexog,2007-01,True,12,lbfgs,200,False,3416.1893447698344,-1705.0946723849172
SARIMAX_anom_E1_exog,2007-01,True,67,lbfgs,200,False,3361.4650095204615,-1674.7325047602308
SARIMAX_z_E1_semexog,2007-01,True,9,lbfgs,200,False,879.5988219451739,-436.79941097258694
SARIMAX_z_E1_exog,2007-01,True,15,lbfgs,200,False,858.43267902311,-423.216339511555
SARIMAX_anom_E2_semexog,2007-01,True,9,lbfgs,200,False,3405.9972714383084,-1698.9986357191542
SARIMAX_anom_E2_exog,2007-01,True,35,lbfgs,200,False,3352.7412491405476,-1669.3706245702738
SARIMAX_z_E2_semexog,2007-01,True,15,lbfgs,200,False,875.9273887029658,-433.9636943514829
SARIMAX_z_E2_exog,2007-01,True,15,lbfgs,200,False,857.230441608803,-421.6152208044015
SARIMAX_anom_E3_semexog,2007-01,True,24,lbfgs,200,False,3301.1276055682074,-1646.5638027841037
SARIMAX_anom_E3_exog,2007-01,True,81,lbfgs,200,False,3244.9771916399345,-1615.4885958199673
SARIMAX_z_E3_semexog,2007-01,True,12,lbfgs,200,False,849.5115118812719,-420.75575594063594
SARIMAX_z_E3_exog,2007-01,True,19,lbfgs,200,False,829.3609628913741,-407.68048144568706
SARIMAX_anom_E4_semexog,2007-01,True,14,lbfgs,200,False,3288.1610984688955,-1640.0805492344477
SARIMAX_anom_E4_exog,2007-01,True,70,lbfgs,200,False,3234.6844124127706,-1610.3422062063853
SARIMAX_z_E4_semexog,2007-01,True,10,lbfgs,200,False,846.3455829114221,-419.17279145571104
SARIMAX_z_E4_exog,2007-01,True,20,lbfgs,200,False,826.0683049681297,-406.03415248406486
Harmonico_harm1,2007-01,True,23,lbfgs,200,False,3494.8565231712623,-1742.4282615856312
Harmonico_harm2,2007-01,False,25,lbfgs,200,True,3459.269311741823,-1722.6346558709115
SARIMAX_anom_E1_semexog,2007-02,True,17,lbfgs,200,False,3438.449823154774,-1716.224911577387
SARIMAX_anom_E1_exog,2007-02,True,65,lbfgs,200,False,3385.3002398670765,-1686.6501199335382
SARIMAX_z_E1_semexog,2007-02,True,9,lbfgs,200,False,883.7202728752436,-438.8601364376218
SARIMAX_z_E1_exog,2007-02,True,16,lbfgs,200,False,863.9024998736539,-425.95124993682697
SARIMAX_anom_E2_semexog,2007-02,True,9,lbfgs,200,False,3428.7219205112865,-1710.3609602556432
SARIMAX_anom_E2_exog,2007-02,True,71,lbfgs,200,False,3376.1464612604823,-1681.0732306302411
SARIMAX_z_E2_semexog,2007-02,True,13,lbfgs,200,False,880.6389545454117,-436.31947727270585
SARIMAX_z_E2_exog,2007-02,True,20,lbfgs,200,False,863.1600366017026,-424.5800183008513
SARIMAX_anom_E3_semexog,2007-02,True,21,lbfgs,200,False,3322.6305747620895,-1657.3152873810448
SARIMAX_anom_E3_exog,2007-02,True,89,lbfgs,200,False,3268.293809412611,-1627.1469047063056
SARIMAX_z_E3_semexog,2007-02,True,10,lbfgs,200,False,853.3455294500209,-422.67276472501044
SARIMAX_z_E3_exog,2007-02,True,21,lbfgs,200,False,834.7233092810224,-410.3616546405112
SARIMAX_anom_E4_semexog,2007-02,True,20,lbfgs,200,False,3309.842052136418,-1650.921026068209
SARIMAX_anom_E4_exog,2007-02,True,80,lbfgs,200,False,3258.3007711716223,-1622.1503855858111
SARIMAX_z_E4_semexog,2007-02,True,10,lbfgs,200,False,850.2203361243058,-421.1101680621529
SARIMAX_z_E4_exog,2007-02,True,19,lbfgs,200,False,831.4768286397792,-408.7384143198896
Harmonico_harm1,2007-02,True,25,lbfgs,200,False,3512.4616124967138,-1751.2308062483569
Harmonico_harm2,2007-02,True,27,lbfgs,200,False,3476.675997683585,-1731.3379988417926
SARIMAX_anom_E1_semexog,2007-03,True,12,lbfgs,200,False,3450.2919332459282,-1722.1459666229641
SARIMAX_anom_E1_exog,2007-03,True,55,lbfgs,200,False,3395.764260178001,-1691.8821300890006
SARIMAX_z_E1_semexog,2007-03,True,8,lbfgs,200,False,887.0710831678092,-440.5355415839046
SARIMAX_z_E1_exog,2007-03,True,21,lbfgs,200,False,866.4043662437437,-427.2021831218718
SARIMAX_anom_E2_semexog,2007-03,True,10,lbfgs,200,False,3439.951443603247,-1715.9757218016234
SARIMAX_anom_E2_exog,2007-03,True,58,lbfgs,200,False,3386.8253834210805,-1686.4126917105402
SARIMAX_z_E2_semexog,2007-03,True,12,lbfgs,200,False,883.7696531538422,-437.8848265769211
SARIMAX_z_E2_exog,2007-03,True,18,lbfgs,200,False,865.5889738624564,-425.7944869312282
SARIMAX_anom_E3_semexog,2007-03,True,21,lbfgs,200,False,3334.7831135067217,-1663.3915567533609
SARIMAX_anom_E3_exog,2007-03,True,82,lbfgs,200,False,3279.1289486778956,-1632.5644743389478
SARIMAX_z_E3_semexog,2007-03,True,11,lbfgs,200,False,857.1587566427347,-424.57937832136736
SARIMAX_z_E3_exog,2007-03,True,22,lbfgs,200,False,837.4791374846033,-411.7395687423016
SARIMAX_anom_E4_semexog,2007-03,True,19,lbfgs,200,False,3321.719328422243,-1656.8596642111215
SARIMAX_anom_E4_exog,2007-03,True,79,lbfgs,200,False,3268.9027966891445,-1627.4513983445722
SARIMAX_z_E4_semexog,2007-03,True,11,lbfgs,200,False,853.9029772185204,-422.9514886092602
SARIMAX_z_E4_exog,2007-03,True,20,lbfgs,200,False,834.1929785255453,-410.09648926277265
Harmonico_harm1,2007-03,True,25,lbfgs,200,False,3522.7925343506668,-1756.3962671753334
Harmonico_harm2,2007-03,True,23,lbfgs,200,False,3487.6515728863424,-1736.8257864431712
SARIMAX_anom_E1_semexog,2007-04,True,13,lbfgs,200,False,3460.3086944426523,-1727.1543472213261
SARIMAX_anom_E1_exog,2007-04,True,48,lbfgs,200,False,3405.6938089951445,-1696.8469044975723
SARIMAX_z_E1_semexog,2007-04,True,8,lbfgs,200,False,889.7969951447695,-441.89849757238477
SARIMAX_z_E1_exog,2007-04,True,20,lbfgs,200,False,868.9527090000016,-428.4763545000008
SARIMAX_anom_E2_semexog,2007-04,True,11,lbfgs,200,False,3450.2395860110905,-1721.1197930055453
SARIMAX_anom_E2_exog,2007-04,True,79,lbfgs,200,False,3396.7520063692937,-1691.3760031846468
SARIMAX_z_E2_semexog,2007-04,True,13,lbfgs,200,False,886.6357466669656,-439.3178733334828
SARIMAX_z_E2_exog,2007-04,True,18,lbfgs,200,False,868.149866053102,-427.074933026551
SARIMAX_anom_E3_semexog,2007-04,True,23,lbfgs,200,False,3344.86953345592,-1668.43476672796
SARIMAX_anom_E3_exog,2007-04,True,80,lbfgs,200,False,3289.0861591583907,-1637.5430795791954
SARIMAX_z_E3_semexog,2007-04,True,11,lbfgs,200,False,859.9330034190024,-425.9665017095012
SARIMAX_z_E3_exog,2007-04,True,22,lbfgs,200,False,840.0384866834008,-413.0192433417004
SARIMAX_anom_E4_semexog,2007-04,True,20,lbfgs,200,False,3331.7807874710925,-1661.8903937355462
SARIMAX_anom_E4_exog,2007-04,True,81,lbfgs,200,False,3278.9016941802033,-1632.4508470901017
SARIMAX_z_E4_semexog,2007-04,True,10,lbfgs,200,False,856.7102612568481,-424.35513062842404
SARIMAX_z_E4_exog,2007-04,True,21,lbfgs,200,False,836.7647561071244,-411.3823780535622
Harmonico_harm1,2007-04,True,24,lbfgs,200,False,3533.0826082888116,-1761.5413041444058
Harmonico_harm2,2007-04,True,28,lbfgs,200,False,3497.8172807307214,-1741.9086403653607
SARIMAX_anom_E1_semexog,2007-05,True,20,lbfgs,200,False,3470.7549987159223,-1732.3774993579611
SARIMAX_anom_E1_exog,2007-05,True,52,lbfgs,200,False,3416.0999212924867,-1702.0499606462433
SARIMAX_z_E1_semexog,2007-05,True,8,lbfgs,200,False,892.5762959600893,-443.28814798004464
SARIMAX_z_E1_exog,2007-05,True,20,lbfgs,200,False,871.8121303345113,-429.90606516725563
SARIMAX_anom_E2_semexog,2007-05,True,10,lbfgs,200,False,3460.5066058705247,-1726.2533029352624
SARIMAX_anom_E2_exog,2007-05,True,84,lbfgs,200,False,3407.146273507513,-1696.5731367537564
SARIMAX_z_E2_semexog,2007-05,True,12,lbfgs,200,False,889.0259107089528,-440.5129553544764
SARIMAX_z_E2_exog,2007-05,True,18,lbfgs,200,False,870.7951646696138,-428.3975823348069
SARIMAX_anom_E3_semexog,2007-05,True,20,lbfgs,200,False,3355.4271733297755,-1673.7135866648878
SARIMAX_anom_E3_exog,2007-05,True,94,lbfgs,200,False,3299.5888257444476,-1642.7944128722238
SARIMAX_z_E3_semexog,2007-05,True,11,lbfgs,200,False,863.0371106601909,-427.51855533009547
SARIMAX_z_E3_exog,2007-05,True,23,lbfgs,200,False,843.1774370395607,-414.58871851978034
SARIMAX_anom_E4_semexog,2007-05,True,20,lbfgs,200,False,3342.299639134538,-1667.149819567269
SARIMAX_anom_E4_exog,2007-05,True,86,lbfgs,200,False,3289.3656576085223,-1637.6828288042611
SARIMAX_z_E4_semexog,2007-05,True,13,lbfgs,200,False,859.8312088989848,-425.9156044494924
SARIMAX_z_E4_exog,2007-05,True,23,lbfgs,200,False,839.9655514124358,-412.9827757062179
Harmonico_harm1,2007-05,True,22,lbfgs,200,False,3544.8539132159867,-1767.4269566079934
Harmonico_harm2,2007-05,True,27,lbfgs,200,False,3508.9386976472038,-1747.4693488236019
SARIMAX_anom_E1_semexog,2007-06,True,20,lbfgs,200,False,3480.753696750816,-1737.376848375408
SARIMAX_anom_E1_exog,2007-06,True,58,lbfgs,200,False,3426.0427363283293,-1707.0213681641646
SARIMAX_z_E1_semexog,2007-06,True,8,lbfgs,200,False,895.3212547916195,-444.66062739580974
SARIMAX_z_E1_exog,2007-06,True,20,lbfgs,200,False,874.5781918206486,-431.2890959103243
SARIMAX_anom_E2_semexog,2007-06,True,10,lbfgs,200,False,3470.500084441765,-1731.2500422208825
SARIMAX_anom_E2_exog,2007-06,True,64,lbfgs,200,False,3417.086276542016,-1701.543138271008
SARIMAX_z_E2_semexog,2007-06,True,11,lbfgs,200,False,891.7847489112715,-441.8923744556358
SARIMAX_z_E2_exog,2007-06,True,18,lbfgs,200,False,873.5779397538311,-429.78896987691553
SARIMAX_anom_E3_semexog,2007-06,True,19,lbfgs,200,False,3365.439337142151,-1678.7196685710755
SARIMAX_anom_E3_exog,2007-06,True,81,lbfgs,200,False,3309.538372148707,-1647.7691860743535
SARIMAX_z_E3_semexog,2007-06,True,11,lbfgs,200,False,865.7721838747814,-428.8860919373907
SARIMAX_z_E3_exog,2007-06,True,24,lbfgs,200,False,845.9245418818102,-415.9622709409051
SARIMAX_anom_E4_semexog,2007-06,True,20,lbfgs,200,False,3352.3010225820763,-1672.1505112910381
SARIMAX_anom_E4_exog,2007-06,True,82,lbfgs,200,False,3299.31532239985,-1642.657661199925
SARIMAX_z_E4_semexog,2007-06,True,12,lbfgs,200,False,862.562770011627,-427.2813850058135
SARIMAX_z_E4_exog,2007-06,True,20,lbfgs,200,False,842.7065125780105,-414.35325628900523
Harmonico_harm1,2007-06,True,23,lbfgs,200,False,3555.39058824892,-1772.69529412446
Harmonico_harm2,2007-06,True,24,lbfgs,200,False,3519.0423513112355,-1752.5211756556178
SARIMAX_anom_E1_semexog,2007-07,True,20,lbfgs,200,False,3490.7563026894995,-1742.3781513447498
SARIMAX_anom_E1_exog,2007-07,True,51,lbfgs,200,False,3436.0313930425345,-1712.0156965212673
SARIMAX_z_E1_semexog,2007-07,True,8,lbfgs,200,False,898.0327457712192,-446.0163728856096
SARIMAX_z_E1_exog,2007-07,True,21,lbfgs,200,False,877.5140139144705,-432.75700695723526
SARIMAX_anom_E2_semexog,2007-07,True,10,lbfgs,200,False,3480.494661131381,-1736.2473305656904
SARIMAX_anom_E2_exog,2007-07,True,72,lbfgs,200,False,3427.0967076608977,-1706.5483538304488
SARIMAX_z_E2_semexog,2007-07,True,12,lbfgs,200,False,894.4498178500553,-443.22490892502765
SARIMAX_z_E2_exog,2007-07,True,18,lbfgs,200,False,876.4054585750964,-431.2027292875482
SARIMAX_anom_E3_semexog,2007-07,True,19,lbfgs,200,False,3375.4603792262214,-1683.7301896131107
SARIMAX_anom_E3_exog,2007-07,True,86,lbfgs,200,False,3319.5439739360436,-1652.7719869680218
SARIMAX_z_E3_semexog,2007-07,True,10,lbfgs,200,False,868.422844992832,-430.211422496416
SARIMAX_z_E3_exog,2007-07,True,23,lbfgs,200,False,848.7355558954775,-417.3677779477388
SARIMAX_anom_E4_semexog,2007-07,True,19,lbfgs,200,False,3362.304914230095,-1677.1524571150476
SARIMAX_anom_E4_exog,2007-07,True,89,lbfgs,200,False,3309.3011766394293,-1647.6505883197146
SARIMAX_z_E4_semexog,2007-07,True,13,lbfgs,200,False,865.1728253575465,-428.58641267877323
SARIMAX_z_E4_exog,2007-07,True,22,lbfgs,200,False,845.5110601716342,-415.7555300858171
Harmonico_harm1,2007-07,True,22,lbfgs,200,False,3565.62198750633,-1777.810993753165
Harmonico_harm2,2007-07,True,27,lbfgs,200,False,3529.110503609525,-1757.5552518047625
SARIMAX_anom_E1_semexog,2007-08,True,21,lbfgs,200,False,3500.7614032455513,-1747.3807016227756
SARIMAX_anom_E1_exog,2007-08,True,42,lbfgs,200,False,3446.074241360451,-1717.0371206802256
SARIMAX_z_E1_semexog,2007-08,True,8,lbfgs,200,False,900.687595979585,-447.3437979897925
SARIMAX_z_E1_exog,2007-08,True,19,lbfgs,200,False,880.4852570681004,-434.2426285340502
SARIMAX_anom_E2_semexog,2007-08,True,10,lbfgs,200,False,3490.504217589366,-1741.252108794683
SARIMAX_anom_E2_exog,2007-08,True,69,lbfgs,200,False,3437.151254312096,-1711.575627156048
SARIMAX_z_E2_semexog,2007-08,True,12,lbfgs,200,False,897.1211880394767,-444.56059401973835
SARIMAX_z_E2_exog,2007-08,True,18,lbfgs,200,False,879.3458000484461,-432.67290002422305
SARIMAX_anom_E3_semexog,2007-08,True,22,lbfgs,200,False,3385.481657810103,-1688.7408289050516
SARIMAX_anom_E3_exog,2007-08,True,100,lbfgs,200,False,3329.5841728447804,-1657.7920864223902
SARIMAX_z_E3_semexog,2007-08,True,10,lbfgs,200,False,870.9987610706753,-431.49938053533765
SARIMAX_z_E3_exog,2007-08,True,24,lbfgs,200,False,851.5998825864633,-418.79994129323165
SARIMAX_anom_E4_semexog,2007-08,True,19,lbfgs,200,False,3372.3080275382363,-1682.1540137691181
SARIMAX_anom_E4_exog,2007-08,True,70,lbfgs,200,False,3319.33140300817,-1652.665701504085
SARIMAX_z_E4_semexog,2007-08,True,13,lbfgs,200,False,867.7415207112767,-429.87076035563837
SARIMAX_z_E4_exog,2007-08,True,21,lbfgs,200,False,848.3933165116275,-417.19665825581376
Harmonico_harm1,2007-08,True,23,lbfgs,200,False,3575.746800667263,-1782.8734003336315
Harmonico_harm2,2007-08,True,25,lbfgs,200,False,3539.225571345429,-1762.6127856727146
SARIMAX_anom_E1_semexog,2007-09,True,20,lbfgs,200,False,3510.907516858344,-1752.453758429172
SARIMAX_anom_E1_exog,2007-09,True,60,lbfgs,200,False,3456.4422762485947,-1722.2211381242973
SARIMAX_z_E1_semexog,2007-09,True,8,lbfgs,200,False,903.284267846313,-448.6421339231565
SARIMAX_z_E1_exog,2007-09,True,16,lbfgs,200,False,883.5788858657311,-435.78944293286554
SARIMAX_anom_E2_semexog,2007-09,True,10,lbfgs,200,False,3500.6576947863878,-1746.3288473931939
SARIMAX_anom_E2_exog,2007-09,True,78,lbfgs,200,False,3447.604571978083,-1716.8022859890416
SARIMAX_z_E2_semexog,2007-09,True,11,lbfgs,200,False,899.6787627638687,-445.83938138193434
SARIMAX_z_E2_exog,2007-09,True,18,lbfgs,200,False,882.3186801972104,-434.1593400986052
SARIMAX_anom_E3_semexog,2007-09,True,23,lbfgs,200,False,3395.663128026943,-1693.8315640134715
SARIMAX_anom_E3_exog,2007-09,True,97,lbfgs,200,False,3339.9944758644206,-1662.9972379322103
SARIMAX_z_E3_semexog,2007-09,True,11,lbfgs,200,False,873.5791162468831,-432.78955812344157
SARIMAX_z_E3_exog,2007-09,True,23,lbfgs,200,False,854.582146934845,-420.2910734674225
SARIMAX_anom_E4_semexog,2007-09,True,20,lbfgs,200,False,3382.4604834881993,-1687.2302417440997
SARIMAX_anom_E4_exog,2007-09,True,57,lbfgs,200,False,3329.721860562436,-1657.860930281218
SARIMAX_z_E4_semexog,2007-09,True,13,lbfgs,200,False,870.2771234269245,-431.13856171346225
SARIMAX_z_E4_exog,2007-09,True,20,lbfgs,200,False,851.3527220709863,-418.67636103549313
Harmonico_harm1,2007-09,True,24,lbfgs,200,False,3585.9186200746663,-1787.9593100373331
Harmonico_harm2,2007-09,True,26,lbfgs,200,False,3549.756511779111,-1767.8782558895555
SARIMAX_anom_E1_semexog,2007-10,True,15,lbfgs,200,False,3521.5951626458263,-1757.7975813229132
SARIMAX_anom_E1_exog,2007-10,True,54,lbfgs,200,False,3467.8800451575607,-1727.9400225787804
SARIMAX_z_E1_semexog,2007-10,True,7,lbfgs,200,False,905.7683711609585,-449.88418558047925
SARIMAX_z_E1_exog,2007-10,True,15,lbfgs,200,False,886.8769257255443,-437.43846286277216
SARIMAX_anom_E2_semexog,2007-10,True,10,lbfgs,200,False,3511.3603186761366,-1751.6801593380683
SARIMAX_anom_E2_exog,2007-10,True,70,lbfgs,200,False,3459.2035195206336,-1722.6017597603168
SARIMAX_z_E2_semexog,2007-10,True,12,lbfgs,200,False,902.117115429263,-447.0585577146315
SARIMAX_z_E2_exog,2007-10,True,17,lbfgs,200,False,885.4476767182978,-435.7238383591489
SARIMAX_anom_E3_semexog,2007-10,True,24,lbfgs,200,False,3406.3774292428866,-1699.1887146214433
SARIMAX_anom_E3_exog,2007-10,True,107,lbfgs,200,False,3351.4911882413476,-1668.7455941206738
SARIMAX_z_E3_semexog,2007-10,True,11,lbfgs,200,False,876.1399795135269,-434.06998975676345
SARIMAX_z_E3_exog,2007-10,True,19,lbfgs,200,False,857.9889658938785,-421.99448294693923
SARIMAX_anom_E4_semexog,2007-10,True,20,lbfgs,200,False,3393.11119887345,-1692.555599436725
SARIMAX_anom_E4_exog,2007-10,True,76,lbfgs,200,False,3341.172296261265,-1663.5861481306324
SARIMAX_z_E4_semexog,2007-10,True,13,lbfgs,200,False,872.8272200572073,-432.41361002860367
SARIMAX_z_E4_exog,2007-10,True,17,lbfgs,200,False,854.8154185042539,-420.40770925212695
Harmonico_harm1,2007-10,True,24,lbfgs,200,False,3596.2380375263338,-1793.1190187631669
Harmonico_harm2,2007-10,True,26,lbfgs,200,False,3560.315550545153,-1773.1577752725766
SARIMAX_anom_E1_semexog,2007-11,True,22,lbfgs,200,False,3532.3044814527584,-1763.1522407263792
SARIMAX_anom_E1_exog,2007-11,True,38,lbfgs,200,False,3479.6535833829653,-1733.8267916914826
SARIMAX_z_E1_semexog,2007-11,True,8,lbfgs,200,False,908.1456626916931,-451.07283134584657
SARIMAX_z_E1_exog,2007-11,True,14,lbfgs,200,False,890.2141728846966,-439.1070864423483
SARIMAX_anom_E2_semexog,2007-11,True,10,lbfgs,200,False,3522.076375342846,-1757.038187671423
SARIMAX_anom_E2_exog,2007-11,True,63,lbfgs,200,False,3471.204518729044,-1728.602259364522
SARIMAX_z_E2_semexog,2007-11,True,15,lbfgs,200,False,904.4634563598612,-448.2317281799306
SARIMAX_z_E2_exog,2007-11,True,16,lbfgs,200,False,888.5817449148799,-437.29087245743995
SARIMAX_anom_E3_semexog,2007-11,True,24,lbfgs,200,False,3417.0640749549357,-1704.5320374774678
SARIMAX_anom_E3_exog,2007-11,True,78,lbfgs,200,False,3363.237357368594,-1674.618678684297
SARIMAX_z_E3_semexog,2007-11,True,11,lbfgs,200,False,878.3891552878318,-435.1945776439159
SARIMAX_z_E3_exog,2007-11,True,15,lbfgs,200,False,861.1569493039956,-423.5784746519978
SARIMAX_anom_E4_semexog,2007-11,True,19,lbfgs,200,False,3403.7244124212584,-1697.8622062106292
SARIMAX_anom_E4_exog,2007-11,True,56,lbfgs,200,False,3352.8720453131377,-1669.4360226565689
SARIMAX_z_E4_semexog,2007-11,True,13,lbfgs,200,False,875.0231321459725,-433.5115660729862
SARIMAX_z_E4_exog,2007-11,True,18,lbfgs,200,False,858.0005565017202,-422.0002782508601
Harmonico_harm1,2007-11,True,24,lbfgs,200,False,3607.4729147601793,-1798.7364573800896
Harmonico_harm2,2007-11,True,29,lbfgs,200,False,3571.125431014982,-1778.562715507491
SARIMAX_anom_E1_semexog,2007-12,True,12,lbfgs,200,False,3542.5003300911835,-1768.2501650455918
SARIMAX_anom_E1_exog,2007-12,True,45,lbfgs,200,False,3490.57981471355,-1739.289907356775
SARIMAX_z_E1_semexog,2007-12,True,8,lbfgs,200,False,910.8098383704912,-452.4049191852456
SARIMAX_z_E1_exog,2007-12,True,15,lbfgs,200,False,893.2008046937701,-440.60040234688506
SARIMAX_anom_E2_semexog,2007-12,True,10,lbfgs,200,False,3532.230722585885,-1762.1153612929425
SARIMAX_anom_E2_exog,2007-12,True,70,lbfgs,200,False,3481.906688964827,-1733.9533444824135
SARIMAX_z_E2_semexog,2007-12,True,12,lbfgs,200,False,907.0991334871198,-449.5495667435599
SARIMAX_z_E2_exog,2007-12,True,16,lbfgs,200,False,891.4432563867115,-438.72162819335574
SARIMAX_anom_E3_semexog,2007-12,True,23,lbfgs,200,False,3427.3080288334836,-1709.6540144167418
SARIMAX_anom_E3_exog,2007-12,True,71,lbfgs,200,False,3374.1471994337116,-1680.0735997168558
SARIMAX_z_E3_semexog,2007-12,True,11,lbfgs,200,False,881.0724022188687,-436.53620110943433
SARIMAX_z_E3_exog,2007-12,True,16,lbfgs,200,False,864.0934784371505,-425.0467392185752
SARIMAX_anom_E4_semexog,2007-12,True,19,lbfgs,200,False,3413.9054483780073,-1702.9527241890037
SARIMAX_anom_E4_exog,2007-12,True,72,lbfgs,200,False,3363.726131827312,-1674.863065913656
SARIMAX_z_E4_semexog,2007-12,True,13,lbfgs,200,False,877.6868203601736,-434.8434101800868
SARIMAX_z_E4_exog,2007-12,True,17,lbfgs,200,False,860.9342911954872,-423.4671455977436
Harmonico_harm1,2007-12,True,22,lbfgs,200,False,3618.5568252345142,-1804.2784126172571
Harmonico_harm2,2007-12,True,26,lbfgs,200,False,3581.4132247389866,-1783.7066123694933
SARIMAX_anom_E1_semexog,2008-01,True,19,lbfgs,200,False,3554.798940480481,-1774.3994702402406
SARIMAX_anom_E1_exog,2008-01,True,58,lbfgs,200,False,3501.608062890394,-1744.804031445197
SARIMAX_z_E1_semexog,2008-01,True,8,lbfgs,200,False,914.0324212740113,-454.01621063700566
SARIMAX_z_E1_exog,2008-01,True,14,lbfgs,200,False,895.7034404963907,-441.85172024819536
SARIMAX_anom_E2_semexog,2008-01,True,10,lbfgs,200,False,3544.5900261322786,-1768.2950130661393
SARIMAX_anom_E2_exog,2008-01,True,64,lbfgs,200,False,3493.1302588305134,-1739.5651294152567
SARIMAX_z_E2_semexog,2008-01,True,13,lbfgs,200,False,910.3648611587139,-451.18243057935695
SARIMAX_z_E2_exog,2008-01,True,14,lbfgs,200,False,894.0694545939365,-440.03472729696824
SARIMAX_anom_E3_semexog,2008-01,True,23,lbfgs,200,False,3439.7571994037753,-1715.8785997018877
SARIMAX_anom_E3_exog,2008-01,True,89,lbfgs,200,False,3385.421925389056,-1685.710962694528
SARIMAX_z_E3_semexog,2008-01,True,11,lbfgs,200,False,884.5054064596586,-438.2527032298293
SARIMAX_z_E3_exog,2008-01,True,18,lbfgs,200,False,866.8166322852383,-426.4083161426191
SARIMAX_anom_E4_semexog,2008-01,True,28,lbfgs,200,False,3426.5694132925714,-1709.2847066462857
SARIMAX_anom_E4_exog,2008-01,True,66,lbfgs,200,False,3375.0609531837686,-1680.5304765918843
SARIMAX_z_E4_semexog,2008-01,True,12,lbfgs,200,False,881.2472744846773,-436.62363724233865
SARIMAX_z_E4_exog,2008-01,True,16,lbfgs,200,False,863.6540754067728,-424.8270377033864
Harmonico_harm1,2008-01,False,22,lbfgs,200,True,3629.831231890088,-1809.915615945044
Harmonico_harm2,2008-01,True,28,lbfgs,200,False,3593.457438251153,-1789.7287191255764
SARIMAX_anom_E1_semexog,2008-02,True,20,lbfgs,200,False,3564.860892443836,-1779.430446221918
SARIMAX_anom_E1_exog,2008-02,True,2,lbfgs,200,False,3518.339818449612,-1753.169909224806
SARIMAX_z_E1_semexog,2008-02,True,8,lbfgs,200,False,916.9066277952259,-455.45331389761293
SARIMAX_z_E1_exog,2008-02,True,15,lbfgs,200,False,898.8309999800263,-443.41549999001313
SARIMAX_anom_E2_semexog,2008-02,True,10,lbfgs,200,False,3554.6452758529035,-1773.3226379264518
SARIMAX_anom_E2_exog,2008-02,True,67,lbfgs,200,False,3503.349870406628,-1744.674935203314
SARIMAX_z_E2_semexog,2008-02,True,13,lbfgs,200,False,913.2229260304802,-452.6114630152401
SARIMAX_z_E2_exog,2008-02,True,14,lbfgs,200,False,897.1589007174891,-441.57945035874457
SARIMAX_anom_E3_semexog,2008-02,True,24,lbfgs,200,False,3449.90555478615,-1720.952777393075
SARIMAX_anom_E3_exog,2008-02,True,38,lbfgs,200,False,3402.137808658838,-1694.068904329419
SARIMAX_z_E3_semexog,2008-02,True,11,lbfgs,200,False,887.5271067437207,-439.7635533718603
SARIMAX_z_E3_exog,2008-02,True,20,lbfgs,200,False,870.293414434524,-428.146707217262
SARIMAX_anom_E4_semexog,2008-02,True,20,lbfgs,200,False,3436.659534465207,-1714.3297672326034
SARIMAX_anom_E4_exog,2008-02,True,35,lbfgs,200,False,3390.517014478801,-1688.2585072394004
SARIMAX_z_E4_semexog,2008-02,True,13,lbfgs,200,False,884.2632983132996,-438.1316491566498
SARIMAX_z_E4_exog,2008-02,True,16,lbfgs,200,False,867.1851230627914,-426.5925615313957
Harmonico_harm1,2008-02,True,27,lbfgs,200,False,3640.190982816954,-1815.095491408477
Harmonico_harm2,2008-02,False,24,lbfgs,200,True,3603.971895637563,-1794.9859478187816
SARIMAX_anom_E1_semexog,2008-03,True,12,lbfgs,200,False,3585.3193778345067,-1789.6596889172533
SARIMAX_anom_E1_exog,2008-03,True,33,lbfgs,200,False,3529.9548442472937,-1758.9774221236469
SARIMAX_z_E1_semexog,2008-03,True,8,lbfgs,200,False,919.723871332429,-456.8619356662145
SARIMAX_z_E1_exog,2008-03,True,16,lbfgs,200,False,900.51141669947,-444.255708349735
SARIMAX_anom_E2_semexog,2008-03,True,9,lbfgs,200,False,3574.190959469737,-1783.0954797348686
SARIMAX_anom_E2_exog,2008-03,True,59,lbfgs,200,False,3521.094974987822,-1753.547487493911
SARIMAX_z_E2_semexog,2008-03,True,12,lbfgs,200,False,915.7673900673747,-453.88369503368733
SARIMAX_z_E2_exog,2008-03,True,15,lbfgs,200,False,898.6819826123952,-442.3409913061976
SARIMAX_anom_E3_semexog,2008-03,True,21,lbfgs,200,False,3470.675902415176,-1731.337951207588
SARIMAX_anom_E3_exog,2008-03,True,92,lbfgs,200,False,3413.8576990955926,-1699.9288495477963
SARIMAX_z_E3_semexog,2008-03,True,11,lbfgs,200,False,890.9078138999814,-441.4539069499907
SARIMAX_z_E3_exog,2008-03,True,20,lbfgs,200,False,872.2639678626107,-429.13198393130534
SARIMAX_anom_E4_semexog,2008-03,True,19,lbfgs,200,False,3457.3478664029917,-1724.6739332014959
SARIMAX_anom_E4_exog,2008-03,True,73,lbfgs,200,False,3403.0766552195937,-1694.5383276097969
SARIMAX_z_E4_semexog,2008-03,True,11,lbfgs,200,False,887.7686099726004,-439.8843049863002
SARIMAX_z_E4_exog,2008-03,True,18,lbfgs,200,False,869.255391565044,-427.627695782522
Harmonico_harm1,2008-03,True,24,lbfgs,200,False,3664.8276880785997,-1827.4138440392999
Harmonico_harm2,2008-03,True,26,lbfgs,200,False,3626.503695960939,-1806.2518479804694
SARIMAX_anom_E1_semexog,2008-04,True,19,lbfgs,200,False,3595.4001652721427,-1794.7000826360713
SARIMAX_anom_E1_exog,2008-04,True,65,lbfgs,200,False,3539.8505228736253,-1763.9252614368127
SARIMAX_z_E1_semexog,2008-04,True,7,lbfgs,200,False,922.3456106196945,-458.17280530984726
SARIMAX_z_E1_exog,2008-04,True,16,lbfgs,200,False,903.0035683640036,-445.5017841820018
SARIMAX_anom_E2_semexog,2008-04,True,10,lbfgs,200,False,3584.398811582263,-1788.1994057911315
SARIMAX_anom_E2_exog,2008-04,True,69,lbfgs,200,False,3531.0142263160938,-1758.5071131580469
SARIMAX_z_E2_semexog,2008-04,True,12,lbfgs,200,False,918.4211619044647,-455.21058095223236
SARIMAX_z_E2_exog,2008-04,True,14,lbfgs,200,False,901.1603051028826,-443.5801525514413
SARIMAX_anom_E3_semexog,2008-04,True,23,lbfgs,200,False,3480.770130009007,-1736.3850650045035
SARIMAX_anom_E3_exog,2008-04,True,86,lbfgs,200,False,3423.7075602538666,-1704.8537801269333
SARIMAX_z_E3_semexog,2008-04,True,11,lbfgs,200,False,893.5039086284912,-442.7519543142456
SARIMAX_z_E3_exog,2008-04,True,20,lbfgs,200,False,874.7087854517623,-430.35439272588116
SARIMAX_anom_E4_semexog,2008-04,True,17,lbfgs,200,False,3467.4051050466987,-1729.7025525233494
SARIMAX_anom_E4_exog,2008-04,True,76,lbfgs,200,False,3412.9638437589365,-1699.4819218794682
SARIMAX_z_E4_semexog,2008-04,True,10,lbfgs,200,False,890.364285025606,-441.182142512803
SARIMAX_z_E4_exog,2008-04,True,18,lbfgs,200,False,871.7065359188883,-428.85326795944417
Harmonico_harm1,2008-04,True,24,lbfgs,200,False,3675.718319298181,-1832.8591596490905
Harmonico_harm2,2008-04,True,29,lbfgs,200,False,3636.9052590875635,-1811.4526295437818
SARIMAX_anom_E1_semexog,2008-05,True,20,lbfgs,200,False,3606.327904051075,-1800.1639520255376
SARIMAX_anom_E1_exog,2008-05,True,29,lbfgs,200,False,3550.1492011747096,-1769.0746005873548
SARIMAX_z_E1_semexog,2008-05,True,8,lbfgs,200,False,924.8065536937856,-459.4032768468928
SARIMAX_z_E1_exog,2008-05,True,15,lbfgs,200,False,904.8862170888797,-446.44310854443984
SARIMAX_anom_E2_semexog,2008-05,True,10,lbfgs,200,False,3594.847199584219,-1793.4235997921096
SARIMAX_anom_E2_exog,2008-05,True,63,lbfgs,200,False,3541.1155067199334,-1763.5577533599667
SARIMAX_z_E2_semexog,2008-05,True,10,lbfgs,200,False,920.3130204270806,-456.1565102135403
SARIMAX_z_E2_exog,2008-05,True,13,lbfgs,200,False,902.6146852252164,-444.3073426126082
SARIMAX_anom_E3_semexog,2008-05,True,21,lbfgs,200,False,3491.8597605059185,-1741.9298802529593
SARIMAX_anom_E3_exog,2008-05,True,75,lbfgs,200,False,3434.1111057383105,-1710.0555528691552
SARIMAX_z_E3_semexog,2008-05,True,10,lbfgs,200,False,896.2877580618654,-444.1438790309327
SARIMAX_z_E3_exog,2008-05,True,21,lbfgs,200,False,876.8152133012524,-431.4076066506262
SARIMAX_anom_E4_semexog,2008-05,True,17,lbfgs,200,False,3478.2375678951016,-1735.1187839475508
SARIMAX_anom_E4_exog,2008-05,True,93,lbfgs,200,False,3423.1667342164546,-1704.5833671082273
SARIMAX_z_E4_semexog,2008-05,True,12,lbfgs,200,False,893.0795839544489,-442.53979197722447
SARIMAX_z_E4_exog,2008-05,True,18,lbfgs,200,False,873.8417162642204,-429.9208581321102
Harmonico_harm1,2008-05,True,25,lbfgs,200,False,3686.076281249562,-1838.038140624781
Harmonico_harm2,2008-05,True,28,lbfgs,200,False,3647.434791447162,-1816.717395723581
SARIMAX_anom_E1_semexog,2008-06,True,23,lbfgs,200,False,3616.4312757666676,-1805.2156378833338
SARIMAX_anom_E1_exog,2008-06,True,52,lbfgs,200,False,3560.261850265624,-1774.130925132812
SARIMAX_z_E1_semexog,2008-06,True,8,lbfgs,200,False,928.0192115131981,-461.00960575659906
SARIMAX_z_E1_exog,2008-06,True,17,lbfgs,200,False,908.2352947742752,-448.1176473871376
SARIMAX_anom_E2_semexog,2008-06,True,11,lbfgs,200,False,3604.8965259027273,-1798.4482629513636
SARIMAX_anom_E2_exog,2008-06,True,68,lbfgs,200,False,3551.23779002999,-1768.618895014995
SARIMAX_z_E2_semexog,2008-06,True,11,lbfgs,200,False,923.3207232929706,-457.6603616464853
SARIMAX_z_E2_exog,2008-06,True,15,lbfgs,200,False,905.8316743737367,-445.9158371868684
SARIMAX_anom_E3_semexog,2008-06,True,21,lbfgs,200,False,3501.9268850245076,-1746.9634425122538
SARIMAX_anom_E3_exog,2008-06,True,87,lbfgs,200,False,3444.2344291767254,-1715.1172145883627
SARIMAX_z_E3_semexog,2008-06,True,10,lbfgs,200,False,899.417877186459,-445.7089385932295
SARIMAX_z_E3_exog,2008-06,True,24,lbfgs,200,False,880.0609702103955,-433.0304851051977
SARIMAX_anom_E4_semexog,2008-06,True,24,lbfgs,200,False,3488.3524937852403,-1740.1762468926202
SARIMAX_anom_E4_exog,2008-06,True,67,lbfgs,200,False,3433.267759469838,-1709.633879734919
SARIMAX_z_E4_semexog,2008-06,True,13,lbfgs,200,False,896.2520824332488,-444.1260412166244
SARIMAX_z_E4_exog,2008-06,True,18,lbfgs,200,False,877.089473234158,-431.544736617079
Harmonico_harm1,2008-06,True,24,lbfgs,200,False,3696.792369216375,-1843.3961846081875
Harmonico_harm2,2008-06,True,26,lbfgs,200,False,3657.58457587477,-1821.792287937385
SARIMAX_anom_E1_semexog,2008-07,True,16,lbfgs,200,False,3626.484302238618,-1810.242151119309
SARIMAX_anom_E1_exog,2008-07,True,30,lbfgs,200,False,3570.4395052959217,-1779.2197526479608
SARIMAX_z_E1_semexog,2008-07,True,8,lbfgs,200,False,930.8693026503345,-462.43465132516724
SARIMAX_z_E1_exog,2008-07,True,17,lbfgs,200,False,911.2551620651913,-449.62758103259563
SARIMAX_anom_E2_semexog,2008-07,True,10,lbfgs,200,False,3614.941584540473,-1803.4707922702364
SARIMAX_anom_E2_exog,2008-07,True,59,lbfgs,200,False,3561.39955906126,-1773.69977953063
SARIMAX_z_E2_semexog,2008-07,True,10,lbfgs,200,False,926.3221995523428,-459.1610997761714
SARIMAX_z_E2_exog,2008-07,True,16,lbfgs,200,False,909.0407203191878,-447.5203601595939
SARIMAX_anom_E3_semexog,2008-07,True,22,lbfgs,200,False,3511.9645003841997,-1751.9822501920999
SARIMAX_anom_E3_exog,2008-07,True,87,lbfgs,200,False,3454.3275979990804,-1720.1637989995402
SARIMAX_z_E3_semexog,2008-07,True,11,lbfgs,200,False,902.1451764455418,-447.0725882227709
SARIMAX_z_E3_exog,2008-07,True,23,lbfgs,200,False,882.9737773305334,-434.4868886652667
SARIMAX_anom_E4_semexog,2008-07,True,19,lbfgs,200,False,3498.423768660914,-1745.211884330457
SARIMAX_anom_E4_exog,2008-07,True,71,lbfgs,200,False,3443.4106951289987,-1714.7053475644993
SARIMAX_z_E4_semexog,2008-07,True,12,lbfgs,200,False,899.0295732064285,-445.51478660321425
SARIMAX_z_E4_exog,2008-07,True,21,lbfgs,200,False,879.9867767298879,-432.99338836494394
Harmonico_harm1,2008-07,True,25,lbfgs,200,False,3707.0266093955875,-1848.5133046977937
Harmonico_harm2,2008-07,True,26,lbfgs,200,False,3667.6912574359358,-1826.8456287179679
SARIMAX_anom_E1_semexog,2008-08,True,16,lbfgs,200,False,3636.511326335681,-1815.2556631678406
SARIMAX_anom_E1_exog,2008-08,True,41,lbfgs,200,False,3580.4778310460524,-1784.2389155230262
SARIMAX_z_E1_semexog,2008-08,True,8,lbfgs,200,False,933.5877758572094,-463.7938879286047
SARIMAX_z_E1_exog,2008-08,True,16,lbfgs,200,False,914.1237632375633,-451.0618816187816
SARIMAX_anom_E2_semexog,2008-08,True,10,lbfgs,200,False,3624.9413754462366,-1808.4706877231183
SARIMAX_anom_E2_exog,2008-08,True,57,lbfgs,200,False,3571.4218286230844,-1778.7109143115422
SARIMAX_z_E2_semexog,2008-08,True,12,lbfgs,200,False,928.8640802976914,-460.4320401488457
SARIMAX_z_E2_exog,2008-08,True,16,lbfgs,200,False,911.7426999184843,-448.87134995924214
SARIMAX_anom_E3_semexog,2008-08,True,21,lbfgs,200,False,3521.9910191179556,-1756.9955095589778
SARIMAX_anom_E3_exog,2008-08,True,93,lbfgs,200,False,3464.368703318105,-1725.1843516590525
SARIMAX_z_E3_semexog,2008-08,True,9,lbfgs,200,False,904.7507614467689,-448.37538072338447
SARIMAX_z_E3_exog,2008-08,True,19,lbfgs,200,False,885.7230724007011,-435.86153620035054
SARIMAX_anom_E4_semexog,2008-08,True,20,lbfgs,200,False,3508.4647254971123,-1750.2323627485562
SARIMAX_anom_E4_exog,2008-08,True,60,lbfgs,200,False,3453.4406178847594,-1719.7203089423797
SARIMAX_z_E4_semexog,2008-08,True,13,lbfgs,200,False,901.6546400706227,-446.82732003531135
SARIMAX_z_E4_exog,2008-08,True,18,lbfgs,200,False,882.7299951768548,-434.3649975884274
Harmonico_harm1,2008-08,True,23,lbfgs,200,False,3717.2817618530835,-1853.6408809265417
Harmonico_harm2,2008-08,True,26,lbfgs,200,False,3677.827205547189,-1831.9136027735944
SARIMAX_anom_E1_semexog,2008-09,True,21,lbfgs,200,False,3646.861513572826,-1820.430756786413
SARIMAX_anom_E1_exog,2008-09,True,39,lbfgs,200,False,3590.9268352490994,-1789.4634176245497
SARIMAX_z_E1_semexog,2008-09,True,8,lbfgs,200,False,936.1790112619428,-465.0895056309714
SARIMAX_z_E1_exog,2008-09,True,14,lbfgs,200,False,916.8158466745201,-452.40792333726006
SARIMAX_anom_E2_semexog,2008-09,True,10,lbfgs,200,False,3635.223940058352,-1813.611970029176
SARIMAX_anom_E2_exog,2008-09,True,70,lbfgs,200,False,3581.8145417098103,-1783.9072708549052
SARIMAX_z_E2_semexog,2008-09,True,10,lbfgs,200,False,931.3026638825128,-461.6513319412564
SARIMAX_z_E2_exog,2008-09,True,15,lbfgs,200,False,914.2906903521946,-450.1453451760973
SARIMAX_anom_E3_semexog,2008-09,True,21,lbfgs,200,False,3532.344634481924,-1762.172317240962
SARIMAX_anom_E3_exog,2008-09,True,119,lbfgs,200,False,3474.808741029227,-1730.4043705146134
SARIMAX_z_E3_semexog,2008-09,True,10,lbfgs,200,False,907.4229124220349,-449.71145621101743
SARIMAX_z_E3_exog,2008-09,True,20,lbfgs,200,False,888.4189710509589,-437.20948552547947
SARIMAX_anom_E4_semexog,2008-09,True,25,lbfgs,200,False,3518.8806429507226,-1755.4403214753613
SARIMAX_anom_E4_exog,2008-09,True,66,lbfgs,200,False,3463.872263528252,-1724.936131764126
SARIMAX_z_E4_semexog,2008-09,True,12,lbfgs,200,False,904.3308977925711,-448.16544889628557
SARIMAX_z_E4_exog,2008-09,True,17,lbfgs,200,False,885.4420909578052,-435.7210454789026
Harmonico_harm1,2008-09,True,24,lbfgs,200,False,3727.520975161625,-1858.7604875808124
Harmonico_harm2,2008-09,True,27,lbfgs,200,False,3688.6367308283716,-1837.3183654141858
SARIMAX_anom_E1_semexog,2008-10,True,20,lbfgs,200,False,3657.1237095384713,-1825.5618547692357
SARIMAX_anom_E1_exog,2008-10,True,53,lbfgs,200,False,3601.2167854815943,-1794.6083927407972
SARIMAX_z_E1_semexog,2008-10,True,7,lbfgs,200,False,938.7242577009408,-466.3621288504704
SARIMAX_z_E1_exog,2008-10,True,15,lbfgs,200,False,919.367961973722,-453.683980986861
SARIMAX_anom_E2_semexog,2008-10,True,10,lbfgs,200,False,3645.4765279972053,-1818.7382639986026
SARIMAX_anom_E2_exog,2008-10,True,70,lbfgs,200,False,3592.061308883959,-1789.0306544419796
SARIMAX_z_E2_semexog,2008-10,True,8,lbfgs,200,False,933.8414428563349,-462.92072142816744
SARIMAX_z_E2_exog,2008-10,True,15,lbfgs,200,False,916.7925714852804,-451.3962857426402
SARIMAX_anom_E3_semexog,2008-10,True,21,lbfgs,200,False,3542.591296139459,-1767.2956480697294
SARIMAX_anom_E3_exog,2008-10,True,99,lbfgs,200,False,3485.0421090978534,-1735.5210545489267
SARIMAX_z_E3_semexog,2008-10,True,11,lbfgs,200,False,909.8722566720687,-450.93612833603436
SARIMAX_z_E3_exog,2008-10,True,19,lbfgs,200,False,890.8251952083223,-438.41259760416114
SARIMAX_anom_E4_semexog,2008-10,True,19,lbfgs,200,False,3529.161384664525,-1760.5806923322625
SARIMAX_anom_E4_exog,2008-10,True,57,lbfgs,200,False,3474.100489461123,-1730.0502447305614
SARIMAX_z_E4_semexog,2008-10,True,12,lbfgs,200,False,906.7602647003814,-449.3801323501907
SARIMAX_z_E4_exog,2008-10,True,18,lbfgs,200,False,887.8348655585116,-436.9174327792558
Harmonico_harm1,2008-10,True,23,lbfgs,200,False,3737.723683841141,-1863.8618419205704
Harmonico_harm2,2008-10,True,26,lbfgs,200,False,3698.857708224018,-1842.428854112009
SARIMAX_anom_E1_semexog,2008-11,True,21,lbfgs,200,False,3667.139886577697,-1830.5699432888484
SARIMAX_anom_E1_exog,2008-11,True,49,lbfgs,200,False,3611.131033900836,-1799.565516950418
SARIMAX_z_E1_semexog,2008-11,True,7,lbfgs,200,False,941.5777153080603,-467.78885765403015
SARIMAX_z_E1_exog,2008-11,True,15,lbfgs,200,False,922.123503397544,-455.061751698772
SARIMAX_anom_E2_semexog,2008-11,True,10,lbfgs,200,False,3655.501511444171,-1823.7507557220854
SARIMAX_anom_E2_exog,2008-11,True,60,lbfgs,200,False,3601.984466460146,-1793.992233230073
SARIMAX_z_E2_semexog,2008-11,True,9,lbfgs,200,False,936.7951718157257,-464.39758590786283
SARIMAX_z_E2_exog,2008-11,True,15,lbfgs,200,False,919.6642801554176,-452.8321400777088
SARIMAX_anom_E3_semexog,2008-11,True,21,lbfgs,200,False,3552.6258222615666,-1772.3129111307833
SARIMAX_anom_E3_exog,2008-11,True,106,lbfgs,200,False,3494.9718034134403,-1740.4859017067201
SARIMAX_z_E3_semexog,2008-11,True,11,lbfgs,200,False,912.6913993482624,-452.3456996741312
SARIMAX_z_E3_exog,2008-11,True,18,lbfgs,200,False,893.6012665756357,-439.80063328781785
SARIMAX_anom_E4_semexog,2008-11,True,19,lbfgs,200,False,3539.183877667481,-1765.5919388337404
SARIMAX_anom_E4_exog,2008-11,True,61,lbfgs,200,False,3484.0335799799104,-1735.0167899899552
SARIMAX_z_E4_semexog,2008-11,True,12,lbfgs,200,False,909.5986657650233,-450.79933288251164
SARIMAX_z_E4_exog,2008-11,True,18,lbfgs,200,False,890.6019649803424,-438.3009824901712
Harmonico_harm1,2008-11,True,24,lbfgs,200,False,3747.933819797552,-1868.966909898776
Harmonico_harm2,2008-11,True,27,lbfgs,200,False,3708.8977095587516,-1847.4488547793758
SARIMAX_anom_E1_semexog,2008-12,True,17,lbfgs,200,False,3677.895347481046,-1835.947673740523
SARIMAX_anom_E1_exog,2008-12,True,52,lbfgs,200,False,3621.815497378707,-1804.9077486893534
SARIMAX_z_E1_semexog,2008-12,True,7,lbfgs,200,False,944.4737365354883,-469.23686826774417
SARIMAX_z_E1_exog,2008-12,True,15,lbfgs,200,False,924.9954273575272,-456.4977136787636
SARIMAX_anom_E2_semexog,2008-12,True,11,lbfgs,200,False,3666.345649397483,-1829.1728246987416
SARIMAX_anom_E2_exog,2008-12,True,75,lbfgs,200,False,3612.7261279320296,-1799.3630639660148
SARIMAX_z_E2_semexog,2008-12,True,10,lbfgs,200,False,939.6813143032168,-465.8406571516084
SARIMAX_z_E2_exog,2008-12,True,16,lbfgs,200,False,922.5547061116689,-454.27735305583445
SARIMAX_anom_E3_semexog,2008-12,True,22,lbfgs,200,False,3563.3006643435006,-1777.6503321717503
SARIMAX_anom_E3_exog,2008-12,True,103,lbfgs,200,False,3505.6283294182685,-1745.8141647091343
SARIMAX_z_E3_semexog,2008-12,True,11,lbfgs,200,False,915.5436470340092,-453.7718235170046
SARIMAX_z_E3_exog,2008-12,True,18,lbfgs,200,False,896.5548734662344,-441.2774367331172
SARIMAX_anom_E4_semexog,2008-12,True,19,lbfgs,200,False,3549.8849728921105,-1770.9424864460552
SARIMAX_anom_E4_exog,2008-12,True,66,lbfgs,200,False,3494.7509008493807,-1740.3754504246904
SARIMAX_z_E4_semexog,2008-12,True,12,lbfgs,200,False,912.4842585857084,-452.2421292928542
SARIMAX_z_E4_exog,2008-12,True,18,lbfgs,200,False,893.5514823848924,-439.7757411924462
Harmonico_harm1,2008-12,True,23,lbfgs,200,False,3758.21700470649,-1874.108502353245
Harmonico_harm2,2008-12,False,26,lbfgs,200,True,3719.637670236159,-1852.8188351180795
SARIMAX_anom_E1_semexog,2009-01,True,22,lbfgs,200,False,3688.157272608296,-1841.078636304148
SARIMAX_anom_E1_exog,2009-01,True,47,lbfgs,200,False,3631.9887014569185,-1809.9943507284593
SARIMAX_z_E1_semexog,2009-01,True,7,lbfgs,200,False,947.4130602286027,-470.70653011430136
SARIMAX_z_E1_exog,2009-01,True,15,lbfgs,200,False,927.8231744478651,-457.91158722393254
SARIMAX_anom_E2_semexog,2009-01,True,11,lbfgs,200,False,3676.6368217242134,-1834.3184108621067
SARIMAX_anom_E2_exog,2009-01,True,60,lbfgs,200,False,3622.9186855297585,-1804.4593427648792
SARIMAX_z_E2_semexog,2009-01,True,10,lbfgs,200,False,942.7263451186743,-467.36317255933716
SARIMAX_z_E2_exog,2009-01,True,16,lbfgs,200,False,925.4570441266814,-455.7285220633407
SARIMAX_anom_E3_semexog,2009-01,True,19,lbfgs,200,False,3573.528617258774,-1782.764308629387
SARIMAX_anom_E3_exog,2009-01,True,83,lbfgs,200,False,3515.7517360251413,-1750.8758680125707
SARIMAX_z_E3_semexog,2009-01,True,11,lbfgs,200,False,918.5318422032436,-455.2659211016218
SARIMAX_z_E3_exog,2009-01,True,19,lbfgs,200,False,899.3709798914063,-442.6854899457031
SARIMAX_anom_E4_semexog,2009-01,True,19,lbfgs,200,False,3560.0595689704414,-1776.0297844852207
SARIMAX_anom_E4_exog,2009-01,True,74,lbfgs,200,False,3504.853424793446,-1745.426712396723
SARIMAX_z_E4_semexog,2009-01,True,12,lbfgs,200,False,915.462539264199,-453.7312696320995
SARIMAX_z_E4_exog,2009-01,True,17,lbfgs,200,False,896.3899672002085,-441.19498360010425
Harmonico_harm1,2009-01,True,23,lbfgs,200,False,3768.9652794877634,-1879.4826397438817
Harmonico_harm2,2009-01,True,27,lbfgs,200,False,3729.9620045785587,-1857.9810022892793
SARIMAX_anom_E1_semexog,2009-02,True,13,lbfgs,200,False,3698.8388299792578,-1846.4194149896289
SARIMAX_anom_E1_exog,2009-02,True,36,lbfgs,200,False,3642.2734917101598,-1815.1367458550799
SARIMAX_z_E1_semexog,2009-02,True,7,lbfgs,200,False,950.2118140684056,-472.1059070342028
SARIMAX_z_E1_exog,2009-02,True,15,lbfgs,200,False,930.4798274328225,-459.23991371641125
SARIMAX_anom_E2_semexog,2009-02,True,11,lbfgs,200,False,3687.100795594037,-1839.5503977970186
SARIMAX_anom_E2_exog,2009-02,True,49,lbfgs,200,False,3633.1641509493456,-1809.5820754746728
SARIMAX_z_E2_semexog,2009-02,True,9,lbfgs,200,False,945.3952082339977,-468.69760411699883
SARIMAX_z_E2_exog,2009-02,True,16,lbfgs,200,False,928.0227657441478,-457.0113828720739
SARIMAX_anom_E3_semexog,2009-02,True,21,lbfgs,200,False,3584.229351125383,-1788.1146755626914
SARIMAX_anom_E3_exog,2009-02,True,95,lbfgs,200,False,3526.0799376324917,-1756.0399688162458
SARIMAX_z_E3_semexog,2009-02,True,11,lbfgs,200,False,921.3672110714099,-456.68360553570494
SARIMAX_z_E3_exog,2009-02,True,18,lbfgs,200,False,902.0716305947526,-444.0358152973763
SARIMAX_anom_E4_semexog,2009-02,True,20,lbfgs,200,False,3570.642715095373,-1781.3213575476866
SARIMAX_anom_E4_exog,2009-02,True,85,lbfgs,200,False,3515.1179186858717,-1750.5589593429359
SARIMAX_z_E4_semexog,2009-02,True,12,lbfgs,200,False,918.2746618360065,-455.1373309180033
SARIMAX_z_E4_exog,2009-02,True,18,lbfgs,200,False,899.1348792932108,-442.5674396466054
Harmonico_harm1,2009-02,True,25,lbfgs,200,False,3779.4777885243584,-1884.7388942621792
Harmonico_harm2,2009-02,True,27,lbfgs,200,False,3740.206467305201,-1863.1032336526005
SARIMAX_anom_E1_semexog,2009-03,True,24,lbfgs,200,False,3709.971585129574,-1851.985792564787
SARIMAX_anom_E1_exog,2009-03,True,35,lbfgs,200,False,3653.6360103639654,-1820.8180051819827
SARIMAX_z_E1_semexog,2009-03,True,8,lbfgs,200,False,953.185428949228,-473.592714474614
SARIMAX_z_E1_exog,2009-03,True,15,lbfgs,200,False,933.5368280988359,-460.76841404941797
SARIMAX_anom_E2_semexog,2009-03,True,10,lbfgs,200,False,3697.9344231030473,-1844.9672115515236
SARIMAX_anom_E2_exog,2009-03,True,68,lbfgs,200,False,3644.4252940051656,-1815.2126470025828
SARIMAX_z_E2_semexog,2009-03,True,8,lbfgs,200,False,948.1150408374303,-470.05752041871517
SARIMAX_z_E2_exog,2009-03,True,16,lbfgs,200,False,930.9287980439431,-458.46439902197153
SARIMAX_anom_E3_semexog,2009-03,True,21,lbfgs,200,False,3595.2569843434085,-1793.6284921717042
SARIMAX_anom_E3_exog,2009-03,True,98,lbfgs,200,False,3537.6282208600246,-1761.8141104300123
SARIMAX_z_E3_semexog,2009-03,True,10,lbfgs,200,False,924.6010952747173,-458.30054763735865
SARIMAX_z_E3_exog,2009-03,True,20,lbfgs,200,False,905.4862736597938,-445.7431368298969
SARIMAX_anom_E4_semexog,2009-03,True,20,lbfgs,200,False,3581.645968722837,-1786.8229843614185
SARIMAX_anom_E4_exog,2009-03,True,64,lbfgs,200,False,3526.548815450835,-1756.2744077254174
SARIMAX_z_E4_semexog,2009-03,True,12,lbfgs,200,False,921.5486788923462,-456.7743394461731
SARIMAX_z_E4_exog,2009-03,True,16,lbfgs,200,False,902.5820308886931,-444.29101544434656
Harmonico_harm1,2009-03,True,23,lbfgs,200,False,3789.702854050047,-1889.8514270250234
Harmonico_harm2,2009-03,True,32,lbfgs,200,False,3750.5428460387643,-1868.2714230193822
SARIMAX_anom_E1_semexog,2009-04,True,17,lbfgs,200,False,3731.9561829539316,-1862.9780914769658
SARIMAX_anom_E1_exog,2009-04,True,53,lbfgs,200,False,3673.9156659117943,-1830.9578329558972
SARIMAX_z_E1_semexog,2009-04,True,8,lbfgs,200,False,956.689112329027,-475.3445561645135
SARIMAX_z_E1_exog,2009-04,True,17,lbfgs,200,False,937.0277818343752,-462.5138909171876
SARIMAX_anom_E2_semexog,2009-04,True,8,lbfgs,200,False,3719.3786829578767,-1855.6893414789383
SARIMAX_anom_E2_exog,2009-04,True,54,lbfgs,200,False,3664.6655363667824,-1825.3327681833912
SARIMAX_z_E2_semexog,2009-04,True,9,lbfgs,200,False,951.2067013936728,-471.6033506968364
SARIMAX_z_E2_exog,2009-04,True,16,lbfgs,200,False,934.0744946227738,-460.0372473113869
SARIMAX_anom_E3_semexog,2009-04,True,21,lbfgs,200,False,3616.931869390951,-1804.4659346954754
SARIMAX_anom_E3_exog,2009-04,True,94,lbfgs,200,False,3557.774517011894,-1771.887258505947
SARIMAX_z_E3_semexog,2009-04,True,5,lbfgs,200,False,928.0971610955908,-460.0485805477954
SARIMAX_z_E3_exog,2009-04,True,23,lbfgs,200,False,908.9046334990443,-447.45231674952214
SARIMAX_anom_E4_semexog,2009-04,True,30,lbfgs,200,False,3603.185532230006,-1797.592766115003
SARIMAX_anom_E4_exog,2009-04,True,94,lbfgs,200,False,3546.435808080175,-1766.2179040400874
SARIMAX_z_E4_semexog,2009-04,True,14,lbfgs,200,False,924.9941727780763,-458.49708638903815
SARIMAX_z_E4_exog,2009-04,True,20,lbfgs,200,False,906.0498283474176,-446.0249141737088
Harmonico_harm1,2009-04,True,24,lbfgs,200,False,3811.977200597135,-1900.9886002985675
Harmonico_harm2,2009-04,True,39,lbfgs,200,False,3772.0312350876757,-1879.0156175438378
SARIMAX_anom_E1_semexog,2009-05,True,22,lbfgs,200,False,3748.3709349900146,-1871.1854674950073
SARIMAX_anom_E1_exog,2009-05,True,48,lbfgs,200,False,3692.1767014726884,-1840.0883507363442
SARIMAX_z_E1_semexog,2009-05,True,6,lbfgs,200,False,958.6628405632713,-476.33142028163564
SARIMAX_z_E1_exog,2009-05,True,14,lbfgs,200,False,940.3717014113628,-464.1858507056814
SARIMAX_anom_E2_semexog,2009-05,True,11,lbfgs,200,False,3737.039791298623,-1864.5198956493116
SARIMAX_anom_E2_exog,2009-05,True,62,lbfgs,200,False,3682.9987436814067,-1834.4993718407034
SARIMAX_z_E2_semexog,2009-05,True,13,lbfgs,200,False,954.6131552070992,-473.3065776035496
SARIMAX_z_E2_exog,2009-05,True,13,lbfgs,200,False,938.3894797846183,-462.19473989230914
SARIMAX_anom_E3_semexog,2009-05,True,23,lbfgs,200,False,3633.1904307143323,-1812.5952153571661
SARIMAX_anom_E3_exog,2009-05,True,90,lbfgs,200,False,3575.5679735432514,-1780.7839867716257
SARIMAX_z_E3_semexog,2009-05,True,10,lbfgs,200,False,930.1107333348723,-461.05536666743615
SARIMAX_z_E3_exog,2009-05,True,16,lbfgs,200,False,912.0169998198728,-449.0084999099364
SARIMAX_anom_E4_semexog,2009-05,True,17,lbfgs,200,False,3619.4888902682596,-1805.7444451341298
SARIMAX_anom_E4_exog,2009-05,True,72,lbfgs,200,False,3564.7822627144224,-1775.3911313572112
SARIMAX_z_E4_semexog,2009-05,True,12,lbfgs,200,False,926.9750234951482,-459.4875117475741
SARIMAX_z_E4_exog,2009-05,True,18,lbfgs,200,False,909.1339089512303,-447.56695447561515
Harmonico_harm1,2009-05,False,23,lbfgs,200,True,3825.5553341275936,-1907.7776670637968
Harmonico_harm2,2009-05,True,26,lbfgs,200,False,3786.945174255166,-1886.472587127583
SARIMAX_anom_E1_semexog,2009-06,True,21,lbfgs,200,False,3758.471811519183,-1876.2359057595916
SARIMAX_anom_E1_exog,2009-06,True,48,lbfgs,200,False,3702.1339399990793,-1845.0669699995397
SARIMAX_z_E1_semexog,2009-06,True,7,lbfgs,200,False,961.5293326562347,-477.76466632811736
SARIMAX_z_E1_exog,2009-06,True,12,lbfgs,200,False,943.1148445015954,-465.5574222507977
SARIMAX_anom_E2_semexog,2009-06,True,11,lbfgs,200,False,3747.386348748927,-1869.6931743744635
SARIMAX_anom_E2_exog,2009-06,True,64,lbfgs,200,False,3693.0053739686164,-1839.5026869843082
SARIMAX_z_E2_semexog,2009-06,True,12,lbfgs,200,False,957.6942615303847,-474.84713076519233
SARIMAX_z_E2_exog,2009-06,True,15,lbfgs,200,False,941.2340008842143,-463.61700044210716
SARIMAX_anom_E3_semexog,2009-06,True,23,lbfgs,200,False,3643.2706050695897,-1817.6353025347948
SARIMAX_anom_E3_exog,2009-06,True,79,lbfgs,200,False,3585.534203500517,-1785.7671017502585
SARIMAX_z_E3_semexog,2009-06,True,10,lbfgs,200,False,932.9338382917911,-462.46691914589553
SARIMAX_z_E3_exog,2009-06,True,16,lbfgs,200,False,914.7745179175955,-450.38725895879776
SARIMAX_anom_E4_semexog,2009-06,True,19,lbfgs,200,False,3629.598594201635,-1810.7992971008175
SARIMAX_anom_E4_exog,2009-06,True,84,lbfgs,200,False,3574.7431123346373,-1780.3715561673187
SARIMAX_z_E4_semexog,2009-06,True,10,lbfgs,200,False,929.8008187699907,-460.9004093849953
SARIMAX_z_E4_exog,2009-06,True,18,lbfgs,200,False,911.8873381756842,-448.9436690878421
Harmonico_harm1,2009-06,True,25,lbfgs,200,False,3836.158274243886,-1913.079137121943
Harmonico_harm2,2009-06,True,26,lbfgs,200,False,3797.092151777236,-1891.546075888618
SARIMAX_anom_E1_semexog,2009-07,True,19,lbfgs,200,False,3768.532459887129,-1881.2662299435644
SARIMAX_anom_E1_exog,2009-07,True,31,lbfgs,200,False,3712.1017743895227,-1850.0508871947613
SARIMAX_z_E1_semexog,2009-07,True,7,lbfgs,200,False,964.3317019197624,-479.1658509598812
SARIMAX_z_E1_exog,2009-07,True,13,lbfgs,200,False,945.912083554241,-466.9560417771205
SARIMAX_anom_E2_semexog,2009-07,True,11,lbfgs,200,False,3757.5105397663638,-1874.7552698831819
SARIMAX_anom_E2_exog,2009-07,True,64,lbfgs,200,False,3702.9792572300466,-1844.4896286150233
SARIMAX_z_E2_semexog,2009-07,True,12,lbfgs,200,False,960.5843229313764,-476.2921614656882
SARIMAX_z_E2_exog,2009-07,True,14,lbfgs,200,False,944.0393440563864,-465.0196720281932
SARIMAX_anom_E3_semexog,2009-07,True,23,lbfgs,200,False,3653.3188968463064,-1822.6594484231532
SARIMAX_anom_E3_exog,2009-07,True,72,lbfgs,200,False,3595.491127233632,-1790.745563616816
SARIMAX_z_E3_semexog,2009-07,True,10,lbfgs,200,False,935.6649626687247,-463.83248133436234
SARIMAX_z_E3_exog,2009-07,True,17,lbfgs,200,False,917.5190219953923,-451.75951099769617
SARIMAX_anom_E4_semexog,2009-07,True,19,lbfgs,200,False,3639.675580318588,-1815.837790159294
SARIMAX_anom_E4_exog,2009-07,True,68,lbfgs,200,False,3584.69917795327,-1785.349588976635
SARIMAX_z_E4_semexog,2009-07,True,11,lbfgs,200,False,932.5249897992712,-462.2624948996356
SARIMAX_z_E4_exog,2009-07,True,17,lbfgs,200,False,914.6304355033858,-450.3152177516929
Harmonico_harm1,2009-07,True,39,lbfgs,200,False,3846.3300750860253,-1918.1650375430127
Harmonico_harm2,2009-07,True,27,lbfgs,200,False,3807.2501641769363,-1896.6250820884682
SARIMAX_anom_E1_semexog,2009-08,True,20,lbfgs,200,False,3778.5642879528223,-1886.2821439764111
SARIMAX_anom_E1_exog,2009-08,True,49,lbfgs,200,False,3722.047705089578,-1855.023852544789
SARIMAX_z_E1_semexog,2009-08,True,8,lbfgs,200,False,967.0698588007456,-480.5349294003728
SARIMAX_z_E1_exog,2009-08,True,14,lbfgs,200,False,948.8016145472309,-468.40080727361544
SARIMAX_anom_E2_semexog,2009-08,True,10,lbfgs,200,False,3767.5703957231626,-1879.7851978615813
SARIMAX_anom_E2_exog,2009-08,True,63,lbfgs,200,False,3712.952291834282,-1849.476145917141
SARIMAX_z_E2_semexog,2009-08,True,12,lbfgs,200,False,963.4992138043217,-477.74960690216085
SARIMAX_z_E2_exog,2009-08,True,16,lbfgs,200,False,947.0160789863198,-466.5080394931599
SARIMAX_anom_E3_semexog,2009-08,True,22,lbfgs,200,False,3663.368639539868,-1827.684319769934
SARIMAX_anom_E3_exog,2009-08,True,91,lbfgs,200,False,3605.4673664831007,-1795.7336832415504
SARIMAX_z_E3_semexog,2009-08,True,11,lbfgs,200,False,938.462067059254,-465.231033529627
SARIMAX_z_E3_exog,2009-08,True,16,lbfgs,200,False,920.4767854904915,-453.23839274524573
SARIMAX_anom_E4_semexog,2009-08,True,19,lbfgs,200,False,3649.717072514565,-1820.8585362572826
SARIMAX_anom_E4_exog,2009-08,True,70,lbfgs,200,False,3594.6731370807684,-1790.3365685403842
SARIMAX_z_E4_semexog,2009-08,True,11,lbfgs,200,False,935.2911473521276,-463.6455736760638
SARIMAX_z_E4_exog,2009-08,True,16,lbfgs,200,False,917.5883439741383,-451.79417198706915
Harmonico_harm1,2009-08,True,26,lbfgs,200,False,3856.640284173641,-1923.3201420868204
Harmonico_harm2,2009-08,True,35,lbfgs,200,False,3817.306253635674,-1901.653126817837
SARIMAX_anom_E1_semexog,2009-09,True,18,lbfgs,200,False,3789.2225582027354,-1891.6112791013677
SARIMAX_anom_E1_exog,2009-09,True,46,lbfgs,200,False,3732.3631331413144,-1860.1815665706572
SARIMAX_z_E1_semexog,2009-09,True,7,lbfgs,200,False,970.209331793874,-482.104665896937
SARIMAX_z_E1_exog,2009-09,True,14,lbfgs,200,False,951.2854729153173,-469.64273645765866
SARIMAX_anom_E2_semexog,2009-09,True,11,lbfgs,200,False,3778.074895280459,-1885.0374476402294
SARIMAX_anom_E2_exog,2009-09,True,64,lbfgs,200,False,3723.2613754150625,-1854.6306877075313
SARIMAX_z_E2_semexog,2009-09,True,11,lbfgs,200,False,966.45027631334,-479.22513815667
SARIMAX_z_E2_exog,2009-09,True,15,lbfgs,200,False,949.5042140204328,-467.7521070102164
SARIMAX_anom_E3_semexog,2009-09,True,22,lbfgs,200,False,3673.970416334778,-1832.985208167389
SARIMAX_anom_E3_exog,2009-09,True,69,lbfgs,200,False,3615.794472434318,-1800.897236217159
SARIMAX_z_E3_semexog,2009-09,True,10,lbfgs,200,False,941.5532017670025,-466.77660088350126
SARIMAX_z_E3_exog,2009-09,True,17,lbfgs,200,False,922.9496072664838,-454.4748036332419
SARIMAX_anom_E4_semexog,2009-09,True,19,lbfgs,200,False,3660.480331382103,-1826.2401656910515
SARIMAX_anom_E4_exog,2009-09,True,68,lbfgs,200,False,3605.0136706019275,-1795.5068353009638
SARIMAX_z_E4_semexog,2009-09,True,11,lbfgs,200,False,938.4497885157923,-465.22489425789615
SARIMAX_z_E4_exog,2009-09,True,17,lbfgs,200,False,920.0874464010834,-453.0437232005417
Harmonico_harm1,2009-09,True,22,lbfgs,200,False,3867.1162978050943,-1928.5581489025471
Harmonico_harm2,2009-09,True,24,lbfgs,200,False,3828.558812260374,-1907.279406130187
SARIMAX_anom_E1_semexog,2009-10,True,19,lbfgs,200,False,3799.7870598426507,-1896.8935299213254
SARIMAX_anom_E1_exog,2009-10,True,45,lbfgs,200,False,3742.6951234786297,-1865.3475617393149
SARIMAX_z_E1_semexog,2009-10,True,9,lbfgs,200,False,972.7042789756542,-483.3521394878271
SARIMAX_z_E1_exog,2009-10,True,15,lbfgs,200,False,953.5925914145628,-470.7962957072814
SARIMAX_anom_E2_semexog,2009-10,True,9,lbfgs,200,False,3788.6439373923085,-1890.3219686961543
SARIMAX_anom_E2_exog,2009-10,True,56,lbfgs,200,False,3733.589827284427,-1859.7949136422135
SARIMAX_z_E2_semexog,2009-10,True,9,lbfgs,200,False,969.0754486932121,-480.53772434660607
SARIMAX_z_E2_exog,2009-10,True,15,lbfgs,200,False,951.8978897922937,-468.9489448961468
SARIMAX_anom_E3_semexog,2009-10,True,21,lbfgs,200,False,3684.4701402614605,-1838.2350701307303
SARIMAX_anom_E3_exog,2009-10,True,82,lbfgs,200,False,3626.0849909115077,-1806.0424954557539
SARIMAX_z_E3_semexog,2009-10,True,10,lbfgs,200,False,943.9442638812309,-467.97213194061544
SARIMAX_z_E3_exog,2009-10,True,17,lbfgs,200,False,925.2031974044326,-455.6015987022163
SARIMAX_anom_E4_semexog,2009-10,True,18,lbfgs,200,False,3671.0801327388863,-1831.5400663694431
SARIMAX_anom_E4_exog,2009-10,True,67,lbfgs,200,False,3615.3266805127914,-1800.6633402563957
SARIMAX_z_E4_semexog,2009-10,True,10,lbfgs,200,False,940.8813987366175,-466.44069936830874
SARIMAX_z_E4_exog,2009-10,True,18,lbfgs,200,False,922.3507321993616,-454.1753660996808
Harmonico_harm1,2009-10,True,23,lbfgs,200,False,3877.4452121657864,-1933.7226060828932
Harmonico_harm2,2009-10,True,25,lbfgs,200,False,3839.1005027797964,-1912.5502513898982
SARIMAX_anom_E1_semexog,2009-11,True,12,lbfgs,200,False,3811.7369016062003,-1902.8684508031001
SARIMAX_anom_E1_exog,2009-11,True,44,lbfgs,200,False,3754.434549347723,-1871.2172746738615
SARIMAX_z_E1_semexog,2009-11,True,8,lbfgs,200,False,974.9740064361304,-484.4870032180652
SARIMAX_z_E1_exog,2009-11,True,16,lbfgs,200,False,955.8443092263319,-471.92215461316596
SARIMAX_anom_E2_semexog,2009-11,True,8,lbfgs,200,False,3800.4127647188307,-1896.2063823594153
SARIMAX_anom_E2_exog,2009-11,True,58,lbfgs,200,False,3745.218785552761,-1865.6093927763804
SARIMAX_z_E2_semexog,2009-11,True,10,lbfgs,200,False,970.699040652245,-481.3495203261225
SARIMAX_z_E2_exog,2009-11,True,14,lbfgs,200,False,953.6019048282475,-469.80095241412374
SARIMAX_anom_E3_semexog,2009-11,True,22,lbfgs,200,False,3696.317850680669,-1844.1589253403345
SARIMAX_anom_E3_exog,2009-11,True,76,lbfgs,200,False,3637.755209952931,-1811.8776049764656
SARIMAX_z_E3_semexog,2009-11,True,10,lbfgs,200,False,946.4217351503435,-469.21086757517173
SARIMAX_z_E3_exog,2009-11,True,17,lbfgs,200,False,927.6345682882425,-456.81728414412123
SARIMAX_anom_E4_semexog,2009-11,True,15,lbfgs,200,False,3682.9697461194382,-1837.4848730597191
SARIMAX_anom_E4_exog,2009-11,True,60,lbfgs,200,False,3626.9775196860082,-1806.4887598430041
SARIMAX_z_E4_semexog,2009-11,True,10,lbfgs,200,False,943.3496013616805,-467.67480068084024
SARIMAX_z_E4_exog,2009-11,True,17,lbfgs,200,False,924.8589159544588,-455.4294579772294
Harmonico_harm1,2009-11,True,24,lbfgs,200,False,3890.089141533054,-1940.044570766527
Harmonico_harm2,2009-11,True,22,lbfgs,200,False,3851.324565230695,-1918.6622826153475
SARIMAX_anom_E1_semexog,2009-12,True,12,lbfgs,200,False,3821.769970538585,-1907.8849852692924
SARIMAX_anom_E1_exog,2009-12,True,37,lbfgs,200,False,3764.3939853201728,-1876.1969926600864
SARIMAX_z_E1_semexog,2009-12,True,7,lbfgs,200,False,977.8028525935214,-485.9014262967607
SARIMAX_z_E1_exog,2009-12,True,13,lbfgs,200,False,958.6553716213471,-473.32768581067353
SARIMAX_anom_E2_semexog,2009-12,True,13,lbfgs,200,False,3810.433181665475,-1901.2165908327374
SARIMAX_anom_E2_exog,2009-12,True,65,lbfgs,200,False,3755.160364184372,-1870.580182092186
SARIMAX_z_E2_semexog,2009-12,True,10,lbfgs,200,False,973.5091043072764,-482.7545521536382
SARIMAX_z_E2_exog,2009-12,True,14,lbfgs,200,False,956.4104239017984,-471.2052119508992
SARIMAX_anom_E3_semexog,2009-12,True,22,lbfgs,200,False,3706.380024871461,-1849.1900124357305
SARIMAX_anom_E3_exog,2009-12,True,80,lbfgs,200,False,3647.716780821623,-1816.8583904108116
SARIMAX_z_E3_semexog,2009-12,True,10,lbfgs,200,False,949.2509817791522,-470.6254908895761
SARIMAX_z_E3_exog,2009-12,True,17,lbfgs,200,False,930.4354092608787,-458.21770463043936
SARIMAX_anom_E4_semexog,2009-12,True,15,lbfgs,200,False,3693.0169016540294,-1842.5084508270147
SARIMAX_anom_E4_exog,2009-12,True,81,lbfgs,200,False,3636.938003263732,-1811.469001631866
SARIMAX_z_E4_semexog,2009-12,True,11,lbfgs,200,False,946.1775481108298,-469.0887740554149
SARIMAX_z_E4_exog,2009-12,True,16,lbfgs,200,False,927.6610437384031,-456.83052186920156
Harmonico_harm1,2009-12,True,23,lbfgs,200,False,3900.744914793456,-1945.372457396728
Harmonico_harm2,2009-12,True,24,lbfgs,200,False,3861.4484126257094,-1923.7242063128547
SARIMAX_anom_E1_semexog,2010-01,True,12,lbfgs,200,False,3831.8890119959524,-1912.9445059979762
SARIMAX_anom_E1_exog,2010-01,True,42,lbfgs,200,False,3774.7122411377736,-1881.3561205688868
SARIMAX_z_E1_semexog,2010-01,True,7,lbfgs,200,False,980.7724977132498,-487.3862488566249
SARIMAX_z_E1_exog,2010-01,True,13,lbfgs,200,False,961.7711405116033,-474.88557025580167
SARIMAX_anom_E2_semexog,2010-01,True,7,lbfgs,200,False,3820.6052476744126,-1906.3026238372063
SARIMAX_anom_E2_exog,2010-01,True,70,lbfgs,200,False,3765.587107581112,-1875.793553790556
SARIMAX_z_E2_semexog,2010-01,True,10,lbfgs,200,False,976.5382136566677,-484.26910682833386
SARIMAX_z_E2_exog,2010-01,True,14,lbfgs,200,False,959.6740942170115,-472.83704710850577
SARIMAX_anom_E3_semexog,2010-01,True,21,lbfgs,200,False,3716.5038573790753,-1854.2519286895376
SARIMAX_anom_E3_exog,2010-01,True,82,lbfgs,200,False,3658.0534769406772,-1822.0267384703386
SARIMAX_z_E3_semexog,2010-01,True,10,lbfgs,200,False,952.2120828601966,-472.1060414300983
SARIMAX_z_E3_exog,2010-01,True,18,lbfgs,200,False,933.5649093428349,-459.78245467141744
SARIMAX_anom_E4_semexog,2010-01,True,15,lbfgs,200,False,3703.1648375943264,-1847.5824187971632
SARIMAX_anom_E4_exog,2010-01,True,72,lbfgs,200,False,3647.333368567689,-1816.6666842838445
SARIMAX_z_E4_semexog,2010-01,True,11,lbfgs,200,False,949.1536251420396,-470.5768125710198
SARIMAX_z_E4_exog,2010-01,True,17,lbfgs,200,False,930.8042734462664,-458.4021367231332
Harmonico_harm1,2010-01,True,25,lbfgs,200,False,3910.9929248210738,-1950.4964624105369
Harmonico_harm2,2010-01,True,22,lbfgs,200,False,3871.6085662416267,-1928.8042831208134
SARIMAX_anom_E1_semexog,2010-02,True,12,lbfgs,200,False,3841.9262297494333,-1917.9631148747167
SARIMAX_anom_E1_exog,2010-02,True,50,lbfgs,200,False,3785.166340934148,-1886.583170467074
SARIMAX_z_E1_semexog,2010-02,True,7,lbfgs,200,False,983.6029350526107,-488.8014675263054
SARIMAX_z_E1_exog,2010-02,True,13,lbfgs,200,False,964.9335488105163,-476.46677440525815
SARIMAX_anom_E2_semexog,2010-02,True,7,lbfgs,200,False,3830.6191762480858,-1911.3095881240429
SARIMAX_anom_E2_exog,2010-02,True,76,lbfgs,200,False,3776.0191953544927,-1881.0095976772463
SARIMAX_z_E2_semexog,2010-02,True,9,lbfgs,200,False,979.307912250204,-485.653956125102
SARIMAX_z_E2_exog,2010-02,True,16,lbfgs,200,False,962.727611053123,-474.3638055265615
SARIMAX_anom_E3_semexog,2010-02,True,22,lbfgs,200,False,3726.5405494268966,-1859.2702747134483
SARIMAX_anom_E3_exog,2010-02,True,89,lbfgs,200,False,3668.5142843284493,-1827.2571421642247
SARIMAX_z_E3_semexog,2010-02,True,10,lbfgs,200,False,955.0190805204295,-473.50954026021475
SARIMAX_z_E3_exog,2010-02,True,18,lbfgs,200,False,936.6524612272913,-461.32623061364563
SARIMAX_anom_E4_semexog,2010-02,True,15,lbfgs,200,False,3713.2016339671536,-1852.6008169835768
SARIMAX_anom_E4_exog,2010-02,True,73,lbfgs,200,False,3657.825081867092,-1821.912540933546
SARIMAX_z_E4_semexog,2010-02,True,11,lbfgs,200,False,951.9503572527403,-471.97517862637017
SARIMAX_z_E4_exog,2010-02,True,17,lbfgs,200,False,933.8855350315572,-459.9427675157786
Harmonico_harm1,2010-02,True,24,lbfgs,200,False,3921.2642342621275,-1955.6321171310638
Harmonico_harm2,2010-02,True,21,lbfgs,200,False,3881.9624513121416,-1933.9812256560708
SARIMAX_anom_E1_semexog,2010-03,True,13,lbfgs,200,False,3856.389934816868,-1925.194967408434
SARIMAX_anom_E1_exog,2010-03,True,44,lbfgs,200,False,3797.6813272283234,-1892.8406636141617
SARIMAX_z_E1_semexog,2010-03,True,6,lbfgs,200,False,986.5127395625315,-490.25636978126573
SARIMAX_z_E1_exog,2010-03,True,13,lbfgs,200,False,966.6775483411539,-477.3387741705769
SARIMAX_anom_E2_semexog,2010-03,True,8,lbfgs,200,False,3845.216105007624,-1918.608052503812
SARIMAX_anom_E2_exog,2010-03,True,36,lbfgs,200,False,3788.5930505534734,-1887.2965252767367
SARIMAX_z_E2_semexog,2010-03,True,9,lbfgs,200,False,982.3612213859237,-487.18061069296186
SARIMAX_z_E2_exog,2010-03,True,15,lbfgs,200,False,964.6370160302274,-475.3185080151137
SARIMAX_anom_E3_semexog,2010-03,True,21,lbfgs,200,False,3740.859989621435,-1866.4299948107175
SARIMAX_anom_E3_exog,2010-03,True,91,lbfgs,200,False,3681.0868881160677,-1833.5434440580339
SARIMAX_z_E3_semexog,2010-03,True,10,lbfgs,200,False,957.6250861771904,-474.8125430885952
SARIMAX_z_E3_exog,2010-03,True,18,lbfgs,200,False,938.3035988445754,-462.1517994222877
SARIMAX_anom_E4_semexog,2010-03,True,17,lbfgs,200,False,3727.5802232864608,-1859.7901116432304
SARIMAX_anom_E4_exog,2010-03,True,72,lbfgs,200,False,3670.4381828487976,-1828.2190914243988
SARIMAX_z_E4_semexog,2010-03,True,11,lbfgs,200,False,954.492114745251,-473.2460573726255
SARIMAX_z_E4_exog,2010-03,True,18,lbfgs,200,False,935.483115097717,-460.7415575488585
Harmonico_harm1,2010-03,True,23,lbfgs,200,False,3932.8633461494637,-1961.4316730747319
Harmonico_harm2,2010-03,True,24,lbfgs,200,False,3895.0272943279956,-1940.5136471639978
SARIMAX_anom_E1_semexog,2010-04,True,12,lbfgs,200,False,3866.730070864799,-1930.3650354323995
SARIMAX_anom_E1_exog,2010-04,True,36,lbfgs,200,False,3808.2032453587344,-1898.1016226793672
SARIMAX_z_E1_semexog,2010-04,True,6,lbfgs,200,False,989.3961472751851,-491.69807363759253
SARIMAX_z_E1_exog,2010-04,True,12,lbfgs,200,False,969.7512167788369,-478.87560838941846
SARIMAX_anom_E2_semexog,2010-04,True,8,lbfgs,200,False,3855.5118441924565,-1923.7559220962282
SARIMAX_anom_E2_exog,2010-04,True,52,lbfgs,200,False,3799.1591277809484,-1892.5795638904742
SARIMAX_z_E2_semexog,2010-04,True,8,lbfgs,200,False,985.2588510454077,-488.62942552270385
SARIMAX_z_E2_exog,2010-04,True,16,lbfgs,200,False,967.67531372399,-476.837656861995
SARIMAX_anom_E3_semexog,2010-04,True,22,lbfgs,200,False,3751.1309788350068,-1871.5654894175034
SARIMAX_anom_E3_exog,2010-04,True,80,lbfgs,200,False,3691.5235244780743,-1838.7617622390371
SARIMAX_z_E3_semexog,2010-04,True,10,lbfgs,200,False,960.3308198836378,-476.1654099418189
SARIMAX_z_E3_exog,2010-04,True,17,lbfgs,200,False,941.0505919020161,-463.52529595100805
SARIMAX_anom_E4_semexog,2010-04,True,17,lbfgs,200,False,3737.892764454483,-1864.9463822272414
SARIMAX_anom_E4_exog,2010-04,True,78,lbfgs,200,False,3680.841136771878,-1833.420568385939
SARIMAX_z_E4_semexog,2010-04,True,11,lbfgs,200,False,957.1828255669635,-474.59141278348176
SARIMAX_z_E4_exog,2010-04,True,18,lbfgs,200,False,938.234104904466,-462.117052452233
Harmonico_harm1,2010-04,True,23,lbfgs,200,False,3943.659597374635,-1966.8297986873174
Harmonico_harm2,2010-04,True,25,lbfgs,200,False,3905.359595785889,-1945.6797978929444
SARIMAX_anom_E1_semexog,2010-05,True,12,lbfgs,200,False,3876.7706189302526,-1935.3853094651263
SARIMAX_anom_E1_exog,2010-05,True,46,lbfgs,200,False,3818.1786597816017,-1903.0893298908009
SARIMAX_z_E1_semexog,2010-05,True,6,lbfgs,200,False,992.1373091230857,-493.06865456154287
SARIMAX_z_E1_exog,2010-05,True,12,lbfgs,200,False,972.3685164047221,-480.18425820236104
SARIMAX_anom_E2_semexog,2010-05,True,8,lbfgs,200,False,3865.5468389425087,-1928.7734194712543
SARIMAX_anom_E2_exog,2010-05,True,38,lbfgs,200,False,3809.1335651841077,-1897.5667825920539
SARIMAX_z_E2_semexog,2010-05,True,9,lbfgs,200,False,987.9489917339674,-489.9744958669837
SARIMAX_z_E2_exog,2010-05,True,15,lbfgs,200,False,970.3159543714353,-478.15797718571764
SARIMAX_anom_E3_semexog,2010-05,True,20,lbfgs,200,False,3761.2167424795703,-1876.6083712397851
SARIMAX_anom_E3_exog,2010-05,True,76,lbfgs,200,False,3701.4942971143146,-1843.7471485571573
SARIMAX_z_E3_semexog,2010-05,True,11,lbfgs,200,False,963.1549157111467,-477.57745785557336
SARIMAX_z_E3_exog,2010-05,True,18,lbfgs,200,False,943.6759867411691,-464.83799337058457
SARIMAX_anom_E4_semexog,2010-05,True,17,lbfgs,200,False,3747.946415309946,-1869.973207654973
SARIMAX_anom_E4_exog,2010-05,True,81,lbfgs,200,False,3690.8435538502845,-1838.4217769251422
SARIMAX_z_E4_semexog,2010-05,True,11,lbfgs,200,False,960.0068968485455,-476.00344842427273
SARIMAX_z_E4_exog,2010-05,True,17,lbfgs,200,False,940.8497994435386,-463.4248997217693
Harmonico_harm1,2010-05,True,23,lbfgs,200,False,3954.39950091032,-1972.19975045516
Harmonico_harm2,2010-05,True,42,lbfgs,200,False,3915.6581137273943,-1950.8290568636971
SARIMAX_anom_E1_semexog,2010-06,True,20,lbfgs,200,False,3886.8003649884677,-1940.4001824942338
SARIMAX_anom_E1_exog,2010-06,True,33,lbfgs,200,False,3828.155248346811,-1908.0776241734054
SARIMAX_z_E1_semexog,2010-06,True,6,lbfgs,200,False,994.9698019666882,-494.4849009833441
SARIMAX_z_E1_exog,2010-06,True,14,lbfgs,200,False,975.2522790084761,-481.62613950423804
SARIMAX_anom_E2_semexog,2010-06,True,8,lbfgs,200,False,3875.568791077484,-1933.784395538742
SARIMAX_anom_E2_exog,2010-06,True,41,lbfgs,200,False,3819.107832332399,-1902.5539161661995
SARIMAX_z_E2_semexog,2010-06,True,9,lbfgs,200,False,990.748837236907,-491.3744186184535
SARIMAX_z_E2_exog,2010-06,True,15,lbfgs,200,False,973.152003136333,-479.5760015681665
SARIMAX_anom_E3_semexog,2010-06,True,20,lbfgs,200,False,3771.257466455909,-1881.6287332279544
SARIMAX_anom_E3_exog,2010-06,True,95,lbfgs,200,False,3711.486429481476,-1848.743214740738
SARIMAX_z_E3_semexog,2010-06,True,10,lbfgs,200,False,966.0097574615548,-479.0048787307774
SARIMAX_z_E3_exog,2010-06,True,18,lbfgs,200,False,946.5841687313272,-466.2920843656636
SARIMAX_anom_E4_semexog,2010-06,True,17,lbfgs,200,False,3757.98533769623,-1874.992668848115
SARIMAX_anom_E4_exog,2010-06,True,62,lbfgs,200,False,3700.8268997364357,-1843.4134498682179
SARIMAX_z_E4_semexog,2010-06,True,11,lbfgs,200,False,962.8644404677397,-477.4322202338698
SARIMAX_z_E4_exog,2010-06,True,17,lbfgs,200,False,943.7467383124983,-464.87336915624917
Harmonico_harm1,2010-06,True,21,lbfgs,200,False,3964.942770125648,-1977.471385062824
Harmonico_harm2,2010-06,True,24,lbfgs,200,False,3925.934863579572,-1955.967431789786
SARIMAX_anom_E1_semexog,2010-07,True,18,lbfgs,200,False,3896.8262505717767,-1945.4131252858883
SARIMAX_anom_E1_exog,2010-07,True,32,lbfgs,200,False,3838.0954558008048,-1913.0477279004024
SARIMAX_z_E1_semexog,2010-07,True,6,lbfgs,200,False,997.7909203026653,-495.89546015133266
SARIMAX_z_E1_exog,2010-07,True,13,lbfgs,200,False,978.0649711316807,-483.0324855658404
SARIMAX_anom_E2_semexog,2010-07,True,8,lbfgs,200,False,3885.592843448155,-1938.7964217240774
SARIMAX_anom_E2_exog,2010-07,True,34,lbfgs,200,False,3829.0465049532595,-1907.5232524766298
SARIMAX_z_E2_semexog,2010-07,True,8,lbfgs,200,False,993.5741467781426,-492.7870733890713
SARIMAX_z_E2_exog,2010-07,True,14,lbfgs,200,False,975.9577947926375,-480.97889739631876
SARIMAX_anom_E3_semexog,2010-07,True,20,lbfgs,200,False,3781.297778582421,-1886.6488892912105
SARIMAX_anom_E3_exog,2010-07,True,79,lbfgs,200,False,3721.4302598812783,-1853.7151299406391
SARIMAX_z_E3_semexog,2010-07,True,10,lbfgs,200,False,968.7900108258686,-480.3950054129343
SARIMAX_z_E3_exog,2010-07,True,18,lbfgs,200,False,949.3468355442135,-467.67341777210675
SARIMAX_anom_E4_semexog,2010-07,True,17,lbfgs,200,False,3768.013835836103,-1880.0069179180516
SARIMAX_anom_E4_exog,2010-07,True,67,lbfgs,200,False,3710.7700827363087,-1848.3850413681544
SARIMAX_z_E4_semexog,2010-07,True,11,lbfgs,200,False,965.6289368819916,-478.8144684409958
SARIMAX_z_E4_exog,2010-07,True,17,lbfgs,200,False,946.5111178946285,-466.2555589473142
Harmonico_harm1,2010-07,True,25,lbfgs,200,False,3975.1464888908245,-1982.5732444454122
Harmonico_harm2,2010-07,True,24,lbfgs,200,False,3936.049740900666,-1961.024870450333
SARIMAX_anom_E1_semexog,2010-08,True,20,lbfgs,200,False,3906.869839641562,-1950.434919820781
SARIMAX_anom_E1_exog,2010-08,True,44,lbfgs,200,False,3848.187010712264,-1918.093505356132
SARIMAX_z_E1_semexog,2010-08,True,6,lbfgs,200,False,1000.5280322619813,-497.2640161309906
SARIMAX_z_E1_exog,2010-08,True,12,lbfgs,200,False,981.0764273409674,-484.5382136704837
SARIMAX_anom_E2_semexog,2010-08,True,8,lbfgs,200,False,3895.632386143263,-1943.8161930716315
SARIMAX_anom_E2_exog,2010-08,True,35,lbfgs,200,False,3839.1212693287107,-1912.5606346643553
SARIMAX_z_E2_semexog,2010-08,True,10,lbfgs,200,False,996.3270348617713,-494.16351743088563
SARIMAX_z_E2_exog,2010-08,True,13,lbfgs,200,False,979.0017761783329,-482.50088808916644
SARIMAX_anom_E3_semexog,2010-08,True,20,lbfgs,200,False,3791.3543208396027,-1891.6771604198013
SARIMAX_anom_E3_exog,2010-08,True,83,lbfgs,200,False,3731.5101822520164,-1858.7550911260082
SARIMAX_z_E3_semexog,2010-08,True,11,lbfgs,200,False,971.5240981422975,-481.76204907114874
SARIMAX_z_E3_exog,2010-08,True,17,lbfgs,200,False,952.4323960358059,-469.21619801790297
SARIMAX_anom_E4_semexog,2010-08,True,17,lbfgs,200,False,3778.0560606368167,-1885.0280303184084
SARIMAX_anom_E4_exog,2010-08,True,68,lbfgs,200,False,3720.8600166774477,-1853.4300083387238
SARIMAX_z_E4_semexog,2010-08,True,10,lbfgs,200,False,968.3773310890102,-480.1886655445051
SARIMAX_z_E4_exog,2010-08,True,16,lbfgs,200,False,949.6142318240201,-467.80711591201003
Harmonico_harm1,2010-08,True,26,lbfgs,200,False,3985.343448246428,-1987.671724123214
Harmonico_harm2,2010-08,True,26,lbfgs,200,False,3946.1837537084984,-1966.0918768542492
SARIMAX_anom_E1_semexog,2010-09,True,18,lbfgs,200,False,3917.320296587729,-1955.6601482938645
SARIMAX_anom_E1_exog,2010-09,True,36,lbfgs,200,False,3859.226471884114,-1923.613235942057
SARIMAX_z_E1_semexog,2010-09,True,6,lbfgs,200,False,1003.006296513031,-498.5031482565155
SARIMAX_z_E1_exog,2010-09,True,14,lbfgs,200,False,984.1952837988356,-486.0976418994178
SARIMAX_anom_E2_semexog,2010-09,True,8,lbfgs,200,False,3906.0811008256183,-1949.0405504128091
SARIMAX_anom_E2_exog,2010-09,True,26,lbfgs,200,False,3850.1341155017353,-1918.0670577508677
SARIMAX_z_E2_semexog,2010-09,True,9,lbfgs,200,False,998.6953520068569,-495.34767600342843
SARIMAX_z_E2_exog,2010-09,True,16,lbfgs,200,False,981.9740144233965,-483.98700721169826
SARIMAX_anom_E3_semexog,2010-09,True,21,lbfgs,200,False,3801.8396829893964,-1896.9198414946982
SARIMAX_anom_E3_exog,2010-09,True,76,lbfgs,200,False,3742.5107477446472,-1864.2553738723236
SARIMAX_z_E3_semexog,2010-09,True,10,lbfgs,200,False,973.9482131518257,-482.97410657591286
SARIMAX_z_E3_exog,2010-09,True,18,lbfgs,200,False,955.4656529442825,-470.73282647214126
SARIMAX_anom_E4_semexog,2010-09,True,17,lbfgs,200,False,3788.527657249504,-1890.263828624752
SARIMAX_anom_E4_exog,2010-09,True,71,lbfgs,200,False,3731.868152911447,-1858.9340764557235
SARIMAX_z_E4_semexog,2010-09,True,11,lbfgs,200,False,970.802103529316,-481.401051764658
SARIMAX_z_E4_exog,2010-09,True,17,lbfgs,200,False,952.6769695599543,-469.33848477997714
Harmonico_harm1,2010-09,True,24,lbfgs,200,False,3995.717787706978,-1992.858893853489
Harmonico_harm2,2010-09,True,27,lbfgs,200,False,3957.181190383133,-1971.5905951915665
SARIMAX_anom_E1_semexog,2010-10,True,17,lbfgs,200,False,3927.4424403554517,-1960.7212201777259
SARIMAX_anom_E1_exog,2010-10,True,47,lbfgs,200,False,3869.1847850913655,-1928.5923925456827
SARIMAX_z_E1_semexog,2010-10,True,6,lbfgs,200,False,1006.0226233785249,-500.01131168926247
SARIMAX_z_E1_exog,2010-10,True,14,lbfgs,200,False,986.9038917962669,-487.45194589813343
SARIMAX_anom_E2_semexog,2010-10,True,8,lbfgs,200,False,3916.194883707941,-1954.0974418539704
SARIMAX_anom_E2_exog,2010-10,True,33,lbfgs,200,False,3860.1023925308864,-1923.0511962654432
SARIMAX_z_E2_semexog,2010-10,True,8,lbfgs,200,False,1001.7571174638889,-496.87855873194445
SARIMAX_z_E2_exog,2010-10,True,16,lbfgs,200,False,984.7055676143759,-485.35278380718796
SARIMAX_anom_E3_semexog,2010-10,True,22,lbfgs,200,False,3811.9772175767134,-1901.9886087883567
SARIMAX_anom_E3_exog,2010-10,True,81,lbfgs,200,False,3752.4774005878444,-1869.2387002939222
SARIMAX_z_E3_semexog,2010-10,True,10,lbfgs,200,False,976.9919145663198,-484.4959572831599
SARIMAX_z_E3_exog,2010-10,True,18,lbfgs,200,False,958.1532942654482,-472.0766471327241
SARIMAX_anom_E4_semexog,2010-10,True,17,lbfgs,200,False,3798.6631448383478,-1895.3315724191739
SARIMAX_anom_E4_exog,2010-10,True,64,lbfgs,200,False,3741.8366197422974,-1863.9183098711487
SARIMAX_z_E4_semexog,2010-10,True,11,lbfgs,200,False,973.8606617386297,-482.93033086931484
SARIMAX_z_E4_exog,2010-10,True,17,lbfgs,200,False,955.3676523519455,-470.68382617597274
Harmonico_harm1,2010-10,True,23,lbfgs,200,False,4006.277611011292,-1998.138805505646
Harmonico_harm2,2010-10,True,27,lbfgs,200,False,3967.331335862583,-1976.6656679312914
SARIMAX_anom_E1_semexog,2010-11,True,18,lbfgs,200,False,3937.5596158774856,-1965.7798079387428
SARIMAX_anom_E1_exog,2010-11,True,35,lbfgs,200,False,3879.804366541215,-1933.9021832706076
SARIMAX_z_E1_semexog,2010-11,True,6,lbfgs,200,False,1008.7792488935308,-501.3896244467654
SARIMAX_z_E1_exog,2010-11,True,14,lbfgs,200,False,989.9957927531801,-488.99789637659006
SARIMAX_anom_E2_semexog,2010-11,True,8,lbfgs,200,False,3926.276876371565,-1959.1384381857824
SARIMAX_anom_E2_exog,2010-11,True,64,lbfgs,200,False,3870.6407668735737,-1928.3203834367869
SARIMAX_z_E2_semexog,2010-11,True,8,lbfgs,200,False,1004.4881350775588,-498.2440675387794
SARIMAX_z_E2_exog,2010-11,True,13,lbfgs,200,False,987.687146722028,-486.843573361014
SARIMAX_anom_E3_semexog,2010-11,True,21,lbfgs,200,False,3822.0894405351164,-1907.0447202675582
SARIMAX_anom_E3_exog,2010-11,True,102,lbfgs,200,False,3763.044604905316,-1874.522302452658
SARIMAX_z_E3_semexog,2010-11,True,10,lbfgs,200,False,979.5820017885435,-485.79100089427175
SARIMAX_z_E3_exog,2010-11,True,18,lbfgs,200,False,960.9449026861549,-473.47245134307747
SARIMAX_anom_E4_semexog,2010-11,True,18,lbfgs,200,False,3808.755909889558,-1900.377954944779
SARIMAX_anom_E4_exog,2010-11,True,79,lbfgs,200,False,3752.3526315917024,-1869.1763157958512
SARIMAX_z_E4_semexog,2010-11,True,11,lbfgs,200,False,976.427766291549,-484.2138831457745
SARIMAX_z_E4_exog,2010-11,True,17,lbfgs,200,False,958.1419775408298,-472.0709887704149
Harmonico_harm1,2010-11,True,23,lbfgs,200,False,4016.772217969776,-2003.386108984888
Harmonico_harm2,2010-11,True,27,lbfgs,200,False,3977.535555359917,-1981.7677776799585
SARIMAX_anom_E1_semexog,2010-12,True,12,lbfgs,200,False,3948.2761799185987,-1971.1380899592994
SARIMAX_anom_E1_exog,2010-12,True,45,lbfgs,200,False,3891.901244958431,-1939.9506224792156
SARIMAX_z_E1_semexog,2010-12,True,6,lbfgs,200,False,1011.5159551812453,-502.75797759062266
SARIMAX_z_E1_exog,2010-12,True,15,lbfgs,200,False,993.4147242628429,-490.70736213142146
SARIMAX_anom_E2_semexog,2010-12,True,8,lbfgs,200,False,3937.09895764247,-1964.549478821235
SARIMAX_anom_E2_exog,2010-12,True,41,lbfgs,200,False,3882.7264372623886,-1934.3632186311943
SARIMAX_z_E2_semexog,2010-12,True,8,lbfgs,200,False,1007.4468908069055,-499.72344540345273
SARIMAX_z_E2_exog,2010-12,True,13,lbfgs,200,False,991.2586275831745,-488.62931379158726
SARIMAX_anom_E3_semexog,2010-12,True,22,lbfgs,200,False,3832.873223979325,-1912.4366119896624
SARIMAX_anom_E3_exog,2010-12,True,76,lbfgs,200,False,3775.177079680937,-1880.5885398404685
SARIMAX_z_E3_semexog,2010-12,True,10,lbfgs,200,False,982.3971767388929,-487.19858836944644
SARIMAX_z_E3_exog,2010-12,True,18,lbfgs,200,False,964.4835921506875,-475.24179607534376
SARIMAX_anom_E4_semexog,2010-12,True,18,lbfgs,200,False,3819.501286119609,-1905.7506430598046
SARIMAX_anom_E4_exog,2010-12,True,85,lbfgs,200,False,3764.4941989357376,-1875.2470994678688
SARIMAX_z_E4_semexog,2010-12,True,11,lbfgs,200,False,979.2151880928095,-485.60759404640476
SARIMAX_z_E4_exog,2010-12,True,16,lbfgs,200,False,961.6582239089661,-473.82911195448304
Harmonico_harm1,2010-12,True,24,lbfgs,200,False,4028.512641603414,-2009.256320801707
Harmonico_harm2,2010-12,True,24,lbfgs,200,False,3988.2690198974637,-1987.1345099487319
SARIMAX_anom_E1_semexog,2011-01,True,12,lbfgs,200,False,3958.39036925254,-1976.19518462627
SARIMAX_anom_E1_exog,2011-01,True,33,lbfgs,200,False,3902.003673922722,-1945.001836961361
SARIMAX_z_E1_semexog,2011-01,True,6,lbfgs,200,False,1014.4912416309561,-504.24562081547805
SARIMAX_z_E1_exog,2011-01,True,14,lbfgs,200,False,996.2379771408838,-492.1189885704419
SARIMAX_anom_E2_semexog,2011-01,True,8,lbfgs,200,False,3947.2090736705195,-1969.6045368352598
SARIMAX_anom_E2_exog,2011-01,True,73,lbfgs,200,False,3892.7554186349735,-1939.3777093174867
SARIMAX_z_E2_semexog,2011-01,True,8,lbfgs,200,False,1010.4562705491558,-501.2281352745779
SARIMAX_z_E2_exog,2011-01,True,15,lbfgs,200,False,994.0817370205943,-490.0408685102972
SARIMAX_anom_E3_semexog,2011-01,True,22,lbfgs,200,False,3843.0082508662904,-1917.5041254331452
SARIMAX_anom_E3_exog,2011-01,True,75,lbfgs,200,False,3785.3109112444663,-1885.6554556222331
SARIMAX_z_E3_semexog,2011-01,True,11,lbfgs,200,False,985.353367442056,-488.676683721028
SARIMAX_z_E3_exog,2011-01,True,17,lbfgs,200,False,967.3192350428426,-476.6596175214213
SARIMAX_anom_E4_semexog,2011-01,True,18,lbfgs,200,False,3829.6466110821884,-1910.8233055410942
SARIMAX_anom_E4_exog,2011-01,True,67,lbfgs,200,False,3774.6208839198007,-1880.3104419599003
SARIMAX_z_E4_semexog,2011-01,True,11,lbfgs,200,False,982.1585800478049,-487.07929002390244
SARIMAX_z_E4_exog,2011-01,True,16,lbfgs,200,False,964.5031338243873,-475.25156691219365
Harmonico_harm1,2011-01,True,23,lbfgs,200,False,4038.735065867648,-2014.367532933824
Harmonico_harm2,2011-01,True,25,lbfgs,200,False,3998.448302528259,-1992.2241512641294
SARIMAX_anom_E1_semexog,2011-02,True,20,lbfgs,200,False,3969.840767159789,-1981.9203835798944
SARIMAX_anom_E1_exog,2011-02,True,41,lbfgs,200,False,3912.322093449853,-1950.1610467249266
SARIMAX_z_E1_semexog,2011-02,True,7,lbfgs,200,False,1017.2846330349603,-505.64231651748014
SARIMAX_z_E1_exog,2011-02,True,14,lbfgs,200,False,998.4459590191714,-493.2229795095857
SARIMAX_anom_E2_semexog,2011-02,True,10,lbfgs,200,False,3958.8539911618063,-1975.4269955809032
SARIMAX_anom_E2_exog,2011-02,True,55,lbfgs,200,False,3903.2154785450994,-1944.6077392725497
SARIMAX_z_E2_semexog,2011-02,True,9,lbfgs,200,False,1013.3672523542386,-502.6836261771193
SARIMAX_z_E2_exog,2011-02,True,14,lbfgs,200,False,996.4001237083478,-491.2000618541739
SARIMAX_anom_E3_semexog,2011-02,True,21,lbfgs,200,False,3854.3724909120792,-1923.1862454560396
SARIMAX_anom_E3_exog,2011-02,True,80,lbfgs,200,False,3795.5257728164006,-1890.7628864082003
SARIMAX_z_E3_semexog,2011-02,True,11,lbfgs,200,False,988.1099681334288,-490.0549840667144
SARIMAX_z_E3_exog,2011-02,True,17,lbfgs,200,False,969.4456353750695,-477.72281768753476
SARIMAX_anom_E4_semexog,2011-02,True,17,lbfgs,200,False,3841.0155973139954,-1916.5077986569977
SARIMAX_anom_E4_exog,2011-02,True,91,lbfgs,200,False,3784.9166552703573,-1885.4583276351786
SARIMAX_z_E4_semexog,2011-02,True,11,lbfgs,200,False,984.9118985856778,-488.4559492928389
SARIMAX_z_E4_exog,2011-02,True,16,lbfgs,200,False,966.6320514100796,-476.3160257050398
Harmonico_harm1,2011-02,True,25,lbfgs,200,False,4049.75273864196,-2019.87636932098
Harmonico_harm2,2011-02,True,27,lbfgs,200,False,4009.128279495564,-1997.564139747782
SARIMAX_anom_E1_semexog,2011-03,True,21,lbfgs,200,False,3979.918414676995,-1986.9592073384974
SARIMAX_anom_E1_exog,2011-03,True,37,lbfgs,200,False,3922.6251104718467,-1955.3125552359234
SARIMAX_z_E1_semexog,2011-03,True,7,lbfgs,200,False,1020.1734295934668,-507.0867147967334
SARIMAX_z_E1_exog,2011-03,True,14,lbfgs,200,False,1001.3723928532522,-494.6861964266261
SARIMAX_anom_E2_semexog,2011-03,True,10,lbfgs,200,False,3968.934922068342,-1980.467461034171
SARIMAX_anom_E2_exog,2011-03,True,53,lbfgs,200,False,3913.50730664845,-1949.753653324225
SARIMAX_z_E2_semexog,2011-03,True,10,lbfgs,200,False,1016.2409037565621,-504.1204518782811
SARIMAX_z_E2_exog,2011-03,True,13,lbfgs,200,False,999.3224073484041,-492.66120367420206
SARIMAX_anom_E3_semexog,2011-03,True,23,lbfgs,200,False,3864.436855827708,-1928.218427913854
SARIMAX_anom_E3_exog,2011-03,True,75,lbfgs,200,False,3805.7881518791864,-1895.8940759395932
SARIMAX_z_E3_semexog,2011-03,True,11,lbfgs,200,False,990.9686613719967,-491.4843306859984
SARIMAX_z_E3_exog,2011-03,True,19,lbfgs,200,False,972.2644350815475,-479.13221754077375
SARIMAX_anom_E4_semexog,2011-03,True,18,lbfgs,200,False,3851.079748688311,-1921.5398743441556
SARIMAX_anom_E4_exog,2011-03,True,68,lbfgs,200,False,3795.159400856411,-1890.5797004282056
SARIMAX_z_E4_semexog,2011-03,True,11,lbfgs,200,False,987.758968621321,-489.8794843106605
SARIMAX_z_E4_exog,2011-03,True,17,lbfgs,200,False,969.4547952840702,-477.7273976420351
Harmonico_harm1,2011-03,True,22,lbfgs,200,False,4060.3419477557864,-2025.1709738778932
Harmonico_harm2,2011-03,True,25,lbfgs,200,False,4019.2634288162735,-2002.6317144081368
SARIMAX_anom_E1_semexog,2011-04,True,12,lbfgs,200,False,3990.208945635075,-1992.1044728175375
SARIMAX_anom_E1_exog,2011-04,True,44,lbfgs,200,False,3932.5159740127965,-1960.2579870063983
SARIMAX_z_E1_semexog,2011-04,True,6,lbfgs,200,False,1022.8929226873083,-508.44646134365416
SARIMAX_z_E1_exog,2011-04,True,14,lbfgs,200,False,1003.8347474876282,-495.9173737438141
SARIMAX_anom_E2_semexog,2011-04,True,11,lbfgs,200,False,3979.11801834832,-1985.55900917416
SARIMAX_anom_E2_exog,2011-04,True,39,lbfgs,200,False,3923.4203197268835,-1954.7101598634417
SARIMAX_z_E2_semexog,2011-04,True,9,lbfgs,200,False,1018.9197893804646,-505.4598946902323
SARIMAX_z_E2_exog,2011-04,True,14,lbfgs,200,False,1001.7753877677798,-493.8876938838899
SARIMAX_anom_E3_semexog,2011-04,True,21,lbfgs,200,False,3874.7079532345524,-1933.3539766172762
SARIMAX_anom_E3_exog,2011-04,True,86,lbfgs,200,False,3815.6287114067677,-1900.8143557033839
SARIMAX_z_E3_semexog,2011-04,True,11,lbfgs,200,False,993.6362344292919,-492.81811721464595
SARIMAX_z_E3_exog,2011-04,True,17,lbfgs,200,False,974.6710851231219,-480.33554256156094
SARIMAX_anom_E4_semexog,2011-04,True,17,lbfgs,200,False,3861.311401825067,-1926.6557009125336
SARIMAX_anom_E4_exog,2011-04,True,67,lbfgs,200,False,3804.9988959281736,-1895.4994479640868
SARIMAX_z_E4_semexog,2011-04,True,11,lbfgs,200,False,990.4260584753879,-491.21302923769395
SARIMAX_z_E4_exog,2011-04,True,17,lbfgs,200,False,971.8805521396627,-478.9402760698313
Harmonico_harm1,2011-04,False,20,lbfgs,200,True,4071.459247031848,-2030.729623515924
Harmonico_harm2,2011-04,True,26,lbfgs,200,False,4029.829772417392,-2007.914886208696
SARIMAX_anom_E1_semexog,2011-05,True,20,lbfgs,200,False,4000.525989296799,-1997.2629946483994
SARIMAX_anom_E1_exog,2011-05,True,31,lbfgs,200,False,3942.556850845998,-1965.278425422999
SARIMAX_z_E1_semexog,2011-05,True,7,lbfgs,200,False,1025.6017596305321,-509.80087981526606
SARIMAX_z_E1_exog,2011-05,True,15,lbfgs,200,False,1006.2658263091286,-497.1329131545643
SARIMAX_anom_E2_semexog,2011-05,True,11,lbfgs,200,False,3989.5438936000123,-1990.7719468000062
SARIMAX_anom_E2_exog,2011-05,True,50,lbfgs,200,False,3933.4654895638123,-1959.7327447819061
SARIMAX_z_E2_semexog,2011-05,True,9,lbfgs,200,False,1021.7391788803914,-506.8695894401957
SARIMAX_z_E2_exog,2011-05,True,14,lbfgs,200,False,1004.2737660346023,-495.13688301730116
SARIMAX_anom_E3_semexog,2011-05,True,22,lbfgs,200,False,3885.0223151764458,-1938.5111575882229
SARIMAX_anom_E3_exog,2011-05,True,72,lbfgs,200,False,3825.622094203348,-1905.811047101674
SARIMAX_z_E3_semexog,2011-05,True,11,lbfgs,200,False,996.2806179153264,-494.1403089576632
SARIMAX_z_E3_exog,2011-05,True,18,lbfgs,200,False,977.0752490300385,-481.5376245150193
SARIMAX_anom_E4_semexog,2011-05,True,21,lbfgs,200,False,3871.588543714512,-1931.794271857256
SARIMAX_anom_E4_exog,2011-05,True,70,lbfgs,200,False,3815.008644946916,-1900.504322473458
SARIMAX_z_E4_semexog,2011-05,True,11,lbfgs,200,False,993.1081655183054,-492.5540827591527
SARIMAX_z_E4_exog,2011-05,True,16,lbfgs,200,False,974.2932848206116,-480.1466424103058
Harmonico_harm1,2011-05,True,24,lbfgs,200,False,4081.635531697548,-2035.817765848774
Harmonico_harm2,2011-05,True,25,lbfgs,200,False,4039.952993230337,-2012.9764966151686
SARIMAX_anom_E1_semexog,2011-06,True,20,lbfgs,200,False,4010.550483876589,-2002.2752419382946
SARIMAX_anom_E1_exog,2011-06,True,35,lbfgs,200,False,3952.5637223112335,-1970.2818611556168
SARIMAX_z_E1_semexog,2011-06,True,7,lbfgs,200,False,1028.515892558188,-511.25794627909397
SARIMAX_z_E1_exog,2011-06,True,15,lbfgs,200,False,1009.2104889935321,-498.60524449676603
SARIMAX_anom_E2_semexog,2011-06,True,11,lbfgs,200,False,3999.567704172819,-1995.7838520864095
SARIMAX_anom_E2_exog,2011-06,True,56,lbfgs,200,False,3943.473764302793,-1964.7368821513965
SARIMAX_z_E2_semexog,2011-06,True,9,lbfgs,200,False,1024.6811264460316,-508.34056322301586
SARIMAX_z_E2_exog,2011-06,True,15,lbfgs,200,False,1007.2473731341879,-496.62368656709396
SARIMAX_anom_E3_semexog,2011-06,True,21,lbfgs,200,False,3895.049689740802,-1943.524844870401
SARIMAX_anom_E3_exog,2011-06,True,75,lbfgs,200,False,3835.6303063599953,-1910.8151531799977
SARIMAX_z_E3_semexog,2011-06,True,11,lbfgs,200,False,999.2107360148566,-495.6053680074283
SARIMAX_z_E3_exog,2011-06,True,17,lbfgs,200,False,980.0648503754536,-483.0324251877268
SARIMAX_anom_E4_semexog,2011-06,True,21,lbfgs,200,False,3881.6153907082626,-1936.8076953541313
SARIMAX_anom_E4_exog,2011-06,True,62,lbfgs,200,False,3825.0159827070925,-1905.5079913535462
SARIMAX_z_E4_semexog,2011-06,True,11,lbfgs,200,False,996.0441750120754,-494.0220875060377
SARIMAX_z_E4_exog,2011-06,True,16,lbfgs,200,False,977.2760730104967,-481.63803650524835
Harmonico_harm1,2011-06,True,23,lbfgs,200,False,4092.2668681194073,-2041.1334340597036
Harmonico_harm2,2011-06,True,24,lbfgs,200,False,4050.06853176868,-2018.03426588434
SARIMAX_anom_E1_semexog,2011-07,True,20,lbfgs,200,False,4020.5492798038867,-2007.2746399019434
SARIMAX_anom_E1_exog,2011-07,True,28,lbfgs,200,False,3962.496044940468,-1975.248022470234
SARIMAX_z_E1_semexog,2011-07,True,6,lbfgs,200,False,1031.3205664130426,-512.6602832065213
SARIMAX_z_E1_exog,2011-07,True,15,lbfgs,200,False,1011.9945261021669,-499.99726305108345
SARIMAX_anom_E2_semexog,2011-07,True,11,lbfgs,200,False,4009.5630906377655,-2000.7815453188828
SARIMAX_anom_E2_exog,2011-07,True,56,lbfgs,200,False,3953.408387656002,-1969.704193828001
SARIMAX_z_E2_semexog,2011-07,True,9,lbfgs,200,False,1027.4660819438427,-509.73304097192135
SARIMAX_z_E2_exog,2011-07,True,14,lbfgs,200,False,1010.0168363271737,-498.00841816358684
SARIMAX_anom_E3_semexog,2011-07,True,21,lbfgs,200,False,3905.0613108108173,-1948.5306554054087
SARIMAX_anom_E3_exog,2011-07,True,86,lbfgs,200,False,3845.558845867431,-1915.7794229337155
SARIMAX_z_E3_semexog,2011-07,True,11,lbfgs,200,False,1001.9770865037237,-496.98854325186187
SARIMAX_z_E3_exog,2011-07,True,17,lbfgs,200,False,982.7790134242642,-484.3895067121321
SARIMAX_anom_E4_semexog,2011-07,True,22,lbfgs,200,False,3891.616636815416,-1941.808318407708
SARIMAX_anom_E4_exog,2011-07,True,69,lbfgs,200,False,3834.9488337924877,-1910.4744168962438
SARIMAX_z_E4_semexog,2011-07,True,11,lbfgs,200,False,998.7959161273691,-495.39795806368454
SARIMAX_z_E4_exog,2011-07,True,16,lbfgs,200,False,979.9908903643357,-482.9954451821678
Harmonico_harm1,2011-07,True,25,lbfgs,200,False,4102.441297713744,-2046.2206488568718
Harmonico_harm2,2011-07,True,26,lbfgs,200,False,4060.213092398886,-2023.106546199443
SARIMAX_anom_E1_semexog,2011-08,True,20,lbfgs,200,False,4030.54993415241,-2012.274967076205
SARIMAX_anom_E1_exog,2011-08,True,48,lbfgs,200,False,3972.4067256732433,-1980.2033628366216
SARIMAX_z_E1_semexog,2011-08,True,6,lbfgs,200,False,1034.1307779926435,-514.0653889963218
SARIMAX_z_E1_exog,2011-08,True,14,lbfgs,200,False,1014.7932637564827,-501.39663187824135
SARIMAX_anom_E2_semexog,2011-08,True,11,lbfgs,200,False,4019.555080973825,-2005.7775404869126
SARIMAX_anom_E2_exog,2011-08,True,51,lbfgs,200,False,3963.33143428115,-1974.665717140575
SARIMAX_z_E2_semexog,2011-08,True,9,lbfgs,200,False,1030.2061501252147,-511.10307506260733
SARIMAX_z_E2_exog,2011-08,True,14,lbfgs,200,False,1012.7716825246225,-499.38584126231126
SARIMAX_anom_E3_semexog,2011-08,True,21,lbfgs,200,False,3915.0696840267465,-1953.5348420133732
SARIMAX_anom_E3_exog,2011-08,True,30,lbfgs,200,False,3855.5129036934413,-1920.7564518467207
SARIMAX_z_E3_semexog,2011-08,True,11,lbfgs,200,False,1004.7175098599098,-498.3587549299549
SARIMAX_z_E3_exog,2011-08,True,17,lbfgs,200,False,985.5258788204096,-485.7629394102048
SARIMAX_anom_E4_semexog,2011-08,True,22,lbfgs,200,False,3901.62003555733,-1946.810017778665
SARIMAX_anom_E4_exog,2011-08,True,68,lbfgs,200,False,3844.8702798938157,-1915.4351399469078
SARIMAX_z_E4_semexog,2011-08,True,11,lbfgs,200,False,1001.539172216487,-496.7695861082435
SARIMAX_z_E4_exog,2011-08,True,17,lbfgs,200,False,982.7332592782029,-484.36662963910146
Harmonico_harm1,2011-08,True,25,lbfgs,200,False,4112.627274414832,-2051.313637207416
Harmonico_harm2,2011-08,True,25,lbfgs,200,False,4070.2872073051058,-2028.1436036525529
SARIMAX_anom_E1_semexog,2011-09,True,13,lbfgs,200,False,4040.9101124964973,-2017.4550562482486
SARIMAX_anom_E1_exog,2011-09,True,33,lbfgs,200,False,3982.697905007116,-1985.348952503558
SARIMAX_z_E1_semexog,2011-09,True,6,lbfgs,200,False,1036.9391334869601,-515.4695667434801
SARIMAX_z_E1_exog,2011-09,True,15,lbfgs,200,False,1017.4022185477669,-502.70110927388345
SARIMAX_anom_E2_semexog,2011-09,True,11,lbfgs,200,False,4029.8909256517036,-2010.9454628258518
SARIMAX_anom_E2_exog,2011-09,True,48,lbfgs,200,False,3973.6013059355414,-1979.8006529677707
SARIMAX_z_E2_semexog,2011-09,True,9,lbfgs,200,False,1033.0910728555477,-512.5455364277739
SARIMAX_z_E2_exog,2011-09,True,14,lbfgs,200,False,1015.4767808125129,-500.7383904062564
SARIMAX_anom_E3_semexog,2011-09,True,21,lbfgs,200,False,3925.429444477664,-1958.714722238832
SARIMAX_anom_E3_exog,2011-09,True,68,lbfgs,200,False,3865.7441045036294,-1925.8720522518147
SARIMAX_z_E3_semexog,2011-09,True,11,lbfgs,200,False,1007.4159960280373,-499.70799801401864
SARIMAX_z_E3_exog,2011-09,True,17,lbfgs,200,False,988.0024424520882,-487.0012212260441
SARIMAX_anom_E4_semexog,2011-09,True,18,lbfgs,200,False,3912.008065831267,-1952.0040329156334
SARIMAX_anom_E4_exog,2011-09,True,65,lbfgs,200,False,3855.139058879344,-1920.569529439672
SARIMAX_z_E4_semexog,2011-09,True,10,lbfgs,200,False,1004.2725694138607,-498.1362847069303
SARIMAX_z_E4_exog,2011-09,True,17,lbfgs,200,False,985.234714063796,-485.617357031898
Harmonico_harm1,2011-09,True,23,lbfgs,200,False,4122.9422984436815,-2056.4711492218407
Harmonico_harm2,2011-09,True,25,lbfgs,200,False,4081.1456752345484,-2033.5728376172742
SARIMAX_anom_E1_semexog,2011-10,True,20,lbfgs,200,False,4052.5984236631048,-2023.2992118315524
SARIMAX_anom_E1_exog,2011-10,True,38,lbfgs,200,False,3994.198776795497,-1991.0993883977485
SARIMAX_z_E1_semexog,2011-10,True,6,lbfgs,200,False,1040.518304841956,-517.259152420978
SARIMAX_z_E1_exog,2011-10,True,14,lbfgs,200,False,1020.9471229973758,-504.4735614986879
SARIMAX_anom_E2_semexog,2011-10,True,10,lbfgs,200,False,4041.5739894223334,-2016.7869947111667
SARIMAX_anom_E2_exog,2011-10,True,75,lbfgs,200,False,3985.1431365886683,-1985.5715682943342
SARIMAX_z_E2_semexog,2011-10,True,9,lbfgs,200,False,1036.792221812116,-514.396110906058
SARIMAX_z_E2_exog,2011-10,True,14,lbfgs,200,False,1019.111594557481,-502.5557972787405
SARIMAX_anom_E3_semexog,2011-10,True,22,lbfgs,200,False,3937.1345710004725,-1964.5672855002363
SARIMAX_anom_E3_exog,2011-10,True,85,lbfgs,200,False,3877.3011413845234,-1931.6505706922617
SARIMAX_z_E3_semexog,2011-10,True,11,lbfgs,200,False,1010.8777245637971,-501.43886228189854
SARIMAX_z_E3_exog,2011-10,True,18,lbfgs,200,False,991.4092060868329,-488.70460304341645
SARIMAX_anom_E4_semexog,2011-10,True,18,lbfgs,200,False,3923.6982854918433,-1957.8491427459217
SARIMAX_anom_E4_exog,2011-10,True,55,lbfgs,200,False,3866.6910234334264,-1926.3455117167132
SARIMAX_z_E4_semexog,2011-10,True,10,lbfgs,200,False,1007.6856294235467,-499.84281471177337
SARIMAX_z_E4_exog,2011-10,True,18,lbfgs,200,False,988.6268822777181,-487.31344113885905
Harmonico_harm1,2011-10,False,27,lbfgs,200,True,4135.474268086556,-2062.737134043278
Harmonico_harm2,2011-10,True,25,lbfgs,200,False,4092.916324510451,-2039.4581622552255
SARIMAX_anom_E1_semexog,2011-11,True,20,lbfgs,200,False,4062.639878014863,-2028.3199390074315
SARIMAX_anom_E1_exog,2011-11,True,34,lbfgs,200,False,4004.1733311304242,-1996.0866655652121
SARIMAX_z_E1_semexog,2011-11,True,6,lbfgs,200,False,1043.2014672327364,-518.6007336163682
SARIMAX_z_E1_exog,2011-11,True,14,lbfgs,200,False,1023.5690920357763,-505.78454601788815
SARIMAX_anom_E2_semexog,2011-11,True,10,lbfgs,200,False,4051.651318045806,-2021.825659022903
SARIMAX_anom_E2_exog,2011-11,True,67,lbfgs,200,False,3995.1145815031687,-1990.5572907515843
SARIMAX_z_E2_semexog,2011-11,True,11,lbfgs,200,False,1039.5575856587418,-515.7787928293709
SARIMAX_z_E2_exog,2011-11,True,14,lbfgs,200,False,1021.801988229375,-503.9009941146875
SARIMAX_anom_E3_semexog,2011-11,True,21,lbfgs,200,False,3947.201571410999,-1969.6007857054994
SARIMAX_anom_E3_exog,2011-11,True,89,lbfgs,200,False,3887.291844306174,-1936.645922153087
SARIMAX_z_E3_semexog,2011-11,True,11,lbfgs,200,False,1013.5398822555921,-502.7699411277961
SARIMAX_z_E3_exog,2011-11,True,18,lbfgs,200,False,994.0556565234688,-490.0278282617344
SARIMAX_anom_E4_semexog,2011-11,True,17,lbfgs,200,False,3933.7613035340382,-1962.8806517670191
SARIMAX_anom_E4_exog,2011-11,True,85,lbfgs,200,False,3876.699107007358,-1931.349553503679
SARIMAX_z_E4_semexog,2011-11,True,10,lbfgs,200,False,1010.35522417346,-501.17761208673
SARIMAX_z_E4_exog,2011-11,True,18,lbfgs,200,False,991.2523991670014,-488.6261995835007
Harmonico_harm1,2011-11,True,23,lbfgs,200,False,4145.676302809785,-2067.8381514048924
Harmonico_harm2,2011-11,True,26,lbfgs,200,False,4102.999779819696,-2044.4998899098482
SARIMAX_anom_E1_semexog,2011-12,True,13,lbfgs,200,False,4075.5248306687445,-2034.7624153343722
SARIMAX_anom_E1_exog,2011-12,True,43,lbfgs,200,False,4017.7997455800914,-2002.8998727900457
SARIMAX_z_E1_semexog,2011-12,True,9,lbfgs,200,False,1046.3556957095811,-520.1778478547906
SARIMAX_z_E1_exog,2011-12,True,15,lbfgs,200,False,1026.9764014227999,-507.4882007113999
SARIMAX_anom_E2_semexog,2011-12,True,9,lbfgs,200,False,4064.9796429354956,-2028.4898214677478
SARIMAX_anom_E2_exog,2011-12,True,51,lbfgs,200,False,4008.811703276589,-1997.4058516382945
SARIMAX_z_E2_semexog,2011-12,True,12,lbfgs,200,False,1043.436263722481,-517.7181318612405
SARIMAX_z_E2_exog,2011-12,True,13,lbfgs,200,False,1025.7902524019562,-505.8951262009781
SARIMAX_anom_E3_semexog,2011-12,True,24,lbfgs,200,False,3960.000636475834,-1976.000318237917
SARIMAX_anom_E3_exog,2011-12,True,71,lbfgs,200,False,3900.643708594709,-1943.3218542973545
SARIMAX_z_E3_semexog,2011-12,True,11,lbfgs,200,False,1016.4900800817495,-504.24504004087476
SARIMAX_z_E3_exog,2011-12,True,17,lbfgs,200,False,997.1094986750156,-491.5547493375078
SARIMAX_anom_E4_semexog,2011-12,True,17,lbfgs,200,False,3946.685261340178,-1969.342630670089
SARIMAX_anom_E4_exog,2011-12,True,71,lbfgs,200,False,3890.223070865268,-1938.111535432634
SARIMAX_z_E4_semexog,2011-12,True,10,lbfgs,200,False,1013.319176767133,-502.6595883835665
SARIMAX_z_E4_exog,2011-12,True,18,lbfgs,200,False,994.2737787119797,-490.13688935598987
Harmonico_harm1,2011-12,True,23,lbfgs,200,False,4159.853445857745,-2074.9267229288726
Harmonico_harm2,2011-12,True,28,lbfgs,200,False,4115.650410651079,-2050.8252053255396
SARIMAX_anom_E1_semexog,2012-01,True,18,lbfgs,200,False,4086.637039462419,-2040.3185197312096
SARIMAX_anom_E1_exog,2012-01,True,41,lbfgs,200,False,4028.2197398524277,-2008.1098699262138
SARIMAX_z_E1_semexog,2012-01,True,9,lbfgs,200,False,1049.4994767951755,-521.7497383975877
SARIMAX_z_E1_exog,2012-01,True,15,lbfgs,200,False,1029.7825266066488,-508.8912633033244
SARIMAX_anom_E2_semexog,2012-01,True,9,lbfgs,200,False,4076.0258550836024,-2034.0129275418012
SARIMAX_anom_E2_exog,2012-01,True,44,lbfgs,200,False,4019.267513559517,-2002.6337567797584
SARIMAX_z_E2_semexog,2012-01,True,12,lbfgs,200,False,1046.6298407990084,-519.3149203995042
SARIMAX_z_E2_exog,2012-01,True,14,lbfgs,200,False,1028.6122146967705,-507.30610734838524
SARIMAX_anom_E3_semexog,2012-01,True,24,lbfgs,200,False,3971.218315647707,-1981.6091578238536
SARIMAX_anom_E3_exog,2012-01,True,77,lbfgs,200,False,3911.177784537541,-1948.5888922687705
SARIMAX_z_E3_semexog,2012-01,True,12,lbfgs,200,False,1019.6285025595788,-505.8142512797894
SARIMAX_z_E3_exog,2012-01,True,17,lbfgs,200,False,999.8996412112097,-492.9498206056048
SARIMAX_anom_E4_semexog,2012-01,True,17,lbfgs,200,False,3957.8695799472202,-1974.9347899736101
SARIMAX_anom_E4_exog,2012-01,True,82,lbfgs,200,False,3900.7163228827103,-1943.3581614413552
SARIMAX_z_E4_semexog,2012-01,True,9,lbfgs,200,False,1016.419834838429,-504.2099174192145
SARIMAX_z_E4_exog,2012-01,True,18,lbfgs,200,False,997.083835976732,-491.541917988366
Harmonico_harm1,2012-01,True,23,lbfgs,200,False,4170.445995908846,-2080.222997954423
Harmonico_harm2,2012-01,True,26,lbfgs,200,False,4126.7060486520095,-2056.3530243260047
SARIMAX_anom_E1_semexog,2012-02,True,15,lbfgs,200,False,4096.749406018862,-2045.374703009431
SARIMAX_anom_E1_exog,2012-02,True,40,lbfgs,200,False,4038.159097023426,-2013.079548511713
SARIMAX_z_E1_semexog,2012-02,True,8,lbfgs,200,False,1052.276382336601,-523.1381911683005
SARIMAX_z_E1_exog,2012-02,True,13,lbfgs,200,False,1032.462800537261,-510.2314002686306
SARIMAX_anom_E2_semexog,2012-02,True,9,lbfgs,200,False,4086.3378678673794,-2039.1689339336897
SARIMAX_anom_E2_exog,2012-02,True,48,lbfgs,200,False,4029.1788492049072,-2007.5894246024536
SARIMAX_z_E2_semexog,2012-02,True,12,lbfgs,200,False,1049.5027134780757,-520.7513567390379
SARIMAX_z_E2_exog,2012-02,True,16,lbfgs,200,False,1031.3310469461949,-508.66552347309744
SARIMAX_anom_E3_semexog,2012-02,True,22,lbfgs,200,False,3981.2988941988833,-1986.6494470994417
SARIMAX_anom_E3_exog,2012-02,True,52,lbfgs,200,False,3921.1051693799463,-1953.5525846899732
SARIMAX_z_E3_semexog,2012-02,True,12,lbfgs,200,False,1022.350830180761,-507.1754150903805
SARIMAX_z_E3_exog,2012-02,True,16,lbfgs,200,False,1002.5404434936067,-494.2702217468034
SARIMAX_anom_E4_semexog,2012-02,True,17,lbfgs,200,False,3967.936289706563,-1979.9681448532815
SARIMAX_anom_E4_exog,2012-02,True,70,lbfgs,200,False,3910.658555990442,-1948.329277995221
SARIMAX_z_E4_semexog,2012-02,True,9,lbfgs,200,False,1019.1249224028325,-505.5624612014162
SARIMAX_z_E4_exog,2012-02,True,18,lbfgs,200,False,999.727752049941,-492.8638760249705
Harmonico_harm1,2012-02,True,23,lbfgs,200,False,4180.689800011221,-2085.3449000056107
Harmonico_harm2,2012-02,True,27,lbfgs,200,False,4136.815168896839,-2061.4075844484196
SARIMAX_anom_E1_semexog,2012-03,True,10,lbfgs,200,False,4110.508495362356,-2052.254247681178
SARIMAX_anom_E1_exog,2012-03,True,60,lbfgs,200,False,4052.2824655861928,-2020.1412327930964
SARIMAX_z_E1_semexog,2012-03,True,6,lbfgs,200,False,1055.3046505953873,-524.6523252976937
SARIMAX_z_E1_exog,2012-03,True,15,lbfgs,200,False,1035.684324182178,-511.84216209108905
SARIMAX_anom_E2_semexog,2012-03,True,10,lbfgs,200,False,4100.357358136662,-2046.1786790683307
SARIMAX_anom_E2_exog,2012-03,True,64,lbfgs,200,False,4043.2870213994206,-2014.6435106997103
SARIMAX_z_E2_semexog,2012-03,True,12,lbfgs,200,False,1052.842586862479,-522.4212934312395
SARIMAX_z_E2_exog,2012-03,True,15,lbfgs,200,False,1034.8110967809757,-510.40554839048787
SARIMAX_anom_E3_semexog,2012-03,True,24,lbfgs,200,False,3994.815376338042,-1993.407688169021
SARIMAX_anom_E3_exog,2012-03,True,72,lbfgs,200,False,3935.2369250227857,-1960.6184625113929
SARIMAX_z_E3_semexog,2012-03,True,12,lbfgs,200,False,1025.2021574947464,-508.6010787473732
SARIMAX_z_E3_exog,2012-03,True,15,lbfgs,200,False,1005.714654775641,-495.8573273878205
SARIMAX_anom_E4_semexog,2012-03,True,17,lbfgs,200,False,3981.5995326725492,-1986.7997663362746
SARIMAX_anom_E4_exog,2012-03,True,76,lbfgs,200,False,3924.9191749850525,-1955.4595874925262
SARIMAX_z_E4_semexog,2012-03,True,12,lbfgs,200,False,1022.0479243614373,-507.0239621807186
SARIMAX_z_E4_exog,2012-03,True,17,lbfgs,200,False,1002.9347045342881,-494.46735226714407
Harmonico_harm1,2012-03,True,25,lbfgs,200,False,4191.914221239331,-2090.9571106196654
Harmonico_harm2,2012-03,True,26,lbfgs,200,False,4149.439917177877,-2067.7199585889384
SARIMAX_anom_E1_semexog,2012-04,True,10,lbfgs,200,False,4122.660501267121,-2058.3302506335604
SARIMAX_anom_E1_exog,2012-04,True,32,lbfgs,200,False,4065.37837156776,-2026.68918578388
SARIMAX_z_E1_semexog,2012-04,True,8,lbfgs,200,False,1057.8617237941785,-525.9308618970892
SARIMAX_z_E1_exog,2012-04,True,15,lbfgs,200,False,1038.4534563102475,-513.2267281551237
SARIMAX_anom_E2_semexog,2012-04,True,11,lbfgs,200,False,4112.677539628268,-2052.338769814134
SARIMAX_anom_E2_exog,2012-04,True,57,lbfgs,200,False,4056.3766282571814,-2021.1883141285907
SARIMAX_z_E2_semexog,2012-04,True,12,lbfgs,200,False,1055.4280622594508,-523.7140311297254
SARIMAX_z_E2_exog,2012-04,True,16,lbfgs,200,False,1037.6067895668161,-511.80339478340807
SARIMAX_anom_E3_semexog,2012-04,True,24,lbfgs,200,False,4007.0993449790303,-1999.5496724895152
SARIMAX_anom_E3_exog,2012-04,True,59,lbfgs,200,False,3948.5678913806687,-1967.2839456903343
SARIMAX_z_E3_semexog,2012-04,True,12,lbfgs,200,False,1027.870933558758,-509.935466779379
SARIMAX_z_E3_exog,2012-04,True,14,lbfgs,200,False,1008.6638527209112,-497.3319263604556
SARIMAX_anom_E4_semexog,2012-04,True,15,lbfgs,200,False,3993.954010601755,-1992.9770053008774
SARIMAX_anom_E4_exog,2012-04,True,71,lbfgs,200,False,3938.2848462285265,-1962.1424231142632
SARIMAX_z_E4_semexog,2012-04,True,4,lbfgs,200,False,1024.7349110955247,-508.3674555477624
SARIMAX_z_E4_exog,2012-04,True,17,lbfgs,200,False,1005.8403851271494,-495.9201925635747
Harmonico_harm1,2012-04,True,25,lbfgs,200,False,4203.134105839903,-2096.5670529199515
Harmonico_harm2,2012-04,True,26,lbfgs,200,False,4161.436849787539,-2073.7184248937697
SARIMAX_anom_E1_semexog,2012-05,True,10,lbfgs,200,False,4132.979031886553,-2063.4895159432763
SARIMAX_anom_E1_exog,2012-05,True,50,lbfgs,200,False,4075.9824619865635,-2031.9912309932818
SARIMAX_z_E1_semexog,2012-05,True,8,lbfgs,200,False,1060.4006891138301,-527.2003445569151
SARIMAX_z_E1_exog,2012-05,True,15,lbfgs,200,False,1041.1690832674053,-514.5845416337027
SARIMAX_anom_E2_semexog,2012-05,True,11,lbfgs,200,False,4122.84308408587,-2057.421542042935
SARIMAX_anom_E2_exog,2012-05,True,57,lbfgs,200,False,4067.153058482852,-2026.576529241426
SARIMAX_z_E2_semexog,2012-05,True,11,lbfgs,200,False,1057.806690330616,-524.903345165308
SARIMAX_z_E2_exog,2012-05,True,14,lbfgs,200,False,1040.188545418284,-513.094272709142
SARIMAX_anom_E3_semexog,2012-05,True,23,lbfgs,200,False,4017.5331828969,-2004.76659144845
SARIMAX_anom_E3_exog,2012-05,True,63,lbfgs,200,False,3959.3287511171047,-1972.6643755585524
SARIMAX_z_E3_semexog,2012-05,True,12,lbfgs,200,False,1030.5835815454845,-511.2917907727423
SARIMAX_z_E3_exog,2012-05,True,16,lbfgs,200,False,1011.5555512727019,-498.77777563635095
SARIMAX_anom_E4_semexog,2012-05,True,14,lbfgs,200,False,4004.3383461586045,-1998.1691730793023
SARIMAX_anom_E4_exog,2012-05,True,84,lbfgs,200,False,3948.9807654903443,-1967.4903827451722
SARIMAX_z_E4_semexog,2012-05,True,4,lbfgs,200,False,1027.4359756452423,-509.71798782262107
SARIMAX_z_E4_exog,2012-05,True,17,lbfgs,200,False,1008.7629145338735,-497.38145726693676
Harmonico_harm1,2012-05,True,22,lbfgs,200,False,4214.723264235666,-2102.361632117833
Harmonico_harm2,2012-05,True,27,lbfgs,200,False,4172.620817713884,-2079.310408856942
SARIMAX_anom_E1_semexog,2012-06,True,10,lbfgs,200,False,4143.102120120408,-2068.551060060204
SARIMAX_anom_E1_exog,2012-06,True,51,lbfgs,200,False,4085.9512449455506,-2036.9756224727753
SARIMAX_z_E1_semexog,2012-06,True,8,lbfgs,200,False,1063.573734822838,-528.786867411419
SARIMAX_z_E1_exog,2012-06,True,13,lbfgs,200,False,1044.1173381482693,-516.0586690741346
SARIMAX_anom_E2_semexog,2012-06,True,12,lbfgs,200,False,4133.013140580198,-2062.506570290099
SARIMAX_anom_E2_exog,2012-06,True,58,lbfgs,200,False,4077.0864761524017,-2031.5432380762009
SARIMAX_z_E2_semexog,2012-06,True,12,lbfgs,200,False,1060.991116023377,-526.4955580116884
SARIMAX_z_E2_exog,2012-06,True,15,lbfgs,200,False,1043.1958412189742,-514.5979206094871
SARIMAX_anom_E3_semexog,2012-06,True,21,lbfgs,200,False,4027.6251640002542,-2009.8125820001271
SARIMAX_anom_E3_exog,2012-06,True,64,lbfgs,200,False,3969.2838784970872,-1977.6419392485436
SARIMAX_z_E3_semexog,2012-06,True,11,lbfgs,200,False,1033.7808500683084,-512.8904250341542
SARIMAX_z_E3_exog,2012-06,True,16,lbfgs,200,False,1014.5536523238922,-500.2768261619461
SARIMAX_anom_E4_semexog,2012-06,True,15,lbfgs,200,False,4014.4729401270192,-2003.2364700635096
SARIMAX_anom_E4_exog,2012-06,True,74,lbfgs,200,False,3958.9542009151246,-1972.4771004575623
SARIMAX_z_E4_semexog,2012-06,True,12,lbfgs,200,False,1030.697284030601,-511.34864201530047
SARIMAX_z_E4_exog,2012-06,True,17,lbfgs,200,False,1011.7681951992666,-498.8840975996333
Harmonico_harm1,2012-06,True,24,lbfgs,200,False,4225.046052339574,-2107.523026169787
Harmonico_harm2,2012-06,True,28,lbfgs,200,False,4182.697050784929,-2084.3485253924646
SARIMAX_anom_E1_semexog,2012-07,True,10,lbfgs,200,False,4153.111564358392,-2073.555782179196
SARIMAX_anom_E1_exog,2012-07,True,59,lbfgs,200,False,4095.877655998578,-2041.938827999289
SARIMAX_z_E1_semexog,2012-07,True,8,lbfgs,200,False,1066.35865374403,-530.179326872015
SARIMAX_z_E1_exog,2012-07,True,13,lbfgs,200,False,1046.9113114127624,-517.4556557063812
SARIMAX_anom_E2_semexog,2012-07,True,12,lbfgs,200,False,4143.015497676764,-2067.507748838382
SARIMAX_anom_E2_exog,2012-07,True,62,lbfgs,200,False,4087.0143723113997,-2036.5071861556999
SARIMAX_z_E2_semexog,2012-07,True,12,lbfgs,200,False,1063.7813640798342,-527.8906820399171
SARIMAX_z_E2_exog,2012-07,True,14,lbfgs,200,False,1045.9988132547646,-515.9994066273823
SARIMAX_anom_E3_semexog,2012-07,True,24,lbfgs,200,False,4037.637096921737,-2014.8185484608684
SARIMAX_anom_E3_exog,2012-07,True,60,lbfgs,200,False,3979.211660306163,-1982.6058301530816
SARIMAX_z_E3_semexog,2012-07,True,11,lbfgs,200,False,1036.4857919466438,-514.2428959733219
SARIMAX_z_E3_exog,2012-07,True,16,lbfgs,200,False,1017.2566911178465,-501.62834555892323
SARIMAX_anom_E4_semexog,2012-07,True,15,lbfgs,200,False,4024.489268620192,-2008.244634310096
SARIMAX_anom_E4_exog,2012-07,True,63,lbfgs,200,False,3968.8868307767543,-1977.4434153883772
SARIMAX_z_E4_semexog,2012-07,True,12,lbfgs,200,False,1033.4012314838246,-512.7006157419123
SARIMAX_z_E4_exog,2012-07,True,17,lbfgs,200,False,1014.4652247848612,-500.2326123924306
Harmonico_harm1,2012-07,True,24,lbfgs,200,False,4235.222756339195,-2112.6113781695976
Harmonico_harm2,2012-07,True,27,lbfgs,200,False,4192.836113357975,-2089.4180566789873
SARIMAX_anom_E1_semexog,2012-08,True,10,lbfgs,200,False,4163.138369740407,-2078.5691848702036
SARIMAX_anom_E1_exog,2012-08,True,45,lbfgs,200,False,4105.790625516145,-2046.8953127580724
SARIMAX_z_E1_semexog,2012-08,True,8,lbfgs,200,False,1069.3059340506093,-531.6529670253046
SARIMAX_z_E1_exog,2012-08,True,15,lbfgs,200,False,1049.524215197714,-518.762107598857
SARIMAX_anom_E2_semexog,2012-08,True,12,lbfgs,200,False,4153.074294600124,-2072.537147300062
SARIMAX_anom_E2_exog,2012-08,True,43,lbfgs,200,False,4096.975648599613,-2041.4878242998066
SARIMAX_z_E2_semexog,2012-08,True,12,lbfgs,200,False,1067.0059247465342,-529.5029623732671
SARIMAX_z_E2_exog,2012-08,True,14,lbfgs,200,False,1048.7849788357664,-517.3924894178832
SARIMAX_anom_E3_semexog,2012-08,True,22,lbfgs,200,False,4047.6838733852646,-2019.8419366926323
SARIMAX_anom_E3_exog,2012-08,True,56,lbfgs,200,False,3989.1302631809535,-1987.5651315904768
SARIMAX_z_E3_semexog,2012-08,True,12,lbfgs,200,False,1039.3092940906906,-515.6546470453453
SARIMAX_z_E3_exog,2012-08,True,15,lbfgs,200,False,1019.7920369699636,-502.8960184849818
SARIMAX_anom_E4_semexog,2012-08,True,15,lbfgs,200,False,4034.5108330901685,-2013.2554165450842
SARIMAX_anom_E4_exog,2012-08,True,77,lbfgs,200,False,3978.8075498323815,-1982.4037749161907
SARIMAX_z_E4_semexog,2012-08,True,8,lbfgs,200,False,1036.246928148064,-514.123464074032
SARIMAX_z_E4_exog,2012-08,True,17,lbfgs,200,False,1017.0292422548011,-501.5146211274006
Harmonico_harm1,2012-08,True,24,lbfgs,200,False,4245.3888245735125,-2117.6944122867562
Harmonico_harm2,2012-08,True,27,lbfgs,200,False,4202.957522250665,-2094.4787611253323
SARIMAX_anom_E1_semexog,2012-09,True,10,lbfgs,200,False,4173.245568510876,-2083.622784255438
SARIMAX_anom_E1_exog,2012-09,True,40,lbfgs,200,False,4115.719428983042,-2051.859714491521
SARIMAX_z_E1_semexog,2012-09,True,9,lbfgs,200,False,1071.9539708299383,-532.9769854149691
SARIMAX_z_E1_exog,2012-09,True,16,lbfgs,200,False,1051.9740672424823,-519.9870336212412
SARIMAX_anom_E2_semexog,2012-09,True,12,lbfgs,200,False,4163.197725392036,-2077.598862696018
SARIMAX_anom_E2_exog,2012-09,True,43,lbfgs,200,False,4106.916631761027,-2046.4583158805137
SARIMAX_z_E2_semexog,2012-09,True,13,lbfgs,200,False,1069.6337858177417,-530.8168929088708
SARIMAX_z_E2_exog,2012-09,True,15,lbfgs,200,False,1051.2398535932286,-518.6199267966143
SARIMAX_anom_E3_semexog,2012-09,True,22,lbfgs,200,False,4057.817655519445,-2024.9088277597225
SARIMAX_anom_E3_exog,2012-09,True,82,lbfgs,200,False,3999.064842007664,-1992.532421003832
SARIMAX_z_E3_semexog,2012-09,True,12,lbfgs,200,False,1041.8342328368649,-516.9171164184324
SARIMAX_z_E3_exog,2012-09,True,16,lbfgs,200,False,1022.1707903863696,-504.0853951931848
SARIMAX_anom_E4_semexog,2012-09,True,15,lbfgs,200,False,4044.620654899772,-2018.310327449886
SARIMAX_anom_E4_exog,2012-09,True,70,lbfgs,200,False,3988.7462988234197,-1987.3731494117098
SARIMAX_z_E4_semexog,2012-09,True,8,lbfgs,200,False,1038.785940847616,-515.392970423808
SARIMAX_z_E4_exog,2012-09,True,17,lbfgs,200,False,1019.412222229976,-502.706111114988
Harmonico_harm1,2012-09,True,24,lbfgs,200,False,4255.573692367498,-2122.786846183749
Harmonico_harm2,2012-09,True,27,lbfgs,200,False,4213.447083683492,-2099.723541841746
SARIMAX_anom_E1_semexog,2012-10,True,12,lbfgs,200,False,4183.453236846126,-2088.726618423063
SARIMAX_anom_E1_exog,2012-10,True,32,lbfgs,200,False,4125.635817615748,-2056.817908807874
SARIMAX_z_E1_semexog,2012-10,True,8,lbfgs,200,False,1074.588928079484,-534.294464039742
SARIMAX_z_E1_exog,2012-10,True,15,lbfgs,200,False,1054.3771482625684,-521.1885741312842
SARIMAX_anom_E2_semexog,2012-10,True,12,lbfgs,200,False,4173.40056136642,-2082.70028068321
SARIMAX_anom_E2_exog,2012-10,True,72,lbfgs,200,False,4116.837053570138,-2051.418526785069
SARIMAX_z_E2_semexog,2012-10,True,13,lbfgs,200,False,1072.1620014153928,-532.0810007076964
SARIMAX_z_E2_exog,2012-10,True,14,lbfgs,200,False,1053.6062122776298,-519.8031061388149
SARIMAX_anom_E3_semexog,2012-10,True,22,lbfgs,200,False,4068.0698238182904,-2030.0349119091452
SARIMAX_anom_E3_exog,2012-10,True,73,lbfgs,200,False,4009.0167418224855,-1997.5083709112428
SARIMAX_z_E3_semexog,2012-10,True,11,lbfgs,200,False,1044.686235846107,-518.3431179230535
SARIMAX_z_E3_exog,2012-10,True,16,lbfgs,200,False,1024.7479461600908,-505.3739730800454
SARIMAX_anom_E4_semexog,2012-10,True,15,lbfgs,200,False,4054.826334008368,-2023.413167004184
SARIMAX_anom_E4_exog,2012-10,True,92,lbfgs,200,False,3998.694814333372,-1992.347407166686
SARIMAX_z_E4_semexog,2012-10,True,12,lbfgs,200,False,1041.6198033447843,-516.8099016723921
SARIMAX_z_E4_exog,2012-10,True,17,lbfgs,200,False,1021.9831401197373,-503.99157005986865
Harmonico_harm1,2012-10,True,24,lbfgs,200,False,4265.734764732022,-2127.867382366011
Harmonico_harm2,2012-10,True,28,lbfgs,200,False,4223.575649128564,-2104.787824564282
SARIMAX_anom_E1_semexog,2012-11,True,12,lbfgs,200,False,4194.077785115545,-2094.0388925577727
SARIMAX_anom_E1_exog,2012-11,True,27,lbfgs,200,False,4136.81430316859,-2062.407151584295
SARIMAX_z_E1_semexog,2012-11,True,8,lbfgs,200,False,1077.6956967032406,-535.8478483516203
SARIMAX_z_E1_exog,2012-11,True,15,lbfgs,200,False,1058.1216711768266,-523.0608355884133
SARIMAX_anom_E2_semexog,2012-11,True,12,lbfgs,200,False,4184.027141872049,-2088.0135709360243
SARIMAX_anom_E2_exog,2012-11,True,40,lbfgs,200,False,4127.948639996914,-2056.974319998457
SARIMAX_z_E2_semexog,2012-11,True,13,lbfgs,200,False,1075.2468550766762,-533.6234275383381
SARIMAX_z_E2_exog,2012-11,True,15,lbfgs,200,False,1057.3370566969259,-521.6685283484629
SARIMAX_anom_E3_semexog,2012-11,True,22,lbfgs,200,False,4078.695533593089,-2035.3477667965444
SARIMAX_anom_E3_exog,2012-11,True,48,lbfgs,200,False,4020.2267886616764,-2003.1133943308382
SARIMAX_z_E3_semexog,2012-11,True,12,lbfgs,200,False,1047.750136747011,-519.8750683735055
SARIMAX_z_E3_exog,2012-11,True,16,lbfgs,200,False,1028.3837252103776,-507.1918626051889
SARIMAX_anom_E4_semexog,2012-11,True,16,lbfgs,200,False,4065.501665993895,-2028.7508329969476
SARIMAX_anom_E4_exog,2012-11,True,66,lbfgs,200,False,4009.8805863280013,-1997.9402931640006
SARIMAX_z_E4_semexog,2012-11,True,10,lbfgs,200,False,1044.7102163033267,-518.3551081516633
SARIMAX_z_E4_exog,2012-11,True,17,lbfgs,200,False,1025.6130879400775,-505.8065439700388
Harmonico_harm1,2012-11,True,24,lbfgs,200,False,4276.116596772992,-2133.058298386496
Harmonico_harm2,2012-11,True,28,lbfgs,200,False,4234.07333251611,-2110.036666258055
SARIMAX_anom_E1_semexog,2012-12,True,10,lbfgs,200,False,4204.1579512940425,-2099.0789756470213
SARIMAX_anom_E1_exog,2012-12,True,47,lbfgs,200,False,4147.097233508768,-2067.548616754384
SARIMAX_z_E1_semexog,2012-12,True,8,lbfgs,200,False,1080.5046703857656,-537.2523351928828
SARIMAX_z_E1_exog,2012-12,True,13,lbfgs,200,False,1061.0568514685524,-524.5284257342762
SARIMAX_anom_E2_semexog,2012-12,True,12,lbfgs,200,False,4194.127477590693,-2093.0637387953466
SARIMAX_anom_E2_exog,2012-12,True,50,lbfgs,200,False,4138.184809525574,-2062.092404762787
SARIMAX_z_E2_semexog,2012-12,True,13,lbfgs,200,False,1078.0629854210356,-535.0314927105178
SARIMAX_z_E2_exog,2012-12,True,15,lbfgs,200,False,1060.271754224263,-523.1358771121315
SARIMAX_anom_E3_semexog,2012-12,True,23,lbfgs,200,False,4088.777700168977,-2040.3888500844885
SARIMAX_anom_E3_exog,2012-12,True,75,lbfgs,200,False,4030.590296218665,-2008.2951481093326
SARIMAX_z_E3_semexog,2012-12,True,11,lbfgs,200,False,1050.6246028339535,-521.3123014169768
SARIMAX_z_E3_exog,2012-12,True,19,lbfgs,200,False,1031.538054809891,-508.7690274049456
SARIMAX_anom_E4_semexog,2012-12,True,15,lbfgs,200,False,4075.59376394813,-2033.796881974065
SARIMAX_anom_E4_exog,2012-12,True,65,lbfgs,200,False,4020.288719551044,-2003.144359775522
SARIMAX_z_E4_semexog,2012-12,True,11,lbfgs,200,False,1047.602681269464,-519.801340634732
SARIMAX_z_E4_exog,2012-12,True,17,lbfgs,200,False,1028.756185297028,-507.37809264851404
Harmonico_harm1,2012-12,True,24,lbfgs,200,False,4286.338056508963,-2138.1690282544814
Harmonico_harm2,2012-12,True,29,lbfgs,200,False,4244.195382524358,-2115.097691262179
SARIMAX_anom_E1_semexog,2013-01,True,14,lbfgs,200,False,4215.833745779203,-2104.9168728896016
SARIMAX_anom_E1_exog,2013-01,True,43,lbfgs,200,False,4159.393798838298,-2073.696899419149
SARIMAX_z_E1_semexog,2013-01,True,9,lbfgs,200,False,1083.3047635577723,-538.6523817788861
SARIMAX_z_E1_exog,2013-01,True,13,lbfgs,200,False,1064.1130413665906,-526.0565206832953
SARIMAX_anom_E2_semexog,2013-01,True,12,lbfgs,200,False,4205.603819013053,-2098.8019095065265
SARIMAX_anom_E2_exog,2013-01,True,63,lbfgs,200,False,4150.519455140651,-2068.2597275703256
SARIMAX_z_E2_semexog,2013-01,True,12,lbfgs,200,False,1080.6887771786733,-536.3443885893366
SARIMAX_z_E2_exog,2013-01,True,13,lbfgs,200,False,1063.1558379032736,-524.5779189516368
SARIMAX_anom_E3_semexog,2013-01,True,24,lbfgs,200,False,4100.512528473817,-2046.2562642369085
SARIMAX_anom_E3_exog,2013-01,True,73,lbfgs,200,False,4042.9799804131253,-2014.4899902065627
SARIMAX_z_E3_semexog,2013-01,True,11,lbfgs,200,False,1053.354808662749,-522.6774043313745
SARIMAX_z_E3_exog,2013-01,True,19,lbfgs,200,False,1034.5254959044337,-510.2627479522169
SARIMAX_anom_E4_semexog,2013-01,True,15,lbfgs,200,False,4087.3982748209596,-2039.6991374104798
SARIMAX_anom_E4_exog,2013-01,True,74,lbfgs,200,False,4032.620431325333,-2009.3102156626665
SARIMAX_z_E4_semexog,2013-01,True,11,lbfgs,200,False,1050.3333311132906,-521.1666655566453
SARIMAX_z_E4_exog,2013-01,True,17,lbfgs,200,False,1031.7315309091177,-508.8657654545589
Harmonico_harm1,2013-01,True,23,lbfgs,200,False,4297.493988508626,-2143.746994254313
Harmonico_harm2,2013-01,True,26,lbfgs,200,False,4256.07590041994,-2121.03795020997
SARIMAX_anom_E1_semexog,2013-02,True,14,lbfgs,200,False,4227.822887975851,-2110.9114439879254
SARIMAX_anom_E1_exog,2013-02,True,46,lbfgs,200,False,4170.867395161791,-2079.4336975808956
SARIMAX_z_E1_semexog,2013-02,True,10,lbfgs,200,False,1086.5093223525314,-540.2546611762657
SARIMAX_z_E1_exog,2013-02,True,15,lbfgs,200,False,1067.0613057558503,-527.5306528779251
SARIMAX_anom_E2_semexog,2013-02,True,12,lbfgs,200,False,4217.58432029364,-2104.79216014682
SARIMAX_anom_E2_exog,2013-02,True,80,lbfgs,200,False,4161.892099357345,-2073.9460496786724
SARIMAX_z_E2_semexog,2013-02,True,13,lbfgs,200,False,1083.8377650896784,-537.9188825448392
SARIMAX_z_E2_exog,2013-02,True,14,lbfgs,200,False,1066.113166202971,-526.0565831014854
SARIMAX_anom_E3_semexog,2013-02,True,24,lbfgs,200,False,4112.470980532059,-2052.2354902660295
SARIMAX_anom_E3_exog,2013-02,True,76,lbfgs,200,False,4054.4504189531954,-2020.2252094765977
SARIMAX_z_E3_semexog,2013-02,True,11,lbfgs,200,False,1056.5630475139133,-524.2815237569566
SARIMAX_z_E3_exog,2013-02,True,19,lbfgs,200,False,1037.471159858991,-511.73557992949554
SARIMAX_anom_E4_semexog,2013-02,True,17,lbfgs,200,False,4099.471080557461,-2045.7355402787307
SARIMAX_anom_E4_exog,2013-02,True,79,lbfgs,200,False,4044.0879764382044,-2015.0439882191022
SARIMAX_z_E4_semexog,2013-02,True,10,lbfgs,200,False,1053.5722750395573,-522.7861375197787
SARIMAX_z_E4_exog,2013-02,True,17,lbfgs,200,False,1034.6624222500827,-510.3312111250414
Harmonico_harm1,2013-02,True,24,lbfgs,200,False,4309.515568115593,-2149.7577840577965
Harmonico_harm2,2013-02,True,29,lbfgs,200,False,4268.828365101313,-2127.4141825506563
SARIMAX_anom_E1_semexog,2013-03,True,12,lbfgs,200,False,4243.380409731943,-2118.6902048659713
SARIMAX_anom_E1_exog,2013-03,True,50,lbfgs,200,False,4187.012444400243,-2087.5062222001216
SARIMAX_z_E1_semexog,2013-03,True,9,lbfgs,200,False,1089.1344500262076,-541.5672250131038
SARIMAX_z_E1_exog,2013-03,True,14,lbfgs,200,False,1069.8358911138052,-528.9179455569026
SARIMAX_anom_E2_semexog,2013-03,True,12,lbfgs,200,False,4233.37319540197,-2112.686597700985
SARIMAX_anom_E2_exog,2013-03,True,38,lbfgs,200,False,4177.578454537577,-2081.7892272687886
SARIMAX_z_E2_semexog,2013-03,True,13,lbfgs,200,False,1086.5743906310793,-539.2871953155396
SARIMAX_z_E2_exog,2013-03,True,16,lbfgs,200,False,1069.0781884897092,-527.5390942448546
SARIMAX_anom_E3_semexog,2013-03,True,24,lbfgs,200,False,4127.3656507372125,-2059.6828253686062
SARIMAX_anom_E3_exog,2013-03,True,75,lbfgs,200,False,4070.212376063423,-2028.1061880317116
SARIMAX_z_E3_semexog,2013-03,True,11,lbfgs,200,False,1058.637214219605,-525.3186071098025
SARIMAX_z_E3_exog,2013-03,True,16,lbfgs,200,False,1039.9272954900352,-512.9636477450176
SARIMAX_anom_E4_semexog,2013-03,True,16,lbfgs,200,False,4114.773054326111,-2053.3865271630557
SARIMAX_anom_E4_exog,2013-03,True,69,lbfgs,200,False,4060.162007920027,-2023.0810039600135
SARIMAX_z_E4_semexog,2013-03,True,8,lbfgs,200,False,1055.718881040449,-523.8594405202246
SARIMAX_z_E4_exog,2013-03,True,18,lbfgs,200,False,1037.1125895124364,-511.5562947562182
Harmonico_harm1,2013-03,True,19,lbfgs,200,False,4321.919036633391,-2155.9595183166957
Harmonico_harm2,2013-03,True,25,lbfgs,200,False,4283.0388071445395,-2134.5194035722698
SARIMAX_anom_E1_semexog,2013-04,True,9,lbfgs,200,False,4253.685384194634,-2123.842692097317
SARIMAX_anom_E1_exog,2013-04,True,47,lbfgs,200,False,4197.723415701184,-2092.861707850592
SARIMAX_z_E1_semexog,2013-04,True,9,lbfgs,200,False,1091.7238964691664,-542.8619482345832
SARIMAX_z_E1_exog,2013-04,True,15,lbfgs,200,False,1072.3860957310624,-530.1930478655312
SARIMAX_anom_E2_semexog,2013-04,True,11,lbfgs,200,False,4243.538254962891,-2117.7691274814456
SARIMAX_anom_E2_exog,2013-04,True,48,lbfgs,200,False,4188.258019644691,-2087.1290098223453
SARIMAX_z_E2_semexog,2013-04,True,12,lbfgs,200,False,1089.1288418738704,-540.5644209369352
SARIMAX_z_E2_exog,2013-04,True,16,lbfgs,200,False,1071.587378603952,-528.793689301976
SARIMAX_anom_E3_semexog,2013-04,True,24,lbfgs,200,False,4137.683386674725,-2064.8416933373624
SARIMAX_anom_E3_exog,2013-04,True,80,lbfgs,200,False,4080.9086418521474,-2033.4543209260737
SARIMAX_z_E3_semexog,2013-04,True,12,lbfgs,200,False,1061.212742853601,-526.6063714268005
SARIMAX_z_E3_exog,2013-04,True,16,lbfgs,200,False,1042.4509389343943,-514.2254694671972
SARIMAX_anom_E4_semexog,2013-04,True,16,lbfgs,200,False,4125.117433588302,-2058.558716794151
SARIMAX_anom_E4_exog,2013-04,True,78,lbfgs,200,False,4070.832081307868,-2028.416040653934
SARIMAX_z_E4_semexog,2013-04,True,7,lbfgs,200,False,1058.2857968810272,-525.1428984405136
SARIMAX_z_E4_exog,2013-04,True,18,lbfgs,200,False,1039.6259399147837,-512.8129699573918
Harmonico_harm1,2013-04,True,24,lbfgs,200,False,4332.084231854826,-2161.042115927413
Harmonico_harm2,2013-04,True,40,lbfgs,200,False,4293.259519159652,-2139.629759579826
SARIMAX_anom_E1_semexog,2013-05,True,12,lbfgs,200,False,4263.922020165617,-2128.9610100828086
SARIMAX_anom_E1_exog,2013-05,True,33,lbfgs,200,False,4207.740673605322,-2097.870336802661
SARIMAX_z_E1_semexog,2013-05,True,8,lbfgs,200,False,1094.6179154722981,-544.3089577361491
SARIMAX_z_E1_exog,2013-05,True,15,lbfgs,200,False,1075.1056843146284,-531.5528421573142
SARIMAX_anom_E2_semexog,2013-05,True,12,lbfgs,200,False,4253.919149597912,-2122.959574798956
SARIMAX_anom_E2_exog,2013-05,True,71,lbfgs,200,False,4198.225172940161,-2092.1125864700807
SARIMAX_z_E2_semexog,2013-05,True,13,lbfgs,200,False,1092.0970453122534,-542.0485226561267
SARIMAX_z_E2_exog,2013-05,True,16,lbfgs,200,False,1074.3762699698664,-530.1881349849332
SARIMAX_anom_E3_semexog,2013-05,True,23,lbfgs,200,False,4147.8643451557855,-2069.9321725778927
SARIMAX_anom_E3_exog,2013-05,True,78,lbfgs,200,False,4090.9139668862686,-2038.4569834431343
SARIMAX_z_E3_semexog,2013-05,True,12,lbfgs,200,False,1064.0567993848817,-528.0283996924409
SARIMAX_z_E3_exog,2013-05,True,16,lbfgs,200,False,1045.2396547580142,-515.6198273790071
SARIMAX_anom_E4_semexog,2013-05,True,16,lbfgs,200,False,4135.350344238839,-2063.6751721194196
SARIMAX_anom_E4_exog,2013-05,True,74,lbfgs,200,False,4080.878182147708,-2033.439091073854
SARIMAX_z_E4_semexog,2013-05,True,6,lbfgs,200,False,1061.1841264306208,-526.5920632153104
SARIMAX_z_E4_exog,2013-05,True,18,lbfgs,200,False,1042.4040042851898,-514.2020021425949
Harmonico_harm1,2013-05,True,24,lbfgs,200,False,4342.3131030546465,-2166.1565515273232
Harmonico_harm2,2013-05,True,30,lbfgs,200,False,4303.493028482235,-2144.7465142411174
SARIMAX_anom_E1_semexog,2013-06,True,12,lbfgs,200,False,4274.009656335245,-2134.0048281676227
SARIMAX_anom_E1_exog,2013-06,True,45,lbfgs,200,False,4217.745821839802,-2102.872910919901
SARIMAX_z_E1_semexog,2013-06,True,9,lbfgs,200,False,1097.4148609495203,-545.7074304747601
SARIMAX_z_E1_exog,2013-06,True,15,lbfgs,200,False,1077.971743872719,-532.9858719363594
SARIMAX_anom_E2_semexog,2013-06,True,11,lbfgs,200,False,4263.97368540471,-2127.986842702355
SARIMAX_anom_E2_exog,2013-06,True,48,lbfgs,200,False,4208.18906700548,-2097.09453350274
SARIMAX_z_E2_semexog,2013-06,True,13,lbfgs,200,False,1094.7740704470962,-543.3870352235481
SARIMAX_z_E2_exog,2013-06,True,17,lbfgs,200,False,1077.2111083081934,-531.6055541540967
SARIMAX_anom_E3_semexog,2013-06,True,19,lbfgs,200,False,4157.924833024051,-2074.9624165120254
SARIMAX_anom_E3_exog,2013-06,True,82,lbfgs,200,False,4100.897849351805,-2043.4489246759026
SARIMAX_z_E3_semexog,2013-06,True,11,lbfgs,200,False,1066.628520167706,-529.314260083853
SARIMAX_z_E3_exog,2013-06,True,16,lbfgs,200,False,1047.8759504032914,-516.9379752016457
SARIMAX_anom_E4_semexog,2013-06,True,17,lbfgs,200,False,4145.445693895824,-2068.722846947912
SARIMAX_anom_E4_exog,2013-06,True,79,lbfgs,200,False,4090.8915222493324,-2038.4457611246662
SARIMAX_z_E4_semexog,2013-06,True,7,lbfgs,200,False,1063.7705709231036,-527.8852854615518
SARIMAX_z_E4_exog,2013-06,True,17,lbfgs,200,False,1045.024170231433,-515.5120851157164
Harmonico_harm1,2013-06,True,25,lbfgs,200,False,4352.581445354671,-2171.2907226773355
Harmonico_harm2,2013-06,True,26,lbfgs,200,False,4313.524744135691,-2149.7623720678457
SARIMAX_anom_E1_semexog,2013-07,True,12,lbfgs,200,False,4284.007700413906,-2139.003850206953
SARIMAX_anom_E1_exog,2013-07,True,50,lbfgs,200,False,4227.674342691777,-2107.8371713458887
SARIMAX_z_E1_semexog,2013-07,True,9,lbfgs,200,False,1100.238397143964,-547.119198571982
SARIMAX_z_E1_exog,2013-07,True,14,lbfgs,200,False,1080.7852212925184,-534.3926106462592
SARIMAX_anom_E2_semexog,2013-07,True,11,lbfgs,200,False,4273.975521602744,-2132.987760801372
SARIMAX_anom_E2_exog,2013-07,True,38,lbfgs,200,False,4218.1426740734205,-2102.0713370367102
SARIMAX_z_E2_semexog,2013-07,True,13,lbfgs,200,False,1097.6233275993827,-544.8116637996914
SARIMAX_z_E2_exog,2013-07,True,17,lbfgs,200,False,1080.0354694761668,-533.0177347380834
SARIMAX_anom_E3_semexog,2013-07,True,18,lbfgs,200,False,4167.931456423246,-2079.965728211623
SARIMAX_anom_E3_exog,2013-07,True,80,lbfgs,200,False,4110.829701867521,-2048.4148509337606
SARIMAX_z_E3_semexog,2013-07,True,11,lbfgs,200,False,1069.3763472813755,-530.6881736406878
SARIMAX_z_E3_exog,2013-07,True,16,lbfgs,200,False,1050.59852260471,-518.299261302355
SARIMAX_anom_E4_semexog,2013-07,True,16,lbfgs,200,False,4155.447471727684,-2073.723735863842
SARIMAX_anom_E4_exog,2013-07,True,76,lbfgs,200,False,4100.825089952707,-2043.412544976353
SARIMAX_z_E4_semexog,2013-07,True,8,lbfgs,200,False,1066.5096506117216,-529.2548253058608
SARIMAX_z_E4_exog,2013-07,True,16,lbfgs,200,False,1047.7415835588113,-516.8707917794056
Harmonico_harm1,2013-07,True,27,lbfgs,200,False,4362.747914121059,-2176.3739570605294
Harmonico_harm2,2013-07,True,24,lbfgs,200,False,4323.702340525209,-2154.8511702626047
SARIMAX_anom_E1_semexog,2013-08,True,12,lbfgs,200,False,4294.010600802241,-2144.0053004011206
SARIMAX_anom_E1_exog,2013-08,True,47,lbfgs,200,False,4237.643423274705,-2112.8217116373526
SARIMAX_z_E1_semexog,2013-08,True,9,lbfgs,200,False,1103.0850707759691,-548.5425353879846
SARIMAX_z_E1_exog,2013-08,True,14,lbfgs,200,False,1083.6356709935994,-535.8178354967997
SARIMAX_anom_E2_semexog,2013-08,True,11,lbfgs,200,False,4283.980342801288,-2137.990171400644
SARIMAX_anom_E2_exog,2013-08,True,39,lbfgs,200,False,4228.113072077238,-2107.056536038619
SARIMAX_z_E2_semexog,2013-08,True,12,lbfgs,200,False,1100.5101869940509,-546.2550934970254
SARIMAX_z_E2_exog,2013-08,True,16,lbfgs,200,False,1082.9333778724954,-534.4666889362477
SARIMAX_anom_E3_semexog,2013-08,True,18,lbfgs,200,False,4177.9417648876115,-2084.9708824438057
SARIMAX_anom_E3_exog,2013-08,True,97,lbfgs,200,False,4120.783133784782,-2053.391566892391
SARIMAX_z_E3_semexog,2013-08,True,11,lbfgs,200,False,1072.0480124088083,-532.0240062044041
SARIMAX_z_E3_exog,2013-08,True,16,lbfgs,200,False,1053.301141510501,-519.6505707552506
SARIMAX_anom_E4_semexog,2013-08,True,17,lbfgs,200,False,4165.449854456855,-2078.7249272284275
SARIMAX_anom_E4_exog,2013-08,True,82,lbfgs,200,False,4110.781268776944,-2048.390634388472
SARIMAX_z_E4_semexog,2013-08,True,10,lbfgs,200,False,1069.1920652085637,-530.5960326042818
SARIMAX_z_E4_exog,2013-08,True,17,lbfgs,200,False,1050.4417344114986,-518.2208672057493
Harmonico_harm1,2013-08,True,24,lbfgs,200,False,4372.906211680765,-2181.4531058403827
Harmonico_harm2,2013-08,True,27,lbfgs,200,False,4333.7356183443335,-2159.8678091721667
SARIMAX_anom_E1_semexog,2013-09,True,12,lbfgs,200,False,4304.105337137729,-2149.0526685688646
SARIMAX_anom_E1_exog,2013-09,True,57,lbfgs,200,False,4247.631118400344,-2117.815559200172
SARIMAX_z_E1_semexog,2013-09,True,9,lbfgs,200,False,1105.9790104126494,-549.9895052063247
SARIMAX_z_E1_exog,2013-09,True,14,lbfgs,200,False,1086.5281233194482,-537.2640616597241
SARIMAX_anom_E2_semexog,2013-09,True,11,lbfgs,200,False,4294.078255739281,-2143.0391278696407
SARIMAX_anom_E2_exog,2013-09,True,54,lbfgs,200,False,4238.088601335361,-2112.0443006676805
SARIMAX_z_E2_semexog,2013-09,True,12,lbfgs,200,False,1103.4844647040177,-547.7422323520088
SARIMAX_z_E2_exog,2013-09,True,17,lbfgs,200,False,1085.855325866397,-535.9276629331985
SARIMAX_anom_E3_semexog,2013-09,True,19,lbfgs,200,False,4188.038552619646,-2090.019276309823
SARIMAX_anom_E3_exog,2013-09,True,84,lbfgs,200,False,4130.776004717153,-2058.3880023585766
SARIMAX_z_E3_semexog,2013-09,True,11,lbfgs,200,False,1074.9132450733339,-533.4566225366669
SARIMAX_z_E3_exog,2013-09,True,16,lbfgs,200,False,1056.108546131733,-521.0542730658665
SARIMAX_anom_E4_semexog,2013-09,True,16,lbfgs,200,False,4175.546443201505,-2083.7732216007525
SARIMAX_anom_E4_exog,2013-09,True,65,lbfgs,200,False,4120.7770507053465,-2053.3885253526732
SARIMAX_z_E4_semexog,2013-09,True,10,lbfgs,200,False,1072.021154734775,-532.0105773673876
SARIMAX_z_E4_exog,2013-09,True,17,lbfgs,200,False,1053.2192346434604,-519.6096173217302
Harmonico_harm1,2013-09,True,25,lbfgs,200,False,4383.275085775606,-2186.637542887803
Harmonico_harm2,2013-09,True,25,lbfgs,200,False,4343.820537660715,-2164.9102688303574
SARIMAX_anom_E1_semexog,2013-10,True,12,lbfgs,200,False,4314.107976216746,-2154.053988108373
SARIMAX_anom_E1_exog,2013-10,True,61,lbfgs,200,False,4257.5600273510645,-2122.7800136755322
SARIMAX_z_E1_semexog,2013-10,True,9,lbfgs,200,False,1108.7465195355549,-551.3732597677774
SARIMAX_z_E1_exog,2013-10,True,14,lbfgs,200,False,1089.2884499377844,-538.6442249688922
SARIMAX_anom_E2_semexog,2013-10,True,11,lbfgs,200,False,4304.080900033417,-2148.0404500167083
SARIMAX_anom_E2_exog,2013-10,True,44,lbfgs,200,False,4248.019463363442,-2117.009731681721
SARIMAX_z_E2_semexog,2013-10,True,12,lbfgs,200,False,1106.2470314606587,-549.1235157303294
SARIMAX_z_E2_exog,2013-10,True,17,lbfgs,200,False,1088.6086192695864,-537.3043096347932
SARIMAX_anom_E3_semexog,2013-10,True,20,lbfgs,200,False,4198.054888261811,-2095.0274441309057
SARIMAX_anom_E3_exog,2013-10,True,85,lbfgs,200,False,4140.711069134855,-2063.3555345674276
SARIMAX_z_E3_semexog,2013-10,True,11,lbfgs,200,False,1077.6621373145797,-534.8310686572898
SARIMAX_z_E3_exog,2013-10,True,16,lbfgs,200,False,1058.834499368826,-522.417249684413
SARIMAX_anom_E4_semexog,2013-10,True,16,lbfgs,200,False,4185.559798540673,-2088.7798992703365
SARIMAX_anom_E4_exog,2013-10,True,70,lbfgs,200,False,4130.716580625625,-2058.3582903128126
SARIMAX_z_E4_semexog,2013-10,True,10,lbfgs,200,False,1074.7761973657798,-533.3880986828899
SARIMAX_z_E4_exog,2013-10,True,17,lbfgs,200,False,1055.9606529260786,-520.9803264630393
Harmonico_harm1,2013-10,True,23,lbfgs,200,False,4393.730049003615,-2191.8650245018075
Harmonico_harm2,2013-10,True,23,lbfgs,200,False,4353.91237911836,-2169.95618955918
SARIMAX_anom_E1_semexog,2013-11,True,12,lbfgs,200,False,4325.035282517554,-2159.517641258777
SARIMAX_anom_E1_exog,2013-11,True,49,lbfgs,200,False,4268.499399387512,-2128.249699693756
SARIMAX_z_E1_semexog,2013-11,True,9,lbfgs,200,False,1111.514481059597,-552.7572405297985
SARIMAX_z_E1_exog,2013-11,True,14,lbfgs,200,False,1092.1590742171293,-540.0795371085646
SARIMAX_anom_E2_semexog,2013-11,True,11,lbfgs,200,False,4314.950438544202,-2153.475219272101
SARIMAX_anom_E2_exog,2013-11,True,72,lbfgs,200,False,4258.925394891343,-2122.4626974456714
SARIMAX_z_E2_semexog,2013-11,True,12,lbfgs,200,False,1108.815692342184,-550.407846171092
SARIMAX_z_E2_exog,2013-11,True,15,lbfgs,200,False,1091.3318506531937,-538.6659253265968
SARIMAX_anom_E3_semexog,2013-11,True,21,lbfgs,200,False,4208.987975507842,-2100.493987753921
SARIMAX_anom_E3_exog,2013-11,True,91,lbfgs,200,False,4151.576309520477,-2068.7881547602383
SARIMAX_z_E3_semexog,2013-11,True,11,lbfgs,200,False,1080.3030679311921,-536.1515339655961
SARIMAX_z_E3_exog,2013-11,True,16,lbfgs,200,False,1061.4210284651028,-523.7105142325514
SARIMAX_anom_E4_semexog,2013-11,True,16,lbfgs,200,False,4196.5006161679585,-2094.2503080839792
SARIMAX_anom_E4_exog,2013-11,True,80,lbfgs,200,False,4141.58416912963,-2063.792084564815
SARIMAX_z_E4_semexog,2013-11,True,4,lbfgs,200,False,1077.3941268740975,-534.6970634370488
SARIMAX_z_E4_exog,2013-11,True,18,lbfgs,200,False,1058.559874267012,-522.279937133506
Harmonico_harm1,2013-11,True,25,lbfgs,200,False,4404.393604510053,-2197.1968022550263
Harmonico_harm2,2013-11,True,25,lbfgs,200,False,4364.818190915284,-2175.409095457642
SARIMAX_anom_E1_semexog,2013-12,True,11,lbfgs,200,False,4335.128391004354,-2164.564195502177
SARIMAX_anom_E1_exog,2013-12,True,51,lbfgs,200,False,4278.631121606946,-2133.315560803473
SARIMAX_z_E1_semexog,2013-12,True,9,lbfgs,200,False,1114.2668382446232,-554.1334191223116
SARIMAX_z_E1_exog,2013-12,True,14,lbfgs,200,False,1094.9343714421202,-541.4671857210601
SARIMAX_anom_E2_semexog,2013-12,True,11,lbfgs,200,False,4325.05349029064,-2158.52674514532
SARIMAX_anom_E2_exog,2013-12,True,73,lbfgs,200,False,4269.064136965973,-2127.5320684829867
SARIMAX_z_E2_semexog,2013-12,True,12,lbfgs,200,False,1111.582112597002,-551.791056298501
SARIMAX_z_E2_exog,2013-12,True,15,lbfgs,200,False,1094.107608532485,-540.0538042662425
SARIMAX_anom_E3_semexog,2013-12,True,19,lbfgs,200,False,4219.069134294588,-2105.534567147294
SARIMAX_anom_E3_exog,2013-12,True,100,lbfgs,200,False,4161.684780209445,-2073.8423901047227
SARIMAX_z_E3_semexog,2013-12,True,11,lbfgs,200,False,1083.0526524681413,-537.5263262340707
SARIMAX_z_E3_exog,2013-12,True,16,lbfgs,200,False,1064.1875741608487,-525.0937870804244
SARIMAX_anom_E4_semexog,2013-12,True,16,lbfgs,200,False,4206.579034068999,-2099.2895170344996
SARIMAX_anom_E4_exog,2013-12,True,73,lbfgs,200,False,4151.688398213646,-2068.844199106823
SARIMAX_z_E4_semexog,2013-12,True,4,lbfgs,200,False,1080.1387112270174,-536.0693556135087
SARIMAX_z_E4_exog,2013-12,True,17,lbfgs,200,False,1061.315924816638,-523.657962408319
Harmonico_harm1,2013-12,True,25,lbfgs,200,False,4414.5708320581125,-2202.2854160290563
Harmonico_harm2,2013-12,True,27,lbfgs,200,False,4374.9698762380085,-2180.4849381190043
SARIMAX_anom_E1_semexog,2014-01,True,16,lbfgs,200,False,4347.5925410702675,-2170.7962705351338
SARIMAX_anom_E1_exog,2014-01,True,40,lbfgs,200,False,4290.804163746037,-2139.4020818730187
SARIMAX_z_E1_semexog,2014-01,True,9,lbfgs,200,False,1117.2481007195906,-555.6240503597953
SARIMAX_z_E1_exog,2014-01,True,14,lbfgs,200,False,1097.7074552032905,-542.8537276016452
SARIMAX_anom_E2_semexog,2014-01,True,11,lbfgs,200,False,4337.69459078549,-2164.847295392745
SARIMAX_anom_E2_exog,2014-01,True,70,lbfgs,200,False,4281.046222134253,-2133.5231110671266
SARIMAX_z_E2_semexog,2014-01,True,12,lbfgs,200,False,1114.7452122413988,-553.3726061206994
SARIMAX_z_E2_exog,2014-01,True,17,lbfgs,200,False,1097.0396158723042,-541.5198079361521
SARIMAX_anom_E3_semexog,2014-01,True,24,lbfgs,200,False,4231.426929939041,-2111.7134649695204
SARIMAX_anom_E3_exog,2014-01,True,91,lbfgs,200,False,4173.887901038145,-2079.9439505190726
SARIMAX_z_E3_semexog,2014-01,True,11,lbfgs,200,False,1086.143811446023,-539.0719057230115
SARIMAX_z_E3_exog,2014-01,True,17,lbfgs,200,False,1067.189723732019,-526.5948618660095
SARIMAX_anom_E4_semexog,2014-01,True,17,lbfgs,200,False,4218.99319829368,-2105.49659914684
SARIMAX_anom_E4_exog,2014-01,True,77,lbfgs,200,False,4163.953278226369,-2074.9766391131843
SARIMAX_z_E4_semexog,2014-01,True,11,lbfgs,200,False,1083.2592980868662,-537.6296490434331
SARIMAX_z_E4_exog,2014-01,True,18,lbfgs,200,False,1064.3018657818336,-525.1509328909168
Harmonico_harm1,2014-01,True,26,lbfgs,200,False,4427.2340522575,-2208.61702612875
Harmonico_harm2,2014-01,False,24,lbfgs,200,True,4386.916711272813,-2186.4583556364064
SARIMAX_anom_E1_semexog,2014-02,True,12,lbfgs,200,False,4360.3297549549425,-2177.1648774774712
SARIMAX_anom_E1_exog,2014-02,True,40,lbfgs,200,False,4303.530819530304,-2145.765409765152
SARIMAX_z_E1_semexog,2014-02,True,9,lbfgs,200,False,1120.2889083158054,-557.1444541579027
SARIMAX_z_E1_exog,2014-02,True,15,lbfgs,200,False,1100.8092962654246,-544.4046481327123
SARIMAX_anom_E2_semexog,2014-02,True,11,lbfgs,200,False,4350.404951489269,-2171.2024757446343
SARIMAX_anom_E2_exog,2014-02,True,70,lbfgs,200,False,4293.957535885123,-2139.9787679425617
SARIMAX_z_E2_semexog,2014-02,True,13,lbfgs,200,False,1117.8664378860417,-554.9332189430208
SARIMAX_z_E2_exog,2014-02,True,14,lbfgs,200,False,1100.1563860205724,-543.0781930102862
SARIMAX_anom_E3_semexog,2014-02,True,23,lbfgs,200,False,4244.3676911684715,-2118.1838455842358
SARIMAX_anom_E3_exog,2014-02,True,94,lbfgs,200,False,4186.720556510179,-2086.3602782550897
SARIMAX_z_E3_semexog,2014-02,True,11,lbfgs,200,False,1089.5044672149133,-540.7522336074567
SARIMAX_z_E3_exog,2014-02,True,17,lbfgs,200,False,1070.532219680074,-528.266109840037
SARIMAX_anom_E4_semexog,2014-02,True,17,lbfgs,200,False,4231.657627648028,-2111.828813824014
SARIMAX_anom_E4_exog,2014-02,True,71,lbfgs,200,False,4176.707962619965,-2081.3539813099824
SARIMAX_z_E4_semexog,2014-02,True,4,lbfgs,200,False,1086.563908799775,-539.2819543998875
SARIMAX_z_E4_exog,2014-02,True,18,lbfgs,200,False,1067.665693257698,-526.832846628849
Harmonico_harm1,2014-02,True,24,lbfgs,200,False,4439.22648967791,-2214.613244838955
Harmonico_harm2,2014-02,True,27,lbfgs,200,False,4398.5473353540365,-2192.2736676770182
SARIMAX_anom_E1_semexog,2014-03,True,10,lbfgs,200,False,4370.698102476219,-2182.3490512381095
SARIMAX_anom_E1_exog,2014-03,True,58,lbfgs,200,False,4314.061583523417,-2151.0307917617083
SARIMAX_z_E1_semexog,2014-03,True,9,lbfgs,200,False,1122.9973840670687,-558.4986920335343
SARIMAX_z_E1_exog,2014-03,True,13,lbfgs,200,False,1103.4946473154728,-545.7473236577364
SARIMAX_anom_E2_semexog,2014-03,True,11,lbfgs,200,False,4361.05339014735,-2176.526695073675
SARIMAX_anom_E2_exog,2014-03,True,64,lbfgs,200,False,4304.511354430017,-2145.2556772150083
SARIMAX_z_E2_semexog,2014-03,True,15,lbfgs,200,False,1120.6746922530838,-556.3373461265419
SARIMAX_z_E2_exog,2014-03,True,14,lbfgs,200,False,1102.8883207191107,-544.4441603595553
SARIMAX_anom_E3_semexog,2014-03,True,25,lbfgs,200,False,4254.850638176573,-2123.4253190882864
SARIMAX_anom_E3_exog,2014-03,True,93,lbfgs,200,False,4197.434840230348,-2091.717420115174
SARIMAX_z_E3_semexog,2014-03,True,11,lbfgs,200,False,1092.39042137789,-542.195210688945
SARIMAX_z_E3_exog,2014-03,True,17,lbfgs,200,False,1073.4164338533287,-529.7082169266644
SARIMAX_anom_E4_semexog,2014-03,True,23,lbfgs,200,False,4242.111917849221,-2117.0559589246104
SARIMAX_anom_E4_exog,2014-03,True,79,lbfgs,200,False,4187.424716109994,-2086.712358054997
SARIMAX_z_E4_semexog,2014-03,True,10,lbfgs,200,False,1089.4495976774106,-540.7247988387053
SARIMAX_z_E4_exog,2014-03,True,18,lbfgs,200,False,1070.526214563121,-528.2631072815605
Harmonico_harm1,2014-03,True,27,lbfgs,200,False,4451.192553930922,-2220.596276965461
Harmonico_harm2,2014-03,True,23,lbfgs,200,False,4409.508136856702,-2197.754068428351
SARIMAX_anom_E1_semexog,2014-04,True,11,lbfgs,200,False,4381.020638899181,-2187.5103194495905
SARIMAX_anom_E1_exog,2014-04,True,64,lbfgs,200,False,4324.312194187338,-2156.156097093669
SARIMAX_z_E1_semexog,2014-04,True,9,lbfgs,200,False,1125.6624520966375,-559.8312260483187
SARIMAX_z_E1_exog,2014-04,True,13,lbfgs,200,False,1105.9966264743155,-546.9983132371577
SARIMAX_anom_E2_semexog,2014-04,True,11,lbfgs,200,False,4371.2535727258955,-2181.6267863629478
SARIMAX_anom_E2_exog,2014-04,True,73,lbfgs,200,False,4314.855063010964,-2150.427531505482
SARIMAX_z_E2_semexog,2014-04,True,13,lbfgs,200,False,1123.276603050091,-557.6383015250454
SARIMAX_z_E2_exog,2014-04,True,14,lbfgs,200,False,1105.3476175885348,-545.6738087942674
SARIMAX_anom_E3_semexog,2014-04,True,23,lbfgs,200,False,4265.183306736269,-2128.5916533681343
SARIMAX_anom_E3_exog,2014-04,True,113,lbfgs,200,False,4207.719709679657,-2096.8598548398286
SARIMAX_z_E3_semexog,2014-04,True,11,lbfgs,200,False,1095.0518717637565,-543.5259358818782
SARIMAX_z_E3_exog,2014-04,True,16,lbfgs,200,False,1075.9287212866097,-530.9643606433049
SARIMAX_anom_E4_semexog,2014-04,True,16,lbfgs,200,False,4252.384507865853,-2122.1922539329266
SARIMAX_anom_E4_exog,2014-04,True,56,lbfgs,200,False,4197.677732993065,-2091.8388664965323
SARIMAX_z_E4_semexog,2014-04,True,9,lbfgs,200,False,1092.0952654392358,-542.0476327196179
SARIMAX_z_E4_exog,2014-04,True,18,lbfgs,200,False,1073.0409147169923,-529.5204573584962
Harmonico_harm1,2014-04,True,22,lbfgs,200,False,4462.438977325281,-2226.2194886626403
Harmonico_harm2,2014-04,True,25,lbfgs,200,False,4420.1823861620405,-2203.0911930810203
SARIMAX_anom_E1_semexog,2014-05,True,11,lbfgs,200,False,4391.009185766039,-2192.5045928830195
SARIMAX_anom_E1_exog,2014-05,True,28,lbfgs,200,False,4334.245502565954,-2161.122751282977
SARIMAX_z_E1_semexog,2014-05,True,9,lbfgs,200,False,1128.401791235276,-561.200895617638
SARIMAX_z_E1_exog,2014-05,True,13,lbfgs,200,False,1108.6062926749596,-548.3031463374798
SARIMAX_anom_E2_semexog,2014-05,True,11,lbfgs,200,False,4381.242421763594,-2186.621210881797
SARIMAX_anom_E2_exog,2014-05,True,87,lbfgs,200,False,4324.773738339352,-2155.386869169676
SARIMAX_z_E2_semexog,2014-05,True,12,lbfgs,200,False,1125.995495879075,-558.9977479395375
SARIMAX_z_E2_exog,2014-05,True,16,lbfgs,200,False,1107.9485915285968,-546.9742957642984
SARIMAX_anom_E3_semexog,2014-05,True,23,lbfgs,200,False,4275.177175132792,-2133.588587566396
SARIMAX_anom_E3_exog,2014-05,True,83,lbfgs,200,False,4217.633385386383,-2101.8166926931917
SARIMAX_z_E3_semexog,2014-05,True,11,lbfgs,200,False,1097.7095690428569,-544.8547845214284
SARIMAX_z_E3_exog,2014-05,True,16,lbfgs,200,False,1078.531532305815,-532.2657661529075
SARIMAX_anom_E4_semexog,2014-05,True,16,lbfgs,200,False,4262.368175382081,-2127.1840876910405
SARIMAX_anom_E4_exog,2014-05,True,42,lbfgs,200,False,4207.608513239804,-2096.804256619902
SARIMAX_z_E4_semexog,2014-05,True,10,lbfgs,200,False,1094.7630030571995,-543.3815015285998
SARIMAX_z_E4_exog,2014-05,True,18,lbfgs,200,False,1075.6265952705396,-530.8132976352698
Harmonico_harm1,2014-05,True,27,lbfgs,200,False,4472.825859604341,-2231.4129298021703
Harmonico_harm2,2014-05,True,26,lbfgs,200,False,4430.321467656232,-2208.160733828116
SARIMAX_anom_E1_semexog,2014-06,True,11,lbfgs,200,False,4401.05172791593,-2197.525863957965
SARIMAX_anom_E1_exog,2014-06,True,61,lbfgs,200,False,4344.182519608669,-2166.0912598043346
SARIMAX_z_E1_semexog,2014-06,True,9,lbfgs,200,False,1131.2984061252594,-562.6492030626297
SARIMAX_z_E1_exog,2014-06,True,14,lbfgs,200,False,1111.4837032260507,-549.7418516130253
SARIMAX_anom_E2_semexog,2014-06,True,11,lbfgs,200,False,4391.2755357717815,-2191.6377678858908
SARIMAX_anom_E2_exog,2014-06,True,45,lbfgs,200,False,4334.709179394647,-2160.3545896973237
SARIMAX_z_E2_semexog,2014-06,True,15,lbfgs,200,False,1128.8736018723696,-560.4368009361848
SARIMAX_z_E2_exog,2014-06,True,14,lbfgs,200,False,1110.8306210246913,-548.4153105123456
SARIMAX_anom_E3_semexog,2014-06,True,22,lbfgs,200,False,4285.209894937576,-2138.604947468788
SARIMAX_anom_E3_exog,2014-06,True,76,lbfgs,200,False,4227.591875471807,-2106.7959377359034
SARIMAX_z_E3_semexog,2014-06,True,11,lbfgs,200,False,1100.746957763372,-546.373478881686
SARIMAX_z_E3_exog,2014-06,True,18,lbfgs,200,False,1081.6206322977641,-533.8103161488821
SARIMAX_anom_E4_semexog,2014-06,True,17,lbfgs,200,False,4272.4190405642075,-2132.2095202821038
SARIMAX_anom_E4_exog,2014-06,True,62,lbfgs,200,False,4217.5379687235645,-2101.7689843617823
SARIMAX_z_E4_semexog,2014-06,True,10,lbfgs,200,False,1097.8132597268032,-544.9066298634016
SARIMAX_z_E4_exog,2014-06,True,18,lbfgs,200,False,1078.6956646137126,-532.3478323068563
Harmonico_harm1,2014-06,True,25,lbfgs,200,False,4483.518570213459,-2236.7592851067293
Harmonico_harm2,2014-06,True,25,lbfgs,200,False,4440.461471439955,-2213.2307357199775
SARIMAX_anom_E1_semexog,2014-07,True,11,lbfgs,200,False,4411.058927939766,-2202.529463969883
SARIMAX_anom_E1_exog,2014-07,True,36,lbfgs,200,False,4354.118381802092,-2171.059190901046
SARIMAX_z_E1_semexog,2014-07,True,9,lbfgs,200,False,1134.0031413483325,-564.0015706741663
SARIMAX_z_E1_exog,2014-07,True,14,lbfgs,200,False,1114.1729197941381,-551.0864598970691
SARIMAX_anom_E2_semexog,2014-07,True,11,lbfgs,200,False,4401.272471775909,-2196.6362358879546
SARIMAX_anom_E2_exog,2014-07,True,48,lbfgs,200,False,4344.609814510269,-2165.3049072551344
SARIMAX_z_E2_semexog,2014-07,True,13,lbfgs,200,False,1131.5726737854256,-561.7863368927128
SARIMAX_z_E2_exog,2014-07,True,15,lbfgs,200,False,1113.5033704299558,-549.7516852149779
SARIMAX_anom_E3_semexog,2014-07,True,22,lbfgs,200,False,4295.217824663592,-2143.608912331796
SARIMAX_anom_E3_exog,2014-07,True,88,lbfgs,200,False,4237.513882631962,-2111.756941315981
SARIMAX_z_E3_semexog,2014-07,True,11,lbfgs,200,False,1103.4208415858593,-547.7104207929297
SARIMAX_z_E3_exog,2014-07,True,16,lbfgs,200,False,1084.2964428762816,-535.1482214381408
SARIMAX_anom_E4_semexog,2014-07,True,16,lbfgs,200,False,4282.432736003622,-2137.216368001811
SARIMAX_anom_E4_exog,2014-07,True,66,lbfgs,200,False,4227.464164194793,-2106.7320820973964
SARIMAX_z_E4_semexog,2014-07,True,10,lbfgs,200,False,1100.4878479737138,-546.2439239868569
SARIMAX_z_E4_exog,2014-07,True,18,lbfgs,200,False,1081.3644537439823,-533.6822268719911
Harmonico_harm1,2014-07,False,22,lbfgs,200,True,4493.698880306503,-2241.8494401532516
Harmonico_harm2,2014-07,True,26,lbfgs,200,False,4450.531214362307,-2218.2656071811534
SARIMAX_anom_E1_semexog,2014-08,True,11,lbfgs,200,False,4421.068799921225,-2207.5343999606125
SARIMAX_anom_E1_exog,2014-08,True,63,lbfgs,200,False,4364.014623153514,-2176.007311576757
SARIMAX_z_E1_semexog,2014-08,True,9,lbfgs,200,False,1136.6316590435927,-565.3158295217963
SARIMAX_z_E1_exog,2014-08,True,13,lbfgs,200,False,1116.7619355774202,-552.3809677887101
SARIMAX_anom_E2_semexog,2014-08,True,11,lbfgs,200,False,4411.271759145525,-2201.6358795727624
SARIMAX_anom_E2_exog,2014-08,True,39,lbfgs,200,False,4354.508776242712,-2170.254388121356
SARIMAX_z_E2_semexog,2014-08,True,11,lbfgs,200,False,1134.1122895763917,-563.0561447881959
SARIMAX_z_E2_exog,2014-08,True,15,lbfgs,200,False,1116.0251020029887,-551.0125510014943
SARIMAX_anom_E3_semexog,2014-08,True,23,lbfgs,200,False,4305.229481195354,-2148.614740597677
SARIMAX_anom_E3_exog,2014-08,True,110,lbfgs,200,False,4247.430436996069,-2116.7152184980346
SARIMAX_z_E3_semexog,2014-08,True,11,lbfgs,200,False,1105.939319650196,-548.969659825098
SARIMAX_z_E3_exog,2014-08,True,16,lbfgs,200,False,1086.7715505715764,-536.3857752857882
SARIMAX_anom_E4_semexog,2014-08,True,22,lbfgs,200,False,4292.445851935518,-2142.222925967759
SARIMAX_anom_E4_exog,2014-08,True,62,lbfgs,200,False,4237.383034926625,-2111.6915174633127
SARIMAX_z_E4_semexog,2014-08,True,10,lbfgs,200,False,1103.0132724101024,-547.5066362050512
SARIMAX_z_E4_exog,2014-08,True,16,lbfgs,200,False,1083.8612004603656,-534.9306002301828
Harmonico_harm1,2014-08,True,27,lbfgs,200,False,4503.844215122754,-2246.922107561377
Harmonico_harm2,2014-08,True,23,lbfgs,200,False,4460.651740980731,-2223.3258704903656
SARIMAX_anom_E1_semexog,2014-09,True,11,lbfgs,200,False,4431.136679603945,-2212.5683398019723
SARIMAX_anom_E1_exog,2014-09,True,64,lbfgs,200,False,4373.994794184315,-2180.9973970921574
SARIMAX_z_E1_semexog,2014-09,True,9,lbfgs,200,False,1139.27902078317,-566.639510391585
SARIMAX_z_E1_exog,2014-09,True,12,lbfgs,200,False,1119.4418901240815,-553.7209450620408
SARIMAX_anom_E2_semexog,2014-09,True,11,lbfgs,200,False,4421.333255778932,-2206.666627889466
SARIMAX_anom_E2_exog,2014-09,True,73,lbfgs,200,False,4364.446900470672,-2175.223450235336
SARIMAX_z_E2_semexog,2014-09,True,11,lbfgs,200,False,1136.750271294537,-564.3751356472685
SARIMAX_z_E2_exog,2014-09,True,14,lbfgs,200,False,1118.6825863229842,-552.3412931614921
SARIMAX_anom_E3_semexog,2014-09,True,23,lbfgs,200,False,4315.317992003389,-2153.6589960016945
SARIMAX_anom_E3_exog,2014-09,True,93,lbfgs,200,False,4257.435816113297,-2121.7179080566484
SARIMAX_z_E3_semexog,2014-09,True,11,lbfgs,200,False,1108.6554350557956,-550.3277175278978
SARIMAX_z_E3_exog,2014-09,True,16,lbfgs,200,False,1089.5295143305052,-537.7647571652526
SARIMAX_anom_E4_semexog,2014-09,True,15,lbfgs,200,False,4302.534072476622,-2147.267036238311
SARIMAX_anom_E4_exog,2014-09,True,67,lbfgs,200,False,4247.388545602709,-2116.6942728013546
SARIMAX_z_E4_semexog,2014-09,True,11,lbfgs,200,False,1105.7199278215385,-548.8599639107692
SARIMAX_z_E4_exog,2014-09,True,18,lbfgs,200,False,1086.6205447884454,-536.3102723942227
Harmonico_harm1,2014-09,False,25,lbfgs,200,True,4513.995637040486,-2251.997818520243
Harmonico_harm2,2014-09,True,25,lbfgs,200,False,4471.015018569869,-2228.5075092849347
SARIMAX_anom_E1_semexog,2014-10,True,11,lbfgs,200,False,4441.334041219897,-2217.6670206099484
SARIMAX_anom_E1_exog,2014-10,True,35,lbfgs,200,False,4384.083768154821,-2186.0418840774105
SARIMAX_z_E1_semexog,2014-10,True,9,lbfgs,200,False,1142.253878459118,-568.126939229559
SARIMAX_z_E1_exog,2014-10,True,13,lbfgs,200,False,1122.2851325588585,-555.1425662794293
SARIMAX_anom_E2_semexog,2014-10,True,11,lbfgs,200,False,4431.533478003659,-2211.7667390018296
SARIMAX_anom_E2_exog,2014-10,True,59,lbfgs,200,False,4374.548258577787,-2180.2741292888936
SARIMAX_z_E2_semexog,2014-10,True,11,lbfgs,200,False,1139.7420404650125,-565.8710202325062
SARIMAX_z_E2_exog,2014-10,True,14,lbfgs,200,False,1121.5579248965096,-553.7789624482548
SARIMAX_anom_E3_semexog,2014-10,True,23,lbfgs,200,False,4325.524536432411,-2158.7622682162055
SARIMAX_anom_E3_exog,2014-10,True,102,lbfgs,200,False,4267.520765687283,-2126.7603828436413
SARIMAX_z_E3_semexog,2014-10,True,11,lbfgs,200,False,1111.5724425304863,-551.7862212652432
SARIMAX_z_E3_exog,2014-10,True,16,lbfgs,200,False,1092.3167845203575,-539.1583922601787
SARIMAX_anom_E4_semexog,2014-10,True,16,lbfgs,200,False,4312.735886071539,-2152.3679430357697
SARIMAX_anom_E4_exog,2014-10,True,70,lbfgs,200,False,4257.479507352462,-2121.739753676231
SARIMAX_z_E4_semexog,2014-10,True,10,lbfgs,200,False,1108.6441311749272,-550.3220655874636
SARIMAX_z_E4_exog,2014-10,True,18,lbfgs,200,False,1089.3977421348134,-537.6988710674067
Harmonico_harm1,2014-10,True,25,lbfgs,200,False,4524.825502024212,-2257.412751012106
Harmonico_harm2,2014-10,True,24,lbfgs,200,False,4481.377290148443,-2233.6886450742213
SARIMAX_anom_E1_semexog,2014-11,True,11,lbfgs,200,False,4451.316210323179,-2222.6581051615894
SARIMAX_anom_E1_exog,2014-11,True,57,lbfgs,200,False,4393.998937962344,-2190.999468981172
SARIMAX_z_E1_semexog,2014-11,True,9,lbfgs,200,False,1145.0168246459593,-569.5084123229797
SARIMAX_z_E1_exog,2014-11,True,13,lbfgs,200,False,1124.996473913192,-556.498236956596
SARIMAX_anom_E2_semexog,2014-11,True,11,lbfgs,200,False,4441.516572996105,-2216.7582864980527
SARIMAX_anom_E2_exog,2014-11,True,34,lbfgs,200,False,4384.477769187884,-2185.238884593942
SARIMAX_z_E2_semexog,2014-11,True,11,lbfgs,200,False,1142.5195360997259,-567.2597680498629
SARIMAX_z_E2_exog,2014-11,True,16,lbfgs,200,False,1124.2891537328446,-555.1445768664223
SARIMAX_anom_E3_semexog,2014-11,True,23,lbfgs,200,False,4335.515585259071,-2163.7577926295353
SARIMAX_anom_E3_exog,2014-11,True,72,lbfgs,200,False,4277.435894488863,-2131.7179472444313
SARIMAX_z_E3_semexog,2014-11,True,11,lbfgs,200,False,1114.273607117872,-553.136803558936
SARIMAX_z_E3_exog,2014-11,True,16,lbfgs,200,False,1094.9551470752508,-540.4775735376254
SARIMAX_anom_E4_semexog,2014-11,True,16,lbfgs,200,False,4322.72347650829,-2157.361738254145
SARIMAX_anom_E4_exog,2014-11,True,70,lbfgs,200,False,4267.399225063234,-2126.699612531617
SARIMAX_z_E4_semexog,2014-11,True,10,lbfgs,200,False,1111.3430943571843,-551.6715471785922
SARIMAX_z_E4_exog,2014-11,True,18,lbfgs,200,False,1092.0279234033956,-539.0139617016978
Harmonico_harm1,2014-11,True,24,lbfgs,200,False,4534.9822645729855,-2262.4911322864928
Harmonico_harm2,2014-11,True,25,lbfgs,200,False,4491.366870781154,-2238.683435390577
SARIMAX_anom_E1_semexog,2014-12,True,11,lbfgs,200,False,4461.294810745479,-2227.6474053727393
SARIMAX_anom_E1_exog,2014-12,True,63,lbfgs,200,False,4403.9238266503335,-2195.9619133251667
SARIMAX_z_E1_semexog,2014-12,True,9,lbfgs,200,False,1147.863323515579,-570.9316617577895
SARIMAX_z_E1_exog,2014-12,True,13,lbfgs,200,False,1127.829311389729,-557.9146556948645
SARIMAX_anom_E2_semexog,2014-12,True,11,lbfgs,200,False,4451.490585472997,-2221.7452927364984
SARIMAX_anom_E2_exog,2014-12,True,67,lbfgs,200,False,4394.387095641901,-2190.1935478209507
SARIMAX_z_E2_semexog,2014-12,True,13,lbfgs,200,False,1145.368696748792,-568.684348374396
SARIMAX_z_E2_exog,2014-12,True,16,lbfgs,200,False,1127.112728365058,-556.556364182529
SARIMAX_anom_E3_semexog,2014-12,True,23,lbfgs,200,False,4345.49820173578,-2168.74910086789
SARIMAX_anom_E3_exog,2014-12,True,102,lbfgs,200,False,4287.356696295375,-2136.6783481476873
SARIMAX_z_E3_semexog,2014-12,True,11,lbfgs,200,False,1117.1251285682733,-554.5625642841367
SARIMAX_z_E3_exog,2014-12,True,16,lbfgs,200,False,1097.795776175743,-541.8978880878715
SARIMAX_anom_E4_semexog,2014-12,True,16,lbfgs,200,False,4332.7007332853,-2162.35036664265
SARIMAX_anom_E4_exog,2014-12,True,100,lbfgs,200,False,4277.322095541444,-2131.661047770722
SARIMAX_z_E4_semexog,2014-12,True,10,lbfgs,200,False,1114.1952020389094,-553.0976010194547
SARIMAX_z_E4_exog,2014-12,True,18,lbfgs,200,False,1094.8717131908384,-540.4358565954192
Harmonico_harm1,2014-12,True,24,lbfgs,200,False,4545.320754050608,-2267.660377025304
Harmonico_harm2,2014-12,True,25,lbfgs,200,False,4501.39613698322,-2243.69806849161
SARIMAX_anom_E1_semexog,2015-01,True,13,lbfgs,200,False,4471.9188136274715,-2232.9594068137358
SARIMAX_anom_E1_exog,2015-01,True,61,lbfgs,200,False,4414.836532162164,-2201.418266081082
SARIMAX_z_E1_semexog,2015-01,True,9,lbfgs,200,False,1150.7745929956527,-572.3872964978264
SARIMAX_z_E1_exog,2015-01,True,13,lbfgs,200,False,1130.808781192904,-559.404390596452
SARIMAX_anom_E2_semexog,2015-01,True,11,lbfgs,200,False,4462.1183667081805,-2227.0591833540902
SARIMAX_anom_E2_exog,2015-01,True,70,lbfgs,200,False,4405.337075619085,-2195.6685378095426
SARIMAX_z_E2_semexog,2015-01,True,12,lbfgs,200,False,1148.3034216109904,-570.1517108054952
SARIMAX_z_E2_exog,2015-01,True,15,lbfgs,200,False,1130.1079007612489,-558.0539503806244
SARIMAX_anom_E3_semexog,2015-01,True,23,lbfgs,200,False,4356.25369343407,-2174.126846717035
SARIMAX_anom_E3_exog,2015-01,True,63,lbfgs,200,False,4298.459522625428,-2142.229761312714
SARIMAX_z_E3_semexog,2015-01,True,11,lbfgs,200,False,1120.197029687434,-556.098514843717
SARIMAX_z_E3_exog,2015-01,True,16,lbfgs,200,False,1100.9930704979904,-543.4965352489952
SARIMAX_anom_E4_semexog,2015-01,True,16,lbfgs,200,False,4343.434497825723,-2167.7172489128616
SARIMAX_anom_E4_exog,2015-01,True,89,lbfgs,200,False,4288.396400457736,-2137.198200228868
SARIMAX_z_E4_semexog,2015-01,True,10,lbfgs,200,False,1117.2848534277784,-554.6424267138892
SARIMAX_z_E4_exog,2015-01,True,16,lbfgs,200,False,1098.0911264434505,-542.0455632217253
Harmonico_harm1,2015-01,True,25,lbfgs,200,False,4555.743277389567,-2272.8716386947835
Harmonico_harm2,2015-01,True,25,lbfgs,200,False,4512.167416293014,-2249.083708146507
SARIMAX_anom_E1_semexog,2015-02,True,11,lbfgs,200,False,4481.97109828672,-2237.98554914336
SARIMAX_anom_E1_exog,2015-02,True,51,lbfgs,200,False,4424.757879958055,-2206.3789399790276
SARIMAX_z_E1_semexog,2015-02,True,9,lbfgs,200,False,1153.6470382796983,-573.8235191398492
SARIMAX_z_E1_exog,2015-02,True,13,lbfgs,200,False,1133.6054547198405,-560.8027273599203
SARIMAX_anom_E2_semexog,2015-02,True,10,lbfgs,200,False,4472.1652830038565,-2232.0826415019283
SARIMAX_anom_E2_exog,2015-02,True,63,lbfgs,200,False,4415.2556144862465,-2200.6278072431232
SARIMAX_z_E2_semexog,2015-02,True,11,lbfgs,200,False,1151.1423805858112,-571.5711902929056
SARIMAX_z_E2_exog,2015-02,True,15,lbfgs,200,False,1132.8914834555549,-559.4457417277774
SARIMAX_anom_E3_semexog,2015-02,True,22,lbfgs,200,False,4366.3265706104285,-2179.1632853052142
SARIMAX_anom_E3_exog,2015-02,True,84,lbfgs,200,False,4308.387900150784,-2147.193950075392
SARIMAX_z_E3_semexog,2015-02,True,11,lbfgs,200,False,1123.1265564814817,-557.5632782407408
SARIMAX_z_E3_exog,2015-02,True,16,lbfgs,200,False,1103.8088000921946,-544.9044000460973
SARIMAX_anom_E4_semexog,2015-02,True,16,lbfgs,200,False,4353.509941783323,-2172.7549708916613
SARIMAX_anom_E4_exog,2015-02,True,88,lbfgs,200,False,4298.327244083483,-2142.1636220417413
SARIMAX_z_E4_semexog,2015-02,True,9,lbfgs,200,False,1120.2254256331805,-556.1127128165903
SARIMAX_z_E4_exog,2015-02,True,16,lbfgs,200,False,1100.9165070161553,-543.4582535080776
Harmonico_harm1,2015-02,True,24,lbfgs,200,False,4566.055786928991,-2278.0278934644957
Harmonico_harm2,2015-02,True,25,lbfgs,200,False,4522.547666689267,-2254.2738333446337
SARIMAX_anom_E1_semexog,2015-03,True,11,lbfgs,200,False,4493.051135409076,-2243.525567704538
SARIMAX_anom_E1_exog,2015-03,True,64,lbfgs,200,False,4435.421913117629,-2211.7109565588144
SARIMAX_z_E1_semexog,2015-03,True,7,lbfgs,200,False,1156.5017707504453,-575.2508853752227
SARIMAX_z_E1_exog,2015-03,True,13,lbfgs,200,False,1136.2389188156203,-562.1194594078102
SARIMAX_anom_E2_semexog,2015-03,True,11,lbfgs,200,False,4483.256186860259,-2237.6280934301294
SARIMAX_anom_E2_exog,2015-03,True,42,lbfgs,200,False,4425.82752206685,-2205.913761033425
SARIMAX_z_E2_semexog,2015-03,True,11,lbfgs,200,False,1153.999742011898,-572.999871005949
SARIMAX_z_E2_exog,2015-03,True,15,lbfgs,200,False,1135.5544154516072,-560.7772077258036
SARIMAX_anom_E3_semexog,2015-03,True,23,lbfgs,200,False,4377.29456728258,-2184.64728364129
SARIMAX_anom_E3_exog,2015-03,True,66,lbfgs,200,False,4319.154223404026,-2152.577111702013
SARIMAX_z_E3_semexog,2015-03,True,11,lbfgs,200,False,1125.9917976633005,-558.9958988316503
SARIMAX_z_E3_exog,2015-03,True,16,lbfgs,200,False,1106.5105448099898,-546.2552724049949
SARIMAX_anom_E4_semexog,2015-03,True,16,lbfgs,200,False,4364.568664187727,-2178.2843320938637
SARIMAX_anom_E4_exog,2015-03,True,88,lbfgs,200,False,4309.131209986081,-2147.5656049930403
SARIMAX_z_E4_semexog,2015-03,True,11,lbfgs,200,False,1123.132870684972,-557.566435342486
SARIMAX_z_E4_exog,2015-03,True,17,lbfgs,200,False,1103.6463163034537,-544.8231581517268
Harmonico_harm1,2015-03,True,23,lbfgs,200,False,4576.318277440742,-2283.159138720371
Harmonico_harm2,2015-03,True,25,lbfgs,200,False,4533.20652288796,-2259.60326144398
SARIMAX_anom_E1_semexog,2015-04,True,10,lbfgs,200,False,4504.579797639459,-2249.2898988197294
SARIMAX_anom_E1_exog,2015-04,True,52,lbfgs,200,False,4447.030676166147,-2217.5153380830734
SARIMAX_z_E1_semexog,2015-04,True,7,lbfgs,200,False,1159.1574322069957,-576.5787161034979
SARIMAX_z_E1_exog,2015-04,True,13,lbfgs,200,False,1138.832685094784,-563.416342547392
SARIMAX_anom_E2_semexog,2015-04,True,10,lbfgs,200,False,4494.652698889151,-2243.3263494445755
SARIMAX_anom_E2_exog,2015-04,True,41,lbfgs,200,False,4437.332557771513,-2211.6662788857566
SARIMAX_z_E2_semexog,2015-04,True,11,lbfgs,200,False,1156.598852385906,-574.299426192953
SARIMAX_z_E2_exog,2015-04,True,15,lbfgs,200,False,1138.115647239329,-562.0578236196645
SARIMAX_anom_E3_semexog,2015-04,True,23,lbfgs,200,False,4388.8950520293,-2190.44752601465
SARIMAX_anom_E3_exog,2015-04,True,110,lbfgs,200,False,4330.92336639086,-2158.46168319543
SARIMAX_z_E3_semexog,2015-04,True,11,lbfgs,200,False,1128.7328901223427,-560.3664450611714
SARIMAX_z_E3_exog,2015-04,True,16,lbfgs,200,False,1109.1857225152592,-547.5928612576296
SARIMAX_anom_E4_semexog,2015-04,True,23,lbfgs,200,False,4376.235738381414,-2184.117869190707
SARIMAX_anom_E4_exog,2015-04,True,73,lbfgs,200,False,4320.889329525225,-2153.4446647626123
SARIMAX_z_E4_semexog,2015-04,True,11,lbfgs,200,False,1125.8775687727334,-558.9387843863667
SARIMAX_z_E4_exog,2015-04,True,17,lbfgs,200,False,1106.313241839053,-546.1566209195265
Harmonico_harm1,2015-04,True,25,lbfgs,200,False,4587.065631627876,-2288.532815813938
Harmonico_harm2,2015-04,True,24,lbfgs,200,False,4544.490979581079,-2265.2454897905395
SARIMAX_anom_E1_semexog,2015-05,True,10,lbfgs,200,False,4514.592598143596,-2254.296299071798
SARIMAX_anom_E1_exog,2015-05,True,46,lbfgs,200,False,4456.93289885378,-2222.46644942689
SARIMAX_z_E1_semexog,2015-05,True,9,lbfgs,200,False,1161.9631938248513,-577.9815969124256
SARIMAX_z_E1_exog,2015-05,True,13,lbfgs,200,False,1141.5084357066357,-564.7542178533179
SARIMAX_anom_E2_semexog,2015-05,True,11,lbfgs,200,False,4504.692154457976,-2248.346077228988
SARIMAX_anom_E2_exog,2015-05,True,61,lbfgs,200,False,4447.225744934342,-2216.612872467171
SARIMAX_z_E2_semexog,2015-05,True,11,lbfgs,200,False,1159.4083232057726,-575.7041616028863
SARIMAX_z_E2_exog,2015-05,True,15,lbfgs,200,False,1140.8040832042875,-563.4020416021438
SARIMAX_anom_E3_semexog,2015-05,True,23,lbfgs,200,False,4398.9031783067585,-2195.4515891533792
SARIMAX_anom_E3_exog,2015-05,True,90,lbfgs,200,False,4340.828895734705,-2163.4144478673525
SARIMAX_z_E3_semexog,2015-05,True,11,lbfgs,200,False,1131.4475248582935,-561.7237624291467
SARIMAX_z_E3_exog,2015-05,True,16,lbfgs,200,False,1111.8488913958709,-548.9244456979354
SARIMAX_anom_E4_semexog,2015-05,True,24,lbfgs,200,False,4386.243443935267,-2189.1217219676337
SARIMAX_anom_E4_exog,2015-05,True,76,lbfgs,200,False,4330.8038376981385,-2158.4019188490693
SARIMAX_z_E4_semexog,2015-05,True,11,lbfgs,200,False,1128.6072676896933,-560.3036338448467
SARIMAX_z_E4_exog,2015-05,True,17,lbfgs,200,False,1108.959741139859,-547.4798705699295
Harmonico_harm1,2015-05,True,27,lbfgs,200,False,4597.38246844049,-2293.691234220245
Harmonico_harm2,2015-05,True,25,lbfgs,200,False,4554.612014416021,-2270.3060072080107
SARIMAX_anom_E1_semexog,2015-06,True,10,lbfgs,200,False,4524.562191609455,-2259.2810958047276
SARIMAX_anom_E1_exog,2015-06,True,64,lbfgs,200,False,4466.822471635171,-2227.4112358175853
SARIMAX_z_E1_semexog,2015-06,True,9,lbfgs,200,False,1164.7735439165972,-579.3867719582986
SARIMAX_z_E1_exog,2015-06,True,13,lbfgs,200,False,1144.228859881253,-566.1144299406265
SARIMAX_anom_E2_semexog,2015-06,True,11,lbfgs,200,False,4514.658167268548,-2253.329083634274
SARIMAX_anom_E2_exog,2015-06,True,47,lbfgs,200,False,4457.1202206862845,-2221.5601103431422
SARIMAX_z_E2_semexog,2015-06,True,11,lbfgs,200,False,1162.207680977564,-577.103840488782
SARIMAX_z_E2_exog,2015-06,True,15,lbfgs,200,False,1143.5148359590003,-564.7574179795001
SARIMAX_anom_E3_semexog,2015-06,True,23,lbfgs,200,False,4408.884936357912,-2200.442468178956
SARIMAX_anom_E3_exog,2015-06,True,99,lbfgs,200,False,4350.723819580799,-2168.3619097903993
SARIMAX_z_E3_semexog,2015-06,True,11,lbfgs,200,False,1134.2334122008083,-563.1167061004041
SARIMAX_z_E3_exog,2015-06,True,16,lbfgs,200,False,1114.5479176626932,-550.2739588313466
SARIMAX_anom_E4_semexog,2015-06,True,22,lbfgs,200,False,4396.214730198085,-2194.1073650990425
SARIMAX_anom_E4_exog,2015-06,True,81,lbfgs,200,False,4340.701615433003,-2163.3508077165015
SARIMAX_z_E4_semexog,2015-06,True,11,lbfgs,200,False,1131.3757832384385,-561.6878916192193
SARIMAX_z_E4_exog,2015-06,True,17,lbfgs,200,False,1111.6498121096745,-548.8249060548372
Harmonico_harm1,2015-06,True,28,lbfgs,200,False,4607.902354200571,-2298.9511771002853
Harmonico_harm2,2015-06,True,24,lbfgs,200,False,4564.659547278163,-2275.3297736390814
SARIMAX_anom_E1_semexog,2015-07,True,10,lbfgs,200,False,4534.537977107693,-2264.2689885538466
SARIMAX_anom_E1_exog,2015-07,True,51,lbfgs,200,False,4476.816664305089,-2232.4083321525445
SARIMAX_z_E1_semexog,2015-07,True,9,lbfgs,200,False,1167.6287715487924,-580.8143857743962
SARIMAX_z_E1_exog,2015-07,True,14,lbfgs,200,False,1147.3082065576991,-567.6541032788496
SARIMAX_anom_E2_semexog,2015-07,True,11,lbfgs,200,False,4524.622938220764,-2258.311469110382
SARIMAX_anom_E2_exog,2015-07,True,37,lbfgs,200,False,4467.083301996064,-2226.541650998032
SARIMAX_z_E2_semexog,2015-07,True,12,lbfgs,200,False,1165.0210102249234,-578.5105051124617
SARIMAX_z_E2_exog,2015-07,True,15,lbfgs,200,False,1146.5659843528952,-566.2829921764476
SARIMAX_anom_E3_semexog,2015-07,True,23,lbfgs,200,False,4418.864062584375,-2205.4320312921873
SARIMAX_anom_E3_exog,2015-07,True,109,lbfgs,200,False,4360.717591687038,-2173.358795843519
SARIMAX_z_E3_semexog,2015-07,True,11,lbfgs,200,False,1137.06883473473,-564.534417367365
SARIMAX_z_E3_exog,2015-07,True,16,lbfgs,200,False,1117.638427677457,-551.8192138387285
SARIMAX_anom_E4_semexog,2015-07,True,16,lbfgs,200,False,4406.195883590132,-2199.097941795066
SARIMAX_anom_E4_exog,2015-07,True,68,lbfgs,200,False,4350.706379672151,-2168.3531898360757
SARIMAX_z_E4_semexog,2015-07,True,11,lbfgs,200,False,1134.2144861183874,-563.1072430591937
SARIMAX_z_E4_exog,2015-07,True,17,lbfgs,200,False,1114.7413150673278,-550.3706575336639
Harmonico_harm1,2015-07,True,25,lbfgs,200,False,4618.039893138068,-2304.019946569034
Harmonico_harm2,2015-07,True,35,lbfgs,200,False,4574.664667561839,-2280.3323337809197
SARIMAX_anom_E1_semexog,2015-08,True,10,lbfgs,200,False,4544.501989646982,-2269.250994823491
SARIMAX_anom_E1_exog,2015-08,True,68,lbfgs,200,False,4486.826026218259,-2237.4130131091297
SARIMAX_z_E1_semexog,2015-08,True,9,lbfgs,200,False,1170.4120349320438,-582.2060174660219
SARIMAX_z_E1_exog,2015-08,True,14,lbfgs,200,False,1150.2223629673706,-569.1111814836853
SARIMAX_anom_E2_semexog,2015-08,True,11,lbfgs,200,False,4534.584682317654,-2263.292341158827
SARIMAX_anom_E2_exog,2015-08,True,54,lbfgs,200,False,4477.062383840304,-2231.531191920152
SARIMAX_z_E2_semexog,2015-08,True,12,lbfgs,200,False,1167.7865610851327,-579.8932805425663
SARIMAX_z_E2_exog,2015-08,True,15,lbfgs,200,False,1149.4778187860038,-567.7389093930019
SARIMAX_anom_E3_semexog,2015-08,True,23,lbfgs,200,False,4428.835576997701,-2210.4177884988503
SARIMAX_anom_E3_exog,2015-08,True,93,lbfgs,200,False,4370.737470730681,-2178.3687353653404
SARIMAX_z_E3_semexog,2015-08,True,11,lbfgs,200,False,1139.8410084380334,-565.9205042190167
SARIMAX_z_E3_exog,2015-08,True,15,lbfgs,200,False,1120.6179333244077,-553.3089666622038
SARIMAX_anom_E4_semexog,2015-08,True,16,lbfgs,200,False,4416.163413705133,-2204.0817068525666
SARIMAX_anom_E4_exog,2015-08,True,69,lbfgs,200,False,4360.730980031963,-2173.3654900159813
SARIMAX_z_E4_semexog,2015-08,True,11,lbfgs,200,False,1136.9898369263901,-564.4949184631951
SARIMAX_z_E4_exog,2015-08,True,17,lbfgs,200,False,1117.7167067535343,-551.8583533767671
Harmonico_harm1,2015-08,True,24,lbfgs,200,False,4628.204877808992,-2309.102438904496
Harmonico_harm2,2015-08,True,25,lbfgs,200,False,4584.811188013267,-2285.4055940066337
SARIMAX_anom_E1_semexog,2015-09,True,10,lbfgs,200,False,4554.893292720861,-2274.4466463604303
SARIMAX_anom_E1_exog,2015-09,True,53,lbfgs,200,False,4496.770969006962,-2242.385484503481
SARIMAX_z_E1_semexog,2015-09,True,9,lbfgs,200,False,1173.3430322529389,-583.6715161264694
SARIMAX_z_E1_exog,2015-09,True,13,lbfgs,200,False,1152.3598325988037,-570.1799162994018
SARIMAX_anom_E2_semexog,2015-09,True,5,lbfgs,200,False,4544.988132719411,-2268.4940663597054
SARIMAX_anom_E2_exog,2015-09,True,43,lbfgs,200,False,4487.0123575859725,-2236.5061787929862
SARIMAX_z_E2_semexog,2015-09,True,12,lbfgs,200,False,1170.823974075217,-581.4119870376085
SARIMAX_z_E2_exog,2015-09,True,14,lbfgs,200,False,1151.7006059324292,-568.8503029662146
SARIMAX_anom_E3_semexog,2015-09,True,23,lbfgs,200,False,4439.259345497827,-2215.6296727489134
SARIMAX_anom_E3_exog,2015-09,True,93,lbfgs,200,False,4380.706196038656,-2183.353098019328
SARIMAX_z_E3_semexog,2015-09,True,11,lbfgs,200,False,1142.8166502950091,-567.4083251475046
SARIMAX_z_E3_exog,2015-09,True,16,lbfgs,200,False,1122.801191214961,-554.4005956074805
SARIMAX_anom_E4_semexog,2015-09,True,16,lbfgs,200,False,4426.5690276270125,-2209.2845138135062
SARIMAX_anom_E4_exog,2015-09,True,86,lbfgs,200,False,4370.709930628313,-2178.3549653141563
SARIMAX_z_E4_semexog,2015-09,True,11,lbfgs,200,False,1139.9642992279541,-565.9821496139771
SARIMAX_z_E4_exog,2015-09,True,16,lbfgs,200,False,1119.8995217144338,-552.9497608572169
Harmonico_harm1,2015-09,True,24,lbfgs,200,False,4638.497223639337,-2314.2486118196684
Harmonico_harm2,2015-09,True,21,lbfgs,200,False,4595.778595050702,-2290.889297525351
SARIMAX_anom_E1_semexog,2015-10,True,10,lbfgs,200,False,4565.833326824261,-2279.9166634121307
SARIMAX_anom_E1_exog,2015-10,True,63,lbfgs,200,False,4506.925795406692,-2247.462897703346
SARIMAX_z_E1_semexog,2015-10,True,8,lbfgs,200,False,1175.7625686496272,-584.8812843248136
SARIMAX_z_E1_exog,2015-10,True,14,lbfgs,200,False,1154.0361963738223,-571.0180981869112
SARIMAX_anom_E2_semexog,2015-10,True,5,lbfgs,200,False,4555.948798327996,-2273.974399163998
SARIMAX_anom_E2_exog,2015-10,True,40,lbfgs,200,False,4497.150657576776,-2241.575328788388
SARIMAX_z_E2_semexog,2015-10,True,12,lbfgs,200,False,1173.2546864426886,-582.6273432213443
SARIMAX_z_E2_exog,2015-10,True,17,lbfgs,200,False,1153.4055568121294,-569.7027784060647
SARIMAX_anom_E3_semexog,2015-10,True,24,lbfgs,200,False,4450.196838969729,-2221.0984194848643
SARIMAX_anom_E3_exog,2015-10,True,101,lbfgs,200,False,4390.8695726794795,-2188.4347863397397
SARIMAX_z_E3_semexog,2015-10,True,11,lbfgs,200,False,1145.4143854044662,-568.7071927022331
SARIMAX_z_E3_exog,2015-10,True,15,lbfgs,200,False,1124.6550043768648,-555.3275021884324
SARIMAX_anom_E4_semexog,2015-10,True,15,lbfgs,200,False,4437.487460686314,-2214.743730343157
SARIMAX_anom_E4_exog,2015-10,True,75,lbfgs,200,False,4380.8789265622545,-2183.4394632811272
SARIMAX_z_E4_semexog,2015-10,True,11,lbfgs,200,False,1142.5883439304444,-567.2941719652222
SARIMAX_z_E4_exog,2015-10,True,17,lbfgs,200,False,1121.74663438703,-553.873317193515
Harmonico_harm1,2015-10,True,25,lbfgs,200,False,4648.856641428773,-2319.4283207143867
Harmonico_harm2,2015-10,True,23,lbfgs,200,False,4606.4215961196005,-2296.2107980598003
SARIMAX_anom_E1_semexog,2015-11,True,11,lbfgs,200,False,4579.435414742378,-2286.717707371189
SARIMAX_anom_E1_exog,2015-11,True,56,lbfgs,200,False,4518.747894126627,-2253.3739470633136
SARIMAX_z_E1_semexog,2015-11,True,8,lbfgs,200,False,1177.815399778903,-585.9076998894515
SARIMAX_z_E1_exog,2015-11,True,13,lbfgs,200,False,1154.613386357039,-571.3066931785195
SARIMAX_anom_E2_semexog,2015-11,True,9,lbfgs,200,False,4569.458782236334,-2280.729391118167
SARIMAX_anom_E2_exog,2015-11,True,57,lbfgs,200,False,4508.987582513995,-2247.4937912569976
SARIMAX_z_E2_semexog,2015-11,True,13,lbfgs,200,False,1174.819573822865,-583.4097869114325
SARIMAX_z_E2_exog,2015-11,True,14,lbfgs,200,False,1153.6946160041668,-569.8473080020834
SARIMAX_anom_E3_semexog,2015-11,True,24,lbfgs,200,False,4463.743281722664,-2227.871640861332
SARIMAX_anom_E3_exog,2015-11,True,95,lbfgs,200,False,4402.655818275216,-2194.327909137608
SARIMAX_z_E3_semexog,2015-11,True,11,lbfgs,200,False,1147.7772428761018,-569.8886214380509
SARIMAX_z_E3_exog,2015-11,True,15,lbfgs,200,False,1125.5281941316075,-555.7640970658038
SARIMAX_anom_E4_semexog,2015-11,True,15,lbfgs,200,False,4450.971220011523,-2221.4856100057614
SARIMAX_anom_E4_exog,2015-11,True,68,lbfgs,200,False,4392.634463220196,-2189.317231610098
SARIMAX_z_E4_semexog,2015-11,True,10,lbfgs,200,False,1144.8649289090467,-568.4324644545234
SARIMAX_z_E4_exog,2015-11,True,17,lbfgs,200,False,1122.6098292105912,-554.3049146052956
Harmonico_harm1,2015-11,True,27,lbfgs,200,False,4663.042586716416,-2326.521293358208
Harmonico_harm2,2015-11,True,23,lbfgs,200,False,4620.175025687334,-2303.087512843667
SARIMAX_anom_E1_semexog,2015-12,True,10,lbfgs,200,False,4593.904115009122,-2293.952057504561
SARIMAX_anom_E1_exog,2015-12,True,60,lbfgs,200,False,4531.409083969928,-2259.704541984964
SARIMAX_z_E1_semexog,2015-12,True,8,lbfgs,200,False,1179.0901269430199,-586.5450634715099
SARIMAX_z_E1_exog,2015-12,True,14,lbfgs,200,False,1154.7657776134656,-571.3828888067328
SARIMAX_anom_E2_semexog,2015-12,True,11,lbfgs,200,False,4583.84327928191,-2287.921639640955
SARIMAX_anom_E2_exog,2015-12,True,36,lbfgs,200,False,4521.828114188461,-2253.9140570942304
SARIMAX_z_E2_semexog,2015-12,True,13,lbfgs,200,False,1175.9949430793638,-583.9974715396819
SARIMAX_z_E2_exog,2015-12,True,14,lbfgs,200,False,1153.7657504651702,-569.8828752325851
SARIMAX_anom_E3_semexog,2015-12,True,24,lbfgs,200,False,4478.420796618588,-2235.210398309294
SARIMAX_anom_E3_exog,2015-12,True,88,lbfgs,200,False,4415.51587806583,-2200.757939032915
SARIMAX_z_E3_semexog,2015-12,True,12,lbfgs,200,False,1149.2669345284667,-570.6334672642333
SARIMAX_z_E3_exog,2015-12,True,15,lbfgs,200,False,1125.829586974055,-555.9147934870275
SARIMAX_anom_E4_semexog,2015-12,True,13,lbfgs,200,False,4465.496091788554,-2228.748045894277
SARIMAX_anom_E4_exog,2015-12,True,49,lbfgs,200,False,4405.445519658042,-2195.722759829021
SARIMAX_z_E4_semexog,2015-12,True,10,lbfgs,200,False,1146.2804820726988,-569.1402410363494
SARIMAX_z_E4_exog,2015-12,True,17,lbfgs,200,False,1122.8975412114028,-554.4487706057014
Harmonico_harm1,2015-12,True,25,lbfgs,200,False,4679.948243794126,-2334.974121897063
Harmonico_harm2,2015-12,True,24,lbfgs,200,False,4635.320961519957,-2310.6604807599783
SARIMAX_anom_E1_semexog,2016-01,True,11,lbfgs,200,False,4606.0200742789075,-2300.0100371394537
SARIMAX_anom_E1_exog,2016-01,True,66,lbfgs,200,False,4544.751699447288,-2266.375849723644
SARIMAX_z_E1_semexog,2016-01,True,8,lbfgs,200,False,1182.8615791317911,-588.4307895658956
SARIMAX_z_E1_exog,2016-01,True,14,lbfgs,200,False,1160.1502870596157,-574.0751435298079
SARIMAX_anom_E2_semexog,2016-01,True,9,lbfgs,200,False,4596.087640071106,-2294.043820035553
SARIMAX_anom_E2_exog,2016-01,True,54,lbfgs,200,False,4535.5992242012135,-2260.7996121006067
SARIMAX_z_E2_semexog,2016-01,True,13,lbfgs,200,False,1179.9801496926614,-585.9900748463307
SARIMAX_z_E2_exog,2016-01,True,17,lbfgs,200,False,1159.431643704067,-572.7158218520335
SARIMAX_anom_E3_semexog,2016-01,True,24,lbfgs,200,False,4490.428138074602,-2241.214069037301
SARIMAX_anom_E3_exog,2016-01,True,102,lbfgs,200,False,4429.409221208411,-2207.7046106042053
SARIMAX_z_E3_semexog,2016-01,True,11,lbfgs,200,False,1152.8395471432077,-572.4197735716039
SARIMAX_z_E3_exog,2016-01,True,15,lbfgs,200,False,1130.8968984090532,-558.4484492045266
SARIMAX_anom_E4_semexog,2016-01,True,15,lbfgs,200,False,4477.759666842273,-2234.8798334211365
SARIMAX_anom_E4_exog,2016-01,True,71,lbfgs,200,False,4419.56034400041,-2202.780172000205
SARIMAX_z_E4_semexog,2016-01,True,11,lbfgs,200,False,1149.9017498702046,-570.9508749351023
SARIMAX_z_E4_exog,2016-01,True,16,lbfgs,200,False,1127.9108799057929,-556.9554399528964
Harmonico_harm1,2016-01,True,25,lbfgs,200,False,4690.998371974087,-2340.4991859870433
Harmonico_harm2,2016-01,True,25,lbfgs,200,False,4647.033734170531,-2316.5168670852654
SARIMAX_anom_E1_semexog,2016-02,True,8,lbfgs,200,False,4619.780671563525,-2306.8903357817626
SARIMAX_anom_E1_exog,2016-02,True,51,lbfgs,200,False,4556.11904426935,-2272.059522134675
SARIMAX_z_E1_semexog,2016-02,True,8,lbfgs,200,False,1185.8425396991788,-589.9212698495894
SARIMAX_z_E1_exog,2016-02,True,13,lbfgs,200,False,1161.5744078839994,-574.7872039419997
SARIMAX_anom_E2_semexog,2016-02,True,11,lbfgs,200,False,4609.659780017475,-2300.8298900087375
SARIMAX_anom_E2_exog,2016-02,True,37,lbfgs,200,False,4547.149574420657,-2266.5747872103284
SARIMAX_z_E2_semexog,2016-02,True,13,lbfgs,200,False,1182.9423562916354,-587.4711781458177
SARIMAX_z_E2_exog,2016-02,True,13,lbfgs,200,False,1160.8310218226359,-573.4155109113179
SARIMAX_anom_E3_semexog,2016-02,True,21,lbfgs,200,False,4504.59267639561,-2248.296338197805
SARIMAX_anom_E3_exog,2016-02,True,94,lbfgs,200,False,4440.7443650482055,-2213.3721825241028
SARIMAX_z_E3_semexog,2016-02,True,12,lbfgs,200,False,1155.868035125614,-573.934017562807
SARIMAX_z_E3_exog,2016-02,True,16,lbfgs,200,False,1132.2765254360847,-559.1382627180424
SARIMAX_anom_E4_semexog,2016-02,True,15,lbfgs,200,False,4491.519943097034,-2241.759971548517
SARIMAX_anom_E4_exog,2016-02,True,66,lbfgs,200,False,4430.769772231966,-2208.384886115983
SARIMAX_z_E4_semexog,2016-02,True,11,lbfgs,200,False,1152.811758487826,-572.405879243913
SARIMAX_z_E4_exog,2016-02,True,16,lbfgs,200,False,1129.2587074868725,-557.6293537434362
Harmonico_harm1,2016-02,True,23,lbfgs,200,False,4704.886130782525,-2347.4430653912623
Harmonico_harm2,2016-02,True,27,lbfgs,200,False,4662.101640229006,-2324.050820114503
SARIMAX_anom_E1_semexog,2016-03,True,10,lbfgs,200,False,4629.926034424523,-2311.9630172122615
SARIMAX_anom_E1_exog,2016-03,True,49,lbfgs,200,False,4566.07973946655,-2277.039869733275
SARIMAX_z_E1_semexog,2016-03,True,8,lbfgs,200,False,1188.5608528082685,-591.2804264041342
SARIMAX_z_E1_exog,2016-03,True,13,lbfgs,200,False,1164.3823977334907,-576.1911988667454
SARIMAX_anom_E2_semexog,2016-03,True,12,lbfgs,200,False,4620.000787043582,-2306.000393521791
SARIMAX_anom_E2_exog,2016-03,True,54,lbfgs,200,False,4557.106718886037,-2271.5533594430185
SARIMAX_z_E2_semexog,2016-03,True,13,lbfgs,200,False,1185.7246945034692,-588.8623472517346
SARIMAX_z_E2_exog,2016-03,True,14,lbfgs,200,False,1163.5245600413477,-574.7622800206739
SARIMAX_anom_E3_semexog,2016-03,True,24,lbfgs,200,False,4514.721785383548,-2253.360892691774
SARIMAX_anom_E3_exog,2016-03,True,84,lbfgs,200,False,4450.789392919555,-2218.3946964597776
SARIMAX_z_E3_semexog,2016-03,True,11,lbfgs,200,False,1158.5617792620842,-575.2808896310421
SARIMAX_z_E3_exog,2016-03,True,15,lbfgs,200,False,1135.1350299111448,-560.5675149555724
SARIMAX_anom_E4_semexog,2016-03,True,16,lbfgs,200,False,4501.62454920532,-2246.81227460266
SARIMAX_anom_E4_exog,2016-03,True,71,lbfgs,200,False,4440.806587752228,-2213.403293876114
SARIMAX_z_E4_semexog,2016-03,True,11,lbfgs,200,False,1155.5016901947934,-573.7508450973967
SARIMAX_z_E4_exog,2016-03,True,16,lbfgs,200,False,1132.1377924314752,-559.0688962157376
Harmonico_harm1,2016-03,True,24,lbfgs,200,False,4715.116453145634,-2352.558226572817
Harmonico_harm2,2016-03,True,28,lbfgs,200,False,4672.268165015508,-2329.134082507754
SARIMAX_anom_E1_semexog,2016-04,True,8,lbfgs,200,False,4640.224116580159,-2317.1120582900794
SARIMAX_anom_E1_exog,2016-04,True,51,lbfgs,200,False,4576.0142335111605,-2282.0071167555802
SARIMAX_z_E1_semexog,2016-04,True,8,lbfgs,200,False,1191.211292544065,-592.6056462720325
SARIMAX_z_E1_exog,2016-04,True,13,lbfgs,200,False,1166.875385039469,-577.4376925197345
SARIMAX_anom_E2_semexog,2016-04,True,12,lbfgs,200,False,4630.17303605461,-2311.086518027305
SARIMAX_anom_E2_exog,2016-04,True,37,lbfgs,200,False,4567.043176870924,-2276.521588435462
SARIMAX_z_E2_semexog,2016-04,True,13,lbfgs,200,False,1188.3007245937583,-590.1503622968792
SARIMAX_z_E2_exog,2016-04,True,15,lbfgs,200,False,1166.0533235440435,-576.0266617720217
SARIMAX_anom_E3_semexog,2016-04,True,22,lbfgs,200,False,4525.125017506178,-2258.562508753089
SARIMAX_anom_E3_exog,2016-04,True,91,lbfgs,200,False,4460.795087862847,-2223.3975439314236
SARIMAX_z_E3_semexog,2016-04,True,11,lbfgs,200,False,1161.1910389933796,-576.5955194966898
SARIMAX_z_E3_exog,2016-04,True,15,lbfgs,200,False,1137.684134387996,-561.842067193998
SARIMAX_anom_E4_semexog,2016-04,True,15,lbfgs,200,False,4511.938644693699,-2251.9693223468494
SARIMAX_anom_E4_exog,2016-04,True,74,lbfgs,200,False,4450.822258563974,-2218.411129281987
SARIMAX_z_E4_semexog,2016-04,True,11,lbfgs,200,False,1158.1110591483875,-575.0555295741938
SARIMAX_z_E4_exog,2016-04,True,17,lbfgs,200,False,1134.689238640816,-560.344619320408
Harmonico_harm1,2016-04,True,23,lbfgs,200,False,4725.320668313438,-2357.660334156719
Harmonico_harm2,2016-04,True,25,lbfgs,200,False,4682.574578915513,-2334.2872894577563
SARIMAX_anom_E1_semexog,2016-05,True,7,lbfgs,200,False,4650.222956940515,-2322.1114784702577
SARIMAX_anom_E1_exog,2016-05,True,44,lbfgs,200,False,4586.773527711543,-2287.3867638557713
SARIMAX_z_E1_semexog,2016-05,True,8,lbfgs,200,False,1193.9153204096215,-593.9576602048107
SARIMAX_z_E1_exog,2016-05,True,13,lbfgs,200,False,1169.4653191082325,-578.7326595541163
SARIMAX_anom_E2_semexog,2016-05,True,12,lbfgs,200,False,4640.180964826877,-2316.0904824134386
SARIMAX_anom_E2_exog,2016-05,True,35,lbfgs,200,False,4577.002753513545,-2281.5013767567725
SARIMAX_z_E2_semexog,2016-05,True,13,lbfgs,200,False,1190.9986640083775,-591.4993320041888
SARIMAX_z_E2_exog,2016-05,True,16,lbfgs,200,False,1168.6274478747755,-577.3137239373877
SARIMAX_anom_E3_semexog,2016-05,True,23,lbfgs,200,False,4535.1668149649795,-2263.5834074824897
SARIMAX_anom_E3_exog,2016-05,True,105,lbfgs,200,False,4470.799647485317,-2228.3998237426586
SARIMAX_z_E3_semexog,2016-05,True,11,lbfgs,200,False,1163.871444154668,-577.935722077334
SARIMAX_z_E3_exog,2016-05,True,15,lbfgs,200,False,1140.2613710849587,-563.1306855424793
SARIMAX_anom_E4_semexog,2016-05,True,15,lbfgs,200,False,4521.950970163968,-2256.975485081984
SARIMAX_anom_E4_exog,2016-05,True,79,lbfgs,200,False,4460.834462114763,-2223.4172310573813
SARIMAX_z_E4_semexog,2016-05,True,11,lbfgs,200,False,1160.791156075354,-576.395578037677
SARIMAX_z_E4_exog,2016-05,True,17,lbfgs,200,False,1137.2634080786006,-561.6317040393003
Harmonico_harm1,2016-05,True,24,lbfgs,200,False,4736.010997349431,-2363.0054986747155
Harmonico_harm2,2016-05,True,27,lbfgs,200,False,4692.870005080278,-2339.435002540139
SARIMAX_anom_E1_semexog,2016-06,True,8,lbfgs,200,False,4660.200825200973,-2327.1004126004864
SARIMAX_anom_E1_exog,2016-06,True,61,lbfgs,200,False,4596.707317167696,-2292.353658583848
SARIMAX_z_E1_semexog,2016-06,True,8,lbfgs,200,False,1196.6864392833086,-595.3432196416543
SARIMAX_z_E1_exog,2016-06,True,13,lbfgs,200,False,1172.111236106076,-580.055618053038
SARIMAX_anom_E2_semexog,2016-06,True,12,lbfgs,200,False,4650.15754803506,-2321.07877401753
SARIMAX_anom_E2_exog,2016-06,True,41,lbfgs,200,False,4586.91671488019,-2286.458357440095
SARIMAX_z_E2_semexog,2016-06,True,13,lbfgs,200,False,1193.7869011863731,-592.8934505931866
SARIMAX_z_E2_exog,2016-06,True,15,lbfgs,200,False,1171.280309112463,-578.6401545562316
SARIMAX_anom_E3_semexog,2016-06,True,23,lbfgs,200,False,4545.155984292781,-2268.5779921463904
SARIMAX_anom_E3_exog,2016-06,True,94,lbfgs,200,False,4480.745481820013,-2233.3727409100065
SARIMAX_z_E3_semexog,2016-06,True,11,lbfgs,200,False,1166.641005213049,-579.3205026065245
SARIMAX_z_E3_exog,2016-06,True,15,lbfgs,200,False,1142.9157927368701,-564.4578963684351
SARIMAX_anom_E4_semexog,2016-06,True,16,lbfgs,200,False,4531.932228943469,-2261.9661144717347
SARIMAX_anom_E4_exog,2016-06,True,50,lbfgs,200,False,4470.779404545801,-2228.3897022729006
SARIMAX_z_E4_semexog,2016-06,True,11,lbfgs,200,False,1163.5569943627156,-577.7784971813578
SARIMAX_z_E4_exog,2016-06,True,16,lbfgs,200,False,1139.9151900923941,-562.9575950461971
Harmonico_harm1,2016-06,True,24,lbfgs,200,False,4746.446647099217,-2368.2233235496087
Harmonico_harm2,2016-06,True,27,lbfgs,200,False,4702.97537204153,-2344.487686020765
SARIMAX_anom_E1_semexog,2016-07,True,8,lbfgs,200,False,4670.180273881791,-2332.0901369408957
SARIMAX_anom_E1_exog,2016-07,True,49,lbfgs,200,False,4605.774672102645,-2296.8873360513226
SARIMAX_z_E1_semexog,2016-07,True,8,lbfgs,200,False,1199.3947079460154,-596.6973539730077
SARIMAX_z_E1_exog,2016-07,True,13,lbfgs,200,False,1174.7866202702153,-581.3933101351076
SARIMAX_anom_E2_semexog,2016-07,True,12,lbfgs,200,False,4660.141731380285,-2326.0708656901425
SARIMAX_anom_E2_exog,2016-07,True,40,lbfgs,200,False,4596.797721012788,-2291.398860506394
SARIMAX_z_E2_semexog,2016-07,True,13,lbfgs,200,False,1196.499269683956,-594.249634841978
SARIMAX_z_E2_exog,2016-07,True,14,lbfgs,200,False,1173.9472288314946,-579.9736144157473
SARIMAX_anom_E3_semexog,2016-07,True,22,lbfgs,200,False,4555.152860538884,-2273.576430269442
SARIMAX_anom_E3_exog,2016-07,True,81,lbfgs,200,False,4490.634776771336,-2238.317388385668
SARIMAX_z_E3_semexog,2016-07,True,11,lbfgs,200,False,1169.4033349283782,-580.7016674641891
SARIMAX_z_E3_exog,2016-07,True,15,lbfgs,200,False,1145.655613090284,-565.827806545142
SARIMAX_anom_E4_semexog,2016-07,True,16,lbfgs,200,False,4541.911833772476,-2266.955916886238
SARIMAX_anom_E4_exog,2016-07,True,58,lbfgs,200,False,4480.670584175867,-2233.3352920879333
SARIMAX_z_E4_semexog,2016-07,True,11,lbfgs,200,False,1166.314363878824,-579.157181939412
SARIMAX_z_E4_exog,2016-07,True,16,lbfgs,200,False,1142.6680488076224,-564.3340244038112
Harmonico_harm1,2016-07,True,24,lbfgs,200,False,4756.62184152208,-2373.31092076104
Harmonico_harm2,2016-07,True,26,lbfgs,200,False,4713.03708808689,-2349.518544043445
SARIMAX_anom_E1_semexog,2016-08,True,8,lbfgs,200,False,4680.153237640023,-2337.0766188200114
SARIMAX_anom_E1_exog,2016-08,True,52,lbfgs,200,False,4616.4855630842385,-2302.2427815421192
SARIMAX_z_E1_semexog,2016-08,True,8,lbfgs,200,False,1202.1702825057287,-598.0851412528643
SARIMAX_z_E1_exog,2016-08,True,13,lbfgs,200,False,1177.5872743241353,-582.7936371620676
SARIMAX_anom_E2_semexog,2016-08,True,12,lbfgs,200,False,4670.11266463283,-2331.056332316415
SARIMAX_anom_E2_exog,2016-08,True,50,lbfgs,200,False,4606.69474463697,-2296.347372318485
SARIMAX_z_E2_semexog,2016-08,True,13,lbfgs,200,False,1199.25200336822,-595.62600168411
SARIMAX_z_E2_exog,2016-08,True,14,lbfgs,200,False,1176.7303584548292,-581.3651792274146
SARIMAX_anom_E3_semexog,2016-08,True,22,lbfgs,200,False,4565.134809122441,-2278.5674045612204
SARIMAX_anom_E3_exog,2016-08,True,85,lbfgs,200,False,4500.534926990686,-2243.267463495343
SARIMAX_z_E3_semexog,2016-08,True,11,lbfgs,200,False,1172.1406650266395,-582.0703325133197
SARIMAX_z_E3_exog,2016-08,True,15,lbfgs,200,False,1148.444031173465,-567.2220155867325
SARIMAX_anom_E4_semexog,2016-08,True,16,lbfgs,200,False,4551.888846023523,-2271.9444230117615
SARIMAX_anom_E4_exog,2016-08,True,34,lbfgs,200,False,4490.6088491772225,-2238.3044245886113
SARIMAX_z_E4_semexog,2016-08,True,11,lbfgs,200,False,1169.0562558724769,-580.5281279362384
SARIMAX_z_E4_exog,2016-08,True,17,lbfgs,200,False,1145.459787678753,-565.7298938393765
Harmonico_harm1,2016-08,True,24,lbfgs,200,False,4766.756739564429,-2378.3783697822146
Harmonico_harm2,2016-08,True,26,lbfgs,200,False,4723.068511972473,-2354.5342559862365
SARIMAX_anom_E1_semexog,2016-09,True,10,lbfgs,200,False,4690.262824965585,-2342.1314124827927
SARIMAX_anom_E1_exog,2016-09,True,55,lbfgs,200,False,4625.577818193789,-2306.7889090968947
SARIMAX_z_E1_semexog,2016-09,True,8,lbfgs,200,False,1205.072207213583,-599.5361036067915
SARIMAX_z_E1_exog,2016-09,True,13,lbfgs,200,False,1180.2447582671944,-584.1223791335972
SARIMAX_anom_E2_semexog,2016-09,True,12,lbfgs,200,False,4680.211291594318,-2336.105645797159
SARIMAX_anom_E2_exog,2016-09,True,43,lbfgs,200,False,4616.604327704036,-2301.302163852018
SARIMAX_z_E2_semexog,2016-09,True,13,lbfgs,200,False,1202.1984622787681,-597.0992311393841
SARIMAX_z_E2_exog,2016-09,True,15,lbfgs,200,False,1179.4352798063946,-582.7176399031973
SARIMAX_anom_E3_semexog,2016-09,True,23,lbfgs,200,False,4575.23347432145,-2283.616737160725
SARIMAX_anom_E3_exog,2016-09,True,81,lbfgs,200,False,4510.444798970017,-2248.2223994850083
SARIMAX_z_E3_semexog,2016-09,True,11,lbfgs,200,False,1175.1081303393084,-583.5540651696542
SARIMAX_z_E3_exog,2016-09,True,15,lbfgs,200,False,1151.1379135695036,-568.5689567847518
SARIMAX_anom_E4_semexog,2016-09,True,16,lbfgs,200,False,4562.008405603012,-2277.004202801506
SARIMAX_anom_E4_exog,2016-09,True,78,lbfgs,200,False,4500.488162367103,-2243.2440811835513
SARIMAX_z_E4_semexog,2016-09,True,11,lbfgs,200,False,1172.049258031352,-582.024629015676
SARIMAX_z_E4_exog,2016-09,True,16,lbfgs,200,False,1148.1370963339941,-567.0685481669971
Harmonico_harm1,2016-09,True,23,lbfgs,200,False,4777.179319101526,-2383.589659550763
Harmonico_harm2,2016-09,True,25,lbfgs,200,False,4733.0539974137155,-2359.5269987068577
SARIMAX_anom_E1_semexog,2016-10,True,14,lbfgs,200,False,4700.564889152282,-2347.282444576141
SARIMAX_anom_E1_exog,2016-10,True,44,lbfgs,200,False,4636.420737603442,-2312.210368801721
SARIMAX_z_E1_semexog,2016-10,True,8,lbfgs,200,False,1207.7490013134307,-600.8745006567153
SARIMAX_z_E1_exog,2016-10,True,13,lbfgs,200,False,1182.703954306027,-585.3519771530135
SARIMAX_anom_E2_semexog,2016-10,True,12,lbfgs,200,False,4690.501658910129,-2341.2508294550644
SARIMAX_anom_E2_exog,2016-10,True,38,lbfgs,200,False,4626.604098640759,-2306.3020493203794
SARIMAX_z_E2_semexog,2016-10,True,13,lbfgs,200,False,1204.827856666513,-598.4139283332565
SARIMAX_z_E2_exog,2016-10,True,16,lbfgs,200,False,1181.8877828430668,-583.9438914215334
SARIMAX_anom_E3_semexog,2016-10,True,22,lbfgs,200,False,4585.552299720746,-2288.776149860373
SARIMAX_anom_E3_exog,2016-10,True,103,lbfgs,200,False,4520.484981995582,-2253.242490997791
SARIMAX_z_E3_semexog,2016-10,True,11,lbfgs,200,False,1177.9372310128417,-584.9686155064209
SARIMAX_z_E3_exog,2016-10,True,15,lbfgs,200,False,1153.722251063645,-569.8611255318225
SARIMAX_anom_E4_semexog,2016-10,True,16,lbfgs,200,False,4572.351801855375,-2282.1759009276875
SARIMAX_anom_E4_exog,2016-10,True,76,lbfgs,200,False,4510.529512892663,-2248.2647564463314
SARIMAX_z_E4_semexog,2016-10,True,11,lbfgs,200,False,1174.9212212738842,-583.4606106369421
SARIMAX_z_E4_exog,2016-10,True,17,lbfgs,200,False,1150.7374849291978,-568.3687424645989
Harmonico_harm1,2016-10,True,24,lbfgs,200,False,4788.371305244829,-2389.1856526224146
Harmonico_harm2,2016-10,True,27,lbfgs,200,False,4743.709856025907,-2364.8549280129537
SARIMAX_anom_E1_semexog,2016-11,True,9,lbfgs,200,False,4710.6273245863085,-2352.3136622931543
SARIMAX_anom_E1_exog,2016-11,True,54,lbfgs,200,False,4645.696034830773,-2316.8480174153865
SARIMAX_z_E1_semexog,2016-11,True,8,lbfgs,200,False,1210.6159469696706,-602.3079734848353
SARIMAX_z_E1_exog,2016-11,True,13,lbfgs,200,False,1185.6058599040202,-586.8029299520101
SARIMAX_anom_E2_semexog,2016-11,True,12,lbfgs,200,False,4700.580119589816,-2346.290059794908
SARIMAX_anom_E2_exog,2016-11,True,43,lbfgs,200,False,4636.729319400726,-2311.364659700363
SARIMAX_z_E2_semexog,2016-11,True,14,lbfgs,200,False,1207.7754033370336,-599.8877016685168
SARIMAX_z_E2_exog,2016-11,True,15,lbfgs,200,False,1184.8474664008145,-585.4237332004072
SARIMAX_anom_E3_semexog,2016-11,True,23,lbfgs,200,False,4595.595120998858,-2293.797560499429
SARIMAX_anom_E3_exog,2016-11,True,92,lbfgs,200,False,4530.539970248234,-2258.269985124117
SARIMAX_z_E3_semexog,2016-11,True,11,lbfgs,200,False,1180.5962850013361,-586.2981425006681
SARIMAX_z_E3_exog,2016-11,True,15,lbfgs,200,False,1156.3746991954756,-571.1873495977378
SARIMAX_anom_E4_semexog,2016-11,True,15,lbfgs,200,False,4582.386979845021,-2287.1934899225107
SARIMAX_anom_E4_exog,2016-11,True,70,lbfgs,200,False,4520.605776933431,-2253.3028884667156
SARIMAX_z_E4_semexog,2016-11,True,11,lbfgs,200,False,1177.5726782915547,-584.7863391457773
SARIMAX_z_E4_exog,2016-11,True,15,lbfgs,200,False,1153.376670198081,-569.6883350990405
Harmonico_harm1,2016-11,True,26,lbfgs,200,False,4798.66616702124,-2394.33308351062
Harmonico_harm2,2016-11,True,28,lbfgs,200,False,4753.767868551064,-2369.883934275532
SARIMAX_anom_E1_semexog,2016-12,True,10,lbfgs,200,False,4722.057441881445,-2358.0287209407225
SARIMAX_anom_E1_exog,2016-12,True,48,lbfgs,200,False,4657.919132531347,-2322.9595662656734
SARIMAX_z_E1_semexog,2016-12,True,8,lbfgs,200,False,1213.4470516904885,-603.7235258452442
SARIMAX_z_E1_exog,2016-12,True,12,lbfgs,200,False,1188.8217038849284,-588.4108519424642
SARIMAX_anom_E2_semexog,2016-12,True,12,lbfgs,200,False,4712.080975251434,-2352.040487625717
SARIMAX_anom_E2_exog,2016-12,True,37,lbfgs,200,False,4648.910525591445,-2317.4552627957223
SARIMAX_z_E2_semexog,2016-12,True,13,lbfgs,200,False,1210.6393474095516,-601.3196737047758
SARIMAX_z_E2_exog,2016-12,True,15,lbfgs,200,False,1188.0957466546997,-587.0478733273499
SARIMAX_anom_E3_semexog,2016-12,True,25,lbfgs,200,False,4606.935128732813,-2299.4675643664064
SARIMAX_anom_E3_exog,2016-12,True,75,lbfgs,200,False,4542.546255209257,-2264.2731276046284
SARIMAX_z_E3_semexog,2016-12,True,12,lbfgs,200,False,1183.1924610511169,-587.5962305255584
SARIMAX_z_E3_exog,2016-12,True,15,lbfgs,200,False,1159.3557234963587,-572.6778617481793
SARIMAX_anom_E4_semexog,2016-12,True,15,lbfgs,200,False,4593.781642259237,-2292.8908211296184
SARIMAX_anom_E4_exog,2016-12,True,70,lbfgs,200,False,4532.669499565831,-2259.3347497829154
SARIMAX_z_E4_semexog,2016-12,True,11,lbfgs,200,False,1180.1664578237428,-586.0832289118714
SARIMAX_z_E4_exog,2016-12,True,18,lbfgs,200,False,1156.3390784116734,-571.1695392058367
Harmonico_harm1,2016-12,False,23,lbfgs,200,True,4811.308563665396,-2400.654281832698
Harmonico_harm2,2016-12,True,25,lbfgs,200,False,4765.190264391664,-2375.595132195832
SARIMAX_anom_E1_semexog,2017-01,True,10,lbfgs,200,False,4732.047014280765,-2363.0235071403827
SARIMAX_anom_E1_exog,2017-01,True,38,lbfgs,200,False,4668.724095392119,-2328.3620476960596
SARIMAX_z_E1_semexog,2017-01,True,8,lbfgs,200,False,1216.428143761761,-605.2140718808805
SARIMAX_z_E1_exog,2017-01,True,13,lbfgs,200,False,1191.6850336786056,-589.8425168393028
SARIMAX_anom_E2_semexog,2017-01,True,12,lbfgs,200,False,4722.078204736115,-2357.0391023680577
SARIMAX_anom_E2_exog,2017-01,True,49,lbfgs,200,False,4658.900611847234,-2322.450305923617
SARIMAX_z_E2_semexog,2017-01,True,11,lbfgs,200,False,1213.6611271508752,-602.8305635754376
SARIMAX_z_E2_exog,2017-01,True,15,lbfgs,200,False,1190.964900456537,-588.4824502282685
SARIMAX_anom_E3_semexog,2017-01,True,25,lbfgs,200,False,4616.932929493373,-2304.4664647466866
SARIMAX_anom_E3_exog,2017-01,True,73,lbfgs,200,False,4552.622378754576,-2269.311189377288
SARIMAX_z_E3_semexog,2017-01,True,11,lbfgs,200,False,1186.140861194037,-589.0704305970185
SARIMAX_z_E3_exog,2017-01,True,15,lbfgs,200,False,1162.288166602006,-574.144083301003
SARIMAX_anom_E4_semexog,2017-01,True,15,lbfgs,200,False,4603.771857213964,-2297.885928606982
SARIMAX_anom_E4_exog,2017-01,True,66,lbfgs,200,False,4542.705139018622,-2264.352569509311
SARIMAX_z_E4_semexog,2017-01,True,11,lbfgs,200,False,1183.107218376786,-587.553609188393
SARIMAX_z_E4_exog,2017-01,True,17,lbfgs,200,False,1159.2761273364144,-572.6380636682072
Harmonico_harm1,2017-01,True,24,lbfgs,200,False,4821.467695393874,-2405.733847696937
Harmonico_harm2,2017-01,True,25,lbfgs,200,False,4775.328606695398,-2380.664303347699
SARIMAX_anom_E1_semexog,2017-02,True,10,lbfgs,200,False,4760.390298473081,-2377.1951492365406
SARIMAX_anom_E1_exog,2017-02,True,48,lbfgs,200,False,4693.85894734226,-2340.92947367113
SARIMAX_z_E1_semexog,2017-02,True,8,lbfgs,200,False,1219.2183405109427,-606.6091702554713
SARIMAX_z_E1_exog,2017-02,True,14,lbfgs,200,False,1193.4524488464567,-590.7262244232284
SARIMAX_anom_E2_semexog,2017-02,True,12,lbfgs,200,False,4750.991780980221,-2371.4958904901105
SARIMAX_anom_E2_exog,2017-02,True,60,lbfgs,200,False,4684.723904736387,-2335.3619523681937
SARIMAX_z_E2_semexog,2017-02,True,14,lbfgs,200,False,1216.9831961506015,-604.4915980753008
SARIMAX_z_E2_exog,2017-02,True,16,lbfgs,200,False,1193.1177695710517,-589.5588847855258
SARIMAX_anom_E3_semexog,2017-02,True,22,lbfgs,200,False,4645.064995476193,-2318.5324977380965
SARIMAX_anom_E3_exog,2017-02,True,94,lbfgs,200,False,4578.903228789127,-2282.4516143945634
SARIMAX_z_E3_semexog,2017-02,True,10,lbfgs,200,False,1189.5486817714345,-590.7743408857173
SARIMAX_z_E3_exog,2017-02,True,15,lbfgs,200,False,1164.4746423602232,-575.2373211801116
SARIMAX_anom_E4_semexog,2017-02,True,15,lbfgs,200,False,4631.880212371076,-2311.940106185538
SARIMAX_anom_E4_exog,2017-02,True,66,lbfgs,200,False,4568.294971849316,-2277.147485924658
SARIMAX_z_E4_semexog,2017-02,True,8,lbfgs,200,False,1186.5865601214841,-589.2932800607421
SARIMAX_z_E4_exog,2017-02,True,18,lbfgs,200,False,1161.451573360935,-573.7257866804675
Harmonico_harm1,2017-02,True,23,lbfgs,200,False,4846.33361868576,-2418.16680934288
Harmonico_harm2,2017-02,True,26,lbfgs,200,False,4800.241750920836,-2393.120875460418
SARIMAX_anom_E1_semexog,2017-03,True,11,lbfgs,200,False,4770.384605737012,-2382.192302868506
SARIMAX_anom_E1_exog,2017-03,True,62,lbfgs,200,False,4703.792136910177,-2345.8960684550884
SARIMAX_z_E1_semexog,2017-03,True,8,lbfgs,200,False,1222.0856940110434,-608.0428470055217
SARIMAX_z_E1_exog,2017-03,True,13,lbfgs,200,False,1196.1800022763894,-592.0900011381947
SARIMAX_anom_E2_semexog,2017-03,True,12,lbfgs,200,False,4761.006464127049,-2376.5032320635246
SARIMAX_anom_E2_exog,2017-03,True,36,lbfgs,200,False,4694.6657220123,-2340.33286100615
SARIMAX_z_E2_semexog,2017-03,True,14,lbfgs,200,False,1219.860474130476,-605.930237065238
SARIMAX_z_E2_exog,2017-03,True,17,lbfgs,200,False,1195.8445013489318,-590.9222506744659
SARIMAX_anom_E3_semexog,2017-03,True,24,lbfgs,200,False,4655.093284531089,-2323.5466422655445
SARIMAX_anom_E3_exog,2017-03,True,104,lbfgs,200,False,4588.858459708026,-2287.429229854013
SARIMAX_z_E3_semexog,2017-03,True,11,lbfgs,200,False,1192.419840199935,-592.2099200999675
SARIMAX_z_E3_exog,2017-03,True,16,lbfgs,200,False,1167.1819287308913,-576.5909643654456
SARIMAX_anom_E4_semexog,2017-03,True,14,lbfgs,200,False,4641.884767003935,-2316.9423835019675
SARIMAX_anom_E4_exog,2017-03,True,62,lbfgs,200,False,4578.231774524541,-2282.1158872622705
SARIMAX_z_E4_semexog,2017-03,True,8,lbfgs,200,False,1189.447112708751,-590.7235563543755
SARIMAX_z_E4_exog,2017-03,True,18,lbfgs,200,False,1164.1604957692757,-575.0802478846379
Harmonico_harm1,2017-03,True,25,lbfgs,200,False,4857.294471698243,-2423.6472358491214
Harmonico_harm2,2017-03,True,27,lbfgs,200,False,4810.519488708856,-2398.259744354428
SARIMAX_anom_E1_semexog,2017-04,True,10,lbfgs,200,False,4782.043813496237,-2388.0219067481185
SARIMAX_anom_E1_exog,2017-04,True,66,lbfgs,200,False,4716.220944607745,-2352.1104723038725
SARIMAX_z_E1_semexog,2017-04,True,7,lbfgs,200,False,1224.6611051826744,-609.3305525913372
SARIMAX_z_E1_exog,2017-04,True,14,lbfgs,200,False,1198.8196950772065,-593.4098475386032
SARIMAX_anom_E2_semexog,2017-04,True,12,lbfgs,200,False,4772.114866545004,-2382.057433272502
SARIMAX_anom_E2_exog,2017-04,True,43,lbfgs,200,False,4707.192606727011,-2346.5963033635053
SARIMAX_z_E2_semexog,2017-04,True,12,lbfgs,200,False,1222.163350299018,-607.081675149509
SARIMAX_z_E2_exog,2017-04,True,17,lbfgs,200,False,1198.2767601152732,-592.1383800576366
SARIMAX_anom_E3_semexog,2017-04,True,24,lbfgs,200,False,4666.914637836153,-2329.4573189180765
SARIMAX_anom_E3_exog,2017-04,True,97,lbfgs,200,False,4601.1728403439465,-2293.5864201719733
SARIMAX_z_E3_semexog,2017-04,True,11,lbfgs,200,False,1195.0659618432728,-593.5329809216364
SARIMAX_z_E3_exog,2017-04,True,15,lbfgs,200,False,1169.7394796161661,-577.8697398080831
SARIMAX_anom_E4_semexog,2017-04,True,14,lbfgs,200,False,4653.376906447928,-2322.688453223964
SARIMAX_anom_E4_exog,2017-04,True,38,lbfgs,200,False,4591.284356875449,-2288.6421784377244
SARIMAX_z_E4_semexog,2017-04,True,7,lbfgs,200,False,1192.0265503743344,-592.0132751871672
SARIMAX_z_E4_exog,2017-04,True,18,lbfgs,200,False,1166.7196907084472,-576.3598453542236
Harmonico_harm1,2017-04,True,24,lbfgs,200,False,4870.617891034167,-2430.3089455170834
Harmonico_harm2,2017-04,True,28,lbfgs,200,False,4823.12835757247,-2404.564178786235
SARIMAX_anom_E1_semexog,2017-05,True,9,lbfgs,200,False,4792.193684089389,-2393.0968420446943
SARIMAX_anom_E1_exog,2017-05,True,49,lbfgs,200,False,4726.1351898038465,-2357.0675949019233
SARIMAX_z_E1_semexog,2017-05,True,8,lbfgs,200,False,1227.5297526597465,-610.7648763298732
SARIMAX_z_E1_exog,2017-05,True,14,lbfgs,200,False,1201.5004420681437,-594.7502210340718
SARIMAX_anom_E2_semexog,2017-05,True,12,lbfgs,200,False,4782.155302116005,-2387.0776510580026
SARIMAX_anom_E2_exog,2017-05,True,38,lbfgs,200,False,4717.102352443833,-2351.5511762219166
SARIMAX_z_E2_semexog,2017-05,True,13,lbfgs,200,False,1224.914749976936,-608.457374988468
SARIMAX_z_E2_exog,2017-05,True,17,lbfgs,200,False,1200.923455371249,-593.4617276856245
SARIMAX_anom_E3_semexog,2017-05,True,21,lbfgs,200,False,4677.033402255593,-2334.5167011277963
SARIMAX_anom_E3_exog,2017-05,True,97,lbfgs,200,False,4611.102095019083,-2298.5510475095416
SARIMAX_z_E3_semexog,2017-05,True,11,lbfgs,200,False,1197.8499673319318,-594.9249836659659
SARIMAX_z_E3_exog,2017-05,True,15,lbfgs,200,False,1172.4106494430066,-579.2053247215033
SARIMAX_anom_E4_semexog,2017-05,True,14,lbfgs,200,False,4663.554266985564,-2327.777133492782
SARIMAX_anom_E4_exog,2017-05,True,79,lbfgs,200,False,4601.203727779819,-2293.6018638899095
SARIMAX_z_E4_semexog,2017-05,True,9,lbfgs,200,False,1194.8258596118535,-593.4129298059268
SARIMAX_z_E4_exog,2017-05,True,17,lbfgs,200,False,1169.3817427258864,-577.6908713629432
Harmonico_harm1,2017-05,True,24,lbfgs,200,False,4881.260504891232,-2435.630252445616
Harmonico_harm2,2017-05,True,24,lbfgs,200,False,4833.4473209169755,-2409.7236604584878
SARIMAX_anom_E1_semexog,2017-06,True,11,lbfgs,200,False,4802.25170128713,-2398.125850643565
SARIMAX_anom_E1_exog,2017-06,True,69,lbfgs,200,False,4736.02765216298,-2362.01382608149
SARIMAX_z_E1_semexog,2017-06,True,7,lbfgs,200,False,1230.3778282865437,-612.1889141432719
SARIMAX_z_E1_exog,2017-06,True,15,lbfgs,200,False,1204.2382277153827,-596.1191138576913
SARIMAX_anom_E2_semexog,2017-06,True,12,lbfgs,200,False,4792.209778835804,-2392.104889417902
SARIMAX_anom_E2_exog,2017-06,True,55,lbfgs,200,False,4726.983038775703,-2356.4915193878514
SARIMAX_z_E2_semexog,2017-06,True,13,lbfgs,200,False,1227.806065409962,-609.903032704981
SARIMAX_z_E2_exog,2017-06,True,18,lbfgs,200,False,1203.7137914412035,-594.8568957206018
SARIMAX_anom_E3_semexog,2017-06,True,22,lbfgs,200,False,4687.065652106823,-2339.5328260534116
SARIMAX_anom_E3_exog,2017-06,True,81,lbfgs,200,False,4621.01539491202,-2303.50769745601
SARIMAX_z_E3_semexog,2017-06,True,11,lbfgs,200,False,1200.64976640527,-596.324883202635
SARIMAX_z_E3_exog,2017-06,True,14,lbfgs,200,False,1175.1525236676682,-580.5762618338341
SARIMAX_anom_E4_semexog,2017-06,True,15,lbfgs,200,False,4673.627384752426,-2332.813692376213
SARIMAX_anom_E4_exog,2017-06,True,80,lbfgs,200,False,4611.135309223271,-2298.5676546116356
SARIMAX_z_E4_semexog,2017-06,True,8,lbfgs,200,False,1197.6487228426815,-594.8243614213408
SARIMAX_z_E4_exog,2017-06,True,18,lbfgs,200,False,1172.1201016337309,-579.0600508168654
Harmonico_harm1,2017-06,True,24,lbfgs,200,False,4891.8660297292245,-2440.9330148646122
Harmonico_harm2,2017-06,True,27,lbfgs,200,False,4843.556908077006,-2414.778454038503
SARIMAX_anom_E1_semexog,2017-07,True,12,lbfgs,200,False,4812.273360769254,-2403.136680384627
SARIMAX_anom_E1_exog,2017-07,True,63,lbfgs,200,False,4745.930664631008,-2366.965332315504
SARIMAX_z_E1_semexog,2017-07,True,8,lbfgs,200,False,1233.092810172102,-613.546405086051
SARIMAX_z_E1_exog,2017-07,True,14,lbfgs,200,False,1206.888561713392,-597.444280856696
SARIMAX_anom_E2_semexog,2017-07,True,12,lbfgs,200,False,4802.210448315866,-2397.105224157933
SARIMAX_anom_E2_exog,2017-07,True,51,lbfgs,200,False,4736.901820781676,-2361.450910390838
SARIMAX_z_E2_semexog,2017-07,True,11,lbfgs,200,False,1230.4780998358212,-611.2390499179106
SARIMAX_z_E2_exog,2017-07,True,16,lbfgs,200,False,1206.3354357127662,-596.1677178563831
SARIMAX_anom_E3_semexog,2017-07,True,22,lbfgs,200,False,4697.083568896127,-2344.5417844480635
SARIMAX_anom_E3_exog,2017-07,True,78,lbfgs,200,False,4630.927951285065,-2308.4639756425327
SARIMAX_z_E3_semexog,2017-07,True,11,lbfgs,200,False,1203.2923768250812,-597.6461884125406
SARIMAX_z_E3_exog,2017-07,True,14,lbfgs,200,False,1177.72653556291,-581.863267781455
SARIMAX_anom_E4_semexog,2017-07,True,14,lbfgs,200,False,4683.659766124317,-2337.8298830621584
SARIMAX_anom_E4_exog,2017-07,True,69,lbfgs,200,False,4621.0505839431735,-2303.5252919715867
SARIMAX_z_E4_semexog,2017-07,True,9,lbfgs,200,False,1200.282759592615,-596.1413797963075
SARIMAX_z_E4_exog,2017-07,True,18,lbfgs,200,False,1174.6777379322125,-580.3388689661062
Harmonico_harm1,2017-07,True,23,lbfgs,200,False,4902.094813688947,-2446.0474068444737
Harmonico_harm2,2017-07,False,24,lbfgs,200,True,4853.654758012922,-2419.827379006461
SARIMAX_anom_E1_semexog,2017-08,True,12,lbfgs,200,False,4822.270284208758,-2408.135142104379
SARIMAX_anom_E1_exog,2017-08,True,44,lbfgs,200,False,4755.860574256508,-2371.930287128254
SARIMAX_z_E1_semexog,2017-08,True,8,lbfgs,200,False,1235.8876123408465,-614.9438061704233
SARIMAX_z_E1_exog,2017-08,True,14,lbfgs,200,False,1209.7005846862871,-598.8502923431436
SARIMAX_anom_E2_semexog,2017-08,True,12,lbfgs,200,False,4812.2055206612295,-2402.1027603306147
SARIMAX_anom_E2_exog,2017-08,True,57,lbfgs,200,False,4746.816144131844,-2366.408072065922
SARIMAX_z_E2_semexog,2017-08,True,11,lbfgs,200,False,1233.2579013020727,-612.6289506510363
SARIMAX_z_E2_exog,2017-08,True,16,lbfgs,200,False,1209.1414678152728,-597.5707339076364
SARIMAX_anom_E3_semexog,2017-08,True,22,lbfgs,200,False,4707.089489005587,-2349.5447445027935
SARIMAX_anom_E3_exog,2017-08,True,81,lbfgs,200,False,4640.847650897914,-2313.423825448957
SARIMAX_z_E3_semexog,2017-08,True,11,lbfgs,200,False,1206.0520394423786,-599.0260197211893
SARIMAX_z_E3_exog,2017-08,True,14,lbfgs,200,False,1180.5193145412,-583.2596572706
SARIMAX_anom_E4_semexog,2017-08,True,14,lbfgs,200,False,4693.660563025043,-2342.8302815125217
SARIMAX_anom_E4_exog,2017-08,True,62,lbfgs,200,False,4630.970393818101,-2308.4851969090505
SARIMAX_z_E4_semexog,2017-08,True,9,lbfgs,200,False,1203.0463070899577,-597.5231535449789
SARIMAX_z_E4_exog,2017-08,True,18,lbfgs,200,False,1177.4718625306427,-581.7359312653214
Harmonico_harm1,2017-08,True,24,lbfgs,200,False,4912.252830707977,-2451.1264153539887
Harmonico_harm2,2017-08,True,24,lbfgs,200,False,4863.707548846813,-2424.8537744234063
SARIMAX_anom_E1_semexog,2017-09,True,11,lbfgs,200,False,4832.60364129689,-2413.301820648445
SARIMAX_anom_E1_exog,2017-09,True,43,lbfgs,200,False,4765.942966991324,-2376.971483495662
SARIMAX_z_E1_semexog,2017-09,True,8,lbfgs,200,False,1238.659624392733,-616.3298121963664
SARIMAX_z_E1_exog,2017-09,True,14,lbfgs,200,False,1212.3100649363541,-600.1550324681771
SARIMAX_anom_E2_semexog,2017-09,True,12,lbfgs,200,False,4822.522437254616,-2407.261218627308
SARIMAX_anom_E2_exog,2017-09,True,57,lbfgs,200,False,4756.879183440882,-2371.439591720441
SARIMAX_z_E2_semexog,2017-09,True,12,lbfgs,200,False,1236.0150886352978,-614.0075443176489
SARIMAX_z_E2_exog,2017-09,True,17,lbfgs,200,False,1211.7241401380127,-598.8620700690063
SARIMAX_anom_E3_semexog,2017-09,True,22,lbfgs,200,False,4717.434398851547,-2354.7171994257733
SARIMAX_anom_E3_exog,2017-09,True,72,lbfgs,200,False,4651.00682984207,-2318.503414921035
SARIMAX_z_E3_semexog,2017-09,True,11,lbfgs,200,False,1209.0970320929805,-600.5485160464902
SARIMAX_z_E3_exog,2017-09,True,14,lbfgs,200,False,1183.3924721250323,-584.6962360625162
SARIMAX_anom_E4_semexog,2017-09,True,14,lbfgs,200,False,4704.025106689082,-2348.012553344541
SARIMAX_anom_E4_exog,2017-09,True,66,lbfgs,200,False,4641.152318696716,-2313.576159348358
SARIMAX_z_E4_semexog,2017-09,True,9,lbfgs,200,False,1206.113601256751,-599.0568006283755
SARIMAX_z_E4_exog,2017-09,True,17,lbfgs,200,False,1180.38728440605,-583.193642203025
Harmonico_harm1,2017-09,True,24,lbfgs,200,False,4922.499966585334,-2456.249983292667
Harmonico_harm2,2017-09,True,25,lbfgs,200,False,4874.462274016165,-2430.2311370080824
SARIMAX_anom_E1_semexog,2017-10,True,11,lbfgs,200,False,4843.422807366494,-2418.711403683247
SARIMAX_anom_E1_exog,2017-10,True,45,lbfgs,200,False,4776.745004208043,-2382.3725021040214
SARIMAX_z_E1_semexog,2017-10,True,8,lbfgs,200,False,1241.0843129584182,-617.5421564792091
SARIMAX_z_E1_exog,2017-10,True,13,lbfgs,200,False,1214.8591759581357,-601.4295879790678
SARIMAX_anom_E2_semexog,2017-10,True,12,lbfgs,200,False,4833.349940593206,-2412.674970296603
SARIMAX_anom_E2_exog,2017-10,True,48,lbfgs,200,False,4767.6252018423875,-2376.8126009211937
SARIMAX_z_E2_semexog,2017-10,True,12,lbfgs,200,False,1238.5350379815584,-615.2675189907792
SARIMAX_z_E2_exog,2017-10,True,16,lbfgs,200,False,1214.3066071182452,-600.1533035591226
SARIMAX_anom_E3_semexog,2017-10,True,21,lbfgs,200,False,4728.221407893952,-2360.110703946976
SARIMAX_anom_E3_exog,2017-10,True,85,lbfgs,200,False,4661.893525082448,-2323.946762541224
SARIMAX_z_E3_semexog,2017-10,True,11,lbfgs,200,False,1211.64274349672,-601.82137174836
SARIMAX_z_E3_exog,2017-10,True,16,lbfgs,200,False,1186.1361216504254,-586.0680608252127
SARIMAX_anom_E4_semexog,2017-10,True,14,lbfgs,200,False,4714.832069760563,-2353.4160348802816
SARIMAX_anom_E4_exog,2017-10,True,85,lbfgs,200,False,4652.052009449708,-2319.026004724854
SARIMAX_z_E4_semexog,2017-10,True,10,lbfgs,200,False,1208.6890387976837,-600.3445193988418
SARIMAX_z_E4_exog,2017-10,True,15,lbfgs,200,False,1183.1564645532035,-584.5782322766017
Harmonico_harm1,2017-10,True,24,lbfgs,200,False,4932.807178448975,-2461.4035892244874
Harmonico_harm2,2017-10,True,37,lbfgs,200,False,4884.930611902653,-2435.4653059513266
SARIMAX_anom_E1_semexog,2017-11,True,11,lbfgs,200,False,4853.805571725591,-2423.9027858627956
SARIMAX_anom_E1_exog,2017-11,True,53,lbfgs,200,False,4786.784025220899,-2387.3920126104495
SARIMAX_z_E1_semexog,2017-11,True,8,lbfgs,200,False,1244.257110455229,-619.1285552276145
SARIMAX_z_E1_exog,2017-11,True,13,lbfgs,200,False,1217.6296522815123,-602.8148261407562
SARIMAX_anom_E2_semexog,2017-11,True,12,lbfgs,200,False,4843.761136736078,-2417.880568368039
SARIMAX_anom_E2_exog,2017-11,True,41,lbfgs,200,False,4777.701917880861,-2381.8509589404307
SARIMAX_z_E2_semexog,2017-11,True,11,lbfgs,200,False,1241.839982402616,-616.919991201308
SARIMAX_z_E2_exog,2017-11,True,18,lbfgs,200,False,1217.166271039777,-601.5831355198885
SARIMAX_anom_E3_semexog,2017-11,True,22,lbfgs,200,False,4738.6277275779075,-2365.3138637889538
SARIMAX_anom_E3_exog,2017-11,True,87,lbfgs,200,False,4671.95211087301,-2328.976055436505
SARIMAX_z_E3_semexog,2017-11,True,11,lbfgs,200,False,1214.8381792835914,-603.4190896417957
SARIMAX_z_E3_exog,2017-11,True,14,lbfgs,200,False,1188.9500814072694,-587.4750407036347
SARIMAX_anom_E4_semexog,2017-11,True,14,lbfgs,200,False,4725.23433118343,-2358.617165591715
SARIMAX_anom_E4_exog,2017-11,True,69,lbfgs,200,False,4662.137176060043,-2324.0685880300216
SARIMAX_z_E4_semexog,2017-11,True,9,lbfgs,200,False,1211.8891793899415,-601.9445896949708
SARIMAX_z_E4_exog,2017-11,True,17,lbfgs,200,False,1185.9416380920832,-585.9708190460416
Harmonico_harm1,2017-11,True,24,lbfgs,200,False,4943.06294113883,-2466.531470569415
Harmonico_harm2,2017-11,True,27,lbfgs,200,False,4895.306652306895,-2440.6533261534473
SARIMAX_anom_E1_semexog,2017-12,True,11,lbfgs,200,False,4865.305950299327,-2429.6529751496637
SARIMAX_anom_E1_exog,2017-12,True,51,lbfgs,200,False,4798.952134021312,-2393.476067010656
SARIMAX_z_E1_semexog,2017-12,True,8,lbfgs,200,False,1247.1766907224307,-620.5883453612154
SARIMAX_z_E1_exog,2017-12,True,13,lbfgs,200,False,1220.9567984814107,-604.4783992407054
SARIMAX_anom_E2_semexog,2017-12,True,12,lbfgs,200,False,4855.1482713088035,-2423.5741356544017
SARIMAX_anom_E2_exog,2017-12,True,52,lbfgs,200,False,4789.886009310066,-2387.943004655033
SARIMAX_z_E2_semexog,2017-12,True,13,lbfgs,200,False,1244.685912246514,-618.342956123257
SARIMAX_z_E2_exog,2017-12,True,16,lbfgs,200,False,1220.3904298030593,-603.1952149015297
SARIMAX_anom_E3_semexog,2017-12,True,23,lbfgs,200,False,4750.261064338136,-2371.130532169068
SARIMAX_anom_E3_exog,2017-12,True,86,lbfgs,200,False,4684.0384173055245,-2335.0192086527622
SARIMAX_z_E3_semexog,2017-12,True,11,lbfgs,200,False,1217.6844442576635,-604.8422221288317
SARIMAX_z_E3_exog,2017-12,True,14,lbfgs,200,False,1191.99501365566,-588.99750682783
SARIMAX_anom_E4_semexog,2017-12,True,14,lbfgs,200,False,4736.786342206704,-2364.393171103352
SARIMAX_anom_E4_exog,2017-12,True,69,lbfgs,200,False,4674.128157355721,-2330.0640786778604
SARIMAX_z_E4_semexog,2017-12,True,7,lbfgs,200,False,1214.6806155775653,-603.3403077887826
SARIMAX_z_E4_exog,2017-12,True,18,lbfgs,200,False,1189.0045133700323,-587.5022566850162
Harmonico_harm1,2017-12,True,25,lbfgs,200,False,4956.026088856128,-2473.013044428064
Harmonico_harm2,2017-12,False,26,lbfgs,200,True,4906.9733331137495,-2446.4866665568748
SARIMAX_anom_E1_semexog,2018-01,True,10,lbfgs,200,False,4875.367368712366,-2434.683684356183
SARIMAX_anom_E1_exog,2018-01,True,53,lbfgs,200,False,4809.444192793857,-2398.7220963969285
SARIMAX_z_E1_semexog,2018-01,True,8,lbfgs,200,False,1250.019681332855,-622.0098406664275
SARIMAX_z_E1_exog,2018-01,True,13,lbfgs,200,False,1223.8682784647963,-605.9341392323981
SARIMAX_anom_E2_semexog,2018-01,True,12,lbfgs,200,False,4865.284409293628,-2428.642204646814
SARIMAX_anom_E2_exog,2018-01,True,46,lbfgs,200,False,4800.316860219354,-2393.158430109677
SARIMAX_z_E2_semexog,2018-01,True,11,lbfgs,200,False,1247.5927234818682,-619.7963617409341
SARIMAX_z_E2_exog,2018-01,True,17,lbfgs,200,False,1223.3525584814502,-604.6762792407251
SARIMAX_anom_E3_semexog,2018-01,True,23,lbfgs,200,False,4760.302218541803,-2376.1511092709015
SARIMAX_anom_E3_exog,2018-01,True,69,lbfgs,200,False,4694.516278258425,-2340.2581391292124
SARIMAX_z_E3_semexog,2018-01,True,11,lbfgs,200,False,1220.5115299040463,-606.2557649520231
SARIMAX_z_E3_exog,2018-01,True,15,lbfgs,200,False,1194.8851212302975,-590.4425606151488
SARIMAX_anom_E4_semexog,2018-01,True,14,lbfgs,200,False,4746.806709995852,-2369.403354997926
SARIMAX_anom_E4_exog,2018-01,True,39,lbfgs,200,False,4684.559719149225,-2335.2798595746126
SARIMAX_z_E4_semexog,2018-01,True,7,lbfgs,200,False,1217.4960252930637,-604.7480126465318
SARIMAX_z_E4_exog,2018-01,True,18,lbfgs,200,False,1191.8854707011124,-588.9427353505562
Harmonico_harm1,2018-01,True,24,lbfgs,200,False,4966.438768555456,-2478.219384277728
Harmonico_harm2,2018-01,True,26,lbfgs,200,False,4917.089138029049,-2451.5445690145243
SARIMAX_anom_E1_semexog,2018-02,True,10,lbfgs,200,False,4888.44322249239,-2441.221611246195
SARIMAX_anom_E1_exog,2018-02,True,48,lbfgs,200,False,4820.946963027147,-2404.4734815135735
SARIMAX_z_E1_semexog,2018-02,True,7,lbfgs,200,False,1252.9775090124947,-623.4887545062473
SARIMAX_z_E1_exog,2018-02,True,13,lbfgs,200,False,1226.13253260877,-607.066266304385
SARIMAX_anom_E2_semexog,2018-02,True,12,lbfgs,200,False,4878.597505065771,-2435.2987525328854
SARIMAX_anom_E2_exog,2018-02,True,40,lbfgs,200,False,4811.851308245385,-2398.9256541226923
SARIMAX_z_E2_semexog,2018-02,True,12,lbfgs,200,False,1250.776069671328,-621.388034835664
SARIMAX_z_E2_exog,2018-02,True,17,lbfgs,200,False,1225.7547554382502,-605.8773777191251
SARIMAX_anom_E3_semexog,2018-02,True,25,lbfgs,200,False,4773.094465571878,-2382.547232785939
SARIMAX_anom_E3_exog,2018-02,True,54,lbfgs,200,False,4705.554772380978,-2345.777386190489
SARIMAX_z_E3_semexog,2018-02,True,11,lbfgs,200,False,1222.9469248073,-607.47346240365
SARIMAX_z_E3_exog,2018-02,True,15,lbfgs,200,False,1196.6802731690107,-591.3401365845053
SARIMAX_anom_E4_semexog,2018-02,True,13,lbfgs,200,False,4759.73031996889,-2375.865159984445
SARIMAX_anom_E4_exog,2018-02,True,68,lbfgs,200,False,4695.876275306951,-2340.9381376534757
SARIMAX_z_E4_semexog,2018-02,True,10,lbfgs,200,False,1219.8581673424324,-605.9290836712162
SARIMAX_z_E4_exog,2018-02,True,17,lbfgs,200,False,1193.6509284591896,-589.8254642295948
Harmonico_harm1,2018-02,True,23,lbfgs,200,False,4978.9514211158985,-2484.4757105579492
Harmonico_harm2,2018-02,True,25,lbfgs,200,False,4929.137302446856,-2457.568651223428
SARIMAX_anom_E1_semexog,2018-03,True,10,lbfgs,200,False,4899.653924795185,-2446.8269623975925
SARIMAX_anom_E1_exog,2018-03,True,52,lbfgs,200,False,4831.674797031664,-2409.837398515832
SARIMAX_z_E1_semexog,2018-03,True,8,lbfgs,200,False,1255.5486064711342,-624.7743032355671
SARIMAX_z_E1_exog,2018-03,True,13,lbfgs,200,False,1228.3991860585659,-608.1995930292829
SARIMAX_anom_E2_semexog,2018-03,True,12,lbfgs,200,False,4889.907757666133,-2440.9538788330665
SARIMAX_anom_E2_exog,2018-03,True,40,lbfgs,200,False,4822.503265064636,-2404.251632532318
SARIMAX_z_E2_semexog,2018-03,True,12,lbfgs,200,False,1253.367523374353,-622.6837616871765
SARIMAX_z_E2_exog,2018-03,True,17,lbfgs,200,False,1228.0257416688587,-607.0128708344293
SARIMAX_anom_E3_semexog,2018-03,True,23,lbfgs,200,False,4784.31817024325,-2388.159085121625
SARIMAX_anom_E3_exog,2018-03,True,84,lbfgs,200,False,4716.1876151019105,-2351.0938075509553
SARIMAX_z_E3_semexog,2018-03,True,11,lbfgs,200,False,1225.5892574847749,-608.7946287423874
SARIMAX_z_E3_exog,2018-03,True,15,lbfgs,200,False,1198.9505833595472,-592.4752916797736
SARIMAX_anom_E4_semexog,2018-03,True,13,lbfgs,200,False,4771.028471862795,-2381.5142359313977
SARIMAX_anom_E4_exog,2018-03,True,88,lbfgs,200,False,4706.637491740872,-2346.318745870436
SARIMAX_z_E4_semexog,2018-03,True,11,lbfgs,200,False,1222.510508480971,-607.2552542404856
SARIMAX_z_E4_exog,2018-03,True,17,lbfgs,200,False,1195.9245143473156,-590.9622571736578
Harmonico_harm1,2018-03,True,27,lbfgs,200,False,4992.320345255332,-2491.160172627666
Harmonico_harm2,2018-03,True,26,lbfgs,200,False,4941.1412215998735,-2463.5706107999367
SARIMAX_anom_E1_semexog,2018-04,True,10,lbfgs,200,False,4910.048001365799,-2452.0240006828994
SARIMAX_anom_E1_exog,2018-04,True,62,lbfgs,200,False,4841.840943169902,-2414.920471584951
SARIMAX_z_E1_semexog,2018-04,True,7,lbfgs,200,False,1258.140890012862,-626.070445006431
SARIMAX_z_E1_exog,2018-04,True,13,lbfgs,200,False,1230.7649022839817,-609.3824511419908
SARIMAX_anom_E2_semexog,2018-04,True,12,lbfgs,200,False,4900.17739695337,-2446.088698476685
SARIMAX_anom_E2_exog,2018-04,True,70,lbfgs,200,False,4832.64073929921,-2409.320369649605
SARIMAX_z_E2_semexog,2018-04,True,12,lbfgs,200,False,1255.9068703808894,-623.9534351904447
SARIMAX_z_E2_exog,2018-04,True,17,lbfgs,200,False,1230.3739293413828,-608.1869646706914
SARIMAX_anom_E3_semexog,2018-04,True,25,lbfgs,200,False,4794.661088114575,-2393.3305440572876
SARIMAX_anom_E3_exog,2018-04,True,99,lbfgs,200,False,4726.2603852250795,-2356.1301926125398
SARIMAX_z_E3_semexog,2018-04,True,11,lbfgs,200,False,1228.1111396586543,-610.0555698293272
SARIMAX_z_E3_exog,2018-04,True,15,lbfgs,200,False,1201.25572453805,-593.627862269025
SARIMAX_anom_E4_semexog,2018-04,True,12,lbfgs,200,False,4781.352032480379,-2386.6760162401897
SARIMAX_anom_E4_exog,2018-04,True,93,lbfgs,200,False,4716.680377224278,-2351.340188612139
SARIMAX_z_E4_semexog,2018-04,True,11,lbfgs,200,False,1225.0234650157174,-608.5117325078587
SARIMAX_z_E4_exog,2018-04,True,17,lbfgs,200,False,1198.2399741053605,-592.1199870526802
Harmonico_harm1,2018-04,True,25,lbfgs,200,False,5003.7987321638775,-2496.8993660819388
Harmonico_harm2,2018-04,True,26,lbfgs,200,False,4952.044968719036,-2469.022484359518
SARIMAX_anom_E1_semexog,2018-05,True,11,lbfgs,200,False,4920.647227742727,-2457.3236138713637
SARIMAX_anom_E1_exog,2018-05,True,43,lbfgs,200,False,4852.3947273967915,-2420.1973636983957
SARIMAX_z_E1_semexog,2018-05,True,8,lbfgs,200,False,1261.168880015367,-627.5844400076835
SARIMAX_z_E1_exog,2018-05,True,13,lbfgs,200,False,1233.9817560100169,-610.9908780050084
SARIMAX_anom_E2_semexog,2018-05,True,12,lbfgs,200,False,4910.778239215799,-2451.3891196078994
SARIMAX_anom_E2_exog,2018-05,True,47,lbfgs,200,False,4843.227798341251,-2414.6138991706257
SARIMAX_z_E2_semexog,2018-05,True,12,lbfgs,200,False,1258.9248184364783,-625.4624092182391
SARIMAX_z_E2_exog,2018-05,True,17,lbfgs,200,False,1233.608558645041,-609.8042793225205
SARIMAX_anom_E3_semexog,2018-05,True,25,lbfgs,200,False,4805.2156935137355,-2398.6078467568677
SARIMAX_anom_E3_exog,2018-05,True,72,lbfgs,200,False,4736.850788952648,-2361.425394476324
SARIMAX_z_E3_semexog,2018-05,True,11,lbfgs,200,False,1231.078191768721,-611.5390958843604
SARIMAX_z_E3_exog,2018-05,True,15,lbfgs,200,False,1204.4080222231073,-595.2040111115537
SARIMAX_anom_E4_semexog,2018-05,True,14,lbfgs,200,False,4791.985144925855,-2391.9925724629275
SARIMAX_anom_E4_exog,2018-05,True,60,lbfgs,200,False,4725.975170299966,-2355.987585149983
SARIMAX_z_E4_semexog,2018-05,True,10,lbfgs,200,False,1228.0106252493429,-610.0053126246714
SARIMAX_z_E4_exog,2018-05,True,17,lbfgs,200,False,1201.406272745625,-593.7031363728125
Harmonico_harm1,2018-05,True,24,lbfgs,200,False,5015.225508737933,-2502.6127543689663
Harmonico_harm2,2018-05,True,25,lbfgs,200,False,4963.026562376752,-2474.513281188376
SARIMAX_anom_E1_semexog,2018-06,True,11,lbfgs,200,False,4930.679586494411,-2462.3397932472053
SARIMAX_anom_E1_exog,2018-06,True,50,lbfgs,200,False,4862.409195376278,-2425.204597688139
SARIMAX_z_E1_semexog,2018-06,True,7,lbfgs,200,False,1263.8641707754023,-628.9320853877011
SARIMAX_z_E1_exog,2018-06,True,13,lbfgs,200,False,1236.8582476968359,-612.4291238484179
SARIMAX_anom_E2_semexog,2018-06,True,11,lbfgs,200,False,4920.798765784546,-2456.399382892273
SARIMAX_anom_E2_exog,2018-06,True,59,lbfgs,200,False,4853.20082117477,-2419.600410587385
SARIMAX_z_E2_semexog,2018-06,True,13,lbfgs,200,False,1261.5984534256718,-626.7992267128359
SARIMAX_z_E2_exog,2018-06,True,17,lbfgs,200,False,1236.4844244271642,-611.2422122135821
SARIMAX_anom_E3_semexog,2018-06,True,24,lbfgs,200,False,4815.235251617642,-2403.617625808821
SARIMAX_anom_E3_exog,2018-06,True,84,lbfgs,200,False,4746.881048583857,-2366.4405242919283
SARIMAX_z_E3_semexog,2018-06,True,11,lbfgs,200,False,1233.69807111114,-612.84903555557
SARIMAX_z_E3_exog,2018-06,True,15,lbfgs,200,False,1207.2425458920734,-596.6212729460367
SARIMAX_anom_E4_semexog,2018-06,True,14,lbfgs,200,False,4802.023276694146,-2397.011638347073
SARIMAX_anom_E4_exog,2018-06,True,93,lbfgs,200,False,4737.4237381114835,-2361.7118690557418
SARIMAX_z_E4_semexog,2018-06,True,11,lbfgs,200,False,1230.6444414652374,-611.3222207326187
SARIMAX_z_E4_exog,2018-06,True,16,lbfgs,200,False,1204.2341978443224,-595.1170989221612
Harmonico_harm1,2018-06,True,23,lbfgs,200,False,5025.9003311086135,-2507.9501655543067
Harmonico_harm2,2018-06,False,24,lbfgs,200,True,4973.137499156885,-2479.5687495784423
SARIMAX_anom_E1_semexog,2018-07,True,11,lbfgs,200,False,4940.684099640068,-2467.342049820034
SARIMAX_anom_E1_exog,2018-07,True,56,lbfgs,200,False,4872.352052514936,-2430.176026257468
SARIMAX_z_E1_semexog,2018-07,True,7,lbfgs,200,False,1266.503657198664,-630.251828599332
SARIMAX_z_E1_exog,2018-07,True,13,lbfgs,200,False,1239.600336242786,-613.800168121393
SARIMAX_anom_E2_semexog,2018-07,True,11,lbfgs,200,False,4930.788499225173,-2461.3942496125865
SARIMAX_anom_E2_exog,2018-07,True,50,lbfgs,200,False,4863.1464964492825,-2424.5732482246412
SARIMAX_z_E2_semexog,2018-07,True,12,lbfgs,200,False,1264.1637713785294,-628.0818856892647
SARIMAX_z_E2_exog,2018-07,True,18,lbfgs,200,False,1239.1618036640934,-612.5809018320467
SARIMAX_anom_E3_semexog,2018-07,True,24,lbfgs,200,False,4825.243982350484,-2408.621991175242
SARIMAX_anom_E3_exog,2018-07,True,78,lbfgs,200,False,4756.834014983549,-2371.4170074917747
SARIMAX_z_E3_semexog,2018-07,True,11,lbfgs,200,False,1236.2859991594623,-614.1429995797312
SARIMAX_z_E3_exog,2018-07,True,15,lbfgs,200,False,1209.9296252697839,-597.9648126348919
SARIMAX_anom_E4_semexog,2018-07,True,14,lbfgs,200,False,4812.032321687248,-2402.016160843624
SARIMAX_anom_E4_exog,2018-07,True,53,lbfgs,200,False,4747.401220087136,-2366.700610043568
SARIMAX_z_E4_semexog,2018-07,True,10,lbfgs,200,False,1233.223466001728,-612.611733000864
SARIMAX_z_E4_exog,2018-07,True,17,lbfgs,200,False,1206.9243502407721,-596.4621751203861
Harmonico_harm1,2018-07,True,17,lbfgs,200,False,5036.150247728531,-2513.0751238642656
Harmonico_harm2,2018-07,True,24,lbfgs,200,False,4983.22164024643,-2484.610820123215
SARIMAX_anom_E1_semexog,2018-08,True,11,lbfgs,200,False,4950.675750947687,-2472.3378754738437
SARIMAX_anom_E1_exog,2018-08,True,46,lbfgs,200,False,4882.238614606011,-2435.1193073030054
SARIMAX_z_E1_semexog,2018-08,True,7,lbfgs,200,False,1269.2120902877755,-631.6060451438877
SARIMAX_z_E1_exog,2018-08,True,14,lbfgs,200,False,1242.3215332858592,-615.1607666429296
SARIMAX_anom_E2_semexog,2018-08,True,11,lbfgs,200,False,4940.778360536084,-2466.389180268042
SARIMAX_anom_E2_exog,2018-08,True,71,lbfgs,200,False,4873.031823249405,-2429.5159116247023
SARIMAX_z_E2_semexog,2018-08,True,12,lbfgs,200,False,1266.8508458597773,-629.4254229298887
SARIMAX_z_E2_exog,2018-08,True,17,lbfgs,200,False,1241.8635299769346,-613.9317649884673
SARIMAX_anom_E3_semexog,2018-08,True,24,lbfgs,200,False,4835.243010221473,-2413.6215051107365
SARIMAX_anom_E3_exog,2018-08,True,83,lbfgs,200,False,4766.7409480393235,-2376.3704740196617
SARIMAX_z_E3_semexog,2018-08,True,11,lbfgs,200,False,1238.957897292757,-615.4789486463785
SARIMAX_z_E3_exog,2018-08,True,15,lbfgs,200,False,1212.638558054533,-599.3192790272665
SARIMAX_anom_E4_semexog,2018-08,True,14,lbfgs,200,False,4822.026416228768,-2407.013208114384
SARIMAX_anom_E4_exog,2018-08,True,66,lbfgs,200,False,4757.279237253036,-2371.639618626518
SARIMAX_z_E4_semexog,2018-08,True,9,lbfgs,200,False,1235.8948678003271,-613.9474339001636
SARIMAX_z_E4_exog,2018-08,True,17,lbfgs,200,False,1209.6359242972228,-597.8179621486114
Harmonico_harm1,2018-08,False,23,lbfgs,200,True,5046.259774890582,-2518.129887445291
Harmonico_harm2,2018-08,True,25,lbfgs,200,False,4993.274691122057,-2489.6373455610287
SARIMAX_anom_E1_semexog,2018-09,True,11,lbfgs,200,False,4960.669127545343,-2477.3345637726716
SARIMAX_anom_E1_exog,2018-09,True,46,lbfgs,200,False,4892.140819198441,-2440.0704095992205
SARIMAX_z_E1_semexog,2018-09,True,7,lbfgs,200,False,1272.038224783123,-633.0191123915615
SARIMAX_z_E1_exog,2018-09,True,14,lbfgs,200,False,1245.166356977475,-616.5831784887375
SARIMAX_anom_E2_semexog,2018-09,True,11,lbfgs,200,False,4950.769617814066,-2471.384808907033
SARIMAX_anom_E2_exog,2018-09,True,38,lbfgs,200,False,4882.951191327971,-2434.4755956639856
SARIMAX_z_E2_semexog,2018-09,True,12,lbfgs,200,False,1269.6807335868587,-630.8403667934293
SARIMAX_z_E2_exog,2018-09,True,16,lbfgs,200,False,1244.715872943444,-615.357936471722
SARIMAX_anom_E3_semexog,2018-09,True,25,lbfgs,200,False,4845.243993221216,-2418.621996610608
SARIMAX_anom_E3_exog,2018-09,True,84,lbfgs,200,False,4776.651359471442,-2381.325679735721
SARIMAX_z_E3_semexog,2018-09,True,11,lbfgs,200,False,1241.737168808326,-616.868584404163
SARIMAX_z_E3_exog,2018-09,True,15,lbfgs,200,False,1215.4397430368758,-600.7198715184379
SARIMAX_anom_E4_semexog,2018-09,True,14,lbfgs,200,False,4832.020604219191,-2412.0103021095956
SARIMAX_anom_E4_exog,2018-09,True,58,lbfgs,200,False,4767.213307238866,-2376.606653619433
SARIMAX_z_E4_semexog,2018-09,True,10,lbfgs,200,False,1238.6800544267182,-615.3400272133591
SARIMAX_z_E4_exog,2018-09,True,16,lbfgs,200,False,1212.4324239311081,-599.2162119655541
Harmonico_harm1,2018-09,True,21,lbfgs,200,False,5056.495124363686,-2523.247562181843
Harmonico_harm2,2018-09,True,25,lbfgs,200,False,5003.359987836675,-2494.6799939183375
SARIMAX_anom_E1_semexog,2018-10,True,11,lbfgs,200,False,4970.734203726712,-2482.367101863356
SARIMAX_anom_E1_exog,2018-10,True,38,lbfgs,200,False,4902.114873017015,-2445.0574365085076
SARIMAX_z_E1_semexog,2018-10,True,7,lbfgs,200,False,1274.8163222035037,-634.4081611017518
SARIMAX_z_E1_exog,2018-10,True,14,lbfgs,200,False,1247.8987969721923,-617.9493984860961
SARIMAX_anom_E2_semexog,2018-10,True,11,lbfgs,200,False,4960.83312320749,-2476.416561603745
SARIMAX_anom_E2_exog,2018-10,True,43,lbfgs,200,False,4892.920700653438,-2439.460350326719
SARIMAX_z_E2_semexog,2018-10,True,12,lbfgs,200,False,1272.452273874417,-632.2261369372085
SARIMAX_z_E2_exog,2018-10,True,17,lbfgs,200,False,1247.4350179907603,-616.7175089953802
SARIMAX_anom_E3_semexog,2018-10,True,24,lbfgs,200,False,4855.304065462346,-2423.652032731173
SARIMAX_anom_E3_exog,2018-10,True,84,lbfgs,200,False,4786.5955501238495,-2386.2977750619248
SARIMAX_z_E3_semexog,2018-10,True,11,lbfgs,200,False,1244.4320102040015,-618.2160051020007
SARIMAX_z_E3_exog,2018-10,True,15,lbfgs,200,False,1218.0608837333589,-602.0304418666794
SARIMAX_anom_E4_semexog,2018-10,True,14,lbfgs,200,False,4842.075468621212,-2417.037734310606
SARIMAX_anom_E4_exog,2018-10,True,53,lbfgs,200,False,4777.171082461401,-2381.5855412307005
SARIMAX_z_E4_semexog,2018-10,True,7,lbfgs,200,False,1241.3566428882386,-616.6783214441193
SARIMAX_z_E4_exog,2018-10,True,16,lbfgs,200,False,1215.0489473892226,-600.5244736946113
Harmonico_harm1,2018-10,False,21,lbfgs,200,True,5066.6757599944885,-2528.3378799972443
Harmonico_harm2,2018-10,True,24,lbfgs,200,False,5013.3845707651035,-2499.6922853825517
SARIMAX_anom_E1_semexog,2018-11,True,10,lbfgs,200,False,4982.177538295829,-2488.0887691479147
SARIMAX_anom_E1_exog,2018-11,True,46,lbfgs,200,False,4913.696129815169,-2450.8480649075846
SARIMAX_z_E1_semexog,2018-11,True,7,lbfgs,200,False,1277.920130412227,-635.9600652061135
SARIMAX_z_E1_exog,2018-11,True,13,lbfgs,200,False,1251.296885036984,-619.648442518492
SARIMAX_anom_E2_semexog,2018-11,True,11,lbfgs,200,False,4972.240923555221,-2482.1204617776107
SARIMAX_anom_E2_exog,2018-11,True,64,lbfgs,200,False,4904.504977041187,-2445.2524885205935
SARIMAX_z_E2_semexog,2018-11,True,12,lbfgs,200,False,1275.4347649247438,-633.7173824623719
SARIMAX_z_E2_exog,2018-11,True,17,lbfgs,200,False,1250.7631117483647,-618.3815558741824
SARIMAX_anom_E3_semexog,2018-11,True,24,lbfgs,200,False,4866.762926037976,-2429.381463018988
SARIMAX_anom_E3_exog,2018-11,True,93,lbfgs,200,False,4798.17055878046,-2392.08527939023
SARIMAX_z_E3_semexog,2018-11,True,11,lbfgs,200,False,1247.4351401905833,-619.7175700952916
SARIMAX_z_E3_exog,2018-11,True,16,lbfgs,200,False,1221.3389479357245,-603.6694739678622
SARIMAX_anom_E4_semexog,2018-11,True,14,lbfgs,200,False,4853.54311345554,-2422.77155672777
SARIMAX_anom_E4_exog,2018-11,True,80,lbfgs,200,False,4788.762842825881,-2387.3814214129407
SARIMAX_z_E4_semexog,2018-11,True,10,lbfgs,200,False,1244.335659620469,-618.1678298102345
SARIMAX_z_E4_exog,2018-11,True,16,lbfgs,200,False,1218.3165170684354,-602.1582585342177
Harmonico_harm1,2018-11,True,24,lbfgs,200,False,5077.671600155725,-2533.8358000778626
Harmonico_harm2,2018-11,True,23,lbfgs,200,False,5024.848937947687,-2505.4244689738434
SARIMAX_anom_E1_semexog,2018-12,True,11,lbfgs,200,False,4992.248211943648,-2493.124105971824
SARIMAX_anom_E1_exog,2018-12,True,55,lbfgs,200,False,4924.063616701858,-2456.031808350929
SARIMAX_z_E1_semexog,2018-12,True,7,lbfgs,200,False,1280.6743882053577,-637.3371941026788
SARIMAX_z_E1_exog,2018-12,True,14,lbfgs,200,False,1254.178878308138,-621.089439154069
SARIMAX_anom_E2_semexog,2018-12,True,11,lbfgs,200,False,4982.330700236202,-2487.165350118101
SARIMAX_anom_E2_exog,2018-12,True,33,lbfgs,200,False,4914.854263484053,-2450.4271317420266
SARIMAX_z_E2_semexog,2018-12,True,13,lbfgs,200,False,1278.2045943532894,-635.1022971766447
SARIMAX_z_E2_exog,2018-12,True,17,lbfgs,200,False,1253.6604882560507,-619.8302441280254
SARIMAX_anom_E3_semexog,2018-12,True,25,lbfgs,200,False,4876.837714987411,-2434.4188574937057
SARIMAX_anom_E3_exog,2018-12,True,55,lbfgs,200,False,4808.67947312139,-2397.339736560695
SARIMAX_z_E3_semexog,2018-12,True,11,lbfgs,200,False,1250.2086668666855,-621.1043334333427
SARIMAX_z_E3_exog,2018-12,True,15,lbfgs,200,False,1224.377681891348,-605.188840945674
SARIMAX_anom_E4_semexog,2018-12,True,14,lbfgs,200,False,4863.621842739841,-2427.8109213699204
SARIMAX_anom_E4_exog,2018-12,True,73,lbfgs,200,False,4799.208432939877,-2392.6042164699384
SARIMAX_z_E4_semexog,2018-12,True,10,lbfgs,200,False,1247.1126411821442,-619.5563205910721
SARIMAX_z_E4_exog,2018-12,True,17,lbfgs,200,False,1221.352563973611,-603.6762819868055
Harmonico_harm1,2018-12,True,24,lbfgs,200,False,5087.899132965167,-2538.9495664825836
Harmonico_harm2,2018-12,True,25,lbfgs,200,False,5034.953411869545,-2510.4767059347723
SARIMAX_anom_E1_semexog,2019-01,True,11,lbfgs,200,False,5003.071083970375,-2498.5355419851876
SARIMAX_anom_E1_exog,2019-01,True,48,lbfgs,200,False,4934.148622240867,-2461.0743111204333
SARIMAX_z_E1_semexog,2019-01,True,7,lbfgs,200,False,1283.6770477720752,-638.8385238860376
SARIMAX_z_E1_exog,2019-01,True,14,lbfgs,200,False,1256.7159951750527,-622.3579975875264
SARIMAX_anom_E2_semexog,2019-01,True,11,lbfgs,200,False,4993.3071065198465,-2492.6535532599232
SARIMAX_anom_E2_exog,2019-01,True,60,lbfgs,200,False,4924.906252354152,-2455.453126177076
SARIMAX_z_E2_semexog,2019-01,True,12,lbfgs,200,False,1281.3863251320167,-636.6931625660084
SARIMAX_z_E2_exog,2019-01,True,17,lbfgs,200,False,1256.2706826685935,-621.1353413342968
SARIMAX_anom_E3_semexog,2019-01,True,25,lbfgs,200,False,4887.53936409438,-2439.76968204719
SARIMAX_anom_E3_exog,2019-01,True,83,lbfgs,200,False,4818.638752400822,-2402.319376200411
SARIMAX_z_E3_semexog,2019-01,True,11,lbfgs,200,False,1253.1304680040726,-622.5652340020363
SARIMAX_z_E3_exog,2019-01,True,15,lbfgs,200,False,1226.8317515574506,-606.4158757787253
SARIMAX_anom_E4_semexog,2019-01,True,14,lbfgs,200,False,4874.354946171655,-2433.1774730858274
SARIMAX_anom_E4_exog,2019-01,True,69,lbfgs,200,False,4809.2687802908495,-2397.6343901454247
SARIMAX_z_E4_semexog,2019-01,True,10,lbfgs,200,False,1250.0461298107864,-621.0230649053932
SARIMAX_z_E4_exog,2019-01,True,17,lbfgs,200,False,1223.8137734925278,-604.9068867462639
Harmonico_harm1,2019-01,True,33,lbfgs,200,False,5098.98275495003,-2544.491377475015
Harmonico_harm2,2019-01,True,25,lbfgs,200,False,5045.53122843868,-2515.76561421934
SARIMAX_anom_E1_semexog,2019-02,True,10,lbfgs,200,False,5014.2017226736425,-2504.1008613368213
SARIMAX_anom_E1_exog,2019-02,True,55,lbfgs,200,False,4944.695999103966,-2466.347999551983
SARIMAX_z_E1_semexog,2019-02,True,7,lbfgs,200,False,1286.4695805627675,-640.2347902813838
SARIMAX_z_E1_exog,2019-02,True,14,lbfgs,200,False,1259.210359543914,-623.605179771957
SARIMAX_anom_E2_semexog,2019-02,True,11,lbfgs,200,False,5004.419912998181,-2498.2099564990904
SARIMAX_anom_E2_exog,2019-02,True,41,lbfgs,200,False,4935.421642124626,-2460.710821062313
SARIMAX_z_E2_semexog,2019-02,True,12,lbfgs,200,False,1284.1237380533448,-638.0618690266724
SARIMAX_z_E2_exog,2019-02,True,18,lbfgs,200,False,1258.7584359146167,-622.3792179573084
SARIMAX_anom_E3_semexog,2019-02,True,25,lbfgs,200,False,4898.6817583590855,-2445.3408791795428
SARIMAX_anom_E3_exog,2019-02,True,71,lbfgs,200,False,4829.3355747546775,-2407.6677873773388
SARIMAX_z_E3_semexog,2019-02,True,11,lbfgs,200,False,1256.048765980611,-624.0243829903055
SARIMAX_z_E3_exog,2019-02,True,15,lbfgs,200,False,1229.410711982035,-607.7053559910175
SARIMAX_anom_E4_semexog,2019-02,True,14,lbfgs,200,False,4885.63174308591,-2438.815871542955
SARIMAX_anom_E4_exog,2019-02,True,99,lbfgs,200,False,4812.926401444822,-2399.463200722411
SARIMAX_z_E4_semexog,2019-02,True,10,lbfgs,200,False,1252.9790152908581,-622.4895076454291
SARIMAX_z_E4_exog,2019-02,True,16,lbfgs,200,False,1226.3637967588784,-606.1818983794392
Harmonico_harm1,2019-02,True,23,lbfgs,200,False,5110.224691408868,-2550.112345704434
Harmonico_harm2,2019-02,True,24,lbfgs,200,False,5057.295166971493,-2521.6475834857465
SARIMAX_anom_E1_semexog,2019-03,True,11,lbfgs,200,False,5026.856830718143,-2510.4284153590716
SARIMAX_anom_E1_exog,2019-03,True,41,lbfgs,200,False,4958.244045977388,-2473.122022988694
SARIMAX_z_E1_semexog,2019-03,True,8,lbfgs,200,False,1289.5935267566101,-641.7967633783051
SARIMAX_z_E1_exog,2019-03,True,14,lbfgs,200,False,1262.9573478456973,-625.4786739228487
SARIMAX_anom_E2_semexog,2019-03,True,12,lbfgs,200,False,5017.447255148265,-2504.7236275741325
SARIMAX_anom_E2_exog,2019-03,True,36,lbfgs,200,False,4949.083403841454,-2467.541701920727
SARIMAX_z_E2_semexog,2019-03,True,11,lbfgs,200,False,1287.4764831607713,-639.7382415803856
SARIMAX_z_E2_exog,2019-03,True,20,lbfgs,200,False,1262.5788499058158,-624.2894249529079
SARIMAX_anom_E3_semexog,2019-03,True,23,lbfgs,200,False,4911.360940110624,-2451.680470055312
SARIMAX_anom_E3_exog,2019-03,True,50,lbfgs,200,False,4842.558381546702,-2414.279190773351
SARIMAX_z_E3_semexog,2019-03,True,11,lbfgs,200,False,1259.0441486631569,-625.5220743315784
SARIMAX_z_E3_exog,2019-03,True,16,lbfgs,200,False,1232.9148570624438,-609.4574285312219
SARIMAX_anom_E4_semexog,2019-03,True,15,lbfgs,200,False,4898.254586121234,-2445.127293060617
SARIMAX_anom_E4_exog,2019-03,True,86,lbfgs,200,False,4831.673252784951,-2408.8366263924754
SARIMAX_z_E4_semexog,2019-03,True,7,lbfgs,200,False,1255.9475509282297,-623.9737754641149
SARIMAX_z_E4_exog,2019-03,True,16,lbfgs,200,False,1229.857663368809,-607.9288316844045
Harmonico_harm1,2019-03,True,23,lbfgs,200,False,5124.960348958612,-2557.480174479306
Harmonico_harm2,2019-03,True,24,lbfgs,200,False,5070.479146848762,-2528.239573424381
SARIMAX_anom_E1_semexog,2019-04,True,11,lbfgs,200,False,5036.880913767868,-2515.440456883934
SARIMAX_anom_E1_exog,2019-04,True,55,lbfgs,200,False,4968.188889389363,-2478.0944446946814
SARIMAX_z_E1_semexog,2019-04,True,8,lbfgs,200,False,1292.3593860911492,-643.1796930455746
SARIMAX_z_E1_exog,2019-04,True,14,lbfgs,200,False,1265.523909480541,-626.7619547402705
SARIMAX_anom_E2_semexog,2019-04,True,12,lbfgs,200,False,5027.453088109269,-2509.7265440546344
SARIMAX_anom_E2_exog,2019-04,True,36,lbfgs,200,False,4959.007507708587,-2472.5037538542933
SARIMAX_z_E2_semexog,2019-04,True,11,lbfgs,200,False,1290.233612432717,-641.1168062163586
SARIMAX_z_E2_exog,2019-04,True,21,lbfgs,200,False,1265.1443372280355,-625.5721686140178
SARIMAX_anom_E3_semexog,2019-04,True,24,lbfgs,200,False,4921.421831674408,-2456.710915837204
SARIMAX_anom_E3_exog,2019-04,True,69,lbfgs,200,False,4852.475472901662,-2419.237736450831
SARIMAX_z_E3_semexog,2019-04,True,11,lbfgs,200,False,1261.8106508166975,-626.9053254083487
SARIMAX_z_E3_exog,2019-04,True,15,lbfgs,200,False,1235.4711856393246,-610.7355928196623
SARIMAX_anom_E4_semexog,2019-04,True,15,lbfgs,200,False,4908.2911111783205,-2450.1455555891603
SARIMAX_anom_E4_exog,2019-04,True,65,lbfgs,200,False,4841.636851108849,-2413.8184255544247
SARIMAX_z_E4_semexog,2019-04,True,8,lbfgs,200,False,1258.7004420115318,-625.3502210057659
SARIMAX_z_E4_exog,2019-04,True,17,lbfgs,200,False,1232.4168520472012,-609.2084260236006
Harmonico_harm1,2019-04,True,18,lbfgs,200,False,5135.335771412001,-2562.6678857060006
Harmonico_harm2,2019-04,True,26,lbfgs,200,False,5080.5071957937325,-2533.2535978968663
SARIMAX_anom_E1_semexog,2019-05,True,12,lbfgs,200,False,5047.682629850412,-2520.841314925206
SARIMAX_anom_E1_exog,2019-05,True,59,lbfgs,200,False,4979.819618575902,-2483.909809287951
SARIMAX_z_E1_semexog,2019-05,True,8,lbfgs,200,False,1295.174920366683,-644.5874601833415
SARIMAX_z_E1_exog,2019-05,True,14,lbfgs,200,False,1268.9866499656046,-628.4933249828023
SARIMAX_anom_E2_semexog,2019-05,True,11,lbfgs,200,False,5038.031012300247,-2515.0155061501237
SARIMAX_anom_E2_exog,2019-05,True,42,lbfgs,200,False,4970.656646420639,-2478.3283232103195
SARIMAX_z_E2_semexog,2019-05,True,12,lbfgs,200,False,1292.8124454902481,-642.4062227451241
SARIMAX_z_E2_exog,2019-05,True,17,lbfgs,200,False,1268.4120572976067,-627.2060286488033
SARIMAX_anom_E3_semexog,2019-05,True,13,lbfgs,200,False,4932.254417302935,-2462.1272086514673
SARIMAX_anom_E3_exog,2019-05,True,56,lbfgs,200,False,4864.129052760154,-2425.064526380077
SARIMAX_z_E3_semexog,2019-05,True,11,lbfgs,200,False,1264.7771393968953,-628.3885696984477
SARIMAX_z_E3_exog,2019-05,True,16,lbfgs,200,False,1239.2488513005233,-612.6244256502616
SARIMAX_anom_E4_semexog,2019-05,True,15,lbfgs,200,False,4919.062390923037,-2455.5311954615186
SARIMAX_anom_E4_exog,2019-05,True,60,lbfgs,200,False,4854.593350427826,-2420.296675213913
SARIMAX_z_E4_semexog,2019-05,True,10,lbfgs,200,False,1261.666350268153,-626.8331751340766
SARIMAX_z_E4_exog,2019-05,True,17,lbfgs,200,False,1236.1876491097858,-611.0938245548929
Harmonico_harm1,2019-05,True,22,lbfgs,200,False,5145.609782473554,-2567.804891236777
Harmonico_harm2,2019-05,True,23,lbfgs,200,False,5090.897614223474,-2538.448807111737
SARIMAX_anom_E1_semexog,2019-06,True,12,lbfgs,200,False,5057.71711952799,-2525.858559763995
SARIMAX_anom_E1_exog,2019-06,True,48,lbfgs,200,False,4989.733958700759,-2488.8669793503796
SARIMAX_z_E1_semexog,2019-06,True,7,lbfgs,200,False,1298.2733759458445,-646.1366879729222
SARIMAX_z_E1_exog,2019-06,True,15,lbfgs,200,False,1271.689457536345,-629.8447287681724
SARIMAX_anom_E2_semexog,2019-06,True,11,lbfgs,200,False,5048.039488367825,-2520.0197441839123
SARIMAX_anom_E2_exog,2019-06,True,70,lbfgs,200,False,4980.536525191885,-2483.2682625959424
SARIMAX_z_E2_semexog,2019-06,True,12,lbfgs,200,False,1295.8131336474478,-643.9065668237239
SARIMAX_z_E2_exog,2019-06,True,17,lbfgs,200,False,1271.0949328501551,-628.5474664250776
SARIMAX_anom_E3_semexog,2019-06,True,22,lbfgs,200,False,4942.278609020866,-2467.139304510433
SARIMAX_anom_E3_exog,2019-06,True,82,lbfgs,200,False,4874.020624421286,-2430.010312210643
SARIMAX_z_E3_semexog,2019-06,True,11,lbfgs,200,False,1267.7671661987963,-629.8835830993982
SARIMAX_z_E3_exog,2019-06,True,16,lbfgs,200,False,1241.8424384675639,-613.9212192337819
SARIMAX_anom_E4_semexog,2019-06,True,15,lbfgs,200,False,4929.095458141317,-2460.5477290706585
SARIMAX_anom_E4_exog,2019-06,True,71,lbfgs,200,False,4864.490304844614,-2425.245152422307
SARIMAX_z_E4_semexog,2019-06,True,10,lbfgs,200,False,1264.6528269944083,-628.3264134972042
SARIMAX_z_E4_exog,2019-06,True,17,lbfgs,200,False,1238.7768942193256,-612.3884471096628
Harmonico_harm1,2019-06,True,22,lbfgs,200,False,5156.234945076772,-2573.117472538386
Harmonico_harm2,2019-06,True,22,lbfgs,200,False,5100.9990391199135,-2543.4995195599568
SARIMAX_anom_E1_semexog,2019-07,True,12,lbfgs,200,False,5067.697695635983,-2530.8488478179916
SARIMAX_anom_E1_exog,2019-07,True,58,lbfgs,200,False,4999.679411004783,-2493.8397055023916
SARIMAX_z_E1_semexog,2019-07,True,7,lbfgs,200,False,1301.080752468813,-647.5403762344065
SARIMAX_z_E1_exog,2019-07,True,15,lbfgs,200,False,1274.5434013696972,-631.2717006848486
SARIMAX_anom_E2_semexog,2019-07,True,11,lbfgs,200,False,5058.021929594614,-2525.010964797307
SARIMAX_anom_E2_exog,2019-07,True,42,lbfgs,200,False,4990.514757006191,-2488.2573785030954
SARIMAX_z_E2_semexog,2019-07,True,12,lbfgs,200,False,1298.6127077916321,-645.3063538958161
SARIMAX_z_E2_exog,2019-07,True,17,lbfgs,200,False,1273.9221503263936,-629.9610751631968
SARIMAX_anom_E3_semexog,2019-07,True,23,lbfgs,200,False,4952.267032910867,-2472.1335164554334
SARIMAX_anom_E3_exog,2019-07,True,53,lbfgs,200,False,4883.993617170754,-2434.996808585377
SARIMAX_z_E3_semexog,2019-07,True,11,lbfgs,200,False,1270.5300268693304,-631.2650134346652
SARIMAX_z_E3_exog,2019-07,True,16,lbfgs,200,False,1244.6541471178673,-615.3270735589336
SARIMAX_anom_E4_semexog,2019-07,True,15,lbfgs,200,False,4939.078383696082,-2465.539191848041
SARIMAX_anom_E4_exog,2019-07,True,73,lbfgs,200,False,4874.412002290666,-2430.206001145333
SARIMAX_z_E4_semexog,2019-07,True,11,lbfgs,200,False,1267.4028513738965,-629.7014256869483
SARIMAX_z_E4_exog,2019-07,True,17,lbfgs,200,False,1241.5851534102562,-613.7925767051281
Harmonico_harm1,2019-07,True,31,lbfgs,200,False,5166.265939360278,-2578.132969680139
Harmonico_harm2,2019-07,True,21,lbfgs,200,False,5111.1842355060035,-2548.5921177530017
SARIMAX_anom_E1_semexog,2019-08,True,12,lbfgs,200,False,5077.7065629248555,-2535.8532814624277
SARIMAX_anom_E1_exog,2019-08,True,48,lbfgs,200,False,5009.556073542235,-2498.7780367711175
SARIMAX_z_E1_semexog,2019-08,True,7,lbfgs,200,False,1303.903106113217,-648.9515530566085
SARIMAX_z_E1_exog,2019-08,True,15,lbfgs,200,False,1277.1644945432622,-632.5822472716311
SARIMAX_anom_E2_semexog,2019-08,True,11,lbfgs,200,False,5068.015989440887,-2530.0079947204435
SARIMAX_anom_E2_exog,2019-08,True,48,lbfgs,200,False,5000.388390494834,-2493.194195247417
SARIMAX_z_E2_semexog,2019-08,True,12,lbfgs,200,False,1301.2730290126572,-646.6365145063286
SARIMAX_z_E2_exog,2019-08,True,18,lbfgs,200,False,1276.4667930292926,-631.2333965146463
SARIMAX_anom_E3_semexog,2019-08,True,22,lbfgs,200,False,4962.275867975959,-2477.1379339879795
SARIMAX_anom_E3_exog,2019-08,True,54,lbfgs,200,False,4893.876176104253,-2439.9380880521267
SARIMAX_z_E3_semexog,2019-08,True,11,lbfgs,200,False,1273.2594535701899,-632.6297267850949
SARIMAX_z_E3_exog,2019-08,True,16,lbfgs,200,False,1247.1818769869424,-616.5909384934712
SARIMAX_anom_E4_semexog,2019-08,True,15,lbfgs,200,False,4949.0895810911215,-2470.5447905455608
SARIMAX_anom_E4_exog,2019-08,True,41,lbfgs,200,False,4884.321559096443,-2435.1607795482214
SARIMAX_z_E4_semexog,2019-08,True,11,lbfgs,200,False,1270.1321379176954,-631.0660689588477
SARIMAX_z_E4_exog,2019-08,True,17,lbfgs,200,False,1244.1106924378207,-615.0553462189104
Harmonico_harm1,2019-08,True,23,lbfgs,200,False,5176.520625425634,-2583.260312712817
Harmonico_harm2,2019-08,True,22,lbfgs,200,False,5121.211739930731,-2553.6058699653654
SARIMAX_anom_E1_semexog,2019-09,True,12,lbfgs,200,False,5088.013531458231,-2541.0067657291156
SARIMAX_anom_E1_exog,2019-09,True,46,lbfgs,200,False,5019.626673094055,-2503.8133365470276
SARIMAX_z_E1_semexog,2019-09,True,8,lbfgs,200,False,1306.4515459150211,-650.2257729575106
SARIMAX_z_E1_exog,2019-09,True,15,lbfgs,200,False,1279.6319654923866,-633.8159827461933
SARIMAX_anom_E2_semexog,2019-09,True,11,lbfgs,200,False,5078.310267885041,-2535.1551339425205
SARIMAX_anom_E2_exog,2019-09,True,51,lbfgs,200,False,5010.4191168388115,-2498.2095584194058
SARIMAX_z_E2_semexog,2019-09,True,12,lbfgs,200,False,1303.8797156306584,-647.9398578153292
SARIMAX_z_E2_exog,2019-09,True,18,lbfgs,200,False,1278.9729363711367,-632.4864681855684
SARIMAX_anom_E3_semexog,2019-09,True,22,lbfgs,200,False,4972.596136360504,-2482.298068180252
SARIMAX_anom_E3_exog,2019-09,True,53,lbfgs,200,False,4903.9985862047515,-2444.9992931023758
SARIMAX_z_E3_semexog,2019-09,True,11,lbfgs,200,False,1275.9714528830923,-633.9857264415461
SARIMAX_z_E3_exog,2019-09,True,15,lbfgs,200,False,1249.8610548352033,-617.9305274176016
SARIMAX_anom_E4_semexog,2019-09,True,15,lbfgs,200,False,4959.4244904256175,-2475.7122452128087
SARIMAX_anom_E4_exog,2019-09,True,38,lbfgs,200,False,4894.50289863342,-2440.25144931671
SARIMAX_z_E4_semexog,2019-09,True,10,lbfgs,200,False,1272.8872530766687,-632.4436265383343
SARIMAX_z_E4_exog,2019-09,True,16,lbfgs,200,False,1246.8331636849073,-616.4165818424536
Harmonico_harm1,2019-09,True,21,lbfgs,200,False,5186.781064240546,-2588.390532120273
Harmonico_harm2,2019-09,True,24,lbfgs,200,False,5131.9926101692545,-2558.9963050846272
SARIMAX_anom_E1_semexog,2019-10,True,12,lbfgs,200,False,5098.003995323197,-2546.0019976615986
SARIMAX_anom_E1_exog,2019-10,True,42,lbfgs,200,False,5029.521874156354,-2508.760937078177
SARIMAX_z_E1_semexog,2019-10,True,8,lbfgs,200,False,1309.1734434889931,-651.5867217444966
SARIMAX_z_E1_exog,2019-10,True,15,lbfgs,200,False,1282.3323783713104,-635.1661891856552
SARIMAX_anom_E2_semexog,2019-10,True,11,lbfgs,200,False,5088.298128713621,-2540.1490643568104
SARIMAX_anom_E2_exog,2019-10,True,52,lbfgs,200,False,5020.312956198476,-2503.156478099238
SARIMAX_z_E2_semexog,2019-10,True,13,lbfgs,200,False,1306.5861206044724,-649.2930603022362
SARIMAX_z_E2_exog,2019-10,True,18,lbfgs,200,False,1281.6528153966694,-633.8264076983347
SARIMAX_anom_E3_semexog,2019-10,True,22,lbfgs,200,False,4982.589537228263,-2487.2947686141315
SARIMAX_anom_E3_exog,2019-10,True,60,lbfgs,200,False,4913.886591608026,-2449.943295804013
SARIMAX_z_E3_semexog,2019-10,True,11,lbfgs,200,False,1278.6673848814507,-635.3336924407254
SARIMAX_z_E3_exog,2019-10,True,16,lbfgs,200,False,1252.5227638116326,-619.2613819058163
SARIMAX_anom_E4_semexog,2019-10,True,15,lbfgs,200,False,4969.414481519854,-2480.707240759927
SARIMAX_anom_E4_exog,2019-10,True,67,lbfgs,200,False,4904.401153118103,-2445.2005765590516
SARIMAX_z_E4_semexog,2019-10,True,10,lbfgs,200,False,1275.5794672558286,-633.7897336279143
SARIMAX_z_E4_exog,2019-10,True,16,lbfgs,200,False,1249.4997438364685,-617.7498719182342
Harmonico_harm1,2019-10,True,23,lbfgs,200,False,5197.000654514756,-2593.500327257378
Harmonico_harm2,2019-10,False,23,lbfgs,200,True,5141.992803259227,-2563.9964016296135
SARIMAX_anom_E1_semexog,2019-11,True,12,lbfgs,200,False,5108.004236570228,-2551.002118285114
SARIMAX_anom_E1_exog,2019-11,True,42,lbfgs,200,False,5039.415413423612,-2513.707706711806
SARIMAX_z_E1_semexog,2019-11,True,8,lbfgs,200,False,1311.970282378756,-652.985141189378
SARIMAX_z_E1_exog,2019-11,True,15,lbfgs,200,False,1285.02798061683,-636.513990308415
SARIMAX_anom_E2_semexog,2019-11,True,11,lbfgs,200,False,5098.306178102433,-2545.1530890512163
SARIMAX_anom_E2_exog,2019-11,True,63,lbfgs,200,False,5030.203682474306,-2508.101841237153
SARIMAX_z_E2_semexog,2019-11,True,12,lbfgs,200,False,1309.4186649699955,-650.7093324849977
SARIMAX_z_E2_exog,2019-11,True,17,lbfgs,200,False,1284.3807236677865,-635.1903618338932
SARIMAX_anom_E3_semexog,2019-11,True,22,lbfgs,200,False,4992.591384712693,-2492.2956923563465
SARIMAX_anom_E3_exog,2019-11,True,53,lbfgs,200,False,4923.796103292772,-2454.898051646386
SARIMAX_z_E3_semexog,2019-11,True,11,lbfgs,200,False,1281.3630930293411,-636.6815465146706
SARIMAX_z_E3_exog,2019-11,True,15,lbfgs,200,False,1255.1308761296718,-620.5654380648359
SARIMAX_anom_E4_semexog,2019-11,True,15,lbfgs,200,False,4979.416175574266,-2485.708087787133
SARIMAX_anom_E4_exog,2019-11,True,69,lbfgs,200,False,4914.299001916044,-2450.149500958022
SARIMAX_z_E4_semexog,2019-11,True,10,lbfgs,200,False,1278.2763593183872,-635.1381796591936
SARIMAX_z_E4_exog,2019-11,True,16,lbfgs,200,False,1252.0987785382858,-619.0493892691429
Harmonico_harm1,2019-11,True,24,lbfgs,200,False,5207.1496480834285,-2598.5748240417142
Harmonico_harm2,2019-11,True,22,lbfgs,200,False,5152.0380460163005,-2569.0190230081503
SARIMAX_anom_E1_semexog,2019-12,True,12,lbfgs,200,False,5120.337973272537,-2557.1689866362685
SARIMAX_anom_E1_exog,2019-12,True,51,lbfgs,200,False,5051.590615598165,-2519.7953077990824
SARIMAX_z_E1_semexog,2019-12,True,8,lbfgs,200,False,1314.8150686017827,-654.4075343008914
SARIMAX_z_E1_exog,2019-12,True,13,lbfgs,200,False,1287.6718647252974,-637.8359323626487
SARIMAX_anom_E2_semexog,2019-12,True,12,lbfgs,200,False,5110.675070106963,-2551.3375350534816
SARIMAX_anom_E2_exog,2019-12,True,44,lbfgs,200,False,5042.3696898223425,-2514.1848449111712
SARIMAX_z_E2_semexog,2019-12,True,13,lbfgs,200,False,1312.3846588607507,-652.1923294303754
SARIMAX_z_E2_exog,2019-12,True,17,lbfgs,200,False,1287.052165346142,-636.526082673071
SARIMAX_anom_E3_semexog,2019-12,True,24,lbfgs,200,False,5005.033857943525,-2498.5169289717624
SARIMAX_anom_E3_exog,2019-12,True,96,lbfgs,200,False,4936.161985533748,-2461.080992766874
SARIMAX_z_E3_semexog,2019-12,True,11,lbfgs,200,False,1284.306042433575,-638.1530212167875
SARIMAX_z_E3_exog,2019-12,True,15,lbfgs,200,False,1257.9360919306844,-621.9680459653422
SARIMAX_anom_E4_semexog,2019-12,True,15,lbfgs,200,False,4991.79373083039,-2491.896865415195
SARIMAX_anom_E4_exog,2019-12,True,45,lbfgs,200,False,4926.666085598334,-2456.333042799167
SARIMAX_z_E4_semexog,2019-12,True,10,lbfgs,200,False,1281.2109970833574,-636.6054985416787
SARIMAX_z_E4_exog,2019-12,True,15,lbfgs,200,False,1254.9401141156611,-620.4700570578306
Harmonico_harm1,2019-12,True,22,lbfgs,200,False,5221.24252947152,-2605.62126473576
Harmonico_harm2,2019-12,True,24,lbfgs,200,False,5164.60240546854,-2575.30120273427
SARIMAX_anom_E1_semexog,2020-01,True,12,lbfgs,200,False,5130.309010991655,-2562.1545054958274
SARIMAX_anom_E1_exog,2020-01,True,46,lbfgs,200,False,5061.490467273678,-2524.745233636839
SARIMAX_z_E1_semexog,2020-01,True,8,lbfgs,200,False,1317.7072433347773,-655.8536216673887
SARIMAX_z_E1_exog,2020-01,True,13,lbfgs,200,False,1290.4999057157302,-639.2499528578651
SARIMAX_anom_E2_semexog,2020-01,True,12,lbfgs,200,False,5120.657100701918,-2556.328550350959
SARIMAX_anom_E2_exog,2020-01,True,33,lbfgs,200,False,5052.252557071764,-2519.126278535882
SARIMAX_z_E2_semexog,2020-01,True,13,lbfgs,200,False,1315.2899803150576,-653.6449901575288
SARIMAX_z_E2_exog,2020-01,True,16,lbfgs,200,False,1289.8913299408832,-637.9456649704416
SARIMAX_anom_E3_semexog,2020-01,True,25,lbfgs,200,False,5014.991850874093,-2503.4959254370465
SARIMAX_anom_E3_exog,2020-01,True,53,lbfgs,200,False,4946.0651060916625,-2466.0325530458313
SARIMAX_z_E3_semexog,2020-01,True,11,lbfgs,200,False,1287.1869026847805,-639.5934513423903
SARIMAX_z_E3_exog,2020-01,True,15,lbfgs,200,False,1260.7393316094156,-623.3696658047078
SARIMAX_anom_E4_semexog,2020-01,True,15,lbfgs,200,False,5001.74311109807,-2496.871555549035
SARIMAX_anom_E4_exog,2020-01,True,59,lbfgs,200,False,4936.530767688975,-2461.2653838444876
SARIMAX_z_E4_semexog,2020-01,True,10,lbfgs,200,False,1284.086556316929,-638.0432781584645
SARIMAX_z_E4_exog,2020-01,True,16,lbfgs,200,False,1257.750804092435,-621.8754020462175
Harmonico_harm1,2020-01,True,22,lbfgs,200,False,5231.55498310815,-2610.777491554075
Harmonico_harm2,2020-01,True,23,lbfgs,200,False,5174.660293302695,-2580.3301466513476
SARIMAX_anom_E1_semexog,2020-02,True,12,lbfgs,200,False,5140.750467161466,-2567.375233580733
SARIMAX_anom_E1_exog,2020-02,True,49,lbfgs,200,False,5071.7630647122405,-2529.8815323561203
SARIMAX_z_E1_semexog,2020-02,True,8,lbfgs,200,False,1320.590151078729,-657.2950755393645
SARIMAX_z_E1_exog,2020-02,True,13,lbfgs,200,False,1293.380969030265,-640.6904845151325
SARIMAX_anom_E2_semexog,2020-02,True,12,lbfgs,200,False,5131.218599232439,-2561.6092996162197
SARIMAX_anom_E2_exog,2020-02,True,56,lbfgs,200,False,5062.515512535334,-2524.257756267667
SARIMAX_z_E2_semexog,2020-02,True,13,lbfgs,200,False,1318.2526589720035,-655.1263294860017
SARIMAX_z_E2_exog,2020-02,True,18,lbfgs,200,False,1292.842416493219,-639.4212082466095
SARIMAX_anom_E3_semexog,2020-02,True,25,lbfgs,200,False,5025.403757242604,-2508.701878621302
SARIMAX_anom_E3_exog,2020-02,True,93,lbfgs,200,False,4956.349154633503,-2471.1745773167513
SARIMAX_z_E3_semexog,2020-02,True,11,lbfgs,200,False,1290.1148765949938,-641.0574382974969
SARIMAX_z_E3_exog,2020-02,True,15,lbfgs,200,False,1263.6605339204566,-624.8302669602283
SARIMAX_anom_E4_semexog,2020-02,True,15,lbfgs,200,False,5012.171935862962,-2502.085967931481
SARIMAX_anom_E4_exog,2020-02,True,60,lbfgs,200,False,4945.436868716331,-2465.7184343581657
SARIMAX_z_E4_semexog,2020-02,True,11,lbfgs,200,False,1287.0280978004425,-639.5140489002213
SARIMAX_z_E4_exog,2020-02,True,16,lbfgs,200,False,1260.6862190999232,-623.3431095499616
Harmonico_harm1,2020-02,True,23,lbfgs,200,False,5242.027758161065,-2616.0138790805327
Harmonico_harm2,2020-02,True,23,lbfgs,200,False,5184.869006394512,-2585.434503197256
SARIMAX_anom_E1_semexog,2020-03,True,12,lbfgs,200,False,5153.889946457106,-2573.944973228553
SARIMAX_anom_E1_exog,2020-03,True,78,lbfgs,200,False,5085.672850018353,-2536.8364250091763
SARIMAX_z_E1_semexog,2020-03,True,7,lbfgs,200,False,1323.2954217104548,-658.6477108552274
SARIMAX_z_E1_exog,2020-03,True,15,lbfgs,200,False,1296.6577112860627,-642.3288556430314
SARIMAX_anom_E2_semexog,2020-03,True,5,lbfgs,200,False,5144.336114744344,-2568.168057372172
SARIMAX_anom_E2_exog,2020-03,True,33,lbfgs,200,False,5076.348974983405,-2531.1744874917026
SARIMAX_z_E2_semexog,2020-03,True,14,lbfgs,200,False,1320.9161777403656,-656.4580888701828
SARIMAX_z_E2_exog,2020-03,True,18,lbfgs,200,False,1296.054370288905,-641.0271851444525
SARIMAX_anom_E3_semexog,2020-03,True,24,lbfgs,200,False,5038.403957830917,-2515.2019789154583
SARIMAX_anom_E3_exog,2020-03,True,77,lbfgs,200,False,4969.752865963741,-2477.8764329818705
SARIMAX_z_E3_semexog,2020-03,True,11,lbfgs,200,False,1292.5999474552946,-642.2999737276473
SARIMAX_z_E3_exog,2020-03,True,15,lbfgs,200,False,1266.4836187532555,-626.2418093766278
SARIMAX_anom_E4_semexog,2020-03,True,15,lbfgs,200,False,5025.321479841963,-2508.6607399209815
SARIMAX_anom_E4_exog,2020-03,True,58,lbfgs,200,False,4958.936678007144,-2472.468339003572
SARIMAX_z_E4_semexog,2020-03,True,10,lbfgs,200,False,1289.5229419628795,-640.7614709814397
SARIMAX_z_E4_exog,2020-03,True,17,lbfgs,200,False,1263.519275089246,-624.759637544623
Harmonico_harm1,2020-03,True,24,lbfgs,200,False,5257.810128183587,-2623.9050640917935
Harmonico_harm2,2020-03,False,22,lbfgs,200,True,5198.934567061058,-2592.467283530529
SARIMAX_anom_E1_semexog,2020-04,True,9,lbfgs,200,False,5181.645129046117,-2587.8225645230586
SARIMAX_anom_E1_exog,2020-04,True,33,lbfgs,200,False,5118.920935435268,-2553.460467717634
SARIMAX_z_E1_semexog,2020-04,True,8,lbfgs,200,False,1325.7744831413067,-659.8872415706534
SARIMAX_z_E1_exog,2020-04,True,14,lbfgs,200,False,1301.3140065254584,-644.6570032627292
SARIMAX_anom_E2_semexog,2020-04,True,11,lbfgs,200,False,5171.73985471073,-2581.869927355365
SARIMAX_anom_E2_exog,2020-04,True,59,lbfgs,200,False,5108.407014692815,-2547.2035073464076
SARIMAX_z_E2_semexog,2020-04,True,13,lbfgs,200,False,1323.2271953444529,-657.6135976722264
SARIMAX_z_E2_exog,2020-04,True,15,lbfgs,200,False,1300.5472113506412,-643.2736056753206
SARIMAX_anom_E3_semexog,2020-04,True,25,lbfgs,200,False,5065.752161085797,-2528.8760805428983
SARIMAX_anom_E3_exog,2020-04,True,72,lbfgs,200,False,5001.912426009581,-2493.9562130047907
SARIMAX_z_E3_semexog,2020-04,True,11,lbfgs,200,False,1295.2503288896273,-643.6251644448137
SARIMAX_z_E3_exog,2020-04,True,16,lbfgs,200,False,1271.1719543473218,-628.5859771736609
SARIMAX_anom_E4_semexog,2020-04,True,24,lbfgs,200,False,5052.856292408347,-2522.4281462041736
SARIMAX_anom_E4_exog,2020-04,True,39,lbfgs,200,False,4991.969540686388,-2488.984770343194
SARIMAX_z_E4_semexog,2020-04,True,10,lbfgs,200,False,1292.2214616493982,-642.1107308246991
SARIMAX_z_E4_exog,2020-04,True,16,lbfgs,200,False,1268.2691342018888,-627.1345671009444
Harmonico_harm1,2020-04,True,23,lbfgs,200,False,5287.1750697738535,-2638.5875348869267
Harmonico_harm2,2020-04,False,25,lbfgs,200,True,5228.041234532795,-2607.0206172663975
SARIMAX_anom_E1_semexog,2020-05,True,10,lbfgs,200,False,5191.894498417183,-2592.9472492085915
SARIMAX_anom_E1_exog,2020-05,True,57,lbfgs,200,False,5128.852409319865,-2558.4262046599324
SARIMAX_z_E1_semexog,2020-05,True,8,lbfgs,200,False,1328.8193902462917,-661.4096951231459
SARIMAX_z_E1_exog,2020-05,True,13,lbfgs,200,False,1303.9889528778185,-645.9944764389093
SARIMAX_anom_E2_semexog,2020-05,True,11,lbfgs,200,False,5182.044087655075,-2587.0220438275373
SARIMAX_anom_E2_exog,2020-05,True,61,lbfgs,200,False,5118.390348875278,-2552.195174437639
SARIMAX_z_E2_semexog,2020-05,True,13,lbfgs,200,False,1326.298672249718,-659.149336124859
SARIMAX_z_E2_exog,2020-05,True,16,lbfgs,200,False,1303.2401095616715,-644.6200547808357
SARIMAX_anom_E3_semexog,2020-05,True,21,lbfgs,200,False,5075.999853587409,-2533.9999267937046
SARIMAX_anom_E3_exog,2020-05,True,47,lbfgs,200,False,5011.8745462561055,-2498.9372731280528
SARIMAX_z_E3_semexog,2020-05,True,11,lbfgs,200,False,1298.3042005811988,-645.1521002905994
SARIMAX_z_E3_exog,2020-05,True,15,lbfgs,200,False,1273.8937806691556,-629.9468903345778
SARIMAX_anom_E4_semexog,2020-05,True,14,lbfgs,200,False,5063.110804362582,-2527.555402181291
SARIMAX_anom_E4_exog,2020-05,True,55,lbfgs,200,False,5001.896172614862,-2493.948086307431
SARIMAX_z_E4_semexog,2020-05,True,11,lbfgs,200,False,1295.3136702477052,-643.6568351238526
SARIMAX_z_E4_exog,2020-05,True,16,lbfgs,200,False,1270.9864739367758,-628.4932369683879
Harmonico_harm1,2020-05,True,24,lbfgs,200,False,5297.808223090029,-2643.9041115450145
Harmonico_harm2,2020-05,True,26,lbfgs,200,False,5238.325540699565,-2612.1627703497825
SARIMAX_anom_E1_semexog,2020-06,True,11,lbfgs,200,False,5201.984841993765,-2597.9924209968826
SARIMAX_anom_E1_exog,2020-06,True,44,lbfgs,200,False,5138.780029957492,-2563.390014978746
SARIMAX_z_E1_semexog,2020-06,True,8,lbfgs,200,False,1331.7284913564342,-662.8642456782171
SARIMAX_z_E1_exog,2020-06,True,14,lbfgs,200,False,1306.662841078151,-647.3314205390755
SARIMAX_anom_E2_semexog,2020-06,True,11,lbfgs,200,False,5192.243539060526,-2592.121769530263
SARIMAX_anom_E2_exog,2020-06,True,61,lbfgs,200,False,5128.454009318545,-2557.2270046592726
SARIMAX_z_E2_semexog,2020-06,True,12,lbfgs,200,False,1329.3331999810653,-660.6665999905326
SARIMAX_z_E2_exog,2020-06,True,15,lbfgs,200,False,1305.9856610659986,-645.9928305329993
SARIMAX_anom_E3_semexog,2020-06,True,20,lbfgs,200,False,5086.036093047318,-2539.018046523659
SARIMAX_anom_E3_exog,2020-06,True,62,lbfgs,200,False,5021.799309490296,-2503.899654745148
SARIMAX_z_E3_semexog,2020-06,True,11,lbfgs,200,False,1301.122114092544,-646.561057046272
SARIMAX_z_E3_exog,2020-06,True,14,lbfgs,200,False,1276.5611403360215,-631.2805701680107
SARIMAX_anom_E4_semexog,2020-06,True,14,lbfgs,200,False,5073.214351422391,-2532.6071757111954
SARIMAX_anom_E4_exog,2020-06,True,53,lbfgs,200,False,5011.825710259265,-2498.9128551296326
SARIMAX_z_E4_semexog,2020-06,True,11,lbfgs,200,False,1298.1630881594365,-645.0815440797182
SARIMAX_z_E4_exog,2020-06,True,16,lbfgs,200,False,1273.6488945057708,-629.8244472528854
Harmonico_harm1,2020-06,True,34,lbfgs,200,False,5308.371286555333,-2649.1856432776667
Harmonico_harm2,2020-06,True,23,lbfgs,200,False,5248.443210454756,-2617.221605227378
SARIMAX_anom_E1_semexog,2020-07,True,11,lbfgs,200,False,5212.025414184333,-2603.0127070921667
SARIMAX_anom_E1_exog,2020-07,True,49,lbfgs,200,False,5148.728811930578,-2568.364405965289
SARIMAX_z_E1_semexog,2020-07,True,8,lbfgs,200,False,1334.4977243998353,-664.2488621999177
SARIMAX_z_E1_exog,2020-07,True,15,lbfgs,200,False,1309.3949829948456,-648.6974914974228
SARIMAX_anom_E2_semexog,2020-07,True,11,lbfgs,200,False,5202.249707565567,-2597.1248537827837
SARIMAX_anom_E2_exog,2020-07,True,48,lbfgs,200,False,5138.386162446128,-2562.193081223064
SARIMAX_z_E2_semexog,2020-07,True,13,lbfgs,200,False,1331.9758836860037,-661.9879418430019
SARIMAX_z_E2_exog,2020-07,True,16,lbfgs,200,False,1308.6608141779961,-647.3304070889981
SARIMAX_anom_E3_semexog,2020-07,True,18,lbfgs,200,False,5096.0600998906475,-2544.0300499453238
SARIMAX_anom_E3_exog,2020-07,True,76,lbfgs,200,False,5031.743365649677,-2508.8716828248384
SARIMAX_z_E3_semexog,2020-07,True,11,lbfgs,200,False,1303.865692977234,-647.932846488617
SARIMAX_z_E3_exog,2020-07,True,14,lbfgs,200,False,1279.3093648715253,-632.6546824357627
SARIMAX_anom_E4_semexog,2020-07,True,14,lbfgs,200,False,5083.267644158914,-2537.633822079457
SARIMAX_anom_E4_exog,2020-07,True,41,lbfgs,200,False,5021.794930495884,-2503.897465247942
SARIMAX_z_E4_semexog,2020-07,True,11,lbfgs,200,False,1300.9208872973873,-646.4604436486936
SARIMAX_z_E4_exog,2020-07,True,15,lbfgs,200,False,1276.3973112644626,-631.1986556322313
Harmonico_harm1,2020-07,True,25,lbfgs,200,False,5318.657888931997,-2654.3289444659986
Harmonico_harm2,2020-07,True,28,lbfgs,200,False,5258.570909964562,-2622.285454982281
SARIMAX_anom_E1_semexog,2020-08,True,11,lbfgs,200,False,5222.031252731273,-2608.0156263656363
SARIMAX_anom_E1_exog,2020-08,True,53,lbfgs,200,False,5158.691320563181,-2573.3456602815904
SARIMAX_z_E1_semexog,2020-08,True,8,lbfgs,200,False,1337.2941897265734,-665.6470948632867
SARIMAX_z_E1_exog,2020-08,True,15,lbfgs,200,False,1312.196440912966,-650.098220456483
SARIMAX_anom_E2_semexog,2020-08,True,11,lbfgs,200,False,5212.254325409127,-2602.1271627045635
SARIMAX_anom_E2_exog,2020-08,True,53,lbfgs,200,False,5148.308105129659,-2567.1540525648297
SARIMAX_z_E2_semexog,2020-08,True,12,lbfgs,200,False,1334.7565924156715,-663.3782962078358
SARIMAX_z_E2_exog,2020-08,True,16,lbfgs,200,False,1311.4465931442537,-648.7232965721269
SARIMAX_anom_E3_semexog,2020-08,True,18,lbfgs,200,False,5106.0722351773275,-2549.0361175886637
SARIMAX_anom_E3_exog,2020-08,True,49,lbfgs,200,False,5041.725032936747,-2513.8625164683735
SARIMAX_z_E3_semexog,2020-08,True,11,lbfgs,200,False,1306.6510240912148,-649.3255120456074
SARIMAX_z_E3_exog,2020-08,True,14,lbfgs,200,False,1282.089903569915,-634.0449517849574
SARIMAX_anom_E4_semexog,2020-08,True,14,lbfgs,200,False,5093.277595227971,-2542.6387976139854
SARIMAX_anom_E4_exog,2020-08,True,40,lbfgs,200,False,5031.765676312621,-2508.8828381563103
SARIMAX_z_E4_semexog,2020-08,True,11,lbfgs,200,False,1303.7090210658316,-647.8545105329158
SARIMAX_z_E4_exog,2020-08,True,15,lbfgs,200,False,1279.1766710521786,-632.5883355260893
Harmonico_harm1,2020-08,True,25,lbfgs,200,False,5328.874847742253,-2659.4374238711266
Harmonico_harm2,2020-08,True,28,lbfgs,200,False,5268.630907339048,-2627.315453669524
SARIMAX_anom_E1_semexog,2020-09,True,11,lbfgs,200,False,5232.206129127672,-2613.103064563836
SARIMAX_anom_E1_exog,2020-09,True,39,lbfgs,200,False,5168.9175747404715,-2578.4587873702358
SARIMAX_z_E1_semexog,2020-09,True,8,lbfgs,200,False,1340.081107132923,-667.0405535664615
SARIMAX_z_E1_exog,2020-09,True,15,lbfgs,200,False,1315.1028722097462,-651.5514361048731
SARIMAX_anom_E2_semexog,2020-09,True,11,lbfgs,200,False,5222.4216798512825,-2607.2108399256413
SARIMAX_anom_E2_exog,2020-09,True,41,lbfgs,200,False,5158.355512645398,-2572.177756322699
SARIMAX_z_E2_semexog,2020-09,True,13,lbfgs,200,False,1337.5376315491649,-664.7688157745824
SARIMAX_z_E2_exog,2020-09,True,16,lbfgs,200,False,1314.3215861484819,-650.1607930742409
SARIMAX_anom_E3_semexog,2020-09,True,18,lbfgs,200,False,5116.242057558837,-2554.1210287794183
SARIMAX_anom_E3_exog,2020-09,True,54,lbfgs,200,False,5051.934146176097,-2518.9670730880484
SARIMAX_z_E3_semexog,2020-09,True,11,lbfgs,200,False,1309.3360418672955,-650.6680209336478
SARIMAX_z_E3_exog,2020-09,True,15,lbfgs,200,False,1284.8455635793787,-635.4227817896893
SARIMAX_anom_E4_semexog,2020-09,True,14,lbfgs,200,False,5103.471287973451,-2547.7356439867253
SARIMAX_anom_E4_exog,2020-09,True,63,lbfgs,200,False,5041.963874078996,-2513.981937039498
SARIMAX_z_E4_semexog,2020-09,True,10,lbfgs,200,False,1306.3690468781342,-649.1845234390671
SARIMAX_z_E4_exog,2020-09,True,15,lbfgs,200,False,1281.9167118283103,-633.9583559141552
Harmonico_harm1,2020-09,False,23,lbfgs,200,True,5339.108709971988,-2664.554354985994
Harmonico_harm2,2020-09,True,27,lbfgs,200,False,5279.229467016819,-2632.6147335084097
SARIMAX_anom_E1_semexog,2020-10,True,11,lbfgs,200,False,5243.072011593239,-2618.5360057966195
SARIMAX_anom_E1_exog,2020-10,True,31,lbfgs,200,False,5180.143377777311,-2584.0716888886554
SARIMAX_z_E1_semexog,2020-10,True,8,lbfgs,200,False,1342.632970213887,-668.3164851069434
SARIMAX_z_E1_exog,2020-10,True,13,lbfgs,200,False,1317.959879829925,-652.9799399149625
SARIMAX_anom_E2_semexog,2020-10,True,11,lbfgs,200,False,5233.279857490415,-2612.6399287452077
SARIMAX_anom_E2_exog,2020-10,True,86,lbfgs,200,False,5169.254921377857,-2577.6274606889283
SARIMAX_z_E2_semexog,2020-10,True,13,lbfgs,200,False,1340.173496422195,-666.0867482110975
SARIMAX_z_E2_exog,2020-10,True,15,lbfgs,200,False,1317.2056800361074,-651.6028400180537
SARIMAX_anom_E3_semexog,2020-10,True,21,lbfgs,200,False,5127.071934521502,-2559.535967260751
SARIMAX_anom_E3_exog,2020-10,True,60,lbfgs,200,False,5063.152613704318,-2524.576306852159
SARIMAX_z_E3_semexog,2020-10,True,12,lbfgs,200,False,1311.8873696401424,-651.9436848200712
SARIMAX_z_E3_exog,2020-10,True,15,lbfgs,200,False,1287.7598272009793,-636.8799136004897
SARIMAX_anom_E4_semexog,2020-10,True,14,lbfgs,200,False,5114.335308298553,-2553.1676541492766
SARIMAX_anom_E4_exog,2020-10,True,39,lbfgs,200,False,5053.191808513571,-2519.5959042567856
SARIMAX_z_E4_semexog,2020-10,True,11,lbfgs,200,False,1308.9260924304258,-650.4630462152129
SARIMAX_z_E4_exog,2020-10,True,15,lbfgs,200,False,1284.825833886839,-635.4129169434195
Harmonico_harm1,2020-10,True,24,lbfgs,200,False,5349.491256256914,-2669.745628128457
Harmonico_harm2,2020-10,True,26,lbfgs,200,False,5289.892216754872,-2637.946108377436
SARIMAX_anom_E1_semexog,2020-11,True,11,lbfgs,200,False,5253.076630322536,-2623.538315161268
SARIMAX_anom_E1_exog,2020-11,True,31,lbfgs,200,False,5190.135667483601,-2589.0678337418003
SARIMAX_z_E1_semexog,2020-11,True,8,lbfgs,200,False,1345.4306452310536,-669.7153226155268
SARIMAX_z_E1_exog,2020-11,True,13,lbfgs,200,False,1320.6504220086474,-654.3252110043237
SARIMAX_anom_E2_semexog,2020-11,True,11,lbfgs,200,False,5243.286527539978,-2617.643263769989
SARIMAX_anom_E2_exog,2020-11,True,38,lbfgs,200,False,5179.217388811774,-2582.608694405887
SARIMAX_z_E2_semexog,2020-11,True,13,lbfgs,200,False,1343.0092774687907,-667.5046387343954
SARIMAX_z_E2_exog,2020-11,True,16,lbfgs,200,False,1319.9126880450167,-652.9563440225083
SARIMAX_anom_E3_semexog,2020-11,True,22,lbfgs,200,False,5137.08175665932,-2564.54087832966
SARIMAX_anom_E3_exog,2020-11,True,90,lbfgs,200,False,5073.149785077958,-2529.574892538979
SARIMAX_z_E3_semexog,2020-11,True,12,lbfgs,200,False,1314.6107711346003,-653.3053855673002
SARIMAX_z_E3_exog,2020-11,True,15,lbfgs,200,False,1290.3930791873372,-638.1965395936686
SARIMAX_anom_E4_semexog,2020-11,True,14,lbfgs,200,False,5124.340282332563,-2558.1701411662816
SARIMAX_anom_E4_exog,2020-11,True,37,lbfgs,200,False,5063.190332702256,-2524.595166351128
SARIMAX_z_E4_semexog,2020-11,True,11,lbfgs,200,False,1311.6531573406605,-651.8265786703303
SARIMAX_z_E4_exog,2020-11,True,16,lbfgs,200,False,1287.447569546268,-636.723784773134
Harmonico_harm1,2020-11,True,24,lbfgs,200,False,5359.708975858823,-2674.8544879294113
Harmonico_harm2,2020-11,True,27,lbfgs,200,False,5299.938402222434,-2642.969201111217
SARIMAX_anom_E1_semexog,2020-12,True,11,lbfgs,200,False,5263.14559363475,-2628.572796817375
SARIMAX_anom_E1_exog,2020-12,True,26,lbfgs,200,False,5200.0821718385705,-2594.0410859192853
SARIMAX_z_E1_semexog,2020-12,True,8,lbfgs,200,False,1348.3031835105871,-671.1515917552936
SARIMAX_z_E1_exog,2020-12,True,14,lbfgs,200,False,1323.422922083158,-655.711461041579
SARIMAX_anom_E2_semexog,2020-12,True,11,lbfgs,200,False,5253.375289282007,-2622.6876446410033
SARIMAX_anom_E2_exog,2020-12,True,37,lbfgs,200,False,5189.162320104262,-2587.581160052131
SARIMAX_z_E2_semexog,2020-12,True,13,lbfgs,200,False,1345.9122021801065,-668.9561010900533
SARIMAX_z_E2_exog,2020-12,True,15,lbfgs,200,False,1322.6854146099881,-654.3427073049941
SARIMAX_anom_E3_semexog,2020-12,True,22,lbfgs,200,False,5147.150566860011,-2569.5752834300056
SARIMAX_anom_E3_exog,2020-12,True,49,lbfgs,200,False,5083.10101899547,-2534.550509497735
SARIMAX_z_E3_semexog,2020-12,True,11,lbfgs,200,False,1317.5330587152669,-654.7665293576334
SARIMAX_z_E3_exog,2020-12,True,15,lbfgs,200,False,1293.1702691991663,-639.5851345995832
SARIMAX_anom_E4_semexog,2020-12,True,14,lbfgs,200,False,5134.417951692018,-2563.208975846009
SARIMAX_anom_E4_exog,2020-12,True,35,lbfgs,200,False,5073.124418483431,-2529.5622092417157
SARIMAX_z_E4_semexog,2020-12,True,11,lbfgs,200,False,1314.5959101801957,-653.2979550900978
SARIMAX_z_E4_exog,2020-12,True,16,lbfgs,200,False,1290.2283904747264,-638.1141952373632
Harmonico_harm1,2020-12,True,25,lbfgs,200,False,5370.070869751775,-2680.0354348758874
Harmonico_harm2,2020-12,True,30,lbfgs,200,False,5310.006105465152,-2648.003052732576
SARIMAX_anom_E1_semexog,2021-01,True,11,lbfgs,200,False,5274.761856713532,-2634.380928356766
SARIMAX_anom_E1_exog,2021-01,True,47,lbfgs,200,False,5212.999794479581,-2600.4998972397907
SARIMAX_z_E1_semexog,2021-01,True,8,lbfgs,200,False,1351.1238976977188,-672.5619488488594
SARIMAX_z_E1_exog,2021-01,True,13,lbfgs,200,False,1326.9505058624009,-657.4752529312004
SARIMAX_anom_E2_semexog,2021-01,True,10,lbfgs,200,False,5265.112352267837,-2628.5561761339186
SARIMAX_anom_E2_exog,2021-01,True,53,lbfgs,200,False,5202.0674880505885,-2594.0337440252943
SARIMAX_z_E2_semexog,2021-01,True,14,lbfgs,200,False,1348.8682959991884,-670.4341479995942
SARIMAX_z_E2_exog,2021-01,True,17,lbfgs,200,False,1326.2685242299394,-656.1342621149697
SARIMAX_anom_E3_semexog,2021-01,True,23,lbfgs,200,False,5158.70981080903,-2575.354905404515
SARIMAX_anom_E3_exog,2021-01,True,54,lbfgs,200,False,5095.920756431837,-2540.9603782159184
SARIMAX_z_E3_semexog,2021-01,True,12,lbfgs,200,False,1320.3201260795104,-656.1600630397552
SARIMAX_z_E3_exog,2021-01,True,15,lbfgs,200,False,1296.6934098214829,-641.3467049107414
SARIMAX_anom_E4_semexog,2021-01,True,23,lbfgs,200,False,5145.896171935023,-2568.9480859675114
SARIMAX_anom_E4_exog,2021-01,True,35,lbfgs,200,False,5085.942409649245,-2535.9712048246224
SARIMAX_z_E4_semexog,2021-01,True,11,lbfgs,200,False,1317.3739730888092,-654.6869865444046
SARIMAX_z_E4_exog,2021-01,True,17,lbfgs,200,False,1293.7736697198973,-639.8868348599486
Harmonico_harm1,2021-01,True,24,lbfgs,200,False,5382.188356989497,-2686.0941784947486
Harmonico_harm2,2021-01,True,25,lbfgs,200,False,5321.423618960054,-2653.711809480027
SARIMAX_anom_E1_semexog,2021-02,True,11,lbfgs,200,False,5286.483432172805,-2640.2417160864024
SARIMAX_anom_E1_exog,2021-02,True,42,lbfgs,200,False,5223.809436102941,-2605.9047180514704
SARIMAX_z_E1_semexog,2021-02,True,8,lbfgs,200,False,1354.173924519942,-674.086962259971
SARIMAX_z_E1_exog,2021-02,True,13,lbfgs,200,False,1329.5022884203308,-658.7511442101654
SARIMAX_anom_E2_semexog,2021-02,True,11,lbfgs,200,False,5276.736893152395,-2634.3684465761976
SARIMAX_anom_E2_exog,2021-02,True,35,lbfgs,200,False,5212.857767830086,-2599.428883915043
SARIMAX_z_E2_semexog,2021-02,True,13,lbfgs,200,False,1351.8634006441353,-671.9317003220676
SARIMAX_z_E2_exog,2021-02,True,16,lbfgs,200,False,1328.8219461074991,-657.4109730537496
SARIMAX_anom_E3_semexog,2021-02,True,23,lbfgs,200,False,5170.391033592901,-2581.1955167964506
SARIMAX_anom_E3_exog,2021-02,True,50,lbfgs,200,False,5106.561465216438,-2546.280732608219
SARIMAX_z_E3_semexog,2021-02,True,12,lbfgs,200,False,1323.2821894964954,-657.6410947482477
SARIMAX_z_E3_exog,2021-02,True,15,lbfgs,200,False,1299.107444488539,-642.5537222442695
SARIMAX_anom_E4_semexog,2021-02,True,14,lbfgs,200,False,5157.503650007582,-2574.751825003791
SARIMAX_anom_E4_exog,2021-02,True,46,lbfgs,200,False,5096.5999405126695,-2541.2999702563347
SARIMAX_z_E4_semexog,2021-02,True,11,lbfgs,200,False,1320.2854818211777,-656.1427409105888
SARIMAX_z_E4_exog,2021-02,True,17,lbfgs,200,False,1296.1779156270877,-641.0889578135439
Harmonico_harm1,2021-02,True,26,lbfgs,200,False,5393.487929673978,-2691.743964836989
Harmonico_harm2,2021-02,True,26,lbfgs,200,False,5332.331261126562,-2659.165630563281
SARIMAX_anom_E1_semexog,2021-03,True,12,lbfgs,200,False,5297.56098625348,-2645.78049312674
SARIMAX_anom_E1_exog,2021-03,True,54,lbfgs,200,False,5234.602445574315,-2611.3012227871577
SARIMAX_z_E1_semexog,2021-03,True,8,lbfgs,200,False,1356.8426049720767,-675.4213024860384
SARIMAX_z_E1_exog,2021-03,True,13,lbfgs,200,False,1331.9426509032298,-659.9713254516149
SARIMAX_anom_E2_semexog,2021-03,True,10,lbfgs,200,False,5288.073650804667,-2640.0368254023333
SARIMAX_anom_E2_exog,2021-03,True,41,lbfgs,200,False,5223.524142103652,-2604.762071051826
SARIMAX_z_E2_semexog,2021-03,True,13,lbfgs,200,False,1354.6756790284217,-673.3378395142108
SARIMAX_z_E2_exog,2021-03,True,18,lbfgs,200,False,1331.3314679411783,-658.6657339705891
SARIMAX_anom_E3_semexog,2021-03,True,22,lbfgs,200,False,5181.385939663902,-2586.692969831951
SARIMAX_anom_E3_exog,2021-03,True,65,lbfgs,200,False,5117.112766083208,-2551.556383041604
SARIMAX_z_E3_semexog,2021-03,True,12,lbfgs,200,False,1325.8331423943705,-658.9165711971852
SARIMAX_z_E3_exog,2021-03,True,15,lbfgs,200,False,1301.361689576055,-643.6808447880275
SARIMAX_anom_E4_semexog,2021-03,True,14,lbfgs,200,False,5168.578944138284,-2580.289472069142
SARIMAX_anom_E4_exog,2021-03,True,48,lbfgs,200,False,5107.198050798215,-2546.5990253991076
SARIMAX_z_E4_semexog,2021-03,True,6,lbfgs,200,False,1322.84793900244,-657.42396950122
SARIMAX_z_E4_exog,2021-03,True,17,lbfgs,200,False,1298.438880206846,-642.219440103423
Harmonico_harm1,2021-03,True,25,lbfgs,200,False,5406.57383097725,-2698.286915488625
Harmonico_harm2,2021-03,True,26,lbfgs,200,False,5344.067433480322,-2665.033716740161
SARIMAX_anom_E1_semexog,2021-04,True,12,lbfgs,200,False,5307.560686961673,-2650.7803434808366
SARIMAX_anom_E1_exog,2021-04,True,43,lbfgs,200,False,5244.5304460224215,-2616.2652230112108
SARIMAX_z_E1_semexog,2021-04,True,8,lbfgs,200,False,1359.5572005483639,-676.7786002741819
SARIMAX_z_E1_exog,2021-04,True,14,lbfgs,200,False,1334.5504922367988,-661.2752461183994
SARIMAX_anom_E2_semexog,2021-04,True,10,lbfgs,200,False,5298.074660074787,-2645.0373300373935
SARIMAX_anom_E2_exog,2021-04,True,64,lbfgs,200,False,5233.4380684528005,-2609.7190342264003
SARIMAX_z_E2_semexog,2021-04,True,13,lbfgs,200,False,1357.400926438943,-674.7004632194715
SARIMAX_z_E2_exog,2021-04,True,18,lbfgs,200,False,1333.9544428509003,-659.9772214254501
SARIMAX_anom_E3_semexog,2021-04,True,21,lbfgs,200,False,5191.376953612713,-2591.6884768063564
SARIMAX_anom_E3_exog,2021-04,True,74,lbfgs,200,False,5127.081672943534,-2556.540836471767
SARIMAX_z_E3_semexog,2021-04,True,12,lbfgs,200,False,1328.585210338111,-660.2926051690555
SARIMAX_z_E3_exog,2021-04,True,14,lbfgs,200,False,1304.1271987840432,-645.0635993920216
SARIMAX_anom_E4_semexog,2021-04,True,14,lbfgs,200,False,5178.562125568198,-2585.281062784099
SARIMAX_anom_E4_exog,2021-04,True,63,lbfgs,200,False,5117.164226324536,-2551.582113162268
SARIMAX_z_E4_semexog,2021-04,True,10,lbfgs,200,False,1325.6082681384437,-658.8041340692218
SARIMAX_z_E4_exog,2021-04,True,16,lbfgs,200,False,1301.2170385595907,-643.6085192797954
Harmonico_harm1,2021-04,True,24,lbfgs,200,False,5417.199178368619,-2703.5995891843095
Harmonico_harm2,2021-04,True,25,lbfgs,200,False,5354.232499076241,-2670.1162495381204
SARIMAX_anom_E1_semexog,2021-05,True,13,lbfgs,200,False,5317.780958530866,-2655.890479265433
SARIMAX_anom_E1_exog,2021-05,True,51,lbfgs,200,False,5254.788826663093,-2621.3944133315463
SARIMAX_z_E1_semexog,2021-05,True,8,lbfgs,200,False,1362.39456586706,-678.19728293353
SARIMAX_z_E1_exog,2021-05,True,14,lbfgs,200,False,1337.421663793074,-662.710831896537
SARIMAX_anom_E2_semexog,2021-05,True,9,lbfgs,200,False,5308.314263134524,-2650.157131567262
SARIMAX_anom_E2_exog,2021-05,True,34,lbfgs,200,False,5243.655902646431,-2614.8279513232155
SARIMAX_z_E2_semexog,2021-05,True,13,lbfgs,200,False,1360.2437471536427,-676.1218735768214
SARIMAX_z_E2_exog,2021-05,True,16,lbfgs,200,False,1336.840225226932,-661.420112613466
SARIMAX_anom_E3_semexog,2021-05,True,22,lbfgs,200,False,5201.578394445294,-2596.789197222647
SARIMAX_anom_E3_exog,2021-05,True,70,lbfgs,200,False,5137.3651515158135,-2561.6825757579068
SARIMAX_z_E3_semexog,2021-05,True,12,lbfgs,200,False,1331.3490911293502,-661.6745455646751
SARIMAX_z_E3_exog,2021-05,True,15,lbfgs,200,False,1306.9955078131745,-646.4977539065873
SARIMAX_anom_E4_semexog,2021-05,True,14,lbfgs,200,False,5188.798884702983,-2590.3994423514914
SARIMAX_anom_E4_exog,2021-05,True,68,lbfgs,200,False,5127.45130954509,-2556.725654772545
SARIMAX_z_E4_semexog,2021-05,True,10,lbfgs,200,False,1328.3707519749287,-660.1853759874643
SARIMAX_z_E4_exog,2021-05,True,17,lbfgs,200,False,1304.0651501123125,-645.0325750561562
Harmonico_harm1,2021-05,False,25,lbfgs,200,True,5428.2435705194985,-2709.1217852597492
Harmonico_harm2,2021-05,True,26,lbfgs,200,False,5364.936567089539,-2675.4682835447693
SARIMAX_anom_E1_semexog,2021-06,True,13,lbfgs,200,False,5327.7788797666135,-2660.8894398833067
SARIMAX_anom_E1_exog,2021-06,True,32,lbfgs,200,False,5264.765202720373,-2626.3826013601865
SARIMAX_z_E1_semexog,2021-06,True,8,lbfgs,200,False,1365.193506583893,-679.5967532919465
SARIMAX_z_E1_exog,2021-06,True,14,lbfgs,200,False,1340.2142683858306,-664.1071341929153
SARIMAX_anom_E2_semexog,2021-06,True,9,lbfgs,200,False,5318.309633250977,-2655.1548166254884
SARIMAX_anom_E2_exog,2021-06,True,55,lbfgs,200,False,5253.590522216216,-2619.795261108108
SARIMAX_z_E2_semexog,2021-06,True,13,lbfgs,200,False,1363.0397529927372,-677.5198764963686
SARIMAX_z_E2_exog,2021-06,True,16,lbfgs,200,False,1339.6311039553636,-662.8155519776818
SARIMAX_anom_E3_semexog,2021-06,True,22,lbfgs,200,False,5211.58051324273,-2601.790256621365
SARIMAX_anom_E3_exog,2021-06,True,48,lbfgs,200,False,5147.351519099338,-2566.675759549669
SARIMAX_z_E3_semexog,2021-06,True,12,lbfgs,200,False,1334.1447166185008,-663.0723583092504
SARIMAX_z_E3_exog,2021-06,True,15,lbfgs,200,False,1309.8033498814048,-647.9016749407024
SARIMAX_anom_E4_semexog,2021-06,True,14,lbfgs,200,False,5198.798489911163,-2595.3992449555817
SARIMAX_anom_E4_exog,2021-06,True,59,lbfgs,200,False,5137.428657094915,-2561.7143285474576
SARIMAX_z_E4_semexog,2021-06,True,10,lbfgs,200,False,1331.167405300504,-661.583702650252
SARIMAX_z_E4_exog,2021-06,True,17,lbfgs,200,False,1306.8695307963471,-646.4347653981736
Harmonico_harm1,2021-06,True,28,lbfgs,200,False,5438.834830320671,-2714.4174151603356
Harmonico_harm2,2021-06,True,27,lbfgs,200,False,5375.020182693189,-2680.5100913465944
SARIMAX_anom_E1_semexog,2021-07,True,13,lbfgs,200,False,5337.779028818233,-2665.8895144091166
SARIMAX_anom_E1_exog,2021-07,True,36,lbfgs,200,False,5274.68630129817,-2631.343150649085
SARIMAX_z_E1_semexog,2021-07,True,8,lbfgs,200,False,1368.0446052782302,-681.0223026391151
SARIMAX_z_E1_exog,2021-07,True,14,lbfgs,200,False,1343.0056408283353,-665.5028204141677
SARIMAX_anom_E2_semexog,2021-07,True,9,lbfgs,200,False,5328.317274572051,-2660.1586372860256
SARIMAX_anom_E2_exog,2021-07,True,49,lbfgs,200,False,5263.527643876388,-2624.763821938194
SARIMAX_z_E2_semexog,2021-07,True,13,lbfgs,200,False,1365.9287005637398,-678.9643502818699
SARIMAX_z_E2_exog,2021-07,True,17,lbfgs,200,False,1342.4450310611205,-664.2225155305603
SARIMAX_anom_E3_semexog,2021-07,True,22,lbfgs,200,False,5221.587888079162,-2606.793944039581
SARIMAX_anom_E3_exog,2021-07,True,68,lbfgs,200,False,5157.270664537518,-2571.635332268759
SARIMAX_z_E3_semexog,2021-07,True,12,lbfgs,200,False,1336.9808347375224,-664.4904173687612
SARIMAX_z_E3_exog,2021-07,True,15,lbfgs,200,False,1312.5554583610729,-649.2777291805364
SARIMAX_anom_E4_semexog,2021-07,True,14,lbfgs,200,False,5208.800263057056,-2600.400131528528
SARIMAX_anom_E4_exog,2021-07,True,39,lbfgs,200,False,5147.377051211315,-2566.6885256056576
SARIMAX_z_E4_semexog,2021-07,True,10,lbfgs,200,False,1334.012160761593,-663.0060803807964
SARIMAX_z_E4_exog,2021-07,True,16,lbfgs,200,False,1309.627885801132,-647.813942900566
Harmonico_harm1,2021-07,True,26,lbfgs,200,False,5449.0315194081795,-2719.5157597040898
Harmonico_harm2,2021-07,True,29,lbfgs,200,False,5385.20733781422,-2685.60366890711
SARIMAX_anom_E1_semexog,2021-08,True,13,lbfgs,200,False,5347.781265149546,-2670.890632574773
SARIMAX_anom_E1_exog,2021-08,True,50,lbfgs,200,False,5284.661271920424,-2636.330635960212
SARIMAX_z_E1_semexog,2021-08,True,8,lbfgs,200,False,1370.9227631071442,-682.4613815535721
SARIMAX_z_E1_exog,2021-08,True,14,lbfgs,200,False,1345.8730149524276,-666.9365074762138
SARIMAX_anom_E2_semexog,2021-08,True,9,lbfgs,200,False,5338.320904979311,-2665.1604524896557
SARIMAX_anom_E2_exog,2021-08,True,82,lbfgs,200,False,5273.48844908835,-2629.744224544175
SARIMAX_z_E2_semexog,2021-08,True,13,lbfgs,200,False,1368.8088902257668,-680.4044451128834
SARIMAX_z_E2_exog,2021-08,True,17,lbfgs,200,False,1345.30982530244,-665.65491265122
SARIMAX_anom_E3_semexog,2021-08,True,22,lbfgs,200,False,5231.595393126602,-2611.797696563301
SARIMAX_anom_E3_exog,2021-08,True,66,lbfgs,200,False,5167.241549582281,-2576.6207747911403
SARIMAX_z_E3_semexog,2021-08,True,12,lbfgs,200,False,1339.8181805465638,-665.9090902732819
SARIMAX_z_E3_exog,2021-08,True,15,lbfgs,200,False,1315.395713310139,-650.6978566550695
SARIMAX_anom_E4_semexog,2021-08,True,14,lbfgs,200,False,5218.803338953192,-2605.401669476596
SARIMAX_anom_E4_exog,2021-08,True,41,lbfgs,200,False,5157.345485216911,-2571.6727426084553
SARIMAX_z_E4_semexog,2021-08,True,10,lbfgs,200,False,1336.8578913736055,-664.4289456868028
SARIMAX_z_E4_exog,2021-08,True,17,lbfgs,200,False,1312.477671893149,-649.2388359465745
Harmonico_harm1,2021-08,False,24,lbfgs,200,True,5459.228285604631,-2724.6141428023157
Harmonico_harm2,2021-08,True,28,lbfgs,200,False,5395.284112890669,-2690.6420564453347
SARIMAX_anom_E1_semexog,2021-09,True,10,lbfgs,200,False,5358.240575600479,-2676.1202878002396
SARIMAX_anom_E1_exog,2021-09,True,53,lbfgs,200,False,5294.8979671052675,-2641.4489835526338
SARIMAX_z_E1_semexog,2021-09,True,8,lbfgs,200,False,1374.0271625232158,-684.0135812616079
SARIMAX_z_E1_exog,2021-09,True,13,lbfgs,200,False,1348.8213256469335,-668.4106628234667
SARIMAX_anom_E2_semexog,2021-09,True,10,lbfgs,200,False,5348.769943718684,-2670.384971859342
SARIMAX_anom_E2_exog,2021-09,True,35,lbfgs,200,False,5283.745308880171,-2634.8726544400856
SARIMAX_z_E2_semexog,2021-09,True,13,lbfgs,200,False,1371.7895227952008,-681.8947613976004
SARIMAX_z_E2_exog,2021-09,True,16,lbfgs,200,False,1348.189203930976,-667.094601965488
SARIMAX_anom_E3_semexog,2021-09,True,22,lbfgs,200,False,5242.054590174738,-2617.027295087369
SARIMAX_anom_E3_exog,2021-09,True,56,lbfgs,200,False,5177.490019720001,-2581.7450098600007
SARIMAX_z_E3_semexog,2021-09,True,11,lbfgs,200,False,1343.1132916857416,-667.5566458428708
SARIMAX_z_E3_exog,2021-09,True,15,lbfgs,200,False,1318.5129226919607,-652.2564613459804
SARIMAX_anom_E4_semexog,2021-09,True,14,lbfgs,200,False,5229.252483469932,-2610.626241734966
SARIMAX_anom_E4_exog,2021-09,True,41,lbfgs,200,False,5167.587028631918,-2576.793514315959
SARIMAX_z_E4_semexog,2021-09,True,10,lbfgs,200,False,1340.1274831981104,-666.0637415990552
SARIMAX_z_E4_exog,2021-09,True,16,lbfgs,200,False,1315.5885125901127,-650.7942562950564
Harmonico_harm1,2021-09,True,24,lbfgs,200,False,5470.0561271471815,-2730.0280635735908
Harmonico_harm2,2021-09,True,27,lbfgs,200,False,5405.420052903568,-2695.710026451784
SARIMAX_anom_E1_semexog,2021-10,True,11,lbfgs,200,False,5373.098186255969,-2683.5490931279846
SARIMAX_anom_E1_exog,2021-10,True,42,lbfgs,200,False,5309.239012152539,-2648.6195060762693
SARIMAX_z_E1_semexog,2021-10,True,7,lbfgs,200,False,1376.268095720028,-685.134047860014
SARIMAX_z_E1_exog,2021-10,True,15,lbfgs,200,False,1350.8310029146528,-669.4155014573264
SARIMAX_anom_E2_semexog,2021-10,True,5,lbfgs,200,False,5363.681349829398,-2677.840674914699
SARIMAX_anom_E2_exog,2021-10,True,60,lbfgs,200,False,5298.125797344132,-2642.062898672066
SARIMAX_z_E2_semexog,2021-10,True,12,lbfgs,200,False,1374.4355652443771,-683.2177826221886
SARIMAX_z_E2_exog,2021-10,True,17,lbfgs,200,False,1350.4449016259807,-668.2224508129904
SARIMAX_anom_E3_semexog,2021-10,True,22,lbfgs,200,False,5256.9990645454745,-2624.4995322727373
SARIMAX_anom_E3_exog,2021-10,True,54,lbfgs,200,False,5192.118394833562,-2589.059197416781
SARIMAX_z_E3_semexog,2021-10,True,12,lbfgs,200,False,1346.0371501309896,-669.0185750654948
SARIMAX_z_E3_exog,2021-10,True,16,lbfgs,200,False,1321.4906837544695,-653.7453418772348
SARIMAX_anom_E4_semexog,2021-10,True,12,lbfgs,200,False,5244.221751481871,-2618.1108757409356
SARIMAX_anom_E4_exog,2021-10,True,38,lbfgs,200,False,5182.164262034061,-2584.0821310170304
SARIMAX_z_E4_semexog,2021-10,True,9,lbfgs,200,False,1343.1535998141894,-667.5767999070947
SARIMAX_z_E4_exog,2021-10,True,15,lbfgs,200,False,1318.5861690163438,-652.2930845081719
Harmonico_harm1,2021-10,True,25,lbfgs,200,False,5486.325030287357,-2738.1625151436783
Harmonico_harm2,2021-10,True,25,lbfgs,200,False,5420.797885653581,-2703.3989428267905
SARIMAX_anom_E1_semexog,2021-11,True,11,lbfgs,200,False,5383.400174794204,-2688.700087397102
SARIMAX_anom_E1_exog,2021-11,True,48,lbfgs,200,False,5319.480418198585,-2653.7402090992923
SARIMAX_z_E1_semexog,2021-11,True,6,lbfgs,200,False,1378.3907972464576,-686.1953986232288
SARIMAX_z_E1_exog,2021-11,True,14,lbfgs,200,False,1352.9853453619535,-670.4926726809767
SARIMAX_anom_E2_semexog,2021-11,True,5,lbfgs,200,False,5373.9474539813355,-2682.9737269906677
SARIMAX_anom_E2_exog,2021-11,True,39,lbfgs,200,False,5308.471533168604,-2647.235766584302
SARIMAX_z_E2_semexog,2021-11,True,13,lbfgs,200,False,1376.4767057799468,-684.2383528899734
SARIMAX_z_E2_exog,2021-11,True,19,lbfgs,200,False,1352.5274397620565,-669.2637198810282
SARIMAX_anom_E3_semexog,2021-11,True,23,lbfgs,200,False,5267.342269361236,-2629.671134680618
SARIMAX_anom_E3_exog,2021-11,True,47,lbfgs,200,False,5202.451341690337,-2594.2256708451687
SARIMAX_z_E3_semexog,2021-11,True,11,lbfgs,200,False,1348.2188438651701,-670.1094219325851
SARIMAX_z_E3_exog,2021-11,True,15,lbfgs,200,False,1323.7190867219288,-654.8595433609644
SARIMAX_anom_E4_semexog,2021-11,True,21,lbfgs,200,False,5254.561101249311,-2623.2805506246555
SARIMAX_anom_E4_exog,2021-11,True,41,lbfgs,200,False,5192.470117089248,-2589.235058544624
SARIMAX_z_E4_semexog,2021-11,True,10,lbfgs,200,False,1345.3239816942173,-668.6619908471087
SARIMAX_z_E4_exog,2021-11,True,13,lbfgs,200,False,1320.8180970392602,-653.4090485196301
Harmonico_harm1,2021-11,True,23,lbfgs,200,False,5496.800676703724,-2743.400338351862
Harmonico_harm2,2021-11,True,26,lbfgs,200,False,5431.446622007854,-2708.723311003927
SARIMAX_anom_E1_semexog,2021-12,True,10,lbfgs,200,False,5397.38912076567,-2695.694560382835
SARIMAX_anom_E1_exog,2021-12,True,49,lbfgs,200,False,5333.51886574488,-2660.75943287244
SARIMAX_z_E1_semexog,2021-12,True,7,lbfgs,200,False,1380.2935692670085,-687.1467846335042
SARIMAX_z_E1_exog,2021-12,True,14,lbfgs,200,False,1355.033640076314,-671.516820038157
SARIMAX_anom_E2_semexog,2021-12,True,5,lbfgs,200,False,5387.620112239867,-2689.8100561199335
SARIMAX_anom_E2_exog,2021-12,True,65,lbfgs,200,False,5323.197972267812,-2654.598986133906
SARIMAX_z_E2_semexog,2021-12,True,13,lbfgs,200,False,1378.0619345129217,-685.0309672564608
SARIMAX_z_E2_exog,2021-12,True,14,lbfgs,200,False,1354.2753241852238,-670.1376620926119
SARIMAX_anom_E3_semexog,2021-12,True,18,lbfgs,200,False,5281.460887590494,-2636.730443795247
SARIMAX_anom_E3_exog,2021-12,True,45,lbfgs,200,False,5216.503480148012,-2601.251740074006
SARIMAX_z_E3_semexog,2021-12,True,11,lbfgs,200,False,1350.1432850230058,-671.0716425115029
SARIMAX_z_E3_exog,2021-12,True,15,lbfgs,200,False,1325.6819359975839,-655.8409679987919
SARIMAX_anom_E4_semexog,2021-12,True,12,lbfgs,200,False,5268.436943654717,-2630.2184718273584
SARIMAX_anom_E4_exog,2021-12,True,46,lbfgs,200,False,5206.474250843869,-2596.2371254219347
SARIMAX_z_E4_semexog,2021-12,True,10,lbfgs,200,False,1347.101242598655,-669.5506212993275
SARIMAX_z_E4_exog,2021-12,True,13,lbfgs,200,False,1322.7618175239418,-654.3809087619709
Harmonico_harm1,2021-12,True,25,lbfgs,200,False,5508.759987339272,-2749.379993669636
Harmonico_harm2,2021-12,True,24,lbfgs,200,False,5445.365480533154,-2715.682740266577
SARIMAX_anom_E1_semexog,2022-01,True,8,lbfgs,200,False,5409.745710800623,-2701.8728554003114
SARIMAX_anom_E1_exog,2022-01,True,34,lbfgs,200,False,5345.977522403039,-2666.9887612015195
SARIMAX_z_E1_semexog,2022-01,True,6,lbfgs,200,False,1382.2777657214463,-688.1388828607231
SARIMAX_z_E1_exog,2022-01,True,13,lbfgs,200,False,1357.0249698690182,-672.5124849345091
SARIMAX_anom_E2_semexog,2022-01,True,10,lbfgs,200,False,5400.201172555983,-2696.1005862779916
SARIMAX_anom_E2_exog,2022-01,True,52,lbfgs,200,False,5336.22975545698,-2661.11487772849
SARIMAX_z_E2_semexog,2022-01,True,12,lbfgs,200,False,1380.2219839627282,-686.1109919813641
SARIMAX_z_E2_exog,2022-01,True,16,lbfgs,200,False,1356.2845949867851,-671.1422974933926
SARIMAX_anom_E3_semexog,2022-01,True,20,lbfgs,200,False,5294.139921963035,-2643.0699609815174
SARIMAX_anom_E3_exog,2022-01,True,44,lbfgs,200,False,5229.372805105229,-2607.6864025526147
SARIMAX_z_E3_semexog,2022-01,True,11,lbfgs,200,False,1352.4235820677657,-672.2117910338828
SARIMAX_z_E3_exog,2022-01,True,14,lbfgs,200,False,1328.0167642495458,-657.0083821247729
SARIMAX_anom_E4_semexog,2022-01,True,20,lbfgs,200,False,5280.966197776444,-2636.483098888222
SARIMAX_anom_E4_exog,2022-01,True,42,lbfgs,200,False,5219.304731300935,-2602.6523656504673
SARIMAX_z_E4_semexog,2022-01,True,7,lbfgs,200,False,1349.358031647361,-670.6790158236805
SARIMAX_z_E4_exog,2022-01,True,16,lbfgs,200,False,1325.1115768645102,-655.5557884322551
Harmonico_harm1,2022-01,True,26,lbfgs,200,False,5520.757520597227,-2755.3787602986135
Harmonico_harm2,2022-01,True,26,lbfgs,200,False,5458.516880940037,-2722.2584404700183
SARIMAX_anom_E1_semexog,2022-02,True,9,lbfgs,200,False,5422.074312990424,-2708.037156495212
SARIMAX_anom_E1_exog,2022-02,True,51,lbfgs,200,False,5358.314267754194,-2673.157133877097
SARIMAX_z_E1_semexog,2022-02,True,6,lbfgs,200,False,1385.771548723316,-689.885774361658
SARIMAX_z_E1_exog,2022-02,True,12,lbfgs,200,False,1360.5523128117547,-674.2761564058774
SARIMAX_anom_E2_semexog,2022-02,True,9,lbfgs,200,False,5412.631955347671,-2702.3159776738353
SARIMAX_anom_E2_exog,2022-02,True,49,lbfgs,200,False,5347.887088502934,-2666.943544251467
SARIMAX_z_E2_semexog,2022-02,True,12,lbfgs,200,False,1383.8024634018498,-687.9012317009249
SARIMAX_z_E2_exog,2022-02,True,15,lbfgs,200,False,1359.9629492316928,-672.9814746158464
SARIMAX_anom_E3_semexog,2022-02,True,24,lbfgs,200,False,5306.304441292027,-2649.1522206460136
SARIMAX_anom_E3_exog,2022-02,True,51,lbfgs,200,False,5241.77777190222,-2613.88888595111
SARIMAX_z_E3_semexog,2022-02,True,11,lbfgs,200,False,1355.9996858959612,-673.9998429479806
SARIMAX_z_E3_exog,2022-02,True,16,lbfgs,200,False,1331.7227192829548,-658.8613596414774
SARIMAX_anom_E4_semexog,2022-02,True,22,lbfgs,200,False,5293.444514093961,-2642.7222570469803
SARIMAX_anom_E4_exog,2022-02,True,37,lbfgs,200,False,5231.705047179803,-2608.8525235899015
SARIMAX_z_E4_semexog,2022-02,True,7,lbfgs,200,False,1353.0307340475379,-672.5153670237689
SARIMAX_z_E4_exog,2022-02,True,16,lbfgs,200,False,1328.7999660631183,-657.3999830315591
Harmonico_harm1,2022-02,True,25,lbfgs,200,False,5532.486128893887,-2761.2430644469437
Harmonico_harm2,2022-02,True,25,lbfgs,200,False,5470.937632676116,-2728.468816338058
SARIMAX_anom_E1_semexog,2022-03,True,9,lbfgs,200,False,5432.108886518007,-2713.0544432590036
SARIMAX_anom_E1_exog,2022-03,True,39,lbfgs,200,False,5368.26476412794,-2678.13238206397
SARIMAX_z_E1_semexog,2022-03,True,6,lbfgs,200,False,1388.6081996285461,-691.3040998142731
SARIMAX_z_E1_exog,2022-03,True,13,lbfgs,200,False,1363.266145316954,-675.633072658477
SARIMAX_anom_E2_semexog,2022-03,True,10,lbfgs,200,False,5422.679359089892,-2707.339679544946
SARIMAX_anom_E2_exog,2022-03,True,65,lbfgs,200,False,5357.88540647885,-2671.942703239425
SARIMAX_z_E2_semexog,2022-03,True,12,lbfgs,200,False,1386.62391455737,-689.311957278685
SARIMAX_z_E2_exog,2022-03,True,15,lbfgs,200,False,1362.6642194364308,-674.3321097182154
SARIMAX_anom_E3_semexog,2022-03,True,21,lbfgs,200,False,5316.400426581024,-2654.200213290512
SARIMAX_anom_E3_exog,2022-03,True,46,lbfgs,200,False,5251.722555260598,-2618.861277630299
SARIMAX_z_E3_semexog,2022-03,True,11,lbfgs,200,False,1358.828656785187,-675.4143283925935
SARIMAX_z_E3_exog,2022-03,True,16,lbfgs,200,False,1334.3934295845957,-660.1967147922978
SARIMAX_anom_E4_semexog,2022-03,True,22,lbfgs,200,False,5303.478021807343,-2647.7390109036714
SARIMAX_anom_E4_exog,2022-03,True,51,lbfgs,200,False,5241.642501337345,-2613.8212506686723
SARIMAX_z_E4_semexog,2022-03,True,8,lbfgs,200,False,1355.8448076599093,-673.9224038299546
SARIMAX_z_E4_exog,2022-03,True,16,lbfgs,200,False,1331.4702147408536,-658.7351073704268
Harmonico_harm1,2022-03,True,25,lbfgs,200,False,5543.44767572709,-2766.723837863545
Harmonico_harm2,2022-03,True,27,lbfgs,200,False,5481.2013090004475,-2733.6006545002238
SARIMAX_anom_E1_semexog,2022-04,True,9,lbfgs,200,False,5446.529122404601,-2720.2645612023007
SARIMAX_anom_E1_exog,2022-04,True,49,lbfgs,200,False,5384.01845499288,-2686.00922749644
SARIMAX_z_E1_semexog,2022-04,True,6,lbfgs,200,False,1391.5564651261855,-692.7782325630927
SARIMAX_z_E1_exog,2022-04,True,14,lbfgs,200,False,1366.7663725935547,-677.3831862967774
SARIMAX_anom_E2_semexog,2022-04,True,4,lbfgs,200,False,5436.360465879785,-2714.1802329398924
SARIMAX_anom_E2_exog,2022-04,True,47,lbfgs,200,False,5372.96765772101,-2679.483828860505
SARIMAX_z_E2_semexog,2022-04,True,12,lbfgs,200,False,1389.2688387644353,-690.6344193822176
SARIMAX_z_E2_exog,2022-04,True,16,lbfgs,200,False,1365.9651051430167,-675.9825525715083
SARIMAX_anom_E3_semexog,2022-04,True,22,lbfgs,200,False,5330.836388494763,-2661.4181942473815
SARIMAX_anom_E3_exog,2022-04,True,50,lbfgs,200,False,5267.6088867482595,-2626.8044433741297
SARIMAX_z_E3_semexog,2022-04,True,11,lbfgs,200,False,1361.8281309846839,-676.9140654923419
SARIMAX_z_E3_exog,2022-04,True,14,lbfgs,200,False,1337.9521491565924,-661.9760745782962
SARIMAX_anom_E4_semexog,2022-04,True,12,lbfgs,200,False,5318.095682325307,-2655.0478411626536
SARIMAX_anom_E4_exog,2022-04,True,58,lbfgs,200,False,5257.466695967551,-2621.7333479837753
SARIMAX_z_E4_semexog,2022-04,True,7,lbfgs,200,False,1358.7996959154443,-675.3998479577222
SARIMAX_z_E4_exog,2022-04,True,15,lbfgs,200,False,1334.9269063210327,-660.4634531605163
Harmonico_harm1,2022-04,False,25,lbfgs,200,True,5555.799146102085,-2772.8995730510424
Harmonico_harm2,2022-04,True,27,lbfgs,200,False,5494.830016120619,-2740.4150080603094
SARIMAX_anom_E1_semexog,2022-05,True,8,lbfgs,200,False,5456.792581462702,-2725.396290731351
SARIMAX_anom_E1_exog,2022-05,True,38,lbfgs,200,False,5394.899298866665,-2691.4496494333325
SARIMAX_z_E1_semexog,2022-05,True,7,lbfgs,200,False,1394.0495390396013,-694.0247695198007
SARIMAX_z_E1_exog,2022-05,True,13,lbfgs,200,False,1369.6733305723014,-678.8366652861507
SARIMAX_anom_E2_semexog,2022-05,True,4,lbfgs,200,False,5446.663633855878,-2719.331816927939
SARIMAX_anom_E2_exog,2022-05,True,44,lbfgs,200,False,5383.64003585131,-2684.820017925655
SARIMAX_z_E2_semexog,2022-05,True,13,lbfgs,200,False,1391.82592148094,-691.91296074047
SARIMAX_z_E2_exog,2022-05,True,16,lbfgs,200,False,1368.916270332591,-677.4581351662955
SARIMAX_anom_E3_semexog,2022-05,True,21,lbfgs,200,False,5341.11092074232,-2666.55546037116
SARIMAX_anom_E3_exog,2022-05,True,42,lbfgs,200,False,5278.51267920696,-2632.25633960348
SARIMAX_z_E3_semexog,2022-05,True,10,lbfgs,200,False,1364.318396246108,-678.159198123054
SARIMAX_z_E3_exog,2022-05,True,14,lbfgs,200,False,1340.8146065131891,-663.4073032565946
SARIMAX_anom_E4_semexog,2022-05,True,21,lbfgs,200,False,5328.398301922813,-2660.1991509614063
SARIMAX_anom_E4_exog,2022-05,True,45,lbfgs,200,False,5268.38547902814,-2627.19273951407
SARIMAX_z_E4_semexog,2022-05,True,7,lbfgs,200,False,1361.2884440224573,-676.6442220112286
SARIMAX_z_E4_exog,2022-05,True,14,lbfgs,200,False,1337.8095359876775,-661.9047679938387
Harmonico_harm1,2022-05,True,25,lbfgs,200,False,5567.451690703574,-2778.725845351787
Harmonico_harm2,2022-05,True,24,lbfgs,200,False,5506.0903959175475,-2746.0451979587738
SARIMAX_anom_E1_semexog,2022-06,True,8,lbfgs,200,False,5466.960142134891,-2730.4800710674454
SARIMAX_anom_E1_exog,2022-06,True,29,lbfgs,200,False,5404.891240548227,-2696.4456202741135
SARIMAX_z_E1_semexog,2022-06,True,6,lbfgs,200,False,1397.3828222528987,-695.6914111264493
SARIMAX_z_E1_exog,2022-06,True,14,lbfgs,200,False,1372.3733623630142,-680.1866811815071
SARIMAX_anom_E2_semexog,2022-06,True,4,lbfgs,200,False,5456.92673291941,-2724.463366459705
SARIMAX_anom_E2_exog,2022-06,True,39,lbfgs,200,False,5393.617133919366,-2689.808566959683
SARIMAX_z_E2_semexog,2022-06,True,12,lbfgs,200,False,1395.3460730188276,-693.6730365094138
SARIMAX_z_E2_exog,2022-06,True,16,lbfgs,200,False,1371.7700430011264,-678.8850215005632
SARIMAX_anom_E3_semexog,2022-06,True,19,lbfgs,200,False,5351.261040962607,-2671.6305204813034
SARIMAX_anom_E3_exog,2022-06,True,46,lbfgs,200,False,5288.482586058559,-2637.2412930292794
SARIMAX_z_E3_semexog,2022-06,True,10,lbfgs,200,False,1367.6372630398487,-679.8186315199243
SARIMAX_z_E3_exog,2022-06,True,14,lbfgs,200,False,1343.5019436837974,-664.7509718418987
SARIMAX_anom_E4_semexog,2022-06,True,20,lbfgs,200,False,5338.573827428323,-2665.2869137141615
SARIMAX_anom_E4_exog,2022-06,True,47,lbfgs,200,False,5278.356259869951,-2632.1781299349755
SARIMAX_z_E4_semexog,2022-06,True,8,lbfgs,200,False,1364.6380137297776,-678.3190068648888
SARIMAX_z_E4_exog,2022-06,True,15,lbfgs,200,False,1340.4935530974224,-663.2467765487112
Harmonico_harm1,2022-06,True,21,lbfgs,200,False,5577.8401102144635,-2783.9200551072317
Harmonico_harm2,2022-06,True,25,lbfgs,200,False,5516.177849630109,-2751.0889248150547
SARIMAX_anom_E1_semexog,2022-07,True,8,lbfgs,200,False,5476.974917276373,-2735.4874586381866
SARIMAX_anom_E1_exog,2022-07,True,35,lbfgs,200,False,5414.959257924142,-2701.479628962071
SARIMAX_z_E1_semexog,2022-07,True,6,lbfgs,200,False,1400.4347756116922,-697.2173878058461
SARIMAX_z_E1_exog,2022-07,True,13,lbfgs,200,False,1375.6878931190072,-681.8439465595036
SARIMAX_anom_E2_semexog,2022-07,True,4,lbfgs,200,False,5466.944627310059,-2729.4723136550297
SARIMAX_anom_E2_exog,2022-07,True,50,lbfgs,200,False,5403.736989435931,-2694.8684947179654
SARIMAX_z_E2_semexog,2022-07,True,11,lbfgs,200,False,1398.379263870692,-695.189631935346
SARIMAX_z_E2_exog,2022-07,True,15,lbfgs,200,False,1375.0380601749348,-680.5190300874674
SARIMAX_anom_E3_semexog,2022-07,True,20,lbfgs,200,False,5361.291445013937,-2676.6457225069685
SARIMAX_anom_E3_exog,2022-07,True,38,lbfgs,200,False,5298.573141935438,-2642.286570967719
SARIMAX_z_E3_semexog,2022-07,True,11,lbfgs,200,False,1370.7554056346746,-681.3777028173373
SARIMAX_z_E3_exog,2022-07,True,15,lbfgs,200,False,1346.8774153258187,-666.4387076629093
SARIMAX_anom_E4_semexog,2022-07,True,20,lbfgs,200,False,5348.5907541663955,-2670.2953770831978
SARIMAX_anom_E4_exog,2022-07,True,44,lbfgs,200,False,5288.451178918216,-2637.225589459108
SARIMAX_z_E4_semexog,2022-07,True,8,lbfgs,200,False,1367.732076266711,-679.8660381333555
SARIMAX_z_E4_exog,2022-07,True,14,lbfgs,200,False,1343.8820437186478,-664.9410218593239
Harmonico_harm1,2022-07,True,23,lbfgs,200,False,5588.044117968031,-2789.0220589840155
Harmonico_harm2,2022-07,True,28,lbfgs,200,False,5526.247172013296,-2756.123586006648
SARIMAX_anom_E1_semexog,2022-08,True,8,lbfgs,200,False,5486.99771266479,-2740.498856332395
SARIMAX_anom_E1_exog,2022-08,True,35,lbfgs,200,False,5425.054280978237,-2706.5271404891187
SARIMAX_z_E1_semexog,2022-08,True,6,lbfgs,200,False,1403.124453347828,-698.562226673914
SARIMAX_z_E1_exog,2022-08,True,9,lbfgs,200,False,1378.6495157215227,-683.3247578607613
SARIMAX_anom_E2_semexog,2022-08,True,4,lbfgs,200,False,5476.988520852354,-2734.494260426177
SARIMAX_anom_E2_exog,2022-08,True,41,lbfgs,200,False,5413.885980981389,-2699.9429904906947
SARIMAX_z_E2_semexog,2022-08,True,12,lbfgs,200,False,1401.2762994500158,-696.6381497250079
SARIMAX_z_E2_exog,2022-08,True,16,lbfgs,200,False,1378.137130600784,-682.068565300392
SARIMAX_anom_E3_semexog,2022-08,True,19,lbfgs,200,False,5371.323652626881,-2681.6618263134405
SARIMAX_anom_E3_exog,2022-08,True,46,lbfgs,200,False,5308.666425525977,-2647.3332127629883
SARIMAX_z_E3_semexog,2022-08,True,10,lbfgs,200,False,1373.303553200547,-682.6517766002735
SARIMAX_z_E3_exog,2022-08,True,16,lbfgs,200,False,1349.7269982276594,-667.8634991138297
SARIMAX_anom_E4_semexog,2022-08,True,20,lbfgs,200,False,5358.61368785332,-2675.30684392666
SARIMAX_anom_E4_exog,2022-08,True,43,lbfgs,200,False,5298.54651295417,-2642.273256477085
SARIMAX_z_E4_semexog,2022-08,True,9,lbfgs,200,False,1370.2902825683018,-681.1451412841509
SARIMAX_z_E4_exog,2022-08,True,14,lbfgs,200,False,1346.7243843640417,-666.3621921820209
Harmonico_harm1,2022-08,False,22,lbfgs,200,True,5598.224937227854,-2794.112468613927
Harmonico_harm2,2022-08,True,25,lbfgs,200,False,5536.371198145196,-2761.185599072598
SARIMAX_anom_E1_semexog,2022-09,True,8,lbfgs,200,False,5497.258654787292,-2745.629327393646
SARIMAX_anom_E1_exog,2022-09,True,46,lbfgs,200,False,5435.486940278601,-2711.7434701393004
SARIMAX_z_E1_semexog,2022-09,True,6,lbfgs,200,False,1405.6334743809002,-699.8167371904501
SARIMAX_z_E1_exog,2022-09,True,13,lbfgs,200,False,1381.4217432712844,-684.7108716356422
SARIMAX_anom_E2_semexog,2022-09,True,10,lbfgs,200,False,5487.243738513908,-2739.621869256954
SARIMAX_anom_E2_exog,2022-09,True,50,lbfgs,200,False,5424.377316976734,-2705.188658488367
SARIMAX_z_E2_semexog,2022-09,True,12,lbfgs,200,False,1403.640588782509,-697.8202943912545
SARIMAX_z_E2_exog,2022-09,True,16,lbfgs,200,False,1380.7919775398852,-683.3959887699426
SARIMAX_anom_E3_semexog,2022-09,True,22,lbfgs,200,False,5381.621982234617,-2686.8109911173083
SARIMAX_anom_E3_exog,2022-09,True,40,lbfgs,200,False,5319.150186325916,-2652.575093162958
SARIMAX_z_E3_semexog,2022-09,True,10,lbfgs,200,False,1376.1137290989989,-684.0568645494994
SARIMAX_z_E3_exog,2022-09,True,17,lbfgs,200,False,1352.9386113780088,-669.4693056890044
SARIMAX_anom_E4_semexog,2022-09,True,21,lbfgs,200,False,5368.89265968482,-2680.44632984241
SARIMAX_anom_E4_exog,2022-09,True,59,lbfgs,200,False,5309.021062624937,-2647.5105313124686
SARIMAX_z_E4_semexog,2022-09,True,9,lbfgs,200,False,1373.1323473500952,-682.5661736750476
SARIMAX_z_E4_exog,2022-09,True,17,lbfgs,200,False,1349.9839410954473,-667.9919705477237
Harmonico_harm1,2022-09,True,24,lbfgs,200,False,5608.500549346812,-2799.250274673406
Harmonico_harm2,2022-09,True,27,lbfgs,200,False,5547.207738733561,-2766.6038693667806
SARIMAX_anom_E1_semexog,2022-10,True,8,lbfgs,200,False,5507.816907279937,-2750.9084536399687
SARIMAX_anom_E1_exog,2022-10,True,54,lbfgs,200,False,5446.37636350656,-2717.18818175328
SARIMAX_z_E1_semexog,2022-10,True,6,lbfgs,200,False,1408.0759146598693,-701.0379573299347
SARIMAX_z_E1_exog,2022-10,True,8,lbfgs,200,False,1384.1453976762243,-686.0726988381122
SARIMAX_anom_E2_semexog,2022-10,True,10,lbfgs,200,False,5497.796684770677,-2744.8983423853383
SARIMAX_anom_E2_exog,2022-10,True,39,lbfgs,200,False,5435.410876015283,-2710.7054380076415
SARIMAX_z_E2_semexog,2022-10,True,11,lbfgs,200,False,1406.0318690810568,-699.0159345405284
SARIMAX_z_E2_exog,2022-10,True,15,lbfgs,200,False,1383.4536101514655,-684.7268050757327
SARIMAX_anom_E3_semexog,2022-10,True,22,lbfgs,200,False,5392.21089725541,-2692.105448627705
SARIMAX_anom_E3_exog,2022-10,True,44,lbfgs,200,False,5330.16173594756,-2658.08086797378
SARIMAX_z_E3_semexog,2022-10,True,10,lbfgs,200,False,1378.8727258166698,-685.4363629083349
SARIMAX_z_E3_exog,2022-10,True,16,lbfgs,200,False,1356.168299280359,-671.0841496401795
SARIMAX_anom_E4_semexog,2022-10,True,21,lbfgs,200,False,5379.447486775956,-2685.723743387978
SARIMAX_anom_E4_exog,2022-10,True,39,lbfgs,200,False,5320.029567104134,-2653.014783552067
SARIMAX_z_E4_semexog,2022-10,True,9,lbfgs,200,False,1375.9179481891908,-683.9589740945954
SARIMAX_z_E4_exog,2022-10,True,15,lbfgs,200,False,1353.274770203947,-669.6373851019735
Harmonico_harm1,2022-10,True,23,lbfgs,200,False,5618.778979267449,-2804.3894896337247
Harmonico_harm2,2022-10,True,27,lbfgs,200,False,5557.66531482677,-2771.832657413385
SARIMAX_anom_E1_semexog,2022-11,True,9,lbfgs,200,False,5524.485247906874,-2759.242623953437
SARIMAX_anom_E1_exog,2022-11,True,44,lbfgs,200,False,5461.769331474302,-2724.884665737151
SARIMAX_z_E1_semexog,2022-11,True,6,lbfgs,200,False,1412.8379169451207,-703.4189584725603
SARIMAX_z_E1_exog,2022-11,True,13,lbfgs,200,False,1387.827538561366,-687.913769280683
SARIMAX_anom_E2_semexog,2022-11,True,11,lbfgs,200,False,5514.533555023527,-2753.2667775117634
SARIMAX_anom_E2_exog,2022-11,True,38,lbfgs,200,False,5450.425967465231,-2718.2129837326156
SARIMAX_z_E2_semexog,2022-11,True,14,lbfgs,200,False,1410.763718864675,-701.3818594323375
SARIMAX_z_E2_exog,2022-11,True,15,lbfgs,200,False,1387.2133925604262,-686.6066962802131
SARIMAX_anom_E3_semexog,2022-11,True,22,lbfgs,200,False,5408.843861044254,-2700.421930522127
SARIMAX_anom_E3_exog,2022-11,True,45,lbfgs,200,False,5345.505601804727,-2665.7528009023636
SARIMAX_z_E3_semexog,2022-11,True,11,lbfgs,200,False,1383.831124728324,-687.915562364162
SARIMAX_z_E3_exog,2022-11,True,17,lbfgs,200,False,1359.996721385402,-672.998360692701
SARIMAX_anom_E4_semexog,2022-11,True,21,lbfgs,200,False,5396.193670815863,-2694.0968354079314
SARIMAX_anom_E4_exog,2022-11,True,41,lbfgs,200,False,5335.371623367203,-2660.6858116836015
SARIMAX_z_E4_semexog,2022-11,True,10,lbfgs,200,False,1380.9647146783418,-686.4823573391709
SARIMAX_z_E4_exog,2022-11,True,15,lbfgs,200,False,1357.1232587850457,-671.5616293925228
Harmonico_harm1,2022-11,True,20,lbfgs,200,False,5633.34876418185,-2811.674382090925
Harmonico_harm2,2022-11,True,26,lbfgs,200,False,5573.658466119905,-2779.8292330599525
SARIMAX_anom_E1_semexog,2022-12,True,8,lbfgs,200,False,5534.995116835649,-2764.4975584178246
SARIMAX_anom_E1_exog,2022-12,True,45,lbfgs,200,False,5472.081187398971,-2730.0405936994857
SARIMAX_z_E1_semexog,2022-12,True,7,lbfgs,200,False,1415.2186860545808,-704.6093430272904
SARIMAX_z_E1_exog,2022-12,True,14,lbfgs,200,False,1390.122354426602,-689.061177213301
SARIMAX_anom_E2_semexog,2022-12,True,11,lbfgs,200,False,5525.103944800644,-2758.551972400322
SARIMAX_anom_E2_exog,2022-12,True,66,lbfgs,200,False,5460.641179228992,-2723.320589614496
SARIMAX_z_E2_semexog,2022-12,True,13,lbfgs,200,False,1413.1682019622954,-702.5841009811477
SARIMAX_z_E2_exog,2022-12,True,16,lbfgs,200,False,1389.525857839777,-687.7629289198885
SARIMAX_anom_E3_semexog,2022-12,True,22,lbfgs,200,False,5419.240662173386,-2705.620331086693
SARIMAX_anom_E3_exog,2022-12,True,46,lbfgs,200,False,5355.7534700888045,-2670.8767350444023
SARIMAX_z_E3_semexog,2022-12,True,11,lbfgs,200,False,1386.1192138876845,-689.0596069438423
SARIMAX_z_E3_exog,2022-12,True,17,lbfgs,200,False,1362.2258435412791,-674.1129217706396
SARIMAX_anom_E4_semexog,2022-12,True,11,lbfgs,200,False,5406.676728492348,-2699.338364246174
SARIMAX_anom_E4_exog,2022-12,True,44,lbfgs,200,False,5345.626191133072,-2665.813095566536
SARIMAX_z_E4_semexog,2022-12,True,11,lbfgs,200,False,1383.2644092934788,-687.6322046467394
SARIMAX_z_E4_exog,2022-12,True,15,lbfgs,200,False,1359.3507600876071,-672.6753800438036
Harmonico_harm1,2022-12,True,23,lbfgs,200,False,5643.595128013283,-2816.7975640066416
Harmonico_harm2,2022-12,True,26,lbfgs,200,False,5584.245072235964,-2785.122536117982
SARIMAX_anom_E1_semexog,2023-01,True,6,lbfgs,200,False,5546.838517518475,-2770.4192587592374
SARIMAX_anom_E1_exog,2023-01,True,47,lbfgs,200,False,5484.356085392272,-2736.178042696136
SARIMAX_z_E1_semexog,2023-01,True,6,lbfgs,200,False,1418.4419622956746,-706.2209811478373
SARIMAX_z_E1_exog,2023-01,True,13,lbfgs,200,False,1393.505464808643,-690.7527324043215
SARIMAX_anom_E2_semexog,2023-01,True,11,lbfgs,200,False,5537.408926975396,-2764.704463487698
SARIMAX_anom_E2_exog,2023-01,True,48,lbfgs,200,False,5472.7630726580055,-2729.3815363290028
SARIMAX_z_E2_semexog,2023-01,True,13,lbfgs,200,False,1416.874351085282,-704.437175542641
SARIMAX_z_E2_exog,2023-01,True,16,lbfgs,200,False,1393.2275730243432,-689.6137865121716
SARIMAX_anom_E3_semexog,2023-01,True,18,lbfgs,200,False,5430.943999296367,-2711.4719996481836
SARIMAX_anom_E3_exog,2023-01,True,52,lbfgs,200,False,5368.037418388081,-2677.0187091940406
SARIMAX_z_E3_semexog,2023-01,True,11,lbfgs,200,False,1389.3812803939516,-690.6906401969758
SARIMAX_z_E3_exog,2023-01,True,17,lbfgs,200,False,1365.7763705824377,-675.8881852912189
SARIMAX_anom_E4_semexog,2023-01,True,11,lbfgs,200,False,5418.4410907803,-2705.22054539015
SARIMAX_anom_E4_exog,2023-01,True,48,lbfgs,200,False,5357.8874389151715,-2671.9437194575858
SARIMAX_z_E4_semexog,2023-01,True,11,lbfgs,200,False,1386.599512991667,-689.2997564958335
SARIMAX_z_E4_exog,2023-01,True,15,lbfgs,200,False,1362.9299141596082,-674.4649570798041
Harmonico_harm1,2023-01,True,24,lbfgs,200,False,5655.686193755912,-2822.843096877956
Harmonico_harm2,2023-01,True,24,lbfgs,200,False,5595.635043183252,-2790.817521591626
SARIMAX_anom_E1_semexog,2023-02,True,6,lbfgs,200,False,5556.878868298445,-2775.4394341492225
SARIMAX_anom_E1_exog,2023-02,True,36,lbfgs,200,False,5494.4539864987455,-2741.2269932493728
SARIMAX_z_E1_semexog,2023-02,True,6,lbfgs,200,False,1421.2875731416561,-707.6437865708281
SARIMAX_z_E1_exog,2023-02,True,13,lbfgs,200,False,1396.298293439601,-692.1491467198005
SARIMAX_anom_E2_semexog,2023-02,True,11,lbfgs,200,False,5547.444908718243,-2769.7224543591215
SARIMAX_anom_E2_exog,2023-02,True,37,lbfgs,200,False,5482.820758645176,-2734.410379322588
SARIMAX_z_E2_semexog,2023-02,True,13,lbfgs,200,False,1419.7029265958308,-705.8514632979154
SARIMAX_z_E2_exog,2023-02,True,17,lbfgs,200,False,1396.0087187200693,-691.0043593600346
SARIMAX_anom_E3_semexog,2023-02,True,21,lbfgs,200,False,5440.980857417565,-2716.4904287087825
SARIMAX_anom_E3_exog,2023-02,True,44,lbfgs,200,False,5378.126761360005,-2682.0633806800024
SARIMAX_z_E3_semexog,2023-02,True,11,lbfgs,200,False,1392.2369838884965,-692.1184919442483
SARIMAX_z_E3_exog,2023-02,True,17,lbfgs,200,False,1368.555260756764,-677.277630378382
SARIMAX_anom_E4_semexog,2023-02,True,19,lbfgs,200,False,5428.490725230314,-2710.245362615157
SARIMAX_anom_E4_exog,2023-02,True,44,lbfgs,200,False,5367.982184317671,-2676.9910921588357
SARIMAX_z_E4_semexog,2023-02,True,11,lbfgs,200,False,1389.449387382821,-690.7246936914105
SARIMAX_z_E4_exog,2023-02,True,17,lbfgs,200,False,1365.706508094053,-675.8532540470266
Harmonico_harm1,2023-02,True,23,lbfgs,200,False,5666.00458084779,-2828.002290423895
Harmonico_harm2,2023-02,True,27,lbfgs,200,False,5605.9923367255,-2795.99616836275
SARIMAX_anom_E1_semexog,2023-03,True,3,lbfgs,200,False,5568.643736431373,-2781.3218682156867
SARIMAX_anom_E1_exog,2023-03,True,26,lbfgs,200,False,5505.713831213561,-2746.8569156067806
SARIMAX_z_E1_semexog,2023-03,True,6,lbfgs,200,False,1424.1847208163815,-709.0923604081908
SARIMAX_z_E1_exog,2023-03,True,12,lbfgs,200,False,1398.9106854433116,-693.4553427216558
SARIMAX_anom_E2_semexog,2023-03,True,11,lbfgs,200,False,5559.597976091428,-2775.798988045714
SARIMAX_anom_E2_exog,2023-03,True,53,lbfgs,200,False,5494.0091615471665,-2740.0045807735833
SARIMAX_z_E2_semexog,2023-03,True,12,lbfgs,200,False,1422.8206907181177,-707.4103453590589
SARIMAX_z_E2_exog,2023-03,True,17,lbfgs,200,False,1398.6995435627757,-692.3497717813879
SARIMAX_anom_E3_semexog,2023-03,True,16,lbfgs,200,False,5452.803373554963,-2722.4016867774817
SARIMAX_anom_E3_exog,2023-03,True,46,lbfgs,200,False,5389.291626640865,-2687.6458133204324
SARIMAX_z_E3_semexog,2023-03,True,11,lbfgs,200,False,1395.1229713819193,-693.5614856909597
SARIMAX_z_E3_exog,2023-03,True,17,lbfgs,200,False,1371.0968635954039,-678.5484317977019
SARIMAX_anom_E4_semexog,2023-03,True,18,lbfgs,200,False,5440.28367402627,-2716.141837013135
SARIMAX_anom_E4_exog,2023-03,True,58,lbfgs,200,False,5379.150286237591,-2682.5751431187955
SARIMAX_z_E4_semexog,2023-03,True,11,lbfgs,200,False,1392.3451885490238,-692.1725942745119
SARIMAX_z_E4_exog,2023-03,True,16,lbfgs,200,False,1368.2521853977198,-677.1260926988599
Harmonico_harm1,2023-03,False,23,lbfgs,200,True,5679.774007249001,-2834.8870036245007
Harmonico_harm2,2023-03,False,27,lbfgs,200,True,5618.319878574617,-2802.1599392873086
SARIMAX_anom_E1_semexog,2023-04,True,7,lbfgs,200,False,5578.923739526738,-2786.461869763369
SARIMAX_anom_E1_exog,2023-04,True,49,lbfgs,200,False,5516.061673171411,-2752.0308365857054
SARIMAX_z_E1_semexog,2023-04,True,6,lbfgs,200,False,1427.014585690301,-710.5072928451505
SARIMAX_z_E1_exog,2023-04,True,12,lbfgs,200,False,1401.6921487255108,-694.8460743627554
SARIMAX_anom_E2_semexog,2023-04,True,10,lbfgs,200,False,5569.882783944144,-2780.941391972072
SARIMAX_anom_E2_exog,2023-04,True,39,lbfgs,200,False,5504.405674066151,-2745.2028370330754
SARIMAX_z_E2_semexog,2023-04,True,12,lbfgs,200,False,1425.6686161691835,-708.8343080845917
SARIMAX_z_E2_exog,2023-04,True,17,lbfgs,200,False,1401.4872199084434,-693.7436099542217
SARIMAX_anom_E3_semexog,2023-04,True,19,lbfgs,200,False,5463.104133448574,-2727.552066724287
SARIMAX_anom_E3_exog,2023-04,True,41,lbfgs,200,False,5399.575233079338,-2692.787616539669
SARIMAX_z_E3_semexog,2023-04,True,11,lbfgs,200,False,1397.885305126656,-694.942652563328
SARIMAX_z_E3_exog,2023-04,True,18,lbfgs,200,False,1373.7803586657265,-679.8901793328632
SARIMAX_anom_E4_semexog,2023-04,True,19,lbfgs,200,False,5450.581391499965,-2721.2906957499827
SARIMAX_anom_E4_exog,2023-04,True,48,lbfgs,200,False,5389.448889630435,-2687.7244448152173
SARIMAX_z_E4_semexog,2023-04,True,11,lbfgs,200,False,1395.0991001770149,-693.5495500885074
SARIMAX_z_E4_exog,2023-04,True,15,lbfgs,200,False,1370.932650766545,-678.4663253832725
Harmonico_harm1,2023-04,True,25,lbfgs,200,False,5690.037550049986,-2840.018775024993
Harmonico_harm2,2023-04,True,27,lbfgs,200,False,5628.546900783016,-2807.273450391508
SARIMAX_anom_E1_semexog,2023-05,True,3,lbfgs,200,False,5589.333912853745,-2791.6669564268723
SARIMAX_anom_E1_exog,2023-05,True,45,lbfgs,200,False,5526.430924904907,-2757.2154624524537
SARIMAX_z_E1_semexog,2023-05,True,6,lbfgs,200,False,1429.8482744470032,-711.9241372235016
SARIMAX_z_E1_exog,2023-05,True,13,lbfgs,200,False,1404.5506834302837,-696.2753417151418
SARIMAX_anom_E2_semexog,2023-05,True,11,lbfgs,200,False,5580.206724538384,-2786.103362269192
SARIMAX_anom_E2_exog,2023-05,True,63,lbfgs,200,False,5514.805763332561,-2750.4028816662803
SARIMAX_z_E2_semexog,2023-05,True,11,lbfgs,200,False,1428.4001084678157,-710.2000542339078
SARIMAX_z_E2_exog,2023-05,True,17,lbfgs,200,False,1404.2861286587824,-695.1430643293912
SARIMAX_anom_E3_semexog,2023-05,True,20,lbfgs,200,False,5473.533772610044,-2732.766886305022
SARIMAX_anom_E3_exog,2023-05,True,49,lbfgs,200,False,5409.9586063186725,-2697.9793031593363
SARIMAX_z_E3_semexog,2023-05,True,11,lbfgs,200,False,1400.7364980466616,-696.3682490233308
SARIMAX_z_E3_exog,2023-05,True,17,lbfgs,200,False,1376.7447485566545,-681.3723742783272
SARIMAX_anom_E4_semexog,2023-05,True,19,lbfgs,200,False,5460.960467012691,-2726.4802335063455
SARIMAX_anom_E4_exog,2023-05,True,47,lbfgs,200,False,5399.824424819106,-2692.912212409553
SARIMAX_z_E4_semexog,2023-05,True,11,lbfgs,200,False,1397.9389037040542,-694.9694518520271
SARIMAX_z_E4_exog,2023-05,True,15,lbfgs,200,False,1373.868183847993,-679.9340919239964
Harmonico_harm1,2023-05,True,24,lbfgs,200,False,5700.275603804462,-2845.137801902231
Harmonico_harm2,2023-05,True,27,lbfgs,200,False,5638.656896540579,-2812.3284482702893
SARIMAX_anom_E1_semexog,2023-06,True,5,lbfgs,200,False,5599.392513237388,-2796.696256618694
SARIMAX_anom_E1_exog,2023-06,True,45,lbfgs,200,False,5536.358760011979,-2762.1793800059895
SARIMAX_z_E1_semexog,2023-06,True,7,lbfgs,200,False,1432.8851488182468,-713.4425744091234
SARIMAX_z_E1_exog,2023-06,True,12,lbfgs,200,False,1407.2370230607535,-697.6185115303767
SARIMAX_anom_E2_semexog,2023-06,True,11,lbfgs,200,False,5590.2424516019555,-2791.1212258009778
SARIMAX_anom_E2_exog,2023-06,True,74,lbfgs,200,False,5524.719865905294,-2755.359932952647
SARIMAX_z_E2_semexog,2023-06,True,11,lbfgs,200,False,1431.3513697065123,-711.6756848532561
SARIMAX_z_E2_exog,2023-06,True,16,lbfgs,200,False,1406.9446995395335,-696.4723497697668
SARIMAX_anom_E3_semexog,2023-06,True,19,lbfgs,200,False,5483.5980262486055,-2737.7990131243027
SARIMAX_anom_E3_exog,2023-06,True,50,lbfgs,200,False,5419.893444829393,-2702.9467224146965
SARIMAX_z_E3_semexog,2023-06,True,11,lbfgs,200,False,1403.9104461047045,-697.9552230523523
SARIMAX_z_E3_exog,2023-06,True,17,lbfgs,200,False,1379.5604615071275,-682.7802307535637
SARIMAX_anom_E4_semexog,2023-06,True,19,lbfgs,200,False,5471.022813054907,-2731.5114065274533
SARIMAX_anom_E4_exog,2023-06,True,37,lbfgs,200,False,5409.7677938540155,-2697.8838969270078
SARIMAX_z_E4_semexog,2023-06,True,11,lbfgs,200,False,1401.1248717548906,-696.5624358774453
SARIMAX_z_E4_exog,2023-06,True,16,lbfgs,200,False,1376.685654819768,-681.342827409884
Harmonico_harm1,2023-06,True,26,lbfgs,200,False,5711.016967795347,-2850.5084838976736
Harmonico_harm2,2023-06,True,27,lbfgs,200,False,5648.814034492247,-2817.4070172461234
SARIMAX_anom_E1_semexog,2023-07,True,3,lbfgs,200,False,5609.417016952377,-2801.7085084761884
SARIMAX_anom_E1_exog,2023-07,True,41,lbfgs,200,False,5546.283914426855,-2767.1419572134273
SARIMAX_z_E1_semexog,2023-07,True,7,lbfgs,200,False,1435.5924835691044,-714.7962417845522
SARIMAX_z_E1_exog,2023-07,True,12,lbfgs,200,False,1409.6988352976286,-698.8494176488143
SARIMAX_anom_E2_semexog,2023-07,True,11,lbfgs,200,False,5600.273577109112,-2796.136788554556
SARIMAX_anom_E2_exog,2023-07,True,77,lbfgs,200,False,5534.6439260577345,-2760.3219630288672
SARIMAX_z_E2_semexog,2023-07,True,11,lbfgs,200,False,1434.1178075024209,-713.0589037512104
SARIMAX_z_E2_exog,2023-07,True,17,lbfgs,200,False,1409.4368357371886,-697.7184178685943
SARIMAX_anom_E3_semexog,2023-07,True,18,lbfgs,200,False,5493.625205509537,-2742.8126027547687
SARIMAX_anom_E3_exog,2023-07,True,42,lbfgs,200,False,5429.827620891486,-2707.913810445743
SARIMAX_z_E3_semexog,2023-07,True,11,lbfgs,200,False,1406.5425224856522,-699.2712612428261
SARIMAX_z_E3_exog,2023-07,True,17,lbfgs,200,False,1381.9750822167923,-683.9875411083962
SARIMAX_anom_E4_semexog,2023-07,True,19,lbfgs,200,False,5481.051344816038,-2736.525672408019
SARIMAX_anom_E4_exog,2023-07,True,48,lbfgs,200,False,5419.6933970497685,-2702.8466985248842
SARIMAX_z_E4_semexog,2023-07,True,11,lbfgs,200,False,1403.7590026948324,-697.8795013474162
SARIMAX_z_E4_exog,2023-07,True,15,lbfgs,200,False,1379.090628656124,-682.545314328062
Harmonico_harm1,2023-07,True,24,lbfgs,200,False,5721.232185684437,-2855.6160928422187
Harmonico_harm2,2023-07,True,28,lbfgs,200,False,5658.914104454861,-2822.4570522274307
SARIMAX_anom_E1_semexog,2023-08,True,3,lbfgs,200,False,5619.425459197359,-2806.7127295986793
SARIMAX_anom_E1_exog,2023-08,True,35,lbfgs,200,False,5556.262787965803,-2772.1313939829015
SARIMAX_z_E1_semexog,2023-08,True,7,lbfgs,200,False,1438.3420225693299,-716.1710112846649
SARIMAX_z_E1_exog,2023-08,True,12,lbfgs,200,False,1412.4529890760803,-700.2264945380401
SARIMAX_anom_E2_semexog,2023-08,True,11,lbfgs,200,False,5610.281075201083,-2801.1405376005414
SARIMAX_anom_E2_exog,2023-08,True,59,lbfgs,200,False,5544.627500174342,-2765.313750087171
SARIMAX_z_E2_semexog,2023-08,True,11,lbfgs,200,False,1436.8447166534559,-714.4223583267279
SARIMAX_z_E2_exog,2023-08,True,18,lbfgs,200,False,1412.192605245068,-699.096302622534
SARIMAX_anom_E3_semexog,2023-08,True,18,lbfgs,200,False,5503.639714837238,-2747.819857418619
SARIMAX_anom_E3_exog,2023-08,True,60,lbfgs,200,False,5439.810668603478,-2712.905334301739
SARIMAX_z_E3_semexog,2023-08,True,10,lbfgs,200,False,1409.2380385788745,-700.6190192894372
SARIMAX_z_E3_exog,2023-08,True,17,lbfgs,200,False,1384.7098673991095,-685.3549336995547
SARIMAX_anom_E4_semexog,2023-08,True,19,lbfgs,200,False,5491.062830033272,-2741.531415016636
SARIMAX_anom_E4_exog,2023-08,True,24,lbfgs,200,False,5429.742625210771,-2707.8713126053854
SARIMAX_z_E4_semexog,2023-08,True,11,lbfgs,200,False,1406.457462762974,-699.228731381487
SARIMAX_z_E4_exog,2023-08,True,15,lbfgs,200,False,1381.8278513506152,-683.9139256753076
Harmonico_harm1,2023-08,True,25,lbfgs,200,False,5731.43605433819,-2860.718027169095
Harmonico_harm2,2023-08,True,29,lbfgs,200,False,5668.996774236866,-2827.498387118433
SARIMAX_anom_E1_semexog,2023-09,True,3,lbfgs,200,False,5629.61401029978,-2811.80700514989
SARIMAX_anom_E1_exog,2023-09,True,28,lbfgs,200,False,5566.162676035228,-2777.081338017614
SARIMAX_z_E1_semexog,2023-09,True,7,lbfgs,200,False,1441.0594589661312,-717.5297294830656
SARIMAX_z_E1_exog,2023-09,True,12,lbfgs,200,False,1414.6567198916014,-701.3283599458007
SARIMAX_anom_E2_semexog,2023-09,True,11,lbfgs,200,False,5620.462073017743,-2806.2310365088715
SARIMAX_anom_E2_exog,2023-09,True,49,lbfgs,200,False,5554.506895265013,-2770.2534476325063
SARIMAX_z_E2_semexog,2023-09,True,13,lbfgs,200,False,1439.5407152220287,-715.7703576110143
SARIMAX_z_E2_exog,2023-09,True,19,lbfgs,200,False,1414.3937749780903,-700.1968874890451
SARIMAX_anom_E3_semexog,2023-09,True,16,lbfgs,200,False,5513.840006628275,-2752.9200033141374
SARIMAX_anom_E3_exog,2023-09,True,52,lbfgs,200,False,5449.729197347685,-2717.8645986738425
SARIMAX_z_E3_semexog,2023-09,True,11,lbfgs,200,False,1411.915810988638,-701.957905494319
SARIMAX_z_E3_exog,2023-09,True,17,lbfgs,200,False,1386.892257940533,-686.4461289702665
SARIMAX_anom_E4_semexog,2023-09,True,19,lbfgs,200,False,5501.263863788659,-2746.6319318943297
SARIMAX_anom_E4_exog,2023-09,True,37,lbfgs,200,False,5439.6088445222995,-2712.8044222611497
SARIMAX_z_E4_semexog,2023-09,True,11,lbfgs,200,False,1409.1032581366628,-700.5516290683314
SARIMAX_z_E4_exog,2023-09,True,15,lbfgs,200,False,1383.998263836057,-684.9991319180285
Harmonico_harm1,2023-09,True,23,lbfgs,200,False,5741.676019514395,-2865.8380097571976
Harmonico_harm2,2023-09,True,26,lbfgs,200,False,5679.704843087074,-2832.852421543537
SARIMAX_anom_E1_semexog,2023-10,True,3,lbfgs,200,False,5639.702940942848,-2816.851470471424
SARIMAX_anom_E1_exog,2023-10,True,38,lbfgs,200,False,5576.077064653153,-2782.0385323265764
SARIMAX_z_E1_semexog,2023-10,True,7,lbfgs,200,False,1443.7337227057706,-718.8668613528853
SARIMAX_z_E1_exog,2023-10,True,12,lbfgs,200,False,1417.2299993106467,-702.6149996553233
SARIMAX_anom_E2_semexog,2023-10,True,11,lbfgs,200,False,5630.553537817254,-2811.276768908627
SARIMAX_anom_E2_exog,2023-10,True,35,lbfgs,200,False,5564.428493852628,-2775.214246926314
SARIMAX_z_E2_semexog,2023-10,True,12,lbfgs,200,False,1442.2207547404957,-717.1103773702479
SARIMAX_z_E2_exog,2023-10,True,16,lbfgs,200,False,1416.9578307322333,-701.4789153661167
SARIMAX_anom_E3_semexog,2023-10,True,15,lbfgs,200,False,5523.924228029573,-2757.9621140147865
SARIMAX_anom_E3_exog,2023-10,True,63,lbfgs,200,False,5459.653035768839,-2722.8265178844194
SARIMAX_z_E3_semexog,2023-10,True,11,lbfgs,200,False,1414.5659861631434,-703.2829930815717
SARIMAX_z_E3_exog,2023-10,True,17,lbfgs,200,False,1389.4775277928602,-687.7387638964301
SARIMAX_anom_E4_semexog,2023-10,True,19,lbfgs,200,False,5511.348035222061,-2751.6740176110306
SARIMAX_anom_E4_exog,2023-10,True,47,lbfgs,200,False,5449.528444908691,-2717.7642224543456
SARIMAX_z_E4_semexog,2023-10,True,11,lbfgs,200,False,1411.7418258546227,-701.8709129273113
SARIMAX_z_E4_exog,2023-10,True,16,lbfgs,200,False,1386.594893871552,-686.297446935776
Harmonico_harm1,2023-10,True,23,lbfgs,200,False,5751.868198167884,-2870.934099083942
Harmonico_harm2,2023-10,True,27,lbfgs,200,False,5689.803579543341,-2837.9017897716703
SARIMAX_anom_E1_semexog,2023-11,True,6,lbfgs,200,False,5652.343360533946,-2823.171680266973
SARIMAX_anom_E1_exog,2023-11,True,46,lbfgs,200,False,5587.224554232003,-2787.6122771160017
SARIMAX_z_E1_semexog,2023-11,True,6,lbfgs,200,False,1446.3882207327401,-720.1941103663701
SARIMAX_z_E1_exog,2023-11,True,13,lbfgs,200,False,1418.4176777816772,-703.2088388908386
SARIMAX_anom_E2_semexog,2023-11,True,11,lbfgs,200,False,5643.153952635212,-2817.576976317606
SARIMAX_anom_E2_exog,2023-11,True,37,lbfgs,200,False,5575.388086963197,-2780.6940434815983
SARIMAX_z_E2_semexog,2023-11,True,14,lbfgs,200,False,1444.735606531766,-718.367803265883
SARIMAX_z_E2_exog,2023-11,True,16,lbfgs,200,False,1418.0855403628475,-702.0427701814237
SARIMAX_anom_E3_semexog,2023-11,True,21,lbfgs,200,False,5536.597324877721,-2764.2986624388604
SARIMAX_anom_E3_exog,2023-11,True,49,lbfgs,200,False,5470.88282708728,-2728.44141354364
SARIMAX_z_E3_semexog,2023-11,True,11,lbfgs,200,False,1417.9325697483773,-704.9662848741887
SARIMAX_z_E3_exog,2023-11,True,17,lbfgs,200,False,1391.282247720434,-688.641123860217
SARIMAX_anom_E4_semexog,2023-11,True,11,lbfgs,200,False,5523.942237864419,-2757.9711189322097
SARIMAX_anom_E4_exog,2023-11,True,43,lbfgs,200,False,5460.72806232716,-2723.36403116358
SARIMAX_z_E4_semexog,2023-11,True,11,lbfgs,200,False,1415.1058909331584,-703.5529454665792
SARIMAX_z_E4_exog,2023-11,True,15,lbfgs,200,False,1388.4237827704487,-687.2118913852244
Harmonico_harm1,2023-11,False,22,lbfgs,200,True,5764.796784489602,-2877.398392244801
Harmonico_harm2,2023-11,True,25,lbfgs,200,False,5702.30089766739,-2844.150448833695
SARIMAX_anom_E1_semexog,2023-12,True,9,lbfgs,200,False,5663.837719352194,-2828.918859676097
SARIMAX_anom_E1_exog,2023-12,True,42,lbfgs,200,False,5597.641750407149,-2792.8208752035744
SARIMAX_z_E1_semexog,2023-12,True,6,lbfgs,200,False,1448.5850502100366,-721.2925251050183
SARIMAX_z_E1_exog,2023-12,True,14,lbfgs,200,False,1419.9421215994946,-703.9710607997473
SARIMAX_anom_E2_semexog,2023-12,True,11,lbfgs,200,False,5654.660285282337,-2823.3301426411685
SARIMAX_anom_E2_exog,2023-12,True,57,lbfgs,200,False,5585.674310772647,-2785.8371553863235
SARIMAX_z_E2_semexog,2023-12,True,13,lbfgs,200,False,1446.9594224417906,-719.4797112208953
SARIMAX_z_E2_exog,2023-12,True,16,lbfgs,200,False,1419.6176511719573,-702.8088255859786
SARIMAX_anom_E3_semexog,2023-12,True,16,lbfgs,200,False,5548.153758508664,-2770.076879254332
SARIMAX_anom_E3_exog,2023-12,True,47,lbfgs,200,False,5481.377565660522,-2733.688782830261
SARIMAX_z_E3_semexog,2023-12,True,10,lbfgs,200,False,1420.2293455925842,-706.1146727962921
SARIMAX_z_E3_exog,2023-12,True,17,lbfgs,200,False,1392.8835053737143,-689.4417526868572
SARIMAX_anom_E4_semexog,2023-12,True,20,lbfgs,200,False,5535.460126743189,-2763.7300633715945
SARIMAX_anom_E4_exog,2023-12,True,42,lbfgs,200,False,5471.209444455988,-2728.604722227994
SARIMAX_z_E4_semexog,2023-12,True,11,lbfgs,200,False,1417.3860119356798,-704.6930059678399
SARIMAX_z_E4_exog,2023-12,True,15,lbfgs,200,False,1390.0174296278624,-688.0087148139312
Harmonico_harm1,2023-12,True,25,lbfgs,200,False,5778.40108291547,-2884.200541457735
Harmonico_harm2,2023-12,True,26,lbfgs,200,False,5714.457241016308,-2850.228620508154
SARIMAX_anom_E1_semexog,2024-01,True,9,lbfgs,200,False,5674.676527050198,-2834.338263525099
SARIMAX_anom_E1_exog,2024-01,True,31,lbfgs,200,False,5609.575349581086,-2798.787674790543
SARIMAX_z_E1_semexog,2024-01,True,6,lbfgs,200,False,1451.8560735164256,-722.9280367582128
SARIMAX_z_E1_exog,2024-01,True,13,lbfgs,200,False,1424.2084422556845,-706.1042211278423
SARIMAX_anom_E2_semexog,2024-01,True,11,lbfgs,200,False,5665.587273706184,-2828.793636853092
SARIMAX_anom_E2_exog,2024-01,True,50,lbfgs,200,False,5597.564734995485,-2791.7823674977426
SARIMAX_z_E2_semexog,2024-01,True,13,lbfgs,200,False,1450.3481838788898,-721.1740919394449
SARIMAX_z_E2_exog,2024-01,True,17,lbfgs,200,False,1423.9956105547592,-704.9978052773796
SARIMAX_anom_E3_semexog,2024-01,True,22,lbfgs,200,False,5558.9830568592115,-2775.4915284296058
SARIMAX_anom_E3_exog,2024-01,True,45,lbfgs,200,False,5493.439999081609,-2739.7199995408046
SARIMAX_z_E3_semexog,2024-01,True,11,lbfgs,200,False,1423.5572184220619,-707.7786092110309
SARIMAX_z_E3_exog,2024-01,True,17,lbfgs,200,False,1397.3289050829335,-691.6644525414667
SARIMAX_anom_E4_semexog,2024-01,True,10,lbfgs,200,False,5546.365319064806,-2769.182659532403
SARIMAX_anom_E4_exog,2024-01,True,49,lbfgs,200,False,5483.26066899479,-2734.630334497395
SARIMAX_z_E4_semexog,2024-01,True,11,lbfgs,200,False,1420.764554642196,-706.382277321098
SARIMAX_z_E4_exog,2024-01,True,16,lbfgs,200,False,1394.4870000649191,-690.2435000324596
Harmonico_harm1,2024-01,True,23,lbfgs,200,False,5788.772015257675,-2889.3860076288374
Harmonico_harm2,2024-01,True,24,lbfgs,200,False,5725.101457370609,-2855.5507286853044
SARIMAX_anom_E1_semexog,2024-02,True,9,lbfgs,200,False,5685.3032477932065,-2839.6516238966033
SARIMAX_anom_E1_exog,2024-02,True,38,lbfgs,200,False,5619.604285797601,-2803.8021428988004
SARIMAX_z_E1_semexog,2024-02,True,6,lbfgs,200,False,1454.7690286943966,-724.3845143471983
SARIMAX_z_E1_exog,2024-02,True,13,lbfgs,200,False,1426.7517955508056,-707.3758977754028
SARIMAX_anom_E2_semexog,2024-02,True,11,lbfgs,200,False,5676.207144300772,-2834.103572150386
SARIMAX_anom_E2_exog,2024-02,True,38,lbfgs,200,False,5607.588197640238,-2796.794098820119
SARIMAX_z_E2_semexog,2024-02,True,13,lbfgs,200,False,1453.2545481869074,-722.6272740934537
SARIMAX_z_E2_exog,2024-02,True,17,lbfgs,200,False,1426.5342554081574,-706.2671277040787
SARIMAX_anom_E3_semexog,2024-02,True,12,lbfgs,200,False,5569.722923821209,-2780.8614619106047
SARIMAX_anom_E3_exog,2024-02,True,43,lbfgs,200,False,5503.475590186974,-2744.737795093487
SARIMAX_z_E3_semexog,2024-02,True,11,lbfgs,200,False,1426.4936532256415,-709.2468266128208
SARIMAX_z_E3_exog,2024-02,True,17,lbfgs,200,False,1399.8736211913015,-692.9368105956507
SARIMAX_anom_E4_semexog,2024-02,True,19,lbfgs,200,False,5557.021130783973,-2774.5105653919863
SARIMAX_anom_E4_exog,2024-02,True,52,lbfgs,200,False,5493.310183068255,-2739.6550915341277
SARIMAX_z_E4_semexog,2024-02,True,10,lbfgs,200,False,1423.686554808804,-707.843277404402
SARIMAX_z_E4_exog,2024-02,True,16,lbfgs,200,False,1397.0314213730176,-691.5157106865088
Harmonico_harm1,2024-02,True,24,lbfgs,200,False,5799.707553601463,-2894.8537768007313
Harmonico_harm2,2024-02,True,25,lbfgs,200,False,5736.413347733712,-2861.206673866856
SARIMAX_anom_E1_semexog,2024-03,True,5,lbfgs,200,False,5696.417281154654,-2845.208640577327
SARIMAX_anom_E1_exog,2024-03,True,30,lbfgs,200,False,5631.929753191247,-2809.9648765956235
SARIMAX_z_E1_semexog,2024-03,True,6,lbfgs,200,False,1457.705982416664,-725.852991208332
SARIMAX_z_E1_exog,2024-03,True,13,lbfgs,200,False,1430.6914656250142,-709.3457328125071
SARIMAX_anom_E2_semexog,2024-03,True,12,lbfgs,200,False,5687.168652979328,-2839.584326489664
SARIMAX_anom_E2_exog,2024-03,True,62,lbfgs,200,False,5620.124882182551,-2803.0624410912756
SARIMAX_z_E2_semexog,2024-03,True,13,lbfgs,200,False,1456.0819133140694,-724.0409566570347
SARIMAX_z_E2_exog,2024-03,True,16,lbfgs,200,False,1430.3420825755443,-708.1710412877721
SARIMAX_anom_E3_semexog,2024-03,True,20,lbfgs,200,False,5580.847559290157,-2786.4237796450784
SARIMAX_anom_E3_exog,2024-03,True,45,lbfgs,200,False,5515.689764923101,-2750.8448824615507
SARIMAX_z_E3_semexog,2024-03,True,11,lbfgs,200,False,1429.3717316947561,-710.6858658473781
SARIMAX_z_E3_exog,2024-03,True,16,lbfgs,200,False,1403.593528780622,-694.796764390311
SARIMAX_anom_E4_semexog,2024-03,True,19,lbfgs,200,False,5568.1919470933035,-2780.0959735466517
SARIMAX_anom_E4_exog,2024-03,True,56,lbfgs,200,False,5505.5429375389795,-2745.7714687694897
SARIMAX_z_E4_semexog,2024-03,True,9,lbfgs,200,False,1426.5532839941075,-709.2766419970537
SARIMAX_z_E4_exog,2024-03,True,14,lbfgs,200,False,1400.7606170805436,-693.3803085402718
Harmonico_harm1,2024-03,False,22,lbfgs,200,True,5812.6090338499325,-2901.3045169249663
Harmonico_harm2,2024-03,True,26,lbfgs,200,False,5747.988732551822,-2866.994366275911
SARIMAX_anom_E1_semexog,2024-04,True,7,lbfgs,200,False,5706.900865515792,-2850.450432757896
SARIMAX_anom_E1_exog,2024-04,True,40,lbfgs,200,False,5641.941736044049,-2814.9708680220247
SARIMAX_z_E1_semexog,2024-04,True,7,lbfgs,200,False,1460.5411023423203,-727.2705511711602
SARIMAX_z_E1_exog,2024-04,True,13,lbfgs,200,False,1433.1833970222206,-710.5916985111103
SARIMAX_anom_E2_semexog,2024-04,True,12,lbfgs,200,False,5697.5814337512475,-2844.7907168756237
SARIMAX_anom_E2_exog,2024-04,True,64,lbfgs,200,False,5630.071282446442,-2808.035641223221
SARIMAX_z_E2_semexog,2024-04,True,14,lbfgs,200,False,1458.865886865342,-725.432943432671
SARIMAX_z_E2_exog,2024-04,True,16,lbfgs,200,False,1432.8289163281702,-709.4144581640851
SARIMAX_anom_E3_semexog,2024-04,True,23,lbfgs,200,False,5591.408055445423,-2791.7040277227115
SARIMAX_anom_E3_exog,2024-04,True,41,lbfgs,200,False,5525.731348187049,-2755.8656740935244
SARIMAX_z_E3_semexog,2024-04,True,11,lbfgs,200,False,1432.1890082469072,-712.0945041234536
SARIMAX_z_E3_exog,2024-04,True,17,lbfgs,200,False,1406.0834964387154,-696.0417482193577
SARIMAX_anom_E4_semexog,2024-04,True,19,lbfgs,200,False,5578.714977636795,-2785.3574888183975
SARIMAX_anom_E4_exog,2024-04,True,39,lbfgs,200,False,5515.587075624212,-2750.793537812106
SARIMAX_z_E4_semexog,2024-04,True,10,lbfgs,200,False,1429.3641547609882,-710.6820773804941
SARIMAX_z_E4_exog,2024-04,True,15,lbfgs,200,False,1403.249634646958,-694.624817323479
Harmonico_harm1,2024-04,True,24,lbfgs,200,False,5822.870191901585,-2906.4350959507924
Harmonico_harm2,2024-04,True,25,lbfgs,200,False,5758.368166544034,-2872.184083272017
SARIMAX_anom_E1_semexog,2024-05,True,6,lbfgs,200,False,5718.229482763819,-2856.1147413819094
SARIMAX_anom_E1_exog,2024-05,True,34,lbfgs,200,False,5652.864413838621,-2820.4322069193104
SARIMAX_z_E1_semexog,2024-05,True,6,lbfgs,200,False,1463.3467849265521,-728.6733924632761
SARIMAX_z_E1_exog,2024-05,True,13,lbfgs,200,False,1435.4724163662436,-711.7362081831218
SARIMAX_anom_E2_semexog,2024-05,True,11,lbfgs,200,False,5709.062979436293,-2850.5314897181465
SARIMAX_anom_E2_exog,2024-05,True,49,lbfgs,200,False,5640.7001115588455,-2813.3500557794227
SARIMAX_z_E2_semexog,2024-05,True,14,lbfgs,200,False,1461.8516511238422,-726.9258255619211
SARIMAX_z_E2_exog,2024-05,True,18,lbfgs,200,False,1435.243878901777,-710.6219394508885
SARIMAX_anom_E3_semexog,2024-05,True,22,lbfgs,200,False,5602.7611010833,-2797.38055054165
SARIMAX_anom_E3_exog,2024-05,True,37,lbfgs,200,False,5536.692721192776,-2761.346360596388
SARIMAX_z_E3_semexog,2024-05,True,11,lbfgs,200,False,1435.2756851662937,-713.6378425831468
SARIMAX_z_E3_exog,2024-05,True,16,lbfgs,200,False,1408.5637180440378,-697.2818590220189
SARIMAX_anom_E4_semexog,2024-05,True,19,lbfgs,200,False,5590.094563914478,-2791.047281957239
SARIMAX_anom_E4_exog,2024-05,True,41,lbfgs,200,False,5526.560273620568,-2756.280136810284
SARIMAX_z_E4_semexog,2024-05,True,11,lbfgs,200,False,1432.4740827132368,-712.2370413566184
SARIMAX_z_E4_exog,2024-05,True,16,lbfgs,200,False,1405.803549591903,-695.9017747959515
Harmonico_harm1,2024-05,True,24,lbfgs,200,False,5835.766075112532,-2912.883037556266
Harmonico_harm2,2024-05,True,24,lbfgs,200,False,5770.81331926533,-2878.406659632665
SARIMAX_anom_E1_semexog,2024-06,True,6,lbfgs,200,False,5728.248038688388,-2861.124019344194
SARIMAX_anom_E1_exog,2024-06,True,28,lbfgs,200,False,5662.787155495713,-2825.3935777478564
SARIMAX_z_E1_semexog,2024-06,True,6,lbfgs,200,False,1465.728055895875,-729.8640279479375
SARIMAX_z_E1_exog,2024-06,True,15,lbfgs,200,False,1437.6352834373347,-712.8176417186673
SARIMAX_anom_E2_semexog,2024-06,True,11,lbfgs,200,False,5719.07300196628,-2855.53650098314
SARIMAX_anom_E2_exog,2024-06,True,38,lbfgs,200,False,5650.595227174356,-2818.297613587178
SARIMAX_z_E2_semexog,2024-06,True,13,lbfgs,200,False,1464.1795064997302,-728.0897532498651
SARIMAX_z_E2_exog,2024-06,True,17,lbfgs,200,False,1437.382923972949,-711.6914619864745
SARIMAX_anom_E3_semexog,2024-06,True,23,lbfgs,200,False,5612.784585174797,-2802.3922925873985
SARIMAX_anom_E3_exog,2024-06,True,41,lbfgs,200,False,5546.624932579555,-2766.3124662897776
SARIMAX_z_E3_semexog,2024-06,True,11,lbfgs,200,False,1437.5916725271027,-714.7958362635513
SARIMAX_z_E3_exog,2024-06,True,16,lbfgs,200,False,1410.7004739618556,-698.3502369809278
SARIMAX_anom_E4_semexog,2024-06,True,11,lbfgs,200,False,5600.118769895317,-2796.0593849476586
SARIMAX_anom_E4_exog,2024-06,True,40,lbfgs,200,False,5536.489711028212,-2761.244855514106
SARIMAX_z_E4_semexog,2024-06,True,11,lbfgs,200,False,1434.7807594364276,-713.3903797182138
SARIMAX_z_E4_exog,2024-06,True,16,lbfgs,200,False,1407.9282599293886,-696.9641299646943
Harmonico_harm1,2024-06,True,23,lbfgs,200,False,5846.540907304215,-2918.2704536521073
Harmonico_harm2,2024-06,True,26,lbfgs,200,False,5780.997295264344,-2883.498647632172
SARIMAX_anom_E1_semexog,2024-07,True,6,lbfgs,200,False,5738.253133860975,-2866.1265669304876
SARIMAX_anom_E1_exog,2024-07,True,30,lbfgs,200,False,5672.714973569813,-2830.3574867849065
SARIMAX_z_E1_semexog,2024-07,True,6,lbfgs,200,False,1468.5110389689246,-731.2555194844623
SARIMAX_z_E1_exog,2024-07,True,14,lbfgs,200,False,1440.4214569661337,-714.2107284830669
SARIMAX_anom_E2_semexog,2024-07,True,11,lbfgs,200,False,5729.084044902248,-2860.542022451124
SARIMAX_anom_E2_exog,2024-07,True,55,lbfgs,200,False,5660.510873875018,-2823.255436937509
SARIMAX_z_E2_semexog,2024-07,True,13,lbfgs,200,False,1466.9749276635769,-729.4874638317884
SARIMAX_z_E2_exog,2024-07,True,17,lbfgs,200,False,1440.1799011990756,-713.0899505995378
SARIMAX_anom_E3_semexog,2024-07,True,23,lbfgs,200,False,5622.795222891841,-2807.3976114459206
SARIMAX_anom_E3_exog,2024-07,True,46,lbfgs,200,False,5556.554206212753,-2771.2771031063767
SARIMAX_z_E3_semexog,2024-07,True,11,lbfgs,200,False,1440.344942277398,-716.172471138699
SARIMAX_z_E3_exog,2024-07,True,17,lbfgs,200,False,1413.4495543611506,-699.7247771805753
SARIMAX_anom_E4_semexog,2024-07,True,11,lbfgs,200,False,5610.127872178225,-2801.0639360891123
SARIMAX_anom_E4_exog,2024-07,True,42,lbfgs,200,False,5546.423075447328,-2766.211537723664
SARIMAX_z_E4_semexog,2024-07,True,10,lbfgs,200,False,1437.5325878760495,-714.7662939380248
SARIMAX_z_E4_exog,2024-07,True,16,lbfgs,200,False,1410.6746945793432,-698.3373472896716
Harmonico_harm1,2024-07,True,23,lbfgs,200,False,5856.761949032635,-2923.3809745163176
Harmonico_harm2,2024-07,True,26,lbfgs,200,False,5791.1042643121655,-2888.5521321560827
SARIMAX_anom_E1_semexog,2024-08,True,6,lbfgs,200,False,5748.255463542072,-2871.127731771036
SARIMAX_anom_E1_exog,2024-08,True,33,lbfgs,200,False,5682.6346833709395,-2835.3173416854697
SARIMAX_z_E1_semexog,2024-08,True,6,lbfgs,200,False,1471.2525805969276,-732.6262902984638
SARIMAX_z_E1_exog,2024-08,True,13,lbfgs,200,False,1443.0823777307314,-715.5411888653657
SARIMAX_anom_E2_semexog,2024-08,True,11,lbfgs,200,False,5739.089871875103,-2865.5449359375516
SARIMAX_anom_E2_exog,2024-08,True,53,lbfgs,200,False,5670.419545220389,-2828.2097726101947
SARIMAX_z_E2_semexog,2024-08,True,13,lbfgs,200,False,1469.7099311716681,-730.8549655858341
SARIMAX_z_E2_exog,2024-08,True,17,lbfgs,200,False,1442.8321305653833,-714.4160652826916
SARIMAX_anom_E3_semexog,2024-08,True,23,lbfgs,200,False,5632.806435387676,-2812.403217693838
SARIMAX_anom_E3_exog,2024-08,True,44,lbfgs,200,False,5566.477377806705,-2776.2386889033523
SARIMAX_z_E3_semexog,2024-08,True,11,lbfgs,200,False,1443.0428282913329,-717.5214141456664
SARIMAX_z_E3_exog,2024-08,True,16,lbfgs,200,False,1416.07625417794,-701.03812708897
SARIMAX_anom_E4_semexog,2024-08,True,11,lbfgs,200,False,5620.132591541515,-2806.0662957707573
SARIMAX_anom_E4_exog,2024-08,True,39,lbfgs,200,False,5556.347535806276,-2771.173767903138
SARIMAX_z_E4_semexog,2024-08,True,10,lbfgs,200,False,1440.2222337601424,-716.1111168800712
SARIMAX_z_E4_exog,2024-08,True,16,lbfgs,200,False,1413.3056240799438,-699.6528120399719
Harmonico_harm1,2024-08,True,23,lbfgs,200,False,5866.93921284275,-2928.469606421375
Harmonico_harm2,2024-08,True,24,lbfgs,200,False,5801.188365739557,-2893.5941828697787
SARIMAX_anom_E1_semexog,2024-09,True,6,lbfgs,200,False,5758.668379299012,-2876.334189649506
SARIMAX_anom_E1_exog,2024-09,True,38,lbfgs,200,False,5692.880947183879,-2840.4404735919393
SARIMAX_z_E1_semexog,2024-09,True,6,lbfgs,200,False,1473.9323608263983,-733.9661804131991
SARIMAX_z_E1_exog,2024-09,True,14,lbfgs,200,False,1445.4040701832832,-716.7020350916416
SARIMAX_anom_E2_semexog,2024-09,True,11,lbfgs,200,False,5749.532441617954,-2870.766220808977
SARIMAX_anom_E2_exog,2024-09,True,43,lbfgs,200,False,5680.6165194537925,-2833.3082597268963
SARIMAX_z_E2_semexog,2024-09,True,14,lbfgs,200,False,1472.4924465943004,-732.2462232971502
SARIMAX_z_E2_exog,2024-09,True,17,lbfgs,200,False,1445.190713232702,-715.595356616351
SARIMAX_anom_E3_semexog,2024-09,True,23,lbfgs,200,False,5643.255305300825,-2817.6276526504125
SARIMAX_anom_E3_exog,2024-09,True,52,lbfgs,200,False,5576.744114406578,-2781.372057203289
SARIMAX_z_E3_semexog,2024-09,True,11,lbfgs,200,False,1445.7605256220704,-718.8802628110352
SARIMAX_z_E3_exog,2024-09,True,17,lbfgs,200,False,1418.4909758688068,-702.2454879344034
SARIMAX_anom_E4_semexog,2024-09,True,11,lbfgs,200,False,5630.561149489924,-2811.280574744962
SARIMAX_anom_E4_exog,2024-09,True,37,lbfgs,200,False,5566.615778634611,-2776.3078893173056
SARIMAX_z_E4_semexog,2024-09,True,10,lbfgs,200,False,1442.9298230202744,-717.4649115101372
SARIMAX_z_E4_exog,2024-09,True,16,lbfgs,200,False,1415.7367753321514,-700.8683876660757
Harmonico_harm1,2024-09,False,22,lbfgs,200,True,5877.325665235099,-2933.6628326175496
Harmonico_harm2,2024-09,True,27,lbfgs,200,False,5812.242614305496,-2899.121307152748
SARIMAX_anom_E1_semexog,2024-10,True,6,lbfgs,200,False,5769.232749022116,-2881.616374511058
SARIMAX_anom_E1_exog,2024-10,True,33,lbfgs,200,False,5703.376070330853,-2845.6880351654263
SARIMAX_z_E1_semexog,2024-10,True,6,lbfgs,200,False,1476.3407655149554,-735.1703827574777
SARIMAX_z_E1_exog,2024-10,True,13,lbfgs,200,False,1447.728469071798,-717.864234535899
SARIMAX_anom_E2_semexog,2024-10,True,11,lbfgs,200,False,5760.105706186096,-2876.052853093048
SARIMAX_anom_E2_exog,2024-10,True,42,lbfgs,200,False,5691.063779671856,-2838.531889835928
SARIMAX_z_E2_semexog,2024-10,True,14,lbfgs,200,False,1474.8897043713284,-733.4448521856642
SARIMAX_z_E2_exog,2024-10,True,17,lbfgs,200,False,1447.5041734909996,-716.7520867454998
SARIMAX_anom_E3_semexog,2024-10,True,23,lbfgs,200,False,5653.81411349241,-2822.907056746205
SARIMAX_anom_E3_exog,2024-10,True,40,lbfgs,200,False,5587.246151464742,-2786.623075732371
SARIMAX_z_E3_semexog,2024-10,True,11,lbfgs,200,False,1448.1436854599822,-720.0718427299911
SARIMAX_z_E3_exog,2024-10,True,16,lbfgs,200,False,1420.8479689661344,-703.4239844830672
SARIMAX_anom_E4_semexog,2024-10,True,11,lbfgs,200,False,5641.11123792063,-2816.555618960315
SARIMAX_anom_E4_exog,2024-10,True,40,lbfgs,200,False,5577.110691414624,-2781.555345707312
SARIMAX_z_E4_semexog,2024-10,True,9,lbfgs,200,False,1445.3096301731027,-718.6548150865514
SARIMAX_z_E4_exog,2024-10,True,16,lbfgs,200,False,1418.1025384414093,-702.0512692207046
Harmonico_harm1,2024-10,True,23,lbfgs,200,False,5887.593178190509,-2938.7965890952546
Harmonico_harm2,2024-10,True,27,lbfgs,200,False,5822.6965020007265,-2904.3482510003632
SARIMAX_anom_E1_semexog,2024-11,True,6,lbfgs,200,False,5779.614320742348,-2886.807160371174
SARIMAX_anom_E1_exog,2024-11,True,36,lbfgs,200,False,5713.7529415686,-2850.8764707843
SARIMAX_z_E1_semexog,2024-11,True,6,lbfgs,200,False,1478.8431101795427,-736.4215550897713
SARIMAX_z_E1_exog,2024-11,True,13,lbfgs,200,False,1450.1657112039168,-719.0828556019584
SARIMAX_anom_E2_semexog,2024-11,True,11,lbfgs,200,False,5770.46547569677,-2881.232737848385
SARIMAX_anom_E2_exog,2024-11,True,41,lbfgs,200,False,5701.452347215971,-2843.7261736079854
SARIMAX_z_E2_semexog,2024-11,True,13,lbfgs,200,False,1477.347150225562,-734.673575112781
SARIMAX_z_E2_exog,2024-11,True,17,lbfgs,200,False,1449.909103993275,-717.9545519966375
SARIMAX_anom_E3_semexog,2024-11,True,22,lbfgs,200,False,5664.182362652578,-2828.091181326289
SARIMAX_anom_E3_exog,2024-11,True,45,lbfgs,200,False,5597.58163103421,-2791.790815517105
SARIMAX_z_E3_semexog,2024-11,True,11,lbfgs,200,False,1450.5271544926145,-721.2635772463072
SARIMAX_z_E3_exog,2024-11,True,17,lbfgs,200,False,1423.1778598315052,-704.5889299157526
SARIMAX_anom_E4_semexog,2024-11,True,11,lbfgs,200,False,5651.46760522419,-2821.733802612095
SARIMAX_anom_E4_exog,2024-11,True,51,lbfgs,200,False,5587.445208164421,-2786.7226040822106
SARIMAX_z_E4_semexog,2024-11,True,10,lbfgs,200,False,1447.6632428516687,-719.8316214258343
SARIMAX_z_E4_exog,2024-11,True,16,lbfgs,200,False,1420.4174480034808,-703.2087240017404
Harmonico_harm1,2024-11,True,24,lbfgs,200,False,5898.383299023662,-2944.191649511831
Harmonico_harm2,2024-11,True,27,lbfgs,200,False,5833.1145711775425,-2909.5572855887713
SARIMAX_anom_E1_semexog,2024-12,True,6,lbfgs,200,False,5789.65681475109,-2891.828407375545
SARIMAX_anom_E1_exog,2024-12,True,37,lbfgs,200,False,5723.7397643802105,-2855.8698821901053
SARIMAX_z_E1_semexog,2024-12,True,6,lbfgs,200,False,1481.6071182777696,-737.8035591388848
SARIMAX_z_E1_exog,2024-12,True,13,lbfgs,200,False,1452.8761773963463,-720.4380886981731
SARIMAX_anom_E2_semexog,2024-12,True,11,lbfgs,200,False,5780.502476890959,-2886.2512384454794
SARIMAX_anom_E2_exog,2024-12,True,55,lbfgs,200,False,5711.456363795542,-2848.728181897771
SARIMAX_z_E2_semexog,2024-12,True,14,lbfgs,200,False,1480.112106495682,-736.056053247841
SARIMAX_z_E2_exog,2024-12,True,17,lbfgs,200,False,1452.6170836323763,-719.3085418161882
SARIMAX_anom_E3_semexog,2024-12,True,25,lbfgs,200,False,5674.251349420285,-2833.1256747101424
SARIMAX_anom_E3_exog,2024-12,True,55,lbfgs,200,False,5607.574005213859,-2796.7870026069295
SARIMAX_z_E3_semexog,2024-12,True,11,lbfgs,200,False,1453.2922348536422,-722.6461174268211
SARIMAX_z_E3_exog,2024-12,True,15,lbfgs,200,False,1425.8907126160962,-705.9453563080481
SARIMAX_anom_E4_semexog,2024-12,True,20,lbfgs,200,False,5661.516582639669,-2826.7582913198344
SARIMAX_anom_E4_exog,2024-12,True,42,lbfgs,200,False,5597.440455538697,-2791.7202277693486
SARIMAX_z_E4_semexog,2024-12,True,12,lbfgs,200,False,1450.4217636053672,-721.2108818026836
SARIMAX_z_E4_exog,2024-12,True,16,lbfgs,200,False,1423.1301107695454,-704.5650553847727
Harmonico_harm1,2024-12,True,22,lbfgs,200,False,5909.338572664001,-2949.6692863320004
Harmonico_harm2,2024-12,True,26,lbfgs,200,False,5843.335978468396,-2914.667989234198
SARIMAX_anom_E1_semexog,2025-01,True,6,lbfgs,200,False,5799.746202916879,-2896.8731014584396
SARIMAX_anom_E1_exog,2025-01,True,40,lbfgs,200,False,5733.7615078886065,-2860.8807539443033
SARIMAX_z_E1_semexog,2025-01,True,6,lbfgs,200,False,1484.5905343533477,-739.2952671766739
SARIMAX_z_E1_exog,2025-01,True,13,lbfgs,200,False,1455.8505800134142,-721.9252900067071
SARIMAX_anom_E2_semexog,2025-01,True,11,lbfgs,200,False,5790.588407110426,-2891.294203555213
SARIMAX_anom_E2_exog,2025-01,True,41,lbfgs,200,False,5721.438402393511,-2853.7192011967554
SARIMAX_z_E2_semexog,2025-01,True,13,lbfgs,200,False,1483.1036588374295,-737.5518294187148
SARIMAX_z_E2_exog,2025-01,True,17,lbfgs,200,False,1455.6067748572193,-720.8033874286097
SARIMAX_anom_E3_semexog,2025-01,True,21,lbfgs,200,False,5684.3419549241935,-2838.1709774620967
SARIMAX_anom_E3_exog,2025-01,True,53,lbfgs,200,False,5617.598903919998,-2801.799451959999
SARIMAX_z_E3_semexog,2025-01,True,11,lbfgs,200,False,1456.245268605493,-724.1226343027465
SARIMAX_z_E3_exog,2025-01,True,15,lbfgs,200,False,1428.8008317453368,-707.4004158726684
SARIMAX_anom_E4_semexog,2025-01,True,11,lbfgs,200,False,5671.634800931357,-2831.8174004656785
SARIMAX_anom_E4_exog,2025-01,True,51,lbfgs,200,False,5607.4691471534215,-2796.7345735767108
SARIMAX_z_E4_semexog,2025-01,True,11,lbfgs,200,False,1453.3729092616923,-722.6864546308461
SARIMAX_z_E4_exog,2025-01,True,17,lbfgs,200,False,1426.03715793946,-706.01857896973
Harmonico_harm1,2025-01,True,24,lbfgs,200,False,5919.550568123004,-2954.775284061502
Harmonico_harm2,2025-01,True,26,lbfgs,200,False,5853.520236321836,-2919.760118160918
SARIMAX_anom_E1_semexog,2025-02,True,6,lbfgs,200,False,5815.50036999183,-2904.750184995915
SARIMAX_anom_E1_exog,2025-02,True,39,lbfgs,200,False,5749.62501143912,-2868.81250571956
SARIMAX_z_E1_semexog,2025-02,True,6,lbfgs,200,False,1487.2669749588501,-740.6334874794251
SARIMAX_z_E1_exog,2025-02,True,13,lbfgs,200,False,1458.7192244549838,-723.3596122274919
SARIMAX_anom_E2_semexog,2025-02,True,11,lbfgs,200,False,5806.2385772928765,-2899.1192886464382
SARIMAX_anom_E2_exog,2025-02,True,33,lbfgs,200,False,5737.039866030758,-2861.519933015379
SARIMAX_z_E2_semexog,2025-02,True,13,lbfgs,200,False,1485.7492643158612,-738.8746321579306
SARIMAX_z_E2_exog,2025-02,True,17,lbfgs,200,False,1458.4680777997714,-722.2340388998857
SARIMAX_anom_E3_semexog,2025-02,True,16,lbfgs,200,False,5699.957440095574,-2845.978720047787
SARIMAX_anom_E3_exog,2025-02,True,40,lbfgs,200,False,5633.427288228233,-2809.7136441141165
SARIMAX_z_E3_semexog,2025-02,True,11,lbfgs,200,False,1458.996855757559,-725.4984278787795
SARIMAX_z_E3_exog,2025-02,True,15,lbfgs,200,False,1431.647371057607,-708.8236855288035
SARIMAX_anom_E4_semexog,2025-02,True,18,lbfgs,200,False,5687.250543562235,-2839.6252717811176
SARIMAX_anom_E4_exog,2025-02,True,36,lbfgs,200,False,5623.278789296359,-2804.6393946481794
SARIMAX_z_E4_semexog,2025-02,True,9,lbfgs,200,False,1456.1203882565042,-724.0601941282521
SARIMAX_z_E4_exog,2025-02,True,16,lbfgs,200,False,1428.8872638688708,-707.4436319344354
Harmonico_harm1,2025-02,True,22,lbfgs,200,False,5934.091124991457,-2962.0455624957285
Harmonico_harm2,2025-02,True,29,lbfgs,200,False,5867.584484813536,-2926.792242406768
SARIMAX_anom_E1_semexog,2025-03,True,7,lbfgs,200,False,5825.692879178305,-2909.8464395891524
SARIMAX_anom_E1_exog,2025-03,True,35,lbfgs,200,False,5759.823699546843,-2873.9118497734216
SARIMAX_z_E1_semexog,2025-03,True,6,lbfgs,200,False,1489.8795607293769,-741.9397803646884
SARIMAX_z_E1_exog,2025-03,True,13,lbfgs,200,False,1461.2649511089971,-724.6324755544986
SARIMAX_anom_E2_semexog,2025-03,True,11,lbfgs,200,False,5816.449046414383,-2904.2245232071914
SARIMAX_anom_E2_exog,2025-03,True,52,lbfgs,200,False,5747.2429007243045,-2866.6214503621522
SARIMAX_z_E2_semexog,2025-03,True,13,lbfgs,200,False,1488.3615357084273,-740.1807678542136
SARIMAX_z_E2_exog,2025-03,True,17,lbfgs,200,False,1461.0038439448579,-723.5019219724289
SARIMAX_anom_E3_semexog,2025-03,True,22,lbfgs,200,False,5710.171200947714,-2851.085600473857
SARIMAX_anom_E3_exog,2025-03,True,43,lbfgs,200,False,5643.576475109388,-2814.788237554694
SARIMAX_z_E3_semexog,2025-03,True,11,lbfgs,200,False,1461.6067247889855,-726.8033623944928
SARIMAX_z_E3_exog,2025-03,True,16,lbfgs,200,False,1434.1226359176326,-710.0613179588163
SARIMAX_anom_E4_semexog,2025-03,True,10,lbfgs,200,False,5697.477335639302,-2844.738667819651
SARIMAX_anom_E4_exog,2025-03,True,46,lbfgs,200,False,5633.430591468101,-2809.7152957340504
SARIMAX_z_E4_semexog,2025-03,True,9,lbfgs,200,False,1458.7254463852785,-725.3627231926392
SARIMAX_z_E4_exog,2025-03,True,16,lbfgs,200,False,1431.3619838273457,-708.6809919136729
Harmonico_harm1,2025-03,True,24,lbfgs,200,False,5946.1545126203355,-2968.0772563101677
Harmonico_harm2,2025-03,True,26,lbfgs,200,False,5878.5507426659715,-2932.2753713329857
SARIMAX_anom_E1_semexog,2025-04,True,10,lbfgs,200,False,5840.058454394879,-2917.0292271974395
SARIMAX_anom_E1_exog,2025-04,True,33,lbfgs,200,False,5774.622974499825,-2881.3114872499127
SARIMAX_z_E1_semexog,2025-04,True,6,lbfgs,200,False,1493.1397300119809,-743.5698650059904
SARIMAX_z_E1_exog,2025-04,True,13,lbfgs,200,False,1464.660862478117,-726.3304312390585
SARIMAX_anom_E2_semexog,2025-04,True,11,lbfgs,200,False,5831.177885736564,-2911.588942868282
SARIMAX_anom_E2_exog,2025-04,True,25,lbfgs,200,False,5761.441433460295,-2873.7207167301476
SARIMAX_z_E2_semexog,2025-04,True,14,lbfgs,200,False,1491.8090158498808,-741.9045079249404
SARIMAX_z_E2_exog,2025-04,True,17,lbfgs,200,False,1464.538192599729,-725.2690962998645
SARIMAX_anom_E3_semexog,2025-04,True,18,lbfgs,200,False,5724.406563480261,-2858.2032817401305
SARIMAX_anom_E3_exog,2025-04,True,42,lbfgs,200,False,5658.417878115259,-2822.2089390576293
SARIMAX_z_E3_semexog,2025-04,True,11,lbfgs,200,False,1464.790074951612,-728.395037475806
SARIMAX_z_E3_exog,2025-04,True,16,lbfgs,200,False,1437.5607189102323,-711.7803594551161
SARIMAX_anom_E4_semexog,2025-04,True,18,lbfgs,200,False,5711.992589333191,-2851.9962946665955
SARIMAX_anom_E4_exog,2025-04,True,42,lbfgs,200,False,5648.277185336163,-2817.1385926680814
SARIMAX_z_E4_semexog,2025-04,True,12,lbfgs,200,False,1461.9574511176406,-726.9787255588203
SARIMAX_z_E4_exog,2025-04,True,15,lbfgs,200,False,1434.7809832799285,-710.3904916399642
Harmonico_harm1,2025-04,True,22,lbfgs,200,False,5958.270840887355,-2974.1354204436775
Harmonico_harm2,2025-04,True,28,lbfgs,200,False,5891.765340992714,-2938.882670496357
SARIMAX_anom_E1_semexog,2025-05,True,8,lbfgs,200,False,5850.377295187542,-2922.188647593771
SARIMAX_anom_E1_exog,2025-05,True,33,lbfgs,200,False,5785.053385142862,-2886.526692571431
SARIMAX_z_E1_semexog,2025-05,True,6,lbfgs,200,False,1495.6910216913636,-744.8455108456818
SARIMAX_z_E1_exog,2025-05,True,13,lbfgs,200,False,1467.223333466282,-727.611666733141
SARIMAX_anom_E2_semexog,2025-05,True,11,lbfgs,200,False,5841.448947784194,-2916.724473892097
SARIMAX_anom_E2_exog,2025-05,True,34,lbfgs,200,False,5771.706829286395,-2878.8534146431975
SARIMAX_z_E2_semexog,2025-05,True,15,lbfgs,200,False,1494.3178046678227,-743.1589023339113
SARIMAX_z_E2_exog,2025-05,True,17,lbfgs,200,False,1467.0883825546896,-726.5441912773448
SARIMAX_anom_E3_semexog,2025-05,True,19,lbfgs,200,False,5734.692818885405,-2863.3464094427027
SARIMAX_anom_E3_exog,2025-05,True,44,lbfgs,200,False,5668.871936642067,-2827.4359683210337
SARIMAX_z_E3_semexog,2025-05,True,10,lbfgs,200,False,1467.2680947585948,-729.6340473792974
SARIMAX_z_E3_exog,2025-05,True,17,lbfgs,200,False,1440.0407782831153,-713.0203891415576
SARIMAX_anom_E4_semexog,2025-05,True,22,lbfgs,200,False,5722.35990897426,-2857.17995448713
SARIMAX_anom_E4_exog,2025-05,True,37,lbfgs,200,False,5658.722103387282,-2822.361051693641
SARIMAX_z_E4_semexog,2025-05,True,11,lbfgs,200,False,1464.441875403244,-728.220937701622
SARIMAX_z_E4_exog,2025-05,True,17,lbfgs,200,False,1437.2742353660808,-711.6371176830404
Harmonico_harm1,2025-05,True,26,lbfgs,200,False,5969.843085649194,-2979.921542824597
Harmonico_harm2,2025-05,True,29,lbfgs,200,False,5902.90796097543,-2944.453980487715
SARIMAX_anom_E1_semexog,2025-06,True,9,lbfgs,200,False,5860.39349477667,-2927.196747388335
SARIMAX_anom_E1_exog,2025-06,True,21,lbfgs,200,False,5794.997594124077,-2891.4987970620386
SARIMAX_z_E1_semexog,2025-06,True,6,lbfgs,200,False,1498.549873594863,-746.2749367974315
SARIMAX_z_E1_exog,2025-06,True,13,lbfgs,200,False,1470.0301997070892,-729.0150998535446
SARIMAX_anom_E2_semexog,2025-06,True,11,lbfgs,200,False,5851.500496326091,-2921.7502481630454
SARIMAX_anom_E2_exog,2025-06,True,36,lbfgs,200,False,5781.6343869467555,-2883.8171934733778
SARIMAX_z_E2_semexog,2025-06,True,15,lbfgs,200,False,1497.2147371852732,-744.6073685926366
SARIMAX_z_E2_exog,2025-06,True,18,lbfgs,200,False,1469.9153813593475,-727.9576906796738
SARIMAX_anom_E3_semexog,2025-06,True,18,lbfgs,200,False,5744.711899524913,-2868.3559497624565
SARIMAX_anom_E3_exog,2025-06,True,39,lbfgs,200,False,5678.808846263155,-2832.4044231315775
SARIMAX_z_E3_semexog,2025-06,True,10,lbfgs,200,False,1470.1418864801608,-731.0709432400804
SARIMAX_z_E3_exog,2025-06,True,17,lbfgs,200,False,1442.8684174467903,-714.4342087233952
SARIMAX_anom_E4_semexog,2025-06,True,11,lbfgs,200,False,5732.38430753237,-2862.192153766185
SARIMAX_anom_E4_exog,2025-06,True,40,lbfgs,200,False,5668.6597925316555,-2827.3298962658278
SARIMAX_z_E4_semexog,2025-06,True,11,lbfgs,200,False,1467.3211296673574,-729.6605648336787
SARIMAX_z_E4_exog,2025-06,True,17,lbfgs,200,False,1440.0987745499633,-713.0493872749817
Harmonico_harm1,2025-06,False,25,lbfgs,200,True,5980.334818135694,-2985.167409067847
Harmonico_harm2,2025-06,True,27,lbfgs,200,False,5912.978947681872,-2949.489473840936
SARIMAX_anom_E1_semexog,2025-07,True,8,lbfgs,200,False,5870.396931814066,-2932.198465907033
SARIMAX_anom_E1_exog,2025-07,True,30,lbfgs,200,False,5804.9161192509655,-2896.4580596254827
SARIMAX_z_E1_semexog,2025-07,True,6,lbfgs,200,False,1501.3309052441311,-747.6654526220656
SARIMAX_z_E1_exog,2025-07,True,13,lbfgs,200,False,1472.7786681331636,-730.3893340665818
SARIMAX_anom_E2_semexog,2025-07,True,11,lbfgs,200,False,5861.505678572757,-2926.7528392863783
SARIMAX_anom_E2_exog,2025-07,True,45,lbfgs,200,False,5791.563945986879,-2888.7819729934395
SARIMAX_z_E2_semexog,2025-07,True,14,lbfgs,200,False,1499.9986007233229,-745.9993003616614
SARIMAX_z_E2_exog,2025-07,True,18,lbfgs,200,False,1472.65799493143,-729.328997465715
SARIMAX_anom_E3_semexog,2025-07,True,18,lbfgs,200,False,5754.723925669208,-2873.361962834604
SARIMAX_anom_E3_exog,2025-07,True,30,lbfgs,200,False,5688.75354547343,-2837.376772736715
SARIMAX_z_E3_semexog,2025-07,True,10,lbfgs,200,False,1472.906845258285,-732.4534226291426
SARIMAX_z_E3_exog,2025-07,True,17,lbfgs,200,False,1445.5929617742695,-715.7964808871347
SARIMAX_anom_E4_semexog,2025-07,True,11,lbfgs,200,False,5742.391301763166,-2867.195650881583
SARIMAX_anom_E4_exog,2025-07,True,38,lbfgs,200,False,5678.596062028211,-2832.2980310141056
SARIMAX_z_E4_semexog,2025-07,True,11,lbfgs,200,False,1470.0740754761932,-731.0370377380966
SARIMAX_z_E4_exog,2025-07,True,17,lbfgs,200,False,1442.8221054591615,-714.4110527295808
Harmonico_harm1,2025-07,True,25,lbfgs,200,False,5990.536933791938,-2990.268466895969
Harmonico_harm2,2025-07,True,31,lbfgs,200,False,5923.1256589015065,-2954.5628294507533
SARIMAX_anom_E1_semexog,2025-08,True,8,lbfgs,200,False,5880.4003026162645,-2937.2001513081323
SARIMAX_anom_E1_exog,2025-08,True,25,lbfgs,200,False,5814.85397856331,-2901.426989281655
SARIMAX_z_E1_semexog,2025-08,True,6,lbfgs,200,False,1504.1392642603714,-749.0696321301857
SARIMAX_z_E1_exog,2025-08,True,13,lbfgs,200,False,1475.6629114530472,-731.8314557265236
SARIMAX_anom_E2_semexog,2025-08,True,11,lbfgs,200,False,5871.507596323573,-2931.7537981617866
SARIMAX_anom_E2_exog,2025-08,True,24,lbfgs,200,False,5801.490208120678,-2893.745104060339
SARIMAX_z_E2_semexog,2025-08,True,15,lbfgs,200,False,1502.7791103052941,-747.3895551526471
SARIMAX_z_E2_exog,2025-08,True,18,lbfgs,200,False,1475.5271800524315,-730.7635900262158
SARIMAX_anom_E3_semexog,2025-08,True,18,lbfgs,200,False,5764.733160198736,-2878.366580099368
SARIMAX_anom_E3_exog,2025-08,True,38,lbfgs,200,False,5698.685038295236,-2842.342519147618
SARIMAX_z_E3_semexog,2025-08,True,10,lbfgs,200,False,1475.6945701632976,-733.8472850816488
SARIMAX_z_E3_exog,2025-08,True,15,lbfgs,200,False,1448.4563456381911,-717.2281728190956
SARIMAX_anom_E4_semexog,2025-08,True,11,lbfgs,200,False,5752.39898218016,-2872.19949109008
SARIMAX_anom_E4_exog,2025-08,True,42,lbfgs,200,False,5688.540426472935,-2837.2702132364675
SARIMAX_z_E4_semexog,2025-08,True,11,lbfgs,200,False,1472.8656399017145,-732.4328199508573
SARIMAX_z_E4_exog,2025-08,True,16,lbfgs,200,False,1445.687231648667,-715.8436158243335
Harmonico_harm1,2025-08,True,24,lbfgs,200,False,6000.768784109432,-2995.384392054716
Harmonico_harm2,2025-08,True,27,lbfgs,200,False,5933.169256316625,-2959.5846281583126
