ano,mes,formato,url,versao_chirps,data_extracao_utc,status,valor_mm,identificacao_arquivo__disponivel,identificacao_arquivo__status_http,identificacao_arquivo__etag,identificacao_arquivo__last_modified,identificacao_arquivo__content_length_bytes,identificacao_arquivo__content_type,identificacao_arquivo__tentativas_ate_sucesso,verificacao_grade__grade_ok,verificacao_grade__problemas,pixel__row,pixel__col,pixel__pixel_bounds_lon_min,pixel__pixel_bounds_lon_max,pixel__pixel_bounds_lat_min,pixel__pixel_bounds_lat_max,pixel__pixel_centro_lon,pixel__pixel_centro_lat,pixel__ponto_consultado_lon,pixel__ponto_consultado_lat,pixel__resolucao_real_usada_lon_graus,pixel__resolucao_real_usada_lat_graus,pixel__convencao_indexacao,pixel__classificacao_proximidade_lon,pixel__classificacao_proximidade_lat,pixel__distancia_borda_mais_proxima_lon_graus,pixel__distancia_borda_mais_proxima_lat_graus,pixel__ponto_sobre_ou_proximo_de_borda,pixel__ponto_proximo_de_quina_compartilhada_por_4_pixels,identificacao_arquivo__motivo,identificacao_arquivo__tentativas_esgotadas
1981,1,cog,https://data.chc.ucsb.edu/products/CHIRPS/v3.0/monthly/global/cogs/chirps-v3.0.1981.01.cog,v3.0,2026-09-29T15:22:46.342733+00:00,ok,341.1018,True,200.0,"""67be0a0c-1cbf1b0""","Tue, 25 Feb 2025 18:21:00 GMT",30142896,application/octet-stream,1.0,True,[],1355.0,2640.0,-47.99999803304672,-47.949998032301664,-7.800001010298729,-7.750001009553671,-47.97499803267419,-7.7750010099262,-47.95,-7.8,0.050000000745058,0.050000000745058,"numpy.floor (padrão de rasterio.DatasetReader.index), sobre os coeficientes REAIS do transform do arquivo aberto",proximo_de_borda,proximo_de_borda,1.9676983194938373e-06,1.0102987326288114e-06,True,True,,
1981,2,cog,https://data.chc.ucsb.edu/products/CHIRPS/v3.0/monthly/global/cogs/chirps-v3.0.1981.02.cog,v3.0,2026-09-29T15:22:51.288866+00:00,ok,174.1935,True,200.0,"""67be0a0f-1cca80b""","Tue, 25 Feb 2025 18:21:03 GMT",30189579,application/octet-stream,1.0,True,[],1355.0,2640.0,-47.99999803304672,-47.949998032301664,-7.800001010298729,-7.750001009553671,-47.97499803267419,-7.7750010099262,-47.95,-7.8,0.050000000745058,0.050000000745058,"numpy.floor (padrão de rasterio.DatasetReader.index), sobre os coeficientes REAIS do transform do arquivo aberto",proximo_de_borda,proximo_de_borda,1.9676983194938373e-06,1.0102987326288114e-06,True,True,,
1981,3,cog,https://data.chc.ucsb.edu/products/CHIRPS/v3.0/monthly/global/cogs/chirps-v3.0.1981.03.cog,v3.0,2026-09-29T15:22:54.885405+00:00,ok,318.2138,True,200.0,"""67be0a12-1c39287""","Tue, 25 Feb 2025 18:21:06 GMT",29594247,application/octet-stream,1.0,True,[],1355.0,2640.0,-47.99999803304672,-47.949998032301664,-7.800001010298729,-7.750001009553671,-47.97499803267419,-7.7750010099262,-47.95,-7.8,0.050000000745058,0.050000000745058,"numpy.floor (padrão de rasterio.DatasetReader.index), sobre os coeficientes REAIS do transform do arquivo aberto",proximo_de_borda,proximo_de_borda,1.9676983194938373e-06,1.0102987326288114e-06,True,True,,
1981,4,cog,https://data.chc.ucsb.edu/products/CHIRPS/v3.0/monthly/global/cogs/chirps-v3.0.1981.04.cog,v3.0,2026-09-29T15:22:57.005446+00:00,ok,112.052,True,200.0,"""67be0a15-1c825c4""","Tue, 25 Feb 2025 18:21:09 GMT",29894084,application/octet-stream,1.0,True,[],1355.0,2640.0,-47.99999803304672,-47.949998032301664,-7.800001010298729,-7.750001009553671,-47.97499803267419,-7.7750010099262,-47.95,-7.8,0.050000000745058,0.050000000745058,"numpy.floor (padrão de rasterio.DatasetReader.index), sobre os coeficientes REAIS do transform do arquivo aberto",proximo_de_borda,proximo_de_borda,1.9676983194938373e-06,1.0102987326288114e-06,True,True,,
1981,5,cog,https://data.chc.ucsb.edu/products/CHIRPS/v3.0/monthly/global/cogs/chirps-v3.0.1981.05.cog,v3.0,2026-09-29T15:22:59.232132+00:00,ok,0.0368,True,200.0,"""67be0a18-1d37696""","Tue, 25 Feb 2025 18:21:12 GMT",30635670,application/octet-stream,1.0,True,[],1355.0,2640.0,-47.99999803304672,-47.949998032301664,-7.800001010298729,-7.750001009553671,-47.97499803267419,-7.7750010099262,-47.95,-7.8,0.050000000745058,0.050000000745058,"numpy.floor (padrão de rasterio.DatasetReader.index), sobre os coeficientes REAIS do transform do arquivo aberto",proximo_de_borda,proximo_de_borda,1.9676983194938373e-06,1.0102987326288114e-06,True,True,,
1981,6,cog,https://data.chc.ucsb.edu/products/CHIRPS/v3.0/monthly/global/cogs/chirps-v3.0.1981.06.cog,v3.0,2026-09-29T15:23:01.413580+00:00,ok,12.3526,True,200.0,"""67be0a1b-1c894fb""","Tue, 25 Feb 2025 18:21:15 GMT",29922555,application/octet-stream,1.0,True,[],1355.0,2640.0,-47.99999803304672,-47.949998032301664,-7.800001010298729,-7.750001009553671,-47.97499803267419,-7.7750010099262,-47.95,-7.8,0.050000000745058,0.050000000745058,"numpy.floor (padrão de rasterio.DatasetReader.index), sobre os coeficientes REAIS do transform do arquivo aberto",proximo_de_borda,proximo_de_borda,1.9676983194938373e-06,1.0102987326288114e-06,True,True,,
1981,7,cog,https://data.chc.ucsb.edu/products/CHIRPS/v3.0/monthly/global/cogs/chirps-v3.0.1981.07.cog,v3.0,2026-09-29T15:23:04.194835+00:00,ok,1.9774,True,200.0,"""67be0a1e-1c55240""","Tue, 25 Feb 2025 18:21:18 GMT",29708864,application/octet-stream,1.0,True,[],1355.0,2640.0,-47.99999803304672,-47.949998032301664,-7.800001010298729,-7.750001009553671,-47.97499803267419,-7.7750010099262,-47.95,-7.8,0.050000000745058,0.050000000745058,"numpy.floor (padrão de rasterio.DatasetReader.index), sobre os coeficientes REAIS do transform do arquivo aberto",proximo_de_borda,proximo_de_borda,1.9676983194938373e-06,1.0102987326288114e-06,True,True,,
1981,8,cog,https://data.chc.ucsb.edu/products/CHIRPS/v3.0/monthly/global/cogs/chirps-v3.0.1981.08.cog,v3.0,2026-09-29T15:23:06.422796+00:00,ok,1.864,True,200.0,"""67be0a21-1cec2ec""","Tue, 25 Feb 2025 18:21:21 GMT",30327532,application/octet-stream,1.0,True,[],1355.0,2640.0,-47.99999803304672,-47.949998032301664,-7.800001010298729,-7.750001009553671,-47.97499803267419,-7.7750010099262,-47.95,-7.8,0.050000000745058,0.050000000745058,"numpy.floor (padrão de rasterio.DatasetReader.index), sobre os coeficientes REAIS do transform do arquivo aberto",proximo_de_borda,proximo_de_borda,1.9676983194938373e-06,1.0102987326288114e-06,True,True,,
1981,9,cog,https://data.chc.ucsb.edu/products/CHIRPS/v3.0/monthly/global/cogs/chirps-v3.0.1981.09.cog,v3.0,2026-09-29T15:23:08.613590+00:00,ok,9.4664,True,200.0,"""67be0a24-1cc69ef""","Tue, 25 Feb 2025 18:21:24 GMT",30173679,application/octet-stream,1.0,True,[],1355.0,2640.0,-47.99999803304672,-47.949998032301664,-7.800001010298729,-7.750001009553671,-47.97499803267419,-7.7750010099262,-47.95,-7.8,0.050000000745058,0.050000000745058,"numpy.floor (padrão de rasterio.DatasetReader.index), sobre os coeficientes REAIS do transform do arquivo aberto",proximo_de_borda,proximo_de_borda,1.9676983194938373e-06,1.0102987326288114e-06,True,True,,
1981,10,cog,https://data.chc.ucsb.edu/products/CHIRPS/v3.0/monthly/global/cogs/chirps-v3.0.1981.10.cog,v3.0,2026-09-29T15:23:10.832005+00:00,ok,139.1985,True,200.0,"""67be0a27-1d3e5c9""","Tue, 25 Feb 2025 18:21:27 GMT",30664137,application/octet-stream,1.0,True,[],1355.0,2640.0,-47.99999803304672,-47.949998032301664,-7.800001010298729,-7.750001009553671,-47.97499803267419,-7.7750010099262,-47.95,-7.8,0.050000000745058,0.050000000745058,"numpy.floor (padrão de rasterio.DatasetReader.index), sobre os coeficientes REAIS do transform do arquivo aberto",proximo_de_borda,proximo_de_borda,1.9676983194938373e-06,1.0102987326288114e-06,True,True,,
1981,11,cog,https://data.chc.ucsb.edu/products/CHIRPS/v3.0/monthly/global/cogs/chirps-v3.0.1981.11.cog,v3.0,2026-09-29T15:23:13.332589+00:00,ok,203.513,True,200.0,"""67be0a2a-1baae5f""","Tue, 25 Feb 2025 18:21:30 GMT",29011551,application/octet-stream,1.0,True,[],1355.0,2640.0,-47.99999803304672,-47.949998032301664,-7.800001010298729,-7.750001009553671,-47.97499803267419,-7.7750010099262,-47.95,-7.8,0.050000000745058,0.050000000745058,"numpy.floor (padrão de rasterio.DatasetReader.index), sobre os coeficientes REAIS do transform do arquivo aberto",proximo_de_borda,proximo_de_borda,1.9676983194938373e-06,1.0102987326288114e-06,True,True,,
1981,12,cog,https://data.chc.ucsb.edu/products/CHIRPS/v3.0/monthly/global/cogs/chirps-v3.0.1981.12.cog,v3.0,2026-09-29T15:23:15.404374+00:00,ok,134.1361,True,200.0,"""67be0a2d-1c408bb""","Tue, 25 Feb 2025 18:21:33 GMT",29624507,application/octet-stream,1.0,True,[],1355.0,2640.0,-47.99999803304672,-47.949998032301664,-7.800001010298729,-7.750001009553671,-47.97499803267419,-7.7750010099262,-47.95,-7.8,0.050000000745058,0.050000000745058,"numpy.floor (padrão de rasterio.DatasetReader.index), sobre os coeficientes REAIS do transform do arquivo aberto",proximo_de_borda,proximo_de_borda,1.9676983194938373e-06,1.0102987326288114e-06,True,True,,
1982,1,cog,https://data.chc.ucsb.edu/products/CHIRPS/v3.0/monthly/global/cogs/chirps-v3.0.1982.01.cog,v3.0,2026-09-29T15:23:17.582704+00:00,ok,504.6609,True,200.0,"""67be0a30-1d2a2a8""","Tue, 25 Feb 2025 18:21:36 GMT",30581416,application/octet-stream,1.0,True,[],1355.0,2640.0,-47.99999803304672,-47.949998032301664,-7.800001010298729,-7.750001009553671,-47.97499803267419,-7.7750010099262,-47.95,-7.8,0.050000000745058,0.050000000745058,"numpy.floor (padrão de rasterio.DatasetReader.index), sobre os coeficientes REAIS do transform do arquivo aberto",proximo_de_borda,proximo_de_borda,1.9676983194938373e-06,1.0102987326288114e-06,True,True,,
1982,2,cog,https://data.chc.ucsb.edu/products/CHIRPS/v3.0/monthly/global/cogs/chirps-v3.0.1982.02.cog,v3.0,2026-09-29T15:23:19.976393+00:00,ok,253.5363,True,200.0,"""67be0a33-1c62e92""","Tue, 25 Feb 2025 18:21:39 GMT",29765266,application/octet-stream,1.0,True,[],1355.0,2640.0,-47.99999803304672,-47.949998032301664,-7.800001010298729,-7.750001009553671,-47.97499803267419,-7.7750010099262,-47.95,-7.8,0.050000000745058,0.050000000745058,"numpy.floor (padrão de rasterio.DatasetReader.index), sobre os coeficientes REAIS do transform do arquivo aberto",proximo_de_borda,proximo_de_borda,1.9676983194938373e-06,1.0102987326288114e-06,True,True,,
1982,3,cog,https://data.chc.ucsb.edu/products/CHIRPS/v3.0/monthly/global/cogs/chirps-v3.0.1982.03.cog,v3.0,2026-09-29T15:23:22.120755+00:00,ok,280.1283,True,200.0,"""67be0a37-1cb507f""","Tue, 25 Feb 2025 18:21:43 GMT",30101631,application/octet-stream,1.0,True,[],1355.0,2640.0,-47.99999803304672,-47.949998032301664,-7.800001010298729,-7.750001009553671,-47.97499803267419,-7.7750010099262,-47.95,-7.8,0.050000000745058,0.050000000745058,"numpy.floor (padrão de rasterio.DatasetReader.index), sobre os coeficientes REAIS do transform do arquivo aberto",proximo_de_borda,proximo_de_borda,1.9676983194938373e-06,1.0102987326288114e-06,True,True,,
1982,4,cog,https://data.chc.ucsb.edu/products/CHIRPS/v3.0/monthly/global/cogs/chirps-v3.0.1982.04.cog,v3.0,2026-09-29T15:23:24.426499+00:00,ok,183.2334,True,200.0,"""67be0a3a-1c7f424""","Tue, 25 Feb 2025 18:21:46 GMT",29881380,application/octet-stream,1.0,True,[],1355.0,2640.0,-47.99999803304672,-47.949998032301664,-7.800001010298729,-7.750001009553671,-47.97499803267419,-7.7750010099262,-47.95,-7.8,0.050000000745058,0.050000000745058,"numpy.floor (padrão de rasterio.DatasetReader.index), sobre os coeficientes REAIS do transform do arquivo aberto",proximo_de_borda,proximo_de_borda,1.9676983194938373e-06,1.0102987326288114e-06,True,True,,
1982,5,cog,https://data.chc.ucsb.edu/products/CHIRPS/v3.0/monthly/global/cogs/chirps-v3.0.1982.05.cog,v3.0,2026-09-29T15:23:27.034683+00:00,ok,38.616,True,200.0,"""67be0a3d-1d17b2f""","Tue, 25 Feb 2025 18:21:49 GMT",30505775,application/octet-stream,1.0,True,[],1355.0,2640.0,-47.99999803304672,-47.949998032301664,-7.800001010298729,-7.750001009553671,-47.97499803267419,-7.7750010099262,-47.95,-7.8,0.050000000745058,0.050000000745058,"numpy.floor (padrão de rasterio.DatasetReader.index), sobre os coeficientes REAIS do transform do arquivo aberto",proximo_de_borda,proximo_de_borda,1.9676983194938373e-06,1.0102987326288114e-06,True,True,,
1982,6,cog,https://data.chc.ucsb.edu/products/CHIRPS/v3.0/monthly/global/cogs/chirps-v3.0.1982.06.cog,v3.0,2026-09-29T15:23:29.751312+00:00,ok,0.498,True,200.0,"""67be0a40-1cf2da5""","Tue, 25 Feb 2025 18:21:52 GMT",30354853,application/octet-stream,1.0,True,[],1355.0,2640.0,-47.99999803304672,-47.949998032301664,-7.800001010298729,-7.750001009553671,-47.97499803267419,-7.7750010099262,-47.95,-7.8,0.050000000745058,0.050000000745058,"numpy.floor (padrão de rasterio.DatasetReader.index), sobre os coeficientes REAIS do transform do arquivo aberto",proximo_de_borda,proximo_de_borda,1.9676983194938373e-06,1.0102987326288114e-06,True,True,,
1982,7,cog,https://data.chc.ucsb.edu/products/CHIRPS/v3.0/monthly/global/cogs/chirps-v3.0.1982.07.cog,v3.0,2026-09-29T15:23:32.266817+00:00,ok,1.8194,True,200.0,"""67be0a43-1d3a327""","Tue, 25 Feb 2025 18:21:55 GMT",30647079,application/octet-stream,1.0,True,[],1355.0,2640.0,-47.99999803304672,-47.949998032301664,-7.800001010298729,-7.750001009553671,-47.97499803267419,-7.7750010099262,-47.95,-7.8,0.050000000745058,0.050000000745058,"numpy.floor (padrão de rasterio.DatasetReader.index), sobre os coeficientes REAIS do transform do arquivo aberto",proximo_de_borda,proximo_de_borda,1.9676983194938373e-06,1.0102987326288114e-06,True,True,,
1982,8,cog,https://data.chc.ucsb.edu/products/CHIRPS/v3.0/monthly/global/cogs/chirps-v3.0.1982.08.cog,v3.0,2026-09-29T15:23:35.646392+00:00,ok,29.2648,True,200.0,"""67be0a46-1d1d45c""","Tue, 25 Feb 2025 18:21:58 GMT",30528604,application/octet-stream,2.0,True,[],1355.0,2640.0,-47.99999803304672,-47.949998032301664,-7.800001010298729,-7.750001009553671,-47.97499803267419,-7.7750010099262,-47.95,-7.8,0.050000000745058,0.050000000745058,"numpy.floor (padrão de rasterio.DatasetReader.index), sobre os coeficientes REAIS do transform do arquivo aberto",proximo_de_borda,proximo_de_borda,1.9676983194938373e-06,1.0102987326288114e-06,True,True,,
1982,9,cog,https://data.chc.ucsb.edu/products/CHIRPS/v3.0/monthly/global/cogs/chirps-v3.0.1982.09.cog,v3.0,2026-09-29T15:23:51.507506+00:00,ok,118.0453,True,200.0,"""67be0a4a-1ceebb7""","Tue, 25 Feb 2025 18:22:02 GMT",30337975,application/octet-stream,1.0,True,[],1355.0,2640.0,-47.99999803304672,-47.949998032301664,-7.800001010298729,-7.750001009553671,-47.97499803267419,-7.7750010099262,-47.95,-7.8,0.050000000745058,0.050000000745058,"numpy.floor (padrão de rasterio.DatasetReader.index), sobre os coeficientes REAIS do transform do arquivo aberto",proximo_de_borda,proximo_de_borda,1.9676983194938373e-06,1.0102987326288114e-06,True,True,,
1982,10,cog,https://data.chc.ucsb.edu/products/CHIRPS/v3.0/monthly/global/cogs/chirps-v3.0.1982.10.cog,v3.0,2026-09-29T15:23:54.918396+00:00,ok,107.4999,True,200.0,"""67be0a4d-1d463b1""","Tue, 25 Feb 2025 18:22:05 GMT",30696369,application/octet-stream,1.0,True,[],1355.0,2640.0,-47.99999803304672,-47.949998032301664,-7.800001010298729,-7.750001009553671,-47.97499803267419,-7.7750010099262,-47.95,-7.8,0.050000000745058,0.050000000745058,"numpy.floor (padrão de rasterio.DatasetReader.index), sobre os coeficientes REAIS do transform do arquivo aberto",proximo_de_borda,proximo_de_borda,1.9676983194938373e-06,1.0102987326288114e-06,True,True,,
1982,11,cog,https://data.chc.ucsb.edu/products/CHIRPS/v3.0/monthly/global/cogs/chirps-v3.0.1982.11.cog,v3.0,2026-09-29T15:23:57.422753+00:00,ok,194.468,True,200.0,"""67be0a50-1c24670""","Tue, 25 Feb 2025 18:22:08 GMT",29509232,application/octet-stream,1.0,True,[],1355.0,2640.0,-47.99999803304672,-47.949998032301664,-7.800001010298729,-7.750001009553671,-47.97499803267419,-7.7750010099262,-47.95,-7.8,0.050000000745058,0.050000000745058,"numpy.floor (padrão de rasterio.DatasetReader.index), sobre os coeficientes REAIS do transform do arquivo aberto",proximo_de_borda,proximo_de_borda,1.9676983194938373e-06,1.0102987326288114e-06,True,True,,
1982,12,cog,https://data.chc.ucsb.edu/products/CHIRPS/v3.0/monthly/global/cogs/chirps-v3.0.1982.12.cog,v3.0,2026-09-29T15:23:59.993826+00:00,ok,201.9832,True,200.0,"""67be0a54-1cac3f7""","Tue, 25 Feb 2025 18:22:12 GMT",30065655,application/octet-stream,1.0,True,[],1355.0,2640.0,-47.99999803304672,-47.949998032301664,-7.800001010298729,-7.750001009553671,-47.97499803267419,-7.7750010099262,-47.95,-7.8,0.050000000745058,0.050000000745058,"numpy.floor (padrão de rasterio.DatasetReader.index), sobre os coeficientes REAIS do transform do arquivo aberto",proximo_de_borda,proximo_de_borda,1.9676983194938373e-06,1.0102987326288114e-06,True,True,,
1983,1,cog,https://data.chc.ucsb.edu/products/CHIRPS/v3.0/monthly/global/cogs/chirps-v3.0.1983.01.cog,v3.0,2026-09-30T18:03:57.036302+00:00,ok,262.7418,True,200.0,"""67be0a57-1cb0caf""","Tue, 25 Feb 2025 18:22:15 GMT",30084271,application/octet-stream,1.0,True,[],1355.0,2640.0,-47.99999803304672,-47.949998032301664,-7.800001010298729,-7.750001009553671,-47.97499803267419,-7.7750010099262,-47.95,-7.8,0.050000000745058,0.050000000745058,"numpy.floor (padrão de rasterio.DatasetReader.index), sobre os coeficientes REAIS do transform do arquivo aberto",proximo_de_borda,proximo_de_borda,1.9676983194938373e-06,1.0102987326288114e-06,True,True,,
1983,2,cog,https://data.chc.ucsb.edu/products/CHIRPS/v3.0/monthly/global/cogs/chirps-v3.0.1983.02.cog,v3.0,2026-09-30T18:04:02.157871+00:00,ok,218.893,True,200.0,"""67be0a5a-1ae4e7f""","Tue, 25 Feb 2025 18:22:18 GMT",28200575,application/octet-stream,1.0,True,[],1355.0,2640.0,-47.99999803304672,-47.949998032301664,-7.800001010298729,-7.750001009553671,-47.97499803267419,-7.7750010099262,-47.95,-7.8,0.050000000745058,0.050000000745058,"numpy.floor (padrão de rasterio.DatasetReader.index), sobre os coeficientes REAIS do transform do arquivo aberto",proximo_de_borda,proximo_de_borda,1.9676983194938373e-06,1.0102987326288114e-06,True,True,,
1983,3,cog,https://data.chc.ucsb.edu/products/CHIRPS/v3.0/monthly/global/cogs/chirps-v3.0.1983.03.cog,v3.0,2026-09-30T18:04:04.577702+00:00,ok,276.2907,True,200.0,"""67be0a5d-1c84ce8""","Tue, 25 Feb 2025 18:22:21 GMT",29904104,application/octet-stream,1.0,True,[],1355.0,2640.0,-47.99999803304672,-47.949998032301664,-7.800001010298729,-7.750001009553671,-47.97499803267419,-7.7750010099262,-47.95,-7.8,0.050000000745058,0.050000000745058,"numpy.floor (padrão de rasterio.DatasetReader.index), sobre os coeficientes REAIS do transform do arquivo aberto",proximo_de_borda,proximo_de_borda,1.9676983194938373e-06,1.0102987326288114e-06,True,True,,
1983,4,cog,https://data.chc.ucsb.edu/products/CHIRPS/v3.0/monthly/global/cogs/chirps-v3.0.1983.04.cog,v3.0,2026-09-30T18:04:07.054189+00:00,ok,29.2419,True,200.0,"""67be0a61-1d0c210""","Tue, 25 Feb 2025 18:22:25 GMT",30458384,application/octet-stream,1.0,True,[],1355.0,2640.0,-47.99999803304672,-47.949998032301664,-7.800001010298729,-7.750001009553671,-47.97499803267419,-7.7750010099262,-47.95,-7.8,0.050000000745058,0.050000000745058,"numpy.floor (padrão de rasterio.DatasetReader.index), sobre os coeficientes REAIS do transform do arquivo aberto",proximo_de_borda,proximo_de_borda,1.9676983194938373e-06,1.0102987326288114e-06,True,True,,
1983,5,cog,https://data.chc.ucsb.edu/products/CHIRPS/v3.0/monthly/global/cogs/chirps-v3.0.1983.05.cog,v3.0,2026-09-30T18:04:12.848976+00:00,zero_real,0.0,True,200.0,"""67be0a65-1d0b098""","Tue, 25 Feb 2025 18:22:29 GMT",30453912,application/octet-stream,1.0,True,[],1355.0,2640.0,-47.99999803304672,-47.949998032301664,-7.800001010298729,-7.750001009553671,-47.97499803267419,-7.7750010099262,-47.95,-7.8,0.050000000745058,0.050000000745058,"numpy.floor (padrão de rasterio.DatasetReader.index), sobre os coeficientes REAIS do transform do arquivo aberto",proximo_de_borda,proximo_de_borda,1.9676983194938373e-06,1.0102987326288114e-06,True,True,,
1983,6,cog,https://data.chc.ucsb.edu/products/CHIRPS/v3.0/monthly/global/cogs/chirps-v3.0.1983.06.cog,v3.0,2026-09-30T18:04:14.946282+00:00,ok,0.8314,True,200.0,"""67be0a68-1d68db4""","Tue, 25 Feb 2025 18:22:32 GMT",30838196,application/octet-stream,1.0,True,[],1355.0,2640.0,-47.99999803304672,-47.949998032301664,-7.800001010298729,-7.750001009553671,-47.97499803267419,-7.7750010099262,-47.95,-7.8,0.050000000745058,0.050000000745058,"numpy.floor (padrão de rasterio.DatasetReader.index), sobre os coeficientes REAIS do transform do arquivo aberto",proximo_de_borda,proximo_de_borda,1.9676983194938373e-06,1.0102987326288114e-06,True,True,,
1983,7,cog,https://data.chc.ucsb.edu/products/CHIRPS/v3.0/monthly/global/cogs/chirps-v3.0.1983.07.cog,v3.0,2026-09-30T18:04:16.957218+00:00,ok,1.969,True,200.0,"""67be0a6b-1d3b778""","Tue, 25 Feb 2025 18:22:35 GMT",30652280,application/octet-stream,1.0,True,[],1355.0,2640.0,-47.99999803304672,-47.949998032301664,-7.800001010298729,-7.750001009553671,-47.97499803267419,-7.7750010099262,-47.95,-7.8,0.050000000745058,0.050000000745058,"numpy.floor (padrão de rasterio.DatasetReader.index), sobre os coeficientes REAIS do transform do arquivo aberto",proximo_de_borda,proximo_de_borda,1.9676983194938373e-06,1.0102987326288114e-06,True,True,,
1983,8,cog,https://data.chc.ucsb.edu/products/CHIRPS/v3.0/monthly/global/cogs/chirps-v3.0.1983.08.cog,v3.0,2026-09-30T18:04:18.953412+00:00,ok,15.214,True,200.0,"""67be0a6e-1d4dd1f""","Tue, 25 Feb 2025 18:22:38 GMT",30727455,application/octet-stream,1.0,True,[],1355.0,2640.0,-47.99999803304672,-47.949998032301664,-7.800001010298729,-7.750001009553671,-47.97499803267419,-7.7750010099262,-47.95,-7.8,0.050000000745058,0.050000000745058,"numpy.floor (padrão de rasterio.DatasetReader.index), sobre os coeficientes REAIS do transform do arquivo aberto",proximo_de_borda,proximo_de_borda,1.9676983194938373e-06,1.0102987326288114e-06,True,True,,
1983,9,cog,https://data.chc.ucsb.edu/products/CHIRPS/v3.0/monthly/global/cogs/chirps-v3.0.1983.09.cog,v3.0,2026-09-30T18:04:21.247884+00:00,ok,71.0769,True,200.0,"""67be0a71-1d21492""","Tue, 25 Feb 2025 18:22:41 GMT",30545042,application/octet-stream,1.0,True,[],1355.0,2640.0,-47.99999803304672,-47.949998032301664,-7.800001010298729,-7.750001009553671,-47.97499803267419,-7.7750010099262,-47.95,-7.8,0.050000000745058,0.050000000745058,"numpy.floor (padrão de rasterio.DatasetReader.index), sobre os coeficientes REAIS do transform do arquivo aberto",proximo_de_borda,proximo_de_borda,1.9676983194938373e-06,1.0102987326288114e-06,True,True,,
1983,10,cog,https://data.chc.ucsb.edu/products/CHIRPS/v3.0/monthly/global/cogs/chirps-v3.0.1983.10.cog,v3.0,2026-09-30T18:04:23.520446+00:00,ok,153.8673,True,200.0,"""67be0a74-1c439f9""","Tue, 25 Feb 2025 18:22:44 GMT",29637113,application/octet-stream,1.0,True,[],1355.0,2640.0,-47.99999803304672,-47.949998032301664,-7.800001010298729,-7.750001009553671,-47.97499803267419,-7.7750010099262,-47.95,-7.8,0.050000000745058,0.050000000745058,"numpy.floor (padrão de rasterio.DatasetReader.index), sobre os coeficientes REAIS do transform do arquivo aberto",proximo_de_borda,proximo_de_borda,1.9676983194938373e-06,1.0102987326288114e-06,True,True,,
1983,11,cog,https://data.chc.ucsb.edu/products/CHIRPS/v3.0/monthly/global/cogs/chirps-v3.0.1983.11.cog,v3.0,2026-09-30T18:04:25.834495+00:00,ok,216.544,True,200.0,"""67be0a76-1bcc36f""","Tue, 25 Feb 2025 18:22:46 GMT",29148015,application/octet-stream,1.0,True,[],1355.0,2640.0,-47.99999803304672,-47.949998032301664,-7.800001010298729,-7.750001009553671,-47.97499803267419,-7.7750010099262,-47.95,-7.8,0.050000000745058,0.050000000745058,"numpy.floor (padrão de rasterio.DatasetReader.index), sobre os coeficientes REAIS do transform do arquivo aberto",proximo_de_borda,proximo_de_borda,1.9676983194938373e-06,1.0102987326288114e-06,True,True,,
1983,12,cog,https://data.chc.ucsb.edu/products/CHIRPS/v3.0/monthly/global/cogs/chirps-v3.0.1983.12.cog,v3.0,2026-09-30T18:04:27.832266+00:00,ok,190.2824,True,200.0,"""67be0a79-1ab862e""","Tue, 25 Feb 2025 18:22:49 GMT",28018222,application/octet-stream,1.0,True,[],1355.0,2640.0,-47.99999803304672,-47.949998032301664,-7.800001010298729,-7.750001009553671,-47.97499803267419,-7.7750010099262,-47.95,-7.8,0.050000000745058,0.050000000745058,"numpy.floor (padrão de rasterio.DatasetReader.index), sobre os coeficientes REAIS do transform do arquivo aberto",proximo_de_borda,proximo_de_borda,1.9676983194938373e-06,1.0102987326288114e-06,True,True,,
1984,1,cog,https://data.chc.ucsb.edu/products/CHIRPS/v3.0/monthly/global/cogs/chirps-v3.0.1984.01.cog,v3.0,2026-09-30T18:04:40.420824+00:00,ok,187.6535,True,200.0,"""67be0a7c-1b1de0b""","Tue, 25 Feb 2025 18:22:52 GMT",28433931,application/octet-stream,1.0,True,[],1355.0,2640.0,-47.99999803304672,-47.949998032301664,-7.800001010298729,-7.750001009553671,-47.97499803267419,-7.7750010099262,-47.95,-7.8,0.050000000745058,0.050000000745058,"numpy.floor (padrão de rasterio.DatasetReader.index), sobre os coeficientes REAIS do transform do arquivo aberto",proximo_de_borda,proximo_de_borda,1.9676983194938373e-06,1.0102987326288114e-06,True,True,,
1984,2,cog,https://data.chc.ucsb.edu/products/CHIRPS/v3.0/monthly/global/cogs/chirps-v3.0.1984.02.cog,v3.0,2026-09-30T18:04:42.536840+00:00,ok,178.6533,True,200.0,"""67be0a7f-1d1e573""","Tue, 25 Feb 2025 18:22:55 GMT",30532979,application/octet-stream,1.0,True,[],1355.0,2640.0,-47.99999803304672,-47.949998032301664,-7.800001010298729,-7.750001009553671,-47.97499803267419,-7.7750010099262,-47.95,-7.8,0.050000000745058,0.050000000745058,"numpy.floor (padrão de rasterio.DatasetReader.index), sobre os coeficientes REAIS do transform do arquivo aberto",proximo_de_borda,proximo_de_borda,1.9676983194938373e-06,1.0102987326288114e-06,True,True,,
1984,3,cog,https://data.chc.ucsb.edu/products/CHIRPS/v3.0/monthly/global/cogs/chirps-v3.0.1984.03.cog,v3.0,2026-09-30T18:04:44.464772+00:00,ok,248.3818,True,200.0,"""67be0a81-1c466a3""","Tue, 25 Feb 2025 18:22:57 GMT",29648547,application/octet-stream,1.0,True,[],1355.0,2640.0,-47.99999803304672,-47.949998032301664,-7.800001010298729,-7.750001009553671,-47.97499803267419,-7.7750010099262,-47.95,-7.8,0.050000000745058,0.050000000745058,"numpy.floor (padrão de rasterio.DatasetReader.index), sobre os coeficientes REAIS do transform do arquivo aberto",proximo_de_borda,proximo_de_borda,1.9676983194938373e-06,1.0102987326288114e-06,True,True,,
1984,4,cog,https://data.chc.ucsb.edu/products/CHIRPS/v3.0/monthly/global/cogs/chirps-v3.0.1984.04.cog,v3.0,2026-09-30T18:04:46.465136+00:00,ok,326.9216,True,200.0,"""67be0a85-1d0f3d0""","Tue, 25 Feb 2025 18:23:01 GMT",30471120,application/octet-stream,1.0,True,[],1355.0,2640.0,-47.99999803304672,-47.949998032301664,-7.800001010298729,-7.750001009553671,-47.97499803267419,-7.7750010099262,-47.95,-7.8,0.050000000745058,0.050000000745058,"numpy.floor (padrão de rasterio.DatasetReader.index), sobre os coeficientes REAIS do transform do arquivo aberto",proximo_de_borda,proximo_de_borda,1.9676983194938373e-06,1.0102987326288114e-06,True,True,,
1984,5,cog,https://data.chc.ucsb.edu/products/CHIRPS/v3.0/monthly/global/cogs/chirps-v3.0.1984.05.cog,v3.0,2026-09-30T18:04:48.383507+00:00,ok,18.86,True,200.0,"""67be0a88-1d8f621""","Tue, 25 Feb 2025 18:23:04 GMT",30996001,application/octet-stream,1.0,True,[],1355.0,2640.0,-47.99999803304672,-47.949998032301664,-7.800001010298729,-7.750001009553671,-47.97499803267419,-7.7750010099262,-47.95,-7.8,0.050000000745058,0.050000000745058,"numpy.floor (padrão de rasterio.DatasetReader.index), sobre os coeficientes REAIS do transform do arquivo aberto",proximo_de_borda,proximo_de_borda,1.9676983194938373e-06,1.0102987326288114e-06,True,True,,
1984,6,cog,https://data.chc.ucsb.edu/products/CHIRPS/v3.0/monthly/global/cogs/chirps-v3.0.1984.06.cog,v3.0,2026-09-30T18:04:50.686904+00:00,ok,0.6935,True,200.0,"""67be0a8a-1da9dab""","Tue, 25 Feb 2025 18:23:06 GMT",31104427,application/octet-stream,1.0,True,[],1355.0,2640.0,-47.99999803304672,-47.949998032301664,-7.800001010298729,-7.750001009553671,-47.97499803267419,-7.7750010099262,-47.95,-7.8,0.050000000745058,0.050000000745058,"numpy.floor (padrão de rasterio.DatasetReader.index), sobre os coeficientes REAIS do transform do arquivo aberto",proximo_de_borda,proximo_de_borda,1.9676983194938373e-06,1.0102987326288114e-06,True,True,,
1984,7,cog,https://data.chc.ucsb.edu/products/CHIRPS/v3.0/monthly/global/cogs/chirps-v3.0.1984.07.cog,v3.0,2026-09-30T18:04:53.143652+00:00,ok,1.1499,True,200.0,"""67be0a8d-1e067f0""","Tue, 25 Feb 2025 18:23:09 GMT",31483888,application/octet-stream,1.0,True,[],1355.0,2640.0,-47.99999803304672,-47.949998032301664,-7.800001010298729,-7.750001009553671,-47.97499803267419,-7.7750010099262,-47.95,-7.8,0.050000000745058,0.050000000745058,"numpy.floor (padrão de rasterio.DatasetReader.index), sobre os coeficientes REAIS do transform do arquivo aberto",proximo_de_borda,proximo_de_borda,1.9676983194938373e-06,1.0102987326288114e-06,True,True,,
1984,8,cog,https://data.chc.ucsb.edu/products/CHIRPS/v3.0/monthly/global/cogs/chirps-v3.0.1984.08.cog,v3.0,2026-09-30T18:04:55.238662+00:00,ok,16.0258,True,200.0,"""67be0a90-1e1d9a5""","Tue, 25 Feb 2025 18:23:12 GMT",31578533,application/octet-stream,1.0,True,[],1355.0,2640.0,-47.99999803304672,-47.949998032301664,-7.800001010298729,-7.750001009553671,-47.97499803267419,-7.7750010099262,-47.95,-7.8,0.050000000745058,0.050000000745058,"numpy.floor (padrão de rasterio.DatasetReader.index), sobre os coeficientes REAIS do transform do arquivo aberto",proximo_de_borda,proximo_de_borda,1.9676983194938373e-06,1.0102987326288114e-06,True,True,,
1984,9,cog,https://data.chc.ucsb.edu/products/CHIRPS/v3.0/monthly/global/cogs/chirps-v3.0.1984.09.cog,v3.0,2026-09-30T18:05:07.308838+00:00,ok,140.9162,True,200.0,"""67be0a93-1e14b96""","Tue, 25 Feb 2025 18:23:15 GMT",31542166,application/octet-stream,3.0,True,[],1355.0,2640.0,-47.99999803304672,-47.949998032301664,-7.800001010298729,-7.750001009553671,-47.97499803267419,-7.7750010099262,-47.95,-7.8,0.050000000745058,0.050000000745058,"numpy.floor (padrão de rasterio.DatasetReader.index), sobre os coeficientes REAIS do transform do arquivo aberto",proximo_de_borda,proximo_de_borda,1.9676983194938373e-06,1.0102987326288114e-06,True,True,,
1984,10,cog,https://data.chc.ucsb.edu/products/CHIRPS/v3.0/monthly/global/cogs/chirps-v3.0.1984.10.cog,v3.0,2026-09-30T18:05:38.350023+00:00,ok,173.2967,True,200.0,"""67be0a96-1dba95d""","Tue, 25 Feb 2025 18:23:18 GMT",31172957,application/octet-stream,1.0,True,[],1355.0,2640.0,-47.99999803304672,-47.949998032301664,-7.800001010298729,-7.750001009553671,-47.97499803267419,-7.7750010099262,-47.95,-7.8,0.050000000745058,0.050000000745058,"numpy.floor (padrão de rasterio.DatasetReader.index), sobre os coeficientes REAIS do transform do arquivo aberto",proximo_de_borda,proximo_de_borda,1.9676983194938373e-06,1.0102987326288114e-06,True,True,,
1984,11,cog,https://data.chc.ucsb.edu/products/CHIRPS/v3.0/monthly/global/cogs/chirps-v3.0.1984.11.cog,v3.0,2026-09-30T18:05:40.364151+00:00,ok,146.159,True,200.0,"""67be0a9a-1d84431""","Tue, 25 Feb 2025 18:23:22 GMT",30950449,application/octet-stream,1.0,True,[],1355.0,2640.0,-47.99999803304672,-47.949998032301664,-7.800001010298729,-7.750001009553671,-47.97499803267419,-7.7750010099262,-47.95,-7.8,0.050000000745058,0.050000000745058,"numpy.floor (padrão de rasterio.DatasetReader.index), sobre os coeficientes REAIS do transform do arquivo aberto",proximo_de_borda,proximo_de_borda,1.9676983194938373e-06,1.0102987326288114e-06,True,True,,
1984,12,cog,https://data.chc.ucsb.edu/products/CHIRPS/v3.0/monthly/global/cogs/chirps-v3.0.1984.12.cog,v3.0,2026-09-30T18:05:42.317792+00:00,ok,110.9202,True,200.0,"""67be0a9c-1cc6651""","Tue, 25 Feb 2025 18:23:24 GMT",30172753,application/octet-stream,1.0,True,[],1355.0,2640.0,-47.99999803304672,-47.949998032301664,-7.800001010298729,-7.750001009553671,-47.97499803267419,-7.7750010099262,-47.95,-7.8,0.050000000745058,0.050000000745058,"numpy.floor (padrão de rasterio.DatasetReader.index), sobre os coeficientes REAIS do transform do arquivo aberto",proximo_de_borda,proximo_de_borda,1.9676983194938373e-06,1.0102987326288114e-06,True,True,,
1985,1,cog,https://data.chc.ucsb.edu/products/CHIRPS/v3.0/monthly/global/cogs/chirps-v3.0.1985.01.cog,v3.0,2026-09-30T18:05:43.317768+00:00,ok,525.6077,True,200.0,"""67be0a9f-1c650ba""","Tue, 25 Feb 2025 18:23:27 GMT",29774010,application/octet-stream,1.0,True,[],1355.0,2640.0,-47.99999803304672,-47.949998032301664,-7.800001010298729,-7.750001009553671,-47.97499803267419,-7.7750010099262,-47.95,-7.8,0.050000000745058,0.050000000745058,"numpy.floor (padrão de rasterio.DatasetReader.index), sobre os coeficientes REAIS do transform do arquivo aberto",proximo_de_borda,proximo_de_borda,1.9676983194938373e-06,1.0102987326288114e-06,True,True,,
1985,2,cog,https://data.chc.ucsb.edu/products/CHIRPS/v3.0/monthly/global/cogs/chirps-v3.0.1985.02.cog,v3.0,2026-09-30T18:05:45.190546+00:00,ok,301.9409,True,200.0,"""67be0aa2-1b3a3ff""","Tue, 25 Feb 2025 18:23:30 GMT",28550143,application/octet-stream,1.0,True,[],1355.0,2640.0,-47.99999803304672,-47.949998032301664,-7.800001010298729,-7.750001009553671,-47.97499803267419,-7.7750010099262,-47.95,-7.8,0.050000000745058,0.050000000745058,"numpy.floor (padrão de rasterio.DatasetReader.index), sobre os coeficientes REAIS do transform do arquivo aberto",proximo_de_borda,proximo_de_borda,1.9676983194938373e-06,1.0102987326288114e-06,True,True,,
1985,3,cog,https://data.chc.ucsb.edu/products/CHIRPS/v3.0/monthly/global/cogs/chirps-v3.0.1985.03.cog,v3.0,2026-09-30T18:05:47.138196+00:00,ok,252.075,True,200.0,"""67be0aa5-1cbe1a2""","Tue, 25 Feb 2025 18:23:33 GMT",30138786,application/octet-stream,1.0,True,[],1355.0,2640.0,-47.99999803304672,-47.949998032301664,-7.800001010298729,-7.750001009553671,-47.97499803267419,-7.7750010099262,-47.95,-7.8,0.050000000745058,0.050000000745058,"numpy.floor (padrão de rasterio.DatasetReader.index), sobre os coeficientes REAIS do transform do arquivo aberto",proximo_de_borda,proximo_de_borda,1.9676983194938373e-06,1.0102987326288114e-06,True,True,,
1985,4,cog,https://data.chc.ucsb.edu/products/CHIRPS/v3.0/monthly/global/cogs/chirps-v3.0.1985.04.cog,v3.0,2026-09-30T18:05:49.042944+00:00,ok,372.3549,True,200.0,"""67be0aa8-1c908c7""","Tue, 25 Feb 2025 18:23:36 GMT",29952199,application/octet-stream,1.0,True,[],1355.0,2640.0,-47.99999803304672,-47.949998032301664,-7.800001010298729,-7.750001009553671,-47.97499803267419,-7.7750010099262,-47.95,-7.8,0.050000000745058,0.050000000745058,"numpy.floor (padrão de rasterio.DatasetReader.index), sobre os coeficientes REAIS do transform do arquivo aberto",proximo_de_borda,proximo_de_borda,1.9676983194938373e-06,1.0102987326288114e-06,True,True,,
1985,5,cog,https://data.chc.ucsb.edu/products/CHIRPS/v3.0/monthly/global/cogs/chirps-v3.0.1985.05.cog,v3.0,2026-09-30T18:05:51.029918+00:00,ok,158.3851,True,200.0,"""67be0aab-1d2d3e5""","Tue, 25 Feb 2025 18:23:39 GMT",30594021,application/octet-stream,1.0,True,[],1355.0,2640.0,-47.99999803304672,-47.949998032301664,-7.800001010298729,-7.750001009553671,-47.97499803267419,-7.7750010099262,-47.95,-7.8,0.050000000745058,0.050000000745058,"numpy.floor (padrão de rasterio.DatasetReader.index), sobre os coeficientes REAIS do transform do arquivo aberto",proximo_de_borda,proximo_de_borda,1.9676983194938373e-06,1.0102987326288114e-06,True,True,,
1985,6,cog,https://data.chc.ucsb.edu/products/CHIRPS/v3.0/monthly/global/cogs/chirps-v3.0.1985.06.cog,v3.0,2026-09-30T18:05:52.905780+00:00,ok,27.5236,True,200.0,"""67be0aae-1c3d0fa""","Tue, 25 Feb 2025 18:23:42 GMT",29610234,application/octet-stream,1.0,True,[],1355.0,2640.0,-47.99999803304672,-47.949998032301664,-7.800001010298729,-7.750001009553671,-47.97499803267419,-7.7750010099262,-47.95,-7.8,0.050000000745058,0.050000000745058,"numpy.floor (padrão de rasterio.DatasetReader.index), sobre os coeficientes REAIS do transform do arquivo aberto",proximo_de_borda,proximo_de_borda,1.9676983194938373e-06,1.0102987326288114e-06,True,True,,
1985,7,cog,https://data.chc.ucsb.edu/products/CHIRPS/v3.0/monthly/global/cogs/chirps-v3.0.1985.07.cog,v3.0,2026-09-30T18:05:54.883829+00:00,ok,15.2494,True,200.0,"""67be0ab1-1d50e99""","Tue, 25 Feb 2025 18:23:45 GMT",30740121,application/octet-stream,1.0,True,[],1355.0,2640.0,-47.99999803304672,-47.949998032301664,-7.800001010298729,-7.750001009553671,-47.97499803267419,-7.7750010099262,-47.95,-7.8,0.050000000745058,0.050000000745058,"numpy.floor (padrão de rasterio.DatasetReader.index), sobre os coeficientes REAIS do transform do arquivo aberto",proximo_de_borda,proximo_de_borda,1.9676983194938373e-06,1.0102987326288114e-06,True,True,,
1985,8,cog,https://data.chc.ucsb.edu/products/CHIRPS/v3.0/monthly/global/cogs/chirps-v3.0.1985.08.cog,v3.0,2026-09-30T18:05:56.838895+00:00,ok,21.5531,True,200.0,"""67be0ab4-1d7e683""","Tue, 25 Feb 2025 18:23:48 GMT",30926467,application/octet-stream,1.0,True,[],1355.0,2640.0,-47.99999803304672,-47.949998032301664,-7.800001010298729,-7.750001009553671,-47.97499803267419,-7.7750010099262,-47.95,-7.8,0.050000000745058,0.050000000745058,"numpy.floor (padrão de rasterio.DatasetReader.index), sobre os coeficientes REAIS do transform do arquivo aberto",proximo_de_borda,proximo_de_borda,1.9676983194938373e-06,1.0102987326288114e-06,True,True,,
1985,9,cog,https://data.chc.ucsb.edu/products/CHIRPS/v3.0/monthly/global/cogs/chirps-v3.0.1985.09.cog,v3.0,2026-09-30T18:05:59.802253+00:00,ok,73.8745,True,200.0,"""67be0ab9-1d348bb""","Tue, 25 Feb 2025 18:23:53 GMT",30623931,application/octet-stream,1.0,True,[],1355.0,2640.0,-47.99999803304672,-47.949998032301664,-7.800001010298729,-7.750001009553671,-47.97499803267419,-7.7750010099262,-47.95,-7.8,0.050000000745058,0.050000000745058,"numpy.floor (padrão de rasterio.DatasetReader.index), sobre os coeficientes REAIS do transform do arquivo aberto",proximo_de_borda,proximo_de_borda,1.9676983194938373e-06,1.0102987326288114e-06,True,True,,
1985,10,cog,https://data.chc.ucsb.edu/products/CHIRPS/v3.0/monthly/global/cogs/chirps-v3.0.1985.10.cog,v3.0,2026-09-30T18:06:01.726704+00:00,ok,247.955,True,200.0,"""67be0abc-1c46631""","Tue, 25 Feb 2025 18:23:56 GMT",29648433,application/octet-stream,1.0,True,[],1355.0,2640.0,-47.99999803304672,-47.949998032301664,-7.800001010298729,-7.750001009553671,-47.97499803267419,-7.7750010099262,-47.95,-7.8,0.050000000745058,0.050000000745058,"numpy.floor (padrão de rasterio.DatasetReader.index), sobre os coeficientes REAIS do transform do arquivo aberto",proximo_de_borda,proximo_de_borda,1.9676983194938373e-06,1.0102987326288114e-06,True,True,,
1985,11,cog,https://data.chc.ucsb.edu/products/CHIRPS/v3.0/monthly/global/cogs/chirps-v3.0.1985.11.cog,v3.0,2026-09-30T18:06:03.730635+00:00,ok,224.8711,True,200.0,"""67be0abf-1c402f1""","Tue, 25 Feb 2025 18:23:59 GMT",29623025,application/octet-stream,1.0,True,[],1355.0,2640.0,-47.99999803304672,-47.949998032301664,-7.800001010298729,-7.750001009553671,-47.97499803267419,-7.7750010099262,-47.95,-7.8,0.050000000745058,0.050000000745058,"numpy.floor (padrão de rasterio.DatasetReader.index), sobre os coeficientes REAIS do transform do arquivo aberto",proximo_de_borda,proximo_de_borda,1.9676983194938373e-06,1.0102987326288114e-06,True,True,,
1985,12,cog,https://data.chc.ucsb.edu/products/CHIRPS/v3.0/monthly/global/cogs/chirps-v3.0.1985.12.cog,v3.0,2026-09-30T18:06:05.705364+00:00,ok,330.7143,True,200.0,"""67be0ac2-1cc8548""","Tue, 25 Feb 2025 18:24:02 GMT",30180680,application/octet-stream,1.0,True,[],1355.0,2640.0,-47.99999803304672,-47.949998032301664,-7.800001010298729,-7.750001009553671,-47.97499803267419,-7.7750010099262,-47.95,-7.8,0.050000000745058,0.050000000745058,"numpy.floor (padrão de rasterio.DatasetReader.index), sobre os coeficientes REAIS do transform do arquivo aberto",proximo_de_borda,proximo_de_borda,1.9676983194938373e-06,1.0102987326288114e-06,True,True,,
1986,1,cog,https://data.chc.ucsb.edu/products/CHIRPS/v3.0/monthly/global/cogs/chirps-v3.0.1986.01.cog,v3.0,2026-09-30T18:06:07.798406+00:00,ok,291.419,True,200.0,"""67be0ac5-1ab072f""","Tue, 25 Feb 2025 18:24:05 GMT",27985711,application/octet-stream,1.0,True,[],1355.0,2640.0,-47.99999803304672,-47.949998032301664,-7.800001010298729,-7.750001009553671,-47.97499803267419,-7.7750010099262,-47.95,-7.8,0.050000000745058,0.050000000745058,"numpy.floor (padrão de rasterio.DatasetReader.index), sobre os coeficientes REAIS do transform do arquivo aberto",proximo_de_borda,proximo_de_borda,1.9676983194938373e-06,1.0102987326288114e-06,True,True,,
1986,2,cog,https://data.chc.ucsb.edu/products/CHIRPS/v3.0/monthly/global/cogs/chirps-v3.0.1986.02.cog,v3.0,2026-09-30T18:06:09.895387+00:00,ok,225.0907,True,200.0,"""67be0ac8-1c4c5c3""","Tue, 25 Feb 2025 18:24:08 GMT",29672899,application/octet-stream,1.0,True,[],1355.0,2640.0,-47.99999803304672,-47.949998032301664,-7.800001010298729,-7.750001009553671,-47.97499803267419,-7.7750010099262,-47.95,-7.8,0.050000000745058,0.050000000745058,"numpy.floor (padrão de rasterio.DatasetReader.index), sobre os coeficientes REAIS do transform do arquivo aberto",proximo_de_borda,proximo_de_borda,1.9676983194938373e-06,1.0102987326288114e-06,True,True,,
1986,3,cog,https://data.chc.ucsb.edu/products/CHIRPS/v3.0/monthly/global/cogs/chirps-v3.0.1986.03.cog,v3.0,2026-09-30T18:06:12.106923+00:00,ok,404.6058,True,200.0,"""67be0acb-1cf991e""","Tue, 25 Feb 2025 18:24:11 GMT",30382366,application/octet-stream,1.0,True,[],1355.0,2640.0,-47.99999803304672,-47.949998032301664,-7.800001010298729,-7.750001009553671,-47.97499803267419,-7.7750010099262,-47.95,-7.8,0.050000000745058,0.050000000745058,"numpy.floor (padrão de rasterio.DatasetReader.index), sobre os coeficientes REAIS do transform do arquivo aberto",proximo_de_borda,proximo_de_borda,1.9676983194938373e-06,1.0102987326288114e-06,True,True,,
1986,4,cog,https://data.chc.ucsb.edu/products/CHIRPS/v3.0/monthly/global/cogs/chirps-v3.0.1986.04.cog,v3.0,2026-09-30T18:06:14.593923+00:00,ok,201.7244,True,200.0,"""67be0ace-1e07659""","Tue, 25 Feb 2025 18:24:14 GMT",31487577,application/octet-stream,1.0,True,[],1355.0,2640.0,-47.99999803304672,-47.949998032301664,-7.800001010298729,-7.750001009553671,-47.97499803267419,-7.7750010099262,-47.95,-7.8,0.050000000745058,0.050000000745058,"numpy.floor (padrão de rasterio.DatasetReader.index), sobre os coeficientes REAIS do transform do arquivo aberto",proximo_de_borda,proximo_de_borda,1.9676983194938373e-06,1.0102987326288114e-06,True,True,,
1986,5,cog,https://data.chc.ucsb.edu/products/CHIRPS/v3.0/monthly/global/cogs/chirps-v3.0.1986.05.cog,v3.0,2026-09-30T18:06:16.516117+00:00,ok,23.7599,True,200.0,"""67be0ad1-1c3f8b3""","Tue, 25 Feb 2025 18:24:17 GMT",29620403,application/octet-stream,1.0,True,[],1355.0,2640.0,-47.99999803304672,-47.949998032301664,-7.800001010298729,-7.750001009553671,-47.97499803267419,-7.7750010099262,-47.95,-7.8,0.050000000745058,0.050000000745058,"numpy.floor (padrão de rasterio.DatasetReader.index), sobre os coeficientes REAIS do transform do arquivo aberto",proximo_de_borda,proximo_de_borda,1.9676983194938373e-06,1.0102987326288114e-06,True,True,,
1986,6,cog,https://data.chc.ucsb.edu/products/CHIRPS/v3.0/monthly/global/cogs/chirps-v3.0.1986.06.cog,v3.0,2026-09-30T18:06:18.405052+00:00,ok,12.2847,True,200.0,"""67be0ad4-1df4cf0""","Tue, 25 Feb 2025 18:24:20 GMT",31411440,application/octet-stream,1.0,True,[],1355.0,2640.0,-47.99999803304672,-47.949998032301664,-7.800001010298729,-7.750001009553671,-47.97499803267419,-7.7750010099262,-47.95,-7.8,0.050000000745058,0.050000000745058,"numpy.floor (padrão de rasterio.DatasetReader.index), sobre os coeficientes REAIS do transform do arquivo aberto",proximo_de_borda,proximo_de_borda,1.9676983194938373e-06,1.0102987326288114e-06,True,True,,
1986,7,cog,https://data.chc.ucsb.edu/products/CHIRPS/v3.0/monthly/global/cogs/chirps-v3.0.1986.07.cog,v3.0,2026-09-30T18:06:20.369375+00:00,ok,1.7686,True,200.0,"""67be0ad7-1d381fd""","Tue, 25 Feb 2025 18:24:23 GMT",30638589,application/octet-stream,2.0,True,[],1355.0,2640.0,-47.99999803304672,-47.949998032301664,-7.800001010298729,-7.750001009553671,-47.97499803267419,-7.7750010099262,-47.95,-7.8,0.050000000745058,0.050000000745058,"numpy.floor (padrão de rasterio.DatasetReader.index), sobre os coeficientes REAIS do transform do arquivo aberto",proximo_de_borda,proximo_de_borda,1.9676983194938373e-06,1.0102987326288114e-06,True,True,,
1986,8,cog,https://data.chc.ucsb.edu/products/CHIRPS/v3.0/monthly/global/cogs/chirps-v3.0.1986.08.cog,v3.0,2026-09-30T18:06:35.798945+00:00,ok,28.3661,True,200.0,"""67be0ada-1d6a7ae""","Tue, 25 Feb 2025 18:24:26 GMT",30844846,application/octet-stream,1.0,True,[],1355.0,2640.0,-47.99999803304672,-47.949998032301664,-7.800001010298729,-7.750001009553671,-47.97499803267419,-7.7750010099262,-47.95,-7.8,0.050000000745058,0.050000000745058,"numpy.floor (padrão de rasterio.DatasetReader.index), sobre os coeficientes REAIS do transform do arquivo aberto",proximo_de_borda,proximo_de_borda,1.9676983194938373e-06,1.0102987326288114e-06,True,True,,
1986,9,cog,https://data.chc.ucsb.edu/products/CHIRPS/v3.0/monthly/global/cogs/chirps-v3.0.1986.09.cog,v3.0,2026-09-30T18:06:37.738862+00:00,ok,48.4421,True,200.0,"""67be0add-1d86bd8""","Tue, 25 Feb 2025 18:24:29 GMT",30960600,application/octet-stream,3.0,True,[],1355.0,2640.0,-47.99999803304672,-47.949998032301664,-7.800001010298729,-7.750001009553671,-47.97499803267419,-7.7750010099262,-47.95,-7.8,0.050000000745058,0.050000000745058,"numpy.floor (padrão de rasterio.DatasetReader.index), sobre os coeficientes REAIS do transform do arquivo aberto",proximo_de_borda,proximo_de_borda,1.9676983194938373e-06,1.0102987326288114e-06,True,True,,
1986,10,cog,https://data.chc.ucsb.edu/products/CHIRPS/v3.0/monthly/global/cogs/chirps-v3.0.1986.10.cog,v3.0,2026-09-30T18:07:08.785710+00:00,ok,204.5935,True,200.0,"""67be0ae0-1dc70c1""","Tue, 25 Feb 2025 18:24:32 GMT",31224001,application/octet-stream,1.0,True,[],1355.0,2640.0,-47.99999803304672,-47.949998032301664,-7.800001010298729,-7.750001009553671,-47.97499803267419,-7.7750010099262,-47.95,-7.8,0.050000000745058,0.050000000745058,"numpy.floor (padrão de rasterio.DatasetReader.index), sobre os coeficientes REAIS do transform do arquivo aberto",proximo_de_borda,proximo_de_borda,1.9676983194938373e-06,1.0102987326288114e-06,True,True,,
1986,11,cog,https://data.chc.ucsb.edu/products/CHIRPS/v3.0/monthly/global/cogs/chirps-v3.0.1986.11.cog,v3.0,2026-09-30T18:07:10.745494+00:00,ok,159.2147,True,200.0,"""67be0ae3-1dcd828""","Tue, 25 Feb 2025 18:24:35 GMT",31250472,application/octet-stream,2.0,True,[],1355.0,2640.0,-47.99999803304672,-47.949998032301664,-7.800001010298729,-7.750001009553671,-47.97499803267419,-7.7750010099262,-47.95,-7.8,0.050000000745058,0.050000000745058,"numpy.floor (padrão de rasterio.DatasetReader.index), sobre os coeficientes REAIS do transform do arquivo aberto",proximo_de_borda,proximo_de_borda,1.9676983194938373e-06,1.0102987326288114e-06,True,True,,
1986,12,cog,https://data.chc.ucsb.edu/products/CHIRPS/v3.0/monthly/global/cogs/chirps-v3.0.1986.12.cog,v3.0,2026-09-30T18:07:25.983879+00:00,ok,150.175,True,200.0,"""67be0ae6-1d1de10""","Tue, 25 Feb 2025 18:24:38 GMT",30531088,application/octet-stream,2.0,True,[],1355.0,2640.0,-47.99999803304672,-47.949998032301664,-7.800001010298729,-7.750001009553671,-47.97499803267419,-7.7750010099262,-47.95,-7.8,0.050000000745058,0.050000000745058,"numpy.floor (padrão de rasterio.DatasetReader.index), sobre os coeficientes REAIS do transform do arquivo aberto",proximo_de_borda,proximo_de_borda,1.9676983194938373e-06,1.0102987326288114e-06,True,True,,
1987,1,cog,https://data.chc.ucsb.edu/products/CHIRPS/v3.0/monthly/global/cogs/chirps-v3.0.1987.01.cog,v3.0,2026-09-30T18:07:40.309489+00:00,ok,208.7737,True,200.0,"""67be0ae9-1ad5935""","Tue, 25 Feb 2025 18:24:41 GMT",28137781,application/octet-stream,1.0,True,[],1355.0,2640.0,-47.99999803304672,-47.949998032301664,-7.800001010298729,-7.750001009553671,-47.97499803267419,-7.7750010099262,-47.95,-7.8,0.050000000745058,0.050000000745058,"numpy.floor (padrão de rasterio.DatasetReader.index), sobre os coeficientes REAIS do transform do arquivo aberto",proximo_de_borda,proximo_de_borda,1.9676983194938373e-06,1.0102987326288114e-06,True,True,,
1987,2,cog,https://data.chc.ucsb.edu/products/CHIRPS/v3.0/monthly/global/cogs/chirps-v3.0.1987.02.cog,v3.0,2026-09-30T18:07:42.165978+00:00,ok,149.3633,True,200.0,"""67be0aec-1c9cbff""","Tue, 25 Feb 2025 18:24:44 GMT",30002175,application/octet-stream,2.0,True,[],1355.0,2640.0,-47.99999803304672,-47.949998032301664,-7.800001010298729,-7.750001009553671,-47.97499803267419,-7.7750010099262,-47.95,-7.8,0.050000000745058,0.050000000745058,"numpy.floor (padrão de rasterio.DatasetReader.index), sobre os coeficientes REAIS do transform do arquivo aberto",proximo_de_borda,proximo_de_borda,1.9676983194938373e-06,1.0102987326288114e-06,True,True,,
1987,3,cog,https://data.chc.ucsb.edu/products/CHIRPS/v3.0/monthly/global/cogs/chirps-v3.0.1987.03.cog,v3.0,2026-09-30T18:08:17.140429+00:00,ok,325.8603,True,200.0,"""67be0aef-1c9f922""","Tue, 25 Feb 2025 18:24:47 GMT",30013730,application/octet-stream,1.0,True,[],1355.0,2640.0,-47.99999803304672,-47.949998032301664,-7.800001010298729,-7.750001009553671,-47.97499803267419,-7.7750010099262,-47.95,-7.8,0.050000000745058,0.050000000745058,"numpy.floor (padrão de rasterio.DatasetReader.index), sobre os coeficientes REAIS do transform do arquivo aberto",proximo_de_borda,proximo_de_borda,1.9676983194938373e-06,1.0102987326288114e-06,True,True,,
1987,4,cog,https://data.chc.ucsb.edu/products/CHIRPS/v3.0/monthly/global/cogs/chirps-v3.0.1987.04.cog,v3.0,2026-09-30T18:08:19.373079+00:00,ok,96.3167,True,200.0,"""67be0af2-1c33ce3""","Tue, 25 Feb 2025 18:24:50 GMT",29572323,application/octet-stream,1.0,True,[],1355.0,2640.0,-47.99999803304672,-47.949998032301664,-7.800001010298729,-7.750001009553671,-47.97499803267419,-7.7750010099262,-47.95,-7.8,0.050000000745058,0.050000000745058,"numpy.floor (padrão de rasterio.DatasetReader.index), sobre os coeficientes REAIS do transform do arquivo aberto",proximo_de_borda,proximo_de_borda,1.9676983194938373e-06,1.0102987326288114e-06,True,True,,
1987,5,cog,https://data.chc.ucsb.edu/products/CHIRPS/v3.0/monthly/global/cogs/chirps-v3.0.1987.05.cog,v3.0,2026-09-30T18:08:21.429701+00:00,ok,45.0588,True,200.0,"""67be0af5-1d35633""","Tue, 25 Feb 2025 18:24:53 GMT",30627379,application/octet-stream,2.0,True,[],1355.0,2640.0,-47.99999803304672,-47.949998032301664,-7.800001010298729,-7.750001009553671,-47.97499803267419,-7.7750010099262,-47.95,-7.8,0.050000000745058,0.050000000745058,"numpy.floor (padrão de rasterio.DatasetReader.index), sobre os coeficientes REAIS do transform do arquivo aberto",proximo_de_borda,proximo_de_borda,1.9676983194938373e-06,1.0102987326288114e-06,True,True,,
1987,6,cog,https://data.chc.ucsb.edu/products/CHIRPS/v3.0/monthly/global/cogs/chirps-v3.0.1987.06.cog,v3.0,2026-09-30T18:08:36.891540+00:00,ok,0.9879,True,200.0,"""67be0af8-1d5a34a""","Tue, 25 Feb 2025 18:24:56 GMT",30778186,application/octet-stream,1.0,True,[],1355.0,2640.0,-47.99999803304672,-47.949998032301664,-7.800001010298729,-7.750001009553671,-47.97499803267419,-7.7750010099262,-47.95,-7.8,0.050000000745058,0.050000000745058,"numpy.floor (padrão de rasterio.DatasetReader.index), sobre os coeficientes REAIS do transform do arquivo aberto",proximo_de_borda,proximo_de_borda,1.9676983194938373e-06,1.0102987326288114e-06,True,True,,
1987,7,cog,https://data.chc.ucsb.edu/products/CHIRPS/v3.0/monthly/global/cogs/chirps-v3.0.1987.07.cog,v3.0,2026-09-30T18:08:38.989581+00:00,ok,1.951,True,200.0,"""67be0afb-1d3e01b""","Tue, 25 Feb 2025 18:24:59 GMT",30662683,application/octet-stream,1.0,True,[],1355.0,2640.0,-47.99999803304672,-47.949998032301664,-7.800001010298729,-7.750001009553671,-47.97499803267419,-7.7750010099262,-47.95,-7.8,0.050000000745058,0.050000000745058,"numpy.floor (padrão de rasterio.DatasetReader.index), sobre os coeficientes REAIS do transform do arquivo aberto",proximo_de_borda,proximo_de_borda,1.9676983194938373e-06,1.0102987326288114e-06,True,True,,
1987,8,cog,https://data.chc.ucsb.edu/products/CHIRPS/v3.0/monthly/global/cogs/chirps-v3.0.1987.08.cog,v3.0,2026-09-30T18:08:41.238528+00:00,ok,20.4211,True,200.0,"""67be0afe-1d37923""","Tue, 25 Feb 2025 18:25:02 GMT",30636323,application/octet-stream,1.0,True,[],1355.0,2640.0,-47.99999803304672,-47.949998032301664,-7.800001010298729,-7.750001009553671,-47.97499803267419,-7.7750010099262,-47.95,-7.8,0.050000000745058,0.050000000745058,"numpy.floor (padrão de rasterio.DatasetReader.index), sobre os coeficientes REAIS do transform do arquivo aberto",proximo_de_borda,proximo_de_borda,1.9676983194938373e-06,1.0102987326288114e-06,True,True,,
1987,9,cog,https://data.chc.ucsb.edu/products/CHIRPS/v3.0/monthly/global/cogs/chirps-v3.0.1987.09.cog,v3.0,2026-09-30T18:08:43.184443+00:00,ok,70.2958,True,200.0,"""67be0b01-1d95303""","Tue, 25 Feb 2025 18:25:05 GMT",31019779,application/octet-stream,1.0,True,[],1355.0,2640.0,-47.99999803304672,-47.949998032301664,-7.800001010298729,-7.750001009553671,-47.97499803267419,-7.7750010099262,-47.95,-7.8,0.050000000745058,0.050000000745058,"numpy.floor (padrão de rasterio.DatasetReader.index), sobre os coeficientes REAIS do transform do arquivo aberto",proximo_de_borda,proximo_de_borda,1.9676983194938373e-06,1.0102987326288114e-06,True,True,,
1987,10,cog,https://data.chc.ucsb.edu/products/CHIRPS/v3.0/monthly/global/cogs/chirps-v3.0.1987.10.cog,v3.0,2026-09-30T18:08:45.083914+00:00,ok,140.5042,True,200.0,"""67be0b04-1d3de48""","Tue, 25 Feb 2025 18:25:08 GMT",30662216,application/octet-stream,1.0,True,[],1355.0,2640.0,-47.99999803304672,-47.949998032301664,-7.800001010298729,-7.750001009553671,-47.97499803267419,-7.7750010099262,-47.95,-7.8,0.050000000745058,0.050000000745058,"numpy.floor (padrão de rasterio.DatasetReader.index), sobre os coeficientes REAIS do transform do arquivo aberto",proximo_de_borda,proximo_de_borda,1.9676983194938373e-06,1.0102987326288114e-06,True,True,,
1987,11,cog,https://data.chc.ucsb.edu/products/CHIRPS/v3.0/monthly/global/cogs/chirps-v3.0.1987.11.cog,v3.0,2026-09-30T18:08:47.084523+00:00,ok,193.8853,True,200.0,"""67be0b07-1c1b271""","Tue, 25 Feb 2025 18:25:11 GMT",29471345,application/octet-stream,1.0,True,[],1355.0,2640.0,-47.99999803304672,-47.949998032301664,-7.800001010298729,-7.750001009553671,-47.97499803267419,-7.7750010099262,-47.95,-7.8,0.050000000745058,0.050000000745058,"numpy.floor (padrão de rasterio.DatasetReader.index), sobre os coeficientes REAIS do transform do arquivo aberto",proximo_de_borda,proximo_de_borda,1.9676983194938373e-06,1.0102987326288114e-06,True,True,,
1987,12,cog,https://data.chc.ucsb.edu/products/CHIRPS/v3.0/monthly/global/cogs/chirps-v3.0.1987.12.cog,v3.0,2026-09-30T18:08:49.457515+00:00,ok,162.9997,True,200.0,"""67be0b0a-1c7c3f3""","Tue, 25 Feb 2025 18:25:14 GMT",29869043,application/octet-stream,1.0,True,[],1355.0,2640.0,-47.99999803304672,-47.949998032301664,-7.800001010298729,-7.750001009553671,-47.97499803267419,-7.7750010099262,-47.95,-7.8,0.050000000745058,0.050000000745058,"numpy.floor (padrão de rasterio.DatasetReader.index), sobre os coeficientes REAIS do transform do arquivo aberto",proximo_de_borda,proximo_de_borda,1.9676983194938373e-06,1.0102987326288114e-06,True,True,,
1988,1,cog,https://data.chc.ucsb.edu/products/CHIRPS/v3.0/monthly/global/cogs/chirps-v3.0.1988.01.cog,v3.0,2026-09-30T18:08:51.810733+00:00,ok,249.9281,True,200.0,"""67be0b0d-1cce768""","Tue, 25 Feb 2025 18:25:17 GMT",30205800,application/octet-stream,1.0,True,[],1355.0,2640.0,-47.99999803304672,-47.949998032301664,-7.800001010298729,-7.750001009553671,-47.97499803267419,-7.7750010099262,-47.95,-7.8,0.050000000745058,0.050000000745058,"numpy.floor (padrão de rasterio.DatasetReader.index), sobre os coeficientes REAIS do transform do arquivo aberto",proximo_de_borda,proximo_de_borda,1.9676983194938373e-06,1.0102987326288114e-06,True,True,,
1988,2,cog,https://data.chc.ucsb.edu/products/CHIRPS/v3.0/monthly/global/cogs/chirps-v3.0.1988.02.cog,v3.0,2026-09-30T18:08:53.714070+00:00,ok,265.138,True,200.0,"""67be0b10-1d22a96""","Tue, 25 Feb 2025 18:25:20 GMT",30550678,application/octet-stream,1.0,True,[],1355.0,2640.0,-47.99999803304672,-47.949998032301664,-7.800001010298729,-7.750001009553671,-47.97499803267419,-7.7750010099262,-47.95,-7.8,0.050000000745058,0.050000000745058,"numpy.floor (padrão de rasterio.DatasetReader.index), sobre os coeficientes REAIS do transform do arquivo aberto",proximo_de_borda,proximo_de_borda,1.9676983194938373e-06,1.0102987326288114e-06,True,True,,
1988,3,cog,https://data.chc.ucsb.edu/products/CHIRPS/v3.0/monthly/global/cogs/chirps-v3.0.1988.03.cog,v3.0,2026-09-30T18:08:55.682307+00:00,ok,205.8529,True,200.0,"""67be0b13-1b3057a""","Tue, 25 Feb 2025 18:25:23 GMT",28509562,application/octet-stream,1.0,True,[],1355.0,2640.0,-47.99999803304672,-47.949998032301664,-7.800001010298729,-7.750001009553671,-47.97499803267419,-7.7750010099262,-47.95,-7.8,0.050000000745058,0.050000000745058,"numpy.floor (padrão de rasterio.DatasetReader.index), sobre os coeficientes REAIS do transform do arquivo aberto",proximo_de_borda,proximo_de_borda,1.9676983194938373e-06,1.0102987326288114e-06,True,True,,
1988,4,cog,https://data.chc.ucsb.edu/products/CHIRPS/v3.0/monthly/global/cogs/chirps-v3.0.1988.04.cog,v3.0,2026-09-30T18:08:57.981488+00:00,ok,252.4203,True,200.0,"""67be0b16-1c41b4f""","Tue, 25 Feb 2025 18:25:26 GMT",29629263,application/octet-stream,1.0,True,[],1355.0,2640.0,-47.99999803304672,-47.949998032301664,-7.800001010298729,-7.750001009553671,-47.97499803267419,-7.7750010099262,-47.95,-7.8,0.050000000745058,0.050000000745058,"numpy.floor (padrão de rasterio.DatasetReader.index), sobre os coeficientes REAIS do transform do arquivo aberto",proximo_de_borda,proximo_de_borda,1.9676983194938373e-06,1.0102987326288114e-06,True,True,,
1988,5,cog,https://data.chc.ucsb.edu/products/CHIRPS/v3.0/monthly/global/cogs/chirps-v3.0.1988.05.cog,v3.0,2026-09-30T18:09:00.252525+00:00,ok,16.3164,True,200.0,"""67be0b19-1bcff74""","Tue, 25 Feb 2025 18:25:29 GMT",29163380,application/octet-stream,1.0,True,[],1355.0,2640.0,-47.99999803304672,-47.949998032301664,-7.800001010298729,-7.750001009553671,-47.97499803267419,-7.7750010099262,-47.95,-7.8,0.050000000745058,0.050000000745058,"numpy.floor (padrão de rasterio.DatasetReader.index), sobre os coeficientes REAIS do transform do arquivo aberto",proximo_de_borda,proximo_de_borda,1.9676983194938373e-06,1.0102987326288114e-06,True,True,,
1988,6,cog,https://data.chc.ucsb.edu/products/CHIRPS/v3.0/monthly/global/cogs/chirps-v3.0.1988.06.cog,v3.0,2026-09-30T18:09:02.103290+00:00,ok,23.2215,True,200.0,"""67be0b1c-1cc6a8d""","Tue, 25 Feb 2025 18:25:32 GMT",30173837,application/octet-stream,1.0,True,[],1355.0,2640.0,-47.99999803304672,-47.949998032301664,-7.800001010298729,-7.750001009553671,-47.97499803267419,-7.7750010099262,-47.95,-7.8,0.050000000745058,0.050000000745058,"numpy.floor (padrão de rasterio.DatasetReader.index), sobre os coeficientes REAIS do transform do arquivo aberto",proximo_de_borda,proximo_de_borda,1.9676983194938373e-06,1.0102987326288114e-06,True,True,,
1988,7,cog,https://data.chc.ucsb.edu/products/CHIRPS/v3.0/monthly/global/cogs/chirps-v3.0.1988.07.cog,v3.0,2026-09-30T18:09:03.969261+00:00,ok,2.0879,True,200.0,"""67be0b20-1d5a23e""","Tue, 25 Feb 2025 18:25:36 GMT",30777918,application/octet-stream,1.0,True,[],1355.0,2640.0,-47.99999803304672,-47.949998032301664,-7.800001010298729,-7.750001009553671,-47.97499803267419,-7.7750010099262,-47.95,-7.8,0.050000000745058,0.050000000745058,"numpy.floor (padrão de rasterio.DatasetReader.index), sobre os coeficientes REAIS do transform do arquivo aberto",proximo_de_borda,proximo_de_borda,1.9676983194938373e-06,1.0102987326288114e-06,True,True,,
1988,8,cog,https://data.chc.ucsb.edu/products/CHIRPS/v3.0/monthly/global/cogs/chirps-v3.0.1988.08.cog,v3.0,2026-09-30T18:09:05.858183+00:00,ok,1.0155,True,200.0,"""67be0b23-1d71afd""","Tue, 25 Feb 2025 18:25:39 GMT",30874365,application/octet-stream,1.0,True,[],1355.0,2640.0,-47.99999803304672,-47.949998032301664,-7.800001010298729,-7.750001009553671,-47.97499803267419,-7.7750010099262,-47.95,-7.8,0.050000000745058,0.050000000745058,"numpy.floor (padrão de rasterio.DatasetReader.index), sobre os coeficientes REAIS do transform do arquivo aberto",proximo_de_borda,proximo_de_borda,1.9676983194938373e-06,1.0102987326288114e-06,True,True,,
1988,9,cog,https://data.chc.ucsb.edu/products/CHIRPS/v3.0/monthly/global/cogs/chirps-v3.0.1988.09.cog,v3.0,2026-09-30T18:09:07.949875+00:00,ok,44.4246,True,200.0,"""67be0b26-1d34adb""","Tue, 25 Feb 2025 18:25:42 GMT",30624475,application/octet-stream,1.0,True,[],1355.0,2640.0,-47.99999803304672,-47.949998032301664,-7.800001010298729,-7.750001009553671,-47.97499803267419,-7.7750010099262,-47.95,-7.8,0.050000000745058,0.050000000745058,"numpy.floor (padrão de rasterio.DatasetReader.index), sobre os coeficientes REAIS do transform do arquivo aberto",proximo_de_borda,proximo_de_borda,1.9676983194938373e-06,1.0102987326288114e-06,True,True,,
1988,10,cog,https://data.chc.ucsb.edu/products/CHIRPS/v3.0/monthly/global/cogs/chirps-v3.0.1988.10.cog,v3.0,2026-09-30T18:09:09.827611+00:00,ok,197.5752,True,200.0,"""67be0b29-1c896a3""","Tue, 25 Feb 2025 18:25:45 GMT",29922979,application/octet-stream,1.0,True,[],1355.0,2640.0,-47.99999803304672,-47.949998032301664,-7.800001010298729,-7.750001009553671,-47.97499803267419,-7.7750010099262,-47.95,-7.8,0.050000000745058,0.050000000745058,"numpy.floor (padrão de rasterio.DatasetReader.index), sobre os coeficientes REAIS do transform do arquivo aberto",proximo_de_borda,proximo_de_borda,1.9676983194938373e-06,1.0102987326288114e-06,True,True,,
1988,11,cog,https://data.chc.ucsb.edu/products/CHIRPS/v3.0/monthly/global/cogs/chirps-v3.0.1988.11.cog,v3.0,2026-09-30T18:09:11.789042+00:00,ok,245.3522,True,200.0,"""67be0b2c-1be64f5""","Tue, 25 Feb 2025 18:25:48 GMT",29254901,application/octet-stream,1.0,True,[],1355.0,2640.0,-47.99999803304672,-47.949998032301664,-7.800001010298729,-7.750001009553671,-47.97499803267419,-7.7750010099262,-47.95,-7.8,0.050000000745058,0.050000000745058,"numpy.floor (padrão de rasterio.DatasetReader.index), sobre os coeficientes REAIS do transform do arquivo aberto",proximo_de_borda,proximo_de_borda,1.9676983194938373e-06,1.0102987326288114e-06,True,True,,
1988,12,cog,https://data.chc.ucsb.edu/products/CHIRPS/v3.0/monthly/global/cogs/chirps-v3.0.1988.12.cog,v3.0,2026-09-30T18:09:13.725167+00:00,ok,260.6595,True,200.0,"""67be0b2f-1caef4a""","Tue, 25 Feb 2025 18:25:51 GMT",30076746,application/octet-stream,1.0,True,[],1355.0,2640.0,-47.99999803304672,-47.949998032301664,-7.800001010298729,-7.750001009553671,-47.97499803267419,-7.7750010099262,-47.95,-7.8,0.050000000745058,0.050000000745058,"numpy.floor (padrão de rasterio.DatasetReader.index), sobre os coeficientes REAIS do transform do arquivo aberto",proximo_de_borda,proximo_de_borda,1.9676983194938373e-06,1.0102987326288114e-06,True,True,,
1989,1,cog,https://data.chc.ucsb.edu/products/CHIRPS/v3.0/monthly/global/cogs/chirps-v3.0.1989.01.cog,v3.0,2026-09-30T18:09:14.764798+00:00,ok,198.0444,True,200.0,"""67be0b32-1ba88aa""","Tue, 25 Feb 2025 18:25:54 GMT",29001898,application/octet-stream,1.0,True,[],1355.0,2640.0,-47.99999803304672,-47.949998032301664,-7.800001010298729,-7.750001009553671,-47.97499803267419,-7.7750010099262,-47.95,-7.8,0.050000000745058,0.050000000745058,"numpy.floor (padrão de rasterio.DatasetReader.index), sobre os coeficientes REAIS do transform do arquivo aberto",proximo_de_borda,proximo_de_borda,1.9676983194938373e-06,1.0102987326288114e-06,True,True,,
1989,2,cog,https://data.chc.ucsb.edu/products/CHIRPS/v3.0/monthly/global/cogs/chirps-v3.0.1989.02.cog,v3.0,2026-09-30T18:09:16.639006+00:00,ok,163.5898,True,200.0,"""67be0b35-1baa417""","Tue, 25 Feb 2025 18:25:57 GMT",29008919,application/octet-stream,1.0,True,[],1355.0,2640.0,-47.99999803304672,-47.949998032301664,-7.800001010298729,-7.750001009553671,-47.97499803267419,-7.7750010099262,-47.95,-7.8,0.050000000745058,0.050000000745058,"numpy.floor (padrão de rasterio.DatasetReader.index), sobre os coeficientes REAIS do transform do arquivo aberto",proximo_de_borda,proximo_de_borda,1.9676983194938373e-06,1.0102987326288114e-06,True,True,,
1989,3,cog,https://data.chc.ucsb.edu/products/CHIRPS/v3.0/monthly/global/cogs/chirps-v3.0.1989.03.cog,v3.0,2026-09-30T18:09:19.669941+00:00,ok,404.9948,True,200.0,"""67be0b38-1b710ae""","Tue, 25 Feb 2025 18:26:00 GMT",28774574,application/octet-stream,1.0,True,[],1355.0,2640.0,-47.99999803304672,-47.949998032301664,-7.800001010298729,-7.750001009553671,-47.97499803267419,-7.7750010099262,-47.95,-7.8,0.050000000745058,0.050000000745058,"numpy.floor (padrão de rasterio.DatasetReader.index), sobre os coeficientes REAIS do transform do arquivo aberto",proximo_de_borda,proximo_de_borda,1.9676983194938373e-06,1.0102987326288114e-06,True,True,,
1989,4,cog,https://data.chc.ucsb.edu/products/CHIRPS/v3.0/monthly/global/cogs/chirps-v3.0.1989.04.cog,v3.0,2026-09-30T18:09:21.610112+00:00,ok,298.6274,True,200.0,"""67be0b3b-1bedcab""","Tue, 25 Feb 2025 18:26:03 GMT",29285547,application/octet-stream,1.0,True,[],1355.0,2640.0,-47.99999803304672,-47.949998032301664,-7.800001010298729,-7.750001009553671,-47.97499803267419,-7.7750010099262,-47.95,-7.8,0.050000000745058,0.050000000745058,"numpy.floor (padrão de rasterio.DatasetReader.index), sobre os coeficientes REAIS do transform do arquivo aberto",proximo_de_borda,proximo_de_borda,1.9676983194938373e-06,1.0102987326288114e-06,True,True,,
1989,5,cog,https://data.chc.ucsb.edu/products/CHIRPS/v3.0/monthly/global/cogs/chirps-v3.0.1989.05.cog,v3.0,2026-09-30T18:09:24.249539+00:00,ok,135.7799,True,200.0,"""67be0b3e-1c9d518""","Tue, 25 Feb 2025 18:26:06 GMT",30004504,application/octet-stream,1.0,True,[],1355.0,2640.0,-47.99999803304672,-47.949998032301664,-7.800001010298729,-7.750001009553671,-47.97499803267419,-7.7750010099262,-47.95,-7.8,0.050000000745058,0.050000000745058,"numpy.floor (padrão de rasterio.DatasetReader.index), sobre os coeficientes REAIS do transform do arquivo aberto",proximo_de_borda,proximo_de_borda,1.9676983194938373e-06,1.0102987326288114e-06,True,True,,
1989,6,cog,https://data.chc.ucsb.edu/products/CHIRPS/v3.0/monthly/global/cogs/chirps-v3.0.1989.06.cog,v3.0,2026-09-30T18:09:26.184804+00:00,ok,15.0339,True,200.0,"""67be0b42-1d325bd""","Tue, 25 Feb 2025 18:26:10 GMT",30614973,application/octet-stream,2.0,True,[],1355.0,2640.0,-47.99999803304672,-47.949998032301664,-7.800001010298729,-7.750001009553671,-47.97499803267419,-7.7750010099262,-47.95,-7.8,0.050000000745058,0.050000000745058,"numpy.floor (padrão de rasterio.DatasetReader.index), sobre os coeficientes REAIS do transform do arquivo aberto",proximo_de_borda,proximo_de_borda,1.9676983194938373e-06,1.0102987326288114e-06,True,True,,
1989,7,cog,https://data.chc.ucsb.edu/products/CHIRPS/v3.0/monthly/global/cogs/chirps-v3.0.1989.07.cog,v3.0,2026-09-30T18:09:42.125898+00:00,ok,31.6752,True,200.0,"""67be0b45-1d6e113""","Tue, 25 Feb 2025 18:26:13 GMT",30859539,application/octet-stream,1.0,True,[],1355.0,2640.0,-47.99999803304672,-47.949998032301664,-7.800001010298729,-7.750001009553671,-47.97499803267419,-7.7750010099262,-47.95,-7.8,0.050000000745058,0.050000000745058,"numpy.floor (padrão de rasterio.DatasetReader.index), sobre os coeficientes REAIS do transform do arquivo aberto",proximo_de_borda,proximo_de_borda,1.9676983194938373e-06,1.0102987326288114e-06,True,True,,
1989,8,cog,https://data.chc.ucsb.edu/products/CHIRPS/v3.0/monthly/global/cogs/chirps-v3.0.1989.08.cog,v3.0,2026-09-30T18:09:49.963317+00:00,ok,2.6723,True,200.0,"""67be0b48-1d5092e""","Tue, 25 Feb 2025 18:26:16 GMT",30738734,application/octet-stream,1.0,True,[],1355.0,2640.0,-47.99999803304672,-47.949998032301664,-7.800001010298729,-7.750001009553671,-47.97499803267419,-7.7750010099262,-47.95,-7.8,0.050000000745058,0.050000000745058,"numpy.floor (padrão de rasterio.DatasetReader.index), sobre os coeficientes REAIS do transform do arquivo aberto",proximo_de_borda,proximo_de_borda,1.9676983194938373e-06,1.0102987326288114e-06,True,True,,
1989,9,cog,https://data.chc.ucsb.edu/products/CHIRPS/v3.0/monthly/global/cogs/chirps-v3.0.1989.09.cog,v3.0,2026-09-30T18:09:54.914369+00:00,ok,42.3924,True,200.0,"""67be0b4b-1d5d01f""","Tue, 25 Feb 2025 18:26:19 GMT",30789663,application/octet-stream,1.0,True,[],1355.0,2640.0,-47.99999803304672,-47.949998032301664,-7.800001010298729,-7.750001009553671,-47.97499803267419,-7.7750010099262,-47.95,-7.8,0.050000000745058,0.050000000745058,"numpy.floor (padrão de rasterio.DatasetReader.index), sobre os coeficientes REAIS do transform do arquivo aberto",proximo_de_borda,proximo_de_borda,1.9676983194938373e-06,1.0102987326288114e-06,True,True,,
1989,10,cog,https://data.chc.ucsb.edu/products/CHIRPS/v3.0/monthly/global/cogs/chirps-v3.0.1989.10.cog,v3.0,2026-09-30T18:09:57.653449+00:00,ok,193.879,True,200.0,"""67be0b4e-1c4e41b""","Tue, 25 Feb 2025 18:26:22 GMT",29680667,application/octet-stream,1.0,True,[],1355.0,2640.0,-47.99999803304672,-47.949998032301664,-7.800001010298729,-7.750001009553671,-47.97499803267419,-7.7750010099262,-47.95,-7.8,0.050000000745058,0.050000000745058,"numpy.floor (padrão de rasterio.DatasetReader.index), sobre os coeficientes REAIS do transform do arquivo aberto",proximo_de_borda,proximo_de_borda,1.9676983194938373e-06,1.0102987326288114e-06,True,True,,
1989,11,cog,https://data.chc.ucsb.edu/products/CHIRPS/v3.0/monthly/global/cogs/chirps-v3.0.1989.11.cog,v3.0,2026-09-30T18:10:00.094187+00:00,ok,280.0758,True,200.0,"""67be0b51-1c8c747""","Tue, 25 Feb 2025 18:26:25 GMT",29935431,application/octet-stream,1.0,True,[],1355.0,2640.0,-47.99999803304672,-47.949998032301664,-7.800001010298729,-7.750001009553671,-47.97499803267419,-7.7750010099262,-47.95,-7.8,0.050000000745058,0.050000000745058,"numpy.floor (padrão de rasterio.DatasetReader.index), sobre os coeficientes REAIS do transform do arquivo aberto",proximo_de_borda,proximo_de_borda,1.9676983194938373e-06,1.0102987326288114e-06,True,True,,
1989,12,cog,https://data.chc.ucsb.edu/products/CHIRPS/v3.0/monthly/global/cogs/chirps-v3.0.1989.12.cog,v3.0,2026-09-30T18:10:02.429515+00:00,ok,354.4283,True,200.0,"""67be0b54-1bc08f4""","Tue, 25 Feb 2025 18:26:28 GMT",29100276,application/octet-stream,1.0,True,[],1355.0,2640.0,-47.99999803304672,-47.949998032301664,-7.800001010298729,-7.750001009553671,-47.97499803267419,-7.7750010099262,-47.95,-7.8,0.050000000745058,0.050000000745058,"numpy.floor (padrão de rasterio.DatasetReader.index), sobre os coeficientes REAIS do transform do arquivo aberto",proximo_de_borda,proximo_de_borda,1.9676983194938373e-06,1.0102987326288114e-06,True,True,,
1990,1,cog,https://data.chc.ucsb.edu/products/CHIRPS/v3.0/monthly/global/cogs/chirps-v3.0.1990.01.cog,v3.0,2026-09-30T18:10:05.364852+00:00,ok,152.5905,True,200.0,"""67be0b57-1ca6c86""","Tue, 25 Feb 2025 18:26:31 GMT",30043270,application/octet-stream,1.0,True,[],1355.0,2640.0,-47.99999803304672,-47.949998032301664,-7.800001010298729,-7.750001009553671,-47.97499803267419,-7.7750010099262,-47.95,-7.8,0.050000000745058,0.050000000745058,"numpy.floor (padrão de rasterio.DatasetReader.index), sobre os coeficientes REAIS do transform do arquivo aberto",proximo_de_borda,proximo_de_borda,1.9676983194938373e-06,1.0102987326288114e-06,True,True,,
1990,2,cog,https://data.chc.ucsb.edu/products/CHIRPS/v3.0/monthly/global/cogs/chirps-v3.0.1990.02.cog,v3.0,2026-09-30T18:10:07.644907+00:00,ok,297.3977,True,200.0,"""67be0b5a-1c18f07""","Tue, 25 Feb 2025 18:26:34 GMT",29462279,application/octet-stream,1.0,True,[],1355.0,2640.0,-47.99999803304672,-47.949998032301664,-7.800001010298729,-7.750001009553671,-47.97499803267419,-7.7750010099262,-47.95,-7.8,0.050000000745058,0.050000000745058,"numpy.floor (padrão de rasterio.DatasetReader.index), sobre os coeficientes REAIS do transform do arquivo aberto",proximo_de_borda,proximo_de_borda,1.9676983194938373e-06,1.0102987326288114e-06,True,True,,
1990,3,cog,https://data.chc.ucsb.edu/products/CHIRPS/v3.0/monthly/global/cogs/chirps-v3.0.1990.03.cog,v3.0,2026-09-30T18:10:09.859649+00:00,ok,227.8434,True,200.0,"""67be0b5d-1b51e78""","Tue, 25 Feb 2025 18:26:37 GMT",28647032,application/octet-stream,1.0,True,[],1355.0,2640.0,-47.99999803304672,-47.949998032301664,-7.800001010298729,-7.750001009553671,-47.97499803267419,-7.7750010099262,-47.95,-7.8,0.050000000745058,0.050000000745058,"numpy.floor (padrão de rasterio.DatasetReader.index), sobre os coeficientes REAIS do transform do arquivo aberto",proximo_de_borda,proximo_de_borda,1.9676983194938373e-06,1.0102987326288114e-06,True,True,,
1990,4,cog,https://data.chc.ucsb.edu/products/CHIRPS/v3.0/monthly/global/cogs/chirps-v3.0.1990.04.cog,v3.0,2026-09-30T18:10:12.447647+00:00,ok,191.7116,True,200.0,"""67be0b60-1c4d8b1""","Tue, 25 Feb 2025 18:26:40 GMT",29677745,application/octet-stream,1.0,True,[],1355.0,2640.0,-47.99999803304672,-47.949998032301664,-7.800001010298729,-7.750001009553671,-47.97499803267419,-7.7750010099262,-47.95,-7.8,0.050000000745058,0.050000000745058,"numpy.floor (padrão de rasterio.DatasetReader.index), sobre os coeficientes REAIS do transform do arquivo aberto",proximo_de_borda,proximo_de_borda,1.9676983194938373e-06,1.0102987326288114e-06,True,True,,
1990,5,cog,https://data.chc.ucsb.edu/products/CHIRPS/v3.0/monthly/global/cogs/chirps-v3.0.1990.05.cog,v3.0,2026-09-30T18:10:14.600695+00:00,ok,47.4776,True,200.0,"""67be0b63-1be9270""","Tue, 25 Feb 2025 18:26:43 GMT",29266544,application/octet-stream,1.0,True,[],1355.0,2640.0,-47.99999803304672,-47.949998032301664,-7.800001010298729,-7.750001009553671,-47.97499803267419,-7.7750010099262,-47.95,-7.8,0.050000000745058,0.050000000745058,"numpy.floor (padrão de rasterio.DatasetReader.index), sobre os coeficientes REAIS do transform do arquivo aberto",proximo_de_borda,proximo_de_borda,1.9676983194938373e-06,1.0102987326288114e-06,True,True,,
1990,6,cog,https://data.chc.ucsb.edu/products/CHIRPS/v3.0/monthly/global/cogs/chirps-v3.0.1990.06.cog,v3.0,2026-09-30T18:10:16.717796+00:00,ok,0.4598,True,200.0,"""67be0b66-1c31551""","Tue, 25 Feb 2025 18:26:46 GMT",29562193,application/octet-stream,1.0,True,[],1355.0,2640.0,-47.99999803304672,-47.949998032301664,-7.800001010298729,-7.750001009553671,-47.97499803267419,-7.7750010099262,-47.95,-7.8,0.050000000745058,0.050000000745058,"numpy.floor (padrão de rasterio.DatasetReader.index), sobre os coeficientes REAIS do transform do arquivo aberto",proximo_de_borda,proximo_de_borda,1.9676983194938373e-06,1.0102987326288114e-06,True,True,,
1990,7,cog,https://data.chc.ucsb.edu/products/CHIRPS/v3.0/monthly/global/cogs/chirps-v3.0.1990.07.cog,v3.0,2026-09-30T18:10:18.684001+00:00,ok,4.4016,True,200.0,"""67be0b6a-1d4a838""","Tue, 25 Feb 2025 18:26:50 GMT",30713912,application/octet-stream,1.0,True,[],1355.0,2640.0,-47.99999803304672,-47.949998032301664,-7.800001010298729,-7.750001009553671,-47.97499803267419,-7.7750010099262,-47.95,-7.8,0.050000000745058,0.050000000745058,"numpy.floor (padrão de rasterio.DatasetReader.index), sobre os coeficientes REAIS do transform do arquivo aberto",proximo_de_borda,proximo_de_borda,1.9676983194938373e-06,1.0102987326288114e-06,True,True,,
1990,8,cog,https://data.chc.ucsb.edu/products/CHIRPS/v3.0/monthly/global/cogs/chirps-v3.0.1990.08.cog,v3.0,2026-09-30T18:10:20.729558+00:00,ok,24.1066,True,200.0,"""67be0b6d-1d1a05b""","Tue, 25 Feb 2025 18:26:53 GMT",30515291,application/octet-stream,1.0,True,[],1355.0,2640.0,-47.99999803304672,-47.949998032301664,-7.800001010298729,-7.750001009553671,-47.97499803267419,-7.7750010099262,-47.95,-7.8,0.050000000745058,0.050000000745058,"numpy.floor (padrão de rasterio.DatasetReader.index), sobre os coeficientes REAIS do transform do arquivo aberto",proximo_de_borda,proximo_de_borda,1.9676983194938373e-06,1.0102987326288114e-06,True,True,,
1990,9,cog,https://data.chc.ucsb.edu/products/CHIRPS/v3.0/monthly/global/cogs/chirps-v3.0.1990.09.cog,v3.0,2026-09-30T18:10:22.757178+00:00,ok,113.0376,True,200.0,"""67be0b70-1d05f25""","Tue, 25 Feb 2025 18:26:56 GMT",30433061,application/octet-stream,1.0,True,[],1355.0,2640.0,-47.99999803304672,-47.949998032301664,-7.800001010298729,-7.750001009553671,-47.97499803267419,-7.7750010099262,-47.95,-7.8,0.050000000745058,0.050000000745058,"numpy.floor (padrão de rasterio.DatasetReader.index), sobre os coeficientes REAIS do transform do arquivo aberto",proximo_de_borda,proximo_de_borda,1.9676983194938373e-06,1.0102987326288114e-06,True,True,,
1990,10,cog,https://data.chc.ucsb.edu/products/CHIRPS/v3.0/monthly/global/cogs/chirps-v3.0.1990.10.cog,v3.0,2026-09-30T18:10:25.409378+00:00,ok,133.4756,True,200.0,"""67be0b73-1c903b3""","Tue, 25 Feb 2025 18:26:59 GMT",29950899,application/octet-stream,1.0,True,[],1355.0,2640.0,-47.99999803304672,-47.949998032301664,-7.800001010298729,-7.750001009553671,-47.97499803267419,-7.7750010099262,-47.95,-7.8,0.050000000745058,0.050000000745058,"numpy.floor (padrão de rasterio.DatasetReader.index), sobre os coeficientes REAIS do transform do arquivo aberto",proximo_de_borda,proximo_de_borda,1.9676983194938373e-06,1.0102987326288114e-06,True,True,,
1990,11,cog,https://data.chc.ucsb.edu/products/CHIRPS/v3.0/monthly/global/cogs/chirps-v3.0.1990.11.cog,v3.0,2026-09-30T18:10:27.620196+00:00,ok,178.5223,True,200.0,"""67be0b76-1bf2157""","Tue, 25 Feb 2025 18:27:02 GMT",29303127,application/octet-stream,1.0,True,[],1355.0,2640.0,-47.99999803304672,-47.949998032301664,-7.800001010298729,-7.750001009553671,-47.97499803267419,-7.7750010099262,-47.95,-7.8,0.050000000745058,0.050000000745058,"numpy.floor (padrão de rasterio.DatasetReader.index), sobre os coeficientes REAIS do transform do arquivo aberto",proximo_de_borda,proximo_de_borda,1.9676983194938373e-06,1.0102987326288114e-06,True,True,,
1990,12,cog,https://data.chc.ucsb.edu/products/CHIRPS/v3.0/monthly/global/cogs/chirps-v3.0.1990.12.cog,v3.0,2026-09-30T18:10:29.635081+00:00,ok,169.2673,True,200.0,"""67be0b7a-1c578d5""","Tue, 25 Feb 2025 18:27:06 GMT",29718741,application/octet-stream,1.0,True,[],1355.0,2640.0,-47.99999803304672,-47.949998032301664,-7.800001010298729,-7.750001009553671,-47.97499803267419,-7.7750010099262,-47.95,-7.8,0.050000000745058,0.050000000745058,"numpy.floor (padrão de rasterio.DatasetReader.index), sobre os coeficientes REAIS do transform do arquivo aberto",proximo_de_borda,proximo_de_borda,1.9676983194938373e-06,1.0102987326288114e-06,True,True,,
1991,1,cog,https://data.chc.ucsb.edu/products/CHIRPS/v3.0/monthly/global/cogs/chirps-v3.0.1991.01.cog,v3.0,2026-09-30T18:10:30.829258+00:00,ok,342.9423,True,200.0,"""67be0b7d-1c029b0""","Tue, 25 Feb 2025 18:27:09 GMT",29370800,application/octet-stream,1.0,True,[],1355.0,2640.0,-47.99999803304672,-47.949998032301664,-7.800001010298729,-7.750001009553671,-47.97499803267419,-7.7750010099262,-47.95,-7.8,0.050000000745058,0.050000000745058,"numpy.floor (padrão de rasterio.DatasetReader.index), sobre os coeficientes REAIS do transform do arquivo aberto",proximo_de_borda,proximo_de_borda,1.9676983194938373e-06,1.0102987326288114e-06,True,True,,
1991,2,cog,https://data.chc.ucsb.edu/products/CHIRPS/v3.0/monthly/global/cogs/chirps-v3.0.1991.02.cog,v3.0,2026-09-30T18:10:32.608705+00:00,ok,178.9798,True,200.0,"""67be0b80-1bd8251""","Tue, 25 Feb 2025 18:27:12 GMT",29196881,application/octet-stream,2.0,True,[],1355.0,2640.0,-47.99999803304672,-47.949998032301664,-7.800001010298729,-7.750001009553671,-47.97499803267419,-7.7750010099262,-47.95,-7.8,0.050000000745058,0.050000000745058,"numpy.floor (padrão de rasterio.DatasetReader.index), sobre os coeficientes REAIS do transform do arquivo aberto",proximo_de_borda,proximo_de_borda,1.9676983194938373e-06,1.0102987326288114e-06,True,True,,
1991,3,cog,https://data.chc.ucsb.edu/products/CHIRPS/v3.0/monthly/global/cogs/chirps-v3.0.1991.03.cog,v3.0,2026-09-30T18:10:48.282198+00:00,ok,354.0018,True,200.0,"""67be0b83-1c65989""","Tue, 25 Feb 2025 18:27:15 GMT",29776265,application/octet-stream,1.0,True,[],1355.0,2640.0,-47.99999803304672,-47.949998032301664,-7.800001010298729,-7.750001009553671,-47.97499803267419,-7.7750010099262,-47.95,-7.8,0.050000000745058,0.050000000745058,"numpy.floor (padrão de rasterio.DatasetReader.index), sobre os coeficientes REAIS do transform do arquivo aberto",proximo_de_borda,proximo_de_borda,1.9676983194938373e-06,1.0102987326288114e-06,True,True,,
1991,4,cog,https://data.chc.ucsb.edu/products/CHIRPS/v3.0/monthly/global/cogs/chirps-v3.0.1991.04.cog,v3.0,2026-09-30T18:10:50.169269+00:00,ok,214.6288,True,200.0,"""67be0b86-1be218d""","Tue, 25 Feb 2025 18:27:18 GMT",29237645,application/octet-stream,1.0,True,[],1355.0,2640.0,-47.99999803304672,-47.949998032301664,-7.800001010298729,-7.750001009553671,-47.97499803267419,-7.7750010099262,-47.95,-7.8,0.050000000745058,0.050000000745058,"numpy.floor (padrão de rasterio.DatasetReader.index), sobre os coeficientes REAIS do transform do arquivo aberto",proximo_de_borda,proximo_de_borda,1.9676983194938373e-06,1.0102987326288114e-06,True,True,,
1991,5,cog,https://data.chc.ucsb.edu/products/CHIRPS/v3.0/monthly/global/cogs/chirps-v3.0.1991.05.cog,v3.0,2026-09-30T18:10:52.366853+00:00,ok,128.0413,True,200.0,"""67be0b89-1cf4838""","Tue, 25 Feb 2025 18:27:21 GMT",30361656,application/octet-stream,1.0,True,[],1355.0,2640.0,-47.99999803304672,-47.949998032301664,-7.800001010298729,-7.750001009553671,-47.97499803267419,-7.7750010099262,-47.95,-7.8,0.050000000745058,0.050000000745058,"numpy.floor (padrão de rasterio.DatasetReader.index), sobre os coeficientes REAIS do transform do arquivo aberto",proximo_de_borda,proximo_de_borda,1.9676983194938373e-06,1.0102987326288114e-06,True,True,,
1991,6,cog,https://data.chc.ucsb.edu/products/CHIRPS/v3.0/monthly/global/cogs/chirps-v3.0.1991.06.cog,v3.0,2026-09-30T18:10:54.424625+00:00,ok,0.7033,True,200.0,"""67be0b8c-1cba351""","Tue, 25 Feb 2025 18:27:24 GMT",30122833,application/octet-stream,1.0,True,[],1355.0,2640.0,-47.99999803304672,-47.949998032301664,-7.800001010298729,-7.750001009553671,-47.97499803267419,-7.7750010099262,-47.95,-7.8,0.050000000745058,0.050000000745058,"numpy.floor (padrão de rasterio.DatasetReader.index), sobre os coeficientes REAIS do transform do arquivo aberto",proximo_de_borda,proximo_de_borda,1.9676983194938373e-06,1.0102987326288114e-06,True,True,,
1991,7,cog,https://data.chc.ucsb.edu/products/CHIRPS/v3.0/monthly/global/cogs/chirps-v3.0.1991.07.cog,v3.0,2026-09-30T18:10:56.469564+00:00,ok,1.9531,True,200.0,"""67be0b8f-1d4f84d""","Tue, 25 Feb 2025 18:27:27 GMT",30734413,application/octet-stream,1.0,True,[],1355.0,2640.0,-47.99999803304672,-47.949998032301664,-7.800001010298729,-7.750001009553671,-47.97499803267419,-7.7750010099262,-47.95,-7.8,0.050000000745058,0.050000000745058,"numpy.floor (padrão de rasterio.DatasetReader.index), sobre os coeficientes REAIS do transform do arquivo aberto",proximo_de_borda,proximo_de_borda,1.9676983194938373e-06,1.0102987326288114e-06,True,True,,
1991,8,cog,https://data.chc.ucsb.edu/products/CHIRPS/v3.0/monthly/global/cogs/chirps-v3.0.1991.08.cog,v3.0,2026-09-30T18:10:59.110280+00:00,ok,1.2135,True,200.0,"""67be0b92-1d07cd7""","Tue, 25 Feb 2025 18:27:30 GMT",30440663,application/octet-stream,1.0,True,[],1355.0,2640.0,-47.99999803304672,-47.949998032301664,-7.800001010298729,-7.750001009553671,-47.97499803267419,-7.7750010099262,-47.95,-7.8,0.050000000745058,0.050000000745058,"numpy.floor (padrão de rasterio.DatasetReader.index), sobre os coeficientes REAIS do transform do arquivo aberto",proximo_de_borda,proximo_de_borda,1.9676983194938373e-06,1.0102987326288114e-06,True,True,,
1991,9,cog,https://data.chc.ucsb.edu/products/CHIRPS/v3.0/monthly/global/cogs/chirps-v3.0.1991.09.cog,v3.0,2026-09-30T18:11:01.289657+00:00,ok,73.9762,True,200.0,"""67be0b95-1cfc7e0""","Tue, 25 Feb 2025 18:27:33 GMT",30394336,application/octet-stream,1.0,True,[],1355.0,2640.0,-47.99999803304672,-47.949998032301664,-7.800001010298729,-7.750001009553671,-47.97499803267419,-7.7750010099262,-47.95,-7.8,0.050000000745058,0.050000000745058,"numpy.floor (padrão de rasterio.DatasetReader.index), sobre os coeficientes REAIS do transform do arquivo aberto",proximo_de_borda,proximo_de_borda,1.9676983194938373e-06,1.0102987326288114e-06,True,True,,
1991,10,cog,https://data.chc.ucsb.edu/products/CHIRPS/v3.0/monthly/global/cogs/chirps-v3.0.1991.10.cog,v3.0,2026-09-30T18:11:03.563869+00:00,ok,58.2752,True,200.0,"""67be0b99-1c4d359""","Tue, 25 Feb 2025 18:27:37 GMT",29676377,application/octet-stream,1.0,True,[],1355.0,2640.0,-47.99999803304672,-47.949998032301664,-7.800001010298729,-7.750001009553671,-47.97499803267419,-7.7750010099262,-47.95,-7.8,0.050000000745058,0.050000000745058,"numpy.floor (padrão de rasterio.DatasetReader.index), sobre os coeficientes REAIS do transform do arquivo aberto",proximo_de_borda,proximo_de_borda,1.9676983194938373e-06,1.0102987326288114e-06,True,True,,
1991,11,cog,https://data.chc.ucsb.edu/products/CHIRPS/v3.0/monthly/global/cogs/chirps-v3.0.1991.11.cog,v3.0,2026-09-30T18:11:05.545434+00:00,ok,141.8015,True,200.0,"""67be0b9b-1c23688""","Tue, 25 Feb 2025 18:27:39 GMT",29505160,application/octet-stream,1.0,True,[],1355.0,2640.0,-47.99999803304672,-47.949998032301664,-7.800001010298729,-7.750001009553671,-47.97499803267419,-7.7750010099262,-47.95,-7.8,0.050000000745058,0.050000000745058,"numpy.floor (padrão de rasterio.DatasetReader.index), sobre os coeficientes REAIS do transform do arquivo aberto",proximo_de_borda,proximo_de_borda,1.9676983194938373e-06,1.0102987326288114e-06,True,True,,
1991,12,cog,https://data.chc.ucsb.edu/products/CHIRPS/v3.0/monthly/global/cogs/chirps-v3.0.1991.12.cog,v3.0,2026-09-30T18:11:07.520004+00:00,ok,139.2974,True,200.0,"""67be0b9e-1c8271b""","Tue, 25 Feb 2025 18:27:42 GMT",29894427,application/octet-stream,1.0,True,[],1355.0,2640.0,-47.99999803304672,-47.949998032301664,-7.800001010298729,-7.750001009553671,-47.97499803267419,-7.7750010099262,-47.95,-7.8,0.050000000745058,0.050000000745058,"numpy.floor (padrão de rasterio.DatasetReader.index), sobre os coeficientes REAIS do transform do arquivo aberto",proximo_de_borda,proximo_de_borda,1.9676983194938373e-06,1.0102987326288114e-06,True,True,,
1992,1,cog,https://data.chc.ucsb.edu/products/CHIRPS/v3.0/monthly/global/cogs/chirps-v3.0.1992.01.cog,v3.0,2026-09-30T18:11:09.524309+00:00,ok,307.6078,True,200.0,"""67be0ba1-1b89abf""","Tue, 25 Feb 2025 18:27:45 GMT",28875455,application/octet-stream,1.0,True,[],1355.0,2640.0,-47.99999803304672,-47.949998032301664,-7.800001010298729,-7.750001009553671,-47.97499803267419,-7.7750010099262,-47.95,-7.8,0.050000000745058,0.050000000745058,"numpy.floor (padrão de rasterio.DatasetReader.index), sobre os coeficientes REAIS do transform do arquivo aberto",proximo_de_borda,proximo_de_borda,1.9676983194938373e-06,1.0102987326288114e-06,True,True,,
1992,2,cog,https://data.chc.ucsb.edu/products/CHIRPS/v3.0/monthly/global/cogs/chirps-v3.0.1992.02.cog,v3.0,2026-09-30T18:11:11.405486+00:00,ok,144.7331,True,200.0,"""67be0ba4-1b7df16""","Tue, 25 Feb 2025 18:27:48 GMT",28827414,application/octet-stream,1.0,True,[],1355.0,2640.0,-47.99999803304672,-47.949998032301664,-7.800001010298729,-7.750001009553671,-47.97499803267419,-7.7750010099262,-47.95,-7.8,0.050000000745058,0.050000000745058,"numpy.floor (padrão de rasterio.DatasetReader.index), sobre os coeficientes REAIS do transform do arquivo aberto",proximo_de_borda,proximo_de_borda,1.9676983194938373e-06,1.0102987326288114e-06,True,True,,
1992,3,cog,https://data.chc.ucsb.edu/products/CHIRPS/v3.0/monthly/global/cogs/chirps-v3.0.1992.03.cog,v3.0,2026-09-30T18:11:13.379918+00:00,ok,155.372,True,200.0,"""67be0ba8-1d4a2fb""","Tue, 25 Feb 2025 18:27:52 GMT",30712571,application/octet-stream,1.0,True,[],1355.0,2640.0,-47.99999803304672,-47.949998032301664,-7.800001010298729,-7.750001009553671,-47.97499803267419,-7.7750010099262,-47.95,-7.8,0.050000000745058,0.050000000745058,"numpy.floor (padrão de rasterio.DatasetReader.index), sobre os coeficientes REAIS do transform do arquivo aberto",proximo_de_borda,proximo_de_borda,1.9676983194938373e-06,1.0102987326288114e-06,True,True,,
1992,4,cog,https://data.chc.ucsb.edu/products/CHIRPS/v3.0/monthly/global/cogs/chirps-v3.0.1992.04.cog,v3.0,2026-09-30T18:11:15.387022+00:00,ok,102.9542,True,200.0,"""67be0bab-1ce1cab""","Tue, 25 Feb 2025 18:27:55 GMT",30284971,application/octet-stream,1.0,True,[],1355.0,2640.0,-47.99999803304672,-47.949998032301664,-7.800001010298729,-7.750001009553671,-47.97499803267419,-7.7750010099262,-47.95,-7.8,0.050000000745058,0.050000000745058,"numpy.floor (padrão de rasterio.DatasetReader.index), sobre os coeficientes REAIS do transform do arquivo aberto",proximo_de_borda,proximo_de_borda,1.9676983194938373e-06,1.0102987326288114e-06,True,True,,
1992,5,cog,https://data.chc.ucsb.edu/products/CHIRPS/v3.0/monthly/global/cogs/chirps-v3.0.1992.05.cog,v3.0,2026-09-30T18:11:17.853040+00:00,ok,24.3743,True,200.0,"""67be0bae-1d2e288""","Tue, 25 Feb 2025 18:27:58 GMT",30597768,application/octet-stream,2.0,True,[],1355.0,2640.0,-47.99999803304672,-47.949998032301664,-7.800001010298729,-7.750001009553671,-47.97499803267419,-7.7750010099262,-47.95,-7.8,0.050000000745058,0.050000000745058,"numpy.floor (padrão de rasterio.DatasetReader.index), sobre os coeficientes REAIS do transform do arquivo aberto",proximo_de_borda,proximo_de_borda,1.9676983194938373e-06,1.0102987326288114e-06,True,True,,
1992,6,cog,https://data.chc.ucsb.edu/products/CHIRPS/v3.0/monthly/global/cogs/chirps-v3.0.1992.06.cog,v3.0,2026-09-30T18:11:33.211612+00:00,ok,1.0095,True,200.0,"""67be0bb1-1cad54c""","Tue, 25 Feb 2025 18:28:01 GMT",30070092,application/octet-stream,1.0,True,[],1355.0,2640.0,-47.99999803304672,-47.949998032301664,-7.800001010298729,-7.750001009553671,-47.97499803267419,-7.7750010099262,-47.95,-7.8,0.050000000745058,0.050000000745058,"numpy.floor (padrão de rasterio.DatasetReader.index), sobre os coeficientes REAIS do transform do arquivo aberto",proximo_de_borda,proximo_de_borda,1.9676983194938373e-06,1.0102987326288114e-06,True,True,,
1992,7,cog,https://data.chc.ucsb.edu/products/CHIRPS/v3.0/monthly/global/cogs/chirps-v3.0.1992.07.cog,v3.0,2026-09-30T18:11:35.461981+00:00,ok,2.0289,True,200.0,"""67be0bb4-1dc0007""","Tue, 25 Feb 2025 18:28:04 GMT",31195143,application/octet-stream,2.0,True,[],1355.0,2640.0,-47.99999803304672,-47.949998032301664,-7.800001010298729,-7.750001009553671,-47.97499803267419,-7.7750010099262,-47.95,-7.8,0.050000000745058,0.050000000745058,"numpy.floor (padrão de rasterio.DatasetReader.index), sobre os coeficientes REAIS do transform do arquivo aberto",proximo_de_borda,proximo_de_borda,1.9676983194938373e-06,1.0102987326288114e-06,True,True,,
1992,8,cog,https://data.chc.ucsb.edu/products/CHIRPS/v3.0/monthly/global/cogs/chirps-v3.0.1992.08.cog,v3.0,2026-09-30T18:11:51.303646+00:00,ok,13.0445,True,200.0,"""67be0bb7-1d477c1""","Tue, 25 Feb 2025 18:28:07 GMT",30701505,application/octet-stream,2.0,True,[],1355.0,2640.0,-47.99999803304672,-47.949998032301664,-7.800001010298729,-7.750001009553671,-47.97499803267419,-7.7750010099262,-47.95,-7.8,0.050000000745058,0.050000000745058,"numpy.floor (padrão de rasterio.DatasetReader.index), sobre os coeficientes REAIS do transform do arquivo aberto",proximo_de_borda,proximo_de_borda,1.9676983194938373e-06,1.0102987326288114e-06,True,True,,
1992,9,cog,https://data.chc.ucsb.edu/products/CHIRPS/v3.0/monthly/global/cogs/chirps-v3.0.1992.09.cog,v3.0,2026-09-30T18:12:26.975590+00:00,ok,135.5711,True,200.0,"""67be0bba-1d2b1ed""","Tue, 25 Feb 2025 18:28:10 GMT",30585325,application/octet-stream,2.0,True,[],1355.0,2640.0,-47.99999803304672,-47.949998032301664,-7.800001010298729,-7.750001009553671,-47.97499803267419,-7.7750010099262,-47.95,-7.8,0.050000000745058,0.050000000745058,"numpy.floor (padrão de rasterio.DatasetReader.index), sobre os coeficientes REAIS do transform do arquivo aberto",proximo_de_borda,proximo_de_borda,1.9676983194938373e-06,1.0102987326288114e-06,True,True,,
1992,10,cog,https://data.chc.ucsb.edu/products/CHIRPS/v3.0/monthly/global/cogs/chirps-v3.0.1992.10.cog,v3.0,2026-09-30T18:12:42.388091+00:00,ok,62.0723,True,200.0,"""67be0bbd-1c21128""","Tue, 25 Feb 2025 18:28:13 GMT",29495592,application/octet-stream,1.0,True,[],1355.0,2640.0,-47.99999803304672,-47.949998032301664,-7.800001010298729,-7.750001009553671,-47.97499803267419,-7.7750010099262,-47.95,-7.8,0.050000000745058,0.050000000745058,"numpy.floor (padrão de rasterio.DatasetReader.index), sobre os coeficientes REAIS do transform do arquivo aberto",proximo_de_borda,proximo_de_borda,1.9676983194938373e-06,1.0102987326288114e-06,True,True,,
1992,11,cog,https://data.chc.ucsb.edu/products/CHIRPS/v3.0/monthly/global/cogs/chirps-v3.0.1992.11.cog,v3.0,2026-09-30T18:12:44.401332+00:00,ok,214.2915,True,200.0,"""67be0bc1-1c0bd93""","Tue, 25 Feb 2025 18:28:17 GMT",29408659,application/octet-stream,1.0,True,[],1355.0,2640.0,-47.99999803304672,-47.949998032301664,-7.800001010298729,-7.750001009553671,-47.97499803267419,-7.7750010099262,-47.95,-7.8,0.050000000745058,0.050000000745058,"numpy.floor (padrão de rasterio.DatasetReader.index), sobre os coeficientes REAIS do transform do arquivo aberto",proximo_de_borda,proximo_de_borda,1.9676983194938373e-06,1.0102987326288114e-06,True,True,,
1992,12,cog,https://data.chc.ucsb.edu/products/CHIRPS/v3.0/monthly/global/cogs/chirps-v3.0.1992.12.cog,v3.0,2026-09-30T18:12:46.745719+00:00,ok,239.5717,True,200.0,"""67be0bc4-1c53395""","Tue, 25 Feb 2025 18:28:20 GMT",29701013,application/octet-stream,1.0,True,[],1355.0,2640.0,-47.99999803304672,-47.949998032301664,-7.800001010298729,-7.750001009553671,-47.97499803267419,-7.7750010099262,-47.95,-7.8,0.050000000745058,0.050000000745058,"numpy.floor (padrão de rasterio.DatasetReader.index), sobre os coeficientes REAIS do transform do arquivo aberto",proximo_de_borda,proximo_de_borda,1.9676983194938373e-06,1.0102987326288114e-06,True,True,,
1993,1,cog,https://data.chc.ucsb.edu/products/CHIRPS/v3.0/monthly/global/cogs/chirps-v3.0.1993.01.cog,v3.0,2026-09-30T18:12:47.799342+00:00,ok,121.8043,True,200.0,"""67be0bc7-1bf7bfe""","Tue, 25 Feb 2025 18:28:23 GMT",29326334,application/octet-stream,1.0,True,[],1355.0,2640.0,-47.99999803304672,-47.949998032301664,-7.800001010298729,-7.750001009553671,-47.97499803267419,-7.7750010099262,-47.95,-7.8,0.050000000745058,0.050000000745058,"numpy.floor (padrão de rasterio.DatasetReader.index), sobre os coeficientes REAIS do transform do arquivo aberto",proximo_de_borda,proximo_de_borda,1.9676983194938373e-06,1.0102987326288114e-06,True,True,,
1993,2,cog,https://data.chc.ucsb.edu/products/CHIRPS/v3.0/monthly/global/cogs/chirps-v3.0.1993.02.cog,v3.0,2026-09-30T18:12:49.630742+00:00,ok,307.8407,True,200.0,"""67be0bca-1b65575""","Tue, 25 Feb 2025 18:28:26 GMT",28726645,application/octet-stream,1.0,True,[],1355.0,2640.0,-47.99999803304672,-47.949998032301664,-7.800001010298729,-7.750001009553671,-47.97499803267419,-7.7750010099262,-47.95,-7.8,0.050000000745058,0.050000000745058,"numpy.floor (padrão de rasterio.DatasetReader.index), sobre os coeficientes REAIS do transform do arquivo aberto",proximo_de_borda,proximo_de_borda,1.9676983194938373e-06,1.0102987326288114e-06,True,True,,
1993,3,cog,https://data.chc.ucsb.edu/products/CHIRPS/v3.0/monthly/global/cogs/chirps-v3.0.1993.03.cog,v3.0,2026-09-30T18:12:52.847338+00:00,ok,153.1779,True,200.0,"""67be0bcd-1c4b511""","Tue, 25 Feb 2025 18:28:29 GMT",29668625,application/octet-stream,1.0,True,[],1355.0,2640.0,-47.99999803304672,-47.949998032301664,-7.800001010298729,-7.750001009553671,-47.97499803267419,-7.7750010099262,-47.95,-7.8,0.050000000745058,0.050000000745058,"numpy.floor (padrão de rasterio.DatasetReader.index), sobre os coeficientes REAIS do transform do arquivo aberto",proximo_de_borda,proximo_de_borda,1.9676983194938373e-06,1.0102987326288114e-06,True,True,,
1993,4,cog,https://data.chc.ucsb.edu/products/CHIRPS/v3.0/monthly/global/cogs/chirps-v3.0.1993.04.cog,v3.0,2026-09-30T18:12:54.747525+00:00,ok,250.0943,True,200.0,"""67be0bd0-1c986d4""","Tue, 25 Feb 2025 18:28:32 GMT",29984468,application/octet-stream,1.0,True,[],1355.0,2640.0,-47.99999803304672,-47.949998032301664,-7.800001010298729,-7.750001009553671,-47.97499803267419,-7.7750010099262,-47.95,-7.8,0.050000000745058,0.050000000745058,"numpy.floor (padrão de rasterio.DatasetReader.index), sobre os coeficientes REAIS do transform do arquivo aberto",proximo_de_borda,proximo_de_borda,1.9676983194938373e-06,1.0102987326288114e-06,True,True,,
1993,5,cog,https://data.chc.ucsb.edu/products/CHIRPS/v3.0/monthly/global/cogs/chirps-v3.0.1993.05.cog,v3.0,2026-09-30T18:12:56.816504+00:00,ok,95.5974,True,200.0,"""67be0bd3-1d0b5d1""","Tue, 25 Feb 2025 18:28:35 GMT",30455249,application/octet-stream,1.0,True,[],1355.0,2640.0,-47.99999803304672,-47.949998032301664,-7.800001010298729,-7.750001009553671,-47.97499803267419,-7.7750010099262,-47.95,-7.8,0.050000000745058,0.050000000745058,"numpy.floor (padrão de rasterio.DatasetReader.index), sobre os coeficientes REAIS do transform do arquivo aberto",proximo_de_borda,proximo_de_borda,1.9676983194938373e-06,1.0102987326288114e-06,True,True,,
1993,6,cog,https://data.chc.ucsb.edu/products/CHIRPS/v3.0/monthly/global/cogs/chirps-v3.0.1993.06.cog,v3.0,2026-09-30T18:12:58.882176+00:00,ok,0.586,True,200.0,"""67be0bd6-1c70b16""","Tue, 25 Feb 2025 18:28:38 GMT",29821718,application/octet-stream,1.0,True,[],1355.0,2640.0,-47.99999803304672,-47.949998032301664,-7.800001010298729,-7.750001009553671,-47.97499803267419,-7.7750010099262,-47.95,-7.8,0.050000000745058,0.050000000745058,"numpy.floor (padrão de rasterio.DatasetReader.index), sobre os coeficientes REAIS do transform do arquivo aberto",proximo_de_borda,proximo_de_borda,1.9676983194938373e-06,1.0102987326288114e-06,True,True,,
1993,7,cog,https://data.chc.ucsb.edu/products/CHIRPS/v3.0/monthly/global/cogs/chirps-v3.0.1993.07.cog,v3.0,2026-09-30T18:13:01.163391+00:00,ok,1.8793,True,200.0,"""67be0bd9-1d2d304""","Tue, 25 Feb 2025 18:28:41 GMT",30593796,application/octet-stream,1.0,True,[],1355.0,2640.0,-47.99999803304672,-47.949998032301664,-7.800001010298729,-7.750001009553671,-47.97499803267419,-7.7750010099262,-47.95,-7.8,0.050000000745058,0.050000000745058,"numpy.floor (padrão de rasterio.DatasetReader.index), sobre os coeficientes REAIS do transform do arquivo aberto",proximo_de_borda,proximo_de_borda,1.9676983194938373e-06,1.0102987326288114e-06,True,True,,
1993,8,cog,https://data.chc.ucsb.edu/products/CHIRPS/v3.0/monthly/global/cogs/chirps-v3.0.1993.08.cog,v3.0,2026-09-30T18:13:04.687337+00:00,ok,40.5665,True,200.0,"""67be0bdc-1d8a26e""","Tue, 25 Feb 2025 18:28:44 GMT",30974574,application/octet-stream,1.0,True,[],1355.0,2640.0,-47.99999803304672,-47.949998032301664,-7.800001010298729,-7.750001009553671,-47.97499803267419,-7.7750010099262,-47.95,-7.8,0.050000000745058,0.050000000745058,"numpy.floor (padrão de rasterio.DatasetReader.index), sobre os coeficientes REAIS do transform do arquivo aberto",proximo_de_borda,proximo_de_borda,1.9676983194938373e-06,1.0102987326288114e-06,True,True,,
1993,9,cog,https://data.chc.ucsb.edu/products/CHIRPS/v3.0/monthly/global/cogs/chirps-v3.0.1993.09.cog,v3.0,2026-09-30T18:13:06.692891+00:00,ok,56.4376,True,200.0,"""67be0bdf-1d29610""","Tue, 25 Feb 2025 18:28:47 GMT",30578192,application/octet-stream,1.0,True,[],1355.0,2640.0,-47.99999803304672,-47.949998032301664,-7.800001010298729,-7.750001009553671,-47.97499803267419,-7.7750010099262,-47.95,-7.8,0.050000000745058,0.050000000745058,"numpy.floor (padrão de rasterio.DatasetReader.index), sobre os coeficientes REAIS do transform do arquivo aberto",proximo_de_borda,proximo_de_borda,1.9676983194938373e-06,1.0102987326288114e-06,True,True,,
1993,10,cog,https://data.chc.ucsb.edu/products/CHIRPS/v3.0/monthly/global/cogs/chirps-v3.0.1993.10.cog,v3.0,2026-09-30T18:13:10.065892+00:00,ok,126.1723,True,200.0,"""67be0be3-1cbaf1d""","Tue, 25 Feb 2025 18:28:51 GMT",30125853,application/octet-stream,1.0,True,[],1355.0,2640.0,-47.99999803304672,-47.949998032301664,-7.800001010298729,-7.750001009553671,-47.97499803267419,-7.7750010099262,-47.95,-7.8,0.050000000745058,0.050000000745058,"numpy.floor (padrão de rasterio.DatasetReader.index), sobre os coeficientes REAIS do transform do arquivo aberto",proximo_de_borda,proximo_de_borda,1.9676983194938373e-06,1.0102987326288114e-06,True,True,,
1993,11,cog,https://data.chc.ucsb.edu/products/CHIRPS/v3.0/monthly/global/cogs/chirps-v3.0.1993.11.cog,v3.0,2026-09-30T18:13:12.200572+00:00,ok,225.9903,True,200.0,"""67be0be6-1ceed0e""","Tue, 25 Feb 2025 18:28:54 GMT",30338318,application/octet-stream,1.0,True,[],1355.0,2640.0,-47.99999803304672,-47.949998032301664,-7.800001010298729,-7.750001009553671,-47.97499803267419,-7.7750010099262,-47.95,-7.8,0.050000000745058,0.050000000745058,"numpy.floor (padrão de rasterio.DatasetReader.index), sobre os coeficientes REAIS do transform do arquivo aberto",proximo_de_borda,proximo_de_borda,1.9676983194938373e-06,1.0102987326288114e-06,True,True,,
1993,12,cog,https://data.chc.ucsb.edu/products/CHIRPS/v3.0/monthly/global/cogs/chirps-v3.0.1993.12.cog,v3.0,2026-09-30T18:13:14.247854+00:00,ok,216.8044,True,200.0,"""67be0be9-1c6b78d""","Tue, 25 Feb 2025 18:28:57 GMT",29800333,application/octet-stream,1.0,True,[],1355.0,2640.0,-47.99999803304672,-47.949998032301664,-7.800001010298729,-7.750001009553671,-47.97499803267419,-7.7750010099262,-47.95,-7.8,0.050000000745058,0.050000000745058,"numpy.floor (padrão de rasterio.DatasetReader.index), sobre os coeficientes REAIS do transform do arquivo aberto",proximo_de_borda,proximo_de_borda,1.9676983194938373e-06,1.0102987326288114e-06,True,True,,
1994,1,cog,https://data.chc.ucsb.edu/products/CHIRPS/v3.0/monthly/global/cogs/chirps-v3.0.1994.01.cog,v3.0,2026-09-30T18:13:16.394662+00:00,ok,330.218,True,200.0,"""67be0bec-1b78a7e""","Tue, 25 Feb 2025 18:29:00 GMT",28805758,application/octet-stream,1.0,True,[],1355.0,2640.0,-47.99999803304672,-47.949998032301664,-7.800001010298729,-7.750001009553671,-47.97499803267419,-7.7750010099262,-47.95,-7.8,0.050000000745058,0.050000000745058,"numpy.floor (padrão de rasterio.DatasetReader.index), sobre os coeficientes REAIS do transform do arquivo aberto",proximo_de_borda,proximo_de_borda,1.9676983194938373e-06,1.0102987326288114e-06,True,True,,
1994,2,cog,https://data.chc.ucsb.edu/products/CHIRPS/v3.0/monthly/global/cogs/chirps-v3.0.1994.02.cog,v3.0,2026-09-30T18:13:19.051346+00:00,ok,306.4669,True,200.0,"""67be0bef-1ac00ec""","Tue, 25 Feb 2025 18:29:03 GMT",28049644,application/octet-stream,1.0,True,[],1355.0,2640.0,-47.99999803304672,-47.949998032301664,-7.800001010298729,-7.750001009553671,-47.97499803267419,-7.7750010099262,-47.95,-7.8,0.050000000745058,0.050000000745058,"numpy.floor (padrão de rasterio.DatasetReader.index), sobre os coeficientes REAIS do transform do arquivo aberto",proximo_de_borda,proximo_de_borda,1.9676983194938373e-06,1.0102987326288114e-06,True,True,,
1994,3,cog,https://data.chc.ucsb.edu/products/CHIRPS/v3.0/monthly/global/cogs/chirps-v3.0.1994.03.cog,v3.0,2026-09-30T18:13:20.980849+00:00,ok,311.1998,True,200.0,"""67be0bf2-1b700bb""","Tue, 25 Feb 2025 18:29:06 GMT",28770491,application/octet-stream,2.0,True,[],1355.0,2640.0,-47.99999803304672,-47.949998032301664,-7.800001010298729,-7.750001009553671,-47.97499803267419,-7.7750010099262,-47.95,-7.8,0.050000000745058,0.050000000745058,"numpy.floor (padrão de rasterio.DatasetReader.index), sobre os coeficientes REAIS do transform do arquivo aberto",proximo_de_borda,proximo_de_borda,1.9676983194938373e-06,1.0102987326288114e-06,True,True,,
1994,4,cog,https://data.chc.ucsb.edu/products/CHIRPS/v3.0/monthly/global/cogs/chirps-v3.0.1994.04.cog,v3.0,2026-09-30T18:13:36.566028+00:00,ok,176.4476,True,200.0,"""67be0bf5-1cb3829""","Tue, 25 Feb 2025 18:29:09 GMT",30095401,application/octet-stream,1.0,True,[],1355.0,2640.0,-47.99999803304672,-47.949998032301664,-7.800001010298729,-7.750001009553671,-47.97499803267419,-7.7750010099262,-47.95,-7.8,0.050000000745058,0.050000000745058,"numpy.floor (padrão de rasterio.DatasetReader.index), sobre os coeficientes REAIS do transform do arquivo aberto",proximo_de_borda,proximo_de_borda,1.9676983194938373e-06,1.0102987326288114e-06,True,True,,
1994,5,cog,https://data.chc.ucsb.edu/products/CHIRPS/v3.0/monthly/global/cogs/chirps-v3.0.1994.05.cog,v3.0,2026-09-30T18:13:39.445119+00:00,ok,50.2617,True,200.0,"""67be0bf8-1c28011""","Tue, 25 Feb 2025 18:29:12 GMT",29523985,application/octet-stream,1.0,True,[],1355.0,2640.0,-47.99999803304672,-47.949998032301664,-7.800001010298729,-7.750001009553671,-47.97499803267419,-7.7750010099262,-47.95,-7.8,0.050000000745058,0.050000000745058,"numpy.floor (padrão de rasterio.DatasetReader.index), sobre os coeficientes REAIS do transform do arquivo aberto",proximo_de_borda,proximo_de_borda,1.9676983194938373e-06,1.0102987326288114e-06,True,True,,
1994,6,cog,https://data.chc.ucsb.edu/products/CHIRPS/v3.0/monthly/global/cogs/chirps-v3.0.1994.06.cog,v3.0,2026-09-30T18:13:42.079267+00:00,ok,40.3001,True,200.0,"""67be0bfb-1c34025""","Tue, 25 Feb 2025 18:29:15 GMT",29573157,application/octet-stream,1.0,True,[],1355.0,2640.0,-47.99999803304672,-47.949998032301664,-7.800001010298729,-7.750001009553671,-47.97499803267419,-7.7750010099262,-47.95,-7.8,0.050000000745058,0.050000000745058,"numpy.floor (padrão de rasterio.DatasetReader.index), sobre os coeficientes REAIS do transform do arquivo aberto",proximo_de_borda,proximo_de_borda,1.9676983194938373e-06,1.0102987326288114e-06,True,True,,
1994,7,cog,https://data.chc.ucsb.edu/products/CHIRPS/v3.0/monthly/global/cogs/chirps-v3.0.1994.07.cog,v3.0,2026-09-30T18:13:44.674047+00:00,ok,1.843,True,200.0,"""67be0bfe-1d433fe""","Tue, 25 Feb 2025 18:29:18 GMT",30684158,application/octet-stream,1.0,True,[],1355.0,2640.0,-47.99999803304672,-47.949998032301664,-7.800001010298729,-7.750001009553671,-47.97499803267419,-7.7750010099262,-47.95,-7.8,0.050000000745058,0.050000000745058,"numpy.floor (padrão de rasterio.DatasetReader.index), sobre os coeficientes REAIS do transform do arquivo aberto",proximo_de_borda,proximo_de_borda,1.9676983194938373e-06,1.0102987326288114e-06,True,True,,
1994,8,cog,https://data.chc.ucsb.edu/products/CHIRPS/v3.0/monthly/global/cogs/chirps-v3.0.1994.08.cog,v3.0,2026-09-30T18:13:47.059732+00:00,ok,6.3765,True,200.0,"""67be0c01-1d11065""","Tue, 25 Feb 2025 18:29:21 GMT",30478437,application/octet-stream,1.0,True,[],1355.0,2640.0,-47.99999803304672,-47.949998032301664,-7.800001010298729,-7.750001009553671,-47.97499803267419,-7.7750010099262,-47.95,-7.8,0.050000000745058,0.050000000745058,"numpy.floor (padrão de rasterio.DatasetReader.index), sobre os coeficientes REAIS do transform do arquivo aberto",proximo_de_borda,proximo_de_borda,1.9676983194938373e-06,1.0102987326288114e-06,True,True,,
1994,9,cog,https://data.chc.ucsb.edu/products/CHIRPS/v3.0/monthly/global/cogs/chirps-v3.0.1994.09.cog,v3.0,2026-09-30T18:13:49.011800+00:00,ok,57.4679,True,200.0,"""67be0c04-1d8fdad""","Tue, 25 Feb 2025 18:29:24 GMT",30997933,application/octet-stream,1.0,True,[],1355.0,2640.0,-47.99999803304672,-47.949998032301664,-7.800001010298729,-7.750001009553671,-47.97499803267419,-7.7750010099262,-47.95,-7.8,0.050000000745058,0.050000000745058,"numpy.floor (padrão de rasterio.DatasetReader.index), sobre os coeficientes REAIS do transform do arquivo aberto",proximo_de_borda,proximo_de_borda,1.9676983194938373e-06,1.0102987326288114e-06,True,True,,
1994,10,cog,https://data.chc.ucsb.edu/products/CHIRPS/v3.0/monthly/global/cogs/chirps-v3.0.1994.10.cog,v3.0,2026-09-30T18:13:50.947755+00:00,ok,114.0829,True,200.0,"""67be0c07-1ceaee6""","Tue, 25 Feb 2025 18:29:27 GMT",30322406,application/octet-stream,1.0,True,[],1355.0,2640.0,-47.99999803304672,-47.949998032301664,-7.800001010298729,-7.750001009553671,-47.97499803267419,-7.7750010099262,-47.95,-7.8,0.050000000745058,0.050000000745058,"numpy.floor (padrão de rasterio.DatasetReader.index), sobre os coeficientes REAIS do transform do arquivo aberto",proximo_de_borda,proximo_de_borda,1.9676983194938373e-06,1.0102987326288114e-06,True,True,,
1994,11,cog,https://data.chc.ucsb.edu/products/CHIRPS/v3.0/monthly/global/cogs/chirps-v3.0.1994.11.cog,v3.0,2026-09-30T18:13:53.306223+00:00,ok,151.223,True,200.0,"""67be0c0a-1c3f578""","Tue, 25 Feb 2025 18:29:30 GMT",29619576,application/octet-stream,1.0,True,[],1355.0,2640.0,-47.99999803304672,-47.949998032301664,-7.800001010298729,-7.750001009553671,-47.97499803267419,-7.7750010099262,-47.95,-7.8,0.050000000745058,0.050000000745058,"numpy.floor (padrão de rasterio.DatasetReader.index), sobre os coeficientes REAIS do transform do arquivo aberto",proximo_de_borda,proximo_de_borda,1.9676983194938373e-06,1.0102987326288114e-06,True,True,,
1994,12,cog,https://data.chc.ucsb.edu/products/CHIRPS/v3.0/monthly/global/cogs/chirps-v3.0.1994.12.cog,v3.0,2026-09-30T18:13:55.338493+00:00,ok,200.9509,True,200.0,"""67be0c0d-1c6280e""","Tue, 25 Feb 2025 18:29:33 GMT",29763598,application/octet-stream,2.0,True,[],1355.0,2640.0,-47.99999803304672,-47.949998032301664,-7.800001010298729,-7.750001009553671,-47.97499803267419,-7.7750010099262,-47.95,-7.8,0.050000000745058,0.050000000745058,"numpy.floor (padrão de rasterio.DatasetReader.index), sobre os coeficientes REAIS do transform do arquivo aberto",proximo_de_borda,proximo_de_borda,1.9676983194938373e-06,1.0102987326288114e-06,True,True,,
1995,1,cog,https://data.chc.ucsb.edu/products/CHIRPS/v3.0/monthly/global/cogs/chirps-v3.0.1995.01.cog,v3.0,2026-09-30T18:14:09.729484+00:00,ok,156.6185,True,200.0,"""67be0c10-1ae3d18""","Tue, 25 Feb 2025 18:29:36 GMT",28196120,application/octet-stream,1.0,True,[],1355.0,2640.0,-47.99999803304672,-47.949998032301664,-7.800001010298729,-7.750001009553671,-47.97499803267419,-7.7750010099262,-47.95,-7.8,0.050000000745058,0.050000000745058,"numpy.floor (padrão de rasterio.DatasetReader.index), sobre os coeficientes REAIS do transform do arquivo aberto",proximo_de_borda,proximo_de_borda,1.9676983194938373e-06,1.0102987326288114e-06,True,True,,
1995,2,cog,https://data.chc.ucsb.edu/products/CHIRPS/v3.0/monthly/global/cogs/chirps-v3.0.1995.02.cog,v3.0,2026-09-30T18:14:11.503287+00:00,ok,232.7107,True,200.0,"""67be0c13-1a941c8""","Tue, 25 Feb 2025 18:29:39 GMT",27869640,application/octet-stream,1.0,True,[],1355.0,2640.0,-47.99999803304672,-47.949998032301664,-7.800001010298729,-7.750001009553671,-47.97499803267419,-7.7750010099262,-47.95,-7.8,0.050000000745058,0.050000000745058,"numpy.floor (padrão de rasterio.DatasetReader.index), sobre os coeficientes REAIS do transform do arquivo aberto",proximo_de_borda,proximo_de_borda,1.9676983194938373e-06,1.0102987326288114e-06,True,True,,
1995,3,cog,https://data.chc.ucsb.edu/products/CHIRPS/v3.0/monthly/global/cogs/chirps-v3.0.1995.03.cog,v3.0,2026-09-30T18:14:13.854971+00:00,ok,218.3206,True,200.0,"""67be0c16-1c68058""","Tue, 25 Feb 2025 18:29:42 GMT",29786200,application/octet-stream,1.0,True,[],1355.0,2640.0,-47.99999803304672,-47.949998032301664,-7.800001010298729,-7.750001009553671,-47.97499803267419,-7.7750010099262,-47.95,-7.8,0.050000000745058,0.050000000745058,"numpy.floor (padrão de rasterio.DatasetReader.index), sobre os coeficientes REAIS do transform do arquivo aberto",proximo_de_borda,proximo_de_borda,1.9676983194938373e-06,1.0102987326288114e-06,True,True,,
1995,4,cog,https://data.chc.ucsb.edu/products/CHIRPS/v3.0/monthly/global/cogs/chirps-v3.0.1995.04.cog,v3.0,2026-09-30T18:14:16.611096+00:00,ok,255.6784,True,200.0,"""67be0c19-1cbf9df""","Tue, 25 Feb 2025 18:29:45 GMT",30144991,application/octet-stream,1.0,True,[],1355.0,2640.0,-47.99999803304672,-47.949998032301664,-7.800001010298729,-7.750001009553671,-47.97499803267419,-7.7750010099262,-47.95,-7.8,0.050000000745058,0.050000000745058,"numpy.floor (padrão de rasterio.DatasetReader.index), sobre os coeficientes REAIS do transform do arquivo aberto",proximo_de_borda,proximo_de_borda,1.9676983194938373e-06,1.0102987326288114e-06,True,True,,
1995,5,cog,https://data.chc.ucsb.edu/products/CHIRPS/v3.0/monthly/global/cogs/chirps-v3.0.1995.05.cog,v3.0,2026-09-30T18:14:18.596971+00:00,ok,188.1476,True,200.0,"""67be0c1c-1c6c61f""","Tue, 25 Feb 2025 18:29:48 GMT",29804063,application/octet-stream,1.0,True,[],1355.0,2640.0,-47.99999803304672,-47.949998032301664,-7.800001010298729,-7.750001009553671,-47.97499803267419,-7.7750010099262,-47.95,-7.8,0.050000000745058,0.050000000745058,"numpy.floor (padrão de rasterio.DatasetReader.index), sobre os coeficientes REAIS do transform do arquivo aberto",proximo_de_borda,proximo_de_borda,1.9676983194938373e-06,1.0102987326288114e-06,True,True,,
1995,6,cog,https://data.chc.ucsb.edu/products/CHIRPS/v3.0/monthly/global/cogs/chirps-v3.0.1995.06.cog,v3.0,2026-09-30T18:14:21.518087+00:00,ok,0.5023,True,200.0,"""67be0c1f-1c78333""","Tue, 25 Feb 2025 18:29:51 GMT",29852467,application/octet-stream,1.0,True,[],1355.0,2640.0,-47.99999803304672,-47.949998032301664,-7.800001010298729,-7.750001009553671,-47.97499803267419,-7.7750010099262,-47.95,-7.8,0.050000000745058,0.050000000745058,"numpy.floor (padrão de rasterio.DatasetReader.index), sobre os coeficientes REAIS do transform do arquivo aberto",proximo_de_borda,proximo_de_borda,1.9676983194938373e-06,1.0102987326288114e-06,True,True,,
1995,7,cog,https://data.chc.ucsb.edu/products/CHIRPS/v3.0/monthly/global/cogs/chirps-v3.0.1995.07.cog,v3.0,2026-09-30T18:14:23.597529+00:00,ok,1.9521,True,200.0,"""67be0c22-1d40a59""","Tue, 25 Feb 2025 18:29:54 GMT",30673497,application/octet-stream,1.0,True,[],1355.0,2640.0,-47.99999803304672,-47.949998032301664,-7.800001010298729,-7.750001009553671,-47.97499803267419,-7.7750010099262,-47.95,-7.8,0.050000000745058,0.050000000745058,"numpy.floor (padrão de rasterio.DatasetReader.index), sobre os coeficientes REAIS do transform do arquivo aberto",proximo_de_borda,proximo_de_borda,1.9676983194938373e-06,1.0102987326288114e-06,True,True,,
1995,8,cog,https://data.chc.ucsb.edu/products/CHIRPS/v3.0/monthly/global/cogs/chirps-v3.0.1995.08.cog,v3.0,2026-09-30T18:14:27.109652+00:00,ok,1.2264,True,200.0,"""67be0c25-1d39e47""","Tue, 25 Feb 2025 18:29:57 GMT",30645831,application/octet-stream,1.0,True,[],1355.0,2640.0,-47.99999803304672,-47.949998032301664,-7.800001010298729,-7.750001009553671,-47.97499803267419,-7.7750010099262,-47.95,-7.8,0.050000000745058,0.050000000745058,"numpy.floor (padrão de rasterio.DatasetReader.index), sobre os coeficientes REAIS do transform do arquivo aberto",proximo_de_borda,proximo_de_borda,1.9676983194938373e-06,1.0102987326288114e-06,True,True,,
1995,9,cog,https://data.chc.ucsb.edu/products/CHIRPS/v3.0/monthly/global/cogs/chirps-v3.0.1995.09.cog,v3.0,2026-09-30T18:14:29.118672+00:00,ok,24.8694,True,200.0,"""67be0c29-1d6dcce""","Tue, 25 Feb 2025 18:30:01 GMT",30858446,application/octet-stream,1.0,True,[],1355.0,2640.0,-47.99999803304672,-47.949998032301664,-7.800001010298729,-7.750001009553671,-47.97499803267419,-7.7750010099262,-47.95,-7.8,0.050000000745058,0.050000000745058,"numpy.floor (padrão de rasterio.DatasetReader.index), sobre os coeficientes REAIS do transform do arquivo aberto",proximo_de_borda,proximo_de_borda,1.9676983194938373e-06,1.0102987326288114e-06,True,True,,
1995,10,cog,https://data.chc.ucsb.edu/products/CHIRPS/v3.0/monthly/global/cogs/chirps-v3.0.1995.10.cog,v3.0,2026-09-30T18:14:31.209044+00:00,ok,82.7379,True,200.0,"""67be0c2b-1c70ebb""","Tue, 25 Feb 2025 18:30:03 GMT",29822651,application/octet-stream,1.0,True,[],1355.0,2640.0,-47.99999803304672,-47.949998032301664,-7.800001010298729,-7.750001009553671,-47.97499803267419,-7.7750010099262,-47.95,-7.8,0.050000000745058,0.050000000745058,"numpy.floor (padrão de rasterio.DatasetReader.index), sobre os coeficientes REAIS do transform do arquivo aberto",proximo_de_borda,proximo_de_borda,1.9676983194938373e-06,1.0102987326288114e-06,True,True,,
1995,11,cog,https://data.chc.ucsb.edu/products/CHIRPS/v3.0/monthly/global/cogs/chirps-v3.0.1995.11.cog,v3.0,2026-09-30T18:14:33.223703+00:00,ok,247.2129,True,200.0,"""67be0c2e-1bc635e""","Tue, 25 Feb 2025 18:30:06 GMT",29123422,application/octet-stream,1.0,True,[],1355.0,2640.0,-47.99999803304672,-47.949998032301664,-7.800001010298729,-7.750001009553671,-47.97499803267419,-7.7750010099262,-47.95,-7.8,0.050000000745058,0.050000000745058,"numpy.floor (padrão de rasterio.DatasetReader.index), sobre os coeficientes REAIS do transform do arquivo aberto",proximo_de_borda,proximo_de_borda,1.9676983194938373e-06,1.0102987326288114e-06,True,True,,
1995,12,cog,https://data.chc.ucsb.edu/products/CHIRPS/v3.0/monthly/global/cogs/chirps-v3.0.1995.12.cog,v3.0,2026-09-30T18:14:35.100947+00:00,ok,191.1246,True,200.0,"""67be0c31-1ca33cd""","Tue, 25 Feb 2025 18:30:09 GMT",30028749,application/octet-stream,1.0,True,[],1355.0,2640.0,-47.99999803304672,-47.949998032301664,-7.800001010298729,-7.750001009553671,-47.97499803267419,-7.7750010099262,-47.95,-7.8,0.050000000745058,0.050000000745058,"numpy.floor (padrão de rasterio.DatasetReader.index), sobre os coeficientes REAIS do transform do arquivo aberto",proximo_de_borda,proximo_de_borda,1.9676983194938373e-06,1.0102987326288114e-06,True,True,,
1996,1,cog,https://data.chc.ucsb.edu/products/CHIRPS/v3.0/monthly/global/cogs/chirps-v3.0.1996.01.cog,v3.0,2026-09-30T18:14:37.338820+00:00,ok,224.1528,True,200.0,"""67be0c34-1b6c321""","Tue, 25 Feb 2025 18:30:12 GMT",28754721,application/octet-stream,1.0,True,[],1355.0,2640.0,-47.99999803304672,-47.949998032301664,-7.800001010298729,-7.750001009553671,-47.97499803267419,-7.7750010099262,-47.95,-7.8,0.050000000745058,0.050000000745058,"numpy.floor (padrão de rasterio.DatasetReader.index), sobre os coeficientes REAIS do transform do arquivo aberto",proximo_de_borda,proximo_de_borda,1.9676983194938373e-06,1.0102987326288114e-06,True,True,,
1996,2,cog,https://data.chc.ucsb.edu/products/CHIRPS/v3.0/monthly/global/cogs/chirps-v3.0.1996.02.cog,v3.0,2026-09-30T18:14:39.587057+00:00,ok,225.4247,True,200.0,"""67be0c37-1b9eeac""","Tue, 25 Feb 2025 18:30:15 GMT",28962476,application/octet-stream,1.0,True,[],1355.0,2640.0,-47.99999803304672,-47.949998032301664,-7.800001010298729,-7.750001009553671,-47.97499803267419,-7.7750010099262,-47.95,-7.8,0.050000000745058,0.050000000745058,"numpy.floor (padrão de rasterio.DatasetReader.index), sobre os coeficientes REAIS do transform do arquivo aberto",proximo_de_borda,proximo_de_borda,1.9676983194938373e-06,1.0102987326288114e-06,True,True,,
1996,3,cog,https://data.chc.ucsb.edu/products/CHIRPS/v3.0/monthly/global/cogs/chirps-v3.0.1996.03.cog,v3.0,2026-09-30T18:14:41.939022+00:00,ok,302.7974,True,200.0,"""67be0c3b-1be4628""","Tue, 25 Feb 2025 18:30:19 GMT",29247016,application/octet-stream,2.0,True,[],1355.0,2640.0,-47.99999803304672,-47.949998032301664,-7.800001010298729,-7.750001009553671,-47.97499803267419,-7.7750010099262,-47.95,-7.8,0.050000000745058,0.050000000745058,"numpy.floor (padrão de rasterio.DatasetReader.index), sobre os coeficientes REAIS do transform do arquivo aberto",proximo_de_borda,proximo_de_borda,1.9676983194938373e-06,1.0102987326288114e-06,True,True,,
1996,4,cog,https://data.chc.ucsb.edu/products/CHIRPS/v3.0/monthly/global/cogs/chirps-v3.0.1996.04.cog,v3.0,2026-09-30T18:14:57.113591+00:00,ok,321.9434,True,200.0,"""67be0c3d-1bd6edd""","Tue, 25 Feb 2025 18:30:21 GMT",29191901,application/octet-stream,2.0,True,[],1355.0,2640.0,-47.99999803304672,-47.949998032301664,-7.800001010298729,-7.750001009553671,-47.97499803267419,-7.7750010099262,-47.95,-7.8,0.050000000745058,0.050000000745058,"numpy.floor (padrão de rasterio.DatasetReader.index), sobre os coeficientes REAIS do transform do arquivo aberto",proximo_de_borda,proximo_de_borda,1.9676983194938373e-06,1.0102987326288114e-06,True,True,,
1996,5,cog,https://data.chc.ucsb.edu/products/CHIRPS/v3.0/monthly/global/cogs/chirps-v3.0.1996.05.cog,v3.0,2026-09-30T18:15:12.284122+00:00,ok,98.9982,True,200.0,"""67be0c41-1ca5247""","Tue, 25 Feb 2025 18:30:25 GMT",30036551,application/octet-stream,1.0,True,[],1355.0,2640.0,-47.99999803304672,-47.949998032301664,-7.800001010298729,-7.750001009553671,-47.97499803267419,-7.7750010099262,-47.95,-7.8,0.050000000745058,0.050000000745058,"numpy.floor (padrão de rasterio.DatasetReader.index), sobre os coeficientes REAIS do transform do arquivo aberto",proximo_de_borda,proximo_de_borda,1.9676983194938373e-06,1.0102987326288114e-06,True,True,,
1996,6,cog,https://data.chc.ucsb.edu/products/CHIRPS/v3.0/monthly/global/cogs/chirps-v3.0.1996.06.cog,v3.0,2026-09-30T18:15:14.216170+00:00,ok,0.4652,True,200.0,"""67be0c44-1c87201""","Tue, 25 Feb 2025 18:30:28 GMT",29913601,application/octet-stream,1.0,True,[],1355.0,2640.0,-47.99999803304672,-47.949998032301664,-7.800001010298729,-7.750001009553671,-47.97499803267419,-7.7750010099262,-47.95,-7.8,0.050000000745058,0.050000000745058,"numpy.floor (padrão de rasterio.DatasetReader.index), sobre os coeficientes REAIS do transform do arquivo aberto",proximo_de_borda,proximo_de_borda,1.9676983194938373e-06,1.0102987326288114e-06,True,True,,
1996,7,cog,https://data.chc.ucsb.edu/products/CHIRPS/v3.0/monthly/global/cogs/chirps-v3.0.1996.07.cog,v3.0,2026-09-30T18:15:16.113037+00:00,ok,1.9521,True,200.0,"""67be0c47-1d03de8""","Tue, 25 Feb 2025 18:30:31 GMT",30424552,application/octet-stream,1.0,True,[],1355.0,2640.0,-47.99999803304672,-47.949998032301664,-7.800001010298729,-7.750001009553671,-47.97499803267419,-7.7750010099262,-47.95,-7.8,0.050000000745058,0.050000000745058,"numpy.floor (padrão de rasterio.DatasetReader.index), sobre os coeficientes REAIS do transform do arquivo aberto",proximo_de_borda,proximo_de_borda,1.9676983194938373e-06,1.0102987326288114e-06,True,True,,
1996,8,cog,https://data.chc.ucsb.edu/products/CHIRPS/v3.0/monthly/global/cogs/chirps-v3.0.1996.08.cog,v3.0,2026-09-30T18:15:18.079120+00:00,ok,1.4883,True,200.0,"""67be0c4a-1d07560""","Tue, 25 Feb 2025 18:30:34 GMT",30438752,application/octet-stream,1.0,True,[],1355.0,2640.0,-47.99999803304672,-47.949998032301664,-7.800001010298729,-7.750001009553671,-47.97499803267419,-7.7750010099262,-47.95,-7.8,0.050000000745058,0.050000000745058,"numpy.floor (padrão de rasterio.DatasetReader.index), sobre os coeficientes REAIS do transform do arquivo aberto",proximo_de_borda,proximo_de_borda,1.9676983194938373e-06,1.0102987326288114e-06,True,True,,
1996,9,cog,https://data.chc.ucsb.edu/products/CHIRPS/v3.0/monthly/global/cogs/chirps-v3.0.1996.09.cog,v3.0,2026-09-30T18:15:20.020538+00:00,ok,9.7369,True,200.0,"""67be0c4d-1d62f4b""","Tue, 25 Feb 2025 18:30:37 GMT",30814027,application/octet-stream,1.0,True,[],1355.0,2640.0,-47.99999803304672,-47.949998032301664,-7.800001010298729,-7.750001009553671,-47.97499803267419,-7.7750010099262,-47.95,-7.8,0.050000000745058,0.050000000745058,"numpy.floor (padrão de rasterio.DatasetReader.index), sobre os coeficientes REAIS do transform do arquivo aberto",proximo_de_borda,proximo_de_borda,1.9676983194938373e-06,1.0102987326288114e-06,True,True,,
1996,10,cog,https://data.chc.ucsb.edu/products/CHIRPS/v3.0/monthly/global/cogs/chirps-v3.0.1996.10.cog,v3.0,2026-09-30T18:15:21.924215+00:00,ok,145.0933,True,200.0,"""67be0c50-1ca7e0f""","Tue, 25 Feb 2025 18:30:40 GMT",30047759,application/octet-stream,1.0,True,[],1355.0,2640.0,-47.99999803304672,-47.949998032301664,-7.800001010298729,-7.750001009553671,-47.97499803267419,-7.7750010099262,-47.95,-7.8,0.050000000745058,0.050000000745058,"numpy.floor (padrão de rasterio.DatasetReader.index), sobre os coeficientes REAIS do transform do arquivo aberto",proximo_de_borda,proximo_de_borda,1.9676983194938373e-06,1.0102987326288114e-06,True,True,,
1996,11,cog,https://data.chc.ucsb.edu/products/CHIRPS/v3.0/monthly/global/cogs/chirps-v3.0.1996.11.cog,v3.0,2026-09-30T18:15:23.880441+00:00,ok,222.7092,True,200.0,"""67be0c54-1b9903c""","Tue, 25 Feb 2025 18:30:44 GMT",28938300,application/octet-stream,1.0,True,[],1355.0,2640.0,-47.99999803304672,-47.949998032301664,-7.800001010298729,-7.750001009553671,-47.97499803267419,-7.7750010099262,-47.95,-7.8,0.050000000745058,0.050000000745058,"numpy.floor (padrão de rasterio.DatasetReader.index), sobre os coeficientes REAIS do transform do arquivo aberto",proximo_de_borda,proximo_de_borda,1.9676983194938373e-06,1.0102987326288114e-06,True,True,,
1996,12,cog,https://data.chc.ucsb.edu/products/CHIRPS/v3.0/monthly/global/cogs/chirps-v3.0.1996.12.cog,v3.0,2026-09-30T18:15:25.847711+00:00,ok,130.1745,True,200.0,"""67be0c57-1c14df7""","Tue, 25 Feb 2025 18:30:47 GMT",29445623,application/octet-stream,1.0,True,[],1355.0,2640.0,-47.99999803304672,-47.949998032301664,-7.800001010298729,-7.750001009553671,-47.97499803267419,-7.7750010099262,-47.95,-7.8,0.050000000745058,0.050000000745058,"numpy.floor (padrão de rasterio.DatasetReader.index), sobre os coeficientes REAIS do transform do arquivo aberto",proximo_de_borda,proximo_de_borda,1.9676983194938373e-06,1.0102987326288114e-06,True,True,,
1997,1,cog,https://data.chc.ucsb.edu/products/CHIRPS/v3.0/monthly/global/cogs/chirps-v3.0.1997.01.cog,v3.0,2026-09-30T18:15:26.764827+00:00,ok,403.2083,True,200.0,"""67be0c5a-1bf5032""","Tue, 25 Feb 2025 18:30:50 GMT",29315122,application/octet-stream,2.0,True,[],1355.0,2640.0,-47.99999803304672,-47.949998032301664,-7.800001010298729,-7.750001009553671,-47.97499803267419,-7.7750010099262,-47.95,-7.8,0.050000000745058,0.050000000745058,"numpy.floor (padrão de rasterio.DatasetReader.index), sobre os coeficientes REAIS do transform do arquivo aberto",proximo_de_borda,proximo_de_borda,1.9676983194938373e-06,1.0102987326288114e-06,True,True,,
1997,2,cog,https://data.chc.ucsb.edu/products/CHIRPS/v3.0/monthly/global/cogs/chirps-v3.0.1997.02.cog,v3.0,2026-09-30T18:15:43.163202+00:00,ok,180.4594,True,200.0,"""67be0c5d-19ccf11""","Tue, 25 Feb 2025 18:30:53 GMT",27053841,application/octet-stream,1.0,True,[],1355.0,2640.0,-47.99999803304672,-47.949998032301664,-7.800001010298729,-7.750001009553671,-47.97499803267419,-7.7750010099262,-47.95,-7.8,0.050000000745058,0.050000000745058,"numpy.floor (padrão de rasterio.DatasetReader.index), sobre os coeficientes REAIS do transform do arquivo aberto",proximo_de_borda,proximo_de_borda,1.9676983194938373e-06,1.0102987326288114e-06,True,True,,
1997,3,cog,https://data.chc.ucsb.edu/products/CHIRPS/v3.0/monthly/global/cogs/chirps-v3.0.1997.03.cog,v3.0,2026-09-30T18:15:45.989327+00:00,ok,452.1152,True,200.0,"""67be0c61-1ba4686""","Tue, 25 Feb 2025 18:30:57 GMT",28984966,application/octet-stream,1.0,True,[],1355.0,2640.0,-47.99999803304672,-47.949998032301664,-7.800001010298729,-7.750001009553671,-47.97499803267419,-7.7750010099262,-47.95,-7.8,0.050000000745058,0.050000000745058,"numpy.floor (padrão de rasterio.DatasetReader.index), sobre os coeficientes REAIS do transform do arquivo aberto",proximo_de_borda,proximo_de_borda,1.9676983194938373e-06,1.0102987326288114e-06,True,True,,
1997,4,cog,https://data.chc.ucsb.edu/products/CHIRPS/v3.0/monthly/global/cogs/chirps-v3.0.1997.04.cog,v3.0,2026-09-30T18:15:48.155434+00:00,ok,290.1342,True,200.0,"""67be0c64-1b8a3c4""","Tue, 25 Feb 2025 18:31:00 GMT",28877764,application/octet-stream,1.0,True,[],1355.0,2640.0,-47.99999803304672,-47.949998032301664,-7.800001010298729,-7.750001009553671,-47.97499803267419,-7.7750010099262,-47.95,-7.8,0.050000000745058,0.050000000745058,"numpy.floor (padrão de rasterio.DatasetReader.index), sobre os coeficientes REAIS do transform do arquivo aberto",proximo_de_borda,proximo_de_borda,1.9676983194938373e-06,1.0102987326288114e-06,True,True,,
1997,5,cog,https://data.chc.ucsb.edu/products/CHIRPS/v3.0/monthly/global/cogs/chirps-v3.0.1997.05.cog,v3.0,2026-09-30T18:15:50.451322+00:00,ok,68.9381,True,200.0,"""67be0c67-1cdf854""","Tue, 25 Feb 2025 18:31:03 GMT",30275668,application/octet-stream,1.0,True,[],1355.0,2640.0,-47.99999803304672,-47.949998032301664,-7.800001010298729,-7.750001009553671,-47.97499803267419,-7.7750010099262,-47.95,-7.8,0.050000000745058,0.050000000745058,"numpy.floor (padrão de rasterio.DatasetReader.index), sobre os coeficientes REAIS do transform do arquivo aberto",proximo_de_borda,proximo_de_borda,1.9676983194938373e-06,1.0102987326288114e-06,True,True,,
1997,6,cog,https://data.chc.ucsb.edu/products/CHIRPS/v3.0/monthly/global/cogs/chirps-v3.0.1997.06.cog,v3.0,2026-09-30T18:15:52.392737+00:00,ok,0.6576,True,200.0,"""67be0c6a-1d3c25e""","Tue, 25 Feb 2025 18:31:06 GMT",30655070,application/octet-stream,1.0,True,[],1355.0,2640.0,-47.99999803304672,-47.949998032301664,-7.800001010298729,-7.750001009553671,-47.97499803267419,-7.7750010099262,-47.95,-7.8,0.050000000745058,0.050000000745058,"numpy.floor (padrão de rasterio.DatasetReader.index), sobre os coeficientes REAIS do transform do arquivo aberto",proximo_de_borda,proximo_de_borda,1.9676983194938373e-06,1.0102987326288114e-06,True,True,,
1997,7,cog,https://data.chc.ucsb.edu/products/CHIRPS/v3.0/monthly/global/cogs/chirps-v3.0.1997.07.cog,v3.0,2026-09-30T18:15:54.886756+00:00,ok,1.9683,True,200.0,"""67be0c6e-1d271f7""","Tue, 25 Feb 2025 18:31:10 GMT",30568951,application/octet-stream,2.0,True,[],1355.0,2640.0,-47.99999803304672,-47.949998032301664,-7.800001010298729,-7.750001009553671,-47.97499803267419,-7.7750010099262,-47.95,-7.8,0.050000000745058,0.050000000745058,"numpy.floor (padrão de rasterio.DatasetReader.index), sobre os coeficientes REAIS do transform do arquivo aberto",proximo_de_borda,proximo_de_borda,1.9676983194938373e-06,1.0102987326288114e-06,True,True,,
1997,8,cog,https://data.chc.ucsb.edu/products/CHIRPS/v3.0/monthly/global/cogs/chirps-v3.0.1997.08.cog,v3.0,2026-09-30T18:16:10.759845+00:00,ok,1.2265,True,200.0,"""67be0c71-1dbf58c""","Tue, 25 Feb 2025 18:31:13 GMT",31192460,application/octet-stream,1.0,True,[],1355.0,2640.0,-47.99999803304672,-47.949998032301664,-7.800001010298729,-7.750001009553671,-47.97499803267419,-7.7750010099262,-47.95,-7.8,0.050000000745058,0.050000000745058,"numpy.floor (padrão de rasterio.DatasetReader.index), sobre os coeficientes REAIS do transform do arquivo aberto",proximo_de_borda,proximo_de_borda,1.9676983194938373e-06,1.0102987326288114e-06,True,True,,
1997,9,cog,https://data.chc.ucsb.edu/products/CHIRPS/v3.0/monthly/global/cogs/chirps-v3.0.1997.09.cog,v3.0,2026-09-30T18:16:15.182831+00:00,ok,47.0877,True,200.0,"""67be0c74-1d7ef48""","Tue, 25 Feb 2025 18:31:16 GMT",30928712,application/octet-stream,1.0,True,[],1355.0,2640.0,-47.99999803304672,-47.949998032301664,-7.800001010298729,-7.750001009553671,-47.97499803267419,-7.7750010099262,-47.95,-7.8,0.050000000745058,0.050000000745058,"numpy.floor (padrão de rasterio.DatasetReader.index), sobre os coeficientes REAIS do transform do arquivo aberto",proximo_de_borda,proximo_de_borda,1.9676983194938373e-06,1.0102987326288114e-06,True,True,,
1997,10,cog,https://data.chc.ucsb.edu/products/CHIRPS/v3.0/monthly/global/cogs/chirps-v3.0.1997.10.cog,v3.0,2026-09-30T18:16:17.280126+00:00,ok,98.1562,True,200.0,"""67be0c78-1ce408b""","Tue, 25 Feb 2025 18:31:20 GMT",30294155,application/octet-stream,1.0,True,[],1355.0,2640.0,-47.99999803304672,-47.949998032301664,-7.800001010298729,-7.750001009553671,-47.97499803267419,-7.7750010099262,-47.95,-7.8,0.050000000745058,0.050000000745058,"numpy.floor (padrão de rasterio.DatasetReader.index), sobre os coeficientes REAIS do transform do arquivo aberto",proximo_de_borda,proximo_de_borda,1.9676983194938373e-06,1.0102987326288114e-06,True,True,,
1997,11,cog,https://data.chc.ucsb.edu/products/CHIRPS/v3.0/monthly/global/cogs/chirps-v3.0.1997.11.cog,v3.0,2026-09-30T18:16:19.189601+00:00,ok,75.7109,True,200.0,"""67be0c7b-1cbe81f""","Tue, 25 Feb 2025 18:31:23 GMT",30140447,application/octet-stream,1.0,True,[],1355.0,2640.0,-47.99999803304672,-47.949998032301664,-7.800001010298729,-7.750001009553671,-47.97499803267419,-7.7750010099262,-47.95,-7.8,0.050000000745058,0.050000000745058,"numpy.floor (padrão de rasterio.DatasetReader.index), sobre os coeficientes REAIS do transform do arquivo aberto",proximo_de_borda,proximo_de_borda,1.9676983194938373e-06,1.0102987326288114e-06,True,True,,
1997,12,cog,https://data.chc.ucsb.edu/products/CHIRPS/v3.0/monthly/global/cogs/chirps-v3.0.1997.12.cog,v3.0,2026-09-30T18:16:21.072326+00:00,ok,199.815,True,200.0,"""67be0c7e-1c97a44""","Tue, 25 Feb 2025 18:31:26 GMT",29981252,application/octet-stream,1.0,True,[],1355.0,2640.0,-47.99999803304672,-47.949998032301664,-7.800001010298729,-7.750001009553671,-47.97499803267419,-7.7750010099262,-47.95,-7.8,0.050000000745058,0.050000000745058,"numpy.floor (padrão de rasterio.DatasetReader.index), sobre os coeficientes REAIS do transform do arquivo aberto",proximo_de_borda,proximo_de_borda,1.9676983194938373e-06,1.0102987326288114e-06,True,True,,
1998,1,cog,https://data.chc.ucsb.edu/products/CHIRPS/v3.0/monthly/global/cogs/chirps-v3.0.1998.01.cog,v3.0,2026-09-30T18:16:23.259301+00:00,ok,347.458,True,200.0,"""67be0c81-1cecac2""","Tue, 25 Feb 2025 18:31:29 GMT",30329538,application/octet-stream,1.0,True,[],1355.0,2640.0,-47.99999803304672,-47.949998032301664,-7.800001010298729,-7.750001009553671,-47.97499803267419,-7.7750010099262,-47.95,-7.8,0.050000000745058,0.050000000745058,"numpy.floor (padrão de rasterio.DatasetReader.index), sobre os coeficientes REAIS do transform do arquivo aberto",proximo_de_borda,proximo_de_borda,1.9676983194938373e-06,1.0102987326288114e-06,True,True,,
1998,2,cog,https://data.chc.ucsb.edu/products/CHIRPS/v3.0/monthly/global/cogs/chirps-v3.0.1998.02.cog,v3.0,2026-09-30T18:16:25.235614+00:00,ok,127.8253,True,200.0,"""67be0c84-1bf8cb9""","Tue, 25 Feb 2025 18:31:32 GMT",29330617,application/octet-stream,1.0,True,[],1355.0,2640.0,-47.99999803304672,-47.949998032301664,-7.800001010298729,-7.750001009553671,-47.97499803267419,-7.7750010099262,-47.95,-7.8,0.050000000745058,0.050000000745058,"numpy.floor (padrão de rasterio.DatasetReader.index), sobre os coeficientes REAIS do transform do arquivo aberto",proximo_de_borda,proximo_de_borda,1.9676983194938373e-06,1.0102987326288114e-06,True,True,,
1998,3,cog,https://data.chc.ucsb.edu/products/CHIRPS/v3.0/monthly/global/cogs/chirps-v3.0.1998.03.cog,v3.0,2026-09-30T18:16:27.165031+00:00,ok,242.0988,True,200.0,"""67be0c87-1c65a2d""","Tue, 25 Feb 2025 18:31:35 GMT",29776429,application/octet-stream,1.0,True,[],1355.0,2640.0,-47.99999803304672,-47.949998032301664,-7.800001010298729,-7.750001009553671,-47.97499803267419,-7.7750010099262,-47.95,-7.8,0.050000000745058,0.050000000745058,"numpy.floor (padrão de rasterio.DatasetReader.index), sobre os coeficientes REAIS do transform do arquivo aberto",proximo_de_borda,proximo_de_borda,1.9676983194938373e-06,1.0102987326288114e-06,True,True,,
1998,4,cog,https://data.chc.ucsb.edu/products/CHIRPS/v3.0/monthly/global/cogs/chirps-v3.0.1998.04.cog,v3.0,2026-09-30T18:16:29.135826+00:00,ok,54.1047,True,200.0,"""67be0c8b-1ca27a7""","Tue, 25 Feb 2025 18:31:39 GMT",30025639,application/octet-stream,1.0,True,[],1355.0,2640.0,-47.99999803304672,-47.949998032301664,-7.800001010298729,-7.750001009553671,-47.97499803267419,-7.7750010099262,-47.95,-7.8,0.050000000745058,0.050000000745058,"numpy.floor (padrão de rasterio.DatasetReader.index), sobre os coeficientes REAIS do transform do arquivo aberto",proximo_de_borda,proximo_de_borda,1.9676983194938373e-06,1.0102987326288114e-06,True,True,,
1998,5,cog,https://data.chc.ucsb.edu/products/CHIRPS/v3.0/monthly/global/cogs/chirps-v3.0.1998.05.cog,v3.0,2026-09-30T18:16:31.461785+00:00,ok,74.6596,True,200.0,"""67be0c8e-1d631bf""","Tue, 25 Feb 2025 18:31:42 GMT",30814655,application/octet-stream,1.0,True,[],1355.0,2640.0,-47.99999803304672,-47.949998032301664,-7.800001010298729,-7.750001009553671,-47.97499803267419,-7.7750010099262,-47.95,-7.8,0.050000000745058,0.050000000745058,"numpy.floor (padrão de rasterio.DatasetReader.index), sobre os coeficientes REAIS do transform do arquivo aberto",proximo_de_borda,proximo_de_borda,1.9676983194938373e-06,1.0102987326288114e-06,True,True,,
1998,6,cog,https://data.chc.ucsb.edu/products/CHIRPS/v3.0/monthly/global/cogs/chirps-v3.0.1998.06.cog,v3.0,2026-09-30T18:16:33.408105+00:00,ok,16.0121,True,200.0,"""67be0c91-1c8c0c7""","Tue, 25 Feb 2025 18:31:45 GMT",29933767,application/octet-stream,1.0,True,[],1355.0,2640.0,-47.99999803304672,-47.949998032301664,-7.800001010298729,-7.750001009553671,-47.97499803267419,-7.7750010099262,-47.95,-7.8,0.050000000745058,0.050000000745058,"numpy.floor (padrão de rasterio.DatasetReader.index), sobre os coeficientes REAIS do transform do arquivo aberto",proximo_de_borda,proximo_de_borda,1.9676983194938373e-06,1.0102987326288114e-06,True,True,,
1998,7,cog,https://data.chc.ucsb.edu/products/CHIRPS/v3.0/monthly/global/cogs/chirps-v3.0.1998.07.cog,v3.0,2026-09-30T18:16:36.686515+00:00,ok,3.3565,True,200.0,"""67be0c94-1d001ad""","Tue, 25 Feb 2025 18:31:48 GMT",30409133,application/octet-stream,1.0,True,[],1355.0,2640.0,-47.99999803304672,-47.949998032301664,-7.800001010298729,-7.750001009553671,-47.97499803267419,-7.7750010099262,-47.95,-7.8,0.050000000745058,0.050000000745058,"numpy.floor (padrão de rasterio.DatasetReader.index), sobre os coeficientes REAIS do transform do arquivo aberto",proximo_de_borda,proximo_de_borda,1.9676983194938373e-06,1.0102987326288114e-06,True,True,,
1998,8,cog,https://data.chc.ucsb.edu/products/CHIRPS/v3.0/monthly/global/cogs/chirps-v3.0.1998.08.cog,v3.0,2026-09-30T18:16:38.614520+00:00,ok,1.2501,True,200.0,"""67be0c97-1d4f983""","Tue, 25 Feb 2025 18:31:51 GMT",30734723,application/octet-stream,2.0,True,[],1355.0,2640.0,-47.99999803304672,-47.949998032301664,-7.800001010298729,-7.750001009553671,-47.97499803267419,-7.7750010099262,-47.95,-7.8,0.050000000745058,0.050000000745058,"numpy.floor (padrão de rasterio.DatasetReader.index), sobre os coeficientes REAIS do transform do arquivo aberto",proximo_de_borda,proximo_de_borda,1.9676983194938373e-06,1.0102987326288114e-06,True,True,,
1998,9,cog,https://data.chc.ucsb.edu/products/CHIRPS/v3.0/monthly/global/cogs/chirps-v3.0.1998.09.cog,v3.0,2026-09-30T18:16:54.839606+00:00,ok,13.3474,True,200.0,"""67be0c9b-1d9d931""","Tue, 25 Feb 2025 18:31:55 GMT",31054129,application/octet-stream,1.0,True,[],1355.0,2640.0,-47.99999803304672,-47.949998032301664,-7.800001010298729,-7.750001009553671,-47.97499803267419,-7.7750010099262,-47.95,-7.8,0.050000000745058,0.050000000745058,"numpy.floor (padrão de rasterio.DatasetReader.index), sobre os coeficientes REAIS do transform do arquivo aberto",proximo_de_borda,proximo_de_borda,1.9676983194938373e-06,1.0102987326288114e-06,True,True,,
1998,10,cog,https://data.chc.ucsb.edu/products/CHIRPS/v3.0/monthly/global/cogs/chirps-v3.0.1998.10.cog,v3.0,2026-09-30T18:16:56.807114+00:00,ok,89.2952,True,200.0,"""67be0c9e-1c9a5c9""","Tue, 25 Feb 2025 18:31:58 GMT",29992393,application/octet-stream,1.0,True,[],1355.0,2640.0,-47.99999803304672,-47.949998032301664,-7.800001010298729,-7.750001009553671,-47.97499803267419,-7.7750010099262,-47.95,-7.8,0.050000000745058,0.050000000745058,"numpy.floor (padrão de rasterio.DatasetReader.index), sobre os coeficientes REAIS do transform do arquivo aberto",proximo_de_borda,proximo_de_borda,1.9676983194938373e-06,1.0102987326288114e-06,True,True,,
1998,11,cog,https://data.chc.ucsb.edu/products/CHIRPS/v3.0/monthly/global/cogs/chirps-v3.0.1998.11.cog,v3.0,2026-09-30T18:16:59.101677+00:00,ok,245.1679,True,200.0,"""67be0ca1-1b9c116""","Tue, 25 Feb 2025 18:32:01 GMT",28950806,application/octet-stream,1.0,True,[],1355.0,2640.0,-47.99999803304672,-47.949998032301664,-7.800001010298729,-7.750001009553671,-47.97499803267419,-7.7750010099262,-47.95,-7.8,0.050000000745058,0.050000000745058,"numpy.floor (padrão de rasterio.DatasetReader.index), sobre os coeficientes REAIS do transform do arquivo aberto",proximo_de_borda,proximo_de_borda,1.9676983194938373e-06,1.0102987326288114e-06,True,True,,
1998,12,cog,https://data.chc.ucsb.edu/products/CHIRPS/v3.0/monthly/global/cogs/chirps-v3.0.1998.12.cog,v3.0,2026-09-30T18:17:01.008074+00:00,ok,138.7974,True,200.0,"""67be0ca4-1c13b96""","Tue, 25 Feb 2025 18:32:04 GMT",29440918,application/octet-stream,1.0,True,[],1355.0,2640.0,-47.99999803304672,-47.949998032301664,-7.800001010298729,-7.750001009553671,-47.97499803267419,-7.7750010099262,-47.95,-7.8,0.050000000745058,0.050000000745058,"numpy.floor (padrão de rasterio.DatasetReader.index), sobre os coeficientes REAIS do transform do arquivo aberto",proximo_de_borda,proximo_de_borda,1.9676983194938373e-06,1.0102987326288114e-06,True,True,,
1999,1,cog,https://data.chc.ucsb.edu/products/CHIRPS/v3.0/monthly/global/cogs/chirps-v3.0.1999.01.cog,v3.0,2026-09-30T18:17:02.057675+00:00,ok,215.817,True,200.0,"""67be0ca7-1bcd6db""","Tue, 25 Feb 2025 18:32:07 GMT",29152987,application/octet-stream,1.0,True,[],1355.0,2640.0,-47.99999803304672,-47.949998032301664,-7.800001010298729,-7.750001009553671,-47.97499803267419,-7.7750010099262,-47.95,-7.8,0.050000000745058,0.050000000745058,"numpy.floor (padrão de rasterio.DatasetReader.index), sobre os coeficientes REAIS do transform do arquivo aberto",proximo_de_borda,proximo_de_borda,1.9676983194938373e-06,1.0102987326288114e-06,True,True,,
1999,2,cog,https://data.chc.ucsb.edu/products/CHIRPS/v3.0/monthly/global/cogs/chirps-v3.0.1999.02.cog,v3.0,2026-09-30T18:17:04.083602+00:00,ok,131.3784,True,200.0,"""67be0caa-1bd64a7""","Tue, 25 Feb 2025 18:32:10 GMT",29189287,application/octet-stream,2.0,True,[],1355.0,2640.0,-47.99999803304672,-47.949998032301664,-7.800001010298729,-7.750001009553671,-47.97499803267419,-7.7750010099262,-47.95,-7.8,0.050000000745058,0.050000000745058,"numpy.floor (padrão de rasterio.DatasetReader.index), sobre os coeficientes REAIS do transform do arquivo aberto",proximo_de_borda,proximo_de_borda,1.9676983194938373e-06,1.0102987326288114e-06,True,True,,
1999,3,cog,https://data.chc.ucsb.edu/products/CHIRPS/v3.0/monthly/global/cogs/chirps-v3.0.1999.03.cog,v3.0,2026-09-30T18:17:19.449508+00:00,ok,283.9542,True,200.0,"""67be0cad-1b02401""","Tue, 25 Feb 2025 18:32:13 GMT",28320769,application/octet-stream,1.0,True,[],1355.0,2640.0,-47.99999803304672,-47.949998032301664,-7.800001010298729,-7.750001009553671,-47.97499803267419,-7.7750010099262,-47.95,-7.8,0.050000000745058,0.050000000745058,"numpy.floor (padrão de rasterio.DatasetReader.index), sobre os coeficientes REAIS do transform do arquivo aberto",proximo_de_borda,proximo_de_borda,1.9676983194938373e-06,1.0102987326288114e-06,True,True,,
1999,4,cog,https://data.chc.ucsb.edu/products/CHIRPS/v3.0/monthly/global/cogs/chirps-v3.0.1999.04.cog,v3.0,2026-09-30T18:17:21.382897+00:00,ok,162.6196,True,200.0,"""67be0cb1-1bbce20""","Tue, 25 Feb 2025 18:32:17 GMT",29085216,application/octet-stream,1.0,True,[],1355.0,2640.0,-47.99999803304672,-47.949998032301664,-7.800001010298729,-7.750001009553671,-47.97499803267419,-7.7750010099262,-47.95,-7.8,0.050000000745058,0.050000000745058,"numpy.floor (padrão de rasterio.DatasetReader.index), sobre os coeficientes REAIS do transform do arquivo aberto",proximo_de_borda,proximo_de_borda,1.9676983194938373e-06,1.0102987326288114e-06,True,True,,
1999,5,cog,https://data.chc.ucsb.edu/products/CHIRPS/v3.0/monthly/global/cogs/chirps-v3.0.1999.05.cog,v3.0,2026-09-30T18:17:23.513649+00:00,ok,177.0923,True,200.0,"""67be0cb4-1c1653d""","Tue, 25 Feb 2025 18:32:20 GMT",29451581,application/octet-stream,1.0,True,[],1355.0,2640.0,-47.99999803304672,-47.949998032301664,-7.800001010298729,-7.750001009553671,-47.97499803267419,-7.7750010099262,-47.95,-7.8,0.050000000745058,0.050000000745058,"numpy.floor (padrão de rasterio.DatasetReader.index), sobre os coeficientes REAIS do transform do arquivo aberto",proximo_de_borda,proximo_de_borda,1.9676983194938373e-06,1.0102987326288114e-06,True,True,,
1999,6,cog,https://data.chc.ucsb.edu/products/CHIRPS/v3.0/monthly/global/cogs/chirps-v3.0.1999.06.cog,v3.0,2026-09-30T18:17:25.511379+00:00,ok,0.6859,True,200.0,"""67be0cb7-1c35a22""","Tue, 25 Feb 2025 18:32:23 GMT",29579810,application/octet-stream,1.0,True,[],1355.0,2640.0,-47.99999803304672,-47.949998032301664,-7.800001010298729,-7.750001009553671,-47.97499803267419,-7.7750010099262,-47.95,-7.8,0.050000000745058,0.050000000745058,"numpy.floor (padrão de rasterio.DatasetReader.index), sobre os coeficientes REAIS do transform do arquivo aberto",proximo_de_borda,proximo_de_borda,1.9676983194938373e-06,1.0102987326288114e-06,True,True,,
1999,7,cog,https://data.chc.ucsb.edu/products/CHIRPS/v3.0/monthly/global/cogs/chirps-v3.0.1999.07.cog,v3.0,2026-09-30T18:17:27.494566+00:00,ok,1.9885,True,200.0,"""67be0cba-1d0d83d""","Tue, 25 Feb 2025 18:32:26 GMT",30464061,application/octet-stream,1.0,True,[],1355.0,2640.0,-47.99999803304672,-47.949998032301664,-7.800001010298729,-7.750001009553671,-47.97499803267419,-7.7750010099262,-47.95,-7.8,0.050000000745058,0.050000000745058,"numpy.floor (padrão de rasterio.DatasetReader.index), sobre os coeficientes REAIS do transform do arquivo aberto",proximo_de_borda,proximo_de_borda,1.9676983194938373e-06,1.0102987326288114e-06,True,True,,
1999,8,cog,https://data.chc.ucsb.edu/products/CHIRPS/v3.0/monthly/global/cogs/chirps-v3.0.1999.08.cog,v3.0,2026-09-30T18:17:29.436298+00:00,ok,1.2624,True,200.0,"""67be0cbe-1d4c4cd""","Tue, 25 Feb 2025 18:32:30 GMT",30721229,application/octet-stream,1.0,True,[],1355.0,2640.0,-47.99999803304672,-47.949998032301664,-7.800001010298729,-7.750001009553671,-47.97499803267419,-7.7750010099262,-47.95,-7.8,0.050000000745058,0.050000000745058,"numpy.floor (padrão de rasterio.DatasetReader.index), sobre os coeficientes REAIS do transform do arquivo aberto",proximo_de_borda,proximo_de_borda,1.9676983194938373e-06,1.0102987326288114e-06,True,True,,
1999,9,cog,https://data.chc.ucsb.edu/products/CHIRPS/v3.0/monthly/global/cogs/chirps-v3.0.1999.09.cog,v3.0,2026-09-30T18:17:31.843410+00:00,ok,72.5879,True,200.0,"""67be0cc1-1d65cb5""","Tue, 25 Feb 2025 18:32:33 GMT",30825653,application/octet-stream,1.0,True,[],1355.0,2640.0,-47.99999803304672,-47.949998032301664,-7.800001010298729,-7.750001009553671,-47.97499803267419,-7.7750010099262,-47.95,-7.8,0.050000000745058,0.050000000745058,"numpy.floor (padrão de rasterio.DatasetReader.index), sobre os coeficientes REAIS do transform do arquivo aberto",proximo_de_borda,proximo_de_borda,1.9676983194938373e-06,1.0102987326288114e-06,True,True,,
1999,10,cog,https://data.chc.ucsb.edu/products/CHIRPS/v3.0/monthly/global/cogs/chirps-v3.0.1999.10.cog,v3.0,2026-09-30T18:17:33.952490+00:00,ok,112.4277,True,200.0,"""67be0cc4-1d20d4b""","Tue, 25 Feb 2025 18:32:36 GMT",30543179,application/octet-stream,1.0,True,[],1355.0,2640.0,-47.99999803304672,-47.949998032301664,-7.800001010298729,-7.750001009553671,-47.97499803267419,-7.7750010099262,-47.95,-7.8,0.050000000745058,0.050000000745058,"numpy.floor (padrão de rasterio.DatasetReader.index), sobre os coeficientes REAIS do transform do arquivo aberto",proximo_de_borda,proximo_de_borda,1.9676983194938373e-06,1.0102987326288114e-06,True,True,,
1999,11,cog,https://data.chc.ucsb.edu/products/CHIRPS/v3.0/monthly/global/cogs/chirps-v3.0.1999.11.cog,v3.0,2026-09-30T18:17:36.768133+00:00,ok,349.1067,True,200.0,"""67be0cc7-1c78f29""","Tue, 25 Feb 2025 18:32:39 GMT",29855529,application/octet-stream,1.0,True,[],1355.0,2640.0,-47.99999803304672,-47.949998032301664,-7.800001010298729,-7.750001009553671,-47.97499803267419,-7.7750010099262,-47.95,-7.8,0.050000000745058,0.050000000745058,"numpy.floor (padrão de rasterio.DatasetReader.index), sobre os coeficientes REAIS do transform do arquivo aberto",proximo_de_borda,proximo_de_borda,1.9676983194938373e-06,1.0102987326288114e-06,True,True,,
1999,12,cog,https://data.chc.ucsb.edu/products/CHIRPS/v3.0/monthly/global/cogs/chirps-v3.0.1999.12.cog,v3.0,2026-09-30T18:17:38.680624+00:00,ok,242.5365,True,200.0,"""67be0cca-1bdcba2""","Tue, 25 Feb 2025 18:32:42 GMT",29215650,application/octet-stream,1.0,True,[],1355.0,2640.0,-47.99999803304672,-47.949998032301664,-7.800001010298729,-7.750001009553671,-47.97499803267419,-7.7750010099262,-47.95,-7.8,0.050000000745058,0.050000000745058,"numpy.floor (padrão de rasterio.DatasetReader.index), sobre os coeficientes REAIS do transform do arquivo aberto",proximo_de_borda,proximo_de_borda,1.9676983194938373e-06,1.0102987326288114e-06,True,True,,
2000,1,cog,https://data.chc.ucsb.edu/products/CHIRPS/v3.0/monthly/global/cogs/chirps-v3.0.2000.01.cog,v3.0,2026-09-30T18:17:40.797990+00:00,ok,260.085,True,200.0,"""67be0cce-1bd155a""","Tue, 25 Feb 2025 18:32:46 GMT",29168986,application/octet-stream,1.0,True,[],1355.0,2640.0,-47.99999803304672,-47.949998032301664,-7.800001010298729,-7.750001009553671,-47.97499803267419,-7.7750010099262,-47.95,-7.8,0.050000000745058,0.050000000745058,"numpy.floor (padrão de rasterio.DatasetReader.index), sobre os coeficientes REAIS do transform do arquivo aberto",proximo_de_borda,proximo_de_borda,1.9676983194938373e-06,1.0102987326288114e-06,True,True,,
2000,2,cog,https://data.chc.ucsb.edu/products/CHIRPS/v3.0/monthly/global/cogs/chirps-v3.0.2000.02.cog,v3.0,2026-09-30T18:17:42.823996+00:00,ok,271.7656,True,200.0,"""67be0cd1-1a03767""","Tue, 25 Feb 2025 18:32:49 GMT",27277159,application/octet-stream,1.0,True,[],1355.0,2640.0,-47.99999803304672,-47.949998032301664,-7.800001010298729,-7.750001009553671,-47.97499803267419,-7.7750010099262,-47.95,-7.8,0.050000000745058,0.050000000745058,"numpy.floor (padrão de rasterio.DatasetReader.index), sobre os coeficientes REAIS do transform do arquivo aberto",proximo_de_borda,proximo_de_borda,1.9676983194938373e-06,1.0102987326288114e-06,True,True,,
2000,3,cog,https://data.chc.ucsb.edu/products/CHIRPS/v3.0/monthly/global/cogs/chirps-v3.0.2000.03.cog,v3.0,2026-09-30T18:17:45.282710+00:00,ok,185.8099,True,200.0,"""67be0cd4-1b80d44""","Tue, 25 Feb 2025 18:32:52 GMT",28839236,application/octet-stream,1.0,True,[],1355.0,2640.0,-47.99999803304672,-47.949998032301664,-7.800001010298729,-7.750001009553671,-47.97499803267419,-7.7750010099262,-47.95,-7.8,0.050000000745058,0.050000000745058,"numpy.floor (padrão de rasterio.DatasetReader.index), sobre os coeficientes REAIS do transform do arquivo aberto",proximo_de_borda,proximo_de_borda,1.9676983194938373e-06,1.0102987326288114e-06,True,True,,
2000,4,cog,https://data.chc.ucsb.edu/products/CHIRPS/v3.0/monthly/global/cogs/chirps-v3.0.2000.04.cog,v3.0,2026-09-30T18:17:47.207194+00:00,ok,184.1135,True,200.0,"""67be0cd8-1c500b6""","Tue, 25 Feb 2025 18:32:56 GMT",29687990,application/octet-stream,1.0,True,[],1355.0,2640.0,-47.99999803304672,-47.949998032301664,-7.800001010298729,-7.750001009553671,-47.97499803267419,-7.7750010099262,-47.95,-7.8,0.050000000745058,0.050000000745058,"numpy.floor (padrão de rasterio.DatasetReader.index), sobre os coeficientes REAIS do transform do arquivo aberto",proximo_de_borda,proximo_de_borda,1.9676983194938373e-06,1.0102987326288114e-06,True,True,,
2000,5,cog,https://data.chc.ucsb.edu/products/CHIRPS/v3.0/monthly/global/cogs/chirps-v3.0.2000.05.cog,v3.0,2026-09-30T18:17:50.967428+00:00,ok,53.6399,True,200.0,"""67be0cdb-1c5a0f6""","Tue, 25 Feb 2025 18:32:59 GMT",29729014,application/octet-stream,1.0,True,[],1355.0,2640.0,-47.99999803304672,-47.949998032301664,-7.800001010298729,-7.750001009553671,-47.97499803267419,-7.7750010099262,-47.95,-7.8,0.050000000745058,0.050000000745058,"numpy.floor (padrão de rasterio.DatasetReader.index), sobre os coeficientes REAIS do transform do arquivo aberto",proximo_de_borda,proximo_de_borda,1.9676983194938373e-06,1.0102987326288114e-06,True,True,,
2000,6,cog,https://data.chc.ucsb.edu/products/CHIRPS/v3.0/monthly/global/cogs/chirps-v3.0.2000.06.cog,v3.0,2026-09-30T18:17:53.027730+00:00,ok,4.8153,True,200.0,"""67be0cdf-1c6c18a""","Tue, 25 Feb 2025 18:33:03 GMT",29802890,application/octet-stream,1.0,True,[],1355.0,2640.0,-47.99999803304672,-47.949998032301664,-7.800001010298729,-7.750001009553671,-47.97499803267419,-7.7750010099262,-47.95,-7.8,0.050000000745058,0.050000000745058,"numpy.floor (padrão de rasterio.DatasetReader.index), sobre os coeficientes REAIS do transform do arquivo aberto",proximo_de_borda,proximo_de_borda,1.9676983194938373e-06,1.0102987326288114e-06,True,True,,
2000,7,cog,https://data.chc.ucsb.edu/products/CHIRPS/v3.0/monthly/global/cogs/chirps-v3.0.2000.07.cog,v3.0,2026-09-30T18:17:55.408995+00:00,ok,10.0203,True,200.0,"""67be0ce2-1cffe6b""","Tue, 25 Feb 2025 18:33:06 GMT",30408299,application/octet-stream,1.0,True,[],1355.0,2640.0,-47.99999803304672,-47.949998032301664,-7.800001010298729,-7.750001009553671,-47.97499803267419,-7.7750010099262,-47.95,-7.8,0.050000000745058,0.050000000745058,"numpy.floor (padrão de rasterio.DatasetReader.index), sobre os coeficientes REAIS do transform do arquivo aberto",proximo_de_borda,proximo_de_borda,1.9676983194938373e-06,1.0102987326288114e-06,True,True,,
2000,8,cog,https://data.chc.ucsb.edu/products/CHIRPS/v3.0/monthly/global/cogs/chirps-v3.0.2000.08.cog,v3.0,2026-09-30T18:17:57.398587+00:00,ok,7.9948,True,200.0,"""67be0ce5-1cfefd0""","Tue, 25 Feb 2025 18:33:09 GMT",30404560,application/octet-stream,1.0,True,[],1355.0,2640.0,-47.99999803304672,-47.949998032301664,-7.800001010298729,-7.750001009553671,-47.97499803267419,-7.7750010099262,-47.95,-7.8,0.050000000745058,0.050000000745058,"numpy.floor (padrão de rasterio.DatasetReader.index), sobre os coeficientes REAIS do transform do arquivo aberto",proximo_de_borda,proximo_de_borda,1.9676983194938373e-06,1.0102987326288114e-06,True,True,,
2000,9,cog,https://data.chc.ucsb.edu/products/CHIRPS/v3.0/monthly/global/cogs/chirps-v3.0.2000.09.cog,v3.0,2026-09-30T18:18:00.622487+00:00,ok,123.9327,True,200.0,"""67be0ce8-1d71349""","Tue, 25 Feb 2025 18:33:12 GMT",30872393,application/octet-stream,1.0,True,[],1355.0,2640.0,-47.99999803304672,-47.949998032301664,-7.800001010298729,-7.750001009553671,-47.97499803267419,-7.7750010099262,-47.95,-7.8,0.050000000745058,0.050000000745058,"numpy.floor (padrão de rasterio.DatasetReader.index), sobre os coeficientes REAIS do transform do arquivo aberto",proximo_de_borda,proximo_de_borda,1.9676983194938373e-06,1.0102987326288114e-06,True,True,,
2000,10,cog,https://data.chc.ucsb.edu/products/CHIRPS/v3.0/monthly/global/cogs/chirps-v3.0.2000.10.cog,v3.0,2026-09-30T18:18:02.948457+00:00,ok,86.4072,True,200.0,"""67be0cec-1d69520""","Tue, 25 Feb 2025 18:33:16 GMT",30840096,application/octet-stream,1.0,True,[],1355.0,2640.0,-47.99999803304672,-47.949998032301664,-7.800001010298729,-7.750001009553671,-47.97499803267419,-7.7750010099262,-47.95,-7.8,0.050000000745058,0.050000000745058,"numpy.floor (padrão de rasterio.DatasetReader.index), sobre os coeficientes REAIS do transform do arquivo aberto",proximo_de_borda,proximo_de_borda,1.9676983194938373e-06,1.0102987326288114e-06,True,True,,
2000,11,cog,https://data.chc.ucsb.edu/products/CHIRPS/v3.0/monthly/global/cogs/chirps-v3.0.2000.11.cog,v3.0,2026-09-30T18:18:05.236355+00:00,ok,192.5216,True,200.0,"""67be0cef-1d3c8d0""","Tue, 25 Feb 2025 18:33:19 GMT",30656720,application/octet-stream,1.0,True,[],1355.0,2640.0,-47.99999803304672,-47.949998032301664,-7.800001010298729,-7.750001009553671,-47.97499803267419,-7.7750010099262,-47.95,-7.8,0.050000000745058,0.050000000745058,"numpy.floor (padrão de rasterio.DatasetReader.index), sobre os coeficientes REAIS do transform do arquivo aberto",proximo_de_borda,proximo_de_borda,1.9676983194938373e-06,1.0102987326288114e-06,True,True,,
2000,12,cog,https://data.chc.ucsb.edu/products/CHIRPS/v3.0/monthly/global/cogs/chirps-v3.0.2000.12.cog,v3.0,2026-09-30T18:18:07.248884+00:00,ok,222.6176,True,200.0,"""67be0cf2-1d0eb1b""","Tue, 25 Feb 2025 18:33:22 GMT",30468891,application/octet-stream,1.0,True,[],1355.0,2640.0,-47.99999803304672,-47.949998032301664,-7.800001010298729,-7.750001009553671,-47.97499803267419,-7.7750010099262,-47.95,-7.8,0.050000000745058,0.050000000745058,"numpy.floor (padrão de rasterio.DatasetReader.index), sobre os coeficientes REAIS do transform do arquivo aberto",proximo_de_borda,proximo_de_borda,1.9676983194938373e-06,1.0102987326288114e-06,True,True,,
2001,1,cog,https://data.chc.ucsb.edu/products/CHIRPS/v3.0/monthly/global/cogs/chirps-v3.0.2001.01.cog,v3.0,2026-09-30T18:18:09.812899+00:00,ok,192.5309,True,200.0,"""67be0cf5-1bff4db""","Tue, 25 Feb 2025 18:33:25 GMT",29357275,application/octet-stream,1.0,True,[],1355.0,2640.0,-47.99999803304672,-47.949998032301664,-7.800001010298729,-7.750001009553671,-47.97499803267419,-7.7750010099262,-47.95,-7.8,0.05000000074505806,0.05000000074505806,"numpy.floor (padrão de rasterio.DatasetReader.index), sobre os coeficientes REAIS do transform do arquivo aberto",proximo_de_borda,proximo_de_borda,1.9676983194938373e-06,1.0102987326288114e-06,True,True,,
2001,2,cog,https://data.chc.ucsb.edu/products/CHIRPS/v3.0/monthly/global/cogs/chirps-v3.0.2001.02.cog,v3.0,2026-09-30T18:18:11.958323+00:00,ok,153.1069,True,200.0,"""67be0cf9-1cad355""","Tue, 25 Feb 2025 18:33:29 GMT",30069589,application/octet-stream,1.0,True,[],1355.0,2640.0,-47.99999803304672,-47.949998032301664,-7.800001010298729,-7.750001009553671,-47.97499803267419,-7.7750010099262,-47.95,-7.8,0.05000000074505806,0.05000000074505806,"numpy.floor (padrão de rasterio.DatasetReader.index), sobre os coeficientes REAIS do transform do arquivo aberto",proximo_de_borda,proximo_de_borda,1.9676983194938373e-06,1.0102987326288114e-06,True,True,,
2001,3,cog,https://data.chc.ucsb.edu/products/CHIRPS/v3.0/monthly/global/cogs/chirps-v3.0.2001.03.cog,v3.0,2026-09-30T18:18:13.803386+00:00,ok,249.1479,True,200.0,"""67be0cfc-1c96263""","Tue, 25 Feb 2025 18:33:32 GMT",29975139,application/octet-stream,1.0,True,[],1355.0,2640.0,-47.99999803304672,-47.949998032301664,-7.800001010298729,-7.750001009553671,-47.97499803267419,-7.7750010099262,-47.95,-7.8,0.05000000074505806,0.05000000074505806,"numpy.floor (padrão de rasterio.DatasetReader.index), sobre os coeficientes REAIS do transform do arquivo aberto",proximo_de_borda,proximo_de_borda,1.9676983194938373e-06,1.0102987326288114e-06,True,True,,
2001,4,cog,https://data.chc.ucsb.edu/products/CHIRPS/v3.0/monthly/global/cogs/chirps-v3.0.2001.04.cog,v3.0,2026-09-30T18:18:15.743797+00:00,ok,196.9268,True,200.0,"""67be0cff-1ca9fef""","Tue, 25 Feb 2025 18:33:35 GMT",30056431,application/octet-stream,1.0,True,[],1355.0,2640.0,-47.99999803304672,-47.949998032301664,-7.800001010298729,-7.750001009553671,-47.97499803267419,-7.7750010099262,-47.95,-7.8,0.05000000074505806,0.05000000074505806,"numpy.floor (padrão de rasterio.DatasetReader.index), sobre os coeficientes REAIS do transform do arquivo aberto",proximo_de_borda,proximo_de_borda,1.9676983194938373e-06,1.0102987326288114e-06,True,True,,
2001,5,cog,https://data.chc.ucsb.edu/products/CHIRPS/v3.0/monthly/global/cogs/chirps-v3.0.2001.05.cog,v3.0,2026-09-30T18:18:18.008273+00:00,ok,140.175,True,200.0,"""67be0d02-1c5ebe3""","Tue, 25 Feb 2025 18:33:38 GMT",29748195,application/octet-stream,1.0,True,[],1355.0,2640.0,-47.99999803304672,-47.949998032301664,-7.800001010298729,-7.750001009553671,-47.97499803267419,-7.7750010099262,-47.95,-7.8,0.05000000074505806,0.05000000074505806,"numpy.floor (padrão de rasterio.DatasetReader.index), sobre os coeficientes REAIS do transform do arquivo aberto",proximo_de_borda,proximo_de_borda,1.9676983194938373e-06,1.0102987326288114e-06,True,True,,
2001,6,cog,https://data.chc.ucsb.edu/products/CHIRPS/v3.0/monthly/global/cogs/chirps-v3.0.2001.06.cog,v3.0,2026-09-30T18:18:21.558102+00:00,ok,5.0237,True,200.0,"""67be0d05-1c37562""","Tue, 25 Feb 2025 18:33:41 GMT",29586786,application/octet-stream,1.0,True,[],1355.0,2640.0,-47.99999803304672,-47.949998032301664,-7.800001010298729,-7.750001009553671,-47.97499803267419,-7.7750010099262,-47.95,-7.8,0.05000000074505806,0.05000000074505806,"numpy.floor (padrão de rasterio.DatasetReader.index), sobre os coeficientes REAIS do transform do arquivo aberto",proximo_de_borda,proximo_de_borda,1.9676983194938373e-06,1.0102987326288114e-06,True,True,,
2001,7,cog,https://data.chc.ucsb.edu/products/CHIRPS/v3.0/monthly/global/cogs/chirps-v3.0.2001.07.cog,v3.0,2026-09-30T18:18:23.620178+00:00,ok,2.3266,True,200.0,"""67be0d08-1d78207""","Tue, 25 Feb 2025 18:33:44 GMT",30900743,application/octet-stream,1.0,True,[],1355.0,2640.0,-47.99999803304672,-47.949998032301664,-7.800001010298729,-7.750001009553671,-47.97499803267419,-7.7750010099262,-47.95,-7.8,0.05000000074505806,0.05000000074505806,"numpy.floor (padrão de rasterio.DatasetReader.index), sobre os coeficientes REAIS do transform do arquivo aberto",proximo_de_borda,proximo_de_borda,1.9676983194938373e-06,1.0102987326288114e-06,True,True,,
2001,8,cog,https://data.chc.ucsb.edu/products/CHIRPS/v3.0/monthly/global/cogs/chirps-v3.0.2001.08.cog,v3.0,2026-09-30T18:18:25.554604+00:00,erro_verificacao_disponibilidade,,False,,,,,,,,,,,,,,,,,,,,,,,,,,,,erro_rede: <urlopen error [Errno 104] Connection reset by peer>,3.0
2001,9,cog,https://data.chc.ucsb.edu/products/CHIRPS/v3.0/monthly/global/cogs/chirps-v3.0.2001.09.cog,v3.0,2026-09-30T18:19:25.964236+00:00,ok,33.0017,True,200.0,"""67be0d0f-1d86a25""","Tue, 25 Feb 2025 18:33:51 GMT",30960165,application/octet-stream,1.0,True,[],1355.0,2640.0,-47.99999803304672,-47.949998032301664,-7.800001010298729,-7.750001009553671,-47.97499803267419,-7.7750010099262,-47.95,-7.8,0.05000000074505806,0.05000000074505806,"numpy.floor (padrão de rasterio.DatasetReader.index), sobre os coeficientes REAIS do transform do arquivo aberto",proximo_de_borda,proximo_de_borda,1.9676983194938373e-06,1.0102987326288114e-06,True,True,,
2001,10,cog,https://data.chc.ucsb.edu/products/CHIRPS/v3.0/monthly/global/cogs/chirps-v3.0.2001.10.cog,v3.0,2026-09-30T18:19:29.456782+00:00,ok,130.0808,True,200.0,"""67be0d12-1cc4b77""","Tue, 25 Feb 2025 18:33:54 GMT",30165879,application/octet-stream,1.0,True,[],1355.0,2640.0,-47.99999803304672,-47.949998032301664,-7.800001010298729,-7.750001009553671,-47.97499803267419,-7.7750010099262,-47.95,-7.8,0.05000000074505806,0.05000000074505806,"numpy.floor (padrão de rasterio.DatasetReader.index), sobre os coeficientes REAIS do transform do arquivo aberto",proximo_de_borda,proximo_de_borda,1.9676983194938373e-06,1.0102987326288114e-06,True,True,,
2001,11,cog,https://data.chc.ucsb.edu/products/CHIRPS/v3.0/monthly/global/cogs/chirps-v3.0.2001.11.cog,v3.0,2026-09-30T18:19:31.594569+00:00,ok,196.3446,True,200.0,"""67be0d15-1c0fe85""","Tue, 25 Feb 2025 18:33:57 GMT",29425285,application/octet-stream,1.0,True,[],1355.0,2640.0,-47.99999803304672,-47.949998032301664,-7.800001010298729,-7.750001009553671,-47.97499803267419,-7.7750010099262,-47.95,-7.8,0.05000000074505806,0.05000000074505806,"numpy.floor (padrão de rasterio.DatasetReader.index), sobre os coeficientes REAIS do transform do arquivo aberto",proximo_de_borda,proximo_de_borda,1.9676983194938373e-06,1.0102987326288114e-06,True,True,,
2001,12,cog,https://data.chc.ucsb.edu/products/CHIRPS/v3.0/monthly/global/cogs/chirps-v3.0.2001.12.cog,v3.0,2026-09-30T18:19:33.645638+00:00,ok,209.0467,True,200.0,"""67be0d18-1d16539""","Tue, 25 Feb 2025 18:34:00 GMT",30500153,application/octet-stream,1.0,True,[],1355.0,2640.0,-47.99999803304672,-47.949998032301664,-7.800001010298729,-7.750001009553671,-47.97499803267419,-7.7750010099262,-47.95,-7.8,0.05000000074505806,0.05000000074505806,"numpy.floor (padrão de rasterio.DatasetReader.index), sobre os coeficientes REAIS do transform do arquivo aberto",proximo_de_borda,proximo_de_borda,1.9676983194938373e-06,1.0102987326288114e-06,True,True,,
2002,1,cog,https://data.chc.ucsb.edu/products/CHIRPS/v3.0/monthly/global/cogs/chirps-v3.0.2002.01.cog,v3.0,2026-09-30T18:19:35.633745+00:00,ok,368.8524,True,200.0,"""67be0d1c-1c8e139""","Tue, 25 Feb 2025 18:34:04 GMT",29942073,application/octet-stream,1.0,True,[],1355.0,2640.0,-47.99999803304672,-47.949998032301664,-7.800001010298729,-7.750001009553671,-47.97499803267419,-7.7750010099262,-47.95,-7.8,0.05000000074505806,0.05000000074505806,"numpy.floor (padrão de rasterio.DatasetReader.index), sobre os coeficientes REAIS do transform do arquivo aberto",proximo_de_borda,proximo_de_borda,1.9676983194938373e-06,1.0102987326288114e-06,True,True,,
2002,2,cog,https://data.chc.ucsb.edu/products/CHIRPS/v3.0/monthly/global/cogs/chirps-v3.0.2002.02.cog,v3.0,2026-09-30T18:19:38.382275+00:00,ok,190.9456,True,200.0,"""67be0d1f-1cc7ff9""","Tue, 25 Feb 2025 18:34:07 GMT",30179321,application/octet-stream,1.0,True,[],1355.0,2640.0,-47.99999803304672,-47.949998032301664,-7.800001010298729,-7.750001009553671,-47.97499803267419,-7.7750010099262,-47.95,-7.8,0.05000000074505806,0.05000000074505806,"numpy.floor (padrão de rasterio.DatasetReader.index), sobre os coeficientes REAIS do transform do arquivo aberto",proximo_de_borda,proximo_de_borda,1.9676983194938373e-06,1.0102987326288114e-06,True,True,,
2002,3,cog,https://data.chc.ucsb.edu/products/CHIRPS/v3.0/monthly/global/cogs/chirps-v3.0.2002.03.cog,v3.0,2026-09-30T18:19:40.277348+00:00,ok,178.8799,True,200.0,"""67be0d23-1d58c9c""","Tue, 25 Feb 2025 18:34:11 GMT",30772380,application/octet-stream,1.0,True,[],1355.0,2640.0,-47.99999803304672,-47.949998032301664,-7.800001010298729,-7.750001009553671,-47.97499803267419,-7.7750010099262,-47.95,-7.8,0.05000000074505806,0.05000000074505806,"numpy.floor (padrão de rasterio.DatasetReader.index), sobre os coeficientes REAIS do transform do arquivo aberto",proximo_de_borda,proximo_de_borda,1.9676983194938373e-06,1.0102987326288114e-06,True,True,,
2002,4,cog,https://data.chc.ucsb.edu/products/CHIRPS/v3.0/monthly/global/cogs/chirps-v3.0.2002.04.cog,v3.0,2026-09-30T18:19:43.152223+00:00,ok,124.7968,True,200.0,"""67be0d26-1cf6e9b""","Tue, 25 Feb 2025 18:34:14 GMT",30371483,application/octet-stream,1.0,True,[],1355.0,2640.0,-47.99999803304672,-47.949998032301664,-7.800001010298729,-7.750001009553671,-47.97499803267419,-7.7750010099262,-47.95,-7.8,0.05000000074505806,0.05000000074505806,"numpy.floor (padrão de rasterio.DatasetReader.index), sobre os coeficientes REAIS do transform do arquivo aberto",proximo_de_borda,proximo_de_borda,1.9676983194938373e-06,1.0102987326288114e-06,True,True,,
2002,5,cog,https://data.chc.ucsb.edu/products/CHIRPS/v3.0/monthly/global/cogs/chirps-v3.0.2002.05.cog,v3.0,2026-09-30T18:19:46.858947+00:00,ok,103.8934,True,200.0,"""67be0d29-1c7069a""","Tue, 25 Feb 2025 18:34:17 GMT",29820570,application/octet-stream,1.0,True,[],1355.0,2640.0,-47.99999803304672,-47.949998032301664,-7.800001010298729,-7.750001009553671,-47.97499803267419,-7.7750010099262,-47.95,-7.8,0.05000000074505806,0.05000000074505806,"numpy.floor (padrão de rasterio.DatasetReader.index), sobre os coeficientes REAIS do transform do arquivo aberto",proximo_de_borda,proximo_de_borda,1.9676983194938373e-06,1.0102987326288114e-06,True,True,,
2002,6,cog,https://data.chc.ucsb.edu/products/CHIRPS/v3.0/monthly/global/cogs/chirps-v3.0.2002.06.cog,v3.0,2026-09-30T18:19:48.861460+00:00,ok,6.7952,True,200.0,"""67be0d2c-1c6ffcb""","Tue, 25 Feb 2025 18:34:20 GMT",29818827,application/octet-stream,1.0,True,[],1355.0,2640.0,-47.99999803304672,-47.949998032301664,-7.800001010298729,-7.750001009553671,-47.97499803267419,-7.7750010099262,-47.95,-7.8,0.05000000074505806,0.05000000074505806,"numpy.floor (padrão de rasterio.DatasetReader.index), sobre os coeficientes REAIS do transform do arquivo aberto",proximo_de_borda,proximo_de_borda,1.9676983194938373e-06,1.0102987326288114e-06,True,True,,
2002,7,cog,https://data.chc.ucsb.edu/products/CHIRPS/v3.0/monthly/global/cogs/chirps-v3.0.2002.07.cog,v3.0,2026-09-30T18:19:50.883758+00:00,ok,2.1991,True,200.0,"""67be0d2f-1d4a8b5""","Tue, 25 Feb 2025 18:34:23 GMT",30714037,application/octet-stream,1.0,True,[],1355.0,2640.0,-47.99999803304672,-47.949998032301664,-7.800001010298729,-7.750001009553671,-47.97499803267419,-7.7750010099262,-47.95,-7.8,0.05000000074505806,0.05000000074505806,"numpy.floor (padrão de rasterio.DatasetReader.index), sobre os coeficientes REAIS do transform do arquivo aberto",proximo_de_borda,proximo_de_borda,1.9676983194938373e-06,1.0102987326288114e-06,True,True,,
2002,8,cog,https://data.chc.ucsb.edu/products/CHIRPS/v3.0/monthly/global/cogs/chirps-v3.0.2002.08.cog,v3.0,2026-09-30T18:19:52.864258+00:00,ok,1.0971,True,200.0,"""67be0d32-1d94f20""","Tue, 25 Feb 2025 18:34:26 GMT",31018784,application/octet-stream,1.0,True,[],1355.0,2640.0,-47.99999803304672,-47.949998032301664,-7.800001010298729,-7.750001009553671,-47.97499803267419,-7.7750010099262,-47.95,-7.8,0.05000000074505806,0.05000000074505806,"numpy.floor (padrão de rasterio.DatasetReader.index), sobre os coeficientes REAIS do transform do arquivo aberto",proximo_de_borda,proximo_de_borda,1.9676983194938373e-06,1.0102987326288114e-06,True,True,,
2002,9,cog,https://data.chc.ucsb.edu/products/CHIRPS/v3.0/monthly/global/cogs/chirps-v3.0.2002.09.cog,v3.0,2026-09-30T18:19:54.794806+00:00,ok,67.2486,True,200.0,"""67be0d36-1db5d63""","Tue, 25 Feb 2025 18:34:30 GMT",31153507,application/octet-stream,1.0,True,[],1355.0,2640.0,-47.99999803304672,-47.949998032301664,-7.800001010298729,-7.750001009553671,-47.97499803267419,-7.7750010099262,-47.95,-7.8,0.05000000074505806,0.05000000074505806,"numpy.floor (padrão de rasterio.DatasetReader.index), sobre os coeficientes REAIS do transform do arquivo aberto",proximo_de_borda,proximo_de_borda,1.9676983194938373e-06,1.0102987326288114e-06,True,True,,
2002,10,cog,https://data.chc.ucsb.edu/products/CHIRPS/v3.0/monthly/global/cogs/chirps-v3.0.2002.10.cog,v3.0,2026-09-30T18:19:57.603394+00:00,ok,93.122,True,200.0,"""67be0d39-1d634fc""","Tue, 25 Feb 2025 18:34:33 GMT",30815484,application/octet-stream,1.0,True,[],1355.0,2640.0,-47.99999803304672,-47.949998032301664,-7.800001010298729,-7.750001009553671,-47.97499803267419,-7.7750010099262,-47.95,-7.8,0.05000000074505806,0.05000000074505806,"numpy.floor (padrão de rasterio.DatasetReader.index), sobre os coeficientes REAIS do transform do arquivo aberto",proximo_de_borda,proximo_de_borda,1.9676983194938373e-06,1.0102987326288114e-06,True,True,,
2002,11,cog,https://data.chc.ucsb.edu/products/CHIRPS/v3.0/monthly/global/cogs/chirps-v3.0.2002.11.cog,v3.0,2026-09-30T18:19:59.789427+00:00,ok,141.559,True,200.0,"""67be0d3c-1c7cc9d""","Tue, 25 Feb 2025 18:34:36 GMT",29871261,application/octet-stream,2.0,True,[],1355.0,2640.0,-47.99999803304672,-47.949998032301664,-7.800001010298729,-7.750001009553671,-47.97499803267419,-7.7750010099262,-47.95,-7.8,0.05000000074505806,0.05000000074505806,"numpy.floor (padrão de rasterio.DatasetReader.index), sobre os coeficientes REAIS do transform do arquivo aberto",proximo_de_borda,proximo_de_borda,1.9676983194938373e-06,1.0102987326288114e-06,True,True,,
2002,12,cog,https://data.chc.ucsb.edu/products/CHIRPS/v3.0/monthly/global/cogs/chirps-v3.0.2002.12.cog,v3.0,2026-09-30T18:20:15.169396+00:00,ok,198.8721,True,200.0,"""67be0d40-1d5bc92""","Tue, 25 Feb 2025 18:34:40 GMT",30784658,application/octet-stream,1.0,True,[],1355.0,2640.0,-47.99999803304672,-47.949998032301664,-7.800001010298729,-7.750001009553671,-47.97499803267419,-7.7750010099262,-47.95,-7.8,0.05000000074505806,0.05000000074505806,"numpy.floor (padrão de rasterio.DatasetReader.index), sobre os coeficientes REAIS do transform do arquivo aberto",proximo_de_borda,proximo_de_borda,1.9676983194938373e-06,1.0102987326288114e-06,True,True,,
