origem_piloto,centre,model_name,init_date,H_lead,source_L,target_month,mapping_status,evidence,mapping_confirmation_method,init_selection_method,init_value_requested,init_value_observed_on_variable,init_axis_size_observed_on_variable,init_selection_status,inicializacao_fonte_principal,inicializacao_selecao_metodo,inicializacao_selecao_valores_antes,inicializacao_selecao_valores_depois,notes,localizacao
1999-01,NOAA_NCEP,CFSv2,1999-01,1,0.5,1999-01,OK,"L.attrs contém termo(s) ['forecast_period'] — indica semântica de lead/target, mas isso sozinho não confirma o valor exato de H1 sem uma variável auxiliar de data-alvo. | nenhuma variável auxiliar de data-alvo (('target', 'valid_time', 'target_month', 'forecast_time')) encontrada no dataset aberto — tentando Método B (semântica documentada do eixo forecast_period, Seção 4). | confirmado pela semântica documentada do eixo forecast_period (Método B, Seção 4/6): inicialização confirmada via SCALAR_COORD_ON_VARIABLE (status=OK_SCALAR_COORD), L.standard_name='forecast_period'/units='months', grade [0.5, 1.5, 2.5, 3.5, 4.5, 5.5] mensal confirmada, rota com forecast_period_semantics_documented=True.",CONFIRMED_BY_FORECAST_PERIOD_SEMANTICS,SCALAR_COORD_ON_VARIABLE,1999-01,1999-01,1,OK_SCALAR_COORD,RANGEEDGES,RANGEEDGES_WINDOW_COORDINATE_MATCH,1999-01-01 00:00:00; 1999-02-01 00:00:00,1999-01-01 00:00:00,"esquema=lead1_igual_mes_inicializacao, representação=NMME_HARMONIZED_MONTHLY",Fazendas_Sinobras_Centroide
1999-01,NOAA_NCEP,CFSv2,1999-01,2,1.5,1999-02,OK,"L.attrs contém termo(s) ['forecast_period'] — indica semântica de lead/target, mas isso sozinho não confirma o valor exato de H2 sem uma variável auxiliar de data-alvo. | nenhuma variável auxiliar de data-alvo (('target', 'valid_time', 'target_month', 'forecast_time')) encontrada no dataset aberto — tentando Método B (semântica documentada do eixo forecast_period, Seção 4). | confirmado pela semântica documentada do eixo forecast_period (Método B, Seção 4/6): inicialização confirmada via SCALAR_COORD_ON_VARIABLE (status=OK_SCALAR_COORD), L.standard_name='forecast_period'/units='months', grade [0.5, 1.5, 2.5, 3.5, 4.5, 5.5] mensal confirmada, rota com forecast_period_semantics_documented=True.",CONFIRMED_BY_FORECAST_PERIOD_SEMANTICS,SCALAR_COORD_ON_VARIABLE,1999-01,1999-01,1,OK_SCALAR_COORD,RANGEEDGES,RANGEEDGES_WINDOW_COORDINATE_MATCH,1999-01-01 00:00:00; 1999-02-01 00:00:00,1999-01-01 00:00:00,"esquema=lead1_igual_mes_inicializacao, representação=NMME_HARMONIZED_MONTHLY",Fazendas_Sinobras_Centroide
1999-01,NOAA_NCEP,CFSv2,1999-01,3,2.5,1999-03,OK,"L.attrs contém termo(s) ['forecast_period'] — indica semântica de lead/target, mas isso sozinho não confirma o valor exato de H3 sem uma variável auxiliar de data-alvo. | nenhuma variável auxiliar de data-alvo (('target', 'valid_time', 'target_month', 'forecast_time')) encontrada no dataset aberto — tentando Método B (semântica documentada do eixo forecast_period, Seção 4). | confirmado pela semântica documentada do eixo forecast_period (Método B, Seção 4/6): inicialização confirmada via SCALAR_COORD_ON_VARIABLE (status=OK_SCALAR_COORD), L.standard_name='forecast_period'/units='months', grade [0.5, 1.5, 2.5, 3.5, 4.5, 5.5] mensal confirmada, rota com forecast_period_semantics_documented=True.",CONFIRMED_BY_FORECAST_PERIOD_SEMANTICS,SCALAR_COORD_ON_VARIABLE,1999-01,1999-01,1,OK_SCALAR_COORD,RANGEEDGES,RANGEEDGES_WINDOW_COORDINATE_MATCH,1999-01-01 00:00:00; 1999-02-01 00:00:00,1999-01-01 00:00:00,"esquema=lead1_igual_mes_inicializacao, representação=NMME_HARMONIZED_MONTHLY",Fazendas_Sinobras_Centroide
1999-01,NOAA_NCEP,CFSv2,1999-01,4,3.5,1999-04,OK,"L.attrs contém termo(s) ['forecast_period'] — indica semântica de lead/target, mas isso sozinho não confirma o valor exato de H4 sem uma variável auxiliar de data-alvo. | nenhuma variável auxiliar de data-alvo (('target', 'valid_time', 'target_month', 'forecast_time')) encontrada no dataset aberto — tentando Método B (semântica documentada do eixo forecast_period, Seção 4). | confirmado pela semântica documentada do eixo forecast_period (Método B, Seção 4/6): inicialização confirmada via SCALAR_COORD_ON_VARIABLE (status=OK_SCALAR_COORD), L.standard_name='forecast_period'/units='months', grade [0.5, 1.5, 2.5, 3.5, 4.5, 5.5] mensal confirmada, rota com forecast_period_semantics_documented=True.",CONFIRMED_BY_FORECAST_PERIOD_SEMANTICS,SCALAR_COORD_ON_VARIABLE,1999-01,1999-01,1,OK_SCALAR_COORD,RANGEEDGES,RANGEEDGES_WINDOW_COORDINATE_MATCH,1999-01-01 00:00:00; 1999-02-01 00:00:00,1999-01-01 00:00:00,"esquema=lead1_igual_mes_inicializacao, representação=NMME_HARMONIZED_MONTHLY",Fazendas_Sinobras_Centroide
1999-01,NOAA_NCEP,CFSv2,1999-01,5,4.5,1999-05,OK,"L.attrs contém termo(s) ['forecast_period'] — indica semântica de lead/target, mas isso sozinho não confirma o valor exato de H5 sem uma variável auxiliar de data-alvo. | nenhuma variável auxiliar de data-alvo (('target', 'valid_time', 'target_month', 'forecast_time')) encontrada no dataset aberto — tentando Método B (semântica documentada do eixo forecast_period, Seção 4). | confirmado pela semântica documentada do eixo forecast_period (Método B, Seção 4/6): inicialização confirmada via SCALAR_COORD_ON_VARIABLE (status=OK_SCALAR_COORD), L.standard_name='forecast_period'/units='months', grade [0.5, 1.5, 2.5, 3.5, 4.5, 5.5] mensal confirmada, rota com forecast_period_semantics_documented=True.",CONFIRMED_BY_FORECAST_PERIOD_SEMANTICS,SCALAR_COORD_ON_VARIABLE,1999-01,1999-01,1,OK_SCALAR_COORD,RANGEEDGES,RANGEEDGES_WINDOW_COORDINATE_MATCH,1999-01-01 00:00:00; 1999-02-01 00:00:00,1999-01-01 00:00:00,"esquema=lead1_igual_mes_inicializacao, representação=NMME_HARMONIZED_MONTHLY",Fazendas_Sinobras_Centroide
1999-01,NOAA_NCEP,CFSv2,1999-01,6,5.5,1999-06,OK,"L.attrs contém termo(s) ['forecast_period'] — indica semântica de lead/target, mas isso sozinho não confirma o valor exato de H6 sem uma variável auxiliar de data-alvo. | nenhuma variável auxiliar de data-alvo (('target', 'valid_time', 'target_month', 'forecast_time')) encontrada no dataset aberto — tentando Método B (semântica documentada do eixo forecast_period, Seção 4). | confirmado pela semântica documentada do eixo forecast_period (Método B, Seção 4/6): inicialização confirmada via SCALAR_COORD_ON_VARIABLE (status=OK_SCALAR_COORD), L.standard_name='forecast_period'/units='months', grade [0.5, 1.5, 2.5, 3.5, 4.5, 5.5] mensal confirmada, rota com forecast_period_semantics_documented=True.",CONFIRMED_BY_FORECAST_PERIOD_SEMANTICS,SCALAR_COORD_ON_VARIABLE,1999-01,1999-01,1,OK_SCALAR_COORD,RANGEEDGES,RANGEEDGES_WINDOW_COORDINATE_MATCH,1999-01-01 00:00:00; 1999-02-01 00:00:00,1999-01-01 00:00:00,"esquema=lead1_igual_mes_inicializacao, representação=NMME_HARMONIZED_MONTHLY",Fazendas_Sinobras_Centroide
1999-02,NOAA_NCEP,CFSv2,1999-02,1,0.5,1999-02,OK,"L.attrs contém termo(s) ['forecast_period'] — indica semântica de lead/target, mas isso sozinho não confirma o valor exato de H1 sem uma variável auxiliar de data-alvo. | nenhuma variável auxiliar de data-alvo (('target', 'valid_time', 'target_month', 'forecast_time')) encontrada no dataset aberto — tentando Método B (semântica documentada do eixo forecast_period, Seção 4). | confirmado pela semântica documentada do eixo forecast_period (Método B, Seção 4/6): inicialização confirmada via SCALAR_COORD_ON_VARIABLE (status=OK_SCALAR_COORD), L.standard_name='forecast_period'/units='months', grade [0.5, 1.5, 2.5, 3.5, 4.5, 5.5] mensal confirmada, rota com forecast_period_semantics_documented=True.",CONFIRMED_BY_FORECAST_PERIOD_SEMANTICS,SCALAR_COORD_ON_VARIABLE,1999-02,1999-02,1,OK_SCALAR_COORD,RANGEEDGES,RANGEEDGES_WINDOW_COORDINATE_MATCH,1999-02-01 00:00:00; 1999-03-01 00:00:00,1999-02-01 00:00:00,"esquema=lead1_igual_mes_inicializacao, representação=NMME_HARMONIZED_MONTHLY",Fazendas_Sinobras_Centroide
1999-02,NOAA_NCEP,CFSv2,1999-02,2,1.5,1999-03,OK,"L.attrs contém termo(s) ['forecast_period'] — indica semântica de lead/target, mas isso sozinho não confirma o valor exato de H2 sem uma variável auxiliar de data-alvo. | nenhuma variável auxiliar de data-alvo (('target', 'valid_time', 'target_month', 'forecast_time')) encontrada no dataset aberto — tentando Método B (semântica documentada do eixo forecast_period, Seção 4). | confirmado pela semântica documentada do eixo forecast_period (Método B, Seção 4/6): inicialização confirmada via SCALAR_COORD_ON_VARIABLE (status=OK_SCALAR_COORD), L.standard_name='forecast_period'/units='months', grade [0.5, 1.5, 2.5, 3.5, 4.5, 5.5] mensal confirmada, rota com forecast_period_semantics_documented=True.",CONFIRMED_BY_FORECAST_PERIOD_SEMANTICS,SCALAR_COORD_ON_VARIABLE,1999-02,1999-02,1,OK_SCALAR_COORD,RANGEEDGES,RANGEEDGES_WINDOW_COORDINATE_MATCH,1999-02-01 00:00:00; 1999-03-01 00:00:00,1999-02-01 00:00:00,"esquema=lead1_igual_mes_inicializacao, representação=NMME_HARMONIZED_MONTHLY",Fazendas_Sinobras_Centroide
1999-02,NOAA_NCEP,CFSv2,1999-02,3,2.5,1999-04,OK,"L.attrs contém termo(s) ['forecast_period'] — indica semântica de lead/target, mas isso sozinho não confirma o valor exato de H3 sem uma variável auxiliar de data-alvo. | nenhuma variável auxiliar de data-alvo (('target', 'valid_time', 'target_month', 'forecast_time')) encontrada no dataset aberto — tentando Método B (semântica documentada do eixo forecast_period, Seção 4). | confirmado pela semântica documentada do eixo forecast_period (Método B, Seção 4/6): inicialização confirmada via SCALAR_COORD_ON_VARIABLE (status=OK_SCALAR_COORD), L.standard_name='forecast_period'/units='months', grade [0.5, 1.5, 2.5, 3.5, 4.5, 5.5] mensal confirmada, rota com forecast_period_semantics_documented=True.",CONFIRMED_BY_FORECAST_PERIOD_SEMANTICS,SCALAR_COORD_ON_VARIABLE,1999-02,1999-02,1,OK_SCALAR_COORD,RANGEEDGES,RANGEEDGES_WINDOW_COORDINATE_MATCH,1999-02-01 00:00:00; 1999-03-01 00:00:00,1999-02-01 00:00:00,"esquema=lead1_igual_mes_inicializacao, representação=NMME_HARMONIZED_MONTHLY",Fazendas_Sinobras_Centroide
1999-02,NOAA_NCEP,CFSv2,1999-02,4,3.5,1999-05,OK,"L.attrs contém termo(s) ['forecast_period'] — indica semântica de lead/target, mas isso sozinho não confirma o valor exato de H4 sem uma variável auxiliar de data-alvo. | nenhuma variável auxiliar de data-alvo (('target', 'valid_time', 'target_month', 'forecast_time')) encontrada no dataset aberto — tentando Método B (semântica documentada do eixo forecast_period, Seção 4). | confirmado pela semântica documentada do eixo forecast_period (Método B, Seção 4/6): inicialização confirmada via SCALAR_COORD_ON_VARIABLE (status=OK_SCALAR_COORD), L.standard_name='forecast_period'/units='months', grade [0.5, 1.5, 2.5, 3.5, 4.5, 5.5] mensal confirmada, rota com forecast_period_semantics_documented=True.",CONFIRMED_BY_FORECAST_PERIOD_SEMANTICS,SCALAR_COORD_ON_VARIABLE,1999-02,1999-02,1,OK_SCALAR_COORD,RANGEEDGES,RANGEEDGES_WINDOW_COORDINATE_MATCH,1999-02-01 00:00:00; 1999-03-01 00:00:00,1999-02-01 00:00:00,"esquema=lead1_igual_mes_inicializacao, representação=NMME_HARMONIZED_MONTHLY",Fazendas_Sinobras_Centroide
1999-02,NOAA_NCEP,CFSv2,1999-02,5,4.5,1999-06,OK,"L.attrs contém termo(s) ['forecast_period'] — indica semântica de lead/target, mas isso sozinho não confirma o valor exato de H5 sem uma variável auxiliar de data-alvo. | nenhuma variável auxiliar de data-alvo (('target', 'valid_time', 'target_month', 'forecast_time')) encontrada no dataset aberto — tentando Método B (semântica documentada do eixo forecast_period, Seção 4). | confirmado pela semântica documentada do eixo forecast_period (Método B, Seção 4/6): inicialização confirmada via SCALAR_COORD_ON_VARIABLE (status=OK_SCALAR_COORD), L.standard_name='forecast_period'/units='months', grade [0.5, 1.5, 2.5, 3.5, 4.5, 5.5] mensal confirmada, rota com forecast_period_semantics_documented=True.",CONFIRMED_BY_FORECAST_PERIOD_SEMANTICS,SCALAR_COORD_ON_VARIABLE,1999-02,1999-02,1,OK_SCALAR_COORD,RANGEEDGES,RANGEEDGES_WINDOW_COORDINATE_MATCH,1999-02-01 00:00:00; 1999-03-01 00:00:00,1999-02-01 00:00:00,"esquema=lead1_igual_mes_inicializacao, representação=NMME_HARMONIZED_MONTHLY",Fazendas_Sinobras_Centroide
1999-02,NOAA_NCEP,CFSv2,1999-02,6,5.5,1999-07,OK,"L.attrs contém termo(s) ['forecast_period'] — indica semântica de lead/target, mas isso sozinho não confirma o valor exato de H6 sem uma variável auxiliar de data-alvo. | nenhuma variável auxiliar de data-alvo (('target', 'valid_time', 'target_month', 'forecast_time')) encontrada no dataset aberto — tentando Método B (semântica documentada do eixo forecast_period, Seção 4). | confirmado pela semântica documentada do eixo forecast_period (Método B, Seção 4/6): inicialização confirmada via SCALAR_COORD_ON_VARIABLE (status=OK_SCALAR_COORD), L.standard_name='forecast_period'/units='months', grade [0.5, 1.5, 2.5, 3.5, 4.5, 5.5] mensal confirmada, rota com forecast_period_semantics_documented=True.",CONFIRMED_BY_FORECAST_PERIOD_SEMANTICS,SCALAR_COORD_ON_VARIABLE,1999-02,1999-02,1,OK_SCALAR_COORD,RANGEEDGES,RANGEEDGES_WINDOW_COORDINATE_MATCH,1999-02-01 00:00:00; 1999-03-01 00:00:00,1999-02-01 00:00:00,"esquema=lead1_igual_mes_inicializacao, representação=NMME_HARMONIZED_MONTHLY",Fazendas_Sinobras_Centroide
1999-03,NOAA_NCEP,CFSv2,1999-03,1,0.5,1999-03,OK,"L.attrs contém termo(s) ['forecast_period'] — indica semântica de lead/target, mas isso sozinho não confirma o valor exato de H1 sem uma variável auxiliar de data-alvo. | nenhuma variável auxiliar de data-alvo (('target', 'valid_time', 'target_month', 'forecast_time')) encontrada no dataset aberto — tentando Método B (semântica documentada do eixo forecast_period, Seção 4). | confirmado pela semântica documentada do eixo forecast_period (Método B, Seção 4/6): inicialização confirmada via SCALAR_COORD_ON_VARIABLE (status=OK_SCALAR_COORD), L.standard_name='forecast_period'/units='months', grade [0.5, 1.5, 2.5, 3.5, 4.5, 5.5] mensal confirmada, rota com forecast_period_semantics_documented=True.",CONFIRMED_BY_FORECAST_PERIOD_SEMANTICS,SCALAR_COORD_ON_VARIABLE,1999-03,1999-03,1,OK_SCALAR_COORD,RANGEEDGES,RANGEEDGES_WINDOW_COORDINATE_MATCH,1999-03-01 00:00:00; 1999-04-01 00:00:00,1999-03-01 00:00:00,"esquema=lead1_igual_mes_inicializacao, representação=NMME_HARMONIZED_MONTHLY",Fazendas_Sinobras_Centroide
1999-03,NOAA_NCEP,CFSv2,1999-03,2,1.5,1999-04,OK,"L.attrs contém termo(s) ['forecast_period'] — indica semântica de lead/target, mas isso sozinho não confirma o valor exato de H2 sem uma variável auxiliar de data-alvo. | nenhuma variável auxiliar de data-alvo (('target', 'valid_time', 'target_month', 'forecast_time')) encontrada no dataset aberto — tentando Método B (semântica documentada do eixo forecast_period, Seção 4). | confirmado pela semântica documentada do eixo forecast_period (Método B, Seção 4/6): inicialização confirmada via SCALAR_COORD_ON_VARIABLE (status=OK_SCALAR_COORD), L.standard_name='forecast_period'/units='months', grade [0.5, 1.5, 2.5, 3.5, 4.5, 5.5] mensal confirmada, rota com forecast_period_semantics_documented=True.",CONFIRMED_BY_FORECAST_PERIOD_SEMANTICS,SCALAR_COORD_ON_VARIABLE,1999-03,1999-03,1,OK_SCALAR_COORD,RANGEEDGES,RANGEEDGES_WINDOW_COORDINATE_MATCH,1999-03-01 00:00:00; 1999-04-01 00:00:00,1999-03-01 00:00:00,"esquema=lead1_igual_mes_inicializacao, representação=NMME_HARMONIZED_MONTHLY",Fazendas_Sinobras_Centroide
1999-03,NOAA_NCEP,CFSv2,1999-03,3,2.5,1999-05,OK,"L.attrs contém termo(s) ['forecast_period'] — indica semântica de lead/target, mas isso sozinho não confirma o valor exato de H3 sem uma variável auxiliar de data-alvo. | nenhuma variável auxiliar de data-alvo (('target', 'valid_time', 'target_month', 'forecast_time')) encontrada no dataset aberto — tentando Método B (semântica documentada do eixo forecast_period, Seção 4). | confirmado pela semântica documentada do eixo forecast_period (Método B, Seção 4/6): inicialização confirmada via SCALAR_COORD_ON_VARIABLE (status=OK_SCALAR_COORD), L.standard_name='forecast_period'/units='months', grade [0.5, 1.5, 2.5, 3.5, 4.5, 5.5] mensal confirmada, rota com forecast_period_semantics_documented=True.",CONFIRMED_BY_FORECAST_PERIOD_SEMANTICS,SCALAR_COORD_ON_VARIABLE,1999-03,1999-03,1,OK_SCALAR_COORD,RANGEEDGES,RANGEEDGES_WINDOW_COORDINATE_MATCH,1999-03-01 00:00:00; 1999-04-01 00:00:00,1999-03-01 00:00:00,"esquema=lead1_igual_mes_inicializacao, representação=NMME_HARMONIZED_MONTHLY",Fazendas_Sinobras_Centroide
1999-03,NOAA_NCEP,CFSv2,1999-03,4,3.5,1999-06,OK,"L.attrs contém termo(s) ['forecast_period'] — indica semântica de lead/target, mas isso sozinho não confirma o valor exato de H4 sem uma variável auxiliar de data-alvo. | nenhuma variável auxiliar de data-alvo (('target', 'valid_time', 'target_month', 'forecast_time')) encontrada no dataset aberto — tentando Método B (semântica documentada do eixo forecast_period, Seção 4). | confirmado pela semântica documentada do eixo forecast_period (Método B, Seção 4/6): inicialização confirmada via SCALAR_COORD_ON_VARIABLE (status=OK_SCALAR_COORD), L.standard_name='forecast_period'/units='months', grade [0.5, 1.5, 2.5, 3.5, 4.5, 5.5] mensal confirmada, rota com forecast_period_semantics_documented=True.",CONFIRMED_BY_FORECAST_PERIOD_SEMANTICS,SCALAR_COORD_ON_VARIABLE,1999-03,1999-03,1,OK_SCALAR_COORD,RANGEEDGES,RANGEEDGES_WINDOW_COORDINATE_MATCH,1999-03-01 00:00:00; 1999-04-01 00:00:00,1999-03-01 00:00:00,"esquema=lead1_igual_mes_inicializacao, representação=NMME_HARMONIZED_MONTHLY",Fazendas_Sinobras_Centroide
1999-03,NOAA_NCEP,CFSv2,1999-03,5,4.5,1999-07,OK,"L.attrs contém termo(s) ['forecast_period'] — indica semântica de lead/target, mas isso sozinho não confirma o valor exato de H5 sem uma variável auxiliar de data-alvo. | nenhuma variável auxiliar de data-alvo (('target', 'valid_time', 'target_month', 'forecast_time')) encontrada no dataset aberto — tentando Método B (semântica documentada do eixo forecast_period, Seção 4). | confirmado pela semântica documentada do eixo forecast_period (Método B, Seção 4/6): inicialização confirmada via SCALAR_COORD_ON_VARIABLE (status=OK_SCALAR_COORD), L.standard_name='forecast_period'/units='months', grade [0.5, 1.5, 2.5, 3.5, 4.5, 5.5] mensal confirmada, rota com forecast_period_semantics_documented=True.",CONFIRMED_BY_FORECAST_PERIOD_SEMANTICS,SCALAR_COORD_ON_VARIABLE,1999-03,1999-03,1,OK_SCALAR_COORD,RANGEEDGES,RANGEEDGES_WINDOW_COORDINATE_MATCH,1999-03-01 00:00:00; 1999-04-01 00:00:00,1999-03-01 00:00:00,"esquema=lead1_igual_mes_inicializacao, representação=NMME_HARMONIZED_MONTHLY",Fazendas_Sinobras_Centroide
1999-03,NOAA_NCEP,CFSv2,1999-03,6,5.5,1999-08,OK,"L.attrs contém termo(s) ['forecast_period'] — indica semântica de lead/target, mas isso sozinho não confirma o valor exato de H6 sem uma variável auxiliar de data-alvo. | nenhuma variável auxiliar de data-alvo (('target', 'valid_time', 'target_month', 'forecast_time')) encontrada no dataset aberto — tentando Método B (semântica documentada do eixo forecast_period, Seção 4). | confirmado pela semântica documentada do eixo forecast_period (Método B, Seção 4/6): inicialização confirmada via SCALAR_COORD_ON_VARIABLE (status=OK_SCALAR_COORD), L.standard_name='forecast_period'/units='months', grade [0.5, 1.5, 2.5, 3.5, 4.5, 5.5] mensal confirmada, rota com forecast_period_semantics_documented=True.",CONFIRMED_BY_FORECAST_PERIOD_SEMANTICS,SCALAR_COORD_ON_VARIABLE,1999-03,1999-03,1,OK_SCALAR_COORD,RANGEEDGES,RANGEEDGES_WINDOW_COORDINATE_MATCH,1999-03-01 00:00:00; 1999-04-01 00:00:00,1999-03-01 00:00:00,"esquema=lead1_igual_mes_inicializacao, representação=NMME_HARMONIZED_MONTHLY",Fazendas_Sinobras_Centroide
1999-04,NOAA_NCEP,CFSv2,1999-04,1,0.5,1999-04,OK,"L.attrs contém termo(s) ['forecast_period'] — indica semântica de lead/target, mas isso sozinho não confirma o valor exato de H1 sem uma variável auxiliar de data-alvo. | nenhuma variável auxiliar de data-alvo (('target', 'valid_time', 'target_month', 'forecast_time')) encontrada no dataset aberto — tentando Método B (semântica documentada do eixo forecast_period, Seção 4). | confirmado pela semântica documentada do eixo forecast_period (Método B, Seção 4/6): inicialização confirmada via SCALAR_COORD_ON_VARIABLE (status=OK_SCALAR_COORD), L.standard_name='forecast_period'/units='months', grade [0.5, 1.5, 2.5, 3.5, 4.5, 5.5] mensal confirmada, rota com forecast_period_semantics_documented=True.",CONFIRMED_BY_FORECAST_PERIOD_SEMANTICS,SCALAR_COORD_ON_VARIABLE,1999-04,1999-04,1,OK_SCALAR_COORD,RANGEEDGES,RANGEEDGES_WINDOW_COORDINATE_MATCH,1999-04-01 00:00:00; 1999-05-01 00:00:00,1999-04-01 00:00:00,"esquema=lead1_igual_mes_inicializacao, representação=NMME_HARMONIZED_MONTHLY",Fazendas_Sinobras_Centroide
1999-04,NOAA_NCEP,CFSv2,1999-04,2,1.5,1999-05,OK,"L.attrs contém termo(s) ['forecast_period'] — indica semântica de lead/target, mas isso sozinho não confirma o valor exato de H2 sem uma variável auxiliar de data-alvo. | nenhuma variável auxiliar de data-alvo (('target', 'valid_time', 'target_month', 'forecast_time')) encontrada no dataset aberto — tentando Método B (semântica documentada do eixo forecast_period, Seção 4). | confirmado pela semântica documentada do eixo forecast_period (Método B, Seção 4/6): inicialização confirmada via SCALAR_COORD_ON_VARIABLE (status=OK_SCALAR_COORD), L.standard_name='forecast_period'/units='months', grade [0.5, 1.5, 2.5, 3.5, 4.5, 5.5] mensal confirmada, rota com forecast_period_semantics_documented=True.",CONFIRMED_BY_FORECAST_PERIOD_SEMANTICS,SCALAR_COORD_ON_VARIABLE,1999-04,1999-04,1,OK_SCALAR_COORD,RANGEEDGES,RANGEEDGES_WINDOW_COORDINATE_MATCH,1999-04-01 00:00:00; 1999-05-01 00:00:00,1999-04-01 00:00:00,"esquema=lead1_igual_mes_inicializacao, representação=NMME_HARMONIZED_MONTHLY",Fazendas_Sinobras_Centroide
1999-04,NOAA_NCEP,CFSv2,1999-04,3,2.5,1999-06,OK,"L.attrs contém termo(s) ['forecast_period'] — indica semântica de lead/target, mas isso sozinho não confirma o valor exato de H3 sem uma variável auxiliar de data-alvo. | nenhuma variável auxiliar de data-alvo (('target', 'valid_time', 'target_month', 'forecast_time')) encontrada no dataset aberto — tentando Método B (semântica documentada do eixo forecast_period, Seção 4). | confirmado pela semântica documentada do eixo forecast_period (Método B, Seção 4/6): inicialização confirmada via SCALAR_COORD_ON_VARIABLE (status=OK_SCALAR_COORD), L.standard_name='forecast_period'/units='months', grade [0.5, 1.5, 2.5, 3.5, 4.5, 5.5] mensal confirmada, rota com forecast_period_semantics_documented=True.",CONFIRMED_BY_FORECAST_PERIOD_SEMANTICS,SCALAR_COORD_ON_VARIABLE,1999-04,1999-04,1,OK_SCALAR_COORD,RANGEEDGES,RANGEEDGES_WINDOW_COORDINATE_MATCH,1999-04-01 00:00:00; 1999-05-01 00:00:00,1999-04-01 00:00:00,"esquema=lead1_igual_mes_inicializacao, representação=NMME_HARMONIZED_MONTHLY",Fazendas_Sinobras_Centroide
1999-04,NOAA_NCEP,CFSv2,1999-04,4,3.5,1999-07,OK,"L.attrs contém termo(s) ['forecast_period'] — indica semântica de lead/target, mas isso sozinho não confirma o valor exato de H4 sem uma variável auxiliar de data-alvo. | nenhuma variável auxiliar de data-alvo (('target', 'valid_time', 'target_month', 'forecast_time')) encontrada no dataset aberto — tentando Método B (semântica documentada do eixo forecast_period, Seção 4). | confirmado pela semântica documentada do eixo forecast_period (Método B, Seção 4/6): inicialização confirmada via SCALAR_COORD_ON_VARIABLE (status=OK_SCALAR_COORD), L.standard_name='forecast_period'/units='months', grade [0.5, 1.5, 2.5, 3.5, 4.5, 5.5] mensal confirmada, rota com forecast_period_semantics_documented=True.",CONFIRMED_BY_FORECAST_PERIOD_SEMANTICS,SCALAR_COORD_ON_VARIABLE,1999-04,1999-04,1,OK_SCALAR_COORD,RANGEEDGES,RANGEEDGES_WINDOW_COORDINATE_MATCH,1999-04-01 00:00:00; 1999-05-01 00:00:00,1999-04-01 00:00:00,"esquema=lead1_igual_mes_inicializacao, representação=NMME_HARMONIZED_MONTHLY",Fazendas_Sinobras_Centroide
1999-04,NOAA_NCEP,CFSv2,1999-04,5,4.5,1999-08,OK,"L.attrs contém termo(s) ['forecast_period'] — indica semântica de lead/target, mas isso sozinho não confirma o valor exato de H5 sem uma variável auxiliar de data-alvo. | nenhuma variável auxiliar de data-alvo (('target', 'valid_time', 'target_month', 'forecast_time')) encontrada no dataset aberto — tentando Método B (semântica documentada do eixo forecast_period, Seção 4). | confirmado pela semântica documentada do eixo forecast_period (Método B, Seção 4/6): inicialização confirmada via SCALAR_COORD_ON_VARIABLE (status=OK_SCALAR_COORD), L.standard_name='forecast_period'/units='months', grade [0.5, 1.5, 2.5, 3.5, 4.5, 5.5] mensal confirmada, rota com forecast_period_semantics_documented=True.",CONFIRMED_BY_FORECAST_PERIOD_SEMANTICS,SCALAR_COORD_ON_VARIABLE,1999-04,1999-04,1,OK_SCALAR_COORD,RANGEEDGES,RANGEEDGES_WINDOW_COORDINATE_MATCH,1999-04-01 00:00:00; 1999-05-01 00:00:00,1999-04-01 00:00:00,"esquema=lead1_igual_mes_inicializacao, representação=NMME_HARMONIZED_MONTHLY",Fazendas_Sinobras_Centroide
1999-04,NOAA_NCEP,CFSv2,1999-04,6,5.5,1999-09,OK,"L.attrs contém termo(s) ['forecast_period'] — indica semântica de lead/target, mas isso sozinho não confirma o valor exato de H6 sem uma variável auxiliar de data-alvo. | nenhuma variável auxiliar de data-alvo (('target', 'valid_time', 'target_month', 'forecast_time')) encontrada no dataset aberto — tentando Método B (semântica documentada do eixo forecast_period, Seção 4). | confirmado pela semântica documentada do eixo forecast_period (Método B, Seção 4/6): inicialização confirmada via SCALAR_COORD_ON_VARIABLE (status=OK_SCALAR_COORD), L.standard_name='forecast_period'/units='months', grade [0.5, 1.5, 2.5, 3.5, 4.5, 5.5] mensal confirmada, rota com forecast_period_semantics_documented=True.",CONFIRMED_BY_FORECAST_PERIOD_SEMANTICS,SCALAR_COORD_ON_VARIABLE,1999-04,1999-04,1,OK_SCALAR_COORD,RANGEEDGES,RANGEEDGES_WINDOW_COORDINATE_MATCH,1999-04-01 00:00:00; 1999-05-01 00:00:00,1999-04-01 00:00:00,"esquema=lead1_igual_mes_inicializacao, representação=NMME_HARMONIZED_MONTHLY",Fazendas_Sinobras_Centroide
1999-05,NOAA_NCEP,CFSv2,1999-05,1,0.5,1999-05,OK,"L.attrs contém termo(s) ['forecast_period'] — indica semântica de lead/target, mas isso sozinho não confirma o valor exato de H1 sem uma variável auxiliar de data-alvo. | nenhuma variável auxiliar de data-alvo (('target', 'valid_time', 'target_month', 'forecast_time')) encontrada no dataset aberto — tentando Método B (semântica documentada do eixo forecast_period, Seção 4). | confirmado pela semântica documentada do eixo forecast_period (Método B, Seção 4/6): inicialização confirmada via SCALAR_COORD_ON_VARIABLE (status=OK_SCALAR_COORD), L.standard_name='forecast_period'/units='months', grade [0.5, 1.5, 2.5, 3.5, 4.5, 5.5] mensal confirmada, rota com forecast_period_semantics_documented=True.",CONFIRMED_BY_FORECAST_PERIOD_SEMANTICS,SCALAR_COORD_ON_VARIABLE,1999-05,1999-05,1,OK_SCALAR_COORD,RANGEEDGES,RANGEEDGES_WINDOW_COORDINATE_MATCH,1999-05-01 00:00:00; 1999-06-01 00:00:00,1999-05-01 00:00:00,"esquema=lead1_igual_mes_inicializacao, representação=NMME_HARMONIZED_MONTHLY",Fazendas_Sinobras_Centroide
1999-05,NOAA_NCEP,CFSv2,1999-05,2,1.5,1999-06,OK,"L.attrs contém termo(s) ['forecast_period'] — indica semântica de lead/target, mas isso sozinho não confirma o valor exato de H2 sem uma variável auxiliar de data-alvo. | nenhuma variável auxiliar de data-alvo (('target', 'valid_time', 'target_month', 'forecast_time')) encontrada no dataset aberto — tentando Método B (semântica documentada do eixo forecast_period, Seção 4). | confirmado pela semântica documentada do eixo forecast_period (Método B, Seção 4/6): inicialização confirmada via SCALAR_COORD_ON_VARIABLE (status=OK_SCALAR_COORD), L.standard_name='forecast_period'/units='months', grade [0.5, 1.5, 2.5, 3.5, 4.5, 5.5] mensal confirmada, rota com forecast_period_semantics_documented=True.",CONFIRMED_BY_FORECAST_PERIOD_SEMANTICS,SCALAR_COORD_ON_VARIABLE,1999-05,1999-05,1,OK_SCALAR_COORD,RANGEEDGES,RANGEEDGES_WINDOW_COORDINATE_MATCH,1999-05-01 00:00:00; 1999-06-01 00:00:00,1999-05-01 00:00:00,"esquema=lead1_igual_mes_inicializacao, representação=NMME_HARMONIZED_MONTHLY",Fazendas_Sinobras_Centroide
1999-05,NOAA_NCEP,CFSv2,1999-05,3,2.5,1999-07,OK,"L.attrs contém termo(s) ['forecast_period'] — indica semântica de lead/target, mas isso sozinho não confirma o valor exato de H3 sem uma variável auxiliar de data-alvo. | nenhuma variável auxiliar de data-alvo (('target', 'valid_time', 'target_month', 'forecast_time')) encontrada no dataset aberto — tentando Método B (semântica documentada do eixo forecast_period, Seção 4). | confirmado pela semântica documentada do eixo forecast_period (Método B, Seção 4/6): inicialização confirmada via SCALAR_COORD_ON_VARIABLE (status=OK_SCALAR_COORD), L.standard_name='forecast_period'/units='months', grade [0.5, 1.5, 2.5, 3.5, 4.5, 5.5] mensal confirmada, rota com forecast_period_semantics_documented=True.",CONFIRMED_BY_FORECAST_PERIOD_SEMANTICS,SCALAR_COORD_ON_VARIABLE,1999-05,1999-05,1,OK_SCALAR_COORD,RANGEEDGES,RANGEEDGES_WINDOW_COORDINATE_MATCH,1999-05-01 00:00:00; 1999-06-01 00:00:00,1999-05-01 00:00:00,"esquema=lead1_igual_mes_inicializacao, representação=NMME_HARMONIZED_MONTHLY",Fazendas_Sinobras_Centroide
1999-05,NOAA_NCEP,CFSv2,1999-05,4,3.5,1999-08,OK,"L.attrs contém termo(s) ['forecast_period'] — indica semântica de lead/target, mas isso sozinho não confirma o valor exato de H4 sem uma variável auxiliar de data-alvo. | nenhuma variável auxiliar de data-alvo (('target', 'valid_time', 'target_month', 'forecast_time')) encontrada no dataset aberto — tentando Método B (semântica documentada do eixo forecast_period, Seção 4). | confirmado pela semântica documentada do eixo forecast_period (Método B, Seção 4/6): inicialização confirmada via SCALAR_COORD_ON_VARIABLE (status=OK_SCALAR_COORD), L.standard_name='forecast_period'/units='months', grade [0.5, 1.5, 2.5, 3.5, 4.5, 5.5] mensal confirmada, rota com forecast_period_semantics_documented=True.",CONFIRMED_BY_FORECAST_PERIOD_SEMANTICS,SCALAR_COORD_ON_VARIABLE,1999-05,1999-05,1,OK_SCALAR_COORD,RANGEEDGES,RANGEEDGES_WINDOW_COORDINATE_MATCH,1999-05-01 00:00:00; 1999-06-01 00:00:00,1999-05-01 00:00:00,"esquema=lead1_igual_mes_inicializacao, representação=NMME_HARMONIZED_MONTHLY",Fazendas_Sinobras_Centroide
1999-05,NOAA_NCEP,CFSv2,1999-05,5,4.5,1999-09,OK,"L.attrs contém termo(s) ['forecast_period'] — indica semântica de lead/target, mas isso sozinho não confirma o valor exato de H5 sem uma variável auxiliar de data-alvo. | nenhuma variável auxiliar de data-alvo (('target', 'valid_time', 'target_month', 'forecast_time')) encontrada no dataset aberto — tentando Método B (semântica documentada do eixo forecast_period, Seção 4). | confirmado pela semântica documentada do eixo forecast_period (Método B, Seção 4/6): inicialização confirmada via SCALAR_COORD_ON_VARIABLE (status=OK_SCALAR_COORD), L.standard_name='forecast_period'/units='months', grade [0.5, 1.5, 2.5, 3.5, 4.5, 5.5] mensal confirmada, rota com forecast_period_semantics_documented=True.",CONFIRMED_BY_FORECAST_PERIOD_SEMANTICS,SCALAR_COORD_ON_VARIABLE,1999-05,1999-05,1,OK_SCALAR_COORD,RANGEEDGES,RANGEEDGES_WINDOW_COORDINATE_MATCH,1999-05-01 00:00:00; 1999-06-01 00:00:00,1999-05-01 00:00:00,"esquema=lead1_igual_mes_inicializacao, representação=NMME_HARMONIZED_MONTHLY",Fazendas_Sinobras_Centroide
1999-05,NOAA_NCEP,CFSv2,1999-05,6,5.5,1999-10,OK,"L.attrs contém termo(s) ['forecast_period'] — indica semântica de lead/target, mas isso sozinho não confirma o valor exato de H6 sem uma variável auxiliar de data-alvo. | nenhuma variável auxiliar de data-alvo (('target', 'valid_time', 'target_month', 'forecast_time')) encontrada no dataset aberto — tentando Método B (semântica documentada do eixo forecast_period, Seção 4). | confirmado pela semântica documentada do eixo forecast_period (Método B, Seção 4/6): inicialização confirmada via SCALAR_COORD_ON_VARIABLE (status=OK_SCALAR_COORD), L.standard_name='forecast_period'/units='months', grade [0.5, 1.5, 2.5, 3.5, 4.5, 5.5] mensal confirmada, rota com forecast_period_semantics_documented=True.",CONFIRMED_BY_FORECAST_PERIOD_SEMANTICS,SCALAR_COORD_ON_VARIABLE,1999-05,1999-05,1,OK_SCALAR_COORD,RANGEEDGES,RANGEEDGES_WINDOW_COORDINATE_MATCH,1999-05-01 00:00:00; 1999-06-01 00:00:00,1999-05-01 00:00:00,"esquema=lead1_igual_mes_inicializacao, representação=NMME_HARMONIZED_MONTHLY",Fazendas_Sinobras_Centroide
1999-06,NOAA_NCEP,CFSv2,1999-06,1,0.5,1999-06,OK,"L.attrs contém termo(s) ['forecast_period'] — indica semântica de lead/target, mas isso sozinho não confirma o valor exato de H1 sem uma variável auxiliar de data-alvo. | nenhuma variável auxiliar de data-alvo (('target', 'valid_time', 'target_month', 'forecast_time')) encontrada no dataset aberto — tentando Método B (semântica documentada do eixo forecast_period, Seção 4). | confirmado pela semântica documentada do eixo forecast_period (Método B, Seção 4/6): inicialização confirmada via SCALAR_COORD_ON_VARIABLE (status=OK_SCALAR_COORD), L.standard_name='forecast_period'/units='months', grade [0.5, 1.5, 2.5, 3.5, 4.5, 5.5] mensal confirmada, rota com forecast_period_semantics_documented=True.",CONFIRMED_BY_FORECAST_PERIOD_SEMANTICS,SCALAR_COORD_ON_VARIABLE,1999-06,1999-06,1,OK_SCALAR_COORD,RANGEEDGES,RANGEEDGES_WINDOW_COORDINATE_MATCH,1999-06-01 00:00:00; 1999-07-01 00:00:00,1999-06-01 00:00:00,"esquema=lead1_igual_mes_inicializacao, representação=NMME_HARMONIZED_MONTHLY",Fazendas_Sinobras_Centroide
1999-06,NOAA_NCEP,CFSv2,1999-06,2,1.5,1999-07,OK,"L.attrs contém termo(s) ['forecast_period'] — indica semântica de lead/target, mas isso sozinho não confirma o valor exato de H2 sem uma variável auxiliar de data-alvo. | nenhuma variável auxiliar de data-alvo (('target', 'valid_time', 'target_month', 'forecast_time')) encontrada no dataset aberto — tentando Método B (semântica documentada do eixo forecast_period, Seção 4). | confirmado pela semântica documentada do eixo forecast_period (Método B, Seção 4/6): inicialização confirmada via SCALAR_COORD_ON_VARIABLE (status=OK_SCALAR_COORD), L.standard_name='forecast_period'/units='months', grade [0.5, 1.5, 2.5, 3.5, 4.5, 5.5] mensal confirmada, rota com forecast_period_semantics_documented=True.",CONFIRMED_BY_FORECAST_PERIOD_SEMANTICS,SCALAR_COORD_ON_VARIABLE,1999-06,1999-06,1,OK_SCALAR_COORD,RANGEEDGES,RANGEEDGES_WINDOW_COORDINATE_MATCH,1999-06-01 00:00:00; 1999-07-01 00:00:00,1999-06-01 00:00:00,"esquema=lead1_igual_mes_inicializacao, representação=NMME_HARMONIZED_MONTHLY",Fazendas_Sinobras_Centroide
1999-06,NOAA_NCEP,CFSv2,1999-06,3,2.5,1999-08,OK,"L.attrs contém termo(s) ['forecast_period'] — indica semântica de lead/target, mas isso sozinho não confirma o valor exato de H3 sem uma variável auxiliar de data-alvo. | nenhuma variável auxiliar de data-alvo (('target', 'valid_time', 'target_month', 'forecast_time')) encontrada no dataset aberto — tentando Método B (semântica documentada do eixo forecast_period, Seção 4). | confirmado pela semântica documentada do eixo forecast_period (Método B, Seção 4/6): inicialização confirmada via SCALAR_COORD_ON_VARIABLE (status=OK_SCALAR_COORD), L.standard_name='forecast_period'/units='months', grade [0.5, 1.5, 2.5, 3.5, 4.5, 5.5] mensal confirmada, rota com forecast_period_semantics_documented=True.",CONFIRMED_BY_FORECAST_PERIOD_SEMANTICS,SCALAR_COORD_ON_VARIABLE,1999-06,1999-06,1,OK_SCALAR_COORD,RANGEEDGES,RANGEEDGES_WINDOW_COORDINATE_MATCH,1999-06-01 00:00:00; 1999-07-01 00:00:00,1999-06-01 00:00:00,"esquema=lead1_igual_mes_inicializacao, representação=NMME_HARMONIZED_MONTHLY",Fazendas_Sinobras_Centroide
1999-06,NOAA_NCEP,CFSv2,1999-06,4,3.5,1999-09,OK,"L.attrs contém termo(s) ['forecast_period'] — indica semântica de lead/target, mas isso sozinho não confirma o valor exato de H4 sem uma variável auxiliar de data-alvo. | nenhuma variável auxiliar de data-alvo (('target', 'valid_time', 'target_month', 'forecast_time')) encontrada no dataset aberto — tentando Método B (semântica documentada do eixo forecast_period, Seção 4). | confirmado pela semântica documentada do eixo forecast_period (Método B, Seção 4/6): inicialização confirmada via SCALAR_COORD_ON_VARIABLE (status=OK_SCALAR_COORD), L.standard_name='forecast_period'/units='months', grade [0.5, 1.5, 2.5, 3.5, 4.5, 5.5] mensal confirmada, rota com forecast_period_semantics_documented=True.",CONFIRMED_BY_FORECAST_PERIOD_SEMANTICS,SCALAR_COORD_ON_VARIABLE,1999-06,1999-06,1,OK_SCALAR_COORD,RANGEEDGES,RANGEEDGES_WINDOW_COORDINATE_MATCH,1999-06-01 00:00:00; 1999-07-01 00:00:00,1999-06-01 00:00:00,"esquema=lead1_igual_mes_inicializacao, representação=NMME_HARMONIZED_MONTHLY",Fazendas_Sinobras_Centroide
1999-06,NOAA_NCEP,CFSv2,1999-06,5,4.5,1999-10,OK,"L.attrs contém termo(s) ['forecast_period'] — indica semântica de lead/target, mas isso sozinho não confirma o valor exato de H5 sem uma variável auxiliar de data-alvo. | nenhuma variável auxiliar de data-alvo (('target', 'valid_time', 'target_month', 'forecast_time')) encontrada no dataset aberto — tentando Método B (semântica documentada do eixo forecast_period, Seção 4). | confirmado pela semântica documentada do eixo forecast_period (Método B, Seção 4/6): inicialização confirmada via SCALAR_COORD_ON_VARIABLE (status=OK_SCALAR_COORD), L.standard_name='forecast_period'/units='months', grade [0.5, 1.5, 2.5, 3.5, 4.5, 5.5] mensal confirmada, rota com forecast_period_semantics_documented=True.",CONFIRMED_BY_FORECAST_PERIOD_SEMANTICS,SCALAR_COORD_ON_VARIABLE,1999-06,1999-06,1,OK_SCALAR_COORD,RANGEEDGES,RANGEEDGES_WINDOW_COORDINATE_MATCH,1999-06-01 00:00:00; 1999-07-01 00:00:00,1999-06-01 00:00:00,"esquema=lead1_igual_mes_inicializacao, representação=NMME_HARMONIZED_MONTHLY",Fazendas_Sinobras_Centroide
1999-06,NOAA_NCEP,CFSv2,1999-06,6,5.5,1999-11,OK,"L.attrs contém termo(s) ['forecast_period'] — indica semântica de lead/target, mas isso sozinho não confirma o valor exato de H6 sem uma variável auxiliar de data-alvo. | nenhuma variável auxiliar de data-alvo (('target', 'valid_time', 'target_month', 'forecast_time')) encontrada no dataset aberto — tentando Método B (semântica documentada do eixo forecast_period, Seção 4). | confirmado pela semântica documentada do eixo forecast_period (Método B, Seção 4/6): inicialização confirmada via SCALAR_COORD_ON_VARIABLE (status=OK_SCALAR_COORD), L.standard_name='forecast_period'/units='months', grade [0.5, 1.5, 2.5, 3.5, 4.5, 5.5] mensal confirmada, rota com forecast_period_semantics_documented=True.",CONFIRMED_BY_FORECAST_PERIOD_SEMANTICS,SCALAR_COORD_ON_VARIABLE,1999-06,1999-06,1,OK_SCALAR_COORD,RANGEEDGES,RANGEEDGES_WINDOW_COORDINATE_MATCH,1999-06-01 00:00:00; 1999-07-01 00:00:00,1999-06-01 00:00:00,"esquema=lead1_igual_mes_inicializacao, representação=NMME_HARMONIZED_MONTHLY",Fazendas_Sinobras_Centroide
1999-07,NOAA_NCEP,CFSv2,1999-07,1,0.5,1999-07,OK,"L.attrs contém termo(s) ['forecast_period'] — indica semântica de lead/target, mas isso sozinho não confirma o valor exato de H1 sem uma variável auxiliar de data-alvo. | nenhuma variável auxiliar de data-alvo (('target', 'valid_time', 'target_month', 'forecast_time')) encontrada no dataset aberto — tentando Método B (semântica documentada do eixo forecast_period, Seção 4). | confirmado pela semântica documentada do eixo forecast_period (Método B, Seção 4/6): inicialização confirmada via SCALAR_COORD_ON_VARIABLE (status=OK_SCALAR_COORD), L.standard_name='forecast_period'/units='months', grade [0.5, 1.5, 2.5, 3.5, 4.5, 5.5] mensal confirmada, rota com forecast_period_semantics_documented=True.",CONFIRMED_BY_FORECAST_PERIOD_SEMANTICS,SCALAR_COORD_ON_VARIABLE,1999-07,1999-07,1,OK_SCALAR_COORD,RANGEEDGES,RANGEEDGES_WINDOW_COORDINATE_MATCH,1999-07-01 00:00:00; 1999-08-01 00:00:00,1999-07-01 00:00:00,"esquema=lead1_igual_mes_inicializacao, representação=NMME_HARMONIZED_MONTHLY",Fazendas_Sinobras_Centroide
1999-07,NOAA_NCEP,CFSv2,1999-07,2,1.5,1999-08,OK,"L.attrs contém termo(s) ['forecast_period'] — indica semântica de lead/target, mas isso sozinho não confirma o valor exato de H2 sem uma variável auxiliar de data-alvo. | nenhuma variável auxiliar de data-alvo (('target', 'valid_time', 'target_month', 'forecast_time')) encontrada no dataset aberto — tentando Método B (semântica documentada do eixo forecast_period, Seção 4). | confirmado pela semântica documentada do eixo forecast_period (Método B, Seção 4/6): inicialização confirmada via SCALAR_COORD_ON_VARIABLE (status=OK_SCALAR_COORD), L.standard_name='forecast_period'/units='months', grade [0.5, 1.5, 2.5, 3.5, 4.5, 5.5] mensal confirmada, rota com forecast_period_semantics_documented=True.",CONFIRMED_BY_FORECAST_PERIOD_SEMANTICS,SCALAR_COORD_ON_VARIABLE,1999-07,1999-07,1,OK_SCALAR_COORD,RANGEEDGES,RANGEEDGES_WINDOW_COORDINATE_MATCH,1999-07-01 00:00:00; 1999-08-01 00:00:00,1999-07-01 00:00:00,"esquema=lead1_igual_mes_inicializacao, representação=NMME_HARMONIZED_MONTHLY",Fazendas_Sinobras_Centroide
1999-07,NOAA_NCEP,CFSv2,1999-07,3,2.5,1999-09,OK,"L.attrs contém termo(s) ['forecast_period'] — indica semântica de lead/target, mas isso sozinho não confirma o valor exato de H3 sem uma variável auxiliar de data-alvo. | nenhuma variável auxiliar de data-alvo (('target', 'valid_time', 'target_month', 'forecast_time')) encontrada no dataset aberto — tentando Método B (semântica documentada do eixo forecast_period, Seção 4). | confirmado pela semântica documentada do eixo forecast_period (Método B, Seção 4/6): inicialização confirmada via SCALAR_COORD_ON_VARIABLE (status=OK_SCALAR_COORD), L.standard_name='forecast_period'/units='months', grade [0.5, 1.5, 2.5, 3.5, 4.5, 5.5] mensal confirmada, rota com forecast_period_semantics_documented=True.",CONFIRMED_BY_FORECAST_PERIOD_SEMANTICS,SCALAR_COORD_ON_VARIABLE,1999-07,1999-07,1,OK_SCALAR_COORD,RANGEEDGES,RANGEEDGES_WINDOW_COORDINATE_MATCH,1999-07-01 00:00:00; 1999-08-01 00:00:00,1999-07-01 00:00:00,"esquema=lead1_igual_mes_inicializacao, representação=NMME_HARMONIZED_MONTHLY",Fazendas_Sinobras_Centroide
1999-07,NOAA_NCEP,CFSv2,1999-07,4,3.5,1999-10,OK,"L.attrs contém termo(s) ['forecast_period'] — indica semântica de lead/target, mas isso sozinho não confirma o valor exato de H4 sem uma variável auxiliar de data-alvo. | nenhuma variável auxiliar de data-alvo (('target', 'valid_time', 'target_month', 'forecast_time')) encontrada no dataset aberto — tentando Método B (semântica documentada do eixo forecast_period, Seção 4). | confirmado pela semântica documentada do eixo forecast_period (Método B, Seção 4/6): inicialização confirmada via SCALAR_COORD_ON_VARIABLE (status=OK_SCALAR_COORD), L.standard_name='forecast_period'/units='months', grade [0.5, 1.5, 2.5, 3.5, 4.5, 5.5] mensal confirmada, rota com forecast_period_semantics_documented=True.",CONFIRMED_BY_FORECAST_PERIOD_SEMANTICS,SCALAR_COORD_ON_VARIABLE,1999-07,1999-07,1,OK_SCALAR_COORD,RANGEEDGES,RANGEEDGES_WINDOW_COORDINATE_MATCH,1999-07-01 00:00:00; 1999-08-01 00:00:00,1999-07-01 00:00:00,"esquema=lead1_igual_mes_inicializacao, representação=NMME_HARMONIZED_MONTHLY",Fazendas_Sinobras_Centroide
1999-07,NOAA_NCEP,CFSv2,1999-07,5,4.5,1999-11,OK,"L.attrs contém termo(s) ['forecast_period'] — indica semântica de lead/target, mas isso sozinho não confirma o valor exato de H5 sem uma variável auxiliar de data-alvo. | nenhuma variável auxiliar de data-alvo (('target', 'valid_time', 'target_month', 'forecast_time')) encontrada no dataset aberto — tentando Método B (semântica documentada do eixo forecast_period, Seção 4). | confirmado pela semântica documentada do eixo forecast_period (Método B, Seção 4/6): inicialização confirmada via SCALAR_COORD_ON_VARIABLE (status=OK_SCALAR_COORD), L.standard_name='forecast_period'/units='months', grade [0.5, 1.5, 2.5, 3.5, 4.5, 5.5] mensal confirmada, rota com forecast_period_semantics_documented=True.",CONFIRMED_BY_FORECAST_PERIOD_SEMANTICS,SCALAR_COORD_ON_VARIABLE,1999-07,1999-07,1,OK_SCALAR_COORD,RANGEEDGES,RANGEEDGES_WINDOW_COORDINATE_MATCH,1999-07-01 00:00:00; 1999-08-01 00:00:00,1999-07-01 00:00:00,"esquema=lead1_igual_mes_inicializacao, representação=NMME_HARMONIZED_MONTHLY",Fazendas_Sinobras_Centroide
1999-07,NOAA_NCEP,CFSv2,1999-07,6,5.5,1999-12,OK,"L.attrs contém termo(s) ['forecast_period'] — indica semântica de lead/target, mas isso sozinho não confirma o valor exato de H6 sem uma variável auxiliar de data-alvo. | nenhuma variável auxiliar de data-alvo (('target', 'valid_time', 'target_month', 'forecast_time')) encontrada no dataset aberto — tentando Método B (semântica documentada do eixo forecast_period, Seção 4). | confirmado pela semântica documentada do eixo forecast_period (Método B, Seção 4/6): inicialização confirmada via SCALAR_COORD_ON_VARIABLE (status=OK_SCALAR_COORD), L.standard_name='forecast_period'/units='months', grade [0.5, 1.5, 2.5, 3.5, 4.5, 5.5] mensal confirmada, rota com forecast_period_semantics_documented=True.",CONFIRMED_BY_FORECAST_PERIOD_SEMANTICS,SCALAR_COORD_ON_VARIABLE,1999-07,1999-07,1,OK_SCALAR_COORD,RANGEEDGES,RANGEEDGES_WINDOW_COORDINATE_MATCH,1999-07-01 00:00:00; 1999-08-01 00:00:00,1999-07-01 00:00:00,"esquema=lead1_igual_mes_inicializacao, representação=NMME_HARMONIZED_MONTHLY",Fazendas_Sinobras_Centroide
1999-08,NOAA_NCEP,CFSv2,1999-08,1,0.5,1999-08,OK,"L.attrs contém termo(s) ['forecast_period'] — indica semântica de lead/target, mas isso sozinho não confirma o valor exato de H1 sem uma variável auxiliar de data-alvo. | nenhuma variável auxiliar de data-alvo (('target', 'valid_time', 'target_month', 'forecast_time')) encontrada no dataset aberto — tentando Método B (semântica documentada do eixo forecast_period, Seção 4). | confirmado pela semântica documentada do eixo forecast_period (Método B, Seção 4/6): inicialização confirmada via SCALAR_COORD_ON_VARIABLE (status=OK_SCALAR_COORD), L.standard_name='forecast_period'/units='months', grade [0.5, 1.5, 2.5, 3.5, 4.5, 5.5] mensal confirmada, rota com forecast_period_semantics_documented=True.",CONFIRMED_BY_FORECAST_PERIOD_SEMANTICS,SCALAR_COORD_ON_VARIABLE,1999-08,1999-08,1,OK_SCALAR_COORD,RANGEEDGES,RANGEEDGES_WINDOW_COORDINATE_MATCH,1999-08-01 00:00:00; 1999-09-01 00:00:00,1999-08-01 00:00:00,"esquema=lead1_igual_mes_inicializacao, representação=NMME_HARMONIZED_MONTHLY",Fazendas_Sinobras_Centroide
1999-08,NOAA_NCEP,CFSv2,1999-08,2,1.5,1999-09,OK,"L.attrs contém termo(s) ['forecast_period'] — indica semântica de lead/target, mas isso sozinho não confirma o valor exato de H2 sem uma variável auxiliar de data-alvo. | nenhuma variável auxiliar de data-alvo (('target', 'valid_time', 'target_month', 'forecast_time')) encontrada no dataset aberto — tentando Método B (semântica documentada do eixo forecast_period, Seção 4). | confirmado pela semântica documentada do eixo forecast_period (Método B, Seção 4/6): inicialização confirmada via SCALAR_COORD_ON_VARIABLE (status=OK_SCALAR_COORD), L.standard_name='forecast_period'/units='months', grade [0.5, 1.5, 2.5, 3.5, 4.5, 5.5] mensal confirmada, rota com forecast_period_semantics_documented=True.",CONFIRMED_BY_FORECAST_PERIOD_SEMANTICS,SCALAR_COORD_ON_VARIABLE,1999-08,1999-08,1,OK_SCALAR_COORD,RANGEEDGES,RANGEEDGES_WINDOW_COORDINATE_MATCH,1999-08-01 00:00:00; 1999-09-01 00:00:00,1999-08-01 00:00:00,"esquema=lead1_igual_mes_inicializacao, representação=NMME_HARMONIZED_MONTHLY",Fazendas_Sinobras_Centroide
1999-08,NOAA_NCEP,CFSv2,1999-08,3,2.5,1999-10,OK,"L.attrs contém termo(s) ['forecast_period'] — indica semântica de lead/target, mas isso sozinho não confirma o valor exato de H3 sem uma variável auxiliar de data-alvo. | nenhuma variável auxiliar de data-alvo (('target', 'valid_time', 'target_month', 'forecast_time')) encontrada no dataset aberto — tentando Método B (semântica documentada do eixo forecast_period, Seção 4). | confirmado pela semântica documentada do eixo forecast_period (Método B, Seção 4/6): inicialização confirmada via SCALAR_COORD_ON_VARIABLE (status=OK_SCALAR_COORD), L.standard_name='forecast_period'/units='months', grade [0.5, 1.5, 2.5, 3.5, 4.5, 5.5] mensal confirmada, rota com forecast_period_semantics_documented=True.",CONFIRMED_BY_FORECAST_PERIOD_SEMANTICS,SCALAR_COORD_ON_VARIABLE,1999-08,1999-08,1,OK_SCALAR_COORD,RANGEEDGES,RANGEEDGES_WINDOW_COORDINATE_MATCH,1999-08-01 00:00:00; 1999-09-01 00:00:00,1999-08-01 00:00:00,"esquema=lead1_igual_mes_inicializacao, representação=NMME_HARMONIZED_MONTHLY",Fazendas_Sinobras_Centroide
1999-08,NOAA_NCEP,CFSv2,1999-08,4,3.5,1999-11,OK,"L.attrs contém termo(s) ['forecast_period'] — indica semântica de lead/target, mas isso sozinho não confirma o valor exato de H4 sem uma variável auxiliar de data-alvo. | nenhuma variável auxiliar de data-alvo (('target', 'valid_time', 'target_month', 'forecast_time')) encontrada no dataset aberto — tentando Método B (semântica documentada do eixo forecast_period, Seção 4). | confirmado pela semântica documentada do eixo forecast_period (Método B, Seção 4/6): inicialização confirmada via SCALAR_COORD_ON_VARIABLE (status=OK_SCALAR_COORD), L.standard_name='forecast_period'/units='months', grade [0.5, 1.5, 2.5, 3.5, 4.5, 5.5] mensal confirmada, rota com forecast_period_semantics_documented=True.",CONFIRMED_BY_FORECAST_PERIOD_SEMANTICS,SCALAR_COORD_ON_VARIABLE,1999-08,1999-08,1,OK_SCALAR_COORD,RANGEEDGES,RANGEEDGES_WINDOW_COORDINATE_MATCH,1999-08-01 00:00:00; 1999-09-01 00:00:00,1999-08-01 00:00:00,"esquema=lead1_igual_mes_inicializacao, representação=NMME_HARMONIZED_MONTHLY",Fazendas_Sinobras_Centroide
1999-08,NOAA_NCEP,CFSv2,1999-08,5,4.5,1999-12,OK,"L.attrs contém termo(s) ['forecast_period'] — indica semântica de lead/target, mas isso sozinho não confirma o valor exato de H5 sem uma variável auxiliar de data-alvo. | nenhuma variável auxiliar de data-alvo (('target', 'valid_time', 'target_month', 'forecast_time')) encontrada no dataset aberto — tentando Método B (semântica documentada do eixo forecast_period, Seção 4). | confirmado pela semântica documentada do eixo forecast_period (Método B, Seção 4/6): inicialização confirmada via SCALAR_COORD_ON_VARIABLE (status=OK_SCALAR_COORD), L.standard_name='forecast_period'/units='months', grade [0.5, 1.5, 2.5, 3.5, 4.5, 5.5] mensal confirmada, rota com forecast_period_semantics_documented=True.",CONFIRMED_BY_FORECAST_PERIOD_SEMANTICS,SCALAR_COORD_ON_VARIABLE,1999-08,1999-08,1,OK_SCALAR_COORD,RANGEEDGES,RANGEEDGES_WINDOW_COORDINATE_MATCH,1999-08-01 00:00:00; 1999-09-01 00:00:00,1999-08-01 00:00:00,"esquema=lead1_igual_mes_inicializacao, representação=NMME_HARMONIZED_MONTHLY",Fazendas_Sinobras_Centroide
1999-08,NOAA_NCEP,CFSv2,1999-08,6,5.5,2000-01,OK,"L.attrs contém termo(s) ['forecast_period'] — indica semântica de lead/target, mas isso sozinho não confirma o valor exato de H6 sem uma variável auxiliar de data-alvo. | nenhuma variável auxiliar de data-alvo (('target', 'valid_time', 'target_month', 'forecast_time')) encontrada no dataset aberto — tentando Método B (semântica documentada do eixo forecast_period, Seção 4). | confirmado pela semântica documentada do eixo forecast_period (Método B, Seção 4/6): inicialização confirmada via SCALAR_COORD_ON_VARIABLE (status=OK_SCALAR_COORD), L.standard_name='forecast_period'/units='months', grade [0.5, 1.5, 2.5, 3.5, 4.5, 5.5] mensal confirmada, rota com forecast_period_semantics_documented=True.",CONFIRMED_BY_FORECAST_PERIOD_SEMANTICS,SCALAR_COORD_ON_VARIABLE,1999-08,1999-08,1,OK_SCALAR_COORD,RANGEEDGES,RANGEEDGES_WINDOW_COORDINATE_MATCH,1999-08-01 00:00:00; 1999-09-01 00:00:00,1999-08-01 00:00:00,"esquema=lead1_igual_mes_inicializacao, representação=NMME_HARMONIZED_MONTHLY",Fazendas_Sinobras_Centroide
1999-09,NOAA_NCEP,CFSv2,1999-09,1,0.5,1999-09,OK,"L.attrs contém termo(s) ['forecast_period'] — indica semântica de lead/target, mas isso sozinho não confirma o valor exato de H1 sem uma variável auxiliar de data-alvo. | nenhuma variável auxiliar de data-alvo (('target', 'valid_time', 'target_month', 'forecast_time')) encontrada no dataset aberto — tentando Método B (semântica documentada do eixo forecast_period, Seção 4). | confirmado pela semântica documentada do eixo forecast_period (Método B, Seção 4/6): inicialização confirmada via SCALAR_COORD_ON_VARIABLE (status=OK_SCALAR_COORD), L.standard_name='forecast_period'/units='months', grade [0.5, 1.5, 2.5, 3.5, 4.5, 5.5] mensal confirmada, rota com forecast_period_semantics_documented=True.",CONFIRMED_BY_FORECAST_PERIOD_SEMANTICS,SCALAR_COORD_ON_VARIABLE,1999-09,1999-09,1,OK_SCALAR_COORD,RANGEEDGES,RANGEEDGES_WINDOW_COORDINATE_MATCH,1999-09-01 00:00:00; 1999-10-01 00:00:00,1999-09-01 00:00:00,"esquema=lead1_igual_mes_inicializacao, representação=NMME_HARMONIZED_MONTHLY",Fazendas_Sinobras_Centroide
1999-09,NOAA_NCEP,CFSv2,1999-09,2,1.5,1999-10,OK,"L.attrs contém termo(s) ['forecast_period'] — indica semântica de lead/target, mas isso sozinho não confirma o valor exato de H2 sem uma variável auxiliar de data-alvo. | nenhuma variável auxiliar de data-alvo (('target', 'valid_time', 'target_month', 'forecast_time')) encontrada no dataset aberto — tentando Método B (semântica documentada do eixo forecast_period, Seção 4). | confirmado pela semântica documentada do eixo forecast_period (Método B, Seção 4/6): inicialização confirmada via SCALAR_COORD_ON_VARIABLE (status=OK_SCALAR_COORD), L.standard_name='forecast_period'/units='months', grade [0.5, 1.5, 2.5, 3.5, 4.5, 5.5] mensal confirmada, rota com forecast_period_semantics_documented=True.",CONFIRMED_BY_FORECAST_PERIOD_SEMANTICS,SCALAR_COORD_ON_VARIABLE,1999-09,1999-09,1,OK_SCALAR_COORD,RANGEEDGES,RANGEEDGES_WINDOW_COORDINATE_MATCH,1999-09-01 00:00:00; 1999-10-01 00:00:00,1999-09-01 00:00:00,"esquema=lead1_igual_mes_inicializacao, representação=NMME_HARMONIZED_MONTHLY",Fazendas_Sinobras_Centroide
1999-09,NOAA_NCEP,CFSv2,1999-09,3,2.5,1999-11,OK,"L.attrs contém termo(s) ['forecast_period'] — indica semântica de lead/target, mas isso sozinho não confirma o valor exato de H3 sem uma variável auxiliar de data-alvo. | nenhuma variável auxiliar de data-alvo (('target', 'valid_time', 'target_month', 'forecast_time')) encontrada no dataset aberto — tentando Método B (semântica documentada do eixo forecast_period, Seção 4). | confirmado pela semântica documentada do eixo forecast_period (Método B, Seção 4/6): inicialização confirmada via SCALAR_COORD_ON_VARIABLE (status=OK_SCALAR_COORD), L.standard_name='forecast_period'/units='months', grade [0.5, 1.5, 2.5, 3.5, 4.5, 5.5] mensal confirmada, rota com forecast_period_semantics_documented=True.",CONFIRMED_BY_FORECAST_PERIOD_SEMANTICS,SCALAR_COORD_ON_VARIABLE,1999-09,1999-09,1,OK_SCALAR_COORD,RANGEEDGES,RANGEEDGES_WINDOW_COORDINATE_MATCH,1999-09-01 00:00:00; 1999-10-01 00:00:00,1999-09-01 00:00:00,"esquema=lead1_igual_mes_inicializacao, representação=NMME_HARMONIZED_MONTHLY",Fazendas_Sinobras_Centroide
1999-09,NOAA_NCEP,CFSv2,1999-09,4,3.5,1999-12,OK,"L.attrs contém termo(s) ['forecast_period'] — indica semântica de lead/target, mas isso sozinho não confirma o valor exato de H4 sem uma variável auxiliar de data-alvo. | nenhuma variável auxiliar de data-alvo (('target', 'valid_time', 'target_month', 'forecast_time')) encontrada no dataset aberto — tentando Método B (semântica documentada do eixo forecast_period, Seção 4). | confirmado pela semântica documentada do eixo forecast_period (Método B, Seção 4/6): inicialização confirmada via SCALAR_COORD_ON_VARIABLE (status=OK_SCALAR_COORD), L.standard_name='forecast_period'/units='months', grade [0.5, 1.5, 2.5, 3.5, 4.5, 5.5] mensal confirmada, rota com forecast_period_semantics_documented=True.",CONFIRMED_BY_FORECAST_PERIOD_SEMANTICS,SCALAR_COORD_ON_VARIABLE,1999-09,1999-09,1,OK_SCALAR_COORD,RANGEEDGES,RANGEEDGES_WINDOW_COORDINATE_MATCH,1999-09-01 00:00:00; 1999-10-01 00:00:00,1999-09-01 00:00:00,"esquema=lead1_igual_mes_inicializacao, representação=NMME_HARMONIZED_MONTHLY",Fazendas_Sinobras_Centroide
1999-09,NOAA_NCEP,CFSv2,1999-09,5,4.5,2000-01,OK,"L.attrs contém termo(s) ['forecast_period'] — indica semântica de lead/target, mas isso sozinho não confirma o valor exato de H5 sem uma variável auxiliar de data-alvo. | nenhuma variável auxiliar de data-alvo (('target', 'valid_time', 'target_month', 'forecast_time')) encontrada no dataset aberto — tentando Método B (semântica documentada do eixo forecast_period, Seção 4). | confirmado pela semântica documentada do eixo forecast_period (Método B, Seção 4/6): inicialização confirmada via SCALAR_COORD_ON_VARIABLE (status=OK_SCALAR_COORD), L.standard_name='forecast_period'/units='months', grade [0.5, 1.5, 2.5, 3.5, 4.5, 5.5] mensal confirmada, rota com forecast_period_semantics_documented=True.",CONFIRMED_BY_FORECAST_PERIOD_SEMANTICS,SCALAR_COORD_ON_VARIABLE,1999-09,1999-09,1,OK_SCALAR_COORD,RANGEEDGES,RANGEEDGES_WINDOW_COORDINATE_MATCH,1999-09-01 00:00:00; 1999-10-01 00:00:00,1999-09-01 00:00:00,"esquema=lead1_igual_mes_inicializacao, representação=NMME_HARMONIZED_MONTHLY",Fazendas_Sinobras_Centroide
1999-09,NOAA_NCEP,CFSv2,1999-09,6,5.5,2000-02,OK,"L.attrs contém termo(s) ['forecast_period'] — indica semântica de lead/target, mas isso sozinho não confirma o valor exato de H6 sem uma variável auxiliar de data-alvo. | nenhuma variável auxiliar de data-alvo (('target', 'valid_time', 'target_month', 'forecast_time')) encontrada no dataset aberto — tentando Método B (semântica documentada do eixo forecast_period, Seção 4). | confirmado pela semântica documentada do eixo forecast_period (Método B, Seção 4/6): inicialização confirmada via SCALAR_COORD_ON_VARIABLE (status=OK_SCALAR_COORD), L.standard_name='forecast_period'/units='months', grade [0.5, 1.5, 2.5, 3.5, 4.5, 5.5] mensal confirmada, rota com forecast_period_semantics_documented=True.",CONFIRMED_BY_FORECAST_PERIOD_SEMANTICS,SCALAR_COORD_ON_VARIABLE,1999-09,1999-09,1,OK_SCALAR_COORD,RANGEEDGES,RANGEEDGES_WINDOW_COORDINATE_MATCH,1999-09-01 00:00:00; 1999-10-01 00:00:00,1999-09-01 00:00:00,"esquema=lead1_igual_mes_inicializacao, representação=NMME_HARMONIZED_MONTHLY",Fazendas_Sinobras_Centroide
1999-10,NOAA_NCEP,CFSv2,1999-10,1,0.5,1999-10,OK,"L.attrs contém termo(s) ['forecast_period'] — indica semântica de lead/target, mas isso sozinho não confirma o valor exato de H1 sem uma variável auxiliar de data-alvo. | nenhuma variável auxiliar de data-alvo (('target', 'valid_time', 'target_month', 'forecast_time')) encontrada no dataset aberto — tentando Método B (semântica documentada do eixo forecast_period, Seção 4). | confirmado pela semântica documentada do eixo forecast_period (Método B, Seção 4/6): inicialização confirmada via SCALAR_COORD_ON_VARIABLE (status=OK_SCALAR_COORD), L.standard_name='forecast_period'/units='months', grade [0.5, 1.5, 2.5, 3.5, 4.5, 5.5] mensal confirmada, rota com forecast_period_semantics_documented=True.",CONFIRMED_BY_FORECAST_PERIOD_SEMANTICS,SCALAR_COORD_ON_VARIABLE,1999-10,1999-10,1,OK_SCALAR_COORD,RANGEEDGES,RANGEEDGES_WINDOW_COORDINATE_MATCH,1999-10-01 00:00:00; 1999-11-01 00:00:00,1999-10-01 00:00:00,"esquema=lead1_igual_mes_inicializacao, representação=NMME_HARMONIZED_MONTHLY",Fazendas_Sinobras_Centroide
1999-10,NOAA_NCEP,CFSv2,1999-10,2,1.5,1999-11,OK,"L.attrs contém termo(s) ['forecast_period'] — indica semântica de lead/target, mas isso sozinho não confirma o valor exato de H2 sem uma variável auxiliar de data-alvo. | nenhuma variável auxiliar de data-alvo (('target', 'valid_time', 'target_month', 'forecast_time')) encontrada no dataset aberto — tentando Método B (semântica documentada do eixo forecast_period, Seção 4). | confirmado pela semântica documentada do eixo forecast_period (Método B, Seção 4/6): inicialização confirmada via SCALAR_COORD_ON_VARIABLE (status=OK_SCALAR_COORD), L.standard_name='forecast_period'/units='months', grade [0.5, 1.5, 2.5, 3.5, 4.5, 5.5] mensal confirmada, rota com forecast_period_semantics_documented=True.",CONFIRMED_BY_FORECAST_PERIOD_SEMANTICS,SCALAR_COORD_ON_VARIABLE,1999-10,1999-10,1,OK_SCALAR_COORD,RANGEEDGES,RANGEEDGES_WINDOW_COORDINATE_MATCH,1999-10-01 00:00:00; 1999-11-01 00:00:00,1999-10-01 00:00:00,"esquema=lead1_igual_mes_inicializacao, representação=NMME_HARMONIZED_MONTHLY",Fazendas_Sinobras_Centroide
1999-10,NOAA_NCEP,CFSv2,1999-10,3,2.5,1999-12,OK,"L.attrs contém termo(s) ['forecast_period'] — indica semântica de lead/target, mas isso sozinho não confirma o valor exato de H3 sem uma variável auxiliar de data-alvo. | nenhuma variável auxiliar de data-alvo (('target', 'valid_time', 'target_month', 'forecast_time')) encontrada no dataset aberto — tentando Método B (semântica documentada do eixo forecast_period, Seção 4). | confirmado pela semântica documentada do eixo forecast_period (Método B, Seção 4/6): inicialização confirmada via SCALAR_COORD_ON_VARIABLE (status=OK_SCALAR_COORD), L.standard_name='forecast_period'/units='months', grade [0.5, 1.5, 2.5, 3.5, 4.5, 5.5] mensal confirmada, rota com forecast_period_semantics_documented=True.",CONFIRMED_BY_FORECAST_PERIOD_SEMANTICS,SCALAR_COORD_ON_VARIABLE,1999-10,1999-10,1,OK_SCALAR_COORD,RANGEEDGES,RANGEEDGES_WINDOW_COORDINATE_MATCH,1999-10-01 00:00:00; 1999-11-01 00:00:00,1999-10-01 00:00:00,"esquema=lead1_igual_mes_inicializacao, representação=NMME_HARMONIZED_MONTHLY",Fazendas_Sinobras_Centroide
1999-10,NOAA_NCEP,CFSv2,1999-10,4,3.5,2000-01,OK,"L.attrs contém termo(s) ['forecast_period'] — indica semântica de lead/target, mas isso sozinho não confirma o valor exato de H4 sem uma variável auxiliar de data-alvo. | nenhuma variável auxiliar de data-alvo (('target', 'valid_time', 'target_month', 'forecast_time')) encontrada no dataset aberto — tentando Método B (semântica documentada do eixo forecast_period, Seção 4). | confirmado pela semântica documentada do eixo forecast_period (Método B, Seção 4/6): inicialização confirmada via SCALAR_COORD_ON_VARIABLE (status=OK_SCALAR_COORD), L.standard_name='forecast_period'/units='months', grade [0.5, 1.5, 2.5, 3.5, 4.5, 5.5] mensal confirmada, rota com forecast_period_semantics_documented=True.",CONFIRMED_BY_FORECAST_PERIOD_SEMANTICS,SCALAR_COORD_ON_VARIABLE,1999-10,1999-10,1,OK_SCALAR_COORD,RANGEEDGES,RANGEEDGES_WINDOW_COORDINATE_MATCH,1999-10-01 00:00:00; 1999-11-01 00:00:00,1999-10-01 00:00:00,"esquema=lead1_igual_mes_inicializacao, representação=NMME_HARMONIZED_MONTHLY",Fazendas_Sinobras_Centroide
1999-10,NOAA_NCEP,CFSv2,1999-10,5,4.5,2000-02,OK,"L.attrs contém termo(s) ['forecast_period'] — indica semântica de lead/target, mas isso sozinho não confirma o valor exato de H5 sem uma variável auxiliar de data-alvo. | nenhuma variável auxiliar de data-alvo (('target', 'valid_time', 'target_month', 'forecast_time')) encontrada no dataset aberto — tentando Método B (semântica documentada do eixo forecast_period, Seção 4). | confirmado pela semântica documentada do eixo forecast_period (Método B, Seção 4/6): inicialização confirmada via SCALAR_COORD_ON_VARIABLE (status=OK_SCALAR_COORD), L.standard_name='forecast_period'/units='months', grade [0.5, 1.5, 2.5, 3.5, 4.5, 5.5] mensal confirmada, rota com forecast_period_semantics_documented=True.",CONFIRMED_BY_FORECAST_PERIOD_SEMANTICS,SCALAR_COORD_ON_VARIABLE,1999-10,1999-10,1,OK_SCALAR_COORD,RANGEEDGES,RANGEEDGES_WINDOW_COORDINATE_MATCH,1999-10-01 00:00:00; 1999-11-01 00:00:00,1999-10-01 00:00:00,"esquema=lead1_igual_mes_inicializacao, representação=NMME_HARMONIZED_MONTHLY",Fazendas_Sinobras_Centroide
1999-10,NOAA_NCEP,CFSv2,1999-10,6,5.5,2000-03,OK,"L.attrs contém termo(s) ['forecast_period'] — indica semântica de lead/target, mas isso sozinho não confirma o valor exato de H6 sem uma variável auxiliar de data-alvo. | nenhuma variável auxiliar de data-alvo (('target', 'valid_time', 'target_month', 'forecast_time')) encontrada no dataset aberto — tentando Método B (semântica documentada do eixo forecast_period, Seção 4). | confirmado pela semântica documentada do eixo forecast_period (Método B, Seção 4/6): inicialização confirmada via SCALAR_COORD_ON_VARIABLE (status=OK_SCALAR_COORD), L.standard_name='forecast_period'/units='months', grade [0.5, 1.5, 2.5, 3.5, 4.5, 5.5] mensal confirmada, rota com forecast_period_semantics_documented=True.",CONFIRMED_BY_FORECAST_PERIOD_SEMANTICS,SCALAR_COORD_ON_VARIABLE,1999-10,1999-10,1,OK_SCALAR_COORD,RANGEEDGES,RANGEEDGES_WINDOW_COORDINATE_MATCH,1999-10-01 00:00:00; 1999-11-01 00:00:00,1999-10-01 00:00:00,"esquema=lead1_igual_mes_inicializacao, representação=NMME_HARMONIZED_MONTHLY",Fazendas_Sinobras_Centroide
1999-11,NOAA_NCEP,CFSv2,1999-11,1,0.5,1999-11,OK,"L.attrs contém termo(s) ['forecast_period'] — indica semântica de lead/target, mas isso sozinho não confirma o valor exato de H1 sem uma variável auxiliar de data-alvo. | nenhuma variável auxiliar de data-alvo (('target', 'valid_time', 'target_month', 'forecast_time')) encontrada no dataset aberto — tentando Método B (semântica documentada do eixo forecast_period, Seção 4). | confirmado pela semântica documentada do eixo forecast_period (Método B, Seção 4/6): inicialização confirmada via SCALAR_COORD_ON_VARIABLE (status=OK_SCALAR_COORD), L.standard_name='forecast_period'/units='months', grade [0.5, 1.5, 2.5, 3.5, 4.5, 5.5] mensal confirmada, rota com forecast_period_semantics_documented=True.",CONFIRMED_BY_FORECAST_PERIOD_SEMANTICS,SCALAR_COORD_ON_VARIABLE,1999-11,1999-11,1,OK_SCALAR_COORD,RANGEEDGES,RANGEEDGES_WINDOW_COORDINATE_MATCH,1999-11-01 00:00:00; 1999-12-01 00:00:00,1999-11-01 00:00:00,"esquema=lead1_igual_mes_inicializacao, representação=NMME_HARMONIZED_MONTHLY",Fazendas_Sinobras_Centroide
1999-11,NOAA_NCEP,CFSv2,1999-11,2,1.5,1999-12,OK,"L.attrs contém termo(s) ['forecast_period'] — indica semântica de lead/target, mas isso sozinho não confirma o valor exato de H2 sem uma variável auxiliar de data-alvo. | nenhuma variável auxiliar de data-alvo (('target', 'valid_time', 'target_month', 'forecast_time')) encontrada no dataset aberto — tentando Método B (semântica documentada do eixo forecast_period, Seção 4). | confirmado pela semântica documentada do eixo forecast_period (Método B, Seção 4/6): inicialização confirmada via SCALAR_COORD_ON_VARIABLE (status=OK_SCALAR_COORD), L.standard_name='forecast_period'/units='months', grade [0.5, 1.5, 2.5, 3.5, 4.5, 5.5] mensal confirmada, rota com forecast_period_semantics_documented=True.",CONFIRMED_BY_FORECAST_PERIOD_SEMANTICS,SCALAR_COORD_ON_VARIABLE,1999-11,1999-11,1,OK_SCALAR_COORD,RANGEEDGES,RANGEEDGES_WINDOW_COORDINATE_MATCH,1999-11-01 00:00:00; 1999-12-01 00:00:00,1999-11-01 00:00:00,"esquema=lead1_igual_mes_inicializacao, representação=NMME_HARMONIZED_MONTHLY",Fazendas_Sinobras_Centroide
1999-11,NOAA_NCEP,CFSv2,1999-11,3,2.5,2000-01,OK,"L.attrs contém termo(s) ['forecast_period'] — indica semântica de lead/target, mas isso sozinho não confirma o valor exato de H3 sem uma variável auxiliar de data-alvo. | nenhuma variável auxiliar de data-alvo (('target', 'valid_time', 'target_month', 'forecast_time')) encontrada no dataset aberto — tentando Método B (semântica documentada do eixo forecast_period, Seção 4). | confirmado pela semântica documentada do eixo forecast_period (Método B, Seção 4/6): inicialização confirmada via SCALAR_COORD_ON_VARIABLE (status=OK_SCALAR_COORD), L.standard_name='forecast_period'/units='months', grade [0.5, 1.5, 2.5, 3.5, 4.5, 5.5] mensal confirmada, rota com forecast_period_semantics_documented=True.",CONFIRMED_BY_FORECAST_PERIOD_SEMANTICS,SCALAR_COORD_ON_VARIABLE,1999-11,1999-11,1,OK_SCALAR_COORD,RANGEEDGES,RANGEEDGES_WINDOW_COORDINATE_MATCH,1999-11-01 00:00:00; 1999-12-01 00:00:00,1999-11-01 00:00:00,"esquema=lead1_igual_mes_inicializacao, representação=NMME_HARMONIZED_MONTHLY",Fazendas_Sinobras_Centroide
1999-11,NOAA_NCEP,CFSv2,1999-11,4,3.5,2000-02,OK,"L.attrs contém termo(s) ['forecast_period'] — indica semântica de lead/target, mas isso sozinho não confirma o valor exato de H4 sem uma variável auxiliar de data-alvo. | nenhuma variável auxiliar de data-alvo (('target', 'valid_time', 'target_month', 'forecast_time')) encontrada no dataset aberto — tentando Método B (semântica documentada do eixo forecast_period, Seção 4). | confirmado pela semântica documentada do eixo forecast_period (Método B, Seção 4/6): inicialização confirmada via SCALAR_COORD_ON_VARIABLE (status=OK_SCALAR_COORD), L.standard_name='forecast_period'/units='months', grade [0.5, 1.5, 2.5, 3.5, 4.5, 5.5] mensal confirmada, rota com forecast_period_semantics_documented=True.",CONFIRMED_BY_FORECAST_PERIOD_SEMANTICS,SCALAR_COORD_ON_VARIABLE,1999-11,1999-11,1,OK_SCALAR_COORD,RANGEEDGES,RANGEEDGES_WINDOW_COORDINATE_MATCH,1999-11-01 00:00:00; 1999-12-01 00:00:00,1999-11-01 00:00:00,"esquema=lead1_igual_mes_inicializacao, representação=NMME_HARMONIZED_MONTHLY",Fazendas_Sinobras_Centroide
1999-11,NOAA_NCEP,CFSv2,1999-11,5,4.5,2000-03,OK,"L.attrs contém termo(s) ['forecast_period'] — indica semântica de lead/target, mas isso sozinho não confirma o valor exato de H5 sem uma variável auxiliar de data-alvo. | nenhuma variável auxiliar de data-alvo (('target', 'valid_time', 'target_month', 'forecast_time')) encontrada no dataset aberto — tentando Método B (semântica documentada do eixo forecast_period, Seção 4). | confirmado pela semântica documentada do eixo forecast_period (Método B, Seção 4/6): inicialização confirmada via SCALAR_COORD_ON_VARIABLE (status=OK_SCALAR_COORD), L.standard_name='forecast_period'/units='months', grade [0.5, 1.5, 2.5, 3.5, 4.5, 5.5] mensal confirmada, rota com forecast_period_semantics_documented=True.",CONFIRMED_BY_FORECAST_PERIOD_SEMANTICS,SCALAR_COORD_ON_VARIABLE,1999-11,1999-11,1,OK_SCALAR_COORD,RANGEEDGES,RANGEEDGES_WINDOW_COORDINATE_MATCH,1999-11-01 00:00:00; 1999-12-01 00:00:00,1999-11-01 00:00:00,"esquema=lead1_igual_mes_inicializacao, representação=NMME_HARMONIZED_MONTHLY",Fazendas_Sinobras_Centroide
1999-11,NOAA_NCEP,CFSv2,1999-11,6,5.5,2000-04,OK,"L.attrs contém termo(s) ['forecast_period'] — indica semântica de lead/target, mas isso sozinho não confirma o valor exato de H6 sem uma variável auxiliar de data-alvo. | nenhuma variável auxiliar de data-alvo (('target', 'valid_time', 'target_month', 'forecast_time')) encontrada no dataset aberto — tentando Método B (semântica documentada do eixo forecast_period, Seção 4). | confirmado pela semântica documentada do eixo forecast_period (Método B, Seção 4/6): inicialização confirmada via SCALAR_COORD_ON_VARIABLE (status=OK_SCALAR_COORD), L.standard_name='forecast_period'/units='months', grade [0.5, 1.5, 2.5, 3.5, 4.5, 5.5] mensal confirmada, rota com forecast_period_semantics_documented=True.",CONFIRMED_BY_FORECAST_PERIOD_SEMANTICS,SCALAR_COORD_ON_VARIABLE,1999-11,1999-11,1,OK_SCALAR_COORD,RANGEEDGES,RANGEEDGES_WINDOW_COORDINATE_MATCH,1999-11-01 00:00:00; 1999-12-01 00:00:00,1999-11-01 00:00:00,"esquema=lead1_igual_mes_inicializacao, representação=NMME_HARMONIZED_MONTHLY",Fazendas_Sinobras_Centroide
1999-12,NOAA_NCEP,CFSv2,1999-12,1,0.5,1999-12,OK,"L.attrs contém termo(s) ['forecast_period'] — indica semântica de lead/target, mas isso sozinho não confirma o valor exato de H1 sem uma variável auxiliar de data-alvo. | nenhuma variável auxiliar de data-alvo (('target', 'valid_time', 'target_month', 'forecast_time')) encontrada no dataset aberto — tentando Método B (semântica documentada do eixo forecast_period, Seção 4). | confirmado pela semântica documentada do eixo forecast_period (Método B, Seção 4/6): inicialização confirmada via SCALAR_COORD_ON_VARIABLE (status=OK_SCALAR_COORD), L.standard_name='forecast_period'/units='months', grade [0.5, 1.5, 2.5, 3.5, 4.5, 5.5] mensal confirmada, rota com forecast_period_semantics_documented=True.",CONFIRMED_BY_FORECAST_PERIOD_SEMANTICS,SCALAR_COORD_ON_VARIABLE,1999-12,1999-12,1,OK_SCALAR_COORD,RANGEEDGES,RANGEEDGES_WINDOW_COORDINATE_MATCH,1999-12-01 00:00:00; 2000-01-01 00:00:00,1999-12-01 00:00:00,"esquema=lead1_igual_mes_inicializacao, representação=NMME_HARMONIZED_MONTHLY",Fazendas_Sinobras_Centroide
1999-12,NOAA_NCEP,CFSv2,1999-12,2,1.5,2000-01,OK,"L.attrs contém termo(s) ['forecast_period'] — indica semântica de lead/target, mas isso sozinho não confirma o valor exato de H2 sem uma variável auxiliar de data-alvo. | nenhuma variável auxiliar de data-alvo (('target', 'valid_time', 'target_month', 'forecast_time')) encontrada no dataset aberto — tentando Método B (semântica documentada do eixo forecast_period, Seção 4). | confirmado pela semântica documentada do eixo forecast_period (Método B, Seção 4/6): inicialização confirmada via SCALAR_COORD_ON_VARIABLE (status=OK_SCALAR_COORD), L.standard_name='forecast_period'/units='months', grade [0.5, 1.5, 2.5, 3.5, 4.5, 5.5] mensal confirmada, rota com forecast_period_semantics_documented=True.",CONFIRMED_BY_FORECAST_PERIOD_SEMANTICS,SCALAR_COORD_ON_VARIABLE,1999-12,1999-12,1,OK_SCALAR_COORD,RANGEEDGES,RANGEEDGES_WINDOW_COORDINATE_MATCH,1999-12-01 00:00:00; 2000-01-01 00:00:00,1999-12-01 00:00:00,"esquema=lead1_igual_mes_inicializacao, representação=NMME_HARMONIZED_MONTHLY",Fazendas_Sinobras_Centroide
1999-12,NOAA_NCEP,CFSv2,1999-12,3,2.5,2000-02,OK,"L.attrs contém termo(s) ['forecast_period'] — indica semântica de lead/target, mas isso sozinho não confirma o valor exato de H3 sem uma variável auxiliar de data-alvo. | nenhuma variável auxiliar de data-alvo (('target', 'valid_time', 'target_month', 'forecast_time')) encontrada no dataset aberto — tentando Método B (semântica documentada do eixo forecast_period, Seção 4). | confirmado pela semântica documentada do eixo forecast_period (Método B, Seção 4/6): inicialização confirmada via SCALAR_COORD_ON_VARIABLE (status=OK_SCALAR_COORD), L.standard_name='forecast_period'/units='months', grade [0.5, 1.5, 2.5, 3.5, 4.5, 5.5] mensal confirmada, rota com forecast_period_semantics_documented=True.",CONFIRMED_BY_FORECAST_PERIOD_SEMANTICS,SCALAR_COORD_ON_VARIABLE,1999-12,1999-12,1,OK_SCALAR_COORD,RANGEEDGES,RANGEEDGES_WINDOW_COORDINATE_MATCH,1999-12-01 00:00:00; 2000-01-01 00:00:00,1999-12-01 00:00:00,"esquema=lead1_igual_mes_inicializacao, representação=NMME_HARMONIZED_MONTHLY",Fazendas_Sinobras_Centroide
1999-12,NOAA_NCEP,CFSv2,1999-12,4,3.5,2000-03,OK,"L.attrs contém termo(s) ['forecast_period'] — indica semântica de lead/target, mas isso sozinho não confirma o valor exato de H4 sem uma variável auxiliar de data-alvo. | nenhuma variável auxiliar de data-alvo (('target', 'valid_time', 'target_month', 'forecast_time')) encontrada no dataset aberto — tentando Método B (semântica documentada do eixo forecast_period, Seção 4). | confirmado pela semântica documentada do eixo forecast_period (Método B, Seção 4/6): inicialização confirmada via SCALAR_COORD_ON_VARIABLE (status=OK_SCALAR_COORD), L.standard_name='forecast_period'/units='months', grade [0.5, 1.5, 2.5, 3.5, 4.5, 5.5] mensal confirmada, rota com forecast_period_semantics_documented=True.",CONFIRMED_BY_FORECAST_PERIOD_SEMANTICS,SCALAR_COORD_ON_VARIABLE,1999-12,1999-12,1,OK_SCALAR_COORD,RANGEEDGES,RANGEEDGES_WINDOW_COORDINATE_MATCH,1999-12-01 00:00:00; 2000-01-01 00:00:00,1999-12-01 00:00:00,"esquema=lead1_igual_mes_inicializacao, representação=NMME_HARMONIZED_MONTHLY",Fazendas_Sinobras_Centroide
1999-12,NOAA_NCEP,CFSv2,1999-12,5,4.5,2000-04,OK,"L.attrs contém termo(s) ['forecast_period'] — indica semântica de lead/target, mas isso sozinho não confirma o valor exato de H5 sem uma variável auxiliar de data-alvo. | nenhuma variável auxiliar de data-alvo (('target', 'valid_time', 'target_month', 'forecast_time')) encontrada no dataset aberto — tentando Método B (semântica documentada do eixo forecast_period, Seção 4). | confirmado pela semântica documentada do eixo forecast_period (Método B, Seção 4/6): inicialização confirmada via SCALAR_COORD_ON_VARIABLE (status=OK_SCALAR_COORD), L.standard_name='forecast_period'/units='months', grade [0.5, 1.5, 2.5, 3.5, 4.5, 5.5] mensal confirmada, rota com forecast_period_semantics_documented=True.",CONFIRMED_BY_FORECAST_PERIOD_SEMANTICS,SCALAR_COORD_ON_VARIABLE,1999-12,1999-12,1,OK_SCALAR_COORD,RANGEEDGES,RANGEEDGES_WINDOW_COORDINATE_MATCH,1999-12-01 00:00:00; 2000-01-01 00:00:00,1999-12-01 00:00:00,"esquema=lead1_igual_mes_inicializacao, representação=NMME_HARMONIZED_MONTHLY",Fazendas_Sinobras_Centroide
1999-12,NOAA_NCEP,CFSv2,1999-12,6,5.5,2000-05,OK,"L.attrs contém termo(s) ['forecast_period'] — indica semântica de lead/target, mas isso sozinho não confirma o valor exato de H6 sem uma variável auxiliar de data-alvo. | nenhuma variável auxiliar de data-alvo (('target', 'valid_time', 'target_month', 'forecast_time')) encontrada no dataset aberto — tentando Método B (semântica documentada do eixo forecast_period, Seção 4). | confirmado pela semântica documentada do eixo forecast_period (Método B, Seção 4/6): inicialização confirmada via SCALAR_COORD_ON_VARIABLE (status=OK_SCALAR_COORD), L.standard_name='forecast_period'/units='months', grade [0.5, 1.5, 2.5, 3.5, 4.5, 5.5] mensal confirmada, rota com forecast_period_semantics_documented=True.",CONFIRMED_BY_FORECAST_PERIOD_SEMANTICS,SCALAR_COORD_ON_VARIABLE,1999-12,1999-12,1,OK_SCALAR_COORD,RANGEEDGES,RANGEEDGES_WINDOW_COORDINATE_MATCH,1999-12-01 00:00:00; 2000-01-01 00:00:00,1999-12-01 00:00:00,"esquema=lead1_igual_mes_inicializacao, representação=NMME_HARMONIZED_MONTHLY",Fazendas_Sinobras_Centroide
2000-01,NOAA_NCEP,CFSv2,2000-01,1,0.5,2000-01,OK,"L.attrs contém termo(s) ['forecast_period'] — indica semântica de lead/target, mas isso sozinho não confirma o valor exato de H1 sem uma variável auxiliar de data-alvo. | nenhuma variável auxiliar de data-alvo (('target', 'valid_time', 'target_month', 'forecast_time')) encontrada no dataset aberto — tentando Método B (semântica documentada do eixo forecast_period, Seção 4). | confirmado pela semântica documentada do eixo forecast_period (Método B, Seção 4/6): inicialização confirmada via SCALAR_COORD_ON_VARIABLE (status=OK_SCALAR_COORD), L.standard_name='forecast_period'/units='months', grade [0.5, 1.5, 2.5, 3.5, 4.5, 5.5] mensal confirmada, rota com forecast_period_semantics_documented=True.",CONFIRMED_BY_FORECAST_PERIOD_SEMANTICS,SCALAR_COORD_ON_VARIABLE,2000-01,2000-01,1,OK_SCALAR_COORD,RANGEEDGES,RANGEEDGES_WINDOW_COORDINATE_MATCH,2000-01-01 00:00:00; 2000-02-01 00:00:00,2000-01-01 00:00:00,"esquema=lead1_igual_mes_inicializacao, representação=NMME_HARMONIZED_MONTHLY",Fazendas_Sinobras_Centroide
2000-01,NOAA_NCEP,CFSv2,2000-01,2,1.5,2000-02,OK,"L.attrs contém termo(s) ['forecast_period'] — indica semântica de lead/target, mas isso sozinho não confirma o valor exato de H2 sem uma variável auxiliar de data-alvo. | nenhuma variável auxiliar de data-alvo (('target', 'valid_time', 'target_month', 'forecast_time')) encontrada no dataset aberto — tentando Método B (semântica documentada do eixo forecast_period, Seção 4). | confirmado pela semântica documentada do eixo forecast_period (Método B, Seção 4/6): inicialização confirmada via SCALAR_COORD_ON_VARIABLE (status=OK_SCALAR_COORD), L.standard_name='forecast_period'/units='months', grade [0.5, 1.5, 2.5, 3.5, 4.5, 5.5] mensal confirmada, rota com forecast_period_semantics_documented=True.",CONFIRMED_BY_FORECAST_PERIOD_SEMANTICS,SCALAR_COORD_ON_VARIABLE,2000-01,2000-01,1,OK_SCALAR_COORD,RANGEEDGES,RANGEEDGES_WINDOW_COORDINATE_MATCH,2000-01-01 00:00:00; 2000-02-01 00:00:00,2000-01-01 00:00:00,"esquema=lead1_igual_mes_inicializacao, representação=NMME_HARMONIZED_MONTHLY",Fazendas_Sinobras_Centroide
2000-01,NOAA_NCEP,CFSv2,2000-01,3,2.5,2000-03,OK,"L.attrs contém termo(s) ['forecast_period'] — indica semântica de lead/target, mas isso sozinho não confirma o valor exato de H3 sem uma variável auxiliar de data-alvo. | nenhuma variável auxiliar de data-alvo (('target', 'valid_time', 'target_month', 'forecast_time')) encontrada no dataset aberto — tentando Método B (semântica documentada do eixo forecast_period, Seção 4). | confirmado pela semântica documentada do eixo forecast_period (Método B, Seção 4/6): inicialização confirmada via SCALAR_COORD_ON_VARIABLE (status=OK_SCALAR_COORD), L.standard_name='forecast_period'/units='months', grade [0.5, 1.5, 2.5, 3.5, 4.5, 5.5] mensal confirmada, rota com forecast_period_semantics_documented=True.",CONFIRMED_BY_FORECAST_PERIOD_SEMANTICS,SCALAR_COORD_ON_VARIABLE,2000-01,2000-01,1,OK_SCALAR_COORD,RANGEEDGES,RANGEEDGES_WINDOW_COORDINATE_MATCH,2000-01-01 00:00:00; 2000-02-01 00:00:00,2000-01-01 00:00:00,"esquema=lead1_igual_mes_inicializacao, representação=NMME_HARMONIZED_MONTHLY",Fazendas_Sinobras_Centroide
2000-01,NOAA_NCEP,CFSv2,2000-01,4,3.5,2000-04,OK,"L.attrs contém termo(s) ['forecast_period'] — indica semântica de lead/target, mas isso sozinho não confirma o valor exato de H4 sem uma variável auxiliar de data-alvo. | nenhuma variável auxiliar de data-alvo (('target', 'valid_time', 'target_month', 'forecast_time')) encontrada no dataset aberto — tentando Método B (semântica documentada do eixo forecast_period, Seção 4). | confirmado pela semântica documentada do eixo forecast_period (Método B, Seção 4/6): inicialização confirmada via SCALAR_COORD_ON_VARIABLE (status=OK_SCALAR_COORD), L.standard_name='forecast_period'/units='months', grade [0.5, 1.5, 2.5, 3.5, 4.5, 5.5] mensal confirmada, rota com forecast_period_semantics_documented=True.",CONFIRMED_BY_FORECAST_PERIOD_SEMANTICS,SCALAR_COORD_ON_VARIABLE,2000-01,2000-01,1,OK_SCALAR_COORD,RANGEEDGES,RANGEEDGES_WINDOW_COORDINATE_MATCH,2000-01-01 00:00:00; 2000-02-01 00:00:00,2000-01-01 00:00:00,"esquema=lead1_igual_mes_inicializacao, representação=NMME_HARMONIZED_MONTHLY",Fazendas_Sinobras_Centroide
2000-01,NOAA_NCEP,CFSv2,2000-01,5,4.5,2000-05,OK,"L.attrs contém termo(s) ['forecast_period'] — indica semântica de lead/target, mas isso sozinho não confirma o valor exato de H5 sem uma variável auxiliar de data-alvo. | nenhuma variável auxiliar de data-alvo (('target', 'valid_time', 'target_month', 'forecast_time')) encontrada no dataset aberto — tentando Método B (semântica documentada do eixo forecast_period, Seção 4). | confirmado pela semântica documentada do eixo forecast_period (Método B, Seção 4/6): inicialização confirmada via SCALAR_COORD_ON_VARIABLE (status=OK_SCALAR_COORD), L.standard_name='forecast_period'/units='months', grade [0.5, 1.5, 2.5, 3.5, 4.5, 5.5] mensal confirmada, rota com forecast_period_semantics_documented=True.",CONFIRMED_BY_FORECAST_PERIOD_SEMANTICS,SCALAR_COORD_ON_VARIABLE,2000-01,2000-01,1,OK_SCALAR_COORD,RANGEEDGES,RANGEEDGES_WINDOW_COORDINATE_MATCH,2000-01-01 00:00:00; 2000-02-01 00:00:00,2000-01-01 00:00:00,"esquema=lead1_igual_mes_inicializacao, representação=NMME_HARMONIZED_MONTHLY",Fazendas_Sinobras_Centroide
2000-01,NOAA_NCEP,CFSv2,2000-01,6,5.5,2000-06,OK,"L.attrs contém termo(s) ['forecast_period'] — indica semântica de lead/target, mas isso sozinho não confirma o valor exato de H6 sem uma variável auxiliar de data-alvo. | nenhuma variável auxiliar de data-alvo (('target', 'valid_time', 'target_month', 'forecast_time')) encontrada no dataset aberto — tentando Método B (semântica documentada do eixo forecast_period, Seção 4). | confirmado pela semântica documentada do eixo forecast_period (Método B, Seção 4/6): inicialização confirmada via SCALAR_COORD_ON_VARIABLE (status=OK_SCALAR_COORD), L.standard_name='forecast_period'/units='months', grade [0.5, 1.5, 2.5, 3.5, 4.5, 5.5] mensal confirmada, rota com forecast_period_semantics_documented=True.",CONFIRMED_BY_FORECAST_PERIOD_SEMANTICS,SCALAR_COORD_ON_VARIABLE,2000-01,2000-01,1,OK_SCALAR_COORD,RANGEEDGES,RANGEEDGES_WINDOW_COORDINATE_MATCH,2000-01-01 00:00:00; 2000-02-01 00:00:00,2000-01-01 00:00:00,"esquema=lead1_igual_mes_inicializacao, representação=NMME_HARMONIZED_MONTHLY",Fazendas_Sinobras_Centroide
2000-02,NOAA_NCEP,CFSv2,2000-02,1,0.5,2000-02,OK,"L.attrs contém termo(s) ['forecast_period'] — indica semântica de lead/target, mas isso sozinho não confirma o valor exato de H1 sem uma variável auxiliar de data-alvo. | nenhuma variável auxiliar de data-alvo (('target', 'valid_time', 'target_month', 'forecast_time')) encontrada no dataset aberto — tentando Método B (semântica documentada do eixo forecast_period, Seção 4). | confirmado pela semântica documentada do eixo forecast_period (Método B, Seção 4/6): inicialização confirmada via SCALAR_COORD_ON_VARIABLE (status=OK_SCALAR_COORD), L.standard_name='forecast_period'/units='months', grade [0.5, 1.5, 2.5, 3.5, 4.5, 5.5] mensal confirmada, rota com forecast_period_semantics_documented=True.",CONFIRMED_BY_FORECAST_PERIOD_SEMANTICS,SCALAR_COORD_ON_VARIABLE,2000-02,2000-02,1,OK_SCALAR_COORD,RANGEEDGES,RANGEEDGES_WINDOW_COORDINATE_MATCH,2000-02-01 00:00:00; 2000-03-01 00:00:00,2000-02-01 00:00:00,"esquema=lead1_igual_mes_inicializacao, representação=NMME_HARMONIZED_MONTHLY",Fazendas_Sinobras_Centroide
2000-02,NOAA_NCEP,CFSv2,2000-02,2,1.5,2000-03,OK,"L.attrs contém termo(s) ['forecast_period'] — indica semântica de lead/target, mas isso sozinho não confirma o valor exato de H2 sem uma variável auxiliar de data-alvo. | nenhuma variável auxiliar de data-alvo (('target', 'valid_time', 'target_month', 'forecast_time')) encontrada no dataset aberto — tentando Método B (semântica documentada do eixo forecast_period, Seção 4). | confirmado pela semântica documentada do eixo forecast_period (Método B, Seção 4/6): inicialização confirmada via SCALAR_COORD_ON_VARIABLE (status=OK_SCALAR_COORD), L.standard_name='forecast_period'/units='months', grade [0.5, 1.5, 2.5, 3.5, 4.5, 5.5] mensal confirmada, rota com forecast_period_semantics_documented=True.",CONFIRMED_BY_FORECAST_PERIOD_SEMANTICS,SCALAR_COORD_ON_VARIABLE,2000-02,2000-02,1,OK_SCALAR_COORD,RANGEEDGES,RANGEEDGES_WINDOW_COORDINATE_MATCH,2000-02-01 00:00:00; 2000-03-01 00:00:00,2000-02-01 00:00:00,"esquema=lead1_igual_mes_inicializacao, representação=NMME_HARMONIZED_MONTHLY",Fazendas_Sinobras_Centroide
2000-02,NOAA_NCEP,CFSv2,2000-02,3,2.5,2000-04,OK,"L.attrs contém termo(s) ['forecast_period'] — indica semântica de lead/target, mas isso sozinho não confirma o valor exato de H3 sem uma variável auxiliar de data-alvo. | nenhuma variável auxiliar de data-alvo (('target', 'valid_time', 'target_month', 'forecast_time')) encontrada no dataset aberto — tentando Método B (semântica documentada do eixo forecast_period, Seção 4). | confirmado pela semântica documentada do eixo forecast_period (Método B, Seção 4/6): inicialização confirmada via SCALAR_COORD_ON_VARIABLE (status=OK_SCALAR_COORD), L.standard_name='forecast_period'/units='months', grade [0.5, 1.5, 2.5, 3.5, 4.5, 5.5] mensal confirmada, rota com forecast_period_semantics_documented=True.",CONFIRMED_BY_FORECAST_PERIOD_SEMANTICS,SCALAR_COORD_ON_VARIABLE,2000-02,2000-02,1,OK_SCALAR_COORD,RANGEEDGES,RANGEEDGES_WINDOW_COORDINATE_MATCH,2000-02-01 00:00:00; 2000-03-01 00:00:00,2000-02-01 00:00:00,"esquema=lead1_igual_mes_inicializacao, representação=NMME_HARMONIZED_MONTHLY",Fazendas_Sinobras_Centroide
2000-02,NOAA_NCEP,CFSv2,2000-02,4,3.5,2000-05,OK,"L.attrs contém termo(s) ['forecast_period'] — indica semântica de lead/target, mas isso sozinho não confirma o valor exato de H4 sem uma variável auxiliar de data-alvo. | nenhuma variável auxiliar de data-alvo (('target', 'valid_time', 'target_month', 'forecast_time')) encontrada no dataset aberto — tentando Método B (semântica documentada do eixo forecast_period, Seção 4). | confirmado pela semântica documentada do eixo forecast_period (Método B, Seção 4/6): inicialização confirmada via SCALAR_COORD_ON_VARIABLE (status=OK_SCALAR_COORD), L.standard_name='forecast_period'/units='months', grade [0.5, 1.5, 2.5, 3.5, 4.5, 5.5] mensal confirmada, rota com forecast_period_semantics_documented=True.",CONFIRMED_BY_FORECAST_PERIOD_SEMANTICS,SCALAR_COORD_ON_VARIABLE,2000-02,2000-02,1,OK_SCALAR_COORD,RANGEEDGES,RANGEEDGES_WINDOW_COORDINATE_MATCH,2000-02-01 00:00:00; 2000-03-01 00:00:00,2000-02-01 00:00:00,"esquema=lead1_igual_mes_inicializacao, representação=NMME_HARMONIZED_MONTHLY",Fazendas_Sinobras_Centroide
2000-02,NOAA_NCEP,CFSv2,2000-02,5,4.5,2000-06,OK,"L.attrs contém termo(s) ['forecast_period'] — indica semântica de lead/target, mas isso sozinho não confirma o valor exato de H5 sem uma variável auxiliar de data-alvo. | nenhuma variável auxiliar de data-alvo (('target', 'valid_time', 'target_month', 'forecast_time')) encontrada no dataset aberto — tentando Método B (semântica documentada do eixo forecast_period, Seção 4). | confirmado pela semântica documentada do eixo forecast_period (Método B, Seção 4/6): inicialização confirmada via SCALAR_COORD_ON_VARIABLE (status=OK_SCALAR_COORD), L.standard_name='forecast_period'/units='months', grade [0.5, 1.5, 2.5, 3.5, 4.5, 5.5] mensal confirmada, rota com forecast_period_semantics_documented=True.",CONFIRMED_BY_FORECAST_PERIOD_SEMANTICS,SCALAR_COORD_ON_VARIABLE,2000-02,2000-02,1,OK_SCALAR_COORD,RANGEEDGES,RANGEEDGES_WINDOW_COORDINATE_MATCH,2000-02-01 00:00:00; 2000-03-01 00:00:00,2000-02-01 00:00:00,"esquema=lead1_igual_mes_inicializacao, representação=NMME_HARMONIZED_MONTHLY",Fazendas_Sinobras_Centroide
2000-02,NOAA_NCEP,CFSv2,2000-02,6,5.5,2000-07,OK,"L.attrs contém termo(s) ['forecast_period'] — indica semântica de lead/target, mas isso sozinho não confirma o valor exato de H6 sem uma variável auxiliar de data-alvo. | nenhuma variável auxiliar de data-alvo (('target', 'valid_time', 'target_month', 'forecast_time')) encontrada no dataset aberto — tentando Método B (semântica documentada do eixo forecast_period, Seção 4). | confirmado pela semântica documentada do eixo forecast_period (Método B, Seção 4/6): inicialização confirmada via SCALAR_COORD_ON_VARIABLE (status=OK_SCALAR_COORD), L.standard_name='forecast_period'/units='months', grade [0.5, 1.5, 2.5, 3.5, 4.5, 5.5] mensal confirmada, rota com forecast_period_semantics_documented=True.",CONFIRMED_BY_FORECAST_PERIOD_SEMANTICS,SCALAR_COORD_ON_VARIABLE,2000-02,2000-02,1,OK_SCALAR_COORD,RANGEEDGES,RANGEEDGES_WINDOW_COORDINATE_MATCH,2000-02-01 00:00:00; 2000-03-01 00:00:00,2000-02-01 00:00:00,"esquema=lead1_igual_mes_inicializacao, representação=NMME_HARMONIZED_MONTHLY",Fazendas_Sinobras_Centroide
2000-03,NOAA_NCEP,CFSv2,2000-03,1,0.5,2000-03,OK,"L.attrs contém termo(s) ['forecast_period'] — indica semântica de lead/target, mas isso sozinho não confirma o valor exato de H1 sem uma variável auxiliar de data-alvo. | nenhuma variável auxiliar de data-alvo (('target', 'valid_time', 'target_month', 'forecast_time')) encontrada no dataset aberto — tentando Método B (semântica documentada do eixo forecast_period, Seção 4). | confirmado pela semântica documentada do eixo forecast_period (Método B, Seção 4/6): inicialização confirmada via SCALAR_COORD_ON_VARIABLE (status=OK_SCALAR_COORD), L.standard_name='forecast_period'/units='months', grade [0.5, 1.5, 2.5, 3.5, 4.5, 5.5] mensal confirmada, rota com forecast_period_semantics_documented=True.",CONFIRMED_BY_FORECAST_PERIOD_SEMANTICS,SCALAR_COORD_ON_VARIABLE,2000-03,2000-03,1,OK_SCALAR_COORD,RANGEEDGES,RANGEEDGES_WINDOW_COORDINATE_MATCH,2000-03-01 00:00:00; 2000-04-01 00:00:00,2000-03-01 00:00:00,"esquema=lead1_igual_mes_inicializacao, representação=NMME_HARMONIZED_MONTHLY",Fazendas_Sinobras_Centroide
2000-03,NOAA_NCEP,CFSv2,2000-03,2,1.5,2000-04,OK,"L.attrs contém termo(s) ['forecast_period'] — indica semântica de lead/target, mas isso sozinho não confirma o valor exato de H2 sem uma variável auxiliar de data-alvo. | nenhuma variável auxiliar de data-alvo (('target', 'valid_time', 'target_month', 'forecast_time')) encontrada no dataset aberto — tentando Método B (semântica documentada do eixo forecast_period, Seção 4). | confirmado pela semântica documentada do eixo forecast_period (Método B, Seção 4/6): inicialização confirmada via SCALAR_COORD_ON_VARIABLE (status=OK_SCALAR_COORD), L.standard_name='forecast_period'/units='months', grade [0.5, 1.5, 2.5, 3.5, 4.5, 5.5] mensal confirmada, rota com forecast_period_semantics_documented=True.",CONFIRMED_BY_FORECAST_PERIOD_SEMANTICS,SCALAR_COORD_ON_VARIABLE,2000-03,2000-03,1,OK_SCALAR_COORD,RANGEEDGES,RANGEEDGES_WINDOW_COORDINATE_MATCH,2000-03-01 00:00:00; 2000-04-01 00:00:00,2000-03-01 00:00:00,"esquema=lead1_igual_mes_inicializacao, representação=NMME_HARMONIZED_MONTHLY",Fazendas_Sinobras_Centroide
2000-03,NOAA_NCEP,CFSv2,2000-03,3,2.5,2000-05,OK,"L.attrs contém termo(s) ['forecast_period'] — indica semântica de lead/target, mas isso sozinho não confirma o valor exato de H3 sem uma variável auxiliar de data-alvo. | nenhuma variável auxiliar de data-alvo (('target', 'valid_time', 'target_month', 'forecast_time')) encontrada no dataset aberto — tentando Método B (semântica documentada do eixo forecast_period, Seção 4). | confirmado pela semântica documentada do eixo forecast_period (Método B, Seção 4/6): inicialização confirmada via SCALAR_COORD_ON_VARIABLE (status=OK_SCALAR_COORD), L.standard_name='forecast_period'/units='months', grade [0.5, 1.5, 2.5, 3.5, 4.5, 5.5] mensal confirmada, rota com forecast_period_semantics_documented=True.",CONFIRMED_BY_FORECAST_PERIOD_SEMANTICS,SCALAR_COORD_ON_VARIABLE,2000-03,2000-03,1,OK_SCALAR_COORD,RANGEEDGES,RANGEEDGES_WINDOW_COORDINATE_MATCH,2000-03-01 00:00:00; 2000-04-01 00:00:00,2000-03-01 00:00:00,"esquema=lead1_igual_mes_inicializacao, representação=NMME_HARMONIZED_MONTHLY",Fazendas_Sinobras_Centroide
2000-03,NOAA_NCEP,CFSv2,2000-03,4,3.5,2000-06,OK,"L.attrs contém termo(s) ['forecast_period'] — indica semântica de lead/target, mas isso sozinho não confirma o valor exato de H4 sem uma variável auxiliar de data-alvo. | nenhuma variável auxiliar de data-alvo (('target', 'valid_time', 'target_month', 'forecast_time')) encontrada no dataset aberto — tentando Método B (semântica documentada do eixo forecast_period, Seção 4). | confirmado pela semântica documentada do eixo forecast_period (Método B, Seção 4/6): inicialização confirmada via SCALAR_COORD_ON_VARIABLE (status=OK_SCALAR_COORD), L.standard_name='forecast_period'/units='months', grade [0.5, 1.5, 2.5, 3.5, 4.5, 5.5] mensal confirmada, rota com forecast_period_semantics_documented=True.",CONFIRMED_BY_FORECAST_PERIOD_SEMANTICS,SCALAR_COORD_ON_VARIABLE,2000-03,2000-03,1,OK_SCALAR_COORD,RANGEEDGES,RANGEEDGES_WINDOW_COORDINATE_MATCH,2000-03-01 00:00:00; 2000-04-01 00:00:00,2000-03-01 00:00:00,"esquema=lead1_igual_mes_inicializacao, representação=NMME_HARMONIZED_MONTHLY",Fazendas_Sinobras_Centroide
2000-03,NOAA_NCEP,CFSv2,2000-03,5,4.5,2000-07,OK,"L.attrs contém termo(s) ['forecast_period'] — indica semântica de lead/target, mas isso sozinho não confirma o valor exato de H5 sem uma variável auxiliar de data-alvo. | nenhuma variável auxiliar de data-alvo (('target', 'valid_time', 'target_month', 'forecast_time')) encontrada no dataset aberto — tentando Método B (semântica documentada do eixo forecast_period, Seção 4). | confirmado pela semântica documentada do eixo forecast_period (Método B, Seção 4/6): inicialização confirmada via SCALAR_COORD_ON_VARIABLE (status=OK_SCALAR_COORD), L.standard_name='forecast_period'/units='months', grade [0.5, 1.5, 2.5, 3.5, 4.5, 5.5] mensal confirmada, rota com forecast_period_semantics_documented=True.",CONFIRMED_BY_FORECAST_PERIOD_SEMANTICS,SCALAR_COORD_ON_VARIABLE,2000-03,2000-03,1,OK_SCALAR_COORD,RANGEEDGES,RANGEEDGES_WINDOW_COORDINATE_MATCH,2000-03-01 00:00:00; 2000-04-01 00:00:00,2000-03-01 00:00:00,"esquema=lead1_igual_mes_inicializacao, representação=NMME_HARMONIZED_MONTHLY",Fazendas_Sinobras_Centroide
2000-03,NOAA_NCEP,CFSv2,2000-03,6,5.5,2000-08,OK,"L.attrs contém termo(s) ['forecast_period'] — indica semântica de lead/target, mas isso sozinho não confirma o valor exato de H6 sem uma variável auxiliar de data-alvo. | nenhuma variável auxiliar de data-alvo (('target', 'valid_time', 'target_month', 'forecast_time')) encontrada no dataset aberto — tentando Método B (semântica documentada do eixo forecast_period, Seção 4). | confirmado pela semântica documentada do eixo forecast_period (Método B, Seção 4/6): inicialização confirmada via SCALAR_COORD_ON_VARIABLE (status=OK_SCALAR_COORD), L.standard_name='forecast_period'/units='months', grade [0.5, 1.5, 2.5, 3.5, 4.5, 5.5] mensal confirmada, rota com forecast_period_semantics_documented=True.",CONFIRMED_BY_FORECAST_PERIOD_SEMANTICS,SCALAR_COORD_ON_VARIABLE,2000-03,2000-03,1,OK_SCALAR_COORD,RANGEEDGES,RANGEEDGES_WINDOW_COORDINATE_MATCH,2000-03-01 00:00:00; 2000-04-01 00:00:00,2000-03-01 00:00:00,"esquema=lead1_igual_mes_inicializacao, representação=NMME_HARMONIZED_MONTHLY",Fazendas_Sinobras_Centroide
2000-04,NOAA_NCEP,CFSv2,2000-04,1,0.5,2000-04,OK,"L.attrs contém termo(s) ['forecast_period'] — indica semântica de lead/target, mas isso sozinho não confirma o valor exato de H1 sem uma variável auxiliar de data-alvo. | nenhuma variável auxiliar de data-alvo (('target', 'valid_time', 'target_month', 'forecast_time')) encontrada no dataset aberto — tentando Método B (semântica documentada do eixo forecast_period, Seção 4). | confirmado pela semântica documentada do eixo forecast_period (Método B, Seção 4/6): inicialização confirmada via SCALAR_COORD_ON_VARIABLE (status=OK_SCALAR_COORD), L.standard_name='forecast_period'/units='months', grade [0.5, 1.5, 2.5, 3.5, 4.5, 5.5] mensal confirmada, rota com forecast_period_semantics_documented=True.",CONFIRMED_BY_FORECAST_PERIOD_SEMANTICS,SCALAR_COORD_ON_VARIABLE,2000-04,2000-04,1,OK_SCALAR_COORD,RANGEEDGES,RANGEEDGES_WINDOW_COORDINATE_MATCH,2000-04-01 00:00:00; 2000-05-01 00:00:00,2000-04-01 00:00:00,"esquema=lead1_igual_mes_inicializacao, representação=NMME_HARMONIZED_MONTHLY",Fazendas_Sinobras_Centroide
2000-04,NOAA_NCEP,CFSv2,2000-04,2,1.5,2000-05,OK,"L.attrs contém termo(s) ['forecast_period'] — indica semântica de lead/target, mas isso sozinho não confirma o valor exato de H2 sem uma variável auxiliar de data-alvo. | nenhuma variável auxiliar de data-alvo (('target', 'valid_time', 'target_month', 'forecast_time')) encontrada no dataset aberto — tentando Método B (semântica documentada do eixo forecast_period, Seção 4). | confirmado pela semântica documentada do eixo forecast_period (Método B, Seção 4/6): inicialização confirmada via SCALAR_COORD_ON_VARIABLE (status=OK_SCALAR_COORD), L.standard_name='forecast_period'/units='months', grade [0.5, 1.5, 2.5, 3.5, 4.5, 5.5] mensal confirmada, rota com forecast_period_semantics_documented=True.",CONFIRMED_BY_FORECAST_PERIOD_SEMANTICS,SCALAR_COORD_ON_VARIABLE,2000-04,2000-04,1,OK_SCALAR_COORD,RANGEEDGES,RANGEEDGES_WINDOW_COORDINATE_MATCH,2000-04-01 00:00:00; 2000-05-01 00:00:00,2000-04-01 00:00:00,"esquema=lead1_igual_mes_inicializacao, representação=NMME_HARMONIZED_MONTHLY",Fazendas_Sinobras_Centroide
2000-04,NOAA_NCEP,CFSv2,2000-04,3,2.5,2000-06,OK,"L.attrs contém termo(s) ['forecast_period'] — indica semântica de lead/target, mas isso sozinho não confirma o valor exato de H3 sem uma variável auxiliar de data-alvo. | nenhuma variável auxiliar de data-alvo (('target', 'valid_time', 'target_month', 'forecast_time')) encontrada no dataset aberto — tentando Método B (semântica documentada do eixo forecast_period, Seção 4). | confirmado pela semântica documentada do eixo forecast_period (Método B, Seção 4/6): inicialização confirmada via SCALAR_COORD_ON_VARIABLE (status=OK_SCALAR_COORD), L.standard_name='forecast_period'/units='months', grade [0.5, 1.5, 2.5, 3.5, 4.5, 5.5] mensal confirmada, rota com forecast_period_semantics_documented=True.",CONFIRMED_BY_FORECAST_PERIOD_SEMANTICS,SCALAR_COORD_ON_VARIABLE,2000-04,2000-04,1,OK_SCALAR_COORD,RANGEEDGES,RANGEEDGES_WINDOW_COORDINATE_MATCH,2000-04-01 00:00:00; 2000-05-01 00:00:00,2000-04-01 00:00:00,"esquema=lead1_igual_mes_inicializacao, representação=NMME_HARMONIZED_MONTHLY",Fazendas_Sinobras_Centroide
2000-04,NOAA_NCEP,CFSv2,2000-04,4,3.5,2000-07,OK,"L.attrs contém termo(s) ['forecast_period'] — indica semântica de lead/target, mas isso sozinho não confirma o valor exato de H4 sem uma variável auxiliar de data-alvo. | nenhuma variável auxiliar de data-alvo (('target', 'valid_time', 'target_month', 'forecast_time')) encontrada no dataset aberto — tentando Método B (semântica documentada do eixo forecast_period, Seção 4). | confirmado pela semântica documentada do eixo forecast_period (Método B, Seção 4/6): inicialização confirmada via SCALAR_COORD_ON_VARIABLE (status=OK_SCALAR_COORD), L.standard_name='forecast_period'/units='months', grade [0.5, 1.5, 2.5, 3.5, 4.5, 5.5] mensal confirmada, rota com forecast_period_semantics_documented=True.",CONFIRMED_BY_FORECAST_PERIOD_SEMANTICS,SCALAR_COORD_ON_VARIABLE,2000-04,2000-04,1,OK_SCALAR_COORD,RANGEEDGES,RANGEEDGES_WINDOW_COORDINATE_MATCH,2000-04-01 00:00:00; 2000-05-01 00:00:00,2000-04-01 00:00:00,"esquema=lead1_igual_mes_inicializacao, representação=NMME_HARMONIZED_MONTHLY",Fazendas_Sinobras_Centroide
2000-04,NOAA_NCEP,CFSv2,2000-04,5,4.5,2000-08,OK,"L.attrs contém termo(s) ['forecast_period'] — indica semântica de lead/target, mas isso sozinho não confirma o valor exato de H5 sem uma variável auxiliar de data-alvo. | nenhuma variável auxiliar de data-alvo (('target', 'valid_time', 'target_month', 'forecast_time')) encontrada no dataset aberto — tentando Método B (semântica documentada do eixo forecast_period, Seção 4). | confirmado pela semântica documentada do eixo forecast_period (Método B, Seção 4/6): inicialização confirmada via SCALAR_COORD_ON_VARIABLE (status=OK_SCALAR_COORD), L.standard_name='forecast_period'/units='months', grade [0.5, 1.5, 2.5, 3.5, 4.5, 5.5] mensal confirmada, rota com forecast_period_semantics_documented=True.",CONFIRMED_BY_FORECAST_PERIOD_SEMANTICS,SCALAR_COORD_ON_VARIABLE,2000-04,2000-04,1,OK_SCALAR_COORD,RANGEEDGES,RANGEEDGES_WINDOW_COORDINATE_MATCH,2000-04-01 00:00:00; 2000-05-01 00:00:00,2000-04-01 00:00:00,"esquema=lead1_igual_mes_inicializacao, representação=NMME_HARMONIZED_MONTHLY",Fazendas_Sinobras_Centroide
2000-04,NOAA_NCEP,CFSv2,2000-04,6,5.5,2000-09,OK,"L.attrs contém termo(s) ['forecast_period'] — indica semântica de lead/target, mas isso sozinho não confirma o valor exato de H6 sem uma variável auxiliar de data-alvo. | nenhuma variável auxiliar de data-alvo (('target', 'valid_time', 'target_month', 'forecast_time')) encontrada no dataset aberto — tentando Método B (semântica documentada do eixo forecast_period, Seção 4). | confirmado pela semântica documentada do eixo forecast_period (Método B, Seção 4/6): inicialização confirmada via SCALAR_COORD_ON_VARIABLE (status=OK_SCALAR_COORD), L.standard_name='forecast_period'/units='months', grade [0.5, 1.5, 2.5, 3.5, 4.5, 5.5] mensal confirmada, rota com forecast_period_semantics_documented=True.",CONFIRMED_BY_FORECAST_PERIOD_SEMANTICS,SCALAR_COORD_ON_VARIABLE,2000-04,2000-04,1,OK_SCALAR_COORD,RANGEEDGES,RANGEEDGES_WINDOW_COORDINATE_MATCH,2000-04-01 00:00:00; 2000-05-01 00:00:00,2000-04-01 00:00:00,"esquema=lead1_igual_mes_inicializacao, representação=NMME_HARMONIZED_MONTHLY",Fazendas_Sinobras_Centroide
2000-05,NOAA_NCEP,CFSv2,2000-05,1,0.5,2000-05,OK,"L.attrs contém termo(s) ['forecast_period'] — indica semântica de lead/target, mas isso sozinho não confirma o valor exato de H1 sem uma variável auxiliar de data-alvo. | nenhuma variável auxiliar de data-alvo (('target', 'valid_time', 'target_month', 'forecast_time')) encontrada no dataset aberto — tentando Método B (semântica documentada do eixo forecast_period, Seção 4). | confirmado pela semântica documentada do eixo forecast_period (Método B, Seção 4/6): inicialização confirmada via SCALAR_COORD_ON_VARIABLE (status=OK_SCALAR_COORD), L.standard_name='forecast_period'/units='months', grade [0.5, 1.5, 2.5, 3.5, 4.5, 5.5] mensal confirmada, rota com forecast_period_semantics_documented=True.",CONFIRMED_BY_FORECAST_PERIOD_SEMANTICS,SCALAR_COORD_ON_VARIABLE,2000-05,2000-05,1,OK_SCALAR_COORD,RANGEEDGES,RANGEEDGES_WINDOW_COORDINATE_MATCH,2000-05-01 00:00:00; 2000-06-01 00:00:00,2000-05-01 00:00:00,"esquema=lead1_igual_mes_inicializacao, representação=NMME_HARMONIZED_MONTHLY",Fazendas_Sinobras_Centroide
2000-05,NOAA_NCEP,CFSv2,2000-05,2,1.5,2000-06,OK,"L.attrs contém termo(s) ['forecast_period'] — indica semântica de lead/target, mas isso sozinho não confirma o valor exato de H2 sem uma variável auxiliar de data-alvo. | nenhuma variável auxiliar de data-alvo (('target', 'valid_time', 'target_month', 'forecast_time')) encontrada no dataset aberto — tentando Método B (semântica documentada do eixo forecast_period, Seção 4). | confirmado pela semântica documentada do eixo forecast_period (Método B, Seção 4/6): inicialização confirmada via SCALAR_COORD_ON_VARIABLE (status=OK_SCALAR_COORD), L.standard_name='forecast_period'/units='months', grade [0.5, 1.5, 2.5, 3.5, 4.5, 5.5] mensal confirmada, rota com forecast_period_semantics_documented=True.",CONFIRMED_BY_FORECAST_PERIOD_SEMANTICS,SCALAR_COORD_ON_VARIABLE,2000-05,2000-05,1,OK_SCALAR_COORD,RANGEEDGES,RANGEEDGES_WINDOW_COORDINATE_MATCH,2000-05-01 00:00:00; 2000-06-01 00:00:00,2000-05-01 00:00:00,"esquema=lead1_igual_mes_inicializacao, representação=NMME_HARMONIZED_MONTHLY",Fazendas_Sinobras_Centroide
2000-05,NOAA_NCEP,CFSv2,2000-05,3,2.5,2000-07,OK,"L.attrs contém termo(s) ['forecast_period'] — indica semântica de lead/target, mas isso sozinho não confirma o valor exato de H3 sem uma variável auxiliar de data-alvo. | nenhuma variável auxiliar de data-alvo (('target', 'valid_time', 'target_month', 'forecast_time')) encontrada no dataset aberto — tentando Método B (semântica documentada do eixo forecast_period, Seção 4). | confirmado pela semântica documentada do eixo forecast_period (Método B, Seção 4/6): inicialização confirmada via SCALAR_COORD_ON_VARIABLE (status=OK_SCALAR_COORD), L.standard_name='forecast_period'/units='months', grade [0.5, 1.5, 2.5, 3.5, 4.5, 5.5] mensal confirmada, rota com forecast_period_semantics_documented=True.",CONFIRMED_BY_FORECAST_PERIOD_SEMANTICS,SCALAR_COORD_ON_VARIABLE,2000-05,2000-05,1,OK_SCALAR_COORD,RANGEEDGES,RANGEEDGES_WINDOW_COORDINATE_MATCH,2000-05-01 00:00:00; 2000-06-01 00:00:00,2000-05-01 00:00:00,"esquema=lead1_igual_mes_inicializacao, representação=NMME_HARMONIZED_MONTHLY",Fazendas_Sinobras_Centroide
2000-05,NOAA_NCEP,CFSv2,2000-05,4,3.5,2000-08,OK,"L.attrs contém termo(s) ['forecast_period'] — indica semântica de lead/target, mas isso sozinho não confirma o valor exato de H4 sem uma variável auxiliar de data-alvo. | nenhuma variável auxiliar de data-alvo (('target', 'valid_time', 'target_month', 'forecast_time')) encontrada no dataset aberto — tentando Método B (semântica documentada do eixo forecast_period, Seção 4). | confirmado pela semântica documentada do eixo forecast_period (Método B, Seção 4/6): inicialização confirmada via SCALAR_COORD_ON_VARIABLE (status=OK_SCALAR_COORD), L.standard_name='forecast_period'/units='months', grade [0.5, 1.5, 2.5, 3.5, 4.5, 5.5] mensal confirmada, rota com forecast_period_semantics_documented=True.",CONFIRMED_BY_FORECAST_PERIOD_SEMANTICS,SCALAR_COORD_ON_VARIABLE,2000-05,2000-05,1,OK_SCALAR_COORD,RANGEEDGES,RANGEEDGES_WINDOW_COORDINATE_MATCH,2000-05-01 00:00:00; 2000-06-01 00:00:00,2000-05-01 00:00:00,"esquema=lead1_igual_mes_inicializacao, representação=NMME_HARMONIZED_MONTHLY",Fazendas_Sinobras_Centroide
2000-05,NOAA_NCEP,CFSv2,2000-05,5,4.5,2000-09,OK,"L.attrs contém termo(s) ['forecast_period'] — indica semântica de lead/target, mas isso sozinho não confirma o valor exato de H5 sem uma variável auxiliar de data-alvo. | nenhuma variável auxiliar de data-alvo (('target', 'valid_time', 'target_month', 'forecast_time')) encontrada no dataset aberto — tentando Método B (semântica documentada do eixo forecast_period, Seção 4). | confirmado pela semântica documentada do eixo forecast_period (Método B, Seção 4/6): inicialização confirmada via SCALAR_COORD_ON_VARIABLE (status=OK_SCALAR_COORD), L.standard_name='forecast_period'/units='months', grade [0.5, 1.5, 2.5, 3.5, 4.5, 5.5] mensal confirmada, rota com forecast_period_semantics_documented=True.",CONFIRMED_BY_FORECAST_PERIOD_SEMANTICS,SCALAR_COORD_ON_VARIABLE,2000-05,2000-05,1,OK_SCALAR_COORD,RANGEEDGES,RANGEEDGES_WINDOW_COORDINATE_MATCH,2000-05-01 00:00:00; 2000-06-01 00:00:00,2000-05-01 00:00:00,"esquema=lead1_igual_mes_inicializacao, representação=NMME_HARMONIZED_MONTHLY",Fazendas_Sinobras_Centroide
2000-05,NOAA_NCEP,CFSv2,2000-05,6,5.5,2000-10,OK,"L.attrs contém termo(s) ['forecast_period'] — indica semântica de lead/target, mas isso sozinho não confirma o valor exato de H6 sem uma variável auxiliar de data-alvo. | nenhuma variável auxiliar de data-alvo (('target', 'valid_time', 'target_month', 'forecast_time')) encontrada no dataset aberto — tentando Método B (semântica documentada do eixo forecast_period, Seção 4). | confirmado pela semântica documentada do eixo forecast_period (Método B, Seção 4/6): inicialização confirmada via SCALAR_COORD_ON_VARIABLE (status=OK_SCALAR_COORD), L.standard_name='forecast_period'/units='months', grade [0.5, 1.5, 2.5, 3.5, 4.5, 5.5] mensal confirmada, rota com forecast_period_semantics_documented=True.",CONFIRMED_BY_FORECAST_PERIOD_SEMANTICS,SCALAR_COORD_ON_VARIABLE,2000-05,2000-05,1,OK_SCALAR_COORD,RANGEEDGES,RANGEEDGES_WINDOW_COORDINATE_MATCH,2000-05-01 00:00:00; 2000-06-01 00:00:00,2000-05-01 00:00:00,"esquema=lead1_igual_mes_inicializacao, representação=NMME_HARMONIZED_MONTHLY",Fazendas_Sinobras_Centroide
2000-06,NOAA_NCEP,CFSv2,2000-06,1,0.5,2000-06,OK,"L.attrs contém termo(s) ['forecast_period'] — indica semântica de lead/target, mas isso sozinho não confirma o valor exato de H1 sem uma variável auxiliar de data-alvo. | nenhuma variável auxiliar de data-alvo (('target', 'valid_time', 'target_month', 'forecast_time')) encontrada no dataset aberto — tentando Método B (semântica documentada do eixo forecast_period, Seção 4). | confirmado pela semântica documentada do eixo forecast_period (Método B, Seção 4/6): inicialização confirmada via SCALAR_COORD_ON_VARIABLE (status=OK_SCALAR_COORD), L.standard_name='forecast_period'/units='months', grade [0.5, 1.5, 2.5, 3.5, 4.5, 5.5] mensal confirmada, rota com forecast_period_semantics_documented=True.",CONFIRMED_BY_FORECAST_PERIOD_SEMANTICS,SCALAR_COORD_ON_VARIABLE,2000-06,2000-06,1,OK_SCALAR_COORD,RANGEEDGES,RANGEEDGES_WINDOW_COORDINATE_MATCH,2000-06-01 00:00:00; 2000-07-01 00:00:00,2000-06-01 00:00:00,"esquema=lead1_igual_mes_inicializacao, representação=NMME_HARMONIZED_MONTHLY",Fazendas_Sinobras_Centroide
2000-06,NOAA_NCEP,CFSv2,2000-06,2,1.5,2000-07,OK,"L.attrs contém termo(s) ['forecast_period'] — indica semântica de lead/target, mas isso sozinho não confirma o valor exato de H2 sem uma variável auxiliar de data-alvo. | nenhuma variável auxiliar de data-alvo (('target', 'valid_time', 'target_month', 'forecast_time')) encontrada no dataset aberto — tentando Método B (semântica documentada do eixo forecast_period, Seção 4). | confirmado pela semântica documentada do eixo forecast_period (Método B, Seção 4/6): inicialização confirmada via SCALAR_COORD_ON_VARIABLE (status=OK_SCALAR_COORD), L.standard_name='forecast_period'/units='months', grade [0.5, 1.5, 2.5, 3.5, 4.5, 5.5] mensal confirmada, rota com forecast_period_semantics_documented=True.",CONFIRMED_BY_FORECAST_PERIOD_SEMANTICS,SCALAR_COORD_ON_VARIABLE,2000-06,2000-06,1,OK_SCALAR_COORD,RANGEEDGES,RANGEEDGES_WINDOW_COORDINATE_MATCH,2000-06-01 00:00:00; 2000-07-01 00:00:00,2000-06-01 00:00:00,"esquema=lead1_igual_mes_inicializacao, representação=NMME_HARMONIZED_MONTHLY",Fazendas_Sinobras_Centroide
2000-06,NOAA_NCEP,CFSv2,2000-06,3,2.5,2000-08,OK,"L.attrs contém termo(s) ['forecast_period'] — indica semântica de lead/target, mas isso sozinho não confirma o valor exato de H3 sem uma variável auxiliar de data-alvo. | nenhuma variável auxiliar de data-alvo (('target', 'valid_time', 'target_month', 'forecast_time')) encontrada no dataset aberto — tentando Método B (semântica documentada do eixo forecast_period, Seção 4). | confirmado pela semântica documentada do eixo forecast_period (Método B, Seção 4/6): inicialização confirmada via SCALAR_COORD_ON_VARIABLE (status=OK_SCALAR_COORD), L.standard_name='forecast_period'/units='months', grade [0.5, 1.5, 2.5, 3.5, 4.5, 5.5] mensal confirmada, rota com forecast_period_semantics_documented=True.",CONFIRMED_BY_FORECAST_PERIOD_SEMANTICS,SCALAR_COORD_ON_VARIABLE,2000-06,2000-06,1,OK_SCALAR_COORD,RANGEEDGES,RANGEEDGES_WINDOW_COORDINATE_MATCH,2000-06-01 00:00:00; 2000-07-01 00:00:00,2000-06-01 00:00:00,"esquema=lead1_igual_mes_inicializacao, representação=NMME_HARMONIZED_MONTHLY",Fazendas_Sinobras_Centroide
2000-06,NOAA_NCEP,CFSv2,2000-06,4,3.5,2000-09,OK,"L.attrs contém termo(s) ['forecast_period'] — indica semântica de lead/target, mas isso sozinho não confirma o valor exato de H4 sem uma variável auxiliar de data-alvo. | nenhuma variável auxiliar de data-alvo (('target', 'valid_time', 'target_month', 'forecast_time')) encontrada no dataset aberto — tentando Método B (semântica documentada do eixo forecast_period, Seção 4). | confirmado pela semântica documentada do eixo forecast_period (Método B, Seção 4/6): inicialização confirmada via SCALAR_COORD_ON_VARIABLE (status=OK_SCALAR_COORD), L.standard_name='forecast_period'/units='months', grade [0.5, 1.5, 2.5, 3.5, 4.5, 5.5] mensal confirmada, rota com forecast_period_semantics_documented=True.",CONFIRMED_BY_FORECAST_PERIOD_SEMANTICS,SCALAR_COORD_ON_VARIABLE,2000-06,2000-06,1,OK_SCALAR_COORD,RANGEEDGES,RANGEEDGES_WINDOW_COORDINATE_MATCH,2000-06-01 00:00:00; 2000-07-01 00:00:00,2000-06-01 00:00:00,"esquema=lead1_igual_mes_inicializacao, representação=NMME_HARMONIZED_MONTHLY",Fazendas_Sinobras_Centroide
2000-06,NOAA_NCEP,CFSv2,2000-06,5,4.5,2000-10,OK,"L.attrs contém termo(s) ['forecast_period'] — indica semântica de lead/target, mas isso sozinho não confirma o valor exato de H5 sem uma variável auxiliar de data-alvo. | nenhuma variável auxiliar de data-alvo (('target', 'valid_time', 'target_month', 'forecast_time')) encontrada no dataset aberto — tentando Método B (semântica documentada do eixo forecast_period, Seção 4). | confirmado pela semântica documentada do eixo forecast_period (Método B, Seção 4/6): inicialização confirmada via SCALAR_COORD_ON_VARIABLE (status=OK_SCALAR_COORD), L.standard_name='forecast_period'/units='months', grade [0.5, 1.5, 2.5, 3.5, 4.5, 5.5] mensal confirmada, rota com forecast_period_semantics_documented=True.",CONFIRMED_BY_FORECAST_PERIOD_SEMANTICS,SCALAR_COORD_ON_VARIABLE,2000-06,2000-06,1,OK_SCALAR_COORD,RANGEEDGES,RANGEEDGES_WINDOW_COORDINATE_MATCH,2000-06-01 00:00:00; 2000-07-01 00:00:00,2000-06-01 00:00:00,"esquema=lead1_igual_mes_inicializacao, representação=NMME_HARMONIZED_MONTHLY",Fazendas_Sinobras_Centroide
2000-06,NOAA_NCEP,CFSv2,2000-06,6,5.5,2000-11,OK,"L.attrs contém termo(s) ['forecast_period'] — indica semântica de lead/target, mas isso sozinho não confirma o valor exato de H6 sem uma variável auxiliar de data-alvo. | nenhuma variável auxiliar de data-alvo (('target', 'valid_time', 'target_month', 'forecast_time')) encontrada no dataset aberto — tentando Método B (semântica documentada do eixo forecast_period, Seção 4). | confirmado pela semântica documentada do eixo forecast_period (Método B, Seção 4/6): inicialização confirmada via SCALAR_COORD_ON_VARIABLE (status=OK_SCALAR_COORD), L.standard_name='forecast_period'/units='months', grade [0.5, 1.5, 2.5, 3.5, 4.5, 5.5] mensal confirmada, rota com forecast_period_semantics_documented=True.",CONFIRMED_BY_FORECAST_PERIOD_SEMANTICS,SCALAR_COORD_ON_VARIABLE,2000-06,2000-06,1,OK_SCALAR_COORD,RANGEEDGES,RANGEEDGES_WINDOW_COORDINATE_MATCH,2000-06-01 00:00:00; 2000-07-01 00:00:00,2000-06-01 00:00:00,"esquema=lead1_igual_mes_inicializacao, representação=NMME_HARMONIZED_MONTHLY",Fazendas_Sinobras_Centroide
2000-07,NOAA_NCEP,CFSv2,2000-07,1,0.5,2000-07,OK,"L.attrs contém termo(s) ['forecast_period'] — indica semântica de lead/target, mas isso sozinho não confirma o valor exato de H1 sem uma variável auxiliar de data-alvo. | nenhuma variável auxiliar de data-alvo (('target', 'valid_time', 'target_month', 'forecast_time')) encontrada no dataset aberto — tentando Método B (semântica documentada do eixo forecast_period, Seção 4). | confirmado pela semântica documentada do eixo forecast_period (Método B, Seção 4/6): inicialização confirmada via SCALAR_COORD_ON_VARIABLE (status=OK_SCALAR_COORD), L.standard_name='forecast_period'/units='months', grade [0.5, 1.5, 2.5, 3.5, 4.5, 5.5] mensal confirmada, rota com forecast_period_semantics_documented=True.",CONFIRMED_BY_FORECAST_PERIOD_SEMANTICS,SCALAR_COORD_ON_VARIABLE,2000-07,2000-07,1,OK_SCALAR_COORD,RANGEEDGES,RANGEEDGES_WINDOW_COORDINATE_MATCH,2000-07-01 00:00:00; 2000-08-01 00:00:00,2000-07-01 00:00:00,"esquema=lead1_igual_mes_inicializacao, representação=NMME_HARMONIZED_MONTHLY",Fazendas_Sinobras_Centroide
2000-07,NOAA_NCEP,CFSv2,2000-07,2,1.5,2000-08,OK,"L.attrs contém termo(s) ['forecast_period'] — indica semântica de lead/target, mas isso sozinho não confirma o valor exato de H2 sem uma variável auxiliar de data-alvo. | nenhuma variável auxiliar de data-alvo (('target', 'valid_time', 'target_month', 'forecast_time')) encontrada no dataset aberto — tentando Método B (semântica documentada do eixo forecast_period, Seção 4). | confirmado pela semântica documentada do eixo forecast_period (Método B, Seção 4/6): inicialização confirmada via SCALAR_COORD_ON_VARIABLE (status=OK_SCALAR_COORD), L.standard_name='forecast_period'/units='months', grade [0.5, 1.5, 2.5, 3.5, 4.5, 5.5] mensal confirmada, rota com forecast_period_semantics_documented=True.",CONFIRMED_BY_FORECAST_PERIOD_SEMANTICS,SCALAR_COORD_ON_VARIABLE,2000-07,2000-07,1,OK_SCALAR_COORD,RANGEEDGES,RANGEEDGES_WINDOW_COORDINATE_MATCH,2000-07-01 00:00:00; 2000-08-01 00:00:00,2000-07-01 00:00:00,"esquema=lead1_igual_mes_inicializacao, representação=NMME_HARMONIZED_MONTHLY",Fazendas_Sinobras_Centroide
2000-07,NOAA_NCEP,CFSv2,2000-07,3,2.5,2000-09,OK,"L.attrs contém termo(s) ['forecast_period'] — indica semântica de lead/target, mas isso sozinho não confirma o valor exato de H3 sem uma variável auxiliar de data-alvo. | nenhuma variável auxiliar de data-alvo (('target', 'valid_time', 'target_month', 'forecast_time')) encontrada no dataset aberto — tentando Método B (semântica documentada do eixo forecast_period, Seção 4). | confirmado pela semântica documentada do eixo forecast_period (Método B, Seção 4/6): inicialização confirmada via SCALAR_COORD_ON_VARIABLE (status=OK_SCALAR_COORD), L.standard_name='forecast_period'/units='months', grade [0.5, 1.5, 2.5, 3.5, 4.5, 5.5] mensal confirmada, rota com forecast_period_semantics_documented=True.",CONFIRMED_BY_FORECAST_PERIOD_SEMANTICS,SCALAR_COORD_ON_VARIABLE,2000-07,2000-07,1,OK_SCALAR_COORD,RANGEEDGES,RANGEEDGES_WINDOW_COORDINATE_MATCH,2000-07-01 00:00:00; 2000-08-01 00:00:00,2000-07-01 00:00:00,"esquema=lead1_igual_mes_inicializacao, representação=NMME_HARMONIZED_MONTHLY",Fazendas_Sinobras_Centroide
2000-07,NOAA_NCEP,CFSv2,2000-07,4,3.5,2000-10,OK,"L.attrs contém termo(s) ['forecast_period'] — indica semântica de lead/target, mas isso sozinho não confirma o valor exato de H4 sem uma variável auxiliar de data-alvo. | nenhuma variável auxiliar de data-alvo (('target', 'valid_time', 'target_month', 'forecast_time')) encontrada no dataset aberto — tentando Método B (semântica documentada do eixo forecast_period, Seção 4). | confirmado pela semântica documentada do eixo forecast_period (Método B, Seção 4/6): inicialização confirmada via SCALAR_COORD_ON_VARIABLE (status=OK_SCALAR_COORD), L.standard_name='forecast_period'/units='months', grade [0.5, 1.5, 2.5, 3.5, 4.5, 5.5] mensal confirmada, rota com forecast_period_semantics_documented=True.",CONFIRMED_BY_FORECAST_PERIOD_SEMANTICS,SCALAR_COORD_ON_VARIABLE,2000-07,2000-07,1,OK_SCALAR_COORD,RANGEEDGES,RANGEEDGES_WINDOW_COORDINATE_MATCH,2000-07-01 00:00:00; 2000-08-01 00:00:00,2000-07-01 00:00:00,"esquema=lead1_igual_mes_inicializacao, representação=NMME_HARMONIZED_MONTHLY",Fazendas_Sinobras_Centroide
2000-07,NOAA_NCEP,CFSv2,2000-07,5,4.5,2000-11,OK,"L.attrs contém termo(s) ['forecast_period'] — indica semântica de lead/target, mas isso sozinho não confirma o valor exato de H5 sem uma variável auxiliar de data-alvo. | nenhuma variável auxiliar de data-alvo (('target', 'valid_time', 'target_month', 'forecast_time')) encontrada no dataset aberto — tentando Método B (semântica documentada do eixo forecast_period, Seção 4). | confirmado pela semântica documentada do eixo forecast_period (Método B, Seção 4/6): inicialização confirmada via SCALAR_COORD_ON_VARIABLE (status=OK_SCALAR_COORD), L.standard_name='forecast_period'/units='months', grade [0.5, 1.5, 2.5, 3.5, 4.5, 5.5] mensal confirmada, rota com forecast_period_semantics_documented=True.",CONFIRMED_BY_FORECAST_PERIOD_SEMANTICS,SCALAR_COORD_ON_VARIABLE,2000-07,2000-07,1,OK_SCALAR_COORD,RANGEEDGES,RANGEEDGES_WINDOW_COORDINATE_MATCH,2000-07-01 00:00:00; 2000-08-01 00:00:00,2000-07-01 00:00:00,"esquema=lead1_igual_mes_inicializacao, representação=NMME_HARMONIZED_MONTHLY",Fazendas_Sinobras_Centroide
2000-07,NOAA_NCEP,CFSv2,2000-07,6,5.5,2000-12,OK,"L.attrs contém termo(s) ['forecast_period'] — indica semântica de lead/target, mas isso sozinho não confirma o valor exato de H6 sem uma variável auxiliar de data-alvo. | nenhuma variável auxiliar de data-alvo (('target', 'valid_time', 'target_month', 'forecast_time')) encontrada no dataset aberto — tentando Método B (semântica documentada do eixo forecast_period, Seção 4). | confirmado pela semântica documentada do eixo forecast_period (Método B, Seção 4/6): inicialização confirmada via SCALAR_COORD_ON_VARIABLE (status=OK_SCALAR_COORD), L.standard_name='forecast_period'/units='months', grade [0.5, 1.5, 2.5, 3.5, 4.5, 5.5] mensal confirmada, rota com forecast_period_semantics_documented=True.",CONFIRMED_BY_FORECAST_PERIOD_SEMANTICS,SCALAR_COORD_ON_VARIABLE,2000-07,2000-07,1,OK_SCALAR_COORD,RANGEEDGES,RANGEEDGES_WINDOW_COORDINATE_MATCH,2000-07-01 00:00:00; 2000-08-01 00:00:00,2000-07-01 00:00:00,"esquema=lead1_igual_mes_inicializacao, representação=NMME_HARMONIZED_MONTHLY",Fazendas_Sinobras_Centroide
2000-08,NOAA_NCEP,CFSv2,2000-08,1,0.5,2000-08,OK,"L.attrs contém termo(s) ['forecast_period'] — indica semântica de lead/target, mas isso sozinho não confirma o valor exato de H1 sem uma variável auxiliar de data-alvo. | nenhuma variável auxiliar de data-alvo (('target', 'valid_time', 'target_month', 'forecast_time')) encontrada no dataset aberto — tentando Método B (semântica documentada do eixo forecast_period, Seção 4). | confirmado pela semântica documentada do eixo forecast_period (Método B, Seção 4/6): inicialização confirmada via SCALAR_COORD_ON_VARIABLE (status=OK_SCALAR_COORD), L.standard_name='forecast_period'/units='months', grade [0.5, 1.5, 2.5, 3.5, 4.5, 5.5] mensal confirmada, rota com forecast_period_semantics_documented=True.",CONFIRMED_BY_FORECAST_PERIOD_SEMANTICS,SCALAR_COORD_ON_VARIABLE,2000-08,2000-08,1,OK_SCALAR_COORD,RANGEEDGES,RANGEEDGES_WINDOW_COORDINATE_MATCH,2000-08-01 00:00:00; 2000-09-01 00:00:00,2000-08-01 00:00:00,"esquema=lead1_igual_mes_inicializacao, representação=NMME_HARMONIZED_MONTHLY",Fazendas_Sinobras_Centroide
2000-08,NOAA_NCEP,CFSv2,2000-08,2,1.5,2000-09,OK,"L.attrs contém termo(s) ['forecast_period'] — indica semântica de lead/target, mas isso sozinho não confirma o valor exato de H2 sem uma variável auxiliar de data-alvo. | nenhuma variável auxiliar de data-alvo (('target', 'valid_time', 'target_month', 'forecast_time')) encontrada no dataset aberto — tentando Método B (semântica documentada do eixo forecast_period, Seção 4). | confirmado pela semântica documentada do eixo forecast_period (Método B, Seção 4/6): inicialização confirmada via SCALAR_COORD_ON_VARIABLE (status=OK_SCALAR_COORD), L.standard_name='forecast_period'/units='months', grade [0.5, 1.5, 2.5, 3.5, 4.5, 5.5] mensal confirmada, rota com forecast_period_semantics_documented=True.",CONFIRMED_BY_FORECAST_PERIOD_SEMANTICS,SCALAR_COORD_ON_VARIABLE,2000-08,2000-08,1,OK_SCALAR_COORD,RANGEEDGES,RANGEEDGES_WINDOW_COORDINATE_MATCH,2000-08-01 00:00:00; 2000-09-01 00:00:00,2000-08-01 00:00:00,"esquema=lead1_igual_mes_inicializacao, representação=NMME_HARMONIZED_MONTHLY",Fazendas_Sinobras_Centroide
2000-08,NOAA_NCEP,CFSv2,2000-08,3,2.5,2000-10,OK,"L.attrs contém termo(s) ['forecast_period'] — indica semântica de lead/target, mas isso sozinho não confirma o valor exato de H3 sem uma variável auxiliar de data-alvo. | nenhuma variável auxiliar de data-alvo (('target', 'valid_time', 'target_month', 'forecast_time')) encontrada no dataset aberto — tentando Método B (semântica documentada do eixo forecast_period, Seção 4). | confirmado pela semântica documentada do eixo forecast_period (Método B, Seção 4/6): inicialização confirmada via SCALAR_COORD_ON_VARIABLE (status=OK_SCALAR_COORD), L.standard_name='forecast_period'/units='months', grade [0.5, 1.5, 2.5, 3.5, 4.5, 5.5] mensal confirmada, rota com forecast_period_semantics_documented=True.",CONFIRMED_BY_FORECAST_PERIOD_SEMANTICS,SCALAR_COORD_ON_VARIABLE,2000-08,2000-08,1,OK_SCALAR_COORD,RANGEEDGES,RANGEEDGES_WINDOW_COORDINATE_MATCH,2000-08-01 00:00:00; 2000-09-01 00:00:00,2000-08-01 00:00:00,"esquema=lead1_igual_mes_inicializacao, representação=NMME_HARMONIZED_MONTHLY",Fazendas_Sinobras_Centroide
2000-08,NOAA_NCEP,CFSv2,2000-08,4,3.5,2000-11,OK,"L.attrs contém termo(s) ['forecast_period'] — indica semântica de lead/target, mas isso sozinho não confirma o valor exato de H4 sem uma variável auxiliar de data-alvo. | nenhuma variável auxiliar de data-alvo (('target', 'valid_time', 'target_month', 'forecast_time')) encontrada no dataset aberto — tentando Método B (semântica documentada do eixo forecast_period, Seção 4). | confirmado pela semântica documentada do eixo forecast_period (Método B, Seção 4/6): inicialização confirmada via SCALAR_COORD_ON_VARIABLE (status=OK_SCALAR_COORD), L.standard_name='forecast_period'/units='months', grade [0.5, 1.5, 2.5, 3.5, 4.5, 5.5] mensal confirmada, rota com forecast_period_semantics_documented=True.",CONFIRMED_BY_FORECAST_PERIOD_SEMANTICS,SCALAR_COORD_ON_VARIABLE,2000-08,2000-08,1,OK_SCALAR_COORD,RANGEEDGES,RANGEEDGES_WINDOW_COORDINATE_MATCH,2000-08-01 00:00:00; 2000-09-01 00:00:00,2000-08-01 00:00:00,"esquema=lead1_igual_mes_inicializacao, representação=NMME_HARMONIZED_MONTHLY",Fazendas_Sinobras_Centroide
2000-08,NOAA_NCEP,CFSv2,2000-08,5,4.5,2000-12,OK,"L.attrs contém termo(s) ['forecast_period'] — indica semântica de lead/target, mas isso sozinho não confirma o valor exato de H5 sem uma variável auxiliar de data-alvo. | nenhuma variável auxiliar de data-alvo (('target', 'valid_time', 'target_month', 'forecast_time')) encontrada no dataset aberto — tentando Método B (semântica documentada do eixo forecast_period, Seção 4). | confirmado pela semântica documentada do eixo forecast_period (Método B, Seção 4/6): inicialização confirmada via SCALAR_COORD_ON_VARIABLE (status=OK_SCALAR_COORD), L.standard_name='forecast_period'/units='months', grade [0.5, 1.5, 2.5, 3.5, 4.5, 5.5] mensal confirmada, rota com forecast_period_semantics_documented=True.",CONFIRMED_BY_FORECAST_PERIOD_SEMANTICS,SCALAR_COORD_ON_VARIABLE,2000-08,2000-08,1,OK_SCALAR_COORD,RANGEEDGES,RANGEEDGES_WINDOW_COORDINATE_MATCH,2000-08-01 00:00:00; 2000-09-01 00:00:00,2000-08-01 00:00:00,"esquema=lead1_igual_mes_inicializacao, representação=NMME_HARMONIZED_MONTHLY",Fazendas_Sinobras_Centroide
2000-08,NOAA_NCEP,CFSv2,2000-08,6,5.5,2001-01,OK,"L.attrs contém termo(s) ['forecast_period'] — indica semântica de lead/target, mas isso sozinho não confirma o valor exato de H6 sem uma variável auxiliar de data-alvo. | nenhuma variável auxiliar de data-alvo (('target', 'valid_time', 'target_month', 'forecast_time')) encontrada no dataset aberto — tentando Método B (semântica documentada do eixo forecast_period, Seção 4). | confirmado pela semântica documentada do eixo forecast_period (Método B, Seção 4/6): inicialização confirmada via SCALAR_COORD_ON_VARIABLE (status=OK_SCALAR_COORD), L.standard_name='forecast_period'/units='months', grade [0.5, 1.5, 2.5, 3.5, 4.5, 5.5] mensal confirmada, rota com forecast_period_semantics_documented=True.",CONFIRMED_BY_FORECAST_PERIOD_SEMANTICS,SCALAR_COORD_ON_VARIABLE,2000-08,2000-08,1,OK_SCALAR_COORD,RANGEEDGES,RANGEEDGES_WINDOW_COORDINATE_MATCH,2000-08-01 00:00:00; 2000-09-01 00:00:00,2000-08-01 00:00:00,"esquema=lead1_igual_mes_inicializacao, representação=NMME_HARMONIZED_MONTHLY",Fazendas_Sinobras_Centroide
2000-09,NOAA_NCEP,CFSv2,2000-09,1,0.5,2000-09,OK,"L.attrs contém termo(s) ['forecast_period'] — indica semântica de lead/target, mas isso sozinho não confirma o valor exato de H1 sem uma variável auxiliar de data-alvo. | nenhuma variável auxiliar de data-alvo (('target', 'valid_time', 'target_month', 'forecast_time')) encontrada no dataset aberto — tentando Método B (semântica documentada do eixo forecast_period, Seção 4). | confirmado pela semântica documentada do eixo forecast_period (Método B, Seção 4/6): inicialização confirmada via SCALAR_COORD_ON_VARIABLE (status=OK_SCALAR_COORD), L.standard_name='forecast_period'/units='months', grade [0.5, 1.5, 2.5, 3.5, 4.5, 5.5] mensal confirmada, rota com forecast_period_semantics_documented=True.",CONFIRMED_BY_FORECAST_PERIOD_SEMANTICS,SCALAR_COORD_ON_VARIABLE,2000-09,2000-09,1,OK_SCALAR_COORD,RANGEEDGES,RANGEEDGES_WINDOW_COORDINATE_MATCH,2000-09-01 00:00:00; 2000-10-01 00:00:00,2000-09-01 00:00:00,"esquema=lead1_igual_mes_inicializacao, representação=NMME_HARMONIZED_MONTHLY",Fazendas_Sinobras_Centroide
2000-09,NOAA_NCEP,CFSv2,2000-09,2,1.5,2000-10,OK,"L.attrs contém termo(s) ['forecast_period'] — indica semântica de lead/target, mas isso sozinho não confirma o valor exato de H2 sem uma variável auxiliar de data-alvo. | nenhuma variável auxiliar de data-alvo (('target', 'valid_time', 'target_month', 'forecast_time')) encontrada no dataset aberto — tentando Método B (semântica documentada do eixo forecast_period, Seção 4). | confirmado pela semântica documentada do eixo forecast_period (Método B, Seção 4/6): inicialização confirmada via SCALAR_COORD_ON_VARIABLE (status=OK_SCALAR_COORD), L.standard_name='forecast_period'/units='months', grade [0.5, 1.5, 2.5, 3.5, 4.5, 5.5] mensal confirmada, rota com forecast_period_semantics_documented=True.",CONFIRMED_BY_FORECAST_PERIOD_SEMANTICS,SCALAR_COORD_ON_VARIABLE,2000-09,2000-09,1,OK_SCALAR_COORD,RANGEEDGES,RANGEEDGES_WINDOW_COORDINATE_MATCH,2000-09-01 00:00:00; 2000-10-01 00:00:00,2000-09-01 00:00:00,"esquema=lead1_igual_mes_inicializacao, representação=NMME_HARMONIZED_MONTHLY",Fazendas_Sinobras_Centroide
2000-09,NOAA_NCEP,CFSv2,2000-09,3,2.5,2000-11,OK,"L.attrs contém termo(s) ['forecast_period'] — indica semântica de lead/target, mas isso sozinho não confirma o valor exato de H3 sem uma variável auxiliar de data-alvo. | nenhuma variável auxiliar de data-alvo (('target', 'valid_time', 'target_month', 'forecast_time')) encontrada no dataset aberto — tentando Método B (semântica documentada do eixo forecast_period, Seção 4). | confirmado pela semântica documentada do eixo forecast_period (Método B, Seção 4/6): inicialização confirmada via SCALAR_COORD_ON_VARIABLE (status=OK_SCALAR_COORD), L.standard_name='forecast_period'/units='months', grade [0.5, 1.5, 2.5, 3.5, 4.5, 5.5] mensal confirmada, rota com forecast_period_semantics_documented=True.",CONFIRMED_BY_FORECAST_PERIOD_SEMANTICS,SCALAR_COORD_ON_VARIABLE,2000-09,2000-09,1,OK_SCALAR_COORD,RANGEEDGES,RANGEEDGES_WINDOW_COORDINATE_MATCH,2000-09-01 00:00:00; 2000-10-01 00:00:00,2000-09-01 00:00:00,"esquema=lead1_igual_mes_inicializacao, representação=NMME_HARMONIZED_MONTHLY",Fazendas_Sinobras_Centroide
2000-09,NOAA_NCEP,CFSv2,2000-09,4,3.5,2000-12,OK,"L.attrs contém termo(s) ['forecast_period'] — indica semântica de lead/target, mas isso sozinho não confirma o valor exato de H4 sem uma variável auxiliar de data-alvo. | nenhuma variável auxiliar de data-alvo (('target', 'valid_time', 'target_month', 'forecast_time')) encontrada no dataset aberto — tentando Método B (semântica documentada do eixo forecast_period, Seção 4). | confirmado pela semântica documentada do eixo forecast_period (Método B, Seção 4/6): inicialização confirmada via SCALAR_COORD_ON_VARIABLE (status=OK_SCALAR_COORD), L.standard_name='forecast_period'/units='months', grade [0.5, 1.5, 2.5, 3.5, 4.5, 5.5] mensal confirmada, rota com forecast_period_semantics_documented=True.",CONFIRMED_BY_FORECAST_PERIOD_SEMANTICS,SCALAR_COORD_ON_VARIABLE,2000-09,2000-09,1,OK_SCALAR_COORD,RANGEEDGES,RANGEEDGES_WINDOW_COORDINATE_MATCH,2000-09-01 00:00:00; 2000-10-01 00:00:00,2000-09-01 00:00:00,"esquema=lead1_igual_mes_inicializacao, representação=NMME_HARMONIZED_MONTHLY",Fazendas_Sinobras_Centroide
2000-09,NOAA_NCEP,CFSv2,2000-09,5,4.5,2001-01,OK,"L.attrs contém termo(s) ['forecast_period'] — indica semântica de lead/target, mas isso sozinho não confirma o valor exato de H5 sem uma variável auxiliar de data-alvo. | nenhuma variável auxiliar de data-alvo (('target', 'valid_time', 'target_month', 'forecast_time')) encontrada no dataset aberto — tentando Método B (semântica documentada do eixo forecast_period, Seção 4). | confirmado pela semântica documentada do eixo forecast_period (Método B, Seção 4/6): inicialização confirmada via SCALAR_COORD_ON_VARIABLE (status=OK_SCALAR_COORD), L.standard_name='forecast_period'/units='months', grade [0.5, 1.5, 2.5, 3.5, 4.5, 5.5] mensal confirmada, rota com forecast_period_semantics_documented=True.",CONFIRMED_BY_FORECAST_PERIOD_SEMANTICS,SCALAR_COORD_ON_VARIABLE,2000-09,2000-09,1,OK_SCALAR_COORD,RANGEEDGES,RANGEEDGES_WINDOW_COORDINATE_MATCH,2000-09-01 00:00:00; 2000-10-01 00:00:00,2000-09-01 00:00:00,"esquema=lead1_igual_mes_inicializacao, representação=NMME_HARMONIZED_MONTHLY",Fazendas_Sinobras_Centroide
2000-09,NOAA_NCEP,CFSv2,2000-09,6,5.5,2001-02,OK,"L.attrs contém termo(s) ['forecast_period'] — indica semântica de lead/target, mas isso sozinho não confirma o valor exato de H6 sem uma variável auxiliar de data-alvo. | nenhuma variável auxiliar de data-alvo (('target', 'valid_time', 'target_month', 'forecast_time')) encontrada no dataset aberto — tentando Método B (semântica documentada do eixo forecast_period, Seção 4). | confirmado pela semântica documentada do eixo forecast_period (Método B, Seção 4/6): inicialização confirmada via SCALAR_COORD_ON_VARIABLE (status=OK_SCALAR_COORD), L.standard_name='forecast_period'/units='months', grade [0.5, 1.5, 2.5, 3.5, 4.5, 5.5] mensal confirmada, rota com forecast_period_semantics_documented=True.",CONFIRMED_BY_FORECAST_PERIOD_SEMANTICS,SCALAR_COORD_ON_VARIABLE,2000-09,2000-09,1,OK_SCALAR_COORD,RANGEEDGES,RANGEEDGES_WINDOW_COORDINATE_MATCH,2000-09-01 00:00:00; 2000-10-01 00:00:00,2000-09-01 00:00:00,"esquema=lead1_igual_mes_inicializacao, representação=NMME_HARMONIZED_MONTHLY",Fazendas_Sinobras_Centroide
2000-10,NOAA_NCEP,CFSv2,2000-10,1,0.5,2000-10,OK,"L.attrs contém termo(s) ['forecast_period'] — indica semântica de lead/target, mas isso sozinho não confirma o valor exato de H1 sem uma variável auxiliar de data-alvo. | nenhuma variável auxiliar de data-alvo (('target', 'valid_time', 'target_month', 'forecast_time')) encontrada no dataset aberto — tentando Método B (semântica documentada do eixo forecast_period, Seção 4). | confirmado pela semântica documentada do eixo forecast_period (Método B, Seção 4/6): inicialização confirmada via SCALAR_COORD_ON_VARIABLE (status=OK_SCALAR_COORD), L.standard_name='forecast_period'/units='months', grade [0.5, 1.5, 2.5, 3.5, 4.5, 5.5] mensal confirmada, rota com forecast_period_semantics_documented=True.",CONFIRMED_BY_FORECAST_PERIOD_SEMANTICS,SCALAR_COORD_ON_VARIABLE,2000-10,2000-10,1,OK_SCALAR_COORD,RANGEEDGES,RANGEEDGES_WINDOW_COORDINATE_MATCH,2000-10-01 00:00:00; 2000-11-01 00:00:00,2000-10-01 00:00:00,"esquema=lead1_igual_mes_inicializacao, representação=NMME_HARMONIZED_MONTHLY",Fazendas_Sinobras_Centroide
2000-10,NOAA_NCEP,CFSv2,2000-10,2,1.5,2000-11,OK,"L.attrs contém termo(s) ['forecast_period'] — indica semântica de lead/target, mas isso sozinho não confirma o valor exato de H2 sem uma variável auxiliar de data-alvo. | nenhuma variável auxiliar de data-alvo (('target', 'valid_time', 'target_month', 'forecast_time')) encontrada no dataset aberto — tentando Método B (semântica documentada do eixo forecast_period, Seção 4). | confirmado pela semântica documentada do eixo forecast_period (Método B, Seção 4/6): inicialização confirmada via SCALAR_COORD_ON_VARIABLE (status=OK_SCALAR_COORD), L.standard_name='forecast_period'/units='months', grade [0.5, 1.5, 2.5, 3.5, 4.5, 5.5] mensal confirmada, rota com forecast_period_semantics_documented=True.",CONFIRMED_BY_FORECAST_PERIOD_SEMANTICS,SCALAR_COORD_ON_VARIABLE,2000-10,2000-10,1,OK_SCALAR_COORD,RANGEEDGES,RANGEEDGES_WINDOW_COORDINATE_MATCH,2000-10-01 00:00:00; 2000-11-01 00:00:00,2000-10-01 00:00:00,"esquema=lead1_igual_mes_inicializacao, representação=NMME_HARMONIZED_MONTHLY",Fazendas_Sinobras_Centroide
2000-10,NOAA_NCEP,CFSv2,2000-10,3,2.5,2000-12,OK,"L.attrs contém termo(s) ['forecast_period'] — indica semântica de lead/target, mas isso sozinho não confirma o valor exato de H3 sem uma variável auxiliar de data-alvo. | nenhuma variável auxiliar de data-alvo (('target', 'valid_time', 'target_month', 'forecast_time')) encontrada no dataset aberto — tentando Método B (semântica documentada do eixo forecast_period, Seção 4). | confirmado pela semântica documentada do eixo forecast_period (Método B, Seção 4/6): inicialização confirmada via SCALAR_COORD_ON_VARIABLE (status=OK_SCALAR_COORD), L.standard_name='forecast_period'/units='months', grade [0.5, 1.5, 2.5, 3.5, 4.5, 5.5] mensal confirmada, rota com forecast_period_semantics_documented=True.",CONFIRMED_BY_FORECAST_PERIOD_SEMANTICS,SCALAR_COORD_ON_VARIABLE,2000-10,2000-10,1,OK_SCALAR_COORD,RANGEEDGES,RANGEEDGES_WINDOW_COORDINATE_MATCH,2000-10-01 00:00:00; 2000-11-01 00:00:00,2000-10-01 00:00:00,"esquema=lead1_igual_mes_inicializacao, representação=NMME_HARMONIZED_MONTHLY",Fazendas_Sinobras_Centroide
2000-10,NOAA_NCEP,CFSv2,2000-10,4,3.5,2001-01,OK,"L.attrs contém termo(s) ['forecast_period'] — indica semântica de lead/target, mas isso sozinho não confirma o valor exato de H4 sem uma variável auxiliar de data-alvo. | nenhuma variável auxiliar de data-alvo (('target', 'valid_time', 'target_month', 'forecast_time')) encontrada no dataset aberto — tentando Método B (semântica documentada do eixo forecast_period, Seção 4). | confirmado pela semântica documentada do eixo forecast_period (Método B, Seção 4/6): inicialização confirmada via SCALAR_COORD_ON_VARIABLE (status=OK_SCALAR_COORD), L.standard_name='forecast_period'/units='months', grade [0.5, 1.5, 2.5, 3.5, 4.5, 5.5] mensal confirmada, rota com forecast_period_semantics_documented=True.",CONFIRMED_BY_FORECAST_PERIOD_SEMANTICS,SCALAR_COORD_ON_VARIABLE,2000-10,2000-10,1,OK_SCALAR_COORD,RANGEEDGES,RANGEEDGES_WINDOW_COORDINATE_MATCH,2000-10-01 00:00:00; 2000-11-01 00:00:00,2000-10-01 00:00:00,"esquema=lead1_igual_mes_inicializacao, representação=NMME_HARMONIZED_MONTHLY",Fazendas_Sinobras_Centroide
2000-10,NOAA_NCEP,CFSv2,2000-10,5,4.5,2001-02,OK,"L.attrs contém termo(s) ['forecast_period'] — indica semântica de lead/target, mas isso sozinho não confirma o valor exato de H5 sem uma variável auxiliar de data-alvo. | nenhuma variável auxiliar de data-alvo (('target', 'valid_time', 'target_month', 'forecast_time')) encontrada no dataset aberto — tentando Método B (semântica documentada do eixo forecast_period, Seção 4). | confirmado pela semântica documentada do eixo forecast_period (Método B, Seção 4/6): inicialização confirmada via SCALAR_COORD_ON_VARIABLE (status=OK_SCALAR_COORD), L.standard_name='forecast_period'/units='months', grade [0.5, 1.5, 2.5, 3.5, 4.5, 5.5] mensal confirmada, rota com forecast_period_semantics_documented=True.",CONFIRMED_BY_FORECAST_PERIOD_SEMANTICS,SCALAR_COORD_ON_VARIABLE,2000-10,2000-10,1,OK_SCALAR_COORD,RANGEEDGES,RANGEEDGES_WINDOW_COORDINATE_MATCH,2000-10-01 00:00:00; 2000-11-01 00:00:00,2000-10-01 00:00:00,"esquema=lead1_igual_mes_inicializacao, representação=NMME_HARMONIZED_MONTHLY",Fazendas_Sinobras_Centroide
2000-10,NOAA_NCEP,CFSv2,2000-10,6,5.5,2001-03,OK,"L.attrs contém termo(s) ['forecast_period'] — indica semântica de lead/target, mas isso sozinho não confirma o valor exato de H6 sem uma variável auxiliar de data-alvo. | nenhuma variável auxiliar de data-alvo (('target', 'valid_time', 'target_month', 'forecast_time')) encontrada no dataset aberto — tentando Método B (semântica documentada do eixo forecast_period, Seção 4). | confirmado pela semântica documentada do eixo forecast_period (Método B, Seção 4/6): inicialização confirmada via SCALAR_COORD_ON_VARIABLE (status=OK_SCALAR_COORD), L.standard_name='forecast_period'/units='months', grade [0.5, 1.5, 2.5, 3.5, 4.5, 5.5] mensal confirmada, rota com forecast_period_semantics_documented=True.",CONFIRMED_BY_FORECAST_PERIOD_SEMANTICS,SCALAR_COORD_ON_VARIABLE,2000-10,2000-10,1,OK_SCALAR_COORD,RANGEEDGES,RANGEEDGES_WINDOW_COORDINATE_MATCH,2000-10-01 00:00:00; 2000-11-01 00:00:00,2000-10-01 00:00:00,"esquema=lead1_igual_mes_inicializacao, representação=NMME_HARMONIZED_MONTHLY",Fazendas_Sinobras_Centroide
2000-11,NOAA_NCEP,CFSv2,2000-11,1,0.5,2000-11,OK,"L.attrs contém termo(s) ['forecast_period'] — indica semântica de lead/target, mas isso sozinho não confirma o valor exato de H1 sem uma variável auxiliar de data-alvo. | nenhuma variável auxiliar de data-alvo (('target', 'valid_time', 'target_month', 'forecast_time')) encontrada no dataset aberto — tentando Método B (semântica documentada do eixo forecast_period, Seção 4). | confirmado pela semântica documentada do eixo forecast_period (Método B, Seção 4/6): inicialização confirmada via SCALAR_COORD_ON_VARIABLE (status=OK_SCALAR_COORD), L.standard_name='forecast_period'/units='months', grade [0.5, 1.5, 2.5, 3.5, 4.5, 5.5] mensal confirmada, rota com forecast_period_semantics_documented=True.",CONFIRMED_BY_FORECAST_PERIOD_SEMANTICS,SCALAR_COORD_ON_VARIABLE,2000-11,2000-11,1,OK_SCALAR_COORD,RANGEEDGES,RANGEEDGES_WINDOW_COORDINATE_MATCH,2000-11-01 00:00:00; 2000-12-01 00:00:00,2000-11-01 00:00:00,"esquema=lead1_igual_mes_inicializacao, representação=NMME_HARMONIZED_MONTHLY",Fazendas_Sinobras_Centroide
2000-11,NOAA_NCEP,CFSv2,2000-11,2,1.5,2000-12,OK,"L.attrs contém termo(s) ['forecast_period'] — indica semântica de lead/target, mas isso sozinho não confirma o valor exato de H2 sem uma variável auxiliar de data-alvo. | nenhuma variável auxiliar de data-alvo (('target', 'valid_time', 'target_month', 'forecast_time')) encontrada no dataset aberto — tentando Método B (semântica documentada do eixo forecast_period, Seção 4). | confirmado pela semântica documentada do eixo forecast_period (Método B, Seção 4/6): inicialização confirmada via SCALAR_COORD_ON_VARIABLE (status=OK_SCALAR_COORD), L.standard_name='forecast_period'/units='months', grade [0.5, 1.5, 2.5, 3.5, 4.5, 5.5] mensal confirmada, rota com forecast_period_semantics_documented=True.",CONFIRMED_BY_FORECAST_PERIOD_SEMANTICS,SCALAR_COORD_ON_VARIABLE,2000-11,2000-11,1,OK_SCALAR_COORD,RANGEEDGES,RANGEEDGES_WINDOW_COORDINATE_MATCH,2000-11-01 00:00:00; 2000-12-01 00:00:00,2000-11-01 00:00:00,"esquema=lead1_igual_mes_inicializacao, representação=NMME_HARMONIZED_MONTHLY",Fazendas_Sinobras_Centroide
2000-11,NOAA_NCEP,CFSv2,2000-11,3,2.5,2001-01,OK,"L.attrs contém termo(s) ['forecast_period'] — indica semântica de lead/target, mas isso sozinho não confirma o valor exato de H3 sem uma variável auxiliar de data-alvo. | nenhuma variável auxiliar de data-alvo (('target', 'valid_time', 'target_month', 'forecast_time')) encontrada no dataset aberto — tentando Método B (semântica documentada do eixo forecast_period, Seção 4). | confirmado pela semântica documentada do eixo forecast_period (Método B, Seção 4/6): inicialização confirmada via SCALAR_COORD_ON_VARIABLE (status=OK_SCALAR_COORD), L.standard_name='forecast_period'/units='months', grade [0.5, 1.5, 2.5, 3.5, 4.5, 5.5] mensal confirmada, rota com forecast_period_semantics_documented=True.",CONFIRMED_BY_FORECAST_PERIOD_SEMANTICS,SCALAR_COORD_ON_VARIABLE,2000-11,2000-11,1,OK_SCALAR_COORD,RANGEEDGES,RANGEEDGES_WINDOW_COORDINATE_MATCH,2000-11-01 00:00:00; 2000-12-01 00:00:00,2000-11-01 00:00:00,"esquema=lead1_igual_mes_inicializacao, representação=NMME_HARMONIZED_MONTHLY",Fazendas_Sinobras_Centroide
2000-11,NOAA_NCEP,CFSv2,2000-11,4,3.5,2001-02,OK,"L.attrs contém termo(s) ['forecast_period'] — indica semântica de lead/target, mas isso sozinho não confirma o valor exato de H4 sem uma variável auxiliar de data-alvo. | nenhuma variável auxiliar de data-alvo (('target', 'valid_time', 'target_month', 'forecast_time')) encontrada no dataset aberto — tentando Método B (semântica documentada do eixo forecast_period, Seção 4). | confirmado pela semântica documentada do eixo forecast_period (Método B, Seção 4/6): inicialização confirmada via SCALAR_COORD_ON_VARIABLE (status=OK_SCALAR_COORD), L.standard_name='forecast_period'/units='months', grade [0.5, 1.5, 2.5, 3.5, 4.5, 5.5] mensal confirmada, rota com forecast_period_semantics_documented=True.",CONFIRMED_BY_FORECAST_PERIOD_SEMANTICS,SCALAR_COORD_ON_VARIABLE,2000-11,2000-11,1,OK_SCALAR_COORD,RANGEEDGES,RANGEEDGES_WINDOW_COORDINATE_MATCH,2000-11-01 00:00:00; 2000-12-01 00:00:00,2000-11-01 00:00:00,"esquema=lead1_igual_mes_inicializacao, representação=NMME_HARMONIZED_MONTHLY",Fazendas_Sinobras_Centroide
2000-11,NOAA_NCEP,CFSv2,2000-11,5,4.5,2001-03,OK,"L.attrs contém termo(s) ['forecast_period'] — indica semântica de lead/target, mas isso sozinho não confirma o valor exato de H5 sem uma variável auxiliar de data-alvo. | nenhuma variável auxiliar de data-alvo (('target', 'valid_time', 'target_month', 'forecast_time')) encontrada no dataset aberto — tentando Método B (semântica documentada do eixo forecast_period, Seção 4). | confirmado pela semântica documentada do eixo forecast_period (Método B, Seção 4/6): inicialização confirmada via SCALAR_COORD_ON_VARIABLE (status=OK_SCALAR_COORD), L.standard_name='forecast_period'/units='months', grade [0.5, 1.5, 2.5, 3.5, 4.5, 5.5] mensal confirmada, rota com forecast_period_semantics_documented=True.",CONFIRMED_BY_FORECAST_PERIOD_SEMANTICS,SCALAR_COORD_ON_VARIABLE,2000-11,2000-11,1,OK_SCALAR_COORD,RANGEEDGES,RANGEEDGES_WINDOW_COORDINATE_MATCH,2000-11-01 00:00:00; 2000-12-01 00:00:00,2000-11-01 00:00:00,"esquema=lead1_igual_mes_inicializacao, representação=NMME_HARMONIZED_MONTHLY",Fazendas_Sinobras_Centroide
2000-11,NOAA_NCEP,CFSv2,2000-11,6,5.5,2001-04,OK,"L.attrs contém termo(s) ['forecast_period'] — indica semântica de lead/target, mas isso sozinho não confirma o valor exato de H6 sem uma variável auxiliar de data-alvo. | nenhuma variável auxiliar de data-alvo (('target', 'valid_time', 'target_month', 'forecast_time')) encontrada no dataset aberto — tentando Método B (semântica documentada do eixo forecast_period, Seção 4). | confirmado pela semântica documentada do eixo forecast_period (Método B, Seção 4/6): inicialização confirmada via SCALAR_COORD_ON_VARIABLE (status=OK_SCALAR_COORD), L.standard_name='forecast_period'/units='months', grade [0.5, 1.5, 2.5, 3.5, 4.5, 5.5] mensal confirmada, rota com forecast_period_semantics_documented=True.",CONFIRMED_BY_FORECAST_PERIOD_SEMANTICS,SCALAR_COORD_ON_VARIABLE,2000-11,2000-11,1,OK_SCALAR_COORD,RANGEEDGES,RANGEEDGES_WINDOW_COORDINATE_MATCH,2000-11-01 00:00:00; 2000-12-01 00:00:00,2000-11-01 00:00:00,"esquema=lead1_igual_mes_inicializacao, representação=NMME_HARMONIZED_MONTHLY",Fazendas_Sinobras_Centroide
2000-12,NOAA_NCEP,CFSv2,2000-12,1,0.5,2000-12,OK,"L.attrs contém termo(s) ['forecast_period'] — indica semântica de lead/target, mas isso sozinho não confirma o valor exato de H1 sem uma variável auxiliar de data-alvo. | nenhuma variável auxiliar de data-alvo (('target', 'valid_time', 'target_month', 'forecast_time')) encontrada no dataset aberto — tentando Método B (semântica documentada do eixo forecast_period, Seção 4). | confirmado pela semântica documentada do eixo forecast_period (Método B, Seção 4/6): inicialização confirmada via SCALAR_COORD_ON_VARIABLE (status=OK_SCALAR_COORD), L.standard_name='forecast_period'/units='months', grade [0.5, 1.5, 2.5, 3.5, 4.5, 5.5] mensal confirmada, rota com forecast_period_semantics_documented=True.",CONFIRMED_BY_FORECAST_PERIOD_SEMANTICS,SCALAR_COORD_ON_VARIABLE,2000-12,2000-12,1,OK_SCALAR_COORD,RANGEEDGES,RANGEEDGES_WINDOW_COORDINATE_MATCH,2000-12-01 00:00:00; 2001-01-01 00:00:00,2000-12-01 00:00:00,"esquema=lead1_igual_mes_inicializacao, representação=NMME_HARMONIZED_MONTHLY",Fazendas_Sinobras_Centroide
2000-12,NOAA_NCEP,CFSv2,2000-12,2,1.5,2001-01,OK,"L.attrs contém termo(s) ['forecast_period'] — indica semântica de lead/target, mas isso sozinho não confirma o valor exato de H2 sem uma variável auxiliar de data-alvo. | nenhuma variável auxiliar de data-alvo (('target', 'valid_time', 'target_month', 'forecast_time')) encontrada no dataset aberto — tentando Método B (semântica documentada do eixo forecast_period, Seção 4). | confirmado pela semântica documentada do eixo forecast_period (Método B, Seção 4/6): inicialização confirmada via SCALAR_COORD_ON_VARIABLE (status=OK_SCALAR_COORD), L.standard_name='forecast_period'/units='months', grade [0.5, 1.5, 2.5, 3.5, 4.5, 5.5] mensal confirmada, rota com forecast_period_semantics_documented=True.",CONFIRMED_BY_FORECAST_PERIOD_SEMANTICS,SCALAR_COORD_ON_VARIABLE,2000-12,2000-12,1,OK_SCALAR_COORD,RANGEEDGES,RANGEEDGES_WINDOW_COORDINATE_MATCH,2000-12-01 00:00:00; 2001-01-01 00:00:00,2000-12-01 00:00:00,"esquema=lead1_igual_mes_inicializacao, representação=NMME_HARMONIZED_MONTHLY",Fazendas_Sinobras_Centroide
2000-12,NOAA_NCEP,CFSv2,2000-12,3,2.5,2001-02,OK,"L.attrs contém termo(s) ['forecast_period'] — indica semântica de lead/target, mas isso sozinho não confirma o valor exato de H3 sem uma variável auxiliar de data-alvo. | nenhuma variável auxiliar de data-alvo (('target', 'valid_time', 'target_month', 'forecast_time')) encontrada no dataset aberto — tentando Método B (semântica documentada do eixo forecast_period, Seção 4). | confirmado pela semântica documentada do eixo forecast_period (Método B, Seção 4/6): inicialização confirmada via SCALAR_COORD_ON_VARIABLE (status=OK_SCALAR_COORD), L.standard_name='forecast_period'/units='months', grade [0.5, 1.5, 2.5, 3.5, 4.5, 5.5] mensal confirmada, rota com forecast_period_semantics_documented=True.",CONFIRMED_BY_FORECAST_PERIOD_SEMANTICS,SCALAR_COORD_ON_VARIABLE,2000-12,2000-12,1,OK_SCALAR_COORD,RANGEEDGES,RANGEEDGES_WINDOW_COORDINATE_MATCH,2000-12-01 00:00:00; 2001-01-01 00:00:00,2000-12-01 00:00:00,"esquema=lead1_igual_mes_inicializacao, representação=NMME_HARMONIZED_MONTHLY",Fazendas_Sinobras_Centroide
2000-12,NOAA_NCEP,CFSv2,2000-12,4,3.5,2001-03,OK,"L.attrs contém termo(s) ['forecast_period'] — indica semântica de lead/target, mas isso sozinho não confirma o valor exato de H4 sem uma variável auxiliar de data-alvo. | nenhuma variável auxiliar de data-alvo (('target', 'valid_time', 'target_month', 'forecast_time')) encontrada no dataset aberto — tentando Método B (semântica documentada do eixo forecast_period, Seção 4). | confirmado pela semântica documentada do eixo forecast_period (Método B, Seção 4/6): inicialização confirmada via SCALAR_COORD_ON_VARIABLE (status=OK_SCALAR_COORD), L.standard_name='forecast_period'/units='months', grade [0.5, 1.5, 2.5, 3.5, 4.5, 5.5] mensal confirmada, rota com forecast_period_semantics_documented=True.",CONFIRMED_BY_FORECAST_PERIOD_SEMANTICS,SCALAR_COORD_ON_VARIABLE,2000-12,2000-12,1,OK_SCALAR_COORD,RANGEEDGES,RANGEEDGES_WINDOW_COORDINATE_MATCH,2000-12-01 00:00:00; 2001-01-01 00:00:00,2000-12-01 00:00:00,"esquema=lead1_igual_mes_inicializacao, representação=NMME_HARMONIZED_MONTHLY",Fazendas_Sinobras_Centroide
2000-12,NOAA_NCEP,CFSv2,2000-12,5,4.5,2001-04,OK,"L.attrs contém termo(s) ['forecast_period'] — indica semântica de lead/target, mas isso sozinho não confirma o valor exato de H5 sem uma variável auxiliar de data-alvo. | nenhuma variável auxiliar de data-alvo (('target', 'valid_time', 'target_month', 'forecast_time')) encontrada no dataset aberto — tentando Método B (semântica documentada do eixo forecast_period, Seção 4). | confirmado pela semântica documentada do eixo forecast_period (Método B, Seção 4/6): inicialização confirmada via SCALAR_COORD_ON_VARIABLE (status=OK_SCALAR_COORD), L.standard_name='forecast_period'/units='months', grade [0.5, 1.5, 2.5, 3.5, 4.5, 5.5] mensal confirmada, rota com forecast_period_semantics_documented=True.",CONFIRMED_BY_FORECAST_PERIOD_SEMANTICS,SCALAR_COORD_ON_VARIABLE,2000-12,2000-12,1,OK_SCALAR_COORD,RANGEEDGES,RANGEEDGES_WINDOW_COORDINATE_MATCH,2000-12-01 00:00:00; 2001-01-01 00:00:00,2000-12-01 00:00:00,"esquema=lead1_igual_mes_inicializacao, representação=NMME_HARMONIZED_MONTHLY",Fazendas_Sinobras_Centroide
2000-12,NOAA_NCEP,CFSv2,2000-12,6,5.5,2001-05,OK,"L.attrs contém termo(s) ['forecast_period'] — indica semântica de lead/target, mas isso sozinho não confirma o valor exato de H6 sem uma variável auxiliar de data-alvo. | nenhuma variável auxiliar de data-alvo (('target', 'valid_time', 'target_month', 'forecast_time')) encontrada no dataset aberto — tentando Método B (semântica documentada do eixo forecast_period, Seção 4). | confirmado pela semântica documentada do eixo forecast_period (Método B, Seção 4/6): inicialização confirmada via SCALAR_COORD_ON_VARIABLE (status=OK_SCALAR_COORD), L.standard_name='forecast_period'/units='months', grade [0.5, 1.5, 2.5, 3.5, 4.5, 5.5] mensal confirmada, rota com forecast_period_semantics_documented=True.",CONFIRMED_BY_FORECAST_PERIOD_SEMANTICS,SCALAR_COORD_ON_VARIABLE,2000-12,2000-12,1,OK_SCALAR_COORD,RANGEEDGES,RANGEEDGES_WINDOW_COORDINATE_MATCH,2000-12-01 00:00:00; 2001-01-01 00:00:00,2000-12-01 00:00:00,"esquema=lead1_igual_mes_inicializacao, representação=NMME_HARMONIZED_MONTHLY",Fazendas_Sinobras_Centroide
2001-01,NOAA_NCEP,CFSv2,2001-01,1,0.5,2001-01,OK,"L.attrs contém termo(s) ['forecast_period'] — indica semântica de lead/target, mas isso sozinho não confirma o valor exato de H1 sem uma variável auxiliar de data-alvo. | nenhuma variável auxiliar de data-alvo (('target', 'valid_time', 'target_month', 'forecast_time')) encontrada no dataset aberto — tentando Método B (semântica documentada do eixo forecast_period, Seção 4). | confirmado pela semântica documentada do eixo forecast_period (Método B, Seção 4/6): inicialização confirmada via SCALAR_COORD_ON_VARIABLE (status=OK_SCALAR_COORD), L.standard_name='forecast_period'/units='months', grade [0.5, 1.5, 2.5, 3.5, 4.5, 5.5] mensal confirmada, rota com forecast_period_semantics_documented=True.",CONFIRMED_BY_FORECAST_PERIOD_SEMANTICS,SCALAR_COORD_ON_VARIABLE,2001-01,2001-01,1,OK_SCALAR_COORD,RANGEEDGES,RANGEEDGES_WINDOW_COORDINATE_MATCH,2001-01-01 00:00:00; 2001-02-01 00:00:00,2001-01-01 00:00:00,"esquema=lead1_igual_mes_inicializacao, representação=NMME_HARMONIZED_MONTHLY",Fazendas_Sinobras_Centroide
2001-01,NOAA_NCEP,CFSv2,2001-01,2,1.5,2001-02,OK,"L.attrs contém termo(s) ['forecast_period'] — indica semântica de lead/target, mas isso sozinho não confirma o valor exato de H2 sem uma variável auxiliar de data-alvo. | nenhuma variável auxiliar de data-alvo (('target', 'valid_time', 'target_month', 'forecast_time')) encontrada no dataset aberto — tentando Método B (semântica documentada do eixo forecast_period, Seção 4). | confirmado pela semântica documentada do eixo forecast_period (Método B, Seção 4/6): inicialização confirmada via SCALAR_COORD_ON_VARIABLE (status=OK_SCALAR_COORD), L.standard_name='forecast_period'/units='months', grade [0.5, 1.5, 2.5, 3.5, 4.5, 5.5] mensal confirmada, rota com forecast_period_semantics_documented=True.",CONFIRMED_BY_FORECAST_PERIOD_SEMANTICS,SCALAR_COORD_ON_VARIABLE,2001-01,2001-01,1,OK_SCALAR_COORD,RANGEEDGES,RANGEEDGES_WINDOW_COORDINATE_MATCH,2001-01-01 00:00:00; 2001-02-01 00:00:00,2001-01-01 00:00:00,"esquema=lead1_igual_mes_inicializacao, representação=NMME_HARMONIZED_MONTHLY",Fazendas_Sinobras_Centroide
2001-01,NOAA_NCEP,CFSv2,2001-01,3,2.5,2001-03,OK,"L.attrs contém termo(s) ['forecast_period'] — indica semântica de lead/target, mas isso sozinho não confirma o valor exato de H3 sem uma variável auxiliar de data-alvo. | nenhuma variável auxiliar de data-alvo (('target', 'valid_time', 'target_month', 'forecast_time')) encontrada no dataset aberto — tentando Método B (semântica documentada do eixo forecast_period, Seção 4). | confirmado pela semântica documentada do eixo forecast_period (Método B, Seção 4/6): inicialização confirmada via SCALAR_COORD_ON_VARIABLE (status=OK_SCALAR_COORD), L.standard_name='forecast_period'/units='months', grade [0.5, 1.5, 2.5, 3.5, 4.5, 5.5] mensal confirmada, rota com forecast_period_semantics_documented=True.",CONFIRMED_BY_FORECAST_PERIOD_SEMANTICS,SCALAR_COORD_ON_VARIABLE,2001-01,2001-01,1,OK_SCALAR_COORD,RANGEEDGES,RANGEEDGES_WINDOW_COORDINATE_MATCH,2001-01-01 00:00:00; 2001-02-01 00:00:00,2001-01-01 00:00:00,"esquema=lead1_igual_mes_inicializacao, representação=NMME_HARMONIZED_MONTHLY",Fazendas_Sinobras_Centroide
2001-01,NOAA_NCEP,CFSv2,2001-01,4,3.5,2001-04,OK,"L.attrs contém termo(s) ['forecast_period'] — indica semântica de lead/target, mas isso sozinho não confirma o valor exato de H4 sem uma variável auxiliar de data-alvo. | nenhuma variável auxiliar de data-alvo (('target', 'valid_time', 'target_month', 'forecast_time')) encontrada no dataset aberto — tentando Método B (semântica documentada do eixo forecast_period, Seção 4). | confirmado pela semântica documentada do eixo forecast_period (Método B, Seção 4/6): inicialização confirmada via SCALAR_COORD_ON_VARIABLE (status=OK_SCALAR_COORD), L.standard_name='forecast_period'/units='months', grade [0.5, 1.5, 2.5, 3.5, 4.5, 5.5] mensal confirmada, rota com forecast_period_semantics_documented=True.",CONFIRMED_BY_FORECAST_PERIOD_SEMANTICS,SCALAR_COORD_ON_VARIABLE,2001-01,2001-01,1,OK_SCALAR_COORD,RANGEEDGES,RANGEEDGES_WINDOW_COORDINATE_MATCH,2001-01-01 00:00:00; 2001-02-01 00:00:00,2001-01-01 00:00:00,"esquema=lead1_igual_mes_inicializacao, representação=NMME_HARMONIZED_MONTHLY",Fazendas_Sinobras_Centroide
2001-01,NOAA_NCEP,CFSv2,2001-01,5,4.5,2001-05,OK,"L.attrs contém termo(s) ['forecast_period'] — indica semântica de lead/target, mas isso sozinho não confirma o valor exato de H5 sem uma variável auxiliar de data-alvo. | nenhuma variável auxiliar de data-alvo (('target', 'valid_time', 'target_month', 'forecast_time')) encontrada no dataset aberto — tentando Método B (semântica documentada do eixo forecast_period, Seção 4). | confirmado pela semântica documentada do eixo forecast_period (Método B, Seção 4/6): inicialização confirmada via SCALAR_COORD_ON_VARIABLE (status=OK_SCALAR_COORD), L.standard_name='forecast_period'/units='months', grade [0.5, 1.5, 2.5, 3.5, 4.5, 5.5] mensal confirmada, rota com forecast_period_semantics_documented=True.",CONFIRMED_BY_FORECAST_PERIOD_SEMANTICS,SCALAR_COORD_ON_VARIABLE,2001-01,2001-01,1,OK_SCALAR_COORD,RANGEEDGES,RANGEEDGES_WINDOW_COORDINATE_MATCH,2001-01-01 00:00:00; 2001-02-01 00:00:00,2001-01-01 00:00:00,"esquema=lead1_igual_mes_inicializacao, representação=NMME_HARMONIZED_MONTHLY",Fazendas_Sinobras_Centroide
2001-01,NOAA_NCEP,CFSv2,2001-01,6,5.5,2001-06,OK,"L.attrs contém termo(s) ['forecast_period'] — indica semântica de lead/target, mas isso sozinho não confirma o valor exato de H6 sem uma variável auxiliar de data-alvo. | nenhuma variável auxiliar de data-alvo (('target', 'valid_time', 'target_month', 'forecast_time')) encontrada no dataset aberto — tentando Método B (semântica documentada do eixo forecast_period, Seção 4). | confirmado pela semântica documentada do eixo forecast_period (Método B, Seção 4/6): inicialização confirmada via SCALAR_COORD_ON_VARIABLE (status=OK_SCALAR_COORD), L.standard_name='forecast_period'/units='months', grade [0.5, 1.5, 2.5, 3.5, 4.5, 5.5] mensal confirmada, rota com forecast_period_semantics_documented=True.",CONFIRMED_BY_FORECAST_PERIOD_SEMANTICS,SCALAR_COORD_ON_VARIABLE,2001-01,2001-01,1,OK_SCALAR_COORD,RANGEEDGES,RANGEEDGES_WINDOW_COORDINATE_MATCH,2001-01-01 00:00:00; 2001-02-01 00:00:00,2001-01-01 00:00:00,"esquema=lead1_igual_mes_inicializacao, representação=NMME_HARMONIZED_MONTHLY",Fazendas_Sinobras_Centroide
2001-02,NOAA_NCEP,CFSv2,2001-02,1,0.5,2001-02,OK,"L.attrs contém termo(s) ['forecast_period'] — indica semântica de lead/target, mas isso sozinho não confirma o valor exato de H1 sem uma variável auxiliar de data-alvo. | nenhuma variável auxiliar de data-alvo (('target', 'valid_time', 'target_month', 'forecast_time')) encontrada no dataset aberto — tentando Método B (semântica documentada do eixo forecast_period, Seção 4). | confirmado pela semântica documentada do eixo forecast_period (Método B, Seção 4/6): inicialização confirmada via SCALAR_COORD_ON_VARIABLE (status=OK_SCALAR_COORD), L.standard_name='forecast_period'/units='months', grade [0.5, 1.5, 2.5, 3.5, 4.5, 5.5] mensal confirmada, rota com forecast_period_semantics_documented=True.",CONFIRMED_BY_FORECAST_PERIOD_SEMANTICS,SCALAR_COORD_ON_VARIABLE,2001-02,2001-02,1,OK_SCALAR_COORD,RANGEEDGES,RANGEEDGES_WINDOW_COORDINATE_MATCH,2001-02-01 00:00:00; 2001-03-01 00:00:00,2001-02-01 00:00:00,"esquema=lead1_igual_mes_inicializacao, representação=NMME_HARMONIZED_MONTHLY",Fazendas_Sinobras_Centroide
2001-02,NOAA_NCEP,CFSv2,2001-02,2,1.5,2001-03,OK,"L.attrs contém termo(s) ['forecast_period'] — indica semântica de lead/target, mas isso sozinho não confirma o valor exato de H2 sem uma variável auxiliar de data-alvo. | nenhuma variável auxiliar de data-alvo (('target', 'valid_time', 'target_month', 'forecast_time')) encontrada no dataset aberto — tentando Método B (semântica documentada do eixo forecast_period, Seção 4). | confirmado pela semântica documentada do eixo forecast_period (Método B, Seção 4/6): inicialização confirmada via SCALAR_COORD_ON_VARIABLE (status=OK_SCALAR_COORD), L.standard_name='forecast_period'/units='months', grade [0.5, 1.5, 2.5, 3.5, 4.5, 5.5] mensal confirmada, rota com forecast_period_semantics_documented=True.",CONFIRMED_BY_FORECAST_PERIOD_SEMANTICS,SCALAR_COORD_ON_VARIABLE,2001-02,2001-02,1,OK_SCALAR_COORD,RANGEEDGES,RANGEEDGES_WINDOW_COORDINATE_MATCH,2001-02-01 00:00:00; 2001-03-01 00:00:00,2001-02-01 00:00:00,"esquema=lead1_igual_mes_inicializacao, representação=NMME_HARMONIZED_MONTHLY",Fazendas_Sinobras_Centroide
2001-02,NOAA_NCEP,CFSv2,2001-02,3,2.5,2001-04,OK,"L.attrs contém termo(s) ['forecast_period'] — indica semântica de lead/target, mas isso sozinho não confirma o valor exato de H3 sem uma variável auxiliar de data-alvo. | nenhuma variável auxiliar de data-alvo (('target', 'valid_time', 'target_month', 'forecast_time')) encontrada no dataset aberto — tentando Método B (semântica documentada do eixo forecast_period, Seção 4). | confirmado pela semântica documentada do eixo forecast_period (Método B, Seção 4/6): inicialização confirmada via SCALAR_COORD_ON_VARIABLE (status=OK_SCALAR_COORD), L.standard_name='forecast_period'/units='months', grade [0.5, 1.5, 2.5, 3.5, 4.5, 5.5] mensal confirmada, rota com forecast_period_semantics_documented=True.",CONFIRMED_BY_FORECAST_PERIOD_SEMANTICS,SCALAR_COORD_ON_VARIABLE,2001-02,2001-02,1,OK_SCALAR_COORD,RANGEEDGES,RANGEEDGES_WINDOW_COORDINATE_MATCH,2001-02-01 00:00:00; 2001-03-01 00:00:00,2001-02-01 00:00:00,"esquema=lead1_igual_mes_inicializacao, representação=NMME_HARMONIZED_MONTHLY",Fazendas_Sinobras_Centroide
2001-02,NOAA_NCEP,CFSv2,2001-02,4,3.5,2001-05,OK,"L.attrs contém termo(s) ['forecast_period'] — indica semântica de lead/target, mas isso sozinho não confirma o valor exato de H4 sem uma variável auxiliar de data-alvo. | nenhuma variável auxiliar de data-alvo (('target', 'valid_time', 'target_month', 'forecast_time')) encontrada no dataset aberto — tentando Método B (semântica documentada do eixo forecast_period, Seção 4). | confirmado pela semântica documentada do eixo forecast_period (Método B, Seção 4/6): inicialização confirmada via SCALAR_COORD_ON_VARIABLE (status=OK_SCALAR_COORD), L.standard_name='forecast_period'/units='months', grade [0.5, 1.5, 2.5, 3.5, 4.5, 5.5] mensal confirmada, rota com forecast_period_semantics_documented=True.",CONFIRMED_BY_FORECAST_PERIOD_SEMANTICS,SCALAR_COORD_ON_VARIABLE,2001-02,2001-02,1,OK_SCALAR_COORD,RANGEEDGES,RANGEEDGES_WINDOW_COORDINATE_MATCH,2001-02-01 00:00:00; 2001-03-01 00:00:00,2001-02-01 00:00:00,"esquema=lead1_igual_mes_inicializacao, representação=NMME_HARMONIZED_MONTHLY",Fazendas_Sinobras_Centroide
2001-02,NOAA_NCEP,CFSv2,2001-02,5,4.5,2001-06,OK,"L.attrs contém termo(s) ['forecast_period'] — indica semântica de lead/target, mas isso sozinho não confirma o valor exato de H5 sem uma variável auxiliar de data-alvo. | nenhuma variável auxiliar de data-alvo (('target', 'valid_time', 'target_month', 'forecast_time')) encontrada no dataset aberto — tentando Método B (semântica documentada do eixo forecast_period, Seção 4). | confirmado pela semântica documentada do eixo forecast_period (Método B, Seção 4/6): inicialização confirmada via SCALAR_COORD_ON_VARIABLE (status=OK_SCALAR_COORD), L.standard_name='forecast_period'/units='months', grade [0.5, 1.5, 2.5, 3.5, 4.5, 5.5] mensal confirmada, rota com forecast_period_semantics_documented=True.",CONFIRMED_BY_FORECAST_PERIOD_SEMANTICS,SCALAR_COORD_ON_VARIABLE,2001-02,2001-02,1,OK_SCALAR_COORD,RANGEEDGES,RANGEEDGES_WINDOW_COORDINATE_MATCH,2001-02-01 00:00:00; 2001-03-01 00:00:00,2001-02-01 00:00:00,"esquema=lead1_igual_mes_inicializacao, representação=NMME_HARMONIZED_MONTHLY",Fazendas_Sinobras_Centroide
2001-02,NOAA_NCEP,CFSv2,2001-02,6,5.5,2001-07,OK,"L.attrs contém termo(s) ['forecast_period'] — indica semântica de lead/target, mas isso sozinho não confirma o valor exato de H6 sem uma variável auxiliar de data-alvo. | nenhuma variável auxiliar de data-alvo (('target', 'valid_time', 'target_month', 'forecast_time')) encontrada no dataset aberto — tentando Método B (semântica documentada do eixo forecast_period, Seção 4). | confirmado pela semântica documentada do eixo forecast_period (Método B, Seção 4/6): inicialização confirmada via SCALAR_COORD_ON_VARIABLE (status=OK_SCALAR_COORD), L.standard_name='forecast_period'/units='months', grade [0.5, 1.5, 2.5, 3.5, 4.5, 5.5] mensal confirmada, rota com forecast_period_semantics_documented=True.",CONFIRMED_BY_FORECAST_PERIOD_SEMANTICS,SCALAR_COORD_ON_VARIABLE,2001-02,2001-02,1,OK_SCALAR_COORD,RANGEEDGES,RANGEEDGES_WINDOW_COORDINATE_MATCH,2001-02-01 00:00:00; 2001-03-01 00:00:00,2001-02-01 00:00:00,"esquema=lead1_igual_mes_inicializacao, representação=NMME_HARMONIZED_MONTHLY",Fazendas_Sinobras_Centroide
2001-03,NOAA_NCEP,CFSv2,2001-03,1,0.5,2001-03,OK,"L.attrs contém termo(s) ['forecast_period'] — indica semântica de lead/target, mas isso sozinho não confirma o valor exato de H1 sem uma variável auxiliar de data-alvo. | nenhuma variável auxiliar de data-alvo (('target', 'valid_time', 'target_month', 'forecast_time')) encontrada no dataset aberto — tentando Método B (semântica documentada do eixo forecast_period, Seção 4). | confirmado pela semântica documentada do eixo forecast_period (Método B, Seção 4/6): inicialização confirmada via SCALAR_COORD_ON_VARIABLE (status=OK_SCALAR_COORD), L.standard_name='forecast_period'/units='months', grade [0.5, 1.5, 2.5, 3.5, 4.5, 5.5] mensal confirmada, rota com forecast_period_semantics_documented=True.",CONFIRMED_BY_FORECAST_PERIOD_SEMANTICS,SCALAR_COORD_ON_VARIABLE,2001-03,2001-03,1,OK_SCALAR_COORD,RANGEEDGES,RANGEEDGES_WINDOW_COORDINATE_MATCH,2001-03-01 00:00:00; 2001-04-01 00:00:00,2001-03-01 00:00:00,"esquema=lead1_igual_mes_inicializacao, representação=NMME_HARMONIZED_MONTHLY",Fazendas_Sinobras_Centroide
2001-03,NOAA_NCEP,CFSv2,2001-03,2,1.5,2001-04,OK,"L.attrs contém termo(s) ['forecast_period'] — indica semântica de lead/target, mas isso sozinho não confirma o valor exato de H2 sem uma variável auxiliar de data-alvo. | nenhuma variável auxiliar de data-alvo (('target', 'valid_time', 'target_month', 'forecast_time')) encontrada no dataset aberto — tentando Método B (semântica documentada do eixo forecast_period, Seção 4). | confirmado pela semântica documentada do eixo forecast_period (Método B, Seção 4/6): inicialização confirmada via SCALAR_COORD_ON_VARIABLE (status=OK_SCALAR_COORD), L.standard_name='forecast_period'/units='months', grade [0.5, 1.5, 2.5, 3.5, 4.5, 5.5] mensal confirmada, rota com forecast_period_semantics_documented=True.",CONFIRMED_BY_FORECAST_PERIOD_SEMANTICS,SCALAR_COORD_ON_VARIABLE,2001-03,2001-03,1,OK_SCALAR_COORD,RANGEEDGES,RANGEEDGES_WINDOW_COORDINATE_MATCH,2001-03-01 00:00:00; 2001-04-01 00:00:00,2001-03-01 00:00:00,"esquema=lead1_igual_mes_inicializacao, representação=NMME_HARMONIZED_MONTHLY",Fazendas_Sinobras_Centroide
2001-03,NOAA_NCEP,CFSv2,2001-03,3,2.5,2001-05,OK,"L.attrs contém termo(s) ['forecast_period'] — indica semântica de lead/target, mas isso sozinho não confirma o valor exato de H3 sem uma variável auxiliar de data-alvo. | nenhuma variável auxiliar de data-alvo (('target', 'valid_time', 'target_month', 'forecast_time')) encontrada no dataset aberto — tentando Método B (semântica documentada do eixo forecast_period, Seção 4). | confirmado pela semântica documentada do eixo forecast_period (Método B, Seção 4/6): inicialização confirmada via SCALAR_COORD_ON_VARIABLE (status=OK_SCALAR_COORD), L.standard_name='forecast_period'/units='months', grade [0.5, 1.5, 2.5, 3.5, 4.5, 5.5] mensal confirmada, rota com forecast_period_semantics_documented=True.",CONFIRMED_BY_FORECAST_PERIOD_SEMANTICS,SCALAR_COORD_ON_VARIABLE,2001-03,2001-03,1,OK_SCALAR_COORD,RANGEEDGES,RANGEEDGES_WINDOW_COORDINATE_MATCH,2001-03-01 00:00:00; 2001-04-01 00:00:00,2001-03-01 00:00:00,"esquema=lead1_igual_mes_inicializacao, representação=NMME_HARMONIZED_MONTHLY",Fazendas_Sinobras_Centroide
2001-03,NOAA_NCEP,CFSv2,2001-03,4,3.5,2001-06,OK,"L.attrs contém termo(s) ['forecast_period'] — indica semântica de lead/target, mas isso sozinho não confirma o valor exato de H4 sem uma variável auxiliar de data-alvo. | nenhuma variável auxiliar de data-alvo (('target', 'valid_time', 'target_month', 'forecast_time')) encontrada no dataset aberto — tentando Método B (semântica documentada do eixo forecast_period, Seção 4). | confirmado pela semântica documentada do eixo forecast_period (Método B, Seção 4/6): inicialização confirmada via SCALAR_COORD_ON_VARIABLE (status=OK_SCALAR_COORD), L.standard_name='forecast_period'/units='months', grade [0.5, 1.5, 2.5, 3.5, 4.5, 5.5] mensal confirmada, rota com forecast_period_semantics_documented=True.",CONFIRMED_BY_FORECAST_PERIOD_SEMANTICS,SCALAR_COORD_ON_VARIABLE,2001-03,2001-03,1,OK_SCALAR_COORD,RANGEEDGES,RANGEEDGES_WINDOW_COORDINATE_MATCH,2001-03-01 00:00:00; 2001-04-01 00:00:00,2001-03-01 00:00:00,"esquema=lead1_igual_mes_inicializacao, representação=NMME_HARMONIZED_MONTHLY",Fazendas_Sinobras_Centroide
2001-03,NOAA_NCEP,CFSv2,2001-03,5,4.5,2001-07,OK,"L.attrs contém termo(s) ['forecast_period'] — indica semântica de lead/target, mas isso sozinho não confirma o valor exato de H5 sem uma variável auxiliar de data-alvo. | nenhuma variável auxiliar de data-alvo (('target', 'valid_time', 'target_month', 'forecast_time')) encontrada no dataset aberto — tentando Método B (semântica documentada do eixo forecast_period, Seção 4). | confirmado pela semântica documentada do eixo forecast_period (Método B, Seção 4/6): inicialização confirmada via SCALAR_COORD_ON_VARIABLE (status=OK_SCALAR_COORD), L.standard_name='forecast_period'/units='months', grade [0.5, 1.5, 2.5, 3.5, 4.5, 5.5] mensal confirmada, rota com forecast_period_semantics_documented=True.",CONFIRMED_BY_FORECAST_PERIOD_SEMANTICS,SCALAR_COORD_ON_VARIABLE,2001-03,2001-03,1,OK_SCALAR_COORD,RANGEEDGES,RANGEEDGES_WINDOW_COORDINATE_MATCH,2001-03-01 00:00:00; 2001-04-01 00:00:00,2001-03-01 00:00:00,"esquema=lead1_igual_mes_inicializacao, representação=NMME_HARMONIZED_MONTHLY",Fazendas_Sinobras_Centroide
2001-03,NOAA_NCEP,CFSv2,2001-03,6,5.5,2001-08,OK,"L.attrs contém termo(s) ['forecast_period'] — indica semântica de lead/target, mas isso sozinho não confirma o valor exato de H6 sem uma variável auxiliar de data-alvo. | nenhuma variável auxiliar de data-alvo (('target', 'valid_time', 'target_month', 'forecast_time')) encontrada no dataset aberto — tentando Método B (semântica documentada do eixo forecast_period, Seção 4). | confirmado pela semântica documentada do eixo forecast_period (Método B, Seção 4/6): inicialização confirmada via SCALAR_COORD_ON_VARIABLE (status=OK_SCALAR_COORD), L.standard_name='forecast_period'/units='months', grade [0.5, 1.5, 2.5, 3.5, 4.5, 5.5] mensal confirmada, rota com forecast_period_semantics_documented=True.",CONFIRMED_BY_FORECAST_PERIOD_SEMANTICS,SCALAR_COORD_ON_VARIABLE,2001-03,2001-03,1,OK_SCALAR_COORD,RANGEEDGES,RANGEEDGES_WINDOW_COORDINATE_MATCH,2001-03-01 00:00:00; 2001-04-01 00:00:00,2001-03-01 00:00:00,"esquema=lead1_igual_mes_inicializacao, representação=NMME_HARMONIZED_MONTHLY",Fazendas_Sinobras_Centroide
2001-04,NOAA_NCEP,CFSv2,2001-04,1,0.5,2001-04,OK,"L.attrs contém termo(s) ['forecast_period'] — indica semântica de lead/target, mas isso sozinho não confirma o valor exato de H1 sem uma variável auxiliar de data-alvo. | nenhuma variável auxiliar de data-alvo (('target', 'valid_time', 'target_month', 'forecast_time')) encontrada no dataset aberto — tentando Método B (semântica documentada do eixo forecast_period, Seção 4). | confirmado pela semântica documentada do eixo forecast_period (Método B, Seção 4/6): inicialização confirmada via SCALAR_COORD_ON_VARIABLE (status=OK_SCALAR_COORD), L.standard_name='forecast_period'/units='months', grade [0.5, 1.5, 2.5, 3.5, 4.5, 5.5] mensal confirmada, rota com forecast_period_semantics_documented=True.",CONFIRMED_BY_FORECAST_PERIOD_SEMANTICS,SCALAR_COORD_ON_VARIABLE,2001-04,2001-04,1,OK_SCALAR_COORD,RANGEEDGES,RANGEEDGES_WINDOW_COORDINATE_MATCH,2001-04-01 00:00:00; 2001-05-01 00:00:00,2001-04-01 00:00:00,"esquema=lead1_igual_mes_inicializacao, representação=NMME_HARMONIZED_MONTHLY",Fazendas_Sinobras_Centroide
2001-04,NOAA_NCEP,CFSv2,2001-04,2,1.5,2001-05,OK,"L.attrs contém termo(s) ['forecast_period'] — indica semântica de lead/target, mas isso sozinho não confirma o valor exato de H2 sem uma variável auxiliar de data-alvo. | nenhuma variável auxiliar de data-alvo (('target', 'valid_time', 'target_month', 'forecast_time')) encontrada no dataset aberto — tentando Método B (semântica documentada do eixo forecast_period, Seção 4). | confirmado pela semântica documentada do eixo forecast_period (Método B, Seção 4/6): inicialização confirmada via SCALAR_COORD_ON_VARIABLE (status=OK_SCALAR_COORD), L.standard_name='forecast_period'/units='months', grade [0.5, 1.5, 2.5, 3.5, 4.5, 5.5] mensal confirmada, rota com forecast_period_semantics_documented=True.",CONFIRMED_BY_FORECAST_PERIOD_SEMANTICS,SCALAR_COORD_ON_VARIABLE,2001-04,2001-04,1,OK_SCALAR_COORD,RANGEEDGES,RANGEEDGES_WINDOW_COORDINATE_MATCH,2001-04-01 00:00:00; 2001-05-01 00:00:00,2001-04-01 00:00:00,"esquema=lead1_igual_mes_inicializacao, representação=NMME_HARMONIZED_MONTHLY",Fazendas_Sinobras_Centroide
2001-04,NOAA_NCEP,CFSv2,2001-04,3,2.5,2001-06,OK,"L.attrs contém termo(s) ['forecast_period'] — indica semântica de lead/target, mas isso sozinho não confirma o valor exato de H3 sem uma variável auxiliar de data-alvo. | nenhuma variável auxiliar de data-alvo (('target', 'valid_time', 'target_month', 'forecast_time')) encontrada no dataset aberto — tentando Método B (semântica documentada do eixo forecast_period, Seção 4). | confirmado pela semântica documentada do eixo forecast_period (Método B, Seção 4/6): inicialização confirmada via SCALAR_COORD_ON_VARIABLE (status=OK_SCALAR_COORD), L.standard_name='forecast_period'/units='months', grade [0.5, 1.5, 2.5, 3.5, 4.5, 5.5] mensal confirmada, rota com forecast_period_semantics_documented=True.",CONFIRMED_BY_FORECAST_PERIOD_SEMANTICS,SCALAR_COORD_ON_VARIABLE,2001-04,2001-04,1,OK_SCALAR_COORD,RANGEEDGES,RANGEEDGES_WINDOW_COORDINATE_MATCH,2001-04-01 00:00:00; 2001-05-01 00:00:00,2001-04-01 00:00:00,"esquema=lead1_igual_mes_inicializacao, representação=NMME_HARMONIZED_MONTHLY",Fazendas_Sinobras_Centroide
2001-04,NOAA_NCEP,CFSv2,2001-04,4,3.5,2001-07,OK,"L.attrs contém termo(s) ['forecast_period'] — indica semântica de lead/target, mas isso sozinho não confirma o valor exato de H4 sem uma variável auxiliar de data-alvo. | nenhuma variável auxiliar de data-alvo (('target', 'valid_time', 'target_month', 'forecast_time')) encontrada no dataset aberto — tentando Método B (semântica documentada do eixo forecast_period, Seção 4). | confirmado pela semântica documentada do eixo forecast_period (Método B, Seção 4/6): inicialização confirmada via SCALAR_COORD_ON_VARIABLE (status=OK_SCALAR_COORD), L.standard_name='forecast_period'/units='months', grade [0.5, 1.5, 2.5, 3.5, 4.5, 5.5] mensal confirmada, rota com forecast_period_semantics_documented=True.",CONFIRMED_BY_FORECAST_PERIOD_SEMANTICS,SCALAR_COORD_ON_VARIABLE,2001-04,2001-04,1,OK_SCALAR_COORD,RANGEEDGES,RANGEEDGES_WINDOW_COORDINATE_MATCH,2001-04-01 00:00:00; 2001-05-01 00:00:00,2001-04-01 00:00:00,"esquema=lead1_igual_mes_inicializacao, representação=NMME_HARMONIZED_MONTHLY",Fazendas_Sinobras_Centroide
2001-04,NOAA_NCEP,CFSv2,2001-04,5,4.5,2001-08,OK,"L.attrs contém termo(s) ['forecast_period'] — indica semântica de lead/target, mas isso sozinho não confirma o valor exato de H5 sem uma variável auxiliar de data-alvo. | nenhuma variável auxiliar de data-alvo (('target', 'valid_time', 'target_month', 'forecast_time')) encontrada no dataset aberto — tentando Método B (semântica documentada do eixo forecast_period, Seção 4). | confirmado pela semântica documentada do eixo forecast_period (Método B, Seção 4/6): inicialização confirmada via SCALAR_COORD_ON_VARIABLE (status=OK_SCALAR_COORD), L.standard_name='forecast_period'/units='months', grade [0.5, 1.5, 2.5, 3.5, 4.5, 5.5] mensal confirmada, rota com forecast_period_semantics_documented=True.",CONFIRMED_BY_FORECAST_PERIOD_SEMANTICS,SCALAR_COORD_ON_VARIABLE,2001-04,2001-04,1,OK_SCALAR_COORD,RANGEEDGES,RANGEEDGES_WINDOW_COORDINATE_MATCH,2001-04-01 00:00:00; 2001-05-01 00:00:00,2001-04-01 00:00:00,"esquema=lead1_igual_mes_inicializacao, representação=NMME_HARMONIZED_MONTHLY",Fazendas_Sinobras_Centroide
2001-04,NOAA_NCEP,CFSv2,2001-04,6,5.5,2001-09,OK,"L.attrs contém termo(s) ['forecast_period'] — indica semântica de lead/target, mas isso sozinho não confirma o valor exato de H6 sem uma variável auxiliar de data-alvo. | nenhuma variável auxiliar de data-alvo (('target', 'valid_time', 'target_month', 'forecast_time')) encontrada no dataset aberto — tentando Método B (semântica documentada do eixo forecast_period, Seção 4). | confirmado pela semântica documentada do eixo forecast_period (Método B, Seção 4/6): inicialização confirmada via SCALAR_COORD_ON_VARIABLE (status=OK_SCALAR_COORD), L.standard_name='forecast_period'/units='months', grade [0.5, 1.5, 2.5, 3.5, 4.5, 5.5] mensal confirmada, rota com forecast_period_semantics_documented=True.",CONFIRMED_BY_FORECAST_PERIOD_SEMANTICS,SCALAR_COORD_ON_VARIABLE,2001-04,2001-04,1,OK_SCALAR_COORD,RANGEEDGES,RANGEEDGES_WINDOW_COORDINATE_MATCH,2001-04-01 00:00:00; 2001-05-01 00:00:00,2001-04-01 00:00:00,"esquema=lead1_igual_mes_inicializacao, representação=NMME_HARMONIZED_MONTHLY",Fazendas_Sinobras_Centroide
2001-05,NOAA_NCEP,CFSv2,2001-05,1,0.5,2001-05,OK,"L.attrs contém termo(s) ['forecast_period'] — indica semântica de lead/target, mas isso sozinho não confirma o valor exato de H1 sem uma variável auxiliar de data-alvo. | nenhuma variável auxiliar de data-alvo (('target', 'valid_time', 'target_month', 'forecast_time')) encontrada no dataset aberto — tentando Método B (semântica documentada do eixo forecast_period, Seção 4). | confirmado pela semântica documentada do eixo forecast_period (Método B, Seção 4/6): inicialização confirmada via SCALAR_COORD_ON_VARIABLE (status=OK_SCALAR_COORD), L.standard_name='forecast_period'/units='months', grade [0.5, 1.5, 2.5, 3.5, 4.5, 5.5] mensal confirmada, rota com forecast_period_semantics_documented=True.",CONFIRMED_BY_FORECAST_PERIOD_SEMANTICS,SCALAR_COORD_ON_VARIABLE,2001-05,2001-05,1,OK_SCALAR_COORD,RANGEEDGES,RANGEEDGES_WINDOW_COORDINATE_MATCH,2001-05-01 00:00:00; 2001-06-01 00:00:00,2001-05-01 00:00:00,"esquema=lead1_igual_mes_inicializacao, representação=NMME_HARMONIZED_MONTHLY",Fazendas_Sinobras_Centroide
2001-05,NOAA_NCEP,CFSv2,2001-05,2,1.5,2001-06,OK,"L.attrs contém termo(s) ['forecast_period'] — indica semântica de lead/target, mas isso sozinho não confirma o valor exato de H2 sem uma variável auxiliar de data-alvo. | nenhuma variável auxiliar de data-alvo (('target', 'valid_time', 'target_month', 'forecast_time')) encontrada no dataset aberto — tentando Método B (semântica documentada do eixo forecast_period, Seção 4). | confirmado pela semântica documentada do eixo forecast_period (Método B, Seção 4/6): inicialização confirmada via SCALAR_COORD_ON_VARIABLE (status=OK_SCALAR_COORD), L.standard_name='forecast_period'/units='months', grade [0.5, 1.5, 2.5, 3.5, 4.5, 5.5] mensal confirmada, rota com forecast_period_semantics_documented=True.",CONFIRMED_BY_FORECAST_PERIOD_SEMANTICS,SCALAR_COORD_ON_VARIABLE,2001-05,2001-05,1,OK_SCALAR_COORD,RANGEEDGES,RANGEEDGES_WINDOW_COORDINATE_MATCH,2001-05-01 00:00:00; 2001-06-01 00:00:00,2001-05-01 00:00:00,"esquema=lead1_igual_mes_inicializacao, representação=NMME_HARMONIZED_MONTHLY",Fazendas_Sinobras_Centroide
2001-05,NOAA_NCEP,CFSv2,2001-05,3,2.5,2001-07,OK,"L.attrs contém termo(s) ['forecast_period'] — indica semântica de lead/target, mas isso sozinho não confirma o valor exato de H3 sem uma variável auxiliar de data-alvo. | nenhuma variável auxiliar de data-alvo (('target', 'valid_time', 'target_month', 'forecast_time')) encontrada no dataset aberto — tentando Método B (semântica documentada do eixo forecast_period, Seção 4). | confirmado pela semântica documentada do eixo forecast_period (Método B, Seção 4/6): inicialização confirmada via SCALAR_COORD_ON_VARIABLE (status=OK_SCALAR_COORD), L.standard_name='forecast_period'/units='months', grade [0.5, 1.5, 2.5, 3.5, 4.5, 5.5] mensal confirmada, rota com forecast_period_semantics_documented=True.",CONFIRMED_BY_FORECAST_PERIOD_SEMANTICS,SCALAR_COORD_ON_VARIABLE,2001-05,2001-05,1,OK_SCALAR_COORD,RANGEEDGES,RANGEEDGES_WINDOW_COORDINATE_MATCH,2001-05-01 00:00:00; 2001-06-01 00:00:00,2001-05-01 00:00:00,"esquema=lead1_igual_mes_inicializacao, representação=NMME_HARMONIZED_MONTHLY",Fazendas_Sinobras_Centroide
2001-05,NOAA_NCEP,CFSv2,2001-05,4,3.5,2001-08,OK,"L.attrs contém termo(s) ['forecast_period'] — indica semântica de lead/target, mas isso sozinho não confirma o valor exato de H4 sem uma variável auxiliar de data-alvo. | nenhuma variável auxiliar de data-alvo (('target', 'valid_time', 'target_month', 'forecast_time')) encontrada no dataset aberto — tentando Método B (semântica documentada do eixo forecast_period, Seção 4). | confirmado pela semântica documentada do eixo forecast_period (Método B, Seção 4/6): inicialização confirmada via SCALAR_COORD_ON_VARIABLE (status=OK_SCALAR_COORD), L.standard_name='forecast_period'/units='months', grade [0.5, 1.5, 2.5, 3.5, 4.5, 5.5] mensal confirmada, rota com forecast_period_semantics_documented=True.",CONFIRMED_BY_FORECAST_PERIOD_SEMANTICS,SCALAR_COORD_ON_VARIABLE,2001-05,2001-05,1,OK_SCALAR_COORD,RANGEEDGES,RANGEEDGES_WINDOW_COORDINATE_MATCH,2001-05-01 00:00:00; 2001-06-01 00:00:00,2001-05-01 00:00:00,"esquema=lead1_igual_mes_inicializacao, representação=NMME_HARMONIZED_MONTHLY",Fazendas_Sinobras_Centroide
2001-05,NOAA_NCEP,CFSv2,2001-05,5,4.5,2001-09,OK,"L.attrs contém termo(s) ['forecast_period'] — indica semântica de lead/target, mas isso sozinho não confirma o valor exato de H5 sem uma variável auxiliar de data-alvo. | nenhuma variável auxiliar de data-alvo (('target', 'valid_time', 'target_month', 'forecast_time')) encontrada no dataset aberto — tentando Método B (semântica documentada do eixo forecast_period, Seção 4). | confirmado pela semântica documentada do eixo forecast_period (Método B, Seção 4/6): inicialização confirmada via SCALAR_COORD_ON_VARIABLE (status=OK_SCALAR_COORD), L.standard_name='forecast_period'/units='months', grade [0.5, 1.5, 2.5, 3.5, 4.5, 5.5] mensal confirmada, rota com forecast_period_semantics_documented=True.",CONFIRMED_BY_FORECAST_PERIOD_SEMANTICS,SCALAR_COORD_ON_VARIABLE,2001-05,2001-05,1,OK_SCALAR_COORD,RANGEEDGES,RANGEEDGES_WINDOW_COORDINATE_MATCH,2001-05-01 00:00:00; 2001-06-01 00:00:00,2001-05-01 00:00:00,"esquema=lead1_igual_mes_inicializacao, representação=NMME_HARMONIZED_MONTHLY",Fazendas_Sinobras_Centroide
2001-05,NOAA_NCEP,CFSv2,2001-05,6,5.5,2001-10,OK,"L.attrs contém termo(s) ['forecast_period'] — indica semântica de lead/target, mas isso sozinho não confirma o valor exato de H6 sem uma variável auxiliar de data-alvo. | nenhuma variável auxiliar de data-alvo (('target', 'valid_time', 'target_month', 'forecast_time')) encontrada no dataset aberto — tentando Método B (semântica documentada do eixo forecast_period, Seção 4). | confirmado pela semântica documentada do eixo forecast_period (Método B, Seção 4/6): inicialização confirmada via SCALAR_COORD_ON_VARIABLE (status=OK_SCALAR_COORD), L.standard_name='forecast_period'/units='months', grade [0.5, 1.5, 2.5, 3.5, 4.5, 5.5] mensal confirmada, rota com forecast_period_semantics_documented=True.",CONFIRMED_BY_FORECAST_PERIOD_SEMANTICS,SCALAR_COORD_ON_VARIABLE,2001-05,2001-05,1,OK_SCALAR_COORD,RANGEEDGES,RANGEEDGES_WINDOW_COORDINATE_MATCH,2001-05-01 00:00:00; 2001-06-01 00:00:00,2001-05-01 00:00:00,"esquema=lead1_igual_mes_inicializacao, representação=NMME_HARMONIZED_MONTHLY",Fazendas_Sinobras_Centroide
2001-06,NOAA_NCEP,CFSv2,2001-06,1,0.5,2001-06,OK,"L.attrs contém termo(s) ['forecast_period'] — indica semântica de lead/target, mas isso sozinho não confirma o valor exato de H1 sem uma variável auxiliar de data-alvo. | nenhuma variável auxiliar de data-alvo (('target', 'valid_time', 'target_month', 'forecast_time')) encontrada no dataset aberto — tentando Método B (semântica documentada do eixo forecast_period, Seção 4). | confirmado pela semântica documentada do eixo forecast_period (Método B, Seção 4/6): inicialização confirmada via SCALAR_COORD_ON_VARIABLE (status=OK_SCALAR_COORD), L.standard_name='forecast_period'/units='months', grade [0.5, 1.5, 2.5, 3.5, 4.5, 5.5] mensal confirmada, rota com forecast_period_semantics_documented=True.",CONFIRMED_BY_FORECAST_PERIOD_SEMANTICS,SCALAR_COORD_ON_VARIABLE,2001-06,2001-06,1,OK_SCALAR_COORD,RANGEEDGES,RANGEEDGES_WINDOW_COORDINATE_MATCH,2001-06-01 00:00:00; 2001-07-01 00:00:00,2001-06-01 00:00:00,"esquema=lead1_igual_mes_inicializacao, representação=NMME_HARMONIZED_MONTHLY",Fazendas_Sinobras_Centroide
2001-06,NOAA_NCEP,CFSv2,2001-06,2,1.5,2001-07,OK,"L.attrs contém termo(s) ['forecast_period'] — indica semântica de lead/target, mas isso sozinho não confirma o valor exato de H2 sem uma variável auxiliar de data-alvo. | nenhuma variável auxiliar de data-alvo (('target', 'valid_time', 'target_month', 'forecast_time')) encontrada no dataset aberto — tentando Método B (semântica documentada do eixo forecast_period, Seção 4). | confirmado pela semântica documentada do eixo forecast_period (Método B, Seção 4/6): inicialização confirmada via SCALAR_COORD_ON_VARIABLE (status=OK_SCALAR_COORD), L.standard_name='forecast_period'/units='months', grade [0.5, 1.5, 2.5, 3.5, 4.5, 5.5] mensal confirmada, rota com forecast_period_semantics_documented=True.",CONFIRMED_BY_FORECAST_PERIOD_SEMANTICS,SCALAR_COORD_ON_VARIABLE,2001-06,2001-06,1,OK_SCALAR_COORD,RANGEEDGES,RANGEEDGES_WINDOW_COORDINATE_MATCH,2001-06-01 00:00:00; 2001-07-01 00:00:00,2001-06-01 00:00:00,"esquema=lead1_igual_mes_inicializacao, representação=NMME_HARMONIZED_MONTHLY",Fazendas_Sinobras_Centroide
2001-06,NOAA_NCEP,CFSv2,2001-06,3,2.5,2001-08,OK,"L.attrs contém termo(s) ['forecast_period'] — indica semântica de lead/target, mas isso sozinho não confirma o valor exato de H3 sem uma variável auxiliar de data-alvo. | nenhuma variável auxiliar de data-alvo (('target', 'valid_time', 'target_month', 'forecast_time')) encontrada no dataset aberto — tentando Método B (semântica documentada do eixo forecast_period, Seção 4). | confirmado pela semântica documentada do eixo forecast_period (Método B, Seção 4/6): inicialização confirmada via SCALAR_COORD_ON_VARIABLE (status=OK_SCALAR_COORD), L.standard_name='forecast_period'/units='months', grade [0.5, 1.5, 2.5, 3.5, 4.5, 5.5] mensal confirmada, rota com forecast_period_semantics_documented=True.",CONFIRMED_BY_FORECAST_PERIOD_SEMANTICS,SCALAR_COORD_ON_VARIABLE,2001-06,2001-06,1,OK_SCALAR_COORD,RANGEEDGES,RANGEEDGES_WINDOW_COORDINATE_MATCH,2001-06-01 00:00:00; 2001-07-01 00:00:00,2001-06-01 00:00:00,"esquema=lead1_igual_mes_inicializacao, representação=NMME_HARMONIZED_MONTHLY",Fazendas_Sinobras_Centroide
2001-06,NOAA_NCEP,CFSv2,2001-06,4,3.5,2001-09,OK,"L.attrs contém termo(s) ['forecast_period'] — indica semântica de lead/target, mas isso sozinho não confirma o valor exato de H4 sem uma variável auxiliar de data-alvo. | nenhuma variável auxiliar de data-alvo (('target', 'valid_time', 'target_month', 'forecast_time')) encontrada no dataset aberto — tentando Método B (semântica documentada do eixo forecast_period, Seção 4). | confirmado pela semântica documentada do eixo forecast_period (Método B, Seção 4/6): inicialização confirmada via SCALAR_COORD_ON_VARIABLE (status=OK_SCALAR_COORD), L.standard_name='forecast_period'/units='months', grade [0.5, 1.5, 2.5, 3.5, 4.5, 5.5] mensal confirmada, rota com forecast_period_semantics_documented=True.",CONFIRMED_BY_FORECAST_PERIOD_SEMANTICS,SCALAR_COORD_ON_VARIABLE,2001-06,2001-06,1,OK_SCALAR_COORD,RANGEEDGES,RANGEEDGES_WINDOW_COORDINATE_MATCH,2001-06-01 00:00:00; 2001-07-01 00:00:00,2001-06-01 00:00:00,"esquema=lead1_igual_mes_inicializacao, representação=NMME_HARMONIZED_MONTHLY",Fazendas_Sinobras_Centroide
2001-06,NOAA_NCEP,CFSv2,2001-06,5,4.5,2001-10,OK,"L.attrs contém termo(s) ['forecast_period'] — indica semântica de lead/target, mas isso sozinho não confirma o valor exato de H5 sem uma variável auxiliar de data-alvo. | nenhuma variável auxiliar de data-alvo (('target', 'valid_time', 'target_month', 'forecast_time')) encontrada no dataset aberto — tentando Método B (semântica documentada do eixo forecast_period, Seção 4). | confirmado pela semântica documentada do eixo forecast_period (Método B, Seção 4/6): inicialização confirmada via SCALAR_COORD_ON_VARIABLE (status=OK_SCALAR_COORD), L.standard_name='forecast_period'/units='months', grade [0.5, 1.5, 2.5, 3.5, 4.5, 5.5] mensal confirmada, rota com forecast_period_semantics_documented=True.",CONFIRMED_BY_FORECAST_PERIOD_SEMANTICS,SCALAR_COORD_ON_VARIABLE,2001-06,2001-06,1,OK_SCALAR_COORD,RANGEEDGES,RANGEEDGES_WINDOW_COORDINATE_MATCH,2001-06-01 00:00:00; 2001-07-01 00:00:00,2001-06-01 00:00:00,"esquema=lead1_igual_mes_inicializacao, representação=NMME_HARMONIZED_MONTHLY",Fazendas_Sinobras_Centroide
2001-06,NOAA_NCEP,CFSv2,2001-06,6,5.5,2001-11,OK,"L.attrs contém termo(s) ['forecast_period'] — indica semântica de lead/target, mas isso sozinho não confirma o valor exato de H6 sem uma variável auxiliar de data-alvo. | nenhuma variável auxiliar de data-alvo (('target', 'valid_time', 'target_month', 'forecast_time')) encontrada no dataset aberto — tentando Método B (semântica documentada do eixo forecast_period, Seção 4). | confirmado pela semântica documentada do eixo forecast_period (Método B, Seção 4/6): inicialização confirmada via SCALAR_COORD_ON_VARIABLE (status=OK_SCALAR_COORD), L.standard_name='forecast_period'/units='months', grade [0.5, 1.5, 2.5, 3.5, 4.5, 5.5] mensal confirmada, rota com forecast_period_semantics_documented=True.",CONFIRMED_BY_FORECAST_PERIOD_SEMANTICS,SCALAR_COORD_ON_VARIABLE,2001-06,2001-06,1,OK_SCALAR_COORD,RANGEEDGES,RANGEEDGES_WINDOW_COORDINATE_MATCH,2001-06-01 00:00:00; 2001-07-01 00:00:00,2001-06-01 00:00:00,"esquema=lead1_igual_mes_inicializacao, representação=NMME_HARMONIZED_MONTHLY",Fazendas_Sinobras_Centroide
2001-07,NOAA_NCEP,CFSv2,2001-07,1,0.5,2001-07,OK,"L.attrs contém termo(s) ['forecast_period'] — indica semântica de lead/target, mas isso sozinho não confirma o valor exato de H1 sem uma variável auxiliar de data-alvo. | nenhuma variável auxiliar de data-alvo (('target', 'valid_time', 'target_month', 'forecast_time')) encontrada no dataset aberto — tentando Método B (semântica documentada do eixo forecast_period, Seção 4). | confirmado pela semântica documentada do eixo forecast_period (Método B, Seção 4/6): inicialização confirmada via SCALAR_COORD_ON_VARIABLE (status=OK_SCALAR_COORD), L.standard_name='forecast_period'/units='months', grade [0.5, 1.5, 2.5, 3.5, 4.5, 5.5] mensal confirmada, rota com forecast_period_semantics_documented=True.",CONFIRMED_BY_FORECAST_PERIOD_SEMANTICS,SCALAR_COORD_ON_VARIABLE,2001-07,2001-07,1,OK_SCALAR_COORD,RANGEEDGES,RANGEEDGES_WINDOW_COORDINATE_MATCH,2001-07-01 00:00:00; 2001-08-01 00:00:00,2001-07-01 00:00:00,"esquema=lead1_igual_mes_inicializacao, representação=NMME_HARMONIZED_MONTHLY",Fazendas_Sinobras_Centroide
2001-07,NOAA_NCEP,CFSv2,2001-07,2,1.5,2001-08,OK,"L.attrs contém termo(s) ['forecast_period'] — indica semântica de lead/target, mas isso sozinho não confirma o valor exato de H2 sem uma variável auxiliar de data-alvo. | nenhuma variável auxiliar de data-alvo (('target', 'valid_time', 'target_month', 'forecast_time')) encontrada no dataset aberto — tentando Método B (semântica documentada do eixo forecast_period, Seção 4). | confirmado pela semântica documentada do eixo forecast_period (Método B, Seção 4/6): inicialização confirmada via SCALAR_COORD_ON_VARIABLE (status=OK_SCALAR_COORD), L.standard_name='forecast_period'/units='months', grade [0.5, 1.5, 2.5, 3.5, 4.5, 5.5] mensal confirmada, rota com forecast_period_semantics_documented=True.",CONFIRMED_BY_FORECAST_PERIOD_SEMANTICS,SCALAR_COORD_ON_VARIABLE,2001-07,2001-07,1,OK_SCALAR_COORD,RANGEEDGES,RANGEEDGES_WINDOW_COORDINATE_MATCH,2001-07-01 00:00:00; 2001-08-01 00:00:00,2001-07-01 00:00:00,"esquema=lead1_igual_mes_inicializacao, representação=NMME_HARMONIZED_MONTHLY",Fazendas_Sinobras_Centroide
2001-07,NOAA_NCEP,CFSv2,2001-07,3,2.5,2001-09,OK,"L.attrs contém termo(s) ['forecast_period'] — indica semântica de lead/target, mas isso sozinho não confirma o valor exato de H3 sem uma variável auxiliar de data-alvo. | nenhuma variável auxiliar de data-alvo (('target', 'valid_time', 'target_month', 'forecast_time')) encontrada no dataset aberto — tentando Método B (semântica documentada do eixo forecast_period, Seção 4). | confirmado pela semântica documentada do eixo forecast_period (Método B, Seção 4/6): inicialização confirmada via SCALAR_COORD_ON_VARIABLE (status=OK_SCALAR_COORD), L.standard_name='forecast_period'/units='months', grade [0.5, 1.5, 2.5, 3.5, 4.5, 5.5] mensal confirmada, rota com forecast_period_semantics_documented=True.",CONFIRMED_BY_FORECAST_PERIOD_SEMANTICS,SCALAR_COORD_ON_VARIABLE,2001-07,2001-07,1,OK_SCALAR_COORD,RANGEEDGES,RANGEEDGES_WINDOW_COORDINATE_MATCH,2001-07-01 00:00:00; 2001-08-01 00:00:00,2001-07-01 00:00:00,"esquema=lead1_igual_mes_inicializacao, representação=NMME_HARMONIZED_MONTHLY",Fazendas_Sinobras_Centroide
2001-07,NOAA_NCEP,CFSv2,2001-07,4,3.5,2001-10,OK,"L.attrs contém termo(s) ['forecast_period'] — indica semântica de lead/target, mas isso sozinho não confirma o valor exato de H4 sem uma variável auxiliar de data-alvo. | nenhuma variável auxiliar de data-alvo (('target', 'valid_time', 'target_month', 'forecast_time')) encontrada no dataset aberto — tentando Método B (semântica documentada do eixo forecast_period, Seção 4). | confirmado pela semântica documentada do eixo forecast_period (Método B, Seção 4/6): inicialização confirmada via SCALAR_COORD_ON_VARIABLE (status=OK_SCALAR_COORD), L.standard_name='forecast_period'/units='months', grade [0.5, 1.5, 2.5, 3.5, 4.5, 5.5] mensal confirmada, rota com forecast_period_semantics_documented=True.",CONFIRMED_BY_FORECAST_PERIOD_SEMANTICS,SCALAR_COORD_ON_VARIABLE,2001-07,2001-07,1,OK_SCALAR_COORD,RANGEEDGES,RANGEEDGES_WINDOW_COORDINATE_MATCH,2001-07-01 00:00:00; 2001-08-01 00:00:00,2001-07-01 00:00:00,"esquema=lead1_igual_mes_inicializacao, representação=NMME_HARMONIZED_MONTHLY",Fazendas_Sinobras_Centroide
2001-07,NOAA_NCEP,CFSv2,2001-07,5,4.5,2001-11,OK,"L.attrs contém termo(s) ['forecast_period'] — indica semântica de lead/target, mas isso sozinho não confirma o valor exato de H5 sem uma variável auxiliar de data-alvo. | nenhuma variável auxiliar de data-alvo (('target', 'valid_time', 'target_month', 'forecast_time')) encontrada no dataset aberto — tentando Método B (semântica documentada do eixo forecast_period, Seção 4). | confirmado pela semântica documentada do eixo forecast_period (Método B, Seção 4/6): inicialização confirmada via SCALAR_COORD_ON_VARIABLE (status=OK_SCALAR_COORD), L.standard_name='forecast_period'/units='months', grade [0.5, 1.5, 2.5, 3.5, 4.5, 5.5] mensal confirmada, rota com forecast_period_semantics_documented=True.",CONFIRMED_BY_FORECAST_PERIOD_SEMANTICS,SCALAR_COORD_ON_VARIABLE,2001-07,2001-07,1,OK_SCALAR_COORD,RANGEEDGES,RANGEEDGES_WINDOW_COORDINATE_MATCH,2001-07-01 00:00:00; 2001-08-01 00:00:00,2001-07-01 00:00:00,"esquema=lead1_igual_mes_inicializacao, representação=NMME_HARMONIZED_MONTHLY",Fazendas_Sinobras_Centroide
2001-07,NOAA_NCEP,CFSv2,2001-07,6,5.5,2001-12,OK,"L.attrs contém termo(s) ['forecast_period'] — indica semântica de lead/target, mas isso sozinho não confirma o valor exato de H6 sem uma variável auxiliar de data-alvo. | nenhuma variável auxiliar de data-alvo (('target', 'valid_time', 'target_month', 'forecast_time')) encontrada no dataset aberto — tentando Método B (semântica documentada do eixo forecast_period, Seção 4). | confirmado pela semântica documentada do eixo forecast_period (Método B, Seção 4/6): inicialização confirmada via SCALAR_COORD_ON_VARIABLE (status=OK_SCALAR_COORD), L.standard_name='forecast_period'/units='months', grade [0.5, 1.5, 2.5, 3.5, 4.5, 5.5] mensal confirmada, rota com forecast_period_semantics_documented=True.",CONFIRMED_BY_FORECAST_PERIOD_SEMANTICS,SCALAR_COORD_ON_VARIABLE,2001-07,2001-07,1,OK_SCALAR_COORD,RANGEEDGES,RANGEEDGES_WINDOW_COORDINATE_MATCH,2001-07-01 00:00:00; 2001-08-01 00:00:00,2001-07-01 00:00:00,"esquema=lead1_igual_mes_inicializacao, representação=NMME_HARMONIZED_MONTHLY",Fazendas_Sinobras_Centroide
2001-08,NOAA_NCEP,CFSv2,2001-08,1,0.5,2001-08,OK,"L.attrs contém termo(s) ['forecast_period'] — indica semântica de lead/target, mas isso sozinho não confirma o valor exato de H1 sem uma variável auxiliar de data-alvo. | nenhuma variável auxiliar de data-alvo (('target', 'valid_time', 'target_month', 'forecast_time')) encontrada no dataset aberto — tentando Método B (semântica documentada do eixo forecast_period, Seção 4). | confirmado pela semântica documentada do eixo forecast_period (Método B, Seção 4/6): inicialização confirmada via SCALAR_COORD_ON_VARIABLE (status=OK_SCALAR_COORD), L.standard_name='forecast_period'/units='months', grade [0.5, 1.5, 2.5, 3.5, 4.5, 5.5] mensal confirmada, rota com forecast_period_semantics_documented=True.",CONFIRMED_BY_FORECAST_PERIOD_SEMANTICS,SCALAR_COORD_ON_VARIABLE,2001-08,2001-08,1,OK_SCALAR_COORD,RANGEEDGES,RANGEEDGES_WINDOW_COORDINATE_MATCH,2001-08-01 00:00:00; 2001-09-01 00:00:00,2001-08-01 00:00:00,"esquema=lead1_igual_mes_inicializacao, representação=NMME_HARMONIZED_MONTHLY",Fazendas_Sinobras_Centroide
2001-08,NOAA_NCEP,CFSv2,2001-08,2,1.5,2001-09,OK,"L.attrs contém termo(s) ['forecast_period'] — indica semântica de lead/target, mas isso sozinho não confirma o valor exato de H2 sem uma variável auxiliar de data-alvo. | nenhuma variável auxiliar de data-alvo (('target', 'valid_time', 'target_month', 'forecast_time')) encontrada no dataset aberto — tentando Método B (semântica documentada do eixo forecast_period, Seção 4). | confirmado pela semântica documentada do eixo forecast_period (Método B, Seção 4/6): inicialização confirmada via SCALAR_COORD_ON_VARIABLE (status=OK_SCALAR_COORD), L.standard_name='forecast_period'/units='months', grade [0.5, 1.5, 2.5, 3.5, 4.5, 5.5] mensal confirmada, rota com forecast_period_semantics_documented=True.",CONFIRMED_BY_FORECAST_PERIOD_SEMANTICS,SCALAR_COORD_ON_VARIABLE,2001-08,2001-08,1,OK_SCALAR_COORD,RANGEEDGES,RANGEEDGES_WINDOW_COORDINATE_MATCH,2001-08-01 00:00:00; 2001-09-01 00:00:00,2001-08-01 00:00:00,"esquema=lead1_igual_mes_inicializacao, representação=NMME_HARMONIZED_MONTHLY",Fazendas_Sinobras_Centroide
2001-08,NOAA_NCEP,CFSv2,2001-08,3,2.5,2001-10,OK,"L.attrs contém termo(s) ['forecast_period'] — indica semântica de lead/target, mas isso sozinho não confirma o valor exato de H3 sem uma variável auxiliar de data-alvo. | nenhuma variável auxiliar de data-alvo (('target', 'valid_time', 'target_month', 'forecast_time')) encontrada no dataset aberto — tentando Método B (semântica documentada do eixo forecast_period, Seção 4). | confirmado pela semântica documentada do eixo forecast_period (Método B, Seção 4/6): inicialização confirmada via SCALAR_COORD_ON_VARIABLE (status=OK_SCALAR_COORD), L.standard_name='forecast_period'/units='months', grade [0.5, 1.5, 2.5, 3.5, 4.5, 5.5] mensal confirmada, rota com forecast_period_semantics_documented=True.",CONFIRMED_BY_FORECAST_PERIOD_SEMANTICS,SCALAR_COORD_ON_VARIABLE,2001-08,2001-08,1,OK_SCALAR_COORD,RANGEEDGES,RANGEEDGES_WINDOW_COORDINATE_MATCH,2001-08-01 00:00:00; 2001-09-01 00:00:00,2001-08-01 00:00:00,"esquema=lead1_igual_mes_inicializacao, representação=NMME_HARMONIZED_MONTHLY",Fazendas_Sinobras_Centroide
2001-08,NOAA_NCEP,CFSv2,2001-08,4,3.5,2001-11,OK,"L.attrs contém termo(s) ['forecast_period'] — indica semântica de lead/target, mas isso sozinho não confirma o valor exato de H4 sem uma variável auxiliar de data-alvo. | nenhuma variável auxiliar de data-alvo (('target', 'valid_time', 'target_month', 'forecast_time')) encontrada no dataset aberto — tentando Método B (semântica documentada do eixo forecast_period, Seção 4). | confirmado pela semântica documentada do eixo forecast_period (Método B, Seção 4/6): inicialização confirmada via SCALAR_COORD_ON_VARIABLE (status=OK_SCALAR_COORD), L.standard_name='forecast_period'/units='months', grade [0.5, 1.5, 2.5, 3.5, 4.5, 5.5] mensal confirmada, rota com forecast_period_semantics_documented=True.",CONFIRMED_BY_FORECAST_PERIOD_SEMANTICS,SCALAR_COORD_ON_VARIABLE,2001-08,2001-08,1,OK_SCALAR_COORD,RANGEEDGES,RANGEEDGES_WINDOW_COORDINATE_MATCH,2001-08-01 00:00:00; 2001-09-01 00:00:00,2001-08-01 00:00:00,"esquema=lead1_igual_mes_inicializacao, representação=NMME_HARMONIZED_MONTHLY",Fazendas_Sinobras_Centroide
2001-08,NOAA_NCEP,CFSv2,2001-08,5,4.5,2001-12,OK,"L.attrs contém termo(s) ['forecast_period'] — indica semântica de lead/target, mas isso sozinho não confirma o valor exato de H5 sem uma variável auxiliar de data-alvo. | nenhuma variável auxiliar de data-alvo (('target', 'valid_time', 'target_month', 'forecast_time')) encontrada no dataset aberto — tentando Método B (semântica documentada do eixo forecast_period, Seção 4). | confirmado pela semântica documentada do eixo forecast_period (Método B, Seção 4/6): inicialização confirmada via SCALAR_COORD_ON_VARIABLE (status=OK_SCALAR_COORD), L.standard_name='forecast_period'/units='months', grade [0.5, 1.5, 2.5, 3.5, 4.5, 5.5] mensal confirmada, rota com forecast_period_semantics_documented=True.",CONFIRMED_BY_FORECAST_PERIOD_SEMANTICS,SCALAR_COORD_ON_VARIABLE,2001-08,2001-08,1,OK_SCALAR_COORD,RANGEEDGES,RANGEEDGES_WINDOW_COORDINATE_MATCH,2001-08-01 00:00:00; 2001-09-01 00:00:00,2001-08-01 00:00:00,"esquema=lead1_igual_mes_inicializacao, representação=NMME_HARMONIZED_MONTHLY",Fazendas_Sinobras_Centroide
2001-08,NOAA_NCEP,CFSv2,2001-08,6,5.5,2002-01,OK,"L.attrs contém termo(s) ['forecast_period'] — indica semântica de lead/target, mas isso sozinho não confirma o valor exato de H6 sem uma variável auxiliar de data-alvo. | nenhuma variável auxiliar de data-alvo (('target', 'valid_time', 'target_month', 'forecast_time')) encontrada no dataset aberto — tentando Método B (semântica documentada do eixo forecast_period, Seção 4). | confirmado pela semântica documentada do eixo forecast_period (Método B, Seção 4/6): inicialização confirmada via SCALAR_COORD_ON_VARIABLE (status=OK_SCALAR_COORD), L.standard_name='forecast_period'/units='months', grade [0.5, 1.5, 2.5, 3.5, 4.5, 5.5] mensal confirmada, rota com forecast_period_semantics_documented=True.",CONFIRMED_BY_FORECAST_PERIOD_SEMANTICS,SCALAR_COORD_ON_VARIABLE,2001-08,2001-08,1,OK_SCALAR_COORD,RANGEEDGES,RANGEEDGES_WINDOW_COORDINATE_MATCH,2001-08-01 00:00:00; 2001-09-01 00:00:00,2001-08-01 00:00:00,"esquema=lead1_igual_mes_inicializacao, representação=NMME_HARMONIZED_MONTHLY",Fazendas_Sinobras_Centroide
2001-09,NOAA_NCEP,CFSv2,2001-09,1,0.5,2001-09,OK,"L.attrs contém termo(s) ['forecast_period'] — indica semântica de lead/target, mas isso sozinho não confirma o valor exato de H1 sem uma variável auxiliar de data-alvo. | nenhuma variável auxiliar de data-alvo (('target', 'valid_time', 'target_month', 'forecast_time')) encontrada no dataset aberto — tentando Método B (semântica documentada do eixo forecast_period, Seção 4). | confirmado pela semântica documentada do eixo forecast_period (Método B, Seção 4/6): inicialização confirmada via SCALAR_COORD_ON_VARIABLE (status=OK_SCALAR_COORD), L.standard_name='forecast_period'/units='months', grade [0.5, 1.5, 2.5, 3.5, 4.5, 5.5] mensal confirmada, rota com forecast_period_semantics_documented=True.",CONFIRMED_BY_FORECAST_PERIOD_SEMANTICS,SCALAR_COORD_ON_VARIABLE,2001-09,2001-09,1,OK_SCALAR_COORD,RANGEEDGES,RANGEEDGES_WINDOW_COORDINATE_MATCH,2001-09-01 00:00:00; 2001-10-01 00:00:00,2001-09-01 00:00:00,"esquema=lead1_igual_mes_inicializacao, representação=NMME_HARMONIZED_MONTHLY",Fazendas_Sinobras_Centroide
2001-09,NOAA_NCEP,CFSv2,2001-09,2,1.5,2001-10,OK,"L.attrs contém termo(s) ['forecast_period'] — indica semântica de lead/target, mas isso sozinho não confirma o valor exato de H2 sem uma variável auxiliar de data-alvo. | nenhuma variável auxiliar de data-alvo (('target', 'valid_time', 'target_month', 'forecast_time')) encontrada no dataset aberto — tentando Método B (semântica documentada do eixo forecast_period, Seção 4). | confirmado pela semântica documentada do eixo forecast_period (Método B, Seção 4/6): inicialização confirmada via SCALAR_COORD_ON_VARIABLE (status=OK_SCALAR_COORD), L.standard_name='forecast_period'/units='months', grade [0.5, 1.5, 2.5, 3.5, 4.5, 5.5] mensal confirmada, rota com forecast_period_semantics_documented=True.",CONFIRMED_BY_FORECAST_PERIOD_SEMANTICS,SCALAR_COORD_ON_VARIABLE,2001-09,2001-09,1,OK_SCALAR_COORD,RANGEEDGES,RANGEEDGES_WINDOW_COORDINATE_MATCH,2001-09-01 00:00:00; 2001-10-01 00:00:00,2001-09-01 00:00:00,"esquema=lead1_igual_mes_inicializacao, representação=NMME_HARMONIZED_MONTHLY",Fazendas_Sinobras_Centroide
2001-09,NOAA_NCEP,CFSv2,2001-09,3,2.5,2001-11,OK,"L.attrs contém termo(s) ['forecast_period'] — indica semântica de lead/target, mas isso sozinho não confirma o valor exato de H3 sem uma variável auxiliar de data-alvo. | nenhuma variável auxiliar de data-alvo (('target', 'valid_time', 'target_month', 'forecast_time')) encontrada no dataset aberto — tentando Método B (semântica documentada do eixo forecast_period, Seção 4). | confirmado pela semântica documentada do eixo forecast_period (Método B, Seção 4/6): inicialização confirmada via SCALAR_COORD_ON_VARIABLE (status=OK_SCALAR_COORD), L.standard_name='forecast_period'/units='months', grade [0.5, 1.5, 2.5, 3.5, 4.5, 5.5] mensal confirmada, rota com forecast_period_semantics_documented=True.",CONFIRMED_BY_FORECAST_PERIOD_SEMANTICS,SCALAR_COORD_ON_VARIABLE,2001-09,2001-09,1,OK_SCALAR_COORD,RANGEEDGES,RANGEEDGES_WINDOW_COORDINATE_MATCH,2001-09-01 00:00:00; 2001-10-01 00:00:00,2001-09-01 00:00:00,"esquema=lead1_igual_mes_inicializacao, representação=NMME_HARMONIZED_MONTHLY",Fazendas_Sinobras_Centroide
2001-09,NOAA_NCEP,CFSv2,2001-09,4,3.5,2001-12,OK,"L.attrs contém termo(s) ['forecast_period'] — indica semântica de lead/target, mas isso sozinho não confirma o valor exato de H4 sem uma variável auxiliar de data-alvo. | nenhuma variável auxiliar de data-alvo (('target', 'valid_time', 'target_month', 'forecast_time')) encontrada no dataset aberto — tentando Método B (semântica documentada do eixo forecast_period, Seção 4). | confirmado pela semântica documentada do eixo forecast_period (Método B, Seção 4/6): inicialização confirmada via SCALAR_COORD_ON_VARIABLE (status=OK_SCALAR_COORD), L.standard_name='forecast_period'/units='months', grade [0.5, 1.5, 2.5, 3.5, 4.5, 5.5] mensal confirmada, rota com forecast_period_semantics_documented=True.",CONFIRMED_BY_FORECAST_PERIOD_SEMANTICS,SCALAR_COORD_ON_VARIABLE,2001-09,2001-09,1,OK_SCALAR_COORD,RANGEEDGES,RANGEEDGES_WINDOW_COORDINATE_MATCH,2001-09-01 00:00:00; 2001-10-01 00:00:00,2001-09-01 00:00:00,"esquema=lead1_igual_mes_inicializacao, representação=NMME_HARMONIZED_MONTHLY",Fazendas_Sinobras_Centroide
2001-09,NOAA_NCEP,CFSv2,2001-09,5,4.5,2002-01,OK,"L.attrs contém termo(s) ['forecast_period'] — indica semântica de lead/target, mas isso sozinho não confirma o valor exato de H5 sem uma variável auxiliar de data-alvo. | nenhuma variável auxiliar de data-alvo (('target', 'valid_time', 'target_month', 'forecast_time')) encontrada no dataset aberto — tentando Método B (semântica documentada do eixo forecast_period, Seção 4). | confirmado pela semântica documentada do eixo forecast_period (Método B, Seção 4/6): inicialização confirmada via SCALAR_COORD_ON_VARIABLE (status=OK_SCALAR_COORD), L.standard_name='forecast_period'/units='months', grade [0.5, 1.5, 2.5, 3.5, 4.5, 5.5] mensal confirmada, rota com forecast_period_semantics_documented=True.",CONFIRMED_BY_FORECAST_PERIOD_SEMANTICS,SCALAR_COORD_ON_VARIABLE,2001-09,2001-09,1,OK_SCALAR_COORD,RANGEEDGES,RANGEEDGES_WINDOW_COORDINATE_MATCH,2001-09-01 00:00:00; 2001-10-01 00:00:00,2001-09-01 00:00:00,"esquema=lead1_igual_mes_inicializacao, representação=NMME_HARMONIZED_MONTHLY",Fazendas_Sinobras_Centroide
2001-09,NOAA_NCEP,CFSv2,2001-09,6,5.5,2002-02,OK,"L.attrs contém termo(s) ['forecast_period'] — indica semântica de lead/target, mas isso sozinho não confirma o valor exato de H6 sem uma variável auxiliar de data-alvo. | nenhuma variável auxiliar de data-alvo (('target', 'valid_time', 'target_month', 'forecast_time')) encontrada no dataset aberto — tentando Método B (semântica documentada do eixo forecast_period, Seção 4). | confirmado pela semântica documentada do eixo forecast_period (Método B, Seção 4/6): inicialização confirmada via SCALAR_COORD_ON_VARIABLE (status=OK_SCALAR_COORD), L.standard_name='forecast_period'/units='months', grade [0.5, 1.5, 2.5, 3.5, 4.5, 5.5] mensal confirmada, rota com forecast_period_semantics_documented=True.",CONFIRMED_BY_FORECAST_PERIOD_SEMANTICS,SCALAR_COORD_ON_VARIABLE,2001-09,2001-09,1,OK_SCALAR_COORD,RANGEEDGES,RANGEEDGES_WINDOW_COORDINATE_MATCH,2001-09-01 00:00:00; 2001-10-01 00:00:00,2001-09-01 00:00:00,"esquema=lead1_igual_mes_inicializacao, representação=NMME_HARMONIZED_MONTHLY",Fazendas_Sinobras_Centroide
2001-10,NOAA_NCEP,CFSv2,2001-10,1,0.5,2001-10,OK,"L.attrs contém termo(s) ['forecast_period'] — indica semântica de lead/target, mas isso sozinho não confirma o valor exato de H1 sem uma variável auxiliar de data-alvo. | nenhuma variável auxiliar de data-alvo (('target', 'valid_time', 'target_month', 'forecast_time')) encontrada no dataset aberto — tentando Método B (semântica documentada do eixo forecast_period, Seção 4). | confirmado pela semântica documentada do eixo forecast_period (Método B, Seção 4/6): inicialização confirmada via SCALAR_COORD_ON_VARIABLE (status=OK_SCALAR_COORD), L.standard_name='forecast_period'/units='months', grade [0.5, 1.5, 2.5, 3.5, 4.5, 5.5] mensal confirmada, rota com forecast_period_semantics_documented=True.",CONFIRMED_BY_FORECAST_PERIOD_SEMANTICS,SCALAR_COORD_ON_VARIABLE,2001-10,2001-10,1,OK_SCALAR_COORD,RANGEEDGES,RANGEEDGES_WINDOW_COORDINATE_MATCH,2001-10-01 00:00:00; 2001-11-01 00:00:00,2001-10-01 00:00:00,"esquema=lead1_igual_mes_inicializacao, representação=NMME_HARMONIZED_MONTHLY",Fazendas_Sinobras_Centroide
2001-10,NOAA_NCEP,CFSv2,2001-10,2,1.5,2001-11,OK,"L.attrs contém termo(s) ['forecast_period'] — indica semântica de lead/target, mas isso sozinho não confirma o valor exato de H2 sem uma variável auxiliar de data-alvo. | nenhuma variável auxiliar de data-alvo (('target', 'valid_time', 'target_month', 'forecast_time')) encontrada no dataset aberto — tentando Método B (semântica documentada do eixo forecast_period, Seção 4). | confirmado pela semântica documentada do eixo forecast_period (Método B, Seção 4/6): inicialização confirmada via SCALAR_COORD_ON_VARIABLE (status=OK_SCALAR_COORD), L.standard_name='forecast_period'/units='months', grade [0.5, 1.5, 2.5, 3.5, 4.5, 5.5] mensal confirmada, rota com forecast_period_semantics_documented=True.",CONFIRMED_BY_FORECAST_PERIOD_SEMANTICS,SCALAR_COORD_ON_VARIABLE,2001-10,2001-10,1,OK_SCALAR_COORD,RANGEEDGES,RANGEEDGES_WINDOW_COORDINATE_MATCH,2001-10-01 00:00:00; 2001-11-01 00:00:00,2001-10-01 00:00:00,"esquema=lead1_igual_mes_inicializacao, representação=NMME_HARMONIZED_MONTHLY",Fazendas_Sinobras_Centroide
2001-10,NOAA_NCEP,CFSv2,2001-10,3,2.5,2001-12,OK,"L.attrs contém termo(s) ['forecast_period'] — indica semântica de lead/target, mas isso sozinho não confirma o valor exato de H3 sem uma variável auxiliar de data-alvo. | nenhuma variável auxiliar de data-alvo (('target', 'valid_time', 'target_month', 'forecast_time')) encontrada no dataset aberto — tentando Método B (semântica documentada do eixo forecast_period, Seção 4). | confirmado pela semântica documentada do eixo forecast_period (Método B, Seção 4/6): inicialização confirmada via SCALAR_COORD_ON_VARIABLE (status=OK_SCALAR_COORD), L.standard_name='forecast_period'/units='months', grade [0.5, 1.5, 2.5, 3.5, 4.5, 5.5] mensal confirmada, rota com forecast_period_semantics_documented=True.",CONFIRMED_BY_FORECAST_PERIOD_SEMANTICS,SCALAR_COORD_ON_VARIABLE,2001-10,2001-10,1,OK_SCALAR_COORD,RANGEEDGES,RANGEEDGES_WINDOW_COORDINATE_MATCH,2001-10-01 00:00:00; 2001-11-01 00:00:00,2001-10-01 00:00:00,"esquema=lead1_igual_mes_inicializacao, representação=NMME_HARMONIZED_MONTHLY",Fazendas_Sinobras_Centroide
2001-10,NOAA_NCEP,CFSv2,2001-10,4,3.5,2002-01,OK,"L.attrs contém termo(s) ['forecast_period'] — indica semântica de lead/target, mas isso sozinho não confirma o valor exato de H4 sem uma variável auxiliar de data-alvo. | nenhuma variável auxiliar de data-alvo (('target', 'valid_time', 'target_month', 'forecast_time')) encontrada no dataset aberto — tentando Método B (semântica documentada do eixo forecast_period, Seção 4). | confirmado pela semântica documentada do eixo forecast_period (Método B, Seção 4/6): inicialização confirmada via SCALAR_COORD_ON_VARIABLE (status=OK_SCALAR_COORD), L.standard_name='forecast_period'/units='months', grade [0.5, 1.5, 2.5, 3.5, 4.5, 5.5] mensal confirmada, rota com forecast_period_semantics_documented=True.",CONFIRMED_BY_FORECAST_PERIOD_SEMANTICS,SCALAR_COORD_ON_VARIABLE,2001-10,2001-10,1,OK_SCALAR_COORD,RANGEEDGES,RANGEEDGES_WINDOW_COORDINATE_MATCH,2001-10-01 00:00:00; 2001-11-01 00:00:00,2001-10-01 00:00:00,"esquema=lead1_igual_mes_inicializacao, representação=NMME_HARMONIZED_MONTHLY",Fazendas_Sinobras_Centroide
2001-10,NOAA_NCEP,CFSv2,2001-10,5,4.5,2002-02,OK,"L.attrs contém termo(s) ['forecast_period'] — indica semântica de lead/target, mas isso sozinho não confirma o valor exato de H5 sem uma variável auxiliar de data-alvo. | nenhuma variável auxiliar de data-alvo (('target', 'valid_time', 'target_month', 'forecast_time')) encontrada no dataset aberto — tentando Método B (semântica documentada do eixo forecast_period, Seção 4). | confirmado pela semântica documentada do eixo forecast_period (Método B, Seção 4/6): inicialização confirmada via SCALAR_COORD_ON_VARIABLE (status=OK_SCALAR_COORD), L.standard_name='forecast_period'/units='months', grade [0.5, 1.5, 2.5, 3.5, 4.5, 5.5] mensal confirmada, rota com forecast_period_semantics_documented=True.",CONFIRMED_BY_FORECAST_PERIOD_SEMANTICS,SCALAR_COORD_ON_VARIABLE,2001-10,2001-10,1,OK_SCALAR_COORD,RANGEEDGES,RANGEEDGES_WINDOW_COORDINATE_MATCH,2001-10-01 00:00:00; 2001-11-01 00:00:00,2001-10-01 00:00:00,"esquema=lead1_igual_mes_inicializacao, representação=NMME_HARMONIZED_MONTHLY",Fazendas_Sinobras_Centroide
2001-10,NOAA_NCEP,CFSv2,2001-10,6,5.5,2002-03,OK,"L.attrs contém termo(s) ['forecast_period'] — indica semântica de lead/target, mas isso sozinho não confirma o valor exato de H6 sem uma variável auxiliar de data-alvo. | nenhuma variável auxiliar de data-alvo (('target', 'valid_time', 'target_month', 'forecast_time')) encontrada no dataset aberto — tentando Método B (semântica documentada do eixo forecast_period, Seção 4). | confirmado pela semântica documentada do eixo forecast_period (Método B, Seção 4/6): inicialização confirmada via SCALAR_COORD_ON_VARIABLE (status=OK_SCALAR_COORD), L.standard_name='forecast_period'/units='months', grade [0.5, 1.5, 2.5, 3.5, 4.5, 5.5] mensal confirmada, rota com forecast_period_semantics_documented=True.",CONFIRMED_BY_FORECAST_PERIOD_SEMANTICS,SCALAR_COORD_ON_VARIABLE,2001-10,2001-10,1,OK_SCALAR_COORD,RANGEEDGES,RANGEEDGES_WINDOW_COORDINATE_MATCH,2001-10-01 00:00:00; 2001-11-01 00:00:00,2001-10-01 00:00:00,"esquema=lead1_igual_mes_inicializacao, representação=NMME_HARMONIZED_MONTHLY",Fazendas_Sinobras_Centroide
2001-11,NOAA_NCEP,CFSv2,2001-11,1,0.5,2001-11,OK,"L.attrs contém termo(s) ['forecast_period'] — indica semântica de lead/target, mas isso sozinho não confirma o valor exato de H1 sem uma variável auxiliar de data-alvo. | nenhuma variável auxiliar de data-alvo (('target', 'valid_time', 'target_month', 'forecast_time')) encontrada no dataset aberto — tentando Método B (semântica documentada do eixo forecast_period, Seção 4). | confirmado pela semântica documentada do eixo forecast_period (Método B, Seção 4/6): inicialização confirmada via SCALAR_COORD_ON_VARIABLE (status=OK_SCALAR_COORD), L.standard_name='forecast_period'/units='months', grade [0.5, 1.5, 2.5, 3.5, 4.5, 5.5] mensal confirmada, rota com forecast_period_semantics_documented=True.",CONFIRMED_BY_FORECAST_PERIOD_SEMANTICS,SCALAR_COORD_ON_VARIABLE,2001-11,2001-11,1,OK_SCALAR_COORD,RANGEEDGES,RANGEEDGES_WINDOW_COORDINATE_MATCH,2001-11-01 00:00:00; 2001-12-01 00:00:00,2001-11-01 00:00:00,"esquema=lead1_igual_mes_inicializacao, representação=NMME_HARMONIZED_MONTHLY",Fazendas_Sinobras_Centroide
2001-11,NOAA_NCEP,CFSv2,2001-11,2,1.5,2001-12,OK,"L.attrs contém termo(s) ['forecast_period'] — indica semântica de lead/target, mas isso sozinho não confirma o valor exato de H2 sem uma variável auxiliar de data-alvo. | nenhuma variável auxiliar de data-alvo (('target', 'valid_time', 'target_month', 'forecast_time')) encontrada no dataset aberto — tentando Método B (semântica documentada do eixo forecast_period, Seção 4). | confirmado pela semântica documentada do eixo forecast_period (Método B, Seção 4/6): inicialização confirmada via SCALAR_COORD_ON_VARIABLE (status=OK_SCALAR_COORD), L.standard_name='forecast_period'/units='months', grade [0.5, 1.5, 2.5, 3.5, 4.5, 5.5] mensal confirmada, rota com forecast_period_semantics_documented=True.",CONFIRMED_BY_FORECAST_PERIOD_SEMANTICS,SCALAR_COORD_ON_VARIABLE,2001-11,2001-11,1,OK_SCALAR_COORD,RANGEEDGES,RANGEEDGES_WINDOW_COORDINATE_MATCH,2001-11-01 00:00:00; 2001-12-01 00:00:00,2001-11-01 00:00:00,"esquema=lead1_igual_mes_inicializacao, representação=NMME_HARMONIZED_MONTHLY",Fazendas_Sinobras_Centroide
2001-11,NOAA_NCEP,CFSv2,2001-11,3,2.5,2002-01,OK,"L.attrs contém termo(s) ['forecast_period'] — indica semântica de lead/target, mas isso sozinho não confirma o valor exato de H3 sem uma variável auxiliar de data-alvo. | nenhuma variável auxiliar de data-alvo (('target', 'valid_time', 'target_month', 'forecast_time')) encontrada no dataset aberto — tentando Método B (semântica documentada do eixo forecast_period, Seção 4). | confirmado pela semântica documentada do eixo forecast_period (Método B, Seção 4/6): inicialização confirmada via SCALAR_COORD_ON_VARIABLE (status=OK_SCALAR_COORD), L.standard_name='forecast_period'/units='months', grade [0.5, 1.5, 2.5, 3.5, 4.5, 5.5] mensal confirmada, rota com forecast_period_semantics_documented=True.",CONFIRMED_BY_FORECAST_PERIOD_SEMANTICS,SCALAR_COORD_ON_VARIABLE,2001-11,2001-11,1,OK_SCALAR_COORD,RANGEEDGES,RANGEEDGES_WINDOW_COORDINATE_MATCH,2001-11-01 00:00:00; 2001-12-01 00:00:00,2001-11-01 00:00:00,"esquema=lead1_igual_mes_inicializacao, representação=NMME_HARMONIZED_MONTHLY",Fazendas_Sinobras_Centroide
2001-11,NOAA_NCEP,CFSv2,2001-11,4,3.5,2002-02,OK,"L.attrs contém termo(s) ['forecast_period'] — indica semântica de lead/target, mas isso sozinho não confirma o valor exato de H4 sem uma variável auxiliar de data-alvo. | nenhuma variável auxiliar de data-alvo (('target', 'valid_time', 'target_month', 'forecast_time')) encontrada no dataset aberto — tentando Método B (semântica documentada do eixo forecast_period, Seção 4). | confirmado pela semântica documentada do eixo forecast_period (Método B, Seção 4/6): inicialização confirmada via SCALAR_COORD_ON_VARIABLE (status=OK_SCALAR_COORD), L.standard_name='forecast_period'/units='months', grade [0.5, 1.5, 2.5, 3.5, 4.5, 5.5] mensal confirmada, rota com forecast_period_semantics_documented=True.",CONFIRMED_BY_FORECAST_PERIOD_SEMANTICS,SCALAR_COORD_ON_VARIABLE,2001-11,2001-11,1,OK_SCALAR_COORD,RANGEEDGES,RANGEEDGES_WINDOW_COORDINATE_MATCH,2001-11-01 00:00:00; 2001-12-01 00:00:00,2001-11-01 00:00:00,"esquema=lead1_igual_mes_inicializacao, representação=NMME_HARMONIZED_MONTHLY",Fazendas_Sinobras_Centroide
2001-11,NOAA_NCEP,CFSv2,2001-11,5,4.5,2002-03,OK,"L.attrs contém termo(s) ['forecast_period'] — indica semântica de lead/target, mas isso sozinho não confirma o valor exato de H5 sem uma variável auxiliar de data-alvo. | nenhuma variável auxiliar de data-alvo (('target', 'valid_time', 'target_month', 'forecast_time')) encontrada no dataset aberto — tentando Método B (semântica documentada do eixo forecast_period, Seção 4). | confirmado pela semântica documentada do eixo forecast_period (Método B, Seção 4/6): inicialização confirmada via SCALAR_COORD_ON_VARIABLE (status=OK_SCALAR_COORD), L.standard_name='forecast_period'/units='months', grade [0.5, 1.5, 2.5, 3.5, 4.5, 5.5] mensal confirmada, rota com forecast_period_semantics_documented=True.",CONFIRMED_BY_FORECAST_PERIOD_SEMANTICS,SCALAR_COORD_ON_VARIABLE,2001-11,2001-11,1,OK_SCALAR_COORD,RANGEEDGES,RANGEEDGES_WINDOW_COORDINATE_MATCH,2001-11-01 00:00:00; 2001-12-01 00:00:00,2001-11-01 00:00:00,"esquema=lead1_igual_mes_inicializacao, representação=NMME_HARMONIZED_MONTHLY",Fazendas_Sinobras_Centroide
2001-11,NOAA_NCEP,CFSv2,2001-11,6,5.5,2002-04,OK,"L.attrs contém termo(s) ['forecast_period'] — indica semântica de lead/target, mas isso sozinho não confirma o valor exato de H6 sem uma variável auxiliar de data-alvo. | nenhuma variável auxiliar de data-alvo (('target', 'valid_time', 'target_month', 'forecast_time')) encontrada no dataset aberto — tentando Método B (semântica documentada do eixo forecast_period, Seção 4). | confirmado pela semântica documentada do eixo forecast_period (Método B, Seção 4/6): inicialização confirmada via SCALAR_COORD_ON_VARIABLE (status=OK_SCALAR_COORD), L.standard_name='forecast_period'/units='months', grade [0.5, 1.5, 2.5, 3.5, 4.5, 5.5] mensal confirmada, rota com forecast_period_semantics_documented=True.",CONFIRMED_BY_FORECAST_PERIOD_SEMANTICS,SCALAR_COORD_ON_VARIABLE,2001-11,2001-11,1,OK_SCALAR_COORD,RANGEEDGES,RANGEEDGES_WINDOW_COORDINATE_MATCH,2001-11-01 00:00:00; 2001-12-01 00:00:00,2001-11-01 00:00:00,"esquema=lead1_igual_mes_inicializacao, representação=NMME_HARMONIZED_MONTHLY",Fazendas_Sinobras_Centroide
2001-12,NOAA_NCEP,CFSv2,2001-12,1,0.5,2001-12,OK,"L.attrs contém termo(s) ['forecast_period'] — indica semântica de lead/target, mas isso sozinho não confirma o valor exato de H1 sem uma variável auxiliar de data-alvo. | nenhuma variável auxiliar de data-alvo (('target', 'valid_time', 'target_month', 'forecast_time')) encontrada no dataset aberto — tentando Método B (semântica documentada do eixo forecast_period, Seção 4). | confirmado pela semântica documentada do eixo forecast_period (Método B, Seção 4/6): inicialização confirmada via SCALAR_COORD_ON_VARIABLE (status=OK_SCALAR_COORD), L.standard_name='forecast_period'/units='months', grade [0.5, 1.5, 2.5, 3.5, 4.5, 5.5] mensal confirmada, rota com forecast_period_semantics_documented=True.",CONFIRMED_BY_FORECAST_PERIOD_SEMANTICS,SCALAR_COORD_ON_VARIABLE,2001-12,2001-12,1,OK_SCALAR_COORD,RANGEEDGES,RANGEEDGES_WINDOW_COORDINATE_MATCH,2001-12-01 00:00:00; 2002-01-01 00:00:00,2001-12-01 00:00:00,"esquema=lead1_igual_mes_inicializacao, representação=NMME_HARMONIZED_MONTHLY",Fazendas_Sinobras_Centroide
2001-12,NOAA_NCEP,CFSv2,2001-12,2,1.5,2002-01,OK,"L.attrs contém termo(s) ['forecast_period'] — indica semântica de lead/target, mas isso sozinho não confirma o valor exato de H2 sem uma variável auxiliar de data-alvo. | nenhuma variável auxiliar de data-alvo (('target', 'valid_time', 'target_month', 'forecast_time')) encontrada no dataset aberto — tentando Método B (semântica documentada do eixo forecast_period, Seção 4). | confirmado pela semântica documentada do eixo forecast_period (Método B, Seção 4/6): inicialização confirmada via SCALAR_COORD_ON_VARIABLE (status=OK_SCALAR_COORD), L.standard_name='forecast_period'/units='months', grade [0.5, 1.5, 2.5, 3.5, 4.5, 5.5] mensal confirmada, rota com forecast_period_semantics_documented=True.",CONFIRMED_BY_FORECAST_PERIOD_SEMANTICS,SCALAR_COORD_ON_VARIABLE,2001-12,2001-12,1,OK_SCALAR_COORD,RANGEEDGES,RANGEEDGES_WINDOW_COORDINATE_MATCH,2001-12-01 00:00:00; 2002-01-01 00:00:00,2001-12-01 00:00:00,"esquema=lead1_igual_mes_inicializacao, representação=NMME_HARMONIZED_MONTHLY",Fazendas_Sinobras_Centroide
2001-12,NOAA_NCEP,CFSv2,2001-12,3,2.5,2002-02,OK,"L.attrs contém termo(s) ['forecast_period'] — indica semântica de lead/target, mas isso sozinho não confirma o valor exato de H3 sem uma variável auxiliar de data-alvo. | nenhuma variável auxiliar de data-alvo (('target', 'valid_time', 'target_month', 'forecast_time')) encontrada no dataset aberto — tentando Método B (semântica documentada do eixo forecast_period, Seção 4). | confirmado pela semântica documentada do eixo forecast_period (Método B, Seção 4/6): inicialização confirmada via SCALAR_COORD_ON_VARIABLE (status=OK_SCALAR_COORD), L.standard_name='forecast_period'/units='months', grade [0.5, 1.5, 2.5, 3.5, 4.5, 5.5] mensal confirmada, rota com forecast_period_semantics_documented=True.",CONFIRMED_BY_FORECAST_PERIOD_SEMANTICS,SCALAR_COORD_ON_VARIABLE,2001-12,2001-12,1,OK_SCALAR_COORD,RANGEEDGES,RANGEEDGES_WINDOW_COORDINATE_MATCH,2001-12-01 00:00:00; 2002-01-01 00:00:00,2001-12-01 00:00:00,"esquema=lead1_igual_mes_inicializacao, representação=NMME_HARMONIZED_MONTHLY",Fazendas_Sinobras_Centroide
2001-12,NOAA_NCEP,CFSv2,2001-12,4,3.5,2002-03,OK,"L.attrs contém termo(s) ['forecast_period'] — indica semântica de lead/target, mas isso sozinho não confirma o valor exato de H4 sem uma variável auxiliar de data-alvo. | nenhuma variável auxiliar de data-alvo (('target', 'valid_time', 'target_month', 'forecast_time')) encontrada no dataset aberto — tentando Método B (semântica documentada do eixo forecast_period, Seção 4). | confirmado pela semântica documentada do eixo forecast_period (Método B, Seção 4/6): inicialização confirmada via SCALAR_COORD_ON_VARIABLE (status=OK_SCALAR_COORD), L.standard_name='forecast_period'/units='months', grade [0.5, 1.5, 2.5, 3.5, 4.5, 5.5] mensal confirmada, rota com forecast_period_semantics_documented=True.",CONFIRMED_BY_FORECAST_PERIOD_SEMANTICS,SCALAR_COORD_ON_VARIABLE,2001-12,2001-12,1,OK_SCALAR_COORD,RANGEEDGES,RANGEEDGES_WINDOW_COORDINATE_MATCH,2001-12-01 00:00:00; 2002-01-01 00:00:00,2001-12-01 00:00:00,"esquema=lead1_igual_mes_inicializacao, representação=NMME_HARMONIZED_MONTHLY",Fazendas_Sinobras_Centroide
2001-12,NOAA_NCEP,CFSv2,2001-12,5,4.5,2002-04,OK,"L.attrs contém termo(s) ['forecast_period'] — indica semântica de lead/target, mas isso sozinho não confirma o valor exato de H5 sem uma variável auxiliar de data-alvo. | nenhuma variável auxiliar de data-alvo (('target', 'valid_time', 'target_month', 'forecast_time')) encontrada no dataset aberto — tentando Método B (semântica documentada do eixo forecast_period, Seção 4). | confirmado pela semântica documentada do eixo forecast_period (Método B, Seção 4/6): inicialização confirmada via SCALAR_COORD_ON_VARIABLE (status=OK_SCALAR_COORD), L.standard_name='forecast_period'/units='months', grade [0.5, 1.5, 2.5, 3.5, 4.5, 5.5] mensal confirmada, rota com forecast_period_semantics_documented=True.",CONFIRMED_BY_FORECAST_PERIOD_SEMANTICS,SCALAR_COORD_ON_VARIABLE,2001-12,2001-12,1,OK_SCALAR_COORD,RANGEEDGES,RANGEEDGES_WINDOW_COORDINATE_MATCH,2001-12-01 00:00:00; 2002-01-01 00:00:00,2001-12-01 00:00:00,"esquema=lead1_igual_mes_inicializacao, representação=NMME_HARMONIZED_MONTHLY",Fazendas_Sinobras_Centroide
2001-12,NOAA_NCEP,CFSv2,2001-12,6,5.5,2002-05,OK,"L.attrs contém termo(s) ['forecast_period'] — indica semântica de lead/target, mas isso sozinho não confirma o valor exato de H6 sem uma variável auxiliar de data-alvo. | nenhuma variável auxiliar de data-alvo (('target', 'valid_time', 'target_month', 'forecast_time')) encontrada no dataset aberto — tentando Método B (semântica documentada do eixo forecast_period, Seção 4). | confirmado pela semântica documentada do eixo forecast_period (Método B, Seção 4/6): inicialização confirmada via SCALAR_COORD_ON_VARIABLE (status=OK_SCALAR_COORD), L.standard_name='forecast_period'/units='months', grade [0.5, 1.5, 2.5, 3.5, 4.5, 5.5] mensal confirmada, rota com forecast_period_semantics_documented=True.",CONFIRMED_BY_FORECAST_PERIOD_SEMANTICS,SCALAR_COORD_ON_VARIABLE,2001-12,2001-12,1,OK_SCALAR_COORD,RANGEEDGES,RANGEEDGES_WINDOW_COORDINATE_MATCH,2001-12-01 00:00:00; 2002-01-01 00:00:00,2001-12-01 00:00:00,"esquema=lead1_igual_mes_inicializacao, representação=NMME_HARMONIZED_MONTHLY",Fazendas_Sinobras_Centroide
2002-01,NOAA_NCEP,CFSv2,2002-01,1,0.5,2002-01,OK,"L.attrs contém termo(s) ['forecast_period'] — indica semântica de lead/target, mas isso sozinho não confirma o valor exato de H1 sem uma variável auxiliar de data-alvo. | nenhuma variável auxiliar de data-alvo (('target', 'valid_time', 'target_month', 'forecast_time')) encontrada no dataset aberto — tentando Método B (semântica documentada do eixo forecast_period, Seção 4). | confirmado pela semântica documentada do eixo forecast_period (Método B, Seção 4/6): inicialização confirmada via SCALAR_COORD_ON_VARIABLE (status=OK_SCALAR_COORD), L.standard_name='forecast_period'/units='months', grade [0.5, 1.5, 2.5, 3.5, 4.5, 5.5] mensal confirmada, rota com forecast_period_semantics_documented=True.",CONFIRMED_BY_FORECAST_PERIOD_SEMANTICS,SCALAR_COORD_ON_VARIABLE,2002-01,2002-01,1,OK_SCALAR_COORD,RANGEEDGES,RANGEEDGES_WINDOW_COORDINATE_MATCH,2002-01-01 00:00:00; 2002-02-01 00:00:00,2002-01-01 00:00:00,"esquema=lead1_igual_mes_inicializacao, representação=NMME_HARMONIZED_MONTHLY",Fazendas_Sinobras_Centroide
2002-01,NOAA_NCEP,CFSv2,2002-01,2,1.5,2002-02,OK,"L.attrs contém termo(s) ['forecast_period'] — indica semântica de lead/target, mas isso sozinho não confirma o valor exato de H2 sem uma variável auxiliar de data-alvo. | nenhuma variável auxiliar de data-alvo (('target', 'valid_time', 'target_month', 'forecast_time')) encontrada no dataset aberto — tentando Método B (semântica documentada do eixo forecast_period, Seção 4). | confirmado pela semântica documentada do eixo forecast_period (Método B, Seção 4/6): inicialização confirmada via SCALAR_COORD_ON_VARIABLE (status=OK_SCALAR_COORD), L.standard_name='forecast_period'/units='months', grade [0.5, 1.5, 2.5, 3.5, 4.5, 5.5] mensal confirmada, rota com forecast_period_semantics_documented=True.",CONFIRMED_BY_FORECAST_PERIOD_SEMANTICS,SCALAR_COORD_ON_VARIABLE,2002-01,2002-01,1,OK_SCALAR_COORD,RANGEEDGES,RANGEEDGES_WINDOW_COORDINATE_MATCH,2002-01-01 00:00:00; 2002-02-01 00:00:00,2002-01-01 00:00:00,"esquema=lead1_igual_mes_inicializacao, representação=NMME_HARMONIZED_MONTHLY",Fazendas_Sinobras_Centroide
2002-01,NOAA_NCEP,CFSv2,2002-01,3,2.5,2002-03,OK,"L.attrs contém termo(s) ['forecast_period'] — indica semântica de lead/target, mas isso sozinho não confirma o valor exato de H3 sem uma variável auxiliar de data-alvo. | nenhuma variável auxiliar de data-alvo (('target', 'valid_time', 'target_month', 'forecast_time')) encontrada no dataset aberto — tentando Método B (semântica documentada do eixo forecast_period, Seção 4). | confirmado pela semântica documentada do eixo forecast_period (Método B, Seção 4/6): inicialização confirmada via SCALAR_COORD_ON_VARIABLE (status=OK_SCALAR_COORD), L.standard_name='forecast_period'/units='months', grade [0.5, 1.5, 2.5, 3.5, 4.5, 5.5] mensal confirmada, rota com forecast_period_semantics_documented=True.",CONFIRMED_BY_FORECAST_PERIOD_SEMANTICS,SCALAR_COORD_ON_VARIABLE,2002-01,2002-01,1,OK_SCALAR_COORD,RANGEEDGES,RANGEEDGES_WINDOW_COORDINATE_MATCH,2002-01-01 00:00:00; 2002-02-01 00:00:00,2002-01-01 00:00:00,"esquema=lead1_igual_mes_inicializacao, representação=NMME_HARMONIZED_MONTHLY",Fazendas_Sinobras_Centroide
2002-01,NOAA_NCEP,CFSv2,2002-01,4,3.5,2002-04,OK,"L.attrs contém termo(s) ['forecast_period'] — indica semântica de lead/target, mas isso sozinho não confirma o valor exato de H4 sem uma variável auxiliar de data-alvo. | nenhuma variável auxiliar de data-alvo (('target', 'valid_time', 'target_month', 'forecast_time')) encontrada no dataset aberto — tentando Método B (semântica documentada do eixo forecast_period, Seção 4). | confirmado pela semântica documentada do eixo forecast_period (Método B, Seção 4/6): inicialização confirmada via SCALAR_COORD_ON_VARIABLE (status=OK_SCALAR_COORD), L.standard_name='forecast_period'/units='months', grade [0.5, 1.5, 2.5, 3.5, 4.5, 5.5] mensal confirmada, rota com forecast_period_semantics_documented=True.",CONFIRMED_BY_FORECAST_PERIOD_SEMANTICS,SCALAR_COORD_ON_VARIABLE,2002-01,2002-01,1,OK_SCALAR_COORD,RANGEEDGES,RANGEEDGES_WINDOW_COORDINATE_MATCH,2002-01-01 00:00:00; 2002-02-01 00:00:00,2002-01-01 00:00:00,"esquema=lead1_igual_mes_inicializacao, representação=NMME_HARMONIZED_MONTHLY",Fazendas_Sinobras_Centroide
2002-01,NOAA_NCEP,CFSv2,2002-01,5,4.5,2002-05,OK,"L.attrs contém termo(s) ['forecast_period'] — indica semântica de lead/target, mas isso sozinho não confirma o valor exato de H5 sem uma variável auxiliar de data-alvo. | nenhuma variável auxiliar de data-alvo (('target', 'valid_time', 'target_month', 'forecast_time')) encontrada no dataset aberto — tentando Método B (semântica documentada do eixo forecast_period, Seção 4). | confirmado pela semântica documentada do eixo forecast_period (Método B, Seção 4/6): inicialização confirmada via SCALAR_COORD_ON_VARIABLE (status=OK_SCALAR_COORD), L.standard_name='forecast_period'/units='months', grade [0.5, 1.5, 2.5, 3.5, 4.5, 5.5] mensal confirmada, rota com forecast_period_semantics_documented=True.",CONFIRMED_BY_FORECAST_PERIOD_SEMANTICS,SCALAR_COORD_ON_VARIABLE,2002-01,2002-01,1,OK_SCALAR_COORD,RANGEEDGES,RANGEEDGES_WINDOW_COORDINATE_MATCH,2002-01-01 00:00:00; 2002-02-01 00:00:00,2002-01-01 00:00:00,"esquema=lead1_igual_mes_inicializacao, representação=NMME_HARMONIZED_MONTHLY",Fazendas_Sinobras_Centroide
2002-01,NOAA_NCEP,CFSv2,2002-01,6,5.5,2002-06,OK,"L.attrs contém termo(s) ['forecast_period'] — indica semântica de lead/target, mas isso sozinho não confirma o valor exato de H6 sem uma variável auxiliar de data-alvo. | nenhuma variável auxiliar de data-alvo (('target', 'valid_time', 'target_month', 'forecast_time')) encontrada no dataset aberto — tentando Método B (semântica documentada do eixo forecast_period, Seção 4). | confirmado pela semântica documentada do eixo forecast_period (Método B, Seção 4/6): inicialização confirmada via SCALAR_COORD_ON_VARIABLE (status=OK_SCALAR_COORD), L.standard_name='forecast_period'/units='months', grade [0.5, 1.5, 2.5, 3.5, 4.5, 5.5] mensal confirmada, rota com forecast_period_semantics_documented=True.",CONFIRMED_BY_FORECAST_PERIOD_SEMANTICS,SCALAR_COORD_ON_VARIABLE,2002-01,2002-01,1,OK_SCALAR_COORD,RANGEEDGES,RANGEEDGES_WINDOW_COORDINATE_MATCH,2002-01-01 00:00:00; 2002-02-01 00:00:00,2002-01-01 00:00:00,"esquema=lead1_igual_mes_inicializacao, representação=NMME_HARMONIZED_MONTHLY",Fazendas_Sinobras_Centroide
2002-02,NOAA_NCEP,CFSv2,2002-02,1,0.5,2002-02,OK,"L.attrs contém termo(s) ['forecast_period'] — indica semântica de lead/target, mas isso sozinho não confirma o valor exato de H1 sem uma variável auxiliar de data-alvo. | nenhuma variável auxiliar de data-alvo (('target', 'valid_time', 'target_month', 'forecast_time')) encontrada no dataset aberto — tentando Método B (semântica documentada do eixo forecast_period, Seção 4). | confirmado pela semântica documentada do eixo forecast_period (Método B, Seção 4/6): inicialização confirmada via SCALAR_COORD_ON_VARIABLE (status=OK_SCALAR_COORD), L.standard_name='forecast_period'/units='months', grade [0.5, 1.5, 2.5, 3.5, 4.5, 5.5] mensal confirmada, rota com forecast_period_semantics_documented=True.",CONFIRMED_BY_FORECAST_PERIOD_SEMANTICS,SCALAR_COORD_ON_VARIABLE,2002-02,2002-02,1,OK_SCALAR_COORD,RANGEEDGES,RANGEEDGES_WINDOW_COORDINATE_MATCH,2002-02-01 00:00:00; 2002-03-01 00:00:00,2002-02-01 00:00:00,"esquema=lead1_igual_mes_inicializacao, representação=NMME_HARMONIZED_MONTHLY",Fazendas_Sinobras_Centroide
2002-02,NOAA_NCEP,CFSv2,2002-02,2,1.5,2002-03,OK,"L.attrs contém termo(s) ['forecast_period'] — indica semântica de lead/target, mas isso sozinho não confirma o valor exato de H2 sem uma variável auxiliar de data-alvo. | nenhuma variável auxiliar de data-alvo (('target', 'valid_time', 'target_month', 'forecast_time')) encontrada no dataset aberto — tentando Método B (semântica documentada do eixo forecast_period, Seção 4). | confirmado pela semântica documentada do eixo forecast_period (Método B, Seção 4/6): inicialização confirmada via SCALAR_COORD_ON_VARIABLE (status=OK_SCALAR_COORD), L.standard_name='forecast_period'/units='months', grade [0.5, 1.5, 2.5, 3.5, 4.5, 5.5] mensal confirmada, rota com forecast_period_semantics_documented=True.",CONFIRMED_BY_FORECAST_PERIOD_SEMANTICS,SCALAR_COORD_ON_VARIABLE,2002-02,2002-02,1,OK_SCALAR_COORD,RANGEEDGES,RANGEEDGES_WINDOW_COORDINATE_MATCH,2002-02-01 00:00:00; 2002-03-01 00:00:00,2002-02-01 00:00:00,"esquema=lead1_igual_mes_inicializacao, representação=NMME_HARMONIZED_MONTHLY",Fazendas_Sinobras_Centroide
2002-02,NOAA_NCEP,CFSv2,2002-02,3,2.5,2002-04,OK,"L.attrs contém termo(s) ['forecast_period'] — indica semântica de lead/target, mas isso sozinho não confirma o valor exato de H3 sem uma variável auxiliar de data-alvo. | nenhuma variável auxiliar de data-alvo (('target', 'valid_time', 'target_month', 'forecast_time')) encontrada no dataset aberto — tentando Método B (semântica documentada do eixo forecast_period, Seção 4). | confirmado pela semântica documentada do eixo forecast_period (Método B, Seção 4/6): inicialização confirmada via SCALAR_COORD_ON_VARIABLE (status=OK_SCALAR_COORD), L.standard_name='forecast_period'/units='months', grade [0.5, 1.5, 2.5, 3.5, 4.5, 5.5] mensal confirmada, rota com forecast_period_semantics_documented=True.",CONFIRMED_BY_FORECAST_PERIOD_SEMANTICS,SCALAR_COORD_ON_VARIABLE,2002-02,2002-02,1,OK_SCALAR_COORD,RANGEEDGES,RANGEEDGES_WINDOW_COORDINATE_MATCH,2002-02-01 00:00:00; 2002-03-01 00:00:00,2002-02-01 00:00:00,"esquema=lead1_igual_mes_inicializacao, representação=NMME_HARMONIZED_MONTHLY",Fazendas_Sinobras_Centroide
2002-02,NOAA_NCEP,CFSv2,2002-02,4,3.5,2002-05,OK,"L.attrs contém termo(s) ['forecast_period'] — indica semântica de lead/target, mas isso sozinho não confirma o valor exato de H4 sem uma variável auxiliar de data-alvo. | nenhuma variável auxiliar de data-alvo (('target', 'valid_time', 'target_month', 'forecast_time')) encontrada no dataset aberto — tentando Método B (semântica documentada do eixo forecast_period, Seção 4). | confirmado pela semântica documentada do eixo forecast_period (Método B, Seção 4/6): inicialização confirmada via SCALAR_COORD_ON_VARIABLE (status=OK_SCALAR_COORD), L.standard_name='forecast_period'/units='months', grade [0.5, 1.5, 2.5, 3.5, 4.5, 5.5] mensal confirmada, rota com forecast_period_semantics_documented=True.",CONFIRMED_BY_FORECAST_PERIOD_SEMANTICS,SCALAR_COORD_ON_VARIABLE,2002-02,2002-02,1,OK_SCALAR_COORD,RANGEEDGES,RANGEEDGES_WINDOW_COORDINATE_MATCH,2002-02-01 00:00:00; 2002-03-01 00:00:00,2002-02-01 00:00:00,"esquema=lead1_igual_mes_inicializacao, representação=NMME_HARMONIZED_MONTHLY",Fazendas_Sinobras_Centroide
2002-02,NOAA_NCEP,CFSv2,2002-02,5,4.5,2002-06,OK,"L.attrs contém termo(s) ['forecast_period'] — indica semântica de lead/target, mas isso sozinho não confirma o valor exato de H5 sem uma variável auxiliar de data-alvo. | nenhuma variável auxiliar de data-alvo (('target', 'valid_time', 'target_month', 'forecast_time')) encontrada no dataset aberto — tentando Método B (semântica documentada do eixo forecast_period, Seção 4). | confirmado pela semântica documentada do eixo forecast_period (Método B, Seção 4/6): inicialização confirmada via SCALAR_COORD_ON_VARIABLE (status=OK_SCALAR_COORD), L.standard_name='forecast_period'/units='months', grade [0.5, 1.5, 2.5, 3.5, 4.5, 5.5] mensal confirmada, rota com forecast_period_semantics_documented=True.",CONFIRMED_BY_FORECAST_PERIOD_SEMANTICS,SCALAR_COORD_ON_VARIABLE,2002-02,2002-02,1,OK_SCALAR_COORD,RANGEEDGES,RANGEEDGES_WINDOW_COORDINATE_MATCH,2002-02-01 00:00:00; 2002-03-01 00:00:00,2002-02-01 00:00:00,"esquema=lead1_igual_mes_inicializacao, representação=NMME_HARMONIZED_MONTHLY",Fazendas_Sinobras_Centroide
2002-02,NOAA_NCEP,CFSv2,2002-02,6,5.5,2002-07,OK,"L.attrs contém termo(s) ['forecast_period'] — indica semântica de lead/target, mas isso sozinho não confirma o valor exato de H6 sem uma variável auxiliar de data-alvo. | nenhuma variável auxiliar de data-alvo (('target', 'valid_time', 'target_month', 'forecast_time')) encontrada no dataset aberto — tentando Método B (semântica documentada do eixo forecast_period, Seção 4). | confirmado pela semântica documentada do eixo forecast_period (Método B, Seção 4/6): inicialização confirmada via SCALAR_COORD_ON_VARIABLE (status=OK_SCALAR_COORD), L.standard_name='forecast_period'/units='months', grade [0.5, 1.5, 2.5, 3.5, 4.5, 5.5] mensal confirmada, rota com forecast_period_semantics_documented=True.",CONFIRMED_BY_FORECAST_PERIOD_SEMANTICS,SCALAR_COORD_ON_VARIABLE,2002-02,2002-02,1,OK_SCALAR_COORD,RANGEEDGES,RANGEEDGES_WINDOW_COORDINATE_MATCH,2002-02-01 00:00:00; 2002-03-01 00:00:00,2002-02-01 00:00:00,"esquema=lead1_igual_mes_inicializacao, representação=NMME_HARMONIZED_MONTHLY",Fazendas_Sinobras_Centroide
2002-03,NOAA_NCEP,CFSv2,2002-03,1,0.5,2002-03,OK,"L.attrs contém termo(s) ['forecast_period'] — indica semântica de lead/target, mas isso sozinho não confirma o valor exato de H1 sem uma variável auxiliar de data-alvo. | nenhuma variável auxiliar de data-alvo (('target', 'valid_time', 'target_month', 'forecast_time')) encontrada no dataset aberto — tentando Método B (semântica documentada do eixo forecast_period, Seção 4). | confirmado pela semântica documentada do eixo forecast_period (Método B, Seção 4/6): inicialização confirmada via SCALAR_COORD_ON_VARIABLE (status=OK_SCALAR_COORD), L.standard_name='forecast_period'/units='months', grade [0.5, 1.5, 2.5, 3.5, 4.5, 5.5] mensal confirmada, rota com forecast_period_semantics_documented=True.",CONFIRMED_BY_FORECAST_PERIOD_SEMANTICS,SCALAR_COORD_ON_VARIABLE,2002-03,2002-03,1,OK_SCALAR_COORD,RANGEEDGES,RANGEEDGES_WINDOW_COORDINATE_MATCH,2002-03-01 00:00:00; 2002-04-01 00:00:00,2002-03-01 00:00:00,"esquema=lead1_igual_mes_inicializacao, representação=NMME_HARMONIZED_MONTHLY",Fazendas_Sinobras_Centroide
2002-03,NOAA_NCEP,CFSv2,2002-03,2,1.5,2002-04,OK,"L.attrs contém termo(s) ['forecast_period'] — indica semântica de lead/target, mas isso sozinho não confirma o valor exato de H2 sem uma variável auxiliar de data-alvo. | nenhuma variável auxiliar de data-alvo (('target', 'valid_time', 'target_month', 'forecast_time')) encontrada no dataset aberto — tentando Método B (semântica documentada do eixo forecast_period, Seção 4). | confirmado pela semântica documentada do eixo forecast_period (Método B, Seção 4/6): inicialização confirmada via SCALAR_COORD_ON_VARIABLE (status=OK_SCALAR_COORD), L.standard_name='forecast_period'/units='months', grade [0.5, 1.5, 2.5, 3.5, 4.5, 5.5] mensal confirmada, rota com forecast_period_semantics_documented=True.",CONFIRMED_BY_FORECAST_PERIOD_SEMANTICS,SCALAR_COORD_ON_VARIABLE,2002-03,2002-03,1,OK_SCALAR_COORD,RANGEEDGES,RANGEEDGES_WINDOW_COORDINATE_MATCH,2002-03-01 00:00:00; 2002-04-01 00:00:00,2002-03-01 00:00:00,"esquema=lead1_igual_mes_inicializacao, representação=NMME_HARMONIZED_MONTHLY",Fazendas_Sinobras_Centroide
2002-03,NOAA_NCEP,CFSv2,2002-03,3,2.5,2002-05,OK,"L.attrs contém termo(s) ['forecast_period'] — indica semântica de lead/target, mas isso sozinho não confirma o valor exato de H3 sem uma variável auxiliar de data-alvo. | nenhuma variável auxiliar de data-alvo (('target', 'valid_time', 'target_month', 'forecast_time')) encontrada no dataset aberto — tentando Método B (semântica documentada do eixo forecast_period, Seção 4). | confirmado pela semântica documentada do eixo forecast_period (Método B, Seção 4/6): inicialização confirmada via SCALAR_COORD_ON_VARIABLE (status=OK_SCALAR_COORD), L.standard_name='forecast_period'/units='months', grade [0.5, 1.5, 2.5, 3.5, 4.5, 5.5] mensal confirmada, rota com forecast_period_semantics_documented=True.",CONFIRMED_BY_FORECAST_PERIOD_SEMANTICS,SCALAR_COORD_ON_VARIABLE,2002-03,2002-03,1,OK_SCALAR_COORD,RANGEEDGES,RANGEEDGES_WINDOW_COORDINATE_MATCH,2002-03-01 00:00:00; 2002-04-01 00:00:00,2002-03-01 00:00:00,"esquema=lead1_igual_mes_inicializacao, representação=NMME_HARMONIZED_MONTHLY",Fazendas_Sinobras_Centroide
2002-03,NOAA_NCEP,CFSv2,2002-03,4,3.5,2002-06,OK,"L.attrs contém termo(s) ['forecast_period'] — indica semântica de lead/target, mas isso sozinho não confirma o valor exato de H4 sem uma variável auxiliar de data-alvo. | nenhuma variável auxiliar de data-alvo (('target', 'valid_time', 'target_month', 'forecast_time')) encontrada no dataset aberto — tentando Método B (semântica documentada do eixo forecast_period, Seção 4). | confirmado pela semântica documentada do eixo forecast_period (Método B, Seção 4/6): inicialização confirmada via SCALAR_COORD_ON_VARIABLE (status=OK_SCALAR_COORD), L.standard_name='forecast_period'/units='months', grade [0.5, 1.5, 2.5, 3.5, 4.5, 5.5] mensal confirmada, rota com forecast_period_semantics_documented=True.",CONFIRMED_BY_FORECAST_PERIOD_SEMANTICS,SCALAR_COORD_ON_VARIABLE,2002-03,2002-03,1,OK_SCALAR_COORD,RANGEEDGES,RANGEEDGES_WINDOW_COORDINATE_MATCH,2002-03-01 00:00:00; 2002-04-01 00:00:00,2002-03-01 00:00:00,"esquema=lead1_igual_mes_inicializacao, representação=NMME_HARMONIZED_MONTHLY",Fazendas_Sinobras_Centroide
2002-03,NOAA_NCEP,CFSv2,2002-03,5,4.5,2002-07,OK,"L.attrs contém termo(s) ['forecast_period'] — indica semântica de lead/target, mas isso sozinho não confirma o valor exato de H5 sem uma variável auxiliar de data-alvo. | nenhuma variável auxiliar de data-alvo (('target', 'valid_time', 'target_month', 'forecast_time')) encontrada no dataset aberto — tentando Método B (semântica documentada do eixo forecast_period, Seção 4). | confirmado pela semântica documentada do eixo forecast_period (Método B, Seção 4/6): inicialização confirmada via SCALAR_COORD_ON_VARIABLE (status=OK_SCALAR_COORD), L.standard_name='forecast_period'/units='months', grade [0.5, 1.5, 2.5, 3.5, 4.5, 5.5] mensal confirmada, rota com forecast_period_semantics_documented=True.",CONFIRMED_BY_FORECAST_PERIOD_SEMANTICS,SCALAR_COORD_ON_VARIABLE,2002-03,2002-03,1,OK_SCALAR_COORD,RANGEEDGES,RANGEEDGES_WINDOW_COORDINATE_MATCH,2002-03-01 00:00:00; 2002-04-01 00:00:00,2002-03-01 00:00:00,"esquema=lead1_igual_mes_inicializacao, representação=NMME_HARMONIZED_MONTHLY",Fazendas_Sinobras_Centroide
2002-03,NOAA_NCEP,CFSv2,2002-03,6,5.5,2002-08,OK,"L.attrs contém termo(s) ['forecast_period'] — indica semântica de lead/target, mas isso sozinho não confirma o valor exato de H6 sem uma variável auxiliar de data-alvo. | nenhuma variável auxiliar de data-alvo (('target', 'valid_time', 'target_month', 'forecast_time')) encontrada no dataset aberto — tentando Método B (semântica documentada do eixo forecast_period, Seção 4). | confirmado pela semântica documentada do eixo forecast_period (Método B, Seção 4/6): inicialização confirmada via SCALAR_COORD_ON_VARIABLE (status=OK_SCALAR_COORD), L.standard_name='forecast_period'/units='months', grade [0.5, 1.5, 2.5, 3.5, 4.5, 5.5] mensal confirmada, rota com forecast_period_semantics_documented=True.",CONFIRMED_BY_FORECAST_PERIOD_SEMANTICS,SCALAR_COORD_ON_VARIABLE,2002-03,2002-03,1,OK_SCALAR_COORD,RANGEEDGES,RANGEEDGES_WINDOW_COORDINATE_MATCH,2002-03-01 00:00:00; 2002-04-01 00:00:00,2002-03-01 00:00:00,"esquema=lead1_igual_mes_inicializacao, representação=NMME_HARMONIZED_MONTHLY",Fazendas_Sinobras_Centroide
2002-04,NOAA_NCEP,CFSv2,2002-04,1,0.5,2002-04,OK,"L.attrs contém termo(s) ['forecast_period'] — indica semântica de lead/target, mas isso sozinho não confirma o valor exato de H1 sem uma variável auxiliar de data-alvo. | nenhuma variável auxiliar de data-alvo (('target', 'valid_time', 'target_month', 'forecast_time')) encontrada no dataset aberto — tentando Método B (semântica documentada do eixo forecast_period, Seção 4). | confirmado pela semântica documentada do eixo forecast_period (Método B, Seção 4/6): inicialização confirmada via SCALAR_COORD_ON_VARIABLE (status=OK_SCALAR_COORD), L.standard_name='forecast_period'/units='months', grade [0.5, 1.5, 2.5, 3.5, 4.5, 5.5] mensal confirmada, rota com forecast_period_semantics_documented=True.",CONFIRMED_BY_FORECAST_PERIOD_SEMANTICS,SCALAR_COORD_ON_VARIABLE,2002-04,2002-04,1,OK_SCALAR_COORD,RANGEEDGES,RANGEEDGES_WINDOW_COORDINATE_MATCH,2002-04-01 00:00:00; 2002-05-01 00:00:00,2002-04-01 00:00:00,"esquema=lead1_igual_mes_inicializacao, representação=NMME_HARMONIZED_MONTHLY",Fazendas_Sinobras_Centroide
2002-04,NOAA_NCEP,CFSv2,2002-04,2,1.5,2002-05,OK,"L.attrs contém termo(s) ['forecast_period'] — indica semântica de lead/target, mas isso sozinho não confirma o valor exato de H2 sem uma variável auxiliar de data-alvo. | nenhuma variável auxiliar de data-alvo (('target', 'valid_time', 'target_month', 'forecast_time')) encontrada no dataset aberto — tentando Método B (semântica documentada do eixo forecast_period, Seção 4). | confirmado pela semântica documentada do eixo forecast_period (Método B, Seção 4/6): inicialização confirmada via SCALAR_COORD_ON_VARIABLE (status=OK_SCALAR_COORD), L.standard_name='forecast_period'/units='months', grade [0.5, 1.5, 2.5, 3.5, 4.5, 5.5] mensal confirmada, rota com forecast_period_semantics_documented=True.",CONFIRMED_BY_FORECAST_PERIOD_SEMANTICS,SCALAR_COORD_ON_VARIABLE,2002-04,2002-04,1,OK_SCALAR_COORD,RANGEEDGES,RANGEEDGES_WINDOW_COORDINATE_MATCH,2002-04-01 00:00:00; 2002-05-01 00:00:00,2002-04-01 00:00:00,"esquema=lead1_igual_mes_inicializacao, representação=NMME_HARMONIZED_MONTHLY",Fazendas_Sinobras_Centroide
2002-04,NOAA_NCEP,CFSv2,2002-04,3,2.5,2002-06,OK,"L.attrs contém termo(s) ['forecast_period'] — indica semântica de lead/target, mas isso sozinho não confirma o valor exato de H3 sem uma variável auxiliar de data-alvo. | nenhuma variável auxiliar de data-alvo (('target', 'valid_time', 'target_month', 'forecast_time')) encontrada no dataset aberto — tentando Método B (semântica documentada do eixo forecast_period, Seção 4). | confirmado pela semântica documentada do eixo forecast_period (Método B, Seção 4/6): inicialização confirmada via SCALAR_COORD_ON_VARIABLE (status=OK_SCALAR_COORD), L.standard_name='forecast_period'/units='months', grade [0.5, 1.5, 2.5, 3.5, 4.5, 5.5] mensal confirmada, rota com forecast_period_semantics_documented=True.",CONFIRMED_BY_FORECAST_PERIOD_SEMANTICS,SCALAR_COORD_ON_VARIABLE,2002-04,2002-04,1,OK_SCALAR_COORD,RANGEEDGES,RANGEEDGES_WINDOW_COORDINATE_MATCH,2002-04-01 00:00:00; 2002-05-01 00:00:00,2002-04-01 00:00:00,"esquema=lead1_igual_mes_inicializacao, representação=NMME_HARMONIZED_MONTHLY",Fazendas_Sinobras_Centroide
2002-04,NOAA_NCEP,CFSv2,2002-04,4,3.5,2002-07,OK,"L.attrs contém termo(s) ['forecast_period'] — indica semântica de lead/target, mas isso sozinho não confirma o valor exato de H4 sem uma variável auxiliar de data-alvo. | nenhuma variável auxiliar de data-alvo (('target', 'valid_time', 'target_month', 'forecast_time')) encontrada no dataset aberto — tentando Método B (semântica documentada do eixo forecast_period, Seção 4). | confirmado pela semântica documentada do eixo forecast_period (Método B, Seção 4/6): inicialização confirmada via SCALAR_COORD_ON_VARIABLE (status=OK_SCALAR_COORD), L.standard_name='forecast_period'/units='months', grade [0.5, 1.5, 2.5, 3.5, 4.5, 5.5] mensal confirmada, rota com forecast_period_semantics_documented=True.",CONFIRMED_BY_FORECAST_PERIOD_SEMANTICS,SCALAR_COORD_ON_VARIABLE,2002-04,2002-04,1,OK_SCALAR_COORD,RANGEEDGES,RANGEEDGES_WINDOW_COORDINATE_MATCH,2002-04-01 00:00:00; 2002-05-01 00:00:00,2002-04-01 00:00:00,"esquema=lead1_igual_mes_inicializacao, representação=NMME_HARMONIZED_MONTHLY",Fazendas_Sinobras_Centroide
2002-04,NOAA_NCEP,CFSv2,2002-04,5,4.5,2002-08,OK,"L.attrs contém termo(s) ['forecast_period'] — indica semântica de lead/target, mas isso sozinho não confirma o valor exato de H5 sem uma variável auxiliar de data-alvo. | nenhuma variável auxiliar de data-alvo (('target', 'valid_time', 'target_month', 'forecast_time')) encontrada no dataset aberto — tentando Método B (semântica documentada do eixo forecast_period, Seção 4). | confirmado pela semântica documentada do eixo forecast_period (Método B, Seção 4/6): inicialização confirmada via SCALAR_COORD_ON_VARIABLE (status=OK_SCALAR_COORD), L.standard_name='forecast_period'/units='months', grade [0.5, 1.5, 2.5, 3.5, 4.5, 5.5] mensal confirmada, rota com forecast_period_semantics_documented=True.",CONFIRMED_BY_FORECAST_PERIOD_SEMANTICS,SCALAR_COORD_ON_VARIABLE,2002-04,2002-04,1,OK_SCALAR_COORD,RANGEEDGES,RANGEEDGES_WINDOW_COORDINATE_MATCH,2002-04-01 00:00:00; 2002-05-01 00:00:00,2002-04-01 00:00:00,"esquema=lead1_igual_mes_inicializacao, representação=NMME_HARMONIZED_MONTHLY",Fazendas_Sinobras_Centroide
2002-04,NOAA_NCEP,CFSv2,2002-04,6,5.5,2002-09,OK,"L.attrs contém termo(s) ['forecast_period'] — indica semântica de lead/target, mas isso sozinho não confirma o valor exato de H6 sem uma variável auxiliar de data-alvo. | nenhuma variável auxiliar de data-alvo (('target', 'valid_time', 'target_month', 'forecast_time')) encontrada no dataset aberto — tentando Método B (semântica documentada do eixo forecast_period, Seção 4). | confirmado pela semântica documentada do eixo forecast_period (Método B, Seção 4/6): inicialização confirmada via SCALAR_COORD_ON_VARIABLE (status=OK_SCALAR_COORD), L.standard_name='forecast_period'/units='months', grade [0.5, 1.5, 2.5, 3.5, 4.5, 5.5] mensal confirmada, rota com forecast_period_semantics_documented=True.",CONFIRMED_BY_FORECAST_PERIOD_SEMANTICS,SCALAR_COORD_ON_VARIABLE,2002-04,2002-04,1,OK_SCALAR_COORD,RANGEEDGES,RANGEEDGES_WINDOW_COORDINATE_MATCH,2002-04-01 00:00:00; 2002-05-01 00:00:00,2002-04-01 00:00:00,"esquema=lead1_igual_mes_inicializacao, representação=NMME_HARMONIZED_MONTHLY",Fazendas_Sinobras_Centroide
2002-05,NOAA_NCEP,CFSv2,2002-05,1,0.5,2002-05,OK,"L.attrs contém termo(s) ['forecast_period'] — indica semântica de lead/target, mas isso sozinho não confirma o valor exato de H1 sem uma variável auxiliar de data-alvo. | nenhuma variável auxiliar de data-alvo (('target', 'valid_time', 'target_month', 'forecast_time')) encontrada no dataset aberto — tentando Método B (semântica documentada do eixo forecast_period, Seção 4). | confirmado pela semântica documentada do eixo forecast_period (Método B, Seção 4/6): inicialização confirmada via SCALAR_COORD_ON_VARIABLE (status=OK_SCALAR_COORD), L.standard_name='forecast_period'/units='months', grade [0.5, 1.5, 2.5, 3.5, 4.5, 5.5] mensal confirmada, rota com forecast_period_semantics_documented=True.",CONFIRMED_BY_FORECAST_PERIOD_SEMANTICS,SCALAR_COORD_ON_VARIABLE,2002-05,2002-05,1,OK_SCALAR_COORD,RANGEEDGES,RANGEEDGES_WINDOW_COORDINATE_MATCH,2002-05-01 00:00:00; 2002-06-01 00:00:00,2002-05-01 00:00:00,"esquema=lead1_igual_mes_inicializacao, representação=NMME_HARMONIZED_MONTHLY",Fazendas_Sinobras_Centroide
2002-05,NOAA_NCEP,CFSv2,2002-05,2,1.5,2002-06,OK,"L.attrs contém termo(s) ['forecast_period'] — indica semântica de lead/target, mas isso sozinho não confirma o valor exato de H2 sem uma variável auxiliar de data-alvo. | nenhuma variável auxiliar de data-alvo (('target', 'valid_time', 'target_month', 'forecast_time')) encontrada no dataset aberto — tentando Método B (semântica documentada do eixo forecast_period, Seção 4). | confirmado pela semântica documentada do eixo forecast_period (Método B, Seção 4/6): inicialização confirmada via SCALAR_COORD_ON_VARIABLE (status=OK_SCALAR_COORD), L.standard_name='forecast_period'/units='months', grade [0.5, 1.5, 2.5, 3.5, 4.5, 5.5] mensal confirmada, rota com forecast_period_semantics_documented=True.",CONFIRMED_BY_FORECAST_PERIOD_SEMANTICS,SCALAR_COORD_ON_VARIABLE,2002-05,2002-05,1,OK_SCALAR_COORD,RANGEEDGES,RANGEEDGES_WINDOW_COORDINATE_MATCH,2002-05-01 00:00:00; 2002-06-01 00:00:00,2002-05-01 00:00:00,"esquema=lead1_igual_mes_inicializacao, representação=NMME_HARMONIZED_MONTHLY",Fazendas_Sinobras_Centroide
2002-05,NOAA_NCEP,CFSv2,2002-05,3,2.5,2002-07,OK,"L.attrs contém termo(s) ['forecast_period'] — indica semântica de lead/target, mas isso sozinho não confirma o valor exato de H3 sem uma variável auxiliar de data-alvo. | nenhuma variável auxiliar de data-alvo (('target', 'valid_time', 'target_month', 'forecast_time')) encontrada no dataset aberto — tentando Método B (semântica documentada do eixo forecast_period, Seção 4). | confirmado pela semântica documentada do eixo forecast_period (Método B, Seção 4/6): inicialização confirmada via SCALAR_COORD_ON_VARIABLE (status=OK_SCALAR_COORD), L.standard_name='forecast_period'/units='months', grade [0.5, 1.5, 2.5, 3.5, 4.5, 5.5] mensal confirmada, rota com forecast_period_semantics_documented=True.",CONFIRMED_BY_FORECAST_PERIOD_SEMANTICS,SCALAR_COORD_ON_VARIABLE,2002-05,2002-05,1,OK_SCALAR_COORD,RANGEEDGES,RANGEEDGES_WINDOW_COORDINATE_MATCH,2002-05-01 00:00:00; 2002-06-01 00:00:00,2002-05-01 00:00:00,"esquema=lead1_igual_mes_inicializacao, representação=NMME_HARMONIZED_MONTHLY",Fazendas_Sinobras_Centroide
2002-05,NOAA_NCEP,CFSv2,2002-05,4,3.5,2002-08,OK,"L.attrs contém termo(s) ['forecast_period'] — indica semântica de lead/target, mas isso sozinho não confirma o valor exato de H4 sem uma variável auxiliar de data-alvo. | nenhuma variável auxiliar de data-alvo (('target', 'valid_time', 'target_month', 'forecast_time')) encontrada no dataset aberto — tentando Método B (semântica documentada do eixo forecast_period, Seção 4). | confirmado pela semântica documentada do eixo forecast_period (Método B, Seção 4/6): inicialização confirmada via SCALAR_COORD_ON_VARIABLE (status=OK_SCALAR_COORD), L.standard_name='forecast_period'/units='months', grade [0.5, 1.5, 2.5, 3.5, 4.5, 5.5] mensal confirmada, rota com forecast_period_semantics_documented=True.",CONFIRMED_BY_FORECAST_PERIOD_SEMANTICS,SCALAR_COORD_ON_VARIABLE,2002-05,2002-05,1,OK_SCALAR_COORD,RANGEEDGES,RANGEEDGES_WINDOW_COORDINATE_MATCH,2002-05-01 00:00:00; 2002-06-01 00:00:00,2002-05-01 00:00:00,"esquema=lead1_igual_mes_inicializacao, representação=NMME_HARMONIZED_MONTHLY",Fazendas_Sinobras_Centroide
2002-05,NOAA_NCEP,CFSv2,2002-05,5,4.5,2002-09,OK,"L.attrs contém termo(s) ['forecast_period'] — indica semântica de lead/target, mas isso sozinho não confirma o valor exato de H5 sem uma variável auxiliar de data-alvo. | nenhuma variável auxiliar de data-alvo (('target', 'valid_time', 'target_month', 'forecast_time')) encontrada no dataset aberto — tentando Método B (semântica documentada do eixo forecast_period, Seção 4). | confirmado pela semântica documentada do eixo forecast_period (Método B, Seção 4/6): inicialização confirmada via SCALAR_COORD_ON_VARIABLE (status=OK_SCALAR_COORD), L.standard_name='forecast_period'/units='months', grade [0.5, 1.5, 2.5, 3.5, 4.5, 5.5] mensal confirmada, rota com forecast_period_semantics_documented=True.",CONFIRMED_BY_FORECAST_PERIOD_SEMANTICS,SCALAR_COORD_ON_VARIABLE,2002-05,2002-05,1,OK_SCALAR_COORD,RANGEEDGES,RANGEEDGES_WINDOW_COORDINATE_MATCH,2002-05-01 00:00:00; 2002-06-01 00:00:00,2002-05-01 00:00:00,"esquema=lead1_igual_mes_inicializacao, representação=NMME_HARMONIZED_MONTHLY",Fazendas_Sinobras_Centroide
2002-05,NOAA_NCEP,CFSv2,2002-05,6,5.5,2002-10,OK,"L.attrs contém termo(s) ['forecast_period'] — indica semântica de lead/target, mas isso sozinho não confirma o valor exato de H6 sem uma variável auxiliar de data-alvo. | nenhuma variável auxiliar de data-alvo (('target', 'valid_time', 'target_month', 'forecast_time')) encontrada no dataset aberto — tentando Método B (semântica documentada do eixo forecast_period, Seção 4). | confirmado pela semântica documentada do eixo forecast_period (Método B, Seção 4/6): inicialização confirmada via SCALAR_COORD_ON_VARIABLE (status=OK_SCALAR_COORD), L.standard_name='forecast_period'/units='months', grade [0.5, 1.5, 2.5, 3.5, 4.5, 5.5] mensal confirmada, rota com forecast_period_semantics_documented=True.",CONFIRMED_BY_FORECAST_PERIOD_SEMANTICS,SCALAR_COORD_ON_VARIABLE,2002-05,2002-05,1,OK_SCALAR_COORD,RANGEEDGES,RANGEEDGES_WINDOW_COORDINATE_MATCH,2002-05-01 00:00:00; 2002-06-01 00:00:00,2002-05-01 00:00:00,"esquema=lead1_igual_mes_inicializacao, representação=NMME_HARMONIZED_MONTHLY",Fazendas_Sinobras_Centroide
2002-06,NOAA_NCEP,CFSv2,2002-06,1,0.5,2002-06,OK,"L.attrs contém termo(s) ['forecast_period'] — indica semântica de lead/target, mas isso sozinho não confirma o valor exato de H1 sem uma variável auxiliar de data-alvo. | nenhuma variável auxiliar de data-alvo (('target', 'valid_time', 'target_month', 'forecast_time')) encontrada no dataset aberto — tentando Método B (semântica documentada do eixo forecast_period, Seção 4). | confirmado pela semântica documentada do eixo forecast_period (Método B, Seção 4/6): inicialização confirmada via SCALAR_COORD_ON_VARIABLE (status=OK_SCALAR_COORD), L.standard_name='forecast_period'/units='months', grade [0.5, 1.5, 2.5, 3.5, 4.5, 5.5] mensal confirmada, rota com forecast_period_semantics_documented=True.",CONFIRMED_BY_FORECAST_PERIOD_SEMANTICS,SCALAR_COORD_ON_VARIABLE,2002-06,2002-06,1,OK_SCALAR_COORD,RANGEEDGES,RANGEEDGES_WINDOW_COORDINATE_MATCH,2002-06-01 00:00:00; 2002-07-01 00:00:00,2002-06-01 00:00:00,"esquema=lead1_igual_mes_inicializacao, representação=NMME_HARMONIZED_MONTHLY",Fazendas_Sinobras_Centroide
2002-06,NOAA_NCEP,CFSv2,2002-06,2,1.5,2002-07,OK,"L.attrs contém termo(s) ['forecast_period'] — indica semântica de lead/target, mas isso sozinho não confirma o valor exato de H2 sem uma variável auxiliar de data-alvo. | nenhuma variável auxiliar de data-alvo (('target', 'valid_time', 'target_month', 'forecast_time')) encontrada no dataset aberto — tentando Método B (semântica documentada do eixo forecast_period, Seção 4). | confirmado pela semântica documentada do eixo forecast_period (Método B, Seção 4/6): inicialização confirmada via SCALAR_COORD_ON_VARIABLE (status=OK_SCALAR_COORD), L.standard_name='forecast_period'/units='months', grade [0.5, 1.5, 2.5, 3.5, 4.5, 5.5] mensal confirmada, rota com forecast_period_semantics_documented=True.",CONFIRMED_BY_FORECAST_PERIOD_SEMANTICS,SCALAR_COORD_ON_VARIABLE,2002-06,2002-06,1,OK_SCALAR_COORD,RANGEEDGES,RANGEEDGES_WINDOW_COORDINATE_MATCH,2002-06-01 00:00:00; 2002-07-01 00:00:00,2002-06-01 00:00:00,"esquema=lead1_igual_mes_inicializacao, representação=NMME_HARMONIZED_MONTHLY",Fazendas_Sinobras_Centroide
2002-06,NOAA_NCEP,CFSv2,2002-06,3,2.5,2002-08,OK,"L.attrs contém termo(s) ['forecast_period'] — indica semântica de lead/target, mas isso sozinho não confirma o valor exato de H3 sem uma variável auxiliar de data-alvo. | nenhuma variável auxiliar de data-alvo (('target', 'valid_time', 'target_month', 'forecast_time')) encontrada no dataset aberto — tentando Método B (semântica documentada do eixo forecast_period, Seção 4). | confirmado pela semântica documentada do eixo forecast_period (Método B, Seção 4/6): inicialização confirmada via SCALAR_COORD_ON_VARIABLE (status=OK_SCALAR_COORD), L.standard_name='forecast_period'/units='months', grade [0.5, 1.5, 2.5, 3.5, 4.5, 5.5] mensal confirmada, rota com forecast_period_semantics_documented=True.",CONFIRMED_BY_FORECAST_PERIOD_SEMANTICS,SCALAR_COORD_ON_VARIABLE,2002-06,2002-06,1,OK_SCALAR_COORD,RANGEEDGES,RANGEEDGES_WINDOW_COORDINATE_MATCH,2002-06-01 00:00:00; 2002-07-01 00:00:00,2002-06-01 00:00:00,"esquema=lead1_igual_mes_inicializacao, representação=NMME_HARMONIZED_MONTHLY",Fazendas_Sinobras_Centroide
2002-06,NOAA_NCEP,CFSv2,2002-06,4,3.5,2002-09,OK,"L.attrs contém termo(s) ['forecast_period'] — indica semântica de lead/target, mas isso sozinho não confirma o valor exato de H4 sem uma variável auxiliar de data-alvo. | nenhuma variável auxiliar de data-alvo (('target', 'valid_time', 'target_month', 'forecast_time')) encontrada no dataset aberto — tentando Método B (semântica documentada do eixo forecast_period, Seção 4). | confirmado pela semântica documentada do eixo forecast_period (Método B, Seção 4/6): inicialização confirmada via SCALAR_COORD_ON_VARIABLE (status=OK_SCALAR_COORD), L.standard_name='forecast_period'/units='months', grade [0.5, 1.5, 2.5, 3.5, 4.5, 5.5] mensal confirmada, rota com forecast_period_semantics_documented=True.",CONFIRMED_BY_FORECAST_PERIOD_SEMANTICS,SCALAR_COORD_ON_VARIABLE,2002-06,2002-06,1,OK_SCALAR_COORD,RANGEEDGES,RANGEEDGES_WINDOW_COORDINATE_MATCH,2002-06-01 00:00:00; 2002-07-01 00:00:00,2002-06-01 00:00:00,"esquema=lead1_igual_mes_inicializacao, representação=NMME_HARMONIZED_MONTHLY",Fazendas_Sinobras_Centroide
2002-06,NOAA_NCEP,CFSv2,2002-06,5,4.5,2002-10,OK,"L.attrs contém termo(s) ['forecast_period'] — indica semântica de lead/target, mas isso sozinho não confirma o valor exato de H5 sem uma variável auxiliar de data-alvo. | nenhuma variável auxiliar de data-alvo (('target', 'valid_time', 'target_month', 'forecast_time')) encontrada no dataset aberto — tentando Método B (semântica documentada do eixo forecast_period, Seção 4). | confirmado pela semântica documentada do eixo forecast_period (Método B, Seção 4/6): inicialização confirmada via SCALAR_COORD_ON_VARIABLE (status=OK_SCALAR_COORD), L.standard_name='forecast_period'/units='months', grade [0.5, 1.5, 2.5, 3.5, 4.5, 5.5] mensal confirmada, rota com forecast_period_semantics_documented=True.",CONFIRMED_BY_FORECAST_PERIOD_SEMANTICS,SCALAR_COORD_ON_VARIABLE,2002-06,2002-06,1,OK_SCALAR_COORD,RANGEEDGES,RANGEEDGES_WINDOW_COORDINATE_MATCH,2002-06-01 00:00:00; 2002-07-01 00:00:00,2002-06-01 00:00:00,"esquema=lead1_igual_mes_inicializacao, representação=NMME_HARMONIZED_MONTHLY",Fazendas_Sinobras_Centroide
2002-06,NOAA_NCEP,CFSv2,2002-06,6,5.5,2002-11,OK,"L.attrs contém termo(s) ['forecast_period'] — indica semântica de lead/target, mas isso sozinho não confirma o valor exato de H6 sem uma variável auxiliar de data-alvo. | nenhuma variável auxiliar de data-alvo (('target', 'valid_time', 'target_month', 'forecast_time')) encontrada no dataset aberto — tentando Método B (semântica documentada do eixo forecast_period, Seção 4). | confirmado pela semântica documentada do eixo forecast_period (Método B, Seção 4/6): inicialização confirmada via SCALAR_COORD_ON_VARIABLE (status=OK_SCALAR_COORD), L.standard_name='forecast_period'/units='months', grade [0.5, 1.5, 2.5, 3.5, 4.5, 5.5] mensal confirmada, rota com forecast_period_semantics_documented=True.",CONFIRMED_BY_FORECAST_PERIOD_SEMANTICS,SCALAR_COORD_ON_VARIABLE,2002-06,2002-06,1,OK_SCALAR_COORD,RANGEEDGES,RANGEEDGES_WINDOW_COORDINATE_MATCH,2002-06-01 00:00:00; 2002-07-01 00:00:00,2002-06-01 00:00:00,"esquema=lead1_igual_mes_inicializacao, representação=NMME_HARMONIZED_MONTHLY",Fazendas_Sinobras_Centroide
2002-07,NOAA_NCEP,CFSv2,2002-07,1,0.5,2002-07,OK,"L.attrs contém termo(s) ['forecast_period'] — indica semântica de lead/target, mas isso sozinho não confirma o valor exato de H1 sem uma variável auxiliar de data-alvo. | nenhuma variável auxiliar de data-alvo (('target', 'valid_time', 'target_month', 'forecast_time')) encontrada no dataset aberto — tentando Método B (semântica documentada do eixo forecast_period, Seção 4). | confirmado pela semântica documentada do eixo forecast_period (Método B, Seção 4/6): inicialização confirmada via SCALAR_COORD_ON_VARIABLE (status=OK_SCALAR_COORD), L.standard_name='forecast_period'/units='months', grade [0.5, 1.5, 2.5, 3.5, 4.5, 5.5] mensal confirmada, rota com forecast_period_semantics_documented=True.",CONFIRMED_BY_FORECAST_PERIOD_SEMANTICS,SCALAR_COORD_ON_VARIABLE,2002-07,2002-07,1,OK_SCALAR_COORD,RANGEEDGES,RANGEEDGES_WINDOW_COORDINATE_MATCH,2002-07-01 00:00:00; 2002-08-01 00:00:00,2002-07-01 00:00:00,"esquema=lead1_igual_mes_inicializacao, representação=NMME_HARMONIZED_MONTHLY",Fazendas_Sinobras_Centroide
2002-07,NOAA_NCEP,CFSv2,2002-07,2,1.5,2002-08,OK,"L.attrs contém termo(s) ['forecast_period'] — indica semântica de lead/target, mas isso sozinho não confirma o valor exato de H2 sem uma variável auxiliar de data-alvo. | nenhuma variável auxiliar de data-alvo (('target', 'valid_time', 'target_month', 'forecast_time')) encontrada no dataset aberto — tentando Método B (semântica documentada do eixo forecast_period, Seção 4). | confirmado pela semântica documentada do eixo forecast_period (Método B, Seção 4/6): inicialização confirmada via SCALAR_COORD_ON_VARIABLE (status=OK_SCALAR_COORD), L.standard_name='forecast_period'/units='months', grade [0.5, 1.5, 2.5, 3.5, 4.5, 5.5] mensal confirmada, rota com forecast_period_semantics_documented=True.",CONFIRMED_BY_FORECAST_PERIOD_SEMANTICS,SCALAR_COORD_ON_VARIABLE,2002-07,2002-07,1,OK_SCALAR_COORD,RANGEEDGES,RANGEEDGES_WINDOW_COORDINATE_MATCH,2002-07-01 00:00:00; 2002-08-01 00:00:00,2002-07-01 00:00:00,"esquema=lead1_igual_mes_inicializacao, representação=NMME_HARMONIZED_MONTHLY",Fazendas_Sinobras_Centroide
2002-07,NOAA_NCEP,CFSv2,2002-07,3,2.5,2002-09,OK,"L.attrs contém termo(s) ['forecast_period'] — indica semântica de lead/target, mas isso sozinho não confirma o valor exato de H3 sem uma variável auxiliar de data-alvo. | nenhuma variável auxiliar de data-alvo (('target', 'valid_time', 'target_month', 'forecast_time')) encontrada no dataset aberto — tentando Método B (semântica documentada do eixo forecast_period, Seção 4). | confirmado pela semântica documentada do eixo forecast_period (Método B, Seção 4/6): inicialização confirmada via SCALAR_COORD_ON_VARIABLE (status=OK_SCALAR_COORD), L.standard_name='forecast_period'/units='months', grade [0.5, 1.5, 2.5, 3.5, 4.5, 5.5] mensal confirmada, rota com forecast_period_semantics_documented=True.",CONFIRMED_BY_FORECAST_PERIOD_SEMANTICS,SCALAR_COORD_ON_VARIABLE,2002-07,2002-07,1,OK_SCALAR_COORD,RANGEEDGES,RANGEEDGES_WINDOW_COORDINATE_MATCH,2002-07-01 00:00:00; 2002-08-01 00:00:00,2002-07-01 00:00:00,"esquema=lead1_igual_mes_inicializacao, representação=NMME_HARMONIZED_MONTHLY",Fazendas_Sinobras_Centroide
2002-07,NOAA_NCEP,CFSv2,2002-07,4,3.5,2002-10,OK,"L.attrs contém termo(s) ['forecast_period'] — indica semântica de lead/target, mas isso sozinho não confirma o valor exato de H4 sem uma variável auxiliar de data-alvo. | nenhuma variável auxiliar de data-alvo (('target', 'valid_time', 'target_month', 'forecast_time')) encontrada no dataset aberto — tentando Método B (semântica documentada do eixo forecast_period, Seção 4). | confirmado pela semântica documentada do eixo forecast_period (Método B, Seção 4/6): inicialização confirmada via SCALAR_COORD_ON_VARIABLE (status=OK_SCALAR_COORD), L.standard_name='forecast_period'/units='months', grade [0.5, 1.5, 2.5, 3.5, 4.5, 5.5] mensal confirmada, rota com forecast_period_semantics_documented=True.",CONFIRMED_BY_FORECAST_PERIOD_SEMANTICS,SCALAR_COORD_ON_VARIABLE,2002-07,2002-07,1,OK_SCALAR_COORD,RANGEEDGES,RANGEEDGES_WINDOW_COORDINATE_MATCH,2002-07-01 00:00:00; 2002-08-01 00:00:00,2002-07-01 00:00:00,"esquema=lead1_igual_mes_inicializacao, representação=NMME_HARMONIZED_MONTHLY",Fazendas_Sinobras_Centroide
2002-07,NOAA_NCEP,CFSv2,2002-07,5,4.5,2002-11,OK,"L.attrs contém termo(s) ['forecast_period'] — indica semântica de lead/target, mas isso sozinho não confirma o valor exato de H5 sem uma variável auxiliar de data-alvo. | nenhuma variável auxiliar de data-alvo (('target', 'valid_time', 'target_month', 'forecast_time')) encontrada no dataset aberto — tentando Método B (semântica documentada do eixo forecast_period, Seção 4). | confirmado pela semântica documentada do eixo forecast_period (Método B, Seção 4/6): inicialização confirmada via SCALAR_COORD_ON_VARIABLE (status=OK_SCALAR_COORD), L.standard_name='forecast_period'/units='months', grade [0.5, 1.5, 2.5, 3.5, 4.5, 5.5] mensal confirmada, rota com forecast_period_semantics_documented=True.",CONFIRMED_BY_FORECAST_PERIOD_SEMANTICS,SCALAR_COORD_ON_VARIABLE,2002-07,2002-07,1,OK_SCALAR_COORD,RANGEEDGES,RANGEEDGES_WINDOW_COORDINATE_MATCH,2002-07-01 00:00:00; 2002-08-01 00:00:00,2002-07-01 00:00:00,"esquema=lead1_igual_mes_inicializacao, representação=NMME_HARMONIZED_MONTHLY",Fazendas_Sinobras_Centroide
2002-07,NOAA_NCEP,CFSv2,2002-07,6,5.5,2002-12,OK,"L.attrs contém termo(s) ['forecast_period'] — indica semântica de lead/target, mas isso sozinho não confirma o valor exato de H6 sem uma variável auxiliar de data-alvo. | nenhuma variável auxiliar de data-alvo (('target', 'valid_time', 'target_month', 'forecast_time')) encontrada no dataset aberto — tentando Método B (semântica documentada do eixo forecast_period, Seção 4). | confirmado pela semântica documentada do eixo forecast_period (Método B, Seção 4/6): inicialização confirmada via SCALAR_COORD_ON_VARIABLE (status=OK_SCALAR_COORD), L.standard_name='forecast_period'/units='months', grade [0.5, 1.5, 2.5, 3.5, 4.5, 5.5] mensal confirmada, rota com forecast_period_semantics_documented=True.",CONFIRMED_BY_FORECAST_PERIOD_SEMANTICS,SCALAR_COORD_ON_VARIABLE,2002-07,2002-07,1,OK_SCALAR_COORD,RANGEEDGES,RANGEEDGES_WINDOW_COORDINATE_MATCH,2002-07-01 00:00:00; 2002-08-01 00:00:00,2002-07-01 00:00:00,"esquema=lead1_igual_mes_inicializacao, representação=NMME_HARMONIZED_MONTHLY",Fazendas_Sinobras_Centroide
2002-08,NOAA_NCEP,CFSv2,2002-08,1,0.5,2002-08,OK,"L.attrs contém termo(s) ['forecast_period'] — indica semântica de lead/target, mas isso sozinho não confirma o valor exato de H1 sem uma variável auxiliar de data-alvo. | nenhuma variável auxiliar de data-alvo (('target', 'valid_time', 'target_month', 'forecast_time')) encontrada no dataset aberto — tentando Método B (semântica documentada do eixo forecast_period, Seção 4). | confirmado pela semântica documentada do eixo forecast_period (Método B, Seção 4/6): inicialização confirmada via SCALAR_COORD_ON_VARIABLE (status=OK_SCALAR_COORD), L.standard_name='forecast_period'/units='months', grade [0.5, 1.5, 2.5, 3.5, 4.5, 5.5] mensal confirmada, rota com forecast_period_semantics_documented=True.",CONFIRMED_BY_FORECAST_PERIOD_SEMANTICS,SCALAR_COORD_ON_VARIABLE,2002-08,2002-08,1,OK_SCALAR_COORD,RANGEEDGES,RANGEEDGES_WINDOW_COORDINATE_MATCH,2002-08-01 00:00:00; 2002-09-01 00:00:00,2002-08-01 00:00:00,"esquema=lead1_igual_mes_inicializacao, representação=NMME_HARMONIZED_MONTHLY",Fazendas_Sinobras_Centroide
2002-08,NOAA_NCEP,CFSv2,2002-08,2,1.5,2002-09,OK,"L.attrs contém termo(s) ['forecast_period'] — indica semântica de lead/target, mas isso sozinho não confirma o valor exato de H2 sem uma variável auxiliar de data-alvo. | nenhuma variável auxiliar de data-alvo (('target', 'valid_time', 'target_month', 'forecast_time')) encontrada no dataset aberto — tentando Método B (semântica documentada do eixo forecast_period, Seção 4). | confirmado pela semântica documentada do eixo forecast_period (Método B, Seção 4/6): inicialização confirmada via SCALAR_COORD_ON_VARIABLE (status=OK_SCALAR_COORD), L.standard_name='forecast_period'/units='months', grade [0.5, 1.5, 2.5, 3.5, 4.5, 5.5] mensal confirmada, rota com forecast_period_semantics_documented=True.",CONFIRMED_BY_FORECAST_PERIOD_SEMANTICS,SCALAR_COORD_ON_VARIABLE,2002-08,2002-08,1,OK_SCALAR_COORD,RANGEEDGES,RANGEEDGES_WINDOW_COORDINATE_MATCH,2002-08-01 00:00:00; 2002-09-01 00:00:00,2002-08-01 00:00:00,"esquema=lead1_igual_mes_inicializacao, representação=NMME_HARMONIZED_MONTHLY",Fazendas_Sinobras_Centroide
2002-08,NOAA_NCEP,CFSv2,2002-08,3,2.5,2002-10,OK,"L.attrs contém termo(s) ['forecast_period'] — indica semântica de lead/target, mas isso sozinho não confirma o valor exato de H3 sem uma variável auxiliar de data-alvo. | nenhuma variável auxiliar de data-alvo (('target', 'valid_time', 'target_month', 'forecast_time')) encontrada no dataset aberto — tentando Método B (semântica documentada do eixo forecast_period, Seção 4). | confirmado pela semântica documentada do eixo forecast_period (Método B, Seção 4/6): inicialização confirmada via SCALAR_COORD_ON_VARIABLE (status=OK_SCALAR_COORD), L.standard_name='forecast_period'/units='months', grade [0.5, 1.5, 2.5, 3.5, 4.5, 5.5] mensal confirmada, rota com forecast_period_semantics_documented=True.",CONFIRMED_BY_FORECAST_PERIOD_SEMANTICS,SCALAR_COORD_ON_VARIABLE,2002-08,2002-08,1,OK_SCALAR_COORD,RANGEEDGES,RANGEEDGES_WINDOW_COORDINATE_MATCH,2002-08-01 00:00:00; 2002-09-01 00:00:00,2002-08-01 00:00:00,"esquema=lead1_igual_mes_inicializacao, representação=NMME_HARMONIZED_MONTHLY",Fazendas_Sinobras_Centroide
2002-08,NOAA_NCEP,CFSv2,2002-08,4,3.5,2002-11,OK,"L.attrs contém termo(s) ['forecast_period'] — indica semântica de lead/target, mas isso sozinho não confirma o valor exato de H4 sem uma variável auxiliar de data-alvo. | nenhuma variável auxiliar de data-alvo (('target', 'valid_time', 'target_month', 'forecast_time')) encontrada no dataset aberto — tentando Método B (semântica documentada do eixo forecast_period, Seção 4). | confirmado pela semântica documentada do eixo forecast_period (Método B, Seção 4/6): inicialização confirmada via SCALAR_COORD_ON_VARIABLE (status=OK_SCALAR_COORD), L.standard_name='forecast_period'/units='months', grade [0.5, 1.5, 2.5, 3.5, 4.5, 5.5] mensal confirmada, rota com forecast_period_semantics_documented=True.",CONFIRMED_BY_FORECAST_PERIOD_SEMANTICS,SCALAR_COORD_ON_VARIABLE,2002-08,2002-08,1,OK_SCALAR_COORD,RANGEEDGES,RANGEEDGES_WINDOW_COORDINATE_MATCH,2002-08-01 00:00:00; 2002-09-01 00:00:00,2002-08-01 00:00:00,"esquema=lead1_igual_mes_inicializacao, representação=NMME_HARMONIZED_MONTHLY",Fazendas_Sinobras_Centroide
2002-08,NOAA_NCEP,CFSv2,2002-08,5,4.5,2002-12,OK,"L.attrs contém termo(s) ['forecast_period'] — indica semântica de lead/target, mas isso sozinho não confirma o valor exato de H5 sem uma variável auxiliar de data-alvo. | nenhuma variável auxiliar de data-alvo (('target', 'valid_time', 'target_month', 'forecast_time')) encontrada no dataset aberto — tentando Método B (semântica documentada do eixo forecast_period, Seção 4). | confirmado pela semântica documentada do eixo forecast_period (Método B, Seção 4/6): inicialização confirmada via SCALAR_COORD_ON_VARIABLE (status=OK_SCALAR_COORD), L.standard_name='forecast_period'/units='months', grade [0.5, 1.5, 2.5, 3.5, 4.5, 5.5] mensal confirmada, rota com forecast_period_semantics_documented=True.",CONFIRMED_BY_FORECAST_PERIOD_SEMANTICS,SCALAR_COORD_ON_VARIABLE,2002-08,2002-08,1,OK_SCALAR_COORD,RANGEEDGES,RANGEEDGES_WINDOW_COORDINATE_MATCH,2002-08-01 00:00:00; 2002-09-01 00:00:00,2002-08-01 00:00:00,"esquema=lead1_igual_mes_inicializacao, representação=NMME_HARMONIZED_MONTHLY",Fazendas_Sinobras_Centroide
2002-08,NOAA_NCEP,CFSv2,2002-08,6,5.5,2003-01,OK,"L.attrs contém termo(s) ['forecast_period'] — indica semântica de lead/target, mas isso sozinho não confirma o valor exato de H6 sem uma variável auxiliar de data-alvo. | nenhuma variável auxiliar de data-alvo (('target', 'valid_time', 'target_month', 'forecast_time')) encontrada no dataset aberto — tentando Método B (semântica documentada do eixo forecast_period, Seção 4). | confirmado pela semântica documentada do eixo forecast_period (Método B, Seção 4/6): inicialização confirmada via SCALAR_COORD_ON_VARIABLE (status=OK_SCALAR_COORD), L.standard_name='forecast_period'/units='months', grade [0.5, 1.5, 2.5, 3.5, 4.5, 5.5] mensal confirmada, rota com forecast_period_semantics_documented=True.",CONFIRMED_BY_FORECAST_PERIOD_SEMANTICS,SCALAR_COORD_ON_VARIABLE,2002-08,2002-08,1,OK_SCALAR_COORD,RANGEEDGES,RANGEEDGES_WINDOW_COORDINATE_MATCH,2002-08-01 00:00:00; 2002-09-01 00:00:00,2002-08-01 00:00:00,"esquema=lead1_igual_mes_inicializacao, representação=NMME_HARMONIZED_MONTHLY",Fazendas_Sinobras_Centroide
2002-09,NOAA_NCEP,CFSv2,2002-09,1,0.5,2002-09,OK,"L.attrs contém termo(s) ['forecast_period'] — indica semântica de lead/target, mas isso sozinho não confirma o valor exato de H1 sem uma variável auxiliar de data-alvo. | nenhuma variável auxiliar de data-alvo (('target', 'valid_time', 'target_month', 'forecast_time')) encontrada no dataset aberto — tentando Método B (semântica documentada do eixo forecast_period, Seção 4). | confirmado pela semântica documentada do eixo forecast_period (Método B, Seção 4/6): inicialização confirmada via SCALAR_COORD_ON_VARIABLE (status=OK_SCALAR_COORD), L.standard_name='forecast_period'/units='months', grade [0.5, 1.5, 2.5, 3.5, 4.5, 5.5] mensal confirmada, rota com forecast_period_semantics_documented=True.",CONFIRMED_BY_FORECAST_PERIOD_SEMANTICS,SCALAR_COORD_ON_VARIABLE,2002-09,2002-09,1,OK_SCALAR_COORD,RANGEEDGES,RANGEEDGES_WINDOW_COORDINATE_MATCH,2002-09-01 00:00:00; 2002-10-01 00:00:00,2002-09-01 00:00:00,"esquema=lead1_igual_mes_inicializacao, representação=NMME_HARMONIZED_MONTHLY",Fazendas_Sinobras_Centroide
2002-09,NOAA_NCEP,CFSv2,2002-09,2,1.5,2002-10,OK,"L.attrs contém termo(s) ['forecast_period'] — indica semântica de lead/target, mas isso sozinho não confirma o valor exato de H2 sem uma variável auxiliar de data-alvo. | nenhuma variável auxiliar de data-alvo (('target', 'valid_time', 'target_month', 'forecast_time')) encontrada no dataset aberto — tentando Método B (semântica documentada do eixo forecast_period, Seção 4). | confirmado pela semântica documentada do eixo forecast_period (Método B, Seção 4/6): inicialização confirmada via SCALAR_COORD_ON_VARIABLE (status=OK_SCALAR_COORD), L.standard_name='forecast_period'/units='months', grade [0.5, 1.5, 2.5, 3.5, 4.5, 5.5] mensal confirmada, rota com forecast_period_semantics_documented=True.",CONFIRMED_BY_FORECAST_PERIOD_SEMANTICS,SCALAR_COORD_ON_VARIABLE,2002-09,2002-09,1,OK_SCALAR_COORD,RANGEEDGES,RANGEEDGES_WINDOW_COORDINATE_MATCH,2002-09-01 00:00:00; 2002-10-01 00:00:00,2002-09-01 00:00:00,"esquema=lead1_igual_mes_inicializacao, representação=NMME_HARMONIZED_MONTHLY",Fazendas_Sinobras_Centroide
2002-09,NOAA_NCEP,CFSv2,2002-09,3,2.5,2002-11,OK,"L.attrs contém termo(s) ['forecast_period'] — indica semântica de lead/target, mas isso sozinho não confirma o valor exato de H3 sem uma variável auxiliar de data-alvo. | nenhuma variável auxiliar de data-alvo (('target', 'valid_time', 'target_month', 'forecast_time')) encontrada no dataset aberto — tentando Método B (semântica documentada do eixo forecast_period, Seção 4). | confirmado pela semântica documentada do eixo forecast_period (Método B, Seção 4/6): inicialização confirmada via SCALAR_COORD_ON_VARIABLE (status=OK_SCALAR_COORD), L.standard_name='forecast_period'/units='months', grade [0.5, 1.5, 2.5, 3.5, 4.5, 5.5] mensal confirmada, rota com forecast_period_semantics_documented=True.",CONFIRMED_BY_FORECAST_PERIOD_SEMANTICS,SCALAR_COORD_ON_VARIABLE,2002-09,2002-09,1,OK_SCALAR_COORD,RANGEEDGES,RANGEEDGES_WINDOW_COORDINATE_MATCH,2002-09-01 00:00:00; 2002-10-01 00:00:00,2002-09-01 00:00:00,"esquema=lead1_igual_mes_inicializacao, representação=NMME_HARMONIZED_MONTHLY",Fazendas_Sinobras_Centroide
2002-09,NOAA_NCEP,CFSv2,2002-09,4,3.5,2002-12,OK,"L.attrs contém termo(s) ['forecast_period'] — indica semântica de lead/target, mas isso sozinho não confirma o valor exato de H4 sem uma variável auxiliar de data-alvo. | nenhuma variável auxiliar de data-alvo (('target', 'valid_time', 'target_month', 'forecast_time')) encontrada no dataset aberto — tentando Método B (semântica documentada do eixo forecast_period, Seção 4). | confirmado pela semântica documentada do eixo forecast_period (Método B, Seção 4/6): inicialização confirmada via SCALAR_COORD_ON_VARIABLE (status=OK_SCALAR_COORD), L.standard_name='forecast_period'/units='months', grade [0.5, 1.5, 2.5, 3.5, 4.5, 5.5] mensal confirmada, rota com forecast_period_semantics_documented=True.",CONFIRMED_BY_FORECAST_PERIOD_SEMANTICS,SCALAR_COORD_ON_VARIABLE,2002-09,2002-09,1,OK_SCALAR_COORD,RANGEEDGES,RANGEEDGES_WINDOW_COORDINATE_MATCH,2002-09-01 00:00:00; 2002-10-01 00:00:00,2002-09-01 00:00:00,"esquema=lead1_igual_mes_inicializacao, representação=NMME_HARMONIZED_MONTHLY",Fazendas_Sinobras_Centroide
2002-09,NOAA_NCEP,CFSv2,2002-09,5,4.5,2003-01,OK,"L.attrs contém termo(s) ['forecast_period'] — indica semântica de lead/target, mas isso sozinho não confirma o valor exato de H5 sem uma variável auxiliar de data-alvo. | nenhuma variável auxiliar de data-alvo (('target', 'valid_time', 'target_month', 'forecast_time')) encontrada no dataset aberto — tentando Método B (semântica documentada do eixo forecast_period, Seção 4). | confirmado pela semântica documentada do eixo forecast_period (Método B, Seção 4/6): inicialização confirmada via SCALAR_COORD_ON_VARIABLE (status=OK_SCALAR_COORD), L.standard_name='forecast_period'/units='months', grade [0.5, 1.5, 2.5, 3.5, 4.5, 5.5] mensal confirmada, rota com forecast_period_semantics_documented=True.",CONFIRMED_BY_FORECAST_PERIOD_SEMANTICS,SCALAR_COORD_ON_VARIABLE,2002-09,2002-09,1,OK_SCALAR_COORD,RANGEEDGES,RANGEEDGES_WINDOW_COORDINATE_MATCH,2002-09-01 00:00:00; 2002-10-01 00:00:00,2002-09-01 00:00:00,"esquema=lead1_igual_mes_inicializacao, representação=NMME_HARMONIZED_MONTHLY",Fazendas_Sinobras_Centroide
2002-09,NOAA_NCEP,CFSv2,2002-09,6,5.5,2003-02,OK,"L.attrs contém termo(s) ['forecast_period'] — indica semântica de lead/target, mas isso sozinho não confirma o valor exato de H6 sem uma variável auxiliar de data-alvo. | nenhuma variável auxiliar de data-alvo (('target', 'valid_time', 'target_month', 'forecast_time')) encontrada no dataset aberto — tentando Método B (semântica documentada do eixo forecast_period, Seção 4). | confirmado pela semântica documentada do eixo forecast_period (Método B, Seção 4/6): inicialização confirmada via SCALAR_COORD_ON_VARIABLE (status=OK_SCALAR_COORD), L.standard_name='forecast_period'/units='months', grade [0.5, 1.5, 2.5, 3.5, 4.5, 5.5] mensal confirmada, rota com forecast_period_semantics_documented=True.",CONFIRMED_BY_FORECAST_PERIOD_SEMANTICS,SCALAR_COORD_ON_VARIABLE,2002-09,2002-09,1,OK_SCALAR_COORD,RANGEEDGES,RANGEEDGES_WINDOW_COORDINATE_MATCH,2002-09-01 00:00:00; 2002-10-01 00:00:00,2002-09-01 00:00:00,"esquema=lead1_igual_mes_inicializacao, representação=NMME_HARMONIZED_MONTHLY",Fazendas_Sinobras_Centroide
2002-10,NOAA_NCEP,CFSv2,2002-10,1,0.5,2002-10,OK,"L.attrs contém termo(s) ['forecast_period'] — indica semântica de lead/target, mas isso sozinho não confirma o valor exato de H1 sem uma variável auxiliar de data-alvo. | nenhuma variável auxiliar de data-alvo (('target', 'valid_time', 'target_month', 'forecast_time')) encontrada no dataset aberto — tentando Método B (semântica documentada do eixo forecast_period, Seção 4). | confirmado pela semântica documentada do eixo forecast_period (Método B, Seção 4/6): inicialização confirmada via SCALAR_COORD_ON_VARIABLE (status=OK_SCALAR_COORD), L.standard_name='forecast_period'/units='months', grade [0.5, 1.5, 2.5, 3.5, 4.5, 5.5] mensal confirmada, rota com forecast_period_semantics_documented=True.",CONFIRMED_BY_FORECAST_PERIOD_SEMANTICS,SCALAR_COORD_ON_VARIABLE,2002-10,2002-10,1,OK_SCALAR_COORD,RANGEEDGES,RANGEEDGES_WINDOW_COORDINATE_MATCH,2002-10-01 00:00:00; 2002-11-01 00:00:00,2002-10-01 00:00:00,"esquema=lead1_igual_mes_inicializacao, representação=NMME_HARMONIZED_MONTHLY",Fazendas_Sinobras_Centroide
2002-10,NOAA_NCEP,CFSv2,2002-10,2,1.5,2002-11,OK,"L.attrs contém termo(s) ['forecast_period'] — indica semântica de lead/target, mas isso sozinho não confirma o valor exato de H2 sem uma variável auxiliar de data-alvo. | nenhuma variável auxiliar de data-alvo (('target', 'valid_time', 'target_month', 'forecast_time')) encontrada no dataset aberto — tentando Método B (semântica documentada do eixo forecast_period, Seção 4). | confirmado pela semântica documentada do eixo forecast_period (Método B, Seção 4/6): inicialização confirmada via SCALAR_COORD_ON_VARIABLE (status=OK_SCALAR_COORD), L.standard_name='forecast_period'/units='months', grade [0.5, 1.5, 2.5, 3.5, 4.5, 5.5] mensal confirmada, rota com forecast_period_semantics_documented=True.",CONFIRMED_BY_FORECAST_PERIOD_SEMANTICS,SCALAR_COORD_ON_VARIABLE,2002-10,2002-10,1,OK_SCALAR_COORD,RANGEEDGES,RANGEEDGES_WINDOW_COORDINATE_MATCH,2002-10-01 00:00:00; 2002-11-01 00:00:00,2002-10-01 00:00:00,"esquema=lead1_igual_mes_inicializacao, representação=NMME_HARMONIZED_MONTHLY",Fazendas_Sinobras_Centroide
2002-10,NOAA_NCEP,CFSv2,2002-10,3,2.5,2002-12,OK,"L.attrs contém termo(s) ['forecast_period'] — indica semântica de lead/target, mas isso sozinho não confirma o valor exato de H3 sem uma variável auxiliar de data-alvo. | nenhuma variável auxiliar de data-alvo (('target', 'valid_time', 'target_month', 'forecast_time')) encontrada no dataset aberto — tentando Método B (semântica documentada do eixo forecast_period, Seção 4). | confirmado pela semântica documentada do eixo forecast_period (Método B, Seção 4/6): inicialização confirmada via SCALAR_COORD_ON_VARIABLE (status=OK_SCALAR_COORD), L.standard_name='forecast_period'/units='months', grade [0.5, 1.5, 2.5, 3.5, 4.5, 5.5] mensal confirmada, rota com forecast_period_semantics_documented=True.",CONFIRMED_BY_FORECAST_PERIOD_SEMANTICS,SCALAR_COORD_ON_VARIABLE,2002-10,2002-10,1,OK_SCALAR_COORD,RANGEEDGES,RANGEEDGES_WINDOW_COORDINATE_MATCH,2002-10-01 00:00:00; 2002-11-01 00:00:00,2002-10-01 00:00:00,"esquema=lead1_igual_mes_inicializacao, representação=NMME_HARMONIZED_MONTHLY",Fazendas_Sinobras_Centroide
2002-10,NOAA_NCEP,CFSv2,2002-10,4,3.5,2003-01,OK,"L.attrs contém termo(s) ['forecast_period'] — indica semântica de lead/target, mas isso sozinho não confirma o valor exato de H4 sem uma variável auxiliar de data-alvo. | nenhuma variável auxiliar de data-alvo (('target', 'valid_time', 'target_month', 'forecast_time')) encontrada no dataset aberto — tentando Método B (semântica documentada do eixo forecast_period, Seção 4). | confirmado pela semântica documentada do eixo forecast_period (Método B, Seção 4/6): inicialização confirmada via SCALAR_COORD_ON_VARIABLE (status=OK_SCALAR_COORD), L.standard_name='forecast_period'/units='months', grade [0.5, 1.5, 2.5, 3.5, 4.5, 5.5] mensal confirmada, rota com forecast_period_semantics_documented=True.",CONFIRMED_BY_FORECAST_PERIOD_SEMANTICS,SCALAR_COORD_ON_VARIABLE,2002-10,2002-10,1,OK_SCALAR_COORD,RANGEEDGES,RANGEEDGES_WINDOW_COORDINATE_MATCH,2002-10-01 00:00:00; 2002-11-01 00:00:00,2002-10-01 00:00:00,"esquema=lead1_igual_mes_inicializacao, representação=NMME_HARMONIZED_MONTHLY",Fazendas_Sinobras_Centroide
2002-10,NOAA_NCEP,CFSv2,2002-10,5,4.5,2003-02,OK,"L.attrs contém termo(s) ['forecast_period'] — indica semântica de lead/target, mas isso sozinho não confirma o valor exato de H5 sem uma variável auxiliar de data-alvo. | nenhuma variável auxiliar de data-alvo (('target', 'valid_time', 'target_month', 'forecast_time')) encontrada no dataset aberto — tentando Método B (semântica documentada do eixo forecast_period, Seção 4). | confirmado pela semântica documentada do eixo forecast_period (Método B, Seção 4/6): inicialização confirmada via SCALAR_COORD_ON_VARIABLE (status=OK_SCALAR_COORD), L.standard_name='forecast_period'/units='months', grade [0.5, 1.5, 2.5, 3.5, 4.5, 5.5] mensal confirmada, rota com forecast_period_semantics_documented=True.",CONFIRMED_BY_FORECAST_PERIOD_SEMANTICS,SCALAR_COORD_ON_VARIABLE,2002-10,2002-10,1,OK_SCALAR_COORD,RANGEEDGES,RANGEEDGES_WINDOW_COORDINATE_MATCH,2002-10-01 00:00:00; 2002-11-01 00:00:00,2002-10-01 00:00:00,"esquema=lead1_igual_mes_inicializacao, representação=NMME_HARMONIZED_MONTHLY",Fazendas_Sinobras_Centroide
2002-10,NOAA_NCEP,CFSv2,2002-10,6,5.5,2003-03,OK,"L.attrs contém termo(s) ['forecast_period'] — indica semântica de lead/target, mas isso sozinho não confirma o valor exato de H6 sem uma variável auxiliar de data-alvo. | nenhuma variável auxiliar de data-alvo (('target', 'valid_time', 'target_month', 'forecast_time')) encontrada no dataset aberto — tentando Método B (semântica documentada do eixo forecast_period, Seção 4). | confirmado pela semântica documentada do eixo forecast_period (Método B, Seção 4/6): inicialização confirmada via SCALAR_COORD_ON_VARIABLE (status=OK_SCALAR_COORD), L.standard_name='forecast_period'/units='months', grade [0.5, 1.5, 2.5, 3.5, 4.5, 5.5] mensal confirmada, rota com forecast_period_semantics_documented=True.",CONFIRMED_BY_FORECAST_PERIOD_SEMANTICS,SCALAR_COORD_ON_VARIABLE,2002-10,2002-10,1,OK_SCALAR_COORD,RANGEEDGES,RANGEEDGES_WINDOW_COORDINATE_MATCH,2002-10-01 00:00:00; 2002-11-01 00:00:00,2002-10-01 00:00:00,"esquema=lead1_igual_mes_inicializacao, representação=NMME_HARMONIZED_MONTHLY",Fazendas_Sinobras_Centroide
2002-11,NOAA_NCEP,CFSv2,2002-11,1,0.5,2002-11,OK,"L.attrs contém termo(s) ['forecast_period'] — indica semântica de lead/target, mas isso sozinho não confirma o valor exato de H1 sem uma variável auxiliar de data-alvo. | nenhuma variável auxiliar de data-alvo (('target', 'valid_time', 'target_month', 'forecast_time')) encontrada no dataset aberto — tentando Método B (semântica documentada do eixo forecast_period, Seção 4). | confirmado pela semântica documentada do eixo forecast_period (Método B, Seção 4/6): inicialização confirmada via SCALAR_COORD_ON_VARIABLE (status=OK_SCALAR_COORD), L.standard_name='forecast_period'/units='months', grade [0.5, 1.5, 2.5, 3.5, 4.5, 5.5] mensal confirmada, rota com forecast_period_semantics_documented=True.",CONFIRMED_BY_FORECAST_PERIOD_SEMANTICS,SCALAR_COORD_ON_VARIABLE,2002-11,2002-11,1,OK_SCALAR_COORD,RANGEEDGES,RANGEEDGES_WINDOW_COORDINATE_MATCH,2002-11-01 00:00:00; 2002-12-01 00:00:00,2002-11-01 00:00:00,"esquema=lead1_igual_mes_inicializacao, representação=NMME_HARMONIZED_MONTHLY",Fazendas_Sinobras_Centroide
2002-11,NOAA_NCEP,CFSv2,2002-11,2,1.5,2002-12,OK,"L.attrs contém termo(s) ['forecast_period'] — indica semântica de lead/target, mas isso sozinho não confirma o valor exato de H2 sem uma variável auxiliar de data-alvo. | nenhuma variável auxiliar de data-alvo (('target', 'valid_time', 'target_month', 'forecast_time')) encontrada no dataset aberto — tentando Método B (semântica documentada do eixo forecast_period, Seção 4). | confirmado pela semântica documentada do eixo forecast_period (Método B, Seção 4/6): inicialização confirmada via SCALAR_COORD_ON_VARIABLE (status=OK_SCALAR_COORD), L.standard_name='forecast_period'/units='months', grade [0.5, 1.5, 2.5, 3.5, 4.5, 5.5] mensal confirmada, rota com forecast_period_semantics_documented=True.",CONFIRMED_BY_FORECAST_PERIOD_SEMANTICS,SCALAR_COORD_ON_VARIABLE,2002-11,2002-11,1,OK_SCALAR_COORD,RANGEEDGES,RANGEEDGES_WINDOW_COORDINATE_MATCH,2002-11-01 00:00:00; 2002-12-01 00:00:00,2002-11-01 00:00:00,"esquema=lead1_igual_mes_inicializacao, representação=NMME_HARMONIZED_MONTHLY",Fazendas_Sinobras_Centroide
2002-11,NOAA_NCEP,CFSv2,2002-11,3,2.5,2003-01,OK,"L.attrs contém termo(s) ['forecast_period'] — indica semântica de lead/target, mas isso sozinho não confirma o valor exato de H3 sem uma variável auxiliar de data-alvo. | nenhuma variável auxiliar de data-alvo (('target', 'valid_time', 'target_month', 'forecast_time')) encontrada no dataset aberto — tentando Método B (semântica documentada do eixo forecast_period, Seção 4). | confirmado pela semântica documentada do eixo forecast_period (Método B, Seção 4/6): inicialização confirmada via SCALAR_COORD_ON_VARIABLE (status=OK_SCALAR_COORD), L.standard_name='forecast_period'/units='months', grade [0.5, 1.5, 2.5, 3.5, 4.5, 5.5] mensal confirmada, rota com forecast_period_semantics_documented=True.",CONFIRMED_BY_FORECAST_PERIOD_SEMANTICS,SCALAR_COORD_ON_VARIABLE,2002-11,2002-11,1,OK_SCALAR_COORD,RANGEEDGES,RANGEEDGES_WINDOW_COORDINATE_MATCH,2002-11-01 00:00:00; 2002-12-01 00:00:00,2002-11-01 00:00:00,"esquema=lead1_igual_mes_inicializacao, representação=NMME_HARMONIZED_MONTHLY",Fazendas_Sinobras_Centroide
2002-11,NOAA_NCEP,CFSv2,2002-11,4,3.5,2003-02,OK,"L.attrs contém termo(s) ['forecast_period'] — indica semântica de lead/target, mas isso sozinho não confirma o valor exato de H4 sem uma variável auxiliar de data-alvo. | nenhuma variável auxiliar de data-alvo (('target', 'valid_time', 'target_month', 'forecast_time')) encontrada no dataset aberto — tentando Método B (semântica documentada do eixo forecast_period, Seção 4). | confirmado pela semântica documentada do eixo forecast_period (Método B, Seção 4/6): inicialização confirmada via SCALAR_COORD_ON_VARIABLE (status=OK_SCALAR_COORD), L.standard_name='forecast_period'/units='months', grade [0.5, 1.5, 2.5, 3.5, 4.5, 5.5] mensal confirmada, rota com forecast_period_semantics_documented=True.",CONFIRMED_BY_FORECAST_PERIOD_SEMANTICS,SCALAR_COORD_ON_VARIABLE,2002-11,2002-11,1,OK_SCALAR_COORD,RANGEEDGES,RANGEEDGES_WINDOW_COORDINATE_MATCH,2002-11-01 00:00:00; 2002-12-01 00:00:00,2002-11-01 00:00:00,"esquema=lead1_igual_mes_inicializacao, representação=NMME_HARMONIZED_MONTHLY",Fazendas_Sinobras_Centroide
2002-11,NOAA_NCEP,CFSv2,2002-11,5,4.5,2003-03,OK,"L.attrs contém termo(s) ['forecast_period'] — indica semântica de lead/target, mas isso sozinho não confirma o valor exato de H5 sem uma variável auxiliar de data-alvo. | nenhuma variável auxiliar de data-alvo (('target', 'valid_time', 'target_month', 'forecast_time')) encontrada no dataset aberto — tentando Método B (semântica documentada do eixo forecast_period, Seção 4). | confirmado pela semântica documentada do eixo forecast_period (Método B, Seção 4/6): inicialização confirmada via SCALAR_COORD_ON_VARIABLE (status=OK_SCALAR_COORD), L.standard_name='forecast_period'/units='months', grade [0.5, 1.5, 2.5, 3.5, 4.5, 5.5] mensal confirmada, rota com forecast_period_semantics_documented=True.",CONFIRMED_BY_FORECAST_PERIOD_SEMANTICS,SCALAR_COORD_ON_VARIABLE,2002-11,2002-11,1,OK_SCALAR_COORD,RANGEEDGES,RANGEEDGES_WINDOW_COORDINATE_MATCH,2002-11-01 00:00:00; 2002-12-01 00:00:00,2002-11-01 00:00:00,"esquema=lead1_igual_mes_inicializacao, representação=NMME_HARMONIZED_MONTHLY",Fazendas_Sinobras_Centroide
2002-11,NOAA_NCEP,CFSv2,2002-11,6,5.5,2003-04,OK,"L.attrs contém termo(s) ['forecast_period'] — indica semântica de lead/target, mas isso sozinho não confirma o valor exato de H6 sem uma variável auxiliar de data-alvo. | nenhuma variável auxiliar de data-alvo (('target', 'valid_time', 'target_month', 'forecast_time')) encontrada no dataset aberto — tentando Método B (semântica documentada do eixo forecast_period, Seção 4). | confirmado pela semântica documentada do eixo forecast_period (Método B, Seção 4/6): inicialização confirmada via SCALAR_COORD_ON_VARIABLE (status=OK_SCALAR_COORD), L.standard_name='forecast_period'/units='months', grade [0.5, 1.5, 2.5, 3.5, 4.5, 5.5] mensal confirmada, rota com forecast_period_semantics_documented=True.",CONFIRMED_BY_FORECAST_PERIOD_SEMANTICS,SCALAR_COORD_ON_VARIABLE,2002-11,2002-11,1,OK_SCALAR_COORD,RANGEEDGES,RANGEEDGES_WINDOW_COORDINATE_MATCH,2002-11-01 00:00:00; 2002-12-01 00:00:00,2002-11-01 00:00:00,"esquema=lead1_igual_mes_inicializacao, representação=NMME_HARMONIZED_MONTHLY",Fazendas_Sinobras_Centroide
2002-12,NOAA_NCEP,CFSv2,2002-12,1,0.5,2002-12,OK,"L.attrs contém termo(s) ['forecast_period'] — indica semântica de lead/target, mas isso sozinho não confirma o valor exato de H1 sem uma variável auxiliar de data-alvo. | nenhuma variável auxiliar de data-alvo (('target', 'valid_time', 'target_month', 'forecast_time')) encontrada no dataset aberto — tentando Método B (semântica documentada do eixo forecast_period, Seção 4). | confirmado pela semântica documentada do eixo forecast_period (Método B, Seção 4/6): inicialização confirmada via SCALAR_COORD_ON_VARIABLE (status=OK_SCALAR_COORD), L.standard_name='forecast_period'/units='months', grade [0.5, 1.5, 2.5, 3.5, 4.5, 5.5] mensal confirmada, rota com forecast_period_semantics_documented=True.",CONFIRMED_BY_FORECAST_PERIOD_SEMANTICS,SCALAR_COORD_ON_VARIABLE,2002-12,2002-12,1,OK_SCALAR_COORD,RANGEEDGES,RANGEEDGES_WINDOW_COORDINATE_MATCH,2002-12-01 00:00:00; 2003-01-01 00:00:00,2002-12-01 00:00:00,"esquema=lead1_igual_mes_inicializacao, representação=NMME_HARMONIZED_MONTHLY",Fazendas_Sinobras_Centroide
2002-12,NOAA_NCEP,CFSv2,2002-12,2,1.5,2003-01,OK,"L.attrs contém termo(s) ['forecast_period'] — indica semântica de lead/target, mas isso sozinho não confirma o valor exato de H2 sem uma variável auxiliar de data-alvo. | nenhuma variável auxiliar de data-alvo (('target', 'valid_time', 'target_month', 'forecast_time')) encontrada no dataset aberto — tentando Método B (semântica documentada do eixo forecast_period, Seção 4). | confirmado pela semântica documentada do eixo forecast_period (Método B, Seção 4/6): inicialização confirmada via SCALAR_COORD_ON_VARIABLE (status=OK_SCALAR_COORD), L.standard_name='forecast_period'/units='months', grade [0.5, 1.5, 2.5, 3.5, 4.5, 5.5] mensal confirmada, rota com forecast_period_semantics_documented=True.",CONFIRMED_BY_FORECAST_PERIOD_SEMANTICS,SCALAR_COORD_ON_VARIABLE,2002-12,2002-12,1,OK_SCALAR_COORD,RANGEEDGES,RANGEEDGES_WINDOW_COORDINATE_MATCH,2002-12-01 00:00:00; 2003-01-01 00:00:00,2002-12-01 00:00:00,"esquema=lead1_igual_mes_inicializacao, representação=NMME_HARMONIZED_MONTHLY",Fazendas_Sinobras_Centroide
2002-12,NOAA_NCEP,CFSv2,2002-12,3,2.5,2003-02,OK,"L.attrs contém termo(s) ['forecast_period'] — indica semântica de lead/target, mas isso sozinho não confirma o valor exato de H3 sem uma variável auxiliar de data-alvo. | nenhuma variável auxiliar de data-alvo (('target', 'valid_time', 'target_month', 'forecast_time')) encontrada no dataset aberto — tentando Método B (semântica documentada do eixo forecast_period, Seção 4). | confirmado pela semântica documentada do eixo forecast_period (Método B, Seção 4/6): inicialização confirmada via SCALAR_COORD_ON_VARIABLE (status=OK_SCALAR_COORD), L.standard_name='forecast_period'/units='months', grade [0.5, 1.5, 2.5, 3.5, 4.5, 5.5] mensal confirmada, rota com forecast_period_semantics_documented=True.",CONFIRMED_BY_FORECAST_PERIOD_SEMANTICS,SCALAR_COORD_ON_VARIABLE,2002-12,2002-12,1,OK_SCALAR_COORD,RANGEEDGES,RANGEEDGES_WINDOW_COORDINATE_MATCH,2002-12-01 00:00:00; 2003-01-01 00:00:00,2002-12-01 00:00:00,"esquema=lead1_igual_mes_inicializacao, representação=NMME_HARMONIZED_MONTHLY",Fazendas_Sinobras_Centroide
2002-12,NOAA_NCEP,CFSv2,2002-12,4,3.5,2003-03,OK,"L.attrs contém termo(s) ['forecast_period'] — indica semântica de lead/target, mas isso sozinho não confirma o valor exato de H4 sem uma variável auxiliar de data-alvo. | nenhuma variável auxiliar de data-alvo (('target', 'valid_time', 'target_month', 'forecast_time')) encontrada no dataset aberto — tentando Método B (semântica documentada do eixo forecast_period, Seção 4). | confirmado pela semântica documentada do eixo forecast_period (Método B, Seção 4/6): inicialização confirmada via SCALAR_COORD_ON_VARIABLE (status=OK_SCALAR_COORD), L.standard_name='forecast_period'/units='months', grade [0.5, 1.5, 2.5, 3.5, 4.5, 5.5] mensal confirmada, rota com forecast_period_semantics_documented=True.",CONFIRMED_BY_FORECAST_PERIOD_SEMANTICS,SCALAR_COORD_ON_VARIABLE,2002-12,2002-12,1,OK_SCALAR_COORD,RANGEEDGES,RANGEEDGES_WINDOW_COORDINATE_MATCH,2002-12-01 00:00:00; 2003-01-01 00:00:00,2002-12-01 00:00:00,"esquema=lead1_igual_mes_inicializacao, representação=NMME_HARMONIZED_MONTHLY",Fazendas_Sinobras_Centroide
2002-12,NOAA_NCEP,CFSv2,2002-12,5,4.5,2003-04,OK,"L.attrs contém termo(s) ['forecast_period'] — indica semântica de lead/target, mas isso sozinho não confirma o valor exato de H5 sem uma variável auxiliar de data-alvo. | nenhuma variável auxiliar de data-alvo (('target', 'valid_time', 'target_month', 'forecast_time')) encontrada no dataset aberto — tentando Método B (semântica documentada do eixo forecast_period, Seção 4). | confirmado pela semântica documentada do eixo forecast_period (Método B, Seção 4/6): inicialização confirmada via SCALAR_COORD_ON_VARIABLE (status=OK_SCALAR_COORD), L.standard_name='forecast_period'/units='months', grade [0.5, 1.5, 2.5, 3.5, 4.5, 5.5] mensal confirmada, rota com forecast_period_semantics_documented=True.",CONFIRMED_BY_FORECAST_PERIOD_SEMANTICS,SCALAR_COORD_ON_VARIABLE,2002-12,2002-12,1,OK_SCALAR_COORD,RANGEEDGES,RANGEEDGES_WINDOW_COORDINATE_MATCH,2002-12-01 00:00:00; 2003-01-01 00:00:00,2002-12-01 00:00:00,"esquema=lead1_igual_mes_inicializacao, representação=NMME_HARMONIZED_MONTHLY",Fazendas_Sinobras_Centroide
2002-12,NOAA_NCEP,CFSv2,2002-12,6,5.5,2003-05,OK,"L.attrs contém termo(s) ['forecast_period'] — indica semântica de lead/target, mas isso sozinho não confirma o valor exato de H6 sem uma variável auxiliar de data-alvo. | nenhuma variável auxiliar de data-alvo (('target', 'valid_time', 'target_month', 'forecast_time')) encontrada no dataset aberto — tentando Método B (semântica documentada do eixo forecast_period, Seção 4). | confirmado pela semântica documentada do eixo forecast_period (Método B, Seção 4/6): inicialização confirmada via SCALAR_COORD_ON_VARIABLE (status=OK_SCALAR_COORD), L.standard_name='forecast_period'/units='months', grade [0.5, 1.5, 2.5, 3.5, 4.5, 5.5] mensal confirmada, rota com forecast_period_semantics_documented=True.",CONFIRMED_BY_FORECAST_PERIOD_SEMANTICS,SCALAR_COORD_ON_VARIABLE,2002-12,2002-12,1,OK_SCALAR_COORD,RANGEEDGES,RANGEEDGES_WINDOW_COORDINATE_MATCH,2002-12-01 00:00:00; 2003-01-01 00:00:00,2002-12-01 00:00:00,"esquema=lead1_igual_mes_inicializacao, representação=NMME_HARMONIZED_MONTHLY",Fazendas_Sinobras_Centroide
