origem_piloto,centre,model_name,init_date,H_lead,source_L,target_month,mapping_status,evidence,mapping_confirmation_method,init_selection_method,init_value_requested,init_value_observed_on_variable,init_axis_size_observed_on_variable,init_selection_status,inicializacao_fonte_principal,inicializacao_selecao_metodo,inicializacao_selecao_valores_antes,inicializacao_selecao_valores_depois,notes,localizacao
2003-01,NOAA_NCEP,CFSv2,2003-01,1,0.5,2003-01,OK,"L.attrs contém termo(s) ['forecast_period'] — indica semântica de lead/target, mas isso sozinho não confirma o valor exato de H1 sem uma variável auxiliar de data-alvo. | nenhuma variável auxiliar de data-alvo (('target', 'valid_time', 'target_month', 'forecast_time')) encontrada no dataset aberto — tentando Método B (semântica documentada do eixo forecast_period, Seção 4). | confirmado pela semântica documentada do eixo forecast_period (Método B, Seção 4/6): inicialização confirmada via SCALAR_COORD_ON_VARIABLE (status=OK_SCALAR_COORD), L.standard_name='forecast_period'/units='months', grade [0.5, 1.5, 2.5, 3.5, 4.5, 5.5] mensal confirmada, rota com forecast_period_semantics_documented=True.",CONFIRMED_BY_FORECAST_PERIOD_SEMANTICS,SCALAR_COORD_ON_VARIABLE,2003-01,2003-01,1,OK_SCALAR_COORD,RANGEEDGES,RANGEEDGES_WINDOW_COORDINATE_MATCH,2003-01-01 00:00:00; 2003-02-01 00:00:00,2003-01-01 00:00:00,"esquema=lead1_igual_mes_inicializacao, representação=NMME_HARMONIZED_MONTHLY",Fazendas_Sinobras_Centroide
2003-01,NOAA_NCEP,CFSv2,2003-01,2,1.5,2003-02,OK,"L.attrs contém termo(s) ['forecast_period'] — indica semântica de lead/target, mas isso sozinho não confirma o valor exato de H2 sem uma variável auxiliar de data-alvo. | nenhuma variável auxiliar de data-alvo (('target', 'valid_time', 'target_month', 'forecast_time')) encontrada no dataset aberto — tentando Método B (semântica documentada do eixo forecast_period, Seção 4). | confirmado pela semântica documentada do eixo forecast_period (Método B, Seção 4/6): inicialização confirmada via SCALAR_COORD_ON_VARIABLE (status=OK_SCALAR_COORD), L.standard_name='forecast_period'/units='months', grade [0.5, 1.5, 2.5, 3.5, 4.5, 5.5] mensal confirmada, rota com forecast_period_semantics_documented=True.",CONFIRMED_BY_FORECAST_PERIOD_SEMANTICS,SCALAR_COORD_ON_VARIABLE,2003-01,2003-01,1,OK_SCALAR_COORD,RANGEEDGES,RANGEEDGES_WINDOW_COORDINATE_MATCH,2003-01-01 00:00:00; 2003-02-01 00:00:00,2003-01-01 00:00:00,"esquema=lead1_igual_mes_inicializacao, representação=NMME_HARMONIZED_MONTHLY",Fazendas_Sinobras_Centroide
2003-01,NOAA_NCEP,CFSv2,2003-01,3,2.5,2003-03,OK,"L.attrs contém termo(s) ['forecast_period'] — indica semântica de lead/target, mas isso sozinho não confirma o valor exato de H3 sem uma variável auxiliar de data-alvo. | nenhuma variável auxiliar de data-alvo (('target', 'valid_time', 'target_month', 'forecast_time')) encontrada no dataset aberto — tentando Método B (semântica documentada do eixo forecast_period, Seção 4). | confirmado pela semântica documentada do eixo forecast_period (Método B, Seção 4/6): inicialização confirmada via SCALAR_COORD_ON_VARIABLE (status=OK_SCALAR_COORD), L.standard_name='forecast_period'/units='months', grade [0.5, 1.5, 2.5, 3.5, 4.5, 5.5] mensal confirmada, rota com forecast_period_semantics_documented=True.",CONFIRMED_BY_FORECAST_PERIOD_SEMANTICS,SCALAR_COORD_ON_VARIABLE,2003-01,2003-01,1,OK_SCALAR_COORD,RANGEEDGES,RANGEEDGES_WINDOW_COORDINATE_MATCH,2003-01-01 00:00:00; 2003-02-01 00:00:00,2003-01-01 00:00:00,"esquema=lead1_igual_mes_inicializacao, representação=NMME_HARMONIZED_MONTHLY",Fazendas_Sinobras_Centroide
2003-01,NOAA_NCEP,CFSv2,2003-01,4,3.5,2003-04,OK,"L.attrs contém termo(s) ['forecast_period'] — indica semântica de lead/target, mas isso sozinho não confirma o valor exato de H4 sem uma variável auxiliar de data-alvo. | nenhuma variável auxiliar de data-alvo (('target', 'valid_time', 'target_month', 'forecast_time')) encontrada no dataset aberto — tentando Método B (semântica documentada do eixo forecast_period, Seção 4). | confirmado pela semântica documentada do eixo forecast_period (Método B, Seção 4/6): inicialização confirmada via SCALAR_COORD_ON_VARIABLE (status=OK_SCALAR_COORD), L.standard_name='forecast_period'/units='months', grade [0.5, 1.5, 2.5, 3.5, 4.5, 5.5] mensal confirmada, rota com forecast_period_semantics_documented=True.",CONFIRMED_BY_FORECAST_PERIOD_SEMANTICS,SCALAR_COORD_ON_VARIABLE,2003-01,2003-01,1,OK_SCALAR_COORD,RANGEEDGES,RANGEEDGES_WINDOW_COORDINATE_MATCH,2003-01-01 00:00:00; 2003-02-01 00:00:00,2003-01-01 00:00:00,"esquema=lead1_igual_mes_inicializacao, representação=NMME_HARMONIZED_MONTHLY",Fazendas_Sinobras_Centroide
2003-01,NOAA_NCEP,CFSv2,2003-01,5,4.5,2003-05,OK,"L.attrs contém termo(s) ['forecast_period'] — indica semântica de lead/target, mas isso sozinho não confirma o valor exato de H5 sem uma variável auxiliar de data-alvo. | nenhuma variável auxiliar de data-alvo (('target', 'valid_time', 'target_month', 'forecast_time')) encontrada no dataset aberto — tentando Método B (semântica documentada do eixo forecast_period, Seção 4). | confirmado pela semântica documentada do eixo forecast_period (Método B, Seção 4/6): inicialização confirmada via SCALAR_COORD_ON_VARIABLE (status=OK_SCALAR_COORD), L.standard_name='forecast_period'/units='months', grade [0.5, 1.5, 2.5, 3.5, 4.5, 5.5] mensal confirmada, rota com forecast_period_semantics_documented=True.",CONFIRMED_BY_FORECAST_PERIOD_SEMANTICS,SCALAR_COORD_ON_VARIABLE,2003-01,2003-01,1,OK_SCALAR_COORD,RANGEEDGES,RANGEEDGES_WINDOW_COORDINATE_MATCH,2003-01-01 00:00:00; 2003-02-01 00:00:00,2003-01-01 00:00:00,"esquema=lead1_igual_mes_inicializacao, representação=NMME_HARMONIZED_MONTHLY",Fazendas_Sinobras_Centroide
2003-01,NOAA_NCEP,CFSv2,2003-01,6,5.5,2003-06,OK,"L.attrs contém termo(s) ['forecast_period'] — indica semântica de lead/target, mas isso sozinho não confirma o valor exato de H6 sem uma variável auxiliar de data-alvo. | nenhuma variável auxiliar de data-alvo (('target', 'valid_time', 'target_month', 'forecast_time')) encontrada no dataset aberto — tentando Método B (semântica documentada do eixo forecast_period, Seção 4). | confirmado pela semântica documentada do eixo forecast_period (Método B, Seção 4/6): inicialização confirmada via SCALAR_COORD_ON_VARIABLE (status=OK_SCALAR_COORD), L.standard_name='forecast_period'/units='months', grade [0.5, 1.5, 2.5, 3.5, 4.5, 5.5] mensal confirmada, rota com forecast_period_semantics_documented=True.",CONFIRMED_BY_FORECAST_PERIOD_SEMANTICS,SCALAR_COORD_ON_VARIABLE,2003-01,2003-01,1,OK_SCALAR_COORD,RANGEEDGES,RANGEEDGES_WINDOW_COORDINATE_MATCH,2003-01-01 00:00:00; 2003-02-01 00:00:00,2003-01-01 00:00:00,"esquema=lead1_igual_mes_inicializacao, representação=NMME_HARMONIZED_MONTHLY",Fazendas_Sinobras_Centroide
2003-02,NOAA_NCEP,CFSv2,2003-02,1,0.5,2003-02,OK,"L.attrs contém termo(s) ['forecast_period'] — indica semântica de lead/target, mas isso sozinho não confirma o valor exato de H1 sem uma variável auxiliar de data-alvo. | nenhuma variável auxiliar de data-alvo (('target', 'valid_time', 'target_month', 'forecast_time')) encontrada no dataset aberto — tentando Método B (semântica documentada do eixo forecast_period, Seção 4). | confirmado pela semântica documentada do eixo forecast_period (Método B, Seção 4/6): inicialização confirmada via SCALAR_COORD_ON_VARIABLE (status=OK_SCALAR_COORD), L.standard_name='forecast_period'/units='months', grade [0.5, 1.5, 2.5, 3.5, 4.5, 5.5] mensal confirmada, rota com forecast_period_semantics_documented=True.",CONFIRMED_BY_FORECAST_PERIOD_SEMANTICS,SCALAR_COORD_ON_VARIABLE,2003-02,2003-02,1,OK_SCALAR_COORD,RANGEEDGES,RANGEEDGES_WINDOW_COORDINATE_MATCH,2003-02-01 00:00:00; 2003-03-01 00:00:00,2003-02-01 00:00:00,"esquema=lead1_igual_mes_inicializacao, representação=NMME_HARMONIZED_MONTHLY",Fazendas_Sinobras_Centroide
2003-02,NOAA_NCEP,CFSv2,2003-02,2,1.5,2003-03,OK,"L.attrs contém termo(s) ['forecast_period'] — indica semântica de lead/target, mas isso sozinho não confirma o valor exato de H2 sem uma variável auxiliar de data-alvo. | nenhuma variável auxiliar de data-alvo (('target', 'valid_time', 'target_month', 'forecast_time')) encontrada no dataset aberto — tentando Método B (semântica documentada do eixo forecast_period, Seção 4). | confirmado pela semântica documentada do eixo forecast_period (Método B, Seção 4/6): inicialização confirmada via SCALAR_COORD_ON_VARIABLE (status=OK_SCALAR_COORD), L.standard_name='forecast_period'/units='months', grade [0.5, 1.5, 2.5, 3.5, 4.5, 5.5] mensal confirmada, rota com forecast_period_semantics_documented=True.",CONFIRMED_BY_FORECAST_PERIOD_SEMANTICS,SCALAR_COORD_ON_VARIABLE,2003-02,2003-02,1,OK_SCALAR_COORD,RANGEEDGES,RANGEEDGES_WINDOW_COORDINATE_MATCH,2003-02-01 00:00:00; 2003-03-01 00:00:00,2003-02-01 00:00:00,"esquema=lead1_igual_mes_inicializacao, representação=NMME_HARMONIZED_MONTHLY",Fazendas_Sinobras_Centroide
2003-02,NOAA_NCEP,CFSv2,2003-02,3,2.5,2003-04,OK,"L.attrs contém termo(s) ['forecast_period'] — indica semântica de lead/target, mas isso sozinho não confirma o valor exato de H3 sem uma variável auxiliar de data-alvo. | nenhuma variável auxiliar de data-alvo (('target', 'valid_time', 'target_month', 'forecast_time')) encontrada no dataset aberto — tentando Método B (semântica documentada do eixo forecast_period, Seção 4). | confirmado pela semântica documentada do eixo forecast_period (Método B, Seção 4/6): inicialização confirmada via SCALAR_COORD_ON_VARIABLE (status=OK_SCALAR_COORD), L.standard_name='forecast_period'/units='months', grade [0.5, 1.5, 2.5, 3.5, 4.5, 5.5] mensal confirmada, rota com forecast_period_semantics_documented=True.",CONFIRMED_BY_FORECAST_PERIOD_SEMANTICS,SCALAR_COORD_ON_VARIABLE,2003-02,2003-02,1,OK_SCALAR_COORD,RANGEEDGES,RANGEEDGES_WINDOW_COORDINATE_MATCH,2003-02-01 00:00:00; 2003-03-01 00:00:00,2003-02-01 00:00:00,"esquema=lead1_igual_mes_inicializacao, representação=NMME_HARMONIZED_MONTHLY",Fazendas_Sinobras_Centroide
2003-02,NOAA_NCEP,CFSv2,2003-02,4,3.5,2003-05,OK,"L.attrs contém termo(s) ['forecast_period'] — indica semântica de lead/target, mas isso sozinho não confirma o valor exato de H4 sem uma variável auxiliar de data-alvo. | nenhuma variável auxiliar de data-alvo (('target', 'valid_time', 'target_month', 'forecast_time')) encontrada no dataset aberto — tentando Método B (semântica documentada do eixo forecast_period, Seção 4). | confirmado pela semântica documentada do eixo forecast_period (Método B, Seção 4/6): inicialização confirmada via SCALAR_COORD_ON_VARIABLE (status=OK_SCALAR_COORD), L.standard_name='forecast_period'/units='months', grade [0.5, 1.5, 2.5, 3.5, 4.5, 5.5] mensal confirmada, rota com forecast_period_semantics_documented=True.",CONFIRMED_BY_FORECAST_PERIOD_SEMANTICS,SCALAR_COORD_ON_VARIABLE,2003-02,2003-02,1,OK_SCALAR_COORD,RANGEEDGES,RANGEEDGES_WINDOW_COORDINATE_MATCH,2003-02-01 00:00:00; 2003-03-01 00:00:00,2003-02-01 00:00:00,"esquema=lead1_igual_mes_inicializacao, representação=NMME_HARMONIZED_MONTHLY",Fazendas_Sinobras_Centroide
2003-02,NOAA_NCEP,CFSv2,2003-02,5,4.5,2003-06,OK,"L.attrs contém termo(s) ['forecast_period'] — indica semântica de lead/target, mas isso sozinho não confirma o valor exato de H5 sem uma variável auxiliar de data-alvo. | nenhuma variável auxiliar de data-alvo (('target', 'valid_time', 'target_month', 'forecast_time')) encontrada no dataset aberto — tentando Método B (semântica documentada do eixo forecast_period, Seção 4). | confirmado pela semântica documentada do eixo forecast_period (Método B, Seção 4/6): inicialização confirmada via SCALAR_COORD_ON_VARIABLE (status=OK_SCALAR_COORD), L.standard_name='forecast_period'/units='months', grade [0.5, 1.5, 2.5, 3.5, 4.5, 5.5] mensal confirmada, rota com forecast_period_semantics_documented=True.",CONFIRMED_BY_FORECAST_PERIOD_SEMANTICS,SCALAR_COORD_ON_VARIABLE,2003-02,2003-02,1,OK_SCALAR_COORD,RANGEEDGES,RANGEEDGES_WINDOW_COORDINATE_MATCH,2003-02-01 00:00:00; 2003-03-01 00:00:00,2003-02-01 00:00:00,"esquema=lead1_igual_mes_inicializacao, representação=NMME_HARMONIZED_MONTHLY",Fazendas_Sinobras_Centroide
2003-02,NOAA_NCEP,CFSv2,2003-02,6,5.5,2003-07,OK,"L.attrs contém termo(s) ['forecast_period'] — indica semântica de lead/target, mas isso sozinho não confirma o valor exato de H6 sem uma variável auxiliar de data-alvo. | nenhuma variável auxiliar de data-alvo (('target', 'valid_time', 'target_month', 'forecast_time')) encontrada no dataset aberto — tentando Método B (semântica documentada do eixo forecast_period, Seção 4). | confirmado pela semântica documentada do eixo forecast_period (Método B, Seção 4/6): inicialização confirmada via SCALAR_COORD_ON_VARIABLE (status=OK_SCALAR_COORD), L.standard_name='forecast_period'/units='months', grade [0.5, 1.5, 2.5, 3.5, 4.5, 5.5] mensal confirmada, rota com forecast_period_semantics_documented=True.",CONFIRMED_BY_FORECAST_PERIOD_SEMANTICS,SCALAR_COORD_ON_VARIABLE,2003-02,2003-02,1,OK_SCALAR_COORD,RANGEEDGES,RANGEEDGES_WINDOW_COORDINATE_MATCH,2003-02-01 00:00:00; 2003-03-01 00:00:00,2003-02-01 00:00:00,"esquema=lead1_igual_mes_inicializacao, representação=NMME_HARMONIZED_MONTHLY",Fazendas_Sinobras_Centroide
2003-03,NOAA_NCEP,CFSv2,2003-03,1,0.5,2003-03,OK,"L.attrs contém termo(s) ['forecast_period'] — indica semântica de lead/target, mas isso sozinho não confirma o valor exato de H1 sem uma variável auxiliar de data-alvo. | nenhuma variável auxiliar de data-alvo (('target', 'valid_time', 'target_month', 'forecast_time')) encontrada no dataset aberto — tentando Método B (semântica documentada do eixo forecast_period, Seção 4). | confirmado pela semântica documentada do eixo forecast_period (Método B, Seção 4/6): inicialização confirmada via SCALAR_COORD_ON_VARIABLE (status=OK_SCALAR_COORD), L.standard_name='forecast_period'/units='months', grade [0.5, 1.5, 2.5, 3.5, 4.5, 5.5] mensal confirmada, rota com forecast_period_semantics_documented=True.",CONFIRMED_BY_FORECAST_PERIOD_SEMANTICS,SCALAR_COORD_ON_VARIABLE,2003-03,2003-03,1,OK_SCALAR_COORD,RANGEEDGES,RANGEEDGES_WINDOW_COORDINATE_MATCH,2003-03-01 00:00:00; 2003-04-01 00:00:00,2003-03-01 00:00:00,"esquema=lead1_igual_mes_inicializacao, representação=NMME_HARMONIZED_MONTHLY",Fazendas_Sinobras_Centroide
2003-03,NOAA_NCEP,CFSv2,2003-03,2,1.5,2003-04,OK,"L.attrs contém termo(s) ['forecast_period'] — indica semântica de lead/target, mas isso sozinho não confirma o valor exato de H2 sem uma variável auxiliar de data-alvo. | nenhuma variável auxiliar de data-alvo (('target', 'valid_time', 'target_month', 'forecast_time')) encontrada no dataset aberto — tentando Método B (semântica documentada do eixo forecast_period, Seção 4). | confirmado pela semântica documentada do eixo forecast_period (Método B, Seção 4/6): inicialização confirmada via SCALAR_COORD_ON_VARIABLE (status=OK_SCALAR_COORD), L.standard_name='forecast_period'/units='months', grade [0.5, 1.5, 2.5, 3.5, 4.5, 5.5] mensal confirmada, rota com forecast_period_semantics_documented=True.",CONFIRMED_BY_FORECAST_PERIOD_SEMANTICS,SCALAR_COORD_ON_VARIABLE,2003-03,2003-03,1,OK_SCALAR_COORD,RANGEEDGES,RANGEEDGES_WINDOW_COORDINATE_MATCH,2003-03-01 00:00:00; 2003-04-01 00:00:00,2003-03-01 00:00:00,"esquema=lead1_igual_mes_inicializacao, representação=NMME_HARMONIZED_MONTHLY",Fazendas_Sinobras_Centroide
2003-03,NOAA_NCEP,CFSv2,2003-03,3,2.5,2003-05,OK,"L.attrs contém termo(s) ['forecast_period'] — indica semântica de lead/target, mas isso sozinho não confirma o valor exato de H3 sem uma variável auxiliar de data-alvo. | nenhuma variável auxiliar de data-alvo (('target', 'valid_time', 'target_month', 'forecast_time')) encontrada no dataset aberto — tentando Método B (semântica documentada do eixo forecast_period, Seção 4). | confirmado pela semântica documentada do eixo forecast_period (Método B, Seção 4/6): inicialização confirmada via SCALAR_COORD_ON_VARIABLE (status=OK_SCALAR_COORD), L.standard_name='forecast_period'/units='months', grade [0.5, 1.5, 2.5, 3.5, 4.5, 5.5] mensal confirmada, rota com forecast_period_semantics_documented=True.",CONFIRMED_BY_FORECAST_PERIOD_SEMANTICS,SCALAR_COORD_ON_VARIABLE,2003-03,2003-03,1,OK_SCALAR_COORD,RANGEEDGES,RANGEEDGES_WINDOW_COORDINATE_MATCH,2003-03-01 00:00:00; 2003-04-01 00:00:00,2003-03-01 00:00:00,"esquema=lead1_igual_mes_inicializacao, representação=NMME_HARMONIZED_MONTHLY",Fazendas_Sinobras_Centroide
2003-03,NOAA_NCEP,CFSv2,2003-03,4,3.5,2003-06,OK,"L.attrs contém termo(s) ['forecast_period'] — indica semântica de lead/target, mas isso sozinho não confirma o valor exato de H4 sem uma variável auxiliar de data-alvo. | nenhuma variável auxiliar de data-alvo (('target', 'valid_time', 'target_month', 'forecast_time')) encontrada no dataset aberto — tentando Método B (semântica documentada do eixo forecast_period, Seção 4). | confirmado pela semântica documentada do eixo forecast_period (Método B, Seção 4/6): inicialização confirmada via SCALAR_COORD_ON_VARIABLE (status=OK_SCALAR_COORD), L.standard_name='forecast_period'/units='months', grade [0.5, 1.5, 2.5, 3.5, 4.5, 5.5] mensal confirmada, rota com forecast_period_semantics_documented=True.",CONFIRMED_BY_FORECAST_PERIOD_SEMANTICS,SCALAR_COORD_ON_VARIABLE,2003-03,2003-03,1,OK_SCALAR_COORD,RANGEEDGES,RANGEEDGES_WINDOW_COORDINATE_MATCH,2003-03-01 00:00:00; 2003-04-01 00:00:00,2003-03-01 00:00:00,"esquema=lead1_igual_mes_inicializacao, representação=NMME_HARMONIZED_MONTHLY",Fazendas_Sinobras_Centroide
2003-03,NOAA_NCEP,CFSv2,2003-03,5,4.5,2003-07,OK,"L.attrs contém termo(s) ['forecast_period'] — indica semântica de lead/target, mas isso sozinho não confirma o valor exato de H5 sem uma variável auxiliar de data-alvo. | nenhuma variável auxiliar de data-alvo (('target', 'valid_time', 'target_month', 'forecast_time')) encontrada no dataset aberto — tentando Método B (semântica documentada do eixo forecast_period, Seção 4). | confirmado pela semântica documentada do eixo forecast_period (Método B, Seção 4/6): inicialização confirmada via SCALAR_COORD_ON_VARIABLE (status=OK_SCALAR_COORD), L.standard_name='forecast_period'/units='months', grade [0.5, 1.5, 2.5, 3.5, 4.5, 5.5] mensal confirmada, rota com forecast_period_semantics_documented=True.",CONFIRMED_BY_FORECAST_PERIOD_SEMANTICS,SCALAR_COORD_ON_VARIABLE,2003-03,2003-03,1,OK_SCALAR_COORD,RANGEEDGES,RANGEEDGES_WINDOW_COORDINATE_MATCH,2003-03-01 00:00:00; 2003-04-01 00:00:00,2003-03-01 00:00:00,"esquema=lead1_igual_mes_inicializacao, representação=NMME_HARMONIZED_MONTHLY",Fazendas_Sinobras_Centroide
2003-03,NOAA_NCEP,CFSv2,2003-03,6,5.5,2003-08,OK,"L.attrs contém termo(s) ['forecast_period'] — indica semântica de lead/target, mas isso sozinho não confirma o valor exato de H6 sem uma variável auxiliar de data-alvo. | nenhuma variável auxiliar de data-alvo (('target', 'valid_time', 'target_month', 'forecast_time')) encontrada no dataset aberto — tentando Método B (semântica documentada do eixo forecast_period, Seção 4). | confirmado pela semântica documentada do eixo forecast_period (Método B, Seção 4/6): inicialização confirmada via SCALAR_COORD_ON_VARIABLE (status=OK_SCALAR_COORD), L.standard_name='forecast_period'/units='months', grade [0.5, 1.5, 2.5, 3.5, 4.5, 5.5] mensal confirmada, rota com forecast_period_semantics_documented=True.",CONFIRMED_BY_FORECAST_PERIOD_SEMANTICS,SCALAR_COORD_ON_VARIABLE,2003-03,2003-03,1,OK_SCALAR_COORD,RANGEEDGES,RANGEEDGES_WINDOW_COORDINATE_MATCH,2003-03-01 00:00:00; 2003-04-01 00:00:00,2003-03-01 00:00:00,"esquema=lead1_igual_mes_inicializacao, representação=NMME_HARMONIZED_MONTHLY",Fazendas_Sinobras_Centroide
2003-04,NOAA_NCEP,CFSv2,2003-04,1,0.5,2003-04,OK,"L.attrs contém termo(s) ['forecast_period'] — indica semântica de lead/target, mas isso sozinho não confirma o valor exato de H1 sem uma variável auxiliar de data-alvo. | nenhuma variável auxiliar de data-alvo (('target', 'valid_time', 'target_month', 'forecast_time')) encontrada no dataset aberto — tentando Método B (semântica documentada do eixo forecast_period, Seção 4). | confirmado pela semântica documentada do eixo forecast_period (Método B, Seção 4/6): inicialização confirmada via SCALAR_COORD_ON_VARIABLE (status=OK_SCALAR_COORD), L.standard_name='forecast_period'/units='months', grade [0.5, 1.5, 2.5, 3.5, 4.5, 5.5] mensal confirmada, rota com forecast_period_semantics_documented=True.",CONFIRMED_BY_FORECAST_PERIOD_SEMANTICS,SCALAR_COORD_ON_VARIABLE,2003-04,2003-04,1,OK_SCALAR_COORD,RANGEEDGES,RANGEEDGES_WINDOW_COORDINATE_MATCH,2003-04-01 00:00:00; 2003-05-01 00:00:00,2003-04-01 00:00:00,"esquema=lead1_igual_mes_inicializacao, representação=NMME_HARMONIZED_MONTHLY",Fazendas_Sinobras_Centroide
2003-04,NOAA_NCEP,CFSv2,2003-04,2,1.5,2003-05,OK,"L.attrs contém termo(s) ['forecast_period'] — indica semântica de lead/target, mas isso sozinho não confirma o valor exato de H2 sem uma variável auxiliar de data-alvo. | nenhuma variável auxiliar de data-alvo (('target', 'valid_time', 'target_month', 'forecast_time')) encontrada no dataset aberto — tentando Método B (semântica documentada do eixo forecast_period, Seção 4). | confirmado pela semântica documentada do eixo forecast_period (Método B, Seção 4/6): inicialização confirmada via SCALAR_COORD_ON_VARIABLE (status=OK_SCALAR_COORD), L.standard_name='forecast_period'/units='months', grade [0.5, 1.5, 2.5, 3.5, 4.5, 5.5] mensal confirmada, rota com forecast_period_semantics_documented=True.",CONFIRMED_BY_FORECAST_PERIOD_SEMANTICS,SCALAR_COORD_ON_VARIABLE,2003-04,2003-04,1,OK_SCALAR_COORD,RANGEEDGES,RANGEEDGES_WINDOW_COORDINATE_MATCH,2003-04-01 00:00:00; 2003-05-01 00:00:00,2003-04-01 00:00:00,"esquema=lead1_igual_mes_inicializacao, representação=NMME_HARMONIZED_MONTHLY",Fazendas_Sinobras_Centroide
2003-04,NOAA_NCEP,CFSv2,2003-04,3,2.5,2003-06,OK,"L.attrs contém termo(s) ['forecast_period'] — indica semântica de lead/target, mas isso sozinho não confirma o valor exato de H3 sem uma variável auxiliar de data-alvo. | nenhuma variável auxiliar de data-alvo (('target', 'valid_time', 'target_month', 'forecast_time')) encontrada no dataset aberto — tentando Método B (semântica documentada do eixo forecast_period, Seção 4). | confirmado pela semântica documentada do eixo forecast_period (Método B, Seção 4/6): inicialização confirmada via SCALAR_COORD_ON_VARIABLE (status=OK_SCALAR_COORD), L.standard_name='forecast_period'/units='months', grade [0.5, 1.5, 2.5, 3.5, 4.5, 5.5] mensal confirmada, rota com forecast_period_semantics_documented=True.",CONFIRMED_BY_FORECAST_PERIOD_SEMANTICS,SCALAR_COORD_ON_VARIABLE,2003-04,2003-04,1,OK_SCALAR_COORD,RANGEEDGES,RANGEEDGES_WINDOW_COORDINATE_MATCH,2003-04-01 00:00:00; 2003-05-01 00:00:00,2003-04-01 00:00:00,"esquema=lead1_igual_mes_inicializacao, representação=NMME_HARMONIZED_MONTHLY",Fazendas_Sinobras_Centroide
2003-04,NOAA_NCEP,CFSv2,2003-04,4,3.5,2003-07,OK,"L.attrs contém termo(s) ['forecast_period'] — indica semântica de lead/target, mas isso sozinho não confirma o valor exato de H4 sem uma variável auxiliar de data-alvo. | nenhuma variável auxiliar de data-alvo (('target', 'valid_time', 'target_month', 'forecast_time')) encontrada no dataset aberto — tentando Método B (semântica documentada do eixo forecast_period, Seção 4). | confirmado pela semântica documentada do eixo forecast_period (Método B, Seção 4/6): inicialização confirmada via SCALAR_COORD_ON_VARIABLE (status=OK_SCALAR_COORD), L.standard_name='forecast_period'/units='months', grade [0.5, 1.5, 2.5, 3.5, 4.5, 5.5] mensal confirmada, rota com forecast_period_semantics_documented=True.",CONFIRMED_BY_FORECAST_PERIOD_SEMANTICS,SCALAR_COORD_ON_VARIABLE,2003-04,2003-04,1,OK_SCALAR_COORD,RANGEEDGES,RANGEEDGES_WINDOW_COORDINATE_MATCH,2003-04-01 00:00:00; 2003-05-01 00:00:00,2003-04-01 00:00:00,"esquema=lead1_igual_mes_inicializacao, representação=NMME_HARMONIZED_MONTHLY",Fazendas_Sinobras_Centroide
2003-04,NOAA_NCEP,CFSv2,2003-04,5,4.5,2003-08,OK,"L.attrs contém termo(s) ['forecast_period'] — indica semântica de lead/target, mas isso sozinho não confirma o valor exato de H5 sem uma variável auxiliar de data-alvo. | nenhuma variável auxiliar de data-alvo (('target', 'valid_time', 'target_month', 'forecast_time')) encontrada no dataset aberto — tentando Método B (semântica documentada do eixo forecast_period, Seção 4). | confirmado pela semântica documentada do eixo forecast_period (Método B, Seção 4/6): inicialização confirmada via SCALAR_COORD_ON_VARIABLE (status=OK_SCALAR_COORD), L.standard_name='forecast_period'/units='months', grade [0.5, 1.5, 2.5, 3.5, 4.5, 5.5] mensal confirmada, rota com forecast_period_semantics_documented=True.",CONFIRMED_BY_FORECAST_PERIOD_SEMANTICS,SCALAR_COORD_ON_VARIABLE,2003-04,2003-04,1,OK_SCALAR_COORD,RANGEEDGES,RANGEEDGES_WINDOW_COORDINATE_MATCH,2003-04-01 00:00:00; 2003-05-01 00:00:00,2003-04-01 00:00:00,"esquema=lead1_igual_mes_inicializacao, representação=NMME_HARMONIZED_MONTHLY",Fazendas_Sinobras_Centroide
2003-04,NOAA_NCEP,CFSv2,2003-04,6,5.5,2003-09,OK,"L.attrs contém termo(s) ['forecast_period'] — indica semântica de lead/target, mas isso sozinho não confirma o valor exato de H6 sem uma variável auxiliar de data-alvo. | nenhuma variável auxiliar de data-alvo (('target', 'valid_time', 'target_month', 'forecast_time')) encontrada no dataset aberto — tentando Método B (semântica documentada do eixo forecast_period, Seção 4). | confirmado pela semântica documentada do eixo forecast_period (Método B, Seção 4/6): inicialização confirmada via SCALAR_COORD_ON_VARIABLE (status=OK_SCALAR_COORD), L.standard_name='forecast_period'/units='months', grade [0.5, 1.5, 2.5, 3.5, 4.5, 5.5] mensal confirmada, rota com forecast_period_semantics_documented=True.",CONFIRMED_BY_FORECAST_PERIOD_SEMANTICS,SCALAR_COORD_ON_VARIABLE,2003-04,2003-04,1,OK_SCALAR_COORD,RANGEEDGES,RANGEEDGES_WINDOW_COORDINATE_MATCH,2003-04-01 00:00:00; 2003-05-01 00:00:00,2003-04-01 00:00:00,"esquema=lead1_igual_mes_inicializacao, representação=NMME_HARMONIZED_MONTHLY",Fazendas_Sinobras_Centroide
2003-05,NOAA_NCEP,CFSv2,2003-05,1,0.5,2003-05,OK,"L.attrs contém termo(s) ['forecast_period'] — indica semântica de lead/target, mas isso sozinho não confirma o valor exato de H1 sem uma variável auxiliar de data-alvo. | nenhuma variável auxiliar de data-alvo (('target', 'valid_time', 'target_month', 'forecast_time')) encontrada no dataset aberto — tentando Método B (semântica documentada do eixo forecast_period, Seção 4). | confirmado pela semântica documentada do eixo forecast_period (Método B, Seção 4/6): inicialização confirmada via SCALAR_COORD_ON_VARIABLE (status=OK_SCALAR_COORD), L.standard_name='forecast_period'/units='months', grade [0.5, 1.5, 2.5, 3.5, 4.5, 5.5] mensal confirmada, rota com forecast_period_semantics_documented=True.",CONFIRMED_BY_FORECAST_PERIOD_SEMANTICS,SCALAR_COORD_ON_VARIABLE,2003-05,2003-05,1,OK_SCALAR_COORD,RANGEEDGES,RANGEEDGES_WINDOW_COORDINATE_MATCH,2003-05-01 00:00:00; 2003-06-01 00:00:00,2003-05-01 00:00:00,"esquema=lead1_igual_mes_inicializacao, representação=NMME_HARMONIZED_MONTHLY",Fazendas_Sinobras_Centroide
2003-05,NOAA_NCEP,CFSv2,2003-05,2,1.5,2003-06,OK,"L.attrs contém termo(s) ['forecast_period'] — indica semântica de lead/target, mas isso sozinho não confirma o valor exato de H2 sem uma variável auxiliar de data-alvo. | nenhuma variável auxiliar de data-alvo (('target', 'valid_time', 'target_month', 'forecast_time')) encontrada no dataset aberto — tentando Método B (semântica documentada do eixo forecast_period, Seção 4). | confirmado pela semântica documentada do eixo forecast_period (Método B, Seção 4/6): inicialização confirmada via SCALAR_COORD_ON_VARIABLE (status=OK_SCALAR_COORD), L.standard_name='forecast_period'/units='months', grade [0.5, 1.5, 2.5, 3.5, 4.5, 5.5] mensal confirmada, rota com forecast_period_semantics_documented=True.",CONFIRMED_BY_FORECAST_PERIOD_SEMANTICS,SCALAR_COORD_ON_VARIABLE,2003-05,2003-05,1,OK_SCALAR_COORD,RANGEEDGES,RANGEEDGES_WINDOW_COORDINATE_MATCH,2003-05-01 00:00:00; 2003-06-01 00:00:00,2003-05-01 00:00:00,"esquema=lead1_igual_mes_inicializacao, representação=NMME_HARMONIZED_MONTHLY",Fazendas_Sinobras_Centroide
2003-05,NOAA_NCEP,CFSv2,2003-05,3,2.5,2003-07,OK,"L.attrs contém termo(s) ['forecast_period'] — indica semântica de lead/target, mas isso sozinho não confirma o valor exato de H3 sem uma variável auxiliar de data-alvo. | nenhuma variável auxiliar de data-alvo (('target', 'valid_time', 'target_month', 'forecast_time')) encontrada no dataset aberto — tentando Método B (semântica documentada do eixo forecast_period, Seção 4). | confirmado pela semântica documentada do eixo forecast_period (Método B, Seção 4/6): inicialização confirmada via SCALAR_COORD_ON_VARIABLE (status=OK_SCALAR_COORD), L.standard_name='forecast_period'/units='months', grade [0.5, 1.5, 2.5, 3.5, 4.5, 5.5] mensal confirmada, rota com forecast_period_semantics_documented=True.",CONFIRMED_BY_FORECAST_PERIOD_SEMANTICS,SCALAR_COORD_ON_VARIABLE,2003-05,2003-05,1,OK_SCALAR_COORD,RANGEEDGES,RANGEEDGES_WINDOW_COORDINATE_MATCH,2003-05-01 00:00:00; 2003-06-01 00:00:00,2003-05-01 00:00:00,"esquema=lead1_igual_mes_inicializacao, representação=NMME_HARMONIZED_MONTHLY",Fazendas_Sinobras_Centroide
2003-05,NOAA_NCEP,CFSv2,2003-05,4,3.5,2003-08,OK,"L.attrs contém termo(s) ['forecast_period'] — indica semântica de lead/target, mas isso sozinho não confirma o valor exato de H4 sem uma variável auxiliar de data-alvo. | nenhuma variável auxiliar de data-alvo (('target', 'valid_time', 'target_month', 'forecast_time')) encontrada no dataset aberto — tentando Método B (semântica documentada do eixo forecast_period, Seção 4). | confirmado pela semântica documentada do eixo forecast_period (Método B, Seção 4/6): inicialização confirmada via SCALAR_COORD_ON_VARIABLE (status=OK_SCALAR_COORD), L.standard_name='forecast_period'/units='months', grade [0.5, 1.5, 2.5, 3.5, 4.5, 5.5] mensal confirmada, rota com forecast_period_semantics_documented=True.",CONFIRMED_BY_FORECAST_PERIOD_SEMANTICS,SCALAR_COORD_ON_VARIABLE,2003-05,2003-05,1,OK_SCALAR_COORD,RANGEEDGES,RANGEEDGES_WINDOW_COORDINATE_MATCH,2003-05-01 00:00:00; 2003-06-01 00:00:00,2003-05-01 00:00:00,"esquema=lead1_igual_mes_inicializacao, representação=NMME_HARMONIZED_MONTHLY",Fazendas_Sinobras_Centroide
2003-05,NOAA_NCEP,CFSv2,2003-05,5,4.5,2003-09,OK,"L.attrs contém termo(s) ['forecast_period'] — indica semântica de lead/target, mas isso sozinho não confirma o valor exato de H5 sem uma variável auxiliar de data-alvo. | nenhuma variável auxiliar de data-alvo (('target', 'valid_time', 'target_month', 'forecast_time')) encontrada no dataset aberto — tentando Método B (semântica documentada do eixo forecast_period, Seção 4). | confirmado pela semântica documentada do eixo forecast_period (Método B, Seção 4/6): inicialização confirmada via SCALAR_COORD_ON_VARIABLE (status=OK_SCALAR_COORD), L.standard_name='forecast_period'/units='months', grade [0.5, 1.5, 2.5, 3.5, 4.5, 5.5] mensal confirmada, rota com forecast_period_semantics_documented=True.",CONFIRMED_BY_FORECAST_PERIOD_SEMANTICS,SCALAR_COORD_ON_VARIABLE,2003-05,2003-05,1,OK_SCALAR_COORD,RANGEEDGES,RANGEEDGES_WINDOW_COORDINATE_MATCH,2003-05-01 00:00:00; 2003-06-01 00:00:00,2003-05-01 00:00:00,"esquema=lead1_igual_mes_inicializacao, representação=NMME_HARMONIZED_MONTHLY",Fazendas_Sinobras_Centroide
2003-05,NOAA_NCEP,CFSv2,2003-05,6,5.5,2003-10,OK,"L.attrs contém termo(s) ['forecast_period'] — indica semântica de lead/target, mas isso sozinho não confirma o valor exato de H6 sem uma variável auxiliar de data-alvo. | nenhuma variável auxiliar de data-alvo (('target', 'valid_time', 'target_month', 'forecast_time')) encontrada no dataset aberto — tentando Método B (semântica documentada do eixo forecast_period, Seção 4). | confirmado pela semântica documentada do eixo forecast_period (Método B, Seção 4/6): inicialização confirmada via SCALAR_COORD_ON_VARIABLE (status=OK_SCALAR_COORD), L.standard_name='forecast_period'/units='months', grade [0.5, 1.5, 2.5, 3.5, 4.5, 5.5] mensal confirmada, rota com forecast_period_semantics_documented=True.",CONFIRMED_BY_FORECAST_PERIOD_SEMANTICS,SCALAR_COORD_ON_VARIABLE,2003-05,2003-05,1,OK_SCALAR_COORD,RANGEEDGES,RANGEEDGES_WINDOW_COORDINATE_MATCH,2003-05-01 00:00:00; 2003-06-01 00:00:00,2003-05-01 00:00:00,"esquema=lead1_igual_mes_inicializacao, representação=NMME_HARMONIZED_MONTHLY",Fazendas_Sinobras_Centroide
2003-06,NOAA_NCEP,CFSv2,2003-06,1,0.5,2003-06,OK,"L.attrs contém termo(s) ['forecast_period'] — indica semântica de lead/target, mas isso sozinho não confirma o valor exato de H1 sem uma variável auxiliar de data-alvo. | nenhuma variável auxiliar de data-alvo (('target', 'valid_time', 'target_month', 'forecast_time')) encontrada no dataset aberto — tentando Método B (semântica documentada do eixo forecast_period, Seção 4). | confirmado pela semântica documentada do eixo forecast_period (Método B, Seção 4/6): inicialização confirmada via SCALAR_COORD_ON_VARIABLE (status=OK_SCALAR_COORD), L.standard_name='forecast_period'/units='months', grade [0.5, 1.5, 2.5, 3.5, 4.5, 5.5] mensal confirmada, rota com forecast_period_semantics_documented=True.",CONFIRMED_BY_FORECAST_PERIOD_SEMANTICS,SCALAR_COORD_ON_VARIABLE,2003-06,2003-06,1,OK_SCALAR_COORD,RANGEEDGES,RANGEEDGES_WINDOW_COORDINATE_MATCH,2003-06-01 00:00:00; 2003-07-01 00:00:00,2003-06-01 00:00:00,"esquema=lead1_igual_mes_inicializacao, representação=NMME_HARMONIZED_MONTHLY",Fazendas_Sinobras_Centroide
2003-06,NOAA_NCEP,CFSv2,2003-06,2,1.5,2003-07,OK,"L.attrs contém termo(s) ['forecast_period'] — indica semântica de lead/target, mas isso sozinho não confirma o valor exato de H2 sem uma variável auxiliar de data-alvo. | nenhuma variável auxiliar de data-alvo (('target', 'valid_time', 'target_month', 'forecast_time')) encontrada no dataset aberto — tentando Método B (semântica documentada do eixo forecast_period, Seção 4). | confirmado pela semântica documentada do eixo forecast_period (Método B, Seção 4/6): inicialização confirmada via SCALAR_COORD_ON_VARIABLE (status=OK_SCALAR_COORD), L.standard_name='forecast_period'/units='months', grade [0.5, 1.5, 2.5, 3.5, 4.5, 5.5] mensal confirmada, rota com forecast_period_semantics_documented=True.",CONFIRMED_BY_FORECAST_PERIOD_SEMANTICS,SCALAR_COORD_ON_VARIABLE,2003-06,2003-06,1,OK_SCALAR_COORD,RANGEEDGES,RANGEEDGES_WINDOW_COORDINATE_MATCH,2003-06-01 00:00:00; 2003-07-01 00:00:00,2003-06-01 00:00:00,"esquema=lead1_igual_mes_inicializacao, representação=NMME_HARMONIZED_MONTHLY",Fazendas_Sinobras_Centroide
2003-06,NOAA_NCEP,CFSv2,2003-06,3,2.5,2003-08,OK,"L.attrs contém termo(s) ['forecast_period'] — indica semântica de lead/target, mas isso sozinho não confirma o valor exato de H3 sem uma variável auxiliar de data-alvo. | nenhuma variável auxiliar de data-alvo (('target', 'valid_time', 'target_month', 'forecast_time')) encontrada no dataset aberto — tentando Método B (semântica documentada do eixo forecast_period, Seção 4). | confirmado pela semântica documentada do eixo forecast_period (Método B, Seção 4/6): inicialização confirmada via SCALAR_COORD_ON_VARIABLE (status=OK_SCALAR_COORD), L.standard_name='forecast_period'/units='months', grade [0.5, 1.5, 2.5, 3.5, 4.5, 5.5] mensal confirmada, rota com forecast_period_semantics_documented=True.",CONFIRMED_BY_FORECAST_PERIOD_SEMANTICS,SCALAR_COORD_ON_VARIABLE,2003-06,2003-06,1,OK_SCALAR_COORD,RANGEEDGES,RANGEEDGES_WINDOW_COORDINATE_MATCH,2003-06-01 00:00:00; 2003-07-01 00:00:00,2003-06-01 00:00:00,"esquema=lead1_igual_mes_inicializacao, representação=NMME_HARMONIZED_MONTHLY",Fazendas_Sinobras_Centroide
2003-06,NOAA_NCEP,CFSv2,2003-06,4,3.5,2003-09,OK,"L.attrs contém termo(s) ['forecast_period'] — indica semântica de lead/target, mas isso sozinho não confirma o valor exato de H4 sem uma variável auxiliar de data-alvo. | nenhuma variável auxiliar de data-alvo (('target', 'valid_time', 'target_month', 'forecast_time')) encontrada no dataset aberto — tentando Método B (semântica documentada do eixo forecast_period, Seção 4). | confirmado pela semântica documentada do eixo forecast_period (Método B, Seção 4/6): inicialização confirmada via SCALAR_COORD_ON_VARIABLE (status=OK_SCALAR_COORD), L.standard_name='forecast_period'/units='months', grade [0.5, 1.5, 2.5, 3.5, 4.5, 5.5] mensal confirmada, rota com forecast_period_semantics_documented=True.",CONFIRMED_BY_FORECAST_PERIOD_SEMANTICS,SCALAR_COORD_ON_VARIABLE,2003-06,2003-06,1,OK_SCALAR_COORD,RANGEEDGES,RANGEEDGES_WINDOW_COORDINATE_MATCH,2003-06-01 00:00:00; 2003-07-01 00:00:00,2003-06-01 00:00:00,"esquema=lead1_igual_mes_inicializacao, representação=NMME_HARMONIZED_MONTHLY",Fazendas_Sinobras_Centroide
2003-06,NOAA_NCEP,CFSv2,2003-06,5,4.5,2003-10,OK,"L.attrs contém termo(s) ['forecast_period'] — indica semântica de lead/target, mas isso sozinho não confirma o valor exato de H5 sem uma variável auxiliar de data-alvo. | nenhuma variável auxiliar de data-alvo (('target', 'valid_time', 'target_month', 'forecast_time')) encontrada no dataset aberto — tentando Método B (semântica documentada do eixo forecast_period, Seção 4). | confirmado pela semântica documentada do eixo forecast_period (Método B, Seção 4/6): inicialização confirmada via SCALAR_COORD_ON_VARIABLE (status=OK_SCALAR_COORD), L.standard_name='forecast_period'/units='months', grade [0.5, 1.5, 2.5, 3.5, 4.5, 5.5] mensal confirmada, rota com forecast_period_semantics_documented=True.",CONFIRMED_BY_FORECAST_PERIOD_SEMANTICS,SCALAR_COORD_ON_VARIABLE,2003-06,2003-06,1,OK_SCALAR_COORD,RANGEEDGES,RANGEEDGES_WINDOW_COORDINATE_MATCH,2003-06-01 00:00:00; 2003-07-01 00:00:00,2003-06-01 00:00:00,"esquema=lead1_igual_mes_inicializacao, representação=NMME_HARMONIZED_MONTHLY",Fazendas_Sinobras_Centroide
2003-06,NOAA_NCEP,CFSv2,2003-06,6,5.5,2003-11,OK,"L.attrs contém termo(s) ['forecast_period'] — indica semântica de lead/target, mas isso sozinho não confirma o valor exato de H6 sem uma variável auxiliar de data-alvo. | nenhuma variável auxiliar de data-alvo (('target', 'valid_time', 'target_month', 'forecast_time')) encontrada no dataset aberto — tentando Método B (semântica documentada do eixo forecast_period, Seção 4). | confirmado pela semântica documentada do eixo forecast_period (Método B, Seção 4/6): inicialização confirmada via SCALAR_COORD_ON_VARIABLE (status=OK_SCALAR_COORD), L.standard_name='forecast_period'/units='months', grade [0.5, 1.5, 2.5, 3.5, 4.5, 5.5] mensal confirmada, rota com forecast_period_semantics_documented=True.",CONFIRMED_BY_FORECAST_PERIOD_SEMANTICS,SCALAR_COORD_ON_VARIABLE,2003-06,2003-06,1,OK_SCALAR_COORD,RANGEEDGES,RANGEEDGES_WINDOW_COORDINATE_MATCH,2003-06-01 00:00:00; 2003-07-01 00:00:00,2003-06-01 00:00:00,"esquema=lead1_igual_mes_inicializacao, representação=NMME_HARMONIZED_MONTHLY",Fazendas_Sinobras_Centroide
2003-07,NOAA_NCEP,CFSv2,2003-07,1,0.5,2003-07,OK,"L.attrs contém termo(s) ['forecast_period'] — indica semântica de lead/target, mas isso sozinho não confirma o valor exato de H1 sem uma variável auxiliar de data-alvo. | nenhuma variável auxiliar de data-alvo (('target', 'valid_time', 'target_month', 'forecast_time')) encontrada no dataset aberto — tentando Método B (semântica documentada do eixo forecast_period, Seção 4). | confirmado pela semântica documentada do eixo forecast_period (Método B, Seção 4/6): inicialização confirmada via SCALAR_COORD_ON_VARIABLE (status=OK_SCALAR_COORD), L.standard_name='forecast_period'/units='months', grade [0.5, 1.5, 2.5, 3.5, 4.5, 5.5] mensal confirmada, rota com forecast_period_semantics_documented=True.",CONFIRMED_BY_FORECAST_PERIOD_SEMANTICS,SCALAR_COORD_ON_VARIABLE,2003-07,2003-07,1,OK_SCALAR_COORD,RANGEEDGES,RANGEEDGES_WINDOW_COORDINATE_MATCH,2003-07-01 00:00:00; 2003-08-01 00:00:00,2003-07-01 00:00:00,"esquema=lead1_igual_mes_inicializacao, representação=NMME_HARMONIZED_MONTHLY",Fazendas_Sinobras_Centroide
2003-07,NOAA_NCEP,CFSv2,2003-07,2,1.5,2003-08,OK,"L.attrs contém termo(s) ['forecast_period'] — indica semântica de lead/target, mas isso sozinho não confirma o valor exato de H2 sem uma variável auxiliar de data-alvo. | nenhuma variável auxiliar de data-alvo (('target', 'valid_time', 'target_month', 'forecast_time')) encontrada no dataset aberto — tentando Método B (semântica documentada do eixo forecast_period, Seção 4). | confirmado pela semântica documentada do eixo forecast_period (Método B, Seção 4/6): inicialização confirmada via SCALAR_COORD_ON_VARIABLE (status=OK_SCALAR_COORD), L.standard_name='forecast_period'/units='months', grade [0.5, 1.5, 2.5, 3.5, 4.5, 5.5] mensal confirmada, rota com forecast_period_semantics_documented=True.",CONFIRMED_BY_FORECAST_PERIOD_SEMANTICS,SCALAR_COORD_ON_VARIABLE,2003-07,2003-07,1,OK_SCALAR_COORD,RANGEEDGES,RANGEEDGES_WINDOW_COORDINATE_MATCH,2003-07-01 00:00:00; 2003-08-01 00:00:00,2003-07-01 00:00:00,"esquema=lead1_igual_mes_inicializacao, representação=NMME_HARMONIZED_MONTHLY",Fazendas_Sinobras_Centroide
2003-07,NOAA_NCEP,CFSv2,2003-07,3,2.5,2003-09,OK,"L.attrs contém termo(s) ['forecast_period'] — indica semântica de lead/target, mas isso sozinho não confirma o valor exato de H3 sem uma variável auxiliar de data-alvo. | nenhuma variável auxiliar de data-alvo (('target', 'valid_time', 'target_month', 'forecast_time')) encontrada no dataset aberto — tentando Método B (semântica documentada do eixo forecast_period, Seção 4). | confirmado pela semântica documentada do eixo forecast_period (Método B, Seção 4/6): inicialização confirmada via SCALAR_COORD_ON_VARIABLE (status=OK_SCALAR_COORD), L.standard_name='forecast_period'/units='months', grade [0.5, 1.5, 2.5, 3.5, 4.5, 5.5] mensal confirmada, rota com forecast_period_semantics_documented=True.",CONFIRMED_BY_FORECAST_PERIOD_SEMANTICS,SCALAR_COORD_ON_VARIABLE,2003-07,2003-07,1,OK_SCALAR_COORD,RANGEEDGES,RANGEEDGES_WINDOW_COORDINATE_MATCH,2003-07-01 00:00:00; 2003-08-01 00:00:00,2003-07-01 00:00:00,"esquema=lead1_igual_mes_inicializacao, representação=NMME_HARMONIZED_MONTHLY",Fazendas_Sinobras_Centroide
2003-07,NOAA_NCEP,CFSv2,2003-07,4,3.5,2003-10,OK,"L.attrs contém termo(s) ['forecast_period'] — indica semântica de lead/target, mas isso sozinho não confirma o valor exato de H4 sem uma variável auxiliar de data-alvo. | nenhuma variável auxiliar de data-alvo (('target', 'valid_time', 'target_month', 'forecast_time')) encontrada no dataset aberto — tentando Método B (semântica documentada do eixo forecast_period, Seção 4). | confirmado pela semântica documentada do eixo forecast_period (Método B, Seção 4/6): inicialização confirmada via SCALAR_COORD_ON_VARIABLE (status=OK_SCALAR_COORD), L.standard_name='forecast_period'/units='months', grade [0.5, 1.5, 2.5, 3.5, 4.5, 5.5] mensal confirmada, rota com forecast_period_semantics_documented=True.",CONFIRMED_BY_FORECAST_PERIOD_SEMANTICS,SCALAR_COORD_ON_VARIABLE,2003-07,2003-07,1,OK_SCALAR_COORD,RANGEEDGES,RANGEEDGES_WINDOW_COORDINATE_MATCH,2003-07-01 00:00:00; 2003-08-01 00:00:00,2003-07-01 00:00:00,"esquema=lead1_igual_mes_inicializacao, representação=NMME_HARMONIZED_MONTHLY",Fazendas_Sinobras_Centroide
2003-07,NOAA_NCEP,CFSv2,2003-07,5,4.5,2003-11,OK,"L.attrs contém termo(s) ['forecast_period'] — indica semântica de lead/target, mas isso sozinho não confirma o valor exato de H5 sem uma variável auxiliar de data-alvo. | nenhuma variável auxiliar de data-alvo (('target', 'valid_time', 'target_month', 'forecast_time')) encontrada no dataset aberto — tentando Método B (semântica documentada do eixo forecast_period, Seção 4). | confirmado pela semântica documentada do eixo forecast_period (Método B, Seção 4/6): inicialização confirmada via SCALAR_COORD_ON_VARIABLE (status=OK_SCALAR_COORD), L.standard_name='forecast_period'/units='months', grade [0.5, 1.5, 2.5, 3.5, 4.5, 5.5] mensal confirmada, rota com forecast_period_semantics_documented=True.",CONFIRMED_BY_FORECAST_PERIOD_SEMANTICS,SCALAR_COORD_ON_VARIABLE,2003-07,2003-07,1,OK_SCALAR_COORD,RANGEEDGES,RANGEEDGES_WINDOW_COORDINATE_MATCH,2003-07-01 00:00:00; 2003-08-01 00:00:00,2003-07-01 00:00:00,"esquema=lead1_igual_mes_inicializacao, representação=NMME_HARMONIZED_MONTHLY",Fazendas_Sinobras_Centroide
2003-07,NOAA_NCEP,CFSv2,2003-07,6,5.5,2003-12,OK,"L.attrs contém termo(s) ['forecast_period'] — indica semântica de lead/target, mas isso sozinho não confirma o valor exato de H6 sem uma variável auxiliar de data-alvo. | nenhuma variável auxiliar de data-alvo (('target', 'valid_time', 'target_month', 'forecast_time')) encontrada no dataset aberto — tentando Método B (semântica documentada do eixo forecast_period, Seção 4). | confirmado pela semântica documentada do eixo forecast_period (Método B, Seção 4/6): inicialização confirmada via SCALAR_COORD_ON_VARIABLE (status=OK_SCALAR_COORD), L.standard_name='forecast_period'/units='months', grade [0.5, 1.5, 2.5, 3.5, 4.5, 5.5] mensal confirmada, rota com forecast_period_semantics_documented=True.",CONFIRMED_BY_FORECAST_PERIOD_SEMANTICS,SCALAR_COORD_ON_VARIABLE,2003-07,2003-07,1,OK_SCALAR_COORD,RANGEEDGES,RANGEEDGES_WINDOW_COORDINATE_MATCH,2003-07-01 00:00:00; 2003-08-01 00:00:00,2003-07-01 00:00:00,"esquema=lead1_igual_mes_inicializacao, representação=NMME_HARMONIZED_MONTHLY",Fazendas_Sinobras_Centroide
2003-08,NOAA_NCEP,CFSv2,2003-08,1,0.5,2003-08,OK,"L.attrs contém termo(s) ['forecast_period'] — indica semântica de lead/target, mas isso sozinho não confirma o valor exato de H1 sem uma variável auxiliar de data-alvo. | nenhuma variável auxiliar de data-alvo (('target', 'valid_time', 'target_month', 'forecast_time')) encontrada no dataset aberto — tentando Método B (semântica documentada do eixo forecast_period, Seção 4). | confirmado pela semântica documentada do eixo forecast_period (Método B, Seção 4/6): inicialização confirmada via SCALAR_COORD_ON_VARIABLE (status=OK_SCALAR_COORD), L.standard_name='forecast_period'/units='months', grade [0.5, 1.5, 2.5, 3.5, 4.5, 5.5] mensal confirmada, rota com forecast_period_semantics_documented=True.",CONFIRMED_BY_FORECAST_PERIOD_SEMANTICS,SCALAR_COORD_ON_VARIABLE,2003-08,2003-08,1,OK_SCALAR_COORD,RANGEEDGES,RANGEEDGES_WINDOW_COORDINATE_MATCH,2003-08-01 00:00:00; 2003-09-01 00:00:00,2003-08-01 00:00:00,"esquema=lead1_igual_mes_inicializacao, representação=NMME_HARMONIZED_MONTHLY",Fazendas_Sinobras_Centroide
2003-08,NOAA_NCEP,CFSv2,2003-08,2,1.5,2003-09,OK,"L.attrs contém termo(s) ['forecast_period'] — indica semântica de lead/target, mas isso sozinho não confirma o valor exato de H2 sem uma variável auxiliar de data-alvo. | nenhuma variável auxiliar de data-alvo (('target', 'valid_time', 'target_month', 'forecast_time')) encontrada no dataset aberto — tentando Método B (semântica documentada do eixo forecast_period, Seção 4). | confirmado pela semântica documentada do eixo forecast_period (Método B, Seção 4/6): inicialização confirmada via SCALAR_COORD_ON_VARIABLE (status=OK_SCALAR_COORD), L.standard_name='forecast_period'/units='months', grade [0.5, 1.5, 2.5, 3.5, 4.5, 5.5] mensal confirmada, rota com forecast_period_semantics_documented=True.",CONFIRMED_BY_FORECAST_PERIOD_SEMANTICS,SCALAR_COORD_ON_VARIABLE,2003-08,2003-08,1,OK_SCALAR_COORD,RANGEEDGES,RANGEEDGES_WINDOW_COORDINATE_MATCH,2003-08-01 00:00:00; 2003-09-01 00:00:00,2003-08-01 00:00:00,"esquema=lead1_igual_mes_inicializacao, representação=NMME_HARMONIZED_MONTHLY",Fazendas_Sinobras_Centroide
2003-08,NOAA_NCEP,CFSv2,2003-08,3,2.5,2003-10,OK,"L.attrs contém termo(s) ['forecast_period'] — indica semântica de lead/target, mas isso sozinho não confirma o valor exato de H3 sem uma variável auxiliar de data-alvo. | nenhuma variável auxiliar de data-alvo (('target', 'valid_time', 'target_month', 'forecast_time')) encontrada no dataset aberto — tentando Método B (semântica documentada do eixo forecast_period, Seção 4). | confirmado pela semântica documentada do eixo forecast_period (Método B, Seção 4/6): inicialização confirmada via SCALAR_COORD_ON_VARIABLE (status=OK_SCALAR_COORD), L.standard_name='forecast_period'/units='months', grade [0.5, 1.5, 2.5, 3.5, 4.5, 5.5] mensal confirmada, rota com forecast_period_semantics_documented=True.",CONFIRMED_BY_FORECAST_PERIOD_SEMANTICS,SCALAR_COORD_ON_VARIABLE,2003-08,2003-08,1,OK_SCALAR_COORD,RANGEEDGES,RANGEEDGES_WINDOW_COORDINATE_MATCH,2003-08-01 00:00:00; 2003-09-01 00:00:00,2003-08-01 00:00:00,"esquema=lead1_igual_mes_inicializacao, representação=NMME_HARMONIZED_MONTHLY",Fazendas_Sinobras_Centroide
2003-08,NOAA_NCEP,CFSv2,2003-08,4,3.5,2003-11,OK,"L.attrs contém termo(s) ['forecast_period'] — indica semântica de lead/target, mas isso sozinho não confirma o valor exato de H4 sem uma variável auxiliar de data-alvo. | nenhuma variável auxiliar de data-alvo (('target', 'valid_time', 'target_month', 'forecast_time')) encontrada no dataset aberto — tentando Método B (semântica documentada do eixo forecast_period, Seção 4). | confirmado pela semântica documentada do eixo forecast_period (Método B, Seção 4/6): inicialização confirmada via SCALAR_COORD_ON_VARIABLE (status=OK_SCALAR_COORD), L.standard_name='forecast_period'/units='months', grade [0.5, 1.5, 2.5, 3.5, 4.5, 5.5] mensal confirmada, rota com forecast_period_semantics_documented=True.",CONFIRMED_BY_FORECAST_PERIOD_SEMANTICS,SCALAR_COORD_ON_VARIABLE,2003-08,2003-08,1,OK_SCALAR_COORD,RANGEEDGES,RANGEEDGES_WINDOW_COORDINATE_MATCH,2003-08-01 00:00:00; 2003-09-01 00:00:00,2003-08-01 00:00:00,"esquema=lead1_igual_mes_inicializacao, representação=NMME_HARMONIZED_MONTHLY",Fazendas_Sinobras_Centroide
2003-08,NOAA_NCEP,CFSv2,2003-08,5,4.5,2003-12,OK,"L.attrs contém termo(s) ['forecast_period'] — indica semântica de lead/target, mas isso sozinho não confirma o valor exato de H5 sem uma variável auxiliar de data-alvo. | nenhuma variável auxiliar de data-alvo (('target', 'valid_time', 'target_month', 'forecast_time')) encontrada no dataset aberto — tentando Método B (semântica documentada do eixo forecast_period, Seção 4). | confirmado pela semântica documentada do eixo forecast_period (Método B, Seção 4/6): inicialização confirmada via SCALAR_COORD_ON_VARIABLE (status=OK_SCALAR_COORD), L.standard_name='forecast_period'/units='months', grade [0.5, 1.5, 2.5, 3.5, 4.5, 5.5] mensal confirmada, rota com forecast_period_semantics_documented=True.",CONFIRMED_BY_FORECAST_PERIOD_SEMANTICS,SCALAR_COORD_ON_VARIABLE,2003-08,2003-08,1,OK_SCALAR_COORD,RANGEEDGES,RANGEEDGES_WINDOW_COORDINATE_MATCH,2003-08-01 00:00:00; 2003-09-01 00:00:00,2003-08-01 00:00:00,"esquema=lead1_igual_mes_inicializacao, representação=NMME_HARMONIZED_MONTHLY",Fazendas_Sinobras_Centroide
2003-08,NOAA_NCEP,CFSv2,2003-08,6,5.5,2004-01,OK,"L.attrs contém termo(s) ['forecast_period'] — indica semântica de lead/target, mas isso sozinho não confirma o valor exato de H6 sem uma variável auxiliar de data-alvo. | nenhuma variável auxiliar de data-alvo (('target', 'valid_time', 'target_month', 'forecast_time')) encontrada no dataset aberto — tentando Método B (semântica documentada do eixo forecast_period, Seção 4). | confirmado pela semântica documentada do eixo forecast_period (Método B, Seção 4/6): inicialização confirmada via SCALAR_COORD_ON_VARIABLE (status=OK_SCALAR_COORD), L.standard_name='forecast_period'/units='months', grade [0.5, 1.5, 2.5, 3.5, 4.5, 5.5] mensal confirmada, rota com forecast_period_semantics_documented=True.",CONFIRMED_BY_FORECAST_PERIOD_SEMANTICS,SCALAR_COORD_ON_VARIABLE,2003-08,2003-08,1,OK_SCALAR_COORD,RANGEEDGES,RANGEEDGES_WINDOW_COORDINATE_MATCH,2003-08-01 00:00:00; 2003-09-01 00:00:00,2003-08-01 00:00:00,"esquema=lead1_igual_mes_inicializacao, representação=NMME_HARMONIZED_MONTHLY",Fazendas_Sinobras_Centroide
2003-09,NOAA_NCEP,CFSv2,2003-09,1,0.5,2003-09,OK,"L.attrs contém termo(s) ['forecast_period'] — indica semântica de lead/target, mas isso sozinho não confirma o valor exato de H1 sem uma variável auxiliar de data-alvo. | nenhuma variável auxiliar de data-alvo (('target', 'valid_time', 'target_month', 'forecast_time')) encontrada no dataset aberto — tentando Método B (semântica documentada do eixo forecast_period, Seção 4). | confirmado pela semântica documentada do eixo forecast_period (Método B, Seção 4/6): inicialização confirmada via SCALAR_COORD_ON_VARIABLE (status=OK_SCALAR_COORD), L.standard_name='forecast_period'/units='months', grade [0.5, 1.5, 2.5, 3.5, 4.5, 5.5] mensal confirmada, rota com forecast_period_semantics_documented=True.",CONFIRMED_BY_FORECAST_PERIOD_SEMANTICS,SCALAR_COORD_ON_VARIABLE,2003-09,2003-09,1,OK_SCALAR_COORD,RANGEEDGES,RANGEEDGES_WINDOW_COORDINATE_MATCH,2003-09-01 00:00:00; 2003-10-01 00:00:00,2003-09-01 00:00:00,"esquema=lead1_igual_mes_inicializacao, representação=NMME_HARMONIZED_MONTHLY",Fazendas_Sinobras_Centroide
2003-09,NOAA_NCEP,CFSv2,2003-09,2,1.5,2003-10,OK,"L.attrs contém termo(s) ['forecast_period'] — indica semântica de lead/target, mas isso sozinho não confirma o valor exato de H2 sem uma variável auxiliar de data-alvo. | nenhuma variável auxiliar de data-alvo (('target', 'valid_time', 'target_month', 'forecast_time')) encontrada no dataset aberto — tentando Método B (semântica documentada do eixo forecast_period, Seção 4). | confirmado pela semântica documentada do eixo forecast_period (Método B, Seção 4/6): inicialização confirmada via SCALAR_COORD_ON_VARIABLE (status=OK_SCALAR_COORD), L.standard_name='forecast_period'/units='months', grade [0.5, 1.5, 2.5, 3.5, 4.5, 5.5] mensal confirmada, rota com forecast_period_semantics_documented=True.",CONFIRMED_BY_FORECAST_PERIOD_SEMANTICS,SCALAR_COORD_ON_VARIABLE,2003-09,2003-09,1,OK_SCALAR_COORD,RANGEEDGES,RANGEEDGES_WINDOW_COORDINATE_MATCH,2003-09-01 00:00:00; 2003-10-01 00:00:00,2003-09-01 00:00:00,"esquema=lead1_igual_mes_inicializacao, representação=NMME_HARMONIZED_MONTHLY",Fazendas_Sinobras_Centroide
2003-09,NOAA_NCEP,CFSv2,2003-09,3,2.5,2003-11,OK,"L.attrs contém termo(s) ['forecast_period'] — indica semântica de lead/target, mas isso sozinho não confirma o valor exato de H3 sem uma variável auxiliar de data-alvo. | nenhuma variável auxiliar de data-alvo (('target', 'valid_time', 'target_month', 'forecast_time')) encontrada no dataset aberto — tentando Método B (semântica documentada do eixo forecast_period, Seção 4). | confirmado pela semântica documentada do eixo forecast_period (Método B, Seção 4/6): inicialização confirmada via SCALAR_COORD_ON_VARIABLE (status=OK_SCALAR_COORD), L.standard_name='forecast_period'/units='months', grade [0.5, 1.5, 2.5, 3.5, 4.5, 5.5] mensal confirmada, rota com forecast_period_semantics_documented=True.",CONFIRMED_BY_FORECAST_PERIOD_SEMANTICS,SCALAR_COORD_ON_VARIABLE,2003-09,2003-09,1,OK_SCALAR_COORD,RANGEEDGES,RANGEEDGES_WINDOW_COORDINATE_MATCH,2003-09-01 00:00:00; 2003-10-01 00:00:00,2003-09-01 00:00:00,"esquema=lead1_igual_mes_inicializacao, representação=NMME_HARMONIZED_MONTHLY",Fazendas_Sinobras_Centroide
2003-09,NOAA_NCEP,CFSv2,2003-09,4,3.5,2003-12,OK,"L.attrs contém termo(s) ['forecast_period'] — indica semântica de lead/target, mas isso sozinho não confirma o valor exato de H4 sem uma variável auxiliar de data-alvo. | nenhuma variável auxiliar de data-alvo (('target', 'valid_time', 'target_month', 'forecast_time')) encontrada no dataset aberto — tentando Método B (semântica documentada do eixo forecast_period, Seção 4). | confirmado pela semântica documentada do eixo forecast_period (Método B, Seção 4/6): inicialização confirmada via SCALAR_COORD_ON_VARIABLE (status=OK_SCALAR_COORD), L.standard_name='forecast_period'/units='months', grade [0.5, 1.5, 2.5, 3.5, 4.5, 5.5] mensal confirmada, rota com forecast_period_semantics_documented=True.",CONFIRMED_BY_FORECAST_PERIOD_SEMANTICS,SCALAR_COORD_ON_VARIABLE,2003-09,2003-09,1,OK_SCALAR_COORD,RANGEEDGES,RANGEEDGES_WINDOW_COORDINATE_MATCH,2003-09-01 00:00:00; 2003-10-01 00:00:00,2003-09-01 00:00:00,"esquema=lead1_igual_mes_inicializacao, representação=NMME_HARMONIZED_MONTHLY",Fazendas_Sinobras_Centroide
2003-09,NOAA_NCEP,CFSv2,2003-09,5,4.5,2004-01,OK,"L.attrs contém termo(s) ['forecast_period'] — indica semântica de lead/target, mas isso sozinho não confirma o valor exato de H5 sem uma variável auxiliar de data-alvo. | nenhuma variável auxiliar de data-alvo (('target', 'valid_time', 'target_month', 'forecast_time')) encontrada no dataset aberto — tentando Método B (semântica documentada do eixo forecast_period, Seção 4). | confirmado pela semântica documentada do eixo forecast_period (Método B, Seção 4/6): inicialização confirmada via SCALAR_COORD_ON_VARIABLE (status=OK_SCALAR_COORD), L.standard_name='forecast_period'/units='months', grade [0.5, 1.5, 2.5, 3.5, 4.5, 5.5] mensal confirmada, rota com forecast_period_semantics_documented=True.",CONFIRMED_BY_FORECAST_PERIOD_SEMANTICS,SCALAR_COORD_ON_VARIABLE,2003-09,2003-09,1,OK_SCALAR_COORD,RANGEEDGES,RANGEEDGES_WINDOW_COORDINATE_MATCH,2003-09-01 00:00:00; 2003-10-01 00:00:00,2003-09-01 00:00:00,"esquema=lead1_igual_mes_inicializacao, representação=NMME_HARMONIZED_MONTHLY",Fazendas_Sinobras_Centroide
2003-09,NOAA_NCEP,CFSv2,2003-09,6,5.5,2004-02,OK,"L.attrs contém termo(s) ['forecast_period'] — indica semântica de lead/target, mas isso sozinho não confirma o valor exato de H6 sem uma variável auxiliar de data-alvo. | nenhuma variável auxiliar de data-alvo (('target', 'valid_time', 'target_month', 'forecast_time')) encontrada no dataset aberto — tentando Método B (semântica documentada do eixo forecast_period, Seção 4). | confirmado pela semântica documentada do eixo forecast_period (Método B, Seção 4/6): inicialização confirmada via SCALAR_COORD_ON_VARIABLE (status=OK_SCALAR_COORD), L.standard_name='forecast_period'/units='months', grade [0.5, 1.5, 2.5, 3.5, 4.5, 5.5] mensal confirmada, rota com forecast_period_semantics_documented=True.",CONFIRMED_BY_FORECAST_PERIOD_SEMANTICS,SCALAR_COORD_ON_VARIABLE,2003-09,2003-09,1,OK_SCALAR_COORD,RANGEEDGES,RANGEEDGES_WINDOW_COORDINATE_MATCH,2003-09-01 00:00:00; 2003-10-01 00:00:00,2003-09-01 00:00:00,"esquema=lead1_igual_mes_inicializacao, representação=NMME_HARMONIZED_MONTHLY",Fazendas_Sinobras_Centroide
2003-10,NOAA_NCEP,CFSv2,2003-10,1,0.5,2003-10,OK,"L.attrs contém termo(s) ['forecast_period'] — indica semântica de lead/target, mas isso sozinho não confirma o valor exato de H1 sem uma variável auxiliar de data-alvo. | nenhuma variável auxiliar de data-alvo (('target', 'valid_time', 'target_month', 'forecast_time')) encontrada no dataset aberto — tentando Método B (semântica documentada do eixo forecast_period, Seção 4). | confirmado pela semântica documentada do eixo forecast_period (Método B, Seção 4/6): inicialização confirmada via SCALAR_COORD_ON_VARIABLE (status=OK_SCALAR_COORD), L.standard_name='forecast_period'/units='months', grade [0.5, 1.5, 2.5, 3.5, 4.5, 5.5] mensal confirmada, rota com forecast_period_semantics_documented=True.",CONFIRMED_BY_FORECAST_PERIOD_SEMANTICS,SCALAR_COORD_ON_VARIABLE,2003-10,2003-10,1,OK_SCALAR_COORD,RANGEEDGES,RANGEEDGES_WINDOW_COORDINATE_MATCH,2003-10-01 00:00:00; 2003-11-01 00:00:00,2003-10-01 00:00:00,"esquema=lead1_igual_mes_inicializacao, representação=NMME_HARMONIZED_MONTHLY",Fazendas_Sinobras_Centroide
2003-10,NOAA_NCEP,CFSv2,2003-10,2,1.5,2003-11,OK,"L.attrs contém termo(s) ['forecast_period'] — indica semântica de lead/target, mas isso sozinho não confirma o valor exato de H2 sem uma variável auxiliar de data-alvo. | nenhuma variável auxiliar de data-alvo (('target', 'valid_time', 'target_month', 'forecast_time')) encontrada no dataset aberto — tentando Método B (semântica documentada do eixo forecast_period, Seção 4). | confirmado pela semântica documentada do eixo forecast_period (Método B, Seção 4/6): inicialização confirmada via SCALAR_COORD_ON_VARIABLE (status=OK_SCALAR_COORD), L.standard_name='forecast_period'/units='months', grade [0.5, 1.5, 2.5, 3.5, 4.5, 5.5] mensal confirmada, rota com forecast_period_semantics_documented=True.",CONFIRMED_BY_FORECAST_PERIOD_SEMANTICS,SCALAR_COORD_ON_VARIABLE,2003-10,2003-10,1,OK_SCALAR_COORD,RANGEEDGES,RANGEEDGES_WINDOW_COORDINATE_MATCH,2003-10-01 00:00:00; 2003-11-01 00:00:00,2003-10-01 00:00:00,"esquema=lead1_igual_mes_inicializacao, representação=NMME_HARMONIZED_MONTHLY",Fazendas_Sinobras_Centroide
2003-10,NOAA_NCEP,CFSv2,2003-10,3,2.5,2003-12,OK,"L.attrs contém termo(s) ['forecast_period'] — indica semântica de lead/target, mas isso sozinho não confirma o valor exato de H3 sem uma variável auxiliar de data-alvo. | nenhuma variável auxiliar de data-alvo (('target', 'valid_time', 'target_month', 'forecast_time')) encontrada no dataset aberto — tentando Método B (semântica documentada do eixo forecast_period, Seção 4). | confirmado pela semântica documentada do eixo forecast_period (Método B, Seção 4/6): inicialização confirmada via SCALAR_COORD_ON_VARIABLE (status=OK_SCALAR_COORD), L.standard_name='forecast_period'/units='months', grade [0.5, 1.5, 2.5, 3.5, 4.5, 5.5] mensal confirmada, rota com forecast_period_semantics_documented=True.",CONFIRMED_BY_FORECAST_PERIOD_SEMANTICS,SCALAR_COORD_ON_VARIABLE,2003-10,2003-10,1,OK_SCALAR_COORD,RANGEEDGES,RANGEEDGES_WINDOW_COORDINATE_MATCH,2003-10-01 00:00:00; 2003-11-01 00:00:00,2003-10-01 00:00:00,"esquema=lead1_igual_mes_inicializacao, representação=NMME_HARMONIZED_MONTHLY",Fazendas_Sinobras_Centroide
2003-10,NOAA_NCEP,CFSv2,2003-10,4,3.5,2004-01,OK,"L.attrs contém termo(s) ['forecast_period'] — indica semântica de lead/target, mas isso sozinho não confirma o valor exato de H4 sem uma variável auxiliar de data-alvo. | nenhuma variável auxiliar de data-alvo (('target', 'valid_time', 'target_month', 'forecast_time')) encontrada no dataset aberto — tentando Método B (semântica documentada do eixo forecast_period, Seção 4). | confirmado pela semântica documentada do eixo forecast_period (Método B, Seção 4/6): inicialização confirmada via SCALAR_COORD_ON_VARIABLE (status=OK_SCALAR_COORD), L.standard_name='forecast_period'/units='months', grade [0.5, 1.5, 2.5, 3.5, 4.5, 5.5] mensal confirmada, rota com forecast_period_semantics_documented=True.",CONFIRMED_BY_FORECAST_PERIOD_SEMANTICS,SCALAR_COORD_ON_VARIABLE,2003-10,2003-10,1,OK_SCALAR_COORD,RANGEEDGES,RANGEEDGES_WINDOW_COORDINATE_MATCH,2003-10-01 00:00:00; 2003-11-01 00:00:00,2003-10-01 00:00:00,"esquema=lead1_igual_mes_inicializacao, representação=NMME_HARMONIZED_MONTHLY",Fazendas_Sinobras_Centroide
2003-10,NOAA_NCEP,CFSv2,2003-10,5,4.5,2004-02,OK,"L.attrs contém termo(s) ['forecast_period'] — indica semântica de lead/target, mas isso sozinho não confirma o valor exato de H5 sem uma variável auxiliar de data-alvo. | nenhuma variável auxiliar de data-alvo (('target', 'valid_time', 'target_month', 'forecast_time')) encontrada no dataset aberto — tentando Método B (semântica documentada do eixo forecast_period, Seção 4). | confirmado pela semântica documentada do eixo forecast_period (Método B, Seção 4/6): inicialização confirmada via SCALAR_COORD_ON_VARIABLE (status=OK_SCALAR_COORD), L.standard_name='forecast_period'/units='months', grade [0.5, 1.5, 2.5, 3.5, 4.5, 5.5] mensal confirmada, rota com forecast_period_semantics_documented=True.",CONFIRMED_BY_FORECAST_PERIOD_SEMANTICS,SCALAR_COORD_ON_VARIABLE,2003-10,2003-10,1,OK_SCALAR_COORD,RANGEEDGES,RANGEEDGES_WINDOW_COORDINATE_MATCH,2003-10-01 00:00:00; 2003-11-01 00:00:00,2003-10-01 00:00:00,"esquema=lead1_igual_mes_inicializacao, representação=NMME_HARMONIZED_MONTHLY",Fazendas_Sinobras_Centroide
2003-10,NOAA_NCEP,CFSv2,2003-10,6,5.5,2004-03,OK,"L.attrs contém termo(s) ['forecast_period'] — indica semântica de lead/target, mas isso sozinho não confirma o valor exato de H6 sem uma variável auxiliar de data-alvo. | nenhuma variável auxiliar de data-alvo (('target', 'valid_time', 'target_month', 'forecast_time')) encontrada no dataset aberto — tentando Método B (semântica documentada do eixo forecast_period, Seção 4). | confirmado pela semântica documentada do eixo forecast_period (Método B, Seção 4/6): inicialização confirmada via SCALAR_COORD_ON_VARIABLE (status=OK_SCALAR_COORD), L.standard_name='forecast_period'/units='months', grade [0.5, 1.5, 2.5, 3.5, 4.5, 5.5] mensal confirmada, rota com forecast_period_semantics_documented=True.",CONFIRMED_BY_FORECAST_PERIOD_SEMANTICS,SCALAR_COORD_ON_VARIABLE,2003-10,2003-10,1,OK_SCALAR_COORD,RANGEEDGES,RANGEEDGES_WINDOW_COORDINATE_MATCH,2003-10-01 00:00:00; 2003-11-01 00:00:00,2003-10-01 00:00:00,"esquema=lead1_igual_mes_inicializacao, representação=NMME_HARMONIZED_MONTHLY",Fazendas_Sinobras_Centroide
2003-11,NOAA_NCEP,CFSv2,2003-11,1,0.5,2003-11,OK,"L.attrs contém termo(s) ['forecast_period'] — indica semântica de lead/target, mas isso sozinho não confirma o valor exato de H1 sem uma variável auxiliar de data-alvo. | nenhuma variável auxiliar de data-alvo (('target', 'valid_time', 'target_month', 'forecast_time')) encontrada no dataset aberto — tentando Método B (semântica documentada do eixo forecast_period, Seção 4). | confirmado pela semântica documentada do eixo forecast_period (Método B, Seção 4/6): inicialização confirmada via SCALAR_COORD_ON_VARIABLE (status=OK_SCALAR_COORD), L.standard_name='forecast_period'/units='months', grade [0.5, 1.5, 2.5, 3.5, 4.5, 5.5] mensal confirmada, rota com forecast_period_semantics_documented=True.",CONFIRMED_BY_FORECAST_PERIOD_SEMANTICS,SCALAR_COORD_ON_VARIABLE,2003-11,2003-11,1,OK_SCALAR_COORD,RANGEEDGES,RANGEEDGES_WINDOW_COORDINATE_MATCH,2003-11-01 00:00:00; 2003-12-01 00:00:00,2003-11-01 00:00:00,"esquema=lead1_igual_mes_inicializacao, representação=NMME_HARMONIZED_MONTHLY",Fazendas_Sinobras_Centroide
2003-11,NOAA_NCEP,CFSv2,2003-11,2,1.5,2003-12,OK,"L.attrs contém termo(s) ['forecast_period'] — indica semântica de lead/target, mas isso sozinho não confirma o valor exato de H2 sem uma variável auxiliar de data-alvo. | nenhuma variável auxiliar de data-alvo (('target', 'valid_time', 'target_month', 'forecast_time')) encontrada no dataset aberto — tentando Método B (semântica documentada do eixo forecast_period, Seção 4). | confirmado pela semântica documentada do eixo forecast_period (Método B, Seção 4/6): inicialização confirmada via SCALAR_COORD_ON_VARIABLE (status=OK_SCALAR_COORD), L.standard_name='forecast_period'/units='months', grade [0.5, 1.5, 2.5, 3.5, 4.5, 5.5] mensal confirmada, rota com forecast_period_semantics_documented=True.",CONFIRMED_BY_FORECAST_PERIOD_SEMANTICS,SCALAR_COORD_ON_VARIABLE,2003-11,2003-11,1,OK_SCALAR_COORD,RANGEEDGES,RANGEEDGES_WINDOW_COORDINATE_MATCH,2003-11-01 00:00:00; 2003-12-01 00:00:00,2003-11-01 00:00:00,"esquema=lead1_igual_mes_inicializacao, representação=NMME_HARMONIZED_MONTHLY",Fazendas_Sinobras_Centroide
2003-11,NOAA_NCEP,CFSv2,2003-11,3,2.5,2004-01,OK,"L.attrs contém termo(s) ['forecast_period'] — indica semântica de lead/target, mas isso sozinho não confirma o valor exato de H3 sem uma variável auxiliar de data-alvo. | nenhuma variável auxiliar de data-alvo (('target', 'valid_time', 'target_month', 'forecast_time')) encontrada no dataset aberto — tentando Método B (semântica documentada do eixo forecast_period, Seção 4). | confirmado pela semântica documentada do eixo forecast_period (Método B, Seção 4/6): inicialização confirmada via SCALAR_COORD_ON_VARIABLE (status=OK_SCALAR_COORD), L.standard_name='forecast_period'/units='months', grade [0.5, 1.5, 2.5, 3.5, 4.5, 5.5] mensal confirmada, rota com forecast_period_semantics_documented=True.",CONFIRMED_BY_FORECAST_PERIOD_SEMANTICS,SCALAR_COORD_ON_VARIABLE,2003-11,2003-11,1,OK_SCALAR_COORD,RANGEEDGES,RANGEEDGES_WINDOW_COORDINATE_MATCH,2003-11-01 00:00:00; 2003-12-01 00:00:00,2003-11-01 00:00:00,"esquema=lead1_igual_mes_inicializacao, representação=NMME_HARMONIZED_MONTHLY",Fazendas_Sinobras_Centroide
2003-11,NOAA_NCEP,CFSv2,2003-11,4,3.5,2004-02,OK,"L.attrs contém termo(s) ['forecast_period'] — indica semântica de lead/target, mas isso sozinho não confirma o valor exato de H4 sem uma variável auxiliar de data-alvo. | nenhuma variável auxiliar de data-alvo (('target', 'valid_time', 'target_month', 'forecast_time')) encontrada no dataset aberto — tentando Método B (semântica documentada do eixo forecast_period, Seção 4). | confirmado pela semântica documentada do eixo forecast_period (Método B, Seção 4/6): inicialização confirmada via SCALAR_COORD_ON_VARIABLE (status=OK_SCALAR_COORD), L.standard_name='forecast_period'/units='months', grade [0.5, 1.5, 2.5, 3.5, 4.5, 5.5] mensal confirmada, rota com forecast_period_semantics_documented=True.",CONFIRMED_BY_FORECAST_PERIOD_SEMANTICS,SCALAR_COORD_ON_VARIABLE,2003-11,2003-11,1,OK_SCALAR_COORD,RANGEEDGES,RANGEEDGES_WINDOW_COORDINATE_MATCH,2003-11-01 00:00:00; 2003-12-01 00:00:00,2003-11-01 00:00:00,"esquema=lead1_igual_mes_inicializacao, representação=NMME_HARMONIZED_MONTHLY",Fazendas_Sinobras_Centroide
2003-11,NOAA_NCEP,CFSv2,2003-11,5,4.5,2004-03,OK,"L.attrs contém termo(s) ['forecast_period'] — indica semântica de lead/target, mas isso sozinho não confirma o valor exato de H5 sem uma variável auxiliar de data-alvo. | nenhuma variável auxiliar de data-alvo (('target', 'valid_time', 'target_month', 'forecast_time')) encontrada no dataset aberto — tentando Método B (semântica documentada do eixo forecast_period, Seção 4). | confirmado pela semântica documentada do eixo forecast_period (Método B, Seção 4/6): inicialização confirmada via SCALAR_COORD_ON_VARIABLE (status=OK_SCALAR_COORD), L.standard_name='forecast_period'/units='months', grade [0.5, 1.5, 2.5, 3.5, 4.5, 5.5] mensal confirmada, rota com forecast_period_semantics_documented=True.",CONFIRMED_BY_FORECAST_PERIOD_SEMANTICS,SCALAR_COORD_ON_VARIABLE,2003-11,2003-11,1,OK_SCALAR_COORD,RANGEEDGES,RANGEEDGES_WINDOW_COORDINATE_MATCH,2003-11-01 00:00:00; 2003-12-01 00:00:00,2003-11-01 00:00:00,"esquema=lead1_igual_mes_inicializacao, representação=NMME_HARMONIZED_MONTHLY",Fazendas_Sinobras_Centroide
2003-11,NOAA_NCEP,CFSv2,2003-11,6,5.5,2004-04,OK,"L.attrs contém termo(s) ['forecast_period'] — indica semântica de lead/target, mas isso sozinho não confirma o valor exato de H6 sem uma variável auxiliar de data-alvo. | nenhuma variável auxiliar de data-alvo (('target', 'valid_time', 'target_month', 'forecast_time')) encontrada no dataset aberto — tentando Método B (semântica documentada do eixo forecast_period, Seção 4). | confirmado pela semântica documentada do eixo forecast_period (Método B, Seção 4/6): inicialização confirmada via SCALAR_COORD_ON_VARIABLE (status=OK_SCALAR_COORD), L.standard_name='forecast_period'/units='months', grade [0.5, 1.5, 2.5, 3.5, 4.5, 5.5] mensal confirmada, rota com forecast_period_semantics_documented=True.",CONFIRMED_BY_FORECAST_PERIOD_SEMANTICS,SCALAR_COORD_ON_VARIABLE,2003-11,2003-11,1,OK_SCALAR_COORD,RANGEEDGES,RANGEEDGES_WINDOW_COORDINATE_MATCH,2003-11-01 00:00:00; 2003-12-01 00:00:00,2003-11-01 00:00:00,"esquema=lead1_igual_mes_inicializacao, representação=NMME_HARMONIZED_MONTHLY",Fazendas_Sinobras_Centroide
2003-12,NOAA_NCEP,CFSv2,2003-12,1,0.5,2003-12,OK,"L.attrs contém termo(s) ['forecast_period'] — indica semântica de lead/target, mas isso sozinho não confirma o valor exato de H1 sem uma variável auxiliar de data-alvo. | nenhuma variável auxiliar de data-alvo (('target', 'valid_time', 'target_month', 'forecast_time')) encontrada no dataset aberto — tentando Método B (semântica documentada do eixo forecast_period, Seção 4). | confirmado pela semântica documentada do eixo forecast_period (Método B, Seção 4/6): inicialização confirmada via SCALAR_COORD_ON_VARIABLE (status=OK_SCALAR_COORD), L.standard_name='forecast_period'/units='months', grade [0.5, 1.5, 2.5, 3.5, 4.5, 5.5] mensal confirmada, rota com forecast_period_semantics_documented=True.",CONFIRMED_BY_FORECAST_PERIOD_SEMANTICS,SCALAR_COORD_ON_VARIABLE,2003-12,2003-12,1,OK_SCALAR_COORD,RANGEEDGES,RANGEEDGES_WINDOW_COORDINATE_MATCH,2003-12-01 00:00:00; 2004-01-01 00:00:00,2003-12-01 00:00:00,"esquema=lead1_igual_mes_inicializacao, representação=NMME_HARMONIZED_MONTHLY",Fazendas_Sinobras_Centroide
2003-12,NOAA_NCEP,CFSv2,2003-12,2,1.5,2004-01,OK,"L.attrs contém termo(s) ['forecast_period'] — indica semântica de lead/target, mas isso sozinho não confirma o valor exato de H2 sem uma variável auxiliar de data-alvo. | nenhuma variável auxiliar de data-alvo (('target', 'valid_time', 'target_month', 'forecast_time')) encontrada no dataset aberto — tentando Método B (semântica documentada do eixo forecast_period, Seção 4). | confirmado pela semântica documentada do eixo forecast_period (Método B, Seção 4/6): inicialização confirmada via SCALAR_COORD_ON_VARIABLE (status=OK_SCALAR_COORD), L.standard_name='forecast_period'/units='months', grade [0.5, 1.5, 2.5, 3.5, 4.5, 5.5] mensal confirmada, rota com forecast_period_semantics_documented=True.",CONFIRMED_BY_FORECAST_PERIOD_SEMANTICS,SCALAR_COORD_ON_VARIABLE,2003-12,2003-12,1,OK_SCALAR_COORD,RANGEEDGES,RANGEEDGES_WINDOW_COORDINATE_MATCH,2003-12-01 00:00:00; 2004-01-01 00:00:00,2003-12-01 00:00:00,"esquema=lead1_igual_mes_inicializacao, representação=NMME_HARMONIZED_MONTHLY",Fazendas_Sinobras_Centroide
2003-12,NOAA_NCEP,CFSv2,2003-12,3,2.5,2004-02,OK,"L.attrs contém termo(s) ['forecast_period'] — indica semântica de lead/target, mas isso sozinho não confirma o valor exato de H3 sem uma variável auxiliar de data-alvo. | nenhuma variável auxiliar de data-alvo (('target', 'valid_time', 'target_month', 'forecast_time')) encontrada no dataset aberto — tentando Método B (semântica documentada do eixo forecast_period, Seção 4). | confirmado pela semântica documentada do eixo forecast_period (Método B, Seção 4/6): inicialização confirmada via SCALAR_COORD_ON_VARIABLE (status=OK_SCALAR_COORD), L.standard_name='forecast_period'/units='months', grade [0.5, 1.5, 2.5, 3.5, 4.5, 5.5] mensal confirmada, rota com forecast_period_semantics_documented=True.",CONFIRMED_BY_FORECAST_PERIOD_SEMANTICS,SCALAR_COORD_ON_VARIABLE,2003-12,2003-12,1,OK_SCALAR_COORD,RANGEEDGES,RANGEEDGES_WINDOW_COORDINATE_MATCH,2003-12-01 00:00:00; 2004-01-01 00:00:00,2003-12-01 00:00:00,"esquema=lead1_igual_mes_inicializacao, representação=NMME_HARMONIZED_MONTHLY",Fazendas_Sinobras_Centroide
2003-12,NOAA_NCEP,CFSv2,2003-12,4,3.5,2004-03,OK,"L.attrs contém termo(s) ['forecast_period'] — indica semântica de lead/target, mas isso sozinho não confirma o valor exato de H4 sem uma variável auxiliar de data-alvo. | nenhuma variável auxiliar de data-alvo (('target', 'valid_time', 'target_month', 'forecast_time')) encontrada no dataset aberto — tentando Método B (semântica documentada do eixo forecast_period, Seção 4). | confirmado pela semântica documentada do eixo forecast_period (Método B, Seção 4/6): inicialização confirmada via SCALAR_COORD_ON_VARIABLE (status=OK_SCALAR_COORD), L.standard_name='forecast_period'/units='months', grade [0.5, 1.5, 2.5, 3.5, 4.5, 5.5] mensal confirmada, rota com forecast_period_semantics_documented=True.",CONFIRMED_BY_FORECAST_PERIOD_SEMANTICS,SCALAR_COORD_ON_VARIABLE,2003-12,2003-12,1,OK_SCALAR_COORD,RANGEEDGES,RANGEEDGES_WINDOW_COORDINATE_MATCH,2003-12-01 00:00:00; 2004-01-01 00:00:00,2003-12-01 00:00:00,"esquema=lead1_igual_mes_inicializacao, representação=NMME_HARMONIZED_MONTHLY",Fazendas_Sinobras_Centroide
2003-12,NOAA_NCEP,CFSv2,2003-12,5,4.5,2004-04,OK,"L.attrs contém termo(s) ['forecast_period'] — indica semântica de lead/target, mas isso sozinho não confirma o valor exato de H5 sem uma variável auxiliar de data-alvo. | nenhuma variável auxiliar de data-alvo (('target', 'valid_time', 'target_month', 'forecast_time')) encontrada no dataset aberto — tentando Método B (semântica documentada do eixo forecast_period, Seção 4). | confirmado pela semântica documentada do eixo forecast_period (Método B, Seção 4/6): inicialização confirmada via SCALAR_COORD_ON_VARIABLE (status=OK_SCALAR_COORD), L.standard_name='forecast_period'/units='months', grade [0.5, 1.5, 2.5, 3.5, 4.5, 5.5] mensal confirmada, rota com forecast_period_semantics_documented=True.",CONFIRMED_BY_FORECAST_PERIOD_SEMANTICS,SCALAR_COORD_ON_VARIABLE,2003-12,2003-12,1,OK_SCALAR_COORD,RANGEEDGES,RANGEEDGES_WINDOW_COORDINATE_MATCH,2003-12-01 00:00:00; 2004-01-01 00:00:00,2003-12-01 00:00:00,"esquema=lead1_igual_mes_inicializacao, representação=NMME_HARMONIZED_MONTHLY",Fazendas_Sinobras_Centroide
2003-12,NOAA_NCEP,CFSv2,2003-12,6,5.5,2004-05,OK,"L.attrs contém termo(s) ['forecast_period'] — indica semântica de lead/target, mas isso sozinho não confirma o valor exato de H6 sem uma variável auxiliar de data-alvo. | nenhuma variável auxiliar de data-alvo (('target', 'valid_time', 'target_month', 'forecast_time')) encontrada no dataset aberto — tentando Método B (semântica documentada do eixo forecast_period, Seção 4). | confirmado pela semântica documentada do eixo forecast_period (Método B, Seção 4/6): inicialização confirmada via SCALAR_COORD_ON_VARIABLE (status=OK_SCALAR_COORD), L.standard_name='forecast_period'/units='months', grade [0.5, 1.5, 2.5, 3.5, 4.5, 5.5] mensal confirmada, rota com forecast_period_semantics_documented=True.",CONFIRMED_BY_FORECAST_PERIOD_SEMANTICS,SCALAR_COORD_ON_VARIABLE,2003-12,2003-12,1,OK_SCALAR_COORD,RANGEEDGES,RANGEEDGES_WINDOW_COORDINATE_MATCH,2003-12-01 00:00:00; 2004-01-01 00:00:00,2003-12-01 00:00:00,"esquema=lead1_igual_mes_inicializacao, representação=NMME_HARMONIZED_MONTHLY",Fazendas_Sinobras_Centroide
2004-01,NOAA_NCEP,CFSv2,2004-01,1,0.5,2004-01,OK,"L.attrs contém termo(s) ['forecast_period'] — indica semântica de lead/target, mas isso sozinho não confirma o valor exato de H1 sem uma variável auxiliar de data-alvo. | nenhuma variável auxiliar de data-alvo (('target', 'valid_time', 'target_month', 'forecast_time')) encontrada no dataset aberto — tentando Método B (semântica documentada do eixo forecast_period, Seção 4). | confirmado pela semântica documentada do eixo forecast_period (Método B, Seção 4/6): inicialização confirmada via SCALAR_COORD_ON_VARIABLE (status=OK_SCALAR_COORD), L.standard_name='forecast_period'/units='months', grade [0.5, 1.5, 2.5, 3.5, 4.5, 5.5] mensal confirmada, rota com forecast_period_semantics_documented=True.",CONFIRMED_BY_FORECAST_PERIOD_SEMANTICS,SCALAR_COORD_ON_VARIABLE,2004-01,2004-01,1,OK_SCALAR_COORD,RANGEEDGES,RANGEEDGES_WINDOW_COORDINATE_MATCH,2004-01-01 00:00:00; 2004-02-01 00:00:00,2004-01-01 00:00:00,"esquema=lead1_igual_mes_inicializacao, representação=NMME_HARMONIZED_MONTHLY",Fazendas_Sinobras_Centroide
2004-01,NOAA_NCEP,CFSv2,2004-01,2,1.5,2004-02,OK,"L.attrs contém termo(s) ['forecast_period'] — indica semântica de lead/target, mas isso sozinho não confirma o valor exato de H2 sem uma variável auxiliar de data-alvo. | nenhuma variável auxiliar de data-alvo (('target', 'valid_time', 'target_month', 'forecast_time')) encontrada no dataset aberto — tentando Método B (semântica documentada do eixo forecast_period, Seção 4). | confirmado pela semântica documentada do eixo forecast_period (Método B, Seção 4/6): inicialização confirmada via SCALAR_COORD_ON_VARIABLE (status=OK_SCALAR_COORD), L.standard_name='forecast_period'/units='months', grade [0.5, 1.5, 2.5, 3.5, 4.5, 5.5] mensal confirmada, rota com forecast_period_semantics_documented=True.",CONFIRMED_BY_FORECAST_PERIOD_SEMANTICS,SCALAR_COORD_ON_VARIABLE,2004-01,2004-01,1,OK_SCALAR_COORD,RANGEEDGES,RANGEEDGES_WINDOW_COORDINATE_MATCH,2004-01-01 00:00:00; 2004-02-01 00:00:00,2004-01-01 00:00:00,"esquema=lead1_igual_mes_inicializacao, representação=NMME_HARMONIZED_MONTHLY",Fazendas_Sinobras_Centroide
2004-01,NOAA_NCEP,CFSv2,2004-01,3,2.5,2004-03,OK,"L.attrs contém termo(s) ['forecast_period'] — indica semântica de lead/target, mas isso sozinho não confirma o valor exato de H3 sem uma variável auxiliar de data-alvo. | nenhuma variável auxiliar de data-alvo (('target', 'valid_time', 'target_month', 'forecast_time')) encontrada no dataset aberto — tentando Método B (semântica documentada do eixo forecast_period, Seção 4). | confirmado pela semântica documentada do eixo forecast_period (Método B, Seção 4/6): inicialização confirmada via SCALAR_COORD_ON_VARIABLE (status=OK_SCALAR_COORD), L.standard_name='forecast_period'/units='months', grade [0.5, 1.5, 2.5, 3.5, 4.5, 5.5] mensal confirmada, rota com forecast_period_semantics_documented=True.",CONFIRMED_BY_FORECAST_PERIOD_SEMANTICS,SCALAR_COORD_ON_VARIABLE,2004-01,2004-01,1,OK_SCALAR_COORD,RANGEEDGES,RANGEEDGES_WINDOW_COORDINATE_MATCH,2004-01-01 00:00:00; 2004-02-01 00:00:00,2004-01-01 00:00:00,"esquema=lead1_igual_mes_inicializacao, representação=NMME_HARMONIZED_MONTHLY",Fazendas_Sinobras_Centroide
2004-01,NOAA_NCEP,CFSv2,2004-01,4,3.5,2004-04,OK,"L.attrs contém termo(s) ['forecast_period'] — indica semântica de lead/target, mas isso sozinho não confirma o valor exato de H4 sem uma variável auxiliar de data-alvo. | nenhuma variável auxiliar de data-alvo (('target', 'valid_time', 'target_month', 'forecast_time')) encontrada no dataset aberto — tentando Método B (semântica documentada do eixo forecast_period, Seção 4). | confirmado pela semântica documentada do eixo forecast_period (Método B, Seção 4/6): inicialização confirmada via SCALAR_COORD_ON_VARIABLE (status=OK_SCALAR_COORD), L.standard_name='forecast_period'/units='months', grade [0.5, 1.5, 2.5, 3.5, 4.5, 5.5] mensal confirmada, rota com forecast_period_semantics_documented=True.",CONFIRMED_BY_FORECAST_PERIOD_SEMANTICS,SCALAR_COORD_ON_VARIABLE,2004-01,2004-01,1,OK_SCALAR_COORD,RANGEEDGES,RANGEEDGES_WINDOW_COORDINATE_MATCH,2004-01-01 00:00:00; 2004-02-01 00:00:00,2004-01-01 00:00:00,"esquema=lead1_igual_mes_inicializacao, representação=NMME_HARMONIZED_MONTHLY",Fazendas_Sinobras_Centroide
2004-01,NOAA_NCEP,CFSv2,2004-01,5,4.5,2004-05,OK,"L.attrs contém termo(s) ['forecast_period'] — indica semântica de lead/target, mas isso sozinho não confirma o valor exato de H5 sem uma variável auxiliar de data-alvo. | nenhuma variável auxiliar de data-alvo (('target', 'valid_time', 'target_month', 'forecast_time')) encontrada no dataset aberto — tentando Método B (semântica documentada do eixo forecast_period, Seção 4). | confirmado pela semântica documentada do eixo forecast_period (Método B, Seção 4/6): inicialização confirmada via SCALAR_COORD_ON_VARIABLE (status=OK_SCALAR_COORD), L.standard_name='forecast_period'/units='months', grade [0.5, 1.5, 2.5, 3.5, 4.5, 5.5] mensal confirmada, rota com forecast_period_semantics_documented=True.",CONFIRMED_BY_FORECAST_PERIOD_SEMANTICS,SCALAR_COORD_ON_VARIABLE,2004-01,2004-01,1,OK_SCALAR_COORD,RANGEEDGES,RANGEEDGES_WINDOW_COORDINATE_MATCH,2004-01-01 00:00:00; 2004-02-01 00:00:00,2004-01-01 00:00:00,"esquema=lead1_igual_mes_inicializacao, representação=NMME_HARMONIZED_MONTHLY",Fazendas_Sinobras_Centroide
2004-01,NOAA_NCEP,CFSv2,2004-01,6,5.5,2004-06,OK,"L.attrs contém termo(s) ['forecast_period'] — indica semântica de lead/target, mas isso sozinho não confirma o valor exato de H6 sem uma variável auxiliar de data-alvo. | nenhuma variável auxiliar de data-alvo (('target', 'valid_time', 'target_month', 'forecast_time')) encontrada no dataset aberto — tentando Método B (semântica documentada do eixo forecast_period, Seção 4). | confirmado pela semântica documentada do eixo forecast_period (Método B, Seção 4/6): inicialização confirmada via SCALAR_COORD_ON_VARIABLE (status=OK_SCALAR_COORD), L.standard_name='forecast_period'/units='months', grade [0.5, 1.5, 2.5, 3.5, 4.5, 5.5] mensal confirmada, rota com forecast_period_semantics_documented=True.",CONFIRMED_BY_FORECAST_PERIOD_SEMANTICS,SCALAR_COORD_ON_VARIABLE,2004-01,2004-01,1,OK_SCALAR_COORD,RANGEEDGES,RANGEEDGES_WINDOW_COORDINATE_MATCH,2004-01-01 00:00:00; 2004-02-01 00:00:00,2004-01-01 00:00:00,"esquema=lead1_igual_mes_inicializacao, representação=NMME_HARMONIZED_MONTHLY",Fazendas_Sinobras_Centroide
2004-02,NOAA_NCEP,CFSv2,2004-02,1,0.5,2004-02,OK,"L.attrs contém termo(s) ['forecast_period'] — indica semântica de lead/target, mas isso sozinho não confirma o valor exato de H1 sem uma variável auxiliar de data-alvo. | nenhuma variável auxiliar de data-alvo (('target', 'valid_time', 'target_month', 'forecast_time')) encontrada no dataset aberto — tentando Método B (semântica documentada do eixo forecast_period, Seção 4). | confirmado pela semântica documentada do eixo forecast_period (Método B, Seção 4/6): inicialização confirmada via SCALAR_COORD_ON_VARIABLE (status=OK_SCALAR_COORD), L.standard_name='forecast_period'/units='months', grade [0.5, 1.5, 2.5, 3.5, 4.5, 5.5] mensal confirmada, rota com forecast_period_semantics_documented=True.",CONFIRMED_BY_FORECAST_PERIOD_SEMANTICS,SCALAR_COORD_ON_VARIABLE,2004-02,2004-02,1,OK_SCALAR_COORD,RANGEEDGES,RANGEEDGES_WINDOW_COORDINATE_MATCH,2004-02-01 00:00:00; 2004-03-01 00:00:00,2004-02-01 00:00:00,"esquema=lead1_igual_mes_inicializacao, representação=NMME_HARMONIZED_MONTHLY",Fazendas_Sinobras_Centroide
2004-02,NOAA_NCEP,CFSv2,2004-02,2,1.5,2004-03,OK,"L.attrs contém termo(s) ['forecast_period'] — indica semântica de lead/target, mas isso sozinho não confirma o valor exato de H2 sem uma variável auxiliar de data-alvo. | nenhuma variável auxiliar de data-alvo (('target', 'valid_time', 'target_month', 'forecast_time')) encontrada no dataset aberto — tentando Método B (semântica documentada do eixo forecast_period, Seção 4). | confirmado pela semântica documentada do eixo forecast_period (Método B, Seção 4/6): inicialização confirmada via SCALAR_COORD_ON_VARIABLE (status=OK_SCALAR_COORD), L.standard_name='forecast_period'/units='months', grade [0.5, 1.5, 2.5, 3.5, 4.5, 5.5] mensal confirmada, rota com forecast_period_semantics_documented=True.",CONFIRMED_BY_FORECAST_PERIOD_SEMANTICS,SCALAR_COORD_ON_VARIABLE,2004-02,2004-02,1,OK_SCALAR_COORD,RANGEEDGES,RANGEEDGES_WINDOW_COORDINATE_MATCH,2004-02-01 00:00:00; 2004-03-01 00:00:00,2004-02-01 00:00:00,"esquema=lead1_igual_mes_inicializacao, representação=NMME_HARMONIZED_MONTHLY",Fazendas_Sinobras_Centroide
2004-02,NOAA_NCEP,CFSv2,2004-02,3,2.5,2004-04,OK,"L.attrs contém termo(s) ['forecast_period'] — indica semântica de lead/target, mas isso sozinho não confirma o valor exato de H3 sem uma variável auxiliar de data-alvo. | nenhuma variável auxiliar de data-alvo (('target', 'valid_time', 'target_month', 'forecast_time')) encontrada no dataset aberto — tentando Método B (semântica documentada do eixo forecast_period, Seção 4). | confirmado pela semântica documentada do eixo forecast_period (Método B, Seção 4/6): inicialização confirmada via SCALAR_COORD_ON_VARIABLE (status=OK_SCALAR_COORD), L.standard_name='forecast_period'/units='months', grade [0.5, 1.5, 2.5, 3.5, 4.5, 5.5] mensal confirmada, rota com forecast_period_semantics_documented=True.",CONFIRMED_BY_FORECAST_PERIOD_SEMANTICS,SCALAR_COORD_ON_VARIABLE,2004-02,2004-02,1,OK_SCALAR_COORD,RANGEEDGES,RANGEEDGES_WINDOW_COORDINATE_MATCH,2004-02-01 00:00:00; 2004-03-01 00:00:00,2004-02-01 00:00:00,"esquema=lead1_igual_mes_inicializacao, representação=NMME_HARMONIZED_MONTHLY",Fazendas_Sinobras_Centroide
2004-02,NOAA_NCEP,CFSv2,2004-02,4,3.5,2004-05,OK,"L.attrs contém termo(s) ['forecast_period'] — indica semântica de lead/target, mas isso sozinho não confirma o valor exato de H4 sem uma variável auxiliar de data-alvo. | nenhuma variável auxiliar de data-alvo (('target', 'valid_time', 'target_month', 'forecast_time')) encontrada no dataset aberto — tentando Método B (semântica documentada do eixo forecast_period, Seção 4). | confirmado pela semântica documentada do eixo forecast_period (Método B, Seção 4/6): inicialização confirmada via SCALAR_COORD_ON_VARIABLE (status=OK_SCALAR_COORD), L.standard_name='forecast_period'/units='months', grade [0.5, 1.5, 2.5, 3.5, 4.5, 5.5] mensal confirmada, rota com forecast_period_semantics_documented=True.",CONFIRMED_BY_FORECAST_PERIOD_SEMANTICS,SCALAR_COORD_ON_VARIABLE,2004-02,2004-02,1,OK_SCALAR_COORD,RANGEEDGES,RANGEEDGES_WINDOW_COORDINATE_MATCH,2004-02-01 00:00:00; 2004-03-01 00:00:00,2004-02-01 00:00:00,"esquema=lead1_igual_mes_inicializacao, representação=NMME_HARMONIZED_MONTHLY",Fazendas_Sinobras_Centroide
2004-02,NOAA_NCEP,CFSv2,2004-02,5,4.5,2004-06,OK,"L.attrs contém termo(s) ['forecast_period'] — indica semântica de lead/target, mas isso sozinho não confirma o valor exato de H5 sem uma variável auxiliar de data-alvo. | nenhuma variável auxiliar de data-alvo (('target', 'valid_time', 'target_month', 'forecast_time')) encontrada no dataset aberto — tentando Método B (semântica documentada do eixo forecast_period, Seção 4). | confirmado pela semântica documentada do eixo forecast_period (Método B, Seção 4/6): inicialização confirmada via SCALAR_COORD_ON_VARIABLE (status=OK_SCALAR_COORD), L.standard_name='forecast_period'/units='months', grade [0.5, 1.5, 2.5, 3.5, 4.5, 5.5] mensal confirmada, rota com forecast_period_semantics_documented=True.",CONFIRMED_BY_FORECAST_PERIOD_SEMANTICS,SCALAR_COORD_ON_VARIABLE,2004-02,2004-02,1,OK_SCALAR_COORD,RANGEEDGES,RANGEEDGES_WINDOW_COORDINATE_MATCH,2004-02-01 00:00:00; 2004-03-01 00:00:00,2004-02-01 00:00:00,"esquema=lead1_igual_mes_inicializacao, representação=NMME_HARMONIZED_MONTHLY",Fazendas_Sinobras_Centroide
2004-02,NOAA_NCEP,CFSv2,2004-02,6,5.5,2004-07,OK,"L.attrs contém termo(s) ['forecast_period'] — indica semântica de lead/target, mas isso sozinho não confirma o valor exato de H6 sem uma variável auxiliar de data-alvo. | nenhuma variável auxiliar de data-alvo (('target', 'valid_time', 'target_month', 'forecast_time')) encontrada no dataset aberto — tentando Método B (semântica documentada do eixo forecast_period, Seção 4). | confirmado pela semântica documentada do eixo forecast_period (Método B, Seção 4/6): inicialização confirmada via SCALAR_COORD_ON_VARIABLE (status=OK_SCALAR_COORD), L.standard_name='forecast_period'/units='months', grade [0.5, 1.5, 2.5, 3.5, 4.5, 5.5] mensal confirmada, rota com forecast_period_semantics_documented=True.",CONFIRMED_BY_FORECAST_PERIOD_SEMANTICS,SCALAR_COORD_ON_VARIABLE,2004-02,2004-02,1,OK_SCALAR_COORD,RANGEEDGES,RANGEEDGES_WINDOW_COORDINATE_MATCH,2004-02-01 00:00:00; 2004-03-01 00:00:00,2004-02-01 00:00:00,"esquema=lead1_igual_mes_inicializacao, representação=NMME_HARMONIZED_MONTHLY",Fazendas_Sinobras_Centroide
2004-03,NOAA_NCEP,CFSv2,2004-03,1,0.5,2004-03,OK,"L.attrs contém termo(s) ['forecast_period'] — indica semântica de lead/target, mas isso sozinho não confirma o valor exato de H1 sem uma variável auxiliar de data-alvo. | nenhuma variável auxiliar de data-alvo (('target', 'valid_time', 'target_month', 'forecast_time')) encontrada no dataset aberto — tentando Método B (semântica documentada do eixo forecast_period, Seção 4). | confirmado pela semântica documentada do eixo forecast_period (Método B, Seção 4/6): inicialização confirmada via SCALAR_COORD_ON_VARIABLE (status=OK_SCALAR_COORD), L.standard_name='forecast_period'/units='months', grade [0.5, 1.5, 2.5, 3.5, 4.5, 5.5] mensal confirmada, rota com forecast_period_semantics_documented=True.",CONFIRMED_BY_FORECAST_PERIOD_SEMANTICS,SCALAR_COORD_ON_VARIABLE,2004-03,2004-03,1,OK_SCALAR_COORD,RANGEEDGES,RANGEEDGES_WINDOW_COORDINATE_MATCH,2004-03-01 00:00:00; 2004-04-01 00:00:00,2004-03-01 00:00:00,"esquema=lead1_igual_mes_inicializacao, representação=NMME_HARMONIZED_MONTHLY",Fazendas_Sinobras_Centroide
2004-03,NOAA_NCEP,CFSv2,2004-03,2,1.5,2004-04,OK,"L.attrs contém termo(s) ['forecast_period'] — indica semântica de lead/target, mas isso sozinho não confirma o valor exato de H2 sem uma variável auxiliar de data-alvo. | nenhuma variável auxiliar de data-alvo (('target', 'valid_time', 'target_month', 'forecast_time')) encontrada no dataset aberto — tentando Método B (semântica documentada do eixo forecast_period, Seção 4). | confirmado pela semântica documentada do eixo forecast_period (Método B, Seção 4/6): inicialização confirmada via SCALAR_COORD_ON_VARIABLE (status=OK_SCALAR_COORD), L.standard_name='forecast_period'/units='months', grade [0.5, 1.5, 2.5, 3.5, 4.5, 5.5] mensal confirmada, rota com forecast_period_semantics_documented=True.",CONFIRMED_BY_FORECAST_PERIOD_SEMANTICS,SCALAR_COORD_ON_VARIABLE,2004-03,2004-03,1,OK_SCALAR_COORD,RANGEEDGES,RANGEEDGES_WINDOW_COORDINATE_MATCH,2004-03-01 00:00:00; 2004-04-01 00:00:00,2004-03-01 00:00:00,"esquema=lead1_igual_mes_inicializacao, representação=NMME_HARMONIZED_MONTHLY",Fazendas_Sinobras_Centroide
2004-03,NOAA_NCEP,CFSv2,2004-03,3,2.5,2004-05,OK,"L.attrs contém termo(s) ['forecast_period'] — indica semântica de lead/target, mas isso sozinho não confirma o valor exato de H3 sem uma variável auxiliar de data-alvo. | nenhuma variável auxiliar de data-alvo (('target', 'valid_time', 'target_month', 'forecast_time')) encontrada no dataset aberto — tentando Método B (semântica documentada do eixo forecast_period, Seção 4). | confirmado pela semântica documentada do eixo forecast_period (Método B, Seção 4/6): inicialização confirmada via SCALAR_COORD_ON_VARIABLE (status=OK_SCALAR_COORD), L.standard_name='forecast_period'/units='months', grade [0.5, 1.5, 2.5, 3.5, 4.5, 5.5] mensal confirmada, rota com forecast_period_semantics_documented=True.",CONFIRMED_BY_FORECAST_PERIOD_SEMANTICS,SCALAR_COORD_ON_VARIABLE,2004-03,2004-03,1,OK_SCALAR_COORD,RANGEEDGES,RANGEEDGES_WINDOW_COORDINATE_MATCH,2004-03-01 00:00:00; 2004-04-01 00:00:00,2004-03-01 00:00:00,"esquema=lead1_igual_mes_inicializacao, representação=NMME_HARMONIZED_MONTHLY",Fazendas_Sinobras_Centroide
2004-03,NOAA_NCEP,CFSv2,2004-03,4,3.5,2004-06,OK,"L.attrs contém termo(s) ['forecast_period'] — indica semântica de lead/target, mas isso sozinho não confirma o valor exato de H4 sem uma variável auxiliar de data-alvo. | nenhuma variável auxiliar de data-alvo (('target', 'valid_time', 'target_month', 'forecast_time')) encontrada no dataset aberto — tentando Método B (semântica documentada do eixo forecast_period, Seção 4). | confirmado pela semântica documentada do eixo forecast_period (Método B, Seção 4/6): inicialização confirmada via SCALAR_COORD_ON_VARIABLE (status=OK_SCALAR_COORD), L.standard_name='forecast_period'/units='months', grade [0.5, 1.5, 2.5, 3.5, 4.5, 5.5] mensal confirmada, rota com forecast_period_semantics_documented=True.",CONFIRMED_BY_FORECAST_PERIOD_SEMANTICS,SCALAR_COORD_ON_VARIABLE,2004-03,2004-03,1,OK_SCALAR_COORD,RANGEEDGES,RANGEEDGES_WINDOW_COORDINATE_MATCH,2004-03-01 00:00:00; 2004-04-01 00:00:00,2004-03-01 00:00:00,"esquema=lead1_igual_mes_inicializacao, representação=NMME_HARMONIZED_MONTHLY",Fazendas_Sinobras_Centroide
2004-03,NOAA_NCEP,CFSv2,2004-03,5,4.5,2004-07,OK,"L.attrs contém termo(s) ['forecast_period'] — indica semântica de lead/target, mas isso sozinho não confirma o valor exato de H5 sem uma variável auxiliar de data-alvo. | nenhuma variável auxiliar de data-alvo (('target', 'valid_time', 'target_month', 'forecast_time')) encontrada no dataset aberto — tentando Método B (semântica documentada do eixo forecast_period, Seção 4). | confirmado pela semântica documentada do eixo forecast_period (Método B, Seção 4/6): inicialização confirmada via SCALAR_COORD_ON_VARIABLE (status=OK_SCALAR_COORD), L.standard_name='forecast_period'/units='months', grade [0.5, 1.5, 2.5, 3.5, 4.5, 5.5] mensal confirmada, rota com forecast_period_semantics_documented=True.",CONFIRMED_BY_FORECAST_PERIOD_SEMANTICS,SCALAR_COORD_ON_VARIABLE,2004-03,2004-03,1,OK_SCALAR_COORD,RANGEEDGES,RANGEEDGES_WINDOW_COORDINATE_MATCH,2004-03-01 00:00:00; 2004-04-01 00:00:00,2004-03-01 00:00:00,"esquema=lead1_igual_mes_inicializacao, representação=NMME_HARMONIZED_MONTHLY",Fazendas_Sinobras_Centroide
2004-03,NOAA_NCEP,CFSv2,2004-03,6,5.5,2004-08,OK,"L.attrs contém termo(s) ['forecast_period'] — indica semântica de lead/target, mas isso sozinho não confirma o valor exato de H6 sem uma variável auxiliar de data-alvo. | nenhuma variável auxiliar de data-alvo (('target', 'valid_time', 'target_month', 'forecast_time')) encontrada no dataset aberto — tentando Método B (semântica documentada do eixo forecast_period, Seção 4). | confirmado pela semântica documentada do eixo forecast_period (Método B, Seção 4/6): inicialização confirmada via SCALAR_COORD_ON_VARIABLE (status=OK_SCALAR_COORD), L.standard_name='forecast_period'/units='months', grade [0.5, 1.5, 2.5, 3.5, 4.5, 5.5] mensal confirmada, rota com forecast_period_semantics_documented=True.",CONFIRMED_BY_FORECAST_PERIOD_SEMANTICS,SCALAR_COORD_ON_VARIABLE,2004-03,2004-03,1,OK_SCALAR_COORD,RANGEEDGES,RANGEEDGES_WINDOW_COORDINATE_MATCH,2004-03-01 00:00:00; 2004-04-01 00:00:00,2004-03-01 00:00:00,"esquema=lead1_igual_mes_inicializacao, representação=NMME_HARMONIZED_MONTHLY",Fazendas_Sinobras_Centroide
2004-04,NOAA_NCEP,CFSv2,2004-04,1,0.5,2004-04,OK,"L.attrs contém termo(s) ['forecast_period'] — indica semântica de lead/target, mas isso sozinho não confirma o valor exato de H1 sem uma variável auxiliar de data-alvo. | nenhuma variável auxiliar de data-alvo (('target', 'valid_time', 'target_month', 'forecast_time')) encontrada no dataset aberto — tentando Método B (semântica documentada do eixo forecast_period, Seção 4). | confirmado pela semântica documentada do eixo forecast_period (Método B, Seção 4/6): inicialização confirmada via SCALAR_COORD_ON_VARIABLE (status=OK_SCALAR_COORD), L.standard_name='forecast_period'/units='months', grade [0.5, 1.5, 2.5, 3.5, 4.5, 5.5] mensal confirmada, rota com forecast_period_semantics_documented=True.",CONFIRMED_BY_FORECAST_PERIOD_SEMANTICS,SCALAR_COORD_ON_VARIABLE,2004-04,2004-04,1,OK_SCALAR_COORD,RANGEEDGES,RANGEEDGES_WINDOW_COORDINATE_MATCH,2004-04-01 00:00:00; 2004-05-01 00:00:00,2004-04-01 00:00:00,"esquema=lead1_igual_mes_inicializacao, representação=NMME_HARMONIZED_MONTHLY",Fazendas_Sinobras_Centroide
2004-04,NOAA_NCEP,CFSv2,2004-04,2,1.5,2004-05,OK,"L.attrs contém termo(s) ['forecast_period'] — indica semântica de lead/target, mas isso sozinho não confirma o valor exato de H2 sem uma variável auxiliar de data-alvo. | nenhuma variável auxiliar de data-alvo (('target', 'valid_time', 'target_month', 'forecast_time')) encontrada no dataset aberto — tentando Método B (semântica documentada do eixo forecast_period, Seção 4). | confirmado pela semântica documentada do eixo forecast_period (Método B, Seção 4/6): inicialização confirmada via SCALAR_COORD_ON_VARIABLE (status=OK_SCALAR_COORD), L.standard_name='forecast_period'/units='months', grade [0.5, 1.5, 2.5, 3.5, 4.5, 5.5] mensal confirmada, rota com forecast_period_semantics_documented=True.",CONFIRMED_BY_FORECAST_PERIOD_SEMANTICS,SCALAR_COORD_ON_VARIABLE,2004-04,2004-04,1,OK_SCALAR_COORD,RANGEEDGES,RANGEEDGES_WINDOW_COORDINATE_MATCH,2004-04-01 00:00:00; 2004-05-01 00:00:00,2004-04-01 00:00:00,"esquema=lead1_igual_mes_inicializacao, representação=NMME_HARMONIZED_MONTHLY",Fazendas_Sinobras_Centroide
2004-04,NOAA_NCEP,CFSv2,2004-04,3,2.5,2004-06,OK,"L.attrs contém termo(s) ['forecast_period'] — indica semântica de lead/target, mas isso sozinho não confirma o valor exato de H3 sem uma variável auxiliar de data-alvo. | nenhuma variável auxiliar de data-alvo (('target', 'valid_time', 'target_month', 'forecast_time')) encontrada no dataset aberto — tentando Método B (semântica documentada do eixo forecast_period, Seção 4). | confirmado pela semântica documentada do eixo forecast_period (Método B, Seção 4/6): inicialização confirmada via SCALAR_COORD_ON_VARIABLE (status=OK_SCALAR_COORD), L.standard_name='forecast_period'/units='months', grade [0.5, 1.5, 2.5, 3.5, 4.5, 5.5] mensal confirmada, rota com forecast_period_semantics_documented=True.",CONFIRMED_BY_FORECAST_PERIOD_SEMANTICS,SCALAR_COORD_ON_VARIABLE,2004-04,2004-04,1,OK_SCALAR_COORD,RANGEEDGES,RANGEEDGES_WINDOW_COORDINATE_MATCH,2004-04-01 00:00:00; 2004-05-01 00:00:00,2004-04-01 00:00:00,"esquema=lead1_igual_mes_inicializacao, representação=NMME_HARMONIZED_MONTHLY",Fazendas_Sinobras_Centroide
2004-04,NOAA_NCEP,CFSv2,2004-04,4,3.5,2004-07,OK,"L.attrs contém termo(s) ['forecast_period'] — indica semântica de lead/target, mas isso sozinho não confirma o valor exato de H4 sem uma variável auxiliar de data-alvo. | nenhuma variável auxiliar de data-alvo (('target', 'valid_time', 'target_month', 'forecast_time')) encontrada no dataset aberto — tentando Método B (semântica documentada do eixo forecast_period, Seção 4). | confirmado pela semântica documentada do eixo forecast_period (Método B, Seção 4/6): inicialização confirmada via SCALAR_COORD_ON_VARIABLE (status=OK_SCALAR_COORD), L.standard_name='forecast_period'/units='months', grade [0.5, 1.5, 2.5, 3.5, 4.5, 5.5] mensal confirmada, rota com forecast_period_semantics_documented=True.",CONFIRMED_BY_FORECAST_PERIOD_SEMANTICS,SCALAR_COORD_ON_VARIABLE,2004-04,2004-04,1,OK_SCALAR_COORD,RANGEEDGES,RANGEEDGES_WINDOW_COORDINATE_MATCH,2004-04-01 00:00:00; 2004-05-01 00:00:00,2004-04-01 00:00:00,"esquema=lead1_igual_mes_inicializacao, representação=NMME_HARMONIZED_MONTHLY",Fazendas_Sinobras_Centroide
2004-04,NOAA_NCEP,CFSv2,2004-04,5,4.5,2004-08,OK,"L.attrs contém termo(s) ['forecast_period'] — indica semântica de lead/target, mas isso sozinho não confirma o valor exato de H5 sem uma variável auxiliar de data-alvo. | nenhuma variável auxiliar de data-alvo (('target', 'valid_time', 'target_month', 'forecast_time')) encontrada no dataset aberto — tentando Método B (semântica documentada do eixo forecast_period, Seção 4). | confirmado pela semântica documentada do eixo forecast_period (Método B, Seção 4/6): inicialização confirmada via SCALAR_COORD_ON_VARIABLE (status=OK_SCALAR_COORD), L.standard_name='forecast_period'/units='months', grade [0.5, 1.5, 2.5, 3.5, 4.5, 5.5] mensal confirmada, rota com forecast_period_semantics_documented=True.",CONFIRMED_BY_FORECAST_PERIOD_SEMANTICS,SCALAR_COORD_ON_VARIABLE,2004-04,2004-04,1,OK_SCALAR_COORD,RANGEEDGES,RANGEEDGES_WINDOW_COORDINATE_MATCH,2004-04-01 00:00:00; 2004-05-01 00:00:00,2004-04-01 00:00:00,"esquema=lead1_igual_mes_inicializacao, representação=NMME_HARMONIZED_MONTHLY",Fazendas_Sinobras_Centroide
2004-04,NOAA_NCEP,CFSv2,2004-04,6,5.5,2004-09,OK,"L.attrs contém termo(s) ['forecast_period'] — indica semântica de lead/target, mas isso sozinho não confirma o valor exato de H6 sem uma variável auxiliar de data-alvo. | nenhuma variável auxiliar de data-alvo (('target', 'valid_time', 'target_month', 'forecast_time')) encontrada no dataset aberto — tentando Método B (semântica documentada do eixo forecast_period, Seção 4). | confirmado pela semântica documentada do eixo forecast_period (Método B, Seção 4/6): inicialização confirmada via SCALAR_COORD_ON_VARIABLE (status=OK_SCALAR_COORD), L.standard_name='forecast_period'/units='months', grade [0.5, 1.5, 2.5, 3.5, 4.5, 5.5] mensal confirmada, rota com forecast_period_semantics_documented=True.",CONFIRMED_BY_FORECAST_PERIOD_SEMANTICS,SCALAR_COORD_ON_VARIABLE,2004-04,2004-04,1,OK_SCALAR_COORD,RANGEEDGES,RANGEEDGES_WINDOW_COORDINATE_MATCH,2004-04-01 00:00:00; 2004-05-01 00:00:00,2004-04-01 00:00:00,"esquema=lead1_igual_mes_inicializacao, representação=NMME_HARMONIZED_MONTHLY",Fazendas_Sinobras_Centroide
2004-05,NOAA_NCEP,CFSv2,2004-05,1,0.5,2004-05,OK,"L.attrs contém termo(s) ['forecast_period'] — indica semântica de lead/target, mas isso sozinho não confirma o valor exato de H1 sem uma variável auxiliar de data-alvo. | nenhuma variável auxiliar de data-alvo (('target', 'valid_time', 'target_month', 'forecast_time')) encontrada no dataset aberto — tentando Método B (semântica documentada do eixo forecast_period, Seção 4). | confirmado pela semântica documentada do eixo forecast_period (Método B, Seção 4/6): inicialização confirmada via SCALAR_COORD_ON_VARIABLE (status=OK_SCALAR_COORD), L.standard_name='forecast_period'/units='months', grade [0.5, 1.5, 2.5, 3.5, 4.5, 5.5] mensal confirmada, rota com forecast_period_semantics_documented=True.",CONFIRMED_BY_FORECAST_PERIOD_SEMANTICS,SCALAR_COORD_ON_VARIABLE,2004-05,2004-05,1,OK_SCALAR_COORD,RANGEEDGES,RANGEEDGES_WINDOW_COORDINATE_MATCH,2004-05-01 00:00:00; 2004-06-01 00:00:00,2004-05-01 00:00:00,"esquema=lead1_igual_mes_inicializacao, representação=NMME_HARMONIZED_MONTHLY",Fazendas_Sinobras_Centroide
2004-05,NOAA_NCEP,CFSv2,2004-05,2,1.5,2004-06,OK,"L.attrs contém termo(s) ['forecast_period'] — indica semântica de lead/target, mas isso sozinho não confirma o valor exato de H2 sem uma variável auxiliar de data-alvo. | nenhuma variável auxiliar de data-alvo (('target', 'valid_time', 'target_month', 'forecast_time')) encontrada no dataset aberto — tentando Método B (semântica documentada do eixo forecast_period, Seção 4). | confirmado pela semântica documentada do eixo forecast_period (Método B, Seção 4/6): inicialização confirmada via SCALAR_COORD_ON_VARIABLE (status=OK_SCALAR_COORD), L.standard_name='forecast_period'/units='months', grade [0.5, 1.5, 2.5, 3.5, 4.5, 5.5] mensal confirmada, rota com forecast_period_semantics_documented=True.",CONFIRMED_BY_FORECAST_PERIOD_SEMANTICS,SCALAR_COORD_ON_VARIABLE,2004-05,2004-05,1,OK_SCALAR_COORD,RANGEEDGES,RANGEEDGES_WINDOW_COORDINATE_MATCH,2004-05-01 00:00:00; 2004-06-01 00:00:00,2004-05-01 00:00:00,"esquema=lead1_igual_mes_inicializacao, representação=NMME_HARMONIZED_MONTHLY",Fazendas_Sinobras_Centroide
2004-05,NOAA_NCEP,CFSv2,2004-05,3,2.5,2004-07,OK,"L.attrs contém termo(s) ['forecast_period'] — indica semântica de lead/target, mas isso sozinho não confirma o valor exato de H3 sem uma variável auxiliar de data-alvo. | nenhuma variável auxiliar de data-alvo (('target', 'valid_time', 'target_month', 'forecast_time')) encontrada no dataset aberto — tentando Método B (semântica documentada do eixo forecast_period, Seção 4). | confirmado pela semântica documentada do eixo forecast_period (Método B, Seção 4/6): inicialização confirmada via SCALAR_COORD_ON_VARIABLE (status=OK_SCALAR_COORD), L.standard_name='forecast_period'/units='months', grade [0.5, 1.5, 2.5, 3.5, 4.5, 5.5] mensal confirmada, rota com forecast_period_semantics_documented=True.",CONFIRMED_BY_FORECAST_PERIOD_SEMANTICS,SCALAR_COORD_ON_VARIABLE,2004-05,2004-05,1,OK_SCALAR_COORD,RANGEEDGES,RANGEEDGES_WINDOW_COORDINATE_MATCH,2004-05-01 00:00:00; 2004-06-01 00:00:00,2004-05-01 00:00:00,"esquema=lead1_igual_mes_inicializacao, representação=NMME_HARMONIZED_MONTHLY",Fazendas_Sinobras_Centroide
2004-05,NOAA_NCEP,CFSv2,2004-05,4,3.5,2004-08,OK,"L.attrs contém termo(s) ['forecast_period'] — indica semântica de lead/target, mas isso sozinho não confirma o valor exato de H4 sem uma variável auxiliar de data-alvo. | nenhuma variável auxiliar de data-alvo (('target', 'valid_time', 'target_month', 'forecast_time')) encontrada no dataset aberto — tentando Método B (semântica documentada do eixo forecast_period, Seção 4). | confirmado pela semântica documentada do eixo forecast_period (Método B, Seção 4/6): inicialização confirmada via SCALAR_COORD_ON_VARIABLE (status=OK_SCALAR_COORD), L.standard_name='forecast_period'/units='months', grade [0.5, 1.5, 2.5, 3.5, 4.5, 5.5] mensal confirmada, rota com forecast_period_semantics_documented=True.",CONFIRMED_BY_FORECAST_PERIOD_SEMANTICS,SCALAR_COORD_ON_VARIABLE,2004-05,2004-05,1,OK_SCALAR_COORD,RANGEEDGES,RANGEEDGES_WINDOW_COORDINATE_MATCH,2004-05-01 00:00:00; 2004-06-01 00:00:00,2004-05-01 00:00:00,"esquema=lead1_igual_mes_inicializacao, representação=NMME_HARMONIZED_MONTHLY",Fazendas_Sinobras_Centroide
2004-05,NOAA_NCEP,CFSv2,2004-05,5,4.5,2004-09,OK,"L.attrs contém termo(s) ['forecast_period'] — indica semântica de lead/target, mas isso sozinho não confirma o valor exato de H5 sem uma variável auxiliar de data-alvo. | nenhuma variável auxiliar de data-alvo (('target', 'valid_time', 'target_month', 'forecast_time')) encontrada no dataset aberto — tentando Método B (semântica documentada do eixo forecast_period, Seção 4). | confirmado pela semântica documentada do eixo forecast_period (Método B, Seção 4/6): inicialização confirmada via SCALAR_COORD_ON_VARIABLE (status=OK_SCALAR_COORD), L.standard_name='forecast_period'/units='months', grade [0.5, 1.5, 2.5, 3.5, 4.5, 5.5] mensal confirmada, rota com forecast_period_semantics_documented=True.",CONFIRMED_BY_FORECAST_PERIOD_SEMANTICS,SCALAR_COORD_ON_VARIABLE,2004-05,2004-05,1,OK_SCALAR_COORD,RANGEEDGES,RANGEEDGES_WINDOW_COORDINATE_MATCH,2004-05-01 00:00:00; 2004-06-01 00:00:00,2004-05-01 00:00:00,"esquema=lead1_igual_mes_inicializacao, representação=NMME_HARMONIZED_MONTHLY",Fazendas_Sinobras_Centroide
2004-05,NOAA_NCEP,CFSv2,2004-05,6,5.5,2004-10,OK,"L.attrs contém termo(s) ['forecast_period'] — indica semântica de lead/target, mas isso sozinho não confirma o valor exato de H6 sem uma variável auxiliar de data-alvo. | nenhuma variável auxiliar de data-alvo (('target', 'valid_time', 'target_month', 'forecast_time')) encontrada no dataset aberto — tentando Método B (semântica documentada do eixo forecast_period, Seção 4). | confirmado pela semântica documentada do eixo forecast_period (Método B, Seção 4/6): inicialização confirmada via SCALAR_COORD_ON_VARIABLE (status=OK_SCALAR_COORD), L.standard_name='forecast_period'/units='months', grade [0.5, 1.5, 2.5, 3.5, 4.5, 5.5] mensal confirmada, rota com forecast_period_semantics_documented=True.",CONFIRMED_BY_FORECAST_PERIOD_SEMANTICS,SCALAR_COORD_ON_VARIABLE,2004-05,2004-05,1,OK_SCALAR_COORD,RANGEEDGES,RANGEEDGES_WINDOW_COORDINATE_MATCH,2004-05-01 00:00:00; 2004-06-01 00:00:00,2004-05-01 00:00:00,"esquema=lead1_igual_mes_inicializacao, representação=NMME_HARMONIZED_MONTHLY",Fazendas_Sinobras_Centroide
2004-06,NOAA_NCEP,CFSv2,2004-06,1,0.5,2004-06,OK,"L.attrs contém termo(s) ['forecast_period'] — indica semântica de lead/target, mas isso sozinho não confirma o valor exato de H1 sem uma variável auxiliar de data-alvo. | nenhuma variável auxiliar de data-alvo (('target', 'valid_time', 'target_month', 'forecast_time')) encontrada no dataset aberto — tentando Método B (semântica documentada do eixo forecast_period, Seção 4). | confirmado pela semântica documentada do eixo forecast_period (Método B, Seção 4/6): inicialização confirmada via SCALAR_COORD_ON_VARIABLE (status=OK_SCALAR_COORD), L.standard_name='forecast_period'/units='months', grade [0.5, 1.5, 2.5, 3.5, 4.5, 5.5] mensal confirmada, rota com forecast_period_semantics_documented=True.",CONFIRMED_BY_FORECAST_PERIOD_SEMANTICS,SCALAR_COORD_ON_VARIABLE,2004-06,2004-06,1,OK_SCALAR_COORD,RANGEEDGES,RANGEEDGES_WINDOW_COORDINATE_MATCH,2004-06-01 00:00:00; 2004-07-01 00:00:00,2004-06-01 00:00:00,"esquema=lead1_igual_mes_inicializacao, representação=NMME_HARMONIZED_MONTHLY",Fazendas_Sinobras_Centroide
2004-06,NOAA_NCEP,CFSv2,2004-06,2,1.5,2004-07,OK,"L.attrs contém termo(s) ['forecast_period'] — indica semântica de lead/target, mas isso sozinho não confirma o valor exato de H2 sem uma variável auxiliar de data-alvo. | nenhuma variável auxiliar de data-alvo (('target', 'valid_time', 'target_month', 'forecast_time')) encontrada no dataset aberto — tentando Método B (semântica documentada do eixo forecast_period, Seção 4). | confirmado pela semântica documentada do eixo forecast_period (Método B, Seção 4/6): inicialização confirmada via SCALAR_COORD_ON_VARIABLE (status=OK_SCALAR_COORD), L.standard_name='forecast_period'/units='months', grade [0.5, 1.5, 2.5, 3.5, 4.5, 5.5] mensal confirmada, rota com forecast_period_semantics_documented=True.",CONFIRMED_BY_FORECAST_PERIOD_SEMANTICS,SCALAR_COORD_ON_VARIABLE,2004-06,2004-06,1,OK_SCALAR_COORD,RANGEEDGES,RANGEEDGES_WINDOW_COORDINATE_MATCH,2004-06-01 00:00:00; 2004-07-01 00:00:00,2004-06-01 00:00:00,"esquema=lead1_igual_mes_inicializacao, representação=NMME_HARMONIZED_MONTHLY",Fazendas_Sinobras_Centroide
2004-06,NOAA_NCEP,CFSv2,2004-06,3,2.5,2004-08,OK,"L.attrs contém termo(s) ['forecast_period'] — indica semântica de lead/target, mas isso sozinho não confirma o valor exato de H3 sem uma variável auxiliar de data-alvo. | nenhuma variável auxiliar de data-alvo (('target', 'valid_time', 'target_month', 'forecast_time')) encontrada no dataset aberto — tentando Método B (semântica documentada do eixo forecast_period, Seção 4). | confirmado pela semântica documentada do eixo forecast_period (Método B, Seção 4/6): inicialização confirmada via SCALAR_COORD_ON_VARIABLE (status=OK_SCALAR_COORD), L.standard_name='forecast_period'/units='months', grade [0.5, 1.5, 2.5, 3.5, 4.5, 5.5] mensal confirmada, rota com forecast_period_semantics_documented=True.",CONFIRMED_BY_FORECAST_PERIOD_SEMANTICS,SCALAR_COORD_ON_VARIABLE,2004-06,2004-06,1,OK_SCALAR_COORD,RANGEEDGES,RANGEEDGES_WINDOW_COORDINATE_MATCH,2004-06-01 00:00:00; 2004-07-01 00:00:00,2004-06-01 00:00:00,"esquema=lead1_igual_mes_inicializacao, representação=NMME_HARMONIZED_MONTHLY",Fazendas_Sinobras_Centroide
2004-06,NOAA_NCEP,CFSv2,2004-06,4,3.5,2004-09,OK,"L.attrs contém termo(s) ['forecast_period'] — indica semântica de lead/target, mas isso sozinho não confirma o valor exato de H4 sem uma variável auxiliar de data-alvo. | nenhuma variável auxiliar de data-alvo (('target', 'valid_time', 'target_month', 'forecast_time')) encontrada no dataset aberto — tentando Método B (semântica documentada do eixo forecast_period, Seção 4). | confirmado pela semântica documentada do eixo forecast_period (Método B, Seção 4/6): inicialização confirmada via SCALAR_COORD_ON_VARIABLE (status=OK_SCALAR_COORD), L.standard_name='forecast_period'/units='months', grade [0.5, 1.5, 2.5, 3.5, 4.5, 5.5] mensal confirmada, rota com forecast_period_semantics_documented=True.",CONFIRMED_BY_FORECAST_PERIOD_SEMANTICS,SCALAR_COORD_ON_VARIABLE,2004-06,2004-06,1,OK_SCALAR_COORD,RANGEEDGES,RANGEEDGES_WINDOW_COORDINATE_MATCH,2004-06-01 00:00:00; 2004-07-01 00:00:00,2004-06-01 00:00:00,"esquema=lead1_igual_mes_inicializacao, representação=NMME_HARMONIZED_MONTHLY",Fazendas_Sinobras_Centroide
2004-06,NOAA_NCEP,CFSv2,2004-06,5,4.5,2004-10,OK,"L.attrs contém termo(s) ['forecast_period'] — indica semântica de lead/target, mas isso sozinho não confirma o valor exato de H5 sem uma variável auxiliar de data-alvo. | nenhuma variável auxiliar de data-alvo (('target', 'valid_time', 'target_month', 'forecast_time')) encontrada no dataset aberto — tentando Método B (semântica documentada do eixo forecast_period, Seção 4). | confirmado pela semântica documentada do eixo forecast_period (Método B, Seção 4/6): inicialização confirmada via SCALAR_COORD_ON_VARIABLE (status=OK_SCALAR_COORD), L.standard_name='forecast_period'/units='months', grade [0.5, 1.5, 2.5, 3.5, 4.5, 5.5] mensal confirmada, rota com forecast_period_semantics_documented=True.",CONFIRMED_BY_FORECAST_PERIOD_SEMANTICS,SCALAR_COORD_ON_VARIABLE,2004-06,2004-06,1,OK_SCALAR_COORD,RANGEEDGES,RANGEEDGES_WINDOW_COORDINATE_MATCH,2004-06-01 00:00:00; 2004-07-01 00:00:00,2004-06-01 00:00:00,"esquema=lead1_igual_mes_inicializacao, representação=NMME_HARMONIZED_MONTHLY",Fazendas_Sinobras_Centroide
2004-06,NOAA_NCEP,CFSv2,2004-06,6,5.5,2004-11,OK,"L.attrs contém termo(s) ['forecast_period'] — indica semântica de lead/target, mas isso sozinho não confirma o valor exato de H6 sem uma variável auxiliar de data-alvo. | nenhuma variável auxiliar de data-alvo (('target', 'valid_time', 'target_month', 'forecast_time')) encontrada no dataset aberto — tentando Método B (semântica documentada do eixo forecast_period, Seção 4). | confirmado pela semântica documentada do eixo forecast_period (Método B, Seção 4/6): inicialização confirmada via SCALAR_COORD_ON_VARIABLE (status=OK_SCALAR_COORD), L.standard_name='forecast_period'/units='months', grade [0.5, 1.5, 2.5, 3.5, 4.5, 5.5] mensal confirmada, rota com forecast_period_semantics_documented=True.",CONFIRMED_BY_FORECAST_PERIOD_SEMANTICS,SCALAR_COORD_ON_VARIABLE,2004-06,2004-06,1,OK_SCALAR_COORD,RANGEEDGES,RANGEEDGES_WINDOW_COORDINATE_MATCH,2004-06-01 00:00:00; 2004-07-01 00:00:00,2004-06-01 00:00:00,"esquema=lead1_igual_mes_inicializacao, representação=NMME_HARMONIZED_MONTHLY",Fazendas_Sinobras_Centroide
2004-07,NOAA_NCEP,CFSv2,2004-07,1,0.5,2004-07,OK,"L.attrs contém termo(s) ['forecast_period'] — indica semântica de lead/target, mas isso sozinho não confirma o valor exato de H1 sem uma variável auxiliar de data-alvo. | nenhuma variável auxiliar de data-alvo (('target', 'valid_time', 'target_month', 'forecast_time')) encontrada no dataset aberto — tentando Método B (semântica documentada do eixo forecast_period, Seção 4). | confirmado pela semântica documentada do eixo forecast_period (Método B, Seção 4/6): inicialização confirmada via SCALAR_COORD_ON_VARIABLE (status=OK_SCALAR_COORD), L.standard_name='forecast_period'/units='months', grade [0.5, 1.5, 2.5, 3.5, 4.5, 5.5] mensal confirmada, rota com forecast_period_semantics_documented=True.",CONFIRMED_BY_FORECAST_PERIOD_SEMANTICS,SCALAR_COORD_ON_VARIABLE,2004-07,2004-07,1,OK_SCALAR_COORD,RANGEEDGES,RANGEEDGES_WINDOW_COORDINATE_MATCH,2004-07-01 00:00:00; 2004-08-01 00:00:00,2004-07-01 00:00:00,"esquema=lead1_igual_mes_inicializacao, representação=NMME_HARMONIZED_MONTHLY",Fazendas_Sinobras_Centroide
2004-07,NOAA_NCEP,CFSv2,2004-07,2,1.5,2004-08,OK,"L.attrs contém termo(s) ['forecast_period'] — indica semântica de lead/target, mas isso sozinho não confirma o valor exato de H2 sem uma variável auxiliar de data-alvo. | nenhuma variável auxiliar de data-alvo (('target', 'valid_time', 'target_month', 'forecast_time')) encontrada no dataset aberto — tentando Método B (semântica documentada do eixo forecast_period, Seção 4). | confirmado pela semântica documentada do eixo forecast_period (Método B, Seção 4/6): inicialização confirmada via SCALAR_COORD_ON_VARIABLE (status=OK_SCALAR_COORD), L.standard_name='forecast_period'/units='months', grade [0.5, 1.5, 2.5, 3.5, 4.5, 5.5] mensal confirmada, rota com forecast_period_semantics_documented=True.",CONFIRMED_BY_FORECAST_PERIOD_SEMANTICS,SCALAR_COORD_ON_VARIABLE,2004-07,2004-07,1,OK_SCALAR_COORD,RANGEEDGES,RANGEEDGES_WINDOW_COORDINATE_MATCH,2004-07-01 00:00:00; 2004-08-01 00:00:00,2004-07-01 00:00:00,"esquema=lead1_igual_mes_inicializacao, representação=NMME_HARMONIZED_MONTHLY",Fazendas_Sinobras_Centroide
2004-07,NOAA_NCEP,CFSv2,2004-07,3,2.5,2004-09,OK,"L.attrs contém termo(s) ['forecast_period'] — indica semântica de lead/target, mas isso sozinho não confirma o valor exato de H3 sem uma variável auxiliar de data-alvo. | nenhuma variável auxiliar de data-alvo (('target', 'valid_time', 'target_month', 'forecast_time')) encontrada no dataset aberto — tentando Método B (semântica documentada do eixo forecast_period, Seção 4). | confirmado pela semântica documentada do eixo forecast_period (Método B, Seção 4/6): inicialização confirmada via SCALAR_COORD_ON_VARIABLE (status=OK_SCALAR_COORD), L.standard_name='forecast_period'/units='months', grade [0.5, 1.5, 2.5, 3.5, 4.5, 5.5] mensal confirmada, rota com forecast_period_semantics_documented=True.",CONFIRMED_BY_FORECAST_PERIOD_SEMANTICS,SCALAR_COORD_ON_VARIABLE,2004-07,2004-07,1,OK_SCALAR_COORD,RANGEEDGES,RANGEEDGES_WINDOW_COORDINATE_MATCH,2004-07-01 00:00:00; 2004-08-01 00:00:00,2004-07-01 00:00:00,"esquema=lead1_igual_mes_inicializacao, representação=NMME_HARMONIZED_MONTHLY",Fazendas_Sinobras_Centroide
2004-07,NOAA_NCEP,CFSv2,2004-07,4,3.5,2004-10,OK,"L.attrs contém termo(s) ['forecast_period'] — indica semântica de lead/target, mas isso sozinho não confirma o valor exato de H4 sem uma variável auxiliar de data-alvo. | nenhuma variável auxiliar de data-alvo (('target', 'valid_time', 'target_month', 'forecast_time')) encontrada no dataset aberto — tentando Método B (semântica documentada do eixo forecast_period, Seção 4). | confirmado pela semântica documentada do eixo forecast_period (Método B, Seção 4/6): inicialização confirmada via SCALAR_COORD_ON_VARIABLE (status=OK_SCALAR_COORD), L.standard_name='forecast_period'/units='months', grade [0.5, 1.5, 2.5, 3.5, 4.5, 5.5] mensal confirmada, rota com forecast_period_semantics_documented=True.",CONFIRMED_BY_FORECAST_PERIOD_SEMANTICS,SCALAR_COORD_ON_VARIABLE,2004-07,2004-07,1,OK_SCALAR_COORD,RANGEEDGES,RANGEEDGES_WINDOW_COORDINATE_MATCH,2004-07-01 00:00:00; 2004-08-01 00:00:00,2004-07-01 00:00:00,"esquema=lead1_igual_mes_inicializacao, representação=NMME_HARMONIZED_MONTHLY",Fazendas_Sinobras_Centroide
2004-07,NOAA_NCEP,CFSv2,2004-07,5,4.5,2004-11,OK,"L.attrs contém termo(s) ['forecast_period'] — indica semântica de lead/target, mas isso sozinho não confirma o valor exato de H5 sem uma variável auxiliar de data-alvo. | nenhuma variável auxiliar de data-alvo (('target', 'valid_time', 'target_month', 'forecast_time')) encontrada no dataset aberto — tentando Método B (semântica documentada do eixo forecast_period, Seção 4). | confirmado pela semântica documentada do eixo forecast_period (Método B, Seção 4/6): inicialização confirmada via SCALAR_COORD_ON_VARIABLE (status=OK_SCALAR_COORD), L.standard_name='forecast_period'/units='months', grade [0.5, 1.5, 2.5, 3.5, 4.5, 5.5] mensal confirmada, rota com forecast_period_semantics_documented=True.",CONFIRMED_BY_FORECAST_PERIOD_SEMANTICS,SCALAR_COORD_ON_VARIABLE,2004-07,2004-07,1,OK_SCALAR_COORD,RANGEEDGES,RANGEEDGES_WINDOW_COORDINATE_MATCH,2004-07-01 00:00:00; 2004-08-01 00:00:00,2004-07-01 00:00:00,"esquema=lead1_igual_mes_inicializacao, representação=NMME_HARMONIZED_MONTHLY",Fazendas_Sinobras_Centroide
2004-07,NOAA_NCEP,CFSv2,2004-07,6,5.5,2004-12,OK,"L.attrs contém termo(s) ['forecast_period'] — indica semântica de lead/target, mas isso sozinho não confirma o valor exato de H6 sem uma variável auxiliar de data-alvo. | nenhuma variável auxiliar de data-alvo (('target', 'valid_time', 'target_month', 'forecast_time')) encontrada no dataset aberto — tentando Método B (semântica documentada do eixo forecast_period, Seção 4). | confirmado pela semântica documentada do eixo forecast_period (Método B, Seção 4/6): inicialização confirmada via SCALAR_COORD_ON_VARIABLE (status=OK_SCALAR_COORD), L.standard_name='forecast_period'/units='months', grade [0.5, 1.5, 2.5, 3.5, 4.5, 5.5] mensal confirmada, rota com forecast_period_semantics_documented=True.",CONFIRMED_BY_FORECAST_PERIOD_SEMANTICS,SCALAR_COORD_ON_VARIABLE,2004-07,2004-07,1,OK_SCALAR_COORD,RANGEEDGES,RANGEEDGES_WINDOW_COORDINATE_MATCH,2004-07-01 00:00:00; 2004-08-01 00:00:00,2004-07-01 00:00:00,"esquema=lead1_igual_mes_inicializacao, representação=NMME_HARMONIZED_MONTHLY",Fazendas_Sinobras_Centroide
2004-08,NOAA_NCEP,CFSv2,2004-08,1,0.5,2004-08,OK,"L.attrs contém termo(s) ['forecast_period'] — indica semântica de lead/target, mas isso sozinho não confirma o valor exato de H1 sem uma variável auxiliar de data-alvo. | nenhuma variável auxiliar de data-alvo (('target', 'valid_time', 'target_month', 'forecast_time')) encontrada no dataset aberto — tentando Método B (semântica documentada do eixo forecast_period, Seção 4). | confirmado pela semântica documentada do eixo forecast_period (Método B, Seção 4/6): inicialização confirmada via SCALAR_COORD_ON_VARIABLE (status=OK_SCALAR_COORD), L.standard_name='forecast_period'/units='months', grade [0.5, 1.5, 2.5, 3.5, 4.5, 5.5] mensal confirmada, rota com forecast_period_semantics_documented=True.",CONFIRMED_BY_FORECAST_PERIOD_SEMANTICS,SCALAR_COORD_ON_VARIABLE,2004-08,2004-08,1,OK_SCALAR_COORD,RANGEEDGES,RANGEEDGES_WINDOW_COORDINATE_MATCH,2004-08-01 00:00:00; 2004-09-01 00:00:00,2004-08-01 00:00:00,"esquema=lead1_igual_mes_inicializacao, representação=NMME_HARMONIZED_MONTHLY",Fazendas_Sinobras_Centroide
2004-08,NOAA_NCEP,CFSv2,2004-08,2,1.5,2004-09,OK,"L.attrs contém termo(s) ['forecast_period'] — indica semântica de lead/target, mas isso sozinho não confirma o valor exato de H2 sem uma variável auxiliar de data-alvo. | nenhuma variável auxiliar de data-alvo (('target', 'valid_time', 'target_month', 'forecast_time')) encontrada no dataset aberto — tentando Método B (semântica documentada do eixo forecast_period, Seção 4). | confirmado pela semântica documentada do eixo forecast_period (Método B, Seção 4/6): inicialização confirmada via SCALAR_COORD_ON_VARIABLE (status=OK_SCALAR_COORD), L.standard_name='forecast_period'/units='months', grade [0.5, 1.5, 2.5, 3.5, 4.5, 5.5] mensal confirmada, rota com forecast_period_semantics_documented=True.",CONFIRMED_BY_FORECAST_PERIOD_SEMANTICS,SCALAR_COORD_ON_VARIABLE,2004-08,2004-08,1,OK_SCALAR_COORD,RANGEEDGES,RANGEEDGES_WINDOW_COORDINATE_MATCH,2004-08-01 00:00:00; 2004-09-01 00:00:00,2004-08-01 00:00:00,"esquema=lead1_igual_mes_inicializacao, representação=NMME_HARMONIZED_MONTHLY",Fazendas_Sinobras_Centroide
2004-08,NOAA_NCEP,CFSv2,2004-08,3,2.5,2004-10,OK,"L.attrs contém termo(s) ['forecast_period'] — indica semântica de lead/target, mas isso sozinho não confirma o valor exato de H3 sem uma variável auxiliar de data-alvo. | nenhuma variável auxiliar de data-alvo (('target', 'valid_time', 'target_month', 'forecast_time')) encontrada no dataset aberto — tentando Método B (semântica documentada do eixo forecast_period, Seção 4). | confirmado pela semântica documentada do eixo forecast_period (Método B, Seção 4/6): inicialização confirmada via SCALAR_COORD_ON_VARIABLE (status=OK_SCALAR_COORD), L.standard_name='forecast_period'/units='months', grade [0.5, 1.5, 2.5, 3.5, 4.5, 5.5] mensal confirmada, rota com forecast_period_semantics_documented=True.",CONFIRMED_BY_FORECAST_PERIOD_SEMANTICS,SCALAR_COORD_ON_VARIABLE,2004-08,2004-08,1,OK_SCALAR_COORD,RANGEEDGES,RANGEEDGES_WINDOW_COORDINATE_MATCH,2004-08-01 00:00:00; 2004-09-01 00:00:00,2004-08-01 00:00:00,"esquema=lead1_igual_mes_inicializacao, representação=NMME_HARMONIZED_MONTHLY",Fazendas_Sinobras_Centroide
2004-08,NOAA_NCEP,CFSv2,2004-08,4,3.5,2004-11,OK,"L.attrs contém termo(s) ['forecast_period'] — indica semântica de lead/target, mas isso sozinho não confirma o valor exato de H4 sem uma variável auxiliar de data-alvo. | nenhuma variável auxiliar de data-alvo (('target', 'valid_time', 'target_month', 'forecast_time')) encontrada no dataset aberto — tentando Método B (semântica documentada do eixo forecast_period, Seção 4). | confirmado pela semântica documentada do eixo forecast_period (Método B, Seção 4/6): inicialização confirmada via SCALAR_COORD_ON_VARIABLE (status=OK_SCALAR_COORD), L.standard_name='forecast_period'/units='months', grade [0.5, 1.5, 2.5, 3.5, 4.5, 5.5] mensal confirmada, rota com forecast_period_semantics_documented=True.",CONFIRMED_BY_FORECAST_PERIOD_SEMANTICS,SCALAR_COORD_ON_VARIABLE,2004-08,2004-08,1,OK_SCALAR_COORD,RANGEEDGES,RANGEEDGES_WINDOW_COORDINATE_MATCH,2004-08-01 00:00:00; 2004-09-01 00:00:00,2004-08-01 00:00:00,"esquema=lead1_igual_mes_inicializacao, representação=NMME_HARMONIZED_MONTHLY",Fazendas_Sinobras_Centroide
2004-08,NOAA_NCEP,CFSv2,2004-08,5,4.5,2004-12,OK,"L.attrs contém termo(s) ['forecast_period'] — indica semântica de lead/target, mas isso sozinho não confirma o valor exato de H5 sem uma variável auxiliar de data-alvo. | nenhuma variável auxiliar de data-alvo (('target', 'valid_time', 'target_month', 'forecast_time')) encontrada no dataset aberto — tentando Método B (semântica documentada do eixo forecast_period, Seção 4). | confirmado pela semântica documentada do eixo forecast_period (Método B, Seção 4/6): inicialização confirmada via SCALAR_COORD_ON_VARIABLE (status=OK_SCALAR_COORD), L.standard_name='forecast_period'/units='months', grade [0.5, 1.5, 2.5, 3.5, 4.5, 5.5] mensal confirmada, rota com forecast_period_semantics_documented=True.",CONFIRMED_BY_FORECAST_PERIOD_SEMANTICS,SCALAR_COORD_ON_VARIABLE,2004-08,2004-08,1,OK_SCALAR_COORD,RANGEEDGES,RANGEEDGES_WINDOW_COORDINATE_MATCH,2004-08-01 00:00:00; 2004-09-01 00:00:00,2004-08-01 00:00:00,"esquema=lead1_igual_mes_inicializacao, representação=NMME_HARMONIZED_MONTHLY",Fazendas_Sinobras_Centroide
2004-08,NOAA_NCEP,CFSv2,2004-08,6,5.5,2005-01,OK,"L.attrs contém termo(s) ['forecast_period'] — indica semântica de lead/target, mas isso sozinho não confirma o valor exato de H6 sem uma variável auxiliar de data-alvo. | nenhuma variável auxiliar de data-alvo (('target', 'valid_time', 'target_month', 'forecast_time')) encontrada no dataset aberto — tentando Método B (semântica documentada do eixo forecast_period, Seção 4). | confirmado pela semântica documentada do eixo forecast_period (Método B, Seção 4/6): inicialização confirmada via SCALAR_COORD_ON_VARIABLE (status=OK_SCALAR_COORD), L.standard_name='forecast_period'/units='months', grade [0.5, 1.5, 2.5, 3.5, 4.5, 5.5] mensal confirmada, rota com forecast_period_semantics_documented=True.",CONFIRMED_BY_FORECAST_PERIOD_SEMANTICS,SCALAR_COORD_ON_VARIABLE,2004-08,2004-08,1,OK_SCALAR_COORD,RANGEEDGES,RANGEEDGES_WINDOW_COORDINATE_MATCH,2004-08-01 00:00:00; 2004-09-01 00:00:00,2004-08-01 00:00:00,"esquema=lead1_igual_mes_inicializacao, representação=NMME_HARMONIZED_MONTHLY",Fazendas_Sinobras_Centroide
2004-09,NOAA_NCEP,CFSv2,2004-09,1,0.5,2004-09,OK,"L.attrs contém termo(s) ['forecast_period'] — indica semântica de lead/target, mas isso sozinho não confirma o valor exato de H1 sem uma variável auxiliar de data-alvo. | nenhuma variável auxiliar de data-alvo (('target', 'valid_time', 'target_month', 'forecast_time')) encontrada no dataset aberto — tentando Método B (semântica documentada do eixo forecast_period, Seção 4). | confirmado pela semântica documentada do eixo forecast_period (Método B, Seção 4/6): inicialização confirmada via SCALAR_COORD_ON_VARIABLE (status=OK_SCALAR_COORD), L.standard_name='forecast_period'/units='months', grade [0.5, 1.5, 2.5, 3.5, 4.5, 5.5] mensal confirmada, rota com forecast_period_semantics_documented=True.",CONFIRMED_BY_FORECAST_PERIOD_SEMANTICS,SCALAR_COORD_ON_VARIABLE,2004-09,2004-09,1,OK_SCALAR_COORD,RANGEEDGES,RANGEEDGES_WINDOW_COORDINATE_MATCH,2004-09-01 00:00:00; 2004-10-01 00:00:00,2004-09-01 00:00:00,"esquema=lead1_igual_mes_inicializacao, representação=NMME_HARMONIZED_MONTHLY",Fazendas_Sinobras_Centroide
2004-09,NOAA_NCEP,CFSv2,2004-09,2,1.5,2004-10,OK,"L.attrs contém termo(s) ['forecast_period'] — indica semântica de lead/target, mas isso sozinho não confirma o valor exato de H2 sem uma variável auxiliar de data-alvo. | nenhuma variável auxiliar de data-alvo (('target', 'valid_time', 'target_month', 'forecast_time')) encontrada no dataset aberto — tentando Método B (semântica documentada do eixo forecast_period, Seção 4). | confirmado pela semântica documentada do eixo forecast_period (Método B, Seção 4/6): inicialização confirmada via SCALAR_COORD_ON_VARIABLE (status=OK_SCALAR_COORD), L.standard_name='forecast_period'/units='months', grade [0.5, 1.5, 2.5, 3.5, 4.5, 5.5] mensal confirmada, rota com forecast_period_semantics_documented=True.",CONFIRMED_BY_FORECAST_PERIOD_SEMANTICS,SCALAR_COORD_ON_VARIABLE,2004-09,2004-09,1,OK_SCALAR_COORD,RANGEEDGES,RANGEEDGES_WINDOW_COORDINATE_MATCH,2004-09-01 00:00:00; 2004-10-01 00:00:00,2004-09-01 00:00:00,"esquema=lead1_igual_mes_inicializacao, representação=NMME_HARMONIZED_MONTHLY",Fazendas_Sinobras_Centroide
2004-09,NOAA_NCEP,CFSv2,2004-09,3,2.5,2004-11,OK,"L.attrs contém termo(s) ['forecast_period'] — indica semântica de lead/target, mas isso sozinho não confirma o valor exato de H3 sem uma variável auxiliar de data-alvo. | nenhuma variável auxiliar de data-alvo (('target', 'valid_time', 'target_month', 'forecast_time')) encontrada no dataset aberto — tentando Método B (semântica documentada do eixo forecast_period, Seção 4). | confirmado pela semântica documentada do eixo forecast_period (Método B, Seção 4/6): inicialização confirmada via SCALAR_COORD_ON_VARIABLE (status=OK_SCALAR_COORD), L.standard_name='forecast_period'/units='months', grade [0.5, 1.5, 2.5, 3.5, 4.5, 5.5] mensal confirmada, rota com forecast_period_semantics_documented=True.",CONFIRMED_BY_FORECAST_PERIOD_SEMANTICS,SCALAR_COORD_ON_VARIABLE,2004-09,2004-09,1,OK_SCALAR_COORD,RANGEEDGES,RANGEEDGES_WINDOW_COORDINATE_MATCH,2004-09-01 00:00:00; 2004-10-01 00:00:00,2004-09-01 00:00:00,"esquema=lead1_igual_mes_inicializacao, representação=NMME_HARMONIZED_MONTHLY",Fazendas_Sinobras_Centroide
2004-09,NOAA_NCEP,CFSv2,2004-09,4,3.5,2004-12,OK,"L.attrs contém termo(s) ['forecast_period'] — indica semântica de lead/target, mas isso sozinho não confirma o valor exato de H4 sem uma variável auxiliar de data-alvo. | nenhuma variável auxiliar de data-alvo (('target', 'valid_time', 'target_month', 'forecast_time')) encontrada no dataset aberto — tentando Método B (semântica documentada do eixo forecast_period, Seção 4). | confirmado pela semântica documentada do eixo forecast_period (Método B, Seção 4/6): inicialização confirmada via SCALAR_COORD_ON_VARIABLE (status=OK_SCALAR_COORD), L.standard_name='forecast_period'/units='months', grade [0.5, 1.5, 2.5, 3.5, 4.5, 5.5] mensal confirmada, rota com forecast_period_semantics_documented=True.",CONFIRMED_BY_FORECAST_PERIOD_SEMANTICS,SCALAR_COORD_ON_VARIABLE,2004-09,2004-09,1,OK_SCALAR_COORD,RANGEEDGES,RANGEEDGES_WINDOW_COORDINATE_MATCH,2004-09-01 00:00:00; 2004-10-01 00:00:00,2004-09-01 00:00:00,"esquema=lead1_igual_mes_inicializacao, representação=NMME_HARMONIZED_MONTHLY",Fazendas_Sinobras_Centroide
2004-09,NOAA_NCEP,CFSv2,2004-09,5,4.5,2005-01,OK,"L.attrs contém termo(s) ['forecast_period'] — indica semântica de lead/target, mas isso sozinho não confirma o valor exato de H5 sem uma variável auxiliar de data-alvo. | nenhuma variável auxiliar de data-alvo (('target', 'valid_time', 'target_month', 'forecast_time')) encontrada no dataset aberto — tentando Método B (semântica documentada do eixo forecast_period, Seção 4). | confirmado pela semântica documentada do eixo forecast_period (Método B, Seção 4/6): inicialização confirmada via SCALAR_COORD_ON_VARIABLE (status=OK_SCALAR_COORD), L.standard_name='forecast_period'/units='months', grade [0.5, 1.5, 2.5, 3.5, 4.5, 5.5] mensal confirmada, rota com forecast_period_semantics_documented=True.",CONFIRMED_BY_FORECAST_PERIOD_SEMANTICS,SCALAR_COORD_ON_VARIABLE,2004-09,2004-09,1,OK_SCALAR_COORD,RANGEEDGES,RANGEEDGES_WINDOW_COORDINATE_MATCH,2004-09-01 00:00:00; 2004-10-01 00:00:00,2004-09-01 00:00:00,"esquema=lead1_igual_mes_inicializacao, representação=NMME_HARMONIZED_MONTHLY",Fazendas_Sinobras_Centroide
2004-09,NOAA_NCEP,CFSv2,2004-09,6,5.5,2005-02,OK,"L.attrs contém termo(s) ['forecast_period'] — indica semântica de lead/target, mas isso sozinho não confirma o valor exato de H6 sem uma variável auxiliar de data-alvo. | nenhuma variável auxiliar de data-alvo (('target', 'valid_time', 'target_month', 'forecast_time')) encontrada no dataset aberto — tentando Método B (semântica documentada do eixo forecast_period, Seção 4). | confirmado pela semântica documentada do eixo forecast_period (Método B, Seção 4/6): inicialização confirmada via SCALAR_COORD_ON_VARIABLE (status=OK_SCALAR_COORD), L.standard_name='forecast_period'/units='months', grade [0.5, 1.5, 2.5, 3.5, 4.5, 5.5] mensal confirmada, rota com forecast_period_semantics_documented=True.",CONFIRMED_BY_FORECAST_PERIOD_SEMANTICS,SCALAR_COORD_ON_VARIABLE,2004-09,2004-09,1,OK_SCALAR_COORD,RANGEEDGES,RANGEEDGES_WINDOW_COORDINATE_MATCH,2004-09-01 00:00:00; 2004-10-01 00:00:00,2004-09-01 00:00:00,"esquema=lead1_igual_mes_inicializacao, representação=NMME_HARMONIZED_MONTHLY",Fazendas_Sinobras_Centroide
2004-10,NOAA_NCEP,CFSv2,2004-10,1,0.5,2004-10,OK,"L.attrs contém termo(s) ['forecast_period'] — indica semântica de lead/target, mas isso sozinho não confirma o valor exato de H1 sem uma variável auxiliar de data-alvo. | nenhuma variável auxiliar de data-alvo (('target', 'valid_time', 'target_month', 'forecast_time')) encontrada no dataset aberto — tentando Método B (semântica documentada do eixo forecast_period, Seção 4). | confirmado pela semântica documentada do eixo forecast_period (Método B, Seção 4/6): inicialização confirmada via SCALAR_COORD_ON_VARIABLE (status=OK_SCALAR_COORD), L.standard_name='forecast_period'/units='months', grade [0.5, 1.5, 2.5, 3.5, 4.5, 5.5] mensal confirmada, rota com forecast_period_semantics_documented=True.",CONFIRMED_BY_FORECAST_PERIOD_SEMANTICS,SCALAR_COORD_ON_VARIABLE,2004-10,2004-10,1,OK_SCALAR_COORD,RANGEEDGES,RANGEEDGES_WINDOW_COORDINATE_MATCH,2004-10-01 00:00:00; 2004-11-01 00:00:00,2004-10-01 00:00:00,"esquema=lead1_igual_mes_inicializacao, representação=NMME_HARMONIZED_MONTHLY",Fazendas_Sinobras_Centroide
2004-10,NOAA_NCEP,CFSv2,2004-10,2,1.5,2004-11,OK,"L.attrs contém termo(s) ['forecast_period'] — indica semântica de lead/target, mas isso sozinho não confirma o valor exato de H2 sem uma variável auxiliar de data-alvo. | nenhuma variável auxiliar de data-alvo (('target', 'valid_time', 'target_month', 'forecast_time')) encontrada no dataset aberto — tentando Método B (semântica documentada do eixo forecast_period, Seção 4). | confirmado pela semântica documentada do eixo forecast_period (Método B, Seção 4/6): inicialização confirmada via SCALAR_COORD_ON_VARIABLE (status=OK_SCALAR_COORD), L.standard_name='forecast_period'/units='months', grade [0.5, 1.5, 2.5, 3.5, 4.5, 5.5] mensal confirmada, rota com forecast_period_semantics_documented=True.",CONFIRMED_BY_FORECAST_PERIOD_SEMANTICS,SCALAR_COORD_ON_VARIABLE,2004-10,2004-10,1,OK_SCALAR_COORD,RANGEEDGES,RANGEEDGES_WINDOW_COORDINATE_MATCH,2004-10-01 00:00:00; 2004-11-01 00:00:00,2004-10-01 00:00:00,"esquema=lead1_igual_mes_inicializacao, representação=NMME_HARMONIZED_MONTHLY",Fazendas_Sinobras_Centroide
2004-10,NOAA_NCEP,CFSv2,2004-10,3,2.5,2004-12,OK,"L.attrs contém termo(s) ['forecast_period'] — indica semântica de lead/target, mas isso sozinho não confirma o valor exato de H3 sem uma variável auxiliar de data-alvo. | nenhuma variável auxiliar de data-alvo (('target', 'valid_time', 'target_month', 'forecast_time')) encontrada no dataset aberto — tentando Método B (semântica documentada do eixo forecast_period, Seção 4). | confirmado pela semântica documentada do eixo forecast_period (Método B, Seção 4/6): inicialização confirmada via SCALAR_COORD_ON_VARIABLE (status=OK_SCALAR_COORD), L.standard_name='forecast_period'/units='months', grade [0.5, 1.5, 2.5, 3.5, 4.5, 5.5] mensal confirmada, rota com forecast_period_semantics_documented=True.",CONFIRMED_BY_FORECAST_PERIOD_SEMANTICS,SCALAR_COORD_ON_VARIABLE,2004-10,2004-10,1,OK_SCALAR_COORD,RANGEEDGES,RANGEEDGES_WINDOW_COORDINATE_MATCH,2004-10-01 00:00:00; 2004-11-01 00:00:00,2004-10-01 00:00:00,"esquema=lead1_igual_mes_inicializacao, representação=NMME_HARMONIZED_MONTHLY",Fazendas_Sinobras_Centroide
2004-10,NOAA_NCEP,CFSv2,2004-10,4,3.5,2005-01,OK,"L.attrs contém termo(s) ['forecast_period'] — indica semântica de lead/target, mas isso sozinho não confirma o valor exato de H4 sem uma variável auxiliar de data-alvo. | nenhuma variável auxiliar de data-alvo (('target', 'valid_time', 'target_month', 'forecast_time')) encontrada no dataset aberto — tentando Método B (semântica documentada do eixo forecast_period, Seção 4). | confirmado pela semântica documentada do eixo forecast_period (Método B, Seção 4/6): inicialização confirmada via SCALAR_COORD_ON_VARIABLE (status=OK_SCALAR_COORD), L.standard_name='forecast_period'/units='months', grade [0.5, 1.5, 2.5, 3.5, 4.5, 5.5] mensal confirmada, rota com forecast_period_semantics_documented=True.",CONFIRMED_BY_FORECAST_PERIOD_SEMANTICS,SCALAR_COORD_ON_VARIABLE,2004-10,2004-10,1,OK_SCALAR_COORD,RANGEEDGES,RANGEEDGES_WINDOW_COORDINATE_MATCH,2004-10-01 00:00:00; 2004-11-01 00:00:00,2004-10-01 00:00:00,"esquema=lead1_igual_mes_inicializacao, representação=NMME_HARMONIZED_MONTHLY",Fazendas_Sinobras_Centroide
2004-10,NOAA_NCEP,CFSv2,2004-10,5,4.5,2005-02,OK,"L.attrs contém termo(s) ['forecast_period'] — indica semântica de lead/target, mas isso sozinho não confirma o valor exato de H5 sem uma variável auxiliar de data-alvo. | nenhuma variável auxiliar de data-alvo (('target', 'valid_time', 'target_month', 'forecast_time')) encontrada no dataset aberto — tentando Método B (semântica documentada do eixo forecast_period, Seção 4). | confirmado pela semântica documentada do eixo forecast_period (Método B, Seção 4/6): inicialização confirmada via SCALAR_COORD_ON_VARIABLE (status=OK_SCALAR_COORD), L.standard_name='forecast_period'/units='months', grade [0.5, 1.5, 2.5, 3.5, 4.5, 5.5] mensal confirmada, rota com forecast_period_semantics_documented=True.",CONFIRMED_BY_FORECAST_PERIOD_SEMANTICS,SCALAR_COORD_ON_VARIABLE,2004-10,2004-10,1,OK_SCALAR_COORD,RANGEEDGES,RANGEEDGES_WINDOW_COORDINATE_MATCH,2004-10-01 00:00:00; 2004-11-01 00:00:00,2004-10-01 00:00:00,"esquema=lead1_igual_mes_inicializacao, representação=NMME_HARMONIZED_MONTHLY",Fazendas_Sinobras_Centroide
2004-10,NOAA_NCEP,CFSv2,2004-10,6,5.5,2005-03,OK,"L.attrs contém termo(s) ['forecast_period'] — indica semântica de lead/target, mas isso sozinho não confirma o valor exato de H6 sem uma variável auxiliar de data-alvo. | nenhuma variável auxiliar de data-alvo (('target', 'valid_time', 'target_month', 'forecast_time')) encontrada no dataset aberto — tentando Método B (semântica documentada do eixo forecast_period, Seção 4). | confirmado pela semântica documentada do eixo forecast_period (Método B, Seção 4/6): inicialização confirmada via SCALAR_COORD_ON_VARIABLE (status=OK_SCALAR_COORD), L.standard_name='forecast_period'/units='months', grade [0.5, 1.5, 2.5, 3.5, 4.5, 5.5] mensal confirmada, rota com forecast_period_semantics_documented=True.",CONFIRMED_BY_FORECAST_PERIOD_SEMANTICS,SCALAR_COORD_ON_VARIABLE,2004-10,2004-10,1,OK_SCALAR_COORD,RANGEEDGES,RANGEEDGES_WINDOW_COORDINATE_MATCH,2004-10-01 00:00:00; 2004-11-01 00:00:00,2004-10-01 00:00:00,"esquema=lead1_igual_mes_inicializacao, representação=NMME_HARMONIZED_MONTHLY",Fazendas_Sinobras_Centroide
2004-11,NOAA_NCEP,CFSv2,2004-11,1,0.5,2004-11,OK,"L.attrs contém termo(s) ['forecast_period'] — indica semântica de lead/target, mas isso sozinho não confirma o valor exato de H1 sem uma variável auxiliar de data-alvo. | nenhuma variável auxiliar de data-alvo (('target', 'valid_time', 'target_month', 'forecast_time')) encontrada no dataset aberto — tentando Método B (semântica documentada do eixo forecast_period, Seção 4). | confirmado pela semântica documentada do eixo forecast_period (Método B, Seção 4/6): inicialização confirmada via SCALAR_COORD_ON_VARIABLE (status=OK_SCALAR_COORD), L.standard_name='forecast_period'/units='months', grade [0.5, 1.5, 2.5, 3.5, 4.5, 5.5] mensal confirmada, rota com forecast_period_semantics_documented=True.",CONFIRMED_BY_FORECAST_PERIOD_SEMANTICS,SCALAR_COORD_ON_VARIABLE,2004-11,2004-11,1,OK_SCALAR_COORD,RANGEEDGES,RANGEEDGES_WINDOW_COORDINATE_MATCH,2004-11-01 00:00:00; 2004-12-01 00:00:00,2004-11-01 00:00:00,"esquema=lead1_igual_mes_inicializacao, representação=NMME_HARMONIZED_MONTHLY",Fazendas_Sinobras_Centroide
2004-11,NOAA_NCEP,CFSv2,2004-11,2,1.5,2004-12,OK,"L.attrs contém termo(s) ['forecast_period'] — indica semântica de lead/target, mas isso sozinho não confirma o valor exato de H2 sem uma variável auxiliar de data-alvo. | nenhuma variável auxiliar de data-alvo (('target', 'valid_time', 'target_month', 'forecast_time')) encontrada no dataset aberto — tentando Método B (semântica documentada do eixo forecast_period, Seção 4). | confirmado pela semântica documentada do eixo forecast_period (Método B, Seção 4/6): inicialização confirmada via SCALAR_COORD_ON_VARIABLE (status=OK_SCALAR_COORD), L.standard_name='forecast_period'/units='months', grade [0.5, 1.5, 2.5, 3.5, 4.5, 5.5] mensal confirmada, rota com forecast_period_semantics_documented=True.",CONFIRMED_BY_FORECAST_PERIOD_SEMANTICS,SCALAR_COORD_ON_VARIABLE,2004-11,2004-11,1,OK_SCALAR_COORD,RANGEEDGES,RANGEEDGES_WINDOW_COORDINATE_MATCH,2004-11-01 00:00:00; 2004-12-01 00:00:00,2004-11-01 00:00:00,"esquema=lead1_igual_mes_inicializacao, representação=NMME_HARMONIZED_MONTHLY",Fazendas_Sinobras_Centroide
2004-11,NOAA_NCEP,CFSv2,2004-11,3,2.5,2005-01,OK,"L.attrs contém termo(s) ['forecast_period'] — indica semântica de lead/target, mas isso sozinho não confirma o valor exato de H3 sem uma variável auxiliar de data-alvo. | nenhuma variável auxiliar de data-alvo (('target', 'valid_time', 'target_month', 'forecast_time')) encontrada no dataset aberto — tentando Método B (semântica documentada do eixo forecast_period, Seção 4). | confirmado pela semântica documentada do eixo forecast_period (Método B, Seção 4/6): inicialização confirmada via SCALAR_COORD_ON_VARIABLE (status=OK_SCALAR_COORD), L.standard_name='forecast_period'/units='months', grade [0.5, 1.5, 2.5, 3.5, 4.5, 5.5] mensal confirmada, rota com forecast_period_semantics_documented=True.",CONFIRMED_BY_FORECAST_PERIOD_SEMANTICS,SCALAR_COORD_ON_VARIABLE,2004-11,2004-11,1,OK_SCALAR_COORD,RANGEEDGES,RANGEEDGES_WINDOW_COORDINATE_MATCH,2004-11-01 00:00:00; 2004-12-01 00:00:00,2004-11-01 00:00:00,"esquema=lead1_igual_mes_inicializacao, representação=NMME_HARMONIZED_MONTHLY",Fazendas_Sinobras_Centroide
2004-11,NOAA_NCEP,CFSv2,2004-11,4,3.5,2005-02,OK,"L.attrs contém termo(s) ['forecast_period'] — indica semântica de lead/target, mas isso sozinho não confirma o valor exato de H4 sem uma variável auxiliar de data-alvo. | nenhuma variável auxiliar de data-alvo (('target', 'valid_time', 'target_month', 'forecast_time')) encontrada no dataset aberto — tentando Método B (semântica documentada do eixo forecast_period, Seção 4). | confirmado pela semântica documentada do eixo forecast_period (Método B, Seção 4/6): inicialização confirmada via SCALAR_COORD_ON_VARIABLE (status=OK_SCALAR_COORD), L.standard_name='forecast_period'/units='months', grade [0.5, 1.5, 2.5, 3.5, 4.5, 5.5] mensal confirmada, rota com forecast_period_semantics_documented=True.",CONFIRMED_BY_FORECAST_PERIOD_SEMANTICS,SCALAR_COORD_ON_VARIABLE,2004-11,2004-11,1,OK_SCALAR_COORD,RANGEEDGES,RANGEEDGES_WINDOW_COORDINATE_MATCH,2004-11-01 00:00:00; 2004-12-01 00:00:00,2004-11-01 00:00:00,"esquema=lead1_igual_mes_inicializacao, representação=NMME_HARMONIZED_MONTHLY",Fazendas_Sinobras_Centroide
2004-11,NOAA_NCEP,CFSv2,2004-11,5,4.5,2005-03,OK,"L.attrs contém termo(s) ['forecast_period'] — indica semântica de lead/target, mas isso sozinho não confirma o valor exato de H5 sem uma variável auxiliar de data-alvo. | nenhuma variável auxiliar de data-alvo (('target', 'valid_time', 'target_month', 'forecast_time')) encontrada no dataset aberto — tentando Método B (semântica documentada do eixo forecast_period, Seção 4). | confirmado pela semântica documentada do eixo forecast_period (Método B, Seção 4/6): inicialização confirmada via SCALAR_COORD_ON_VARIABLE (status=OK_SCALAR_COORD), L.standard_name='forecast_period'/units='months', grade [0.5, 1.5, 2.5, 3.5, 4.5, 5.5] mensal confirmada, rota com forecast_period_semantics_documented=True.",CONFIRMED_BY_FORECAST_PERIOD_SEMANTICS,SCALAR_COORD_ON_VARIABLE,2004-11,2004-11,1,OK_SCALAR_COORD,RANGEEDGES,RANGEEDGES_WINDOW_COORDINATE_MATCH,2004-11-01 00:00:00; 2004-12-01 00:00:00,2004-11-01 00:00:00,"esquema=lead1_igual_mes_inicializacao, representação=NMME_HARMONIZED_MONTHLY",Fazendas_Sinobras_Centroide
2004-11,NOAA_NCEP,CFSv2,2004-11,6,5.5,2005-04,OK,"L.attrs contém termo(s) ['forecast_period'] — indica semântica de lead/target, mas isso sozinho não confirma o valor exato de H6 sem uma variável auxiliar de data-alvo. | nenhuma variável auxiliar de data-alvo (('target', 'valid_time', 'target_month', 'forecast_time')) encontrada no dataset aberto — tentando Método B (semântica documentada do eixo forecast_period, Seção 4). | confirmado pela semântica documentada do eixo forecast_period (Método B, Seção 4/6): inicialização confirmada via SCALAR_COORD_ON_VARIABLE (status=OK_SCALAR_COORD), L.standard_name='forecast_period'/units='months', grade [0.5, 1.5, 2.5, 3.5, 4.5, 5.5] mensal confirmada, rota com forecast_period_semantics_documented=True.",CONFIRMED_BY_FORECAST_PERIOD_SEMANTICS,SCALAR_COORD_ON_VARIABLE,2004-11,2004-11,1,OK_SCALAR_COORD,RANGEEDGES,RANGEEDGES_WINDOW_COORDINATE_MATCH,2004-11-01 00:00:00; 2004-12-01 00:00:00,2004-11-01 00:00:00,"esquema=lead1_igual_mes_inicializacao, representação=NMME_HARMONIZED_MONTHLY",Fazendas_Sinobras_Centroide
2004-12,NOAA_NCEP,CFSv2,2004-12,1,0.5,2004-12,OK,"L.attrs contém termo(s) ['forecast_period'] — indica semântica de lead/target, mas isso sozinho não confirma o valor exato de H1 sem uma variável auxiliar de data-alvo. | nenhuma variável auxiliar de data-alvo (('target', 'valid_time', 'target_month', 'forecast_time')) encontrada no dataset aberto — tentando Método B (semântica documentada do eixo forecast_period, Seção 4). | confirmado pela semântica documentada do eixo forecast_period (Método B, Seção 4/6): inicialização confirmada via SCALAR_COORD_ON_VARIABLE (status=OK_SCALAR_COORD), L.standard_name='forecast_period'/units='months', grade [0.5, 1.5, 2.5, 3.5, 4.5, 5.5] mensal confirmada, rota com forecast_period_semantics_documented=True.",CONFIRMED_BY_FORECAST_PERIOD_SEMANTICS,SCALAR_COORD_ON_VARIABLE,2004-12,2004-12,1,OK_SCALAR_COORD,RANGEEDGES,RANGEEDGES_WINDOW_COORDINATE_MATCH,2004-12-01 00:00:00; 2005-01-01 00:00:00,2004-12-01 00:00:00,"esquema=lead1_igual_mes_inicializacao, representação=NMME_HARMONIZED_MONTHLY",Fazendas_Sinobras_Centroide
2004-12,NOAA_NCEP,CFSv2,2004-12,2,1.5,2005-01,OK,"L.attrs contém termo(s) ['forecast_period'] — indica semântica de lead/target, mas isso sozinho não confirma o valor exato de H2 sem uma variável auxiliar de data-alvo. | nenhuma variável auxiliar de data-alvo (('target', 'valid_time', 'target_month', 'forecast_time')) encontrada no dataset aberto — tentando Método B (semântica documentada do eixo forecast_period, Seção 4). | confirmado pela semântica documentada do eixo forecast_period (Método B, Seção 4/6): inicialização confirmada via SCALAR_COORD_ON_VARIABLE (status=OK_SCALAR_COORD), L.standard_name='forecast_period'/units='months', grade [0.5, 1.5, 2.5, 3.5, 4.5, 5.5] mensal confirmada, rota com forecast_period_semantics_documented=True.",CONFIRMED_BY_FORECAST_PERIOD_SEMANTICS,SCALAR_COORD_ON_VARIABLE,2004-12,2004-12,1,OK_SCALAR_COORD,RANGEEDGES,RANGEEDGES_WINDOW_COORDINATE_MATCH,2004-12-01 00:00:00; 2005-01-01 00:00:00,2004-12-01 00:00:00,"esquema=lead1_igual_mes_inicializacao, representação=NMME_HARMONIZED_MONTHLY",Fazendas_Sinobras_Centroide
2004-12,NOAA_NCEP,CFSv2,2004-12,3,2.5,2005-02,OK,"L.attrs contém termo(s) ['forecast_period'] — indica semântica de lead/target, mas isso sozinho não confirma o valor exato de H3 sem uma variável auxiliar de data-alvo. | nenhuma variável auxiliar de data-alvo (('target', 'valid_time', 'target_month', 'forecast_time')) encontrada no dataset aberto — tentando Método B (semântica documentada do eixo forecast_period, Seção 4). | confirmado pela semântica documentada do eixo forecast_period (Método B, Seção 4/6): inicialização confirmada via SCALAR_COORD_ON_VARIABLE (status=OK_SCALAR_COORD), L.standard_name='forecast_period'/units='months', grade [0.5, 1.5, 2.5, 3.5, 4.5, 5.5] mensal confirmada, rota com forecast_period_semantics_documented=True.",CONFIRMED_BY_FORECAST_PERIOD_SEMANTICS,SCALAR_COORD_ON_VARIABLE,2004-12,2004-12,1,OK_SCALAR_COORD,RANGEEDGES,RANGEEDGES_WINDOW_COORDINATE_MATCH,2004-12-01 00:00:00; 2005-01-01 00:00:00,2004-12-01 00:00:00,"esquema=lead1_igual_mes_inicializacao, representação=NMME_HARMONIZED_MONTHLY",Fazendas_Sinobras_Centroide
2004-12,NOAA_NCEP,CFSv2,2004-12,4,3.5,2005-03,OK,"L.attrs contém termo(s) ['forecast_period'] — indica semântica de lead/target, mas isso sozinho não confirma o valor exato de H4 sem uma variável auxiliar de data-alvo. | nenhuma variável auxiliar de data-alvo (('target', 'valid_time', 'target_month', 'forecast_time')) encontrada no dataset aberto — tentando Método B (semântica documentada do eixo forecast_period, Seção 4). | confirmado pela semântica documentada do eixo forecast_period (Método B, Seção 4/6): inicialização confirmada via SCALAR_COORD_ON_VARIABLE (status=OK_SCALAR_COORD), L.standard_name='forecast_period'/units='months', grade [0.5, 1.5, 2.5, 3.5, 4.5, 5.5] mensal confirmada, rota com forecast_period_semantics_documented=True.",CONFIRMED_BY_FORECAST_PERIOD_SEMANTICS,SCALAR_COORD_ON_VARIABLE,2004-12,2004-12,1,OK_SCALAR_COORD,RANGEEDGES,RANGEEDGES_WINDOW_COORDINATE_MATCH,2004-12-01 00:00:00; 2005-01-01 00:00:00,2004-12-01 00:00:00,"esquema=lead1_igual_mes_inicializacao, representação=NMME_HARMONIZED_MONTHLY",Fazendas_Sinobras_Centroide
2004-12,NOAA_NCEP,CFSv2,2004-12,5,4.5,2005-04,OK,"L.attrs contém termo(s) ['forecast_period'] — indica semântica de lead/target, mas isso sozinho não confirma o valor exato de H5 sem uma variável auxiliar de data-alvo. | nenhuma variável auxiliar de data-alvo (('target', 'valid_time', 'target_month', 'forecast_time')) encontrada no dataset aberto — tentando Método B (semântica documentada do eixo forecast_period, Seção 4). | confirmado pela semântica documentada do eixo forecast_period (Método B, Seção 4/6): inicialização confirmada via SCALAR_COORD_ON_VARIABLE (status=OK_SCALAR_COORD), L.standard_name='forecast_period'/units='months', grade [0.5, 1.5, 2.5, 3.5, 4.5, 5.5] mensal confirmada, rota com forecast_period_semantics_documented=True.",CONFIRMED_BY_FORECAST_PERIOD_SEMANTICS,SCALAR_COORD_ON_VARIABLE,2004-12,2004-12,1,OK_SCALAR_COORD,RANGEEDGES,RANGEEDGES_WINDOW_COORDINATE_MATCH,2004-12-01 00:00:00; 2005-01-01 00:00:00,2004-12-01 00:00:00,"esquema=lead1_igual_mes_inicializacao, representação=NMME_HARMONIZED_MONTHLY",Fazendas_Sinobras_Centroide
2004-12,NOAA_NCEP,CFSv2,2004-12,6,5.5,2005-05,OK,"L.attrs contém termo(s) ['forecast_period'] — indica semântica de lead/target, mas isso sozinho não confirma o valor exato de H6 sem uma variável auxiliar de data-alvo. | nenhuma variável auxiliar de data-alvo (('target', 'valid_time', 'target_month', 'forecast_time')) encontrada no dataset aberto — tentando Método B (semântica documentada do eixo forecast_period, Seção 4). | confirmado pela semântica documentada do eixo forecast_period (Método B, Seção 4/6): inicialização confirmada via SCALAR_COORD_ON_VARIABLE (status=OK_SCALAR_COORD), L.standard_name='forecast_period'/units='months', grade [0.5, 1.5, 2.5, 3.5, 4.5, 5.5] mensal confirmada, rota com forecast_period_semantics_documented=True.",CONFIRMED_BY_FORECAST_PERIOD_SEMANTICS,SCALAR_COORD_ON_VARIABLE,2004-12,2004-12,1,OK_SCALAR_COORD,RANGEEDGES,RANGEEDGES_WINDOW_COORDINATE_MATCH,2004-12-01 00:00:00; 2005-01-01 00:00:00,2004-12-01 00:00:00,"esquema=lead1_igual_mes_inicializacao, representação=NMME_HARMONIZED_MONTHLY",Fazendas_Sinobras_Centroide
2005-01,NOAA_NCEP,CFSv2,2005-01,1,0.5,2005-01,OK,"L.attrs contém termo(s) ['forecast_period'] — indica semântica de lead/target, mas isso sozinho não confirma o valor exato de H1 sem uma variável auxiliar de data-alvo. | nenhuma variável auxiliar de data-alvo (('target', 'valid_time', 'target_month', 'forecast_time')) encontrada no dataset aberto — tentando Método B (semântica documentada do eixo forecast_period, Seção 4). | confirmado pela semântica documentada do eixo forecast_period (Método B, Seção 4/6): inicialização confirmada via SCALAR_COORD_ON_VARIABLE (status=OK_SCALAR_COORD), L.standard_name='forecast_period'/units='months', grade [0.5, 1.5, 2.5, 3.5, 4.5, 5.5] mensal confirmada, rota com forecast_period_semantics_documented=True.",CONFIRMED_BY_FORECAST_PERIOD_SEMANTICS,SCALAR_COORD_ON_VARIABLE,2005-01,2005-01,1,OK_SCALAR_COORD,RANGEEDGES,RANGEEDGES_WINDOW_COORDINATE_MATCH,2005-01-01 00:00:00; 2005-02-01 00:00:00,2005-01-01 00:00:00,"esquema=lead1_igual_mes_inicializacao, representação=NMME_HARMONIZED_MONTHLY",Fazendas_Sinobras_Centroide
2005-01,NOAA_NCEP,CFSv2,2005-01,2,1.5,2005-02,OK,"L.attrs contém termo(s) ['forecast_period'] — indica semântica de lead/target, mas isso sozinho não confirma o valor exato de H2 sem uma variável auxiliar de data-alvo. | nenhuma variável auxiliar de data-alvo (('target', 'valid_time', 'target_month', 'forecast_time')) encontrada no dataset aberto — tentando Método B (semântica documentada do eixo forecast_period, Seção 4). | confirmado pela semântica documentada do eixo forecast_period (Método B, Seção 4/6): inicialização confirmada via SCALAR_COORD_ON_VARIABLE (status=OK_SCALAR_COORD), L.standard_name='forecast_period'/units='months', grade [0.5, 1.5, 2.5, 3.5, 4.5, 5.5] mensal confirmada, rota com forecast_period_semantics_documented=True.",CONFIRMED_BY_FORECAST_PERIOD_SEMANTICS,SCALAR_COORD_ON_VARIABLE,2005-01,2005-01,1,OK_SCALAR_COORD,RANGEEDGES,RANGEEDGES_WINDOW_COORDINATE_MATCH,2005-01-01 00:00:00; 2005-02-01 00:00:00,2005-01-01 00:00:00,"esquema=lead1_igual_mes_inicializacao, representação=NMME_HARMONIZED_MONTHLY",Fazendas_Sinobras_Centroide
2005-01,NOAA_NCEP,CFSv2,2005-01,3,2.5,2005-03,OK,"L.attrs contém termo(s) ['forecast_period'] — indica semântica de lead/target, mas isso sozinho não confirma o valor exato de H3 sem uma variável auxiliar de data-alvo. | nenhuma variável auxiliar de data-alvo (('target', 'valid_time', 'target_month', 'forecast_time')) encontrada no dataset aberto — tentando Método B (semântica documentada do eixo forecast_period, Seção 4). | confirmado pela semântica documentada do eixo forecast_period (Método B, Seção 4/6): inicialização confirmada via SCALAR_COORD_ON_VARIABLE (status=OK_SCALAR_COORD), L.standard_name='forecast_period'/units='months', grade [0.5, 1.5, 2.5, 3.5, 4.5, 5.5] mensal confirmada, rota com forecast_period_semantics_documented=True.",CONFIRMED_BY_FORECAST_PERIOD_SEMANTICS,SCALAR_COORD_ON_VARIABLE,2005-01,2005-01,1,OK_SCALAR_COORD,RANGEEDGES,RANGEEDGES_WINDOW_COORDINATE_MATCH,2005-01-01 00:00:00; 2005-02-01 00:00:00,2005-01-01 00:00:00,"esquema=lead1_igual_mes_inicializacao, representação=NMME_HARMONIZED_MONTHLY",Fazendas_Sinobras_Centroide
2005-01,NOAA_NCEP,CFSv2,2005-01,4,3.5,2005-04,OK,"L.attrs contém termo(s) ['forecast_period'] — indica semântica de lead/target, mas isso sozinho não confirma o valor exato de H4 sem uma variável auxiliar de data-alvo. | nenhuma variável auxiliar de data-alvo (('target', 'valid_time', 'target_month', 'forecast_time')) encontrada no dataset aberto — tentando Método B (semântica documentada do eixo forecast_period, Seção 4). | confirmado pela semântica documentada do eixo forecast_period (Método B, Seção 4/6): inicialização confirmada via SCALAR_COORD_ON_VARIABLE (status=OK_SCALAR_COORD), L.standard_name='forecast_period'/units='months', grade [0.5, 1.5, 2.5, 3.5, 4.5, 5.5] mensal confirmada, rota com forecast_period_semantics_documented=True.",CONFIRMED_BY_FORECAST_PERIOD_SEMANTICS,SCALAR_COORD_ON_VARIABLE,2005-01,2005-01,1,OK_SCALAR_COORD,RANGEEDGES,RANGEEDGES_WINDOW_COORDINATE_MATCH,2005-01-01 00:00:00; 2005-02-01 00:00:00,2005-01-01 00:00:00,"esquema=lead1_igual_mes_inicializacao, representação=NMME_HARMONIZED_MONTHLY",Fazendas_Sinobras_Centroide
2005-01,NOAA_NCEP,CFSv2,2005-01,5,4.5,2005-05,OK,"L.attrs contém termo(s) ['forecast_period'] — indica semântica de lead/target, mas isso sozinho não confirma o valor exato de H5 sem uma variável auxiliar de data-alvo. | nenhuma variável auxiliar de data-alvo (('target', 'valid_time', 'target_month', 'forecast_time')) encontrada no dataset aberto — tentando Método B (semântica documentada do eixo forecast_period, Seção 4). | confirmado pela semântica documentada do eixo forecast_period (Método B, Seção 4/6): inicialização confirmada via SCALAR_COORD_ON_VARIABLE (status=OK_SCALAR_COORD), L.standard_name='forecast_period'/units='months', grade [0.5, 1.5, 2.5, 3.5, 4.5, 5.5] mensal confirmada, rota com forecast_period_semantics_documented=True.",CONFIRMED_BY_FORECAST_PERIOD_SEMANTICS,SCALAR_COORD_ON_VARIABLE,2005-01,2005-01,1,OK_SCALAR_COORD,RANGEEDGES,RANGEEDGES_WINDOW_COORDINATE_MATCH,2005-01-01 00:00:00; 2005-02-01 00:00:00,2005-01-01 00:00:00,"esquema=lead1_igual_mes_inicializacao, representação=NMME_HARMONIZED_MONTHLY",Fazendas_Sinobras_Centroide
2005-01,NOAA_NCEP,CFSv2,2005-01,6,5.5,2005-06,OK,"L.attrs contém termo(s) ['forecast_period'] — indica semântica de lead/target, mas isso sozinho não confirma o valor exato de H6 sem uma variável auxiliar de data-alvo. | nenhuma variável auxiliar de data-alvo (('target', 'valid_time', 'target_month', 'forecast_time')) encontrada no dataset aberto — tentando Método B (semântica documentada do eixo forecast_period, Seção 4). | confirmado pela semântica documentada do eixo forecast_period (Método B, Seção 4/6): inicialização confirmada via SCALAR_COORD_ON_VARIABLE (status=OK_SCALAR_COORD), L.standard_name='forecast_period'/units='months', grade [0.5, 1.5, 2.5, 3.5, 4.5, 5.5] mensal confirmada, rota com forecast_period_semantics_documented=True.",CONFIRMED_BY_FORECAST_PERIOD_SEMANTICS,SCALAR_COORD_ON_VARIABLE,2005-01,2005-01,1,OK_SCALAR_COORD,RANGEEDGES,RANGEEDGES_WINDOW_COORDINATE_MATCH,2005-01-01 00:00:00; 2005-02-01 00:00:00,2005-01-01 00:00:00,"esquema=lead1_igual_mes_inicializacao, representação=NMME_HARMONIZED_MONTHLY",Fazendas_Sinobras_Centroide
2005-02,NOAA_NCEP,CFSv2,2005-02,1,0.5,2005-02,OK,"L.attrs contém termo(s) ['forecast_period'] — indica semântica de lead/target, mas isso sozinho não confirma o valor exato de H1 sem uma variável auxiliar de data-alvo. | nenhuma variável auxiliar de data-alvo (('target', 'valid_time', 'target_month', 'forecast_time')) encontrada no dataset aberto — tentando Método B (semântica documentada do eixo forecast_period, Seção 4). | confirmado pela semântica documentada do eixo forecast_period (Método B, Seção 4/6): inicialização confirmada via SCALAR_COORD_ON_VARIABLE (status=OK_SCALAR_COORD), L.standard_name='forecast_period'/units='months', grade [0.5, 1.5, 2.5, 3.5, 4.5, 5.5] mensal confirmada, rota com forecast_period_semantics_documented=True.",CONFIRMED_BY_FORECAST_PERIOD_SEMANTICS,SCALAR_COORD_ON_VARIABLE,2005-02,2005-02,1,OK_SCALAR_COORD,RANGEEDGES,RANGEEDGES_WINDOW_COORDINATE_MATCH,2005-02-01 00:00:00; 2005-03-01 00:00:00,2005-02-01 00:00:00,"esquema=lead1_igual_mes_inicializacao, representação=NMME_HARMONIZED_MONTHLY",Fazendas_Sinobras_Centroide
2005-02,NOAA_NCEP,CFSv2,2005-02,2,1.5,2005-03,OK,"L.attrs contém termo(s) ['forecast_period'] — indica semântica de lead/target, mas isso sozinho não confirma o valor exato de H2 sem uma variável auxiliar de data-alvo. | nenhuma variável auxiliar de data-alvo (('target', 'valid_time', 'target_month', 'forecast_time')) encontrada no dataset aberto — tentando Método B (semântica documentada do eixo forecast_period, Seção 4). | confirmado pela semântica documentada do eixo forecast_period (Método B, Seção 4/6): inicialização confirmada via SCALAR_COORD_ON_VARIABLE (status=OK_SCALAR_COORD), L.standard_name='forecast_period'/units='months', grade [0.5, 1.5, 2.5, 3.5, 4.5, 5.5] mensal confirmada, rota com forecast_period_semantics_documented=True.",CONFIRMED_BY_FORECAST_PERIOD_SEMANTICS,SCALAR_COORD_ON_VARIABLE,2005-02,2005-02,1,OK_SCALAR_COORD,RANGEEDGES,RANGEEDGES_WINDOW_COORDINATE_MATCH,2005-02-01 00:00:00; 2005-03-01 00:00:00,2005-02-01 00:00:00,"esquema=lead1_igual_mes_inicializacao, representação=NMME_HARMONIZED_MONTHLY",Fazendas_Sinobras_Centroide
2005-02,NOAA_NCEP,CFSv2,2005-02,3,2.5,2005-04,OK,"L.attrs contém termo(s) ['forecast_period'] — indica semântica de lead/target, mas isso sozinho não confirma o valor exato de H3 sem uma variável auxiliar de data-alvo. | nenhuma variável auxiliar de data-alvo (('target', 'valid_time', 'target_month', 'forecast_time')) encontrada no dataset aberto — tentando Método B (semântica documentada do eixo forecast_period, Seção 4). | confirmado pela semântica documentada do eixo forecast_period (Método B, Seção 4/6): inicialização confirmada via SCALAR_COORD_ON_VARIABLE (status=OK_SCALAR_COORD), L.standard_name='forecast_period'/units='months', grade [0.5, 1.5, 2.5, 3.5, 4.5, 5.5] mensal confirmada, rota com forecast_period_semantics_documented=True.",CONFIRMED_BY_FORECAST_PERIOD_SEMANTICS,SCALAR_COORD_ON_VARIABLE,2005-02,2005-02,1,OK_SCALAR_COORD,RANGEEDGES,RANGEEDGES_WINDOW_COORDINATE_MATCH,2005-02-01 00:00:00; 2005-03-01 00:00:00,2005-02-01 00:00:00,"esquema=lead1_igual_mes_inicializacao, representação=NMME_HARMONIZED_MONTHLY",Fazendas_Sinobras_Centroide
2005-02,NOAA_NCEP,CFSv2,2005-02,4,3.5,2005-05,OK,"L.attrs contém termo(s) ['forecast_period'] — indica semântica de lead/target, mas isso sozinho não confirma o valor exato de H4 sem uma variável auxiliar de data-alvo. | nenhuma variável auxiliar de data-alvo (('target', 'valid_time', 'target_month', 'forecast_time')) encontrada no dataset aberto — tentando Método B (semântica documentada do eixo forecast_period, Seção 4). | confirmado pela semântica documentada do eixo forecast_period (Método B, Seção 4/6): inicialização confirmada via SCALAR_COORD_ON_VARIABLE (status=OK_SCALAR_COORD), L.standard_name='forecast_period'/units='months', grade [0.5, 1.5, 2.5, 3.5, 4.5, 5.5] mensal confirmada, rota com forecast_period_semantics_documented=True.",CONFIRMED_BY_FORECAST_PERIOD_SEMANTICS,SCALAR_COORD_ON_VARIABLE,2005-02,2005-02,1,OK_SCALAR_COORD,RANGEEDGES,RANGEEDGES_WINDOW_COORDINATE_MATCH,2005-02-01 00:00:00; 2005-03-01 00:00:00,2005-02-01 00:00:00,"esquema=lead1_igual_mes_inicializacao, representação=NMME_HARMONIZED_MONTHLY",Fazendas_Sinobras_Centroide
2005-02,NOAA_NCEP,CFSv2,2005-02,5,4.5,2005-06,OK,"L.attrs contém termo(s) ['forecast_period'] — indica semântica de lead/target, mas isso sozinho não confirma o valor exato de H5 sem uma variável auxiliar de data-alvo. | nenhuma variável auxiliar de data-alvo (('target', 'valid_time', 'target_month', 'forecast_time')) encontrada no dataset aberto — tentando Método B (semântica documentada do eixo forecast_period, Seção 4). | confirmado pela semântica documentada do eixo forecast_period (Método B, Seção 4/6): inicialização confirmada via SCALAR_COORD_ON_VARIABLE (status=OK_SCALAR_COORD), L.standard_name='forecast_period'/units='months', grade [0.5, 1.5, 2.5, 3.5, 4.5, 5.5] mensal confirmada, rota com forecast_period_semantics_documented=True.",CONFIRMED_BY_FORECAST_PERIOD_SEMANTICS,SCALAR_COORD_ON_VARIABLE,2005-02,2005-02,1,OK_SCALAR_COORD,RANGEEDGES,RANGEEDGES_WINDOW_COORDINATE_MATCH,2005-02-01 00:00:00; 2005-03-01 00:00:00,2005-02-01 00:00:00,"esquema=lead1_igual_mes_inicializacao, representação=NMME_HARMONIZED_MONTHLY",Fazendas_Sinobras_Centroide
2005-02,NOAA_NCEP,CFSv2,2005-02,6,5.5,2005-07,OK,"L.attrs contém termo(s) ['forecast_period'] — indica semântica de lead/target, mas isso sozinho não confirma o valor exato de H6 sem uma variável auxiliar de data-alvo. | nenhuma variável auxiliar de data-alvo (('target', 'valid_time', 'target_month', 'forecast_time')) encontrada no dataset aberto — tentando Método B (semântica documentada do eixo forecast_period, Seção 4). | confirmado pela semântica documentada do eixo forecast_period (Método B, Seção 4/6): inicialização confirmada via SCALAR_COORD_ON_VARIABLE (status=OK_SCALAR_COORD), L.standard_name='forecast_period'/units='months', grade [0.5, 1.5, 2.5, 3.5, 4.5, 5.5] mensal confirmada, rota com forecast_period_semantics_documented=True.",CONFIRMED_BY_FORECAST_PERIOD_SEMANTICS,SCALAR_COORD_ON_VARIABLE,2005-02,2005-02,1,OK_SCALAR_COORD,RANGEEDGES,RANGEEDGES_WINDOW_COORDINATE_MATCH,2005-02-01 00:00:00; 2005-03-01 00:00:00,2005-02-01 00:00:00,"esquema=lead1_igual_mes_inicializacao, representação=NMME_HARMONIZED_MONTHLY",Fazendas_Sinobras_Centroide
2005-03,NOAA_NCEP,CFSv2,2005-03,1,0.5,2005-03,OK,"L.attrs contém termo(s) ['forecast_period'] — indica semântica de lead/target, mas isso sozinho não confirma o valor exato de H1 sem uma variável auxiliar de data-alvo. | nenhuma variável auxiliar de data-alvo (('target', 'valid_time', 'target_month', 'forecast_time')) encontrada no dataset aberto — tentando Método B (semântica documentada do eixo forecast_period, Seção 4). | confirmado pela semântica documentada do eixo forecast_period (Método B, Seção 4/6): inicialização confirmada via SCALAR_COORD_ON_VARIABLE (status=OK_SCALAR_COORD), L.standard_name='forecast_period'/units='months', grade [0.5, 1.5, 2.5, 3.5, 4.5, 5.5] mensal confirmada, rota com forecast_period_semantics_documented=True.",CONFIRMED_BY_FORECAST_PERIOD_SEMANTICS,SCALAR_COORD_ON_VARIABLE,2005-03,2005-03,1,OK_SCALAR_COORD,RANGEEDGES,RANGEEDGES_WINDOW_COORDINATE_MATCH,2005-03-01 00:00:00; 2005-04-01 00:00:00,2005-03-01 00:00:00,"esquema=lead1_igual_mes_inicializacao, representação=NMME_HARMONIZED_MONTHLY",Fazendas_Sinobras_Centroide
2005-03,NOAA_NCEP,CFSv2,2005-03,2,1.5,2005-04,OK,"L.attrs contém termo(s) ['forecast_period'] — indica semântica de lead/target, mas isso sozinho não confirma o valor exato de H2 sem uma variável auxiliar de data-alvo. | nenhuma variável auxiliar de data-alvo (('target', 'valid_time', 'target_month', 'forecast_time')) encontrada no dataset aberto — tentando Método B (semântica documentada do eixo forecast_period, Seção 4). | confirmado pela semântica documentada do eixo forecast_period (Método B, Seção 4/6): inicialização confirmada via SCALAR_COORD_ON_VARIABLE (status=OK_SCALAR_COORD), L.standard_name='forecast_period'/units='months', grade [0.5, 1.5, 2.5, 3.5, 4.5, 5.5] mensal confirmada, rota com forecast_period_semantics_documented=True.",CONFIRMED_BY_FORECAST_PERIOD_SEMANTICS,SCALAR_COORD_ON_VARIABLE,2005-03,2005-03,1,OK_SCALAR_COORD,RANGEEDGES,RANGEEDGES_WINDOW_COORDINATE_MATCH,2005-03-01 00:00:00; 2005-04-01 00:00:00,2005-03-01 00:00:00,"esquema=lead1_igual_mes_inicializacao, representação=NMME_HARMONIZED_MONTHLY",Fazendas_Sinobras_Centroide
2005-03,NOAA_NCEP,CFSv2,2005-03,3,2.5,2005-05,OK,"L.attrs contém termo(s) ['forecast_period'] — indica semântica de lead/target, mas isso sozinho não confirma o valor exato de H3 sem uma variável auxiliar de data-alvo. | nenhuma variável auxiliar de data-alvo (('target', 'valid_time', 'target_month', 'forecast_time')) encontrada no dataset aberto — tentando Método B (semântica documentada do eixo forecast_period, Seção 4). | confirmado pela semântica documentada do eixo forecast_period (Método B, Seção 4/6): inicialização confirmada via SCALAR_COORD_ON_VARIABLE (status=OK_SCALAR_COORD), L.standard_name='forecast_period'/units='months', grade [0.5, 1.5, 2.5, 3.5, 4.5, 5.5] mensal confirmada, rota com forecast_period_semantics_documented=True.",CONFIRMED_BY_FORECAST_PERIOD_SEMANTICS,SCALAR_COORD_ON_VARIABLE,2005-03,2005-03,1,OK_SCALAR_COORD,RANGEEDGES,RANGEEDGES_WINDOW_COORDINATE_MATCH,2005-03-01 00:00:00; 2005-04-01 00:00:00,2005-03-01 00:00:00,"esquema=lead1_igual_mes_inicializacao, representação=NMME_HARMONIZED_MONTHLY",Fazendas_Sinobras_Centroide
2005-03,NOAA_NCEP,CFSv2,2005-03,4,3.5,2005-06,OK,"L.attrs contém termo(s) ['forecast_period'] — indica semântica de lead/target, mas isso sozinho não confirma o valor exato de H4 sem uma variável auxiliar de data-alvo. | nenhuma variável auxiliar de data-alvo (('target', 'valid_time', 'target_month', 'forecast_time')) encontrada no dataset aberto — tentando Método B (semântica documentada do eixo forecast_period, Seção 4). | confirmado pela semântica documentada do eixo forecast_period (Método B, Seção 4/6): inicialização confirmada via SCALAR_COORD_ON_VARIABLE (status=OK_SCALAR_COORD), L.standard_name='forecast_period'/units='months', grade [0.5, 1.5, 2.5, 3.5, 4.5, 5.5] mensal confirmada, rota com forecast_period_semantics_documented=True.",CONFIRMED_BY_FORECAST_PERIOD_SEMANTICS,SCALAR_COORD_ON_VARIABLE,2005-03,2005-03,1,OK_SCALAR_COORD,RANGEEDGES,RANGEEDGES_WINDOW_COORDINATE_MATCH,2005-03-01 00:00:00; 2005-04-01 00:00:00,2005-03-01 00:00:00,"esquema=lead1_igual_mes_inicializacao, representação=NMME_HARMONIZED_MONTHLY",Fazendas_Sinobras_Centroide
2005-03,NOAA_NCEP,CFSv2,2005-03,5,4.5,2005-07,OK,"L.attrs contém termo(s) ['forecast_period'] — indica semântica de lead/target, mas isso sozinho não confirma o valor exato de H5 sem uma variável auxiliar de data-alvo. | nenhuma variável auxiliar de data-alvo (('target', 'valid_time', 'target_month', 'forecast_time')) encontrada no dataset aberto — tentando Método B (semântica documentada do eixo forecast_period, Seção 4). | confirmado pela semântica documentada do eixo forecast_period (Método B, Seção 4/6): inicialização confirmada via SCALAR_COORD_ON_VARIABLE (status=OK_SCALAR_COORD), L.standard_name='forecast_period'/units='months', grade [0.5, 1.5, 2.5, 3.5, 4.5, 5.5] mensal confirmada, rota com forecast_period_semantics_documented=True.",CONFIRMED_BY_FORECAST_PERIOD_SEMANTICS,SCALAR_COORD_ON_VARIABLE,2005-03,2005-03,1,OK_SCALAR_COORD,RANGEEDGES,RANGEEDGES_WINDOW_COORDINATE_MATCH,2005-03-01 00:00:00; 2005-04-01 00:00:00,2005-03-01 00:00:00,"esquema=lead1_igual_mes_inicializacao, representação=NMME_HARMONIZED_MONTHLY",Fazendas_Sinobras_Centroide
2005-03,NOAA_NCEP,CFSv2,2005-03,6,5.5,2005-08,OK,"L.attrs contém termo(s) ['forecast_period'] — indica semântica de lead/target, mas isso sozinho não confirma o valor exato de H6 sem uma variável auxiliar de data-alvo. | nenhuma variável auxiliar de data-alvo (('target', 'valid_time', 'target_month', 'forecast_time')) encontrada no dataset aberto — tentando Método B (semântica documentada do eixo forecast_period, Seção 4). | confirmado pela semântica documentada do eixo forecast_period (Método B, Seção 4/6): inicialização confirmada via SCALAR_COORD_ON_VARIABLE (status=OK_SCALAR_COORD), L.standard_name='forecast_period'/units='months', grade [0.5, 1.5, 2.5, 3.5, 4.5, 5.5] mensal confirmada, rota com forecast_period_semantics_documented=True.",CONFIRMED_BY_FORECAST_PERIOD_SEMANTICS,SCALAR_COORD_ON_VARIABLE,2005-03,2005-03,1,OK_SCALAR_COORD,RANGEEDGES,RANGEEDGES_WINDOW_COORDINATE_MATCH,2005-03-01 00:00:00; 2005-04-01 00:00:00,2005-03-01 00:00:00,"esquema=lead1_igual_mes_inicializacao, representação=NMME_HARMONIZED_MONTHLY",Fazendas_Sinobras_Centroide
2005-04,NOAA_NCEP,CFSv2,2005-04,1,0.5,2005-04,OK,"L.attrs contém termo(s) ['forecast_period'] — indica semântica de lead/target, mas isso sozinho não confirma o valor exato de H1 sem uma variável auxiliar de data-alvo. | nenhuma variável auxiliar de data-alvo (('target', 'valid_time', 'target_month', 'forecast_time')) encontrada no dataset aberto — tentando Método B (semântica documentada do eixo forecast_period, Seção 4). | confirmado pela semântica documentada do eixo forecast_period (Método B, Seção 4/6): inicialização confirmada via SCALAR_COORD_ON_VARIABLE (status=OK_SCALAR_COORD), L.standard_name='forecast_period'/units='months', grade [0.5, 1.5, 2.5, 3.5, 4.5, 5.5] mensal confirmada, rota com forecast_period_semantics_documented=True.",CONFIRMED_BY_FORECAST_PERIOD_SEMANTICS,SCALAR_COORD_ON_VARIABLE,2005-04,2005-04,1,OK_SCALAR_COORD,RANGEEDGES,RANGEEDGES_WINDOW_COORDINATE_MATCH,2005-04-01 00:00:00; 2005-05-01 00:00:00,2005-04-01 00:00:00,"esquema=lead1_igual_mes_inicializacao, representação=NMME_HARMONIZED_MONTHLY",Fazendas_Sinobras_Centroide
2005-04,NOAA_NCEP,CFSv2,2005-04,2,1.5,2005-05,OK,"L.attrs contém termo(s) ['forecast_period'] — indica semântica de lead/target, mas isso sozinho não confirma o valor exato de H2 sem uma variável auxiliar de data-alvo. | nenhuma variável auxiliar de data-alvo (('target', 'valid_time', 'target_month', 'forecast_time')) encontrada no dataset aberto — tentando Método B (semântica documentada do eixo forecast_period, Seção 4). | confirmado pela semântica documentada do eixo forecast_period (Método B, Seção 4/6): inicialização confirmada via SCALAR_COORD_ON_VARIABLE (status=OK_SCALAR_COORD), L.standard_name='forecast_period'/units='months', grade [0.5, 1.5, 2.5, 3.5, 4.5, 5.5] mensal confirmada, rota com forecast_period_semantics_documented=True.",CONFIRMED_BY_FORECAST_PERIOD_SEMANTICS,SCALAR_COORD_ON_VARIABLE,2005-04,2005-04,1,OK_SCALAR_COORD,RANGEEDGES,RANGEEDGES_WINDOW_COORDINATE_MATCH,2005-04-01 00:00:00; 2005-05-01 00:00:00,2005-04-01 00:00:00,"esquema=lead1_igual_mes_inicializacao, representação=NMME_HARMONIZED_MONTHLY",Fazendas_Sinobras_Centroide
2005-04,NOAA_NCEP,CFSv2,2005-04,3,2.5,2005-06,OK,"L.attrs contém termo(s) ['forecast_period'] — indica semântica de lead/target, mas isso sozinho não confirma o valor exato de H3 sem uma variável auxiliar de data-alvo. | nenhuma variável auxiliar de data-alvo (('target', 'valid_time', 'target_month', 'forecast_time')) encontrada no dataset aberto — tentando Método B (semântica documentada do eixo forecast_period, Seção 4). | confirmado pela semântica documentada do eixo forecast_period (Método B, Seção 4/6): inicialização confirmada via SCALAR_COORD_ON_VARIABLE (status=OK_SCALAR_COORD), L.standard_name='forecast_period'/units='months', grade [0.5, 1.5, 2.5, 3.5, 4.5, 5.5] mensal confirmada, rota com forecast_period_semantics_documented=True.",CONFIRMED_BY_FORECAST_PERIOD_SEMANTICS,SCALAR_COORD_ON_VARIABLE,2005-04,2005-04,1,OK_SCALAR_COORD,RANGEEDGES,RANGEEDGES_WINDOW_COORDINATE_MATCH,2005-04-01 00:00:00; 2005-05-01 00:00:00,2005-04-01 00:00:00,"esquema=lead1_igual_mes_inicializacao, representação=NMME_HARMONIZED_MONTHLY",Fazendas_Sinobras_Centroide
2005-04,NOAA_NCEP,CFSv2,2005-04,4,3.5,2005-07,OK,"L.attrs contém termo(s) ['forecast_period'] — indica semântica de lead/target, mas isso sozinho não confirma o valor exato de H4 sem uma variável auxiliar de data-alvo. | nenhuma variável auxiliar de data-alvo (('target', 'valid_time', 'target_month', 'forecast_time')) encontrada no dataset aberto — tentando Método B (semântica documentada do eixo forecast_period, Seção 4). | confirmado pela semântica documentada do eixo forecast_period (Método B, Seção 4/6): inicialização confirmada via SCALAR_COORD_ON_VARIABLE (status=OK_SCALAR_COORD), L.standard_name='forecast_period'/units='months', grade [0.5, 1.5, 2.5, 3.5, 4.5, 5.5] mensal confirmada, rota com forecast_period_semantics_documented=True.",CONFIRMED_BY_FORECAST_PERIOD_SEMANTICS,SCALAR_COORD_ON_VARIABLE,2005-04,2005-04,1,OK_SCALAR_COORD,RANGEEDGES,RANGEEDGES_WINDOW_COORDINATE_MATCH,2005-04-01 00:00:00; 2005-05-01 00:00:00,2005-04-01 00:00:00,"esquema=lead1_igual_mes_inicializacao, representação=NMME_HARMONIZED_MONTHLY",Fazendas_Sinobras_Centroide
2005-04,NOAA_NCEP,CFSv2,2005-04,5,4.5,2005-08,OK,"L.attrs contém termo(s) ['forecast_period'] — indica semântica de lead/target, mas isso sozinho não confirma o valor exato de H5 sem uma variável auxiliar de data-alvo. | nenhuma variável auxiliar de data-alvo (('target', 'valid_time', 'target_month', 'forecast_time')) encontrada no dataset aberto — tentando Método B (semântica documentada do eixo forecast_period, Seção 4). | confirmado pela semântica documentada do eixo forecast_period (Método B, Seção 4/6): inicialização confirmada via SCALAR_COORD_ON_VARIABLE (status=OK_SCALAR_COORD), L.standard_name='forecast_period'/units='months', grade [0.5, 1.5, 2.5, 3.5, 4.5, 5.5] mensal confirmada, rota com forecast_period_semantics_documented=True.",CONFIRMED_BY_FORECAST_PERIOD_SEMANTICS,SCALAR_COORD_ON_VARIABLE,2005-04,2005-04,1,OK_SCALAR_COORD,RANGEEDGES,RANGEEDGES_WINDOW_COORDINATE_MATCH,2005-04-01 00:00:00; 2005-05-01 00:00:00,2005-04-01 00:00:00,"esquema=lead1_igual_mes_inicializacao, representação=NMME_HARMONIZED_MONTHLY",Fazendas_Sinobras_Centroide
2005-04,NOAA_NCEP,CFSv2,2005-04,6,5.5,2005-09,OK,"L.attrs contém termo(s) ['forecast_period'] — indica semântica de lead/target, mas isso sozinho não confirma o valor exato de H6 sem uma variável auxiliar de data-alvo. | nenhuma variável auxiliar de data-alvo (('target', 'valid_time', 'target_month', 'forecast_time')) encontrada no dataset aberto — tentando Método B (semântica documentada do eixo forecast_period, Seção 4). | confirmado pela semântica documentada do eixo forecast_period (Método B, Seção 4/6): inicialização confirmada via SCALAR_COORD_ON_VARIABLE (status=OK_SCALAR_COORD), L.standard_name='forecast_period'/units='months', grade [0.5, 1.5, 2.5, 3.5, 4.5, 5.5] mensal confirmada, rota com forecast_period_semantics_documented=True.",CONFIRMED_BY_FORECAST_PERIOD_SEMANTICS,SCALAR_COORD_ON_VARIABLE,2005-04,2005-04,1,OK_SCALAR_COORD,RANGEEDGES,RANGEEDGES_WINDOW_COORDINATE_MATCH,2005-04-01 00:00:00; 2005-05-01 00:00:00,2005-04-01 00:00:00,"esquema=lead1_igual_mes_inicializacao, representação=NMME_HARMONIZED_MONTHLY",Fazendas_Sinobras_Centroide
2005-05,NOAA_NCEP,CFSv2,2005-05,1,0.5,2005-05,OK,"L.attrs contém termo(s) ['forecast_period'] — indica semântica de lead/target, mas isso sozinho não confirma o valor exato de H1 sem uma variável auxiliar de data-alvo. | nenhuma variável auxiliar de data-alvo (('target', 'valid_time', 'target_month', 'forecast_time')) encontrada no dataset aberto — tentando Método B (semântica documentada do eixo forecast_period, Seção 4). | confirmado pela semântica documentada do eixo forecast_period (Método B, Seção 4/6): inicialização confirmada via SCALAR_COORD_ON_VARIABLE (status=OK_SCALAR_COORD), L.standard_name='forecast_period'/units='months', grade [0.5, 1.5, 2.5, 3.5, 4.5, 5.5] mensal confirmada, rota com forecast_period_semantics_documented=True.",CONFIRMED_BY_FORECAST_PERIOD_SEMANTICS,SCALAR_COORD_ON_VARIABLE,2005-05,2005-05,1,OK_SCALAR_COORD,RANGEEDGES,RANGEEDGES_WINDOW_COORDINATE_MATCH,2005-05-01 00:00:00; 2005-06-01 00:00:00,2005-05-01 00:00:00,"esquema=lead1_igual_mes_inicializacao, representação=NMME_HARMONIZED_MONTHLY",Fazendas_Sinobras_Centroide
2005-05,NOAA_NCEP,CFSv2,2005-05,2,1.5,2005-06,OK,"L.attrs contém termo(s) ['forecast_period'] — indica semântica de lead/target, mas isso sozinho não confirma o valor exato de H2 sem uma variável auxiliar de data-alvo. | nenhuma variável auxiliar de data-alvo (('target', 'valid_time', 'target_month', 'forecast_time')) encontrada no dataset aberto — tentando Método B (semântica documentada do eixo forecast_period, Seção 4). | confirmado pela semântica documentada do eixo forecast_period (Método B, Seção 4/6): inicialização confirmada via SCALAR_COORD_ON_VARIABLE (status=OK_SCALAR_COORD), L.standard_name='forecast_period'/units='months', grade [0.5, 1.5, 2.5, 3.5, 4.5, 5.5] mensal confirmada, rota com forecast_period_semantics_documented=True.",CONFIRMED_BY_FORECAST_PERIOD_SEMANTICS,SCALAR_COORD_ON_VARIABLE,2005-05,2005-05,1,OK_SCALAR_COORD,RANGEEDGES,RANGEEDGES_WINDOW_COORDINATE_MATCH,2005-05-01 00:00:00; 2005-06-01 00:00:00,2005-05-01 00:00:00,"esquema=lead1_igual_mes_inicializacao, representação=NMME_HARMONIZED_MONTHLY",Fazendas_Sinobras_Centroide
2005-05,NOAA_NCEP,CFSv2,2005-05,3,2.5,2005-07,OK,"L.attrs contém termo(s) ['forecast_period'] — indica semântica de lead/target, mas isso sozinho não confirma o valor exato de H3 sem uma variável auxiliar de data-alvo. | nenhuma variável auxiliar de data-alvo (('target', 'valid_time', 'target_month', 'forecast_time')) encontrada no dataset aberto — tentando Método B (semântica documentada do eixo forecast_period, Seção 4). | confirmado pela semântica documentada do eixo forecast_period (Método B, Seção 4/6): inicialização confirmada via SCALAR_COORD_ON_VARIABLE (status=OK_SCALAR_COORD), L.standard_name='forecast_period'/units='months', grade [0.5, 1.5, 2.5, 3.5, 4.5, 5.5] mensal confirmada, rota com forecast_period_semantics_documented=True.",CONFIRMED_BY_FORECAST_PERIOD_SEMANTICS,SCALAR_COORD_ON_VARIABLE,2005-05,2005-05,1,OK_SCALAR_COORD,RANGEEDGES,RANGEEDGES_WINDOW_COORDINATE_MATCH,2005-05-01 00:00:00; 2005-06-01 00:00:00,2005-05-01 00:00:00,"esquema=lead1_igual_mes_inicializacao, representação=NMME_HARMONIZED_MONTHLY",Fazendas_Sinobras_Centroide
2005-05,NOAA_NCEP,CFSv2,2005-05,4,3.5,2005-08,OK,"L.attrs contém termo(s) ['forecast_period'] — indica semântica de lead/target, mas isso sozinho não confirma o valor exato de H4 sem uma variável auxiliar de data-alvo. | nenhuma variável auxiliar de data-alvo (('target', 'valid_time', 'target_month', 'forecast_time')) encontrada no dataset aberto — tentando Método B (semântica documentada do eixo forecast_period, Seção 4). | confirmado pela semântica documentada do eixo forecast_period (Método B, Seção 4/6): inicialização confirmada via SCALAR_COORD_ON_VARIABLE (status=OK_SCALAR_COORD), L.standard_name='forecast_period'/units='months', grade [0.5, 1.5, 2.5, 3.5, 4.5, 5.5] mensal confirmada, rota com forecast_period_semantics_documented=True.",CONFIRMED_BY_FORECAST_PERIOD_SEMANTICS,SCALAR_COORD_ON_VARIABLE,2005-05,2005-05,1,OK_SCALAR_COORD,RANGEEDGES,RANGEEDGES_WINDOW_COORDINATE_MATCH,2005-05-01 00:00:00; 2005-06-01 00:00:00,2005-05-01 00:00:00,"esquema=lead1_igual_mes_inicializacao, representação=NMME_HARMONIZED_MONTHLY",Fazendas_Sinobras_Centroide
2005-05,NOAA_NCEP,CFSv2,2005-05,5,4.5,2005-09,OK,"L.attrs contém termo(s) ['forecast_period'] — indica semântica de lead/target, mas isso sozinho não confirma o valor exato de H5 sem uma variável auxiliar de data-alvo. | nenhuma variável auxiliar de data-alvo (('target', 'valid_time', 'target_month', 'forecast_time')) encontrada no dataset aberto — tentando Método B (semântica documentada do eixo forecast_period, Seção 4). | confirmado pela semântica documentada do eixo forecast_period (Método B, Seção 4/6): inicialização confirmada via SCALAR_COORD_ON_VARIABLE (status=OK_SCALAR_COORD), L.standard_name='forecast_period'/units='months', grade [0.5, 1.5, 2.5, 3.5, 4.5, 5.5] mensal confirmada, rota com forecast_period_semantics_documented=True.",CONFIRMED_BY_FORECAST_PERIOD_SEMANTICS,SCALAR_COORD_ON_VARIABLE,2005-05,2005-05,1,OK_SCALAR_COORD,RANGEEDGES,RANGEEDGES_WINDOW_COORDINATE_MATCH,2005-05-01 00:00:00; 2005-06-01 00:00:00,2005-05-01 00:00:00,"esquema=lead1_igual_mes_inicializacao, representação=NMME_HARMONIZED_MONTHLY",Fazendas_Sinobras_Centroide
2005-05,NOAA_NCEP,CFSv2,2005-05,6,5.5,2005-10,OK,"L.attrs contém termo(s) ['forecast_period'] — indica semântica de lead/target, mas isso sozinho não confirma o valor exato de H6 sem uma variável auxiliar de data-alvo. | nenhuma variável auxiliar de data-alvo (('target', 'valid_time', 'target_month', 'forecast_time')) encontrada no dataset aberto — tentando Método B (semântica documentada do eixo forecast_period, Seção 4). | confirmado pela semântica documentada do eixo forecast_period (Método B, Seção 4/6): inicialização confirmada via SCALAR_COORD_ON_VARIABLE (status=OK_SCALAR_COORD), L.standard_name='forecast_period'/units='months', grade [0.5, 1.5, 2.5, 3.5, 4.5, 5.5] mensal confirmada, rota com forecast_period_semantics_documented=True.",CONFIRMED_BY_FORECAST_PERIOD_SEMANTICS,SCALAR_COORD_ON_VARIABLE,2005-05,2005-05,1,OK_SCALAR_COORD,RANGEEDGES,RANGEEDGES_WINDOW_COORDINATE_MATCH,2005-05-01 00:00:00; 2005-06-01 00:00:00,2005-05-01 00:00:00,"esquema=lead1_igual_mes_inicializacao, representação=NMME_HARMONIZED_MONTHLY",Fazendas_Sinobras_Centroide
2005-06,NOAA_NCEP,CFSv2,2005-06,1,0.5,2005-06,OK,"L.attrs contém termo(s) ['forecast_period'] — indica semântica de lead/target, mas isso sozinho não confirma o valor exato de H1 sem uma variável auxiliar de data-alvo. | nenhuma variável auxiliar de data-alvo (('target', 'valid_time', 'target_month', 'forecast_time')) encontrada no dataset aberto — tentando Método B (semântica documentada do eixo forecast_period, Seção 4). | confirmado pela semântica documentada do eixo forecast_period (Método B, Seção 4/6): inicialização confirmada via SCALAR_COORD_ON_VARIABLE (status=OK_SCALAR_COORD), L.standard_name='forecast_period'/units='months', grade [0.5, 1.5, 2.5, 3.5, 4.5, 5.5] mensal confirmada, rota com forecast_period_semantics_documented=True.",CONFIRMED_BY_FORECAST_PERIOD_SEMANTICS,SCALAR_COORD_ON_VARIABLE,2005-06,2005-06,1,OK_SCALAR_COORD,RANGEEDGES,RANGEEDGES_WINDOW_COORDINATE_MATCH,2005-06-01 00:00:00; 2005-07-01 00:00:00,2005-06-01 00:00:00,"esquema=lead1_igual_mes_inicializacao, representação=NMME_HARMONIZED_MONTHLY",Fazendas_Sinobras_Centroide
2005-06,NOAA_NCEP,CFSv2,2005-06,2,1.5,2005-07,OK,"L.attrs contém termo(s) ['forecast_period'] — indica semântica de lead/target, mas isso sozinho não confirma o valor exato de H2 sem uma variável auxiliar de data-alvo. | nenhuma variável auxiliar de data-alvo (('target', 'valid_time', 'target_month', 'forecast_time')) encontrada no dataset aberto — tentando Método B (semântica documentada do eixo forecast_period, Seção 4). | confirmado pela semântica documentada do eixo forecast_period (Método B, Seção 4/6): inicialização confirmada via SCALAR_COORD_ON_VARIABLE (status=OK_SCALAR_COORD), L.standard_name='forecast_period'/units='months', grade [0.5, 1.5, 2.5, 3.5, 4.5, 5.5] mensal confirmada, rota com forecast_period_semantics_documented=True.",CONFIRMED_BY_FORECAST_PERIOD_SEMANTICS,SCALAR_COORD_ON_VARIABLE,2005-06,2005-06,1,OK_SCALAR_COORD,RANGEEDGES,RANGEEDGES_WINDOW_COORDINATE_MATCH,2005-06-01 00:00:00; 2005-07-01 00:00:00,2005-06-01 00:00:00,"esquema=lead1_igual_mes_inicializacao, representação=NMME_HARMONIZED_MONTHLY",Fazendas_Sinobras_Centroide
2005-06,NOAA_NCEP,CFSv2,2005-06,3,2.5,2005-08,OK,"L.attrs contém termo(s) ['forecast_period'] — indica semântica de lead/target, mas isso sozinho não confirma o valor exato de H3 sem uma variável auxiliar de data-alvo. | nenhuma variável auxiliar de data-alvo (('target', 'valid_time', 'target_month', 'forecast_time')) encontrada no dataset aberto — tentando Método B (semântica documentada do eixo forecast_period, Seção 4). | confirmado pela semântica documentada do eixo forecast_period (Método B, Seção 4/6): inicialização confirmada via SCALAR_COORD_ON_VARIABLE (status=OK_SCALAR_COORD), L.standard_name='forecast_period'/units='months', grade [0.5, 1.5, 2.5, 3.5, 4.5, 5.5] mensal confirmada, rota com forecast_period_semantics_documented=True.",CONFIRMED_BY_FORECAST_PERIOD_SEMANTICS,SCALAR_COORD_ON_VARIABLE,2005-06,2005-06,1,OK_SCALAR_COORD,RANGEEDGES,RANGEEDGES_WINDOW_COORDINATE_MATCH,2005-06-01 00:00:00; 2005-07-01 00:00:00,2005-06-01 00:00:00,"esquema=lead1_igual_mes_inicializacao, representação=NMME_HARMONIZED_MONTHLY",Fazendas_Sinobras_Centroide
2005-06,NOAA_NCEP,CFSv2,2005-06,4,3.5,2005-09,OK,"L.attrs contém termo(s) ['forecast_period'] — indica semântica de lead/target, mas isso sozinho não confirma o valor exato de H4 sem uma variável auxiliar de data-alvo. | nenhuma variável auxiliar de data-alvo (('target', 'valid_time', 'target_month', 'forecast_time')) encontrada no dataset aberto — tentando Método B (semântica documentada do eixo forecast_period, Seção 4). | confirmado pela semântica documentada do eixo forecast_period (Método B, Seção 4/6): inicialização confirmada via SCALAR_COORD_ON_VARIABLE (status=OK_SCALAR_COORD), L.standard_name='forecast_period'/units='months', grade [0.5, 1.5, 2.5, 3.5, 4.5, 5.5] mensal confirmada, rota com forecast_period_semantics_documented=True.",CONFIRMED_BY_FORECAST_PERIOD_SEMANTICS,SCALAR_COORD_ON_VARIABLE,2005-06,2005-06,1,OK_SCALAR_COORD,RANGEEDGES,RANGEEDGES_WINDOW_COORDINATE_MATCH,2005-06-01 00:00:00; 2005-07-01 00:00:00,2005-06-01 00:00:00,"esquema=lead1_igual_mes_inicializacao, representação=NMME_HARMONIZED_MONTHLY",Fazendas_Sinobras_Centroide
2005-06,NOAA_NCEP,CFSv2,2005-06,5,4.5,2005-10,OK,"L.attrs contém termo(s) ['forecast_period'] — indica semântica de lead/target, mas isso sozinho não confirma o valor exato de H5 sem uma variável auxiliar de data-alvo. | nenhuma variável auxiliar de data-alvo (('target', 'valid_time', 'target_month', 'forecast_time')) encontrada no dataset aberto — tentando Método B (semântica documentada do eixo forecast_period, Seção 4). | confirmado pela semântica documentada do eixo forecast_period (Método B, Seção 4/6): inicialização confirmada via SCALAR_COORD_ON_VARIABLE (status=OK_SCALAR_COORD), L.standard_name='forecast_period'/units='months', grade [0.5, 1.5, 2.5, 3.5, 4.5, 5.5] mensal confirmada, rota com forecast_period_semantics_documented=True.",CONFIRMED_BY_FORECAST_PERIOD_SEMANTICS,SCALAR_COORD_ON_VARIABLE,2005-06,2005-06,1,OK_SCALAR_COORD,RANGEEDGES,RANGEEDGES_WINDOW_COORDINATE_MATCH,2005-06-01 00:00:00; 2005-07-01 00:00:00,2005-06-01 00:00:00,"esquema=lead1_igual_mes_inicializacao, representação=NMME_HARMONIZED_MONTHLY",Fazendas_Sinobras_Centroide
2005-06,NOAA_NCEP,CFSv2,2005-06,6,5.5,2005-11,OK,"L.attrs contém termo(s) ['forecast_period'] — indica semântica de lead/target, mas isso sozinho não confirma o valor exato de H6 sem uma variável auxiliar de data-alvo. | nenhuma variável auxiliar de data-alvo (('target', 'valid_time', 'target_month', 'forecast_time')) encontrada no dataset aberto — tentando Método B (semântica documentada do eixo forecast_period, Seção 4). | confirmado pela semântica documentada do eixo forecast_period (Método B, Seção 4/6): inicialização confirmada via SCALAR_COORD_ON_VARIABLE (status=OK_SCALAR_COORD), L.standard_name='forecast_period'/units='months', grade [0.5, 1.5, 2.5, 3.5, 4.5, 5.5] mensal confirmada, rota com forecast_period_semantics_documented=True.",CONFIRMED_BY_FORECAST_PERIOD_SEMANTICS,SCALAR_COORD_ON_VARIABLE,2005-06,2005-06,1,OK_SCALAR_COORD,RANGEEDGES,RANGEEDGES_WINDOW_COORDINATE_MATCH,2005-06-01 00:00:00; 2005-07-01 00:00:00,2005-06-01 00:00:00,"esquema=lead1_igual_mes_inicializacao, representação=NMME_HARMONIZED_MONTHLY",Fazendas_Sinobras_Centroide
2005-07,NOAA_NCEP,CFSv2,2005-07,1,0.5,2005-07,OK,"L.attrs contém termo(s) ['forecast_period'] — indica semântica de lead/target, mas isso sozinho não confirma o valor exato de H1 sem uma variável auxiliar de data-alvo. | nenhuma variável auxiliar de data-alvo (('target', 'valid_time', 'target_month', 'forecast_time')) encontrada no dataset aberto — tentando Método B (semântica documentada do eixo forecast_period, Seção 4). | confirmado pela semântica documentada do eixo forecast_period (Método B, Seção 4/6): inicialização confirmada via SCALAR_COORD_ON_VARIABLE (status=OK_SCALAR_COORD), L.standard_name='forecast_period'/units='months', grade [0.5, 1.5, 2.5, 3.5, 4.5, 5.5] mensal confirmada, rota com forecast_period_semantics_documented=True.",CONFIRMED_BY_FORECAST_PERIOD_SEMANTICS,SCALAR_COORD_ON_VARIABLE,2005-07,2005-07,1,OK_SCALAR_COORD,RANGEEDGES,RANGEEDGES_WINDOW_COORDINATE_MATCH,2005-07-01 00:00:00; 2005-08-01 00:00:00,2005-07-01 00:00:00,"esquema=lead1_igual_mes_inicializacao, representação=NMME_HARMONIZED_MONTHLY",Fazendas_Sinobras_Centroide
2005-07,NOAA_NCEP,CFSv2,2005-07,2,1.5,2005-08,OK,"L.attrs contém termo(s) ['forecast_period'] — indica semântica de lead/target, mas isso sozinho não confirma o valor exato de H2 sem uma variável auxiliar de data-alvo. | nenhuma variável auxiliar de data-alvo (('target', 'valid_time', 'target_month', 'forecast_time')) encontrada no dataset aberto — tentando Método B (semântica documentada do eixo forecast_period, Seção 4). | confirmado pela semântica documentada do eixo forecast_period (Método B, Seção 4/6): inicialização confirmada via SCALAR_COORD_ON_VARIABLE (status=OK_SCALAR_COORD), L.standard_name='forecast_period'/units='months', grade [0.5, 1.5, 2.5, 3.5, 4.5, 5.5] mensal confirmada, rota com forecast_period_semantics_documented=True.",CONFIRMED_BY_FORECAST_PERIOD_SEMANTICS,SCALAR_COORD_ON_VARIABLE,2005-07,2005-07,1,OK_SCALAR_COORD,RANGEEDGES,RANGEEDGES_WINDOW_COORDINATE_MATCH,2005-07-01 00:00:00; 2005-08-01 00:00:00,2005-07-01 00:00:00,"esquema=lead1_igual_mes_inicializacao, representação=NMME_HARMONIZED_MONTHLY",Fazendas_Sinobras_Centroide
2005-07,NOAA_NCEP,CFSv2,2005-07,3,2.5,2005-09,OK,"L.attrs contém termo(s) ['forecast_period'] — indica semântica de lead/target, mas isso sozinho não confirma o valor exato de H3 sem uma variável auxiliar de data-alvo. | nenhuma variável auxiliar de data-alvo (('target', 'valid_time', 'target_month', 'forecast_time')) encontrada no dataset aberto — tentando Método B (semântica documentada do eixo forecast_period, Seção 4). | confirmado pela semântica documentada do eixo forecast_period (Método B, Seção 4/6): inicialização confirmada via SCALAR_COORD_ON_VARIABLE (status=OK_SCALAR_COORD), L.standard_name='forecast_period'/units='months', grade [0.5, 1.5, 2.5, 3.5, 4.5, 5.5] mensal confirmada, rota com forecast_period_semantics_documented=True.",CONFIRMED_BY_FORECAST_PERIOD_SEMANTICS,SCALAR_COORD_ON_VARIABLE,2005-07,2005-07,1,OK_SCALAR_COORD,RANGEEDGES,RANGEEDGES_WINDOW_COORDINATE_MATCH,2005-07-01 00:00:00; 2005-08-01 00:00:00,2005-07-01 00:00:00,"esquema=lead1_igual_mes_inicializacao, representação=NMME_HARMONIZED_MONTHLY",Fazendas_Sinobras_Centroide
2005-07,NOAA_NCEP,CFSv2,2005-07,4,3.5,2005-10,OK,"L.attrs contém termo(s) ['forecast_period'] — indica semântica de lead/target, mas isso sozinho não confirma o valor exato de H4 sem uma variável auxiliar de data-alvo. | nenhuma variável auxiliar de data-alvo (('target', 'valid_time', 'target_month', 'forecast_time')) encontrada no dataset aberto — tentando Método B (semântica documentada do eixo forecast_period, Seção 4). | confirmado pela semântica documentada do eixo forecast_period (Método B, Seção 4/6): inicialização confirmada via SCALAR_COORD_ON_VARIABLE (status=OK_SCALAR_COORD), L.standard_name='forecast_period'/units='months', grade [0.5, 1.5, 2.5, 3.5, 4.5, 5.5] mensal confirmada, rota com forecast_period_semantics_documented=True.",CONFIRMED_BY_FORECAST_PERIOD_SEMANTICS,SCALAR_COORD_ON_VARIABLE,2005-07,2005-07,1,OK_SCALAR_COORD,RANGEEDGES,RANGEEDGES_WINDOW_COORDINATE_MATCH,2005-07-01 00:00:00; 2005-08-01 00:00:00,2005-07-01 00:00:00,"esquema=lead1_igual_mes_inicializacao, representação=NMME_HARMONIZED_MONTHLY",Fazendas_Sinobras_Centroide
2005-07,NOAA_NCEP,CFSv2,2005-07,5,4.5,2005-11,OK,"L.attrs contém termo(s) ['forecast_period'] — indica semântica de lead/target, mas isso sozinho não confirma o valor exato de H5 sem uma variável auxiliar de data-alvo. | nenhuma variável auxiliar de data-alvo (('target', 'valid_time', 'target_month', 'forecast_time')) encontrada no dataset aberto — tentando Método B (semântica documentada do eixo forecast_period, Seção 4). | confirmado pela semântica documentada do eixo forecast_period (Método B, Seção 4/6): inicialização confirmada via SCALAR_COORD_ON_VARIABLE (status=OK_SCALAR_COORD), L.standard_name='forecast_period'/units='months', grade [0.5, 1.5, 2.5, 3.5, 4.5, 5.5] mensal confirmada, rota com forecast_period_semantics_documented=True.",CONFIRMED_BY_FORECAST_PERIOD_SEMANTICS,SCALAR_COORD_ON_VARIABLE,2005-07,2005-07,1,OK_SCALAR_COORD,RANGEEDGES,RANGEEDGES_WINDOW_COORDINATE_MATCH,2005-07-01 00:00:00; 2005-08-01 00:00:00,2005-07-01 00:00:00,"esquema=lead1_igual_mes_inicializacao, representação=NMME_HARMONIZED_MONTHLY",Fazendas_Sinobras_Centroide
2005-07,NOAA_NCEP,CFSv2,2005-07,6,5.5,2005-12,OK,"L.attrs contém termo(s) ['forecast_period'] — indica semântica de lead/target, mas isso sozinho não confirma o valor exato de H6 sem uma variável auxiliar de data-alvo. | nenhuma variável auxiliar de data-alvo (('target', 'valid_time', 'target_month', 'forecast_time')) encontrada no dataset aberto — tentando Método B (semântica documentada do eixo forecast_period, Seção 4). | confirmado pela semântica documentada do eixo forecast_period (Método B, Seção 4/6): inicialização confirmada via SCALAR_COORD_ON_VARIABLE (status=OK_SCALAR_COORD), L.standard_name='forecast_period'/units='months', grade [0.5, 1.5, 2.5, 3.5, 4.5, 5.5] mensal confirmada, rota com forecast_period_semantics_documented=True.",CONFIRMED_BY_FORECAST_PERIOD_SEMANTICS,SCALAR_COORD_ON_VARIABLE,2005-07,2005-07,1,OK_SCALAR_COORD,RANGEEDGES,RANGEEDGES_WINDOW_COORDINATE_MATCH,2005-07-01 00:00:00; 2005-08-01 00:00:00,2005-07-01 00:00:00,"esquema=lead1_igual_mes_inicializacao, representação=NMME_HARMONIZED_MONTHLY",Fazendas_Sinobras_Centroide
2005-08,NOAA_NCEP,CFSv2,2005-08,1,0.5,2005-08,OK,"L.attrs contém termo(s) ['forecast_period'] — indica semântica de lead/target, mas isso sozinho não confirma o valor exato de H1 sem uma variável auxiliar de data-alvo. | nenhuma variável auxiliar de data-alvo (('target', 'valid_time', 'target_month', 'forecast_time')) encontrada no dataset aberto — tentando Método B (semântica documentada do eixo forecast_period, Seção 4). | confirmado pela semântica documentada do eixo forecast_period (Método B, Seção 4/6): inicialização confirmada via SCALAR_COORD_ON_VARIABLE (status=OK_SCALAR_COORD), L.standard_name='forecast_period'/units='months', grade [0.5, 1.5, 2.5, 3.5, 4.5, 5.5] mensal confirmada, rota com forecast_period_semantics_documented=True.",CONFIRMED_BY_FORECAST_PERIOD_SEMANTICS,SCALAR_COORD_ON_VARIABLE,2005-08,2005-08,1,OK_SCALAR_COORD,RANGEEDGES,RANGEEDGES_WINDOW_COORDINATE_MATCH,2005-08-01 00:00:00; 2005-09-01 00:00:00,2005-08-01 00:00:00,"esquema=lead1_igual_mes_inicializacao, representação=NMME_HARMONIZED_MONTHLY",Fazendas_Sinobras_Centroide
2005-08,NOAA_NCEP,CFSv2,2005-08,2,1.5,2005-09,OK,"L.attrs contém termo(s) ['forecast_period'] — indica semântica de lead/target, mas isso sozinho não confirma o valor exato de H2 sem uma variável auxiliar de data-alvo. | nenhuma variável auxiliar de data-alvo (('target', 'valid_time', 'target_month', 'forecast_time')) encontrada no dataset aberto — tentando Método B (semântica documentada do eixo forecast_period, Seção 4). | confirmado pela semântica documentada do eixo forecast_period (Método B, Seção 4/6): inicialização confirmada via SCALAR_COORD_ON_VARIABLE (status=OK_SCALAR_COORD), L.standard_name='forecast_period'/units='months', grade [0.5, 1.5, 2.5, 3.5, 4.5, 5.5] mensal confirmada, rota com forecast_period_semantics_documented=True.",CONFIRMED_BY_FORECAST_PERIOD_SEMANTICS,SCALAR_COORD_ON_VARIABLE,2005-08,2005-08,1,OK_SCALAR_COORD,RANGEEDGES,RANGEEDGES_WINDOW_COORDINATE_MATCH,2005-08-01 00:00:00; 2005-09-01 00:00:00,2005-08-01 00:00:00,"esquema=lead1_igual_mes_inicializacao, representação=NMME_HARMONIZED_MONTHLY",Fazendas_Sinobras_Centroide
2005-08,NOAA_NCEP,CFSv2,2005-08,3,2.5,2005-10,OK,"L.attrs contém termo(s) ['forecast_period'] — indica semântica de lead/target, mas isso sozinho não confirma o valor exato de H3 sem uma variável auxiliar de data-alvo. | nenhuma variável auxiliar de data-alvo (('target', 'valid_time', 'target_month', 'forecast_time')) encontrada no dataset aberto — tentando Método B (semântica documentada do eixo forecast_period, Seção 4). | confirmado pela semântica documentada do eixo forecast_period (Método B, Seção 4/6): inicialização confirmada via SCALAR_COORD_ON_VARIABLE (status=OK_SCALAR_COORD), L.standard_name='forecast_period'/units='months', grade [0.5, 1.5, 2.5, 3.5, 4.5, 5.5] mensal confirmada, rota com forecast_period_semantics_documented=True.",CONFIRMED_BY_FORECAST_PERIOD_SEMANTICS,SCALAR_COORD_ON_VARIABLE,2005-08,2005-08,1,OK_SCALAR_COORD,RANGEEDGES,RANGEEDGES_WINDOW_COORDINATE_MATCH,2005-08-01 00:00:00; 2005-09-01 00:00:00,2005-08-01 00:00:00,"esquema=lead1_igual_mes_inicializacao, representação=NMME_HARMONIZED_MONTHLY",Fazendas_Sinobras_Centroide
2005-08,NOAA_NCEP,CFSv2,2005-08,4,3.5,2005-11,OK,"L.attrs contém termo(s) ['forecast_period'] — indica semântica de lead/target, mas isso sozinho não confirma o valor exato de H4 sem uma variável auxiliar de data-alvo. | nenhuma variável auxiliar de data-alvo (('target', 'valid_time', 'target_month', 'forecast_time')) encontrada no dataset aberto — tentando Método B (semântica documentada do eixo forecast_period, Seção 4). | confirmado pela semântica documentada do eixo forecast_period (Método B, Seção 4/6): inicialização confirmada via SCALAR_COORD_ON_VARIABLE (status=OK_SCALAR_COORD), L.standard_name='forecast_period'/units='months', grade [0.5, 1.5, 2.5, 3.5, 4.5, 5.5] mensal confirmada, rota com forecast_period_semantics_documented=True.",CONFIRMED_BY_FORECAST_PERIOD_SEMANTICS,SCALAR_COORD_ON_VARIABLE,2005-08,2005-08,1,OK_SCALAR_COORD,RANGEEDGES,RANGEEDGES_WINDOW_COORDINATE_MATCH,2005-08-01 00:00:00; 2005-09-01 00:00:00,2005-08-01 00:00:00,"esquema=lead1_igual_mes_inicializacao, representação=NMME_HARMONIZED_MONTHLY",Fazendas_Sinobras_Centroide
2005-08,NOAA_NCEP,CFSv2,2005-08,5,4.5,2005-12,OK,"L.attrs contém termo(s) ['forecast_period'] — indica semântica de lead/target, mas isso sozinho não confirma o valor exato de H5 sem uma variável auxiliar de data-alvo. | nenhuma variável auxiliar de data-alvo (('target', 'valid_time', 'target_month', 'forecast_time')) encontrada no dataset aberto — tentando Método B (semântica documentada do eixo forecast_period, Seção 4). | confirmado pela semântica documentada do eixo forecast_period (Método B, Seção 4/6): inicialização confirmada via SCALAR_COORD_ON_VARIABLE (status=OK_SCALAR_COORD), L.standard_name='forecast_period'/units='months', grade [0.5, 1.5, 2.5, 3.5, 4.5, 5.5] mensal confirmada, rota com forecast_period_semantics_documented=True.",CONFIRMED_BY_FORECAST_PERIOD_SEMANTICS,SCALAR_COORD_ON_VARIABLE,2005-08,2005-08,1,OK_SCALAR_COORD,RANGEEDGES,RANGEEDGES_WINDOW_COORDINATE_MATCH,2005-08-01 00:00:00; 2005-09-01 00:00:00,2005-08-01 00:00:00,"esquema=lead1_igual_mes_inicializacao, representação=NMME_HARMONIZED_MONTHLY",Fazendas_Sinobras_Centroide
2005-08,NOAA_NCEP,CFSv2,2005-08,6,5.5,2006-01,OK,"L.attrs contém termo(s) ['forecast_period'] — indica semântica de lead/target, mas isso sozinho não confirma o valor exato de H6 sem uma variável auxiliar de data-alvo. | nenhuma variável auxiliar de data-alvo (('target', 'valid_time', 'target_month', 'forecast_time')) encontrada no dataset aberto — tentando Método B (semântica documentada do eixo forecast_period, Seção 4). | confirmado pela semântica documentada do eixo forecast_period (Método B, Seção 4/6): inicialização confirmada via SCALAR_COORD_ON_VARIABLE (status=OK_SCALAR_COORD), L.standard_name='forecast_period'/units='months', grade [0.5, 1.5, 2.5, 3.5, 4.5, 5.5] mensal confirmada, rota com forecast_period_semantics_documented=True.",CONFIRMED_BY_FORECAST_PERIOD_SEMANTICS,SCALAR_COORD_ON_VARIABLE,2005-08,2005-08,1,OK_SCALAR_COORD,RANGEEDGES,RANGEEDGES_WINDOW_COORDINATE_MATCH,2005-08-01 00:00:00; 2005-09-01 00:00:00,2005-08-01 00:00:00,"esquema=lead1_igual_mes_inicializacao, representação=NMME_HARMONIZED_MONTHLY",Fazendas_Sinobras_Centroide
2005-09,NOAA_NCEP,CFSv2,2005-09,1,0.5,2005-09,OK,"L.attrs contém termo(s) ['forecast_period'] — indica semântica de lead/target, mas isso sozinho não confirma o valor exato de H1 sem uma variável auxiliar de data-alvo. | nenhuma variável auxiliar de data-alvo (('target', 'valid_time', 'target_month', 'forecast_time')) encontrada no dataset aberto — tentando Método B (semântica documentada do eixo forecast_period, Seção 4). | confirmado pela semântica documentada do eixo forecast_period (Método B, Seção 4/6): inicialização confirmada via SCALAR_COORD_ON_VARIABLE (status=OK_SCALAR_COORD), L.standard_name='forecast_period'/units='months', grade [0.5, 1.5, 2.5, 3.5, 4.5, 5.5] mensal confirmada, rota com forecast_period_semantics_documented=True.",CONFIRMED_BY_FORECAST_PERIOD_SEMANTICS,SCALAR_COORD_ON_VARIABLE,2005-09,2005-09,1,OK_SCALAR_COORD,RANGEEDGES,RANGEEDGES_WINDOW_COORDINATE_MATCH,2005-09-01 00:00:00; 2005-10-01 00:00:00,2005-09-01 00:00:00,"esquema=lead1_igual_mes_inicializacao, representação=NMME_HARMONIZED_MONTHLY",Fazendas_Sinobras_Centroide
2005-09,NOAA_NCEP,CFSv2,2005-09,2,1.5,2005-10,OK,"L.attrs contém termo(s) ['forecast_period'] — indica semântica de lead/target, mas isso sozinho não confirma o valor exato de H2 sem uma variável auxiliar de data-alvo. | nenhuma variável auxiliar de data-alvo (('target', 'valid_time', 'target_month', 'forecast_time')) encontrada no dataset aberto — tentando Método B (semântica documentada do eixo forecast_period, Seção 4). | confirmado pela semântica documentada do eixo forecast_period (Método B, Seção 4/6): inicialização confirmada via SCALAR_COORD_ON_VARIABLE (status=OK_SCALAR_COORD), L.standard_name='forecast_period'/units='months', grade [0.5, 1.5, 2.5, 3.5, 4.5, 5.5] mensal confirmada, rota com forecast_period_semantics_documented=True.",CONFIRMED_BY_FORECAST_PERIOD_SEMANTICS,SCALAR_COORD_ON_VARIABLE,2005-09,2005-09,1,OK_SCALAR_COORD,RANGEEDGES,RANGEEDGES_WINDOW_COORDINATE_MATCH,2005-09-01 00:00:00; 2005-10-01 00:00:00,2005-09-01 00:00:00,"esquema=lead1_igual_mes_inicializacao, representação=NMME_HARMONIZED_MONTHLY",Fazendas_Sinobras_Centroide
2005-09,NOAA_NCEP,CFSv2,2005-09,3,2.5,2005-11,OK,"L.attrs contém termo(s) ['forecast_period'] — indica semântica de lead/target, mas isso sozinho não confirma o valor exato de H3 sem uma variável auxiliar de data-alvo. | nenhuma variável auxiliar de data-alvo (('target', 'valid_time', 'target_month', 'forecast_time')) encontrada no dataset aberto — tentando Método B (semântica documentada do eixo forecast_period, Seção 4). | confirmado pela semântica documentada do eixo forecast_period (Método B, Seção 4/6): inicialização confirmada via SCALAR_COORD_ON_VARIABLE (status=OK_SCALAR_COORD), L.standard_name='forecast_period'/units='months', grade [0.5, 1.5, 2.5, 3.5, 4.5, 5.5] mensal confirmada, rota com forecast_period_semantics_documented=True.",CONFIRMED_BY_FORECAST_PERIOD_SEMANTICS,SCALAR_COORD_ON_VARIABLE,2005-09,2005-09,1,OK_SCALAR_COORD,RANGEEDGES,RANGEEDGES_WINDOW_COORDINATE_MATCH,2005-09-01 00:00:00; 2005-10-01 00:00:00,2005-09-01 00:00:00,"esquema=lead1_igual_mes_inicializacao, representação=NMME_HARMONIZED_MONTHLY",Fazendas_Sinobras_Centroide
2005-09,NOAA_NCEP,CFSv2,2005-09,4,3.5,2005-12,OK,"L.attrs contém termo(s) ['forecast_period'] — indica semântica de lead/target, mas isso sozinho não confirma o valor exato de H4 sem uma variável auxiliar de data-alvo. | nenhuma variável auxiliar de data-alvo (('target', 'valid_time', 'target_month', 'forecast_time')) encontrada no dataset aberto — tentando Método B (semântica documentada do eixo forecast_period, Seção 4). | confirmado pela semântica documentada do eixo forecast_period (Método B, Seção 4/6): inicialização confirmada via SCALAR_COORD_ON_VARIABLE (status=OK_SCALAR_COORD), L.standard_name='forecast_period'/units='months', grade [0.5, 1.5, 2.5, 3.5, 4.5, 5.5] mensal confirmada, rota com forecast_period_semantics_documented=True.",CONFIRMED_BY_FORECAST_PERIOD_SEMANTICS,SCALAR_COORD_ON_VARIABLE,2005-09,2005-09,1,OK_SCALAR_COORD,RANGEEDGES,RANGEEDGES_WINDOW_COORDINATE_MATCH,2005-09-01 00:00:00; 2005-10-01 00:00:00,2005-09-01 00:00:00,"esquema=lead1_igual_mes_inicializacao, representação=NMME_HARMONIZED_MONTHLY",Fazendas_Sinobras_Centroide
2005-09,NOAA_NCEP,CFSv2,2005-09,5,4.5,2006-01,OK,"L.attrs contém termo(s) ['forecast_period'] — indica semântica de lead/target, mas isso sozinho não confirma o valor exato de H5 sem uma variável auxiliar de data-alvo. | nenhuma variável auxiliar de data-alvo (('target', 'valid_time', 'target_month', 'forecast_time')) encontrada no dataset aberto — tentando Método B (semântica documentada do eixo forecast_period, Seção 4). | confirmado pela semântica documentada do eixo forecast_period (Método B, Seção 4/6): inicialização confirmada via SCALAR_COORD_ON_VARIABLE (status=OK_SCALAR_COORD), L.standard_name='forecast_period'/units='months', grade [0.5, 1.5, 2.5, 3.5, 4.5, 5.5] mensal confirmada, rota com forecast_period_semantics_documented=True.",CONFIRMED_BY_FORECAST_PERIOD_SEMANTICS,SCALAR_COORD_ON_VARIABLE,2005-09,2005-09,1,OK_SCALAR_COORD,RANGEEDGES,RANGEEDGES_WINDOW_COORDINATE_MATCH,2005-09-01 00:00:00; 2005-10-01 00:00:00,2005-09-01 00:00:00,"esquema=lead1_igual_mes_inicializacao, representação=NMME_HARMONIZED_MONTHLY",Fazendas_Sinobras_Centroide
2005-09,NOAA_NCEP,CFSv2,2005-09,6,5.5,2006-02,OK,"L.attrs contém termo(s) ['forecast_period'] — indica semântica de lead/target, mas isso sozinho não confirma o valor exato de H6 sem uma variável auxiliar de data-alvo. | nenhuma variável auxiliar de data-alvo (('target', 'valid_time', 'target_month', 'forecast_time')) encontrada no dataset aberto — tentando Método B (semântica documentada do eixo forecast_period, Seção 4). | confirmado pela semântica documentada do eixo forecast_period (Método B, Seção 4/6): inicialização confirmada via SCALAR_COORD_ON_VARIABLE (status=OK_SCALAR_COORD), L.standard_name='forecast_period'/units='months', grade [0.5, 1.5, 2.5, 3.5, 4.5, 5.5] mensal confirmada, rota com forecast_period_semantics_documented=True.",CONFIRMED_BY_FORECAST_PERIOD_SEMANTICS,SCALAR_COORD_ON_VARIABLE,2005-09,2005-09,1,OK_SCALAR_COORD,RANGEEDGES,RANGEEDGES_WINDOW_COORDINATE_MATCH,2005-09-01 00:00:00; 2005-10-01 00:00:00,2005-09-01 00:00:00,"esquema=lead1_igual_mes_inicializacao, representação=NMME_HARMONIZED_MONTHLY",Fazendas_Sinobras_Centroide
2005-10,NOAA_NCEP,CFSv2,2005-10,1,0.5,2005-10,OK,"L.attrs contém termo(s) ['forecast_period'] — indica semântica de lead/target, mas isso sozinho não confirma o valor exato de H1 sem uma variável auxiliar de data-alvo. | nenhuma variável auxiliar de data-alvo (('target', 'valid_time', 'target_month', 'forecast_time')) encontrada no dataset aberto — tentando Método B (semântica documentada do eixo forecast_period, Seção 4). | confirmado pela semântica documentada do eixo forecast_period (Método B, Seção 4/6): inicialização confirmada via SCALAR_COORD_ON_VARIABLE (status=OK_SCALAR_COORD), L.standard_name='forecast_period'/units='months', grade [0.5, 1.5, 2.5, 3.5, 4.5, 5.5] mensal confirmada, rota com forecast_period_semantics_documented=True.",CONFIRMED_BY_FORECAST_PERIOD_SEMANTICS,SCALAR_COORD_ON_VARIABLE,2005-10,2005-10,1,OK_SCALAR_COORD,RANGEEDGES,RANGEEDGES_WINDOW_COORDINATE_MATCH,2005-10-01 00:00:00; 2005-11-01 00:00:00,2005-10-01 00:00:00,"esquema=lead1_igual_mes_inicializacao, representação=NMME_HARMONIZED_MONTHLY",Fazendas_Sinobras_Centroide
2005-10,NOAA_NCEP,CFSv2,2005-10,2,1.5,2005-11,OK,"L.attrs contém termo(s) ['forecast_period'] — indica semântica de lead/target, mas isso sozinho não confirma o valor exato de H2 sem uma variável auxiliar de data-alvo. | nenhuma variável auxiliar de data-alvo (('target', 'valid_time', 'target_month', 'forecast_time')) encontrada no dataset aberto — tentando Método B (semântica documentada do eixo forecast_period, Seção 4). | confirmado pela semântica documentada do eixo forecast_period (Método B, Seção 4/6): inicialização confirmada via SCALAR_COORD_ON_VARIABLE (status=OK_SCALAR_COORD), L.standard_name='forecast_period'/units='months', grade [0.5, 1.5, 2.5, 3.5, 4.5, 5.5] mensal confirmada, rota com forecast_period_semantics_documented=True.",CONFIRMED_BY_FORECAST_PERIOD_SEMANTICS,SCALAR_COORD_ON_VARIABLE,2005-10,2005-10,1,OK_SCALAR_COORD,RANGEEDGES,RANGEEDGES_WINDOW_COORDINATE_MATCH,2005-10-01 00:00:00; 2005-11-01 00:00:00,2005-10-01 00:00:00,"esquema=lead1_igual_mes_inicializacao, representação=NMME_HARMONIZED_MONTHLY",Fazendas_Sinobras_Centroide
2005-10,NOAA_NCEP,CFSv2,2005-10,3,2.5,2005-12,OK,"L.attrs contém termo(s) ['forecast_period'] — indica semântica de lead/target, mas isso sozinho não confirma o valor exato de H3 sem uma variável auxiliar de data-alvo. | nenhuma variável auxiliar de data-alvo (('target', 'valid_time', 'target_month', 'forecast_time')) encontrada no dataset aberto — tentando Método B (semântica documentada do eixo forecast_period, Seção 4). | confirmado pela semântica documentada do eixo forecast_period (Método B, Seção 4/6): inicialização confirmada via SCALAR_COORD_ON_VARIABLE (status=OK_SCALAR_COORD), L.standard_name='forecast_period'/units='months', grade [0.5, 1.5, 2.5, 3.5, 4.5, 5.5] mensal confirmada, rota com forecast_period_semantics_documented=True.",CONFIRMED_BY_FORECAST_PERIOD_SEMANTICS,SCALAR_COORD_ON_VARIABLE,2005-10,2005-10,1,OK_SCALAR_COORD,RANGEEDGES,RANGEEDGES_WINDOW_COORDINATE_MATCH,2005-10-01 00:00:00; 2005-11-01 00:00:00,2005-10-01 00:00:00,"esquema=lead1_igual_mes_inicializacao, representação=NMME_HARMONIZED_MONTHLY",Fazendas_Sinobras_Centroide
2005-10,NOAA_NCEP,CFSv2,2005-10,4,3.5,2006-01,OK,"L.attrs contém termo(s) ['forecast_period'] — indica semântica de lead/target, mas isso sozinho não confirma o valor exato de H4 sem uma variável auxiliar de data-alvo. | nenhuma variável auxiliar de data-alvo (('target', 'valid_time', 'target_month', 'forecast_time')) encontrada no dataset aberto — tentando Método B (semântica documentada do eixo forecast_period, Seção 4). | confirmado pela semântica documentada do eixo forecast_period (Método B, Seção 4/6): inicialização confirmada via SCALAR_COORD_ON_VARIABLE (status=OK_SCALAR_COORD), L.standard_name='forecast_period'/units='months', grade [0.5, 1.5, 2.5, 3.5, 4.5, 5.5] mensal confirmada, rota com forecast_period_semantics_documented=True.",CONFIRMED_BY_FORECAST_PERIOD_SEMANTICS,SCALAR_COORD_ON_VARIABLE,2005-10,2005-10,1,OK_SCALAR_COORD,RANGEEDGES,RANGEEDGES_WINDOW_COORDINATE_MATCH,2005-10-01 00:00:00; 2005-11-01 00:00:00,2005-10-01 00:00:00,"esquema=lead1_igual_mes_inicializacao, representação=NMME_HARMONIZED_MONTHLY",Fazendas_Sinobras_Centroide
2005-10,NOAA_NCEP,CFSv2,2005-10,5,4.5,2006-02,OK,"L.attrs contém termo(s) ['forecast_period'] — indica semântica de lead/target, mas isso sozinho não confirma o valor exato de H5 sem uma variável auxiliar de data-alvo. | nenhuma variável auxiliar de data-alvo (('target', 'valid_time', 'target_month', 'forecast_time')) encontrada no dataset aberto — tentando Método B (semântica documentada do eixo forecast_period, Seção 4). | confirmado pela semântica documentada do eixo forecast_period (Método B, Seção 4/6): inicialização confirmada via SCALAR_COORD_ON_VARIABLE (status=OK_SCALAR_COORD), L.standard_name='forecast_period'/units='months', grade [0.5, 1.5, 2.5, 3.5, 4.5, 5.5] mensal confirmada, rota com forecast_period_semantics_documented=True.",CONFIRMED_BY_FORECAST_PERIOD_SEMANTICS,SCALAR_COORD_ON_VARIABLE,2005-10,2005-10,1,OK_SCALAR_COORD,RANGEEDGES,RANGEEDGES_WINDOW_COORDINATE_MATCH,2005-10-01 00:00:00; 2005-11-01 00:00:00,2005-10-01 00:00:00,"esquema=lead1_igual_mes_inicializacao, representação=NMME_HARMONIZED_MONTHLY",Fazendas_Sinobras_Centroide
2005-10,NOAA_NCEP,CFSv2,2005-10,6,5.5,2006-03,OK,"L.attrs contém termo(s) ['forecast_period'] — indica semântica de lead/target, mas isso sozinho não confirma o valor exato de H6 sem uma variável auxiliar de data-alvo. | nenhuma variável auxiliar de data-alvo (('target', 'valid_time', 'target_month', 'forecast_time')) encontrada no dataset aberto — tentando Método B (semântica documentada do eixo forecast_period, Seção 4). | confirmado pela semântica documentada do eixo forecast_period (Método B, Seção 4/6): inicialização confirmada via SCALAR_COORD_ON_VARIABLE (status=OK_SCALAR_COORD), L.standard_name='forecast_period'/units='months', grade [0.5, 1.5, 2.5, 3.5, 4.5, 5.5] mensal confirmada, rota com forecast_period_semantics_documented=True.",CONFIRMED_BY_FORECAST_PERIOD_SEMANTICS,SCALAR_COORD_ON_VARIABLE,2005-10,2005-10,1,OK_SCALAR_COORD,RANGEEDGES,RANGEEDGES_WINDOW_COORDINATE_MATCH,2005-10-01 00:00:00; 2005-11-01 00:00:00,2005-10-01 00:00:00,"esquema=lead1_igual_mes_inicializacao, representação=NMME_HARMONIZED_MONTHLY",Fazendas_Sinobras_Centroide
2005-11,NOAA_NCEP,CFSv2,2005-11,1,0.5,2005-11,OK,"L.attrs contém termo(s) ['forecast_period'] — indica semântica de lead/target, mas isso sozinho não confirma o valor exato de H1 sem uma variável auxiliar de data-alvo. | nenhuma variável auxiliar de data-alvo (('target', 'valid_time', 'target_month', 'forecast_time')) encontrada no dataset aberto — tentando Método B (semântica documentada do eixo forecast_period, Seção 4). | confirmado pela semântica documentada do eixo forecast_period (Método B, Seção 4/6): inicialização confirmada via SCALAR_COORD_ON_VARIABLE (status=OK_SCALAR_COORD), L.standard_name='forecast_period'/units='months', grade [0.5, 1.5, 2.5, 3.5, 4.5, 5.5] mensal confirmada, rota com forecast_period_semantics_documented=True.",CONFIRMED_BY_FORECAST_PERIOD_SEMANTICS,SCALAR_COORD_ON_VARIABLE,2005-11,2005-11,1,OK_SCALAR_COORD,RANGEEDGES,RANGEEDGES_WINDOW_COORDINATE_MATCH,2005-11-01 00:00:00; 2005-12-01 00:00:00,2005-11-01 00:00:00,"esquema=lead1_igual_mes_inicializacao, representação=NMME_HARMONIZED_MONTHLY",Fazendas_Sinobras_Centroide
2005-11,NOAA_NCEP,CFSv2,2005-11,2,1.5,2005-12,OK,"L.attrs contém termo(s) ['forecast_period'] — indica semântica de lead/target, mas isso sozinho não confirma o valor exato de H2 sem uma variável auxiliar de data-alvo. | nenhuma variável auxiliar de data-alvo (('target', 'valid_time', 'target_month', 'forecast_time')) encontrada no dataset aberto — tentando Método B (semântica documentada do eixo forecast_period, Seção 4). | confirmado pela semântica documentada do eixo forecast_period (Método B, Seção 4/6): inicialização confirmada via SCALAR_COORD_ON_VARIABLE (status=OK_SCALAR_COORD), L.standard_name='forecast_period'/units='months', grade [0.5, 1.5, 2.5, 3.5, 4.5, 5.5] mensal confirmada, rota com forecast_period_semantics_documented=True.",CONFIRMED_BY_FORECAST_PERIOD_SEMANTICS,SCALAR_COORD_ON_VARIABLE,2005-11,2005-11,1,OK_SCALAR_COORD,RANGEEDGES,RANGEEDGES_WINDOW_COORDINATE_MATCH,2005-11-01 00:00:00; 2005-12-01 00:00:00,2005-11-01 00:00:00,"esquema=lead1_igual_mes_inicializacao, representação=NMME_HARMONIZED_MONTHLY",Fazendas_Sinobras_Centroide
2005-11,NOAA_NCEP,CFSv2,2005-11,3,2.5,2006-01,OK,"L.attrs contém termo(s) ['forecast_period'] — indica semântica de lead/target, mas isso sozinho não confirma o valor exato de H3 sem uma variável auxiliar de data-alvo. | nenhuma variável auxiliar de data-alvo (('target', 'valid_time', 'target_month', 'forecast_time')) encontrada no dataset aberto — tentando Método B (semântica documentada do eixo forecast_period, Seção 4). | confirmado pela semântica documentada do eixo forecast_period (Método B, Seção 4/6): inicialização confirmada via SCALAR_COORD_ON_VARIABLE (status=OK_SCALAR_COORD), L.standard_name='forecast_period'/units='months', grade [0.5, 1.5, 2.5, 3.5, 4.5, 5.5] mensal confirmada, rota com forecast_period_semantics_documented=True.",CONFIRMED_BY_FORECAST_PERIOD_SEMANTICS,SCALAR_COORD_ON_VARIABLE,2005-11,2005-11,1,OK_SCALAR_COORD,RANGEEDGES,RANGEEDGES_WINDOW_COORDINATE_MATCH,2005-11-01 00:00:00; 2005-12-01 00:00:00,2005-11-01 00:00:00,"esquema=lead1_igual_mes_inicializacao, representação=NMME_HARMONIZED_MONTHLY",Fazendas_Sinobras_Centroide
2005-11,NOAA_NCEP,CFSv2,2005-11,4,3.5,2006-02,OK,"L.attrs contém termo(s) ['forecast_period'] — indica semântica de lead/target, mas isso sozinho não confirma o valor exato de H4 sem uma variável auxiliar de data-alvo. | nenhuma variável auxiliar de data-alvo (('target', 'valid_time', 'target_month', 'forecast_time')) encontrada no dataset aberto — tentando Método B (semântica documentada do eixo forecast_period, Seção 4). | confirmado pela semântica documentada do eixo forecast_period (Método B, Seção 4/6): inicialização confirmada via SCALAR_COORD_ON_VARIABLE (status=OK_SCALAR_COORD), L.standard_name='forecast_period'/units='months', grade [0.5, 1.5, 2.5, 3.5, 4.5, 5.5] mensal confirmada, rota com forecast_period_semantics_documented=True.",CONFIRMED_BY_FORECAST_PERIOD_SEMANTICS,SCALAR_COORD_ON_VARIABLE,2005-11,2005-11,1,OK_SCALAR_COORD,RANGEEDGES,RANGEEDGES_WINDOW_COORDINATE_MATCH,2005-11-01 00:00:00; 2005-12-01 00:00:00,2005-11-01 00:00:00,"esquema=lead1_igual_mes_inicializacao, representação=NMME_HARMONIZED_MONTHLY",Fazendas_Sinobras_Centroide
2005-11,NOAA_NCEP,CFSv2,2005-11,5,4.5,2006-03,OK,"L.attrs contém termo(s) ['forecast_period'] — indica semântica de lead/target, mas isso sozinho não confirma o valor exato de H5 sem uma variável auxiliar de data-alvo. | nenhuma variável auxiliar de data-alvo (('target', 'valid_time', 'target_month', 'forecast_time')) encontrada no dataset aberto — tentando Método B (semântica documentada do eixo forecast_period, Seção 4). | confirmado pela semântica documentada do eixo forecast_period (Método B, Seção 4/6): inicialização confirmada via SCALAR_COORD_ON_VARIABLE (status=OK_SCALAR_COORD), L.standard_name='forecast_period'/units='months', grade [0.5, 1.5, 2.5, 3.5, 4.5, 5.5] mensal confirmada, rota com forecast_period_semantics_documented=True.",CONFIRMED_BY_FORECAST_PERIOD_SEMANTICS,SCALAR_COORD_ON_VARIABLE,2005-11,2005-11,1,OK_SCALAR_COORD,RANGEEDGES,RANGEEDGES_WINDOW_COORDINATE_MATCH,2005-11-01 00:00:00; 2005-12-01 00:00:00,2005-11-01 00:00:00,"esquema=lead1_igual_mes_inicializacao, representação=NMME_HARMONIZED_MONTHLY",Fazendas_Sinobras_Centroide
2005-11,NOAA_NCEP,CFSv2,2005-11,6,5.5,2006-04,OK,"L.attrs contém termo(s) ['forecast_period'] — indica semântica de lead/target, mas isso sozinho não confirma o valor exato de H6 sem uma variável auxiliar de data-alvo. | nenhuma variável auxiliar de data-alvo (('target', 'valid_time', 'target_month', 'forecast_time')) encontrada no dataset aberto — tentando Método B (semântica documentada do eixo forecast_period, Seção 4). | confirmado pela semântica documentada do eixo forecast_period (Método B, Seção 4/6): inicialização confirmada via SCALAR_COORD_ON_VARIABLE (status=OK_SCALAR_COORD), L.standard_name='forecast_period'/units='months', grade [0.5, 1.5, 2.5, 3.5, 4.5, 5.5] mensal confirmada, rota com forecast_period_semantics_documented=True.",CONFIRMED_BY_FORECAST_PERIOD_SEMANTICS,SCALAR_COORD_ON_VARIABLE,2005-11,2005-11,1,OK_SCALAR_COORD,RANGEEDGES,RANGEEDGES_WINDOW_COORDINATE_MATCH,2005-11-01 00:00:00; 2005-12-01 00:00:00,2005-11-01 00:00:00,"esquema=lead1_igual_mes_inicializacao, representação=NMME_HARMONIZED_MONTHLY",Fazendas_Sinobras_Centroide
2005-12,NOAA_NCEP,CFSv2,2005-12,1,0.5,2005-12,OK,"L.attrs contém termo(s) ['forecast_period'] — indica semântica de lead/target, mas isso sozinho não confirma o valor exato de H1 sem uma variável auxiliar de data-alvo. | nenhuma variável auxiliar de data-alvo (('target', 'valid_time', 'target_month', 'forecast_time')) encontrada no dataset aberto — tentando Método B (semântica documentada do eixo forecast_period, Seção 4). | confirmado pela semântica documentada do eixo forecast_period (Método B, Seção 4/6): inicialização confirmada via SCALAR_COORD_ON_VARIABLE (status=OK_SCALAR_COORD), L.standard_name='forecast_period'/units='months', grade [0.5, 1.5, 2.5, 3.5, 4.5, 5.5] mensal confirmada, rota com forecast_period_semantics_documented=True.",CONFIRMED_BY_FORECAST_PERIOD_SEMANTICS,SCALAR_COORD_ON_VARIABLE,2005-12,2005-12,1,OK_SCALAR_COORD,RANGEEDGES,RANGEEDGES_WINDOW_COORDINATE_MATCH,2005-12-01 00:00:00; 2006-01-01 00:00:00,2005-12-01 00:00:00,"esquema=lead1_igual_mes_inicializacao, representação=NMME_HARMONIZED_MONTHLY",Fazendas_Sinobras_Centroide
2005-12,NOAA_NCEP,CFSv2,2005-12,2,1.5,2006-01,OK,"L.attrs contém termo(s) ['forecast_period'] — indica semântica de lead/target, mas isso sozinho não confirma o valor exato de H2 sem uma variável auxiliar de data-alvo. | nenhuma variável auxiliar de data-alvo (('target', 'valid_time', 'target_month', 'forecast_time')) encontrada no dataset aberto — tentando Método B (semântica documentada do eixo forecast_period, Seção 4). | confirmado pela semântica documentada do eixo forecast_period (Método B, Seção 4/6): inicialização confirmada via SCALAR_COORD_ON_VARIABLE (status=OK_SCALAR_COORD), L.standard_name='forecast_period'/units='months', grade [0.5, 1.5, 2.5, 3.5, 4.5, 5.5] mensal confirmada, rota com forecast_period_semantics_documented=True.",CONFIRMED_BY_FORECAST_PERIOD_SEMANTICS,SCALAR_COORD_ON_VARIABLE,2005-12,2005-12,1,OK_SCALAR_COORD,RANGEEDGES,RANGEEDGES_WINDOW_COORDINATE_MATCH,2005-12-01 00:00:00; 2006-01-01 00:00:00,2005-12-01 00:00:00,"esquema=lead1_igual_mes_inicializacao, representação=NMME_HARMONIZED_MONTHLY",Fazendas_Sinobras_Centroide
2005-12,NOAA_NCEP,CFSv2,2005-12,3,2.5,2006-02,OK,"L.attrs contém termo(s) ['forecast_period'] — indica semântica de lead/target, mas isso sozinho não confirma o valor exato de H3 sem uma variável auxiliar de data-alvo. | nenhuma variável auxiliar de data-alvo (('target', 'valid_time', 'target_month', 'forecast_time')) encontrada no dataset aberto — tentando Método B (semântica documentada do eixo forecast_period, Seção 4). | confirmado pela semântica documentada do eixo forecast_period (Método B, Seção 4/6): inicialização confirmada via SCALAR_COORD_ON_VARIABLE (status=OK_SCALAR_COORD), L.standard_name='forecast_period'/units='months', grade [0.5, 1.5, 2.5, 3.5, 4.5, 5.5] mensal confirmada, rota com forecast_period_semantics_documented=True.",CONFIRMED_BY_FORECAST_PERIOD_SEMANTICS,SCALAR_COORD_ON_VARIABLE,2005-12,2005-12,1,OK_SCALAR_COORD,RANGEEDGES,RANGEEDGES_WINDOW_COORDINATE_MATCH,2005-12-01 00:00:00; 2006-01-01 00:00:00,2005-12-01 00:00:00,"esquema=lead1_igual_mes_inicializacao, representação=NMME_HARMONIZED_MONTHLY",Fazendas_Sinobras_Centroide
2005-12,NOAA_NCEP,CFSv2,2005-12,4,3.5,2006-03,OK,"L.attrs contém termo(s) ['forecast_period'] — indica semântica de lead/target, mas isso sozinho não confirma o valor exato de H4 sem uma variável auxiliar de data-alvo. | nenhuma variável auxiliar de data-alvo (('target', 'valid_time', 'target_month', 'forecast_time')) encontrada no dataset aberto — tentando Método B (semântica documentada do eixo forecast_period, Seção 4). | confirmado pela semântica documentada do eixo forecast_period (Método B, Seção 4/6): inicialização confirmada via SCALAR_COORD_ON_VARIABLE (status=OK_SCALAR_COORD), L.standard_name='forecast_period'/units='months', grade [0.5, 1.5, 2.5, 3.5, 4.5, 5.5] mensal confirmada, rota com forecast_period_semantics_documented=True.",CONFIRMED_BY_FORECAST_PERIOD_SEMANTICS,SCALAR_COORD_ON_VARIABLE,2005-12,2005-12,1,OK_SCALAR_COORD,RANGEEDGES,RANGEEDGES_WINDOW_COORDINATE_MATCH,2005-12-01 00:00:00; 2006-01-01 00:00:00,2005-12-01 00:00:00,"esquema=lead1_igual_mes_inicializacao, representação=NMME_HARMONIZED_MONTHLY",Fazendas_Sinobras_Centroide
2005-12,NOAA_NCEP,CFSv2,2005-12,5,4.5,2006-04,OK,"L.attrs contém termo(s) ['forecast_period'] — indica semântica de lead/target, mas isso sozinho não confirma o valor exato de H5 sem uma variável auxiliar de data-alvo. | nenhuma variável auxiliar de data-alvo (('target', 'valid_time', 'target_month', 'forecast_time')) encontrada no dataset aberto — tentando Método B (semântica documentada do eixo forecast_period, Seção 4). | confirmado pela semântica documentada do eixo forecast_period (Método B, Seção 4/6): inicialização confirmada via SCALAR_COORD_ON_VARIABLE (status=OK_SCALAR_COORD), L.standard_name='forecast_period'/units='months', grade [0.5, 1.5, 2.5, 3.5, 4.5, 5.5] mensal confirmada, rota com forecast_period_semantics_documented=True.",CONFIRMED_BY_FORECAST_PERIOD_SEMANTICS,SCALAR_COORD_ON_VARIABLE,2005-12,2005-12,1,OK_SCALAR_COORD,RANGEEDGES,RANGEEDGES_WINDOW_COORDINATE_MATCH,2005-12-01 00:00:00; 2006-01-01 00:00:00,2005-12-01 00:00:00,"esquema=lead1_igual_mes_inicializacao, representação=NMME_HARMONIZED_MONTHLY",Fazendas_Sinobras_Centroide
2005-12,NOAA_NCEP,CFSv2,2005-12,6,5.5,2006-05,OK,"L.attrs contém termo(s) ['forecast_period'] — indica semântica de lead/target, mas isso sozinho não confirma o valor exato de H6 sem uma variável auxiliar de data-alvo. | nenhuma variável auxiliar de data-alvo (('target', 'valid_time', 'target_month', 'forecast_time')) encontrada no dataset aberto — tentando Método B (semântica documentada do eixo forecast_period, Seção 4). | confirmado pela semântica documentada do eixo forecast_period (Método B, Seção 4/6): inicialização confirmada via SCALAR_COORD_ON_VARIABLE (status=OK_SCALAR_COORD), L.standard_name='forecast_period'/units='months', grade [0.5, 1.5, 2.5, 3.5, 4.5, 5.5] mensal confirmada, rota com forecast_period_semantics_documented=True.",CONFIRMED_BY_FORECAST_PERIOD_SEMANTICS,SCALAR_COORD_ON_VARIABLE,2005-12,2005-12,1,OK_SCALAR_COORD,RANGEEDGES,RANGEEDGES_WINDOW_COORDINATE_MATCH,2005-12-01 00:00:00; 2006-01-01 00:00:00,2005-12-01 00:00:00,"esquema=lead1_igual_mes_inicializacao, representação=NMME_HARMONIZED_MONTHLY",Fazendas_Sinobras_Centroide
2006-01,NOAA_NCEP,CFSv2,2006-01,1,0.5,2006-01,OK,"L.attrs contém termo(s) ['forecast_period'] — indica semântica de lead/target, mas isso sozinho não confirma o valor exato de H1 sem uma variável auxiliar de data-alvo. | nenhuma variável auxiliar de data-alvo (('target', 'valid_time', 'target_month', 'forecast_time')) encontrada no dataset aberto — tentando Método B (semântica documentada do eixo forecast_period, Seção 4). | confirmado pela semântica documentada do eixo forecast_period (Método B, Seção 4/6): inicialização confirmada via SCALAR_COORD_ON_VARIABLE (status=OK_SCALAR_COORD), L.standard_name='forecast_period'/units='months', grade [0.5, 1.5, 2.5, 3.5, 4.5, 5.5] mensal confirmada, rota com forecast_period_semantics_documented=True.",CONFIRMED_BY_FORECAST_PERIOD_SEMANTICS,SCALAR_COORD_ON_VARIABLE,2006-01,2006-01,1,OK_SCALAR_COORD,RANGEEDGES,RANGEEDGES_WINDOW_COORDINATE_MATCH,2006-01-01 00:00:00; 2006-02-01 00:00:00,2006-01-01 00:00:00,"esquema=lead1_igual_mes_inicializacao, representação=NMME_HARMONIZED_MONTHLY",Fazendas_Sinobras_Centroide
2006-01,NOAA_NCEP,CFSv2,2006-01,2,1.5,2006-02,OK,"L.attrs contém termo(s) ['forecast_period'] — indica semântica de lead/target, mas isso sozinho não confirma o valor exato de H2 sem uma variável auxiliar de data-alvo. | nenhuma variável auxiliar de data-alvo (('target', 'valid_time', 'target_month', 'forecast_time')) encontrada no dataset aberto — tentando Método B (semântica documentada do eixo forecast_period, Seção 4). | confirmado pela semântica documentada do eixo forecast_period (Método B, Seção 4/6): inicialização confirmada via SCALAR_COORD_ON_VARIABLE (status=OK_SCALAR_COORD), L.standard_name='forecast_period'/units='months', grade [0.5, 1.5, 2.5, 3.5, 4.5, 5.5] mensal confirmada, rota com forecast_period_semantics_documented=True.",CONFIRMED_BY_FORECAST_PERIOD_SEMANTICS,SCALAR_COORD_ON_VARIABLE,2006-01,2006-01,1,OK_SCALAR_COORD,RANGEEDGES,RANGEEDGES_WINDOW_COORDINATE_MATCH,2006-01-01 00:00:00; 2006-02-01 00:00:00,2006-01-01 00:00:00,"esquema=lead1_igual_mes_inicializacao, representação=NMME_HARMONIZED_MONTHLY",Fazendas_Sinobras_Centroide
2006-01,NOAA_NCEP,CFSv2,2006-01,3,2.5,2006-03,OK,"L.attrs contém termo(s) ['forecast_period'] — indica semântica de lead/target, mas isso sozinho não confirma o valor exato de H3 sem uma variável auxiliar de data-alvo. | nenhuma variável auxiliar de data-alvo (('target', 'valid_time', 'target_month', 'forecast_time')) encontrada no dataset aberto — tentando Método B (semântica documentada do eixo forecast_period, Seção 4). | confirmado pela semântica documentada do eixo forecast_period (Método B, Seção 4/6): inicialização confirmada via SCALAR_COORD_ON_VARIABLE (status=OK_SCALAR_COORD), L.standard_name='forecast_period'/units='months', grade [0.5, 1.5, 2.5, 3.5, 4.5, 5.5] mensal confirmada, rota com forecast_period_semantics_documented=True.",CONFIRMED_BY_FORECAST_PERIOD_SEMANTICS,SCALAR_COORD_ON_VARIABLE,2006-01,2006-01,1,OK_SCALAR_COORD,RANGEEDGES,RANGEEDGES_WINDOW_COORDINATE_MATCH,2006-01-01 00:00:00; 2006-02-01 00:00:00,2006-01-01 00:00:00,"esquema=lead1_igual_mes_inicializacao, representação=NMME_HARMONIZED_MONTHLY",Fazendas_Sinobras_Centroide
2006-01,NOAA_NCEP,CFSv2,2006-01,4,3.5,2006-04,OK,"L.attrs contém termo(s) ['forecast_period'] — indica semântica de lead/target, mas isso sozinho não confirma o valor exato de H4 sem uma variável auxiliar de data-alvo. | nenhuma variável auxiliar de data-alvo (('target', 'valid_time', 'target_month', 'forecast_time')) encontrada no dataset aberto — tentando Método B (semântica documentada do eixo forecast_period, Seção 4). | confirmado pela semântica documentada do eixo forecast_period (Método B, Seção 4/6): inicialização confirmada via SCALAR_COORD_ON_VARIABLE (status=OK_SCALAR_COORD), L.standard_name='forecast_period'/units='months', grade [0.5, 1.5, 2.5, 3.5, 4.5, 5.5] mensal confirmada, rota com forecast_period_semantics_documented=True.",CONFIRMED_BY_FORECAST_PERIOD_SEMANTICS,SCALAR_COORD_ON_VARIABLE,2006-01,2006-01,1,OK_SCALAR_COORD,RANGEEDGES,RANGEEDGES_WINDOW_COORDINATE_MATCH,2006-01-01 00:00:00; 2006-02-01 00:00:00,2006-01-01 00:00:00,"esquema=lead1_igual_mes_inicializacao, representação=NMME_HARMONIZED_MONTHLY",Fazendas_Sinobras_Centroide
2006-01,NOAA_NCEP,CFSv2,2006-01,5,4.5,2006-05,OK,"L.attrs contém termo(s) ['forecast_period'] — indica semântica de lead/target, mas isso sozinho não confirma o valor exato de H5 sem uma variável auxiliar de data-alvo. | nenhuma variável auxiliar de data-alvo (('target', 'valid_time', 'target_month', 'forecast_time')) encontrada no dataset aberto — tentando Método B (semântica documentada do eixo forecast_period, Seção 4). | confirmado pela semântica documentada do eixo forecast_period (Método B, Seção 4/6): inicialização confirmada via SCALAR_COORD_ON_VARIABLE (status=OK_SCALAR_COORD), L.standard_name='forecast_period'/units='months', grade [0.5, 1.5, 2.5, 3.5, 4.5, 5.5] mensal confirmada, rota com forecast_period_semantics_documented=True.",CONFIRMED_BY_FORECAST_PERIOD_SEMANTICS,SCALAR_COORD_ON_VARIABLE,2006-01,2006-01,1,OK_SCALAR_COORD,RANGEEDGES,RANGEEDGES_WINDOW_COORDINATE_MATCH,2006-01-01 00:00:00; 2006-02-01 00:00:00,2006-01-01 00:00:00,"esquema=lead1_igual_mes_inicializacao, representação=NMME_HARMONIZED_MONTHLY",Fazendas_Sinobras_Centroide
2006-01,NOAA_NCEP,CFSv2,2006-01,6,5.5,2006-06,OK,"L.attrs contém termo(s) ['forecast_period'] — indica semântica de lead/target, mas isso sozinho não confirma o valor exato de H6 sem uma variável auxiliar de data-alvo. | nenhuma variável auxiliar de data-alvo (('target', 'valid_time', 'target_month', 'forecast_time')) encontrada no dataset aberto — tentando Método B (semântica documentada do eixo forecast_period, Seção 4). | confirmado pela semântica documentada do eixo forecast_period (Método B, Seção 4/6): inicialização confirmada via SCALAR_COORD_ON_VARIABLE (status=OK_SCALAR_COORD), L.standard_name='forecast_period'/units='months', grade [0.5, 1.5, 2.5, 3.5, 4.5, 5.5] mensal confirmada, rota com forecast_period_semantics_documented=True.",CONFIRMED_BY_FORECAST_PERIOD_SEMANTICS,SCALAR_COORD_ON_VARIABLE,2006-01,2006-01,1,OK_SCALAR_COORD,RANGEEDGES,RANGEEDGES_WINDOW_COORDINATE_MATCH,2006-01-01 00:00:00; 2006-02-01 00:00:00,2006-01-01 00:00:00,"esquema=lead1_igual_mes_inicializacao, representação=NMME_HARMONIZED_MONTHLY",Fazendas_Sinobras_Centroide
2006-02,NOAA_NCEP,CFSv2,2006-02,1,0.5,2006-02,OK,"L.attrs contém termo(s) ['forecast_period'] — indica semântica de lead/target, mas isso sozinho não confirma o valor exato de H1 sem uma variável auxiliar de data-alvo. | nenhuma variável auxiliar de data-alvo (('target', 'valid_time', 'target_month', 'forecast_time')) encontrada no dataset aberto — tentando Método B (semântica documentada do eixo forecast_period, Seção 4). | confirmado pela semântica documentada do eixo forecast_period (Método B, Seção 4/6): inicialização confirmada via SCALAR_COORD_ON_VARIABLE (status=OK_SCALAR_COORD), L.standard_name='forecast_period'/units='months', grade [0.5, 1.5, 2.5, 3.5, 4.5, 5.5] mensal confirmada, rota com forecast_period_semantics_documented=True.",CONFIRMED_BY_FORECAST_PERIOD_SEMANTICS,SCALAR_COORD_ON_VARIABLE,2006-02,2006-02,1,OK_SCALAR_COORD,RANGEEDGES,RANGEEDGES_WINDOW_COORDINATE_MATCH,2006-02-01 00:00:00; 2006-03-01 00:00:00,2006-02-01 00:00:00,"esquema=lead1_igual_mes_inicializacao, representação=NMME_HARMONIZED_MONTHLY",Fazendas_Sinobras_Centroide
2006-02,NOAA_NCEP,CFSv2,2006-02,2,1.5,2006-03,OK,"L.attrs contém termo(s) ['forecast_period'] — indica semântica de lead/target, mas isso sozinho não confirma o valor exato de H2 sem uma variável auxiliar de data-alvo. | nenhuma variável auxiliar de data-alvo (('target', 'valid_time', 'target_month', 'forecast_time')) encontrada no dataset aberto — tentando Método B (semântica documentada do eixo forecast_period, Seção 4). | confirmado pela semântica documentada do eixo forecast_period (Método B, Seção 4/6): inicialização confirmada via SCALAR_COORD_ON_VARIABLE (status=OK_SCALAR_COORD), L.standard_name='forecast_period'/units='months', grade [0.5, 1.5, 2.5, 3.5, 4.5, 5.5] mensal confirmada, rota com forecast_period_semantics_documented=True.",CONFIRMED_BY_FORECAST_PERIOD_SEMANTICS,SCALAR_COORD_ON_VARIABLE,2006-02,2006-02,1,OK_SCALAR_COORD,RANGEEDGES,RANGEEDGES_WINDOW_COORDINATE_MATCH,2006-02-01 00:00:00; 2006-03-01 00:00:00,2006-02-01 00:00:00,"esquema=lead1_igual_mes_inicializacao, representação=NMME_HARMONIZED_MONTHLY",Fazendas_Sinobras_Centroide
2006-02,NOAA_NCEP,CFSv2,2006-02,3,2.5,2006-04,OK,"L.attrs contém termo(s) ['forecast_period'] — indica semântica de lead/target, mas isso sozinho não confirma o valor exato de H3 sem uma variável auxiliar de data-alvo. | nenhuma variável auxiliar de data-alvo (('target', 'valid_time', 'target_month', 'forecast_time')) encontrada no dataset aberto — tentando Método B (semântica documentada do eixo forecast_period, Seção 4). | confirmado pela semântica documentada do eixo forecast_period (Método B, Seção 4/6): inicialização confirmada via SCALAR_COORD_ON_VARIABLE (status=OK_SCALAR_COORD), L.standard_name='forecast_period'/units='months', grade [0.5, 1.5, 2.5, 3.5, 4.5, 5.5] mensal confirmada, rota com forecast_period_semantics_documented=True.",CONFIRMED_BY_FORECAST_PERIOD_SEMANTICS,SCALAR_COORD_ON_VARIABLE,2006-02,2006-02,1,OK_SCALAR_COORD,RANGEEDGES,RANGEEDGES_WINDOW_COORDINATE_MATCH,2006-02-01 00:00:00; 2006-03-01 00:00:00,2006-02-01 00:00:00,"esquema=lead1_igual_mes_inicializacao, representação=NMME_HARMONIZED_MONTHLY",Fazendas_Sinobras_Centroide
2006-02,NOAA_NCEP,CFSv2,2006-02,4,3.5,2006-05,OK,"L.attrs contém termo(s) ['forecast_period'] — indica semântica de lead/target, mas isso sozinho não confirma o valor exato de H4 sem uma variável auxiliar de data-alvo. | nenhuma variável auxiliar de data-alvo (('target', 'valid_time', 'target_month', 'forecast_time')) encontrada no dataset aberto — tentando Método B (semântica documentada do eixo forecast_period, Seção 4). | confirmado pela semântica documentada do eixo forecast_period (Método B, Seção 4/6): inicialização confirmada via SCALAR_COORD_ON_VARIABLE (status=OK_SCALAR_COORD), L.standard_name='forecast_period'/units='months', grade [0.5, 1.5, 2.5, 3.5, 4.5, 5.5] mensal confirmada, rota com forecast_period_semantics_documented=True.",CONFIRMED_BY_FORECAST_PERIOD_SEMANTICS,SCALAR_COORD_ON_VARIABLE,2006-02,2006-02,1,OK_SCALAR_COORD,RANGEEDGES,RANGEEDGES_WINDOW_COORDINATE_MATCH,2006-02-01 00:00:00; 2006-03-01 00:00:00,2006-02-01 00:00:00,"esquema=lead1_igual_mes_inicializacao, representação=NMME_HARMONIZED_MONTHLY",Fazendas_Sinobras_Centroide
2006-02,NOAA_NCEP,CFSv2,2006-02,5,4.5,2006-06,OK,"L.attrs contém termo(s) ['forecast_period'] — indica semântica de lead/target, mas isso sozinho não confirma o valor exato de H5 sem uma variável auxiliar de data-alvo. | nenhuma variável auxiliar de data-alvo (('target', 'valid_time', 'target_month', 'forecast_time')) encontrada no dataset aberto — tentando Método B (semântica documentada do eixo forecast_period, Seção 4). | confirmado pela semântica documentada do eixo forecast_period (Método B, Seção 4/6): inicialização confirmada via SCALAR_COORD_ON_VARIABLE (status=OK_SCALAR_COORD), L.standard_name='forecast_period'/units='months', grade [0.5, 1.5, 2.5, 3.5, 4.5, 5.5] mensal confirmada, rota com forecast_period_semantics_documented=True.",CONFIRMED_BY_FORECAST_PERIOD_SEMANTICS,SCALAR_COORD_ON_VARIABLE,2006-02,2006-02,1,OK_SCALAR_COORD,RANGEEDGES,RANGEEDGES_WINDOW_COORDINATE_MATCH,2006-02-01 00:00:00; 2006-03-01 00:00:00,2006-02-01 00:00:00,"esquema=lead1_igual_mes_inicializacao, representação=NMME_HARMONIZED_MONTHLY",Fazendas_Sinobras_Centroide
2006-02,NOAA_NCEP,CFSv2,2006-02,6,5.5,2006-07,OK,"L.attrs contém termo(s) ['forecast_period'] — indica semântica de lead/target, mas isso sozinho não confirma o valor exato de H6 sem uma variável auxiliar de data-alvo. | nenhuma variável auxiliar de data-alvo (('target', 'valid_time', 'target_month', 'forecast_time')) encontrada no dataset aberto — tentando Método B (semântica documentada do eixo forecast_period, Seção 4). | confirmado pela semântica documentada do eixo forecast_period (Método B, Seção 4/6): inicialização confirmada via SCALAR_COORD_ON_VARIABLE (status=OK_SCALAR_COORD), L.standard_name='forecast_period'/units='months', grade [0.5, 1.5, 2.5, 3.5, 4.5, 5.5] mensal confirmada, rota com forecast_period_semantics_documented=True.",CONFIRMED_BY_FORECAST_PERIOD_SEMANTICS,SCALAR_COORD_ON_VARIABLE,2006-02,2006-02,1,OK_SCALAR_COORD,RANGEEDGES,RANGEEDGES_WINDOW_COORDINATE_MATCH,2006-02-01 00:00:00; 2006-03-01 00:00:00,2006-02-01 00:00:00,"esquema=lead1_igual_mes_inicializacao, representação=NMME_HARMONIZED_MONTHLY",Fazendas_Sinobras_Centroide
2006-03,NOAA_NCEP,CFSv2,2006-03,1,0.5,2006-03,OK,"L.attrs contém termo(s) ['forecast_period'] — indica semântica de lead/target, mas isso sozinho não confirma o valor exato de H1 sem uma variável auxiliar de data-alvo. | nenhuma variável auxiliar de data-alvo (('target', 'valid_time', 'target_month', 'forecast_time')) encontrada no dataset aberto — tentando Método B (semântica documentada do eixo forecast_period, Seção 4). | confirmado pela semântica documentada do eixo forecast_period (Método B, Seção 4/6): inicialização confirmada via SCALAR_COORD_ON_VARIABLE (status=OK_SCALAR_COORD), L.standard_name='forecast_period'/units='months', grade [0.5, 1.5, 2.5, 3.5, 4.5, 5.5] mensal confirmada, rota com forecast_period_semantics_documented=True.",CONFIRMED_BY_FORECAST_PERIOD_SEMANTICS,SCALAR_COORD_ON_VARIABLE,2006-03,2006-03,1,OK_SCALAR_COORD,RANGEEDGES,RANGEEDGES_WINDOW_COORDINATE_MATCH,2006-03-01 00:00:00; 2006-04-01 00:00:00,2006-03-01 00:00:00,"esquema=lead1_igual_mes_inicializacao, representação=NMME_HARMONIZED_MONTHLY",Fazendas_Sinobras_Centroide
2006-03,NOAA_NCEP,CFSv2,2006-03,2,1.5,2006-04,OK,"L.attrs contém termo(s) ['forecast_period'] — indica semântica de lead/target, mas isso sozinho não confirma o valor exato de H2 sem uma variável auxiliar de data-alvo. | nenhuma variável auxiliar de data-alvo (('target', 'valid_time', 'target_month', 'forecast_time')) encontrada no dataset aberto — tentando Método B (semântica documentada do eixo forecast_period, Seção 4). | confirmado pela semântica documentada do eixo forecast_period (Método B, Seção 4/6): inicialização confirmada via SCALAR_COORD_ON_VARIABLE (status=OK_SCALAR_COORD), L.standard_name='forecast_period'/units='months', grade [0.5, 1.5, 2.5, 3.5, 4.5, 5.5] mensal confirmada, rota com forecast_period_semantics_documented=True.",CONFIRMED_BY_FORECAST_PERIOD_SEMANTICS,SCALAR_COORD_ON_VARIABLE,2006-03,2006-03,1,OK_SCALAR_COORD,RANGEEDGES,RANGEEDGES_WINDOW_COORDINATE_MATCH,2006-03-01 00:00:00; 2006-04-01 00:00:00,2006-03-01 00:00:00,"esquema=lead1_igual_mes_inicializacao, representação=NMME_HARMONIZED_MONTHLY",Fazendas_Sinobras_Centroide
2006-03,NOAA_NCEP,CFSv2,2006-03,3,2.5,2006-05,OK,"L.attrs contém termo(s) ['forecast_period'] — indica semântica de lead/target, mas isso sozinho não confirma o valor exato de H3 sem uma variável auxiliar de data-alvo. | nenhuma variável auxiliar de data-alvo (('target', 'valid_time', 'target_month', 'forecast_time')) encontrada no dataset aberto — tentando Método B (semântica documentada do eixo forecast_period, Seção 4). | confirmado pela semântica documentada do eixo forecast_period (Método B, Seção 4/6): inicialização confirmada via SCALAR_COORD_ON_VARIABLE (status=OK_SCALAR_COORD), L.standard_name='forecast_period'/units='months', grade [0.5, 1.5, 2.5, 3.5, 4.5, 5.5] mensal confirmada, rota com forecast_period_semantics_documented=True.",CONFIRMED_BY_FORECAST_PERIOD_SEMANTICS,SCALAR_COORD_ON_VARIABLE,2006-03,2006-03,1,OK_SCALAR_COORD,RANGEEDGES,RANGEEDGES_WINDOW_COORDINATE_MATCH,2006-03-01 00:00:00; 2006-04-01 00:00:00,2006-03-01 00:00:00,"esquema=lead1_igual_mes_inicializacao, representação=NMME_HARMONIZED_MONTHLY",Fazendas_Sinobras_Centroide
2006-03,NOAA_NCEP,CFSv2,2006-03,4,3.5,2006-06,OK,"L.attrs contém termo(s) ['forecast_period'] — indica semântica de lead/target, mas isso sozinho não confirma o valor exato de H4 sem uma variável auxiliar de data-alvo. | nenhuma variável auxiliar de data-alvo (('target', 'valid_time', 'target_month', 'forecast_time')) encontrada no dataset aberto — tentando Método B (semântica documentada do eixo forecast_period, Seção 4). | confirmado pela semântica documentada do eixo forecast_period (Método B, Seção 4/6): inicialização confirmada via SCALAR_COORD_ON_VARIABLE (status=OK_SCALAR_COORD), L.standard_name='forecast_period'/units='months', grade [0.5, 1.5, 2.5, 3.5, 4.5, 5.5] mensal confirmada, rota com forecast_period_semantics_documented=True.",CONFIRMED_BY_FORECAST_PERIOD_SEMANTICS,SCALAR_COORD_ON_VARIABLE,2006-03,2006-03,1,OK_SCALAR_COORD,RANGEEDGES,RANGEEDGES_WINDOW_COORDINATE_MATCH,2006-03-01 00:00:00; 2006-04-01 00:00:00,2006-03-01 00:00:00,"esquema=lead1_igual_mes_inicializacao, representação=NMME_HARMONIZED_MONTHLY",Fazendas_Sinobras_Centroide
2006-03,NOAA_NCEP,CFSv2,2006-03,5,4.5,2006-07,OK,"L.attrs contém termo(s) ['forecast_period'] — indica semântica de lead/target, mas isso sozinho não confirma o valor exato de H5 sem uma variável auxiliar de data-alvo. | nenhuma variável auxiliar de data-alvo (('target', 'valid_time', 'target_month', 'forecast_time')) encontrada no dataset aberto — tentando Método B (semântica documentada do eixo forecast_period, Seção 4). | confirmado pela semântica documentada do eixo forecast_period (Método B, Seção 4/6): inicialização confirmada via SCALAR_COORD_ON_VARIABLE (status=OK_SCALAR_COORD), L.standard_name='forecast_period'/units='months', grade [0.5, 1.5, 2.5, 3.5, 4.5, 5.5] mensal confirmada, rota com forecast_period_semantics_documented=True.",CONFIRMED_BY_FORECAST_PERIOD_SEMANTICS,SCALAR_COORD_ON_VARIABLE,2006-03,2006-03,1,OK_SCALAR_COORD,RANGEEDGES,RANGEEDGES_WINDOW_COORDINATE_MATCH,2006-03-01 00:00:00; 2006-04-01 00:00:00,2006-03-01 00:00:00,"esquema=lead1_igual_mes_inicializacao, representação=NMME_HARMONIZED_MONTHLY",Fazendas_Sinobras_Centroide
2006-03,NOAA_NCEP,CFSv2,2006-03,6,5.5,2006-08,OK,"L.attrs contém termo(s) ['forecast_period'] — indica semântica de lead/target, mas isso sozinho não confirma o valor exato de H6 sem uma variável auxiliar de data-alvo. | nenhuma variável auxiliar de data-alvo (('target', 'valid_time', 'target_month', 'forecast_time')) encontrada no dataset aberto — tentando Método B (semântica documentada do eixo forecast_period, Seção 4). | confirmado pela semântica documentada do eixo forecast_period (Método B, Seção 4/6): inicialização confirmada via SCALAR_COORD_ON_VARIABLE (status=OK_SCALAR_COORD), L.standard_name='forecast_period'/units='months', grade [0.5, 1.5, 2.5, 3.5, 4.5, 5.5] mensal confirmada, rota com forecast_period_semantics_documented=True.",CONFIRMED_BY_FORECAST_PERIOD_SEMANTICS,SCALAR_COORD_ON_VARIABLE,2006-03,2006-03,1,OK_SCALAR_COORD,RANGEEDGES,RANGEEDGES_WINDOW_COORDINATE_MATCH,2006-03-01 00:00:00; 2006-04-01 00:00:00,2006-03-01 00:00:00,"esquema=lead1_igual_mes_inicializacao, representação=NMME_HARMONIZED_MONTHLY",Fazendas_Sinobras_Centroide
2006-04,NOAA_NCEP,CFSv2,2006-04,1,0.5,2006-04,OK,"L.attrs contém termo(s) ['forecast_period'] — indica semântica de lead/target, mas isso sozinho não confirma o valor exato de H1 sem uma variável auxiliar de data-alvo. | nenhuma variável auxiliar de data-alvo (('target', 'valid_time', 'target_month', 'forecast_time')) encontrada no dataset aberto — tentando Método B (semântica documentada do eixo forecast_period, Seção 4). | confirmado pela semântica documentada do eixo forecast_period (Método B, Seção 4/6): inicialização confirmada via SCALAR_COORD_ON_VARIABLE (status=OK_SCALAR_COORD), L.standard_name='forecast_period'/units='months', grade [0.5, 1.5, 2.5, 3.5, 4.5, 5.5] mensal confirmada, rota com forecast_period_semantics_documented=True.",CONFIRMED_BY_FORECAST_PERIOD_SEMANTICS,SCALAR_COORD_ON_VARIABLE,2006-04,2006-04,1,OK_SCALAR_COORD,RANGEEDGES,RANGEEDGES_WINDOW_COORDINATE_MATCH,2006-04-01 00:00:00; 2006-05-01 00:00:00,2006-04-01 00:00:00,"esquema=lead1_igual_mes_inicializacao, representação=NMME_HARMONIZED_MONTHLY",Fazendas_Sinobras_Centroide
2006-04,NOAA_NCEP,CFSv2,2006-04,2,1.5,2006-05,OK,"L.attrs contém termo(s) ['forecast_period'] — indica semântica de lead/target, mas isso sozinho não confirma o valor exato de H2 sem uma variável auxiliar de data-alvo. | nenhuma variável auxiliar de data-alvo (('target', 'valid_time', 'target_month', 'forecast_time')) encontrada no dataset aberto — tentando Método B (semântica documentada do eixo forecast_period, Seção 4). | confirmado pela semântica documentada do eixo forecast_period (Método B, Seção 4/6): inicialização confirmada via SCALAR_COORD_ON_VARIABLE (status=OK_SCALAR_COORD), L.standard_name='forecast_period'/units='months', grade [0.5, 1.5, 2.5, 3.5, 4.5, 5.5] mensal confirmada, rota com forecast_period_semantics_documented=True.",CONFIRMED_BY_FORECAST_PERIOD_SEMANTICS,SCALAR_COORD_ON_VARIABLE,2006-04,2006-04,1,OK_SCALAR_COORD,RANGEEDGES,RANGEEDGES_WINDOW_COORDINATE_MATCH,2006-04-01 00:00:00; 2006-05-01 00:00:00,2006-04-01 00:00:00,"esquema=lead1_igual_mes_inicializacao, representação=NMME_HARMONIZED_MONTHLY",Fazendas_Sinobras_Centroide
2006-04,NOAA_NCEP,CFSv2,2006-04,3,2.5,2006-06,OK,"L.attrs contém termo(s) ['forecast_period'] — indica semântica de lead/target, mas isso sozinho não confirma o valor exato de H3 sem uma variável auxiliar de data-alvo. | nenhuma variável auxiliar de data-alvo (('target', 'valid_time', 'target_month', 'forecast_time')) encontrada no dataset aberto — tentando Método B (semântica documentada do eixo forecast_period, Seção 4). | confirmado pela semântica documentada do eixo forecast_period (Método B, Seção 4/6): inicialização confirmada via SCALAR_COORD_ON_VARIABLE (status=OK_SCALAR_COORD), L.standard_name='forecast_period'/units='months', grade [0.5, 1.5, 2.5, 3.5, 4.5, 5.5] mensal confirmada, rota com forecast_period_semantics_documented=True.",CONFIRMED_BY_FORECAST_PERIOD_SEMANTICS,SCALAR_COORD_ON_VARIABLE,2006-04,2006-04,1,OK_SCALAR_COORD,RANGEEDGES,RANGEEDGES_WINDOW_COORDINATE_MATCH,2006-04-01 00:00:00; 2006-05-01 00:00:00,2006-04-01 00:00:00,"esquema=lead1_igual_mes_inicializacao, representação=NMME_HARMONIZED_MONTHLY",Fazendas_Sinobras_Centroide
2006-04,NOAA_NCEP,CFSv2,2006-04,4,3.5,2006-07,OK,"L.attrs contém termo(s) ['forecast_period'] — indica semântica de lead/target, mas isso sozinho não confirma o valor exato de H4 sem uma variável auxiliar de data-alvo. | nenhuma variável auxiliar de data-alvo (('target', 'valid_time', 'target_month', 'forecast_time')) encontrada no dataset aberto — tentando Método B (semântica documentada do eixo forecast_period, Seção 4). | confirmado pela semântica documentada do eixo forecast_period (Método B, Seção 4/6): inicialização confirmada via SCALAR_COORD_ON_VARIABLE (status=OK_SCALAR_COORD), L.standard_name='forecast_period'/units='months', grade [0.5, 1.5, 2.5, 3.5, 4.5, 5.5] mensal confirmada, rota com forecast_period_semantics_documented=True.",CONFIRMED_BY_FORECAST_PERIOD_SEMANTICS,SCALAR_COORD_ON_VARIABLE,2006-04,2006-04,1,OK_SCALAR_COORD,RANGEEDGES,RANGEEDGES_WINDOW_COORDINATE_MATCH,2006-04-01 00:00:00; 2006-05-01 00:00:00,2006-04-01 00:00:00,"esquema=lead1_igual_mes_inicializacao, representação=NMME_HARMONIZED_MONTHLY",Fazendas_Sinobras_Centroide
2006-04,NOAA_NCEP,CFSv2,2006-04,5,4.5,2006-08,OK,"L.attrs contém termo(s) ['forecast_period'] — indica semântica de lead/target, mas isso sozinho não confirma o valor exato de H5 sem uma variável auxiliar de data-alvo. | nenhuma variável auxiliar de data-alvo (('target', 'valid_time', 'target_month', 'forecast_time')) encontrada no dataset aberto — tentando Método B (semântica documentada do eixo forecast_period, Seção 4). | confirmado pela semântica documentada do eixo forecast_period (Método B, Seção 4/6): inicialização confirmada via SCALAR_COORD_ON_VARIABLE (status=OK_SCALAR_COORD), L.standard_name='forecast_period'/units='months', grade [0.5, 1.5, 2.5, 3.5, 4.5, 5.5] mensal confirmada, rota com forecast_period_semantics_documented=True.",CONFIRMED_BY_FORECAST_PERIOD_SEMANTICS,SCALAR_COORD_ON_VARIABLE,2006-04,2006-04,1,OK_SCALAR_COORD,RANGEEDGES,RANGEEDGES_WINDOW_COORDINATE_MATCH,2006-04-01 00:00:00; 2006-05-01 00:00:00,2006-04-01 00:00:00,"esquema=lead1_igual_mes_inicializacao, representação=NMME_HARMONIZED_MONTHLY",Fazendas_Sinobras_Centroide
2006-04,NOAA_NCEP,CFSv2,2006-04,6,5.5,2006-09,OK,"L.attrs contém termo(s) ['forecast_period'] — indica semântica de lead/target, mas isso sozinho não confirma o valor exato de H6 sem uma variável auxiliar de data-alvo. | nenhuma variável auxiliar de data-alvo (('target', 'valid_time', 'target_month', 'forecast_time')) encontrada no dataset aberto — tentando Método B (semântica documentada do eixo forecast_period, Seção 4). | confirmado pela semântica documentada do eixo forecast_period (Método B, Seção 4/6): inicialização confirmada via SCALAR_COORD_ON_VARIABLE (status=OK_SCALAR_COORD), L.standard_name='forecast_period'/units='months', grade [0.5, 1.5, 2.5, 3.5, 4.5, 5.5] mensal confirmada, rota com forecast_period_semantics_documented=True.",CONFIRMED_BY_FORECAST_PERIOD_SEMANTICS,SCALAR_COORD_ON_VARIABLE,2006-04,2006-04,1,OK_SCALAR_COORD,RANGEEDGES,RANGEEDGES_WINDOW_COORDINATE_MATCH,2006-04-01 00:00:00; 2006-05-01 00:00:00,2006-04-01 00:00:00,"esquema=lead1_igual_mes_inicializacao, representação=NMME_HARMONIZED_MONTHLY",Fazendas_Sinobras_Centroide
2006-05,NOAA_NCEP,CFSv2,2006-05,1,0.5,2006-05,OK,"L.attrs contém termo(s) ['forecast_period'] — indica semântica de lead/target, mas isso sozinho não confirma o valor exato de H1 sem uma variável auxiliar de data-alvo. | nenhuma variável auxiliar de data-alvo (('target', 'valid_time', 'target_month', 'forecast_time')) encontrada no dataset aberto — tentando Método B (semântica documentada do eixo forecast_period, Seção 4). | confirmado pela semântica documentada do eixo forecast_period (Método B, Seção 4/6): inicialização confirmada via SCALAR_COORD_ON_VARIABLE (status=OK_SCALAR_COORD), L.standard_name='forecast_period'/units='months', grade [0.5, 1.5, 2.5, 3.5, 4.5, 5.5] mensal confirmada, rota com forecast_period_semantics_documented=True.",CONFIRMED_BY_FORECAST_PERIOD_SEMANTICS,SCALAR_COORD_ON_VARIABLE,2006-05,2006-05,1,OK_SCALAR_COORD,RANGEEDGES,RANGEEDGES_WINDOW_COORDINATE_MATCH,2006-05-01 00:00:00; 2006-06-01 00:00:00,2006-05-01 00:00:00,"esquema=lead1_igual_mes_inicializacao, representação=NMME_HARMONIZED_MONTHLY",Fazendas_Sinobras_Centroide
2006-05,NOAA_NCEP,CFSv2,2006-05,2,1.5,2006-06,OK,"L.attrs contém termo(s) ['forecast_period'] — indica semântica de lead/target, mas isso sozinho não confirma o valor exato de H2 sem uma variável auxiliar de data-alvo. | nenhuma variável auxiliar de data-alvo (('target', 'valid_time', 'target_month', 'forecast_time')) encontrada no dataset aberto — tentando Método B (semântica documentada do eixo forecast_period, Seção 4). | confirmado pela semântica documentada do eixo forecast_period (Método B, Seção 4/6): inicialização confirmada via SCALAR_COORD_ON_VARIABLE (status=OK_SCALAR_COORD), L.standard_name='forecast_period'/units='months', grade [0.5, 1.5, 2.5, 3.5, 4.5, 5.5] mensal confirmada, rota com forecast_period_semantics_documented=True.",CONFIRMED_BY_FORECAST_PERIOD_SEMANTICS,SCALAR_COORD_ON_VARIABLE,2006-05,2006-05,1,OK_SCALAR_COORD,RANGEEDGES,RANGEEDGES_WINDOW_COORDINATE_MATCH,2006-05-01 00:00:00; 2006-06-01 00:00:00,2006-05-01 00:00:00,"esquema=lead1_igual_mes_inicializacao, representação=NMME_HARMONIZED_MONTHLY",Fazendas_Sinobras_Centroide
2006-05,NOAA_NCEP,CFSv2,2006-05,3,2.5,2006-07,OK,"L.attrs contém termo(s) ['forecast_period'] — indica semântica de lead/target, mas isso sozinho não confirma o valor exato de H3 sem uma variável auxiliar de data-alvo. | nenhuma variável auxiliar de data-alvo (('target', 'valid_time', 'target_month', 'forecast_time')) encontrada no dataset aberto — tentando Método B (semântica documentada do eixo forecast_period, Seção 4). | confirmado pela semântica documentada do eixo forecast_period (Método B, Seção 4/6): inicialização confirmada via SCALAR_COORD_ON_VARIABLE (status=OK_SCALAR_COORD), L.standard_name='forecast_period'/units='months', grade [0.5, 1.5, 2.5, 3.5, 4.5, 5.5] mensal confirmada, rota com forecast_period_semantics_documented=True.",CONFIRMED_BY_FORECAST_PERIOD_SEMANTICS,SCALAR_COORD_ON_VARIABLE,2006-05,2006-05,1,OK_SCALAR_COORD,RANGEEDGES,RANGEEDGES_WINDOW_COORDINATE_MATCH,2006-05-01 00:00:00; 2006-06-01 00:00:00,2006-05-01 00:00:00,"esquema=lead1_igual_mes_inicializacao, representação=NMME_HARMONIZED_MONTHLY",Fazendas_Sinobras_Centroide
2006-05,NOAA_NCEP,CFSv2,2006-05,4,3.5,2006-08,OK,"L.attrs contém termo(s) ['forecast_period'] — indica semântica de lead/target, mas isso sozinho não confirma o valor exato de H4 sem uma variável auxiliar de data-alvo. | nenhuma variável auxiliar de data-alvo (('target', 'valid_time', 'target_month', 'forecast_time')) encontrada no dataset aberto — tentando Método B (semântica documentada do eixo forecast_period, Seção 4). | confirmado pela semântica documentada do eixo forecast_period (Método B, Seção 4/6): inicialização confirmada via SCALAR_COORD_ON_VARIABLE (status=OK_SCALAR_COORD), L.standard_name='forecast_period'/units='months', grade [0.5, 1.5, 2.5, 3.5, 4.5, 5.5] mensal confirmada, rota com forecast_period_semantics_documented=True.",CONFIRMED_BY_FORECAST_PERIOD_SEMANTICS,SCALAR_COORD_ON_VARIABLE,2006-05,2006-05,1,OK_SCALAR_COORD,RANGEEDGES,RANGEEDGES_WINDOW_COORDINATE_MATCH,2006-05-01 00:00:00; 2006-06-01 00:00:00,2006-05-01 00:00:00,"esquema=lead1_igual_mes_inicializacao, representação=NMME_HARMONIZED_MONTHLY",Fazendas_Sinobras_Centroide
2006-05,NOAA_NCEP,CFSv2,2006-05,5,4.5,2006-09,OK,"L.attrs contém termo(s) ['forecast_period'] — indica semântica de lead/target, mas isso sozinho não confirma o valor exato de H5 sem uma variável auxiliar de data-alvo. | nenhuma variável auxiliar de data-alvo (('target', 'valid_time', 'target_month', 'forecast_time')) encontrada no dataset aberto — tentando Método B (semântica documentada do eixo forecast_period, Seção 4). | confirmado pela semântica documentada do eixo forecast_period (Método B, Seção 4/6): inicialização confirmada via SCALAR_COORD_ON_VARIABLE (status=OK_SCALAR_COORD), L.standard_name='forecast_period'/units='months', grade [0.5, 1.5, 2.5, 3.5, 4.5, 5.5] mensal confirmada, rota com forecast_period_semantics_documented=True.",CONFIRMED_BY_FORECAST_PERIOD_SEMANTICS,SCALAR_COORD_ON_VARIABLE,2006-05,2006-05,1,OK_SCALAR_COORD,RANGEEDGES,RANGEEDGES_WINDOW_COORDINATE_MATCH,2006-05-01 00:00:00; 2006-06-01 00:00:00,2006-05-01 00:00:00,"esquema=lead1_igual_mes_inicializacao, representação=NMME_HARMONIZED_MONTHLY",Fazendas_Sinobras_Centroide
2006-05,NOAA_NCEP,CFSv2,2006-05,6,5.5,2006-10,OK,"L.attrs contém termo(s) ['forecast_period'] — indica semântica de lead/target, mas isso sozinho não confirma o valor exato de H6 sem uma variável auxiliar de data-alvo. | nenhuma variável auxiliar de data-alvo (('target', 'valid_time', 'target_month', 'forecast_time')) encontrada no dataset aberto — tentando Método B (semântica documentada do eixo forecast_period, Seção 4). | confirmado pela semântica documentada do eixo forecast_period (Método B, Seção 4/6): inicialização confirmada via SCALAR_COORD_ON_VARIABLE (status=OK_SCALAR_COORD), L.standard_name='forecast_period'/units='months', grade [0.5, 1.5, 2.5, 3.5, 4.5, 5.5] mensal confirmada, rota com forecast_period_semantics_documented=True.",CONFIRMED_BY_FORECAST_PERIOD_SEMANTICS,SCALAR_COORD_ON_VARIABLE,2006-05,2006-05,1,OK_SCALAR_COORD,RANGEEDGES,RANGEEDGES_WINDOW_COORDINATE_MATCH,2006-05-01 00:00:00; 2006-06-01 00:00:00,2006-05-01 00:00:00,"esquema=lead1_igual_mes_inicializacao, representação=NMME_HARMONIZED_MONTHLY",Fazendas_Sinobras_Centroide
2006-06,NOAA_NCEP,CFSv2,2006-06,1,0.5,2006-06,OK,"L.attrs contém termo(s) ['forecast_period'] — indica semântica de lead/target, mas isso sozinho não confirma o valor exato de H1 sem uma variável auxiliar de data-alvo. | nenhuma variável auxiliar de data-alvo (('target', 'valid_time', 'target_month', 'forecast_time')) encontrada no dataset aberto — tentando Método B (semântica documentada do eixo forecast_period, Seção 4). | confirmado pela semântica documentada do eixo forecast_period (Método B, Seção 4/6): inicialização confirmada via SCALAR_COORD_ON_VARIABLE (status=OK_SCALAR_COORD), L.standard_name='forecast_period'/units='months', grade [0.5, 1.5, 2.5, 3.5, 4.5, 5.5] mensal confirmada, rota com forecast_period_semantics_documented=True.",CONFIRMED_BY_FORECAST_PERIOD_SEMANTICS,SCALAR_COORD_ON_VARIABLE,2006-06,2006-06,1,OK_SCALAR_COORD,RANGEEDGES,RANGEEDGES_WINDOW_COORDINATE_MATCH,2006-06-01 00:00:00; 2006-07-01 00:00:00,2006-06-01 00:00:00,"esquema=lead1_igual_mes_inicializacao, representação=NMME_HARMONIZED_MONTHLY",Fazendas_Sinobras_Centroide
2006-06,NOAA_NCEP,CFSv2,2006-06,2,1.5,2006-07,OK,"L.attrs contém termo(s) ['forecast_period'] — indica semântica de lead/target, mas isso sozinho não confirma o valor exato de H2 sem uma variável auxiliar de data-alvo. | nenhuma variável auxiliar de data-alvo (('target', 'valid_time', 'target_month', 'forecast_time')) encontrada no dataset aberto — tentando Método B (semântica documentada do eixo forecast_period, Seção 4). | confirmado pela semântica documentada do eixo forecast_period (Método B, Seção 4/6): inicialização confirmada via SCALAR_COORD_ON_VARIABLE (status=OK_SCALAR_COORD), L.standard_name='forecast_period'/units='months', grade [0.5, 1.5, 2.5, 3.5, 4.5, 5.5] mensal confirmada, rota com forecast_period_semantics_documented=True.",CONFIRMED_BY_FORECAST_PERIOD_SEMANTICS,SCALAR_COORD_ON_VARIABLE,2006-06,2006-06,1,OK_SCALAR_COORD,RANGEEDGES,RANGEEDGES_WINDOW_COORDINATE_MATCH,2006-06-01 00:00:00; 2006-07-01 00:00:00,2006-06-01 00:00:00,"esquema=lead1_igual_mes_inicializacao, representação=NMME_HARMONIZED_MONTHLY",Fazendas_Sinobras_Centroide
2006-06,NOAA_NCEP,CFSv2,2006-06,3,2.5,2006-08,OK,"L.attrs contém termo(s) ['forecast_period'] — indica semântica de lead/target, mas isso sozinho não confirma o valor exato de H3 sem uma variável auxiliar de data-alvo. | nenhuma variável auxiliar de data-alvo (('target', 'valid_time', 'target_month', 'forecast_time')) encontrada no dataset aberto — tentando Método B (semântica documentada do eixo forecast_period, Seção 4). | confirmado pela semântica documentada do eixo forecast_period (Método B, Seção 4/6): inicialização confirmada via SCALAR_COORD_ON_VARIABLE (status=OK_SCALAR_COORD), L.standard_name='forecast_period'/units='months', grade [0.5, 1.5, 2.5, 3.5, 4.5, 5.5] mensal confirmada, rota com forecast_period_semantics_documented=True.",CONFIRMED_BY_FORECAST_PERIOD_SEMANTICS,SCALAR_COORD_ON_VARIABLE,2006-06,2006-06,1,OK_SCALAR_COORD,RANGEEDGES,RANGEEDGES_WINDOW_COORDINATE_MATCH,2006-06-01 00:00:00; 2006-07-01 00:00:00,2006-06-01 00:00:00,"esquema=lead1_igual_mes_inicializacao, representação=NMME_HARMONIZED_MONTHLY",Fazendas_Sinobras_Centroide
2006-06,NOAA_NCEP,CFSv2,2006-06,4,3.5,2006-09,OK,"L.attrs contém termo(s) ['forecast_period'] — indica semântica de lead/target, mas isso sozinho não confirma o valor exato de H4 sem uma variável auxiliar de data-alvo. | nenhuma variável auxiliar de data-alvo (('target', 'valid_time', 'target_month', 'forecast_time')) encontrada no dataset aberto — tentando Método B (semântica documentada do eixo forecast_period, Seção 4). | confirmado pela semântica documentada do eixo forecast_period (Método B, Seção 4/6): inicialização confirmada via SCALAR_COORD_ON_VARIABLE (status=OK_SCALAR_COORD), L.standard_name='forecast_period'/units='months', grade [0.5, 1.5, 2.5, 3.5, 4.5, 5.5] mensal confirmada, rota com forecast_period_semantics_documented=True.",CONFIRMED_BY_FORECAST_PERIOD_SEMANTICS,SCALAR_COORD_ON_VARIABLE,2006-06,2006-06,1,OK_SCALAR_COORD,RANGEEDGES,RANGEEDGES_WINDOW_COORDINATE_MATCH,2006-06-01 00:00:00; 2006-07-01 00:00:00,2006-06-01 00:00:00,"esquema=lead1_igual_mes_inicializacao, representação=NMME_HARMONIZED_MONTHLY",Fazendas_Sinobras_Centroide
2006-06,NOAA_NCEP,CFSv2,2006-06,5,4.5,2006-10,OK,"L.attrs contém termo(s) ['forecast_period'] — indica semântica de lead/target, mas isso sozinho não confirma o valor exato de H5 sem uma variável auxiliar de data-alvo. | nenhuma variável auxiliar de data-alvo (('target', 'valid_time', 'target_month', 'forecast_time')) encontrada no dataset aberto — tentando Método B (semântica documentada do eixo forecast_period, Seção 4). | confirmado pela semântica documentada do eixo forecast_period (Método B, Seção 4/6): inicialização confirmada via SCALAR_COORD_ON_VARIABLE (status=OK_SCALAR_COORD), L.standard_name='forecast_period'/units='months', grade [0.5, 1.5, 2.5, 3.5, 4.5, 5.5] mensal confirmada, rota com forecast_period_semantics_documented=True.",CONFIRMED_BY_FORECAST_PERIOD_SEMANTICS,SCALAR_COORD_ON_VARIABLE,2006-06,2006-06,1,OK_SCALAR_COORD,RANGEEDGES,RANGEEDGES_WINDOW_COORDINATE_MATCH,2006-06-01 00:00:00; 2006-07-01 00:00:00,2006-06-01 00:00:00,"esquema=lead1_igual_mes_inicializacao, representação=NMME_HARMONIZED_MONTHLY",Fazendas_Sinobras_Centroide
2006-06,NOAA_NCEP,CFSv2,2006-06,6,5.5,2006-11,OK,"L.attrs contém termo(s) ['forecast_period'] — indica semântica de lead/target, mas isso sozinho não confirma o valor exato de H6 sem uma variável auxiliar de data-alvo. | nenhuma variável auxiliar de data-alvo (('target', 'valid_time', 'target_month', 'forecast_time')) encontrada no dataset aberto — tentando Método B (semântica documentada do eixo forecast_period, Seção 4). | confirmado pela semântica documentada do eixo forecast_period (Método B, Seção 4/6): inicialização confirmada via SCALAR_COORD_ON_VARIABLE (status=OK_SCALAR_COORD), L.standard_name='forecast_period'/units='months', grade [0.5, 1.5, 2.5, 3.5, 4.5, 5.5] mensal confirmada, rota com forecast_period_semantics_documented=True.",CONFIRMED_BY_FORECAST_PERIOD_SEMANTICS,SCALAR_COORD_ON_VARIABLE,2006-06,2006-06,1,OK_SCALAR_COORD,RANGEEDGES,RANGEEDGES_WINDOW_COORDINATE_MATCH,2006-06-01 00:00:00; 2006-07-01 00:00:00,2006-06-01 00:00:00,"esquema=lead1_igual_mes_inicializacao, representação=NMME_HARMONIZED_MONTHLY",Fazendas_Sinobras_Centroide
2006-07,NOAA_NCEP,CFSv2,2006-07,1,0.5,2006-07,OK,"L.attrs contém termo(s) ['forecast_period'] — indica semântica de lead/target, mas isso sozinho não confirma o valor exato de H1 sem uma variável auxiliar de data-alvo. | nenhuma variável auxiliar de data-alvo (('target', 'valid_time', 'target_month', 'forecast_time')) encontrada no dataset aberto — tentando Método B (semântica documentada do eixo forecast_period, Seção 4). | confirmado pela semântica documentada do eixo forecast_period (Método B, Seção 4/6): inicialização confirmada via SCALAR_COORD_ON_VARIABLE (status=OK_SCALAR_COORD), L.standard_name='forecast_period'/units='months', grade [0.5, 1.5, 2.5, 3.5, 4.5, 5.5] mensal confirmada, rota com forecast_period_semantics_documented=True.",CONFIRMED_BY_FORECAST_PERIOD_SEMANTICS,SCALAR_COORD_ON_VARIABLE,2006-07,2006-07,1,OK_SCALAR_COORD,RANGEEDGES,RANGEEDGES_WINDOW_COORDINATE_MATCH,2006-07-01 00:00:00; 2006-08-01 00:00:00,2006-07-01 00:00:00,"esquema=lead1_igual_mes_inicializacao, representação=NMME_HARMONIZED_MONTHLY",Fazendas_Sinobras_Centroide
2006-07,NOAA_NCEP,CFSv2,2006-07,2,1.5,2006-08,OK,"L.attrs contém termo(s) ['forecast_period'] — indica semântica de lead/target, mas isso sozinho não confirma o valor exato de H2 sem uma variável auxiliar de data-alvo. | nenhuma variável auxiliar de data-alvo (('target', 'valid_time', 'target_month', 'forecast_time')) encontrada no dataset aberto — tentando Método B (semântica documentada do eixo forecast_period, Seção 4). | confirmado pela semântica documentada do eixo forecast_period (Método B, Seção 4/6): inicialização confirmada via SCALAR_COORD_ON_VARIABLE (status=OK_SCALAR_COORD), L.standard_name='forecast_period'/units='months', grade [0.5, 1.5, 2.5, 3.5, 4.5, 5.5] mensal confirmada, rota com forecast_period_semantics_documented=True.",CONFIRMED_BY_FORECAST_PERIOD_SEMANTICS,SCALAR_COORD_ON_VARIABLE,2006-07,2006-07,1,OK_SCALAR_COORD,RANGEEDGES,RANGEEDGES_WINDOW_COORDINATE_MATCH,2006-07-01 00:00:00; 2006-08-01 00:00:00,2006-07-01 00:00:00,"esquema=lead1_igual_mes_inicializacao, representação=NMME_HARMONIZED_MONTHLY",Fazendas_Sinobras_Centroide
2006-07,NOAA_NCEP,CFSv2,2006-07,3,2.5,2006-09,OK,"L.attrs contém termo(s) ['forecast_period'] — indica semântica de lead/target, mas isso sozinho não confirma o valor exato de H3 sem uma variável auxiliar de data-alvo. | nenhuma variável auxiliar de data-alvo (('target', 'valid_time', 'target_month', 'forecast_time')) encontrada no dataset aberto — tentando Método B (semântica documentada do eixo forecast_period, Seção 4). | confirmado pela semântica documentada do eixo forecast_period (Método B, Seção 4/6): inicialização confirmada via SCALAR_COORD_ON_VARIABLE (status=OK_SCALAR_COORD), L.standard_name='forecast_period'/units='months', grade [0.5, 1.5, 2.5, 3.5, 4.5, 5.5] mensal confirmada, rota com forecast_period_semantics_documented=True.",CONFIRMED_BY_FORECAST_PERIOD_SEMANTICS,SCALAR_COORD_ON_VARIABLE,2006-07,2006-07,1,OK_SCALAR_COORD,RANGEEDGES,RANGEEDGES_WINDOW_COORDINATE_MATCH,2006-07-01 00:00:00; 2006-08-01 00:00:00,2006-07-01 00:00:00,"esquema=lead1_igual_mes_inicializacao, representação=NMME_HARMONIZED_MONTHLY",Fazendas_Sinobras_Centroide
2006-07,NOAA_NCEP,CFSv2,2006-07,4,3.5,2006-10,OK,"L.attrs contém termo(s) ['forecast_period'] — indica semântica de lead/target, mas isso sozinho não confirma o valor exato de H4 sem uma variável auxiliar de data-alvo. | nenhuma variável auxiliar de data-alvo (('target', 'valid_time', 'target_month', 'forecast_time')) encontrada no dataset aberto — tentando Método B (semântica documentada do eixo forecast_period, Seção 4). | confirmado pela semântica documentada do eixo forecast_period (Método B, Seção 4/6): inicialização confirmada via SCALAR_COORD_ON_VARIABLE (status=OK_SCALAR_COORD), L.standard_name='forecast_period'/units='months', grade [0.5, 1.5, 2.5, 3.5, 4.5, 5.5] mensal confirmada, rota com forecast_period_semantics_documented=True.",CONFIRMED_BY_FORECAST_PERIOD_SEMANTICS,SCALAR_COORD_ON_VARIABLE,2006-07,2006-07,1,OK_SCALAR_COORD,RANGEEDGES,RANGEEDGES_WINDOW_COORDINATE_MATCH,2006-07-01 00:00:00; 2006-08-01 00:00:00,2006-07-01 00:00:00,"esquema=lead1_igual_mes_inicializacao, representação=NMME_HARMONIZED_MONTHLY",Fazendas_Sinobras_Centroide
2006-07,NOAA_NCEP,CFSv2,2006-07,5,4.5,2006-11,OK,"L.attrs contém termo(s) ['forecast_period'] — indica semântica de lead/target, mas isso sozinho não confirma o valor exato de H5 sem uma variável auxiliar de data-alvo. | nenhuma variável auxiliar de data-alvo (('target', 'valid_time', 'target_month', 'forecast_time')) encontrada no dataset aberto — tentando Método B (semântica documentada do eixo forecast_period, Seção 4). | confirmado pela semântica documentada do eixo forecast_period (Método B, Seção 4/6): inicialização confirmada via SCALAR_COORD_ON_VARIABLE (status=OK_SCALAR_COORD), L.standard_name='forecast_period'/units='months', grade [0.5, 1.5, 2.5, 3.5, 4.5, 5.5] mensal confirmada, rota com forecast_period_semantics_documented=True.",CONFIRMED_BY_FORECAST_PERIOD_SEMANTICS,SCALAR_COORD_ON_VARIABLE,2006-07,2006-07,1,OK_SCALAR_COORD,RANGEEDGES,RANGEEDGES_WINDOW_COORDINATE_MATCH,2006-07-01 00:00:00; 2006-08-01 00:00:00,2006-07-01 00:00:00,"esquema=lead1_igual_mes_inicializacao, representação=NMME_HARMONIZED_MONTHLY",Fazendas_Sinobras_Centroide
2006-07,NOAA_NCEP,CFSv2,2006-07,6,5.5,2006-12,OK,"L.attrs contém termo(s) ['forecast_period'] — indica semântica de lead/target, mas isso sozinho não confirma o valor exato de H6 sem uma variável auxiliar de data-alvo. | nenhuma variável auxiliar de data-alvo (('target', 'valid_time', 'target_month', 'forecast_time')) encontrada no dataset aberto — tentando Método B (semântica documentada do eixo forecast_period, Seção 4). | confirmado pela semântica documentada do eixo forecast_period (Método B, Seção 4/6): inicialização confirmada via SCALAR_COORD_ON_VARIABLE (status=OK_SCALAR_COORD), L.standard_name='forecast_period'/units='months', grade [0.5, 1.5, 2.5, 3.5, 4.5, 5.5] mensal confirmada, rota com forecast_period_semantics_documented=True.",CONFIRMED_BY_FORECAST_PERIOD_SEMANTICS,SCALAR_COORD_ON_VARIABLE,2006-07,2006-07,1,OK_SCALAR_COORD,RANGEEDGES,RANGEEDGES_WINDOW_COORDINATE_MATCH,2006-07-01 00:00:00; 2006-08-01 00:00:00,2006-07-01 00:00:00,"esquema=lead1_igual_mes_inicializacao, representação=NMME_HARMONIZED_MONTHLY",Fazendas_Sinobras_Centroide
2006-08,NOAA_NCEP,CFSv2,2006-08,1,0.5,2006-08,OK,"L.attrs contém termo(s) ['forecast_period'] — indica semântica de lead/target, mas isso sozinho não confirma o valor exato de H1 sem uma variável auxiliar de data-alvo. | nenhuma variável auxiliar de data-alvo (('target', 'valid_time', 'target_month', 'forecast_time')) encontrada no dataset aberto — tentando Método B (semântica documentada do eixo forecast_period, Seção 4). | confirmado pela semântica documentada do eixo forecast_period (Método B, Seção 4/6): inicialização confirmada via SCALAR_COORD_ON_VARIABLE (status=OK_SCALAR_COORD), L.standard_name='forecast_period'/units='months', grade [0.5, 1.5, 2.5, 3.5, 4.5, 5.5] mensal confirmada, rota com forecast_period_semantics_documented=True.",CONFIRMED_BY_FORECAST_PERIOD_SEMANTICS,SCALAR_COORD_ON_VARIABLE,2006-08,2006-08,1,OK_SCALAR_COORD,RANGEEDGES,RANGEEDGES_WINDOW_COORDINATE_MATCH,2006-08-01 00:00:00; 2006-09-01 00:00:00,2006-08-01 00:00:00,"esquema=lead1_igual_mes_inicializacao, representação=NMME_HARMONIZED_MONTHLY",Fazendas_Sinobras_Centroide
2006-08,NOAA_NCEP,CFSv2,2006-08,2,1.5,2006-09,OK,"L.attrs contém termo(s) ['forecast_period'] — indica semântica de lead/target, mas isso sozinho não confirma o valor exato de H2 sem uma variável auxiliar de data-alvo. | nenhuma variável auxiliar de data-alvo (('target', 'valid_time', 'target_month', 'forecast_time')) encontrada no dataset aberto — tentando Método B (semântica documentada do eixo forecast_period, Seção 4). | confirmado pela semântica documentada do eixo forecast_period (Método B, Seção 4/6): inicialização confirmada via SCALAR_COORD_ON_VARIABLE (status=OK_SCALAR_COORD), L.standard_name='forecast_period'/units='months', grade [0.5, 1.5, 2.5, 3.5, 4.5, 5.5] mensal confirmada, rota com forecast_period_semantics_documented=True.",CONFIRMED_BY_FORECAST_PERIOD_SEMANTICS,SCALAR_COORD_ON_VARIABLE,2006-08,2006-08,1,OK_SCALAR_COORD,RANGEEDGES,RANGEEDGES_WINDOW_COORDINATE_MATCH,2006-08-01 00:00:00; 2006-09-01 00:00:00,2006-08-01 00:00:00,"esquema=lead1_igual_mes_inicializacao, representação=NMME_HARMONIZED_MONTHLY",Fazendas_Sinobras_Centroide
2006-08,NOAA_NCEP,CFSv2,2006-08,3,2.5,2006-10,OK,"L.attrs contém termo(s) ['forecast_period'] — indica semântica de lead/target, mas isso sozinho não confirma o valor exato de H3 sem uma variável auxiliar de data-alvo. | nenhuma variável auxiliar de data-alvo (('target', 'valid_time', 'target_month', 'forecast_time')) encontrada no dataset aberto — tentando Método B (semântica documentada do eixo forecast_period, Seção 4). | confirmado pela semântica documentada do eixo forecast_period (Método B, Seção 4/6): inicialização confirmada via SCALAR_COORD_ON_VARIABLE (status=OK_SCALAR_COORD), L.standard_name='forecast_period'/units='months', grade [0.5, 1.5, 2.5, 3.5, 4.5, 5.5] mensal confirmada, rota com forecast_period_semantics_documented=True.",CONFIRMED_BY_FORECAST_PERIOD_SEMANTICS,SCALAR_COORD_ON_VARIABLE,2006-08,2006-08,1,OK_SCALAR_COORD,RANGEEDGES,RANGEEDGES_WINDOW_COORDINATE_MATCH,2006-08-01 00:00:00; 2006-09-01 00:00:00,2006-08-01 00:00:00,"esquema=lead1_igual_mes_inicializacao, representação=NMME_HARMONIZED_MONTHLY",Fazendas_Sinobras_Centroide
2006-08,NOAA_NCEP,CFSv2,2006-08,4,3.5,2006-11,OK,"L.attrs contém termo(s) ['forecast_period'] — indica semântica de lead/target, mas isso sozinho não confirma o valor exato de H4 sem uma variável auxiliar de data-alvo. | nenhuma variável auxiliar de data-alvo (('target', 'valid_time', 'target_month', 'forecast_time')) encontrada no dataset aberto — tentando Método B (semântica documentada do eixo forecast_period, Seção 4). | confirmado pela semântica documentada do eixo forecast_period (Método B, Seção 4/6): inicialização confirmada via SCALAR_COORD_ON_VARIABLE (status=OK_SCALAR_COORD), L.standard_name='forecast_period'/units='months', grade [0.5, 1.5, 2.5, 3.5, 4.5, 5.5] mensal confirmada, rota com forecast_period_semantics_documented=True.",CONFIRMED_BY_FORECAST_PERIOD_SEMANTICS,SCALAR_COORD_ON_VARIABLE,2006-08,2006-08,1,OK_SCALAR_COORD,RANGEEDGES,RANGEEDGES_WINDOW_COORDINATE_MATCH,2006-08-01 00:00:00; 2006-09-01 00:00:00,2006-08-01 00:00:00,"esquema=lead1_igual_mes_inicializacao, representação=NMME_HARMONIZED_MONTHLY",Fazendas_Sinobras_Centroide
2006-08,NOAA_NCEP,CFSv2,2006-08,5,4.5,2006-12,OK,"L.attrs contém termo(s) ['forecast_period'] — indica semântica de lead/target, mas isso sozinho não confirma o valor exato de H5 sem uma variável auxiliar de data-alvo. | nenhuma variável auxiliar de data-alvo (('target', 'valid_time', 'target_month', 'forecast_time')) encontrada no dataset aberto — tentando Método B (semântica documentada do eixo forecast_period, Seção 4). | confirmado pela semântica documentada do eixo forecast_period (Método B, Seção 4/6): inicialização confirmada via SCALAR_COORD_ON_VARIABLE (status=OK_SCALAR_COORD), L.standard_name='forecast_period'/units='months', grade [0.5, 1.5, 2.5, 3.5, 4.5, 5.5] mensal confirmada, rota com forecast_period_semantics_documented=True.",CONFIRMED_BY_FORECAST_PERIOD_SEMANTICS,SCALAR_COORD_ON_VARIABLE,2006-08,2006-08,1,OK_SCALAR_COORD,RANGEEDGES,RANGEEDGES_WINDOW_COORDINATE_MATCH,2006-08-01 00:00:00; 2006-09-01 00:00:00,2006-08-01 00:00:00,"esquema=lead1_igual_mes_inicializacao, representação=NMME_HARMONIZED_MONTHLY",Fazendas_Sinobras_Centroide
2006-08,NOAA_NCEP,CFSv2,2006-08,6,5.5,2007-01,OK,"L.attrs contém termo(s) ['forecast_period'] — indica semântica de lead/target, mas isso sozinho não confirma o valor exato de H6 sem uma variável auxiliar de data-alvo. | nenhuma variável auxiliar de data-alvo (('target', 'valid_time', 'target_month', 'forecast_time')) encontrada no dataset aberto — tentando Método B (semântica documentada do eixo forecast_period, Seção 4). | confirmado pela semântica documentada do eixo forecast_period (Método B, Seção 4/6): inicialização confirmada via SCALAR_COORD_ON_VARIABLE (status=OK_SCALAR_COORD), L.standard_name='forecast_period'/units='months', grade [0.5, 1.5, 2.5, 3.5, 4.5, 5.5] mensal confirmada, rota com forecast_period_semantics_documented=True.",CONFIRMED_BY_FORECAST_PERIOD_SEMANTICS,SCALAR_COORD_ON_VARIABLE,2006-08,2006-08,1,OK_SCALAR_COORD,RANGEEDGES,RANGEEDGES_WINDOW_COORDINATE_MATCH,2006-08-01 00:00:00; 2006-09-01 00:00:00,2006-08-01 00:00:00,"esquema=lead1_igual_mes_inicializacao, representação=NMME_HARMONIZED_MONTHLY",Fazendas_Sinobras_Centroide
2006-09,NOAA_NCEP,CFSv2,2006-09,1,0.5,2006-09,OK,"L.attrs contém termo(s) ['forecast_period'] — indica semântica de lead/target, mas isso sozinho não confirma o valor exato de H1 sem uma variável auxiliar de data-alvo. | nenhuma variável auxiliar de data-alvo (('target', 'valid_time', 'target_month', 'forecast_time')) encontrada no dataset aberto — tentando Método B (semântica documentada do eixo forecast_period, Seção 4). | confirmado pela semântica documentada do eixo forecast_period (Método B, Seção 4/6): inicialização confirmada via SCALAR_COORD_ON_VARIABLE (status=OK_SCALAR_COORD), L.standard_name='forecast_period'/units='months', grade [0.5, 1.5, 2.5, 3.5, 4.5, 5.5] mensal confirmada, rota com forecast_period_semantics_documented=True.",CONFIRMED_BY_FORECAST_PERIOD_SEMANTICS,SCALAR_COORD_ON_VARIABLE,2006-09,2006-09,1,OK_SCALAR_COORD,RANGEEDGES,RANGEEDGES_WINDOW_COORDINATE_MATCH,2006-09-01 00:00:00; 2006-10-01 00:00:00,2006-09-01 00:00:00,"esquema=lead1_igual_mes_inicializacao, representação=NMME_HARMONIZED_MONTHLY",Fazendas_Sinobras_Centroide
2006-09,NOAA_NCEP,CFSv2,2006-09,2,1.5,2006-10,OK,"L.attrs contém termo(s) ['forecast_period'] — indica semântica de lead/target, mas isso sozinho não confirma o valor exato de H2 sem uma variável auxiliar de data-alvo. | nenhuma variável auxiliar de data-alvo (('target', 'valid_time', 'target_month', 'forecast_time')) encontrada no dataset aberto — tentando Método B (semântica documentada do eixo forecast_period, Seção 4). | confirmado pela semântica documentada do eixo forecast_period (Método B, Seção 4/6): inicialização confirmada via SCALAR_COORD_ON_VARIABLE (status=OK_SCALAR_COORD), L.standard_name='forecast_period'/units='months', grade [0.5, 1.5, 2.5, 3.5, 4.5, 5.5] mensal confirmada, rota com forecast_period_semantics_documented=True.",CONFIRMED_BY_FORECAST_PERIOD_SEMANTICS,SCALAR_COORD_ON_VARIABLE,2006-09,2006-09,1,OK_SCALAR_COORD,RANGEEDGES,RANGEEDGES_WINDOW_COORDINATE_MATCH,2006-09-01 00:00:00; 2006-10-01 00:00:00,2006-09-01 00:00:00,"esquema=lead1_igual_mes_inicializacao, representação=NMME_HARMONIZED_MONTHLY",Fazendas_Sinobras_Centroide
2006-09,NOAA_NCEP,CFSv2,2006-09,3,2.5,2006-11,OK,"L.attrs contém termo(s) ['forecast_period'] — indica semântica de lead/target, mas isso sozinho não confirma o valor exato de H3 sem uma variável auxiliar de data-alvo. | nenhuma variável auxiliar de data-alvo (('target', 'valid_time', 'target_month', 'forecast_time')) encontrada no dataset aberto — tentando Método B (semântica documentada do eixo forecast_period, Seção 4). | confirmado pela semântica documentada do eixo forecast_period (Método B, Seção 4/6): inicialização confirmada via SCALAR_COORD_ON_VARIABLE (status=OK_SCALAR_COORD), L.standard_name='forecast_period'/units='months', grade [0.5, 1.5, 2.5, 3.5, 4.5, 5.5] mensal confirmada, rota com forecast_period_semantics_documented=True.",CONFIRMED_BY_FORECAST_PERIOD_SEMANTICS,SCALAR_COORD_ON_VARIABLE,2006-09,2006-09,1,OK_SCALAR_COORD,RANGEEDGES,RANGEEDGES_WINDOW_COORDINATE_MATCH,2006-09-01 00:00:00; 2006-10-01 00:00:00,2006-09-01 00:00:00,"esquema=lead1_igual_mes_inicializacao, representação=NMME_HARMONIZED_MONTHLY",Fazendas_Sinobras_Centroide
2006-09,NOAA_NCEP,CFSv2,2006-09,4,3.5,2006-12,OK,"L.attrs contém termo(s) ['forecast_period'] — indica semântica de lead/target, mas isso sozinho não confirma o valor exato de H4 sem uma variável auxiliar de data-alvo. | nenhuma variável auxiliar de data-alvo (('target', 'valid_time', 'target_month', 'forecast_time')) encontrada no dataset aberto — tentando Método B (semântica documentada do eixo forecast_period, Seção 4). | confirmado pela semântica documentada do eixo forecast_period (Método B, Seção 4/6): inicialização confirmada via SCALAR_COORD_ON_VARIABLE (status=OK_SCALAR_COORD), L.standard_name='forecast_period'/units='months', grade [0.5, 1.5, 2.5, 3.5, 4.5, 5.5] mensal confirmada, rota com forecast_period_semantics_documented=True.",CONFIRMED_BY_FORECAST_PERIOD_SEMANTICS,SCALAR_COORD_ON_VARIABLE,2006-09,2006-09,1,OK_SCALAR_COORD,RANGEEDGES,RANGEEDGES_WINDOW_COORDINATE_MATCH,2006-09-01 00:00:00; 2006-10-01 00:00:00,2006-09-01 00:00:00,"esquema=lead1_igual_mes_inicializacao, representação=NMME_HARMONIZED_MONTHLY",Fazendas_Sinobras_Centroide
2006-09,NOAA_NCEP,CFSv2,2006-09,5,4.5,2007-01,OK,"L.attrs contém termo(s) ['forecast_period'] — indica semântica de lead/target, mas isso sozinho não confirma o valor exato de H5 sem uma variável auxiliar de data-alvo. | nenhuma variável auxiliar de data-alvo (('target', 'valid_time', 'target_month', 'forecast_time')) encontrada no dataset aberto — tentando Método B (semântica documentada do eixo forecast_period, Seção 4). | confirmado pela semântica documentada do eixo forecast_period (Método B, Seção 4/6): inicialização confirmada via SCALAR_COORD_ON_VARIABLE (status=OK_SCALAR_COORD), L.standard_name='forecast_period'/units='months', grade [0.5, 1.5, 2.5, 3.5, 4.5, 5.5] mensal confirmada, rota com forecast_period_semantics_documented=True.",CONFIRMED_BY_FORECAST_PERIOD_SEMANTICS,SCALAR_COORD_ON_VARIABLE,2006-09,2006-09,1,OK_SCALAR_COORD,RANGEEDGES,RANGEEDGES_WINDOW_COORDINATE_MATCH,2006-09-01 00:00:00; 2006-10-01 00:00:00,2006-09-01 00:00:00,"esquema=lead1_igual_mes_inicializacao, representação=NMME_HARMONIZED_MONTHLY",Fazendas_Sinobras_Centroide
2006-09,NOAA_NCEP,CFSv2,2006-09,6,5.5,2007-02,OK,"L.attrs contém termo(s) ['forecast_period'] — indica semântica de lead/target, mas isso sozinho não confirma o valor exato de H6 sem uma variável auxiliar de data-alvo. | nenhuma variável auxiliar de data-alvo (('target', 'valid_time', 'target_month', 'forecast_time')) encontrada no dataset aberto — tentando Método B (semântica documentada do eixo forecast_period, Seção 4). | confirmado pela semântica documentada do eixo forecast_period (Método B, Seção 4/6): inicialização confirmada via SCALAR_COORD_ON_VARIABLE (status=OK_SCALAR_COORD), L.standard_name='forecast_period'/units='months', grade [0.5, 1.5, 2.5, 3.5, 4.5, 5.5] mensal confirmada, rota com forecast_period_semantics_documented=True.",CONFIRMED_BY_FORECAST_PERIOD_SEMANTICS,SCALAR_COORD_ON_VARIABLE,2006-09,2006-09,1,OK_SCALAR_COORD,RANGEEDGES,RANGEEDGES_WINDOW_COORDINATE_MATCH,2006-09-01 00:00:00; 2006-10-01 00:00:00,2006-09-01 00:00:00,"esquema=lead1_igual_mes_inicializacao, representação=NMME_HARMONIZED_MONTHLY",Fazendas_Sinobras_Centroide
2006-10,NOAA_NCEP,CFSv2,2006-10,1,0.5,2006-10,OK,"L.attrs contém termo(s) ['forecast_period'] — indica semântica de lead/target, mas isso sozinho não confirma o valor exato de H1 sem uma variável auxiliar de data-alvo. | nenhuma variável auxiliar de data-alvo (('target', 'valid_time', 'target_month', 'forecast_time')) encontrada no dataset aberto — tentando Método B (semântica documentada do eixo forecast_period, Seção 4). | confirmado pela semântica documentada do eixo forecast_period (Método B, Seção 4/6): inicialização confirmada via SCALAR_COORD_ON_VARIABLE (status=OK_SCALAR_COORD), L.standard_name='forecast_period'/units='months', grade [0.5, 1.5, 2.5, 3.5, 4.5, 5.5] mensal confirmada, rota com forecast_period_semantics_documented=True.",CONFIRMED_BY_FORECAST_PERIOD_SEMANTICS,SCALAR_COORD_ON_VARIABLE,2006-10,2006-10,1,OK_SCALAR_COORD,RANGEEDGES,RANGEEDGES_WINDOW_COORDINATE_MATCH,2006-10-01 00:00:00; 2006-11-01 00:00:00,2006-10-01 00:00:00,"esquema=lead1_igual_mes_inicializacao, representação=NMME_HARMONIZED_MONTHLY",Fazendas_Sinobras_Centroide
2006-10,NOAA_NCEP,CFSv2,2006-10,2,1.5,2006-11,OK,"L.attrs contém termo(s) ['forecast_period'] — indica semântica de lead/target, mas isso sozinho não confirma o valor exato de H2 sem uma variável auxiliar de data-alvo. | nenhuma variável auxiliar de data-alvo (('target', 'valid_time', 'target_month', 'forecast_time')) encontrada no dataset aberto — tentando Método B (semântica documentada do eixo forecast_period, Seção 4). | confirmado pela semântica documentada do eixo forecast_period (Método B, Seção 4/6): inicialização confirmada via SCALAR_COORD_ON_VARIABLE (status=OK_SCALAR_COORD), L.standard_name='forecast_period'/units='months', grade [0.5, 1.5, 2.5, 3.5, 4.5, 5.5] mensal confirmada, rota com forecast_period_semantics_documented=True.",CONFIRMED_BY_FORECAST_PERIOD_SEMANTICS,SCALAR_COORD_ON_VARIABLE,2006-10,2006-10,1,OK_SCALAR_COORD,RANGEEDGES,RANGEEDGES_WINDOW_COORDINATE_MATCH,2006-10-01 00:00:00; 2006-11-01 00:00:00,2006-10-01 00:00:00,"esquema=lead1_igual_mes_inicializacao, representação=NMME_HARMONIZED_MONTHLY",Fazendas_Sinobras_Centroide
2006-10,NOAA_NCEP,CFSv2,2006-10,3,2.5,2006-12,OK,"L.attrs contém termo(s) ['forecast_period'] — indica semântica de lead/target, mas isso sozinho não confirma o valor exato de H3 sem uma variável auxiliar de data-alvo. | nenhuma variável auxiliar de data-alvo (('target', 'valid_time', 'target_month', 'forecast_time')) encontrada no dataset aberto — tentando Método B (semântica documentada do eixo forecast_period, Seção 4). | confirmado pela semântica documentada do eixo forecast_period (Método B, Seção 4/6): inicialização confirmada via SCALAR_COORD_ON_VARIABLE (status=OK_SCALAR_COORD), L.standard_name='forecast_period'/units='months', grade [0.5, 1.5, 2.5, 3.5, 4.5, 5.5] mensal confirmada, rota com forecast_period_semantics_documented=True.",CONFIRMED_BY_FORECAST_PERIOD_SEMANTICS,SCALAR_COORD_ON_VARIABLE,2006-10,2006-10,1,OK_SCALAR_COORD,RANGEEDGES,RANGEEDGES_WINDOW_COORDINATE_MATCH,2006-10-01 00:00:00; 2006-11-01 00:00:00,2006-10-01 00:00:00,"esquema=lead1_igual_mes_inicializacao, representação=NMME_HARMONIZED_MONTHLY",Fazendas_Sinobras_Centroide
2006-10,NOAA_NCEP,CFSv2,2006-10,4,3.5,2007-01,OK,"L.attrs contém termo(s) ['forecast_period'] — indica semântica de lead/target, mas isso sozinho não confirma o valor exato de H4 sem uma variável auxiliar de data-alvo. | nenhuma variável auxiliar de data-alvo (('target', 'valid_time', 'target_month', 'forecast_time')) encontrada no dataset aberto — tentando Método B (semântica documentada do eixo forecast_period, Seção 4). | confirmado pela semântica documentada do eixo forecast_period (Método B, Seção 4/6): inicialização confirmada via SCALAR_COORD_ON_VARIABLE (status=OK_SCALAR_COORD), L.standard_name='forecast_period'/units='months', grade [0.5, 1.5, 2.5, 3.5, 4.5, 5.5] mensal confirmada, rota com forecast_period_semantics_documented=True.",CONFIRMED_BY_FORECAST_PERIOD_SEMANTICS,SCALAR_COORD_ON_VARIABLE,2006-10,2006-10,1,OK_SCALAR_COORD,RANGEEDGES,RANGEEDGES_WINDOW_COORDINATE_MATCH,2006-10-01 00:00:00; 2006-11-01 00:00:00,2006-10-01 00:00:00,"esquema=lead1_igual_mes_inicializacao, representação=NMME_HARMONIZED_MONTHLY",Fazendas_Sinobras_Centroide
2006-10,NOAA_NCEP,CFSv2,2006-10,5,4.5,2007-02,OK,"L.attrs contém termo(s) ['forecast_period'] — indica semântica de lead/target, mas isso sozinho não confirma o valor exato de H5 sem uma variável auxiliar de data-alvo. | nenhuma variável auxiliar de data-alvo (('target', 'valid_time', 'target_month', 'forecast_time')) encontrada no dataset aberto — tentando Método B (semântica documentada do eixo forecast_period, Seção 4). | confirmado pela semântica documentada do eixo forecast_period (Método B, Seção 4/6): inicialização confirmada via SCALAR_COORD_ON_VARIABLE (status=OK_SCALAR_COORD), L.standard_name='forecast_period'/units='months', grade [0.5, 1.5, 2.5, 3.5, 4.5, 5.5] mensal confirmada, rota com forecast_period_semantics_documented=True.",CONFIRMED_BY_FORECAST_PERIOD_SEMANTICS,SCALAR_COORD_ON_VARIABLE,2006-10,2006-10,1,OK_SCALAR_COORD,RANGEEDGES,RANGEEDGES_WINDOW_COORDINATE_MATCH,2006-10-01 00:00:00; 2006-11-01 00:00:00,2006-10-01 00:00:00,"esquema=lead1_igual_mes_inicializacao, representação=NMME_HARMONIZED_MONTHLY",Fazendas_Sinobras_Centroide
2006-10,NOAA_NCEP,CFSv2,2006-10,6,5.5,2007-03,OK,"L.attrs contém termo(s) ['forecast_period'] — indica semântica de lead/target, mas isso sozinho não confirma o valor exato de H6 sem uma variável auxiliar de data-alvo. | nenhuma variável auxiliar de data-alvo (('target', 'valid_time', 'target_month', 'forecast_time')) encontrada no dataset aberto — tentando Método B (semântica documentada do eixo forecast_period, Seção 4). | confirmado pela semântica documentada do eixo forecast_period (Método B, Seção 4/6): inicialização confirmada via SCALAR_COORD_ON_VARIABLE (status=OK_SCALAR_COORD), L.standard_name='forecast_period'/units='months', grade [0.5, 1.5, 2.5, 3.5, 4.5, 5.5] mensal confirmada, rota com forecast_period_semantics_documented=True.",CONFIRMED_BY_FORECAST_PERIOD_SEMANTICS,SCALAR_COORD_ON_VARIABLE,2006-10,2006-10,1,OK_SCALAR_COORD,RANGEEDGES,RANGEEDGES_WINDOW_COORDINATE_MATCH,2006-10-01 00:00:00; 2006-11-01 00:00:00,2006-10-01 00:00:00,"esquema=lead1_igual_mes_inicializacao, representação=NMME_HARMONIZED_MONTHLY",Fazendas_Sinobras_Centroide
2006-11,NOAA_NCEP,CFSv2,2006-11,1,0.5,2006-11,OK,"L.attrs contém termo(s) ['forecast_period'] — indica semântica de lead/target, mas isso sozinho não confirma o valor exato de H1 sem uma variável auxiliar de data-alvo. | nenhuma variável auxiliar de data-alvo (('target', 'valid_time', 'target_month', 'forecast_time')) encontrada no dataset aberto — tentando Método B (semântica documentada do eixo forecast_period, Seção 4). | confirmado pela semântica documentada do eixo forecast_period (Método B, Seção 4/6): inicialização confirmada via SCALAR_COORD_ON_VARIABLE (status=OK_SCALAR_COORD), L.standard_name='forecast_period'/units='months', grade [0.5, 1.5, 2.5, 3.5, 4.5, 5.5] mensal confirmada, rota com forecast_period_semantics_documented=True.",CONFIRMED_BY_FORECAST_PERIOD_SEMANTICS,SCALAR_COORD_ON_VARIABLE,2006-11,2006-11,1,OK_SCALAR_COORD,RANGEEDGES,RANGEEDGES_WINDOW_COORDINATE_MATCH,2006-11-01 00:00:00; 2006-12-01 00:00:00,2006-11-01 00:00:00,"esquema=lead1_igual_mes_inicializacao, representação=NMME_HARMONIZED_MONTHLY",Fazendas_Sinobras_Centroide
2006-11,NOAA_NCEP,CFSv2,2006-11,2,1.5,2006-12,OK,"L.attrs contém termo(s) ['forecast_period'] — indica semântica de lead/target, mas isso sozinho não confirma o valor exato de H2 sem uma variável auxiliar de data-alvo. | nenhuma variável auxiliar de data-alvo (('target', 'valid_time', 'target_month', 'forecast_time')) encontrada no dataset aberto — tentando Método B (semântica documentada do eixo forecast_period, Seção 4). | confirmado pela semântica documentada do eixo forecast_period (Método B, Seção 4/6): inicialização confirmada via SCALAR_COORD_ON_VARIABLE (status=OK_SCALAR_COORD), L.standard_name='forecast_period'/units='months', grade [0.5, 1.5, 2.5, 3.5, 4.5, 5.5] mensal confirmada, rota com forecast_period_semantics_documented=True.",CONFIRMED_BY_FORECAST_PERIOD_SEMANTICS,SCALAR_COORD_ON_VARIABLE,2006-11,2006-11,1,OK_SCALAR_COORD,RANGEEDGES,RANGEEDGES_WINDOW_COORDINATE_MATCH,2006-11-01 00:00:00; 2006-12-01 00:00:00,2006-11-01 00:00:00,"esquema=lead1_igual_mes_inicializacao, representação=NMME_HARMONIZED_MONTHLY",Fazendas_Sinobras_Centroide
2006-11,NOAA_NCEP,CFSv2,2006-11,3,2.5,2007-01,OK,"L.attrs contém termo(s) ['forecast_period'] — indica semântica de lead/target, mas isso sozinho não confirma o valor exato de H3 sem uma variável auxiliar de data-alvo. | nenhuma variável auxiliar de data-alvo (('target', 'valid_time', 'target_month', 'forecast_time')) encontrada no dataset aberto — tentando Método B (semântica documentada do eixo forecast_period, Seção 4). | confirmado pela semântica documentada do eixo forecast_period (Método B, Seção 4/6): inicialização confirmada via SCALAR_COORD_ON_VARIABLE (status=OK_SCALAR_COORD), L.standard_name='forecast_period'/units='months', grade [0.5, 1.5, 2.5, 3.5, 4.5, 5.5] mensal confirmada, rota com forecast_period_semantics_documented=True.",CONFIRMED_BY_FORECAST_PERIOD_SEMANTICS,SCALAR_COORD_ON_VARIABLE,2006-11,2006-11,1,OK_SCALAR_COORD,RANGEEDGES,RANGEEDGES_WINDOW_COORDINATE_MATCH,2006-11-01 00:00:00; 2006-12-01 00:00:00,2006-11-01 00:00:00,"esquema=lead1_igual_mes_inicializacao, representação=NMME_HARMONIZED_MONTHLY",Fazendas_Sinobras_Centroide
2006-11,NOAA_NCEP,CFSv2,2006-11,4,3.5,2007-02,OK,"L.attrs contém termo(s) ['forecast_period'] — indica semântica de lead/target, mas isso sozinho não confirma o valor exato de H4 sem uma variável auxiliar de data-alvo. | nenhuma variável auxiliar de data-alvo (('target', 'valid_time', 'target_month', 'forecast_time')) encontrada no dataset aberto — tentando Método B (semântica documentada do eixo forecast_period, Seção 4). | confirmado pela semântica documentada do eixo forecast_period (Método B, Seção 4/6): inicialização confirmada via SCALAR_COORD_ON_VARIABLE (status=OK_SCALAR_COORD), L.standard_name='forecast_period'/units='months', grade [0.5, 1.5, 2.5, 3.5, 4.5, 5.5] mensal confirmada, rota com forecast_period_semantics_documented=True.",CONFIRMED_BY_FORECAST_PERIOD_SEMANTICS,SCALAR_COORD_ON_VARIABLE,2006-11,2006-11,1,OK_SCALAR_COORD,RANGEEDGES,RANGEEDGES_WINDOW_COORDINATE_MATCH,2006-11-01 00:00:00; 2006-12-01 00:00:00,2006-11-01 00:00:00,"esquema=lead1_igual_mes_inicializacao, representação=NMME_HARMONIZED_MONTHLY",Fazendas_Sinobras_Centroide
2006-11,NOAA_NCEP,CFSv2,2006-11,5,4.5,2007-03,OK,"L.attrs contém termo(s) ['forecast_period'] — indica semântica de lead/target, mas isso sozinho não confirma o valor exato de H5 sem uma variável auxiliar de data-alvo. | nenhuma variável auxiliar de data-alvo (('target', 'valid_time', 'target_month', 'forecast_time')) encontrada no dataset aberto — tentando Método B (semântica documentada do eixo forecast_period, Seção 4). | confirmado pela semântica documentada do eixo forecast_period (Método B, Seção 4/6): inicialização confirmada via SCALAR_COORD_ON_VARIABLE (status=OK_SCALAR_COORD), L.standard_name='forecast_period'/units='months', grade [0.5, 1.5, 2.5, 3.5, 4.5, 5.5] mensal confirmada, rota com forecast_period_semantics_documented=True.",CONFIRMED_BY_FORECAST_PERIOD_SEMANTICS,SCALAR_COORD_ON_VARIABLE,2006-11,2006-11,1,OK_SCALAR_COORD,RANGEEDGES,RANGEEDGES_WINDOW_COORDINATE_MATCH,2006-11-01 00:00:00; 2006-12-01 00:00:00,2006-11-01 00:00:00,"esquema=lead1_igual_mes_inicializacao, representação=NMME_HARMONIZED_MONTHLY",Fazendas_Sinobras_Centroide
2006-11,NOAA_NCEP,CFSv2,2006-11,6,5.5,2007-04,OK,"L.attrs contém termo(s) ['forecast_period'] — indica semântica de lead/target, mas isso sozinho não confirma o valor exato de H6 sem uma variável auxiliar de data-alvo. | nenhuma variável auxiliar de data-alvo (('target', 'valid_time', 'target_month', 'forecast_time')) encontrada no dataset aberto — tentando Método B (semântica documentada do eixo forecast_period, Seção 4). | confirmado pela semântica documentada do eixo forecast_period (Método B, Seção 4/6): inicialização confirmada via SCALAR_COORD_ON_VARIABLE (status=OK_SCALAR_COORD), L.standard_name='forecast_period'/units='months', grade [0.5, 1.5, 2.5, 3.5, 4.5, 5.5] mensal confirmada, rota com forecast_period_semantics_documented=True.",CONFIRMED_BY_FORECAST_PERIOD_SEMANTICS,SCALAR_COORD_ON_VARIABLE,2006-11,2006-11,1,OK_SCALAR_COORD,RANGEEDGES,RANGEEDGES_WINDOW_COORDINATE_MATCH,2006-11-01 00:00:00; 2006-12-01 00:00:00,2006-11-01 00:00:00,"esquema=lead1_igual_mes_inicializacao, representação=NMME_HARMONIZED_MONTHLY",Fazendas_Sinobras_Centroide
2006-12,NOAA_NCEP,CFSv2,2006-12,1,0.5,2006-12,OK,"L.attrs contém termo(s) ['forecast_period'] — indica semântica de lead/target, mas isso sozinho não confirma o valor exato de H1 sem uma variável auxiliar de data-alvo. | nenhuma variável auxiliar de data-alvo (('target', 'valid_time', 'target_month', 'forecast_time')) encontrada no dataset aberto — tentando Método B (semântica documentada do eixo forecast_period, Seção 4). | confirmado pela semântica documentada do eixo forecast_period (Método B, Seção 4/6): inicialização confirmada via SCALAR_COORD_ON_VARIABLE (status=OK_SCALAR_COORD), L.standard_name='forecast_period'/units='months', grade [0.5, 1.5, 2.5, 3.5, 4.5, 5.5] mensal confirmada, rota com forecast_period_semantics_documented=True.",CONFIRMED_BY_FORECAST_PERIOD_SEMANTICS,SCALAR_COORD_ON_VARIABLE,2006-12,2006-12,1,OK_SCALAR_COORD,RANGEEDGES,RANGEEDGES_WINDOW_COORDINATE_MATCH,2006-12-01 00:00:00; 2007-01-01 00:00:00,2006-12-01 00:00:00,"esquema=lead1_igual_mes_inicializacao, representação=NMME_HARMONIZED_MONTHLY",Fazendas_Sinobras_Centroide
2006-12,NOAA_NCEP,CFSv2,2006-12,2,1.5,2007-01,OK,"L.attrs contém termo(s) ['forecast_period'] — indica semântica de lead/target, mas isso sozinho não confirma o valor exato de H2 sem uma variável auxiliar de data-alvo. | nenhuma variável auxiliar de data-alvo (('target', 'valid_time', 'target_month', 'forecast_time')) encontrada no dataset aberto — tentando Método B (semântica documentada do eixo forecast_period, Seção 4). | confirmado pela semântica documentada do eixo forecast_period (Método B, Seção 4/6): inicialização confirmada via SCALAR_COORD_ON_VARIABLE (status=OK_SCALAR_COORD), L.standard_name='forecast_period'/units='months', grade [0.5, 1.5, 2.5, 3.5, 4.5, 5.5] mensal confirmada, rota com forecast_period_semantics_documented=True.",CONFIRMED_BY_FORECAST_PERIOD_SEMANTICS,SCALAR_COORD_ON_VARIABLE,2006-12,2006-12,1,OK_SCALAR_COORD,RANGEEDGES,RANGEEDGES_WINDOW_COORDINATE_MATCH,2006-12-01 00:00:00; 2007-01-01 00:00:00,2006-12-01 00:00:00,"esquema=lead1_igual_mes_inicializacao, representação=NMME_HARMONIZED_MONTHLY",Fazendas_Sinobras_Centroide
2006-12,NOAA_NCEP,CFSv2,2006-12,3,2.5,2007-02,OK,"L.attrs contém termo(s) ['forecast_period'] — indica semântica de lead/target, mas isso sozinho não confirma o valor exato de H3 sem uma variável auxiliar de data-alvo. | nenhuma variável auxiliar de data-alvo (('target', 'valid_time', 'target_month', 'forecast_time')) encontrada no dataset aberto — tentando Método B (semântica documentada do eixo forecast_period, Seção 4). | confirmado pela semântica documentada do eixo forecast_period (Método B, Seção 4/6): inicialização confirmada via SCALAR_COORD_ON_VARIABLE (status=OK_SCALAR_COORD), L.standard_name='forecast_period'/units='months', grade [0.5, 1.5, 2.5, 3.5, 4.5, 5.5] mensal confirmada, rota com forecast_period_semantics_documented=True.",CONFIRMED_BY_FORECAST_PERIOD_SEMANTICS,SCALAR_COORD_ON_VARIABLE,2006-12,2006-12,1,OK_SCALAR_COORD,RANGEEDGES,RANGEEDGES_WINDOW_COORDINATE_MATCH,2006-12-01 00:00:00; 2007-01-01 00:00:00,2006-12-01 00:00:00,"esquema=lead1_igual_mes_inicializacao, representação=NMME_HARMONIZED_MONTHLY",Fazendas_Sinobras_Centroide
2006-12,NOAA_NCEP,CFSv2,2006-12,4,3.5,2007-03,OK,"L.attrs contém termo(s) ['forecast_period'] — indica semântica de lead/target, mas isso sozinho não confirma o valor exato de H4 sem uma variável auxiliar de data-alvo. | nenhuma variável auxiliar de data-alvo (('target', 'valid_time', 'target_month', 'forecast_time')) encontrada no dataset aberto — tentando Método B (semântica documentada do eixo forecast_period, Seção 4). | confirmado pela semântica documentada do eixo forecast_period (Método B, Seção 4/6): inicialização confirmada via SCALAR_COORD_ON_VARIABLE (status=OK_SCALAR_COORD), L.standard_name='forecast_period'/units='months', grade [0.5, 1.5, 2.5, 3.5, 4.5, 5.5] mensal confirmada, rota com forecast_period_semantics_documented=True.",CONFIRMED_BY_FORECAST_PERIOD_SEMANTICS,SCALAR_COORD_ON_VARIABLE,2006-12,2006-12,1,OK_SCALAR_COORD,RANGEEDGES,RANGEEDGES_WINDOW_COORDINATE_MATCH,2006-12-01 00:00:00; 2007-01-01 00:00:00,2006-12-01 00:00:00,"esquema=lead1_igual_mes_inicializacao, representação=NMME_HARMONIZED_MONTHLY",Fazendas_Sinobras_Centroide
2006-12,NOAA_NCEP,CFSv2,2006-12,5,4.5,2007-04,OK,"L.attrs contém termo(s) ['forecast_period'] — indica semântica de lead/target, mas isso sozinho não confirma o valor exato de H5 sem uma variável auxiliar de data-alvo. | nenhuma variável auxiliar de data-alvo (('target', 'valid_time', 'target_month', 'forecast_time')) encontrada no dataset aberto — tentando Método B (semântica documentada do eixo forecast_period, Seção 4). | confirmado pela semântica documentada do eixo forecast_period (Método B, Seção 4/6): inicialização confirmada via SCALAR_COORD_ON_VARIABLE (status=OK_SCALAR_COORD), L.standard_name='forecast_period'/units='months', grade [0.5, 1.5, 2.5, 3.5, 4.5, 5.5] mensal confirmada, rota com forecast_period_semantics_documented=True.",CONFIRMED_BY_FORECAST_PERIOD_SEMANTICS,SCALAR_COORD_ON_VARIABLE,2006-12,2006-12,1,OK_SCALAR_COORD,RANGEEDGES,RANGEEDGES_WINDOW_COORDINATE_MATCH,2006-12-01 00:00:00; 2007-01-01 00:00:00,2006-12-01 00:00:00,"esquema=lead1_igual_mes_inicializacao, representação=NMME_HARMONIZED_MONTHLY",Fazendas_Sinobras_Centroide
2006-12,NOAA_NCEP,CFSv2,2006-12,6,5.5,2007-05,OK,"L.attrs contém termo(s) ['forecast_period'] — indica semântica de lead/target, mas isso sozinho não confirma o valor exato de H6 sem uma variável auxiliar de data-alvo. | nenhuma variável auxiliar de data-alvo (('target', 'valid_time', 'target_month', 'forecast_time')) encontrada no dataset aberto — tentando Método B (semântica documentada do eixo forecast_period, Seção 4). | confirmado pela semântica documentada do eixo forecast_period (Método B, Seção 4/6): inicialização confirmada via SCALAR_COORD_ON_VARIABLE (status=OK_SCALAR_COORD), L.standard_name='forecast_period'/units='months', grade [0.5, 1.5, 2.5, 3.5, 4.5, 5.5] mensal confirmada, rota com forecast_period_semantics_documented=True.",CONFIRMED_BY_FORECAST_PERIOD_SEMANTICS,SCALAR_COORD_ON_VARIABLE,2006-12,2006-12,1,OK_SCALAR_COORD,RANGEEDGES,RANGEEDGES_WINDOW_COORDINATE_MATCH,2006-12-01 00:00:00; 2007-01-01 00:00:00,2006-12-01 00:00:00,"esquema=lead1_igual_mes_inicializacao, representação=NMME_HARMONIZED_MONTHLY",Fazendas_Sinobras_Centroide
