origem_piloto,centre,model_name,init_date,H_lead,source_L,target_month,mapping_status,evidence,mapping_confirmation_method,init_selection_method,init_value_requested,init_value_observed_on_variable,init_axis_size_observed_on_variable,init_selection_status,inicializacao_fonte_principal,inicializacao_selecao_metodo,inicializacao_selecao_valores_antes,inicializacao_selecao_valores_depois,notes,localizacao
1995-01,NOAA_NCEP,CFSv2,1995-01,1,0.5,1995-01,OK,"L.attrs contém termo(s) ['forecast_period'] — indica semântica de lead/target, mas isso sozinho não confirma o valor exato de H1 sem uma variável auxiliar de data-alvo. | nenhuma variável auxiliar de data-alvo (('target', 'valid_time', 'target_month', 'forecast_time')) encontrada no dataset aberto — tentando Método B (semântica documentada do eixo forecast_period, Seção 4). | confirmado pela semântica documentada do eixo forecast_period (Método B, Seção 4/6): inicialização confirmada via SCALAR_COORD_ON_VARIABLE (status=OK_SCALAR_COORD), L.standard_name='forecast_period'/units='months', grade [0.5, 1.5, 2.5, 3.5, 4.5, 5.5] mensal confirmada, rota com forecast_period_semantics_documented=True.",CONFIRMED_BY_FORECAST_PERIOD_SEMANTICS,SCALAR_COORD_ON_VARIABLE,1995-01,1995-01,1,OK_SCALAR_COORD,RANGEEDGES,RANGEEDGES_WINDOW_COORDINATE_MATCH,1995-01-01 00:00:00; 1995-02-01 00:00:00,1995-01-01 00:00:00,"esquema=lead1_igual_mes_inicializacao, representação=NMME_HARMONIZED_MONTHLY",Fazendas_Sinobras_Centroide
1995-01,NOAA_NCEP,CFSv2,1995-01,2,1.5,1995-02,OK,"L.attrs contém termo(s) ['forecast_period'] — indica semântica de lead/target, mas isso sozinho não confirma o valor exato de H2 sem uma variável auxiliar de data-alvo. | nenhuma variável auxiliar de data-alvo (('target', 'valid_time', 'target_month', 'forecast_time')) encontrada no dataset aberto — tentando Método B (semântica documentada do eixo forecast_period, Seção 4). | confirmado pela semântica documentada do eixo forecast_period (Método B, Seção 4/6): inicialização confirmada via SCALAR_COORD_ON_VARIABLE (status=OK_SCALAR_COORD), L.standard_name='forecast_period'/units='months', grade [0.5, 1.5, 2.5, 3.5, 4.5, 5.5] mensal confirmada, rota com forecast_period_semantics_documented=True.",CONFIRMED_BY_FORECAST_PERIOD_SEMANTICS,SCALAR_COORD_ON_VARIABLE,1995-01,1995-01,1,OK_SCALAR_COORD,RANGEEDGES,RANGEEDGES_WINDOW_COORDINATE_MATCH,1995-01-01 00:00:00; 1995-02-01 00:00:00,1995-01-01 00:00:00,"esquema=lead1_igual_mes_inicializacao, representação=NMME_HARMONIZED_MONTHLY",Fazendas_Sinobras_Centroide
1995-01,NOAA_NCEP,CFSv2,1995-01,3,2.5,1995-03,OK,"L.attrs contém termo(s) ['forecast_period'] — indica semântica de lead/target, mas isso sozinho não confirma o valor exato de H3 sem uma variável auxiliar de data-alvo. | nenhuma variável auxiliar de data-alvo (('target', 'valid_time', 'target_month', 'forecast_time')) encontrada no dataset aberto — tentando Método B (semântica documentada do eixo forecast_period, Seção 4). | confirmado pela semântica documentada do eixo forecast_period (Método B, Seção 4/6): inicialização confirmada via SCALAR_COORD_ON_VARIABLE (status=OK_SCALAR_COORD), L.standard_name='forecast_period'/units='months', grade [0.5, 1.5, 2.5, 3.5, 4.5, 5.5] mensal confirmada, rota com forecast_period_semantics_documented=True.",CONFIRMED_BY_FORECAST_PERIOD_SEMANTICS,SCALAR_COORD_ON_VARIABLE,1995-01,1995-01,1,OK_SCALAR_COORD,RANGEEDGES,RANGEEDGES_WINDOW_COORDINATE_MATCH,1995-01-01 00:00:00; 1995-02-01 00:00:00,1995-01-01 00:00:00,"esquema=lead1_igual_mes_inicializacao, representação=NMME_HARMONIZED_MONTHLY",Fazendas_Sinobras_Centroide
1995-01,NOAA_NCEP,CFSv2,1995-01,4,3.5,1995-04,OK,"L.attrs contém termo(s) ['forecast_period'] — indica semântica de lead/target, mas isso sozinho não confirma o valor exato de H4 sem uma variável auxiliar de data-alvo. | nenhuma variável auxiliar de data-alvo (('target', 'valid_time', 'target_month', 'forecast_time')) encontrada no dataset aberto — tentando Método B (semântica documentada do eixo forecast_period, Seção 4). | confirmado pela semântica documentada do eixo forecast_period (Método B, Seção 4/6): inicialização confirmada via SCALAR_COORD_ON_VARIABLE (status=OK_SCALAR_COORD), L.standard_name='forecast_period'/units='months', grade [0.5, 1.5, 2.5, 3.5, 4.5, 5.5] mensal confirmada, rota com forecast_period_semantics_documented=True.",CONFIRMED_BY_FORECAST_PERIOD_SEMANTICS,SCALAR_COORD_ON_VARIABLE,1995-01,1995-01,1,OK_SCALAR_COORD,RANGEEDGES,RANGEEDGES_WINDOW_COORDINATE_MATCH,1995-01-01 00:00:00; 1995-02-01 00:00:00,1995-01-01 00:00:00,"esquema=lead1_igual_mes_inicializacao, representação=NMME_HARMONIZED_MONTHLY",Fazendas_Sinobras_Centroide
1995-01,NOAA_NCEP,CFSv2,1995-01,5,4.5,1995-05,OK,"L.attrs contém termo(s) ['forecast_period'] — indica semântica de lead/target, mas isso sozinho não confirma o valor exato de H5 sem uma variável auxiliar de data-alvo. | nenhuma variável auxiliar de data-alvo (('target', 'valid_time', 'target_month', 'forecast_time')) encontrada no dataset aberto — tentando Método B (semântica documentada do eixo forecast_period, Seção 4). | confirmado pela semântica documentada do eixo forecast_period (Método B, Seção 4/6): inicialização confirmada via SCALAR_COORD_ON_VARIABLE (status=OK_SCALAR_COORD), L.standard_name='forecast_period'/units='months', grade [0.5, 1.5, 2.5, 3.5, 4.5, 5.5] mensal confirmada, rota com forecast_period_semantics_documented=True.",CONFIRMED_BY_FORECAST_PERIOD_SEMANTICS,SCALAR_COORD_ON_VARIABLE,1995-01,1995-01,1,OK_SCALAR_COORD,RANGEEDGES,RANGEEDGES_WINDOW_COORDINATE_MATCH,1995-01-01 00:00:00; 1995-02-01 00:00:00,1995-01-01 00:00:00,"esquema=lead1_igual_mes_inicializacao, representação=NMME_HARMONIZED_MONTHLY",Fazendas_Sinobras_Centroide
1995-01,NOAA_NCEP,CFSv2,1995-01,6,5.5,1995-06,OK,"L.attrs contém termo(s) ['forecast_period'] — indica semântica de lead/target, mas isso sozinho não confirma o valor exato de H6 sem uma variável auxiliar de data-alvo. | nenhuma variável auxiliar de data-alvo (('target', 'valid_time', 'target_month', 'forecast_time')) encontrada no dataset aberto — tentando Método B (semântica documentada do eixo forecast_period, Seção 4). | confirmado pela semântica documentada do eixo forecast_period (Método B, Seção 4/6): inicialização confirmada via SCALAR_COORD_ON_VARIABLE (status=OK_SCALAR_COORD), L.standard_name='forecast_period'/units='months', grade [0.5, 1.5, 2.5, 3.5, 4.5, 5.5] mensal confirmada, rota com forecast_period_semantics_documented=True.",CONFIRMED_BY_FORECAST_PERIOD_SEMANTICS,SCALAR_COORD_ON_VARIABLE,1995-01,1995-01,1,OK_SCALAR_COORD,RANGEEDGES,RANGEEDGES_WINDOW_COORDINATE_MATCH,1995-01-01 00:00:00; 1995-02-01 00:00:00,1995-01-01 00:00:00,"esquema=lead1_igual_mes_inicializacao, representação=NMME_HARMONIZED_MONTHLY",Fazendas_Sinobras_Centroide
1995-02,NOAA_NCEP,CFSv2,1995-02,1,0.5,1995-02,OK,"L.attrs contém termo(s) ['forecast_period'] — indica semântica de lead/target, mas isso sozinho não confirma o valor exato de H1 sem uma variável auxiliar de data-alvo. | nenhuma variável auxiliar de data-alvo (('target', 'valid_time', 'target_month', 'forecast_time')) encontrada no dataset aberto — tentando Método B (semântica documentada do eixo forecast_period, Seção 4). | confirmado pela semântica documentada do eixo forecast_period (Método B, Seção 4/6): inicialização confirmada via SCALAR_COORD_ON_VARIABLE (status=OK_SCALAR_COORD), L.standard_name='forecast_period'/units='months', grade [0.5, 1.5, 2.5, 3.5, 4.5, 5.5] mensal confirmada, rota com forecast_period_semantics_documented=True.",CONFIRMED_BY_FORECAST_PERIOD_SEMANTICS,SCALAR_COORD_ON_VARIABLE,1995-02,1995-02,1,OK_SCALAR_COORD,RANGEEDGES,RANGEEDGES_WINDOW_COORDINATE_MATCH,1995-02-01 00:00:00; 1995-03-01 00:00:00,1995-02-01 00:00:00,"esquema=lead1_igual_mes_inicializacao, representação=NMME_HARMONIZED_MONTHLY",Fazendas_Sinobras_Centroide
1995-02,NOAA_NCEP,CFSv2,1995-02,2,1.5,1995-03,OK,"L.attrs contém termo(s) ['forecast_period'] — indica semântica de lead/target, mas isso sozinho não confirma o valor exato de H2 sem uma variável auxiliar de data-alvo. | nenhuma variável auxiliar de data-alvo (('target', 'valid_time', 'target_month', 'forecast_time')) encontrada no dataset aberto — tentando Método B (semântica documentada do eixo forecast_period, Seção 4). | confirmado pela semântica documentada do eixo forecast_period (Método B, Seção 4/6): inicialização confirmada via SCALAR_COORD_ON_VARIABLE (status=OK_SCALAR_COORD), L.standard_name='forecast_period'/units='months', grade [0.5, 1.5, 2.5, 3.5, 4.5, 5.5] mensal confirmada, rota com forecast_period_semantics_documented=True.",CONFIRMED_BY_FORECAST_PERIOD_SEMANTICS,SCALAR_COORD_ON_VARIABLE,1995-02,1995-02,1,OK_SCALAR_COORD,RANGEEDGES,RANGEEDGES_WINDOW_COORDINATE_MATCH,1995-02-01 00:00:00; 1995-03-01 00:00:00,1995-02-01 00:00:00,"esquema=lead1_igual_mes_inicializacao, representação=NMME_HARMONIZED_MONTHLY",Fazendas_Sinobras_Centroide
1995-02,NOAA_NCEP,CFSv2,1995-02,3,2.5,1995-04,OK,"L.attrs contém termo(s) ['forecast_period'] — indica semântica de lead/target, mas isso sozinho não confirma o valor exato de H3 sem uma variável auxiliar de data-alvo. | nenhuma variável auxiliar de data-alvo (('target', 'valid_time', 'target_month', 'forecast_time')) encontrada no dataset aberto — tentando Método B (semântica documentada do eixo forecast_period, Seção 4). | confirmado pela semântica documentada do eixo forecast_period (Método B, Seção 4/6): inicialização confirmada via SCALAR_COORD_ON_VARIABLE (status=OK_SCALAR_COORD), L.standard_name='forecast_period'/units='months', grade [0.5, 1.5, 2.5, 3.5, 4.5, 5.5] mensal confirmada, rota com forecast_period_semantics_documented=True.",CONFIRMED_BY_FORECAST_PERIOD_SEMANTICS,SCALAR_COORD_ON_VARIABLE,1995-02,1995-02,1,OK_SCALAR_COORD,RANGEEDGES,RANGEEDGES_WINDOW_COORDINATE_MATCH,1995-02-01 00:00:00; 1995-03-01 00:00:00,1995-02-01 00:00:00,"esquema=lead1_igual_mes_inicializacao, representação=NMME_HARMONIZED_MONTHLY",Fazendas_Sinobras_Centroide
1995-02,NOAA_NCEP,CFSv2,1995-02,4,3.5,1995-05,OK,"L.attrs contém termo(s) ['forecast_period'] — indica semântica de lead/target, mas isso sozinho não confirma o valor exato de H4 sem uma variável auxiliar de data-alvo. | nenhuma variável auxiliar de data-alvo (('target', 'valid_time', 'target_month', 'forecast_time')) encontrada no dataset aberto — tentando Método B (semântica documentada do eixo forecast_period, Seção 4). | confirmado pela semântica documentada do eixo forecast_period (Método B, Seção 4/6): inicialização confirmada via SCALAR_COORD_ON_VARIABLE (status=OK_SCALAR_COORD), L.standard_name='forecast_period'/units='months', grade [0.5, 1.5, 2.5, 3.5, 4.5, 5.5] mensal confirmada, rota com forecast_period_semantics_documented=True.",CONFIRMED_BY_FORECAST_PERIOD_SEMANTICS,SCALAR_COORD_ON_VARIABLE,1995-02,1995-02,1,OK_SCALAR_COORD,RANGEEDGES,RANGEEDGES_WINDOW_COORDINATE_MATCH,1995-02-01 00:00:00; 1995-03-01 00:00:00,1995-02-01 00:00:00,"esquema=lead1_igual_mes_inicializacao, representação=NMME_HARMONIZED_MONTHLY",Fazendas_Sinobras_Centroide
1995-02,NOAA_NCEP,CFSv2,1995-02,5,4.5,1995-06,OK,"L.attrs contém termo(s) ['forecast_period'] — indica semântica de lead/target, mas isso sozinho não confirma o valor exato de H5 sem uma variável auxiliar de data-alvo. | nenhuma variável auxiliar de data-alvo (('target', 'valid_time', 'target_month', 'forecast_time')) encontrada no dataset aberto — tentando Método B (semântica documentada do eixo forecast_period, Seção 4). | confirmado pela semântica documentada do eixo forecast_period (Método B, Seção 4/6): inicialização confirmada via SCALAR_COORD_ON_VARIABLE (status=OK_SCALAR_COORD), L.standard_name='forecast_period'/units='months', grade [0.5, 1.5, 2.5, 3.5, 4.5, 5.5] mensal confirmada, rota com forecast_period_semantics_documented=True.",CONFIRMED_BY_FORECAST_PERIOD_SEMANTICS,SCALAR_COORD_ON_VARIABLE,1995-02,1995-02,1,OK_SCALAR_COORD,RANGEEDGES,RANGEEDGES_WINDOW_COORDINATE_MATCH,1995-02-01 00:00:00; 1995-03-01 00:00:00,1995-02-01 00:00:00,"esquema=lead1_igual_mes_inicializacao, representação=NMME_HARMONIZED_MONTHLY",Fazendas_Sinobras_Centroide
1995-02,NOAA_NCEP,CFSv2,1995-02,6,5.5,1995-07,OK,"L.attrs contém termo(s) ['forecast_period'] — indica semântica de lead/target, mas isso sozinho não confirma o valor exato de H6 sem uma variável auxiliar de data-alvo. | nenhuma variável auxiliar de data-alvo (('target', 'valid_time', 'target_month', 'forecast_time')) encontrada no dataset aberto — tentando Método B (semântica documentada do eixo forecast_period, Seção 4). | confirmado pela semântica documentada do eixo forecast_period (Método B, Seção 4/6): inicialização confirmada via SCALAR_COORD_ON_VARIABLE (status=OK_SCALAR_COORD), L.standard_name='forecast_period'/units='months', grade [0.5, 1.5, 2.5, 3.5, 4.5, 5.5] mensal confirmada, rota com forecast_period_semantics_documented=True.",CONFIRMED_BY_FORECAST_PERIOD_SEMANTICS,SCALAR_COORD_ON_VARIABLE,1995-02,1995-02,1,OK_SCALAR_COORD,RANGEEDGES,RANGEEDGES_WINDOW_COORDINATE_MATCH,1995-02-01 00:00:00; 1995-03-01 00:00:00,1995-02-01 00:00:00,"esquema=lead1_igual_mes_inicializacao, representação=NMME_HARMONIZED_MONTHLY",Fazendas_Sinobras_Centroide
1995-03,NOAA_NCEP,CFSv2,1995-03,1,0.5,1995-03,OK,"L.attrs contém termo(s) ['forecast_period'] — indica semântica de lead/target, mas isso sozinho não confirma o valor exato de H1 sem uma variável auxiliar de data-alvo. | nenhuma variável auxiliar de data-alvo (('target', 'valid_time', 'target_month', 'forecast_time')) encontrada no dataset aberto — tentando Método B (semântica documentada do eixo forecast_period, Seção 4). | confirmado pela semântica documentada do eixo forecast_period (Método B, Seção 4/6): inicialização confirmada via SCALAR_COORD_ON_VARIABLE (status=OK_SCALAR_COORD), L.standard_name='forecast_period'/units='months', grade [0.5, 1.5, 2.5, 3.5, 4.5, 5.5] mensal confirmada, rota com forecast_period_semantics_documented=True.",CONFIRMED_BY_FORECAST_PERIOD_SEMANTICS,SCALAR_COORD_ON_VARIABLE,1995-03,1995-03,1,OK_SCALAR_COORD,RANGEEDGES,RANGEEDGES_WINDOW_COORDINATE_MATCH,1995-03-01 00:00:00; 1995-04-01 00:00:00,1995-03-01 00:00:00,"esquema=lead1_igual_mes_inicializacao, representação=NMME_HARMONIZED_MONTHLY",Fazendas_Sinobras_Centroide
1995-03,NOAA_NCEP,CFSv2,1995-03,2,1.5,1995-04,OK,"L.attrs contém termo(s) ['forecast_period'] — indica semântica de lead/target, mas isso sozinho não confirma o valor exato de H2 sem uma variável auxiliar de data-alvo. | nenhuma variável auxiliar de data-alvo (('target', 'valid_time', 'target_month', 'forecast_time')) encontrada no dataset aberto — tentando Método B (semântica documentada do eixo forecast_period, Seção 4). | confirmado pela semântica documentada do eixo forecast_period (Método B, Seção 4/6): inicialização confirmada via SCALAR_COORD_ON_VARIABLE (status=OK_SCALAR_COORD), L.standard_name='forecast_period'/units='months', grade [0.5, 1.5, 2.5, 3.5, 4.5, 5.5] mensal confirmada, rota com forecast_period_semantics_documented=True.",CONFIRMED_BY_FORECAST_PERIOD_SEMANTICS,SCALAR_COORD_ON_VARIABLE,1995-03,1995-03,1,OK_SCALAR_COORD,RANGEEDGES,RANGEEDGES_WINDOW_COORDINATE_MATCH,1995-03-01 00:00:00; 1995-04-01 00:00:00,1995-03-01 00:00:00,"esquema=lead1_igual_mes_inicializacao, representação=NMME_HARMONIZED_MONTHLY",Fazendas_Sinobras_Centroide
1995-03,NOAA_NCEP,CFSv2,1995-03,3,2.5,1995-05,OK,"L.attrs contém termo(s) ['forecast_period'] — indica semântica de lead/target, mas isso sozinho não confirma o valor exato de H3 sem uma variável auxiliar de data-alvo. | nenhuma variável auxiliar de data-alvo (('target', 'valid_time', 'target_month', 'forecast_time')) encontrada no dataset aberto — tentando Método B (semântica documentada do eixo forecast_period, Seção 4). | confirmado pela semântica documentada do eixo forecast_period (Método B, Seção 4/6): inicialização confirmada via SCALAR_COORD_ON_VARIABLE (status=OK_SCALAR_COORD), L.standard_name='forecast_period'/units='months', grade [0.5, 1.5, 2.5, 3.5, 4.5, 5.5] mensal confirmada, rota com forecast_period_semantics_documented=True.",CONFIRMED_BY_FORECAST_PERIOD_SEMANTICS,SCALAR_COORD_ON_VARIABLE,1995-03,1995-03,1,OK_SCALAR_COORD,RANGEEDGES,RANGEEDGES_WINDOW_COORDINATE_MATCH,1995-03-01 00:00:00; 1995-04-01 00:00:00,1995-03-01 00:00:00,"esquema=lead1_igual_mes_inicializacao, representação=NMME_HARMONIZED_MONTHLY",Fazendas_Sinobras_Centroide
1995-03,NOAA_NCEP,CFSv2,1995-03,4,3.5,1995-06,OK,"L.attrs contém termo(s) ['forecast_period'] — indica semântica de lead/target, mas isso sozinho não confirma o valor exato de H4 sem uma variável auxiliar de data-alvo. | nenhuma variável auxiliar de data-alvo (('target', 'valid_time', 'target_month', 'forecast_time')) encontrada no dataset aberto — tentando Método B (semântica documentada do eixo forecast_period, Seção 4). | confirmado pela semântica documentada do eixo forecast_period (Método B, Seção 4/6): inicialização confirmada via SCALAR_COORD_ON_VARIABLE (status=OK_SCALAR_COORD), L.standard_name='forecast_period'/units='months', grade [0.5, 1.5, 2.5, 3.5, 4.5, 5.5] mensal confirmada, rota com forecast_period_semantics_documented=True.",CONFIRMED_BY_FORECAST_PERIOD_SEMANTICS,SCALAR_COORD_ON_VARIABLE,1995-03,1995-03,1,OK_SCALAR_COORD,RANGEEDGES,RANGEEDGES_WINDOW_COORDINATE_MATCH,1995-03-01 00:00:00; 1995-04-01 00:00:00,1995-03-01 00:00:00,"esquema=lead1_igual_mes_inicializacao, representação=NMME_HARMONIZED_MONTHLY",Fazendas_Sinobras_Centroide
1995-03,NOAA_NCEP,CFSv2,1995-03,5,4.5,1995-07,OK,"L.attrs contém termo(s) ['forecast_period'] — indica semântica de lead/target, mas isso sozinho não confirma o valor exato de H5 sem uma variável auxiliar de data-alvo. | nenhuma variável auxiliar de data-alvo (('target', 'valid_time', 'target_month', 'forecast_time')) encontrada no dataset aberto — tentando Método B (semântica documentada do eixo forecast_period, Seção 4). | confirmado pela semântica documentada do eixo forecast_period (Método B, Seção 4/6): inicialização confirmada via SCALAR_COORD_ON_VARIABLE (status=OK_SCALAR_COORD), L.standard_name='forecast_period'/units='months', grade [0.5, 1.5, 2.5, 3.5, 4.5, 5.5] mensal confirmada, rota com forecast_period_semantics_documented=True.",CONFIRMED_BY_FORECAST_PERIOD_SEMANTICS,SCALAR_COORD_ON_VARIABLE,1995-03,1995-03,1,OK_SCALAR_COORD,RANGEEDGES,RANGEEDGES_WINDOW_COORDINATE_MATCH,1995-03-01 00:00:00; 1995-04-01 00:00:00,1995-03-01 00:00:00,"esquema=lead1_igual_mes_inicializacao, representação=NMME_HARMONIZED_MONTHLY",Fazendas_Sinobras_Centroide
1995-03,NOAA_NCEP,CFSv2,1995-03,6,5.5,1995-08,OK,"L.attrs contém termo(s) ['forecast_period'] — indica semântica de lead/target, mas isso sozinho não confirma o valor exato de H6 sem uma variável auxiliar de data-alvo. | nenhuma variável auxiliar de data-alvo (('target', 'valid_time', 'target_month', 'forecast_time')) encontrada no dataset aberto — tentando Método B (semântica documentada do eixo forecast_period, Seção 4). | confirmado pela semântica documentada do eixo forecast_period (Método B, Seção 4/6): inicialização confirmada via SCALAR_COORD_ON_VARIABLE (status=OK_SCALAR_COORD), L.standard_name='forecast_period'/units='months', grade [0.5, 1.5, 2.5, 3.5, 4.5, 5.5] mensal confirmada, rota com forecast_period_semantics_documented=True.",CONFIRMED_BY_FORECAST_PERIOD_SEMANTICS,SCALAR_COORD_ON_VARIABLE,1995-03,1995-03,1,OK_SCALAR_COORD,RANGEEDGES,RANGEEDGES_WINDOW_COORDINATE_MATCH,1995-03-01 00:00:00; 1995-04-01 00:00:00,1995-03-01 00:00:00,"esquema=lead1_igual_mes_inicializacao, representação=NMME_HARMONIZED_MONTHLY",Fazendas_Sinobras_Centroide
1995-04,NOAA_NCEP,CFSv2,1995-04,1,0.5,1995-04,OK,"L.attrs contém termo(s) ['forecast_period'] — indica semântica de lead/target, mas isso sozinho não confirma o valor exato de H1 sem uma variável auxiliar de data-alvo. | nenhuma variável auxiliar de data-alvo (('target', 'valid_time', 'target_month', 'forecast_time')) encontrada no dataset aberto — tentando Método B (semântica documentada do eixo forecast_period, Seção 4). | confirmado pela semântica documentada do eixo forecast_period (Método B, Seção 4/6): inicialização confirmada via SCALAR_COORD_ON_VARIABLE (status=OK_SCALAR_COORD), L.standard_name='forecast_period'/units='months', grade [0.5, 1.5, 2.5, 3.5, 4.5, 5.5] mensal confirmada, rota com forecast_period_semantics_documented=True.",CONFIRMED_BY_FORECAST_PERIOD_SEMANTICS,SCALAR_COORD_ON_VARIABLE,1995-04,1995-04,1,OK_SCALAR_COORD,RANGEEDGES,RANGEEDGES_WINDOW_COORDINATE_MATCH,1995-04-01 00:00:00; 1995-05-01 00:00:00,1995-04-01 00:00:00,"esquema=lead1_igual_mes_inicializacao, representação=NMME_HARMONIZED_MONTHLY",Fazendas_Sinobras_Centroide
1995-04,NOAA_NCEP,CFSv2,1995-04,2,1.5,1995-05,OK,"L.attrs contém termo(s) ['forecast_period'] — indica semântica de lead/target, mas isso sozinho não confirma o valor exato de H2 sem uma variável auxiliar de data-alvo. | nenhuma variável auxiliar de data-alvo (('target', 'valid_time', 'target_month', 'forecast_time')) encontrada no dataset aberto — tentando Método B (semântica documentada do eixo forecast_period, Seção 4). | confirmado pela semântica documentada do eixo forecast_period (Método B, Seção 4/6): inicialização confirmada via SCALAR_COORD_ON_VARIABLE (status=OK_SCALAR_COORD), L.standard_name='forecast_period'/units='months', grade [0.5, 1.5, 2.5, 3.5, 4.5, 5.5] mensal confirmada, rota com forecast_period_semantics_documented=True.",CONFIRMED_BY_FORECAST_PERIOD_SEMANTICS,SCALAR_COORD_ON_VARIABLE,1995-04,1995-04,1,OK_SCALAR_COORD,RANGEEDGES,RANGEEDGES_WINDOW_COORDINATE_MATCH,1995-04-01 00:00:00; 1995-05-01 00:00:00,1995-04-01 00:00:00,"esquema=lead1_igual_mes_inicializacao, representação=NMME_HARMONIZED_MONTHLY",Fazendas_Sinobras_Centroide
1995-04,NOAA_NCEP,CFSv2,1995-04,3,2.5,1995-06,OK,"L.attrs contém termo(s) ['forecast_period'] — indica semântica de lead/target, mas isso sozinho não confirma o valor exato de H3 sem uma variável auxiliar de data-alvo. | nenhuma variável auxiliar de data-alvo (('target', 'valid_time', 'target_month', 'forecast_time')) encontrada no dataset aberto — tentando Método B (semântica documentada do eixo forecast_period, Seção 4). | confirmado pela semântica documentada do eixo forecast_period (Método B, Seção 4/6): inicialização confirmada via SCALAR_COORD_ON_VARIABLE (status=OK_SCALAR_COORD), L.standard_name='forecast_period'/units='months', grade [0.5, 1.5, 2.5, 3.5, 4.5, 5.5] mensal confirmada, rota com forecast_period_semantics_documented=True.",CONFIRMED_BY_FORECAST_PERIOD_SEMANTICS,SCALAR_COORD_ON_VARIABLE,1995-04,1995-04,1,OK_SCALAR_COORD,RANGEEDGES,RANGEEDGES_WINDOW_COORDINATE_MATCH,1995-04-01 00:00:00; 1995-05-01 00:00:00,1995-04-01 00:00:00,"esquema=lead1_igual_mes_inicializacao, representação=NMME_HARMONIZED_MONTHLY",Fazendas_Sinobras_Centroide
1995-04,NOAA_NCEP,CFSv2,1995-04,4,3.5,1995-07,OK,"L.attrs contém termo(s) ['forecast_period'] — indica semântica de lead/target, mas isso sozinho não confirma o valor exato de H4 sem uma variável auxiliar de data-alvo. | nenhuma variável auxiliar de data-alvo (('target', 'valid_time', 'target_month', 'forecast_time')) encontrada no dataset aberto — tentando Método B (semântica documentada do eixo forecast_period, Seção 4). | confirmado pela semântica documentada do eixo forecast_period (Método B, Seção 4/6): inicialização confirmada via SCALAR_COORD_ON_VARIABLE (status=OK_SCALAR_COORD), L.standard_name='forecast_period'/units='months', grade [0.5, 1.5, 2.5, 3.5, 4.5, 5.5] mensal confirmada, rota com forecast_period_semantics_documented=True.",CONFIRMED_BY_FORECAST_PERIOD_SEMANTICS,SCALAR_COORD_ON_VARIABLE,1995-04,1995-04,1,OK_SCALAR_COORD,RANGEEDGES,RANGEEDGES_WINDOW_COORDINATE_MATCH,1995-04-01 00:00:00; 1995-05-01 00:00:00,1995-04-01 00:00:00,"esquema=lead1_igual_mes_inicializacao, representação=NMME_HARMONIZED_MONTHLY",Fazendas_Sinobras_Centroide
1995-04,NOAA_NCEP,CFSv2,1995-04,5,4.5,1995-08,OK,"L.attrs contém termo(s) ['forecast_period'] — indica semântica de lead/target, mas isso sozinho não confirma o valor exato de H5 sem uma variável auxiliar de data-alvo. | nenhuma variável auxiliar de data-alvo (('target', 'valid_time', 'target_month', 'forecast_time')) encontrada no dataset aberto — tentando Método B (semântica documentada do eixo forecast_period, Seção 4). | confirmado pela semântica documentada do eixo forecast_period (Método B, Seção 4/6): inicialização confirmada via SCALAR_COORD_ON_VARIABLE (status=OK_SCALAR_COORD), L.standard_name='forecast_period'/units='months', grade [0.5, 1.5, 2.5, 3.5, 4.5, 5.5] mensal confirmada, rota com forecast_period_semantics_documented=True.",CONFIRMED_BY_FORECAST_PERIOD_SEMANTICS,SCALAR_COORD_ON_VARIABLE,1995-04,1995-04,1,OK_SCALAR_COORD,RANGEEDGES,RANGEEDGES_WINDOW_COORDINATE_MATCH,1995-04-01 00:00:00; 1995-05-01 00:00:00,1995-04-01 00:00:00,"esquema=lead1_igual_mes_inicializacao, representação=NMME_HARMONIZED_MONTHLY",Fazendas_Sinobras_Centroide
1995-04,NOAA_NCEP,CFSv2,1995-04,6,5.5,1995-09,OK,"L.attrs contém termo(s) ['forecast_period'] — indica semântica de lead/target, mas isso sozinho não confirma o valor exato de H6 sem uma variável auxiliar de data-alvo. | nenhuma variável auxiliar de data-alvo (('target', 'valid_time', 'target_month', 'forecast_time')) encontrada no dataset aberto — tentando Método B (semântica documentada do eixo forecast_period, Seção 4). | confirmado pela semântica documentada do eixo forecast_period (Método B, Seção 4/6): inicialização confirmada via SCALAR_COORD_ON_VARIABLE (status=OK_SCALAR_COORD), L.standard_name='forecast_period'/units='months', grade [0.5, 1.5, 2.5, 3.5, 4.5, 5.5] mensal confirmada, rota com forecast_period_semantics_documented=True.",CONFIRMED_BY_FORECAST_PERIOD_SEMANTICS,SCALAR_COORD_ON_VARIABLE,1995-04,1995-04,1,OK_SCALAR_COORD,RANGEEDGES,RANGEEDGES_WINDOW_COORDINATE_MATCH,1995-04-01 00:00:00; 1995-05-01 00:00:00,1995-04-01 00:00:00,"esquema=lead1_igual_mes_inicializacao, representação=NMME_HARMONIZED_MONTHLY",Fazendas_Sinobras_Centroide
1995-05,NOAA_NCEP,CFSv2,1995-05,1,0.5,1995-05,OK,"L.attrs contém termo(s) ['forecast_period'] — indica semântica de lead/target, mas isso sozinho não confirma o valor exato de H1 sem uma variável auxiliar de data-alvo. | nenhuma variável auxiliar de data-alvo (('target', 'valid_time', 'target_month', 'forecast_time')) encontrada no dataset aberto — tentando Método B (semântica documentada do eixo forecast_period, Seção 4). | confirmado pela semântica documentada do eixo forecast_period (Método B, Seção 4/6): inicialização confirmada via SCALAR_COORD_ON_VARIABLE (status=OK_SCALAR_COORD), L.standard_name='forecast_period'/units='months', grade [0.5, 1.5, 2.5, 3.5, 4.5, 5.5] mensal confirmada, rota com forecast_period_semantics_documented=True.",CONFIRMED_BY_FORECAST_PERIOD_SEMANTICS,SCALAR_COORD_ON_VARIABLE,1995-05,1995-05,1,OK_SCALAR_COORD,RANGEEDGES,RANGEEDGES_WINDOW_COORDINATE_MATCH,1995-05-01 00:00:00; 1995-06-01 00:00:00,1995-05-01 00:00:00,"esquema=lead1_igual_mes_inicializacao, representação=NMME_HARMONIZED_MONTHLY",Fazendas_Sinobras_Centroide
1995-05,NOAA_NCEP,CFSv2,1995-05,2,1.5,1995-06,OK,"L.attrs contém termo(s) ['forecast_period'] — indica semântica de lead/target, mas isso sozinho não confirma o valor exato de H2 sem uma variável auxiliar de data-alvo. | nenhuma variável auxiliar de data-alvo (('target', 'valid_time', 'target_month', 'forecast_time')) encontrada no dataset aberto — tentando Método B (semântica documentada do eixo forecast_period, Seção 4). | confirmado pela semântica documentada do eixo forecast_period (Método B, Seção 4/6): inicialização confirmada via SCALAR_COORD_ON_VARIABLE (status=OK_SCALAR_COORD), L.standard_name='forecast_period'/units='months', grade [0.5, 1.5, 2.5, 3.5, 4.5, 5.5] mensal confirmada, rota com forecast_period_semantics_documented=True.",CONFIRMED_BY_FORECAST_PERIOD_SEMANTICS,SCALAR_COORD_ON_VARIABLE,1995-05,1995-05,1,OK_SCALAR_COORD,RANGEEDGES,RANGEEDGES_WINDOW_COORDINATE_MATCH,1995-05-01 00:00:00; 1995-06-01 00:00:00,1995-05-01 00:00:00,"esquema=lead1_igual_mes_inicializacao, representação=NMME_HARMONIZED_MONTHLY",Fazendas_Sinobras_Centroide
1995-05,NOAA_NCEP,CFSv2,1995-05,3,2.5,1995-07,OK,"L.attrs contém termo(s) ['forecast_period'] — indica semântica de lead/target, mas isso sozinho não confirma o valor exato de H3 sem uma variável auxiliar de data-alvo. | nenhuma variável auxiliar de data-alvo (('target', 'valid_time', 'target_month', 'forecast_time')) encontrada no dataset aberto — tentando Método B (semântica documentada do eixo forecast_period, Seção 4). | confirmado pela semântica documentada do eixo forecast_period (Método B, Seção 4/6): inicialização confirmada via SCALAR_COORD_ON_VARIABLE (status=OK_SCALAR_COORD), L.standard_name='forecast_period'/units='months', grade [0.5, 1.5, 2.5, 3.5, 4.5, 5.5] mensal confirmada, rota com forecast_period_semantics_documented=True.",CONFIRMED_BY_FORECAST_PERIOD_SEMANTICS,SCALAR_COORD_ON_VARIABLE,1995-05,1995-05,1,OK_SCALAR_COORD,RANGEEDGES,RANGEEDGES_WINDOW_COORDINATE_MATCH,1995-05-01 00:00:00; 1995-06-01 00:00:00,1995-05-01 00:00:00,"esquema=lead1_igual_mes_inicializacao, representação=NMME_HARMONIZED_MONTHLY",Fazendas_Sinobras_Centroide
1995-05,NOAA_NCEP,CFSv2,1995-05,4,3.5,1995-08,OK,"L.attrs contém termo(s) ['forecast_period'] — indica semântica de lead/target, mas isso sozinho não confirma o valor exato de H4 sem uma variável auxiliar de data-alvo. | nenhuma variável auxiliar de data-alvo (('target', 'valid_time', 'target_month', 'forecast_time')) encontrada no dataset aberto — tentando Método B (semântica documentada do eixo forecast_period, Seção 4). | confirmado pela semântica documentada do eixo forecast_period (Método B, Seção 4/6): inicialização confirmada via SCALAR_COORD_ON_VARIABLE (status=OK_SCALAR_COORD), L.standard_name='forecast_period'/units='months', grade [0.5, 1.5, 2.5, 3.5, 4.5, 5.5] mensal confirmada, rota com forecast_period_semantics_documented=True.",CONFIRMED_BY_FORECAST_PERIOD_SEMANTICS,SCALAR_COORD_ON_VARIABLE,1995-05,1995-05,1,OK_SCALAR_COORD,RANGEEDGES,RANGEEDGES_WINDOW_COORDINATE_MATCH,1995-05-01 00:00:00; 1995-06-01 00:00:00,1995-05-01 00:00:00,"esquema=lead1_igual_mes_inicializacao, representação=NMME_HARMONIZED_MONTHLY",Fazendas_Sinobras_Centroide
1995-05,NOAA_NCEP,CFSv2,1995-05,5,4.5,1995-09,OK,"L.attrs contém termo(s) ['forecast_period'] — indica semântica de lead/target, mas isso sozinho não confirma o valor exato de H5 sem uma variável auxiliar de data-alvo. | nenhuma variável auxiliar de data-alvo (('target', 'valid_time', 'target_month', 'forecast_time')) encontrada no dataset aberto — tentando Método B (semântica documentada do eixo forecast_period, Seção 4). | confirmado pela semântica documentada do eixo forecast_period (Método B, Seção 4/6): inicialização confirmada via SCALAR_COORD_ON_VARIABLE (status=OK_SCALAR_COORD), L.standard_name='forecast_period'/units='months', grade [0.5, 1.5, 2.5, 3.5, 4.5, 5.5] mensal confirmada, rota com forecast_period_semantics_documented=True.",CONFIRMED_BY_FORECAST_PERIOD_SEMANTICS,SCALAR_COORD_ON_VARIABLE,1995-05,1995-05,1,OK_SCALAR_COORD,RANGEEDGES,RANGEEDGES_WINDOW_COORDINATE_MATCH,1995-05-01 00:00:00; 1995-06-01 00:00:00,1995-05-01 00:00:00,"esquema=lead1_igual_mes_inicializacao, representação=NMME_HARMONIZED_MONTHLY",Fazendas_Sinobras_Centroide
1995-05,NOAA_NCEP,CFSv2,1995-05,6,5.5,1995-10,OK,"L.attrs contém termo(s) ['forecast_period'] — indica semântica de lead/target, mas isso sozinho não confirma o valor exato de H6 sem uma variável auxiliar de data-alvo. | nenhuma variável auxiliar de data-alvo (('target', 'valid_time', 'target_month', 'forecast_time')) encontrada no dataset aberto — tentando Método B (semântica documentada do eixo forecast_period, Seção 4). | confirmado pela semântica documentada do eixo forecast_period (Método B, Seção 4/6): inicialização confirmada via SCALAR_COORD_ON_VARIABLE (status=OK_SCALAR_COORD), L.standard_name='forecast_period'/units='months', grade [0.5, 1.5, 2.5, 3.5, 4.5, 5.5] mensal confirmada, rota com forecast_period_semantics_documented=True.",CONFIRMED_BY_FORECAST_PERIOD_SEMANTICS,SCALAR_COORD_ON_VARIABLE,1995-05,1995-05,1,OK_SCALAR_COORD,RANGEEDGES,RANGEEDGES_WINDOW_COORDINATE_MATCH,1995-05-01 00:00:00; 1995-06-01 00:00:00,1995-05-01 00:00:00,"esquema=lead1_igual_mes_inicializacao, representação=NMME_HARMONIZED_MONTHLY",Fazendas_Sinobras_Centroide
1995-06,NOAA_NCEP,CFSv2,1995-06,1,0.5,1995-06,OK,"L.attrs contém termo(s) ['forecast_period'] — indica semântica de lead/target, mas isso sozinho não confirma o valor exato de H1 sem uma variável auxiliar de data-alvo. | nenhuma variável auxiliar de data-alvo (('target', 'valid_time', 'target_month', 'forecast_time')) encontrada no dataset aberto — tentando Método B (semântica documentada do eixo forecast_period, Seção 4). | confirmado pela semântica documentada do eixo forecast_period (Método B, Seção 4/6): inicialização confirmada via SCALAR_COORD_ON_VARIABLE (status=OK_SCALAR_COORD), L.standard_name='forecast_period'/units='months', grade [0.5, 1.5, 2.5, 3.5, 4.5, 5.5] mensal confirmada, rota com forecast_period_semantics_documented=True.",CONFIRMED_BY_FORECAST_PERIOD_SEMANTICS,SCALAR_COORD_ON_VARIABLE,1995-06,1995-06,1,OK_SCALAR_COORD,RANGEEDGES,RANGEEDGES_WINDOW_COORDINATE_MATCH,1995-06-01 00:00:00; 1995-07-01 00:00:00,1995-06-01 00:00:00,"esquema=lead1_igual_mes_inicializacao, representação=NMME_HARMONIZED_MONTHLY",Fazendas_Sinobras_Centroide
1995-06,NOAA_NCEP,CFSv2,1995-06,2,1.5,1995-07,OK,"L.attrs contém termo(s) ['forecast_period'] — indica semântica de lead/target, mas isso sozinho não confirma o valor exato de H2 sem uma variável auxiliar de data-alvo. | nenhuma variável auxiliar de data-alvo (('target', 'valid_time', 'target_month', 'forecast_time')) encontrada no dataset aberto — tentando Método B (semântica documentada do eixo forecast_period, Seção 4). | confirmado pela semântica documentada do eixo forecast_period (Método B, Seção 4/6): inicialização confirmada via SCALAR_COORD_ON_VARIABLE (status=OK_SCALAR_COORD), L.standard_name='forecast_period'/units='months', grade [0.5, 1.5, 2.5, 3.5, 4.5, 5.5] mensal confirmada, rota com forecast_period_semantics_documented=True.",CONFIRMED_BY_FORECAST_PERIOD_SEMANTICS,SCALAR_COORD_ON_VARIABLE,1995-06,1995-06,1,OK_SCALAR_COORD,RANGEEDGES,RANGEEDGES_WINDOW_COORDINATE_MATCH,1995-06-01 00:00:00; 1995-07-01 00:00:00,1995-06-01 00:00:00,"esquema=lead1_igual_mes_inicializacao, representação=NMME_HARMONIZED_MONTHLY",Fazendas_Sinobras_Centroide
1995-06,NOAA_NCEP,CFSv2,1995-06,3,2.5,1995-08,OK,"L.attrs contém termo(s) ['forecast_period'] — indica semântica de lead/target, mas isso sozinho não confirma o valor exato de H3 sem uma variável auxiliar de data-alvo. | nenhuma variável auxiliar de data-alvo (('target', 'valid_time', 'target_month', 'forecast_time')) encontrada no dataset aberto — tentando Método B (semântica documentada do eixo forecast_period, Seção 4). | confirmado pela semântica documentada do eixo forecast_period (Método B, Seção 4/6): inicialização confirmada via SCALAR_COORD_ON_VARIABLE (status=OK_SCALAR_COORD), L.standard_name='forecast_period'/units='months', grade [0.5, 1.5, 2.5, 3.5, 4.5, 5.5] mensal confirmada, rota com forecast_period_semantics_documented=True.",CONFIRMED_BY_FORECAST_PERIOD_SEMANTICS,SCALAR_COORD_ON_VARIABLE,1995-06,1995-06,1,OK_SCALAR_COORD,RANGEEDGES,RANGEEDGES_WINDOW_COORDINATE_MATCH,1995-06-01 00:00:00; 1995-07-01 00:00:00,1995-06-01 00:00:00,"esquema=lead1_igual_mes_inicializacao, representação=NMME_HARMONIZED_MONTHLY",Fazendas_Sinobras_Centroide
1995-06,NOAA_NCEP,CFSv2,1995-06,4,3.5,1995-09,OK,"L.attrs contém termo(s) ['forecast_period'] — indica semântica de lead/target, mas isso sozinho não confirma o valor exato de H4 sem uma variável auxiliar de data-alvo. | nenhuma variável auxiliar de data-alvo (('target', 'valid_time', 'target_month', 'forecast_time')) encontrada no dataset aberto — tentando Método B (semântica documentada do eixo forecast_period, Seção 4). | confirmado pela semântica documentada do eixo forecast_period (Método B, Seção 4/6): inicialização confirmada via SCALAR_COORD_ON_VARIABLE (status=OK_SCALAR_COORD), L.standard_name='forecast_period'/units='months', grade [0.5, 1.5, 2.5, 3.5, 4.5, 5.5] mensal confirmada, rota com forecast_period_semantics_documented=True.",CONFIRMED_BY_FORECAST_PERIOD_SEMANTICS,SCALAR_COORD_ON_VARIABLE,1995-06,1995-06,1,OK_SCALAR_COORD,RANGEEDGES,RANGEEDGES_WINDOW_COORDINATE_MATCH,1995-06-01 00:00:00; 1995-07-01 00:00:00,1995-06-01 00:00:00,"esquema=lead1_igual_mes_inicializacao, representação=NMME_HARMONIZED_MONTHLY",Fazendas_Sinobras_Centroide
1995-06,NOAA_NCEP,CFSv2,1995-06,5,4.5,1995-10,OK,"L.attrs contém termo(s) ['forecast_period'] — indica semântica de lead/target, mas isso sozinho não confirma o valor exato de H5 sem uma variável auxiliar de data-alvo. | nenhuma variável auxiliar de data-alvo (('target', 'valid_time', 'target_month', 'forecast_time')) encontrada no dataset aberto — tentando Método B (semântica documentada do eixo forecast_period, Seção 4). | confirmado pela semântica documentada do eixo forecast_period (Método B, Seção 4/6): inicialização confirmada via SCALAR_COORD_ON_VARIABLE (status=OK_SCALAR_COORD), L.standard_name='forecast_period'/units='months', grade [0.5, 1.5, 2.5, 3.5, 4.5, 5.5] mensal confirmada, rota com forecast_period_semantics_documented=True.",CONFIRMED_BY_FORECAST_PERIOD_SEMANTICS,SCALAR_COORD_ON_VARIABLE,1995-06,1995-06,1,OK_SCALAR_COORD,RANGEEDGES,RANGEEDGES_WINDOW_COORDINATE_MATCH,1995-06-01 00:00:00; 1995-07-01 00:00:00,1995-06-01 00:00:00,"esquema=lead1_igual_mes_inicializacao, representação=NMME_HARMONIZED_MONTHLY",Fazendas_Sinobras_Centroide
1995-06,NOAA_NCEP,CFSv2,1995-06,6,5.5,1995-11,OK,"L.attrs contém termo(s) ['forecast_period'] — indica semântica de lead/target, mas isso sozinho não confirma o valor exato de H6 sem uma variável auxiliar de data-alvo. | nenhuma variável auxiliar de data-alvo (('target', 'valid_time', 'target_month', 'forecast_time')) encontrada no dataset aberto — tentando Método B (semântica documentada do eixo forecast_period, Seção 4). | confirmado pela semântica documentada do eixo forecast_period (Método B, Seção 4/6): inicialização confirmada via SCALAR_COORD_ON_VARIABLE (status=OK_SCALAR_COORD), L.standard_name='forecast_period'/units='months', grade [0.5, 1.5, 2.5, 3.5, 4.5, 5.5] mensal confirmada, rota com forecast_period_semantics_documented=True.",CONFIRMED_BY_FORECAST_PERIOD_SEMANTICS,SCALAR_COORD_ON_VARIABLE,1995-06,1995-06,1,OK_SCALAR_COORD,RANGEEDGES,RANGEEDGES_WINDOW_COORDINATE_MATCH,1995-06-01 00:00:00; 1995-07-01 00:00:00,1995-06-01 00:00:00,"esquema=lead1_igual_mes_inicializacao, representação=NMME_HARMONIZED_MONTHLY",Fazendas_Sinobras_Centroide
1995-07,NOAA_NCEP,CFSv2,1995-07,1,0.5,1995-07,OK,"L.attrs contém termo(s) ['forecast_period'] — indica semântica de lead/target, mas isso sozinho não confirma o valor exato de H1 sem uma variável auxiliar de data-alvo. | nenhuma variável auxiliar de data-alvo (('target', 'valid_time', 'target_month', 'forecast_time')) encontrada no dataset aberto — tentando Método B (semântica documentada do eixo forecast_period, Seção 4). | confirmado pela semântica documentada do eixo forecast_period (Método B, Seção 4/6): inicialização confirmada via SCALAR_COORD_ON_VARIABLE (status=OK_SCALAR_COORD), L.standard_name='forecast_period'/units='months', grade [0.5, 1.5, 2.5, 3.5, 4.5, 5.5] mensal confirmada, rota com forecast_period_semantics_documented=True.",CONFIRMED_BY_FORECAST_PERIOD_SEMANTICS,SCALAR_COORD_ON_VARIABLE,1995-07,1995-07,1,OK_SCALAR_COORD,RANGEEDGES,RANGEEDGES_WINDOW_COORDINATE_MATCH,1995-07-01 00:00:00; 1995-08-01 00:00:00,1995-07-01 00:00:00,"esquema=lead1_igual_mes_inicializacao, representação=NMME_HARMONIZED_MONTHLY",Fazendas_Sinobras_Centroide
1995-07,NOAA_NCEP,CFSv2,1995-07,2,1.5,1995-08,OK,"L.attrs contém termo(s) ['forecast_period'] — indica semântica de lead/target, mas isso sozinho não confirma o valor exato de H2 sem uma variável auxiliar de data-alvo. | nenhuma variável auxiliar de data-alvo (('target', 'valid_time', 'target_month', 'forecast_time')) encontrada no dataset aberto — tentando Método B (semântica documentada do eixo forecast_period, Seção 4). | confirmado pela semântica documentada do eixo forecast_period (Método B, Seção 4/6): inicialização confirmada via SCALAR_COORD_ON_VARIABLE (status=OK_SCALAR_COORD), L.standard_name='forecast_period'/units='months', grade [0.5, 1.5, 2.5, 3.5, 4.5, 5.5] mensal confirmada, rota com forecast_period_semantics_documented=True.",CONFIRMED_BY_FORECAST_PERIOD_SEMANTICS,SCALAR_COORD_ON_VARIABLE,1995-07,1995-07,1,OK_SCALAR_COORD,RANGEEDGES,RANGEEDGES_WINDOW_COORDINATE_MATCH,1995-07-01 00:00:00; 1995-08-01 00:00:00,1995-07-01 00:00:00,"esquema=lead1_igual_mes_inicializacao, representação=NMME_HARMONIZED_MONTHLY",Fazendas_Sinobras_Centroide
1995-07,NOAA_NCEP,CFSv2,1995-07,3,2.5,1995-09,OK,"L.attrs contém termo(s) ['forecast_period'] — indica semântica de lead/target, mas isso sozinho não confirma o valor exato de H3 sem uma variável auxiliar de data-alvo. | nenhuma variável auxiliar de data-alvo (('target', 'valid_time', 'target_month', 'forecast_time')) encontrada no dataset aberto — tentando Método B (semântica documentada do eixo forecast_period, Seção 4). | confirmado pela semântica documentada do eixo forecast_period (Método B, Seção 4/6): inicialização confirmada via SCALAR_COORD_ON_VARIABLE (status=OK_SCALAR_COORD), L.standard_name='forecast_period'/units='months', grade [0.5, 1.5, 2.5, 3.5, 4.5, 5.5] mensal confirmada, rota com forecast_period_semantics_documented=True.",CONFIRMED_BY_FORECAST_PERIOD_SEMANTICS,SCALAR_COORD_ON_VARIABLE,1995-07,1995-07,1,OK_SCALAR_COORD,RANGEEDGES,RANGEEDGES_WINDOW_COORDINATE_MATCH,1995-07-01 00:00:00; 1995-08-01 00:00:00,1995-07-01 00:00:00,"esquema=lead1_igual_mes_inicializacao, representação=NMME_HARMONIZED_MONTHLY",Fazendas_Sinobras_Centroide
1995-07,NOAA_NCEP,CFSv2,1995-07,4,3.5,1995-10,OK,"L.attrs contém termo(s) ['forecast_period'] — indica semântica de lead/target, mas isso sozinho não confirma o valor exato de H4 sem uma variável auxiliar de data-alvo. | nenhuma variável auxiliar de data-alvo (('target', 'valid_time', 'target_month', 'forecast_time')) encontrada no dataset aberto — tentando Método B (semântica documentada do eixo forecast_period, Seção 4). | confirmado pela semântica documentada do eixo forecast_period (Método B, Seção 4/6): inicialização confirmada via SCALAR_COORD_ON_VARIABLE (status=OK_SCALAR_COORD), L.standard_name='forecast_period'/units='months', grade [0.5, 1.5, 2.5, 3.5, 4.5, 5.5] mensal confirmada, rota com forecast_period_semantics_documented=True.",CONFIRMED_BY_FORECAST_PERIOD_SEMANTICS,SCALAR_COORD_ON_VARIABLE,1995-07,1995-07,1,OK_SCALAR_COORD,RANGEEDGES,RANGEEDGES_WINDOW_COORDINATE_MATCH,1995-07-01 00:00:00; 1995-08-01 00:00:00,1995-07-01 00:00:00,"esquema=lead1_igual_mes_inicializacao, representação=NMME_HARMONIZED_MONTHLY",Fazendas_Sinobras_Centroide
1995-07,NOAA_NCEP,CFSv2,1995-07,5,4.5,1995-11,OK,"L.attrs contém termo(s) ['forecast_period'] — indica semântica de lead/target, mas isso sozinho não confirma o valor exato de H5 sem uma variável auxiliar de data-alvo. | nenhuma variável auxiliar de data-alvo (('target', 'valid_time', 'target_month', 'forecast_time')) encontrada no dataset aberto — tentando Método B (semântica documentada do eixo forecast_period, Seção 4). | confirmado pela semântica documentada do eixo forecast_period (Método B, Seção 4/6): inicialização confirmada via SCALAR_COORD_ON_VARIABLE (status=OK_SCALAR_COORD), L.standard_name='forecast_period'/units='months', grade [0.5, 1.5, 2.5, 3.5, 4.5, 5.5] mensal confirmada, rota com forecast_period_semantics_documented=True.",CONFIRMED_BY_FORECAST_PERIOD_SEMANTICS,SCALAR_COORD_ON_VARIABLE,1995-07,1995-07,1,OK_SCALAR_COORD,RANGEEDGES,RANGEEDGES_WINDOW_COORDINATE_MATCH,1995-07-01 00:00:00; 1995-08-01 00:00:00,1995-07-01 00:00:00,"esquema=lead1_igual_mes_inicializacao, representação=NMME_HARMONIZED_MONTHLY",Fazendas_Sinobras_Centroide
1995-07,NOAA_NCEP,CFSv2,1995-07,6,5.5,1995-12,OK,"L.attrs contém termo(s) ['forecast_period'] — indica semântica de lead/target, mas isso sozinho não confirma o valor exato de H6 sem uma variável auxiliar de data-alvo. | nenhuma variável auxiliar de data-alvo (('target', 'valid_time', 'target_month', 'forecast_time')) encontrada no dataset aberto — tentando Método B (semântica documentada do eixo forecast_period, Seção 4). | confirmado pela semântica documentada do eixo forecast_period (Método B, Seção 4/6): inicialização confirmada via SCALAR_COORD_ON_VARIABLE (status=OK_SCALAR_COORD), L.standard_name='forecast_period'/units='months', grade [0.5, 1.5, 2.5, 3.5, 4.5, 5.5] mensal confirmada, rota com forecast_period_semantics_documented=True.",CONFIRMED_BY_FORECAST_PERIOD_SEMANTICS,SCALAR_COORD_ON_VARIABLE,1995-07,1995-07,1,OK_SCALAR_COORD,RANGEEDGES,RANGEEDGES_WINDOW_COORDINATE_MATCH,1995-07-01 00:00:00; 1995-08-01 00:00:00,1995-07-01 00:00:00,"esquema=lead1_igual_mes_inicializacao, representação=NMME_HARMONIZED_MONTHLY",Fazendas_Sinobras_Centroide
1995-08,NOAA_NCEP,CFSv2,1995-08,1,0.5,1995-08,OK,"L.attrs contém termo(s) ['forecast_period'] — indica semântica de lead/target, mas isso sozinho não confirma o valor exato de H1 sem uma variável auxiliar de data-alvo. | nenhuma variável auxiliar de data-alvo (('target', 'valid_time', 'target_month', 'forecast_time')) encontrada no dataset aberto — tentando Método B (semântica documentada do eixo forecast_period, Seção 4). | confirmado pela semântica documentada do eixo forecast_period (Método B, Seção 4/6): inicialização confirmada via SCALAR_COORD_ON_VARIABLE (status=OK_SCALAR_COORD), L.standard_name='forecast_period'/units='months', grade [0.5, 1.5, 2.5, 3.5, 4.5, 5.5] mensal confirmada, rota com forecast_period_semantics_documented=True.",CONFIRMED_BY_FORECAST_PERIOD_SEMANTICS,SCALAR_COORD_ON_VARIABLE,1995-08,1995-08,1,OK_SCALAR_COORD,RANGEEDGES,RANGEEDGES_WINDOW_COORDINATE_MATCH,1995-08-01 00:00:00; 1995-09-01 00:00:00,1995-08-01 00:00:00,"esquema=lead1_igual_mes_inicializacao, representação=NMME_HARMONIZED_MONTHLY",Fazendas_Sinobras_Centroide
1995-08,NOAA_NCEP,CFSv2,1995-08,2,1.5,1995-09,OK,"L.attrs contém termo(s) ['forecast_period'] — indica semântica de lead/target, mas isso sozinho não confirma o valor exato de H2 sem uma variável auxiliar de data-alvo. | nenhuma variável auxiliar de data-alvo (('target', 'valid_time', 'target_month', 'forecast_time')) encontrada no dataset aberto — tentando Método B (semântica documentada do eixo forecast_period, Seção 4). | confirmado pela semântica documentada do eixo forecast_period (Método B, Seção 4/6): inicialização confirmada via SCALAR_COORD_ON_VARIABLE (status=OK_SCALAR_COORD), L.standard_name='forecast_period'/units='months', grade [0.5, 1.5, 2.5, 3.5, 4.5, 5.5] mensal confirmada, rota com forecast_period_semantics_documented=True.",CONFIRMED_BY_FORECAST_PERIOD_SEMANTICS,SCALAR_COORD_ON_VARIABLE,1995-08,1995-08,1,OK_SCALAR_COORD,RANGEEDGES,RANGEEDGES_WINDOW_COORDINATE_MATCH,1995-08-01 00:00:00; 1995-09-01 00:00:00,1995-08-01 00:00:00,"esquema=lead1_igual_mes_inicializacao, representação=NMME_HARMONIZED_MONTHLY",Fazendas_Sinobras_Centroide
1995-08,NOAA_NCEP,CFSv2,1995-08,3,2.5,1995-10,OK,"L.attrs contém termo(s) ['forecast_period'] — indica semântica de lead/target, mas isso sozinho não confirma o valor exato de H3 sem uma variável auxiliar de data-alvo. | nenhuma variável auxiliar de data-alvo (('target', 'valid_time', 'target_month', 'forecast_time')) encontrada no dataset aberto — tentando Método B (semântica documentada do eixo forecast_period, Seção 4). | confirmado pela semântica documentada do eixo forecast_period (Método B, Seção 4/6): inicialização confirmada via SCALAR_COORD_ON_VARIABLE (status=OK_SCALAR_COORD), L.standard_name='forecast_period'/units='months', grade [0.5, 1.5, 2.5, 3.5, 4.5, 5.5] mensal confirmada, rota com forecast_period_semantics_documented=True.",CONFIRMED_BY_FORECAST_PERIOD_SEMANTICS,SCALAR_COORD_ON_VARIABLE,1995-08,1995-08,1,OK_SCALAR_COORD,RANGEEDGES,RANGEEDGES_WINDOW_COORDINATE_MATCH,1995-08-01 00:00:00; 1995-09-01 00:00:00,1995-08-01 00:00:00,"esquema=lead1_igual_mes_inicializacao, representação=NMME_HARMONIZED_MONTHLY",Fazendas_Sinobras_Centroide
1995-08,NOAA_NCEP,CFSv2,1995-08,4,3.5,1995-11,OK,"L.attrs contém termo(s) ['forecast_period'] — indica semântica de lead/target, mas isso sozinho não confirma o valor exato de H4 sem uma variável auxiliar de data-alvo. | nenhuma variável auxiliar de data-alvo (('target', 'valid_time', 'target_month', 'forecast_time')) encontrada no dataset aberto — tentando Método B (semântica documentada do eixo forecast_period, Seção 4). | confirmado pela semântica documentada do eixo forecast_period (Método B, Seção 4/6): inicialização confirmada via SCALAR_COORD_ON_VARIABLE (status=OK_SCALAR_COORD), L.standard_name='forecast_period'/units='months', grade [0.5, 1.5, 2.5, 3.5, 4.5, 5.5] mensal confirmada, rota com forecast_period_semantics_documented=True.",CONFIRMED_BY_FORECAST_PERIOD_SEMANTICS,SCALAR_COORD_ON_VARIABLE,1995-08,1995-08,1,OK_SCALAR_COORD,RANGEEDGES,RANGEEDGES_WINDOW_COORDINATE_MATCH,1995-08-01 00:00:00; 1995-09-01 00:00:00,1995-08-01 00:00:00,"esquema=lead1_igual_mes_inicializacao, representação=NMME_HARMONIZED_MONTHLY",Fazendas_Sinobras_Centroide
1995-08,NOAA_NCEP,CFSv2,1995-08,5,4.5,1995-12,OK,"L.attrs contém termo(s) ['forecast_period'] — indica semântica de lead/target, mas isso sozinho não confirma o valor exato de H5 sem uma variável auxiliar de data-alvo. | nenhuma variável auxiliar de data-alvo (('target', 'valid_time', 'target_month', 'forecast_time')) encontrada no dataset aberto — tentando Método B (semântica documentada do eixo forecast_period, Seção 4). | confirmado pela semântica documentada do eixo forecast_period (Método B, Seção 4/6): inicialização confirmada via SCALAR_COORD_ON_VARIABLE (status=OK_SCALAR_COORD), L.standard_name='forecast_period'/units='months', grade [0.5, 1.5, 2.5, 3.5, 4.5, 5.5] mensal confirmada, rota com forecast_period_semantics_documented=True.",CONFIRMED_BY_FORECAST_PERIOD_SEMANTICS,SCALAR_COORD_ON_VARIABLE,1995-08,1995-08,1,OK_SCALAR_COORD,RANGEEDGES,RANGEEDGES_WINDOW_COORDINATE_MATCH,1995-08-01 00:00:00; 1995-09-01 00:00:00,1995-08-01 00:00:00,"esquema=lead1_igual_mes_inicializacao, representação=NMME_HARMONIZED_MONTHLY",Fazendas_Sinobras_Centroide
1995-08,NOAA_NCEP,CFSv2,1995-08,6,5.5,1996-01,OK,"L.attrs contém termo(s) ['forecast_period'] — indica semântica de lead/target, mas isso sozinho não confirma o valor exato de H6 sem uma variável auxiliar de data-alvo. | nenhuma variável auxiliar de data-alvo (('target', 'valid_time', 'target_month', 'forecast_time')) encontrada no dataset aberto — tentando Método B (semântica documentada do eixo forecast_period, Seção 4). | confirmado pela semântica documentada do eixo forecast_period (Método B, Seção 4/6): inicialização confirmada via SCALAR_COORD_ON_VARIABLE (status=OK_SCALAR_COORD), L.standard_name='forecast_period'/units='months', grade [0.5, 1.5, 2.5, 3.5, 4.5, 5.5] mensal confirmada, rota com forecast_period_semantics_documented=True.",CONFIRMED_BY_FORECAST_PERIOD_SEMANTICS,SCALAR_COORD_ON_VARIABLE,1995-08,1995-08,1,OK_SCALAR_COORD,RANGEEDGES,RANGEEDGES_WINDOW_COORDINATE_MATCH,1995-08-01 00:00:00; 1995-09-01 00:00:00,1995-08-01 00:00:00,"esquema=lead1_igual_mes_inicializacao, representação=NMME_HARMONIZED_MONTHLY",Fazendas_Sinobras_Centroide
1995-09,NOAA_NCEP,CFSv2,1995-09,1,0.5,1995-09,OK,"L.attrs contém termo(s) ['forecast_period'] — indica semântica de lead/target, mas isso sozinho não confirma o valor exato de H1 sem uma variável auxiliar de data-alvo. | nenhuma variável auxiliar de data-alvo (('target', 'valid_time', 'target_month', 'forecast_time')) encontrada no dataset aberto — tentando Método B (semântica documentada do eixo forecast_period, Seção 4). | confirmado pela semântica documentada do eixo forecast_period (Método B, Seção 4/6): inicialização confirmada via SCALAR_COORD_ON_VARIABLE (status=OK_SCALAR_COORD), L.standard_name='forecast_period'/units='months', grade [0.5, 1.5, 2.5, 3.5, 4.5, 5.5] mensal confirmada, rota com forecast_period_semantics_documented=True.",CONFIRMED_BY_FORECAST_PERIOD_SEMANTICS,SCALAR_COORD_ON_VARIABLE,1995-09,1995-09,1,OK_SCALAR_COORD,RANGEEDGES,RANGEEDGES_WINDOW_COORDINATE_MATCH,1995-09-01 00:00:00; 1995-10-01 00:00:00,1995-09-01 00:00:00,"esquema=lead1_igual_mes_inicializacao, representação=NMME_HARMONIZED_MONTHLY",Fazendas_Sinobras_Centroide
1995-09,NOAA_NCEP,CFSv2,1995-09,2,1.5,1995-10,OK,"L.attrs contém termo(s) ['forecast_period'] — indica semântica de lead/target, mas isso sozinho não confirma o valor exato de H2 sem uma variável auxiliar de data-alvo. | nenhuma variável auxiliar de data-alvo (('target', 'valid_time', 'target_month', 'forecast_time')) encontrada no dataset aberto — tentando Método B (semântica documentada do eixo forecast_period, Seção 4). | confirmado pela semântica documentada do eixo forecast_period (Método B, Seção 4/6): inicialização confirmada via SCALAR_COORD_ON_VARIABLE (status=OK_SCALAR_COORD), L.standard_name='forecast_period'/units='months', grade [0.5, 1.5, 2.5, 3.5, 4.5, 5.5] mensal confirmada, rota com forecast_period_semantics_documented=True.",CONFIRMED_BY_FORECAST_PERIOD_SEMANTICS,SCALAR_COORD_ON_VARIABLE,1995-09,1995-09,1,OK_SCALAR_COORD,RANGEEDGES,RANGEEDGES_WINDOW_COORDINATE_MATCH,1995-09-01 00:00:00; 1995-10-01 00:00:00,1995-09-01 00:00:00,"esquema=lead1_igual_mes_inicializacao, representação=NMME_HARMONIZED_MONTHLY",Fazendas_Sinobras_Centroide
1995-09,NOAA_NCEP,CFSv2,1995-09,3,2.5,1995-11,OK,"L.attrs contém termo(s) ['forecast_period'] — indica semântica de lead/target, mas isso sozinho não confirma o valor exato de H3 sem uma variável auxiliar de data-alvo. | nenhuma variável auxiliar de data-alvo (('target', 'valid_time', 'target_month', 'forecast_time')) encontrada no dataset aberto — tentando Método B (semântica documentada do eixo forecast_period, Seção 4). | confirmado pela semântica documentada do eixo forecast_period (Método B, Seção 4/6): inicialização confirmada via SCALAR_COORD_ON_VARIABLE (status=OK_SCALAR_COORD), L.standard_name='forecast_period'/units='months', grade [0.5, 1.5, 2.5, 3.5, 4.5, 5.5] mensal confirmada, rota com forecast_period_semantics_documented=True.",CONFIRMED_BY_FORECAST_PERIOD_SEMANTICS,SCALAR_COORD_ON_VARIABLE,1995-09,1995-09,1,OK_SCALAR_COORD,RANGEEDGES,RANGEEDGES_WINDOW_COORDINATE_MATCH,1995-09-01 00:00:00; 1995-10-01 00:00:00,1995-09-01 00:00:00,"esquema=lead1_igual_mes_inicializacao, representação=NMME_HARMONIZED_MONTHLY",Fazendas_Sinobras_Centroide
1995-09,NOAA_NCEP,CFSv2,1995-09,4,3.5,1995-12,OK,"L.attrs contém termo(s) ['forecast_period'] — indica semântica de lead/target, mas isso sozinho não confirma o valor exato de H4 sem uma variável auxiliar de data-alvo. | nenhuma variável auxiliar de data-alvo (('target', 'valid_time', 'target_month', 'forecast_time')) encontrada no dataset aberto — tentando Método B (semântica documentada do eixo forecast_period, Seção 4). | confirmado pela semântica documentada do eixo forecast_period (Método B, Seção 4/6): inicialização confirmada via SCALAR_COORD_ON_VARIABLE (status=OK_SCALAR_COORD), L.standard_name='forecast_period'/units='months', grade [0.5, 1.5, 2.5, 3.5, 4.5, 5.5] mensal confirmada, rota com forecast_period_semantics_documented=True.",CONFIRMED_BY_FORECAST_PERIOD_SEMANTICS,SCALAR_COORD_ON_VARIABLE,1995-09,1995-09,1,OK_SCALAR_COORD,RANGEEDGES,RANGEEDGES_WINDOW_COORDINATE_MATCH,1995-09-01 00:00:00; 1995-10-01 00:00:00,1995-09-01 00:00:00,"esquema=lead1_igual_mes_inicializacao, representação=NMME_HARMONIZED_MONTHLY",Fazendas_Sinobras_Centroide
1995-09,NOAA_NCEP,CFSv2,1995-09,5,4.5,1996-01,OK,"L.attrs contém termo(s) ['forecast_period'] — indica semântica de lead/target, mas isso sozinho não confirma o valor exato de H5 sem uma variável auxiliar de data-alvo. | nenhuma variável auxiliar de data-alvo (('target', 'valid_time', 'target_month', 'forecast_time')) encontrada no dataset aberto — tentando Método B (semântica documentada do eixo forecast_period, Seção 4). | confirmado pela semântica documentada do eixo forecast_period (Método B, Seção 4/6): inicialização confirmada via SCALAR_COORD_ON_VARIABLE (status=OK_SCALAR_COORD), L.standard_name='forecast_period'/units='months', grade [0.5, 1.5, 2.5, 3.5, 4.5, 5.5] mensal confirmada, rota com forecast_period_semantics_documented=True.",CONFIRMED_BY_FORECAST_PERIOD_SEMANTICS,SCALAR_COORD_ON_VARIABLE,1995-09,1995-09,1,OK_SCALAR_COORD,RANGEEDGES,RANGEEDGES_WINDOW_COORDINATE_MATCH,1995-09-01 00:00:00; 1995-10-01 00:00:00,1995-09-01 00:00:00,"esquema=lead1_igual_mes_inicializacao, representação=NMME_HARMONIZED_MONTHLY",Fazendas_Sinobras_Centroide
1995-09,NOAA_NCEP,CFSv2,1995-09,6,5.5,1996-02,OK,"L.attrs contém termo(s) ['forecast_period'] — indica semântica de lead/target, mas isso sozinho não confirma o valor exato de H6 sem uma variável auxiliar de data-alvo. | nenhuma variável auxiliar de data-alvo (('target', 'valid_time', 'target_month', 'forecast_time')) encontrada no dataset aberto — tentando Método B (semântica documentada do eixo forecast_period, Seção 4). | confirmado pela semântica documentada do eixo forecast_period (Método B, Seção 4/6): inicialização confirmada via SCALAR_COORD_ON_VARIABLE (status=OK_SCALAR_COORD), L.standard_name='forecast_period'/units='months', grade [0.5, 1.5, 2.5, 3.5, 4.5, 5.5] mensal confirmada, rota com forecast_period_semantics_documented=True.",CONFIRMED_BY_FORECAST_PERIOD_SEMANTICS,SCALAR_COORD_ON_VARIABLE,1995-09,1995-09,1,OK_SCALAR_COORD,RANGEEDGES,RANGEEDGES_WINDOW_COORDINATE_MATCH,1995-09-01 00:00:00; 1995-10-01 00:00:00,1995-09-01 00:00:00,"esquema=lead1_igual_mes_inicializacao, representação=NMME_HARMONIZED_MONTHLY",Fazendas_Sinobras_Centroide
1995-10,NOAA_NCEP,CFSv2,1995-10,1,0.5,1995-10,OK,"L.attrs contém termo(s) ['forecast_period'] — indica semântica de lead/target, mas isso sozinho não confirma o valor exato de H1 sem uma variável auxiliar de data-alvo. | nenhuma variável auxiliar de data-alvo (('target', 'valid_time', 'target_month', 'forecast_time')) encontrada no dataset aberto — tentando Método B (semântica documentada do eixo forecast_period, Seção 4). | confirmado pela semântica documentada do eixo forecast_period (Método B, Seção 4/6): inicialização confirmada via SCALAR_COORD_ON_VARIABLE (status=OK_SCALAR_COORD), L.standard_name='forecast_period'/units='months', grade [0.5, 1.5, 2.5, 3.5, 4.5, 5.5] mensal confirmada, rota com forecast_period_semantics_documented=True.",CONFIRMED_BY_FORECAST_PERIOD_SEMANTICS,SCALAR_COORD_ON_VARIABLE,1995-10,1995-10,1,OK_SCALAR_COORD,RANGEEDGES,RANGEEDGES_WINDOW_COORDINATE_MATCH,1995-10-01 00:00:00; 1995-11-01 00:00:00,1995-10-01 00:00:00,"esquema=lead1_igual_mes_inicializacao, representação=NMME_HARMONIZED_MONTHLY",Fazendas_Sinobras_Centroide
1995-10,NOAA_NCEP,CFSv2,1995-10,2,1.5,1995-11,OK,"L.attrs contém termo(s) ['forecast_period'] — indica semântica de lead/target, mas isso sozinho não confirma o valor exato de H2 sem uma variável auxiliar de data-alvo. | nenhuma variável auxiliar de data-alvo (('target', 'valid_time', 'target_month', 'forecast_time')) encontrada no dataset aberto — tentando Método B (semântica documentada do eixo forecast_period, Seção 4). | confirmado pela semântica documentada do eixo forecast_period (Método B, Seção 4/6): inicialização confirmada via SCALAR_COORD_ON_VARIABLE (status=OK_SCALAR_COORD), L.standard_name='forecast_period'/units='months', grade [0.5, 1.5, 2.5, 3.5, 4.5, 5.5] mensal confirmada, rota com forecast_period_semantics_documented=True.",CONFIRMED_BY_FORECAST_PERIOD_SEMANTICS,SCALAR_COORD_ON_VARIABLE,1995-10,1995-10,1,OK_SCALAR_COORD,RANGEEDGES,RANGEEDGES_WINDOW_COORDINATE_MATCH,1995-10-01 00:00:00; 1995-11-01 00:00:00,1995-10-01 00:00:00,"esquema=lead1_igual_mes_inicializacao, representação=NMME_HARMONIZED_MONTHLY",Fazendas_Sinobras_Centroide
1995-10,NOAA_NCEP,CFSv2,1995-10,3,2.5,1995-12,OK,"L.attrs contém termo(s) ['forecast_period'] — indica semântica de lead/target, mas isso sozinho não confirma o valor exato de H3 sem uma variável auxiliar de data-alvo. | nenhuma variável auxiliar de data-alvo (('target', 'valid_time', 'target_month', 'forecast_time')) encontrada no dataset aberto — tentando Método B (semântica documentada do eixo forecast_period, Seção 4). | confirmado pela semântica documentada do eixo forecast_period (Método B, Seção 4/6): inicialização confirmada via SCALAR_COORD_ON_VARIABLE (status=OK_SCALAR_COORD), L.standard_name='forecast_period'/units='months', grade [0.5, 1.5, 2.5, 3.5, 4.5, 5.5] mensal confirmada, rota com forecast_period_semantics_documented=True.",CONFIRMED_BY_FORECAST_PERIOD_SEMANTICS,SCALAR_COORD_ON_VARIABLE,1995-10,1995-10,1,OK_SCALAR_COORD,RANGEEDGES,RANGEEDGES_WINDOW_COORDINATE_MATCH,1995-10-01 00:00:00; 1995-11-01 00:00:00,1995-10-01 00:00:00,"esquema=lead1_igual_mes_inicializacao, representação=NMME_HARMONIZED_MONTHLY",Fazendas_Sinobras_Centroide
1995-10,NOAA_NCEP,CFSv2,1995-10,4,3.5,1996-01,OK,"L.attrs contém termo(s) ['forecast_period'] — indica semântica de lead/target, mas isso sozinho não confirma o valor exato de H4 sem uma variável auxiliar de data-alvo. | nenhuma variável auxiliar de data-alvo (('target', 'valid_time', 'target_month', 'forecast_time')) encontrada no dataset aberto — tentando Método B (semântica documentada do eixo forecast_period, Seção 4). | confirmado pela semântica documentada do eixo forecast_period (Método B, Seção 4/6): inicialização confirmada via SCALAR_COORD_ON_VARIABLE (status=OK_SCALAR_COORD), L.standard_name='forecast_period'/units='months', grade [0.5, 1.5, 2.5, 3.5, 4.5, 5.5] mensal confirmada, rota com forecast_period_semantics_documented=True.",CONFIRMED_BY_FORECAST_PERIOD_SEMANTICS,SCALAR_COORD_ON_VARIABLE,1995-10,1995-10,1,OK_SCALAR_COORD,RANGEEDGES,RANGEEDGES_WINDOW_COORDINATE_MATCH,1995-10-01 00:00:00; 1995-11-01 00:00:00,1995-10-01 00:00:00,"esquema=lead1_igual_mes_inicializacao, representação=NMME_HARMONIZED_MONTHLY",Fazendas_Sinobras_Centroide
1995-10,NOAA_NCEP,CFSv2,1995-10,5,4.5,1996-02,OK,"L.attrs contém termo(s) ['forecast_period'] — indica semântica de lead/target, mas isso sozinho não confirma o valor exato de H5 sem uma variável auxiliar de data-alvo. | nenhuma variável auxiliar de data-alvo (('target', 'valid_time', 'target_month', 'forecast_time')) encontrada no dataset aberto — tentando Método B (semântica documentada do eixo forecast_period, Seção 4). | confirmado pela semântica documentada do eixo forecast_period (Método B, Seção 4/6): inicialização confirmada via SCALAR_COORD_ON_VARIABLE (status=OK_SCALAR_COORD), L.standard_name='forecast_period'/units='months', grade [0.5, 1.5, 2.5, 3.5, 4.5, 5.5] mensal confirmada, rota com forecast_period_semantics_documented=True.",CONFIRMED_BY_FORECAST_PERIOD_SEMANTICS,SCALAR_COORD_ON_VARIABLE,1995-10,1995-10,1,OK_SCALAR_COORD,RANGEEDGES,RANGEEDGES_WINDOW_COORDINATE_MATCH,1995-10-01 00:00:00; 1995-11-01 00:00:00,1995-10-01 00:00:00,"esquema=lead1_igual_mes_inicializacao, representação=NMME_HARMONIZED_MONTHLY",Fazendas_Sinobras_Centroide
1995-10,NOAA_NCEP,CFSv2,1995-10,6,5.5,1996-03,OK,"L.attrs contém termo(s) ['forecast_period'] — indica semântica de lead/target, mas isso sozinho não confirma o valor exato de H6 sem uma variável auxiliar de data-alvo. | nenhuma variável auxiliar de data-alvo (('target', 'valid_time', 'target_month', 'forecast_time')) encontrada no dataset aberto — tentando Método B (semântica documentada do eixo forecast_period, Seção 4). | confirmado pela semântica documentada do eixo forecast_period (Método B, Seção 4/6): inicialização confirmada via SCALAR_COORD_ON_VARIABLE (status=OK_SCALAR_COORD), L.standard_name='forecast_period'/units='months', grade [0.5, 1.5, 2.5, 3.5, 4.5, 5.5] mensal confirmada, rota com forecast_period_semantics_documented=True.",CONFIRMED_BY_FORECAST_PERIOD_SEMANTICS,SCALAR_COORD_ON_VARIABLE,1995-10,1995-10,1,OK_SCALAR_COORD,RANGEEDGES,RANGEEDGES_WINDOW_COORDINATE_MATCH,1995-10-01 00:00:00; 1995-11-01 00:00:00,1995-10-01 00:00:00,"esquema=lead1_igual_mes_inicializacao, representação=NMME_HARMONIZED_MONTHLY",Fazendas_Sinobras_Centroide
1995-11,NOAA_NCEP,CFSv2,1995-11,1,0.5,1995-11,OK,"L.attrs contém termo(s) ['forecast_period'] — indica semântica de lead/target, mas isso sozinho não confirma o valor exato de H1 sem uma variável auxiliar de data-alvo. | nenhuma variável auxiliar de data-alvo (('target', 'valid_time', 'target_month', 'forecast_time')) encontrada no dataset aberto — tentando Método B (semântica documentada do eixo forecast_period, Seção 4). | confirmado pela semântica documentada do eixo forecast_period (Método B, Seção 4/6): inicialização confirmada via SCALAR_COORD_ON_VARIABLE (status=OK_SCALAR_COORD), L.standard_name='forecast_period'/units='months', grade [0.5, 1.5, 2.5, 3.5, 4.5, 5.5] mensal confirmada, rota com forecast_period_semantics_documented=True.",CONFIRMED_BY_FORECAST_PERIOD_SEMANTICS,SCALAR_COORD_ON_VARIABLE,1995-11,1995-11,1,OK_SCALAR_COORD,RANGEEDGES,RANGEEDGES_WINDOW_COORDINATE_MATCH,1995-11-01 00:00:00; 1995-12-01 00:00:00,1995-11-01 00:00:00,"esquema=lead1_igual_mes_inicializacao, representação=NMME_HARMONIZED_MONTHLY",Fazendas_Sinobras_Centroide
1995-11,NOAA_NCEP,CFSv2,1995-11,2,1.5,1995-12,OK,"L.attrs contém termo(s) ['forecast_period'] — indica semântica de lead/target, mas isso sozinho não confirma o valor exato de H2 sem uma variável auxiliar de data-alvo. | nenhuma variável auxiliar de data-alvo (('target', 'valid_time', 'target_month', 'forecast_time')) encontrada no dataset aberto — tentando Método B (semântica documentada do eixo forecast_period, Seção 4). | confirmado pela semântica documentada do eixo forecast_period (Método B, Seção 4/6): inicialização confirmada via SCALAR_COORD_ON_VARIABLE (status=OK_SCALAR_COORD), L.standard_name='forecast_period'/units='months', grade [0.5, 1.5, 2.5, 3.5, 4.5, 5.5] mensal confirmada, rota com forecast_period_semantics_documented=True.",CONFIRMED_BY_FORECAST_PERIOD_SEMANTICS,SCALAR_COORD_ON_VARIABLE,1995-11,1995-11,1,OK_SCALAR_COORD,RANGEEDGES,RANGEEDGES_WINDOW_COORDINATE_MATCH,1995-11-01 00:00:00; 1995-12-01 00:00:00,1995-11-01 00:00:00,"esquema=lead1_igual_mes_inicializacao, representação=NMME_HARMONIZED_MONTHLY",Fazendas_Sinobras_Centroide
1995-11,NOAA_NCEP,CFSv2,1995-11,3,2.5,1996-01,OK,"L.attrs contém termo(s) ['forecast_period'] — indica semântica de lead/target, mas isso sozinho não confirma o valor exato de H3 sem uma variável auxiliar de data-alvo. | nenhuma variável auxiliar de data-alvo (('target', 'valid_time', 'target_month', 'forecast_time')) encontrada no dataset aberto — tentando Método B (semântica documentada do eixo forecast_period, Seção 4). | confirmado pela semântica documentada do eixo forecast_period (Método B, Seção 4/6): inicialização confirmada via SCALAR_COORD_ON_VARIABLE (status=OK_SCALAR_COORD), L.standard_name='forecast_period'/units='months', grade [0.5, 1.5, 2.5, 3.5, 4.5, 5.5] mensal confirmada, rota com forecast_period_semantics_documented=True.",CONFIRMED_BY_FORECAST_PERIOD_SEMANTICS,SCALAR_COORD_ON_VARIABLE,1995-11,1995-11,1,OK_SCALAR_COORD,RANGEEDGES,RANGEEDGES_WINDOW_COORDINATE_MATCH,1995-11-01 00:00:00; 1995-12-01 00:00:00,1995-11-01 00:00:00,"esquema=lead1_igual_mes_inicializacao, representação=NMME_HARMONIZED_MONTHLY",Fazendas_Sinobras_Centroide
1995-11,NOAA_NCEP,CFSv2,1995-11,4,3.5,1996-02,OK,"L.attrs contém termo(s) ['forecast_period'] — indica semântica de lead/target, mas isso sozinho não confirma o valor exato de H4 sem uma variável auxiliar de data-alvo. | nenhuma variável auxiliar de data-alvo (('target', 'valid_time', 'target_month', 'forecast_time')) encontrada no dataset aberto — tentando Método B (semântica documentada do eixo forecast_period, Seção 4). | confirmado pela semântica documentada do eixo forecast_period (Método B, Seção 4/6): inicialização confirmada via SCALAR_COORD_ON_VARIABLE (status=OK_SCALAR_COORD), L.standard_name='forecast_period'/units='months', grade [0.5, 1.5, 2.5, 3.5, 4.5, 5.5] mensal confirmada, rota com forecast_period_semantics_documented=True.",CONFIRMED_BY_FORECAST_PERIOD_SEMANTICS,SCALAR_COORD_ON_VARIABLE,1995-11,1995-11,1,OK_SCALAR_COORD,RANGEEDGES,RANGEEDGES_WINDOW_COORDINATE_MATCH,1995-11-01 00:00:00; 1995-12-01 00:00:00,1995-11-01 00:00:00,"esquema=lead1_igual_mes_inicializacao, representação=NMME_HARMONIZED_MONTHLY",Fazendas_Sinobras_Centroide
1995-11,NOAA_NCEP,CFSv2,1995-11,5,4.5,1996-03,OK,"L.attrs contém termo(s) ['forecast_period'] — indica semântica de lead/target, mas isso sozinho não confirma o valor exato de H5 sem uma variável auxiliar de data-alvo. | nenhuma variável auxiliar de data-alvo (('target', 'valid_time', 'target_month', 'forecast_time')) encontrada no dataset aberto — tentando Método B (semântica documentada do eixo forecast_period, Seção 4). | confirmado pela semântica documentada do eixo forecast_period (Método B, Seção 4/6): inicialização confirmada via SCALAR_COORD_ON_VARIABLE (status=OK_SCALAR_COORD), L.standard_name='forecast_period'/units='months', grade [0.5, 1.5, 2.5, 3.5, 4.5, 5.5] mensal confirmada, rota com forecast_period_semantics_documented=True.",CONFIRMED_BY_FORECAST_PERIOD_SEMANTICS,SCALAR_COORD_ON_VARIABLE,1995-11,1995-11,1,OK_SCALAR_COORD,RANGEEDGES,RANGEEDGES_WINDOW_COORDINATE_MATCH,1995-11-01 00:00:00; 1995-12-01 00:00:00,1995-11-01 00:00:00,"esquema=lead1_igual_mes_inicializacao, representação=NMME_HARMONIZED_MONTHLY",Fazendas_Sinobras_Centroide
1995-11,NOAA_NCEP,CFSv2,1995-11,6,5.5,1996-04,OK,"L.attrs contém termo(s) ['forecast_period'] — indica semântica de lead/target, mas isso sozinho não confirma o valor exato de H6 sem uma variável auxiliar de data-alvo. | nenhuma variável auxiliar de data-alvo (('target', 'valid_time', 'target_month', 'forecast_time')) encontrada no dataset aberto — tentando Método B (semântica documentada do eixo forecast_period, Seção 4). | confirmado pela semântica documentada do eixo forecast_period (Método B, Seção 4/6): inicialização confirmada via SCALAR_COORD_ON_VARIABLE (status=OK_SCALAR_COORD), L.standard_name='forecast_period'/units='months', grade [0.5, 1.5, 2.5, 3.5, 4.5, 5.5] mensal confirmada, rota com forecast_period_semantics_documented=True.",CONFIRMED_BY_FORECAST_PERIOD_SEMANTICS,SCALAR_COORD_ON_VARIABLE,1995-11,1995-11,1,OK_SCALAR_COORD,RANGEEDGES,RANGEEDGES_WINDOW_COORDINATE_MATCH,1995-11-01 00:00:00; 1995-12-01 00:00:00,1995-11-01 00:00:00,"esquema=lead1_igual_mes_inicializacao, representação=NMME_HARMONIZED_MONTHLY",Fazendas_Sinobras_Centroide
1995-12,NOAA_NCEP,CFSv2,1995-12,1,0.5,1995-12,OK,"L.attrs contém termo(s) ['forecast_period'] — indica semântica de lead/target, mas isso sozinho não confirma o valor exato de H1 sem uma variável auxiliar de data-alvo. | nenhuma variável auxiliar de data-alvo (('target', 'valid_time', 'target_month', 'forecast_time')) encontrada no dataset aberto — tentando Método B (semântica documentada do eixo forecast_period, Seção 4). | confirmado pela semântica documentada do eixo forecast_period (Método B, Seção 4/6): inicialização confirmada via SCALAR_COORD_ON_VARIABLE (status=OK_SCALAR_COORD), L.standard_name='forecast_period'/units='months', grade [0.5, 1.5, 2.5, 3.5, 4.5, 5.5] mensal confirmada, rota com forecast_period_semantics_documented=True.",CONFIRMED_BY_FORECAST_PERIOD_SEMANTICS,SCALAR_COORD_ON_VARIABLE,1995-12,1995-12,1,OK_SCALAR_COORD,RANGEEDGES,RANGEEDGES_WINDOW_COORDINATE_MATCH,1995-12-01 00:00:00; 1996-01-01 00:00:00,1995-12-01 00:00:00,"esquema=lead1_igual_mes_inicializacao, representação=NMME_HARMONIZED_MONTHLY",Fazendas_Sinobras_Centroide
1995-12,NOAA_NCEP,CFSv2,1995-12,2,1.5,1996-01,OK,"L.attrs contém termo(s) ['forecast_period'] — indica semântica de lead/target, mas isso sozinho não confirma o valor exato de H2 sem uma variável auxiliar de data-alvo. | nenhuma variável auxiliar de data-alvo (('target', 'valid_time', 'target_month', 'forecast_time')) encontrada no dataset aberto — tentando Método B (semântica documentada do eixo forecast_period, Seção 4). | confirmado pela semântica documentada do eixo forecast_period (Método B, Seção 4/6): inicialização confirmada via SCALAR_COORD_ON_VARIABLE (status=OK_SCALAR_COORD), L.standard_name='forecast_period'/units='months', grade [0.5, 1.5, 2.5, 3.5, 4.5, 5.5] mensal confirmada, rota com forecast_period_semantics_documented=True.",CONFIRMED_BY_FORECAST_PERIOD_SEMANTICS,SCALAR_COORD_ON_VARIABLE,1995-12,1995-12,1,OK_SCALAR_COORD,RANGEEDGES,RANGEEDGES_WINDOW_COORDINATE_MATCH,1995-12-01 00:00:00; 1996-01-01 00:00:00,1995-12-01 00:00:00,"esquema=lead1_igual_mes_inicializacao, representação=NMME_HARMONIZED_MONTHLY",Fazendas_Sinobras_Centroide
1995-12,NOAA_NCEP,CFSv2,1995-12,3,2.5,1996-02,OK,"L.attrs contém termo(s) ['forecast_period'] — indica semântica de lead/target, mas isso sozinho não confirma o valor exato de H3 sem uma variável auxiliar de data-alvo. | nenhuma variável auxiliar de data-alvo (('target', 'valid_time', 'target_month', 'forecast_time')) encontrada no dataset aberto — tentando Método B (semântica documentada do eixo forecast_period, Seção 4). | confirmado pela semântica documentada do eixo forecast_period (Método B, Seção 4/6): inicialização confirmada via SCALAR_COORD_ON_VARIABLE (status=OK_SCALAR_COORD), L.standard_name='forecast_period'/units='months', grade [0.5, 1.5, 2.5, 3.5, 4.5, 5.5] mensal confirmada, rota com forecast_period_semantics_documented=True.",CONFIRMED_BY_FORECAST_PERIOD_SEMANTICS,SCALAR_COORD_ON_VARIABLE,1995-12,1995-12,1,OK_SCALAR_COORD,RANGEEDGES,RANGEEDGES_WINDOW_COORDINATE_MATCH,1995-12-01 00:00:00; 1996-01-01 00:00:00,1995-12-01 00:00:00,"esquema=lead1_igual_mes_inicializacao, representação=NMME_HARMONIZED_MONTHLY",Fazendas_Sinobras_Centroide
1995-12,NOAA_NCEP,CFSv2,1995-12,4,3.5,1996-03,OK,"L.attrs contém termo(s) ['forecast_period'] — indica semântica de lead/target, mas isso sozinho não confirma o valor exato de H4 sem uma variável auxiliar de data-alvo. | nenhuma variável auxiliar de data-alvo (('target', 'valid_time', 'target_month', 'forecast_time')) encontrada no dataset aberto — tentando Método B (semântica documentada do eixo forecast_period, Seção 4). | confirmado pela semântica documentada do eixo forecast_period (Método B, Seção 4/6): inicialização confirmada via SCALAR_COORD_ON_VARIABLE (status=OK_SCALAR_COORD), L.standard_name='forecast_period'/units='months', grade [0.5, 1.5, 2.5, 3.5, 4.5, 5.5] mensal confirmada, rota com forecast_period_semantics_documented=True.",CONFIRMED_BY_FORECAST_PERIOD_SEMANTICS,SCALAR_COORD_ON_VARIABLE,1995-12,1995-12,1,OK_SCALAR_COORD,RANGEEDGES,RANGEEDGES_WINDOW_COORDINATE_MATCH,1995-12-01 00:00:00; 1996-01-01 00:00:00,1995-12-01 00:00:00,"esquema=lead1_igual_mes_inicializacao, representação=NMME_HARMONIZED_MONTHLY",Fazendas_Sinobras_Centroide
1995-12,NOAA_NCEP,CFSv2,1995-12,5,4.5,1996-04,OK,"L.attrs contém termo(s) ['forecast_period'] — indica semântica de lead/target, mas isso sozinho não confirma o valor exato de H5 sem uma variável auxiliar de data-alvo. | nenhuma variável auxiliar de data-alvo (('target', 'valid_time', 'target_month', 'forecast_time')) encontrada no dataset aberto — tentando Método B (semântica documentada do eixo forecast_period, Seção 4). | confirmado pela semântica documentada do eixo forecast_period (Método B, Seção 4/6): inicialização confirmada via SCALAR_COORD_ON_VARIABLE (status=OK_SCALAR_COORD), L.standard_name='forecast_period'/units='months', grade [0.5, 1.5, 2.5, 3.5, 4.5, 5.5] mensal confirmada, rota com forecast_period_semantics_documented=True.",CONFIRMED_BY_FORECAST_PERIOD_SEMANTICS,SCALAR_COORD_ON_VARIABLE,1995-12,1995-12,1,OK_SCALAR_COORD,RANGEEDGES,RANGEEDGES_WINDOW_COORDINATE_MATCH,1995-12-01 00:00:00; 1996-01-01 00:00:00,1995-12-01 00:00:00,"esquema=lead1_igual_mes_inicializacao, representação=NMME_HARMONIZED_MONTHLY",Fazendas_Sinobras_Centroide
1995-12,NOAA_NCEP,CFSv2,1995-12,6,5.5,1996-05,OK,"L.attrs contém termo(s) ['forecast_period'] — indica semântica de lead/target, mas isso sozinho não confirma o valor exato de H6 sem uma variável auxiliar de data-alvo. | nenhuma variável auxiliar de data-alvo (('target', 'valid_time', 'target_month', 'forecast_time')) encontrada no dataset aberto — tentando Método B (semântica documentada do eixo forecast_period, Seção 4). | confirmado pela semântica documentada do eixo forecast_period (Método B, Seção 4/6): inicialização confirmada via SCALAR_COORD_ON_VARIABLE (status=OK_SCALAR_COORD), L.standard_name='forecast_period'/units='months', grade [0.5, 1.5, 2.5, 3.5, 4.5, 5.5] mensal confirmada, rota com forecast_period_semantics_documented=True.",CONFIRMED_BY_FORECAST_PERIOD_SEMANTICS,SCALAR_COORD_ON_VARIABLE,1995-12,1995-12,1,OK_SCALAR_COORD,RANGEEDGES,RANGEEDGES_WINDOW_COORDINATE_MATCH,1995-12-01 00:00:00; 1996-01-01 00:00:00,1995-12-01 00:00:00,"esquema=lead1_igual_mes_inicializacao, representação=NMME_HARMONIZED_MONTHLY",Fazendas_Sinobras_Centroide
1996-01,NOAA_NCEP,CFSv2,1996-01,1,0.5,1996-01,OK,"L.attrs contém termo(s) ['forecast_period'] — indica semântica de lead/target, mas isso sozinho não confirma o valor exato de H1 sem uma variável auxiliar de data-alvo. | nenhuma variável auxiliar de data-alvo (('target', 'valid_time', 'target_month', 'forecast_time')) encontrada no dataset aberto — tentando Método B (semântica documentada do eixo forecast_period, Seção 4). | confirmado pela semântica documentada do eixo forecast_period (Método B, Seção 4/6): inicialização confirmada via SCALAR_COORD_ON_VARIABLE (status=OK_SCALAR_COORD), L.standard_name='forecast_period'/units='months', grade [0.5, 1.5, 2.5, 3.5, 4.5, 5.5] mensal confirmada, rota com forecast_period_semantics_documented=True.",CONFIRMED_BY_FORECAST_PERIOD_SEMANTICS,SCALAR_COORD_ON_VARIABLE,1996-01,1996-01,1,OK_SCALAR_COORD,RANGEEDGES,RANGEEDGES_WINDOW_COORDINATE_MATCH,1996-01-01 00:00:00; 1996-02-01 00:00:00,1996-01-01 00:00:00,"esquema=lead1_igual_mes_inicializacao, representação=NMME_HARMONIZED_MONTHLY",Fazendas_Sinobras_Centroide
1996-01,NOAA_NCEP,CFSv2,1996-01,2,1.5,1996-02,OK,"L.attrs contém termo(s) ['forecast_period'] — indica semântica de lead/target, mas isso sozinho não confirma o valor exato de H2 sem uma variável auxiliar de data-alvo. | nenhuma variável auxiliar de data-alvo (('target', 'valid_time', 'target_month', 'forecast_time')) encontrada no dataset aberto — tentando Método B (semântica documentada do eixo forecast_period, Seção 4). | confirmado pela semântica documentada do eixo forecast_period (Método B, Seção 4/6): inicialização confirmada via SCALAR_COORD_ON_VARIABLE (status=OK_SCALAR_COORD), L.standard_name='forecast_period'/units='months', grade [0.5, 1.5, 2.5, 3.5, 4.5, 5.5] mensal confirmada, rota com forecast_period_semantics_documented=True.",CONFIRMED_BY_FORECAST_PERIOD_SEMANTICS,SCALAR_COORD_ON_VARIABLE,1996-01,1996-01,1,OK_SCALAR_COORD,RANGEEDGES,RANGEEDGES_WINDOW_COORDINATE_MATCH,1996-01-01 00:00:00; 1996-02-01 00:00:00,1996-01-01 00:00:00,"esquema=lead1_igual_mes_inicializacao, representação=NMME_HARMONIZED_MONTHLY",Fazendas_Sinobras_Centroide
1996-01,NOAA_NCEP,CFSv2,1996-01,3,2.5,1996-03,OK,"L.attrs contém termo(s) ['forecast_period'] — indica semântica de lead/target, mas isso sozinho não confirma o valor exato de H3 sem uma variável auxiliar de data-alvo. | nenhuma variável auxiliar de data-alvo (('target', 'valid_time', 'target_month', 'forecast_time')) encontrada no dataset aberto — tentando Método B (semântica documentada do eixo forecast_period, Seção 4). | confirmado pela semântica documentada do eixo forecast_period (Método B, Seção 4/6): inicialização confirmada via SCALAR_COORD_ON_VARIABLE (status=OK_SCALAR_COORD), L.standard_name='forecast_period'/units='months', grade [0.5, 1.5, 2.5, 3.5, 4.5, 5.5] mensal confirmada, rota com forecast_period_semantics_documented=True.",CONFIRMED_BY_FORECAST_PERIOD_SEMANTICS,SCALAR_COORD_ON_VARIABLE,1996-01,1996-01,1,OK_SCALAR_COORD,RANGEEDGES,RANGEEDGES_WINDOW_COORDINATE_MATCH,1996-01-01 00:00:00; 1996-02-01 00:00:00,1996-01-01 00:00:00,"esquema=lead1_igual_mes_inicializacao, representação=NMME_HARMONIZED_MONTHLY",Fazendas_Sinobras_Centroide
1996-01,NOAA_NCEP,CFSv2,1996-01,4,3.5,1996-04,OK,"L.attrs contém termo(s) ['forecast_period'] — indica semântica de lead/target, mas isso sozinho não confirma o valor exato de H4 sem uma variável auxiliar de data-alvo. | nenhuma variável auxiliar de data-alvo (('target', 'valid_time', 'target_month', 'forecast_time')) encontrada no dataset aberto — tentando Método B (semântica documentada do eixo forecast_period, Seção 4). | confirmado pela semântica documentada do eixo forecast_period (Método B, Seção 4/6): inicialização confirmada via SCALAR_COORD_ON_VARIABLE (status=OK_SCALAR_COORD), L.standard_name='forecast_period'/units='months', grade [0.5, 1.5, 2.5, 3.5, 4.5, 5.5] mensal confirmada, rota com forecast_period_semantics_documented=True.",CONFIRMED_BY_FORECAST_PERIOD_SEMANTICS,SCALAR_COORD_ON_VARIABLE,1996-01,1996-01,1,OK_SCALAR_COORD,RANGEEDGES,RANGEEDGES_WINDOW_COORDINATE_MATCH,1996-01-01 00:00:00; 1996-02-01 00:00:00,1996-01-01 00:00:00,"esquema=lead1_igual_mes_inicializacao, representação=NMME_HARMONIZED_MONTHLY",Fazendas_Sinobras_Centroide
1996-01,NOAA_NCEP,CFSv2,1996-01,5,4.5,1996-05,OK,"L.attrs contém termo(s) ['forecast_period'] — indica semântica de lead/target, mas isso sozinho não confirma o valor exato de H5 sem uma variável auxiliar de data-alvo. | nenhuma variável auxiliar de data-alvo (('target', 'valid_time', 'target_month', 'forecast_time')) encontrada no dataset aberto — tentando Método B (semântica documentada do eixo forecast_period, Seção 4). | confirmado pela semântica documentada do eixo forecast_period (Método B, Seção 4/6): inicialização confirmada via SCALAR_COORD_ON_VARIABLE (status=OK_SCALAR_COORD), L.standard_name='forecast_period'/units='months', grade [0.5, 1.5, 2.5, 3.5, 4.5, 5.5] mensal confirmada, rota com forecast_period_semantics_documented=True.",CONFIRMED_BY_FORECAST_PERIOD_SEMANTICS,SCALAR_COORD_ON_VARIABLE,1996-01,1996-01,1,OK_SCALAR_COORD,RANGEEDGES,RANGEEDGES_WINDOW_COORDINATE_MATCH,1996-01-01 00:00:00; 1996-02-01 00:00:00,1996-01-01 00:00:00,"esquema=lead1_igual_mes_inicializacao, representação=NMME_HARMONIZED_MONTHLY",Fazendas_Sinobras_Centroide
1996-01,NOAA_NCEP,CFSv2,1996-01,6,5.5,1996-06,OK,"L.attrs contém termo(s) ['forecast_period'] — indica semântica de lead/target, mas isso sozinho não confirma o valor exato de H6 sem uma variável auxiliar de data-alvo. | nenhuma variável auxiliar de data-alvo (('target', 'valid_time', 'target_month', 'forecast_time')) encontrada no dataset aberto — tentando Método B (semântica documentada do eixo forecast_period, Seção 4). | confirmado pela semântica documentada do eixo forecast_period (Método B, Seção 4/6): inicialização confirmada via SCALAR_COORD_ON_VARIABLE (status=OK_SCALAR_COORD), L.standard_name='forecast_period'/units='months', grade [0.5, 1.5, 2.5, 3.5, 4.5, 5.5] mensal confirmada, rota com forecast_period_semantics_documented=True.",CONFIRMED_BY_FORECAST_PERIOD_SEMANTICS,SCALAR_COORD_ON_VARIABLE,1996-01,1996-01,1,OK_SCALAR_COORD,RANGEEDGES,RANGEEDGES_WINDOW_COORDINATE_MATCH,1996-01-01 00:00:00; 1996-02-01 00:00:00,1996-01-01 00:00:00,"esquema=lead1_igual_mes_inicializacao, representação=NMME_HARMONIZED_MONTHLY",Fazendas_Sinobras_Centroide
1996-02,NOAA_NCEP,CFSv2,1996-02,1,0.5,1996-02,OK,"L.attrs contém termo(s) ['forecast_period'] — indica semântica de lead/target, mas isso sozinho não confirma o valor exato de H1 sem uma variável auxiliar de data-alvo. | nenhuma variável auxiliar de data-alvo (('target', 'valid_time', 'target_month', 'forecast_time')) encontrada no dataset aberto — tentando Método B (semântica documentada do eixo forecast_period, Seção 4). | confirmado pela semântica documentada do eixo forecast_period (Método B, Seção 4/6): inicialização confirmada via SCALAR_COORD_ON_VARIABLE (status=OK_SCALAR_COORD), L.standard_name='forecast_period'/units='months', grade [0.5, 1.5, 2.5, 3.5, 4.5, 5.5] mensal confirmada, rota com forecast_period_semantics_documented=True.",CONFIRMED_BY_FORECAST_PERIOD_SEMANTICS,SCALAR_COORD_ON_VARIABLE,1996-02,1996-02,1,OK_SCALAR_COORD,RANGEEDGES,RANGEEDGES_WINDOW_COORDINATE_MATCH,1996-02-01 00:00:00; 1996-03-01 00:00:00,1996-02-01 00:00:00,"esquema=lead1_igual_mes_inicializacao, representação=NMME_HARMONIZED_MONTHLY",Fazendas_Sinobras_Centroide
1996-02,NOAA_NCEP,CFSv2,1996-02,2,1.5,1996-03,OK,"L.attrs contém termo(s) ['forecast_period'] — indica semântica de lead/target, mas isso sozinho não confirma o valor exato de H2 sem uma variável auxiliar de data-alvo. | nenhuma variável auxiliar de data-alvo (('target', 'valid_time', 'target_month', 'forecast_time')) encontrada no dataset aberto — tentando Método B (semântica documentada do eixo forecast_period, Seção 4). | confirmado pela semântica documentada do eixo forecast_period (Método B, Seção 4/6): inicialização confirmada via SCALAR_COORD_ON_VARIABLE (status=OK_SCALAR_COORD), L.standard_name='forecast_period'/units='months', grade [0.5, 1.5, 2.5, 3.5, 4.5, 5.5] mensal confirmada, rota com forecast_period_semantics_documented=True.",CONFIRMED_BY_FORECAST_PERIOD_SEMANTICS,SCALAR_COORD_ON_VARIABLE,1996-02,1996-02,1,OK_SCALAR_COORD,RANGEEDGES,RANGEEDGES_WINDOW_COORDINATE_MATCH,1996-02-01 00:00:00; 1996-03-01 00:00:00,1996-02-01 00:00:00,"esquema=lead1_igual_mes_inicializacao, representação=NMME_HARMONIZED_MONTHLY",Fazendas_Sinobras_Centroide
1996-02,NOAA_NCEP,CFSv2,1996-02,3,2.5,1996-04,OK,"L.attrs contém termo(s) ['forecast_period'] — indica semântica de lead/target, mas isso sozinho não confirma o valor exato de H3 sem uma variável auxiliar de data-alvo. | nenhuma variável auxiliar de data-alvo (('target', 'valid_time', 'target_month', 'forecast_time')) encontrada no dataset aberto — tentando Método B (semântica documentada do eixo forecast_period, Seção 4). | confirmado pela semântica documentada do eixo forecast_period (Método B, Seção 4/6): inicialização confirmada via SCALAR_COORD_ON_VARIABLE (status=OK_SCALAR_COORD), L.standard_name='forecast_period'/units='months', grade [0.5, 1.5, 2.5, 3.5, 4.5, 5.5] mensal confirmada, rota com forecast_period_semantics_documented=True.",CONFIRMED_BY_FORECAST_PERIOD_SEMANTICS,SCALAR_COORD_ON_VARIABLE,1996-02,1996-02,1,OK_SCALAR_COORD,RANGEEDGES,RANGEEDGES_WINDOW_COORDINATE_MATCH,1996-02-01 00:00:00; 1996-03-01 00:00:00,1996-02-01 00:00:00,"esquema=lead1_igual_mes_inicializacao, representação=NMME_HARMONIZED_MONTHLY",Fazendas_Sinobras_Centroide
1996-02,NOAA_NCEP,CFSv2,1996-02,4,3.5,1996-05,OK,"L.attrs contém termo(s) ['forecast_period'] — indica semântica de lead/target, mas isso sozinho não confirma o valor exato de H4 sem uma variável auxiliar de data-alvo. | nenhuma variável auxiliar de data-alvo (('target', 'valid_time', 'target_month', 'forecast_time')) encontrada no dataset aberto — tentando Método B (semântica documentada do eixo forecast_period, Seção 4). | confirmado pela semântica documentada do eixo forecast_period (Método B, Seção 4/6): inicialização confirmada via SCALAR_COORD_ON_VARIABLE (status=OK_SCALAR_COORD), L.standard_name='forecast_period'/units='months', grade [0.5, 1.5, 2.5, 3.5, 4.5, 5.5] mensal confirmada, rota com forecast_period_semantics_documented=True.",CONFIRMED_BY_FORECAST_PERIOD_SEMANTICS,SCALAR_COORD_ON_VARIABLE,1996-02,1996-02,1,OK_SCALAR_COORD,RANGEEDGES,RANGEEDGES_WINDOW_COORDINATE_MATCH,1996-02-01 00:00:00; 1996-03-01 00:00:00,1996-02-01 00:00:00,"esquema=lead1_igual_mes_inicializacao, representação=NMME_HARMONIZED_MONTHLY",Fazendas_Sinobras_Centroide
1996-02,NOAA_NCEP,CFSv2,1996-02,5,4.5,1996-06,OK,"L.attrs contém termo(s) ['forecast_period'] — indica semântica de lead/target, mas isso sozinho não confirma o valor exato de H5 sem uma variável auxiliar de data-alvo. | nenhuma variável auxiliar de data-alvo (('target', 'valid_time', 'target_month', 'forecast_time')) encontrada no dataset aberto — tentando Método B (semântica documentada do eixo forecast_period, Seção 4). | confirmado pela semântica documentada do eixo forecast_period (Método B, Seção 4/6): inicialização confirmada via SCALAR_COORD_ON_VARIABLE (status=OK_SCALAR_COORD), L.standard_name='forecast_period'/units='months', grade [0.5, 1.5, 2.5, 3.5, 4.5, 5.5] mensal confirmada, rota com forecast_period_semantics_documented=True.",CONFIRMED_BY_FORECAST_PERIOD_SEMANTICS,SCALAR_COORD_ON_VARIABLE,1996-02,1996-02,1,OK_SCALAR_COORD,RANGEEDGES,RANGEEDGES_WINDOW_COORDINATE_MATCH,1996-02-01 00:00:00; 1996-03-01 00:00:00,1996-02-01 00:00:00,"esquema=lead1_igual_mes_inicializacao, representação=NMME_HARMONIZED_MONTHLY",Fazendas_Sinobras_Centroide
1996-02,NOAA_NCEP,CFSv2,1996-02,6,5.5,1996-07,OK,"L.attrs contém termo(s) ['forecast_period'] — indica semântica de lead/target, mas isso sozinho não confirma o valor exato de H6 sem uma variável auxiliar de data-alvo. | nenhuma variável auxiliar de data-alvo (('target', 'valid_time', 'target_month', 'forecast_time')) encontrada no dataset aberto — tentando Método B (semântica documentada do eixo forecast_period, Seção 4). | confirmado pela semântica documentada do eixo forecast_period (Método B, Seção 4/6): inicialização confirmada via SCALAR_COORD_ON_VARIABLE (status=OK_SCALAR_COORD), L.standard_name='forecast_period'/units='months', grade [0.5, 1.5, 2.5, 3.5, 4.5, 5.5] mensal confirmada, rota com forecast_period_semantics_documented=True.",CONFIRMED_BY_FORECAST_PERIOD_SEMANTICS,SCALAR_COORD_ON_VARIABLE,1996-02,1996-02,1,OK_SCALAR_COORD,RANGEEDGES,RANGEEDGES_WINDOW_COORDINATE_MATCH,1996-02-01 00:00:00; 1996-03-01 00:00:00,1996-02-01 00:00:00,"esquema=lead1_igual_mes_inicializacao, representação=NMME_HARMONIZED_MONTHLY",Fazendas_Sinobras_Centroide
1996-03,NOAA_NCEP,CFSv2,1996-03,1,0.5,1996-03,OK,"L.attrs contém termo(s) ['forecast_period'] — indica semântica de lead/target, mas isso sozinho não confirma o valor exato de H1 sem uma variável auxiliar de data-alvo. | nenhuma variável auxiliar de data-alvo (('target', 'valid_time', 'target_month', 'forecast_time')) encontrada no dataset aberto — tentando Método B (semântica documentada do eixo forecast_period, Seção 4). | confirmado pela semântica documentada do eixo forecast_period (Método B, Seção 4/6): inicialização confirmada via SCALAR_COORD_ON_VARIABLE (status=OK_SCALAR_COORD), L.standard_name='forecast_period'/units='months', grade [0.5, 1.5, 2.5, 3.5, 4.5, 5.5] mensal confirmada, rota com forecast_period_semantics_documented=True.",CONFIRMED_BY_FORECAST_PERIOD_SEMANTICS,SCALAR_COORD_ON_VARIABLE,1996-03,1996-03,1,OK_SCALAR_COORD,RANGEEDGES,RANGEEDGES_WINDOW_COORDINATE_MATCH,1996-03-01 00:00:00; 1996-04-01 00:00:00,1996-03-01 00:00:00,"esquema=lead1_igual_mes_inicializacao, representação=NMME_HARMONIZED_MONTHLY",Fazendas_Sinobras_Centroide
1996-03,NOAA_NCEP,CFSv2,1996-03,2,1.5,1996-04,OK,"L.attrs contém termo(s) ['forecast_period'] — indica semântica de lead/target, mas isso sozinho não confirma o valor exato de H2 sem uma variável auxiliar de data-alvo. | nenhuma variável auxiliar de data-alvo (('target', 'valid_time', 'target_month', 'forecast_time')) encontrada no dataset aberto — tentando Método B (semântica documentada do eixo forecast_period, Seção 4). | confirmado pela semântica documentada do eixo forecast_period (Método B, Seção 4/6): inicialização confirmada via SCALAR_COORD_ON_VARIABLE (status=OK_SCALAR_COORD), L.standard_name='forecast_period'/units='months', grade [0.5, 1.5, 2.5, 3.5, 4.5, 5.5] mensal confirmada, rota com forecast_period_semantics_documented=True.",CONFIRMED_BY_FORECAST_PERIOD_SEMANTICS,SCALAR_COORD_ON_VARIABLE,1996-03,1996-03,1,OK_SCALAR_COORD,RANGEEDGES,RANGEEDGES_WINDOW_COORDINATE_MATCH,1996-03-01 00:00:00; 1996-04-01 00:00:00,1996-03-01 00:00:00,"esquema=lead1_igual_mes_inicializacao, representação=NMME_HARMONIZED_MONTHLY",Fazendas_Sinobras_Centroide
1996-03,NOAA_NCEP,CFSv2,1996-03,3,2.5,1996-05,OK,"L.attrs contém termo(s) ['forecast_period'] — indica semântica de lead/target, mas isso sozinho não confirma o valor exato de H3 sem uma variável auxiliar de data-alvo. | nenhuma variável auxiliar de data-alvo (('target', 'valid_time', 'target_month', 'forecast_time')) encontrada no dataset aberto — tentando Método B (semântica documentada do eixo forecast_period, Seção 4). | confirmado pela semântica documentada do eixo forecast_period (Método B, Seção 4/6): inicialização confirmada via SCALAR_COORD_ON_VARIABLE (status=OK_SCALAR_COORD), L.standard_name='forecast_period'/units='months', grade [0.5, 1.5, 2.5, 3.5, 4.5, 5.5] mensal confirmada, rota com forecast_period_semantics_documented=True.",CONFIRMED_BY_FORECAST_PERIOD_SEMANTICS,SCALAR_COORD_ON_VARIABLE,1996-03,1996-03,1,OK_SCALAR_COORD,RANGEEDGES,RANGEEDGES_WINDOW_COORDINATE_MATCH,1996-03-01 00:00:00; 1996-04-01 00:00:00,1996-03-01 00:00:00,"esquema=lead1_igual_mes_inicializacao, representação=NMME_HARMONIZED_MONTHLY",Fazendas_Sinobras_Centroide
1996-03,NOAA_NCEP,CFSv2,1996-03,4,3.5,1996-06,OK,"L.attrs contém termo(s) ['forecast_period'] — indica semântica de lead/target, mas isso sozinho não confirma o valor exato de H4 sem uma variável auxiliar de data-alvo. | nenhuma variável auxiliar de data-alvo (('target', 'valid_time', 'target_month', 'forecast_time')) encontrada no dataset aberto — tentando Método B (semântica documentada do eixo forecast_period, Seção 4). | confirmado pela semântica documentada do eixo forecast_period (Método B, Seção 4/6): inicialização confirmada via SCALAR_COORD_ON_VARIABLE (status=OK_SCALAR_COORD), L.standard_name='forecast_period'/units='months', grade [0.5, 1.5, 2.5, 3.5, 4.5, 5.5] mensal confirmada, rota com forecast_period_semantics_documented=True.",CONFIRMED_BY_FORECAST_PERIOD_SEMANTICS,SCALAR_COORD_ON_VARIABLE,1996-03,1996-03,1,OK_SCALAR_COORD,RANGEEDGES,RANGEEDGES_WINDOW_COORDINATE_MATCH,1996-03-01 00:00:00; 1996-04-01 00:00:00,1996-03-01 00:00:00,"esquema=lead1_igual_mes_inicializacao, representação=NMME_HARMONIZED_MONTHLY",Fazendas_Sinobras_Centroide
1996-03,NOAA_NCEP,CFSv2,1996-03,5,4.5,1996-07,OK,"L.attrs contém termo(s) ['forecast_period'] — indica semântica de lead/target, mas isso sozinho não confirma o valor exato de H5 sem uma variável auxiliar de data-alvo. | nenhuma variável auxiliar de data-alvo (('target', 'valid_time', 'target_month', 'forecast_time')) encontrada no dataset aberto — tentando Método B (semântica documentada do eixo forecast_period, Seção 4). | confirmado pela semântica documentada do eixo forecast_period (Método B, Seção 4/6): inicialização confirmada via SCALAR_COORD_ON_VARIABLE (status=OK_SCALAR_COORD), L.standard_name='forecast_period'/units='months', grade [0.5, 1.5, 2.5, 3.5, 4.5, 5.5] mensal confirmada, rota com forecast_period_semantics_documented=True.",CONFIRMED_BY_FORECAST_PERIOD_SEMANTICS,SCALAR_COORD_ON_VARIABLE,1996-03,1996-03,1,OK_SCALAR_COORD,RANGEEDGES,RANGEEDGES_WINDOW_COORDINATE_MATCH,1996-03-01 00:00:00; 1996-04-01 00:00:00,1996-03-01 00:00:00,"esquema=lead1_igual_mes_inicializacao, representação=NMME_HARMONIZED_MONTHLY",Fazendas_Sinobras_Centroide
1996-03,NOAA_NCEP,CFSv2,1996-03,6,5.5,1996-08,OK,"L.attrs contém termo(s) ['forecast_period'] — indica semântica de lead/target, mas isso sozinho não confirma o valor exato de H6 sem uma variável auxiliar de data-alvo. | nenhuma variável auxiliar de data-alvo (('target', 'valid_time', 'target_month', 'forecast_time')) encontrada no dataset aberto — tentando Método B (semântica documentada do eixo forecast_period, Seção 4). | confirmado pela semântica documentada do eixo forecast_period (Método B, Seção 4/6): inicialização confirmada via SCALAR_COORD_ON_VARIABLE (status=OK_SCALAR_COORD), L.standard_name='forecast_period'/units='months', grade [0.5, 1.5, 2.5, 3.5, 4.5, 5.5] mensal confirmada, rota com forecast_period_semantics_documented=True.",CONFIRMED_BY_FORECAST_PERIOD_SEMANTICS,SCALAR_COORD_ON_VARIABLE,1996-03,1996-03,1,OK_SCALAR_COORD,RANGEEDGES,RANGEEDGES_WINDOW_COORDINATE_MATCH,1996-03-01 00:00:00; 1996-04-01 00:00:00,1996-03-01 00:00:00,"esquema=lead1_igual_mes_inicializacao, representação=NMME_HARMONIZED_MONTHLY",Fazendas_Sinobras_Centroide
1996-04,NOAA_NCEP,CFSv2,1996-04,1,0.5,1996-04,OK,"L.attrs contém termo(s) ['forecast_period'] — indica semântica de lead/target, mas isso sozinho não confirma o valor exato de H1 sem uma variável auxiliar de data-alvo. | nenhuma variável auxiliar de data-alvo (('target', 'valid_time', 'target_month', 'forecast_time')) encontrada no dataset aberto — tentando Método B (semântica documentada do eixo forecast_period, Seção 4). | confirmado pela semântica documentada do eixo forecast_period (Método B, Seção 4/6): inicialização confirmada via SCALAR_COORD_ON_VARIABLE (status=OK_SCALAR_COORD), L.standard_name='forecast_period'/units='months', grade [0.5, 1.5, 2.5, 3.5, 4.5, 5.5] mensal confirmada, rota com forecast_period_semantics_documented=True.",CONFIRMED_BY_FORECAST_PERIOD_SEMANTICS,SCALAR_COORD_ON_VARIABLE,1996-04,1996-04,1,OK_SCALAR_COORD,RANGEEDGES,RANGEEDGES_WINDOW_COORDINATE_MATCH,1996-04-01 00:00:00; 1996-05-01 00:00:00,1996-04-01 00:00:00,"esquema=lead1_igual_mes_inicializacao, representação=NMME_HARMONIZED_MONTHLY",Fazendas_Sinobras_Centroide
1996-04,NOAA_NCEP,CFSv2,1996-04,2,1.5,1996-05,OK,"L.attrs contém termo(s) ['forecast_period'] — indica semântica de lead/target, mas isso sozinho não confirma o valor exato de H2 sem uma variável auxiliar de data-alvo. | nenhuma variável auxiliar de data-alvo (('target', 'valid_time', 'target_month', 'forecast_time')) encontrada no dataset aberto — tentando Método B (semântica documentada do eixo forecast_period, Seção 4). | confirmado pela semântica documentada do eixo forecast_period (Método B, Seção 4/6): inicialização confirmada via SCALAR_COORD_ON_VARIABLE (status=OK_SCALAR_COORD), L.standard_name='forecast_period'/units='months', grade [0.5, 1.5, 2.5, 3.5, 4.5, 5.5] mensal confirmada, rota com forecast_period_semantics_documented=True.",CONFIRMED_BY_FORECAST_PERIOD_SEMANTICS,SCALAR_COORD_ON_VARIABLE,1996-04,1996-04,1,OK_SCALAR_COORD,RANGEEDGES,RANGEEDGES_WINDOW_COORDINATE_MATCH,1996-04-01 00:00:00; 1996-05-01 00:00:00,1996-04-01 00:00:00,"esquema=lead1_igual_mes_inicializacao, representação=NMME_HARMONIZED_MONTHLY",Fazendas_Sinobras_Centroide
1996-04,NOAA_NCEP,CFSv2,1996-04,3,2.5,1996-06,OK,"L.attrs contém termo(s) ['forecast_period'] — indica semântica de lead/target, mas isso sozinho não confirma o valor exato de H3 sem uma variável auxiliar de data-alvo. | nenhuma variável auxiliar de data-alvo (('target', 'valid_time', 'target_month', 'forecast_time')) encontrada no dataset aberto — tentando Método B (semântica documentada do eixo forecast_period, Seção 4). | confirmado pela semântica documentada do eixo forecast_period (Método B, Seção 4/6): inicialização confirmada via SCALAR_COORD_ON_VARIABLE (status=OK_SCALAR_COORD), L.standard_name='forecast_period'/units='months', grade [0.5, 1.5, 2.5, 3.5, 4.5, 5.5] mensal confirmada, rota com forecast_period_semantics_documented=True.",CONFIRMED_BY_FORECAST_PERIOD_SEMANTICS,SCALAR_COORD_ON_VARIABLE,1996-04,1996-04,1,OK_SCALAR_COORD,RANGEEDGES,RANGEEDGES_WINDOW_COORDINATE_MATCH,1996-04-01 00:00:00; 1996-05-01 00:00:00,1996-04-01 00:00:00,"esquema=lead1_igual_mes_inicializacao, representação=NMME_HARMONIZED_MONTHLY",Fazendas_Sinobras_Centroide
1996-04,NOAA_NCEP,CFSv2,1996-04,4,3.5,1996-07,OK,"L.attrs contém termo(s) ['forecast_period'] — indica semântica de lead/target, mas isso sozinho não confirma o valor exato de H4 sem uma variável auxiliar de data-alvo. | nenhuma variável auxiliar de data-alvo (('target', 'valid_time', 'target_month', 'forecast_time')) encontrada no dataset aberto — tentando Método B (semântica documentada do eixo forecast_period, Seção 4). | confirmado pela semântica documentada do eixo forecast_period (Método B, Seção 4/6): inicialização confirmada via SCALAR_COORD_ON_VARIABLE (status=OK_SCALAR_COORD), L.standard_name='forecast_period'/units='months', grade [0.5, 1.5, 2.5, 3.5, 4.5, 5.5] mensal confirmada, rota com forecast_period_semantics_documented=True.",CONFIRMED_BY_FORECAST_PERIOD_SEMANTICS,SCALAR_COORD_ON_VARIABLE,1996-04,1996-04,1,OK_SCALAR_COORD,RANGEEDGES,RANGEEDGES_WINDOW_COORDINATE_MATCH,1996-04-01 00:00:00; 1996-05-01 00:00:00,1996-04-01 00:00:00,"esquema=lead1_igual_mes_inicializacao, representação=NMME_HARMONIZED_MONTHLY",Fazendas_Sinobras_Centroide
1996-04,NOAA_NCEP,CFSv2,1996-04,5,4.5,1996-08,OK,"L.attrs contém termo(s) ['forecast_period'] — indica semântica de lead/target, mas isso sozinho não confirma o valor exato de H5 sem uma variável auxiliar de data-alvo. | nenhuma variável auxiliar de data-alvo (('target', 'valid_time', 'target_month', 'forecast_time')) encontrada no dataset aberto — tentando Método B (semântica documentada do eixo forecast_period, Seção 4). | confirmado pela semântica documentada do eixo forecast_period (Método B, Seção 4/6): inicialização confirmada via SCALAR_COORD_ON_VARIABLE (status=OK_SCALAR_COORD), L.standard_name='forecast_period'/units='months', grade [0.5, 1.5, 2.5, 3.5, 4.5, 5.5] mensal confirmada, rota com forecast_period_semantics_documented=True.",CONFIRMED_BY_FORECAST_PERIOD_SEMANTICS,SCALAR_COORD_ON_VARIABLE,1996-04,1996-04,1,OK_SCALAR_COORD,RANGEEDGES,RANGEEDGES_WINDOW_COORDINATE_MATCH,1996-04-01 00:00:00; 1996-05-01 00:00:00,1996-04-01 00:00:00,"esquema=lead1_igual_mes_inicializacao, representação=NMME_HARMONIZED_MONTHLY",Fazendas_Sinobras_Centroide
1996-04,NOAA_NCEP,CFSv2,1996-04,6,5.5,1996-09,OK,"L.attrs contém termo(s) ['forecast_period'] — indica semântica de lead/target, mas isso sozinho não confirma o valor exato de H6 sem uma variável auxiliar de data-alvo. | nenhuma variável auxiliar de data-alvo (('target', 'valid_time', 'target_month', 'forecast_time')) encontrada no dataset aberto — tentando Método B (semântica documentada do eixo forecast_period, Seção 4). | confirmado pela semântica documentada do eixo forecast_period (Método B, Seção 4/6): inicialização confirmada via SCALAR_COORD_ON_VARIABLE (status=OK_SCALAR_COORD), L.standard_name='forecast_period'/units='months', grade [0.5, 1.5, 2.5, 3.5, 4.5, 5.5] mensal confirmada, rota com forecast_period_semantics_documented=True.",CONFIRMED_BY_FORECAST_PERIOD_SEMANTICS,SCALAR_COORD_ON_VARIABLE,1996-04,1996-04,1,OK_SCALAR_COORD,RANGEEDGES,RANGEEDGES_WINDOW_COORDINATE_MATCH,1996-04-01 00:00:00; 1996-05-01 00:00:00,1996-04-01 00:00:00,"esquema=lead1_igual_mes_inicializacao, representação=NMME_HARMONIZED_MONTHLY",Fazendas_Sinobras_Centroide
1996-05,NOAA_NCEP,CFSv2,1996-05,1,0.5,1996-05,OK,"L.attrs contém termo(s) ['forecast_period'] — indica semântica de lead/target, mas isso sozinho não confirma o valor exato de H1 sem uma variável auxiliar de data-alvo. | nenhuma variável auxiliar de data-alvo (('target', 'valid_time', 'target_month', 'forecast_time')) encontrada no dataset aberto — tentando Método B (semântica documentada do eixo forecast_period, Seção 4). | confirmado pela semântica documentada do eixo forecast_period (Método B, Seção 4/6): inicialização confirmada via SCALAR_COORD_ON_VARIABLE (status=OK_SCALAR_COORD), L.standard_name='forecast_period'/units='months', grade [0.5, 1.5, 2.5, 3.5, 4.5, 5.5] mensal confirmada, rota com forecast_period_semantics_documented=True.",CONFIRMED_BY_FORECAST_PERIOD_SEMANTICS,SCALAR_COORD_ON_VARIABLE,1996-05,1996-05,1,OK_SCALAR_COORD,RANGEEDGES,RANGEEDGES_WINDOW_COORDINATE_MATCH,1996-05-01 00:00:00; 1996-06-01 00:00:00,1996-05-01 00:00:00,"esquema=lead1_igual_mes_inicializacao, representação=NMME_HARMONIZED_MONTHLY",Fazendas_Sinobras_Centroide
1996-05,NOAA_NCEP,CFSv2,1996-05,2,1.5,1996-06,OK,"L.attrs contém termo(s) ['forecast_period'] — indica semântica de lead/target, mas isso sozinho não confirma o valor exato de H2 sem uma variável auxiliar de data-alvo. | nenhuma variável auxiliar de data-alvo (('target', 'valid_time', 'target_month', 'forecast_time')) encontrada no dataset aberto — tentando Método B (semântica documentada do eixo forecast_period, Seção 4). | confirmado pela semântica documentada do eixo forecast_period (Método B, Seção 4/6): inicialização confirmada via SCALAR_COORD_ON_VARIABLE (status=OK_SCALAR_COORD), L.standard_name='forecast_period'/units='months', grade [0.5, 1.5, 2.5, 3.5, 4.5, 5.5] mensal confirmada, rota com forecast_period_semantics_documented=True.",CONFIRMED_BY_FORECAST_PERIOD_SEMANTICS,SCALAR_COORD_ON_VARIABLE,1996-05,1996-05,1,OK_SCALAR_COORD,RANGEEDGES,RANGEEDGES_WINDOW_COORDINATE_MATCH,1996-05-01 00:00:00; 1996-06-01 00:00:00,1996-05-01 00:00:00,"esquema=lead1_igual_mes_inicializacao, representação=NMME_HARMONIZED_MONTHLY",Fazendas_Sinobras_Centroide
1996-05,NOAA_NCEP,CFSv2,1996-05,3,2.5,1996-07,OK,"L.attrs contém termo(s) ['forecast_period'] — indica semântica de lead/target, mas isso sozinho não confirma o valor exato de H3 sem uma variável auxiliar de data-alvo. | nenhuma variável auxiliar de data-alvo (('target', 'valid_time', 'target_month', 'forecast_time')) encontrada no dataset aberto — tentando Método B (semântica documentada do eixo forecast_period, Seção 4). | confirmado pela semântica documentada do eixo forecast_period (Método B, Seção 4/6): inicialização confirmada via SCALAR_COORD_ON_VARIABLE (status=OK_SCALAR_COORD), L.standard_name='forecast_period'/units='months', grade [0.5, 1.5, 2.5, 3.5, 4.5, 5.5] mensal confirmada, rota com forecast_period_semantics_documented=True.",CONFIRMED_BY_FORECAST_PERIOD_SEMANTICS,SCALAR_COORD_ON_VARIABLE,1996-05,1996-05,1,OK_SCALAR_COORD,RANGEEDGES,RANGEEDGES_WINDOW_COORDINATE_MATCH,1996-05-01 00:00:00; 1996-06-01 00:00:00,1996-05-01 00:00:00,"esquema=lead1_igual_mes_inicializacao, representação=NMME_HARMONIZED_MONTHLY",Fazendas_Sinobras_Centroide
1996-05,NOAA_NCEP,CFSv2,1996-05,4,3.5,1996-08,OK,"L.attrs contém termo(s) ['forecast_period'] — indica semântica de lead/target, mas isso sozinho não confirma o valor exato de H4 sem uma variável auxiliar de data-alvo. | nenhuma variável auxiliar de data-alvo (('target', 'valid_time', 'target_month', 'forecast_time')) encontrada no dataset aberto — tentando Método B (semântica documentada do eixo forecast_period, Seção 4). | confirmado pela semântica documentada do eixo forecast_period (Método B, Seção 4/6): inicialização confirmada via SCALAR_COORD_ON_VARIABLE (status=OK_SCALAR_COORD), L.standard_name='forecast_period'/units='months', grade [0.5, 1.5, 2.5, 3.5, 4.5, 5.5] mensal confirmada, rota com forecast_period_semantics_documented=True.",CONFIRMED_BY_FORECAST_PERIOD_SEMANTICS,SCALAR_COORD_ON_VARIABLE,1996-05,1996-05,1,OK_SCALAR_COORD,RANGEEDGES,RANGEEDGES_WINDOW_COORDINATE_MATCH,1996-05-01 00:00:00; 1996-06-01 00:00:00,1996-05-01 00:00:00,"esquema=lead1_igual_mes_inicializacao, representação=NMME_HARMONIZED_MONTHLY",Fazendas_Sinobras_Centroide
1996-05,NOAA_NCEP,CFSv2,1996-05,5,4.5,1996-09,OK,"L.attrs contém termo(s) ['forecast_period'] — indica semântica de lead/target, mas isso sozinho não confirma o valor exato de H5 sem uma variável auxiliar de data-alvo. | nenhuma variável auxiliar de data-alvo (('target', 'valid_time', 'target_month', 'forecast_time')) encontrada no dataset aberto — tentando Método B (semântica documentada do eixo forecast_period, Seção 4). | confirmado pela semântica documentada do eixo forecast_period (Método B, Seção 4/6): inicialização confirmada via SCALAR_COORD_ON_VARIABLE (status=OK_SCALAR_COORD), L.standard_name='forecast_period'/units='months', grade [0.5, 1.5, 2.5, 3.5, 4.5, 5.5] mensal confirmada, rota com forecast_period_semantics_documented=True.",CONFIRMED_BY_FORECAST_PERIOD_SEMANTICS,SCALAR_COORD_ON_VARIABLE,1996-05,1996-05,1,OK_SCALAR_COORD,RANGEEDGES,RANGEEDGES_WINDOW_COORDINATE_MATCH,1996-05-01 00:00:00; 1996-06-01 00:00:00,1996-05-01 00:00:00,"esquema=lead1_igual_mes_inicializacao, representação=NMME_HARMONIZED_MONTHLY",Fazendas_Sinobras_Centroide
1996-05,NOAA_NCEP,CFSv2,1996-05,6,5.5,1996-10,OK,"L.attrs contém termo(s) ['forecast_period'] — indica semântica de lead/target, mas isso sozinho não confirma o valor exato de H6 sem uma variável auxiliar de data-alvo. | nenhuma variável auxiliar de data-alvo (('target', 'valid_time', 'target_month', 'forecast_time')) encontrada no dataset aberto — tentando Método B (semântica documentada do eixo forecast_period, Seção 4). | confirmado pela semântica documentada do eixo forecast_period (Método B, Seção 4/6): inicialização confirmada via SCALAR_COORD_ON_VARIABLE (status=OK_SCALAR_COORD), L.standard_name='forecast_period'/units='months', grade [0.5, 1.5, 2.5, 3.5, 4.5, 5.5] mensal confirmada, rota com forecast_period_semantics_documented=True.",CONFIRMED_BY_FORECAST_PERIOD_SEMANTICS,SCALAR_COORD_ON_VARIABLE,1996-05,1996-05,1,OK_SCALAR_COORD,RANGEEDGES,RANGEEDGES_WINDOW_COORDINATE_MATCH,1996-05-01 00:00:00; 1996-06-01 00:00:00,1996-05-01 00:00:00,"esquema=lead1_igual_mes_inicializacao, representação=NMME_HARMONIZED_MONTHLY",Fazendas_Sinobras_Centroide
1996-06,NOAA_NCEP,CFSv2,1996-06,1,0.5,1996-06,OK,"L.attrs contém termo(s) ['forecast_period'] — indica semântica de lead/target, mas isso sozinho não confirma o valor exato de H1 sem uma variável auxiliar de data-alvo. | nenhuma variável auxiliar de data-alvo (('target', 'valid_time', 'target_month', 'forecast_time')) encontrada no dataset aberto — tentando Método B (semântica documentada do eixo forecast_period, Seção 4). | confirmado pela semântica documentada do eixo forecast_period (Método B, Seção 4/6): inicialização confirmada via SCALAR_COORD_ON_VARIABLE (status=OK_SCALAR_COORD), L.standard_name='forecast_period'/units='months', grade [0.5, 1.5, 2.5, 3.5, 4.5, 5.5] mensal confirmada, rota com forecast_period_semantics_documented=True.",CONFIRMED_BY_FORECAST_PERIOD_SEMANTICS,SCALAR_COORD_ON_VARIABLE,1996-06,1996-06,1,OK_SCALAR_COORD,RANGEEDGES,RANGEEDGES_WINDOW_COORDINATE_MATCH,1996-06-01 00:00:00; 1996-07-01 00:00:00,1996-06-01 00:00:00,"esquema=lead1_igual_mes_inicializacao, representação=NMME_HARMONIZED_MONTHLY",Fazendas_Sinobras_Centroide
1996-06,NOAA_NCEP,CFSv2,1996-06,2,1.5,1996-07,OK,"L.attrs contém termo(s) ['forecast_period'] — indica semântica de lead/target, mas isso sozinho não confirma o valor exato de H2 sem uma variável auxiliar de data-alvo. | nenhuma variável auxiliar de data-alvo (('target', 'valid_time', 'target_month', 'forecast_time')) encontrada no dataset aberto — tentando Método B (semântica documentada do eixo forecast_period, Seção 4). | confirmado pela semântica documentada do eixo forecast_period (Método B, Seção 4/6): inicialização confirmada via SCALAR_COORD_ON_VARIABLE (status=OK_SCALAR_COORD), L.standard_name='forecast_period'/units='months', grade [0.5, 1.5, 2.5, 3.5, 4.5, 5.5] mensal confirmada, rota com forecast_period_semantics_documented=True.",CONFIRMED_BY_FORECAST_PERIOD_SEMANTICS,SCALAR_COORD_ON_VARIABLE,1996-06,1996-06,1,OK_SCALAR_COORD,RANGEEDGES,RANGEEDGES_WINDOW_COORDINATE_MATCH,1996-06-01 00:00:00; 1996-07-01 00:00:00,1996-06-01 00:00:00,"esquema=lead1_igual_mes_inicializacao, representação=NMME_HARMONIZED_MONTHLY",Fazendas_Sinobras_Centroide
1996-06,NOAA_NCEP,CFSv2,1996-06,3,2.5,1996-08,OK,"L.attrs contém termo(s) ['forecast_period'] — indica semântica de lead/target, mas isso sozinho não confirma o valor exato de H3 sem uma variável auxiliar de data-alvo. | nenhuma variável auxiliar de data-alvo (('target', 'valid_time', 'target_month', 'forecast_time')) encontrada no dataset aberto — tentando Método B (semântica documentada do eixo forecast_period, Seção 4). | confirmado pela semântica documentada do eixo forecast_period (Método B, Seção 4/6): inicialização confirmada via SCALAR_COORD_ON_VARIABLE (status=OK_SCALAR_COORD), L.standard_name='forecast_period'/units='months', grade [0.5, 1.5, 2.5, 3.5, 4.5, 5.5] mensal confirmada, rota com forecast_period_semantics_documented=True.",CONFIRMED_BY_FORECAST_PERIOD_SEMANTICS,SCALAR_COORD_ON_VARIABLE,1996-06,1996-06,1,OK_SCALAR_COORD,RANGEEDGES,RANGEEDGES_WINDOW_COORDINATE_MATCH,1996-06-01 00:00:00; 1996-07-01 00:00:00,1996-06-01 00:00:00,"esquema=lead1_igual_mes_inicializacao, representação=NMME_HARMONIZED_MONTHLY",Fazendas_Sinobras_Centroide
1996-06,NOAA_NCEP,CFSv2,1996-06,4,3.5,1996-09,OK,"L.attrs contém termo(s) ['forecast_period'] — indica semântica de lead/target, mas isso sozinho não confirma o valor exato de H4 sem uma variável auxiliar de data-alvo. | nenhuma variável auxiliar de data-alvo (('target', 'valid_time', 'target_month', 'forecast_time')) encontrada no dataset aberto — tentando Método B (semântica documentada do eixo forecast_period, Seção 4). | confirmado pela semântica documentada do eixo forecast_period (Método B, Seção 4/6): inicialização confirmada via SCALAR_COORD_ON_VARIABLE (status=OK_SCALAR_COORD), L.standard_name='forecast_period'/units='months', grade [0.5, 1.5, 2.5, 3.5, 4.5, 5.5] mensal confirmada, rota com forecast_period_semantics_documented=True.",CONFIRMED_BY_FORECAST_PERIOD_SEMANTICS,SCALAR_COORD_ON_VARIABLE,1996-06,1996-06,1,OK_SCALAR_COORD,RANGEEDGES,RANGEEDGES_WINDOW_COORDINATE_MATCH,1996-06-01 00:00:00; 1996-07-01 00:00:00,1996-06-01 00:00:00,"esquema=lead1_igual_mes_inicializacao, representação=NMME_HARMONIZED_MONTHLY",Fazendas_Sinobras_Centroide
1996-06,NOAA_NCEP,CFSv2,1996-06,5,4.5,1996-10,OK,"L.attrs contém termo(s) ['forecast_period'] — indica semântica de lead/target, mas isso sozinho não confirma o valor exato de H5 sem uma variável auxiliar de data-alvo. | nenhuma variável auxiliar de data-alvo (('target', 'valid_time', 'target_month', 'forecast_time')) encontrada no dataset aberto — tentando Método B (semântica documentada do eixo forecast_period, Seção 4). | confirmado pela semântica documentada do eixo forecast_period (Método B, Seção 4/6): inicialização confirmada via SCALAR_COORD_ON_VARIABLE (status=OK_SCALAR_COORD), L.standard_name='forecast_period'/units='months', grade [0.5, 1.5, 2.5, 3.5, 4.5, 5.5] mensal confirmada, rota com forecast_period_semantics_documented=True.",CONFIRMED_BY_FORECAST_PERIOD_SEMANTICS,SCALAR_COORD_ON_VARIABLE,1996-06,1996-06,1,OK_SCALAR_COORD,RANGEEDGES,RANGEEDGES_WINDOW_COORDINATE_MATCH,1996-06-01 00:00:00; 1996-07-01 00:00:00,1996-06-01 00:00:00,"esquema=lead1_igual_mes_inicializacao, representação=NMME_HARMONIZED_MONTHLY",Fazendas_Sinobras_Centroide
1996-06,NOAA_NCEP,CFSv2,1996-06,6,5.5,1996-11,OK,"L.attrs contém termo(s) ['forecast_period'] — indica semântica de lead/target, mas isso sozinho não confirma o valor exato de H6 sem uma variável auxiliar de data-alvo. | nenhuma variável auxiliar de data-alvo (('target', 'valid_time', 'target_month', 'forecast_time')) encontrada no dataset aberto — tentando Método B (semântica documentada do eixo forecast_period, Seção 4). | confirmado pela semântica documentada do eixo forecast_period (Método B, Seção 4/6): inicialização confirmada via SCALAR_COORD_ON_VARIABLE (status=OK_SCALAR_COORD), L.standard_name='forecast_period'/units='months', grade [0.5, 1.5, 2.5, 3.5, 4.5, 5.5] mensal confirmada, rota com forecast_period_semantics_documented=True.",CONFIRMED_BY_FORECAST_PERIOD_SEMANTICS,SCALAR_COORD_ON_VARIABLE,1996-06,1996-06,1,OK_SCALAR_COORD,RANGEEDGES,RANGEEDGES_WINDOW_COORDINATE_MATCH,1996-06-01 00:00:00; 1996-07-01 00:00:00,1996-06-01 00:00:00,"esquema=lead1_igual_mes_inicializacao, representação=NMME_HARMONIZED_MONTHLY",Fazendas_Sinobras_Centroide
1996-07,NOAA_NCEP,CFSv2,1996-07,1,0.5,1996-07,OK,"L.attrs contém termo(s) ['forecast_period'] — indica semântica de lead/target, mas isso sozinho não confirma o valor exato de H1 sem uma variável auxiliar de data-alvo. | nenhuma variável auxiliar de data-alvo (('target', 'valid_time', 'target_month', 'forecast_time')) encontrada no dataset aberto — tentando Método B (semântica documentada do eixo forecast_period, Seção 4). | confirmado pela semântica documentada do eixo forecast_period (Método B, Seção 4/6): inicialização confirmada via SCALAR_COORD_ON_VARIABLE (status=OK_SCALAR_COORD), L.standard_name='forecast_period'/units='months', grade [0.5, 1.5, 2.5, 3.5, 4.5, 5.5] mensal confirmada, rota com forecast_period_semantics_documented=True.",CONFIRMED_BY_FORECAST_PERIOD_SEMANTICS,SCALAR_COORD_ON_VARIABLE,1996-07,1996-07,1,OK_SCALAR_COORD,RANGEEDGES,RANGEEDGES_WINDOW_COORDINATE_MATCH,1996-07-01 00:00:00; 1996-08-01 00:00:00,1996-07-01 00:00:00,"esquema=lead1_igual_mes_inicializacao, representação=NMME_HARMONIZED_MONTHLY",Fazendas_Sinobras_Centroide
1996-07,NOAA_NCEP,CFSv2,1996-07,2,1.5,1996-08,OK,"L.attrs contém termo(s) ['forecast_period'] — indica semântica de lead/target, mas isso sozinho não confirma o valor exato de H2 sem uma variável auxiliar de data-alvo. | nenhuma variável auxiliar de data-alvo (('target', 'valid_time', 'target_month', 'forecast_time')) encontrada no dataset aberto — tentando Método B (semântica documentada do eixo forecast_period, Seção 4). | confirmado pela semântica documentada do eixo forecast_period (Método B, Seção 4/6): inicialização confirmada via SCALAR_COORD_ON_VARIABLE (status=OK_SCALAR_COORD), L.standard_name='forecast_period'/units='months', grade [0.5, 1.5, 2.5, 3.5, 4.5, 5.5] mensal confirmada, rota com forecast_period_semantics_documented=True.",CONFIRMED_BY_FORECAST_PERIOD_SEMANTICS,SCALAR_COORD_ON_VARIABLE,1996-07,1996-07,1,OK_SCALAR_COORD,RANGEEDGES,RANGEEDGES_WINDOW_COORDINATE_MATCH,1996-07-01 00:00:00; 1996-08-01 00:00:00,1996-07-01 00:00:00,"esquema=lead1_igual_mes_inicializacao, representação=NMME_HARMONIZED_MONTHLY",Fazendas_Sinobras_Centroide
1996-07,NOAA_NCEP,CFSv2,1996-07,3,2.5,1996-09,OK,"L.attrs contém termo(s) ['forecast_period'] — indica semântica de lead/target, mas isso sozinho não confirma o valor exato de H3 sem uma variável auxiliar de data-alvo. | nenhuma variável auxiliar de data-alvo (('target', 'valid_time', 'target_month', 'forecast_time')) encontrada no dataset aberto — tentando Método B (semântica documentada do eixo forecast_period, Seção 4). | confirmado pela semântica documentada do eixo forecast_period (Método B, Seção 4/6): inicialização confirmada via SCALAR_COORD_ON_VARIABLE (status=OK_SCALAR_COORD), L.standard_name='forecast_period'/units='months', grade [0.5, 1.5, 2.5, 3.5, 4.5, 5.5] mensal confirmada, rota com forecast_period_semantics_documented=True.",CONFIRMED_BY_FORECAST_PERIOD_SEMANTICS,SCALAR_COORD_ON_VARIABLE,1996-07,1996-07,1,OK_SCALAR_COORD,RANGEEDGES,RANGEEDGES_WINDOW_COORDINATE_MATCH,1996-07-01 00:00:00; 1996-08-01 00:00:00,1996-07-01 00:00:00,"esquema=lead1_igual_mes_inicializacao, representação=NMME_HARMONIZED_MONTHLY",Fazendas_Sinobras_Centroide
1996-07,NOAA_NCEP,CFSv2,1996-07,4,3.5,1996-10,OK,"L.attrs contém termo(s) ['forecast_period'] — indica semântica de lead/target, mas isso sozinho não confirma o valor exato de H4 sem uma variável auxiliar de data-alvo. | nenhuma variável auxiliar de data-alvo (('target', 'valid_time', 'target_month', 'forecast_time')) encontrada no dataset aberto — tentando Método B (semântica documentada do eixo forecast_period, Seção 4). | confirmado pela semântica documentada do eixo forecast_period (Método B, Seção 4/6): inicialização confirmada via SCALAR_COORD_ON_VARIABLE (status=OK_SCALAR_COORD), L.standard_name='forecast_period'/units='months', grade [0.5, 1.5, 2.5, 3.5, 4.5, 5.5] mensal confirmada, rota com forecast_period_semantics_documented=True.",CONFIRMED_BY_FORECAST_PERIOD_SEMANTICS,SCALAR_COORD_ON_VARIABLE,1996-07,1996-07,1,OK_SCALAR_COORD,RANGEEDGES,RANGEEDGES_WINDOW_COORDINATE_MATCH,1996-07-01 00:00:00; 1996-08-01 00:00:00,1996-07-01 00:00:00,"esquema=lead1_igual_mes_inicializacao, representação=NMME_HARMONIZED_MONTHLY",Fazendas_Sinobras_Centroide
1996-07,NOAA_NCEP,CFSv2,1996-07,5,4.5,1996-11,OK,"L.attrs contém termo(s) ['forecast_period'] — indica semântica de lead/target, mas isso sozinho não confirma o valor exato de H5 sem uma variável auxiliar de data-alvo. | nenhuma variável auxiliar de data-alvo (('target', 'valid_time', 'target_month', 'forecast_time')) encontrada no dataset aberto — tentando Método B (semântica documentada do eixo forecast_period, Seção 4). | confirmado pela semântica documentada do eixo forecast_period (Método B, Seção 4/6): inicialização confirmada via SCALAR_COORD_ON_VARIABLE (status=OK_SCALAR_COORD), L.standard_name='forecast_period'/units='months', grade [0.5, 1.5, 2.5, 3.5, 4.5, 5.5] mensal confirmada, rota com forecast_period_semantics_documented=True.",CONFIRMED_BY_FORECAST_PERIOD_SEMANTICS,SCALAR_COORD_ON_VARIABLE,1996-07,1996-07,1,OK_SCALAR_COORD,RANGEEDGES,RANGEEDGES_WINDOW_COORDINATE_MATCH,1996-07-01 00:00:00; 1996-08-01 00:00:00,1996-07-01 00:00:00,"esquema=lead1_igual_mes_inicializacao, representação=NMME_HARMONIZED_MONTHLY",Fazendas_Sinobras_Centroide
1996-07,NOAA_NCEP,CFSv2,1996-07,6,5.5,1996-12,OK,"L.attrs contém termo(s) ['forecast_period'] — indica semântica de lead/target, mas isso sozinho não confirma o valor exato de H6 sem uma variável auxiliar de data-alvo. | nenhuma variável auxiliar de data-alvo (('target', 'valid_time', 'target_month', 'forecast_time')) encontrada no dataset aberto — tentando Método B (semântica documentada do eixo forecast_period, Seção 4). | confirmado pela semântica documentada do eixo forecast_period (Método B, Seção 4/6): inicialização confirmada via SCALAR_COORD_ON_VARIABLE (status=OK_SCALAR_COORD), L.standard_name='forecast_period'/units='months', grade [0.5, 1.5, 2.5, 3.5, 4.5, 5.5] mensal confirmada, rota com forecast_period_semantics_documented=True.",CONFIRMED_BY_FORECAST_PERIOD_SEMANTICS,SCALAR_COORD_ON_VARIABLE,1996-07,1996-07,1,OK_SCALAR_COORD,RANGEEDGES,RANGEEDGES_WINDOW_COORDINATE_MATCH,1996-07-01 00:00:00; 1996-08-01 00:00:00,1996-07-01 00:00:00,"esquema=lead1_igual_mes_inicializacao, representação=NMME_HARMONIZED_MONTHLY",Fazendas_Sinobras_Centroide
1996-08,NOAA_NCEP,CFSv2,1996-08,1,0.5,1996-08,OK,"L.attrs contém termo(s) ['forecast_period'] — indica semântica de lead/target, mas isso sozinho não confirma o valor exato de H1 sem uma variável auxiliar de data-alvo. | nenhuma variável auxiliar de data-alvo (('target', 'valid_time', 'target_month', 'forecast_time')) encontrada no dataset aberto — tentando Método B (semântica documentada do eixo forecast_period, Seção 4). | confirmado pela semântica documentada do eixo forecast_period (Método B, Seção 4/6): inicialização confirmada via SCALAR_COORD_ON_VARIABLE (status=OK_SCALAR_COORD), L.standard_name='forecast_period'/units='months', grade [0.5, 1.5, 2.5, 3.5, 4.5, 5.5] mensal confirmada, rota com forecast_period_semantics_documented=True.",CONFIRMED_BY_FORECAST_PERIOD_SEMANTICS,SCALAR_COORD_ON_VARIABLE,1996-08,1996-08,1,OK_SCALAR_COORD,RANGEEDGES,RANGEEDGES_WINDOW_COORDINATE_MATCH,1996-08-01 00:00:00; 1996-09-01 00:00:00,1996-08-01 00:00:00,"esquema=lead1_igual_mes_inicializacao, representação=NMME_HARMONIZED_MONTHLY",Fazendas_Sinobras_Centroide
1996-08,NOAA_NCEP,CFSv2,1996-08,2,1.5,1996-09,OK,"L.attrs contém termo(s) ['forecast_period'] — indica semântica de lead/target, mas isso sozinho não confirma o valor exato de H2 sem uma variável auxiliar de data-alvo. | nenhuma variável auxiliar de data-alvo (('target', 'valid_time', 'target_month', 'forecast_time')) encontrada no dataset aberto — tentando Método B (semântica documentada do eixo forecast_period, Seção 4). | confirmado pela semântica documentada do eixo forecast_period (Método B, Seção 4/6): inicialização confirmada via SCALAR_COORD_ON_VARIABLE (status=OK_SCALAR_COORD), L.standard_name='forecast_period'/units='months', grade [0.5, 1.5, 2.5, 3.5, 4.5, 5.5] mensal confirmada, rota com forecast_period_semantics_documented=True.",CONFIRMED_BY_FORECAST_PERIOD_SEMANTICS,SCALAR_COORD_ON_VARIABLE,1996-08,1996-08,1,OK_SCALAR_COORD,RANGEEDGES,RANGEEDGES_WINDOW_COORDINATE_MATCH,1996-08-01 00:00:00; 1996-09-01 00:00:00,1996-08-01 00:00:00,"esquema=lead1_igual_mes_inicializacao, representação=NMME_HARMONIZED_MONTHLY",Fazendas_Sinobras_Centroide
1996-08,NOAA_NCEP,CFSv2,1996-08,3,2.5,1996-10,OK,"L.attrs contém termo(s) ['forecast_period'] — indica semântica de lead/target, mas isso sozinho não confirma o valor exato de H3 sem uma variável auxiliar de data-alvo. | nenhuma variável auxiliar de data-alvo (('target', 'valid_time', 'target_month', 'forecast_time')) encontrada no dataset aberto — tentando Método B (semântica documentada do eixo forecast_period, Seção 4). | confirmado pela semântica documentada do eixo forecast_period (Método B, Seção 4/6): inicialização confirmada via SCALAR_COORD_ON_VARIABLE (status=OK_SCALAR_COORD), L.standard_name='forecast_period'/units='months', grade [0.5, 1.5, 2.5, 3.5, 4.5, 5.5] mensal confirmada, rota com forecast_period_semantics_documented=True.",CONFIRMED_BY_FORECAST_PERIOD_SEMANTICS,SCALAR_COORD_ON_VARIABLE,1996-08,1996-08,1,OK_SCALAR_COORD,RANGEEDGES,RANGEEDGES_WINDOW_COORDINATE_MATCH,1996-08-01 00:00:00; 1996-09-01 00:00:00,1996-08-01 00:00:00,"esquema=lead1_igual_mes_inicializacao, representação=NMME_HARMONIZED_MONTHLY",Fazendas_Sinobras_Centroide
1996-08,NOAA_NCEP,CFSv2,1996-08,4,3.5,1996-11,OK,"L.attrs contém termo(s) ['forecast_period'] — indica semântica de lead/target, mas isso sozinho não confirma o valor exato de H4 sem uma variável auxiliar de data-alvo. | nenhuma variável auxiliar de data-alvo (('target', 'valid_time', 'target_month', 'forecast_time')) encontrada no dataset aberto — tentando Método B (semântica documentada do eixo forecast_period, Seção 4). | confirmado pela semântica documentada do eixo forecast_period (Método B, Seção 4/6): inicialização confirmada via SCALAR_COORD_ON_VARIABLE (status=OK_SCALAR_COORD), L.standard_name='forecast_period'/units='months', grade [0.5, 1.5, 2.5, 3.5, 4.5, 5.5] mensal confirmada, rota com forecast_period_semantics_documented=True.",CONFIRMED_BY_FORECAST_PERIOD_SEMANTICS,SCALAR_COORD_ON_VARIABLE,1996-08,1996-08,1,OK_SCALAR_COORD,RANGEEDGES,RANGEEDGES_WINDOW_COORDINATE_MATCH,1996-08-01 00:00:00; 1996-09-01 00:00:00,1996-08-01 00:00:00,"esquema=lead1_igual_mes_inicializacao, representação=NMME_HARMONIZED_MONTHLY",Fazendas_Sinobras_Centroide
1996-08,NOAA_NCEP,CFSv2,1996-08,5,4.5,1996-12,OK,"L.attrs contém termo(s) ['forecast_period'] — indica semântica de lead/target, mas isso sozinho não confirma o valor exato de H5 sem uma variável auxiliar de data-alvo. | nenhuma variável auxiliar de data-alvo (('target', 'valid_time', 'target_month', 'forecast_time')) encontrada no dataset aberto — tentando Método B (semântica documentada do eixo forecast_period, Seção 4). | confirmado pela semântica documentada do eixo forecast_period (Método B, Seção 4/6): inicialização confirmada via SCALAR_COORD_ON_VARIABLE (status=OK_SCALAR_COORD), L.standard_name='forecast_period'/units='months', grade [0.5, 1.5, 2.5, 3.5, 4.5, 5.5] mensal confirmada, rota com forecast_period_semantics_documented=True.",CONFIRMED_BY_FORECAST_PERIOD_SEMANTICS,SCALAR_COORD_ON_VARIABLE,1996-08,1996-08,1,OK_SCALAR_COORD,RANGEEDGES,RANGEEDGES_WINDOW_COORDINATE_MATCH,1996-08-01 00:00:00; 1996-09-01 00:00:00,1996-08-01 00:00:00,"esquema=lead1_igual_mes_inicializacao, representação=NMME_HARMONIZED_MONTHLY",Fazendas_Sinobras_Centroide
1996-08,NOAA_NCEP,CFSv2,1996-08,6,5.5,1997-01,OK,"L.attrs contém termo(s) ['forecast_period'] — indica semântica de lead/target, mas isso sozinho não confirma o valor exato de H6 sem uma variável auxiliar de data-alvo. | nenhuma variável auxiliar de data-alvo (('target', 'valid_time', 'target_month', 'forecast_time')) encontrada no dataset aberto — tentando Método B (semântica documentada do eixo forecast_period, Seção 4). | confirmado pela semântica documentada do eixo forecast_period (Método B, Seção 4/6): inicialização confirmada via SCALAR_COORD_ON_VARIABLE (status=OK_SCALAR_COORD), L.standard_name='forecast_period'/units='months', grade [0.5, 1.5, 2.5, 3.5, 4.5, 5.5] mensal confirmada, rota com forecast_period_semantics_documented=True.",CONFIRMED_BY_FORECAST_PERIOD_SEMANTICS,SCALAR_COORD_ON_VARIABLE,1996-08,1996-08,1,OK_SCALAR_COORD,RANGEEDGES,RANGEEDGES_WINDOW_COORDINATE_MATCH,1996-08-01 00:00:00; 1996-09-01 00:00:00,1996-08-01 00:00:00,"esquema=lead1_igual_mes_inicializacao, representação=NMME_HARMONIZED_MONTHLY",Fazendas_Sinobras_Centroide
1996-09,NOAA_NCEP,CFSv2,1996-09,1,0.5,1996-09,OK,"L.attrs contém termo(s) ['forecast_period'] — indica semântica de lead/target, mas isso sozinho não confirma o valor exato de H1 sem uma variável auxiliar de data-alvo. | nenhuma variável auxiliar de data-alvo (('target', 'valid_time', 'target_month', 'forecast_time')) encontrada no dataset aberto — tentando Método B (semântica documentada do eixo forecast_period, Seção 4). | confirmado pela semântica documentada do eixo forecast_period (Método B, Seção 4/6): inicialização confirmada via SCALAR_COORD_ON_VARIABLE (status=OK_SCALAR_COORD), L.standard_name='forecast_period'/units='months', grade [0.5, 1.5, 2.5, 3.5, 4.5, 5.5] mensal confirmada, rota com forecast_period_semantics_documented=True.",CONFIRMED_BY_FORECAST_PERIOD_SEMANTICS,SCALAR_COORD_ON_VARIABLE,1996-09,1996-09,1,OK_SCALAR_COORD,RANGEEDGES,RANGEEDGES_WINDOW_COORDINATE_MATCH,1996-09-01 00:00:00; 1996-10-01 00:00:00,1996-09-01 00:00:00,"esquema=lead1_igual_mes_inicializacao, representação=NMME_HARMONIZED_MONTHLY",Fazendas_Sinobras_Centroide
1996-09,NOAA_NCEP,CFSv2,1996-09,2,1.5,1996-10,OK,"L.attrs contém termo(s) ['forecast_period'] — indica semântica de lead/target, mas isso sozinho não confirma o valor exato de H2 sem uma variável auxiliar de data-alvo. | nenhuma variável auxiliar de data-alvo (('target', 'valid_time', 'target_month', 'forecast_time')) encontrada no dataset aberto — tentando Método B (semântica documentada do eixo forecast_period, Seção 4). | confirmado pela semântica documentada do eixo forecast_period (Método B, Seção 4/6): inicialização confirmada via SCALAR_COORD_ON_VARIABLE (status=OK_SCALAR_COORD), L.standard_name='forecast_period'/units='months', grade [0.5, 1.5, 2.5, 3.5, 4.5, 5.5] mensal confirmada, rota com forecast_period_semantics_documented=True.",CONFIRMED_BY_FORECAST_PERIOD_SEMANTICS,SCALAR_COORD_ON_VARIABLE,1996-09,1996-09,1,OK_SCALAR_COORD,RANGEEDGES,RANGEEDGES_WINDOW_COORDINATE_MATCH,1996-09-01 00:00:00; 1996-10-01 00:00:00,1996-09-01 00:00:00,"esquema=lead1_igual_mes_inicializacao, representação=NMME_HARMONIZED_MONTHLY",Fazendas_Sinobras_Centroide
1996-09,NOAA_NCEP,CFSv2,1996-09,3,2.5,1996-11,OK,"L.attrs contém termo(s) ['forecast_period'] — indica semântica de lead/target, mas isso sozinho não confirma o valor exato de H3 sem uma variável auxiliar de data-alvo. | nenhuma variável auxiliar de data-alvo (('target', 'valid_time', 'target_month', 'forecast_time')) encontrada no dataset aberto — tentando Método B (semântica documentada do eixo forecast_period, Seção 4). | confirmado pela semântica documentada do eixo forecast_period (Método B, Seção 4/6): inicialização confirmada via SCALAR_COORD_ON_VARIABLE (status=OK_SCALAR_COORD), L.standard_name='forecast_period'/units='months', grade [0.5, 1.5, 2.5, 3.5, 4.5, 5.5] mensal confirmada, rota com forecast_period_semantics_documented=True.",CONFIRMED_BY_FORECAST_PERIOD_SEMANTICS,SCALAR_COORD_ON_VARIABLE,1996-09,1996-09,1,OK_SCALAR_COORD,RANGEEDGES,RANGEEDGES_WINDOW_COORDINATE_MATCH,1996-09-01 00:00:00; 1996-10-01 00:00:00,1996-09-01 00:00:00,"esquema=lead1_igual_mes_inicializacao, representação=NMME_HARMONIZED_MONTHLY",Fazendas_Sinobras_Centroide
1996-09,NOAA_NCEP,CFSv2,1996-09,4,3.5,1996-12,OK,"L.attrs contém termo(s) ['forecast_period'] — indica semântica de lead/target, mas isso sozinho não confirma o valor exato de H4 sem uma variável auxiliar de data-alvo. | nenhuma variável auxiliar de data-alvo (('target', 'valid_time', 'target_month', 'forecast_time')) encontrada no dataset aberto — tentando Método B (semântica documentada do eixo forecast_period, Seção 4). | confirmado pela semântica documentada do eixo forecast_period (Método B, Seção 4/6): inicialização confirmada via SCALAR_COORD_ON_VARIABLE (status=OK_SCALAR_COORD), L.standard_name='forecast_period'/units='months', grade [0.5, 1.5, 2.5, 3.5, 4.5, 5.5] mensal confirmada, rota com forecast_period_semantics_documented=True.",CONFIRMED_BY_FORECAST_PERIOD_SEMANTICS,SCALAR_COORD_ON_VARIABLE,1996-09,1996-09,1,OK_SCALAR_COORD,RANGEEDGES,RANGEEDGES_WINDOW_COORDINATE_MATCH,1996-09-01 00:00:00; 1996-10-01 00:00:00,1996-09-01 00:00:00,"esquema=lead1_igual_mes_inicializacao, representação=NMME_HARMONIZED_MONTHLY",Fazendas_Sinobras_Centroide
1996-09,NOAA_NCEP,CFSv2,1996-09,5,4.5,1997-01,OK,"L.attrs contém termo(s) ['forecast_period'] — indica semântica de lead/target, mas isso sozinho não confirma o valor exato de H5 sem uma variável auxiliar de data-alvo. | nenhuma variável auxiliar de data-alvo (('target', 'valid_time', 'target_month', 'forecast_time')) encontrada no dataset aberto — tentando Método B (semântica documentada do eixo forecast_period, Seção 4). | confirmado pela semântica documentada do eixo forecast_period (Método B, Seção 4/6): inicialização confirmada via SCALAR_COORD_ON_VARIABLE (status=OK_SCALAR_COORD), L.standard_name='forecast_period'/units='months', grade [0.5, 1.5, 2.5, 3.5, 4.5, 5.5] mensal confirmada, rota com forecast_period_semantics_documented=True.",CONFIRMED_BY_FORECAST_PERIOD_SEMANTICS,SCALAR_COORD_ON_VARIABLE,1996-09,1996-09,1,OK_SCALAR_COORD,RANGEEDGES,RANGEEDGES_WINDOW_COORDINATE_MATCH,1996-09-01 00:00:00; 1996-10-01 00:00:00,1996-09-01 00:00:00,"esquema=lead1_igual_mes_inicializacao, representação=NMME_HARMONIZED_MONTHLY",Fazendas_Sinobras_Centroide
1996-09,NOAA_NCEP,CFSv2,1996-09,6,5.5,1997-02,OK,"L.attrs contém termo(s) ['forecast_period'] — indica semântica de lead/target, mas isso sozinho não confirma o valor exato de H6 sem uma variável auxiliar de data-alvo. | nenhuma variável auxiliar de data-alvo (('target', 'valid_time', 'target_month', 'forecast_time')) encontrada no dataset aberto — tentando Método B (semântica documentada do eixo forecast_period, Seção 4). | confirmado pela semântica documentada do eixo forecast_period (Método B, Seção 4/6): inicialização confirmada via SCALAR_COORD_ON_VARIABLE (status=OK_SCALAR_COORD), L.standard_name='forecast_period'/units='months', grade [0.5, 1.5, 2.5, 3.5, 4.5, 5.5] mensal confirmada, rota com forecast_period_semantics_documented=True.",CONFIRMED_BY_FORECAST_PERIOD_SEMANTICS,SCALAR_COORD_ON_VARIABLE,1996-09,1996-09,1,OK_SCALAR_COORD,RANGEEDGES,RANGEEDGES_WINDOW_COORDINATE_MATCH,1996-09-01 00:00:00; 1996-10-01 00:00:00,1996-09-01 00:00:00,"esquema=lead1_igual_mes_inicializacao, representação=NMME_HARMONIZED_MONTHLY",Fazendas_Sinobras_Centroide
1996-10,NOAA_NCEP,CFSv2,1996-10,1,0.5,1996-10,OK,"L.attrs contém termo(s) ['forecast_period'] — indica semântica de lead/target, mas isso sozinho não confirma o valor exato de H1 sem uma variável auxiliar de data-alvo. | nenhuma variável auxiliar de data-alvo (('target', 'valid_time', 'target_month', 'forecast_time')) encontrada no dataset aberto — tentando Método B (semântica documentada do eixo forecast_period, Seção 4). | confirmado pela semântica documentada do eixo forecast_period (Método B, Seção 4/6): inicialização confirmada via SCALAR_COORD_ON_VARIABLE (status=OK_SCALAR_COORD), L.standard_name='forecast_period'/units='months', grade [0.5, 1.5, 2.5, 3.5, 4.5, 5.5] mensal confirmada, rota com forecast_period_semantics_documented=True.",CONFIRMED_BY_FORECAST_PERIOD_SEMANTICS,SCALAR_COORD_ON_VARIABLE,1996-10,1996-10,1,OK_SCALAR_COORD,RANGEEDGES,RANGEEDGES_WINDOW_COORDINATE_MATCH,1996-10-01 00:00:00; 1996-11-01 00:00:00,1996-10-01 00:00:00,"esquema=lead1_igual_mes_inicializacao, representação=NMME_HARMONIZED_MONTHLY",Fazendas_Sinobras_Centroide
1996-10,NOAA_NCEP,CFSv2,1996-10,2,1.5,1996-11,OK,"L.attrs contém termo(s) ['forecast_period'] — indica semântica de lead/target, mas isso sozinho não confirma o valor exato de H2 sem uma variável auxiliar de data-alvo. | nenhuma variável auxiliar de data-alvo (('target', 'valid_time', 'target_month', 'forecast_time')) encontrada no dataset aberto — tentando Método B (semântica documentada do eixo forecast_period, Seção 4). | confirmado pela semântica documentada do eixo forecast_period (Método B, Seção 4/6): inicialização confirmada via SCALAR_COORD_ON_VARIABLE (status=OK_SCALAR_COORD), L.standard_name='forecast_period'/units='months', grade [0.5, 1.5, 2.5, 3.5, 4.5, 5.5] mensal confirmada, rota com forecast_period_semantics_documented=True.",CONFIRMED_BY_FORECAST_PERIOD_SEMANTICS,SCALAR_COORD_ON_VARIABLE,1996-10,1996-10,1,OK_SCALAR_COORD,RANGEEDGES,RANGEEDGES_WINDOW_COORDINATE_MATCH,1996-10-01 00:00:00; 1996-11-01 00:00:00,1996-10-01 00:00:00,"esquema=lead1_igual_mes_inicializacao, representação=NMME_HARMONIZED_MONTHLY",Fazendas_Sinobras_Centroide
1996-10,NOAA_NCEP,CFSv2,1996-10,3,2.5,1996-12,OK,"L.attrs contém termo(s) ['forecast_period'] — indica semântica de lead/target, mas isso sozinho não confirma o valor exato de H3 sem uma variável auxiliar de data-alvo. | nenhuma variável auxiliar de data-alvo (('target', 'valid_time', 'target_month', 'forecast_time')) encontrada no dataset aberto — tentando Método B (semântica documentada do eixo forecast_period, Seção 4). | confirmado pela semântica documentada do eixo forecast_period (Método B, Seção 4/6): inicialização confirmada via SCALAR_COORD_ON_VARIABLE (status=OK_SCALAR_COORD), L.standard_name='forecast_period'/units='months', grade [0.5, 1.5, 2.5, 3.5, 4.5, 5.5] mensal confirmada, rota com forecast_period_semantics_documented=True.",CONFIRMED_BY_FORECAST_PERIOD_SEMANTICS,SCALAR_COORD_ON_VARIABLE,1996-10,1996-10,1,OK_SCALAR_COORD,RANGEEDGES,RANGEEDGES_WINDOW_COORDINATE_MATCH,1996-10-01 00:00:00; 1996-11-01 00:00:00,1996-10-01 00:00:00,"esquema=lead1_igual_mes_inicializacao, representação=NMME_HARMONIZED_MONTHLY",Fazendas_Sinobras_Centroide
1996-10,NOAA_NCEP,CFSv2,1996-10,4,3.5,1997-01,OK,"L.attrs contém termo(s) ['forecast_period'] — indica semântica de lead/target, mas isso sozinho não confirma o valor exato de H4 sem uma variável auxiliar de data-alvo. | nenhuma variável auxiliar de data-alvo (('target', 'valid_time', 'target_month', 'forecast_time')) encontrada no dataset aberto — tentando Método B (semântica documentada do eixo forecast_period, Seção 4). | confirmado pela semântica documentada do eixo forecast_period (Método B, Seção 4/6): inicialização confirmada via SCALAR_COORD_ON_VARIABLE (status=OK_SCALAR_COORD), L.standard_name='forecast_period'/units='months', grade [0.5, 1.5, 2.5, 3.5, 4.5, 5.5] mensal confirmada, rota com forecast_period_semantics_documented=True.",CONFIRMED_BY_FORECAST_PERIOD_SEMANTICS,SCALAR_COORD_ON_VARIABLE,1996-10,1996-10,1,OK_SCALAR_COORD,RANGEEDGES,RANGEEDGES_WINDOW_COORDINATE_MATCH,1996-10-01 00:00:00; 1996-11-01 00:00:00,1996-10-01 00:00:00,"esquema=lead1_igual_mes_inicializacao, representação=NMME_HARMONIZED_MONTHLY",Fazendas_Sinobras_Centroide
1996-10,NOAA_NCEP,CFSv2,1996-10,5,4.5,1997-02,OK,"L.attrs contém termo(s) ['forecast_period'] — indica semântica de lead/target, mas isso sozinho não confirma o valor exato de H5 sem uma variável auxiliar de data-alvo. | nenhuma variável auxiliar de data-alvo (('target', 'valid_time', 'target_month', 'forecast_time')) encontrada no dataset aberto — tentando Método B (semântica documentada do eixo forecast_period, Seção 4). | confirmado pela semântica documentada do eixo forecast_period (Método B, Seção 4/6): inicialização confirmada via SCALAR_COORD_ON_VARIABLE (status=OK_SCALAR_COORD), L.standard_name='forecast_period'/units='months', grade [0.5, 1.5, 2.5, 3.5, 4.5, 5.5] mensal confirmada, rota com forecast_period_semantics_documented=True.",CONFIRMED_BY_FORECAST_PERIOD_SEMANTICS,SCALAR_COORD_ON_VARIABLE,1996-10,1996-10,1,OK_SCALAR_COORD,RANGEEDGES,RANGEEDGES_WINDOW_COORDINATE_MATCH,1996-10-01 00:00:00; 1996-11-01 00:00:00,1996-10-01 00:00:00,"esquema=lead1_igual_mes_inicializacao, representação=NMME_HARMONIZED_MONTHLY",Fazendas_Sinobras_Centroide
1996-10,NOAA_NCEP,CFSv2,1996-10,6,5.5,1997-03,OK,"L.attrs contém termo(s) ['forecast_period'] — indica semântica de lead/target, mas isso sozinho não confirma o valor exato de H6 sem uma variável auxiliar de data-alvo. | nenhuma variável auxiliar de data-alvo (('target', 'valid_time', 'target_month', 'forecast_time')) encontrada no dataset aberto — tentando Método B (semântica documentada do eixo forecast_period, Seção 4). | confirmado pela semântica documentada do eixo forecast_period (Método B, Seção 4/6): inicialização confirmada via SCALAR_COORD_ON_VARIABLE (status=OK_SCALAR_COORD), L.standard_name='forecast_period'/units='months', grade [0.5, 1.5, 2.5, 3.5, 4.5, 5.5] mensal confirmada, rota com forecast_period_semantics_documented=True.",CONFIRMED_BY_FORECAST_PERIOD_SEMANTICS,SCALAR_COORD_ON_VARIABLE,1996-10,1996-10,1,OK_SCALAR_COORD,RANGEEDGES,RANGEEDGES_WINDOW_COORDINATE_MATCH,1996-10-01 00:00:00; 1996-11-01 00:00:00,1996-10-01 00:00:00,"esquema=lead1_igual_mes_inicializacao, representação=NMME_HARMONIZED_MONTHLY",Fazendas_Sinobras_Centroide
1996-11,NOAA_NCEP,CFSv2,1996-11,1,0.5,1996-11,OK,"L.attrs contém termo(s) ['forecast_period'] — indica semântica de lead/target, mas isso sozinho não confirma o valor exato de H1 sem uma variável auxiliar de data-alvo. | nenhuma variável auxiliar de data-alvo (('target', 'valid_time', 'target_month', 'forecast_time')) encontrada no dataset aberto — tentando Método B (semântica documentada do eixo forecast_period, Seção 4). | confirmado pela semântica documentada do eixo forecast_period (Método B, Seção 4/6): inicialização confirmada via SCALAR_COORD_ON_VARIABLE (status=OK_SCALAR_COORD), L.standard_name='forecast_period'/units='months', grade [0.5, 1.5, 2.5, 3.5, 4.5, 5.5] mensal confirmada, rota com forecast_period_semantics_documented=True.",CONFIRMED_BY_FORECAST_PERIOD_SEMANTICS,SCALAR_COORD_ON_VARIABLE,1996-11,1996-11,1,OK_SCALAR_COORD,RANGEEDGES,RANGEEDGES_WINDOW_COORDINATE_MATCH,1996-11-01 00:00:00; 1996-12-01 00:00:00,1996-11-01 00:00:00,"esquema=lead1_igual_mes_inicializacao, representação=NMME_HARMONIZED_MONTHLY",Fazendas_Sinobras_Centroide
1996-11,NOAA_NCEP,CFSv2,1996-11,2,1.5,1996-12,OK,"L.attrs contém termo(s) ['forecast_period'] — indica semântica de lead/target, mas isso sozinho não confirma o valor exato de H2 sem uma variável auxiliar de data-alvo. | nenhuma variável auxiliar de data-alvo (('target', 'valid_time', 'target_month', 'forecast_time')) encontrada no dataset aberto — tentando Método B (semântica documentada do eixo forecast_period, Seção 4). | confirmado pela semântica documentada do eixo forecast_period (Método B, Seção 4/6): inicialização confirmada via SCALAR_COORD_ON_VARIABLE (status=OK_SCALAR_COORD), L.standard_name='forecast_period'/units='months', grade [0.5, 1.5, 2.5, 3.5, 4.5, 5.5] mensal confirmada, rota com forecast_period_semantics_documented=True.",CONFIRMED_BY_FORECAST_PERIOD_SEMANTICS,SCALAR_COORD_ON_VARIABLE,1996-11,1996-11,1,OK_SCALAR_COORD,RANGEEDGES,RANGEEDGES_WINDOW_COORDINATE_MATCH,1996-11-01 00:00:00; 1996-12-01 00:00:00,1996-11-01 00:00:00,"esquema=lead1_igual_mes_inicializacao, representação=NMME_HARMONIZED_MONTHLY",Fazendas_Sinobras_Centroide
1996-11,NOAA_NCEP,CFSv2,1996-11,3,2.5,1997-01,OK,"L.attrs contém termo(s) ['forecast_period'] — indica semântica de lead/target, mas isso sozinho não confirma o valor exato de H3 sem uma variável auxiliar de data-alvo. | nenhuma variável auxiliar de data-alvo (('target', 'valid_time', 'target_month', 'forecast_time')) encontrada no dataset aberto — tentando Método B (semântica documentada do eixo forecast_period, Seção 4). | confirmado pela semântica documentada do eixo forecast_period (Método B, Seção 4/6): inicialização confirmada via SCALAR_COORD_ON_VARIABLE (status=OK_SCALAR_COORD), L.standard_name='forecast_period'/units='months', grade [0.5, 1.5, 2.5, 3.5, 4.5, 5.5] mensal confirmada, rota com forecast_period_semantics_documented=True.",CONFIRMED_BY_FORECAST_PERIOD_SEMANTICS,SCALAR_COORD_ON_VARIABLE,1996-11,1996-11,1,OK_SCALAR_COORD,RANGEEDGES,RANGEEDGES_WINDOW_COORDINATE_MATCH,1996-11-01 00:00:00; 1996-12-01 00:00:00,1996-11-01 00:00:00,"esquema=lead1_igual_mes_inicializacao, representação=NMME_HARMONIZED_MONTHLY",Fazendas_Sinobras_Centroide
1996-11,NOAA_NCEP,CFSv2,1996-11,4,3.5,1997-02,OK,"L.attrs contém termo(s) ['forecast_period'] — indica semântica de lead/target, mas isso sozinho não confirma o valor exato de H4 sem uma variável auxiliar de data-alvo. | nenhuma variável auxiliar de data-alvo (('target', 'valid_time', 'target_month', 'forecast_time')) encontrada no dataset aberto — tentando Método B (semântica documentada do eixo forecast_period, Seção 4). | confirmado pela semântica documentada do eixo forecast_period (Método B, Seção 4/6): inicialização confirmada via SCALAR_COORD_ON_VARIABLE (status=OK_SCALAR_COORD), L.standard_name='forecast_period'/units='months', grade [0.5, 1.5, 2.5, 3.5, 4.5, 5.5] mensal confirmada, rota com forecast_period_semantics_documented=True.",CONFIRMED_BY_FORECAST_PERIOD_SEMANTICS,SCALAR_COORD_ON_VARIABLE,1996-11,1996-11,1,OK_SCALAR_COORD,RANGEEDGES,RANGEEDGES_WINDOW_COORDINATE_MATCH,1996-11-01 00:00:00; 1996-12-01 00:00:00,1996-11-01 00:00:00,"esquema=lead1_igual_mes_inicializacao, representação=NMME_HARMONIZED_MONTHLY",Fazendas_Sinobras_Centroide
1996-11,NOAA_NCEP,CFSv2,1996-11,5,4.5,1997-03,OK,"L.attrs contém termo(s) ['forecast_period'] — indica semântica de lead/target, mas isso sozinho não confirma o valor exato de H5 sem uma variável auxiliar de data-alvo. | nenhuma variável auxiliar de data-alvo (('target', 'valid_time', 'target_month', 'forecast_time')) encontrada no dataset aberto — tentando Método B (semântica documentada do eixo forecast_period, Seção 4). | confirmado pela semântica documentada do eixo forecast_period (Método B, Seção 4/6): inicialização confirmada via SCALAR_COORD_ON_VARIABLE (status=OK_SCALAR_COORD), L.standard_name='forecast_period'/units='months', grade [0.5, 1.5, 2.5, 3.5, 4.5, 5.5] mensal confirmada, rota com forecast_period_semantics_documented=True.",CONFIRMED_BY_FORECAST_PERIOD_SEMANTICS,SCALAR_COORD_ON_VARIABLE,1996-11,1996-11,1,OK_SCALAR_COORD,RANGEEDGES,RANGEEDGES_WINDOW_COORDINATE_MATCH,1996-11-01 00:00:00; 1996-12-01 00:00:00,1996-11-01 00:00:00,"esquema=lead1_igual_mes_inicializacao, representação=NMME_HARMONIZED_MONTHLY",Fazendas_Sinobras_Centroide
1996-11,NOAA_NCEP,CFSv2,1996-11,6,5.5,1997-04,OK,"L.attrs contém termo(s) ['forecast_period'] — indica semântica de lead/target, mas isso sozinho não confirma o valor exato de H6 sem uma variável auxiliar de data-alvo. | nenhuma variável auxiliar de data-alvo (('target', 'valid_time', 'target_month', 'forecast_time')) encontrada no dataset aberto — tentando Método B (semântica documentada do eixo forecast_period, Seção 4). | confirmado pela semântica documentada do eixo forecast_period (Método B, Seção 4/6): inicialização confirmada via SCALAR_COORD_ON_VARIABLE (status=OK_SCALAR_COORD), L.standard_name='forecast_period'/units='months', grade [0.5, 1.5, 2.5, 3.5, 4.5, 5.5] mensal confirmada, rota com forecast_period_semantics_documented=True.",CONFIRMED_BY_FORECAST_PERIOD_SEMANTICS,SCALAR_COORD_ON_VARIABLE,1996-11,1996-11,1,OK_SCALAR_COORD,RANGEEDGES,RANGEEDGES_WINDOW_COORDINATE_MATCH,1996-11-01 00:00:00; 1996-12-01 00:00:00,1996-11-01 00:00:00,"esquema=lead1_igual_mes_inicializacao, representação=NMME_HARMONIZED_MONTHLY",Fazendas_Sinobras_Centroide
1996-12,NOAA_NCEP,CFSv2,1996-12,1,0.5,1996-12,OK,"L.attrs contém termo(s) ['forecast_period'] — indica semântica de lead/target, mas isso sozinho não confirma o valor exato de H1 sem uma variável auxiliar de data-alvo. | nenhuma variável auxiliar de data-alvo (('target', 'valid_time', 'target_month', 'forecast_time')) encontrada no dataset aberto — tentando Método B (semântica documentada do eixo forecast_period, Seção 4). | confirmado pela semântica documentada do eixo forecast_period (Método B, Seção 4/6): inicialização confirmada via SCALAR_COORD_ON_VARIABLE (status=OK_SCALAR_COORD), L.standard_name='forecast_period'/units='months', grade [0.5, 1.5, 2.5, 3.5, 4.5, 5.5] mensal confirmada, rota com forecast_period_semantics_documented=True.",CONFIRMED_BY_FORECAST_PERIOD_SEMANTICS,SCALAR_COORD_ON_VARIABLE,1996-12,1996-12,1,OK_SCALAR_COORD,RANGEEDGES,RANGEEDGES_WINDOW_COORDINATE_MATCH,1996-12-01 00:00:00; 1997-01-01 00:00:00,1996-12-01 00:00:00,"esquema=lead1_igual_mes_inicializacao, representação=NMME_HARMONIZED_MONTHLY",Fazendas_Sinobras_Centroide
1996-12,NOAA_NCEP,CFSv2,1996-12,2,1.5,1997-01,OK,"L.attrs contém termo(s) ['forecast_period'] — indica semântica de lead/target, mas isso sozinho não confirma o valor exato de H2 sem uma variável auxiliar de data-alvo. | nenhuma variável auxiliar de data-alvo (('target', 'valid_time', 'target_month', 'forecast_time')) encontrada no dataset aberto — tentando Método B (semântica documentada do eixo forecast_period, Seção 4). | confirmado pela semântica documentada do eixo forecast_period (Método B, Seção 4/6): inicialização confirmada via SCALAR_COORD_ON_VARIABLE (status=OK_SCALAR_COORD), L.standard_name='forecast_period'/units='months', grade [0.5, 1.5, 2.5, 3.5, 4.5, 5.5] mensal confirmada, rota com forecast_period_semantics_documented=True.",CONFIRMED_BY_FORECAST_PERIOD_SEMANTICS,SCALAR_COORD_ON_VARIABLE,1996-12,1996-12,1,OK_SCALAR_COORD,RANGEEDGES,RANGEEDGES_WINDOW_COORDINATE_MATCH,1996-12-01 00:00:00; 1997-01-01 00:00:00,1996-12-01 00:00:00,"esquema=lead1_igual_mes_inicializacao, representação=NMME_HARMONIZED_MONTHLY",Fazendas_Sinobras_Centroide
1996-12,NOAA_NCEP,CFSv2,1996-12,3,2.5,1997-02,OK,"L.attrs contém termo(s) ['forecast_period'] — indica semântica de lead/target, mas isso sozinho não confirma o valor exato de H3 sem uma variável auxiliar de data-alvo. | nenhuma variável auxiliar de data-alvo (('target', 'valid_time', 'target_month', 'forecast_time')) encontrada no dataset aberto — tentando Método B (semântica documentada do eixo forecast_period, Seção 4). | confirmado pela semântica documentada do eixo forecast_period (Método B, Seção 4/6): inicialização confirmada via SCALAR_COORD_ON_VARIABLE (status=OK_SCALAR_COORD), L.standard_name='forecast_period'/units='months', grade [0.5, 1.5, 2.5, 3.5, 4.5, 5.5] mensal confirmada, rota com forecast_period_semantics_documented=True.",CONFIRMED_BY_FORECAST_PERIOD_SEMANTICS,SCALAR_COORD_ON_VARIABLE,1996-12,1996-12,1,OK_SCALAR_COORD,RANGEEDGES,RANGEEDGES_WINDOW_COORDINATE_MATCH,1996-12-01 00:00:00; 1997-01-01 00:00:00,1996-12-01 00:00:00,"esquema=lead1_igual_mes_inicializacao, representação=NMME_HARMONIZED_MONTHLY",Fazendas_Sinobras_Centroide
1996-12,NOAA_NCEP,CFSv2,1996-12,4,3.5,1997-03,OK,"L.attrs contém termo(s) ['forecast_period'] — indica semântica de lead/target, mas isso sozinho não confirma o valor exato de H4 sem uma variável auxiliar de data-alvo. | nenhuma variável auxiliar de data-alvo (('target', 'valid_time', 'target_month', 'forecast_time')) encontrada no dataset aberto — tentando Método B (semântica documentada do eixo forecast_period, Seção 4). | confirmado pela semântica documentada do eixo forecast_period (Método B, Seção 4/6): inicialização confirmada via SCALAR_COORD_ON_VARIABLE (status=OK_SCALAR_COORD), L.standard_name='forecast_period'/units='months', grade [0.5, 1.5, 2.5, 3.5, 4.5, 5.5] mensal confirmada, rota com forecast_period_semantics_documented=True.",CONFIRMED_BY_FORECAST_PERIOD_SEMANTICS,SCALAR_COORD_ON_VARIABLE,1996-12,1996-12,1,OK_SCALAR_COORD,RANGEEDGES,RANGEEDGES_WINDOW_COORDINATE_MATCH,1996-12-01 00:00:00; 1997-01-01 00:00:00,1996-12-01 00:00:00,"esquema=lead1_igual_mes_inicializacao, representação=NMME_HARMONIZED_MONTHLY",Fazendas_Sinobras_Centroide
1996-12,NOAA_NCEP,CFSv2,1996-12,5,4.5,1997-04,OK,"L.attrs contém termo(s) ['forecast_period'] — indica semântica de lead/target, mas isso sozinho não confirma o valor exato de H5 sem uma variável auxiliar de data-alvo. | nenhuma variável auxiliar de data-alvo (('target', 'valid_time', 'target_month', 'forecast_time')) encontrada no dataset aberto — tentando Método B (semântica documentada do eixo forecast_period, Seção 4). | confirmado pela semântica documentada do eixo forecast_period (Método B, Seção 4/6): inicialização confirmada via SCALAR_COORD_ON_VARIABLE (status=OK_SCALAR_COORD), L.standard_name='forecast_period'/units='months', grade [0.5, 1.5, 2.5, 3.5, 4.5, 5.5] mensal confirmada, rota com forecast_period_semantics_documented=True.",CONFIRMED_BY_FORECAST_PERIOD_SEMANTICS,SCALAR_COORD_ON_VARIABLE,1996-12,1996-12,1,OK_SCALAR_COORD,RANGEEDGES,RANGEEDGES_WINDOW_COORDINATE_MATCH,1996-12-01 00:00:00; 1997-01-01 00:00:00,1996-12-01 00:00:00,"esquema=lead1_igual_mes_inicializacao, representação=NMME_HARMONIZED_MONTHLY",Fazendas_Sinobras_Centroide
1996-12,NOAA_NCEP,CFSv2,1996-12,6,5.5,1997-05,OK,"L.attrs contém termo(s) ['forecast_period'] — indica semântica de lead/target, mas isso sozinho não confirma o valor exato de H6 sem uma variável auxiliar de data-alvo. | nenhuma variável auxiliar de data-alvo (('target', 'valid_time', 'target_month', 'forecast_time')) encontrada no dataset aberto — tentando Método B (semântica documentada do eixo forecast_period, Seção 4). | confirmado pela semântica documentada do eixo forecast_period (Método B, Seção 4/6): inicialização confirmada via SCALAR_COORD_ON_VARIABLE (status=OK_SCALAR_COORD), L.standard_name='forecast_period'/units='months', grade [0.5, 1.5, 2.5, 3.5, 4.5, 5.5] mensal confirmada, rota com forecast_period_semantics_documented=True.",CONFIRMED_BY_FORECAST_PERIOD_SEMANTICS,SCALAR_COORD_ON_VARIABLE,1996-12,1996-12,1,OK_SCALAR_COORD,RANGEEDGES,RANGEEDGES_WINDOW_COORDINATE_MATCH,1996-12-01 00:00:00; 1997-01-01 00:00:00,1996-12-01 00:00:00,"esquema=lead1_igual_mes_inicializacao, representação=NMME_HARMONIZED_MONTHLY",Fazendas_Sinobras_Centroide
1997-01,NOAA_NCEP,CFSv2,1997-01,1,0.5,1997-01,OK,"L.attrs contém termo(s) ['forecast_period'] — indica semântica de lead/target, mas isso sozinho não confirma o valor exato de H1 sem uma variável auxiliar de data-alvo. | nenhuma variável auxiliar de data-alvo (('target', 'valid_time', 'target_month', 'forecast_time')) encontrada no dataset aberto — tentando Método B (semântica documentada do eixo forecast_period, Seção 4). | confirmado pela semântica documentada do eixo forecast_period (Método B, Seção 4/6): inicialização confirmada via SCALAR_COORD_ON_VARIABLE (status=OK_SCALAR_COORD), L.standard_name='forecast_period'/units='months', grade [0.5, 1.5, 2.5, 3.5, 4.5, 5.5] mensal confirmada, rota com forecast_period_semantics_documented=True.",CONFIRMED_BY_FORECAST_PERIOD_SEMANTICS,SCALAR_COORD_ON_VARIABLE,1997-01,1997-01,1,OK_SCALAR_COORD,RANGEEDGES,RANGEEDGES_WINDOW_COORDINATE_MATCH,1997-01-01 00:00:00; 1997-02-01 00:00:00,1997-01-01 00:00:00,"esquema=lead1_igual_mes_inicializacao, representação=NMME_HARMONIZED_MONTHLY",Fazendas_Sinobras_Centroide
1997-01,NOAA_NCEP,CFSv2,1997-01,2,1.5,1997-02,OK,"L.attrs contém termo(s) ['forecast_period'] — indica semântica de lead/target, mas isso sozinho não confirma o valor exato de H2 sem uma variável auxiliar de data-alvo. | nenhuma variável auxiliar de data-alvo (('target', 'valid_time', 'target_month', 'forecast_time')) encontrada no dataset aberto — tentando Método B (semântica documentada do eixo forecast_period, Seção 4). | confirmado pela semântica documentada do eixo forecast_period (Método B, Seção 4/6): inicialização confirmada via SCALAR_COORD_ON_VARIABLE (status=OK_SCALAR_COORD), L.standard_name='forecast_period'/units='months', grade [0.5, 1.5, 2.5, 3.5, 4.5, 5.5] mensal confirmada, rota com forecast_period_semantics_documented=True.",CONFIRMED_BY_FORECAST_PERIOD_SEMANTICS,SCALAR_COORD_ON_VARIABLE,1997-01,1997-01,1,OK_SCALAR_COORD,RANGEEDGES,RANGEEDGES_WINDOW_COORDINATE_MATCH,1997-01-01 00:00:00; 1997-02-01 00:00:00,1997-01-01 00:00:00,"esquema=lead1_igual_mes_inicializacao, representação=NMME_HARMONIZED_MONTHLY",Fazendas_Sinobras_Centroide
1997-01,NOAA_NCEP,CFSv2,1997-01,3,2.5,1997-03,OK,"L.attrs contém termo(s) ['forecast_period'] — indica semântica de lead/target, mas isso sozinho não confirma o valor exato de H3 sem uma variável auxiliar de data-alvo. | nenhuma variável auxiliar de data-alvo (('target', 'valid_time', 'target_month', 'forecast_time')) encontrada no dataset aberto — tentando Método B (semântica documentada do eixo forecast_period, Seção 4). | confirmado pela semântica documentada do eixo forecast_period (Método B, Seção 4/6): inicialização confirmada via SCALAR_COORD_ON_VARIABLE (status=OK_SCALAR_COORD), L.standard_name='forecast_period'/units='months', grade [0.5, 1.5, 2.5, 3.5, 4.5, 5.5] mensal confirmada, rota com forecast_period_semantics_documented=True.",CONFIRMED_BY_FORECAST_PERIOD_SEMANTICS,SCALAR_COORD_ON_VARIABLE,1997-01,1997-01,1,OK_SCALAR_COORD,RANGEEDGES,RANGEEDGES_WINDOW_COORDINATE_MATCH,1997-01-01 00:00:00; 1997-02-01 00:00:00,1997-01-01 00:00:00,"esquema=lead1_igual_mes_inicializacao, representação=NMME_HARMONIZED_MONTHLY",Fazendas_Sinobras_Centroide
1997-01,NOAA_NCEP,CFSv2,1997-01,4,3.5,1997-04,OK,"L.attrs contém termo(s) ['forecast_period'] — indica semântica de lead/target, mas isso sozinho não confirma o valor exato de H4 sem uma variável auxiliar de data-alvo. | nenhuma variável auxiliar de data-alvo (('target', 'valid_time', 'target_month', 'forecast_time')) encontrada no dataset aberto — tentando Método B (semântica documentada do eixo forecast_period, Seção 4). | confirmado pela semântica documentada do eixo forecast_period (Método B, Seção 4/6): inicialização confirmada via SCALAR_COORD_ON_VARIABLE (status=OK_SCALAR_COORD), L.standard_name='forecast_period'/units='months', grade [0.5, 1.5, 2.5, 3.5, 4.5, 5.5] mensal confirmada, rota com forecast_period_semantics_documented=True.",CONFIRMED_BY_FORECAST_PERIOD_SEMANTICS,SCALAR_COORD_ON_VARIABLE,1997-01,1997-01,1,OK_SCALAR_COORD,RANGEEDGES,RANGEEDGES_WINDOW_COORDINATE_MATCH,1997-01-01 00:00:00; 1997-02-01 00:00:00,1997-01-01 00:00:00,"esquema=lead1_igual_mes_inicializacao, representação=NMME_HARMONIZED_MONTHLY",Fazendas_Sinobras_Centroide
1997-01,NOAA_NCEP,CFSv2,1997-01,5,4.5,1997-05,OK,"L.attrs contém termo(s) ['forecast_period'] — indica semântica de lead/target, mas isso sozinho não confirma o valor exato de H5 sem uma variável auxiliar de data-alvo. | nenhuma variável auxiliar de data-alvo (('target', 'valid_time', 'target_month', 'forecast_time')) encontrada no dataset aberto — tentando Método B (semântica documentada do eixo forecast_period, Seção 4). | confirmado pela semântica documentada do eixo forecast_period (Método B, Seção 4/6): inicialização confirmada via SCALAR_COORD_ON_VARIABLE (status=OK_SCALAR_COORD), L.standard_name='forecast_period'/units='months', grade [0.5, 1.5, 2.5, 3.5, 4.5, 5.5] mensal confirmada, rota com forecast_period_semantics_documented=True.",CONFIRMED_BY_FORECAST_PERIOD_SEMANTICS,SCALAR_COORD_ON_VARIABLE,1997-01,1997-01,1,OK_SCALAR_COORD,RANGEEDGES,RANGEEDGES_WINDOW_COORDINATE_MATCH,1997-01-01 00:00:00; 1997-02-01 00:00:00,1997-01-01 00:00:00,"esquema=lead1_igual_mes_inicializacao, representação=NMME_HARMONIZED_MONTHLY",Fazendas_Sinobras_Centroide
1997-01,NOAA_NCEP,CFSv2,1997-01,6,5.5,1997-06,OK,"L.attrs contém termo(s) ['forecast_period'] — indica semântica de lead/target, mas isso sozinho não confirma o valor exato de H6 sem uma variável auxiliar de data-alvo. | nenhuma variável auxiliar de data-alvo (('target', 'valid_time', 'target_month', 'forecast_time')) encontrada no dataset aberto — tentando Método B (semântica documentada do eixo forecast_period, Seção 4). | confirmado pela semântica documentada do eixo forecast_period (Método B, Seção 4/6): inicialização confirmada via SCALAR_COORD_ON_VARIABLE (status=OK_SCALAR_COORD), L.standard_name='forecast_period'/units='months', grade [0.5, 1.5, 2.5, 3.5, 4.5, 5.5] mensal confirmada, rota com forecast_period_semantics_documented=True.",CONFIRMED_BY_FORECAST_PERIOD_SEMANTICS,SCALAR_COORD_ON_VARIABLE,1997-01,1997-01,1,OK_SCALAR_COORD,RANGEEDGES,RANGEEDGES_WINDOW_COORDINATE_MATCH,1997-01-01 00:00:00; 1997-02-01 00:00:00,1997-01-01 00:00:00,"esquema=lead1_igual_mes_inicializacao, representação=NMME_HARMONIZED_MONTHLY",Fazendas_Sinobras_Centroide
1997-02,NOAA_NCEP,CFSv2,1997-02,1,0.5,1997-02,OK,"L.attrs contém termo(s) ['forecast_period'] — indica semântica de lead/target, mas isso sozinho não confirma o valor exato de H1 sem uma variável auxiliar de data-alvo. | nenhuma variável auxiliar de data-alvo (('target', 'valid_time', 'target_month', 'forecast_time')) encontrada no dataset aberto — tentando Método B (semântica documentada do eixo forecast_period, Seção 4). | confirmado pela semântica documentada do eixo forecast_period (Método B, Seção 4/6): inicialização confirmada via SCALAR_COORD_ON_VARIABLE (status=OK_SCALAR_COORD), L.standard_name='forecast_period'/units='months', grade [0.5, 1.5, 2.5, 3.5, 4.5, 5.5] mensal confirmada, rota com forecast_period_semantics_documented=True.",CONFIRMED_BY_FORECAST_PERIOD_SEMANTICS,SCALAR_COORD_ON_VARIABLE,1997-02,1997-02,1,OK_SCALAR_COORD,RANGEEDGES,RANGEEDGES_WINDOW_COORDINATE_MATCH,1997-02-01 00:00:00; 1997-03-01 00:00:00,1997-02-01 00:00:00,"esquema=lead1_igual_mes_inicializacao, representação=NMME_HARMONIZED_MONTHLY",Fazendas_Sinobras_Centroide
1997-02,NOAA_NCEP,CFSv2,1997-02,2,1.5,1997-03,OK,"L.attrs contém termo(s) ['forecast_period'] — indica semântica de lead/target, mas isso sozinho não confirma o valor exato de H2 sem uma variável auxiliar de data-alvo. | nenhuma variável auxiliar de data-alvo (('target', 'valid_time', 'target_month', 'forecast_time')) encontrada no dataset aberto — tentando Método B (semântica documentada do eixo forecast_period, Seção 4). | confirmado pela semântica documentada do eixo forecast_period (Método B, Seção 4/6): inicialização confirmada via SCALAR_COORD_ON_VARIABLE (status=OK_SCALAR_COORD), L.standard_name='forecast_period'/units='months', grade [0.5, 1.5, 2.5, 3.5, 4.5, 5.5] mensal confirmada, rota com forecast_period_semantics_documented=True.",CONFIRMED_BY_FORECAST_PERIOD_SEMANTICS,SCALAR_COORD_ON_VARIABLE,1997-02,1997-02,1,OK_SCALAR_COORD,RANGEEDGES,RANGEEDGES_WINDOW_COORDINATE_MATCH,1997-02-01 00:00:00; 1997-03-01 00:00:00,1997-02-01 00:00:00,"esquema=lead1_igual_mes_inicializacao, representação=NMME_HARMONIZED_MONTHLY",Fazendas_Sinobras_Centroide
1997-02,NOAA_NCEP,CFSv2,1997-02,3,2.5,1997-04,OK,"L.attrs contém termo(s) ['forecast_period'] — indica semântica de lead/target, mas isso sozinho não confirma o valor exato de H3 sem uma variável auxiliar de data-alvo. | nenhuma variável auxiliar de data-alvo (('target', 'valid_time', 'target_month', 'forecast_time')) encontrada no dataset aberto — tentando Método B (semântica documentada do eixo forecast_period, Seção 4). | confirmado pela semântica documentada do eixo forecast_period (Método B, Seção 4/6): inicialização confirmada via SCALAR_COORD_ON_VARIABLE (status=OK_SCALAR_COORD), L.standard_name='forecast_period'/units='months', grade [0.5, 1.5, 2.5, 3.5, 4.5, 5.5] mensal confirmada, rota com forecast_period_semantics_documented=True.",CONFIRMED_BY_FORECAST_PERIOD_SEMANTICS,SCALAR_COORD_ON_VARIABLE,1997-02,1997-02,1,OK_SCALAR_COORD,RANGEEDGES,RANGEEDGES_WINDOW_COORDINATE_MATCH,1997-02-01 00:00:00; 1997-03-01 00:00:00,1997-02-01 00:00:00,"esquema=lead1_igual_mes_inicializacao, representação=NMME_HARMONIZED_MONTHLY",Fazendas_Sinobras_Centroide
1997-02,NOAA_NCEP,CFSv2,1997-02,4,3.5,1997-05,OK,"L.attrs contém termo(s) ['forecast_period'] — indica semântica de lead/target, mas isso sozinho não confirma o valor exato de H4 sem uma variável auxiliar de data-alvo. | nenhuma variável auxiliar de data-alvo (('target', 'valid_time', 'target_month', 'forecast_time')) encontrada no dataset aberto — tentando Método B (semântica documentada do eixo forecast_period, Seção 4). | confirmado pela semântica documentada do eixo forecast_period (Método B, Seção 4/6): inicialização confirmada via SCALAR_COORD_ON_VARIABLE (status=OK_SCALAR_COORD), L.standard_name='forecast_period'/units='months', grade [0.5, 1.5, 2.5, 3.5, 4.5, 5.5] mensal confirmada, rota com forecast_period_semantics_documented=True.",CONFIRMED_BY_FORECAST_PERIOD_SEMANTICS,SCALAR_COORD_ON_VARIABLE,1997-02,1997-02,1,OK_SCALAR_COORD,RANGEEDGES,RANGEEDGES_WINDOW_COORDINATE_MATCH,1997-02-01 00:00:00; 1997-03-01 00:00:00,1997-02-01 00:00:00,"esquema=lead1_igual_mes_inicializacao, representação=NMME_HARMONIZED_MONTHLY",Fazendas_Sinobras_Centroide
1997-02,NOAA_NCEP,CFSv2,1997-02,5,4.5,1997-06,OK,"L.attrs contém termo(s) ['forecast_period'] — indica semântica de lead/target, mas isso sozinho não confirma o valor exato de H5 sem uma variável auxiliar de data-alvo. | nenhuma variável auxiliar de data-alvo (('target', 'valid_time', 'target_month', 'forecast_time')) encontrada no dataset aberto — tentando Método B (semântica documentada do eixo forecast_period, Seção 4). | confirmado pela semântica documentada do eixo forecast_period (Método B, Seção 4/6): inicialização confirmada via SCALAR_COORD_ON_VARIABLE (status=OK_SCALAR_COORD), L.standard_name='forecast_period'/units='months', grade [0.5, 1.5, 2.5, 3.5, 4.5, 5.5] mensal confirmada, rota com forecast_period_semantics_documented=True.",CONFIRMED_BY_FORECAST_PERIOD_SEMANTICS,SCALAR_COORD_ON_VARIABLE,1997-02,1997-02,1,OK_SCALAR_COORD,RANGEEDGES,RANGEEDGES_WINDOW_COORDINATE_MATCH,1997-02-01 00:00:00; 1997-03-01 00:00:00,1997-02-01 00:00:00,"esquema=lead1_igual_mes_inicializacao, representação=NMME_HARMONIZED_MONTHLY",Fazendas_Sinobras_Centroide
1997-02,NOAA_NCEP,CFSv2,1997-02,6,5.5,1997-07,OK,"L.attrs contém termo(s) ['forecast_period'] — indica semântica de lead/target, mas isso sozinho não confirma o valor exato de H6 sem uma variável auxiliar de data-alvo. | nenhuma variável auxiliar de data-alvo (('target', 'valid_time', 'target_month', 'forecast_time')) encontrada no dataset aberto — tentando Método B (semântica documentada do eixo forecast_period, Seção 4). | confirmado pela semântica documentada do eixo forecast_period (Método B, Seção 4/6): inicialização confirmada via SCALAR_COORD_ON_VARIABLE (status=OK_SCALAR_COORD), L.standard_name='forecast_period'/units='months', grade [0.5, 1.5, 2.5, 3.5, 4.5, 5.5] mensal confirmada, rota com forecast_period_semantics_documented=True.",CONFIRMED_BY_FORECAST_PERIOD_SEMANTICS,SCALAR_COORD_ON_VARIABLE,1997-02,1997-02,1,OK_SCALAR_COORD,RANGEEDGES,RANGEEDGES_WINDOW_COORDINATE_MATCH,1997-02-01 00:00:00; 1997-03-01 00:00:00,1997-02-01 00:00:00,"esquema=lead1_igual_mes_inicializacao, representação=NMME_HARMONIZED_MONTHLY",Fazendas_Sinobras_Centroide
1997-03,NOAA_NCEP,CFSv2,1997-03,1,0.5,1997-03,OK,"L.attrs contém termo(s) ['forecast_period'] — indica semântica de lead/target, mas isso sozinho não confirma o valor exato de H1 sem uma variável auxiliar de data-alvo. | nenhuma variável auxiliar de data-alvo (('target', 'valid_time', 'target_month', 'forecast_time')) encontrada no dataset aberto — tentando Método B (semântica documentada do eixo forecast_period, Seção 4). | confirmado pela semântica documentada do eixo forecast_period (Método B, Seção 4/6): inicialização confirmada via SCALAR_COORD_ON_VARIABLE (status=OK_SCALAR_COORD), L.standard_name='forecast_period'/units='months', grade [0.5, 1.5, 2.5, 3.5, 4.5, 5.5] mensal confirmada, rota com forecast_period_semantics_documented=True.",CONFIRMED_BY_FORECAST_PERIOD_SEMANTICS,SCALAR_COORD_ON_VARIABLE,1997-03,1997-03,1,OK_SCALAR_COORD,RANGEEDGES,RANGEEDGES_WINDOW_COORDINATE_MATCH,1997-03-01 00:00:00; 1997-04-01 00:00:00,1997-03-01 00:00:00,"esquema=lead1_igual_mes_inicializacao, representação=NMME_HARMONIZED_MONTHLY",Fazendas_Sinobras_Centroide
1997-03,NOAA_NCEP,CFSv2,1997-03,2,1.5,1997-04,OK,"L.attrs contém termo(s) ['forecast_period'] — indica semântica de lead/target, mas isso sozinho não confirma o valor exato de H2 sem uma variável auxiliar de data-alvo. | nenhuma variável auxiliar de data-alvo (('target', 'valid_time', 'target_month', 'forecast_time')) encontrada no dataset aberto — tentando Método B (semântica documentada do eixo forecast_period, Seção 4). | confirmado pela semântica documentada do eixo forecast_period (Método B, Seção 4/6): inicialização confirmada via SCALAR_COORD_ON_VARIABLE (status=OK_SCALAR_COORD), L.standard_name='forecast_period'/units='months', grade [0.5, 1.5, 2.5, 3.5, 4.5, 5.5] mensal confirmada, rota com forecast_period_semantics_documented=True.",CONFIRMED_BY_FORECAST_PERIOD_SEMANTICS,SCALAR_COORD_ON_VARIABLE,1997-03,1997-03,1,OK_SCALAR_COORD,RANGEEDGES,RANGEEDGES_WINDOW_COORDINATE_MATCH,1997-03-01 00:00:00; 1997-04-01 00:00:00,1997-03-01 00:00:00,"esquema=lead1_igual_mes_inicializacao, representação=NMME_HARMONIZED_MONTHLY",Fazendas_Sinobras_Centroide
1997-03,NOAA_NCEP,CFSv2,1997-03,3,2.5,1997-05,OK,"L.attrs contém termo(s) ['forecast_period'] — indica semântica de lead/target, mas isso sozinho não confirma o valor exato de H3 sem uma variável auxiliar de data-alvo. | nenhuma variável auxiliar de data-alvo (('target', 'valid_time', 'target_month', 'forecast_time')) encontrada no dataset aberto — tentando Método B (semântica documentada do eixo forecast_period, Seção 4). | confirmado pela semântica documentada do eixo forecast_period (Método B, Seção 4/6): inicialização confirmada via SCALAR_COORD_ON_VARIABLE (status=OK_SCALAR_COORD), L.standard_name='forecast_period'/units='months', grade [0.5, 1.5, 2.5, 3.5, 4.5, 5.5] mensal confirmada, rota com forecast_period_semantics_documented=True.",CONFIRMED_BY_FORECAST_PERIOD_SEMANTICS,SCALAR_COORD_ON_VARIABLE,1997-03,1997-03,1,OK_SCALAR_COORD,RANGEEDGES,RANGEEDGES_WINDOW_COORDINATE_MATCH,1997-03-01 00:00:00; 1997-04-01 00:00:00,1997-03-01 00:00:00,"esquema=lead1_igual_mes_inicializacao, representação=NMME_HARMONIZED_MONTHLY",Fazendas_Sinobras_Centroide
1997-03,NOAA_NCEP,CFSv2,1997-03,4,3.5,1997-06,OK,"L.attrs contém termo(s) ['forecast_period'] — indica semântica de lead/target, mas isso sozinho não confirma o valor exato de H4 sem uma variável auxiliar de data-alvo. | nenhuma variável auxiliar de data-alvo (('target', 'valid_time', 'target_month', 'forecast_time')) encontrada no dataset aberto — tentando Método B (semântica documentada do eixo forecast_period, Seção 4). | confirmado pela semântica documentada do eixo forecast_period (Método B, Seção 4/6): inicialização confirmada via SCALAR_COORD_ON_VARIABLE (status=OK_SCALAR_COORD), L.standard_name='forecast_period'/units='months', grade [0.5, 1.5, 2.5, 3.5, 4.5, 5.5] mensal confirmada, rota com forecast_period_semantics_documented=True.",CONFIRMED_BY_FORECAST_PERIOD_SEMANTICS,SCALAR_COORD_ON_VARIABLE,1997-03,1997-03,1,OK_SCALAR_COORD,RANGEEDGES,RANGEEDGES_WINDOW_COORDINATE_MATCH,1997-03-01 00:00:00; 1997-04-01 00:00:00,1997-03-01 00:00:00,"esquema=lead1_igual_mes_inicializacao, representação=NMME_HARMONIZED_MONTHLY",Fazendas_Sinobras_Centroide
1997-03,NOAA_NCEP,CFSv2,1997-03,5,4.5,1997-07,OK,"L.attrs contém termo(s) ['forecast_period'] — indica semântica de lead/target, mas isso sozinho não confirma o valor exato de H5 sem uma variável auxiliar de data-alvo. | nenhuma variável auxiliar de data-alvo (('target', 'valid_time', 'target_month', 'forecast_time')) encontrada no dataset aberto — tentando Método B (semântica documentada do eixo forecast_period, Seção 4). | confirmado pela semântica documentada do eixo forecast_period (Método B, Seção 4/6): inicialização confirmada via SCALAR_COORD_ON_VARIABLE (status=OK_SCALAR_COORD), L.standard_name='forecast_period'/units='months', grade [0.5, 1.5, 2.5, 3.5, 4.5, 5.5] mensal confirmada, rota com forecast_period_semantics_documented=True.",CONFIRMED_BY_FORECAST_PERIOD_SEMANTICS,SCALAR_COORD_ON_VARIABLE,1997-03,1997-03,1,OK_SCALAR_COORD,RANGEEDGES,RANGEEDGES_WINDOW_COORDINATE_MATCH,1997-03-01 00:00:00; 1997-04-01 00:00:00,1997-03-01 00:00:00,"esquema=lead1_igual_mes_inicializacao, representação=NMME_HARMONIZED_MONTHLY",Fazendas_Sinobras_Centroide
1997-03,NOAA_NCEP,CFSv2,1997-03,6,5.5,1997-08,OK,"L.attrs contém termo(s) ['forecast_period'] — indica semântica de lead/target, mas isso sozinho não confirma o valor exato de H6 sem uma variável auxiliar de data-alvo. | nenhuma variável auxiliar de data-alvo (('target', 'valid_time', 'target_month', 'forecast_time')) encontrada no dataset aberto — tentando Método B (semântica documentada do eixo forecast_period, Seção 4). | confirmado pela semântica documentada do eixo forecast_period (Método B, Seção 4/6): inicialização confirmada via SCALAR_COORD_ON_VARIABLE (status=OK_SCALAR_COORD), L.standard_name='forecast_period'/units='months', grade [0.5, 1.5, 2.5, 3.5, 4.5, 5.5] mensal confirmada, rota com forecast_period_semantics_documented=True.",CONFIRMED_BY_FORECAST_PERIOD_SEMANTICS,SCALAR_COORD_ON_VARIABLE,1997-03,1997-03,1,OK_SCALAR_COORD,RANGEEDGES,RANGEEDGES_WINDOW_COORDINATE_MATCH,1997-03-01 00:00:00; 1997-04-01 00:00:00,1997-03-01 00:00:00,"esquema=lead1_igual_mes_inicializacao, representação=NMME_HARMONIZED_MONTHLY",Fazendas_Sinobras_Centroide
1997-04,NOAA_NCEP,CFSv2,1997-04,1,0.5,1997-04,OK,"L.attrs contém termo(s) ['forecast_period'] — indica semântica de lead/target, mas isso sozinho não confirma o valor exato de H1 sem uma variável auxiliar de data-alvo. | nenhuma variável auxiliar de data-alvo (('target', 'valid_time', 'target_month', 'forecast_time')) encontrada no dataset aberto — tentando Método B (semântica documentada do eixo forecast_period, Seção 4). | confirmado pela semântica documentada do eixo forecast_period (Método B, Seção 4/6): inicialização confirmada via SCALAR_COORD_ON_VARIABLE (status=OK_SCALAR_COORD), L.standard_name='forecast_period'/units='months', grade [0.5, 1.5, 2.5, 3.5, 4.5, 5.5] mensal confirmada, rota com forecast_period_semantics_documented=True.",CONFIRMED_BY_FORECAST_PERIOD_SEMANTICS,SCALAR_COORD_ON_VARIABLE,1997-04,1997-04,1,OK_SCALAR_COORD,RANGEEDGES,RANGEEDGES_WINDOW_COORDINATE_MATCH,1997-04-01 00:00:00; 1997-05-01 00:00:00,1997-04-01 00:00:00,"esquema=lead1_igual_mes_inicializacao, representação=NMME_HARMONIZED_MONTHLY",Fazendas_Sinobras_Centroide
1997-04,NOAA_NCEP,CFSv2,1997-04,2,1.5,1997-05,OK,"L.attrs contém termo(s) ['forecast_period'] — indica semântica de lead/target, mas isso sozinho não confirma o valor exato de H2 sem uma variável auxiliar de data-alvo. | nenhuma variável auxiliar de data-alvo (('target', 'valid_time', 'target_month', 'forecast_time')) encontrada no dataset aberto — tentando Método B (semântica documentada do eixo forecast_period, Seção 4). | confirmado pela semântica documentada do eixo forecast_period (Método B, Seção 4/6): inicialização confirmada via SCALAR_COORD_ON_VARIABLE (status=OK_SCALAR_COORD), L.standard_name='forecast_period'/units='months', grade [0.5, 1.5, 2.5, 3.5, 4.5, 5.5] mensal confirmada, rota com forecast_period_semantics_documented=True.",CONFIRMED_BY_FORECAST_PERIOD_SEMANTICS,SCALAR_COORD_ON_VARIABLE,1997-04,1997-04,1,OK_SCALAR_COORD,RANGEEDGES,RANGEEDGES_WINDOW_COORDINATE_MATCH,1997-04-01 00:00:00; 1997-05-01 00:00:00,1997-04-01 00:00:00,"esquema=lead1_igual_mes_inicializacao, representação=NMME_HARMONIZED_MONTHLY",Fazendas_Sinobras_Centroide
1997-04,NOAA_NCEP,CFSv2,1997-04,3,2.5,1997-06,OK,"L.attrs contém termo(s) ['forecast_period'] — indica semântica de lead/target, mas isso sozinho não confirma o valor exato de H3 sem uma variável auxiliar de data-alvo. | nenhuma variável auxiliar de data-alvo (('target', 'valid_time', 'target_month', 'forecast_time')) encontrada no dataset aberto — tentando Método B (semântica documentada do eixo forecast_period, Seção 4). | confirmado pela semântica documentada do eixo forecast_period (Método B, Seção 4/6): inicialização confirmada via SCALAR_COORD_ON_VARIABLE (status=OK_SCALAR_COORD), L.standard_name='forecast_period'/units='months', grade [0.5, 1.5, 2.5, 3.5, 4.5, 5.5] mensal confirmada, rota com forecast_period_semantics_documented=True.",CONFIRMED_BY_FORECAST_PERIOD_SEMANTICS,SCALAR_COORD_ON_VARIABLE,1997-04,1997-04,1,OK_SCALAR_COORD,RANGEEDGES,RANGEEDGES_WINDOW_COORDINATE_MATCH,1997-04-01 00:00:00; 1997-05-01 00:00:00,1997-04-01 00:00:00,"esquema=lead1_igual_mes_inicializacao, representação=NMME_HARMONIZED_MONTHLY",Fazendas_Sinobras_Centroide
1997-04,NOAA_NCEP,CFSv2,1997-04,4,3.5,1997-07,OK,"L.attrs contém termo(s) ['forecast_period'] — indica semântica de lead/target, mas isso sozinho não confirma o valor exato de H4 sem uma variável auxiliar de data-alvo. | nenhuma variável auxiliar de data-alvo (('target', 'valid_time', 'target_month', 'forecast_time')) encontrada no dataset aberto — tentando Método B (semântica documentada do eixo forecast_period, Seção 4). | confirmado pela semântica documentada do eixo forecast_period (Método B, Seção 4/6): inicialização confirmada via SCALAR_COORD_ON_VARIABLE (status=OK_SCALAR_COORD), L.standard_name='forecast_period'/units='months', grade [0.5, 1.5, 2.5, 3.5, 4.5, 5.5] mensal confirmada, rota com forecast_period_semantics_documented=True.",CONFIRMED_BY_FORECAST_PERIOD_SEMANTICS,SCALAR_COORD_ON_VARIABLE,1997-04,1997-04,1,OK_SCALAR_COORD,RANGEEDGES,RANGEEDGES_WINDOW_COORDINATE_MATCH,1997-04-01 00:00:00; 1997-05-01 00:00:00,1997-04-01 00:00:00,"esquema=lead1_igual_mes_inicializacao, representação=NMME_HARMONIZED_MONTHLY",Fazendas_Sinobras_Centroide
1997-04,NOAA_NCEP,CFSv2,1997-04,5,4.5,1997-08,OK,"L.attrs contém termo(s) ['forecast_period'] — indica semântica de lead/target, mas isso sozinho não confirma o valor exato de H5 sem uma variável auxiliar de data-alvo. | nenhuma variável auxiliar de data-alvo (('target', 'valid_time', 'target_month', 'forecast_time')) encontrada no dataset aberto — tentando Método B (semântica documentada do eixo forecast_period, Seção 4). | confirmado pela semântica documentada do eixo forecast_period (Método B, Seção 4/6): inicialização confirmada via SCALAR_COORD_ON_VARIABLE (status=OK_SCALAR_COORD), L.standard_name='forecast_period'/units='months', grade [0.5, 1.5, 2.5, 3.5, 4.5, 5.5] mensal confirmada, rota com forecast_period_semantics_documented=True.",CONFIRMED_BY_FORECAST_PERIOD_SEMANTICS,SCALAR_COORD_ON_VARIABLE,1997-04,1997-04,1,OK_SCALAR_COORD,RANGEEDGES,RANGEEDGES_WINDOW_COORDINATE_MATCH,1997-04-01 00:00:00; 1997-05-01 00:00:00,1997-04-01 00:00:00,"esquema=lead1_igual_mes_inicializacao, representação=NMME_HARMONIZED_MONTHLY",Fazendas_Sinobras_Centroide
1997-04,NOAA_NCEP,CFSv2,1997-04,6,5.5,1997-09,OK,"L.attrs contém termo(s) ['forecast_period'] — indica semântica de lead/target, mas isso sozinho não confirma o valor exato de H6 sem uma variável auxiliar de data-alvo. | nenhuma variável auxiliar de data-alvo (('target', 'valid_time', 'target_month', 'forecast_time')) encontrada no dataset aberto — tentando Método B (semântica documentada do eixo forecast_period, Seção 4). | confirmado pela semântica documentada do eixo forecast_period (Método B, Seção 4/6): inicialização confirmada via SCALAR_COORD_ON_VARIABLE (status=OK_SCALAR_COORD), L.standard_name='forecast_period'/units='months', grade [0.5, 1.5, 2.5, 3.5, 4.5, 5.5] mensal confirmada, rota com forecast_period_semantics_documented=True.",CONFIRMED_BY_FORECAST_PERIOD_SEMANTICS,SCALAR_COORD_ON_VARIABLE,1997-04,1997-04,1,OK_SCALAR_COORD,RANGEEDGES,RANGEEDGES_WINDOW_COORDINATE_MATCH,1997-04-01 00:00:00; 1997-05-01 00:00:00,1997-04-01 00:00:00,"esquema=lead1_igual_mes_inicializacao, representação=NMME_HARMONIZED_MONTHLY",Fazendas_Sinobras_Centroide
1997-05,NOAA_NCEP,CFSv2,1997-05,1,0.5,1997-05,OK,"L.attrs contém termo(s) ['forecast_period'] — indica semântica de lead/target, mas isso sozinho não confirma o valor exato de H1 sem uma variável auxiliar de data-alvo. | nenhuma variável auxiliar de data-alvo (('target', 'valid_time', 'target_month', 'forecast_time')) encontrada no dataset aberto — tentando Método B (semântica documentada do eixo forecast_period, Seção 4). | confirmado pela semântica documentada do eixo forecast_period (Método B, Seção 4/6): inicialização confirmada via SCALAR_COORD_ON_VARIABLE (status=OK_SCALAR_COORD), L.standard_name='forecast_period'/units='months', grade [0.5, 1.5, 2.5, 3.5, 4.5, 5.5] mensal confirmada, rota com forecast_period_semantics_documented=True.",CONFIRMED_BY_FORECAST_PERIOD_SEMANTICS,SCALAR_COORD_ON_VARIABLE,1997-05,1997-05,1,OK_SCALAR_COORD,RANGEEDGES,RANGEEDGES_WINDOW_COORDINATE_MATCH,1997-05-01 00:00:00; 1997-06-01 00:00:00,1997-05-01 00:00:00,"esquema=lead1_igual_mes_inicializacao, representação=NMME_HARMONIZED_MONTHLY",Fazendas_Sinobras_Centroide
1997-05,NOAA_NCEP,CFSv2,1997-05,2,1.5,1997-06,OK,"L.attrs contém termo(s) ['forecast_period'] — indica semântica de lead/target, mas isso sozinho não confirma o valor exato de H2 sem uma variável auxiliar de data-alvo. | nenhuma variável auxiliar de data-alvo (('target', 'valid_time', 'target_month', 'forecast_time')) encontrada no dataset aberto — tentando Método B (semântica documentada do eixo forecast_period, Seção 4). | confirmado pela semântica documentada do eixo forecast_period (Método B, Seção 4/6): inicialização confirmada via SCALAR_COORD_ON_VARIABLE (status=OK_SCALAR_COORD), L.standard_name='forecast_period'/units='months', grade [0.5, 1.5, 2.5, 3.5, 4.5, 5.5] mensal confirmada, rota com forecast_period_semantics_documented=True.",CONFIRMED_BY_FORECAST_PERIOD_SEMANTICS,SCALAR_COORD_ON_VARIABLE,1997-05,1997-05,1,OK_SCALAR_COORD,RANGEEDGES,RANGEEDGES_WINDOW_COORDINATE_MATCH,1997-05-01 00:00:00; 1997-06-01 00:00:00,1997-05-01 00:00:00,"esquema=lead1_igual_mes_inicializacao, representação=NMME_HARMONIZED_MONTHLY",Fazendas_Sinobras_Centroide
1997-05,NOAA_NCEP,CFSv2,1997-05,3,2.5,1997-07,OK,"L.attrs contém termo(s) ['forecast_period'] — indica semântica de lead/target, mas isso sozinho não confirma o valor exato de H3 sem uma variável auxiliar de data-alvo. | nenhuma variável auxiliar de data-alvo (('target', 'valid_time', 'target_month', 'forecast_time')) encontrada no dataset aberto — tentando Método B (semântica documentada do eixo forecast_period, Seção 4). | confirmado pela semântica documentada do eixo forecast_period (Método B, Seção 4/6): inicialização confirmada via SCALAR_COORD_ON_VARIABLE (status=OK_SCALAR_COORD), L.standard_name='forecast_period'/units='months', grade [0.5, 1.5, 2.5, 3.5, 4.5, 5.5] mensal confirmada, rota com forecast_period_semantics_documented=True.",CONFIRMED_BY_FORECAST_PERIOD_SEMANTICS,SCALAR_COORD_ON_VARIABLE,1997-05,1997-05,1,OK_SCALAR_COORD,RANGEEDGES,RANGEEDGES_WINDOW_COORDINATE_MATCH,1997-05-01 00:00:00; 1997-06-01 00:00:00,1997-05-01 00:00:00,"esquema=lead1_igual_mes_inicializacao, representação=NMME_HARMONIZED_MONTHLY",Fazendas_Sinobras_Centroide
1997-05,NOAA_NCEP,CFSv2,1997-05,4,3.5,1997-08,OK,"L.attrs contém termo(s) ['forecast_period'] — indica semântica de lead/target, mas isso sozinho não confirma o valor exato de H4 sem uma variável auxiliar de data-alvo. | nenhuma variável auxiliar de data-alvo (('target', 'valid_time', 'target_month', 'forecast_time')) encontrada no dataset aberto — tentando Método B (semântica documentada do eixo forecast_period, Seção 4). | confirmado pela semântica documentada do eixo forecast_period (Método B, Seção 4/6): inicialização confirmada via SCALAR_COORD_ON_VARIABLE (status=OK_SCALAR_COORD), L.standard_name='forecast_period'/units='months', grade [0.5, 1.5, 2.5, 3.5, 4.5, 5.5] mensal confirmada, rota com forecast_period_semantics_documented=True.",CONFIRMED_BY_FORECAST_PERIOD_SEMANTICS,SCALAR_COORD_ON_VARIABLE,1997-05,1997-05,1,OK_SCALAR_COORD,RANGEEDGES,RANGEEDGES_WINDOW_COORDINATE_MATCH,1997-05-01 00:00:00; 1997-06-01 00:00:00,1997-05-01 00:00:00,"esquema=lead1_igual_mes_inicializacao, representação=NMME_HARMONIZED_MONTHLY",Fazendas_Sinobras_Centroide
1997-05,NOAA_NCEP,CFSv2,1997-05,5,4.5,1997-09,OK,"L.attrs contém termo(s) ['forecast_period'] — indica semântica de lead/target, mas isso sozinho não confirma o valor exato de H5 sem uma variável auxiliar de data-alvo. | nenhuma variável auxiliar de data-alvo (('target', 'valid_time', 'target_month', 'forecast_time')) encontrada no dataset aberto — tentando Método B (semântica documentada do eixo forecast_period, Seção 4). | confirmado pela semântica documentada do eixo forecast_period (Método B, Seção 4/6): inicialização confirmada via SCALAR_COORD_ON_VARIABLE (status=OK_SCALAR_COORD), L.standard_name='forecast_period'/units='months', grade [0.5, 1.5, 2.5, 3.5, 4.5, 5.5] mensal confirmada, rota com forecast_period_semantics_documented=True.",CONFIRMED_BY_FORECAST_PERIOD_SEMANTICS,SCALAR_COORD_ON_VARIABLE,1997-05,1997-05,1,OK_SCALAR_COORD,RANGEEDGES,RANGEEDGES_WINDOW_COORDINATE_MATCH,1997-05-01 00:00:00; 1997-06-01 00:00:00,1997-05-01 00:00:00,"esquema=lead1_igual_mes_inicializacao, representação=NMME_HARMONIZED_MONTHLY",Fazendas_Sinobras_Centroide
1997-05,NOAA_NCEP,CFSv2,1997-05,6,5.5,1997-10,OK,"L.attrs contém termo(s) ['forecast_period'] — indica semântica de lead/target, mas isso sozinho não confirma o valor exato de H6 sem uma variável auxiliar de data-alvo. | nenhuma variável auxiliar de data-alvo (('target', 'valid_time', 'target_month', 'forecast_time')) encontrada no dataset aberto — tentando Método B (semântica documentada do eixo forecast_period, Seção 4). | confirmado pela semântica documentada do eixo forecast_period (Método B, Seção 4/6): inicialização confirmada via SCALAR_COORD_ON_VARIABLE (status=OK_SCALAR_COORD), L.standard_name='forecast_period'/units='months', grade [0.5, 1.5, 2.5, 3.5, 4.5, 5.5] mensal confirmada, rota com forecast_period_semantics_documented=True.",CONFIRMED_BY_FORECAST_PERIOD_SEMANTICS,SCALAR_COORD_ON_VARIABLE,1997-05,1997-05,1,OK_SCALAR_COORD,RANGEEDGES,RANGEEDGES_WINDOW_COORDINATE_MATCH,1997-05-01 00:00:00; 1997-06-01 00:00:00,1997-05-01 00:00:00,"esquema=lead1_igual_mes_inicializacao, representação=NMME_HARMONIZED_MONTHLY",Fazendas_Sinobras_Centroide
1997-06,NOAA_NCEP,CFSv2,1997-06,1,0.5,1997-06,OK,"L.attrs contém termo(s) ['forecast_period'] — indica semântica de lead/target, mas isso sozinho não confirma o valor exato de H1 sem uma variável auxiliar de data-alvo. | nenhuma variável auxiliar de data-alvo (('target', 'valid_time', 'target_month', 'forecast_time')) encontrada no dataset aberto — tentando Método B (semântica documentada do eixo forecast_period, Seção 4). | confirmado pela semântica documentada do eixo forecast_period (Método B, Seção 4/6): inicialização confirmada via SCALAR_COORD_ON_VARIABLE (status=OK_SCALAR_COORD), L.standard_name='forecast_period'/units='months', grade [0.5, 1.5, 2.5, 3.5, 4.5, 5.5] mensal confirmada, rota com forecast_period_semantics_documented=True.",CONFIRMED_BY_FORECAST_PERIOD_SEMANTICS,SCALAR_COORD_ON_VARIABLE,1997-06,1997-06,1,OK_SCALAR_COORD,RANGEEDGES,RANGEEDGES_WINDOW_COORDINATE_MATCH,1997-06-01 00:00:00; 1997-07-01 00:00:00,1997-06-01 00:00:00,"esquema=lead1_igual_mes_inicializacao, representação=NMME_HARMONIZED_MONTHLY",Fazendas_Sinobras_Centroide
1997-06,NOAA_NCEP,CFSv2,1997-06,2,1.5,1997-07,OK,"L.attrs contém termo(s) ['forecast_period'] — indica semântica de lead/target, mas isso sozinho não confirma o valor exato de H2 sem uma variável auxiliar de data-alvo. | nenhuma variável auxiliar de data-alvo (('target', 'valid_time', 'target_month', 'forecast_time')) encontrada no dataset aberto — tentando Método B (semântica documentada do eixo forecast_period, Seção 4). | confirmado pela semântica documentada do eixo forecast_period (Método B, Seção 4/6): inicialização confirmada via SCALAR_COORD_ON_VARIABLE (status=OK_SCALAR_COORD), L.standard_name='forecast_period'/units='months', grade [0.5, 1.5, 2.5, 3.5, 4.5, 5.5] mensal confirmada, rota com forecast_period_semantics_documented=True.",CONFIRMED_BY_FORECAST_PERIOD_SEMANTICS,SCALAR_COORD_ON_VARIABLE,1997-06,1997-06,1,OK_SCALAR_COORD,RANGEEDGES,RANGEEDGES_WINDOW_COORDINATE_MATCH,1997-06-01 00:00:00; 1997-07-01 00:00:00,1997-06-01 00:00:00,"esquema=lead1_igual_mes_inicializacao, representação=NMME_HARMONIZED_MONTHLY",Fazendas_Sinobras_Centroide
1997-06,NOAA_NCEP,CFSv2,1997-06,3,2.5,1997-08,OK,"L.attrs contém termo(s) ['forecast_period'] — indica semântica de lead/target, mas isso sozinho não confirma o valor exato de H3 sem uma variável auxiliar de data-alvo. | nenhuma variável auxiliar de data-alvo (('target', 'valid_time', 'target_month', 'forecast_time')) encontrada no dataset aberto — tentando Método B (semântica documentada do eixo forecast_period, Seção 4). | confirmado pela semântica documentada do eixo forecast_period (Método B, Seção 4/6): inicialização confirmada via SCALAR_COORD_ON_VARIABLE (status=OK_SCALAR_COORD), L.standard_name='forecast_period'/units='months', grade [0.5, 1.5, 2.5, 3.5, 4.5, 5.5] mensal confirmada, rota com forecast_period_semantics_documented=True.",CONFIRMED_BY_FORECAST_PERIOD_SEMANTICS,SCALAR_COORD_ON_VARIABLE,1997-06,1997-06,1,OK_SCALAR_COORD,RANGEEDGES,RANGEEDGES_WINDOW_COORDINATE_MATCH,1997-06-01 00:00:00; 1997-07-01 00:00:00,1997-06-01 00:00:00,"esquema=lead1_igual_mes_inicializacao, representação=NMME_HARMONIZED_MONTHLY",Fazendas_Sinobras_Centroide
1997-06,NOAA_NCEP,CFSv2,1997-06,4,3.5,1997-09,OK,"L.attrs contém termo(s) ['forecast_period'] — indica semântica de lead/target, mas isso sozinho não confirma o valor exato de H4 sem uma variável auxiliar de data-alvo. | nenhuma variável auxiliar de data-alvo (('target', 'valid_time', 'target_month', 'forecast_time')) encontrada no dataset aberto — tentando Método B (semântica documentada do eixo forecast_period, Seção 4). | confirmado pela semântica documentada do eixo forecast_period (Método B, Seção 4/6): inicialização confirmada via SCALAR_COORD_ON_VARIABLE (status=OK_SCALAR_COORD), L.standard_name='forecast_period'/units='months', grade [0.5, 1.5, 2.5, 3.5, 4.5, 5.5] mensal confirmada, rota com forecast_period_semantics_documented=True.",CONFIRMED_BY_FORECAST_PERIOD_SEMANTICS,SCALAR_COORD_ON_VARIABLE,1997-06,1997-06,1,OK_SCALAR_COORD,RANGEEDGES,RANGEEDGES_WINDOW_COORDINATE_MATCH,1997-06-01 00:00:00; 1997-07-01 00:00:00,1997-06-01 00:00:00,"esquema=lead1_igual_mes_inicializacao, representação=NMME_HARMONIZED_MONTHLY",Fazendas_Sinobras_Centroide
1997-06,NOAA_NCEP,CFSv2,1997-06,5,4.5,1997-10,OK,"L.attrs contém termo(s) ['forecast_period'] — indica semântica de lead/target, mas isso sozinho não confirma o valor exato de H5 sem uma variável auxiliar de data-alvo. | nenhuma variável auxiliar de data-alvo (('target', 'valid_time', 'target_month', 'forecast_time')) encontrada no dataset aberto — tentando Método B (semântica documentada do eixo forecast_period, Seção 4). | confirmado pela semântica documentada do eixo forecast_period (Método B, Seção 4/6): inicialização confirmada via SCALAR_COORD_ON_VARIABLE (status=OK_SCALAR_COORD), L.standard_name='forecast_period'/units='months', grade [0.5, 1.5, 2.5, 3.5, 4.5, 5.5] mensal confirmada, rota com forecast_period_semantics_documented=True.",CONFIRMED_BY_FORECAST_PERIOD_SEMANTICS,SCALAR_COORD_ON_VARIABLE,1997-06,1997-06,1,OK_SCALAR_COORD,RANGEEDGES,RANGEEDGES_WINDOW_COORDINATE_MATCH,1997-06-01 00:00:00; 1997-07-01 00:00:00,1997-06-01 00:00:00,"esquema=lead1_igual_mes_inicializacao, representação=NMME_HARMONIZED_MONTHLY",Fazendas_Sinobras_Centroide
1997-06,NOAA_NCEP,CFSv2,1997-06,6,5.5,1997-11,OK,"L.attrs contém termo(s) ['forecast_period'] — indica semântica de lead/target, mas isso sozinho não confirma o valor exato de H6 sem uma variável auxiliar de data-alvo. | nenhuma variável auxiliar de data-alvo (('target', 'valid_time', 'target_month', 'forecast_time')) encontrada no dataset aberto — tentando Método B (semântica documentada do eixo forecast_period, Seção 4). | confirmado pela semântica documentada do eixo forecast_period (Método B, Seção 4/6): inicialização confirmada via SCALAR_COORD_ON_VARIABLE (status=OK_SCALAR_COORD), L.standard_name='forecast_period'/units='months', grade [0.5, 1.5, 2.5, 3.5, 4.5, 5.5] mensal confirmada, rota com forecast_period_semantics_documented=True.",CONFIRMED_BY_FORECAST_PERIOD_SEMANTICS,SCALAR_COORD_ON_VARIABLE,1997-06,1997-06,1,OK_SCALAR_COORD,RANGEEDGES,RANGEEDGES_WINDOW_COORDINATE_MATCH,1997-06-01 00:00:00; 1997-07-01 00:00:00,1997-06-01 00:00:00,"esquema=lead1_igual_mes_inicializacao, representação=NMME_HARMONIZED_MONTHLY",Fazendas_Sinobras_Centroide
1997-07,NOAA_NCEP,CFSv2,1997-07,1,0.5,1997-07,OK,"L.attrs contém termo(s) ['forecast_period'] — indica semântica de lead/target, mas isso sozinho não confirma o valor exato de H1 sem uma variável auxiliar de data-alvo. | nenhuma variável auxiliar de data-alvo (('target', 'valid_time', 'target_month', 'forecast_time')) encontrada no dataset aberto — tentando Método B (semântica documentada do eixo forecast_period, Seção 4). | confirmado pela semântica documentada do eixo forecast_period (Método B, Seção 4/6): inicialização confirmada via SCALAR_COORD_ON_VARIABLE (status=OK_SCALAR_COORD), L.standard_name='forecast_period'/units='months', grade [0.5, 1.5, 2.5, 3.5, 4.5, 5.5] mensal confirmada, rota com forecast_period_semantics_documented=True.",CONFIRMED_BY_FORECAST_PERIOD_SEMANTICS,SCALAR_COORD_ON_VARIABLE,1997-07,1997-07,1,OK_SCALAR_COORD,RANGEEDGES,RANGEEDGES_WINDOW_COORDINATE_MATCH,1997-07-01 00:00:00; 1997-08-01 00:00:00,1997-07-01 00:00:00,"esquema=lead1_igual_mes_inicializacao, representação=NMME_HARMONIZED_MONTHLY",Fazendas_Sinobras_Centroide
1997-07,NOAA_NCEP,CFSv2,1997-07,2,1.5,1997-08,OK,"L.attrs contém termo(s) ['forecast_period'] — indica semântica de lead/target, mas isso sozinho não confirma o valor exato de H2 sem uma variável auxiliar de data-alvo. | nenhuma variável auxiliar de data-alvo (('target', 'valid_time', 'target_month', 'forecast_time')) encontrada no dataset aberto — tentando Método B (semântica documentada do eixo forecast_period, Seção 4). | confirmado pela semântica documentada do eixo forecast_period (Método B, Seção 4/6): inicialização confirmada via SCALAR_COORD_ON_VARIABLE (status=OK_SCALAR_COORD), L.standard_name='forecast_period'/units='months', grade [0.5, 1.5, 2.5, 3.5, 4.5, 5.5] mensal confirmada, rota com forecast_period_semantics_documented=True.",CONFIRMED_BY_FORECAST_PERIOD_SEMANTICS,SCALAR_COORD_ON_VARIABLE,1997-07,1997-07,1,OK_SCALAR_COORD,RANGEEDGES,RANGEEDGES_WINDOW_COORDINATE_MATCH,1997-07-01 00:00:00; 1997-08-01 00:00:00,1997-07-01 00:00:00,"esquema=lead1_igual_mes_inicializacao, representação=NMME_HARMONIZED_MONTHLY",Fazendas_Sinobras_Centroide
1997-07,NOAA_NCEP,CFSv2,1997-07,3,2.5,1997-09,OK,"L.attrs contém termo(s) ['forecast_period'] — indica semântica de lead/target, mas isso sozinho não confirma o valor exato de H3 sem uma variável auxiliar de data-alvo. | nenhuma variável auxiliar de data-alvo (('target', 'valid_time', 'target_month', 'forecast_time')) encontrada no dataset aberto — tentando Método B (semântica documentada do eixo forecast_period, Seção 4). | confirmado pela semântica documentada do eixo forecast_period (Método B, Seção 4/6): inicialização confirmada via SCALAR_COORD_ON_VARIABLE (status=OK_SCALAR_COORD), L.standard_name='forecast_period'/units='months', grade [0.5, 1.5, 2.5, 3.5, 4.5, 5.5] mensal confirmada, rota com forecast_period_semantics_documented=True.",CONFIRMED_BY_FORECAST_PERIOD_SEMANTICS,SCALAR_COORD_ON_VARIABLE,1997-07,1997-07,1,OK_SCALAR_COORD,RANGEEDGES,RANGEEDGES_WINDOW_COORDINATE_MATCH,1997-07-01 00:00:00; 1997-08-01 00:00:00,1997-07-01 00:00:00,"esquema=lead1_igual_mes_inicializacao, representação=NMME_HARMONIZED_MONTHLY",Fazendas_Sinobras_Centroide
1997-07,NOAA_NCEP,CFSv2,1997-07,4,3.5,1997-10,OK,"L.attrs contém termo(s) ['forecast_period'] — indica semântica de lead/target, mas isso sozinho não confirma o valor exato de H4 sem uma variável auxiliar de data-alvo. | nenhuma variável auxiliar de data-alvo (('target', 'valid_time', 'target_month', 'forecast_time')) encontrada no dataset aberto — tentando Método B (semântica documentada do eixo forecast_period, Seção 4). | confirmado pela semântica documentada do eixo forecast_period (Método B, Seção 4/6): inicialização confirmada via SCALAR_COORD_ON_VARIABLE (status=OK_SCALAR_COORD), L.standard_name='forecast_period'/units='months', grade [0.5, 1.5, 2.5, 3.5, 4.5, 5.5] mensal confirmada, rota com forecast_period_semantics_documented=True.",CONFIRMED_BY_FORECAST_PERIOD_SEMANTICS,SCALAR_COORD_ON_VARIABLE,1997-07,1997-07,1,OK_SCALAR_COORD,RANGEEDGES,RANGEEDGES_WINDOW_COORDINATE_MATCH,1997-07-01 00:00:00; 1997-08-01 00:00:00,1997-07-01 00:00:00,"esquema=lead1_igual_mes_inicializacao, representação=NMME_HARMONIZED_MONTHLY",Fazendas_Sinobras_Centroide
1997-07,NOAA_NCEP,CFSv2,1997-07,5,4.5,1997-11,OK,"L.attrs contém termo(s) ['forecast_period'] — indica semântica de lead/target, mas isso sozinho não confirma o valor exato de H5 sem uma variável auxiliar de data-alvo. | nenhuma variável auxiliar de data-alvo (('target', 'valid_time', 'target_month', 'forecast_time')) encontrada no dataset aberto — tentando Método B (semântica documentada do eixo forecast_period, Seção 4). | confirmado pela semântica documentada do eixo forecast_period (Método B, Seção 4/6): inicialização confirmada via SCALAR_COORD_ON_VARIABLE (status=OK_SCALAR_COORD), L.standard_name='forecast_period'/units='months', grade [0.5, 1.5, 2.5, 3.5, 4.5, 5.5] mensal confirmada, rota com forecast_period_semantics_documented=True.",CONFIRMED_BY_FORECAST_PERIOD_SEMANTICS,SCALAR_COORD_ON_VARIABLE,1997-07,1997-07,1,OK_SCALAR_COORD,RANGEEDGES,RANGEEDGES_WINDOW_COORDINATE_MATCH,1997-07-01 00:00:00; 1997-08-01 00:00:00,1997-07-01 00:00:00,"esquema=lead1_igual_mes_inicializacao, representação=NMME_HARMONIZED_MONTHLY",Fazendas_Sinobras_Centroide
1997-07,NOAA_NCEP,CFSv2,1997-07,6,5.5,1997-12,OK,"L.attrs contém termo(s) ['forecast_period'] — indica semântica de lead/target, mas isso sozinho não confirma o valor exato de H6 sem uma variável auxiliar de data-alvo. | nenhuma variável auxiliar de data-alvo (('target', 'valid_time', 'target_month', 'forecast_time')) encontrada no dataset aberto — tentando Método B (semântica documentada do eixo forecast_period, Seção 4). | confirmado pela semântica documentada do eixo forecast_period (Método B, Seção 4/6): inicialização confirmada via SCALAR_COORD_ON_VARIABLE (status=OK_SCALAR_COORD), L.standard_name='forecast_period'/units='months', grade [0.5, 1.5, 2.5, 3.5, 4.5, 5.5] mensal confirmada, rota com forecast_period_semantics_documented=True.",CONFIRMED_BY_FORECAST_PERIOD_SEMANTICS,SCALAR_COORD_ON_VARIABLE,1997-07,1997-07,1,OK_SCALAR_COORD,RANGEEDGES,RANGEEDGES_WINDOW_COORDINATE_MATCH,1997-07-01 00:00:00; 1997-08-01 00:00:00,1997-07-01 00:00:00,"esquema=lead1_igual_mes_inicializacao, representação=NMME_HARMONIZED_MONTHLY",Fazendas_Sinobras_Centroide
1997-08,NOAA_NCEP,CFSv2,1997-08,1,0.5,1997-08,OK,"L.attrs contém termo(s) ['forecast_period'] — indica semântica de lead/target, mas isso sozinho não confirma o valor exato de H1 sem uma variável auxiliar de data-alvo. | nenhuma variável auxiliar de data-alvo (('target', 'valid_time', 'target_month', 'forecast_time')) encontrada no dataset aberto — tentando Método B (semântica documentada do eixo forecast_period, Seção 4). | confirmado pela semântica documentada do eixo forecast_period (Método B, Seção 4/6): inicialização confirmada via SCALAR_COORD_ON_VARIABLE (status=OK_SCALAR_COORD), L.standard_name='forecast_period'/units='months', grade [0.5, 1.5, 2.5, 3.5, 4.5, 5.5] mensal confirmada, rota com forecast_period_semantics_documented=True.",CONFIRMED_BY_FORECAST_PERIOD_SEMANTICS,SCALAR_COORD_ON_VARIABLE,1997-08,1997-08,1,OK_SCALAR_COORD,RANGEEDGES,RANGEEDGES_WINDOW_COORDINATE_MATCH,1997-08-01 00:00:00; 1997-09-01 00:00:00,1997-08-01 00:00:00,"esquema=lead1_igual_mes_inicializacao, representação=NMME_HARMONIZED_MONTHLY",Fazendas_Sinobras_Centroide
1997-08,NOAA_NCEP,CFSv2,1997-08,2,1.5,1997-09,OK,"L.attrs contém termo(s) ['forecast_period'] — indica semântica de lead/target, mas isso sozinho não confirma o valor exato de H2 sem uma variável auxiliar de data-alvo. | nenhuma variável auxiliar de data-alvo (('target', 'valid_time', 'target_month', 'forecast_time')) encontrada no dataset aberto — tentando Método B (semântica documentada do eixo forecast_period, Seção 4). | confirmado pela semântica documentada do eixo forecast_period (Método B, Seção 4/6): inicialização confirmada via SCALAR_COORD_ON_VARIABLE (status=OK_SCALAR_COORD), L.standard_name='forecast_period'/units='months', grade [0.5, 1.5, 2.5, 3.5, 4.5, 5.5] mensal confirmada, rota com forecast_period_semantics_documented=True.",CONFIRMED_BY_FORECAST_PERIOD_SEMANTICS,SCALAR_COORD_ON_VARIABLE,1997-08,1997-08,1,OK_SCALAR_COORD,RANGEEDGES,RANGEEDGES_WINDOW_COORDINATE_MATCH,1997-08-01 00:00:00; 1997-09-01 00:00:00,1997-08-01 00:00:00,"esquema=lead1_igual_mes_inicializacao, representação=NMME_HARMONIZED_MONTHLY",Fazendas_Sinobras_Centroide
1997-08,NOAA_NCEP,CFSv2,1997-08,3,2.5,1997-10,OK,"L.attrs contém termo(s) ['forecast_period'] — indica semântica de lead/target, mas isso sozinho não confirma o valor exato de H3 sem uma variável auxiliar de data-alvo. | nenhuma variável auxiliar de data-alvo (('target', 'valid_time', 'target_month', 'forecast_time')) encontrada no dataset aberto — tentando Método B (semântica documentada do eixo forecast_period, Seção 4). | confirmado pela semântica documentada do eixo forecast_period (Método B, Seção 4/6): inicialização confirmada via SCALAR_COORD_ON_VARIABLE (status=OK_SCALAR_COORD), L.standard_name='forecast_period'/units='months', grade [0.5, 1.5, 2.5, 3.5, 4.5, 5.5] mensal confirmada, rota com forecast_period_semantics_documented=True.",CONFIRMED_BY_FORECAST_PERIOD_SEMANTICS,SCALAR_COORD_ON_VARIABLE,1997-08,1997-08,1,OK_SCALAR_COORD,RANGEEDGES,RANGEEDGES_WINDOW_COORDINATE_MATCH,1997-08-01 00:00:00; 1997-09-01 00:00:00,1997-08-01 00:00:00,"esquema=lead1_igual_mes_inicializacao, representação=NMME_HARMONIZED_MONTHLY",Fazendas_Sinobras_Centroide
1997-08,NOAA_NCEP,CFSv2,1997-08,4,3.5,1997-11,OK,"L.attrs contém termo(s) ['forecast_period'] — indica semântica de lead/target, mas isso sozinho não confirma o valor exato de H4 sem uma variável auxiliar de data-alvo. | nenhuma variável auxiliar de data-alvo (('target', 'valid_time', 'target_month', 'forecast_time')) encontrada no dataset aberto — tentando Método B (semântica documentada do eixo forecast_period, Seção 4). | confirmado pela semântica documentada do eixo forecast_period (Método B, Seção 4/6): inicialização confirmada via SCALAR_COORD_ON_VARIABLE (status=OK_SCALAR_COORD), L.standard_name='forecast_period'/units='months', grade [0.5, 1.5, 2.5, 3.5, 4.5, 5.5] mensal confirmada, rota com forecast_period_semantics_documented=True.",CONFIRMED_BY_FORECAST_PERIOD_SEMANTICS,SCALAR_COORD_ON_VARIABLE,1997-08,1997-08,1,OK_SCALAR_COORD,RANGEEDGES,RANGEEDGES_WINDOW_COORDINATE_MATCH,1997-08-01 00:00:00; 1997-09-01 00:00:00,1997-08-01 00:00:00,"esquema=lead1_igual_mes_inicializacao, representação=NMME_HARMONIZED_MONTHLY",Fazendas_Sinobras_Centroide
1997-08,NOAA_NCEP,CFSv2,1997-08,5,4.5,1997-12,OK,"L.attrs contém termo(s) ['forecast_period'] — indica semântica de lead/target, mas isso sozinho não confirma o valor exato de H5 sem uma variável auxiliar de data-alvo. | nenhuma variável auxiliar de data-alvo (('target', 'valid_time', 'target_month', 'forecast_time')) encontrada no dataset aberto — tentando Método B (semântica documentada do eixo forecast_period, Seção 4). | confirmado pela semântica documentada do eixo forecast_period (Método B, Seção 4/6): inicialização confirmada via SCALAR_COORD_ON_VARIABLE (status=OK_SCALAR_COORD), L.standard_name='forecast_period'/units='months', grade [0.5, 1.5, 2.5, 3.5, 4.5, 5.5] mensal confirmada, rota com forecast_period_semantics_documented=True.",CONFIRMED_BY_FORECAST_PERIOD_SEMANTICS,SCALAR_COORD_ON_VARIABLE,1997-08,1997-08,1,OK_SCALAR_COORD,RANGEEDGES,RANGEEDGES_WINDOW_COORDINATE_MATCH,1997-08-01 00:00:00; 1997-09-01 00:00:00,1997-08-01 00:00:00,"esquema=lead1_igual_mes_inicializacao, representação=NMME_HARMONIZED_MONTHLY",Fazendas_Sinobras_Centroide
1997-08,NOAA_NCEP,CFSv2,1997-08,6,5.5,1998-01,OK,"L.attrs contém termo(s) ['forecast_period'] — indica semântica de lead/target, mas isso sozinho não confirma o valor exato de H6 sem uma variável auxiliar de data-alvo. | nenhuma variável auxiliar de data-alvo (('target', 'valid_time', 'target_month', 'forecast_time')) encontrada no dataset aberto — tentando Método B (semântica documentada do eixo forecast_period, Seção 4). | confirmado pela semântica documentada do eixo forecast_period (Método B, Seção 4/6): inicialização confirmada via SCALAR_COORD_ON_VARIABLE (status=OK_SCALAR_COORD), L.standard_name='forecast_period'/units='months', grade [0.5, 1.5, 2.5, 3.5, 4.5, 5.5] mensal confirmada, rota com forecast_period_semantics_documented=True.",CONFIRMED_BY_FORECAST_PERIOD_SEMANTICS,SCALAR_COORD_ON_VARIABLE,1997-08,1997-08,1,OK_SCALAR_COORD,RANGEEDGES,RANGEEDGES_WINDOW_COORDINATE_MATCH,1997-08-01 00:00:00; 1997-09-01 00:00:00,1997-08-01 00:00:00,"esquema=lead1_igual_mes_inicializacao, representação=NMME_HARMONIZED_MONTHLY",Fazendas_Sinobras_Centroide
1997-09,NOAA_NCEP,CFSv2,1997-09,1,0.5,1997-09,OK,"L.attrs contém termo(s) ['forecast_period'] — indica semântica de lead/target, mas isso sozinho não confirma o valor exato de H1 sem uma variável auxiliar de data-alvo. | nenhuma variável auxiliar de data-alvo (('target', 'valid_time', 'target_month', 'forecast_time')) encontrada no dataset aberto — tentando Método B (semântica documentada do eixo forecast_period, Seção 4). | confirmado pela semântica documentada do eixo forecast_period (Método B, Seção 4/6): inicialização confirmada via SCALAR_COORD_ON_VARIABLE (status=OK_SCALAR_COORD), L.standard_name='forecast_period'/units='months', grade [0.5, 1.5, 2.5, 3.5, 4.5, 5.5] mensal confirmada, rota com forecast_period_semantics_documented=True.",CONFIRMED_BY_FORECAST_PERIOD_SEMANTICS,SCALAR_COORD_ON_VARIABLE,1997-09,1997-09,1,OK_SCALAR_COORD,RANGEEDGES,RANGEEDGES_WINDOW_COORDINATE_MATCH,1997-09-01 00:00:00; 1997-10-01 00:00:00,1997-09-01 00:00:00,"esquema=lead1_igual_mes_inicializacao, representação=NMME_HARMONIZED_MONTHLY",Fazendas_Sinobras_Centroide
1997-09,NOAA_NCEP,CFSv2,1997-09,2,1.5,1997-10,OK,"L.attrs contém termo(s) ['forecast_period'] — indica semântica de lead/target, mas isso sozinho não confirma o valor exato de H2 sem uma variável auxiliar de data-alvo. | nenhuma variável auxiliar de data-alvo (('target', 'valid_time', 'target_month', 'forecast_time')) encontrada no dataset aberto — tentando Método B (semântica documentada do eixo forecast_period, Seção 4). | confirmado pela semântica documentada do eixo forecast_period (Método B, Seção 4/6): inicialização confirmada via SCALAR_COORD_ON_VARIABLE (status=OK_SCALAR_COORD), L.standard_name='forecast_period'/units='months', grade [0.5, 1.5, 2.5, 3.5, 4.5, 5.5] mensal confirmada, rota com forecast_period_semantics_documented=True.",CONFIRMED_BY_FORECAST_PERIOD_SEMANTICS,SCALAR_COORD_ON_VARIABLE,1997-09,1997-09,1,OK_SCALAR_COORD,RANGEEDGES,RANGEEDGES_WINDOW_COORDINATE_MATCH,1997-09-01 00:00:00; 1997-10-01 00:00:00,1997-09-01 00:00:00,"esquema=lead1_igual_mes_inicializacao, representação=NMME_HARMONIZED_MONTHLY",Fazendas_Sinobras_Centroide
1997-09,NOAA_NCEP,CFSv2,1997-09,3,2.5,1997-11,OK,"L.attrs contém termo(s) ['forecast_period'] — indica semântica de lead/target, mas isso sozinho não confirma o valor exato de H3 sem uma variável auxiliar de data-alvo. | nenhuma variável auxiliar de data-alvo (('target', 'valid_time', 'target_month', 'forecast_time')) encontrada no dataset aberto — tentando Método B (semântica documentada do eixo forecast_period, Seção 4). | confirmado pela semântica documentada do eixo forecast_period (Método B, Seção 4/6): inicialização confirmada via SCALAR_COORD_ON_VARIABLE (status=OK_SCALAR_COORD), L.standard_name='forecast_period'/units='months', grade [0.5, 1.5, 2.5, 3.5, 4.5, 5.5] mensal confirmada, rota com forecast_period_semantics_documented=True.",CONFIRMED_BY_FORECAST_PERIOD_SEMANTICS,SCALAR_COORD_ON_VARIABLE,1997-09,1997-09,1,OK_SCALAR_COORD,RANGEEDGES,RANGEEDGES_WINDOW_COORDINATE_MATCH,1997-09-01 00:00:00; 1997-10-01 00:00:00,1997-09-01 00:00:00,"esquema=lead1_igual_mes_inicializacao, representação=NMME_HARMONIZED_MONTHLY",Fazendas_Sinobras_Centroide
1997-09,NOAA_NCEP,CFSv2,1997-09,4,3.5,1997-12,OK,"L.attrs contém termo(s) ['forecast_period'] — indica semântica de lead/target, mas isso sozinho não confirma o valor exato de H4 sem uma variável auxiliar de data-alvo. | nenhuma variável auxiliar de data-alvo (('target', 'valid_time', 'target_month', 'forecast_time')) encontrada no dataset aberto — tentando Método B (semântica documentada do eixo forecast_period, Seção 4). | confirmado pela semântica documentada do eixo forecast_period (Método B, Seção 4/6): inicialização confirmada via SCALAR_COORD_ON_VARIABLE (status=OK_SCALAR_COORD), L.standard_name='forecast_period'/units='months', grade [0.5, 1.5, 2.5, 3.5, 4.5, 5.5] mensal confirmada, rota com forecast_period_semantics_documented=True.",CONFIRMED_BY_FORECAST_PERIOD_SEMANTICS,SCALAR_COORD_ON_VARIABLE,1997-09,1997-09,1,OK_SCALAR_COORD,RANGEEDGES,RANGEEDGES_WINDOW_COORDINATE_MATCH,1997-09-01 00:00:00; 1997-10-01 00:00:00,1997-09-01 00:00:00,"esquema=lead1_igual_mes_inicializacao, representação=NMME_HARMONIZED_MONTHLY",Fazendas_Sinobras_Centroide
1997-09,NOAA_NCEP,CFSv2,1997-09,5,4.5,1998-01,OK,"L.attrs contém termo(s) ['forecast_period'] — indica semântica de lead/target, mas isso sozinho não confirma o valor exato de H5 sem uma variável auxiliar de data-alvo. | nenhuma variável auxiliar de data-alvo (('target', 'valid_time', 'target_month', 'forecast_time')) encontrada no dataset aberto — tentando Método B (semântica documentada do eixo forecast_period, Seção 4). | confirmado pela semântica documentada do eixo forecast_period (Método B, Seção 4/6): inicialização confirmada via SCALAR_COORD_ON_VARIABLE (status=OK_SCALAR_COORD), L.standard_name='forecast_period'/units='months', grade [0.5, 1.5, 2.5, 3.5, 4.5, 5.5] mensal confirmada, rota com forecast_period_semantics_documented=True.",CONFIRMED_BY_FORECAST_PERIOD_SEMANTICS,SCALAR_COORD_ON_VARIABLE,1997-09,1997-09,1,OK_SCALAR_COORD,RANGEEDGES,RANGEEDGES_WINDOW_COORDINATE_MATCH,1997-09-01 00:00:00; 1997-10-01 00:00:00,1997-09-01 00:00:00,"esquema=lead1_igual_mes_inicializacao, representação=NMME_HARMONIZED_MONTHLY",Fazendas_Sinobras_Centroide
1997-09,NOAA_NCEP,CFSv2,1997-09,6,5.5,1998-02,OK,"L.attrs contém termo(s) ['forecast_period'] — indica semântica de lead/target, mas isso sozinho não confirma o valor exato de H6 sem uma variável auxiliar de data-alvo. | nenhuma variável auxiliar de data-alvo (('target', 'valid_time', 'target_month', 'forecast_time')) encontrada no dataset aberto — tentando Método B (semântica documentada do eixo forecast_period, Seção 4). | confirmado pela semântica documentada do eixo forecast_period (Método B, Seção 4/6): inicialização confirmada via SCALAR_COORD_ON_VARIABLE (status=OK_SCALAR_COORD), L.standard_name='forecast_period'/units='months', grade [0.5, 1.5, 2.5, 3.5, 4.5, 5.5] mensal confirmada, rota com forecast_period_semantics_documented=True.",CONFIRMED_BY_FORECAST_PERIOD_SEMANTICS,SCALAR_COORD_ON_VARIABLE,1997-09,1997-09,1,OK_SCALAR_COORD,RANGEEDGES,RANGEEDGES_WINDOW_COORDINATE_MATCH,1997-09-01 00:00:00; 1997-10-01 00:00:00,1997-09-01 00:00:00,"esquema=lead1_igual_mes_inicializacao, representação=NMME_HARMONIZED_MONTHLY",Fazendas_Sinobras_Centroide
1997-10,NOAA_NCEP,CFSv2,1997-10,1,0.5,1997-10,OK,"L.attrs contém termo(s) ['forecast_period'] — indica semântica de lead/target, mas isso sozinho não confirma o valor exato de H1 sem uma variável auxiliar de data-alvo. | nenhuma variável auxiliar de data-alvo (('target', 'valid_time', 'target_month', 'forecast_time')) encontrada no dataset aberto — tentando Método B (semântica documentada do eixo forecast_period, Seção 4). | confirmado pela semântica documentada do eixo forecast_period (Método B, Seção 4/6): inicialização confirmada via SCALAR_COORD_ON_VARIABLE (status=OK_SCALAR_COORD), L.standard_name='forecast_period'/units='months', grade [0.5, 1.5, 2.5, 3.5, 4.5, 5.5] mensal confirmada, rota com forecast_period_semantics_documented=True.",CONFIRMED_BY_FORECAST_PERIOD_SEMANTICS,SCALAR_COORD_ON_VARIABLE,1997-10,1997-10,1,OK_SCALAR_COORD,RANGEEDGES,RANGEEDGES_WINDOW_COORDINATE_MATCH,1997-10-01 00:00:00; 1997-11-01 00:00:00,1997-10-01 00:00:00,"esquema=lead1_igual_mes_inicializacao, representação=NMME_HARMONIZED_MONTHLY",Fazendas_Sinobras_Centroide
1997-10,NOAA_NCEP,CFSv2,1997-10,2,1.5,1997-11,OK,"L.attrs contém termo(s) ['forecast_period'] — indica semântica de lead/target, mas isso sozinho não confirma o valor exato de H2 sem uma variável auxiliar de data-alvo. | nenhuma variável auxiliar de data-alvo (('target', 'valid_time', 'target_month', 'forecast_time')) encontrada no dataset aberto — tentando Método B (semântica documentada do eixo forecast_period, Seção 4). | confirmado pela semântica documentada do eixo forecast_period (Método B, Seção 4/6): inicialização confirmada via SCALAR_COORD_ON_VARIABLE (status=OK_SCALAR_COORD), L.standard_name='forecast_period'/units='months', grade [0.5, 1.5, 2.5, 3.5, 4.5, 5.5] mensal confirmada, rota com forecast_period_semantics_documented=True.",CONFIRMED_BY_FORECAST_PERIOD_SEMANTICS,SCALAR_COORD_ON_VARIABLE,1997-10,1997-10,1,OK_SCALAR_COORD,RANGEEDGES,RANGEEDGES_WINDOW_COORDINATE_MATCH,1997-10-01 00:00:00; 1997-11-01 00:00:00,1997-10-01 00:00:00,"esquema=lead1_igual_mes_inicializacao, representação=NMME_HARMONIZED_MONTHLY",Fazendas_Sinobras_Centroide
1997-10,NOAA_NCEP,CFSv2,1997-10,3,2.5,1997-12,OK,"L.attrs contém termo(s) ['forecast_period'] — indica semântica de lead/target, mas isso sozinho não confirma o valor exato de H3 sem uma variável auxiliar de data-alvo. | nenhuma variável auxiliar de data-alvo (('target', 'valid_time', 'target_month', 'forecast_time')) encontrada no dataset aberto — tentando Método B (semântica documentada do eixo forecast_period, Seção 4). | confirmado pela semântica documentada do eixo forecast_period (Método B, Seção 4/6): inicialização confirmada via SCALAR_COORD_ON_VARIABLE (status=OK_SCALAR_COORD), L.standard_name='forecast_period'/units='months', grade [0.5, 1.5, 2.5, 3.5, 4.5, 5.5] mensal confirmada, rota com forecast_period_semantics_documented=True.",CONFIRMED_BY_FORECAST_PERIOD_SEMANTICS,SCALAR_COORD_ON_VARIABLE,1997-10,1997-10,1,OK_SCALAR_COORD,RANGEEDGES,RANGEEDGES_WINDOW_COORDINATE_MATCH,1997-10-01 00:00:00; 1997-11-01 00:00:00,1997-10-01 00:00:00,"esquema=lead1_igual_mes_inicializacao, representação=NMME_HARMONIZED_MONTHLY",Fazendas_Sinobras_Centroide
1997-10,NOAA_NCEP,CFSv2,1997-10,4,3.5,1998-01,OK,"L.attrs contém termo(s) ['forecast_period'] — indica semântica de lead/target, mas isso sozinho não confirma o valor exato de H4 sem uma variável auxiliar de data-alvo. | nenhuma variável auxiliar de data-alvo (('target', 'valid_time', 'target_month', 'forecast_time')) encontrada no dataset aberto — tentando Método B (semântica documentada do eixo forecast_period, Seção 4). | confirmado pela semântica documentada do eixo forecast_period (Método B, Seção 4/6): inicialização confirmada via SCALAR_COORD_ON_VARIABLE (status=OK_SCALAR_COORD), L.standard_name='forecast_period'/units='months', grade [0.5, 1.5, 2.5, 3.5, 4.5, 5.5] mensal confirmada, rota com forecast_period_semantics_documented=True.",CONFIRMED_BY_FORECAST_PERIOD_SEMANTICS,SCALAR_COORD_ON_VARIABLE,1997-10,1997-10,1,OK_SCALAR_COORD,RANGEEDGES,RANGEEDGES_WINDOW_COORDINATE_MATCH,1997-10-01 00:00:00; 1997-11-01 00:00:00,1997-10-01 00:00:00,"esquema=lead1_igual_mes_inicializacao, representação=NMME_HARMONIZED_MONTHLY",Fazendas_Sinobras_Centroide
1997-10,NOAA_NCEP,CFSv2,1997-10,5,4.5,1998-02,OK,"L.attrs contém termo(s) ['forecast_period'] — indica semântica de lead/target, mas isso sozinho não confirma o valor exato de H5 sem uma variável auxiliar de data-alvo. | nenhuma variável auxiliar de data-alvo (('target', 'valid_time', 'target_month', 'forecast_time')) encontrada no dataset aberto — tentando Método B (semântica documentada do eixo forecast_period, Seção 4). | confirmado pela semântica documentada do eixo forecast_period (Método B, Seção 4/6): inicialização confirmada via SCALAR_COORD_ON_VARIABLE (status=OK_SCALAR_COORD), L.standard_name='forecast_period'/units='months', grade [0.5, 1.5, 2.5, 3.5, 4.5, 5.5] mensal confirmada, rota com forecast_period_semantics_documented=True.",CONFIRMED_BY_FORECAST_PERIOD_SEMANTICS,SCALAR_COORD_ON_VARIABLE,1997-10,1997-10,1,OK_SCALAR_COORD,RANGEEDGES,RANGEEDGES_WINDOW_COORDINATE_MATCH,1997-10-01 00:00:00; 1997-11-01 00:00:00,1997-10-01 00:00:00,"esquema=lead1_igual_mes_inicializacao, representação=NMME_HARMONIZED_MONTHLY",Fazendas_Sinobras_Centroide
1997-10,NOAA_NCEP,CFSv2,1997-10,6,5.5,1998-03,OK,"L.attrs contém termo(s) ['forecast_period'] — indica semântica de lead/target, mas isso sozinho não confirma o valor exato de H6 sem uma variável auxiliar de data-alvo. | nenhuma variável auxiliar de data-alvo (('target', 'valid_time', 'target_month', 'forecast_time')) encontrada no dataset aberto — tentando Método B (semântica documentada do eixo forecast_period, Seção 4). | confirmado pela semântica documentada do eixo forecast_period (Método B, Seção 4/6): inicialização confirmada via SCALAR_COORD_ON_VARIABLE (status=OK_SCALAR_COORD), L.standard_name='forecast_period'/units='months', grade [0.5, 1.5, 2.5, 3.5, 4.5, 5.5] mensal confirmada, rota com forecast_period_semantics_documented=True.",CONFIRMED_BY_FORECAST_PERIOD_SEMANTICS,SCALAR_COORD_ON_VARIABLE,1997-10,1997-10,1,OK_SCALAR_COORD,RANGEEDGES,RANGEEDGES_WINDOW_COORDINATE_MATCH,1997-10-01 00:00:00; 1997-11-01 00:00:00,1997-10-01 00:00:00,"esquema=lead1_igual_mes_inicializacao, representação=NMME_HARMONIZED_MONTHLY",Fazendas_Sinobras_Centroide
1997-11,NOAA_NCEP,CFSv2,1997-11,1,0.5,1997-11,OK,"L.attrs contém termo(s) ['forecast_period'] — indica semântica de lead/target, mas isso sozinho não confirma o valor exato de H1 sem uma variável auxiliar de data-alvo. | nenhuma variável auxiliar de data-alvo (('target', 'valid_time', 'target_month', 'forecast_time')) encontrada no dataset aberto — tentando Método B (semântica documentada do eixo forecast_period, Seção 4). | confirmado pela semântica documentada do eixo forecast_period (Método B, Seção 4/6): inicialização confirmada via SCALAR_COORD_ON_VARIABLE (status=OK_SCALAR_COORD), L.standard_name='forecast_period'/units='months', grade [0.5, 1.5, 2.5, 3.5, 4.5, 5.5] mensal confirmada, rota com forecast_period_semantics_documented=True.",CONFIRMED_BY_FORECAST_PERIOD_SEMANTICS,SCALAR_COORD_ON_VARIABLE,1997-11,1997-11,1,OK_SCALAR_COORD,RANGEEDGES,RANGEEDGES_WINDOW_COORDINATE_MATCH,1997-11-01 00:00:00; 1997-12-01 00:00:00,1997-11-01 00:00:00,"esquema=lead1_igual_mes_inicializacao, representação=NMME_HARMONIZED_MONTHLY",Fazendas_Sinobras_Centroide
1997-11,NOAA_NCEP,CFSv2,1997-11,2,1.5,1997-12,OK,"L.attrs contém termo(s) ['forecast_period'] — indica semântica de lead/target, mas isso sozinho não confirma o valor exato de H2 sem uma variável auxiliar de data-alvo. | nenhuma variável auxiliar de data-alvo (('target', 'valid_time', 'target_month', 'forecast_time')) encontrada no dataset aberto — tentando Método B (semântica documentada do eixo forecast_period, Seção 4). | confirmado pela semântica documentada do eixo forecast_period (Método B, Seção 4/6): inicialização confirmada via SCALAR_COORD_ON_VARIABLE (status=OK_SCALAR_COORD), L.standard_name='forecast_period'/units='months', grade [0.5, 1.5, 2.5, 3.5, 4.5, 5.5] mensal confirmada, rota com forecast_period_semantics_documented=True.",CONFIRMED_BY_FORECAST_PERIOD_SEMANTICS,SCALAR_COORD_ON_VARIABLE,1997-11,1997-11,1,OK_SCALAR_COORD,RANGEEDGES,RANGEEDGES_WINDOW_COORDINATE_MATCH,1997-11-01 00:00:00; 1997-12-01 00:00:00,1997-11-01 00:00:00,"esquema=lead1_igual_mes_inicializacao, representação=NMME_HARMONIZED_MONTHLY",Fazendas_Sinobras_Centroide
1997-11,NOAA_NCEP,CFSv2,1997-11,3,2.5,1998-01,OK,"L.attrs contém termo(s) ['forecast_period'] — indica semântica de lead/target, mas isso sozinho não confirma o valor exato de H3 sem uma variável auxiliar de data-alvo. | nenhuma variável auxiliar de data-alvo (('target', 'valid_time', 'target_month', 'forecast_time')) encontrada no dataset aberto — tentando Método B (semântica documentada do eixo forecast_period, Seção 4). | confirmado pela semântica documentada do eixo forecast_period (Método B, Seção 4/6): inicialização confirmada via SCALAR_COORD_ON_VARIABLE (status=OK_SCALAR_COORD), L.standard_name='forecast_period'/units='months', grade [0.5, 1.5, 2.5, 3.5, 4.5, 5.5] mensal confirmada, rota com forecast_period_semantics_documented=True.",CONFIRMED_BY_FORECAST_PERIOD_SEMANTICS,SCALAR_COORD_ON_VARIABLE,1997-11,1997-11,1,OK_SCALAR_COORD,RANGEEDGES,RANGEEDGES_WINDOW_COORDINATE_MATCH,1997-11-01 00:00:00; 1997-12-01 00:00:00,1997-11-01 00:00:00,"esquema=lead1_igual_mes_inicializacao, representação=NMME_HARMONIZED_MONTHLY",Fazendas_Sinobras_Centroide
1997-11,NOAA_NCEP,CFSv2,1997-11,4,3.5,1998-02,OK,"L.attrs contém termo(s) ['forecast_period'] — indica semântica de lead/target, mas isso sozinho não confirma o valor exato de H4 sem uma variável auxiliar de data-alvo. | nenhuma variável auxiliar de data-alvo (('target', 'valid_time', 'target_month', 'forecast_time')) encontrada no dataset aberto — tentando Método B (semântica documentada do eixo forecast_period, Seção 4). | confirmado pela semântica documentada do eixo forecast_period (Método B, Seção 4/6): inicialização confirmada via SCALAR_COORD_ON_VARIABLE (status=OK_SCALAR_COORD), L.standard_name='forecast_period'/units='months', grade [0.5, 1.5, 2.5, 3.5, 4.5, 5.5] mensal confirmada, rota com forecast_period_semantics_documented=True.",CONFIRMED_BY_FORECAST_PERIOD_SEMANTICS,SCALAR_COORD_ON_VARIABLE,1997-11,1997-11,1,OK_SCALAR_COORD,RANGEEDGES,RANGEEDGES_WINDOW_COORDINATE_MATCH,1997-11-01 00:00:00; 1997-12-01 00:00:00,1997-11-01 00:00:00,"esquema=lead1_igual_mes_inicializacao, representação=NMME_HARMONIZED_MONTHLY",Fazendas_Sinobras_Centroide
1997-11,NOAA_NCEP,CFSv2,1997-11,5,4.5,1998-03,OK,"L.attrs contém termo(s) ['forecast_period'] — indica semântica de lead/target, mas isso sozinho não confirma o valor exato de H5 sem uma variável auxiliar de data-alvo. | nenhuma variável auxiliar de data-alvo (('target', 'valid_time', 'target_month', 'forecast_time')) encontrada no dataset aberto — tentando Método B (semântica documentada do eixo forecast_period, Seção 4). | confirmado pela semântica documentada do eixo forecast_period (Método B, Seção 4/6): inicialização confirmada via SCALAR_COORD_ON_VARIABLE (status=OK_SCALAR_COORD), L.standard_name='forecast_period'/units='months', grade [0.5, 1.5, 2.5, 3.5, 4.5, 5.5] mensal confirmada, rota com forecast_period_semantics_documented=True.",CONFIRMED_BY_FORECAST_PERIOD_SEMANTICS,SCALAR_COORD_ON_VARIABLE,1997-11,1997-11,1,OK_SCALAR_COORD,RANGEEDGES,RANGEEDGES_WINDOW_COORDINATE_MATCH,1997-11-01 00:00:00; 1997-12-01 00:00:00,1997-11-01 00:00:00,"esquema=lead1_igual_mes_inicializacao, representação=NMME_HARMONIZED_MONTHLY",Fazendas_Sinobras_Centroide
1997-11,NOAA_NCEP,CFSv2,1997-11,6,5.5,1998-04,OK,"L.attrs contém termo(s) ['forecast_period'] — indica semântica de lead/target, mas isso sozinho não confirma o valor exato de H6 sem uma variável auxiliar de data-alvo. | nenhuma variável auxiliar de data-alvo (('target', 'valid_time', 'target_month', 'forecast_time')) encontrada no dataset aberto — tentando Método B (semântica documentada do eixo forecast_period, Seção 4). | confirmado pela semântica documentada do eixo forecast_period (Método B, Seção 4/6): inicialização confirmada via SCALAR_COORD_ON_VARIABLE (status=OK_SCALAR_COORD), L.standard_name='forecast_period'/units='months', grade [0.5, 1.5, 2.5, 3.5, 4.5, 5.5] mensal confirmada, rota com forecast_period_semantics_documented=True.",CONFIRMED_BY_FORECAST_PERIOD_SEMANTICS,SCALAR_COORD_ON_VARIABLE,1997-11,1997-11,1,OK_SCALAR_COORD,RANGEEDGES,RANGEEDGES_WINDOW_COORDINATE_MATCH,1997-11-01 00:00:00; 1997-12-01 00:00:00,1997-11-01 00:00:00,"esquema=lead1_igual_mes_inicializacao, representação=NMME_HARMONIZED_MONTHLY",Fazendas_Sinobras_Centroide
1997-12,NOAA_NCEP,CFSv2,1997-12,1,0.5,1997-12,OK,"L.attrs contém termo(s) ['forecast_period'] — indica semântica de lead/target, mas isso sozinho não confirma o valor exato de H1 sem uma variável auxiliar de data-alvo. | nenhuma variável auxiliar de data-alvo (('target', 'valid_time', 'target_month', 'forecast_time')) encontrada no dataset aberto — tentando Método B (semântica documentada do eixo forecast_period, Seção 4). | confirmado pela semântica documentada do eixo forecast_period (Método B, Seção 4/6): inicialização confirmada via SCALAR_COORD_ON_VARIABLE (status=OK_SCALAR_COORD), L.standard_name='forecast_period'/units='months', grade [0.5, 1.5, 2.5, 3.5, 4.5, 5.5] mensal confirmada, rota com forecast_period_semantics_documented=True.",CONFIRMED_BY_FORECAST_PERIOD_SEMANTICS,SCALAR_COORD_ON_VARIABLE,1997-12,1997-12,1,OK_SCALAR_COORD,RANGEEDGES,RANGEEDGES_WINDOW_COORDINATE_MATCH,1997-12-01 00:00:00; 1998-01-01 00:00:00,1997-12-01 00:00:00,"esquema=lead1_igual_mes_inicializacao, representação=NMME_HARMONIZED_MONTHLY",Fazendas_Sinobras_Centroide
1997-12,NOAA_NCEP,CFSv2,1997-12,2,1.5,1998-01,OK,"L.attrs contém termo(s) ['forecast_period'] — indica semântica de lead/target, mas isso sozinho não confirma o valor exato de H2 sem uma variável auxiliar de data-alvo. | nenhuma variável auxiliar de data-alvo (('target', 'valid_time', 'target_month', 'forecast_time')) encontrada no dataset aberto — tentando Método B (semântica documentada do eixo forecast_period, Seção 4). | confirmado pela semântica documentada do eixo forecast_period (Método B, Seção 4/6): inicialização confirmada via SCALAR_COORD_ON_VARIABLE (status=OK_SCALAR_COORD), L.standard_name='forecast_period'/units='months', grade [0.5, 1.5, 2.5, 3.5, 4.5, 5.5] mensal confirmada, rota com forecast_period_semantics_documented=True.",CONFIRMED_BY_FORECAST_PERIOD_SEMANTICS,SCALAR_COORD_ON_VARIABLE,1997-12,1997-12,1,OK_SCALAR_COORD,RANGEEDGES,RANGEEDGES_WINDOW_COORDINATE_MATCH,1997-12-01 00:00:00; 1998-01-01 00:00:00,1997-12-01 00:00:00,"esquema=lead1_igual_mes_inicializacao, representação=NMME_HARMONIZED_MONTHLY",Fazendas_Sinobras_Centroide
1997-12,NOAA_NCEP,CFSv2,1997-12,3,2.5,1998-02,OK,"L.attrs contém termo(s) ['forecast_period'] — indica semântica de lead/target, mas isso sozinho não confirma o valor exato de H3 sem uma variável auxiliar de data-alvo. | nenhuma variável auxiliar de data-alvo (('target', 'valid_time', 'target_month', 'forecast_time')) encontrada no dataset aberto — tentando Método B (semântica documentada do eixo forecast_period, Seção 4). | confirmado pela semântica documentada do eixo forecast_period (Método B, Seção 4/6): inicialização confirmada via SCALAR_COORD_ON_VARIABLE (status=OK_SCALAR_COORD), L.standard_name='forecast_period'/units='months', grade [0.5, 1.5, 2.5, 3.5, 4.5, 5.5] mensal confirmada, rota com forecast_period_semantics_documented=True.",CONFIRMED_BY_FORECAST_PERIOD_SEMANTICS,SCALAR_COORD_ON_VARIABLE,1997-12,1997-12,1,OK_SCALAR_COORD,RANGEEDGES,RANGEEDGES_WINDOW_COORDINATE_MATCH,1997-12-01 00:00:00; 1998-01-01 00:00:00,1997-12-01 00:00:00,"esquema=lead1_igual_mes_inicializacao, representação=NMME_HARMONIZED_MONTHLY",Fazendas_Sinobras_Centroide
1997-12,NOAA_NCEP,CFSv2,1997-12,4,3.5,1998-03,OK,"L.attrs contém termo(s) ['forecast_period'] — indica semântica de lead/target, mas isso sozinho não confirma o valor exato de H4 sem uma variável auxiliar de data-alvo. | nenhuma variável auxiliar de data-alvo (('target', 'valid_time', 'target_month', 'forecast_time')) encontrada no dataset aberto — tentando Método B (semântica documentada do eixo forecast_period, Seção 4). | confirmado pela semântica documentada do eixo forecast_period (Método B, Seção 4/6): inicialização confirmada via SCALAR_COORD_ON_VARIABLE (status=OK_SCALAR_COORD), L.standard_name='forecast_period'/units='months', grade [0.5, 1.5, 2.5, 3.5, 4.5, 5.5] mensal confirmada, rota com forecast_period_semantics_documented=True.",CONFIRMED_BY_FORECAST_PERIOD_SEMANTICS,SCALAR_COORD_ON_VARIABLE,1997-12,1997-12,1,OK_SCALAR_COORD,RANGEEDGES,RANGEEDGES_WINDOW_COORDINATE_MATCH,1997-12-01 00:00:00; 1998-01-01 00:00:00,1997-12-01 00:00:00,"esquema=lead1_igual_mes_inicializacao, representação=NMME_HARMONIZED_MONTHLY",Fazendas_Sinobras_Centroide
1997-12,NOAA_NCEP,CFSv2,1997-12,5,4.5,1998-04,OK,"L.attrs contém termo(s) ['forecast_period'] — indica semântica de lead/target, mas isso sozinho não confirma o valor exato de H5 sem uma variável auxiliar de data-alvo. | nenhuma variável auxiliar de data-alvo (('target', 'valid_time', 'target_month', 'forecast_time')) encontrada no dataset aberto — tentando Método B (semântica documentada do eixo forecast_period, Seção 4). | confirmado pela semântica documentada do eixo forecast_period (Método B, Seção 4/6): inicialização confirmada via SCALAR_COORD_ON_VARIABLE (status=OK_SCALAR_COORD), L.standard_name='forecast_period'/units='months', grade [0.5, 1.5, 2.5, 3.5, 4.5, 5.5] mensal confirmada, rota com forecast_period_semantics_documented=True.",CONFIRMED_BY_FORECAST_PERIOD_SEMANTICS,SCALAR_COORD_ON_VARIABLE,1997-12,1997-12,1,OK_SCALAR_COORD,RANGEEDGES,RANGEEDGES_WINDOW_COORDINATE_MATCH,1997-12-01 00:00:00; 1998-01-01 00:00:00,1997-12-01 00:00:00,"esquema=lead1_igual_mes_inicializacao, representação=NMME_HARMONIZED_MONTHLY",Fazendas_Sinobras_Centroide
1997-12,NOAA_NCEP,CFSv2,1997-12,6,5.5,1998-05,OK,"L.attrs contém termo(s) ['forecast_period'] — indica semântica de lead/target, mas isso sozinho não confirma o valor exato de H6 sem uma variável auxiliar de data-alvo. | nenhuma variável auxiliar de data-alvo (('target', 'valid_time', 'target_month', 'forecast_time')) encontrada no dataset aberto — tentando Método B (semântica documentada do eixo forecast_period, Seção 4). | confirmado pela semântica documentada do eixo forecast_period (Método B, Seção 4/6): inicialização confirmada via SCALAR_COORD_ON_VARIABLE (status=OK_SCALAR_COORD), L.standard_name='forecast_period'/units='months', grade [0.5, 1.5, 2.5, 3.5, 4.5, 5.5] mensal confirmada, rota com forecast_period_semantics_documented=True.",CONFIRMED_BY_FORECAST_PERIOD_SEMANTICS,SCALAR_COORD_ON_VARIABLE,1997-12,1997-12,1,OK_SCALAR_COORD,RANGEEDGES,RANGEEDGES_WINDOW_COORDINATE_MATCH,1997-12-01 00:00:00; 1998-01-01 00:00:00,1997-12-01 00:00:00,"esquema=lead1_igual_mes_inicializacao, representação=NMME_HARMONIZED_MONTHLY",Fazendas_Sinobras_Centroide
1998-01,NOAA_NCEP,CFSv2,1998-01,1,0.5,1998-01,OK,"L.attrs contém termo(s) ['forecast_period'] — indica semântica de lead/target, mas isso sozinho não confirma o valor exato de H1 sem uma variável auxiliar de data-alvo. | nenhuma variável auxiliar de data-alvo (('target', 'valid_time', 'target_month', 'forecast_time')) encontrada no dataset aberto — tentando Método B (semântica documentada do eixo forecast_period, Seção 4). | confirmado pela semântica documentada do eixo forecast_period (Método B, Seção 4/6): inicialização confirmada via SCALAR_COORD_ON_VARIABLE (status=OK_SCALAR_COORD), L.standard_name='forecast_period'/units='months', grade [0.5, 1.5, 2.5, 3.5, 4.5, 5.5] mensal confirmada, rota com forecast_period_semantics_documented=True.",CONFIRMED_BY_FORECAST_PERIOD_SEMANTICS,SCALAR_COORD_ON_VARIABLE,1998-01,1998-01,1,OK_SCALAR_COORD,RANGEEDGES,RANGEEDGES_WINDOW_COORDINATE_MATCH,1998-01-01 00:00:00; 1998-02-01 00:00:00,1998-01-01 00:00:00,"esquema=lead1_igual_mes_inicializacao, representação=NMME_HARMONIZED_MONTHLY",Fazendas_Sinobras_Centroide
1998-01,NOAA_NCEP,CFSv2,1998-01,2,1.5,1998-02,OK,"L.attrs contém termo(s) ['forecast_period'] — indica semântica de lead/target, mas isso sozinho não confirma o valor exato de H2 sem uma variável auxiliar de data-alvo. | nenhuma variável auxiliar de data-alvo (('target', 'valid_time', 'target_month', 'forecast_time')) encontrada no dataset aberto — tentando Método B (semântica documentada do eixo forecast_period, Seção 4). | confirmado pela semântica documentada do eixo forecast_period (Método B, Seção 4/6): inicialização confirmada via SCALAR_COORD_ON_VARIABLE (status=OK_SCALAR_COORD), L.standard_name='forecast_period'/units='months', grade [0.5, 1.5, 2.5, 3.5, 4.5, 5.5] mensal confirmada, rota com forecast_period_semantics_documented=True.",CONFIRMED_BY_FORECAST_PERIOD_SEMANTICS,SCALAR_COORD_ON_VARIABLE,1998-01,1998-01,1,OK_SCALAR_COORD,RANGEEDGES,RANGEEDGES_WINDOW_COORDINATE_MATCH,1998-01-01 00:00:00; 1998-02-01 00:00:00,1998-01-01 00:00:00,"esquema=lead1_igual_mes_inicializacao, representação=NMME_HARMONIZED_MONTHLY",Fazendas_Sinobras_Centroide
1998-01,NOAA_NCEP,CFSv2,1998-01,3,2.5,1998-03,OK,"L.attrs contém termo(s) ['forecast_period'] — indica semântica de lead/target, mas isso sozinho não confirma o valor exato de H3 sem uma variável auxiliar de data-alvo. | nenhuma variável auxiliar de data-alvo (('target', 'valid_time', 'target_month', 'forecast_time')) encontrada no dataset aberto — tentando Método B (semântica documentada do eixo forecast_period, Seção 4). | confirmado pela semântica documentada do eixo forecast_period (Método B, Seção 4/6): inicialização confirmada via SCALAR_COORD_ON_VARIABLE (status=OK_SCALAR_COORD), L.standard_name='forecast_period'/units='months', grade [0.5, 1.5, 2.5, 3.5, 4.5, 5.5] mensal confirmada, rota com forecast_period_semantics_documented=True.",CONFIRMED_BY_FORECAST_PERIOD_SEMANTICS,SCALAR_COORD_ON_VARIABLE,1998-01,1998-01,1,OK_SCALAR_COORD,RANGEEDGES,RANGEEDGES_WINDOW_COORDINATE_MATCH,1998-01-01 00:00:00; 1998-02-01 00:00:00,1998-01-01 00:00:00,"esquema=lead1_igual_mes_inicializacao, representação=NMME_HARMONIZED_MONTHLY",Fazendas_Sinobras_Centroide
1998-01,NOAA_NCEP,CFSv2,1998-01,4,3.5,1998-04,OK,"L.attrs contém termo(s) ['forecast_period'] — indica semântica de lead/target, mas isso sozinho não confirma o valor exato de H4 sem uma variável auxiliar de data-alvo. | nenhuma variável auxiliar de data-alvo (('target', 'valid_time', 'target_month', 'forecast_time')) encontrada no dataset aberto — tentando Método B (semântica documentada do eixo forecast_period, Seção 4). | confirmado pela semântica documentada do eixo forecast_period (Método B, Seção 4/6): inicialização confirmada via SCALAR_COORD_ON_VARIABLE (status=OK_SCALAR_COORD), L.standard_name='forecast_period'/units='months', grade [0.5, 1.5, 2.5, 3.5, 4.5, 5.5] mensal confirmada, rota com forecast_period_semantics_documented=True.",CONFIRMED_BY_FORECAST_PERIOD_SEMANTICS,SCALAR_COORD_ON_VARIABLE,1998-01,1998-01,1,OK_SCALAR_COORD,RANGEEDGES,RANGEEDGES_WINDOW_COORDINATE_MATCH,1998-01-01 00:00:00; 1998-02-01 00:00:00,1998-01-01 00:00:00,"esquema=lead1_igual_mes_inicializacao, representação=NMME_HARMONIZED_MONTHLY",Fazendas_Sinobras_Centroide
1998-01,NOAA_NCEP,CFSv2,1998-01,5,4.5,1998-05,OK,"L.attrs contém termo(s) ['forecast_period'] — indica semântica de lead/target, mas isso sozinho não confirma o valor exato de H5 sem uma variável auxiliar de data-alvo. | nenhuma variável auxiliar de data-alvo (('target', 'valid_time', 'target_month', 'forecast_time')) encontrada no dataset aberto — tentando Método B (semântica documentada do eixo forecast_period, Seção 4). | confirmado pela semântica documentada do eixo forecast_period (Método B, Seção 4/6): inicialização confirmada via SCALAR_COORD_ON_VARIABLE (status=OK_SCALAR_COORD), L.standard_name='forecast_period'/units='months', grade [0.5, 1.5, 2.5, 3.5, 4.5, 5.5] mensal confirmada, rota com forecast_period_semantics_documented=True.",CONFIRMED_BY_FORECAST_PERIOD_SEMANTICS,SCALAR_COORD_ON_VARIABLE,1998-01,1998-01,1,OK_SCALAR_COORD,RANGEEDGES,RANGEEDGES_WINDOW_COORDINATE_MATCH,1998-01-01 00:00:00; 1998-02-01 00:00:00,1998-01-01 00:00:00,"esquema=lead1_igual_mes_inicializacao, representação=NMME_HARMONIZED_MONTHLY",Fazendas_Sinobras_Centroide
1998-01,NOAA_NCEP,CFSv2,1998-01,6,5.5,1998-06,OK,"L.attrs contém termo(s) ['forecast_period'] — indica semântica de lead/target, mas isso sozinho não confirma o valor exato de H6 sem uma variável auxiliar de data-alvo. | nenhuma variável auxiliar de data-alvo (('target', 'valid_time', 'target_month', 'forecast_time')) encontrada no dataset aberto — tentando Método B (semântica documentada do eixo forecast_period, Seção 4). | confirmado pela semântica documentada do eixo forecast_period (Método B, Seção 4/6): inicialização confirmada via SCALAR_COORD_ON_VARIABLE (status=OK_SCALAR_COORD), L.standard_name='forecast_period'/units='months', grade [0.5, 1.5, 2.5, 3.5, 4.5, 5.5] mensal confirmada, rota com forecast_period_semantics_documented=True.",CONFIRMED_BY_FORECAST_PERIOD_SEMANTICS,SCALAR_COORD_ON_VARIABLE,1998-01,1998-01,1,OK_SCALAR_COORD,RANGEEDGES,RANGEEDGES_WINDOW_COORDINATE_MATCH,1998-01-01 00:00:00; 1998-02-01 00:00:00,1998-01-01 00:00:00,"esquema=lead1_igual_mes_inicializacao, representação=NMME_HARMONIZED_MONTHLY",Fazendas_Sinobras_Centroide
1998-02,NOAA_NCEP,CFSv2,1998-02,1,0.5,1998-02,OK,"L.attrs contém termo(s) ['forecast_period'] — indica semântica de lead/target, mas isso sozinho não confirma o valor exato de H1 sem uma variável auxiliar de data-alvo. | nenhuma variável auxiliar de data-alvo (('target', 'valid_time', 'target_month', 'forecast_time')) encontrada no dataset aberto — tentando Método B (semântica documentada do eixo forecast_period, Seção 4). | confirmado pela semântica documentada do eixo forecast_period (Método B, Seção 4/6): inicialização confirmada via SCALAR_COORD_ON_VARIABLE (status=OK_SCALAR_COORD), L.standard_name='forecast_period'/units='months', grade [0.5, 1.5, 2.5, 3.5, 4.5, 5.5] mensal confirmada, rota com forecast_period_semantics_documented=True.",CONFIRMED_BY_FORECAST_PERIOD_SEMANTICS,SCALAR_COORD_ON_VARIABLE,1998-02,1998-02,1,OK_SCALAR_COORD,RANGEEDGES,RANGEEDGES_WINDOW_COORDINATE_MATCH,1998-02-01 00:00:00; 1998-03-01 00:00:00,1998-02-01 00:00:00,"esquema=lead1_igual_mes_inicializacao, representação=NMME_HARMONIZED_MONTHLY",Fazendas_Sinobras_Centroide
1998-02,NOAA_NCEP,CFSv2,1998-02,2,1.5,1998-03,OK,"L.attrs contém termo(s) ['forecast_period'] — indica semântica de lead/target, mas isso sozinho não confirma o valor exato de H2 sem uma variável auxiliar de data-alvo. | nenhuma variável auxiliar de data-alvo (('target', 'valid_time', 'target_month', 'forecast_time')) encontrada no dataset aberto — tentando Método B (semântica documentada do eixo forecast_period, Seção 4). | confirmado pela semântica documentada do eixo forecast_period (Método B, Seção 4/6): inicialização confirmada via SCALAR_COORD_ON_VARIABLE (status=OK_SCALAR_COORD), L.standard_name='forecast_period'/units='months', grade [0.5, 1.5, 2.5, 3.5, 4.5, 5.5] mensal confirmada, rota com forecast_period_semantics_documented=True.",CONFIRMED_BY_FORECAST_PERIOD_SEMANTICS,SCALAR_COORD_ON_VARIABLE,1998-02,1998-02,1,OK_SCALAR_COORD,RANGEEDGES,RANGEEDGES_WINDOW_COORDINATE_MATCH,1998-02-01 00:00:00; 1998-03-01 00:00:00,1998-02-01 00:00:00,"esquema=lead1_igual_mes_inicializacao, representação=NMME_HARMONIZED_MONTHLY",Fazendas_Sinobras_Centroide
1998-02,NOAA_NCEP,CFSv2,1998-02,3,2.5,1998-04,OK,"L.attrs contém termo(s) ['forecast_period'] — indica semântica de lead/target, mas isso sozinho não confirma o valor exato de H3 sem uma variável auxiliar de data-alvo. | nenhuma variável auxiliar de data-alvo (('target', 'valid_time', 'target_month', 'forecast_time')) encontrada no dataset aberto — tentando Método B (semântica documentada do eixo forecast_period, Seção 4). | confirmado pela semântica documentada do eixo forecast_period (Método B, Seção 4/6): inicialização confirmada via SCALAR_COORD_ON_VARIABLE (status=OK_SCALAR_COORD), L.standard_name='forecast_period'/units='months', grade [0.5, 1.5, 2.5, 3.5, 4.5, 5.5] mensal confirmada, rota com forecast_period_semantics_documented=True.",CONFIRMED_BY_FORECAST_PERIOD_SEMANTICS,SCALAR_COORD_ON_VARIABLE,1998-02,1998-02,1,OK_SCALAR_COORD,RANGEEDGES,RANGEEDGES_WINDOW_COORDINATE_MATCH,1998-02-01 00:00:00; 1998-03-01 00:00:00,1998-02-01 00:00:00,"esquema=lead1_igual_mes_inicializacao, representação=NMME_HARMONIZED_MONTHLY",Fazendas_Sinobras_Centroide
1998-02,NOAA_NCEP,CFSv2,1998-02,4,3.5,1998-05,OK,"L.attrs contém termo(s) ['forecast_period'] — indica semântica de lead/target, mas isso sozinho não confirma o valor exato de H4 sem uma variável auxiliar de data-alvo. | nenhuma variável auxiliar de data-alvo (('target', 'valid_time', 'target_month', 'forecast_time')) encontrada no dataset aberto — tentando Método B (semântica documentada do eixo forecast_period, Seção 4). | confirmado pela semântica documentada do eixo forecast_period (Método B, Seção 4/6): inicialização confirmada via SCALAR_COORD_ON_VARIABLE (status=OK_SCALAR_COORD), L.standard_name='forecast_period'/units='months', grade [0.5, 1.5, 2.5, 3.5, 4.5, 5.5] mensal confirmada, rota com forecast_period_semantics_documented=True.",CONFIRMED_BY_FORECAST_PERIOD_SEMANTICS,SCALAR_COORD_ON_VARIABLE,1998-02,1998-02,1,OK_SCALAR_COORD,RANGEEDGES,RANGEEDGES_WINDOW_COORDINATE_MATCH,1998-02-01 00:00:00; 1998-03-01 00:00:00,1998-02-01 00:00:00,"esquema=lead1_igual_mes_inicializacao, representação=NMME_HARMONIZED_MONTHLY",Fazendas_Sinobras_Centroide
1998-02,NOAA_NCEP,CFSv2,1998-02,5,4.5,1998-06,OK,"L.attrs contém termo(s) ['forecast_period'] — indica semântica de lead/target, mas isso sozinho não confirma o valor exato de H5 sem uma variável auxiliar de data-alvo. | nenhuma variável auxiliar de data-alvo (('target', 'valid_time', 'target_month', 'forecast_time')) encontrada no dataset aberto — tentando Método B (semântica documentada do eixo forecast_period, Seção 4). | confirmado pela semântica documentada do eixo forecast_period (Método B, Seção 4/6): inicialização confirmada via SCALAR_COORD_ON_VARIABLE (status=OK_SCALAR_COORD), L.standard_name='forecast_period'/units='months', grade [0.5, 1.5, 2.5, 3.5, 4.5, 5.5] mensal confirmada, rota com forecast_period_semantics_documented=True.",CONFIRMED_BY_FORECAST_PERIOD_SEMANTICS,SCALAR_COORD_ON_VARIABLE,1998-02,1998-02,1,OK_SCALAR_COORD,RANGEEDGES,RANGEEDGES_WINDOW_COORDINATE_MATCH,1998-02-01 00:00:00; 1998-03-01 00:00:00,1998-02-01 00:00:00,"esquema=lead1_igual_mes_inicializacao, representação=NMME_HARMONIZED_MONTHLY",Fazendas_Sinobras_Centroide
1998-02,NOAA_NCEP,CFSv2,1998-02,6,5.5,1998-07,OK,"L.attrs contém termo(s) ['forecast_period'] — indica semântica de lead/target, mas isso sozinho não confirma o valor exato de H6 sem uma variável auxiliar de data-alvo. | nenhuma variável auxiliar de data-alvo (('target', 'valid_time', 'target_month', 'forecast_time')) encontrada no dataset aberto — tentando Método B (semântica documentada do eixo forecast_period, Seção 4). | confirmado pela semântica documentada do eixo forecast_period (Método B, Seção 4/6): inicialização confirmada via SCALAR_COORD_ON_VARIABLE (status=OK_SCALAR_COORD), L.standard_name='forecast_period'/units='months', grade [0.5, 1.5, 2.5, 3.5, 4.5, 5.5] mensal confirmada, rota com forecast_period_semantics_documented=True.",CONFIRMED_BY_FORECAST_PERIOD_SEMANTICS,SCALAR_COORD_ON_VARIABLE,1998-02,1998-02,1,OK_SCALAR_COORD,RANGEEDGES,RANGEEDGES_WINDOW_COORDINATE_MATCH,1998-02-01 00:00:00; 1998-03-01 00:00:00,1998-02-01 00:00:00,"esquema=lead1_igual_mes_inicializacao, representação=NMME_HARMONIZED_MONTHLY",Fazendas_Sinobras_Centroide
1998-03,NOAA_NCEP,CFSv2,1998-03,1,0.5,1998-03,OK,"L.attrs contém termo(s) ['forecast_period'] — indica semântica de lead/target, mas isso sozinho não confirma o valor exato de H1 sem uma variável auxiliar de data-alvo. | nenhuma variável auxiliar de data-alvo (('target', 'valid_time', 'target_month', 'forecast_time')) encontrada no dataset aberto — tentando Método B (semântica documentada do eixo forecast_period, Seção 4). | confirmado pela semântica documentada do eixo forecast_period (Método B, Seção 4/6): inicialização confirmada via SCALAR_COORD_ON_VARIABLE (status=OK_SCALAR_COORD), L.standard_name='forecast_period'/units='months', grade [0.5, 1.5, 2.5, 3.5, 4.5, 5.5] mensal confirmada, rota com forecast_period_semantics_documented=True.",CONFIRMED_BY_FORECAST_PERIOD_SEMANTICS,SCALAR_COORD_ON_VARIABLE,1998-03,1998-03,1,OK_SCALAR_COORD,RANGEEDGES,RANGEEDGES_WINDOW_COORDINATE_MATCH,1998-03-01 00:00:00; 1998-04-01 00:00:00,1998-03-01 00:00:00,"esquema=lead1_igual_mes_inicializacao, representação=NMME_HARMONIZED_MONTHLY",Fazendas_Sinobras_Centroide
1998-03,NOAA_NCEP,CFSv2,1998-03,2,1.5,1998-04,OK,"L.attrs contém termo(s) ['forecast_period'] — indica semântica de lead/target, mas isso sozinho não confirma o valor exato de H2 sem uma variável auxiliar de data-alvo. | nenhuma variável auxiliar de data-alvo (('target', 'valid_time', 'target_month', 'forecast_time')) encontrada no dataset aberto — tentando Método B (semântica documentada do eixo forecast_period, Seção 4). | confirmado pela semântica documentada do eixo forecast_period (Método B, Seção 4/6): inicialização confirmada via SCALAR_COORD_ON_VARIABLE (status=OK_SCALAR_COORD), L.standard_name='forecast_period'/units='months', grade [0.5, 1.5, 2.5, 3.5, 4.5, 5.5] mensal confirmada, rota com forecast_period_semantics_documented=True.",CONFIRMED_BY_FORECAST_PERIOD_SEMANTICS,SCALAR_COORD_ON_VARIABLE,1998-03,1998-03,1,OK_SCALAR_COORD,RANGEEDGES,RANGEEDGES_WINDOW_COORDINATE_MATCH,1998-03-01 00:00:00; 1998-04-01 00:00:00,1998-03-01 00:00:00,"esquema=lead1_igual_mes_inicializacao, representação=NMME_HARMONIZED_MONTHLY",Fazendas_Sinobras_Centroide
1998-03,NOAA_NCEP,CFSv2,1998-03,3,2.5,1998-05,OK,"L.attrs contém termo(s) ['forecast_period'] — indica semântica de lead/target, mas isso sozinho não confirma o valor exato de H3 sem uma variável auxiliar de data-alvo. | nenhuma variável auxiliar de data-alvo (('target', 'valid_time', 'target_month', 'forecast_time')) encontrada no dataset aberto — tentando Método B (semântica documentada do eixo forecast_period, Seção 4). | confirmado pela semântica documentada do eixo forecast_period (Método B, Seção 4/6): inicialização confirmada via SCALAR_COORD_ON_VARIABLE (status=OK_SCALAR_COORD), L.standard_name='forecast_period'/units='months', grade [0.5, 1.5, 2.5, 3.5, 4.5, 5.5] mensal confirmada, rota com forecast_period_semantics_documented=True.",CONFIRMED_BY_FORECAST_PERIOD_SEMANTICS,SCALAR_COORD_ON_VARIABLE,1998-03,1998-03,1,OK_SCALAR_COORD,RANGEEDGES,RANGEEDGES_WINDOW_COORDINATE_MATCH,1998-03-01 00:00:00; 1998-04-01 00:00:00,1998-03-01 00:00:00,"esquema=lead1_igual_mes_inicializacao, representação=NMME_HARMONIZED_MONTHLY",Fazendas_Sinobras_Centroide
1998-03,NOAA_NCEP,CFSv2,1998-03,4,3.5,1998-06,OK,"L.attrs contém termo(s) ['forecast_period'] — indica semântica de lead/target, mas isso sozinho não confirma o valor exato de H4 sem uma variável auxiliar de data-alvo. | nenhuma variável auxiliar de data-alvo (('target', 'valid_time', 'target_month', 'forecast_time')) encontrada no dataset aberto — tentando Método B (semântica documentada do eixo forecast_period, Seção 4). | confirmado pela semântica documentada do eixo forecast_period (Método B, Seção 4/6): inicialização confirmada via SCALAR_COORD_ON_VARIABLE (status=OK_SCALAR_COORD), L.standard_name='forecast_period'/units='months', grade [0.5, 1.5, 2.5, 3.5, 4.5, 5.5] mensal confirmada, rota com forecast_period_semantics_documented=True.",CONFIRMED_BY_FORECAST_PERIOD_SEMANTICS,SCALAR_COORD_ON_VARIABLE,1998-03,1998-03,1,OK_SCALAR_COORD,RANGEEDGES,RANGEEDGES_WINDOW_COORDINATE_MATCH,1998-03-01 00:00:00; 1998-04-01 00:00:00,1998-03-01 00:00:00,"esquema=lead1_igual_mes_inicializacao, representação=NMME_HARMONIZED_MONTHLY",Fazendas_Sinobras_Centroide
1998-03,NOAA_NCEP,CFSv2,1998-03,5,4.5,1998-07,OK,"L.attrs contém termo(s) ['forecast_period'] — indica semântica de lead/target, mas isso sozinho não confirma o valor exato de H5 sem uma variável auxiliar de data-alvo. | nenhuma variável auxiliar de data-alvo (('target', 'valid_time', 'target_month', 'forecast_time')) encontrada no dataset aberto — tentando Método B (semântica documentada do eixo forecast_period, Seção 4). | confirmado pela semântica documentada do eixo forecast_period (Método B, Seção 4/6): inicialização confirmada via SCALAR_COORD_ON_VARIABLE (status=OK_SCALAR_COORD), L.standard_name='forecast_period'/units='months', grade [0.5, 1.5, 2.5, 3.5, 4.5, 5.5] mensal confirmada, rota com forecast_period_semantics_documented=True.",CONFIRMED_BY_FORECAST_PERIOD_SEMANTICS,SCALAR_COORD_ON_VARIABLE,1998-03,1998-03,1,OK_SCALAR_COORD,RANGEEDGES,RANGEEDGES_WINDOW_COORDINATE_MATCH,1998-03-01 00:00:00; 1998-04-01 00:00:00,1998-03-01 00:00:00,"esquema=lead1_igual_mes_inicializacao, representação=NMME_HARMONIZED_MONTHLY",Fazendas_Sinobras_Centroide
1998-03,NOAA_NCEP,CFSv2,1998-03,6,5.5,1998-08,OK,"L.attrs contém termo(s) ['forecast_period'] — indica semântica de lead/target, mas isso sozinho não confirma o valor exato de H6 sem uma variável auxiliar de data-alvo. | nenhuma variável auxiliar de data-alvo (('target', 'valid_time', 'target_month', 'forecast_time')) encontrada no dataset aberto — tentando Método B (semântica documentada do eixo forecast_period, Seção 4). | confirmado pela semântica documentada do eixo forecast_period (Método B, Seção 4/6): inicialização confirmada via SCALAR_COORD_ON_VARIABLE (status=OK_SCALAR_COORD), L.standard_name='forecast_period'/units='months', grade [0.5, 1.5, 2.5, 3.5, 4.5, 5.5] mensal confirmada, rota com forecast_period_semantics_documented=True.",CONFIRMED_BY_FORECAST_PERIOD_SEMANTICS,SCALAR_COORD_ON_VARIABLE,1998-03,1998-03,1,OK_SCALAR_COORD,RANGEEDGES,RANGEEDGES_WINDOW_COORDINATE_MATCH,1998-03-01 00:00:00; 1998-04-01 00:00:00,1998-03-01 00:00:00,"esquema=lead1_igual_mes_inicializacao, representação=NMME_HARMONIZED_MONTHLY",Fazendas_Sinobras_Centroide
1998-04,NOAA_NCEP,CFSv2,1998-04,1,0.5,1998-04,OK,"L.attrs contém termo(s) ['forecast_period'] — indica semântica de lead/target, mas isso sozinho não confirma o valor exato de H1 sem uma variável auxiliar de data-alvo. | nenhuma variável auxiliar de data-alvo (('target', 'valid_time', 'target_month', 'forecast_time')) encontrada no dataset aberto — tentando Método B (semântica documentada do eixo forecast_period, Seção 4). | confirmado pela semântica documentada do eixo forecast_period (Método B, Seção 4/6): inicialização confirmada via SCALAR_COORD_ON_VARIABLE (status=OK_SCALAR_COORD), L.standard_name='forecast_period'/units='months', grade [0.5, 1.5, 2.5, 3.5, 4.5, 5.5] mensal confirmada, rota com forecast_period_semantics_documented=True.",CONFIRMED_BY_FORECAST_PERIOD_SEMANTICS,SCALAR_COORD_ON_VARIABLE,1998-04,1998-04,1,OK_SCALAR_COORD,RANGEEDGES,RANGEEDGES_WINDOW_COORDINATE_MATCH,1998-04-01 00:00:00; 1998-05-01 00:00:00,1998-04-01 00:00:00,"esquema=lead1_igual_mes_inicializacao, representação=NMME_HARMONIZED_MONTHLY",Fazendas_Sinobras_Centroide
1998-04,NOAA_NCEP,CFSv2,1998-04,2,1.5,1998-05,OK,"L.attrs contém termo(s) ['forecast_period'] — indica semântica de lead/target, mas isso sozinho não confirma o valor exato de H2 sem uma variável auxiliar de data-alvo. | nenhuma variável auxiliar de data-alvo (('target', 'valid_time', 'target_month', 'forecast_time')) encontrada no dataset aberto — tentando Método B (semântica documentada do eixo forecast_period, Seção 4). | confirmado pela semântica documentada do eixo forecast_period (Método B, Seção 4/6): inicialização confirmada via SCALAR_COORD_ON_VARIABLE (status=OK_SCALAR_COORD), L.standard_name='forecast_period'/units='months', grade [0.5, 1.5, 2.5, 3.5, 4.5, 5.5] mensal confirmada, rota com forecast_period_semantics_documented=True.",CONFIRMED_BY_FORECAST_PERIOD_SEMANTICS,SCALAR_COORD_ON_VARIABLE,1998-04,1998-04,1,OK_SCALAR_COORD,RANGEEDGES,RANGEEDGES_WINDOW_COORDINATE_MATCH,1998-04-01 00:00:00; 1998-05-01 00:00:00,1998-04-01 00:00:00,"esquema=lead1_igual_mes_inicializacao, representação=NMME_HARMONIZED_MONTHLY",Fazendas_Sinobras_Centroide
1998-04,NOAA_NCEP,CFSv2,1998-04,3,2.5,1998-06,OK,"L.attrs contém termo(s) ['forecast_period'] — indica semântica de lead/target, mas isso sozinho não confirma o valor exato de H3 sem uma variável auxiliar de data-alvo. | nenhuma variável auxiliar de data-alvo (('target', 'valid_time', 'target_month', 'forecast_time')) encontrada no dataset aberto — tentando Método B (semântica documentada do eixo forecast_period, Seção 4). | confirmado pela semântica documentada do eixo forecast_period (Método B, Seção 4/6): inicialização confirmada via SCALAR_COORD_ON_VARIABLE (status=OK_SCALAR_COORD), L.standard_name='forecast_period'/units='months', grade [0.5, 1.5, 2.5, 3.5, 4.5, 5.5] mensal confirmada, rota com forecast_period_semantics_documented=True.",CONFIRMED_BY_FORECAST_PERIOD_SEMANTICS,SCALAR_COORD_ON_VARIABLE,1998-04,1998-04,1,OK_SCALAR_COORD,RANGEEDGES,RANGEEDGES_WINDOW_COORDINATE_MATCH,1998-04-01 00:00:00; 1998-05-01 00:00:00,1998-04-01 00:00:00,"esquema=lead1_igual_mes_inicializacao, representação=NMME_HARMONIZED_MONTHLY",Fazendas_Sinobras_Centroide
1998-04,NOAA_NCEP,CFSv2,1998-04,4,3.5,1998-07,OK,"L.attrs contém termo(s) ['forecast_period'] — indica semântica de lead/target, mas isso sozinho não confirma o valor exato de H4 sem uma variável auxiliar de data-alvo. | nenhuma variável auxiliar de data-alvo (('target', 'valid_time', 'target_month', 'forecast_time')) encontrada no dataset aberto — tentando Método B (semântica documentada do eixo forecast_period, Seção 4). | confirmado pela semântica documentada do eixo forecast_period (Método B, Seção 4/6): inicialização confirmada via SCALAR_COORD_ON_VARIABLE (status=OK_SCALAR_COORD), L.standard_name='forecast_period'/units='months', grade [0.5, 1.5, 2.5, 3.5, 4.5, 5.5] mensal confirmada, rota com forecast_period_semantics_documented=True.",CONFIRMED_BY_FORECAST_PERIOD_SEMANTICS,SCALAR_COORD_ON_VARIABLE,1998-04,1998-04,1,OK_SCALAR_COORD,RANGEEDGES,RANGEEDGES_WINDOW_COORDINATE_MATCH,1998-04-01 00:00:00; 1998-05-01 00:00:00,1998-04-01 00:00:00,"esquema=lead1_igual_mes_inicializacao, representação=NMME_HARMONIZED_MONTHLY",Fazendas_Sinobras_Centroide
1998-04,NOAA_NCEP,CFSv2,1998-04,5,4.5,1998-08,OK,"L.attrs contém termo(s) ['forecast_period'] — indica semântica de lead/target, mas isso sozinho não confirma o valor exato de H5 sem uma variável auxiliar de data-alvo. | nenhuma variável auxiliar de data-alvo (('target', 'valid_time', 'target_month', 'forecast_time')) encontrada no dataset aberto — tentando Método B (semântica documentada do eixo forecast_period, Seção 4). | confirmado pela semântica documentada do eixo forecast_period (Método B, Seção 4/6): inicialização confirmada via SCALAR_COORD_ON_VARIABLE (status=OK_SCALAR_COORD), L.standard_name='forecast_period'/units='months', grade [0.5, 1.5, 2.5, 3.5, 4.5, 5.5] mensal confirmada, rota com forecast_period_semantics_documented=True.",CONFIRMED_BY_FORECAST_PERIOD_SEMANTICS,SCALAR_COORD_ON_VARIABLE,1998-04,1998-04,1,OK_SCALAR_COORD,RANGEEDGES,RANGEEDGES_WINDOW_COORDINATE_MATCH,1998-04-01 00:00:00; 1998-05-01 00:00:00,1998-04-01 00:00:00,"esquema=lead1_igual_mes_inicializacao, representação=NMME_HARMONIZED_MONTHLY",Fazendas_Sinobras_Centroide
1998-04,NOAA_NCEP,CFSv2,1998-04,6,5.5,1998-09,OK,"L.attrs contém termo(s) ['forecast_period'] — indica semântica de lead/target, mas isso sozinho não confirma o valor exato de H6 sem uma variável auxiliar de data-alvo. | nenhuma variável auxiliar de data-alvo (('target', 'valid_time', 'target_month', 'forecast_time')) encontrada no dataset aberto — tentando Método B (semântica documentada do eixo forecast_period, Seção 4). | confirmado pela semântica documentada do eixo forecast_period (Método B, Seção 4/6): inicialização confirmada via SCALAR_COORD_ON_VARIABLE (status=OK_SCALAR_COORD), L.standard_name='forecast_period'/units='months', grade [0.5, 1.5, 2.5, 3.5, 4.5, 5.5] mensal confirmada, rota com forecast_period_semantics_documented=True.",CONFIRMED_BY_FORECAST_PERIOD_SEMANTICS,SCALAR_COORD_ON_VARIABLE,1998-04,1998-04,1,OK_SCALAR_COORD,RANGEEDGES,RANGEEDGES_WINDOW_COORDINATE_MATCH,1998-04-01 00:00:00; 1998-05-01 00:00:00,1998-04-01 00:00:00,"esquema=lead1_igual_mes_inicializacao, representação=NMME_HARMONIZED_MONTHLY",Fazendas_Sinobras_Centroide
1998-05,NOAA_NCEP,CFSv2,1998-05,1,0.5,1998-05,OK,"L.attrs contém termo(s) ['forecast_period'] — indica semântica de lead/target, mas isso sozinho não confirma o valor exato de H1 sem uma variável auxiliar de data-alvo. | nenhuma variável auxiliar de data-alvo (('target', 'valid_time', 'target_month', 'forecast_time')) encontrada no dataset aberto — tentando Método B (semântica documentada do eixo forecast_period, Seção 4). | confirmado pela semântica documentada do eixo forecast_period (Método B, Seção 4/6): inicialização confirmada via SCALAR_COORD_ON_VARIABLE (status=OK_SCALAR_COORD), L.standard_name='forecast_period'/units='months', grade [0.5, 1.5, 2.5, 3.5, 4.5, 5.5] mensal confirmada, rota com forecast_period_semantics_documented=True.",CONFIRMED_BY_FORECAST_PERIOD_SEMANTICS,SCALAR_COORD_ON_VARIABLE,1998-05,1998-05,1,OK_SCALAR_COORD,RANGEEDGES,RANGEEDGES_WINDOW_COORDINATE_MATCH,1998-05-01 00:00:00; 1998-06-01 00:00:00,1998-05-01 00:00:00,"esquema=lead1_igual_mes_inicializacao, representação=NMME_HARMONIZED_MONTHLY",Fazendas_Sinobras_Centroide
1998-05,NOAA_NCEP,CFSv2,1998-05,2,1.5,1998-06,OK,"L.attrs contém termo(s) ['forecast_period'] — indica semântica de lead/target, mas isso sozinho não confirma o valor exato de H2 sem uma variável auxiliar de data-alvo. | nenhuma variável auxiliar de data-alvo (('target', 'valid_time', 'target_month', 'forecast_time')) encontrada no dataset aberto — tentando Método B (semântica documentada do eixo forecast_period, Seção 4). | confirmado pela semântica documentada do eixo forecast_period (Método B, Seção 4/6): inicialização confirmada via SCALAR_COORD_ON_VARIABLE (status=OK_SCALAR_COORD), L.standard_name='forecast_period'/units='months', grade [0.5, 1.5, 2.5, 3.5, 4.5, 5.5] mensal confirmada, rota com forecast_period_semantics_documented=True.",CONFIRMED_BY_FORECAST_PERIOD_SEMANTICS,SCALAR_COORD_ON_VARIABLE,1998-05,1998-05,1,OK_SCALAR_COORD,RANGEEDGES,RANGEEDGES_WINDOW_COORDINATE_MATCH,1998-05-01 00:00:00; 1998-06-01 00:00:00,1998-05-01 00:00:00,"esquema=lead1_igual_mes_inicializacao, representação=NMME_HARMONIZED_MONTHLY",Fazendas_Sinobras_Centroide
1998-05,NOAA_NCEP,CFSv2,1998-05,3,2.5,1998-07,OK,"L.attrs contém termo(s) ['forecast_period'] — indica semântica de lead/target, mas isso sozinho não confirma o valor exato de H3 sem uma variável auxiliar de data-alvo. | nenhuma variável auxiliar de data-alvo (('target', 'valid_time', 'target_month', 'forecast_time')) encontrada no dataset aberto — tentando Método B (semântica documentada do eixo forecast_period, Seção 4). | confirmado pela semântica documentada do eixo forecast_period (Método B, Seção 4/6): inicialização confirmada via SCALAR_COORD_ON_VARIABLE (status=OK_SCALAR_COORD), L.standard_name='forecast_period'/units='months', grade [0.5, 1.5, 2.5, 3.5, 4.5, 5.5] mensal confirmada, rota com forecast_period_semantics_documented=True.",CONFIRMED_BY_FORECAST_PERIOD_SEMANTICS,SCALAR_COORD_ON_VARIABLE,1998-05,1998-05,1,OK_SCALAR_COORD,RANGEEDGES,RANGEEDGES_WINDOW_COORDINATE_MATCH,1998-05-01 00:00:00; 1998-06-01 00:00:00,1998-05-01 00:00:00,"esquema=lead1_igual_mes_inicializacao, representação=NMME_HARMONIZED_MONTHLY",Fazendas_Sinobras_Centroide
1998-05,NOAA_NCEP,CFSv2,1998-05,4,3.5,1998-08,OK,"L.attrs contém termo(s) ['forecast_period'] — indica semântica de lead/target, mas isso sozinho não confirma o valor exato de H4 sem uma variável auxiliar de data-alvo. | nenhuma variável auxiliar de data-alvo (('target', 'valid_time', 'target_month', 'forecast_time')) encontrada no dataset aberto — tentando Método B (semântica documentada do eixo forecast_period, Seção 4). | confirmado pela semântica documentada do eixo forecast_period (Método B, Seção 4/6): inicialização confirmada via SCALAR_COORD_ON_VARIABLE (status=OK_SCALAR_COORD), L.standard_name='forecast_period'/units='months', grade [0.5, 1.5, 2.5, 3.5, 4.5, 5.5] mensal confirmada, rota com forecast_period_semantics_documented=True.",CONFIRMED_BY_FORECAST_PERIOD_SEMANTICS,SCALAR_COORD_ON_VARIABLE,1998-05,1998-05,1,OK_SCALAR_COORD,RANGEEDGES,RANGEEDGES_WINDOW_COORDINATE_MATCH,1998-05-01 00:00:00; 1998-06-01 00:00:00,1998-05-01 00:00:00,"esquema=lead1_igual_mes_inicializacao, representação=NMME_HARMONIZED_MONTHLY",Fazendas_Sinobras_Centroide
1998-05,NOAA_NCEP,CFSv2,1998-05,5,4.5,1998-09,OK,"L.attrs contém termo(s) ['forecast_period'] — indica semântica de lead/target, mas isso sozinho não confirma o valor exato de H5 sem uma variável auxiliar de data-alvo. | nenhuma variável auxiliar de data-alvo (('target', 'valid_time', 'target_month', 'forecast_time')) encontrada no dataset aberto — tentando Método B (semântica documentada do eixo forecast_period, Seção 4). | confirmado pela semântica documentada do eixo forecast_period (Método B, Seção 4/6): inicialização confirmada via SCALAR_COORD_ON_VARIABLE (status=OK_SCALAR_COORD), L.standard_name='forecast_period'/units='months', grade [0.5, 1.5, 2.5, 3.5, 4.5, 5.5] mensal confirmada, rota com forecast_period_semantics_documented=True.",CONFIRMED_BY_FORECAST_PERIOD_SEMANTICS,SCALAR_COORD_ON_VARIABLE,1998-05,1998-05,1,OK_SCALAR_COORD,RANGEEDGES,RANGEEDGES_WINDOW_COORDINATE_MATCH,1998-05-01 00:00:00; 1998-06-01 00:00:00,1998-05-01 00:00:00,"esquema=lead1_igual_mes_inicializacao, representação=NMME_HARMONIZED_MONTHLY",Fazendas_Sinobras_Centroide
1998-05,NOAA_NCEP,CFSv2,1998-05,6,5.5,1998-10,OK,"L.attrs contém termo(s) ['forecast_period'] — indica semântica de lead/target, mas isso sozinho não confirma o valor exato de H6 sem uma variável auxiliar de data-alvo. | nenhuma variável auxiliar de data-alvo (('target', 'valid_time', 'target_month', 'forecast_time')) encontrada no dataset aberto — tentando Método B (semântica documentada do eixo forecast_period, Seção 4). | confirmado pela semântica documentada do eixo forecast_period (Método B, Seção 4/6): inicialização confirmada via SCALAR_COORD_ON_VARIABLE (status=OK_SCALAR_COORD), L.standard_name='forecast_period'/units='months', grade [0.5, 1.5, 2.5, 3.5, 4.5, 5.5] mensal confirmada, rota com forecast_period_semantics_documented=True.",CONFIRMED_BY_FORECAST_PERIOD_SEMANTICS,SCALAR_COORD_ON_VARIABLE,1998-05,1998-05,1,OK_SCALAR_COORD,RANGEEDGES,RANGEEDGES_WINDOW_COORDINATE_MATCH,1998-05-01 00:00:00; 1998-06-01 00:00:00,1998-05-01 00:00:00,"esquema=lead1_igual_mes_inicializacao, representação=NMME_HARMONIZED_MONTHLY",Fazendas_Sinobras_Centroide
1998-06,NOAA_NCEP,CFSv2,1998-06,1,0.5,1998-06,OK,"L.attrs contém termo(s) ['forecast_period'] — indica semântica de lead/target, mas isso sozinho não confirma o valor exato de H1 sem uma variável auxiliar de data-alvo. | nenhuma variável auxiliar de data-alvo (('target', 'valid_time', 'target_month', 'forecast_time')) encontrada no dataset aberto — tentando Método B (semântica documentada do eixo forecast_period, Seção 4). | confirmado pela semântica documentada do eixo forecast_period (Método B, Seção 4/6): inicialização confirmada via SCALAR_COORD_ON_VARIABLE (status=OK_SCALAR_COORD), L.standard_name='forecast_period'/units='months', grade [0.5, 1.5, 2.5, 3.5, 4.5, 5.5] mensal confirmada, rota com forecast_period_semantics_documented=True.",CONFIRMED_BY_FORECAST_PERIOD_SEMANTICS,SCALAR_COORD_ON_VARIABLE,1998-06,1998-06,1,OK_SCALAR_COORD,RANGEEDGES,RANGEEDGES_WINDOW_COORDINATE_MATCH,1998-06-01 00:00:00; 1998-07-01 00:00:00,1998-06-01 00:00:00,"esquema=lead1_igual_mes_inicializacao, representação=NMME_HARMONIZED_MONTHLY",Fazendas_Sinobras_Centroide
1998-06,NOAA_NCEP,CFSv2,1998-06,2,1.5,1998-07,OK,"L.attrs contém termo(s) ['forecast_period'] — indica semântica de lead/target, mas isso sozinho não confirma o valor exato de H2 sem uma variável auxiliar de data-alvo. | nenhuma variável auxiliar de data-alvo (('target', 'valid_time', 'target_month', 'forecast_time')) encontrada no dataset aberto — tentando Método B (semântica documentada do eixo forecast_period, Seção 4). | confirmado pela semântica documentada do eixo forecast_period (Método B, Seção 4/6): inicialização confirmada via SCALAR_COORD_ON_VARIABLE (status=OK_SCALAR_COORD), L.standard_name='forecast_period'/units='months', grade [0.5, 1.5, 2.5, 3.5, 4.5, 5.5] mensal confirmada, rota com forecast_period_semantics_documented=True.",CONFIRMED_BY_FORECAST_PERIOD_SEMANTICS,SCALAR_COORD_ON_VARIABLE,1998-06,1998-06,1,OK_SCALAR_COORD,RANGEEDGES,RANGEEDGES_WINDOW_COORDINATE_MATCH,1998-06-01 00:00:00; 1998-07-01 00:00:00,1998-06-01 00:00:00,"esquema=lead1_igual_mes_inicializacao, representação=NMME_HARMONIZED_MONTHLY",Fazendas_Sinobras_Centroide
1998-06,NOAA_NCEP,CFSv2,1998-06,3,2.5,1998-08,OK,"L.attrs contém termo(s) ['forecast_period'] — indica semântica de lead/target, mas isso sozinho não confirma o valor exato de H3 sem uma variável auxiliar de data-alvo. | nenhuma variável auxiliar de data-alvo (('target', 'valid_time', 'target_month', 'forecast_time')) encontrada no dataset aberto — tentando Método B (semântica documentada do eixo forecast_period, Seção 4). | confirmado pela semântica documentada do eixo forecast_period (Método B, Seção 4/6): inicialização confirmada via SCALAR_COORD_ON_VARIABLE (status=OK_SCALAR_COORD), L.standard_name='forecast_period'/units='months', grade [0.5, 1.5, 2.5, 3.5, 4.5, 5.5] mensal confirmada, rota com forecast_period_semantics_documented=True.",CONFIRMED_BY_FORECAST_PERIOD_SEMANTICS,SCALAR_COORD_ON_VARIABLE,1998-06,1998-06,1,OK_SCALAR_COORD,RANGEEDGES,RANGEEDGES_WINDOW_COORDINATE_MATCH,1998-06-01 00:00:00; 1998-07-01 00:00:00,1998-06-01 00:00:00,"esquema=lead1_igual_mes_inicializacao, representação=NMME_HARMONIZED_MONTHLY",Fazendas_Sinobras_Centroide
1998-06,NOAA_NCEP,CFSv2,1998-06,4,3.5,1998-09,OK,"L.attrs contém termo(s) ['forecast_period'] — indica semântica de lead/target, mas isso sozinho não confirma o valor exato de H4 sem uma variável auxiliar de data-alvo. | nenhuma variável auxiliar de data-alvo (('target', 'valid_time', 'target_month', 'forecast_time')) encontrada no dataset aberto — tentando Método B (semântica documentada do eixo forecast_period, Seção 4). | confirmado pela semântica documentada do eixo forecast_period (Método B, Seção 4/6): inicialização confirmada via SCALAR_COORD_ON_VARIABLE (status=OK_SCALAR_COORD), L.standard_name='forecast_period'/units='months', grade [0.5, 1.5, 2.5, 3.5, 4.5, 5.5] mensal confirmada, rota com forecast_period_semantics_documented=True.",CONFIRMED_BY_FORECAST_PERIOD_SEMANTICS,SCALAR_COORD_ON_VARIABLE,1998-06,1998-06,1,OK_SCALAR_COORD,RANGEEDGES,RANGEEDGES_WINDOW_COORDINATE_MATCH,1998-06-01 00:00:00; 1998-07-01 00:00:00,1998-06-01 00:00:00,"esquema=lead1_igual_mes_inicializacao, representação=NMME_HARMONIZED_MONTHLY",Fazendas_Sinobras_Centroide
1998-06,NOAA_NCEP,CFSv2,1998-06,5,4.5,1998-10,OK,"L.attrs contém termo(s) ['forecast_period'] — indica semântica de lead/target, mas isso sozinho não confirma o valor exato de H5 sem uma variável auxiliar de data-alvo. | nenhuma variável auxiliar de data-alvo (('target', 'valid_time', 'target_month', 'forecast_time')) encontrada no dataset aberto — tentando Método B (semântica documentada do eixo forecast_period, Seção 4). | confirmado pela semântica documentada do eixo forecast_period (Método B, Seção 4/6): inicialização confirmada via SCALAR_COORD_ON_VARIABLE (status=OK_SCALAR_COORD), L.standard_name='forecast_period'/units='months', grade [0.5, 1.5, 2.5, 3.5, 4.5, 5.5] mensal confirmada, rota com forecast_period_semantics_documented=True.",CONFIRMED_BY_FORECAST_PERIOD_SEMANTICS,SCALAR_COORD_ON_VARIABLE,1998-06,1998-06,1,OK_SCALAR_COORD,RANGEEDGES,RANGEEDGES_WINDOW_COORDINATE_MATCH,1998-06-01 00:00:00; 1998-07-01 00:00:00,1998-06-01 00:00:00,"esquema=lead1_igual_mes_inicializacao, representação=NMME_HARMONIZED_MONTHLY",Fazendas_Sinobras_Centroide
1998-06,NOAA_NCEP,CFSv2,1998-06,6,5.5,1998-11,OK,"L.attrs contém termo(s) ['forecast_period'] — indica semântica de lead/target, mas isso sozinho não confirma o valor exato de H6 sem uma variável auxiliar de data-alvo. | nenhuma variável auxiliar de data-alvo (('target', 'valid_time', 'target_month', 'forecast_time')) encontrada no dataset aberto — tentando Método B (semântica documentada do eixo forecast_period, Seção 4). | confirmado pela semântica documentada do eixo forecast_period (Método B, Seção 4/6): inicialização confirmada via SCALAR_COORD_ON_VARIABLE (status=OK_SCALAR_COORD), L.standard_name='forecast_period'/units='months', grade [0.5, 1.5, 2.5, 3.5, 4.5, 5.5] mensal confirmada, rota com forecast_period_semantics_documented=True.",CONFIRMED_BY_FORECAST_PERIOD_SEMANTICS,SCALAR_COORD_ON_VARIABLE,1998-06,1998-06,1,OK_SCALAR_COORD,RANGEEDGES,RANGEEDGES_WINDOW_COORDINATE_MATCH,1998-06-01 00:00:00; 1998-07-01 00:00:00,1998-06-01 00:00:00,"esquema=lead1_igual_mes_inicializacao, representação=NMME_HARMONIZED_MONTHLY",Fazendas_Sinobras_Centroide
1998-07,NOAA_NCEP,CFSv2,1998-07,1,0.5,1998-07,OK,"L.attrs contém termo(s) ['forecast_period'] — indica semântica de lead/target, mas isso sozinho não confirma o valor exato de H1 sem uma variável auxiliar de data-alvo. | nenhuma variável auxiliar de data-alvo (('target', 'valid_time', 'target_month', 'forecast_time')) encontrada no dataset aberto — tentando Método B (semântica documentada do eixo forecast_period, Seção 4). | confirmado pela semântica documentada do eixo forecast_period (Método B, Seção 4/6): inicialização confirmada via SCALAR_COORD_ON_VARIABLE (status=OK_SCALAR_COORD), L.standard_name='forecast_period'/units='months', grade [0.5, 1.5, 2.5, 3.5, 4.5, 5.5] mensal confirmada, rota com forecast_period_semantics_documented=True.",CONFIRMED_BY_FORECAST_PERIOD_SEMANTICS,SCALAR_COORD_ON_VARIABLE,1998-07,1998-07,1,OK_SCALAR_COORD,RANGEEDGES,RANGEEDGES_WINDOW_COORDINATE_MATCH,1998-07-01 00:00:00; 1998-08-01 00:00:00,1998-07-01 00:00:00,"esquema=lead1_igual_mes_inicializacao, representação=NMME_HARMONIZED_MONTHLY",Fazendas_Sinobras_Centroide
1998-07,NOAA_NCEP,CFSv2,1998-07,2,1.5,1998-08,OK,"L.attrs contém termo(s) ['forecast_period'] — indica semântica de lead/target, mas isso sozinho não confirma o valor exato de H2 sem uma variável auxiliar de data-alvo. | nenhuma variável auxiliar de data-alvo (('target', 'valid_time', 'target_month', 'forecast_time')) encontrada no dataset aberto — tentando Método B (semântica documentada do eixo forecast_period, Seção 4). | confirmado pela semântica documentada do eixo forecast_period (Método B, Seção 4/6): inicialização confirmada via SCALAR_COORD_ON_VARIABLE (status=OK_SCALAR_COORD), L.standard_name='forecast_period'/units='months', grade [0.5, 1.5, 2.5, 3.5, 4.5, 5.5] mensal confirmada, rota com forecast_period_semantics_documented=True.",CONFIRMED_BY_FORECAST_PERIOD_SEMANTICS,SCALAR_COORD_ON_VARIABLE,1998-07,1998-07,1,OK_SCALAR_COORD,RANGEEDGES,RANGEEDGES_WINDOW_COORDINATE_MATCH,1998-07-01 00:00:00; 1998-08-01 00:00:00,1998-07-01 00:00:00,"esquema=lead1_igual_mes_inicializacao, representação=NMME_HARMONIZED_MONTHLY",Fazendas_Sinobras_Centroide
1998-07,NOAA_NCEP,CFSv2,1998-07,3,2.5,1998-09,OK,"L.attrs contém termo(s) ['forecast_period'] — indica semântica de lead/target, mas isso sozinho não confirma o valor exato de H3 sem uma variável auxiliar de data-alvo. | nenhuma variável auxiliar de data-alvo (('target', 'valid_time', 'target_month', 'forecast_time')) encontrada no dataset aberto — tentando Método B (semântica documentada do eixo forecast_period, Seção 4). | confirmado pela semântica documentada do eixo forecast_period (Método B, Seção 4/6): inicialização confirmada via SCALAR_COORD_ON_VARIABLE (status=OK_SCALAR_COORD), L.standard_name='forecast_period'/units='months', grade [0.5, 1.5, 2.5, 3.5, 4.5, 5.5] mensal confirmada, rota com forecast_period_semantics_documented=True.",CONFIRMED_BY_FORECAST_PERIOD_SEMANTICS,SCALAR_COORD_ON_VARIABLE,1998-07,1998-07,1,OK_SCALAR_COORD,RANGEEDGES,RANGEEDGES_WINDOW_COORDINATE_MATCH,1998-07-01 00:00:00; 1998-08-01 00:00:00,1998-07-01 00:00:00,"esquema=lead1_igual_mes_inicializacao, representação=NMME_HARMONIZED_MONTHLY",Fazendas_Sinobras_Centroide
1998-07,NOAA_NCEP,CFSv2,1998-07,4,3.5,1998-10,OK,"L.attrs contém termo(s) ['forecast_period'] — indica semântica de lead/target, mas isso sozinho não confirma o valor exato de H4 sem uma variável auxiliar de data-alvo. | nenhuma variável auxiliar de data-alvo (('target', 'valid_time', 'target_month', 'forecast_time')) encontrada no dataset aberto — tentando Método B (semântica documentada do eixo forecast_period, Seção 4). | confirmado pela semântica documentada do eixo forecast_period (Método B, Seção 4/6): inicialização confirmada via SCALAR_COORD_ON_VARIABLE (status=OK_SCALAR_COORD), L.standard_name='forecast_period'/units='months', grade [0.5, 1.5, 2.5, 3.5, 4.5, 5.5] mensal confirmada, rota com forecast_period_semantics_documented=True.",CONFIRMED_BY_FORECAST_PERIOD_SEMANTICS,SCALAR_COORD_ON_VARIABLE,1998-07,1998-07,1,OK_SCALAR_COORD,RANGEEDGES,RANGEEDGES_WINDOW_COORDINATE_MATCH,1998-07-01 00:00:00; 1998-08-01 00:00:00,1998-07-01 00:00:00,"esquema=lead1_igual_mes_inicializacao, representação=NMME_HARMONIZED_MONTHLY",Fazendas_Sinobras_Centroide
1998-07,NOAA_NCEP,CFSv2,1998-07,5,4.5,1998-11,OK,"L.attrs contém termo(s) ['forecast_period'] — indica semântica de lead/target, mas isso sozinho não confirma o valor exato de H5 sem uma variável auxiliar de data-alvo. | nenhuma variável auxiliar de data-alvo (('target', 'valid_time', 'target_month', 'forecast_time')) encontrada no dataset aberto — tentando Método B (semântica documentada do eixo forecast_period, Seção 4). | confirmado pela semântica documentada do eixo forecast_period (Método B, Seção 4/6): inicialização confirmada via SCALAR_COORD_ON_VARIABLE (status=OK_SCALAR_COORD), L.standard_name='forecast_period'/units='months', grade [0.5, 1.5, 2.5, 3.5, 4.5, 5.5] mensal confirmada, rota com forecast_period_semantics_documented=True.",CONFIRMED_BY_FORECAST_PERIOD_SEMANTICS,SCALAR_COORD_ON_VARIABLE,1998-07,1998-07,1,OK_SCALAR_COORD,RANGEEDGES,RANGEEDGES_WINDOW_COORDINATE_MATCH,1998-07-01 00:00:00; 1998-08-01 00:00:00,1998-07-01 00:00:00,"esquema=lead1_igual_mes_inicializacao, representação=NMME_HARMONIZED_MONTHLY",Fazendas_Sinobras_Centroide
1998-07,NOAA_NCEP,CFSv2,1998-07,6,5.5,1998-12,OK,"L.attrs contém termo(s) ['forecast_period'] — indica semântica de lead/target, mas isso sozinho não confirma o valor exato de H6 sem uma variável auxiliar de data-alvo. | nenhuma variável auxiliar de data-alvo (('target', 'valid_time', 'target_month', 'forecast_time')) encontrada no dataset aberto — tentando Método B (semântica documentada do eixo forecast_period, Seção 4). | confirmado pela semântica documentada do eixo forecast_period (Método B, Seção 4/6): inicialização confirmada via SCALAR_COORD_ON_VARIABLE (status=OK_SCALAR_COORD), L.standard_name='forecast_period'/units='months', grade [0.5, 1.5, 2.5, 3.5, 4.5, 5.5] mensal confirmada, rota com forecast_period_semantics_documented=True.",CONFIRMED_BY_FORECAST_PERIOD_SEMANTICS,SCALAR_COORD_ON_VARIABLE,1998-07,1998-07,1,OK_SCALAR_COORD,RANGEEDGES,RANGEEDGES_WINDOW_COORDINATE_MATCH,1998-07-01 00:00:00; 1998-08-01 00:00:00,1998-07-01 00:00:00,"esquema=lead1_igual_mes_inicializacao, representação=NMME_HARMONIZED_MONTHLY",Fazendas_Sinobras_Centroide
1998-08,NOAA_NCEP,CFSv2,1998-08,1,0.5,1998-08,OK,"L.attrs contém termo(s) ['forecast_period'] — indica semântica de lead/target, mas isso sozinho não confirma o valor exato de H1 sem uma variável auxiliar de data-alvo. | nenhuma variável auxiliar de data-alvo (('target', 'valid_time', 'target_month', 'forecast_time')) encontrada no dataset aberto — tentando Método B (semântica documentada do eixo forecast_period, Seção 4). | confirmado pela semântica documentada do eixo forecast_period (Método B, Seção 4/6): inicialização confirmada via SCALAR_COORD_ON_VARIABLE (status=OK_SCALAR_COORD), L.standard_name='forecast_period'/units='months', grade [0.5, 1.5, 2.5, 3.5, 4.5, 5.5] mensal confirmada, rota com forecast_period_semantics_documented=True.",CONFIRMED_BY_FORECAST_PERIOD_SEMANTICS,SCALAR_COORD_ON_VARIABLE,1998-08,1998-08,1,OK_SCALAR_COORD,RANGEEDGES,RANGEEDGES_WINDOW_COORDINATE_MATCH,1998-08-01 00:00:00; 1998-09-01 00:00:00,1998-08-01 00:00:00,"esquema=lead1_igual_mes_inicializacao, representação=NMME_HARMONIZED_MONTHLY",Fazendas_Sinobras_Centroide
1998-08,NOAA_NCEP,CFSv2,1998-08,2,1.5,1998-09,OK,"L.attrs contém termo(s) ['forecast_period'] — indica semântica de lead/target, mas isso sozinho não confirma o valor exato de H2 sem uma variável auxiliar de data-alvo. | nenhuma variável auxiliar de data-alvo (('target', 'valid_time', 'target_month', 'forecast_time')) encontrada no dataset aberto — tentando Método B (semântica documentada do eixo forecast_period, Seção 4). | confirmado pela semântica documentada do eixo forecast_period (Método B, Seção 4/6): inicialização confirmada via SCALAR_COORD_ON_VARIABLE (status=OK_SCALAR_COORD), L.standard_name='forecast_period'/units='months', grade [0.5, 1.5, 2.5, 3.5, 4.5, 5.5] mensal confirmada, rota com forecast_period_semantics_documented=True.",CONFIRMED_BY_FORECAST_PERIOD_SEMANTICS,SCALAR_COORD_ON_VARIABLE,1998-08,1998-08,1,OK_SCALAR_COORD,RANGEEDGES,RANGEEDGES_WINDOW_COORDINATE_MATCH,1998-08-01 00:00:00; 1998-09-01 00:00:00,1998-08-01 00:00:00,"esquema=lead1_igual_mes_inicializacao, representação=NMME_HARMONIZED_MONTHLY",Fazendas_Sinobras_Centroide
1998-08,NOAA_NCEP,CFSv2,1998-08,3,2.5,1998-10,OK,"L.attrs contém termo(s) ['forecast_period'] — indica semântica de lead/target, mas isso sozinho não confirma o valor exato de H3 sem uma variável auxiliar de data-alvo. | nenhuma variável auxiliar de data-alvo (('target', 'valid_time', 'target_month', 'forecast_time')) encontrada no dataset aberto — tentando Método B (semântica documentada do eixo forecast_period, Seção 4). | confirmado pela semântica documentada do eixo forecast_period (Método B, Seção 4/6): inicialização confirmada via SCALAR_COORD_ON_VARIABLE (status=OK_SCALAR_COORD), L.standard_name='forecast_period'/units='months', grade [0.5, 1.5, 2.5, 3.5, 4.5, 5.5] mensal confirmada, rota com forecast_period_semantics_documented=True.",CONFIRMED_BY_FORECAST_PERIOD_SEMANTICS,SCALAR_COORD_ON_VARIABLE,1998-08,1998-08,1,OK_SCALAR_COORD,RANGEEDGES,RANGEEDGES_WINDOW_COORDINATE_MATCH,1998-08-01 00:00:00; 1998-09-01 00:00:00,1998-08-01 00:00:00,"esquema=lead1_igual_mes_inicializacao, representação=NMME_HARMONIZED_MONTHLY",Fazendas_Sinobras_Centroide
1998-08,NOAA_NCEP,CFSv2,1998-08,4,3.5,1998-11,OK,"L.attrs contém termo(s) ['forecast_period'] — indica semântica de lead/target, mas isso sozinho não confirma o valor exato de H4 sem uma variável auxiliar de data-alvo. | nenhuma variável auxiliar de data-alvo (('target', 'valid_time', 'target_month', 'forecast_time')) encontrada no dataset aberto — tentando Método B (semântica documentada do eixo forecast_period, Seção 4). | confirmado pela semântica documentada do eixo forecast_period (Método B, Seção 4/6): inicialização confirmada via SCALAR_COORD_ON_VARIABLE (status=OK_SCALAR_COORD), L.standard_name='forecast_period'/units='months', grade [0.5, 1.5, 2.5, 3.5, 4.5, 5.5] mensal confirmada, rota com forecast_period_semantics_documented=True.",CONFIRMED_BY_FORECAST_PERIOD_SEMANTICS,SCALAR_COORD_ON_VARIABLE,1998-08,1998-08,1,OK_SCALAR_COORD,RANGEEDGES,RANGEEDGES_WINDOW_COORDINATE_MATCH,1998-08-01 00:00:00; 1998-09-01 00:00:00,1998-08-01 00:00:00,"esquema=lead1_igual_mes_inicializacao, representação=NMME_HARMONIZED_MONTHLY",Fazendas_Sinobras_Centroide
1998-08,NOAA_NCEP,CFSv2,1998-08,5,4.5,1998-12,OK,"L.attrs contém termo(s) ['forecast_period'] — indica semântica de lead/target, mas isso sozinho não confirma o valor exato de H5 sem uma variável auxiliar de data-alvo. | nenhuma variável auxiliar de data-alvo (('target', 'valid_time', 'target_month', 'forecast_time')) encontrada no dataset aberto — tentando Método B (semântica documentada do eixo forecast_period, Seção 4). | confirmado pela semântica documentada do eixo forecast_period (Método B, Seção 4/6): inicialização confirmada via SCALAR_COORD_ON_VARIABLE (status=OK_SCALAR_COORD), L.standard_name='forecast_period'/units='months', grade [0.5, 1.5, 2.5, 3.5, 4.5, 5.5] mensal confirmada, rota com forecast_period_semantics_documented=True.",CONFIRMED_BY_FORECAST_PERIOD_SEMANTICS,SCALAR_COORD_ON_VARIABLE,1998-08,1998-08,1,OK_SCALAR_COORD,RANGEEDGES,RANGEEDGES_WINDOW_COORDINATE_MATCH,1998-08-01 00:00:00; 1998-09-01 00:00:00,1998-08-01 00:00:00,"esquema=lead1_igual_mes_inicializacao, representação=NMME_HARMONIZED_MONTHLY",Fazendas_Sinobras_Centroide
1998-08,NOAA_NCEP,CFSv2,1998-08,6,5.5,1999-01,OK,"L.attrs contém termo(s) ['forecast_period'] — indica semântica de lead/target, mas isso sozinho não confirma o valor exato de H6 sem uma variável auxiliar de data-alvo. | nenhuma variável auxiliar de data-alvo (('target', 'valid_time', 'target_month', 'forecast_time')) encontrada no dataset aberto — tentando Método B (semântica documentada do eixo forecast_period, Seção 4). | confirmado pela semântica documentada do eixo forecast_period (Método B, Seção 4/6): inicialização confirmada via SCALAR_COORD_ON_VARIABLE (status=OK_SCALAR_COORD), L.standard_name='forecast_period'/units='months', grade [0.5, 1.5, 2.5, 3.5, 4.5, 5.5] mensal confirmada, rota com forecast_period_semantics_documented=True.",CONFIRMED_BY_FORECAST_PERIOD_SEMANTICS,SCALAR_COORD_ON_VARIABLE,1998-08,1998-08,1,OK_SCALAR_COORD,RANGEEDGES,RANGEEDGES_WINDOW_COORDINATE_MATCH,1998-08-01 00:00:00; 1998-09-01 00:00:00,1998-08-01 00:00:00,"esquema=lead1_igual_mes_inicializacao, representação=NMME_HARMONIZED_MONTHLY",Fazendas_Sinobras_Centroide
1998-09,NOAA_NCEP,CFSv2,1998-09,1,0.5,1998-09,OK,"L.attrs contém termo(s) ['forecast_period'] — indica semântica de lead/target, mas isso sozinho não confirma o valor exato de H1 sem uma variável auxiliar de data-alvo. | nenhuma variável auxiliar de data-alvo (('target', 'valid_time', 'target_month', 'forecast_time')) encontrada no dataset aberto — tentando Método B (semântica documentada do eixo forecast_period, Seção 4). | confirmado pela semântica documentada do eixo forecast_period (Método B, Seção 4/6): inicialização confirmada via SCALAR_COORD_ON_VARIABLE (status=OK_SCALAR_COORD), L.standard_name='forecast_period'/units='months', grade [0.5, 1.5, 2.5, 3.5, 4.5, 5.5] mensal confirmada, rota com forecast_period_semantics_documented=True.",CONFIRMED_BY_FORECAST_PERIOD_SEMANTICS,SCALAR_COORD_ON_VARIABLE,1998-09,1998-09,1,OK_SCALAR_COORD,RANGEEDGES,RANGEEDGES_WINDOW_COORDINATE_MATCH,1998-09-01 00:00:00; 1998-10-01 00:00:00,1998-09-01 00:00:00,"esquema=lead1_igual_mes_inicializacao, representação=NMME_HARMONIZED_MONTHLY",Fazendas_Sinobras_Centroide
1998-09,NOAA_NCEP,CFSv2,1998-09,2,1.5,1998-10,OK,"L.attrs contém termo(s) ['forecast_period'] — indica semântica de lead/target, mas isso sozinho não confirma o valor exato de H2 sem uma variável auxiliar de data-alvo. | nenhuma variável auxiliar de data-alvo (('target', 'valid_time', 'target_month', 'forecast_time')) encontrada no dataset aberto — tentando Método B (semântica documentada do eixo forecast_period, Seção 4). | confirmado pela semântica documentada do eixo forecast_period (Método B, Seção 4/6): inicialização confirmada via SCALAR_COORD_ON_VARIABLE (status=OK_SCALAR_COORD), L.standard_name='forecast_period'/units='months', grade [0.5, 1.5, 2.5, 3.5, 4.5, 5.5] mensal confirmada, rota com forecast_period_semantics_documented=True.",CONFIRMED_BY_FORECAST_PERIOD_SEMANTICS,SCALAR_COORD_ON_VARIABLE,1998-09,1998-09,1,OK_SCALAR_COORD,RANGEEDGES,RANGEEDGES_WINDOW_COORDINATE_MATCH,1998-09-01 00:00:00; 1998-10-01 00:00:00,1998-09-01 00:00:00,"esquema=lead1_igual_mes_inicializacao, representação=NMME_HARMONIZED_MONTHLY",Fazendas_Sinobras_Centroide
1998-09,NOAA_NCEP,CFSv2,1998-09,3,2.5,1998-11,OK,"L.attrs contém termo(s) ['forecast_period'] — indica semântica de lead/target, mas isso sozinho não confirma o valor exato de H3 sem uma variável auxiliar de data-alvo. | nenhuma variável auxiliar de data-alvo (('target', 'valid_time', 'target_month', 'forecast_time')) encontrada no dataset aberto — tentando Método B (semântica documentada do eixo forecast_period, Seção 4). | confirmado pela semântica documentada do eixo forecast_period (Método B, Seção 4/6): inicialização confirmada via SCALAR_COORD_ON_VARIABLE (status=OK_SCALAR_COORD), L.standard_name='forecast_period'/units='months', grade [0.5, 1.5, 2.5, 3.5, 4.5, 5.5] mensal confirmada, rota com forecast_period_semantics_documented=True.",CONFIRMED_BY_FORECAST_PERIOD_SEMANTICS,SCALAR_COORD_ON_VARIABLE,1998-09,1998-09,1,OK_SCALAR_COORD,RANGEEDGES,RANGEEDGES_WINDOW_COORDINATE_MATCH,1998-09-01 00:00:00; 1998-10-01 00:00:00,1998-09-01 00:00:00,"esquema=lead1_igual_mes_inicializacao, representação=NMME_HARMONIZED_MONTHLY",Fazendas_Sinobras_Centroide
1998-09,NOAA_NCEP,CFSv2,1998-09,4,3.5,1998-12,OK,"L.attrs contém termo(s) ['forecast_period'] — indica semântica de lead/target, mas isso sozinho não confirma o valor exato de H4 sem uma variável auxiliar de data-alvo. | nenhuma variável auxiliar de data-alvo (('target', 'valid_time', 'target_month', 'forecast_time')) encontrada no dataset aberto — tentando Método B (semântica documentada do eixo forecast_period, Seção 4). | confirmado pela semântica documentada do eixo forecast_period (Método B, Seção 4/6): inicialização confirmada via SCALAR_COORD_ON_VARIABLE (status=OK_SCALAR_COORD), L.standard_name='forecast_period'/units='months', grade [0.5, 1.5, 2.5, 3.5, 4.5, 5.5] mensal confirmada, rota com forecast_period_semantics_documented=True.",CONFIRMED_BY_FORECAST_PERIOD_SEMANTICS,SCALAR_COORD_ON_VARIABLE,1998-09,1998-09,1,OK_SCALAR_COORD,RANGEEDGES,RANGEEDGES_WINDOW_COORDINATE_MATCH,1998-09-01 00:00:00; 1998-10-01 00:00:00,1998-09-01 00:00:00,"esquema=lead1_igual_mes_inicializacao, representação=NMME_HARMONIZED_MONTHLY",Fazendas_Sinobras_Centroide
1998-09,NOAA_NCEP,CFSv2,1998-09,5,4.5,1999-01,OK,"L.attrs contém termo(s) ['forecast_period'] — indica semântica de lead/target, mas isso sozinho não confirma o valor exato de H5 sem uma variável auxiliar de data-alvo. | nenhuma variável auxiliar de data-alvo (('target', 'valid_time', 'target_month', 'forecast_time')) encontrada no dataset aberto — tentando Método B (semântica documentada do eixo forecast_period, Seção 4). | confirmado pela semântica documentada do eixo forecast_period (Método B, Seção 4/6): inicialização confirmada via SCALAR_COORD_ON_VARIABLE (status=OK_SCALAR_COORD), L.standard_name='forecast_period'/units='months', grade [0.5, 1.5, 2.5, 3.5, 4.5, 5.5] mensal confirmada, rota com forecast_period_semantics_documented=True.",CONFIRMED_BY_FORECAST_PERIOD_SEMANTICS,SCALAR_COORD_ON_VARIABLE,1998-09,1998-09,1,OK_SCALAR_COORD,RANGEEDGES,RANGEEDGES_WINDOW_COORDINATE_MATCH,1998-09-01 00:00:00; 1998-10-01 00:00:00,1998-09-01 00:00:00,"esquema=lead1_igual_mes_inicializacao, representação=NMME_HARMONIZED_MONTHLY",Fazendas_Sinobras_Centroide
1998-09,NOAA_NCEP,CFSv2,1998-09,6,5.5,1999-02,OK,"L.attrs contém termo(s) ['forecast_period'] — indica semântica de lead/target, mas isso sozinho não confirma o valor exato de H6 sem uma variável auxiliar de data-alvo. | nenhuma variável auxiliar de data-alvo (('target', 'valid_time', 'target_month', 'forecast_time')) encontrada no dataset aberto — tentando Método B (semântica documentada do eixo forecast_period, Seção 4). | confirmado pela semântica documentada do eixo forecast_period (Método B, Seção 4/6): inicialização confirmada via SCALAR_COORD_ON_VARIABLE (status=OK_SCALAR_COORD), L.standard_name='forecast_period'/units='months', grade [0.5, 1.5, 2.5, 3.5, 4.5, 5.5] mensal confirmada, rota com forecast_period_semantics_documented=True.",CONFIRMED_BY_FORECAST_PERIOD_SEMANTICS,SCALAR_COORD_ON_VARIABLE,1998-09,1998-09,1,OK_SCALAR_COORD,RANGEEDGES,RANGEEDGES_WINDOW_COORDINATE_MATCH,1998-09-01 00:00:00; 1998-10-01 00:00:00,1998-09-01 00:00:00,"esquema=lead1_igual_mes_inicializacao, representação=NMME_HARMONIZED_MONTHLY",Fazendas_Sinobras_Centroide
1998-10,NOAA_NCEP,CFSv2,1998-10,1,0.5,1998-10,OK,"L.attrs contém termo(s) ['forecast_period'] — indica semântica de lead/target, mas isso sozinho não confirma o valor exato de H1 sem uma variável auxiliar de data-alvo. | nenhuma variável auxiliar de data-alvo (('target', 'valid_time', 'target_month', 'forecast_time')) encontrada no dataset aberto — tentando Método B (semântica documentada do eixo forecast_period, Seção 4). | confirmado pela semântica documentada do eixo forecast_period (Método B, Seção 4/6): inicialização confirmada via SCALAR_COORD_ON_VARIABLE (status=OK_SCALAR_COORD), L.standard_name='forecast_period'/units='months', grade [0.5, 1.5, 2.5, 3.5, 4.5, 5.5] mensal confirmada, rota com forecast_period_semantics_documented=True.",CONFIRMED_BY_FORECAST_PERIOD_SEMANTICS,SCALAR_COORD_ON_VARIABLE,1998-10,1998-10,1,OK_SCALAR_COORD,RANGEEDGES,RANGEEDGES_WINDOW_COORDINATE_MATCH,1998-10-01 00:00:00; 1998-11-01 00:00:00,1998-10-01 00:00:00,"esquema=lead1_igual_mes_inicializacao, representação=NMME_HARMONIZED_MONTHLY",Fazendas_Sinobras_Centroide
1998-10,NOAA_NCEP,CFSv2,1998-10,2,1.5,1998-11,OK,"L.attrs contém termo(s) ['forecast_period'] — indica semântica de lead/target, mas isso sozinho não confirma o valor exato de H2 sem uma variável auxiliar de data-alvo. | nenhuma variável auxiliar de data-alvo (('target', 'valid_time', 'target_month', 'forecast_time')) encontrada no dataset aberto — tentando Método B (semântica documentada do eixo forecast_period, Seção 4). | confirmado pela semântica documentada do eixo forecast_period (Método B, Seção 4/6): inicialização confirmada via SCALAR_COORD_ON_VARIABLE (status=OK_SCALAR_COORD), L.standard_name='forecast_period'/units='months', grade [0.5, 1.5, 2.5, 3.5, 4.5, 5.5] mensal confirmada, rota com forecast_period_semantics_documented=True.",CONFIRMED_BY_FORECAST_PERIOD_SEMANTICS,SCALAR_COORD_ON_VARIABLE,1998-10,1998-10,1,OK_SCALAR_COORD,RANGEEDGES,RANGEEDGES_WINDOW_COORDINATE_MATCH,1998-10-01 00:00:00; 1998-11-01 00:00:00,1998-10-01 00:00:00,"esquema=lead1_igual_mes_inicializacao, representação=NMME_HARMONIZED_MONTHLY",Fazendas_Sinobras_Centroide
1998-10,NOAA_NCEP,CFSv2,1998-10,3,2.5,1998-12,OK,"L.attrs contém termo(s) ['forecast_period'] — indica semântica de lead/target, mas isso sozinho não confirma o valor exato de H3 sem uma variável auxiliar de data-alvo. | nenhuma variável auxiliar de data-alvo (('target', 'valid_time', 'target_month', 'forecast_time')) encontrada no dataset aberto — tentando Método B (semântica documentada do eixo forecast_period, Seção 4). | confirmado pela semântica documentada do eixo forecast_period (Método B, Seção 4/6): inicialização confirmada via SCALAR_COORD_ON_VARIABLE (status=OK_SCALAR_COORD), L.standard_name='forecast_period'/units='months', grade [0.5, 1.5, 2.5, 3.5, 4.5, 5.5] mensal confirmada, rota com forecast_period_semantics_documented=True.",CONFIRMED_BY_FORECAST_PERIOD_SEMANTICS,SCALAR_COORD_ON_VARIABLE,1998-10,1998-10,1,OK_SCALAR_COORD,RANGEEDGES,RANGEEDGES_WINDOW_COORDINATE_MATCH,1998-10-01 00:00:00; 1998-11-01 00:00:00,1998-10-01 00:00:00,"esquema=lead1_igual_mes_inicializacao, representação=NMME_HARMONIZED_MONTHLY",Fazendas_Sinobras_Centroide
1998-10,NOAA_NCEP,CFSv2,1998-10,4,3.5,1999-01,OK,"L.attrs contém termo(s) ['forecast_period'] — indica semântica de lead/target, mas isso sozinho não confirma o valor exato de H4 sem uma variável auxiliar de data-alvo. | nenhuma variável auxiliar de data-alvo (('target', 'valid_time', 'target_month', 'forecast_time')) encontrada no dataset aberto — tentando Método B (semântica documentada do eixo forecast_period, Seção 4). | confirmado pela semântica documentada do eixo forecast_period (Método B, Seção 4/6): inicialização confirmada via SCALAR_COORD_ON_VARIABLE (status=OK_SCALAR_COORD), L.standard_name='forecast_period'/units='months', grade [0.5, 1.5, 2.5, 3.5, 4.5, 5.5] mensal confirmada, rota com forecast_period_semantics_documented=True.",CONFIRMED_BY_FORECAST_PERIOD_SEMANTICS,SCALAR_COORD_ON_VARIABLE,1998-10,1998-10,1,OK_SCALAR_COORD,RANGEEDGES,RANGEEDGES_WINDOW_COORDINATE_MATCH,1998-10-01 00:00:00; 1998-11-01 00:00:00,1998-10-01 00:00:00,"esquema=lead1_igual_mes_inicializacao, representação=NMME_HARMONIZED_MONTHLY",Fazendas_Sinobras_Centroide
1998-10,NOAA_NCEP,CFSv2,1998-10,5,4.5,1999-02,OK,"L.attrs contém termo(s) ['forecast_period'] — indica semântica de lead/target, mas isso sozinho não confirma o valor exato de H5 sem uma variável auxiliar de data-alvo. | nenhuma variável auxiliar de data-alvo (('target', 'valid_time', 'target_month', 'forecast_time')) encontrada no dataset aberto — tentando Método B (semântica documentada do eixo forecast_period, Seção 4). | confirmado pela semântica documentada do eixo forecast_period (Método B, Seção 4/6): inicialização confirmada via SCALAR_COORD_ON_VARIABLE (status=OK_SCALAR_COORD), L.standard_name='forecast_period'/units='months', grade [0.5, 1.5, 2.5, 3.5, 4.5, 5.5] mensal confirmada, rota com forecast_period_semantics_documented=True.",CONFIRMED_BY_FORECAST_PERIOD_SEMANTICS,SCALAR_COORD_ON_VARIABLE,1998-10,1998-10,1,OK_SCALAR_COORD,RANGEEDGES,RANGEEDGES_WINDOW_COORDINATE_MATCH,1998-10-01 00:00:00; 1998-11-01 00:00:00,1998-10-01 00:00:00,"esquema=lead1_igual_mes_inicializacao, representação=NMME_HARMONIZED_MONTHLY",Fazendas_Sinobras_Centroide
1998-10,NOAA_NCEP,CFSv2,1998-10,6,5.5,1999-03,OK,"L.attrs contém termo(s) ['forecast_period'] — indica semântica de lead/target, mas isso sozinho não confirma o valor exato de H6 sem uma variável auxiliar de data-alvo. | nenhuma variável auxiliar de data-alvo (('target', 'valid_time', 'target_month', 'forecast_time')) encontrada no dataset aberto — tentando Método B (semântica documentada do eixo forecast_period, Seção 4). | confirmado pela semântica documentada do eixo forecast_period (Método B, Seção 4/6): inicialização confirmada via SCALAR_COORD_ON_VARIABLE (status=OK_SCALAR_COORD), L.standard_name='forecast_period'/units='months', grade [0.5, 1.5, 2.5, 3.5, 4.5, 5.5] mensal confirmada, rota com forecast_period_semantics_documented=True.",CONFIRMED_BY_FORECAST_PERIOD_SEMANTICS,SCALAR_COORD_ON_VARIABLE,1998-10,1998-10,1,OK_SCALAR_COORD,RANGEEDGES,RANGEEDGES_WINDOW_COORDINATE_MATCH,1998-10-01 00:00:00; 1998-11-01 00:00:00,1998-10-01 00:00:00,"esquema=lead1_igual_mes_inicializacao, representação=NMME_HARMONIZED_MONTHLY",Fazendas_Sinobras_Centroide
1998-11,NOAA_NCEP,CFSv2,1998-11,1,0.5,1998-11,OK,"L.attrs contém termo(s) ['forecast_period'] — indica semântica de lead/target, mas isso sozinho não confirma o valor exato de H1 sem uma variável auxiliar de data-alvo. | nenhuma variável auxiliar de data-alvo (('target', 'valid_time', 'target_month', 'forecast_time')) encontrada no dataset aberto — tentando Método B (semântica documentada do eixo forecast_period, Seção 4). | confirmado pela semântica documentada do eixo forecast_period (Método B, Seção 4/6): inicialização confirmada via SCALAR_COORD_ON_VARIABLE (status=OK_SCALAR_COORD), L.standard_name='forecast_period'/units='months', grade [0.5, 1.5, 2.5, 3.5, 4.5, 5.5] mensal confirmada, rota com forecast_period_semantics_documented=True.",CONFIRMED_BY_FORECAST_PERIOD_SEMANTICS,SCALAR_COORD_ON_VARIABLE,1998-11,1998-11,1,OK_SCALAR_COORD,RANGEEDGES,RANGEEDGES_WINDOW_COORDINATE_MATCH,1998-11-01 00:00:00; 1998-12-01 00:00:00,1998-11-01 00:00:00,"esquema=lead1_igual_mes_inicializacao, representação=NMME_HARMONIZED_MONTHLY",Fazendas_Sinobras_Centroide
1998-11,NOAA_NCEP,CFSv2,1998-11,2,1.5,1998-12,OK,"L.attrs contém termo(s) ['forecast_period'] — indica semântica de lead/target, mas isso sozinho não confirma o valor exato de H2 sem uma variável auxiliar de data-alvo. | nenhuma variável auxiliar de data-alvo (('target', 'valid_time', 'target_month', 'forecast_time')) encontrada no dataset aberto — tentando Método B (semântica documentada do eixo forecast_period, Seção 4). | confirmado pela semântica documentada do eixo forecast_period (Método B, Seção 4/6): inicialização confirmada via SCALAR_COORD_ON_VARIABLE (status=OK_SCALAR_COORD), L.standard_name='forecast_period'/units='months', grade [0.5, 1.5, 2.5, 3.5, 4.5, 5.5] mensal confirmada, rota com forecast_period_semantics_documented=True.",CONFIRMED_BY_FORECAST_PERIOD_SEMANTICS,SCALAR_COORD_ON_VARIABLE,1998-11,1998-11,1,OK_SCALAR_COORD,RANGEEDGES,RANGEEDGES_WINDOW_COORDINATE_MATCH,1998-11-01 00:00:00; 1998-12-01 00:00:00,1998-11-01 00:00:00,"esquema=lead1_igual_mes_inicializacao, representação=NMME_HARMONIZED_MONTHLY",Fazendas_Sinobras_Centroide
1998-11,NOAA_NCEP,CFSv2,1998-11,3,2.5,1999-01,OK,"L.attrs contém termo(s) ['forecast_period'] — indica semântica de lead/target, mas isso sozinho não confirma o valor exato de H3 sem uma variável auxiliar de data-alvo. | nenhuma variável auxiliar de data-alvo (('target', 'valid_time', 'target_month', 'forecast_time')) encontrada no dataset aberto — tentando Método B (semântica documentada do eixo forecast_period, Seção 4). | confirmado pela semântica documentada do eixo forecast_period (Método B, Seção 4/6): inicialização confirmada via SCALAR_COORD_ON_VARIABLE (status=OK_SCALAR_COORD), L.standard_name='forecast_period'/units='months', grade [0.5, 1.5, 2.5, 3.5, 4.5, 5.5] mensal confirmada, rota com forecast_period_semantics_documented=True.",CONFIRMED_BY_FORECAST_PERIOD_SEMANTICS,SCALAR_COORD_ON_VARIABLE,1998-11,1998-11,1,OK_SCALAR_COORD,RANGEEDGES,RANGEEDGES_WINDOW_COORDINATE_MATCH,1998-11-01 00:00:00; 1998-12-01 00:00:00,1998-11-01 00:00:00,"esquema=lead1_igual_mes_inicializacao, representação=NMME_HARMONIZED_MONTHLY",Fazendas_Sinobras_Centroide
1998-11,NOAA_NCEP,CFSv2,1998-11,4,3.5,1999-02,OK,"L.attrs contém termo(s) ['forecast_period'] — indica semântica de lead/target, mas isso sozinho não confirma o valor exato de H4 sem uma variável auxiliar de data-alvo. | nenhuma variável auxiliar de data-alvo (('target', 'valid_time', 'target_month', 'forecast_time')) encontrada no dataset aberto — tentando Método B (semântica documentada do eixo forecast_period, Seção 4). | confirmado pela semântica documentada do eixo forecast_period (Método B, Seção 4/6): inicialização confirmada via SCALAR_COORD_ON_VARIABLE (status=OK_SCALAR_COORD), L.standard_name='forecast_period'/units='months', grade [0.5, 1.5, 2.5, 3.5, 4.5, 5.5] mensal confirmada, rota com forecast_period_semantics_documented=True.",CONFIRMED_BY_FORECAST_PERIOD_SEMANTICS,SCALAR_COORD_ON_VARIABLE,1998-11,1998-11,1,OK_SCALAR_COORD,RANGEEDGES,RANGEEDGES_WINDOW_COORDINATE_MATCH,1998-11-01 00:00:00; 1998-12-01 00:00:00,1998-11-01 00:00:00,"esquema=lead1_igual_mes_inicializacao, representação=NMME_HARMONIZED_MONTHLY",Fazendas_Sinobras_Centroide
1998-11,NOAA_NCEP,CFSv2,1998-11,5,4.5,1999-03,OK,"L.attrs contém termo(s) ['forecast_period'] — indica semântica de lead/target, mas isso sozinho não confirma o valor exato de H5 sem uma variável auxiliar de data-alvo. | nenhuma variável auxiliar de data-alvo (('target', 'valid_time', 'target_month', 'forecast_time')) encontrada no dataset aberto — tentando Método B (semântica documentada do eixo forecast_period, Seção 4). | confirmado pela semântica documentada do eixo forecast_period (Método B, Seção 4/6): inicialização confirmada via SCALAR_COORD_ON_VARIABLE (status=OK_SCALAR_COORD), L.standard_name='forecast_period'/units='months', grade [0.5, 1.5, 2.5, 3.5, 4.5, 5.5] mensal confirmada, rota com forecast_period_semantics_documented=True.",CONFIRMED_BY_FORECAST_PERIOD_SEMANTICS,SCALAR_COORD_ON_VARIABLE,1998-11,1998-11,1,OK_SCALAR_COORD,RANGEEDGES,RANGEEDGES_WINDOW_COORDINATE_MATCH,1998-11-01 00:00:00; 1998-12-01 00:00:00,1998-11-01 00:00:00,"esquema=lead1_igual_mes_inicializacao, representação=NMME_HARMONIZED_MONTHLY",Fazendas_Sinobras_Centroide
1998-11,NOAA_NCEP,CFSv2,1998-11,6,5.5,1999-04,OK,"L.attrs contém termo(s) ['forecast_period'] — indica semântica de lead/target, mas isso sozinho não confirma o valor exato de H6 sem uma variável auxiliar de data-alvo. | nenhuma variável auxiliar de data-alvo (('target', 'valid_time', 'target_month', 'forecast_time')) encontrada no dataset aberto — tentando Método B (semântica documentada do eixo forecast_period, Seção 4). | confirmado pela semântica documentada do eixo forecast_period (Método B, Seção 4/6): inicialização confirmada via SCALAR_COORD_ON_VARIABLE (status=OK_SCALAR_COORD), L.standard_name='forecast_period'/units='months', grade [0.5, 1.5, 2.5, 3.5, 4.5, 5.5] mensal confirmada, rota com forecast_period_semantics_documented=True.",CONFIRMED_BY_FORECAST_PERIOD_SEMANTICS,SCALAR_COORD_ON_VARIABLE,1998-11,1998-11,1,OK_SCALAR_COORD,RANGEEDGES,RANGEEDGES_WINDOW_COORDINATE_MATCH,1998-11-01 00:00:00; 1998-12-01 00:00:00,1998-11-01 00:00:00,"esquema=lead1_igual_mes_inicializacao, representação=NMME_HARMONIZED_MONTHLY",Fazendas_Sinobras_Centroide
1998-12,NOAA_NCEP,CFSv2,1998-12,1,0.5,1998-12,OK,"L.attrs contém termo(s) ['forecast_period'] — indica semântica de lead/target, mas isso sozinho não confirma o valor exato de H1 sem uma variável auxiliar de data-alvo. | nenhuma variável auxiliar de data-alvo (('target', 'valid_time', 'target_month', 'forecast_time')) encontrada no dataset aberto — tentando Método B (semântica documentada do eixo forecast_period, Seção 4). | confirmado pela semântica documentada do eixo forecast_period (Método B, Seção 4/6): inicialização confirmada via SCALAR_COORD_ON_VARIABLE (status=OK_SCALAR_COORD), L.standard_name='forecast_period'/units='months', grade [0.5, 1.5, 2.5, 3.5, 4.5, 5.5] mensal confirmada, rota com forecast_period_semantics_documented=True.",CONFIRMED_BY_FORECAST_PERIOD_SEMANTICS,SCALAR_COORD_ON_VARIABLE,1998-12,1998-12,1,OK_SCALAR_COORD,RANGEEDGES,RANGEEDGES_WINDOW_COORDINATE_MATCH,1998-12-01 00:00:00; 1999-01-01 00:00:00,1998-12-01 00:00:00,"esquema=lead1_igual_mes_inicializacao, representação=NMME_HARMONIZED_MONTHLY",Fazendas_Sinobras_Centroide
1998-12,NOAA_NCEP,CFSv2,1998-12,2,1.5,1999-01,OK,"L.attrs contém termo(s) ['forecast_period'] — indica semântica de lead/target, mas isso sozinho não confirma o valor exato de H2 sem uma variável auxiliar de data-alvo. | nenhuma variável auxiliar de data-alvo (('target', 'valid_time', 'target_month', 'forecast_time')) encontrada no dataset aberto — tentando Método B (semântica documentada do eixo forecast_period, Seção 4). | confirmado pela semântica documentada do eixo forecast_period (Método B, Seção 4/6): inicialização confirmada via SCALAR_COORD_ON_VARIABLE (status=OK_SCALAR_COORD), L.standard_name='forecast_period'/units='months', grade [0.5, 1.5, 2.5, 3.5, 4.5, 5.5] mensal confirmada, rota com forecast_period_semantics_documented=True.",CONFIRMED_BY_FORECAST_PERIOD_SEMANTICS,SCALAR_COORD_ON_VARIABLE,1998-12,1998-12,1,OK_SCALAR_COORD,RANGEEDGES,RANGEEDGES_WINDOW_COORDINATE_MATCH,1998-12-01 00:00:00; 1999-01-01 00:00:00,1998-12-01 00:00:00,"esquema=lead1_igual_mes_inicializacao, representação=NMME_HARMONIZED_MONTHLY",Fazendas_Sinobras_Centroide
1998-12,NOAA_NCEP,CFSv2,1998-12,3,2.5,1999-02,OK,"L.attrs contém termo(s) ['forecast_period'] — indica semântica de lead/target, mas isso sozinho não confirma o valor exato de H3 sem uma variável auxiliar de data-alvo. | nenhuma variável auxiliar de data-alvo (('target', 'valid_time', 'target_month', 'forecast_time')) encontrada no dataset aberto — tentando Método B (semântica documentada do eixo forecast_period, Seção 4). | confirmado pela semântica documentada do eixo forecast_period (Método B, Seção 4/6): inicialização confirmada via SCALAR_COORD_ON_VARIABLE (status=OK_SCALAR_COORD), L.standard_name='forecast_period'/units='months', grade [0.5, 1.5, 2.5, 3.5, 4.5, 5.5] mensal confirmada, rota com forecast_period_semantics_documented=True.",CONFIRMED_BY_FORECAST_PERIOD_SEMANTICS,SCALAR_COORD_ON_VARIABLE,1998-12,1998-12,1,OK_SCALAR_COORD,RANGEEDGES,RANGEEDGES_WINDOW_COORDINATE_MATCH,1998-12-01 00:00:00; 1999-01-01 00:00:00,1998-12-01 00:00:00,"esquema=lead1_igual_mes_inicializacao, representação=NMME_HARMONIZED_MONTHLY",Fazendas_Sinobras_Centroide
1998-12,NOAA_NCEP,CFSv2,1998-12,4,3.5,1999-03,OK,"L.attrs contém termo(s) ['forecast_period'] — indica semântica de lead/target, mas isso sozinho não confirma o valor exato de H4 sem uma variável auxiliar de data-alvo. | nenhuma variável auxiliar de data-alvo (('target', 'valid_time', 'target_month', 'forecast_time')) encontrada no dataset aberto — tentando Método B (semântica documentada do eixo forecast_period, Seção 4). | confirmado pela semântica documentada do eixo forecast_period (Método B, Seção 4/6): inicialização confirmada via SCALAR_COORD_ON_VARIABLE (status=OK_SCALAR_COORD), L.standard_name='forecast_period'/units='months', grade [0.5, 1.5, 2.5, 3.5, 4.5, 5.5] mensal confirmada, rota com forecast_period_semantics_documented=True.",CONFIRMED_BY_FORECAST_PERIOD_SEMANTICS,SCALAR_COORD_ON_VARIABLE,1998-12,1998-12,1,OK_SCALAR_COORD,RANGEEDGES,RANGEEDGES_WINDOW_COORDINATE_MATCH,1998-12-01 00:00:00; 1999-01-01 00:00:00,1998-12-01 00:00:00,"esquema=lead1_igual_mes_inicializacao, representação=NMME_HARMONIZED_MONTHLY",Fazendas_Sinobras_Centroide
1998-12,NOAA_NCEP,CFSv2,1998-12,5,4.5,1999-04,OK,"L.attrs contém termo(s) ['forecast_period'] — indica semântica de lead/target, mas isso sozinho não confirma o valor exato de H5 sem uma variável auxiliar de data-alvo. | nenhuma variável auxiliar de data-alvo (('target', 'valid_time', 'target_month', 'forecast_time')) encontrada no dataset aberto — tentando Método B (semântica documentada do eixo forecast_period, Seção 4). | confirmado pela semântica documentada do eixo forecast_period (Método B, Seção 4/6): inicialização confirmada via SCALAR_COORD_ON_VARIABLE (status=OK_SCALAR_COORD), L.standard_name='forecast_period'/units='months', grade [0.5, 1.5, 2.5, 3.5, 4.5, 5.5] mensal confirmada, rota com forecast_period_semantics_documented=True.",CONFIRMED_BY_FORECAST_PERIOD_SEMANTICS,SCALAR_COORD_ON_VARIABLE,1998-12,1998-12,1,OK_SCALAR_COORD,RANGEEDGES,RANGEEDGES_WINDOW_COORDINATE_MATCH,1998-12-01 00:00:00; 1999-01-01 00:00:00,1998-12-01 00:00:00,"esquema=lead1_igual_mes_inicializacao, representação=NMME_HARMONIZED_MONTHLY",Fazendas_Sinobras_Centroide
1998-12,NOAA_NCEP,CFSv2,1998-12,6,5.5,1999-05,OK,"L.attrs contém termo(s) ['forecast_period'] — indica semântica de lead/target, mas isso sozinho não confirma o valor exato de H6 sem uma variável auxiliar de data-alvo. | nenhuma variável auxiliar de data-alvo (('target', 'valid_time', 'target_month', 'forecast_time')) encontrada no dataset aberto — tentando Método B (semântica documentada do eixo forecast_period, Seção 4). | confirmado pela semântica documentada do eixo forecast_period (Método B, Seção 4/6): inicialização confirmada via SCALAR_COORD_ON_VARIABLE (status=OK_SCALAR_COORD), L.standard_name='forecast_period'/units='months', grade [0.5, 1.5, 2.5, 3.5, 4.5, 5.5] mensal confirmada, rota com forecast_period_semantics_documented=True.",CONFIRMED_BY_FORECAST_PERIOD_SEMANTICS,SCALAR_COORD_ON_VARIABLE,1998-12,1998-12,1,OK_SCALAR_COORD,RANGEEDGES,RANGEEDGES_WINDOW_COORDINATE_MATCH,1998-12-01 00:00:00; 1999-01-01 00:00:00,1998-12-01 00:00:00,"esquema=lead1_igual_mes_inicializacao, representação=NMME_HARMONIZED_MONTHLY",Fazendas_Sinobras_Centroide
