origem_piloto,centre,model_name,init_date,H_lead,source_L,target_month,mapping_status,evidence,mapping_confirmation_method,init_selection_method,init_value_requested,init_value_observed_on_variable,init_axis_size_observed_on_variable,init_selection_status,inicializacao_fonte_principal,inicializacao_selecao_metodo,inicializacao_selecao_valores_antes,inicializacao_selecao_valores_depois,notes,localizacao
1991-01,NOAA_NCEP,CFSv2,1991-01,1,0.5,1991-01,OK,"L.attrs contém termo(s) ['forecast_period'] — indica semântica de lead/target, mas isso sozinho não confirma o valor exato de H1 sem uma variável auxiliar de data-alvo. | nenhuma variável auxiliar de data-alvo (('target', 'valid_time', 'target_month', 'forecast_time')) encontrada no dataset aberto — tentando Método B (semântica documentada do eixo forecast_period, Seção 4). | confirmado pela semântica documentada do eixo forecast_period (Método B, Seção 4/6): inicialização confirmada via SCALAR_COORD_ON_VARIABLE (status=OK_SCALAR_COORD), L.standard_name='forecast_period'/units='months', grade [0.5, 1.5, 2.5, 3.5, 4.5, 5.5] mensal confirmada, rota com forecast_period_semantics_documented=True.",CONFIRMED_BY_FORECAST_PERIOD_SEMANTICS,SCALAR_COORD_ON_VARIABLE,1991-01,1991-01,1,OK_SCALAR_COORD,RANGEEDGES,RANGEEDGES_WINDOW_COORDINATE_MATCH,1991-01-01 00:00:00; 1991-02-01 00:00:00,1991-01-01 00:00:00,"esquema=lead1_igual_mes_inicializacao, representação=NMME_HARMONIZED_MONTHLY",Fazendas_Sinobras_Centroide
1991-01,NOAA_NCEP,CFSv2,1991-01,2,1.5,1991-02,OK,"L.attrs contém termo(s) ['forecast_period'] — indica semântica de lead/target, mas isso sozinho não confirma o valor exato de H2 sem uma variável auxiliar de data-alvo. | nenhuma variável auxiliar de data-alvo (('target', 'valid_time', 'target_month', 'forecast_time')) encontrada no dataset aberto — tentando Método B (semântica documentada do eixo forecast_period, Seção 4). | confirmado pela semântica documentada do eixo forecast_period (Método B, Seção 4/6): inicialização confirmada via SCALAR_COORD_ON_VARIABLE (status=OK_SCALAR_COORD), L.standard_name='forecast_period'/units='months', grade [0.5, 1.5, 2.5, 3.5, 4.5, 5.5] mensal confirmada, rota com forecast_period_semantics_documented=True.",CONFIRMED_BY_FORECAST_PERIOD_SEMANTICS,SCALAR_COORD_ON_VARIABLE,1991-01,1991-01,1,OK_SCALAR_COORD,RANGEEDGES,RANGEEDGES_WINDOW_COORDINATE_MATCH,1991-01-01 00:00:00; 1991-02-01 00:00:00,1991-01-01 00:00:00,"esquema=lead1_igual_mes_inicializacao, representação=NMME_HARMONIZED_MONTHLY",Fazendas_Sinobras_Centroide
1991-01,NOAA_NCEP,CFSv2,1991-01,3,2.5,1991-03,OK,"L.attrs contém termo(s) ['forecast_period'] — indica semântica de lead/target, mas isso sozinho não confirma o valor exato de H3 sem uma variável auxiliar de data-alvo. | nenhuma variável auxiliar de data-alvo (('target', 'valid_time', 'target_month', 'forecast_time')) encontrada no dataset aberto — tentando Método B (semântica documentada do eixo forecast_period, Seção 4). | confirmado pela semântica documentada do eixo forecast_period (Método B, Seção 4/6): inicialização confirmada via SCALAR_COORD_ON_VARIABLE (status=OK_SCALAR_COORD), L.standard_name='forecast_period'/units='months', grade [0.5, 1.5, 2.5, 3.5, 4.5, 5.5] mensal confirmada, rota com forecast_period_semantics_documented=True.",CONFIRMED_BY_FORECAST_PERIOD_SEMANTICS,SCALAR_COORD_ON_VARIABLE,1991-01,1991-01,1,OK_SCALAR_COORD,RANGEEDGES,RANGEEDGES_WINDOW_COORDINATE_MATCH,1991-01-01 00:00:00; 1991-02-01 00:00:00,1991-01-01 00:00:00,"esquema=lead1_igual_mes_inicializacao, representação=NMME_HARMONIZED_MONTHLY",Fazendas_Sinobras_Centroide
1991-01,NOAA_NCEP,CFSv2,1991-01,4,3.5,1991-04,OK,"L.attrs contém termo(s) ['forecast_period'] — indica semântica de lead/target, mas isso sozinho não confirma o valor exato de H4 sem uma variável auxiliar de data-alvo. | nenhuma variável auxiliar de data-alvo (('target', 'valid_time', 'target_month', 'forecast_time')) encontrada no dataset aberto — tentando Método B (semântica documentada do eixo forecast_period, Seção 4). | confirmado pela semântica documentada do eixo forecast_period (Método B, Seção 4/6): inicialização confirmada via SCALAR_COORD_ON_VARIABLE (status=OK_SCALAR_COORD), L.standard_name='forecast_period'/units='months', grade [0.5, 1.5, 2.5, 3.5, 4.5, 5.5] mensal confirmada, rota com forecast_period_semantics_documented=True.",CONFIRMED_BY_FORECAST_PERIOD_SEMANTICS,SCALAR_COORD_ON_VARIABLE,1991-01,1991-01,1,OK_SCALAR_COORD,RANGEEDGES,RANGEEDGES_WINDOW_COORDINATE_MATCH,1991-01-01 00:00:00; 1991-02-01 00:00:00,1991-01-01 00:00:00,"esquema=lead1_igual_mes_inicializacao, representação=NMME_HARMONIZED_MONTHLY",Fazendas_Sinobras_Centroide
1991-01,NOAA_NCEP,CFSv2,1991-01,5,4.5,1991-05,OK,"L.attrs contém termo(s) ['forecast_period'] — indica semântica de lead/target, mas isso sozinho não confirma o valor exato de H5 sem uma variável auxiliar de data-alvo. | nenhuma variável auxiliar de data-alvo (('target', 'valid_time', 'target_month', 'forecast_time')) encontrada no dataset aberto — tentando Método B (semântica documentada do eixo forecast_period, Seção 4). | confirmado pela semântica documentada do eixo forecast_period (Método B, Seção 4/6): inicialização confirmada via SCALAR_COORD_ON_VARIABLE (status=OK_SCALAR_COORD), L.standard_name='forecast_period'/units='months', grade [0.5, 1.5, 2.5, 3.5, 4.5, 5.5] mensal confirmada, rota com forecast_period_semantics_documented=True.",CONFIRMED_BY_FORECAST_PERIOD_SEMANTICS,SCALAR_COORD_ON_VARIABLE,1991-01,1991-01,1,OK_SCALAR_COORD,RANGEEDGES,RANGEEDGES_WINDOW_COORDINATE_MATCH,1991-01-01 00:00:00; 1991-02-01 00:00:00,1991-01-01 00:00:00,"esquema=lead1_igual_mes_inicializacao, representação=NMME_HARMONIZED_MONTHLY",Fazendas_Sinobras_Centroide
1991-01,NOAA_NCEP,CFSv2,1991-01,6,5.5,1991-06,OK,"L.attrs contém termo(s) ['forecast_period'] — indica semântica de lead/target, mas isso sozinho não confirma o valor exato de H6 sem uma variável auxiliar de data-alvo. | nenhuma variável auxiliar de data-alvo (('target', 'valid_time', 'target_month', 'forecast_time')) encontrada no dataset aberto — tentando Método B (semântica documentada do eixo forecast_period, Seção 4). | confirmado pela semântica documentada do eixo forecast_period (Método B, Seção 4/6): inicialização confirmada via SCALAR_COORD_ON_VARIABLE (status=OK_SCALAR_COORD), L.standard_name='forecast_period'/units='months', grade [0.5, 1.5, 2.5, 3.5, 4.5, 5.5] mensal confirmada, rota com forecast_period_semantics_documented=True.",CONFIRMED_BY_FORECAST_PERIOD_SEMANTICS,SCALAR_COORD_ON_VARIABLE,1991-01,1991-01,1,OK_SCALAR_COORD,RANGEEDGES,RANGEEDGES_WINDOW_COORDINATE_MATCH,1991-01-01 00:00:00; 1991-02-01 00:00:00,1991-01-01 00:00:00,"esquema=lead1_igual_mes_inicializacao, representação=NMME_HARMONIZED_MONTHLY",Fazendas_Sinobras_Centroide
1991-02,NOAA_NCEP,CFSv2,1991-02,1,0.5,1991-02,OK,"L.attrs contém termo(s) ['forecast_period'] — indica semântica de lead/target, mas isso sozinho não confirma o valor exato de H1 sem uma variável auxiliar de data-alvo. | nenhuma variável auxiliar de data-alvo (('target', 'valid_time', 'target_month', 'forecast_time')) encontrada no dataset aberto — tentando Método B (semântica documentada do eixo forecast_period, Seção 4). | confirmado pela semântica documentada do eixo forecast_period (Método B, Seção 4/6): inicialização confirmada via SCALAR_COORD_ON_VARIABLE (status=OK_SCALAR_COORD), L.standard_name='forecast_period'/units='months', grade [0.5, 1.5, 2.5, 3.5, 4.5, 5.5] mensal confirmada, rota com forecast_period_semantics_documented=True.",CONFIRMED_BY_FORECAST_PERIOD_SEMANTICS,SCALAR_COORD_ON_VARIABLE,1991-02,1991-02,1,OK_SCALAR_COORD,RANGEEDGES,RANGEEDGES_WINDOW_COORDINATE_MATCH,1991-02-01 00:00:00; 1991-03-01 00:00:00,1991-02-01 00:00:00,"esquema=lead1_igual_mes_inicializacao, representação=NMME_HARMONIZED_MONTHLY",Fazendas_Sinobras_Centroide
1991-02,NOAA_NCEP,CFSv2,1991-02,2,1.5,1991-03,OK,"L.attrs contém termo(s) ['forecast_period'] — indica semântica de lead/target, mas isso sozinho não confirma o valor exato de H2 sem uma variável auxiliar de data-alvo. | nenhuma variável auxiliar de data-alvo (('target', 'valid_time', 'target_month', 'forecast_time')) encontrada no dataset aberto — tentando Método B (semântica documentada do eixo forecast_period, Seção 4). | confirmado pela semântica documentada do eixo forecast_period (Método B, Seção 4/6): inicialização confirmada via SCALAR_COORD_ON_VARIABLE (status=OK_SCALAR_COORD), L.standard_name='forecast_period'/units='months', grade [0.5, 1.5, 2.5, 3.5, 4.5, 5.5] mensal confirmada, rota com forecast_period_semantics_documented=True.",CONFIRMED_BY_FORECAST_PERIOD_SEMANTICS,SCALAR_COORD_ON_VARIABLE,1991-02,1991-02,1,OK_SCALAR_COORD,RANGEEDGES,RANGEEDGES_WINDOW_COORDINATE_MATCH,1991-02-01 00:00:00; 1991-03-01 00:00:00,1991-02-01 00:00:00,"esquema=lead1_igual_mes_inicializacao, representação=NMME_HARMONIZED_MONTHLY",Fazendas_Sinobras_Centroide
1991-02,NOAA_NCEP,CFSv2,1991-02,3,2.5,1991-04,OK,"L.attrs contém termo(s) ['forecast_period'] — indica semântica de lead/target, mas isso sozinho não confirma o valor exato de H3 sem uma variável auxiliar de data-alvo. | nenhuma variável auxiliar de data-alvo (('target', 'valid_time', 'target_month', 'forecast_time')) encontrada no dataset aberto — tentando Método B (semântica documentada do eixo forecast_period, Seção 4). | confirmado pela semântica documentada do eixo forecast_period (Método B, Seção 4/6): inicialização confirmada via SCALAR_COORD_ON_VARIABLE (status=OK_SCALAR_COORD), L.standard_name='forecast_period'/units='months', grade [0.5, 1.5, 2.5, 3.5, 4.5, 5.5] mensal confirmada, rota com forecast_period_semantics_documented=True.",CONFIRMED_BY_FORECAST_PERIOD_SEMANTICS,SCALAR_COORD_ON_VARIABLE,1991-02,1991-02,1,OK_SCALAR_COORD,RANGEEDGES,RANGEEDGES_WINDOW_COORDINATE_MATCH,1991-02-01 00:00:00; 1991-03-01 00:00:00,1991-02-01 00:00:00,"esquema=lead1_igual_mes_inicializacao, representação=NMME_HARMONIZED_MONTHLY",Fazendas_Sinobras_Centroide
1991-02,NOAA_NCEP,CFSv2,1991-02,4,3.5,1991-05,OK,"L.attrs contém termo(s) ['forecast_period'] — indica semântica de lead/target, mas isso sozinho não confirma o valor exato de H4 sem uma variável auxiliar de data-alvo. | nenhuma variável auxiliar de data-alvo (('target', 'valid_time', 'target_month', 'forecast_time')) encontrada no dataset aberto — tentando Método B (semântica documentada do eixo forecast_period, Seção 4). | confirmado pela semântica documentada do eixo forecast_period (Método B, Seção 4/6): inicialização confirmada via SCALAR_COORD_ON_VARIABLE (status=OK_SCALAR_COORD), L.standard_name='forecast_period'/units='months', grade [0.5, 1.5, 2.5, 3.5, 4.5, 5.5] mensal confirmada, rota com forecast_period_semantics_documented=True.",CONFIRMED_BY_FORECAST_PERIOD_SEMANTICS,SCALAR_COORD_ON_VARIABLE,1991-02,1991-02,1,OK_SCALAR_COORD,RANGEEDGES,RANGEEDGES_WINDOW_COORDINATE_MATCH,1991-02-01 00:00:00; 1991-03-01 00:00:00,1991-02-01 00:00:00,"esquema=lead1_igual_mes_inicializacao, representação=NMME_HARMONIZED_MONTHLY",Fazendas_Sinobras_Centroide
1991-02,NOAA_NCEP,CFSv2,1991-02,5,4.5,1991-06,OK,"L.attrs contém termo(s) ['forecast_period'] — indica semântica de lead/target, mas isso sozinho não confirma o valor exato de H5 sem uma variável auxiliar de data-alvo. | nenhuma variável auxiliar de data-alvo (('target', 'valid_time', 'target_month', 'forecast_time')) encontrada no dataset aberto — tentando Método B (semântica documentada do eixo forecast_period, Seção 4). | confirmado pela semântica documentada do eixo forecast_period (Método B, Seção 4/6): inicialização confirmada via SCALAR_COORD_ON_VARIABLE (status=OK_SCALAR_COORD), L.standard_name='forecast_period'/units='months', grade [0.5, 1.5, 2.5, 3.5, 4.5, 5.5] mensal confirmada, rota com forecast_period_semantics_documented=True.",CONFIRMED_BY_FORECAST_PERIOD_SEMANTICS,SCALAR_COORD_ON_VARIABLE,1991-02,1991-02,1,OK_SCALAR_COORD,RANGEEDGES,RANGEEDGES_WINDOW_COORDINATE_MATCH,1991-02-01 00:00:00; 1991-03-01 00:00:00,1991-02-01 00:00:00,"esquema=lead1_igual_mes_inicializacao, representação=NMME_HARMONIZED_MONTHLY",Fazendas_Sinobras_Centroide
1991-02,NOAA_NCEP,CFSv2,1991-02,6,5.5,1991-07,OK,"L.attrs contém termo(s) ['forecast_period'] — indica semântica de lead/target, mas isso sozinho não confirma o valor exato de H6 sem uma variável auxiliar de data-alvo. | nenhuma variável auxiliar de data-alvo (('target', 'valid_time', 'target_month', 'forecast_time')) encontrada no dataset aberto — tentando Método B (semântica documentada do eixo forecast_period, Seção 4). | confirmado pela semântica documentada do eixo forecast_period (Método B, Seção 4/6): inicialização confirmada via SCALAR_COORD_ON_VARIABLE (status=OK_SCALAR_COORD), L.standard_name='forecast_period'/units='months', grade [0.5, 1.5, 2.5, 3.5, 4.5, 5.5] mensal confirmada, rota com forecast_period_semantics_documented=True.",CONFIRMED_BY_FORECAST_PERIOD_SEMANTICS,SCALAR_COORD_ON_VARIABLE,1991-02,1991-02,1,OK_SCALAR_COORD,RANGEEDGES,RANGEEDGES_WINDOW_COORDINATE_MATCH,1991-02-01 00:00:00; 1991-03-01 00:00:00,1991-02-01 00:00:00,"esquema=lead1_igual_mes_inicializacao, representação=NMME_HARMONIZED_MONTHLY",Fazendas_Sinobras_Centroide
1991-03,NOAA_NCEP,CFSv2,1991-03,1,0.5,1991-03,OK,"L.attrs contém termo(s) ['forecast_period'] — indica semântica de lead/target, mas isso sozinho não confirma o valor exato de H1 sem uma variável auxiliar de data-alvo. | nenhuma variável auxiliar de data-alvo (('target', 'valid_time', 'target_month', 'forecast_time')) encontrada no dataset aberto — tentando Método B (semântica documentada do eixo forecast_period, Seção 4). | confirmado pela semântica documentada do eixo forecast_period (Método B, Seção 4/6): inicialização confirmada via SCALAR_COORD_ON_VARIABLE (status=OK_SCALAR_COORD), L.standard_name='forecast_period'/units='months', grade [0.5, 1.5, 2.5, 3.5, 4.5, 5.5] mensal confirmada, rota com forecast_period_semantics_documented=True.",CONFIRMED_BY_FORECAST_PERIOD_SEMANTICS,SCALAR_COORD_ON_VARIABLE,1991-03,1991-03,1,OK_SCALAR_COORD,RANGEEDGES,RANGEEDGES_WINDOW_COORDINATE_MATCH,1991-03-01 00:00:00; 1991-04-01 00:00:00,1991-03-01 00:00:00,"esquema=lead1_igual_mes_inicializacao, representação=NMME_HARMONIZED_MONTHLY",Fazendas_Sinobras_Centroide
1991-03,NOAA_NCEP,CFSv2,1991-03,2,1.5,1991-04,OK,"L.attrs contém termo(s) ['forecast_period'] — indica semântica de lead/target, mas isso sozinho não confirma o valor exato de H2 sem uma variável auxiliar de data-alvo. | nenhuma variável auxiliar de data-alvo (('target', 'valid_time', 'target_month', 'forecast_time')) encontrada no dataset aberto — tentando Método B (semântica documentada do eixo forecast_period, Seção 4). | confirmado pela semântica documentada do eixo forecast_period (Método B, Seção 4/6): inicialização confirmada via SCALAR_COORD_ON_VARIABLE (status=OK_SCALAR_COORD), L.standard_name='forecast_period'/units='months', grade [0.5, 1.5, 2.5, 3.5, 4.5, 5.5] mensal confirmada, rota com forecast_period_semantics_documented=True.",CONFIRMED_BY_FORECAST_PERIOD_SEMANTICS,SCALAR_COORD_ON_VARIABLE,1991-03,1991-03,1,OK_SCALAR_COORD,RANGEEDGES,RANGEEDGES_WINDOW_COORDINATE_MATCH,1991-03-01 00:00:00; 1991-04-01 00:00:00,1991-03-01 00:00:00,"esquema=lead1_igual_mes_inicializacao, representação=NMME_HARMONIZED_MONTHLY",Fazendas_Sinobras_Centroide
1991-03,NOAA_NCEP,CFSv2,1991-03,3,2.5,1991-05,OK,"L.attrs contém termo(s) ['forecast_period'] — indica semântica de lead/target, mas isso sozinho não confirma o valor exato de H3 sem uma variável auxiliar de data-alvo. | nenhuma variável auxiliar de data-alvo (('target', 'valid_time', 'target_month', 'forecast_time')) encontrada no dataset aberto — tentando Método B (semântica documentada do eixo forecast_period, Seção 4). | confirmado pela semântica documentada do eixo forecast_period (Método B, Seção 4/6): inicialização confirmada via SCALAR_COORD_ON_VARIABLE (status=OK_SCALAR_COORD), L.standard_name='forecast_period'/units='months', grade [0.5, 1.5, 2.5, 3.5, 4.5, 5.5] mensal confirmada, rota com forecast_period_semantics_documented=True.",CONFIRMED_BY_FORECAST_PERIOD_SEMANTICS,SCALAR_COORD_ON_VARIABLE,1991-03,1991-03,1,OK_SCALAR_COORD,RANGEEDGES,RANGEEDGES_WINDOW_COORDINATE_MATCH,1991-03-01 00:00:00; 1991-04-01 00:00:00,1991-03-01 00:00:00,"esquema=lead1_igual_mes_inicializacao, representação=NMME_HARMONIZED_MONTHLY",Fazendas_Sinobras_Centroide
1991-03,NOAA_NCEP,CFSv2,1991-03,4,3.5,1991-06,OK,"L.attrs contém termo(s) ['forecast_period'] — indica semântica de lead/target, mas isso sozinho não confirma o valor exato de H4 sem uma variável auxiliar de data-alvo. | nenhuma variável auxiliar de data-alvo (('target', 'valid_time', 'target_month', 'forecast_time')) encontrada no dataset aberto — tentando Método B (semântica documentada do eixo forecast_period, Seção 4). | confirmado pela semântica documentada do eixo forecast_period (Método B, Seção 4/6): inicialização confirmada via SCALAR_COORD_ON_VARIABLE (status=OK_SCALAR_COORD), L.standard_name='forecast_period'/units='months', grade [0.5, 1.5, 2.5, 3.5, 4.5, 5.5] mensal confirmada, rota com forecast_period_semantics_documented=True.",CONFIRMED_BY_FORECAST_PERIOD_SEMANTICS,SCALAR_COORD_ON_VARIABLE,1991-03,1991-03,1,OK_SCALAR_COORD,RANGEEDGES,RANGEEDGES_WINDOW_COORDINATE_MATCH,1991-03-01 00:00:00; 1991-04-01 00:00:00,1991-03-01 00:00:00,"esquema=lead1_igual_mes_inicializacao, representação=NMME_HARMONIZED_MONTHLY",Fazendas_Sinobras_Centroide
1991-03,NOAA_NCEP,CFSv2,1991-03,5,4.5,1991-07,OK,"L.attrs contém termo(s) ['forecast_period'] — indica semântica de lead/target, mas isso sozinho não confirma o valor exato de H5 sem uma variável auxiliar de data-alvo. | nenhuma variável auxiliar de data-alvo (('target', 'valid_time', 'target_month', 'forecast_time')) encontrada no dataset aberto — tentando Método B (semântica documentada do eixo forecast_period, Seção 4). | confirmado pela semântica documentada do eixo forecast_period (Método B, Seção 4/6): inicialização confirmada via SCALAR_COORD_ON_VARIABLE (status=OK_SCALAR_COORD), L.standard_name='forecast_period'/units='months', grade [0.5, 1.5, 2.5, 3.5, 4.5, 5.5] mensal confirmada, rota com forecast_period_semantics_documented=True.",CONFIRMED_BY_FORECAST_PERIOD_SEMANTICS,SCALAR_COORD_ON_VARIABLE,1991-03,1991-03,1,OK_SCALAR_COORD,RANGEEDGES,RANGEEDGES_WINDOW_COORDINATE_MATCH,1991-03-01 00:00:00; 1991-04-01 00:00:00,1991-03-01 00:00:00,"esquema=lead1_igual_mes_inicializacao, representação=NMME_HARMONIZED_MONTHLY",Fazendas_Sinobras_Centroide
1991-03,NOAA_NCEP,CFSv2,1991-03,6,5.5,1991-08,OK,"L.attrs contém termo(s) ['forecast_period'] — indica semântica de lead/target, mas isso sozinho não confirma o valor exato de H6 sem uma variável auxiliar de data-alvo. | nenhuma variável auxiliar de data-alvo (('target', 'valid_time', 'target_month', 'forecast_time')) encontrada no dataset aberto — tentando Método B (semântica documentada do eixo forecast_period, Seção 4). | confirmado pela semântica documentada do eixo forecast_period (Método B, Seção 4/6): inicialização confirmada via SCALAR_COORD_ON_VARIABLE (status=OK_SCALAR_COORD), L.standard_name='forecast_period'/units='months', grade [0.5, 1.5, 2.5, 3.5, 4.5, 5.5] mensal confirmada, rota com forecast_period_semantics_documented=True.",CONFIRMED_BY_FORECAST_PERIOD_SEMANTICS,SCALAR_COORD_ON_VARIABLE,1991-03,1991-03,1,OK_SCALAR_COORD,RANGEEDGES,RANGEEDGES_WINDOW_COORDINATE_MATCH,1991-03-01 00:00:00; 1991-04-01 00:00:00,1991-03-01 00:00:00,"esquema=lead1_igual_mes_inicializacao, representação=NMME_HARMONIZED_MONTHLY",Fazendas_Sinobras_Centroide
1991-04,NOAA_NCEP,CFSv2,1991-04,1,0.5,1991-04,OK,"L.attrs contém termo(s) ['forecast_period'] — indica semântica de lead/target, mas isso sozinho não confirma o valor exato de H1 sem uma variável auxiliar de data-alvo. | nenhuma variável auxiliar de data-alvo (('target', 'valid_time', 'target_month', 'forecast_time')) encontrada no dataset aberto — tentando Método B (semântica documentada do eixo forecast_period, Seção 4). | confirmado pela semântica documentada do eixo forecast_period (Método B, Seção 4/6): inicialização confirmada via SCALAR_COORD_ON_VARIABLE (status=OK_SCALAR_COORD), L.standard_name='forecast_period'/units='months', grade [0.5, 1.5, 2.5, 3.5, 4.5, 5.5] mensal confirmada, rota com forecast_period_semantics_documented=True.",CONFIRMED_BY_FORECAST_PERIOD_SEMANTICS,SCALAR_COORD_ON_VARIABLE,1991-04,1991-04,1,OK_SCALAR_COORD,RANGEEDGES,RANGEEDGES_WINDOW_COORDINATE_MATCH,1991-04-01 00:00:00; 1991-05-01 00:00:00,1991-04-01 00:00:00,"esquema=lead1_igual_mes_inicializacao, representação=NMME_HARMONIZED_MONTHLY",Fazendas_Sinobras_Centroide
1991-04,NOAA_NCEP,CFSv2,1991-04,2,1.5,1991-05,OK,"L.attrs contém termo(s) ['forecast_period'] — indica semântica de lead/target, mas isso sozinho não confirma o valor exato de H2 sem uma variável auxiliar de data-alvo. | nenhuma variável auxiliar de data-alvo (('target', 'valid_time', 'target_month', 'forecast_time')) encontrada no dataset aberto — tentando Método B (semântica documentada do eixo forecast_period, Seção 4). | confirmado pela semântica documentada do eixo forecast_period (Método B, Seção 4/6): inicialização confirmada via SCALAR_COORD_ON_VARIABLE (status=OK_SCALAR_COORD), L.standard_name='forecast_period'/units='months', grade [0.5, 1.5, 2.5, 3.5, 4.5, 5.5] mensal confirmada, rota com forecast_period_semantics_documented=True.",CONFIRMED_BY_FORECAST_PERIOD_SEMANTICS,SCALAR_COORD_ON_VARIABLE,1991-04,1991-04,1,OK_SCALAR_COORD,RANGEEDGES,RANGEEDGES_WINDOW_COORDINATE_MATCH,1991-04-01 00:00:00; 1991-05-01 00:00:00,1991-04-01 00:00:00,"esquema=lead1_igual_mes_inicializacao, representação=NMME_HARMONIZED_MONTHLY",Fazendas_Sinobras_Centroide
1991-04,NOAA_NCEP,CFSv2,1991-04,3,2.5,1991-06,OK,"L.attrs contém termo(s) ['forecast_period'] — indica semântica de lead/target, mas isso sozinho não confirma o valor exato de H3 sem uma variável auxiliar de data-alvo. | nenhuma variável auxiliar de data-alvo (('target', 'valid_time', 'target_month', 'forecast_time')) encontrada no dataset aberto — tentando Método B (semântica documentada do eixo forecast_period, Seção 4). | confirmado pela semântica documentada do eixo forecast_period (Método B, Seção 4/6): inicialização confirmada via SCALAR_COORD_ON_VARIABLE (status=OK_SCALAR_COORD), L.standard_name='forecast_period'/units='months', grade [0.5, 1.5, 2.5, 3.5, 4.5, 5.5] mensal confirmada, rota com forecast_period_semantics_documented=True.",CONFIRMED_BY_FORECAST_PERIOD_SEMANTICS,SCALAR_COORD_ON_VARIABLE,1991-04,1991-04,1,OK_SCALAR_COORD,RANGEEDGES,RANGEEDGES_WINDOW_COORDINATE_MATCH,1991-04-01 00:00:00; 1991-05-01 00:00:00,1991-04-01 00:00:00,"esquema=lead1_igual_mes_inicializacao, representação=NMME_HARMONIZED_MONTHLY",Fazendas_Sinobras_Centroide
1991-04,NOAA_NCEP,CFSv2,1991-04,4,3.5,1991-07,OK,"L.attrs contém termo(s) ['forecast_period'] — indica semântica de lead/target, mas isso sozinho não confirma o valor exato de H4 sem uma variável auxiliar de data-alvo. | nenhuma variável auxiliar de data-alvo (('target', 'valid_time', 'target_month', 'forecast_time')) encontrada no dataset aberto — tentando Método B (semântica documentada do eixo forecast_period, Seção 4). | confirmado pela semântica documentada do eixo forecast_period (Método B, Seção 4/6): inicialização confirmada via SCALAR_COORD_ON_VARIABLE (status=OK_SCALAR_COORD), L.standard_name='forecast_period'/units='months', grade [0.5, 1.5, 2.5, 3.5, 4.5, 5.5] mensal confirmada, rota com forecast_period_semantics_documented=True.",CONFIRMED_BY_FORECAST_PERIOD_SEMANTICS,SCALAR_COORD_ON_VARIABLE,1991-04,1991-04,1,OK_SCALAR_COORD,RANGEEDGES,RANGEEDGES_WINDOW_COORDINATE_MATCH,1991-04-01 00:00:00; 1991-05-01 00:00:00,1991-04-01 00:00:00,"esquema=lead1_igual_mes_inicializacao, representação=NMME_HARMONIZED_MONTHLY",Fazendas_Sinobras_Centroide
1991-04,NOAA_NCEP,CFSv2,1991-04,5,4.5,1991-08,OK,"L.attrs contém termo(s) ['forecast_period'] — indica semântica de lead/target, mas isso sozinho não confirma o valor exato de H5 sem uma variável auxiliar de data-alvo. | nenhuma variável auxiliar de data-alvo (('target', 'valid_time', 'target_month', 'forecast_time')) encontrada no dataset aberto — tentando Método B (semântica documentada do eixo forecast_period, Seção 4). | confirmado pela semântica documentada do eixo forecast_period (Método B, Seção 4/6): inicialização confirmada via SCALAR_COORD_ON_VARIABLE (status=OK_SCALAR_COORD), L.standard_name='forecast_period'/units='months', grade [0.5, 1.5, 2.5, 3.5, 4.5, 5.5] mensal confirmada, rota com forecast_period_semantics_documented=True.",CONFIRMED_BY_FORECAST_PERIOD_SEMANTICS,SCALAR_COORD_ON_VARIABLE,1991-04,1991-04,1,OK_SCALAR_COORD,RANGEEDGES,RANGEEDGES_WINDOW_COORDINATE_MATCH,1991-04-01 00:00:00; 1991-05-01 00:00:00,1991-04-01 00:00:00,"esquema=lead1_igual_mes_inicializacao, representação=NMME_HARMONIZED_MONTHLY",Fazendas_Sinobras_Centroide
1991-04,NOAA_NCEP,CFSv2,1991-04,6,5.5,1991-09,OK,"L.attrs contém termo(s) ['forecast_period'] — indica semântica de lead/target, mas isso sozinho não confirma o valor exato de H6 sem uma variável auxiliar de data-alvo. | nenhuma variável auxiliar de data-alvo (('target', 'valid_time', 'target_month', 'forecast_time')) encontrada no dataset aberto — tentando Método B (semântica documentada do eixo forecast_period, Seção 4). | confirmado pela semântica documentada do eixo forecast_period (Método B, Seção 4/6): inicialização confirmada via SCALAR_COORD_ON_VARIABLE (status=OK_SCALAR_COORD), L.standard_name='forecast_period'/units='months', grade [0.5, 1.5, 2.5, 3.5, 4.5, 5.5] mensal confirmada, rota com forecast_period_semantics_documented=True.",CONFIRMED_BY_FORECAST_PERIOD_SEMANTICS,SCALAR_COORD_ON_VARIABLE,1991-04,1991-04,1,OK_SCALAR_COORD,RANGEEDGES,RANGEEDGES_WINDOW_COORDINATE_MATCH,1991-04-01 00:00:00; 1991-05-01 00:00:00,1991-04-01 00:00:00,"esquema=lead1_igual_mes_inicializacao, representação=NMME_HARMONIZED_MONTHLY",Fazendas_Sinobras_Centroide
1991-05,NOAA_NCEP,CFSv2,1991-05,1,0.5,1991-05,OK,"L.attrs contém termo(s) ['forecast_period'] — indica semântica de lead/target, mas isso sozinho não confirma o valor exato de H1 sem uma variável auxiliar de data-alvo. | nenhuma variável auxiliar de data-alvo (('target', 'valid_time', 'target_month', 'forecast_time')) encontrada no dataset aberto — tentando Método B (semântica documentada do eixo forecast_period, Seção 4). | confirmado pela semântica documentada do eixo forecast_period (Método B, Seção 4/6): inicialização confirmada via SCALAR_COORD_ON_VARIABLE (status=OK_SCALAR_COORD), L.standard_name='forecast_period'/units='months', grade [0.5, 1.5, 2.5, 3.5, 4.5, 5.5] mensal confirmada, rota com forecast_period_semantics_documented=True.",CONFIRMED_BY_FORECAST_PERIOD_SEMANTICS,SCALAR_COORD_ON_VARIABLE,1991-05,1991-05,1,OK_SCALAR_COORD,RANGEEDGES,RANGEEDGES_WINDOW_COORDINATE_MATCH,1991-05-01 00:00:00; 1991-06-01 00:00:00,1991-05-01 00:00:00,"esquema=lead1_igual_mes_inicializacao, representação=NMME_HARMONIZED_MONTHLY",Fazendas_Sinobras_Centroide
1991-05,NOAA_NCEP,CFSv2,1991-05,2,1.5,1991-06,OK,"L.attrs contém termo(s) ['forecast_period'] — indica semântica de lead/target, mas isso sozinho não confirma o valor exato de H2 sem uma variável auxiliar de data-alvo. | nenhuma variável auxiliar de data-alvo (('target', 'valid_time', 'target_month', 'forecast_time')) encontrada no dataset aberto — tentando Método B (semântica documentada do eixo forecast_period, Seção 4). | confirmado pela semântica documentada do eixo forecast_period (Método B, Seção 4/6): inicialização confirmada via SCALAR_COORD_ON_VARIABLE (status=OK_SCALAR_COORD), L.standard_name='forecast_period'/units='months', grade [0.5, 1.5, 2.5, 3.5, 4.5, 5.5] mensal confirmada, rota com forecast_period_semantics_documented=True.",CONFIRMED_BY_FORECAST_PERIOD_SEMANTICS,SCALAR_COORD_ON_VARIABLE,1991-05,1991-05,1,OK_SCALAR_COORD,RANGEEDGES,RANGEEDGES_WINDOW_COORDINATE_MATCH,1991-05-01 00:00:00; 1991-06-01 00:00:00,1991-05-01 00:00:00,"esquema=lead1_igual_mes_inicializacao, representação=NMME_HARMONIZED_MONTHLY",Fazendas_Sinobras_Centroide
1991-05,NOAA_NCEP,CFSv2,1991-05,3,2.5,1991-07,OK,"L.attrs contém termo(s) ['forecast_period'] — indica semântica de lead/target, mas isso sozinho não confirma o valor exato de H3 sem uma variável auxiliar de data-alvo. | nenhuma variável auxiliar de data-alvo (('target', 'valid_time', 'target_month', 'forecast_time')) encontrada no dataset aberto — tentando Método B (semântica documentada do eixo forecast_period, Seção 4). | confirmado pela semântica documentada do eixo forecast_period (Método B, Seção 4/6): inicialização confirmada via SCALAR_COORD_ON_VARIABLE (status=OK_SCALAR_COORD), L.standard_name='forecast_period'/units='months', grade [0.5, 1.5, 2.5, 3.5, 4.5, 5.5] mensal confirmada, rota com forecast_period_semantics_documented=True.",CONFIRMED_BY_FORECAST_PERIOD_SEMANTICS,SCALAR_COORD_ON_VARIABLE,1991-05,1991-05,1,OK_SCALAR_COORD,RANGEEDGES,RANGEEDGES_WINDOW_COORDINATE_MATCH,1991-05-01 00:00:00; 1991-06-01 00:00:00,1991-05-01 00:00:00,"esquema=lead1_igual_mes_inicializacao, representação=NMME_HARMONIZED_MONTHLY",Fazendas_Sinobras_Centroide
1991-05,NOAA_NCEP,CFSv2,1991-05,4,3.5,1991-08,OK,"L.attrs contém termo(s) ['forecast_period'] — indica semântica de lead/target, mas isso sozinho não confirma o valor exato de H4 sem uma variável auxiliar de data-alvo. | nenhuma variável auxiliar de data-alvo (('target', 'valid_time', 'target_month', 'forecast_time')) encontrada no dataset aberto — tentando Método B (semântica documentada do eixo forecast_period, Seção 4). | confirmado pela semântica documentada do eixo forecast_period (Método B, Seção 4/6): inicialização confirmada via SCALAR_COORD_ON_VARIABLE (status=OK_SCALAR_COORD), L.standard_name='forecast_period'/units='months', grade [0.5, 1.5, 2.5, 3.5, 4.5, 5.5] mensal confirmada, rota com forecast_period_semantics_documented=True.",CONFIRMED_BY_FORECAST_PERIOD_SEMANTICS,SCALAR_COORD_ON_VARIABLE,1991-05,1991-05,1,OK_SCALAR_COORD,RANGEEDGES,RANGEEDGES_WINDOW_COORDINATE_MATCH,1991-05-01 00:00:00; 1991-06-01 00:00:00,1991-05-01 00:00:00,"esquema=lead1_igual_mes_inicializacao, representação=NMME_HARMONIZED_MONTHLY",Fazendas_Sinobras_Centroide
1991-05,NOAA_NCEP,CFSv2,1991-05,5,4.5,1991-09,OK,"L.attrs contém termo(s) ['forecast_period'] — indica semântica de lead/target, mas isso sozinho não confirma o valor exato de H5 sem uma variável auxiliar de data-alvo. | nenhuma variável auxiliar de data-alvo (('target', 'valid_time', 'target_month', 'forecast_time')) encontrada no dataset aberto — tentando Método B (semântica documentada do eixo forecast_period, Seção 4). | confirmado pela semântica documentada do eixo forecast_period (Método B, Seção 4/6): inicialização confirmada via SCALAR_COORD_ON_VARIABLE (status=OK_SCALAR_COORD), L.standard_name='forecast_period'/units='months', grade [0.5, 1.5, 2.5, 3.5, 4.5, 5.5] mensal confirmada, rota com forecast_period_semantics_documented=True.",CONFIRMED_BY_FORECAST_PERIOD_SEMANTICS,SCALAR_COORD_ON_VARIABLE,1991-05,1991-05,1,OK_SCALAR_COORD,RANGEEDGES,RANGEEDGES_WINDOW_COORDINATE_MATCH,1991-05-01 00:00:00; 1991-06-01 00:00:00,1991-05-01 00:00:00,"esquema=lead1_igual_mes_inicializacao, representação=NMME_HARMONIZED_MONTHLY",Fazendas_Sinobras_Centroide
1991-05,NOAA_NCEP,CFSv2,1991-05,6,5.5,1991-10,OK,"L.attrs contém termo(s) ['forecast_period'] — indica semântica de lead/target, mas isso sozinho não confirma o valor exato de H6 sem uma variável auxiliar de data-alvo. | nenhuma variável auxiliar de data-alvo (('target', 'valid_time', 'target_month', 'forecast_time')) encontrada no dataset aberto — tentando Método B (semântica documentada do eixo forecast_period, Seção 4). | confirmado pela semântica documentada do eixo forecast_period (Método B, Seção 4/6): inicialização confirmada via SCALAR_COORD_ON_VARIABLE (status=OK_SCALAR_COORD), L.standard_name='forecast_period'/units='months', grade [0.5, 1.5, 2.5, 3.5, 4.5, 5.5] mensal confirmada, rota com forecast_period_semantics_documented=True.",CONFIRMED_BY_FORECAST_PERIOD_SEMANTICS,SCALAR_COORD_ON_VARIABLE,1991-05,1991-05,1,OK_SCALAR_COORD,RANGEEDGES,RANGEEDGES_WINDOW_COORDINATE_MATCH,1991-05-01 00:00:00; 1991-06-01 00:00:00,1991-05-01 00:00:00,"esquema=lead1_igual_mes_inicializacao, representação=NMME_HARMONIZED_MONTHLY",Fazendas_Sinobras_Centroide
1991-06,NOAA_NCEP,CFSv2,1991-06,1,0.5,1991-06,OK,"L.attrs contém termo(s) ['forecast_period'] — indica semântica de lead/target, mas isso sozinho não confirma o valor exato de H1 sem uma variável auxiliar de data-alvo. | nenhuma variável auxiliar de data-alvo (('target', 'valid_time', 'target_month', 'forecast_time')) encontrada no dataset aberto — tentando Método B (semântica documentada do eixo forecast_period, Seção 4). | confirmado pela semântica documentada do eixo forecast_period (Método B, Seção 4/6): inicialização confirmada via SCALAR_COORD_ON_VARIABLE (status=OK_SCALAR_COORD), L.standard_name='forecast_period'/units='months', grade [0.5, 1.5, 2.5, 3.5, 4.5, 5.5] mensal confirmada, rota com forecast_period_semantics_documented=True.",CONFIRMED_BY_FORECAST_PERIOD_SEMANTICS,SCALAR_COORD_ON_VARIABLE,1991-06,1991-06,1,OK_SCALAR_COORD,RANGEEDGES,RANGEEDGES_WINDOW_COORDINATE_MATCH,1991-06-01 00:00:00; 1991-07-01 00:00:00,1991-06-01 00:00:00,"esquema=lead1_igual_mes_inicializacao, representação=NMME_HARMONIZED_MONTHLY",Fazendas_Sinobras_Centroide
1991-06,NOAA_NCEP,CFSv2,1991-06,2,1.5,1991-07,OK,"L.attrs contém termo(s) ['forecast_period'] — indica semântica de lead/target, mas isso sozinho não confirma o valor exato de H2 sem uma variável auxiliar de data-alvo. | nenhuma variável auxiliar de data-alvo (('target', 'valid_time', 'target_month', 'forecast_time')) encontrada no dataset aberto — tentando Método B (semântica documentada do eixo forecast_period, Seção 4). | confirmado pela semântica documentada do eixo forecast_period (Método B, Seção 4/6): inicialização confirmada via SCALAR_COORD_ON_VARIABLE (status=OK_SCALAR_COORD), L.standard_name='forecast_period'/units='months', grade [0.5, 1.5, 2.5, 3.5, 4.5, 5.5] mensal confirmada, rota com forecast_period_semantics_documented=True.",CONFIRMED_BY_FORECAST_PERIOD_SEMANTICS,SCALAR_COORD_ON_VARIABLE,1991-06,1991-06,1,OK_SCALAR_COORD,RANGEEDGES,RANGEEDGES_WINDOW_COORDINATE_MATCH,1991-06-01 00:00:00; 1991-07-01 00:00:00,1991-06-01 00:00:00,"esquema=lead1_igual_mes_inicializacao, representação=NMME_HARMONIZED_MONTHLY",Fazendas_Sinobras_Centroide
1991-06,NOAA_NCEP,CFSv2,1991-06,3,2.5,1991-08,OK,"L.attrs contém termo(s) ['forecast_period'] — indica semântica de lead/target, mas isso sozinho não confirma o valor exato de H3 sem uma variável auxiliar de data-alvo. | nenhuma variável auxiliar de data-alvo (('target', 'valid_time', 'target_month', 'forecast_time')) encontrada no dataset aberto — tentando Método B (semântica documentada do eixo forecast_period, Seção 4). | confirmado pela semântica documentada do eixo forecast_period (Método B, Seção 4/6): inicialização confirmada via SCALAR_COORD_ON_VARIABLE (status=OK_SCALAR_COORD), L.standard_name='forecast_period'/units='months', grade [0.5, 1.5, 2.5, 3.5, 4.5, 5.5] mensal confirmada, rota com forecast_period_semantics_documented=True.",CONFIRMED_BY_FORECAST_PERIOD_SEMANTICS,SCALAR_COORD_ON_VARIABLE,1991-06,1991-06,1,OK_SCALAR_COORD,RANGEEDGES,RANGEEDGES_WINDOW_COORDINATE_MATCH,1991-06-01 00:00:00; 1991-07-01 00:00:00,1991-06-01 00:00:00,"esquema=lead1_igual_mes_inicializacao, representação=NMME_HARMONIZED_MONTHLY",Fazendas_Sinobras_Centroide
1991-06,NOAA_NCEP,CFSv2,1991-06,4,3.5,1991-09,OK,"L.attrs contém termo(s) ['forecast_period'] — indica semântica de lead/target, mas isso sozinho não confirma o valor exato de H4 sem uma variável auxiliar de data-alvo. | nenhuma variável auxiliar de data-alvo (('target', 'valid_time', 'target_month', 'forecast_time')) encontrada no dataset aberto — tentando Método B (semântica documentada do eixo forecast_period, Seção 4). | confirmado pela semântica documentada do eixo forecast_period (Método B, Seção 4/6): inicialização confirmada via SCALAR_COORD_ON_VARIABLE (status=OK_SCALAR_COORD), L.standard_name='forecast_period'/units='months', grade [0.5, 1.5, 2.5, 3.5, 4.5, 5.5] mensal confirmada, rota com forecast_period_semantics_documented=True.",CONFIRMED_BY_FORECAST_PERIOD_SEMANTICS,SCALAR_COORD_ON_VARIABLE,1991-06,1991-06,1,OK_SCALAR_COORD,RANGEEDGES,RANGEEDGES_WINDOW_COORDINATE_MATCH,1991-06-01 00:00:00; 1991-07-01 00:00:00,1991-06-01 00:00:00,"esquema=lead1_igual_mes_inicializacao, representação=NMME_HARMONIZED_MONTHLY",Fazendas_Sinobras_Centroide
1991-06,NOAA_NCEP,CFSv2,1991-06,5,4.5,1991-10,OK,"L.attrs contém termo(s) ['forecast_period'] — indica semântica de lead/target, mas isso sozinho não confirma o valor exato de H5 sem uma variável auxiliar de data-alvo. | nenhuma variável auxiliar de data-alvo (('target', 'valid_time', 'target_month', 'forecast_time')) encontrada no dataset aberto — tentando Método B (semântica documentada do eixo forecast_period, Seção 4). | confirmado pela semântica documentada do eixo forecast_period (Método B, Seção 4/6): inicialização confirmada via SCALAR_COORD_ON_VARIABLE (status=OK_SCALAR_COORD), L.standard_name='forecast_period'/units='months', grade [0.5, 1.5, 2.5, 3.5, 4.5, 5.5] mensal confirmada, rota com forecast_period_semantics_documented=True.",CONFIRMED_BY_FORECAST_PERIOD_SEMANTICS,SCALAR_COORD_ON_VARIABLE,1991-06,1991-06,1,OK_SCALAR_COORD,RANGEEDGES,RANGEEDGES_WINDOW_COORDINATE_MATCH,1991-06-01 00:00:00; 1991-07-01 00:00:00,1991-06-01 00:00:00,"esquema=lead1_igual_mes_inicializacao, representação=NMME_HARMONIZED_MONTHLY",Fazendas_Sinobras_Centroide
1991-06,NOAA_NCEP,CFSv2,1991-06,6,5.5,1991-11,OK,"L.attrs contém termo(s) ['forecast_period'] — indica semântica de lead/target, mas isso sozinho não confirma o valor exato de H6 sem uma variável auxiliar de data-alvo. | nenhuma variável auxiliar de data-alvo (('target', 'valid_time', 'target_month', 'forecast_time')) encontrada no dataset aberto — tentando Método B (semântica documentada do eixo forecast_period, Seção 4). | confirmado pela semântica documentada do eixo forecast_period (Método B, Seção 4/6): inicialização confirmada via SCALAR_COORD_ON_VARIABLE (status=OK_SCALAR_COORD), L.standard_name='forecast_period'/units='months', grade [0.5, 1.5, 2.5, 3.5, 4.5, 5.5] mensal confirmada, rota com forecast_period_semantics_documented=True.",CONFIRMED_BY_FORECAST_PERIOD_SEMANTICS,SCALAR_COORD_ON_VARIABLE,1991-06,1991-06,1,OK_SCALAR_COORD,RANGEEDGES,RANGEEDGES_WINDOW_COORDINATE_MATCH,1991-06-01 00:00:00; 1991-07-01 00:00:00,1991-06-01 00:00:00,"esquema=lead1_igual_mes_inicializacao, representação=NMME_HARMONIZED_MONTHLY",Fazendas_Sinobras_Centroide
1991-07,NOAA_NCEP,CFSv2,1991-07,1,0.5,1991-07,OK,"L.attrs contém termo(s) ['forecast_period'] — indica semântica de lead/target, mas isso sozinho não confirma o valor exato de H1 sem uma variável auxiliar de data-alvo. | nenhuma variável auxiliar de data-alvo (('target', 'valid_time', 'target_month', 'forecast_time')) encontrada no dataset aberto — tentando Método B (semântica documentada do eixo forecast_period, Seção 4). | confirmado pela semântica documentada do eixo forecast_period (Método B, Seção 4/6): inicialização confirmada via SCALAR_COORD_ON_VARIABLE (status=OK_SCALAR_COORD), L.standard_name='forecast_period'/units='months', grade [0.5, 1.5, 2.5, 3.5, 4.5, 5.5] mensal confirmada, rota com forecast_period_semantics_documented=True.",CONFIRMED_BY_FORECAST_PERIOD_SEMANTICS,SCALAR_COORD_ON_VARIABLE,1991-07,1991-07,1,OK_SCALAR_COORD,RANGEEDGES,RANGEEDGES_WINDOW_COORDINATE_MATCH,1991-07-01 00:00:00; 1991-08-01 00:00:00,1991-07-01 00:00:00,"esquema=lead1_igual_mes_inicializacao, representação=NMME_HARMONIZED_MONTHLY",Fazendas_Sinobras_Centroide
1991-07,NOAA_NCEP,CFSv2,1991-07,2,1.5,1991-08,OK,"L.attrs contém termo(s) ['forecast_period'] — indica semântica de lead/target, mas isso sozinho não confirma o valor exato de H2 sem uma variável auxiliar de data-alvo. | nenhuma variável auxiliar de data-alvo (('target', 'valid_time', 'target_month', 'forecast_time')) encontrada no dataset aberto — tentando Método B (semântica documentada do eixo forecast_period, Seção 4). | confirmado pela semântica documentada do eixo forecast_period (Método B, Seção 4/6): inicialização confirmada via SCALAR_COORD_ON_VARIABLE (status=OK_SCALAR_COORD), L.standard_name='forecast_period'/units='months', grade [0.5, 1.5, 2.5, 3.5, 4.5, 5.5] mensal confirmada, rota com forecast_period_semantics_documented=True.",CONFIRMED_BY_FORECAST_PERIOD_SEMANTICS,SCALAR_COORD_ON_VARIABLE,1991-07,1991-07,1,OK_SCALAR_COORD,RANGEEDGES,RANGEEDGES_WINDOW_COORDINATE_MATCH,1991-07-01 00:00:00; 1991-08-01 00:00:00,1991-07-01 00:00:00,"esquema=lead1_igual_mes_inicializacao, representação=NMME_HARMONIZED_MONTHLY",Fazendas_Sinobras_Centroide
1991-07,NOAA_NCEP,CFSv2,1991-07,3,2.5,1991-09,OK,"L.attrs contém termo(s) ['forecast_period'] — indica semântica de lead/target, mas isso sozinho não confirma o valor exato de H3 sem uma variável auxiliar de data-alvo. | nenhuma variável auxiliar de data-alvo (('target', 'valid_time', 'target_month', 'forecast_time')) encontrada no dataset aberto — tentando Método B (semântica documentada do eixo forecast_period, Seção 4). | confirmado pela semântica documentada do eixo forecast_period (Método B, Seção 4/6): inicialização confirmada via SCALAR_COORD_ON_VARIABLE (status=OK_SCALAR_COORD), L.standard_name='forecast_period'/units='months', grade [0.5, 1.5, 2.5, 3.5, 4.5, 5.5] mensal confirmada, rota com forecast_period_semantics_documented=True.",CONFIRMED_BY_FORECAST_PERIOD_SEMANTICS,SCALAR_COORD_ON_VARIABLE,1991-07,1991-07,1,OK_SCALAR_COORD,RANGEEDGES,RANGEEDGES_WINDOW_COORDINATE_MATCH,1991-07-01 00:00:00; 1991-08-01 00:00:00,1991-07-01 00:00:00,"esquema=lead1_igual_mes_inicializacao, representação=NMME_HARMONIZED_MONTHLY",Fazendas_Sinobras_Centroide
1991-07,NOAA_NCEP,CFSv2,1991-07,4,3.5,1991-10,OK,"L.attrs contém termo(s) ['forecast_period'] — indica semântica de lead/target, mas isso sozinho não confirma o valor exato de H4 sem uma variável auxiliar de data-alvo. | nenhuma variável auxiliar de data-alvo (('target', 'valid_time', 'target_month', 'forecast_time')) encontrada no dataset aberto — tentando Método B (semântica documentada do eixo forecast_period, Seção 4). | confirmado pela semântica documentada do eixo forecast_period (Método B, Seção 4/6): inicialização confirmada via SCALAR_COORD_ON_VARIABLE (status=OK_SCALAR_COORD), L.standard_name='forecast_period'/units='months', grade [0.5, 1.5, 2.5, 3.5, 4.5, 5.5] mensal confirmada, rota com forecast_period_semantics_documented=True.",CONFIRMED_BY_FORECAST_PERIOD_SEMANTICS,SCALAR_COORD_ON_VARIABLE,1991-07,1991-07,1,OK_SCALAR_COORD,RANGEEDGES,RANGEEDGES_WINDOW_COORDINATE_MATCH,1991-07-01 00:00:00; 1991-08-01 00:00:00,1991-07-01 00:00:00,"esquema=lead1_igual_mes_inicializacao, representação=NMME_HARMONIZED_MONTHLY",Fazendas_Sinobras_Centroide
1991-07,NOAA_NCEP,CFSv2,1991-07,5,4.5,1991-11,OK,"L.attrs contém termo(s) ['forecast_period'] — indica semântica de lead/target, mas isso sozinho não confirma o valor exato de H5 sem uma variável auxiliar de data-alvo. | nenhuma variável auxiliar de data-alvo (('target', 'valid_time', 'target_month', 'forecast_time')) encontrada no dataset aberto — tentando Método B (semântica documentada do eixo forecast_period, Seção 4). | confirmado pela semântica documentada do eixo forecast_period (Método B, Seção 4/6): inicialização confirmada via SCALAR_COORD_ON_VARIABLE (status=OK_SCALAR_COORD), L.standard_name='forecast_period'/units='months', grade [0.5, 1.5, 2.5, 3.5, 4.5, 5.5] mensal confirmada, rota com forecast_period_semantics_documented=True.",CONFIRMED_BY_FORECAST_PERIOD_SEMANTICS,SCALAR_COORD_ON_VARIABLE,1991-07,1991-07,1,OK_SCALAR_COORD,RANGEEDGES,RANGEEDGES_WINDOW_COORDINATE_MATCH,1991-07-01 00:00:00; 1991-08-01 00:00:00,1991-07-01 00:00:00,"esquema=lead1_igual_mes_inicializacao, representação=NMME_HARMONIZED_MONTHLY",Fazendas_Sinobras_Centroide
1991-07,NOAA_NCEP,CFSv2,1991-07,6,5.5,1991-12,OK,"L.attrs contém termo(s) ['forecast_period'] — indica semântica de lead/target, mas isso sozinho não confirma o valor exato de H6 sem uma variável auxiliar de data-alvo. | nenhuma variável auxiliar de data-alvo (('target', 'valid_time', 'target_month', 'forecast_time')) encontrada no dataset aberto — tentando Método B (semântica documentada do eixo forecast_period, Seção 4). | confirmado pela semântica documentada do eixo forecast_period (Método B, Seção 4/6): inicialização confirmada via SCALAR_COORD_ON_VARIABLE (status=OK_SCALAR_COORD), L.standard_name='forecast_period'/units='months', grade [0.5, 1.5, 2.5, 3.5, 4.5, 5.5] mensal confirmada, rota com forecast_period_semantics_documented=True.",CONFIRMED_BY_FORECAST_PERIOD_SEMANTICS,SCALAR_COORD_ON_VARIABLE,1991-07,1991-07,1,OK_SCALAR_COORD,RANGEEDGES,RANGEEDGES_WINDOW_COORDINATE_MATCH,1991-07-01 00:00:00; 1991-08-01 00:00:00,1991-07-01 00:00:00,"esquema=lead1_igual_mes_inicializacao, representação=NMME_HARMONIZED_MONTHLY",Fazendas_Sinobras_Centroide
1991-08,NOAA_NCEP,CFSv2,1991-08,1,0.5,1991-08,OK,"L.attrs contém termo(s) ['forecast_period'] — indica semântica de lead/target, mas isso sozinho não confirma o valor exato de H1 sem uma variável auxiliar de data-alvo. | nenhuma variável auxiliar de data-alvo (('target', 'valid_time', 'target_month', 'forecast_time')) encontrada no dataset aberto — tentando Método B (semântica documentada do eixo forecast_period, Seção 4). | confirmado pela semântica documentada do eixo forecast_period (Método B, Seção 4/6): inicialização confirmada via SCALAR_COORD_ON_VARIABLE (status=OK_SCALAR_COORD), L.standard_name='forecast_period'/units='months', grade [0.5, 1.5, 2.5, 3.5, 4.5, 5.5] mensal confirmada, rota com forecast_period_semantics_documented=True.",CONFIRMED_BY_FORECAST_PERIOD_SEMANTICS,SCALAR_COORD_ON_VARIABLE,1991-08,1991-08,1,OK_SCALAR_COORD,RANGEEDGES,RANGEEDGES_WINDOW_COORDINATE_MATCH,1991-08-01 00:00:00; 1991-09-01 00:00:00,1991-08-01 00:00:00,"esquema=lead1_igual_mes_inicializacao, representação=NMME_HARMONIZED_MONTHLY",Fazendas_Sinobras_Centroide
1991-08,NOAA_NCEP,CFSv2,1991-08,2,1.5,1991-09,OK,"L.attrs contém termo(s) ['forecast_period'] — indica semântica de lead/target, mas isso sozinho não confirma o valor exato de H2 sem uma variável auxiliar de data-alvo. | nenhuma variável auxiliar de data-alvo (('target', 'valid_time', 'target_month', 'forecast_time')) encontrada no dataset aberto — tentando Método B (semântica documentada do eixo forecast_period, Seção 4). | confirmado pela semântica documentada do eixo forecast_period (Método B, Seção 4/6): inicialização confirmada via SCALAR_COORD_ON_VARIABLE (status=OK_SCALAR_COORD), L.standard_name='forecast_period'/units='months', grade [0.5, 1.5, 2.5, 3.5, 4.5, 5.5] mensal confirmada, rota com forecast_period_semantics_documented=True.",CONFIRMED_BY_FORECAST_PERIOD_SEMANTICS,SCALAR_COORD_ON_VARIABLE,1991-08,1991-08,1,OK_SCALAR_COORD,RANGEEDGES,RANGEEDGES_WINDOW_COORDINATE_MATCH,1991-08-01 00:00:00; 1991-09-01 00:00:00,1991-08-01 00:00:00,"esquema=lead1_igual_mes_inicializacao, representação=NMME_HARMONIZED_MONTHLY",Fazendas_Sinobras_Centroide
1991-08,NOAA_NCEP,CFSv2,1991-08,3,2.5,1991-10,OK,"L.attrs contém termo(s) ['forecast_period'] — indica semântica de lead/target, mas isso sozinho não confirma o valor exato de H3 sem uma variável auxiliar de data-alvo. | nenhuma variável auxiliar de data-alvo (('target', 'valid_time', 'target_month', 'forecast_time')) encontrada no dataset aberto — tentando Método B (semântica documentada do eixo forecast_period, Seção 4). | confirmado pela semântica documentada do eixo forecast_period (Método B, Seção 4/6): inicialização confirmada via SCALAR_COORD_ON_VARIABLE (status=OK_SCALAR_COORD), L.standard_name='forecast_period'/units='months', grade [0.5, 1.5, 2.5, 3.5, 4.5, 5.5] mensal confirmada, rota com forecast_period_semantics_documented=True.",CONFIRMED_BY_FORECAST_PERIOD_SEMANTICS,SCALAR_COORD_ON_VARIABLE,1991-08,1991-08,1,OK_SCALAR_COORD,RANGEEDGES,RANGEEDGES_WINDOW_COORDINATE_MATCH,1991-08-01 00:00:00; 1991-09-01 00:00:00,1991-08-01 00:00:00,"esquema=lead1_igual_mes_inicializacao, representação=NMME_HARMONIZED_MONTHLY",Fazendas_Sinobras_Centroide
1991-08,NOAA_NCEP,CFSv2,1991-08,4,3.5,1991-11,OK,"L.attrs contém termo(s) ['forecast_period'] — indica semântica de lead/target, mas isso sozinho não confirma o valor exato de H4 sem uma variável auxiliar de data-alvo. | nenhuma variável auxiliar de data-alvo (('target', 'valid_time', 'target_month', 'forecast_time')) encontrada no dataset aberto — tentando Método B (semântica documentada do eixo forecast_period, Seção 4). | confirmado pela semântica documentada do eixo forecast_period (Método B, Seção 4/6): inicialização confirmada via SCALAR_COORD_ON_VARIABLE (status=OK_SCALAR_COORD), L.standard_name='forecast_period'/units='months', grade [0.5, 1.5, 2.5, 3.5, 4.5, 5.5] mensal confirmada, rota com forecast_period_semantics_documented=True.",CONFIRMED_BY_FORECAST_PERIOD_SEMANTICS,SCALAR_COORD_ON_VARIABLE,1991-08,1991-08,1,OK_SCALAR_COORD,RANGEEDGES,RANGEEDGES_WINDOW_COORDINATE_MATCH,1991-08-01 00:00:00; 1991-09-01 00:00:00,1991-08-01 00:00:00,"esquema=lead1_igual_mes_inicializacao, representação=NMME_HARMONIZED_MONTHLY",Fazendas_Sinobras_Centroide
1991-08,NOAA_NCEP,CFSv2,1991-08,5,4.5,1991-12,OK,"L.attrs contém termo(s) ['forecast_period'] — indica semântica de lead/target, mas isso sozinho não confirma o valor exato de H5 sem uma variável auxiliar de data-alvo. | nenhuma variável auxiliar de data-alvo (('target', 'valid_time', 'target_month', 'forecast_time')) encontrada no dataset aberto — tentando Método B (semântica documentada do eixo forecast_period, Seção 4). | confirmado pela semântica documentada do eixo forecast_period (Método B, Seção 4/6): inicialização confirmada via SCALAR_COORD_ON_VARIABLE (status=OK_SCALAR_COORD), L.standard_name='forecast_period'/units='months', grade [0.5, 1.5, 2.5, 3.5, 4.5, 5.5] mensal confirmada, rota com forecast_period_semantics_documented=True.",CONFIRMED_BY_FORECAST_PERIOD_SEMANTICS,SCALAR_COORD_ON_VARIABLE,1991-08,1991-08,1,OK_SCALAR_COORD,RANGEEDGES,RANGEEDGES_WINDOW_COORDINATE_MATCH,1991-08-01 00:00:00; 1991-09-01 00:00:00,1991-08-01 00:00:00,"esquema=lead1_igual_mes_inicializacao, representação=NMME_HARMONIZED_MONTHLY",Fazendas_Sinobras_Centroide
1991-08,NOAA_NCEP,CFSv2,1991-08,6,5.5,1992-01,OK,"L.attrs contém termo(s) ['forecast_period'] — indica semântica de lead/target, mas isso sozinho não confirma o valor exato de H6 sem uma variável auxiliar de data-alvo. | nenhuma variável auxiliar de data-alvo (('target', 'valid_time', 'target_month', 'forecast_time')) encontrada no dataset aberto — tentando Método B (semântica documentada do eixo forecast_period, Seção 4). | confirmado pela semântica documentada do eixo forecast_period (Método B, Seção 4/6): inicialização confirmada via SCALAR_COORD_ON_VARIABLE (status=OK_SCALAR_COORD), L.standard_name='forecast_period'/units='months', grade [0.5, 1.5, 2.5, 3.5, 4.5, 5.5] mensal confirmada, rota com forecast_period_semantics_documented=True.",CONFIRMED_BY_FORECAST_PERIOD_SEMANTICS,SCALAR_COORD_ON_VARIABLE,1991-08,1991-08,1,OK_SCALAR_COORD,RANGEEDGES,RANGEEDGES_WINDOW_COORDINATE_MATCH,1991-08-01 00:00:00; 1991-09-01 00:00:00,1991-08-01 00:00:00,"esquema=lead1_igual_mes_inicializacao, representação=NMME_HARMONIZED_MONTHLY",Fazendas_Sinobras_Centroide
1991-09,NOAA_NCEP,CFSv2,1991-09,1,0.5,1991-09,OK,"L.attrs contém termo(s) ['forecast_period'] — indica semântica de lead/target, mas isso sozinho não confirma o valor exato de H1 sem uma variável auxiliar de data-alvo. | nenhuma variável auxiliar de data-alvo (('target', 'valid_time', 'target_month', 'forecast_time')) encontrada no dataset aberto — tentando Método B (semântica documentada do eixo forecast_period, Seção 4). | confirmado pela semântica documentada do eixo forecast_period (Método B, Seção 4/6): inicialização confirmada via SCALAR_COORD_ON_VARIABLE (status=OK_SCALAR_COORD), L.standard_name='forecast_period'/units='months', grade [0.5, 1.5, 2.5, 3.5, 4.5, 5.5] mensal confirmada, rota com forecast_period_semantics_documented=True.",CONFIRMED_BY_FORECAST_PERIOD_SEMANTICS,SCALAR_COORD_ON_VARIABLE,1991-09,1991-09,1,OK_SCALAR_COORD,RANGEEDGES,RANGEEDGES_WINDOW_COORDINATE_MATCH,1991-09-01 00:00:00; 1991-10-01 00:00:00,1991-09-01 00:00:00,"esquema=lead1_igual_mes_inicializacao, representação=NMME_HARMONIZED_MONTHLY",Fazendas_Sinobras_Centroide
1991-09,NOAA_NCEP,CFSv2,1991-09,2,1.5,1991-10,OK,"L.attrs contém termo(s) ['forecast_period'] — indica semântica de lead/target, mas isso sozinho não confirma o valor exato de H2 sem uma variável auxiliar de data-alvo. | nenhuma variável auxiliar de data-alvo (('target', 'valid_time', 'target_month', 'forecast_time')) encontrada no dataset aberto — tentando Método B (semântica documentada do eixo forecast_period, Seção 4). | confirmado pela semântica documentada do eixo forecast_period (Método B, Seção 4/6): inicialização confirmada via SCALAR_COORD_ON_VARIABLE (status=OK_SCALAR_COORD), L.standard_name='forecast_period'/units='months', grade [0.5, 1.5, 2.5, 3.5, 4.5, 5.5] mensal confirmada, rota com forecast_period_semantics_documented=True.",CONFIRMED_BY_FORECAST_PERIOD_SEMANTICS,SCALAR_COORD_ON_VARIABLE,1991-09,1991-09,1,OK_SCALAR_COORD,RANGEEDGES,RANGEEDGES_WINDOW_COORDINATE_MATCH,1991-09-01 00:00:00; 1991-10-01 00:00:00,1991-09-01 00:00:00,"esquema=lead1_igual_mes_inicializacao, representação=NMME_HARMONIZED_MONTHLY",Fazendas_Sinobras_Centroide
1991-09,NOAA_NCEP,CFSv2,1991-09,3,2.5,1991-11,OK,"L.attrs contém termo(s) ['forecast_period'] — indica semântica de lead/target, mas isso sozinho não confirma o valor exato de H3 sem uma variável auxiliar de data-alvo. | nenhuma variável auxiliar de data-alvo (('target', 'valid_time', 'target_month', 'forecast_time')) encontrada no dataset aberto — tentando Método B (semântica documentada do eixo forecast_period, Seção 4). | confirmado pela semântica documentada do eixo forecast_period (Método B, Seção 4/6): inicialização confirmada via SCALAR_COORD_ON_VARIABLE (status=OK_SCALAR_COORD), L.standard_name='forecast_period'/units='months', grade [0.5, 1.5, 2.5, 3.5, 4.5, 5.5] mensal confirmada, rota com forecast_period_semantics_documented=True.",CONFIRMED_BY_FORECAST_PERIOD_SEMANTICS,SCALAR_COORD_ON_VARIABLE,1991-09,1991-09,1,OK_SCALAR_COORD,RANGEEDGES,RANGEEDGES_WINDOW_COORDINATE_MATCH,1991-09-01 00:00:00; 1991-10-01 00:00:00,1991-09-01 00:00:00,"esquema=lead1_igual_mes_inicializacao, representação=NMME_HARMONIZED_MONTHLY",Fazendas_Sinobras_Centroide
1991-09,NOAA_NCEP,CFSv2,1991-09,4,3.5,1991-12,OK,"L.attrs contém termo(s) ['forecast_period'] — indica semântica de lead/target, mas isso sozinho não confirma o valor exato de H4 sem uma variável auxiliar de data-alvo. | nenhuma variável auxiliar de data-alvo (('target', 'valid_time', 'target_month', 'forecast_time')) encontrada no dataset aberto — tentando Método B (semântica documentada do eixo forecast_period, Seção 4). | confirmado pela semântica documentada do eixo forecast_period (Método B, Seção 4/6): inicialização confirmada via SCALAR_COORD_ON_VARIABLE (status=OK_SCALAR_COORD), L.standard_name='forecast_period'/units='months', grade [0.5, 1.5, 2.5, 3.5, 4.5, 5.5] mensal confirmada, rota com forecast_period_semantics_documented=True.",CONFIRMED_BY_FORECAST_PERIOD_SEMANTICS,SCALAR_COORD_ON_VARIABLE,1991-09,1991-09,1,OK_SCALAR_COORD,RANGEEDGES,RANGEEDGES_WINDOW_COORDINATE_MATCH,1991-09-01 00:00:00; 1991-10-01 00:00:00,1991-09-01 00:00:00,"esquema=lead1_igual_mes_inicializacao, representação=NMME_HARMONIZED_MONTHLY",Fazendas_Sinobras_Centroide
1991-09,NOAA_NCEP,CFSv2,1991-09,5,4.5,1992-01,OK,"L.attrs contém termo(s) ['forecast_period'] — indica semântica de lead/target, mas isso sozinho não confirma o valor exato de H5 sem uma variável auxiliar de data-alvo. | nenhuma variável auxiliar de data-alvo (('target', 'valid_time', 'target_month', 'forecast_time')) encontrada no dataset aberto — tentando Método B (semântica documentada do eixo forecast_period, Seção 4). | confirmado pela semântica documentada do eixo forecast_period (Método B, Seção 4/6): inicialização confirmada via SCALAR_COORD_ON_VARIABLE (status=OK_SCALAR_COORD), L.standard_name='forecast_period'/units='months', grade [0.5, 1.5, 2.5, 3.5, 4.5, 5.5] mensal confirmada, rota com forecast_period_semantics_documented=True.",CONFIRMED_BY_FORECAST_PERIOD_SEMANTICS,SCALAR_COORD_ON_VARIABLE,1991-09,1991-09,1,OK_SCALAR_COORD,RANGEEDGES,RANGEEDGES_WINDOW_COORDINATE_MATCH,1991-09-01 00:00:00; 1991-10-01 00:00:00,1991-09-01 00:00:00,"esquema=lead1_igual_mes_inicializacao, representação=NMME_HARMONIZED_MONTHLY",Fazendas_Sinobras_Centroide
1991-09,NOAA_NCEP,CFSv2,1991-09,6,5.5,1992-02,OK,"L.attrs contém termo(s) ['forecast_period'] — indica semântica de lead/target, mas isso sozinho não confirma o valor exato de H6 sem uma variável auxiliar de data-alvo. | nenhuma variável auxiliar de data-alvo (('target', 'valid_time', 'target_month', 'forecast_time')) encontrada no dataset aberto — tentando Método B (semântica documentada do eixo forecast_period, Seção 4). | confirmado pela semântica documentada do eixo forecast_period (Método B, Seção 4/6): inicialização confirmada via SCALAR_COORD_ON_VARIABLE (status=OK_SCALAR_COORD), L.standard_name='forecast_period'/units='months', grade [0.5, 1.5, 2.5, 3.5, 4.5, 5.5] mensal confirmada, rota com forecast_period_semantics_documented=True.",CONFIRMED_BY_FORECAST_PERIOD_SEMANTICS,SCALAR_COORD_ON_VARIABLE,1991-09,1991-09,1,OK_SCALAR_COORD,RANGEEDGES,RANGEEDGES_WINDOW_COORDINATE_MATCH,1991-09-01 00:00:00; 1991-10-01 00:00:00,1991-09-01 00:00:00,"esquema=lead1_igual_mes_inicializacao, representação=NMME_HARMONIZED_MONTHLY",Fazendas_Sinobras_Centroide
1991-10,NOAA_NCEP,CFSv2,1991-10,1,0.5,1991-10,OK,"L.attrs contém termo(s) ['forecast_period'] — indica semântica de lead/target, mas isso sozinho não confirma o valor exato de H1 sem uma variável auxiliar de data-alvo. | nenhuma variável auxiliar de data-alvo (('target', 'valid_time', 'target_month', 'forecast_time')) encontrada no dataset aberto — tentando Método B (semântica documentada do eixo forecast_period, Seção 4). | confirmado pela semântica documentada do eixo forecast_period (Método B, Seção 4/6): inicialização confirmada via SCALAR_COORD_ON_VARIABLE (status=OK_SCALAR_COORD), L.standard_name='forecast_period'/units='months', grade [0.5, 1.5, 2.5, 3.5, 4.5, 5.5] mensal confirmada, rota com forecast_period_semantics_documented=True.",CONFIRMED_BY_FORECAST_PERIOD_SEMANTICS,SCALAR_COORD_ON_VARIABLE,1991-10,1991-10,1,OK_SCALAR_COORD,RANGEEDGES,RANGEEDGES_WINDOW_COORDINATE_MATCH,1991-10-01 00:00:00; 1991-11-01 00:00:00,1991-10-01 00:00:00,"esquema=lead1_igual_mes_inicializacao, representação=NMME_HARMONIZED_MONTHLY",Fazendas_Sinobras_Centroide
1991-10,NOAA_NCEP,CFSv2,1991-10,2,1.5,1991-11,OK,"L.attrs contém termo(s) ['forecast_period'] — indica semântica de lead/target, mas isso sozinho não confirma o valor exato de H2 sem uma variável auxiliar de data-alvo. | nenhuma variável auxiliar de data-alvo (('target', 'valid_time', 'target_month', 'forecast_time')) encontrada no dataset aberto — tentando Método B (semântica documentada do eixo forecast_period, Seção 4). | confirmado pela semântica documentada do eixo forecast_period (Método B, Seção 4/6): inicialização confirmada via SCALAR_COORD_ON_VARIABLE (status=OK_SCALAR_COORD), L.standard_name='forecast_period'/units='months', grade [0.5, 1.5, 2.5, 3.5, 4.5, 5.5] mensal confirmada, rota com forecast_period_semantics_documented=True.",CONFIRMED_BY_FORECAST_PERIOD_SEMANTICS,SCALAR_COORD_ON_VARIABLE,1991-10,1991-10,1,OK_SCALAR_COORD,RANGEEDGES,RANGEEDGES_WINDOW_COORDINATE_MATCH,1991-10-01 00:00:00; 1991-11-01 00:00:00,1991-10-01 00:00:00,"esquema=lead1_igual_mes_inicializacao, representação=NMME_HARMONIZED_MONTHLY",Fazendas_Sinobras_Centroide
1991-10,NOAA_NCEP,CFSv2,1991-10,3,2.5,1991-12,OK,"L.attrs contém termo(s) ['forecast_period'] — indica semântica de lead/target, mas isso sozinho não confirma o valor exato de H3 sem uma variável auxiliar de data-alvo. | nenhuma variável auxiliar de data-alvo (('target', 'valid_time', 'target_month', 'forecast_time')) encontrada no dataset aberto — tentando Método B (semântica documentada do eixo forecast_period, Seção 4). | confirmado pela semântica documentada do eixo forecast_period (Método B, Seção 4/6): inicialização confirmada via SCALAR_COORD_ON_VARIABLE (status=OK_SCALAR_COORD), L.standard_name='forecast_period'/units='months', grade [0.5, 1.5, 2.5, 3.5, 4.5, 5.5] mensal confirmada, rota com forecast_period_semantics_documented=True.",CONFIRMED_BY_FORECAST_PERIOD_SEMANTICS,SCALAR_COORD_ON_VARIABLE,1991-10,1991-10,1,OK_SCALAR_COORD,RANGEEDGES,RANGEEDGES_WINDOW_COORDINATE_MATCH,1991-10-01 00:00:00; 1991-11-01 00:00:00,1991-10-01 00:00:00,"esquema=lead1_igual_mes_inicializacao, representação=NMME_HARMONIZED_MONTHLY",Fazendas_Sinobras_Centroide
1991-10,NOAA_NCEP,CFSv2,1991-10,4,3.5,1992-01,OK,"L.attrs contém termo(s) ['forecast_period'] — indica semântica de lead/target, mas isso sozinho não confirma o valor exato de H4 sem uma variável auxiliar de data-alvo. | nenhuma variável auxiliar de data-alvo (('target', 'valid_time', 'target_month', 'forecast_time')) encontrada no dataset aberto — tentando Método B (semântica documentada do eixo forecast_period, Seção 4). | confirmado pela semântica documentada do eixo forecast_period (Método B, Seção 4/6): inicialização confirmada via SCALAR_COORD_ON_VARIABLE (status=OK_SCALAR_COORD), L.standard_name='forecast_period'/units='months', grade [0.5, 1.5, 2.5, 3.5, 4.5, 5.5] mensal confirmada, rota com forecast_period_semantics_documented=True.",CONFIRMED_BY_FORECAST_PERIOD_SEMANTICS,SCALAR_COORD_ON_VARIABLE,1991-10,1991-10,1,OK_SCALAR_COORD,RANGEEDGES,RANGEEDGES_WINDOW_COORDINATE_MATCH,1991-10-01 00:00:00; 1991-11-01 00:00:00,1991-10-01 00:00:00,"esquema=lead1_igual_mes_inicializacao, representação=NMME_HARMONIZED_MONTHLY",Fazendas_Sinobras_Centroide
1991-10,NOAA_NCEP,CFSv2,1991-10,5,4.5,1992-02,OK,"L.attrs contém termo(s) ['forecast_period'] — indica semântica de lead/target, mas isso sozinho não confirma o valor exato de H5 sem uma variável auxiliar de data-alvo. | nenhuma variável auxiliar de data-alvo (('target', 'valid_time', 'target_month', 'forecast_time')) encontrada no dataset aberto — tentando Método B (semântica documentada do eixo forecast_period, Seção 4). | confirmado pela semântica documentada do eixo forecast_period (Método B, Seção 4/6): inicialização confirmada via SCALAR_COORD_ON_VARIABLE (status=OK_SCALAR_COORD), L.standard_name='forecast_period'/units='months', grade [0.5, 1.5, 2.5, 3.5, 4.5, 5.5] mensal confirmada, rota com forecast_period_semantics_documented=True.",CONFIRMED_BY_FORECAST_PERIOD_SEMANTICS,SCALAR_COORD_ON_VARIABLE,1991-10,1991-10,1,OK_SCALAR_COORD,RANGEEDGES,RANGEEDGES_WINDOW_COORDINATE_MATCH,1991-10-01 00:00:00; 1991-11-01 00:00:00,1991-10-01 00:00:00,"esquema=lead1_igual_mes_inicializacao, representação=NMME_HARMONIZED_MONTHLY",Fazendas_Sinobras_Centroide
1991-10,NOAA_NCEP,CFSv2,1991-10,6,5.5,1992-03,OK,"L.attrs contém termo(s) ['forecast_period'] — indica semântica de lead/target, mas isso sozinho não confirma o valor exato de H6 sem uma variável auxiliar de data-alvo. | nenhuma variável auxiliar de data-alvo (('target', 'valid_time', 'target_month', 'forecast_time')) encontrada no dataset aberto — tentando Método B (semântica documentada do eixo forecast_period, Seção 4). | confirmado pela semântica documentada do eixo forecast_period (Método B, Seção 4/6): inicialização confirmada via SCALAR_COORD_ON_VARIABLE (status=OK_SCALAR_COORD), L.standard_name='forecast_period'/units='months', grade [0.5, 1.5, 2.5, 3.5, 4.5, 5.5] mensal confirmada, rota com forecast_period_semantics_documented=True.",CONFIRMED_BY_FORECAST_PERIOD_SEMANTICS,SCALAR_COORD_ON_VARIABLE,1991-10,1991-10,1,OK_SCALAR_COORD,RANGEEDGES,RANGEEDGES_WINDOW_COORDINATE_MATCH,1991-10-01 00:00:00; 1991-11-01 00:00:00,1991-10-01 00:00:00,"esquema=lead1_igual_mes_inicializacao, representação=NMME_HARMONIZED_MONTHLY",Fazendas_Sinobras_Centroide
1991-11,NOAA_NCEP,CFSv2,1991-11,1,0.5,1991-11,OK,"L.attrs contém termo(s) ['forecast_period'] — indica semântica de lead/target, mas isso sozinho não confirma o valor exato de H1 sem uma variável auxiliar de data-alvo. | nenhuma variável auxiliar de data-alvo (('target', 'valid_time', 'target_month', 'forecast_time')) encontrada no dataset aberto — tentando Método B (semântica documentada do eixo forecast_period, Seção 4). | confirmado pela semântica documentada do eixo forecast_period (Método B, Seção 4/6): inicialização confirmada via SCALAR_COORD_ON_VARIABLE (status=OK_SCALAR_COORD), L.standard_name='forecast_period'/units='months', grade [0.5, 1.5, 2.5, 3.5, 4.5, 5.5] mensal confirmada, rota com forecast_period_semantics_documented=True.",CONFIRMED_BY_FORECAST_PERIOD_SEMANTICS,SCALAR_COORD_ON_VARIABLE,1991-11,1991-11,1,OK_SCALAR_COORD,RANGEEDGES,RANGEEDGES_WINDOW_COORDINATE_MATCH,1991-11-01 00:00:00; 1991-12-01 00:00:00,1991-11-01 00:00:00,"esquema=lead1_igual_mes_inicializacao, representação=NMME_HARMONIZED_MONTHLY",Fazendas_Sinobras_Centroide
1991-11,NOAA_NCEP,CFSv2,1991-11,2,1.5,1991-12,OK,"L.attrs contém termo(s) ['forecast_period'] — indica semântica de lead/target, mas isso sozinho não confirma o valor exato de H2 sem uma variável auxiliar de data-alvo. | nenhuma variável auxiliar de data-alvo (('target', 'valid_time', 'target_month', 'forecast_time')) encontrada no dataset aberto — tentando Método B (semântica documentada do eixo forecast_period, Seção 4). | confirmado pela semântica documentada do eixo forecast_period (Método B, Seção 4/6): inicialização confirmada via SCALAR_COORD_ON_VARIABLE (status=OK_SCALAR_COORD), L.standard_name='forecast_period'/units='months', grade [0.5, 1.5, 2.5, 3.5, 4.5, 5.5] mensal confirmada, rota com forecast_period_semantics_documented=True.",CONFIRMED_BY_FORECAST_PERIOD_SEMANTICS,SCALAR_COORD_ON_VARIABLE,1991-11,1991-11,1,OK_SCALAR_COORD,RANGEEDGES,RANGEEDGES_WINDOW_COORDINATE_MATCH,1991-11-01 00:00:00; 1991-12-01 00:00:00,1991-11-01 00:00:00,"esquema=lead1_igual_mes_inicializacao, representação=NMME_HARMONIZED_MONTHLY",Fazendas_Sinobras_Centroide
1991-11,NOAA_NCEP,CFSv2,1991-11,3,2.5,1992-01,OK,"L.attrs contém termo(s) ['forecast_period'] — indica semântica de lead/target, mas isso sozinho não confirma o valor exato de H3 sem uma variável auxiliar de data-alvo. | nenhuma variável auxiliar de data-alvo (('target', 'valid_time', 'target_month', 'forecast_time')) encontrada no dataset aberto — tentando Método B (semântica documentada do eixo forecast_period, Seção 4). | confirmado pela semântica documentada do eixo forecast_period (Método B, Seção 4/6): inicialização confirmada via SCALAR_COORD_ON_VARIABLE (status=OK_SCALAR_COORD), L.standard_name='forecast_period'/units='months', grade [0.5, 1.5, 2.5, 3.5, 4.5, 5.5] mensal confirmada, rota com forecast_period_semantics_documented=True.",CONFIRMED_BY_FORECAST_PERIOD_SEMANTICS,SCALAR_COORD_ON_VARIABLE,1991-11,1991-11,1,OK_SCALAR_COORD,RANGEEDGES,RANGEEDGES_WINDOW_COORDINATE_MATCH,1991-11-01 00:00:00; 1991-12-01 00:00:00,1991-11-01 00:00:00,"esquema=lead1_igual_mes_inicializacao, representação=NMME_HARMONIZED_MONTHLY",Fazendas_Sinobras_Centroide
1991-11,NOAA_NCEP,CFSv2,1991-11,4,3.5,1992-02,OK,"L.attrs contém termo(s) ['forecast_period'] — indica semântica de lead/target, mas isso sozinho não confirma o valor exato de H4 sem uma variável auxiliar de data-alvo. | nenhuma variável auxiliar de data-alvo (('target', 'valid_time', 'target_month', 'forecast_time')) encontrada no dataset aberto — tentando Método B (semântica documentada do eixo forecast_period, Seção 4). | confirmado pela semântica documentada do eixo forecast_period (Método B, Seção 4/6): inicialização confirmada via SCALAR_COORD_ON_VARIABLE (status=OK_SCALAR_COORD), L.standard_name='forecast_period'/units='months', grade [0.5, 1.5, 2.5, 3.5, 4.5, 5.5] mensal confirmada, rota com forecast_period_semantics_documented=True.",CONFIRMED_BY_FORECAST_PERIOD_SEMANTICS,SCALAR_COORD_ON_VARIABLE,1991-11,1991-11,1,OK_SCALAR_COORD,RANGEEDGES,RANGEEDGES_WINDOW_COORDINATE_MATCH,1991-11-01 00:00:00; 1991-12-01 00:00:00,1991-11-01 00:00:00,"esquema=lead1_igual_mes_inicializacao, representação=NMME_HARMONIZED_MONTHLY",Fazendas_Sinobras_Centroide
1991-11,NOAA_NCEP,CFSv2,1991-11,5,4.5,1992-03,OK,"L.attrs contém termo(s) ['forecast_period'] — indica semântica de lead/target, mas isso sozinho não confirma o valor exato de H5 sem uma variável auxiliar de data-alvo. | nenhuma variável auxiliar de data-alvo (('target', 'valid_time', 'target_month', 'forecast_time')) encontrada no dataset aberto — tentando Método B (semântica documentada do eixo forecast_period, Seção 4). | confirmado pela semântica documentada do eixo forecast_period (Método B, Seção 4/6): inicialização confirmada via SCALAR_COORD_ON_VARIABLE (status=OK_SCALAR_COORD), L.standard_name='forecast_period'/units='months', grade [0.5, 1.5, 2.5, 3.5, 4.5, 5.5] mensal confirmada, rota com forecast_period_semantics_documented=True.",CONFIRMED_BY_FORECAST_PERIOD_SEMANTICS,SCALAR_COORD_ON_VARIABLE,1991-11,1991-11,1,OK_SCALAR_COORD,RANGEEDGES,RANGEEDGES_WINDOW_COORDINATE_MATCH,1991-11-01 00:00:00; 1991-12-01 00:00:00,1991-11-01 00:00:00,"esquema=lead1_igual_mes_inicializacao, representação=NMME_HARMONIZED_MONTHLY",Fazendas_Sinobras_Centroide
1991-11,NOAA_NCEP,CFSv2,1991-11,6,5.5,1992-04,OK,"L.attrs contém termo(s) ['forecast_period'] — indica semântica de lead/target, mas isso sozinho não confirma o valor exato de H6 sem uma variável auxiliar de data-alvo. | nenhuma variável auxiliar de data-alvo (('target', 'valid_time', 'target_month', 'forecast_time')) encontrada no dataset aberto — tentando Método B (semântica documentada do eixo forecast_period, Seção 4). | confirmado pela semântica documentada do eixo forecast_period (Método B, Seção 4/6): inicialização confirmada via SCALAR_COORD_ON_VARIABLE (status=OK_SCALAR_COORD), L.standard_name='forecast_period'/units='months', grade [0.5, 1.5, 2.5, 3.5, 4.5, 5.5] mensal confirmada, rota com forecast_period_semantics_documented=True.",CONFIRMED_BY_FORECAST_PERIOD_SEMANTICS,SCALAR_COORD_ON_VARIABLE,1991-11,1991-11,1,OK_SCALAR_COORD,RANGEEDGES,RANGEEDGES_WINDOW_COORDINATE_MATCH,1991-11-01 00:00:00; 1991-12-01 00:00:00,1991-11-01 00:00:00,"esquema=lead1_igual_mes_inicializacao, representação=NMME_HARMONIZED_MONTHLY",Fazendas_Sinobras_Centroide
1991-12,NOAA_NCEP,CFSv2,1991-12,1,0.5,1991-12,OK,"L.attrs contém termo(s) ['forecast_period'] — indica semântica de lead/target, mas isso sozinho não confirma o valor exato de H1 sem uma variável auxiliar de data-alvo. | nenhuma variável auxiliar de data-alvo (('target', 'valid_time', 'target_month', 'forecast_time')) encontrada no dataset aberto — tentando Método B (semântica documentada do eixo forecast_period, Seção 4). | confirmado pela semântica documentada do eixo forecast_period (Método B, Seção 4/6): inicialização confirmada via SCALAR_COORD_ON_VARIABLE (status=OK_SCALAR_COORD), L.standard_name='forecast_period'/units='months', grade [0.5, 1.5, 2.5, 3.5, 4.5, 5.5] mensal confirmada, rota com forecast_period_semantics_documented=True.",CONFIRMED_BY_FORECAST_PERIOD_SEMANTICS,SCALAR_COORD_ON_VARIABLE,1991-12,1991-12,1,OK_SCALAR_COORD,RANGEEDGES,RANGEEDGES_WINDOW_COORDINATE_MATCH,1991-12-01 00:00:00; 1992-01-01 00:00:00,1991-12-01 00:00:00,"esquema=lead1_igual_mes_inicializacao, representação=NMME_HARMONIZED_MONTHLY",Fazendas_Sinobras_Centroide
1991-12,NOAA_NCEP,CFSv2,1991-12,2,1.5,1992-01,OK,"L.attrs contém termo(s) ['forecast_period'] — indica semântica de lead/target, mas isso sozinho não confirma o valor exato de H2 sem uma variável auxiliar de data-alvo. | nenhuma variável auxiliar de data-alvo (('target', 'valid_time', 'target_month', 'forecast_time')) encontrada no dataset aberto — tentando Método B (semântica documentada do eixo forecast_period, Seção 4). | confirmado pela semântica documentada do eixo forecast_period (Método B, Seção 4/6): inicialização confirmada via SCALAR_COORD_ON_VARIABLE (status=OK_SCALAR_COORD), L.standard_name='forecast_period'/units='months', grade [0.5, 1.5, 2.5, 3.5, 4.5, 5.5] mensal confirmada, rota com forecast_period_semantics_documented=True.",CONFIRMED_BY_FORECAST_PERIOD_SEMANTICS,SCALAR_COORD_ON_VARIABLE,1991-12,1991-12,1,OK_SCALAR_COORD,RANGEEDGES,RANGEEDGES_WINDOW_COORDINATE_MATCH,1991-12-01 00:00:00; 1992-01-01 00:00:00,1991-12-01 00:00:00,"esquema=lead1_igual_mes_inicializacao, representação=NMME_HARMONIZED_MONTHLY",Fazendas_Sinobras_Centroide
1991-12,NOAA_NCEP,CFSv2,1991-12,3,2.5,1992-02,OK,"L.attrs contém termo(s) ['forecast_period'] — indica semântica de lead/target, mas isso sozinho não confirma o valor exato de H3 sem uma variável auxiliar de data-alvo. | nenhuma variável auxiliar de data-alvo (('target', 'valid_time', 'target_month', 'forecast_time')) encontrada no dataset aberto — tentando Método B (semântica documentada do eixo forecast_period, Seção 4). | confirmado pela semântica documentada do eixo forecast_period (Método B, Seção 4/6): inicialização confirmada via SCALAR_COORD_ON_VARIABLE (status=OK_SCALAR_COORD), L.standard_name='forecast_period'/units='months', grade [0.5, 1.5, 2.5, 3.5, 4.5, 5.5] mensal confirmada, rota com forecast_period_semantics_documented=True.",CONFIRMED_BY_FORECAST_PERIOD_SEMANTICS,SCALAR_COORD_ON_VARIABLE,1991-12,1991-12,1,OK_SCALAR_COORD,RANGEEDGES,RANGEEDGES_WINDOW_COORDINATE_MATCH,1991-12-01 00:00:00; 1992-01-01 00:00:00,1991-12-01 00:00:00,"esquema=lead1_igual_mes_inicializacao, representação=NMME_HARMONIZED_MONTHLY",Fazendas_Sinobras_Centroide
1991-12,NOAA_NCEP,CFSv2,1991-12,4,3.5,1992-03,OK,"L.attrs contém termo(s) ['forecast_period'] — indica semântica de lead/target, mas isso sozinho não confirma o valor exato de H4 sem uma variável auxiliar de data-alvo. | nenhuma variável auxiliar de data-alvo (('target', 'valid_time', 'target_month', 'forecast_time')) encontrada no dataset aberto — tentando Método B (semântica documentada do eixo forecast_period, Seção 4). | confirmado pela semântica documentada do eixo forecast_period (Método B, Seção 4/6): inicialização confirmada via SCALAR_COORD_ON_VARIABLE (status=OK_SCALAR_COORD), L.standard_name='forecast_period'/units='months', grade [0.5, 1.5, 2.5, 3.5, 4.5, 5.5] mensal confirmada, rota com forecast_period_semantics_documented=True.",CONFIRMED_BY_FORECAST_PERIOD_SEMANTICS,SCALAR_COORD_ON_VARIABLE,1991-12,1991-12,1,OK_SCALAR_COORD,RANGEEDGES,RANGEEDGES_WINDOW_COORDINATE_MATCH,1991-12-01 00:00:00; 1992-01-01 00:00:00,1991-12-01 00:00:00,"esquema=lead1_igual_mes_inicializacao, representação=NMME_HARMONIZED_MONTHLY",Fazendas_Sinobras_Centroide
1991-12,NOAA_NCEP,CFSv2,1991-12,5,4.5,1992-04,OK,"L.attrs contém termo(s) ['forecast_period'] — indica semântica de lead/target, mas isso sozinho não confirma o valor exato de H5 sem uma variável auxiliar de data-alvo. | nenhuma variável auxiliar de data-alvo (('target', 'valid_time', 'target_month', 'forecast_time')) encontrada no dataset aberto — tentando Método B (semântica documentada do eixo forecast_period, Seção 4). | confirmado pela semântica documentada do eixo forecast_period (Método B, Seção 4/6): inicialização confirmada via SCALAR_COORD_ON_VARIABLE (status=OK_SCALAR_COORD), L.standard_name='forecast_period'/units='months', grade [0.5, 1.5, 2.5, 3.5, 4.5, 5.5] mensal confirmada, rota com forecast_period_semantics_documented=True.",CONFIRMED_BY_FORECAST_PERIOD_SEMANTICS,SCALAR_COORD_ON_VARIABLE,1991-12,1991-12,1,OK_SCALAR_COORD,RANGEEDGES,RANGEEDGES_WINDOW_COORDINATE_MATCH,1991-12-01 00:00:00; 1992-01-01 00:00:00,1991-12-01 00:00:00,"esquema=lead1_igual_mes_inicializacao, representação=NMME_HARMONIZED_MONTHLY",Fazendas_Sinobras_Centroide
1991-12,NOAA_NCEP,CFSv2,1991-12,6,5.5,1992-05,OK,"L.attrs contém termo(s) ['forecast_period'] — indica semântica de lead/target, mas isso sozinho não confirma o valor exato de H6 sem uma variável auxiliar de data-alvo. | nenhuma variável auxiliar de data-alvo (('target', 'valid_time', 'target_month', 'forecast_time')) encontrada no dataset aberto — tentando Método B (semântica documentada do eixo forecast_period, Seção 4). | confirmado pela semântica documentada do eixo forecast_period (Método B, Seção 4/6): inicialização confirmada via SCALAR_COORD_ON_VARIABLE (status=OK_SCALAR_COORD), L.standard_name='forecast_period'/units='months', grade [0.5, 1.5, 2.5, 3.5, 4.5, 5.5] mensal confirmada, rota com forecast_period_semantics_documented=True.",CONFIRMED_BY_FORECAST_PERIOD_SEMANTICS,SCALAR_COORD_ON_VARIABLE,1991-12,1991-12,1,OK_SCALAR_COORD,RANGEEDGES,RANGEEDGES_WINDOW_COORDINATE_MATCH,1991-12-01 00:00:00; 1992-01-01 00:00:00,1991-12-01 00:00:00,"esquema=lead1_igual_mes_inicializacao, representação=NMME_HARMONIZED_MONTHLY",Fazendas_Sinobras_Centroide
1992-01,NOAA_NCEP,CFSv2,1992-01,1,0.5,1992-01,OK,"L.attrs contém termo(s) ['forecast_period'] — indica semântica de lead/target, mas isso sozinho não confirma o valor exato de H1 sem uma variável auxiliar de data-alvo. | nenhuma variável auxiliar de data-alvo (('target', 'valid_time', 'target_month', 'forecast_time')) encontrada no dataset aberto — tentando Método B (semântica documentada do eixo forecast_period, Seção 4). | confirmado pela semântica documentada do eixo forecast_period (Método B, Seção 4/6): inicialização confirmada via SCALAR_COORD_ON_VARIABLE (status=OK_SCALAR_COORD), L.standard_name='forecast_period'/units='months', grade [0.5, 1.5, 2.5, 3.5, 4.5, 5.5] mensal confirmada, rota com forecast_period_semantics_documented=True.",CONFIRMED_BY_FORECAST_PERIOD_SEMANTICS,SCALAR_COORD_ON_VARIABLE,1992-01,1992-01,1,OK_SCALAR_COORD,RANGEEDGES,RANGEEDGES_WINDOW_COORDINATE_MATCH,1992-01-01 00:00:00; 1992-02-01 00:00:00,1992-01-01 00:00:00,"esquema=lead1_igual_mes_inicializacao, representação=NMME_HARMONIZED_MONTHLY",Fazendas_Sinobras_Centroide
1992-01,NOAA_NCEP,CFSv2,1992-01,2,1.5,1992-02,OK,"L.attrs contém termo(s) ['forecast_period'] — indica semântica de lead/target, mas isso sozinho não confirma o valor exato de H2 sem uma variável auxiliar de data-alvo. | nenhuma variável auxiliar de data-alvo (('target', 'valid_time', 'target_month', 'forecast_time')) encontrada no dataset aberto — tentando Método B (semântica documentada do eixo forecast_period, Seção 4). | confirmado pela semântica documentada do eixo forecast_period (Método B, Seção 4/6): inicialização confirmada via SCALAR_COORD_ON_VARIABLE (status=OK_SCALAR_COORD), L.standard_name='forecast_period'/units='months', grade [0.5, 1.5, 2.5, 3.5, 4.5, 5.5] mensal confirmada, rota com forecast_period_semantics_documented=True.",CONFIRMED_BY_FORECAST_PERIOD_SEMANTICS,SCALAR_COORD_ON_VARIABLE,1992-01,1992-01,1,OK_SCALAR_COORD,RANGEEDGES,RANGEEDGES_WINDOW_COORDINATE_MATCH,1992-01-01 00:00:00; 1992-02-01 00:00:00,1992-01-01 00:00:00,"esquema=lead1_igual_mes_inicializacao, representação=NMME_HARMONIZED_MONTHLY",Fazendas_Sinobras_Centroide
1992-01,NOAA_NCEP,CFSv2,1992-01,3,2.5,1992-03,OK,"L.attrs contém termo(s) ['forecast_period'] — indica semântica de lead/target, mas isso sozinho não confirma o valor exato de H3 sem uma variável auxiliar de data-alvo. | nenhuma variável auxiliar de data-alvo (('target', 'valid_time', 'target_month', 'forecast_time')) encontrada no dataset aberto — tentando Método B (semântica documentada do eixo forecast_period, Seção 4). | confirmado pela semântica documentada do eixo forecast_period (Método B, Seção 4/6): inicialização confirmada via SCALAR_COORD_ON_VARIABLE (status=OK_SCALAR_COORD), L.standard_name='forecast_period'/units='months', grade [0.5, 1.5, 2.5, 3.5, 4.5, 5.5] mensal confirmada, rota com forecast_period_semantics_documented=True.",CONFIRMED_BY_FORECAST_PERIOD_SEMANTICS,SCALAR_COORD_ON_VARIABLE,1992-01,1992-01,1,OK_SCALAR_COORD,RANGEEDGES,RANGEEDGES_WINDOW_COORDINATE_MATCH,1992-01-01 00:00:00; 1992-02-01 00:00:00,1992-01-01 00:00:00,"esquema=lead1_igual_mes_inicializacao, representação=NMME_HARMONIZED_MONTHLY",Fazendas_Sinobras_Centroide
1992-01,NOAA_NCEP,CFSv2,1992-01,4,3.5,1992-04,OK,"L.attrs contém termo(s) ['forecast_period'] — indica semântica de lead/target, mas isso sozinho não confirma o valor exato de H4 sem uma variável auxiliar de data-alvo. | nenhuma variável auxiliar de data-alvo (('target', 'valid_time', 'target_month', 'forecast_time')) encontrada no dataset aberto — tentando Método B (semântica documentada do eixo forecast_period, Seção 4). | confirmado pela semântica documentada do eixo forecast_period (Método B, Seção 4/6): inicialização confirmada via SCALAR_COORD_ON_VARIABLE (status=OK_SCALAR_COORD), L.standard_name='forecast_period'/units='months', grade [0.5, 1.5, 2.5, 3.5, 4.5, 5.5] mensal confirmada, rota com forecast_period_semantics_documented=True.",CONFIRMED_BY_FORECAST_PERIOD_SEMANTICS,SCALAR_COORD_ON_VARIABLE,1992-01,1992-01,1,OK_SCALAR_COORD,RANGEEDGES,RANGEEDGES_WINDOW_COORDINATE_MATCH,1992-01-01 00:00:00; 1992-02-01 00:00:00,1992-01-01 00:00:00,"esquema=lead1_igual_mes_inicializacao, representação=NMME_HARMONIZED_MONTHLY",Fazendas_Sinobras_Centroide
1992-01,NOAA_NCEP,CFSv2,1992-01,5,4.5,1992-05,OK,"L.attrs contém termo(s) ['forecast_period'] — indica semântica de lead/target, mas isso sozinho não confirma o valor exato de H5 sem uma variável auxiliar de data-alvo. | nenhuma variável auxiliar de data-alvo (('target', 'valid_time', 'target_month', 'forecast_time')) encontrada no dataset aberto — tentando Método B (semântica documentada do eixo forecast_period, Seção 4). | confirmado pela semântica documentada do eixo forecast_period (Método B, Seção 4/6): inicialização confirmada via SCALAR_COORD_ON_VARIABLE (status=OK_SCALAR_COORD), L.standard_name='forecast_period'/units='months', grade [0.5, 1.5, 2.5, 3.5, 4.5, 5.5] mensal confirmada, rota com forecast_period_semantics_documented=True.",CONFIRMED_BY_FORECAST_PERIOD_SEMANTICS,SCALAR_COORD_ON_VARIABLE,1992-01,1992-01,1,OK_SCALAR_COORD,RANGEEDGES,RANGEEDGES_WINDOW_COORDINATE_MATCH,1992-01-01 00:00:00; 1992-02-01 00:00:00,1992-01-01 00:00:00,"esquema=lead1_igual_mes_inicializacao, representação=NMME_HARMONIZED_MONTHLY",Fazendas_Sinobras_Centroide
1992-01,NOAA_NCEP,CFSv2,1992-01,6,5.5,1992-06,OK,"L.attrs contém termo(s) ['forecast_period'] — indica semântica de lead/target, mas isso sozinho não confirma o valor exato de H6 sem uma variável auxiliar de data-alvo. | nenhuma variável auxiliar de data-alvo (('target', 'valid_time', 'target_month', 'forecast_time')) encontrada no dataset aberto — tentando Método B (semântica documentada do eixo forecast_period, Seção 4). | confirmado pela semântica documentada do eixo forecast_period (Método B, Seção 4/6): inicialização confirmada via SCALAR_COORD_ON_VARIABLE (status=OK_SCALAR_COORD), L.standard_name='forecast_period'/units='months', grade [0.5, 1.5, 2.5, 3.5, 4.5, 5.5] mensal confirmada, rota com forecast_period_semantics_documented=True.",CONFIRMED_BY_FORECAST_PERIOD_SEMANTICS,SCALAR_COORD_ON_VARIABLE,1992-01,1992-01,1,OK_SCALAR_COORD,RANGEEDGES,RANGEEDGES_WINDOW_COORDINATE_MATCH,1992-01-01 00:00:00; 1992-02-01 00:00:00,1992-01-01 00:00:00,"esquema=lead1_igual_mes_inicializacao, representação=NMME_HARMONIZED_MONTHLY",Fazendas_Sinobras_Centroide
1992-02,NOAA_NCEP,CFSv2,1992-02,1,0.5,1992-02,OK,"L.attrs contém termo(s) ['forecast_period'] — indica semântica de lead/target, mas isso sozinho não confirma o valor exato de H1 sem uma variável auxiliar de data-alvo. | nenhuma variável auxiliar de data-alvo (('target', 'valid_time', 'target_month', 'forecast_time')) encontrada no dataset aberto — tentando Método B (semântica documentada do eixo forecast_period, Seção 4). | confirmado pela semântica documentada do eixo forecast_period (Método B, Seção 4/6): inicialização confirmada via SCALAR_COORD_ON_VARIABLE (status=OK_SCALAR_COORD), L.standard_name='forecast_period'/units='months', grade [0.5, 1.5, 2.5, 3.5, 4.5, 5.5] mensal confirmada, rota com forecast_period_semantics_documented=True.",CONFIRMED_BY_FORECAST_PERIOD_SEMANTICS,SCALAR_COORD_ON_VARIABLE,1992-02,1992-02,1,OK_SCALAR_COORD,RANGEEDGES,RANGEEDGES_WINDOW_COORDINATE_MATCH,1992-02-01 00:00:00; 1992-03-01 00:00:00,1992-02-01 00:00:00,"esquema=lead1_igual_mes_inicializacao, representação=NMME_HARMONIZED_MONTHLY",Fazendas_Sinobras_Centroide
1992-02,NOAA_NCEP,CFSv2,1992-02,2,1.5,1992-03,OK,"L.attrs contém termo(s) ['forecast_period'] — indica semântica de lead/target, mas isso sozinho não confirma o valor exato de H2 sem uma variável auxiliar de data-alvo. | nenhuma variável auxiliar de data-alvo (('target', 'valid_time', 'target_month', 'forecast_time')) encontrada no dataset aberto — tentando Método B (semântica documentada do eixo forecast_period, Seção 4). | confirmado pela semântica documentada do eixo forecast_period (Método B, Seção 4/6): inicialização confirmada via SCALAR_COORD_ON_VARIABLE (status=OK_SCALAR_COORD), L.standard_name='forecast_period'/units='months', grade [0.5, 1.5, 2.5, 3.5, 4.5, 5.5] mensal confirmada, rota com forecast_period_semantics_documented=True.",CONFIRMED_BY_FORECAST_PERIOD_SEMANTICS,SCALAR_COORD_ON_VARIABLE,1992-02,1992-02,1,OK_SCALAR_COORD,RANGEEDGES,RANGEEDGES_WINDOW_COORDINATE_MATCH,1992-02-01 00:00:00; 1992-03-01 00:00:00,1992-02-01 00:00:00,"esquema=lead1_igual_mes_inicializacao, representação=NMME_HARMONIZED_MONTHLY",Fazendas_Sinobras_Centroide
1992-02,NOAA_NCEP,CFSv2,1992-02,3,2.5,1992-04,OK,"L.attrs contém termo(s) ['forecast_period'] — indica semântica de lead/target, mas isso sozinho não confirma o valor exato de H3 sem uma variável auxiliar de data-alvo. | nenhuma variável auxiliar de data-alvo (('target', 'valid_time', 'target_month', 'forecast_time')) encontrada no dataset aberto — tentando Método B (semântica documentada do eixo forecast_period, Seção 4). | confirmado pela semântica documentada do eixo forecast_period (Método B, Seção 4/6): inicialização confirmada via SCALAR_COORD_ON_VARIABLE (status=OK_SCALAR_COORD), L.standard_name='forecast_period'/units='months', grade [0.5, 1.5, 2.5, 3.5, 4.5, 5.5] mensal confirmada, rota com forecast_period_semantics_documented=True.",CONFIRMED_BY_FORECAST_PERIOD_SEMANTICS,SCALAR_COORD_ON_VARIABLE,1992-02,1992-02,1,OK_SCALAR_COORD,RANGEEDGES,RANGEEDGES_WINDOW_COORDINATE_MATCH,1992-02-01 00:00:00; 1992-03-01 00:00:00,1992-02-01 00:00:00,"esquema=lead1_igual_mes_inicializacao, representação=NMME_HARMONIZED_MONTHLY",Fazendas_Sinobras_Centroide
1992-02,NOAA_NCEP,CFSv2,1992-02,4,3.5,1992-05,OK,"L.attrs contém termo(s) ['forecast_period'] — indica semântica de lead/target, mas isso sozinho não confirma o valor exato de H4 sem uma variável auxiliar de data-alvo. | nenhuma variável auxiliar de data-alvo (('target', 'valid_time', 'target_month', 'forecast_time')) encontrada no dataset aberto — tentando Método B (semântica documentada do eixo forecast_period, Seção 4). | confirmado pela semântica documentada do eixo forecast_period (Método B, Seção 4/6): inicialização confirmada via SCALAR_COORD_ON_VARIABLE (status=OK_SCALAR_COORD), L.standard_name='forecast_period'/units='months', grade [0.5, 1.5, 2.5, 3.5, 4.5, 5.5] mensal confirmada, rota com forecast_period_semantics_documented=True.",CONFIRMED_BY_FORECAST_PERIOD_SEMANTICS,SCALAR_COORD_ON_VARIABLE,1992-02,1992-02,1,OK_SCALAR_COORD,RANGEEDGES,RANGEEDGES_WINDOW_COORDINATE_MATCH,1992-02-01 00:00:00; 1992-03-01 00:00:00,1992-02-01 00:00:00,"esquema=lead1_igual_mes_inicializacao, representação=NMME_HARMONIZED_MONTHLY",Fazendas_Sinobras_Centroide
1992-02,NOAA_NCEP,CFSv2,1992-02,5,4.5,1992-06,OK,"L.attrs contém termo(s) ['forecast_period'] — indica semântica de lead/target, mas isso sozinho não confirma o valor exato de H5 sem uma variável auxiliar de data-alvo. | nenhuma variável auxiliar de data-alvo (('target', 'valid_time', 'target_month', 'forecast_time')) encontrada no dataset aberto — tentando Método B (semântica documentada do eixo forecast_period, Seção 4). | confirmado pela semântica documentada do eixo forecast_period (Método B, Seção 4/6): inicialização confirmada via SCALAR_COORD_ON_VARIABLE (status=OK_SCALAR_COORD), L.standard_name='forecast_period'/units='months', grade [0.5, 1.5, 2.5, 3.5, 4.5, 5.5] mensal confirmada, rota com forecast_period_semantics_documented=True.",CONFIRMED_BY_FORECAST_PERIOD_SEMANTICS,SCALAR_COORD_ON_VARIABLE,1992-02,1992-02,1,OK_SCALAR_COORD,RANGEEDGES,RANGEEDGES_WINDOW_COORDINATE_MATCH,1992-02-01 00:00:00; 1992-03-01 00:00:00,1992-02-01 00:00:00,"esquema=lead1_igual_mes_inicializacao, representação=NMME_HARMONIZED_MONTHLY",Fazendas_Sinobras_Centroide
1992-02,NOAA_NCEP,CFSv2,1992-02,6,5.5,1992-07,OK,"L.attrs contém termo(s) ['forecast_period'] — indica semântica de lead/target, mas isso sozinho não confirma o valor exato de H6 sem uma variável auxiliar de data-alvo. | nenhuma variável auxiliar de data-alvo (('target', 'valid_time', 'target_month', 'forecast_time')) encontrada no dataset aberto — tentando Método B (semântica documentada do eixo forecast_period, Seção 4). | confirmado pela semântica documentada do eixo forecast_period (Método B, Seção 4/6): inicialização confirmada via SCALAR_COORD_ON_VARIABLE (status=OK_SCALAR_COORD), L.standard_name='forecast_period'/units='months', grade [0.5, 1.5, 2.5, 3.5, 4.5, 5.5] mensal confirmada, rota com forecast_period_semantics_documented=True.",CONFIRMED_BY_FORECAST_PERIOD_SEMANTICS,SCALAR_COORD_ON_VARIABLE,1992-02,1992-02,1,OK_SCALAR_COORD,RANGEEDGES,RANGEEDGES_WINDOW_COORDINATE_MATCH,1992-02-01 00:00:00; 1992-03-01 00:00:00,1992-02-01 00:00:00,"esquema=lead1_igual_mes_inicializacao, representação=NMME_HARMONIZED_MONTHLY",Fazendas_Sinobras_Centroide
1992-03,NOAA_NCEP,CFSv2,1992-03,1,0.5,1992-03,OK,"L.attrs contém termo(s) ['forecast_period'] — indica semântica de lead/target, mas isso sozinho não confirma o valor exato de H1 sem uma variável auxiliar de data-alvo. | nenhuma variável auxiliar de data-alvo (('target', 'valid_time', 'target_month', 'forecast_time')) encontrada no dataset aberto — tentando Método B (semântica documentada do eixo forecast_period, Seção 4). | confirmado pela semântica documentada do eixo forecast_period (Método B, Seção 4/6): inicialização confirmada via SCALAR_COORD_ON_VARIABLE (status=OK_SCALAR_COORD), L.standard_name='forecast_period'/units='months', grade [0.5, 1.5, 2.5, 3.5, 4.5, 5.5] mensal confirmada, rota com forecast_period_semantics_documented=True.",CONFIRMED_BY_FORECAST_PERIOD_SEMANTICS,SCALAR_COORD_ON_VARIABLE,1992-03,1992-03,1,OK_SCALAR_COORD,RANGEEDGES,RANGEEDGES_WINDOW_COORDINATE_MATCH,1992-03-01 00:00:00; 1992-04-01 00:00:00,1992-03-01 00:00:00,"esquema=lead1_igual_mes_inicializacao, representação=NMME_HARMONIZED_MONTHLY",Fazendas_Sinobras_Centroide
1992-03,NOAA_NCEP,CFSv2,1992-03,2,1.5,1992-04,OK,"L.attrs contém termo(s) ['forecast_period'] — indica semântica de lead/target, mas isso sozinho não confirma o valor exato de H2 sem uma variável auxiliar de data-alvo. | nenhuma variável auxiliar de data-alvo (('target', 'valid_time', 'target_month', 'forecast_time')) encontrada no dataset aberto — tentando Método B (semântica documentada do eixo forecast_period, Seção 4). | confirmado pela semântica documentada do eixo forecast_period (Método B, Seção 4/6): inicialização confirmada via SCALAR_COORD_ON_VARIABLE (status=OK_SCALAR_COORD), L.standard_name='forecast_period'/units='months', grade [0.5, 1.5, 2.5, 3.5, 4.5, 5.5] mensal confirmada, rota com forecast_period_semantics_documented=True.",CONFIRMED_BY_FORECAST_PERIOD_SEMANTICS,SCALAR_COORD_ON_VARIABLE,1992-03,1992-03,1,OK_SCALAR_COORD,RANGEEDGES,RANGEEDGES_WINDOW_COORDINATE_MATCH,1992-03-01 00:00:00; 1992-04-01 00:00:00,1992-03-01 00:00:00,"esquema=lead1_igual_mes_inicializacao, representação=NMME_HARMONIZED_MONTHLY",Fazendas_Sinobras_Centroide
1992-03,NOAA_NCEP,CFSv2,1992-03,3,2.5,1992-05,OK,"L.attrs contém termo(s) ['forecast_period'] — indica semântica de lead/target, mas isso sozinho não confirma o valor exato de H3 sem uma variável auxiliar de data-alvo. | nenhuma variável auxiliar de data-alvo (('target', 'valid_time', 'target_month', 'forecast_time')) encontrada no dataset aberto — tentando Método B (semântica documentada do eixo forecast_period, Seção 4). | confirmado pela semântica documentada do eixo forecast_period (Método B, Seção 4/6): inicialização confirmada via SCALAR_COORD_ON_VARIABLE (status=OK_SCALAR_COORD), L.standard_name='forecast_period'/units='months', grade [0.5, 1.5, 2.5, 3.5, 4.5, 5.5] mensal confirmada, rota com forecast_period_semantics_documented=True.",CONFIRMED_BY_FORECAST_PERIOD_SEMANTICS,SCALAR_COORD_ON_VARIABLE,1992-03,1992-03,1,OK_SCALAR_COORD,RANGEEDGES,RANGEEDGES_WINDOW_COORDINATE_MATCH,1992-03-01 00:00:00; 1992-04-01 00:00:00,1992-03-01 00:00:00,"esquema=lead1_igual_mes_inicializacao, representação=NMME_HARMONIZED_MONTHLY",Fazendas_Sinobras_Centroide
1992-03,NOAA_NCEP,CFSv2,1992-03,4,3.5,1992-06,OK,"L.attrs contém termo(s) ['forecast_period'] — indica semântica de lead/target, mas isso sozinho não confirma o valor exato de H4 sem uma variável auxiliar de data-alvo. | nenhuma variável auxiliar de data-alvo (('target', 'valid_time', 'target_month', 'forecast_time')) encontrada no dataset aberto — tentando Método B (semântica documentada do eixo forecast_period, Seção 4). | confirmado pela semântica documentada do eixo forecast_period (Método B, Seção 4/6): inicialização confirmada via SCALAR_COORD_ON_VARIABLE (status=OK_SCALAR_COORD), L.standard_name='forecast_period'/units='months', grade [0.5, 1.5, 2.5, 3.5, 4.5, 5.5] mensal confirmada, rota com forecast_period_semantics_documented=True.",CONFIRMED_BY_FORECAST_PERIOD_SEMANTICS,SCALAR_COORD_ON_VARIABLE,1992-03,1992-03,1,OK_SCALAR_COORD,RANGEEDGES,RANGEEDGES_WINDOW_COORDINATE_MATCH,1992-03-01 00:00:00; 1992-04-01 00:00:00,1992-03-01 00:00:00,"esquema=lead1_igual_mes_inicializacao, representação=NMME_HARMONIZED_MONTHLY",Fazendas_Sinobras_Centroide
1992-03,NOAA_NCEP,CFSv2,1992-03,5,4.5,1992-07,OK,"L.attrs contém termo(s) ['forecast_period'] — indica semântica de lead/target, mas isso sozinho não confirma o valor exato de H5 sem uma variável auxiliar de data-alvo. | nenhuma variável auxiliar de data-alvo (('target', 'valid_time', 'target_month', 'forecast_time')) encontrada no dataset aberto — tentando Método B (semântica documentada do eixo forecast_period, Seção 4). | confirmado pela semântica documentada do eixo forecast_period (Método B, Seção 4/6): inicialização confirmada via SCALAR_COORD_ON_VARIABLE (status=OK_SCALAR_COORD), L.standard_name='forecast_period'/units='months', grade [0.5, 1.5, 2.5, 3.5, 4.5, 5.5] mensal confirmada, rota com forecast_period_semantics_documented=True.",CONFIRMED_BY_FORECAST_PERIOD_SEMANTICS,SCALAR_COORD_ON_VARIABLE,1992-03,1992-03,1,OK_SCALAR_COORD,RANGEEDGES,RANGEEDGES_WINDOW_COORDINATE_MATCH,1992-03-01 00:00:00; 1992-04-01 00:00:00,1992-03-01 00:00:00,"esquema=lead1_igual_mes_inicializacao, representação=NMME_HARMONIZED_MONTHLY",Fazendas_Sinobras_Centroide
1992-03,NOAA_NCEP,CFSv2,1992-03,6,5.5,1992-08,OK,"L.attrs contém termo(s) ['forecast_period'] — indica semântica de lead/target, mas isso sozinho não confirma o valor exato de H6 sem uma variável auxiliar de data-alvo. | nenhuma variável auxiliar de data-alvo (('target', 'valid_time', 'target_month', 'forecast_time')) encontrada no dataset aberto — tentando Método B (semântica documentada do eixo forecast_period, Seção 4). | confirmado pela semântica documentada do eixo forecast_period (Método B, Seção 4/6): inicialização confirmada via SCALAR_COORD_ON_VARIABLE (status=OK_SCALAR_COORD), L.standard_name='forecast_period'/units='months', grade [0.5, 1.5, 2.5, 3.5, 4.5, 5.5] mensal confirmada, rota com forecast_period_semantics_documented=True.",CONFIRMED_BY_FORECAST_PERIOD_SEMANTICS,SCALAR_COORD_ON_VARIABLE,1992-03,1992-03,1,OK_SCALAR_COORD,RANGEEDGES,RANGEEDGES_WINDOW_COORDINATE_MATCH,1992-03-01 00:00:00; 1992-04-01 00:00:00,1992-03-01 00:00:00,"esquema=lead1_igual_mes_inicializacao, representação=NMME_HARMONIZED_MONTHLY",Fazendas_Sinobras_Centroide
1992-04,NOAA_NCEP,CFSv2,1992-04,1,0.5,1992-04,OK,"L.attrs contém termo(s) ['forecast_period'] — indica semântica de lead/target, mas isso sozinho não confirma o valor exato de H1 sem uma variável auxiliar de data-alvo. | nenhuma variável auxiliar de data-alvo (('target', 'valid_time', 'target_month', 'forecast_time')) encontrada no dataset aberto — tentando Método B (semântica documentada do eixo forecast_period, Seção 4). | confirmado pela semântica documentada do eixo forecast_period (Método B, Seção 4/6): inicialização confirmada via SCALAR_COORD_ON_VARIABLE (status=OK_SCALAR_COORD), L.standard_name='forecast_period'/units='months', grade [0.5, 1.5, 2.5, 3.5, 4.5, 5.5] mensal confirmada, rota com forecast_period_semantics_documented=True.",CONFIRMED_BY_FORECAST_PERIOD_SEMANTICS,SCALAR_COORD_ON_VARIABLE,1992-04,1992-04,1,OK_SCALAR_COORD,RANGEEDGES,RANGEEDGES_WINDOW_COORDINATE_MATCH,1992-04-01 00:00:00; 1992-05-01 00:00:00,1992-04-01 00:00:00,"esquema=lead1_igual_mes_inicializacao, representação=NMME_HARMONIZED_MONTHLY",Fazendas_Sinobras_Centroide
1992-04,NOAA_NCEP,CFSv2,1992-04,2,1.5,1992-05,OK,"L.attrs contém termo(s) ['forecast_period'] — indica semântica de lead/target, mas isso sozinho não confirma o valor exato de H2 sem uma variável auxiliar de data-alvo. | nenhuma variável auxiliar de data-alvo (('target', 'valid_time', 'target_month', 'forecast_time')) encontrada no dataset aberto — tentando Método B (semântica documentada do eixo forecast_period, Seção 4). | confirmado pela semântica documentada do eixo forecast_period (Método B, Seção 4/6): inicialização confirmada via SCALAR_COORD_ON_VARIABLE (status=OK_SCALAR_COORD), L.standard_name='forecast_period'/units='months', grade [0.5, 1.5, 2.5, 3.5, 4.5, 5.5] mensal confirmada, rota com forecast_period_semantics_documented=True.",CONFIRMED_BY_FORECAST_PERIOD_SEMANTICS,SCALAR_COORD_ON_VARIABLE,1992-04,1992-04,1,OK_SCALAR_COORD,RANGEEDGES,RANGEEDGES_WINDOW_COORDINATE_MATCH,1992-04-01 00:00:00; 1992-05-01 00:00:00,1992-04-01 00:00:00,"esquema=lead1_igual_mes_inicializacao, representação=NMME_HARMONIZED_MONTHLY",Fazendas_Sinobras_Centroide
1992-04,NOAA_NCEP,CFSv2,1992-04,3,2.5,1992-06,OK,"L.attrs contém termo(s) ['forecast_period'] — indica semântica de lead/target, mas isso sozinho não confirma o valor exato de H3 sem uma variável auxiliar de data-alvo. | nenhuma variável auxiliar de data-alvo (('target', 'valid_time', 'target_month', 'forecast_time')) encontrada no dataset aberto — tentando Método B (semântica documentada do eixo forecast_period, Seção 4). | confirmado pela semântica documentada do eixo forecast_period (Método B, Seção 4/6): inicialização confirmada via SCALAR_COORD_ON_VARIABLE (status=OK_SCALAR_COORD), L.standard_name='forecast_period'/units='months', grade [0.5, 1.5, 2.5, 3.5, 4.5, 5.5] mensal confirmada, rota com forecast_period_semantics_documented=True.",CONFIRMED_BY_FORECAST_PERIOD_SEMANTICS,SCALAR_COORD_ON_VARIABLE,1992-04,1992-04,1,OK_SCALAR_COORD,RANGEEDGES,RANGEEDGES_WINDOW_COORDINATE_MATCH,1992-04-01 00:00:00; 1992-05-01 00:00:00,1992-04-01 00:00:00,"esquema=lead1_igual_mes_inicializacao, representação=NMME_HARMONIZED_MONTHLY",Fazendas_Sinobras_Centroide
1992-04,NOAA_NCEP,CFSv2,1992-04,4,3.5,1992-07,OK,"L.attrs contém termo(s) ['forecast_period'] — indica semântica de lead/target, mas isso sozinho não confirma o valor exato de H4 sem uma variável auxiliar de data-alvo. | nenhuma variável auxiliar de data-alvo (('target', 'valid_time', 'target_month', 'forecast_time')) encontrada no dataset aberto — tentando Método B (semântica documentada do eixo forecast_period, Seção 4). | confirmado pela semântica documentada do eixo forecast_period (Método B, Seção 4/6): inicialização confirmada via SCALAR_COORD_ON_VARIABLE (status=OK_SCALAR_COORD), L.standard_name='forecast_period'/units='months', grade [0.5, 1.5, 2.5, 3.5, 4.5, 5.5] mensal confirmada, rota com forecast_period_semantics_documented=True.",CONFIRMED_BY_FORECAST_PERIOD_SEMANTICS,SCALAR_COORD_ON_VARIABLE,1992-04,1992-04,1,OK_SCALAR_COORD,RANGEEDGES,RANGEEDGES_WINDOW_COORDINATE_MATCH,1992-04-01 00:00:00; 1992-05-01 00:00:00,1992-04-01 00:00:00,"esquema=lead1_igual_mes_inicializacao, representação=NMME_HARMONIZED_MONTHLY",Fazendas_Sinobras_Centroide
1992-04,NOAA_NCEP,CFSv2,1992-04,5,4.5,1992-08,OK,"L.attrs contém termo(s) ['forecast_period'] — indica semântica de lead/target, mas isso sozinho não confirma o valor exato de H5 sem uma variável auxiliar de data-alvo. | nenhuma variável auxiliar de data-alvo (('target', 'valid_time', 'target_month', 'forecast_time')) encontrada no dataset aberto — tentando Método B (semântica documentada do eixo forecast_period, Seção 4). | confirmado pela semântica documentada do eixo forecast_period (Método B, Seção 4/6): inicialização confirmada via SCALAR_COORD_ON_VARIABLE (status=OK_SCALAR_COORD), L.standard_name='forecast_period'/units='months', grade [0.5, 1.5, 2.5, 3.5, 4.5, 5.5] mensal confirmada, rota com forecast_period_semantics_documented=True.",CONFIRMED_BY_FORECAST_PERIOD_SEMANTICS,SCALAR_COORD_ON_VARIABLE,1992-04,1992-04,1,OK_SCALAR_COORD,RANGEEDGES,RANGEEDGES_WINDOW_COORDINATE_MATCH,1992-04-01 00:00:00; 1992-05-01 00:00:00,1992-04-01 00:00:00,"esquema=lead1_igual_mes_inicializacao, representação=NMME_HARMONIZED_MONTHLY",Fazendas_Sinobras_Centroide
1992-04,NOAA_NCEP,CFSv2,1992-04,6,5.5,1992-09,OK,"L.attrs contém termo(s) ['forecast_period'] — indica semântica de lead/target, mas isso sozinho não confirma o valor exato de H6 sem uma variável auxiliar de data-alvo. | nenhuma variável auxiliar de data-alvo (('target', 'valid_time', 'target_month', 'forecast_time')) encontrada no dataset aberto — tentando Método B (semântica documentada do eixo forecast_period, Seção 4). | confirmado pela semântica documentada do eixo forecast_period (Método B, Seção 4/6): inicialização confirmada via SCALAR_COORD_ON_VARIABLE (status=OK_SCALAR_COORD), L.standard_name='forecast_period'/units='months', grade [0.5, 1.5, 2.5, 3.5, 4.5, 5.5] mensal confirmada, rota com forecast_period_semantics_documented=True.",CONFIRMED_BY_FORECAST_PERIOD_SEMANTICS,SCALAR_COORD_ON_VARIABLE,1992-04,1992-04,1,OK_SCALAR_COORD,RANGEEDGES,RANGEEDGES_WINDOW_COORDINATE_MATCH,1992-04-01 00:00:00; 1992-05-01 00:00:00,1992-04-01 00:00:00,"esquema=lead1_igual_mes_inicializacao, representação=NMME_HARMONIZED_MONTHLY",Fazendas_Sinobras_Centroide
1992-05,NOAA_NCEP,CFSv2,1992-05,1,0.5,1992-05,OK,"L.attrs contém termo(s) ['forecast_period'] — indica semântica de lead/target, mas isso sozinho não confirma o valor exato de H1 sem uma variável auxiliar de data-alvo. | nenhuma variável auxiliar de data-alvo (('target', 'valid_time', 'target_month', 'forecast_time')) encontrada no dataset aberto — tentando Método B (semântica documentada do eixo forecast_period, Seção 4). | confirmado pela semântica documentada do eixo forecast_period (Método B, Seção 4/6): inicialização confirmada via SCALAR_COORD_ON_VARIABLE (status=OK_SCALAR_COORD), L.standard_name='forecast_period'/units='months', grade [0.5, 1.5, 2.5, 3.5, 4.5, 5.5] mensal confirmada, rota com forecast_period_semantics_documented=True.",CONFIRMED_BY_FORECAST_PERIOD_SEMANTICS,SCALAR_COORD_ON_VARIABLE,1992-05,1992-05,1,OK_SCALAR_COORD,RANGEEDGES,RANGEEDGES_WINDOW_COORDINATE_MATCH,1992-05-01 00:00:00; 1992-06-01 00:00:00,1992-05-01 00:00:00,"esquema=lead1_igual_mes_inicializacao, representação=NMME_HARMONIZED_MONTHLY",Fazendas_Sinobras_Centroide
1992-05,NOAA_NCEP,CFSv2,1992-05,2,1.5,1992-06,OK,"L.attrs contém termo(s) ['forecast_period'] — indica semântica de lead/target, mas isso sozinho não confirma o valor exato de H2 sem uma variável auxiliar de data-alvo. | nenhuma variável auxiliar de data-alvo (('target', 'valid_time', 'target_month', 'forecast_time')) encontrada no dataset aberto — tentando Método B (semântica documentada do eixo forecast_period, Seção 4). | confirmado pela semântica documentada do eixo forecast_period (Método B, Seção 4/6): inicialização confirmada via SCALAR_COORD_ON_VARIABLE (status=OK_SCALAR_COORD), L.standard_name='forecast_period'/units='months', grade [0.5, 1.5, 2.5, 3.5, 4.5, 5.5] mensal confirmada, rota com forecast_period_semantics_documented=True.",CONFIRMED_BY_FORECAST_PERIOD_SEMANTICS,SCALAR_COORD_ON_VARIABLE,1992-05,1992-05,1,OK_SCALAR_COORD,RANGEEDGES,RANGEEDGES_WINDOW_COORDINATE_MATCH,1992-05-01 00:00:00; 1992-06-01 00:00:00,1992-05-01 00:00:00,"esquema=lead1_igual_mes_inicializacao, representação=NMME_HARMONIZED_MONTHLY",Fazendas_Sinobras_Centroide
1992-05,NOAA_NCEP,CFSv2,1992-05,3,2.5,1992-07,OK,"L.attrs contém termo(s) ['forecast_period'] — indica semântica de lead/target, mas isso sozinho não confirma o valor exato de H3 sem uma variável auxiliar de data-alvo. | nenhuma variável auxiliar de data-alvo (('target', 'valid_time', 'target_month', 'forecast_time')) encontrada no dataset aberto — tentando Método B (semântica documentada do eixo forecast_period, Seção 4). | confirmado pela semântica documentada do eixo forecast_period (Método B, Seção 4/6): inicialização confirmada via SCALAR_COORD_ON_VARIABLE (status=OK_SCALAR_COORD), L.standard_name='forecast_period'/units='months', grade [0.5, 1.5, 2.5, 3.5, 4.5, 5.5] mensal confirmada, rota com forecast_period_semantics_documented=True.",CONFIRMED_BY_FORECAST_PERIOD_SEMANTICS,SCALAR_COORD_ON_VARIABLE,1992-05,1992-05,1,OK_SCALAR_COORD,RANGEEDGES,RANGEEDGES_WINDOW_COORDINATE_MATCH,1992-05-01 00:00:00; 1992-06-01 00:00:00,1992-05-01 00:00:00,"esquema=lead1_igual_mes_inicializacao, representação=NMME_HARMONIZED_MONTHLY",Fazendas_Sinobras_Centroide
1992-05,NOAA_NCEP,CFSv2,1992-05,4,3.5,1992-08,OK,"L.attrs contém termo(s) ['forecast_period'] — indica semântica de lead/target, mas isso sozinho não confirma o valor exato de H4 sem uma variável auxiliar de data-alvo. | nenhuma variável auxiliar de data-alvo (('target', 'valid_time', 'target_month', 'forecast_time')) encontrada no dataset aberto — tentando Método B (semântica documentada do eixo forecast_period, Seção 4). | confirmado pela semântica documentada do eixo forecast_period (Método B, Seção 4/6): inicialização confirmada via SCALAR_COORD_ON_VARIABLE (status=OK_SCALAR_COORD), L.standard_name='forecast_period'/units='months', grade [0.5, 1.5, 2.5, 3.5, 4.5, 5.5] mensal confirmada, rota com forecast_period_semantics_documented=True.",CONFIRMED_BY_FORECAST_PERIOD_SEMANTICS,SCALAR_COORD_ON_VARIABLE,1992-05,1992-05,1,OK_SCALAR_COORD,RANGEEDGES,RANGEEDGES_WINDOW_COORDINATE_MATCH,1992-05-01 00:00:00; 1992-06-01 00:00:00,1992-05-01 00:00:00,"esquema=lead1_igual_mes_inicializacao, representação=NMME_HARMONIZED_MONTHLY",Fazendas_Sinobras_Centroide
1992-05,NOAA_NCEP,CFSv2,1992-05,5,4.5,1992-09,OK,"L.attrs contém termo(s) ['forecast_period'] — indica semântica de lead/target, mas isso sozinho não confirma o valor exato de H5 sem uma variável auxiliar de data-alvo. | nenhuma variável auxiliar de data-alvo (('target', 'valid_time', 'target_month', 'forecast_time')) encontrada no dataset aberto — tentando Método B (semântica documentada do eixo forecast_period, Seção 4). | confirmado pela semântica documentada do eixo forecast_period (Método B, Seção 4/6): inicialização confirmada via SCALAR_COORD_ON_VARIABLE (status=OK_SCALAR_COORD), L.standard_name='forecast_period'/units='months', grade [0.5, 1.5, 2.5, 3.5, 4.5, 5.5] mensal confirmada, rota com forecast_period_semantics_documented=True.",CONFIRMED_BY_FORECAST_PERIOD_SEMANTICS,SCALAR_COORD_ON_VARIABLE,1992-05,1992-05,1,OK_SCALAR_COORD,RANGEEDGES,RANGEEDGES_WINDOW_COORDINATE_MATCH,1992-05-01 00:00:00; 1992-06-01 00:00:00,1992-05-01 00:00:00,"esquema=lead1_igual_mes_inicializacao, representação=NMME_HARMONIZED_MONTHLY",Fazendas_Sinobras_Centroide
1992-05,NOAA_NCEP,CFSv2,1992-05,6,5.5,1992-10,OK,"L.attrs contém termo(s) ['forecast_period'] — indica semântica de lead/target, mas isso sozinho não confirma o valor exato de H6 sem uma variável auxiliar de data-alvo. | nenhuma variável auxiliar de data-alvo (('target', 'valid_time', 'target_month', 'forecast_time')) encontrada no dataset aberto — tentando Método B (semântica documentada do eixo forecast_period, Seção 4). | confirmado pela semântica documentada do eixo forecast_period (Método B, Seção 4/6): inicialização confirmada via SCALAR_COORD_ON_VARIABLE (status=OK_SCALAR_COORD), L.standard_name='forecast_period'/units='months', grade [0.5, 1.5, 2.5, 3.5, 4.5, 5.5] mensal confirmada, rota com forecast_period_semantics_documented=True.",CONFIRMED_BY_FORECAST_PERIOD_SEMANTICS,SCALAR_COORD_ON_VARIABLE,1992-05,1992-05,1,OK_SCALAR_COORD,RANGEEDGES,RANGEEDGES_WINDOW_COORDINATE_MATCH,1992-05-01 00:00:00; 1992-06-01 00:00:00,1992-05-01 00:00:00,"esquema=lead1_igual_mes_inicializacao, representação=NMME_HARMONIZED_MONTHLY",Fazendas_Sinobras_Centroide
1992-06,NOAA_NCEP,CFSv2,1992-06,1,0.5,1992-06,OK,"L.attrs contém termo(s) ['forecast_period'] — indica semântica de lead/target, mas isso sozinho não confirma o valor exato de H1 sem uma variável auxiliar de data-alvo. | nenhuma variável auxiliar de data-alvo (('target', 'valid_time', 'target_month', 'forecast_time')) encontrada no dataset aberto — tentando Método B (semântica documentada do eixo forecast_period, Seção 4). | confirmado pela semântica documentada do eixo forecast_period (Método B, Seção 4/6): inicialização confirmada via SCALAR_COORD_ON_VARIABLE (status=OK_SCALAR_COORD), L.standard_name='forecast_period'/units='months', grade [0.5, 1.5, 2.5, 3.5, 4.5, 5.5] mensal confirmada, rota com forecast_period_semantics_documented=True.",CONFIRMED_BY_FORECAST_PERIOD_SEMANTICS,SCALAR_COORD_ON_VARIABLE,1992-06,1992-06,1,OK_SCALAR_COORD,RANGEEDGES,RANGEEDGES_WINDOW_COORDINATE_MATCH,1992-06-01 00:00:00; 1992-07-01 00:00:00,1992-06-01 00:00:00,"esquema=lead1_igual_mes_inicializacao, representação=NMME_HARMONIZED_MONTHLY",Fazendas_Sinobras_Centroide
1992-06,NOAA_NCEP,CFSv2,1992-06,2,1.5,1992-07,OK,"L.attrs contém termo(s) ['forecast_period'] — indica semântica de lead/target, mas isso sozinho não confirma o valor exato de H2 sem uma variável auxiliar de data-alvo. | nenhuma variável auxiliar de data-alvo (('target', 'valid_time', 'target_month', 'forecast_time')) encontrada no dataset aberto — tentando Método B (semântica documentada do eixo forecast_period, Seção 4). | confirmado pela semântica documentada do eixo forecast_period (Método B, Seção 4/6): inicialização confirmada via SCALAR_COORD_ON_VARIABLE (status=OK_SCALAR_COORD), L.standard_name='forecast_period'/units='months', grade [0.5, 1.5, 2.5, 3.5, 4.5, 5.5] mensal confirmada, rota com forecast_period_semantics_documented=True.",CONFIRMED_BY_FORECAST_PERIOD_SEMANTICS,SCALAR_COORD_ON_VARIABLE,1992-06,1992-06,1,OK_SCALAR_COORD,RANGEEDGES,RANGEEDGES_WINDOW_COORDINATE_MATCH,1992-06-01 00:00:00; 1992-07-01 00:00:00,1992-06-01 00:00:00,"esquema=lead1_igual_mes_inicializacao, representação=NMME_HARMONIZED_MONTHLY",Fazendas_Sinobras_Centroide
1992-06,NOAA_NCEP,CFSv2,1992-06,3,2.5,1992-08,OK,"L.attrs contém termo(s) ['forecast_period'] — indica semântica de lead/target, mas isso sozinho não confirma o valor exato de H3 sem uma variável auxiliar de data-alvo. | nenhuma variável auxiliar de data-alvo (('target', 'valid_time', 'target_month', 'forecast_time')) encontrada no dataset aberto — tentando Método B (semântica documentada do eixo forecast_period, Seção 4). | confirmado pela semântica documentada do eixo forecast_period (Método B, Seção 4/6): inicialização confirmada via SCALAR_COORD_ON_VARIABLE (status=OK_SCALAR_COORD), L.standard_name='forecast_period'/units='months', grade [0.5, 1.5, 2.5, 3.5, 4.5, 5.5] mensal confirmada, rota com forecast_period_semantics_documented=True.",CONFIRMED_BY_FORECAST_PERIOD_SEMANTICS,SCALAR_COORD_ON_VARIABLE,1992-06,1992-06,1,OK_SCALAR_COORD,RANGEEDGES,RANGEEDGES_WINDOW_COORDINATE_MATCH,1992-06-01 00:00:00; 1992-07-01 00:00:00,1992-06-01 00:00:00,"esquema=lead1_igual_mes_inicializacao, representação=NMME_HARMONIZED_MONTHLY",Fazendas_Sinobras_Centroide
1992-06,NOAA_NCEP,CFSv2,1992-06,4,3.5,1992-09,OK,"L.attrs contém termo(s) ['forecast_period'] — indica semântica de lead/target, mas isso sozinho não confirma o valor exato de H4 sem uma variável auxiliar de data-alvo. | nenhuma variável auxiliar de data-alvo (('target', 'valid_time', 'target_month', 'forecast_time')) encontrada no dataset aberto — tentando Método B (semântica documentada do eixo forecast_period, Seção 4). | confirmado pela semântica documentada do eixo forecast_period (Método B, Seção 4/6): inicialização confirmada via SCALAR_COORD_ON_VARIABLE (status=OK_SCALAR_COORD), L.standard_name='forecast_period'/units='months', grade [0.5, 1.5, 2.5, 3.5, 4.5, 5.5] mensal confirmada, rota com forecast_period_semantics_documented=True.",CONFIRMED_BY_FORECAST_PERIOD_SEMANTICS,SCALAR_COORD_ON_VARIABLE,1992-06,1992-06,1,OK_SCALAR_COORD,RANGEEDGES,RANGEEDGES_WINDOW_COORDINATE_MATCH,1992-06-01 00:00:00; 1992-07-01 00:00:00,1992-06-01 00:00:00,"esquema=lead1_igual_mes_inicializacao, representação=NMME_HARMONIZED_MONTHLY",Fazendas_Sinobras_Centroide
1992-06,NOAA_NCEP,CFSv2,1992-06,5,4.5,1992-10,OK,"L.attrs contém termo(s) ['forecast_period'] — indica semântica de lead/target, mas isso sozinho não confirma o valor exato de H5 sem uma variável auxiliar de data-alvo. | nenhuma variável auxiliar de data-alvo (('target', 'valid_time', 'target_month', 'forecast_time')) encontrada no dataset aberto — tentando Método B (semântica documentada do eixo forecast_period, Seção 4). | confirmado pela semântica documentada do eixo forecast_period (Método B, Seção 4/6): inicialização confirmada via SCALAR_COORD_ON_VARIABLE (status=OK_SCALAR_COORD), L.standard_name='forecast_period'/units='months', grade [0.5, 1.5, 2.5, 3.5, 4.5, 5.5] mensal confirmada, rota com forecast_period_semantics_documented=True.",CONFIRMED_BY_FORECAST_PERIOD_SEMANTICS,SCALAR_COORD_ON_VARIABLE,1992-06,1992-06,1,OK_SCALAR_COORD,RANGEEDGES,RANGEEDGES_WINDOW_COORDINATE_MATCH,1992-06-01 00:00:00; 1992-07-01 00:00:00,1992-06-01 00:00:00,"esquema=lead1_igual_mes_inicializacao, representação=NMME_HARMONIZED_MONTHLY",Fazendas_Sinobras_Centroide
1992-06,NOAA_NCEP,CFSv2,1992-06,6,5.5,1992-11,OK,"L.attrs contém termo(s) ['forecast_period'] — indica semântica de lead/target, mas isso sozinho não confirma o valor exato de H6 sem uma variável auxiliar de data-alvo. | nenhuma variável auxiliar de data-alvo (('target', 'valid_time', 'target_month', 'forecast_time')) encontrada no dataset aberto — tentando Método B (semântica documentada do eixo forecast_period, Seção 4). | confirmado pela semântica documentada do eixo forecast_period (Método B, Seção 4/6): inicialização confirmada via SCALAR_COORD_ON_VARIABLE (status=OK_SCALAR_COORD), L.standard_name='forecast_period'/units='months', grade [0.5, 1.5, 2.5, 3.5, 4.5, 5.5] mensal confirmada, rota com forecast_period_semantics_documented=True.",CONFIRMED_BY_FORECAST_PERIOD_SEMANTICS,SCALAR_COORD_ON_VARIABLE,1992-06,1992-06,1,OK_SCALAR_COORD,RANGEEDGES,RANGEEDGES_WINDOW_COORDINATE_MATCH,1992-06-01 00:00:00; 1992-07-01 00:00:00,1992-06-01 00:00:00,"esquema=lead1_igual_mes_inicializacao, representação=NMME_HARMONIZED_MONTHLY",Fazendas_Sinobras_Centroide
1992-07,NOAA_NCEP,CFSv2,1992-07,1,0.5,1992-07,OK,"L.attrs contém termo(s) ['forecast_period'] — indica semântica de lead/target, mas isso sozinho não confirma o valor exato de H1 sem uma variável auxiliar de data-alvo. | nenhuma variável auxiliar de data-alvo (('target', 'valid_time', 'target_month', 'forecast_time')) encontrada no dataset aberto — tentando Método B (semântica documentada do eixo forecast_period, Seção 4). | confirmado pela semântica documentada do eixo forecast_period (Método B, Seção 4/6): inicialização confirmada via SCALAR_COORD_ON_VARIABLE (status=OK_SCALAR_COORD), L.standard_name='forecast_period'/units='months', grade [0.5, 1.5, 2.5, 3.5, 4.5, 5.5] mensal confirmada, rota com forecast_period_semantics_documented=True.",CONFIRMED_BY_FORECAST_PERIOD_SEMANTICS,SCALAR_COORD_ON_VARIABLE,1992-07,1992-07,1,OK_SCALAR_COORD,RANGEEDGES,RANGEEDGES_WINDOW_COORDINATE_MATCH,1992-07-01 00:00:00; 1992-08-01 00:00:00,1992-07-01 00:00:00,"esquema=lead1_igual_mes_inicializacao, representação=NMME_HARMONIZED_MONTHLY",Fazendas_Sinobras_Centroide
1992-07,NOAA_NCEP,CFSv2,1992-07,2,1.5,1992-08,OK,"L.attrs contém termo(s) ['forecast_period'] — indica semântica de lead/target, mas isso sozinho não confirma o valor exato de H2 sem uma variável auxiliar de data-alvo. | nenhuma variável auxiliar de data-alvo (('target', 'valid_time', 'target_month', 'forecast_time')) encontrada no dataset aberto — tentando Método B (semântica documentada do eixo forecast_period, Seção 4). | confirmado pela semântica documentada do eixo forecast_period (Método B, Seção 4/6): inicialização confirmada via SCALAR_COORD_ON_VARIABLE (status=OK_SCALAR_COORD), L.standard_name='forecast_period'/units='months', grade [0.5, 1.5, 2.5, 3.5, 4.5, 5.5] mensal confirmada, rota com forecast_period_semantics_documented=True.",CONFIRMED_BY_FORECAST_PERIOD_SEMANTICS,SCALAR_COORD_ON_VARIABLE,1992-07,1992-07,1,OK_SCALAR_COORD,RANGEEDGES,RANGEEDGES_WINDOW_COORDINATE_MATCH,1992-07-01 00:00:00; 1992-08-01 00:00:00,1992-07-01 00:00:00,"esquema=lead1_igual_mes_inicializacao, representação=NMME_HARMONIZED_MONTHLY",Fazendas_Sinobras_Centroide
1992-07,NOAA_NCEP,CFSv2,1992-07,3,2.5,1992-09,OK,"L.attrs contém termo(s) ['forecast_period'] — indica semântica de lead/target, mas isso sozinho não confirma o valor exato de H3 sem uma variável auxiliar de data-alvo. | nenhuma variável auxiliar de data-alvo (('target', 'valid_time', 'target_month', 'forecast_time')) encontrada no dataset aberto — tentando Método B (semântica documentada do eixo forecast_period, Seção 4). | confirmado pela semântica documentada do eixo forecast_period (Método B, Seção 4/6): inicialização confirmada via SCALAR_COORD_ON_VARIABLE (status=OK_SCALAR_COORD), L.standard_name='forecast_period'/units='months', grade [0.5, 1.5, 2.5, 3.5, 4.5, 5.5] mensal confirmada, rota com forecast_period_semantics_documented=True.",CONFIRMED_BY_FORECAST_PERIOD_SEMANTICS,SCALAR_COORD_ON_VARIABLE,1992-07,1992-07,1,OK_SCALAR_COORD,RANGEEDGES,RANGEEDGES_WINDOW_COORDINATE_MATCH,1992-07-01 00:00:00; 1992-08-01 00:00:00,1992-07-01 00:00:00,"esquema=lead1_igual_mes_inicializacao, representação=NMME_HARMONIZED_MONTHLY",Fazendas_Sinobras_Centroide
1992-07,NOAA_NCEP,CFSv2,1992-07,4,3.5,1992-10,OK,"L.attrs contém termo(s) ['forecast_period'] — indica semântica de lead/target, mas isso sozinho não confirma o valor exato de H4 sem uma variável auxiliar de data-alvo. | nenhuma variável auxiliar de data-alvo (('target', 'valid_time', 'target_month', 'forecast_time')) encontrada no dataset aberto — tentando Método B (semântica documentada do eixo forecast_period, Seção 4). | confirmado pela semântica documentada do eixo forecast_period (Método B, Seção 4/6): inicialização confirmada via SCALAR_COORD_ON_VARIABLE (status=OK_SCALAR_COORD), L.standard_name='forecast_period'/units='months', grade [0.5, 1.5, 2.5, 3.5, 4.5, 5.5] mensal confirmada, rota com forecast_period_semantics_documented=True.",CONFIRMED_BY_FORECAST_PERIOD_SEMANTICS,SCALAR_COORD_ON_VARIABLE,1992-07,1992-07,1,OK_SCALAR_COORD,RANGEEDGES,RANGEEDGES_WINDOW_COORDINATE_MATCH,1992-07-01 00:00:00; 1992-08-01 00:00:00,1992-07-01 00:00:00,"esquema=lead1_igual_mes_inicializacao, representação=NMME_HARMONIZED_MONTHLY",Fazendas_Sinobras_Centroide
1992-07,NOAA_NCEP,CFSv2,1992-07,5,4.5,1992-11,OK,"L.attrs contém termo(s) ['forecast_period'] — indica semântica de lead/target, mas isso sozinho não confirma o valor exato de H5 sem uma variável auxiliar de data-alvo. | nenhuma variável auxiliar de data-alvo (('target', 'valid_time', 'target_month', 'forecast_time')) encontrada no dataset aberto — tentando Método B (semântica documentada do eixo forecast_period, Seção 4). | confirmado pela semântica documentada do eixo forecast_period (Método B, Seção 4/6): inicialização confirmada via SCALAR_COORD_ON_VARIABLE (status=OK_SCALAR_COORD), L.standard_name='forecast_period'/units='months', grade [0.5, 1.5, 2.5, 3.5, 4.5, 5.5] mensal confirmada, rota com forecast_period_semantics_documented=True.",CONFIRMED_BY_FORECAST_PERIOD_SEMANTICS,SCALAR_COORD_ON_VARIABLE,1992-07,1992-07,1,OK_SCALAR_COORD,RANGEEDGES,RANGEEDGES_WINDOW_COORDINATE_MATCH,1992-07-01 00:00:00; 1992-08-01 00:00:00,1992-07-01 00:00:00,"esquema=lead1_igual_mes_inicializacao, representação=NMME_HARMONIZED_MONTHLY",Fazendas_Sinobras_Centroide
1992-07,NOAA_NCEP,CFSv2,1992-07,6,5.5,1992-12,OK,"L.attrs contém termo(s) ['forecast_period'] — indica semântica de lead/target, mas isso sozinho não confirma o valor exato de H6 sem uma variável auxiliar de data-alvo. | nenhuma variável auxiliar de data-alvo (('target', 'valid_time', 'target_month', 'forecast_time')) encontrada no dataset aberto — tentando Método B (semântica documentada do eixo forecast_period, Seção 4). | confirmado pela semântica documentada do eixo forecast_period (Método B, Seção 4/6): inicialização confirmada via SCALAR_COORD_ON_VARIABLE (status=OK_SCALAR_COORD), L.standard_name='forecast_period'/units='months', grade [0.5, 1.5, 2.5, 3.5, 4.5, 5.5] mensal confirmada, rota com forecast_period_semantics_documented=True.",CONFIRMED_BY_FORECAST_PERIOD_SEMANTICS,SCALAR_COORD_ON_VARIABLE,1992-07,1992-07,1,OK_SCALAR_COORD,RANGEEDGES,RANGEEDGES_WINDOW_COORDINATE_MATCH,1992-07-01 00:00:00; 1992-08-01 00:00:00,1992-07-01 00:00:00,"esquema=lead1_igual_mes_inicializacao, representação=NMME_HARMONIZED_MONTHLY",Fazendas_Sinobras_Centroide
1992-08,NOAA_NCEP,CFSv2,1992-08,1,0.5,1992-08,OK,"L.attrs contém termo(s) ['forecast_period'] — indica semântica de lead/target, mas isso sozinho não confirma o valor exato de H1 sem uma variável auxiliar de data-alvo. | nenhuma variável auxiliar de data-alvo (('target', 'valid_time', 'target_month', 'forecast_time')) encontrada no dataset aberto — tentando Método B (semântica documentada do eixo forecast_period, Seção 4). | confirmado pela semântica documentada do eixo forecast_period (Método B, Seção 4/6): inicialização confirmada via SCALAR_COORD_ON_VARIABLE (status=OK_SCALAR_COORD), L.standard_name='forecast_period'/units='months', grade [0.5, 1.5, 2.5, 3.5, 4.5, 5.5] mensal confirmada, rota com forecast_period_semantics_documented=True.",CONFIRMED_BY_FORECAST_PERIOD_SEMANTICS,SCALAR_COORD_ON_VARIABLE,1992-08,1992-08,1,OK_SCALAR_COORD,RANGEEDGES,RANGEEDGES_WINDOW_COORDINATE_MATCH,1992-08-01 00:00:00; 1992-09-01 00:00:00,1992-08-01 00:00:00,"esquema=lead1_igual_mes_inicializacao, representação=NMME_HARMONIZED_MONTHLY",Fazendas_Sinobras_Centroide
1992-08,NOAA_NCEP,CFSv2,1992-08,2,1.5,1992-09,OK,"L.attrs contém termo(s) ['forecast_period'] — indica semântica de lead/target, mas isso sozinho não confirma o valor exato de H2 sem uma variável auxiliar de data-alvo. | nenhuma variável auxiliar de data-alvo (('target', 'valid_time', 'target_month', 'forecast_time')) encontrada no dataset aberto — tentando Método B (semântica documentada do eixo forecast_period, Seção 4). | confirmado pela semântica documentada do eixo forecast_period (Método B, Seção 4/6): inicialização confirmada via SCALAR_COORD_ON_VARIABLE (status=OK_SCALAR_COORD), L.standard_name='forecast_period'/units='months', grade [0.5, 1.5, 2.5, 3.5, 4.5, 5.5] mensal confirmada, rota com forecast_period_semantics_documented=True.",CONFIRMED_BY_FORECAST_PERIOD_SEMANTICS,SCALAR_COORD_ON_VARIABLE,1992-08,1992-08,1,OK_SCALAR_COORD,RANGEEDGES,RANGEEDGES_WINDOW_COORDINATE_MATCH,1992-08-01 00:00:00; 1992-09-01 00:00:00,1992-08-01 00:00:00,"esquema=lead1_igual_mes_inicializacao, representação=NMME_HARMONIZED_MONTHLY",Fazendas_Sinobras_Centroide
1992-08,NOAA_NCEP,CFSv2,1992-08,3,2.5,1992-10,OK,"L.attrs contém termo(s) ['forecast_period'] — indica semântica de lead/target, mas isso sozinho não confirma o valor exato de H3 sem uma variável auxiliar de data-alvo. | nenhuma variável auxiliar de data-alvo (('target', 'valid_time', 'target_month', 'forecast_time')) encontrada no dataset aberto — tentando Método B (semântica documentada do eixo forecast_period, Seção 4). | confirmado pela semântica documentada do eixo forecast_period (Método B, Seção 4/6): inicialização confirmada via SCALAR_COORD_ON_VARIABLE (status=OK_SCALAR_COORD), L.standard_name='forecast_period'/units='months', grade [0.5, 1.5, 2.5, 3.5, 4.5, 5.5] mensal confirmada, rota com forecast_period_semantics_documented=True.",CONFIRMED_BY_FORECAST_PERIOD_SEMANTICS,SCALAR_COORD_ON_VARIABLE,1992-08,1992-08,1,OK_SCALAR_COORD,RANGEEDGES,RANGEEDGES_WINDOW_COORDINATE_MATCH,1992-08-01 00:00:00; 1992-09-01 00:00:00,1992-08-01 00:00:00,"esquema=lead1_igual_mes_inicializacao, representação=NMME_HARMONIZED_MONTHLY",Fazendas_Sinobras_Centroide
1992-08,NOAA_NCEP,CFSv2,1992-08,4,3.5,1992-11,OK,"L.attrs contém termo(s) ['forecast_period'] — indica semântica de lead/target, mas isso sozinho não confirma o valor exato de H4 sem uma variável auxiliar de data-alvo. | nenhuma variável auxiliar de data-alvo (('target', 'valid_time', 'target_month', 'forecast_time')) encontrada no dataset aberto — tentando Método B (semântica documentada do eixo forecast_period, Seção 4). | confirmado pela semântica documentada do eixo forecast_period (Método B, Seção 4/6): inicialização confirmada via SCALAR_COORD_ON_VARIABLE (status=OK_SCALAR_COORD), L.standard_name='forecast_period'/units='months', grade [0.5, 1.5, 2.5, 3.5, 4.5, 5.5] mensal confirmada, rota com forecast_period_semantics_documented=True.",CONFIRMED_BY_FORECAST_PERIOD_SEMANTICS,SCALAR_COORD_ON_VARIABLE,1992-08,1992-08,1,OK_SCALAR_COORD,RANGEEDGES,RANGEEDGES_WINDOW_COORDINATE_MATCH,1992-08-01 00:00:00; 1992-09-01 00:00:00,1992-08-01 00:00:00,"esquema=lead1_igual_mes_inicializacao, representação=NMME_HARMONIZED_MONTHLY",Fazendas_Sinobras_Centroide
1992-08,NOAA_NCEP,CFSv2,1992-08,5,4.5,1992-12,OK,"L.attrs contém termo(s) ['forecast_period'] — indica semântica de lead/target, mas isso sozinho não confirma o valor exato de H5 sem uma variável auxiliar de data-alvo. | nenhuma variável auxiliar de data-alvo (('target', 'valid_time', 'target_month', 'forecast_time')) encontrada no dataset aberto — tentando Método B (semântica documentada do eixo forecast_period, Seção 4). | confirmado pela semântica documentada do eixo forecast_period (Método B, Seção 4/6): inicialização confirmada via SCALAR_COORD_ON_VARIABLE (status=OK_SCALAR_COORD), L.standard_name='forecast_period'/units='months', grade [0.5, 1.5, 2.5, 3.5, 4.5, 5.5] mensal confirmada, rota com forecast_period_semantics_documented=True.",CONFIRMED_BY_FORECAST_PERIOD_SEMANTICS,SCALAR_COORD_ON_VARIABLE,1992-08,1992-08,1,OK_SCALAR_COORD,RANGEEDGES,RANGEEDGES_WINDOW_COORDINATE_MATCH,1992-08-01 00:00:00; 1992-09-01 00:00:00,1992-08-01 00:00:00,"esquema=lead1_igual_mes_inicializacao, representação=NMME_HARMONIZED_MONTHLY",Fazendas_Sinobras_Centroide
1992-08,NOAA_NCEP,CFSv2,1992-08,6,5.5,1993-01,OK,"L.attrs contém termo(s) ['forecast_period'] — indica semântica de lead/target, mas isso sozinho não confirma o valor exato de H6 sem uma variável auxiliar de data-alvo. | nenhuma variável auxiliar de data-alvo (('target', 'valid_time', 'target_month', 'forecast_time')) encontrada no dataset aberto — tentando Método B (semântica documentada do eixo forecast_period, Seção 4). | confirmado pela semântica documentada do eixo forecast_period (Método B, Seção 4/6): inicialização confirmada via SCALAR_COORD_ON_VARIABLE (status=OK_SCALAR_COORD), L.standard_name='forecast_period'/units='months', grade [0.5, 1.5, 2.5, 3.5, 4.5, 5.5] mensal confirmada, rota com forecast_period_semantics_documented=True.",CONFIRMED_BY_FORECAST_PERIOD_SEMANTICS,SCALAR_COORD_ON_VARIABLE,1992-08,1992-08,1,OK_SCALAR_COORD,RANGEEDGES,RANGEEDGES_WINDOW_COORDINATE_MATCH,1992-08-01 00:00:00; 1992-09-01 00:00:00,1992-08-01 00:00:00,"esquema=lead1_igual_mes_inicializacao, representação=NMME_HARMONIZED_MONTHLY",Fazendas_Sinobras_Centroide
1992-09,NOAA_NCEP,CFSv2,1992-09,1,0.5,1992-09,OK,"L.attrs contém termo(s) ['forecast_period'] — indica semântica de lead/target, mas isso sozinho não confirma o valor exato de H1 sem uma variável auxiliar de data-alvo. | nenhuma variável auxiliar de data-alvo (('target', 'valid_time', 'target_month', 'forecast_time')) encontrada no dataset aberto — tentando Método B (semântica documentada do eixo forecast_period, Seção 4). | confirmado pela semântica documentada do eixo forecast_period (Método B, Seção 4/6): inicialização confirmada via SCALAR_COORD_ON_VARIABLE (status=OK_SCALAR_COORD), L.standard_name='forecast_period'/units='months', grade [0.5, 1.5, 2.5, 3.5, 4.5, 5.5] mensal confirmada, rota com forecast_period_semantics_documented=True.",CONFIRMED_BY_FORECAST_PERIOD_SEMANTICS,SCALAR_COORD_ON_VARIABLE,1992-09,1992-09,1,OK_SCALAR_COORD,RANGEEDGES,RANGEEDGES_WINDOW_COORDINATE_MATCH,1992-09-01 00:00:00; 1992-10-01 00:00:00,1992-09-01 00:00:00,"esquema=lead1_igual_mes_inicializacao, representação=NMME_HARMONIZED_MONTHLY",Fazendas_Sinobras_Centroide
1992-09,NOAA_NCEP,CFSv2,1992-09,2,1.5,1992-10,OK,"L.attrs contém termo(s) ['forecast_period'] — indica semântica de lead/target, mas isso sozinho não confirma o valor exato de H2 sem uma variável auxiliar de data-alvo. | nenhuma variável auxiliar de data-alvo (('target', 'valid_time', 'target_month', 'forecast_time')) encontrada no dataset aberto — tentando Método B (semântica documentada do eixo forecast_period, Seção 4). | confirmado pela semântica documentada do eixo forecast_period (Método B, Seção 4/6): inicialização confirmada via SCALAR_COORD_ON_VARIABLE (status=OK_SCALAR_COORD), L.standard_name='forecast_period'/units='months', grade [0.5, 1.5, 2.5, 3.5, 4.5, 5.5] mensal confirmada, rota com forecast_period_semantics_documented=True.",CONFIRMED_BY_FORECAST_PERIOD_SEMANTICS,SCALAR_COORD_ON_VARIABLE,1992-09,1992-09,1,OK_SCALAR_COORD,RANGEEDGES,RANGEEDGES_WINDOW_COORDINATE_MATCH,1992-09-01 00:00:00; 1992-10-01 00:00:00,1992-09-01 00:00:00,"esquema=lead1_igual_mes_inicializacao, representação=NMME_HARMONIZED_MONTHLY",Fazendas_Sinobras_Centroide
1992-09,NOAA_NCEP,CFSv2,1992-09,3,2.5,1992-11,OK,"L.attrs contém termo(s) ['forecast_period'] — indica semântica de lead/target, mas isso sozinho não confirma o valor exato de H3 sem uma variável auxiliar de data-alvo. | nenhuma variável auxiliar de data-alvo (('target', 'valid_time', 'target_month', 'forecast_time')) encontrada no dataset aberto — tentando Método B (semântica documentada do eixo forecast_period, Seção 4). | confirmado pela semântica documentada do eixo forecast_period (Método B, Seção 4/6): inicialização confirmada via SCALAR_COORD_ON_VARIABLE (status=OK_SCALAR_COORD), L.standard_name='forecast_period'/units='months', grade [0.5, 1.5, 2.5, 3.5, 4.5, 5.5] mensal confirmada, rota com forecast_period_semantics_documented=True.",CONFIRMED_BY_FORECAST_PERIOD_SEMANTICS,SCALAR_COORD_ON_VARIABLE,1992-09,1992-09,1,OK_SCALAR_COORD,RANGEEDGES,RANGEEDGES_WINDOW_COORDINATE_MATCH,1992-09-01 00:00:00; 1992-10-01 00:00:00,1992-09-01 00:00:00,"esquema=lead1_igual_mes_inicializacao, representação=NMME_HARMONIZED_MONTHLY",Fazendas_Sinobras_Centroide
1992-09,NOAA_NCEP,CFSv2,1992-09,4,3.5,1992-12,OK,"L.attrs contém termo(s) ['forecast_period'] — indica semântica de lead/target, mas isso sozinho não confirma o valor exato de H4 sem uma variável auxiliar de data-alvo. | nenhuma variável auxiliar de data-alvo (('target', 'valid_time', 'target_month', 'forecast_time')) encontrada no dataset aberto — tentando Método B (semântica documentada do eixo forecast_period, Seção 4). | confirmado pela semântica documentada do eixo forecast_period (Método B, Seção 4/6): inicialização confirmada via SCALAR_COORD_ON_VARIABLE (status=OK_SCALAR_COORD), L.standard_name='forecast_period'/units='months', grade [0.5, 1.5, 2.5, 3.5, 4.5, 5.5] mensal confirmada, rota com forecast_period_semantics_documented=True.",CONFIRMED_BY_FORECAST_PERIOD_SEMANTICS,SCALAR_COORD_ON_VARIABLE,1992-09,1992-09,1,OK_SCALAR_COORD,RANGEEDGES,RANGEEDGES_WINDOW_COORDINATE_MATCH,1992-09-01 00:00:00; 1992-10-01 00:00:00,1992-09-01 00:00:00,"esquema=lead1_igual_mes_inicializacao, representação=NMME_HARMONIZED_MONTHLY",Fazendas_Sinobras_Centroide
1992-09,NOAA_NCEP,CFSv2,1992-09,5,4.5,1993-01,OK,"L.attrs contém termo(s) ['forecast_period'] — indica semântica de lead/target, mas isso sozinho não confirma o valor exato de H5 sem uma variável auxiliar de data-alvo. | nenhuma variável auxiliar de data-alvo (('target', 'valid_time', 'target_month', 'forecast_time')) encontrada no dataset aberto — tentando Método B (semântica documentada do eixo forecast_period, Seção 4). | confirmado pela semântica documentada do eixo forecast_period (Método B, Seção 4/6): inicialização confirmada via SCALAR_COORD_ON_VARIABLE (status=OK_SCALAR_COORD), L.standard_name='forecast_period'/units='months', grade [0.5, 1.5, 2.5, 3.5, 4.5, 5.5] mensal confirmada, rota com forecast_period_semantics_documented=True.",CONFIRMED_BY_FORECAST_PERIOD_SEMANTICS,SCALAR_COORD_ON_VARIABLE,1992-09,1992-09,1,OK_SCALAR_COORD,RANGEEDGES,RANGEEDGES_WINDOW_COORDINATE_MATCH,1992-09-01 00:00:00; 1992-10-01 00:00:00,1992-09-01 00:00:00,"esquema=lead1_igual_mes_inicializacao, representação=NMME_HARMONIZED_MONTHLY",Fazendas_Sinobras_Centroide
1992-09,NOAA_NCEP,CFSv2,1992-09,6,5.5,1993-02,OK,"L.attrs contém termo(s) ['forecast_period'] — indica semântica de lead/target, mas isso sozinho não confirma o valor exato de H6 sem uma variável auxiliar de data-alvo. | nenhuma variável auxiliar de data-alvo (('target', 'valid_time', 'target_month', 'forecast_time')) encontrada no dataset aberto — tentando Método B (semântica documentada do eixo forecast_period, Seção 4). | confirmado pela semântica documentada do eixo forecast_period (Método B, Seção 4/6): inicialização confirmada via SCALAR_COORD_ON_VARIABLE (status=OK_SCALAR_COORD), L.standard_name='forecast_period'/units='months', grade [0.5, 1.5, 2.5, 3.5, 4.5, 5.5] mensal confirmada, rota com forecast_period_semantics_documented=True.",CONFIRMED_BY_FORECAST_PERIOD_SEMANTICS,SCALAR_COORD_ON_VARIABLE,1992-09,1992-09,1,OK_SCALAR_COORD,RANGEEDGES,RANGEEDGES_WINDOW_COORDINATE_MATCH,1992-09-01 00:00:00; 1992-10-01 00:00:00,1992-09-01 00:00:00,"esquema=lead1_igual_mes_inicializacao, representação=NMME_HARMONIZED_MONTHLY",Fazendas_Sinobras_Centroide
1992-10,NOAA_NCEP,CFSv2,1992-10,1,0.5,1992-10,OK,"L.attrs contém termo(s) ['forecast_period'] — indica semântica de lead/target, mas isso sozinho não confirma o valor exato de H1 sem uma variável auxiliar de data-alvo. | nenhuma variável auxiliar de data-alvo (('target', 'valid_time', 'target_month', 'forecast_time')) encontrada no dataset aberto — tentando Método B (semântica documentada do eixo forecast_period, Seção 4). | confirmado pela semântica documentada do eixo forecast_period (Método B, Seção 4/6): inicialização confirmada via SCALAR_COORD_ON_VARIABLE (status=OK_SCALAR_COORD), L.standard_name='forecast_period'/units='months', grade [0.5, 1.5, 2.5, 3.5, 4.5, 5.5] mensal confirmada, rota com forecast_period_semantics_documented=True.",CONFIRMED_BY_FORECAST_PERIOD_SEMANTICS,SCALAR_COORD_ON_VARIABLE,1992-10,1992-10,1,OK_SCALAR_COORD,RANGEEDGES,RANGEEDGES_WINDOW_COORDINATE_MATCH,1992-10-01 00:00:00; 1992-11-01 00:00:00,1992-10-01 00:00:00,"esquema=lead1_igual_mes_inicializacao, representação=NMME_HARMONIZED_MONTHLY",Fazendas_Sinobras_Centroide
1992-10,NOAA_NCEP,CFSv2,1992-10,2,1.5,1992-11,OK,"L.attrs contém termo(s) ['forecast_period'] — indica semântica de lead/target, mas isso sozinho não confirma o valor exato de H2 sem uma variável auxiliar de data-alvo. | nenhuma variável auxiliar de data-alvo (('target', 'valid_time', 'target_month', 'forecast_time')) encontrada no dataset aberto — tentando Método B (semântica documentada do eixo forecast_period, Seção 4). | confirmado pela semântica documentada do eixo forecast_period (Método B, Seção 4/6): inicialização confirmada via SCALAR_COORD_ON_VARIABLE (status=OK_SCALAR_COORD), L.standard_name='forecast_period'/units='months', grade [0.5, 1.5, 2.5, 3.5, 4.5, 5.5] mensal confirmada, rota com forecast_period_semantics_documented=True.",CONFIRMED_BY_FORECAST_PERIOD_SEMANTICS,SCALAR_COORD_ON_VARIABLE,1992-10,1992-10,1,OK_SCALAR_COORD,RANGEEDGES,RANGEEDGES_WINDOW_COORDINATE_MATCH,1992-10-01 00:00:00; 1992-11-01 00:00:00,1992-10-01 00:00:00,"esquema=lead1_igual_mes_inicializacao, representação=NMME_HARMONIZED_MONTHLY",Fazendas_Sinobras_Centroide
1992-10,NOAA_NCEP,CFSv2,1992-10,3,2.5,1992-12,OK,"L.attrs contém termo(s) ['forecast_period'] — indica semântica de lead/target, mas isso sozinho não confirma o valor exato de H3 sem uma variável auxiliar de data-alvo. | nenhuma variável auxiliar de data-alvo (('target', 'valid_time', 'target_month', 'forecast_time')) encontrada no dataset aberto — tentando Método B (semântica documentada do eixo forecast_period, Seção 4). | confirmado pela semântica documentada do eixo forecast_period (Método B, Seção 4/6): inicialização confirmada via SCALAR_COORD_ON_VARIABLE (status=OK_SCALAR_COORD), L.standard_name='forecast_period'/units='months', grade [0.5, 1.5, 2.5, 3.5, 4.5, 5.5] mensal confirmada, rota com forecast_period_semantics_documented=True.",CONFIRMED_BY_FORECAST_PERIOD_SEMANTICS,SCALAR_COORD_ON_VARIABLE,1992-10,1992-10,1,OK_SCALAR_COORD,RANGEEDGES,RANGEEDGES_WINDOW_COORDINATE_MATCH,1992-10-01 00:00:00; 1992-11-01 00:00:00,1992-10-01 00:00:00,"esquema=lead1_igual_mes_inicializacao, representação=NMME_HARMONIZED_MONTHLY",Fazendas_Sinobras_Centroide
1992-10,NOAA_NCEP,CFSv2,1992-10,4,3.5,1993-01,OK,"L.attrs contém termo(s) ['forecast_period'] — indica semântica de lead/target, mas isso sozinho não confirma o valor exato de H4 sem uma variável auxiliar de data-alvo. | nenhuma variável auxiliar de data-alvo (('target', 'valid_time', 'target_month', 'forecast_time')) encontrada no dataset aberto — tentando Método B (semântica documentada do eixo forecast_period, Seção 4). | confirmado pela semântica documentada do eixo forecast_period (Método B, Seção 4/6): inicialização confirmada via SCALAR_COORD_ON_VARIABLE (status=OK_SCALAR_COORD), L.standard_name='forecast_period'/units='months', grade [0.5, 1.5, 2.5, 3.5, 4.5, 5.5] mensal confirmada, rota com forecast_period_semantics_documented=True.",CONFIRMED_BY_FORECAST_PERIOD_SEMANTICS,SCALAR_COORD_ON_VARIABLE,1992-10,1992-10,1,OK_SCALAR_COORD,RANGEEDGES,RANGEEDGES_WINDOW_COORDINATE_MATCH,1992-10-01 00:00:00; 1992-11-01 00:00:00,1992-10-01 00:00:00,"esquema=lead1_igual_mes_inicializacao, representação=NMME_HARMONIZED_MONTHLY",Fazendas_Sinobras_Centroide
1992-10,NOAA_NCEP,CFSv2,1992-10,5,4.5,1993-02,OK,"L.attrs contém termo(s) ['forecast_period'] — indica semântica de lead/target, mas isso sozinho não confirma o valor exato de H5 sem uma variável auxiliar de data-alvo. | nenhuma variável auxiliar de data-alvo (('target', 'valid_time', 'target_month', 'forecast_time')) encontrada no dataset aberto — tentando Método B (semântica documentada do eixo forecast_period, Seção 4). | confirmado pela semântica documentada do eixo forecast_period (Método B, Seção 4/6): inicialização confirmada via SCALAR_COORD_ON_VARIABLE (status=OK_SCALAR_COORD), L.standard_name='forecast_period'/units='months', grade [0.5, 1.5, 2.5, 3.5, 4.5, 5.5] mensal confirmada, rota com forecast_period_semantics_documented=True.",CONFIRMED_BY_FORECAST_PERIOD_SEMANTICS,SCALAR_COORD_ON_VARIABLE,1992-10,1992-10,1,OK_SCALAR_COORD,RANGEEDGES,RANGEEDGES_WINDOW_COORDINATE_MATCH,1992-10-01 00:00:00; 1992-11-01 00:00:00,1992-10-01 00:00:00,"esquema=lead1_igual_mes_inicializacao, representação=NMME_HARMONIZED_MONTHLY",Fazendas_Sinobras_Centroide
1992-10,NOAA_NCEP,CFSv2,1992-10,6,5.5,1993-03,OK,"L.attrs contém termo(s) ['forecast_period'] — indica semântica de lead/target, mas isso sozinho não confirma o valor exato de H6 sem uma variável auxiliar de data-alvo. | nenhuma variável auxiliar de data-alvo (('target', 'valid_time', 'target_month', 'forecast_time')) encontrada no dataset aberto — tentando Método B (semântica documentada do eixo forecast_period, Seção 4). | confirmado pela semântica documentada do eixo forecast_period (Método B, Seção 4/6): inicialização confirmada via SCALAR_COORD_ON_VARIABLE (status=OK_SCALAR_COORD), L.standard_name='forecast_period'/units='months', grade [0.5, 1.5, 2.5, 3.5, 4.5, 5.5] mensal confirmada, rota com forecast_period_semantics_documented=True.",CONFIRMED_BY_FORECAST_PERIOD_SEMANTICS,SCALAR_COORD_ON_VARIABLE,1992-10,1992-10,1,OK_SCALAR_COORD,RANGEEDGES,RANGEEDGES_WINDOW_COORDINATE_MATCH,1992-10-01 00:00:00; 1992-11-01 00:00:00,1992-10-01 00:00:00,"esquema=lead1_igual_mes_inicializacao, representação=NMME_HARMONIZED_MONTHLY",Fazendas_Sinobras_Centroide
1992-11,NOAA_NCEP,CFSv2,1992-11,1,0.5,1992-11,OK,"L.attrs contém termo(s) ['forecast_period'] — indica semântica de lead/target, mas isso sozinho não confirma o valor exato de H1 sem uma variável auxiliar de data-alvo. | nenhuma variável auxiliar de data-alvo (('target', 'valid_time', 'target_month', 'forecast_time')) encontrada no dataset aberto — tentando Método B (semântica documentada do eixo forecast_period, Seção 4). | confirmado pela semântica documentada do eixo forecast_period (Método B, Seção 4/6): inicialização confirmada via SCALAR_COORD_ON_VARIABLE (status=OK_SCALAR_COORD), L.standard_name='forecast_period'/units='months', grade [0.5, 1.5, 2.5, 3.5, 4.5, 5.5] mensal confirmada, rota com forecast_period_semantics_documented=True.",CONFIRMED_BY_FORECAST_PERIOD_SEMANTICS,SCALAR_COORD_ON_VARIABLE,1992-11,1992-11,1,OK_SCALAR_COORD,RANGEEDGES,RANGEEDGES_WINDOW_COORDINATE_MATCH,1992-11-01 00:00:00; 1992-12-01 00:00:00,1992-11-01 00:00:00,"esquema=lead1_igual_mes_inicializacao, representação=NMME_HARMONIZED_MONTHLY",Fazendas_Sinobras_Centroide
1992-11,NOAA_NCEP,CFSv2,1992-11,2,1.5,1992-12,OK,"L.attrs contém termo(s) ['forecast_period'] — indica semântica de lead/target, mas isso sozinho não confirma o valor exato de H2 sem uma variável auxiliar de data-alvo. | nenhuma variável auxiliar de data-alvo (('target', 'valid_time', 'target_month', 'forecast_time')) encontrada no dataset aberto — tentando Método B (semântica documentada do eixo forecast_period, Seção 4). | confirmado pela semântica documentada do eixo forecast_period (Método B, Seção 4/6): inicialização confirmada via SCALAR_COORD_ON_VARIABLE (status=OK_SCALAR_COORD), L.standard_name='forecast_period'/units='months', grade [0.5, 1.5, 2.5, 3.5, 4.5, 5.5] mensal confirmada, rota com forecast_period_semantics_documented=True.",CONFIRMED_BY_FORECAST_PERIOD_SEMANTICS,SCALAR_COORD_ON_VARIABLE,1992-11,1992-11,1,OK_SCALAR_COORD,RANGEEDGES,RANGEEDGES_WINDOW_COORDINATE_MATCH,1992-11-01 00:00:00; 1992-12-01 00:00:00,1992-11-01 00:00:00,"esquema=lead1_igual_mes_inicializacao, representação=NMME_HARMONIZED_MONTHLY",Fazendas_Sinobras_Centroide
1992-11,NOAA_NCEP,CFSv2,1992-11,3,2.5,1993-01,OK,"L.attrs contém termo(s) ['forecast_period'] — indica semântica de lead/target, mas isso sozinho não confirma o valor exato de H3 sem uma variável auxiliar de data-alvo. | nenhuma variável auxiliar de data-alvo (('target', 'valid_time', 'target_month', 'forecast_time')) encontrada no dataset aberto — tentando Método B (semântica documentada do eixo forecast_period, Seção 4). | confirmado pela semântica documentada do eixo forecast_period (Método B, Seção 4/6): inicialização confirmada via SCALAR_COORD_ON_VARIABLE (status=OK_SCALAR_COORD), L.standard_name='forecast_period'/units='months', grade [0.5, 1.5, 2.5, 3.5, 4.5, 5.5] mensal confirmada, rota com forecast_period_semantics_documented=True.",CONFIRMED_BY_FORECAST_PERIOD_SEMANTICS,SCALAR_COORD_ON_VARIABLE,1992-11,1992-11,1,OK_SCALAR_COORD,RANGEEDGES,RANGEEDGES_WINDOW_COORDINATE_MATCH,1992-11-01 00:00:00; 1992-12-01 00:00:00,1992-11-01 00:00:00,"esquema=lead1_igual_mes_inicializacao, representação=NMME_HARMONIZED_MONTHLY",Fazendas_Sinobras_Centroide
1992-11,NOAA_NCEP,CFSv2,1992-11,4,3.5,1993-02,OK,"L.attrs contém termo(s) ['forecast_period'] — indica semântica de lead/target, mas isso sozinho não confirma o valor exato de H4 sem uma variável auxiliar de data-alvo. | nenhuma variável auxiliar de data-alvo (('target', 'valid_time', 'target_month', 'forecast_time')) encontrada no dataset aberto — tentando Método B (semântica documentada do eixo forecast_period, Seção 4). | confirmado pela semântica documentada do eixo forecast_period (Método B, Seção 4/6): inicialização confirmada via SCALAR_COORD_ON_VARIABLE (status=OK_SCALAR_COORD), L.standard_name='forecast_period'/units='months', grade [0.5, 1.5, 2.5, 3.5, 4.5, 5.5] mensal confirmada, rota com forecast_period_semantics_documented=True.",CONFIRMED_BY_FORECAST_PERIOD_SEMANTICS,SCALAR_COORD_ON_VARIABLE,1992-11,1992-11,1,OK_SCALAR_COORD,RANGEEDGES,RANGEEDGES_WINDOW_COORDINATE_MATCH,1992-11-01 00:00:00; 1992-12-01 00:00:00,1992-11-01 00:00:00,"esquema=lead1_igual_mes_inicializacao, representação=NMME_HARMONIZED_MONTHLY",Fazendas_Sinobras_Centroide
1992-11,NOAA_NCEP,CFSv2,1992-11,5,4.5,1993-03,OK,"L.attrs contém termo(s) ['forecast_period'] — indica semântica de lead/target, mas isso sozinho não confirma o valor exato de H5 sem uma variável auxiliar de data-alvo. | nenhuma variável auxiliar de data-alvo (('target', 'valid_time', 'target_month', 'forecast_time')) encontrada no dataset aberto — tentando Método B (semântica documentada do eixo forecast_period, Seção 4). | confirmado pela semântica documentada do eixo forecast_period (Método B, Seção 4/6): inicialização confirmada via SCALAR_COORD_ON_VARIABLE (status=OK_SCALAR_COORD), L.standard_name='forecast_period'/units='months', grade [0.5, 1.5, 2.5, 3.5, 4.5, 5.5] mensal confirmada, rota com forecast_period_semantics_documented=True.",CONFIRMED_BY_FORECAST_PERIOD_SEMANTICS,SCALAR_COORD_ON_VARIABLE,1992-11,1992-11,1,OK_SCALAR_COORD,RANGEEDGES,RANGEEDGES_WINDOW_COORDINATE_MATCH,1992-11-01 00:00:00; 1992-12-01 00:00:00,1992-11-01 00:00:00,"esquema=lead1_igual_mes_inicializacao, representação=NMME_HARMONIZED_MONTHLY",Fazendas_Sinobras_Centroide
1992-11,NOAA_NCEP,CFSv2,1992-11,6,5.5,1993-04,OK,"L.attrs contém termo(s) ['forecast_period'] — indica semântica de lead/target, mas isso sozinho não confirma o valor exato de H6 sem uma variável auxiliar de data-alvo. | nenhuma variável auxiliar de data-alvo (('target', 'valid_time', 'target_month', 'forecast_time')) encontrada no dataset aberto — tentando Método B (semântica documentada do eixo forecast_period, Seção 4). | confirmado pela semântica documentada do eixo forecast_period (Método B, Seção 4/6): inicialização confirmada via SCALAR_COORD_ON_VARIABLE (status=OK_SCALAR_COORD), L.standard_name='forecast_period'/units='months', grade [0.5, 1.5, 2.5, 3.5, 4.5, 5.5] mensal confirmada, rota com forecast_period_semantics_documented=True.",CONFIRMED_BY_FORECAST_PERIOD_SEMANTICS,SCALAR_COORD_ON_VARIABLE,1992-11,1992-11,1,OK_SCALAR_COORD,RANGEEDGES,RANGEEDGES_WINDOW_COORDINATE_MATCH,1992-11-01 00:00:00; 1992-12-01 00:00:00,1992-11-01 00:00:00,"esquema=lead1_igual_mes_inicializacao, representação=NMME_HARMONIZED_MONTHLY",Fazendas_Sinobras_Centroide
1992-12,NOAA_NCEP,CFSv2,1992-12,1,0.5,1992-12,OK,"L.attrs contém termo(s) ['forecast_period'] — indica semântica de lead/target, mas isso sozinho não confirma o valor exato de H1 sem uma variável auxiliar de data-alvo. | nenhuma variável auxiliar de data-alvo (('target', 'valid_time', 'target_month', 'forecast_time')) encontrada no dataset aberto — tentando Método B (semântica documentada do eixo forecast_period, Seção 4). | confirmado pela semântica documentada do eixo forecast_period (Método B, Seção 4/6): inicialização confirmada via SCALAR_COORD_ON_VARIABLE (status=OK_SCALAR_COORD), L.standard_name='forecast_period'/units='months', grade [0.5, 1.5, 2.5, 3.5, 4.5, 5.5] mensal confirmada, rota com forecast_period_semantics_documented=True.",CONFIRMED_BY_FORECAST_PERIOD_SEMANTICS,SCALAR_COORD_ON_VARIABLE,1992-12,1992-12,1,OK_SCALAR_COORD,RANGEEDGES,RANGEEDGES_WINDOW_COORDINATE_MATCH,1992-12-01 00:00:00; 1993-01-01 00:00:00,1992-12-01 00:00:00,"esquema=lead1_igual_mes_inicializacao, representação=NMME_HARMONIZED_MONTHLY",Fazendas_Sinobras_Centroide
1992-12,NOAA_NCEP,CFSv2,1992-12,2,1.5,1993-01,OK,"L.attrs contém termo(s) ['forecast_period'] — indica semântica de lead/target, mas isso sozinho não confirma o valor exato de H2 sem uma variável auxiliar de data-alvo. | nenhuma variável auxiliar de data-alvo (('target', 'valid_time', 'target_month', 'forecast_time')) encontrada no dataset aberto — tentando Método B (semântica documentada do eixo forecast_period, Seção 4). | confirmado pela semântica documentada do eixo forecast_period (Método B, Seção 4/6): inicialização confirmada via SCALAR_COORD_ON_VARIABLE (status=OK_SCALAR_COORD), L.standard_name='forecast_period'/units='months', grade [0.5, 1.5, 2.5, 3.5, 4.5, 5.5] mensal confirmada, rota com forecast_period_semantics_documented=True.",CONFIRMED_BY_FORECAST_PERIOD_SEMANTICS,SCALAR_COORD_ON_VARIABLE,1992-12,1992-12,1,OK_SCALAR_COORD,RANGEEDGES,RANGEEDGES_WINDOW_COORDINATE_MATCH,1992-12-01 00:00:00; 1993-01-01 00:00:00,1992-12-01 00:00:00,"esquema=lead1_igual_mes_inicializacao, representação=NMME_HARMONIZED_MONTHLY",Fazendas_Sinobras_Centroide
1992-12,NOAA_NCEP,CFSv2,1992-12,3,2.5,1993-02,OK,"L.attrs contém termo(s) ['forecast_period'] — indica semântica de lead/target, mas isso sozinho não confirma o valor exato de H3 sem uma variável auxiliar de data-alvo. | nenhuma variável auxiliar de data-alvo (('target', 'valid_time', 'target_month', 'forecast_time')) encontrada no dataset aberto — tentando Método B (semântica documentada do eixo forecast_period, Seção 4). | confirmado pela semântica documentada do eixo forecast_period (Método B, Seção 4/6): inicialização confirmada via SCALAR_COORD_ON_VARIABLE (status=OK_SCALAR_COORD), L.standard_name='forecast_period'/units='months', grade [0.5, 1.5, 2.5, 3.5, 4.5, 5.5] mensal confirmada, rota com forecast_period_semantics_documented=True.",CONFIRMED_BY_FORECAST_PERIOD_SEMANTICS,SCALAR_COORD_ON_VARIABLE,1992-12,1992-12,1,OK_SCALAR_COORD,RANGEEDGES,RANGEEDGES_WINDOW_COORDINATE_MATCH,1992-12-01 00:00:00; 1993-01-01 00:00:00,1992-12-01 00:00:00,"esquema=lead1_igual_mes_inicializacao, representação=NMME_HARMONIZED_MONTHLY",Fazendas_Sinobras_Centroide
1992-12,NOAA_NCEP,CFSv2,1992-12,4,3.5,1993-03,OK,"L.attrs contém termo(s) ['forecast_period'] — indica semântica de lead/target, mas isso sozinho não confirma o valor exato de H4 sem uma variável auxiliar de data-alvo. | nenhuma variável auxiliar de data-alvo (('target', 'valid_time', 'target_month', 'forecast_time')) encontrada no dataset aberto — tentando Método B (semântica documentada do eixo forecast_period, Seção 4). | confirmado pela semântica documentada do eixo forecast_period (Método B, Seção 4/6): inicialização confirmada via SCALAR_COORD_ON_VARIABLE (status=OK_SCALAR_COORD), L.standard_name='forecast_period'/units='months', grade [0.5, 1.5, 2.5, 3.5, 4.5, 5.5] mensal confirmada, rota com forecast_period_semantics_documented=True.",CONFIRMED_BY_FORECAST_PERIOD_SEMANTICS,SCALAR_COORD_ON_VARIABLE,1992-12,1992-12,1,OK_SCALAR_COORD,RANGEEDGES,RANGEEDGES_WINDOW_COORDINATE_MATCH,1992-12-01 00:00:00; 1993-01-01 00:00:00,1992-12-01 00:00:00,"esquema=lead1_igual_mes_inicializacao, representação=NMME_HARMONIZED_MONTHLY",Fazendas_Sinobras_Centroide
1992-12,NOAA_NCEP,CFSv2,1992-12,5,4.5,1993-04,OK,"L.attrs contém termo(s) ['forecast_period'] — indica semântica de lead/target, mas isso sozinho não confirma o valor exato de H5 sem uma variável auxiliar de data-alvo. | nenhuma variável auxiliar de data-alvo (('target', 'valid_time', 'target_month', 'forecast_time')) encontrada no dataset aberto — tentando Método B (semântica documentada do eixo forecast_period, Seção 4). | confirmado pela semântica documentada do eixo forecast_period (Método B, Seção 4/6): inicialização confirmada via SCALAR_COORD_ON_VARIABLE (status=OK_SCALAR_COORD), L.standard_name='forecast_period'/units='months', grade [0.5, 1.5, 2.5, 3.5, 4.5, 5.5] mensal confirmada, rota com forecast_period_semantics_documented=True.",CONFIRMED_BY_FORECAST_PERIOD_SEMANTICS,SCALAR_COORD_ON_VARIABLE,1992-12,1992-12,1,OK_SCALAR_COORD,RANGEEDGES,RANGEEDGES_WINDOW_COORDINATE_MATCH,1992-12-01 00:00:00; 1993-01-01 00:00:00,1992-12-01 00:00:00,"esquema=lead1_igual_mes_inicializacao, representação=NMME_HARMONIZED_MONTHLY",Fazendas_Sinobras_Centroide
1992-12,NOAA_NCEP,CFSv2,1992-12,6,5.5,1993-05,OK,"L.attrs contém termo(s) ['forecast_period'] — indica semântica de lead/target, mas isso sozinho não confirma o valor exato de H6 sem uma variável auxiliar de data-alvo. | nenhuma variável auxiliar de data-alvo (('target', 'valid_time', 'target_month', 'forecast_time')) encontrada no dataset aberto — tentando Método B (semântica documentada do eixo forecast_period, Seção 4). | confirmado pela semântica documentada do eixo forecast_period (Método B, Seção 4/6): inicialização confirmada via SCALAR_COORD_ON_VARIABLE (status=OK_SCALAR_COORD), L.standard_name='forecast_period'/units='months', grade [0.5, 1.5, 2.5, 3.5, 4.5, 5.5] mensal confirmada, rota com forecast_period_semantics_documented=True.",CONFIRMED_BY_FORECAST_PERIOD_SEMANTICS,SCALAR_COORD_ON_VARIABLE,1992-12,1992-12,1,OK_SCALAR_COORD,RANGEEDGES,RANGEEDGES_WINDOW_COORDINATE_MATCH,1992-12-01 00:00:00; 1993-01-01 00:00:00,1992-12-01 00:00:00,"esquema=lead1_igual_mes_inicializacao, representação=NMME_HARMONIZED_MONTHLY",Fazendas_Sinobras_Centroide
1993-01,NOAA_NCEP,CFSv2,1993-01,1,0.5,1993-01,OK,"L.attrs contém termo(s) ['forecast_period'] — indica semântica de lead/target, mas isso sozinho não confirma o valor exato de H1 sem uma variável auxiliar de data-alvo. | nenhuma variável auxiliar de data-alvo (('target', 'valid_time', 'target_month', 'forecast_time')) encontrada no dataset aberto — tentando Método B (semântica documentada do eixo forecast_period, Seção 4). | confirmado pela semântica documentada do eixo forecast_period (Método B, Seção 4/6): inicialização confirmada via SCALAR_COORD_ON_VARIABLE (status=OK_SCALAR_COORD), L.standard_name='forecast_period'/units='months', grade [0.5, 1.5, 2.5, 3.5, 4.5, 5.5] mensal confirmada, rota com forecast_period_semantics_documented=True.",CONFIRMED_BY_FORECAST_PERIOD_SEMANTICS,SCALAR_COORD_ON_VARIABLE,1993-01,1993-01,1,OK_SCALAR_COORD,RANGEEDGES,RANGEEDGES_WINDOW_COORDINATE_MATCH,1993-01-01 00:00:00; 1993-02-01 00:00:00,1993-01-01 00:00:00,"esquema=lead1_igual_mes_inicializacao, representação=NMME_HARMONIZED_MONTHLY",Fazendas_Sinobras_Centroide
1993-01,NOAA_NCEP,CFSv2,1993-01,2,1.5,1993-02,OK,"L.attrs contém termo(s) ['forecast_period'] — indica semântica de lead/target, mas isso sozinho não confirma o valor exato de H2 sem uma variável auxiliar de data-alvo. | nenhuma variável auxiliar de data-alvo (('target', 'valid_time', 'target_month', 'forecast_time')) encontrada no dataset aberto — tentando Método B (semântica documentada do eixo forecast_period, Seção 4). | confirmado pela semântica documentada do eixo forecast_period (Método B, Seção 4/6): inicialização confirmada via SCALAR_COORD_ON_VARIABLE (status=OK_SCALAR_COORD), L.standard_name='forecast_period'/units='months', grade [0.5, 1.5, 2.5, 3.5, 4.5, 5.5] mensal confirmada, rota com forecast_period_semantics_documented=True.",CONFIRMED_BY_FORECAST_PERIOD_SEMANTICS,SCALAR_COORD_ON_VARIABLE,1993-01,1993-01,1,OK_SCALAR_COORD,RANGEEDGES,RANGEEDGES_WINDOW_COORDINATE_MATCH,1993-01-01 00:00:00; 1993-02-01 00:00:00,1993-01-01 00:00:00,"esquema=lead1_igual_mes_inicializacao, representação=NMME_HARMONIZED_MONTHLY",Fazendas_Sinobras_Centroide
1993-01,NOAA_NCEP,CFSv2,1993-01,3,2.5,1993-03,OK,"L.attrs contém termo(s) ['forecast_period'] — indica semântica de lead/target, mas isso sozinho não confirma o valor exato de H3 sem uma variável auxiliar de data-alvo. | nenhuma variável auxiliar de data-alvo (('target', 'valid_time', 'target_month', 'forecast_time')) encontrada no dataset aberto — tentando Método B (semântica documentada do eixo forecast_period, Seção 4). | confirmado pela semântica documentada do eixo forecast_period (Método B, Seção 4/6): inicialização confirmada via SCALAR_COORD_ON_VARIABLE (status=OK_SCALAR_COORD), L.standard_name='forecast_period'/units='months', grade [0.5, 1.5, 2.5, 3.5, 4.5, 5.5] mensal confirmada, rota com forecast_period_semantics_documented=True.",CONFIRMED_BY_FORECAST_PERIOD_SEMANTICS,SCALAR_COORD_ON_VARIABLE,1993-01,1993-01,1,OK_SCALAR_COORD,RANGEEDGES,RANGEEDGES_WINDOW_COORDINATE_MATCH,1993-01-01 00:00:00; 1993-02-01 00:00:00,1993-01-01 00:00:00,"esquema=lead1_igual_mes_inicializacao, representação=NMME_HARMONIZED_MONTHLY",Fazendas_Sinobras_Centroide
1993-01,NOAA_NCEP,CFSv2,1993-01,4,3.5,1993-04,OK,"L.attrs contém termo(s) ['forecast_period'] — indica semântica de lead/target, mas isso sozinho não confirma o valor exato de H4 sem uma variável auxiliar de data-alvo. | nenhuma variável auxiliar de data-alvo (('target', 'valid_time', 'target_month', 'forecast_time')) encontrada no dataset aberto — tentando Método B (semântica documentada do eixo forecast_period, Seção 4). | confirmado pela semântica documentada do eixo forecast_period (Método B, Seção 4/6): inicialização confirmada via SCALAR_COORD_ON_VARIABLE (status=OK_SCALAR_COORD), L.standard_name='forecast_period'/units='months', grade [0.5, 1.5, 2.5, 3.5, 4.5, 5.5] mensal confirmada, rota com forecast_period_semantics_documented=True.",CONFIRMED_BY_FORECAST_PERIOD_SEMANTICS,SCALAR_COORD_ON_VARIABLE,1993-01,1993-01,1,OK_SCALAR_COORD,RANGEEDGES,RANGEEDGES_WINDOW_COORDINATE_MATCH,1993-01-01 00:00:00; 1993-02-01 00:00:00,1993-01-01 00:00:00,"esquema=lead1_igual_mes_inicializacao, representação=NMME_HARMONIZED_MONTHLY",Fazendas_Sinobras_Centroide
1993-01,NOAA_NCEP,CFSv2,1993-01,5,4.5,1993-05,OK,"L.attrs contém termo(s) ['forecast_period'] — indica semântica de lead/target, mas isso sozinho não confirma o valor exato de H5 sem uma variável auxiliar de data-alvo. | nenhuma variável auxiliar de data-alvo (('target', 'valid_time', 'target_month', 'forecast_time')) encontrada no dataset aberto — tentando Método B (semântica documentada do eixo forecast_period, Seção 4). | confirmado pela semântica documentada do eixo forecast_period (Método B, Seção 4/6): inicialização confirmada via SCALAR_COORD_ON_VARIABLE (status=OK_SCALAR_COORD), L.standard_name='forecast_period'/units='months', grade [0.5, 1.5, 2.5, 3.5, 4.5, 5.5] mensal confirmada, rota com forecast_period_semantics_documented=True.",CONFIRMED_BY_FORECAST_PERIOD_SEMANTICS,SCALAR_COORD_ON_VARIABLE,1993-01,1993-01,1,OK_SCALAR_COORD,RANGEEDGES,RANGEEDGES_WINDOW_COORDINATE_MATCH,1993-01-01 00:00:00; 1993-02-01 00:00:00,1993-01-01 00:00:00,"esquema=lead1_igual_mes_inicializacao, representação=NMME_HARMONIZED_MONTHLY",Fazendas_Sinobras_Centroide
1993-01,NOAA_NCEP,CFSv2,1993-01,6,5.5,1993-06,OK,"L.attrs contém termo(s) ['forecast_period'] — indica semântica de lead/target, mas isso sozinho não confirma o valor exato de H6 sem uma variável auxiliar de data-alvo. | nenhuma variável auxiliar de data-alvo (('target', 'valid_time', 'target_month', 'forecast_time')) encontrada no dataset aberto — tentando Método B (semântica documentada do eixo forecast_period, Seção 4). | confirmado pela semântica documentada do eixo forecast_period (Método B, Seção 4/6): inicialização confirmada via SCALAR_COORD_ON_VARIABLE (status=OK_SCALAR_COORD), L.standard_name='forecast_period'/units='months', grade [0.5, 1.5, 2.5, 3.5, 4.5, 5.5] mensal confirmada, rota com forecast_period_semantics_documented=True.",CONFIRMED_BY_FORECAST_PERIOD_SEMANTICS,SCALAR_COORD_ON_VARIABLE,1993-01,1993-01,1,OK_SCALAR_COORD,RANGEEDGES,RANGEEDGES_WINDOW_COORDINATE_MATCH,1993-01-01 00:00:00; 1993-02-01 00:00:00,1993-01-01 00:00:00,"esquema=lead1_igual_mes_inicializacao, representação=NMME_HARMONIZED_MONTHLY",Fazendas_Sinobras_Centroide
1993-02,NOAA_NCEP,CFSv2,1993-02,1,0.5,1993-02,OK,"L.attrs contém termo(s) ['forecast_period'] — indica semântica de lead/target, mas isso sozinho não confirma o valor exato de H1 sem uma variável auxiliar de data-alvo. | nenhuma variável auxiliar de data-alvo (('target', 'valid_time', 'target_month', 'forecast_time')) encontrada no dataset aberto — tentando Método B (semântica documentada do eixo forecast_period, Seção 4). | confirmado pela semântica documentada do eixo forecast_period (Método B, Seção 4/6): inicialização confirmada via SCALAR_COORD_ON_VARIABLE (status=OK_SCALAR_COORD), L.standard_name='forecast_period'/units='months', grade [0.5, 1.5, 2.5, 3.5, 4.5, 5.5] mensal confirmada, rota com forecast_period_semantics_documented=True.",CONFIRMED_BY_FORECAST_PERIOD_SEMANTICS,SCALAR_COORD_ON_VARIABLE,1993-02,1993-02,1,OK_SCALAR_COORD,RANGEEDGES,RANGEEDGES_WINDOW_COORDINATE_MATCH,1993-02-01 00:00:00; 1993-03-01 00:00:00,1993-02-01 00:00:00,"esquema=lead1_igual_mes_inicializacao, representação=NMME_HARMONIZED_MONTHLY",Fazendas_Sinobras_Centroide
1993-02,NOAA_NCEP,CFSv2,1993-02,2,1.5,1993-03,OK,"L.attrs contém termo(s) ['forecast_period'] — indica semântica de lead/target, mas isso sozinho não confirma o valor exato de H2 sem uma variável auxiliar de data-alvo. | nenhuma variável auxiliar de data-alvo (('target', 'valid_time', 'target_month', 'forecast_time')) encontrada no dataset aberto — tentando Método B (semântica documentada do eixo forecast_period, Seção 4). | confirmado pela semântica documentada do eixo forecast_period (Método B, Seção 4/6): inicialização confirmada via SCALAR_COORD_ON_VARIABLE (status=OK_SCALAR_COORD), L.standard_name='forecast_period'/units='months', grade [0.5, 1.5, 2.5, 3.5, 4.5, 5.5] mensal confirmada, rota com forecast_period_semantics_documented=True.",CONFIRMED_BY_FORECAST_PERIOD_SEMANTICS,SCALAR_COORD_ON_VARIABLE,1993-02,1993-02,1,OK_SCALAR_COORD,RANGEEDGES,RANGEEDGES_WINDOW_COORDINATE_MATCH,1993-02-01 00:00:00; 1993-03-01 00:00:00,1993-02-01 00:00:00,"esquema=lead1_igual_mes_inicializacao, representação=NMME_HARMONIZED_MONTHLY",Fazendas_Sinobras_Centroide
1993-02,NOAA_NCEP,CFSv2,1993-02,3,2.5,1993-04,OK,"L.attrs contém termo(s) ['forecast_period'] — indica semântica de lead/target, mas isso sozinho não confirma o valor exato de H3 sem uma variável auxiliar de data-alvo. | nenhuma variável auxiliar de data-alvo (('target', 'valid_time', 'target_month', 'forecast_time')) encontrada no dataset aberto — tentando Método B (semântica documentada do eixo forecast_period, Seção 4). | confirmado pela semântica documentada do eixo forecast_period (Método B, Seção 4/6): inicialização confirmada via SCALAR_COORD_ON_VARIABLE (status=OK_SCALAR_COORD), L.standard_name='forecast_period'/units='months', grade [0.5, 1.5, 2.5, 3.5, 4.5, 5.5] mensal confirmada, rota com forecast_period_semantics_documented=True.",CONFIRMED_BY_FORECAST_PERIOD_SEMANTICS,SCALAR_COORD_ON_VARIABLE,1993-02,1993-02,1,OK_SCALAR_COORD,RANGEEDGES,RANGEEDGES_WINDOW_COORDINATE_MATCH,1993-02-01 00:00:00; 1993-03-01 00:00:00,1993-02-01 00:00:00,"esquema=lead1_igual_mes_inicializacao, representação=NMME_HARMONIZED_MONTHLY",Fazendas_Sinobras_Centroide
1993-02,NOAA_NCEP,CFSv2,1993-02,4,3.5,1993-05,OK,"L.attrs contém termo(s) ['forecast_period'] — indica semântica de lead/target, mas isso sozinho não confirma o valor exato de H4 sem uma variável auxiliar de data-alvo. | nenhuma variável auxiliar de data-alvo (('target', 'valid_time', 'target_month', 'forecast_time')) encontrada no dataset aberto — tentando Método B (semântica documentada do eixo forecast_period, Seção 4). | confirmado pela semântica documentada do eixo forecast_period (Método B, Seção 4/6): inicialização confirmada via SCALAR_COORD_ON_VARIABLE (status=OK_SCALAR_COORD), L.standard_name='forecast_period'/units='months', grade [0.5, 1.5, 2.5, 3.5, 4.5, 5.5] mensal confirmada, rota com forecast_period_semantics_documented=True.",CONFIRMED_BY_FORECAST_PERIOD_SEMANTICS,SCALAR_COORD_ON_VARIABLE,1993-02,1993-02,1,OK_SCALAR_COORD,RANGEEDGES,RANGEEDGES_WINDOW_COORDINATE_MATCH,1993-02-01 00:00:00; 1993-03-01 00:00:00,1993-02-01 00:00:00,"esquema=lead1_igual_mes_inicializacao, representação=NMME_HARMONIZED_MONTHLY",Fazendas_Sinobras_Centroide
1993-02,NOAA_NCEP,CFSv2,1993-02,5,4.5,1993-06,OK,"L.attrs contém termo(s) ['forecast_period'] — indica semântica de lead/target, mas isso sozinho não confirma o valor exato de H5 sem uma variável auxiliar de data-alvo. | nenhuma variável auxiliar de data-alvo (('target', 'valid_time', 'target_month', 'forecast_time')) encontrada no dataset aberto — tentando Método B (semântica documentada do eixo forecast_period, Seção 4). | confirmado pela semântica documentada do eixo forecast_period (Método B, Seção 4/6): inicialização confirmada via SCALAR_COORD_ON_VARIABLE (status=OK_SCALAR_COORD), L.standard_name='forecast_period'/units='months', grade [0.5, 1.5, 2.5, 3.5, 4.5, 5.5] mensal confirmada, rota com forecast_period_semantics_documented=True.",CONFIRMED_BY_FORECAST_PERIOD_SEMANTICS,SCALAR_COORD_ON_VARIABLE,1993-02,1993-02,1,OK_SCALAR_COORD,RANGEEDGES,RANGEEDGES_WINDOW_COORDINATE_MATCH,1993-02-01 00:00:00; 1993-03-01 00:00:00,1993-02-01 00:00:00,"esquema=lead1_igual_mes_inicializacao, representação=NMME_HARMONIZED_MONTHLY",Fazendas_Sinobras_Centroide
1993-02,NOAA_NCEP,CFSv2,1993-02,6,5.5,1993-07,OK,"L.attrs contém termo(s) ['forecast_period'] — indica semântica de lead/target, mas isso sozinho não confirma o valor exato de H6 sem uma variável auxiliar de data-alvo. | nenhuma variável auxiliar de data-alvo (('target', 'valid_time', 'target_month', 'forecast_time')) encontrada no dataset aberto — tentando Método B (semântica documentada do eixo forecast_period, Seção 4). | confirmado pela semântica documentada do eixo forecast_period (Método B, Seção 4/6): inicialização confirmada via SCALAR_COORD_ON_VARIABLE (status=OK_SCALAR_COORD), L.standard_name='forecast_period'/units='months', grade [0.5, 1.5, 2.5, 3.5, 4.5, 5.5] mensal confirmada, rota com forecast_period_semantics_documented=True.",CONFIRMED_BY_FORECAST_PERIOD_SEMANTICS,SCALAR_COORD_ON_VARIABLE,1993-02,1993-02,1,OK_SCALAR_COORD,RANGEEDGES,RANGEEDGES_WINDOW_COORDINATE_MATCH,1993-02-01 00:00:00; 1993-03-01 00:00:00,1993-02-01 00:00:00,"esquema=lead1_igual_mes_inicializacao, representação=NMME_HARMONIZED_MONTHLY",Fazendas_Sinobras_Centroide
1993-03,NOAA_NCEP,CFSv2,1993-03,1,0.5,1993-03,OK,"L.attrs contém termo(s) ['forecast_period'] — indica semântica de lead/target, mas isso sozinho não confirma o valor exato de H1 sem uma variável auxiliar de data-alvo. | nenhuma variável auxiliar de data-alvo (('target', 'valid_time', 'target_month', 'forecast_time')) encontrada no dataset aberto — tentando Método B (semântica documentada do eixo forecast_period, Seção 4). | confirmado pela semântica documentada do eixo forecast_period (Método B, Seção 4/6): inicialização confirmada via SCALAR_COORD_ON_VARIABLE (status=OK_SCALAR_COORD), L.standard_name='forecast_period'/units='months', grade [0.5, 1.5, 2.5, 3.5, 4.5, 5.5] mensal confirmada, rota com forecast_period_semantics_documented=True.",CONFIRMED_BY_FORECAST_PERIOD_SEMANTICS,SCALAR_COORD_ON_VARIABLE,1993-03,1993-03,1,OK_SCALAR_COORD,RANGEEDGES,RANGEEDGES_WINDOW_COORDINATE_MATCH,1993-03-01 00:00:00; 1993-04-01 00:00:00,1993-03-01 00:00:00,"esquema=lead1_igual_mes_inicializacao, representação=NMME_HARMONIZED_MONTHLY",Fazendas_Sinobras_Centroide
1993-03,NOAA_NCEP,CFSv2,1993-03,2,1.5,1993-04,OK,"L.attrs contém termo(s) ['forecast_period'] — indica semântica de lead/target, mas isso sozinho não confirma o valor exato de H2 sem uma variável auxiliar de data-alvo. | nenhuma variável auxiliar de data-alvo (('target', 'valid_time', 'target_month', 'forecast_time')) encontrada no dataset aberto — tentando Método B (semântica documentada do eixo forecast_period, Seção 4). | confirmado pela semântica documentada do eixo forecast_period (Método B, Seção 4/6): inicialização confirmada via SCALAR_COORD_ON_VARIABLE (status=OK_SCALAR_COORD), L.standard_name='forecast_period'/units='months', grade [0.5, 1.5, 2.5, 3.5, 4.5, 5.5] mensal confirmada, rota com forecast_period_semantics_documented=True.",CONFIRMED_BY_FORECAST_PERIOD_SEMANTICS,SCALAR_COORD_ON_VARIABLE,1993-03,1993-03,1,OK_SCALAR_COORD,RANGEEDGES,RANGEEDGES_WINDOW_COORDINATE_MATCH,1993-03-01 00:00:00; 1993-04-01 00:00:00,1993-03-01 00:00:00,"esquema=lead1_igual_mes_inicializacao, representação=NMME_HARMONIZED_MONTHLY",Fazendas_Sinobras_Centroide
1993-03,NOAA_NCEP,CFSv2,1993-03,3,2.5,1993-05,OK,"L.attrs contém termo(s) ['forecast_period'] — indica semântica de lead/target, mas isso sozinho não confirma o valor exato de H3 sem uma variável auxiliar de data-alvo. | nenhuma variável auxiliar de data-alvo (('target', 'valid_time', 'target_month', 'forecast_time')) encontrada no dataset aberto — tentando Método B (semântica documentada do eixo forecast_period, Seção 4). | confirmado pela semântica documentada do eixo forecast_period (Método B, Seção 4/6): inicialização confirmada via SCALAR_COORD_ON_VARIABLE (status=OK_SCALAR_COORD), L.standard_name='forecast_period'/units='months', grade [0.5, 1.5, 2.5, 3.5, 4.5, 5.5] mensal confirmada, rota com forecast_period_semantics_documented=True.",CONFIRMED_BY_FORECAST_PERIOD_SEMANTICS,SCALAR_COORD_ON_VARIABLE,1993-03,1993-03,1,OK_SCALAR_COORD,RANGEEDGES,RANGEEDGES_WINDOW_COORDINATE_MATCH,1993-03-01 00:00:00; 1993-04-01 00:00:00,1993-03-01 00:00:00,"esquema=lead1_igual_mes_inicializacao, representação=NMME_HARMONIZED_MONTHLY",Fazendas_Sinobras_Centroide
1993-03,NOAA_NCEP,CFSv2,1993-03,4,3.5,1993-06,OK,"L.attrs contém termo(s) ['forecast_period'] — indica semântica de lead/target, mas isso sozinho não confirma o valor exato de H4 sem uma variável auxiliar de data-alvo. | nenhuma variável auxiliar de data-alvo (('target', 'valid_time', 'target_month', 'forecast_time')) encontrada no dataset aberto — tentando Método B (semântica documentada do eixo forecast_period, Seção 4). | confirmado pela semântica documentada do eixo forecast_period (Método B, Seção 4/6): inicialização confirmada via SCALAR_COORD_ON_VARIABLE (status=OK_SCALAR_COORD), L.standard_name='forecast_period'/units='months', grade [0.5, 1.5, 2.5, 3.5, 4.5, 5.5] mensal confirmada, rota com forecast_period_semantics_documented=True.",CONFIRMED_BY_FORECAST_PERIOD_SEMANTICS,SCALAR_COORD_ON_VARIABLE,1993-03,1993-03,1,OK_SCALAR_COORD,RANGEEDGES,RANGEEDGES_WINDOW_COORDINATE_MATCH,1993-03-01 00:00:00; 1993-04-01 00:00:00,1993-03-01 00:00:00,"esquema=lead1_igual_mes_inicializacao, representação=NMME_HARMONIZED_MONTHLY",Fazendas_Sinobras_Centroide
1993-03,NOAA_NCEP,CFSv2,1993-03,5,4.5,1993-07,OK,"L.attrs contém termo(s) ['forecast_period'] — indica semântica de lead/target, mas isso sozinho não confirma o valor exato de H5 sem uma variável auxiliar de data-alvo. | nenhuma variável auxiliar de data-alvo (('target', 'valid_time', 'target_month', 'forecast_time')) encontrada no dataset aberto — tentando Método B (semântica documentada do eixo forecast_period, Seção 4). | confirmado pela semântica documentada do eixo forecast_period (Método B, Seção 4/6): inicialização confirmada via SCALAR_COORD_ON_VARIABLE (status=OK_SCALAR_COORD), L.standard_name='forecast_period'/units='months', grade [0.5, 1.5, 2.5, 3.5, 4.5, 5.5] mensal confirmada, rota com forecast_period_semantics_documented=True.",CONFIRMED_BY_FORECAST_PERIOD_SEMANTICS,SCALAR_COORD_ON_VARIABLE,1993-03,1993-03,1,OK_SCALAR_COORD,RANGEEDGES,RANGEEDGES_WINDOW_COORDINATE_MATCH,1993-03-01 00:00:00; 1993-04-01 00:00:00,1993-03-01 00:00:00,"esquema=lead1_igual_mes_inicializacao, representação=NMME_HARMONIZED_MONTHLY",Fazendas_Sinobras_Centroide
1993-03,NOAA_NCEP,CFSv2,1993-03,6,5.5,1993-08,OK,"L.attrs contém termo(s) ['forecast_period'] — indica semântica de lead/target, mas isso sozinho não confirma o valor exato de H6 sem uma variável auxiliar de data-alvo. | nenhuma variável auxiliar de data-alvo (('target', 'valid_time', 'target_month', 'forecast_time')) encontrada no dataset aberto — tentando Método B (semântica documentada do eixo forecast_period, Seção 4). | confirmado pela semântica documentada do eixo forecast_period (Método B, Seção 4/6): inicialização confirmada via SCALAR_COORD_ON_VARIABLE (status=OK_SCALAR_COORD), L.standard_name='forecast_period'/units='months', grade [0.5, 1.5, 2.5, 3.5, 4.5, 5.5] mensal confirmada, rota com forecast_period_semantics_documented=True.",CONFIRMED_BY_FORECAST_PERIOD_SEMANTICS,SCALAR_COORD_ON_VARIABLE,1993-03,1993-03,1,OK_SCALAR_COORD,RANGEEDGES,RANGEEDGES_WINDOW_COORDINATE_MATCH,1993-03-01 00:00:00; 1993-04-01 00:00:00,1993-03-01 00:00:00,"esquema=lead1_igual_mes_inicializacao, representação=NMME_HARMONIZED_MONTHLY",Fazendas_Sinobras_Centroide
1993-04,NOAA_NCEP,CFSv2,1993-04,1,0.5,1993-04,OK,"L.attrs contém termo(s) ['forecast_period'] — indica semântica de lead/target, mas isso sozinho não confirma o valor exato de H1 sem uma variável auxiliar de data-alvo. | nenhuma variável auxiliar de data-alvo (('target', 'valid_time', 'target_month', 'forecast_time')) encontrada no dataset aberto — tentando Método B (semântica documentada do eixo forecast_period, Seção 4). | confirmado pela semântica documentada do eixo forecast_period (Método B, Seção 4/6): inicialização confirmada via SCALAR_COORD_ON_VARIABLE (status=OK_SCALAR_COORD), L.standard_name='forecast_period'/units='months', grade [0.5, 1.5, 2.5, 3.5, 4.5, 5.5] mensal confirmada, rota com forecast_period_semantics_documented=True.",CONFIRMED_BY_FORECAST_PERIOD_SEMANTICS,SCALAR_COORD_ON_VARIABLE,1993-04,1993-04,1,OK_SCALAR_COORD,RANGEEDGES,RANGEEDGES_WINDOW_COORDINATE_MATCH,1993-04-01 00:00:00; 1993-05-01 00:00:00,1993-04-01 00:00:00,"esquema=lead1_igual_mes_inicializacao, representação=NMME_HARMONIZED_MONTHLY",Fazendas_Sinobras_Centroide
1993-04,NOAA_NCEP,CFSv2,1993-04,2,1.5,1993-05,OK,"L.attrs contém termo(s) ['forecast_period'] — indica semântica de lead/target, mas isso sozinho não confirma o valor exato de H2 sem uma variável auxiliar de data-alvo. | nenhuma variável auxiliar de data-alvo (('target', 'valid_time', 'target_month', 'forecast_time')) encontrada no dataset aberto — tentando Método B (semântica documentada do eixo forecast_period, Seção 4). | confirmado pela semântica documentada do eixo forecast_period (Método B, Seção 4/6): inicialização confirmada via SCALAR_COORD_ON_VARIABLE (status=OK_SCALAR_COORD), L.standard_name='forecast_period'/units='months', grade [0.5, 1.5, 2.5, 3.5, 4.5, 5.5] mensal confirmada, rota com forecast_period_semantics_documented=True.",CONFIRMED_BY_FORECAST_PERIOD_SEMANTICS,SCALAR_COORD_ON_VARIABLE,1993-04,1993-04,1,OK_SCALAR_COORD,RANGEEDGES,RANGEEDGES_WINDOW_COORDINATE_MATCH,1993-04-01 00:00:00; 1993-05-01 00:00:00,1993-04-01 00:00:00,"esquema=lead1_igual_mes_inicializacao, representação=NMME_HARMONIZED_MONTHLY",Fazendas_Sinobras_Centroide
1993-04,NOAA_NCEP,CFSv2,1993-04,3,2.5,1993-06,OK,"L.attrs contém termo(s) ['forecast_period'] — indica semântica de lead/target, mas isso sozinho não confirma o valor exato de H3 sem uma variável auxiliar de data-alvo. | nenhuma variável auxiliar de data-alvo (('target', 'valid_time', 'target_month', 'forecast_time')) encontrada no dataset aberto — tentando Método B (semântica documentada do eixo forecast_period, Seção 4). | confirmado pela semântica documentada do eixo forecast_period (Método B, Seção 4/6): inicialização confirmada via SCALAR_COORD_ON_VARIABLE (status=OK_SCALAR_COORD), L.standard_name='forecast_period'/units='months', grade [0.5, 1.5, 2.5, 3.5, 4.5, 5.5] mensal confirmada, rota com forecast_period_semantics_documented=True.",CONFIRMED_BY_FORECAST_PERIOD_SEMANTICS,SCALAR_COORD_ON_VARIABLE,1993-04,1993-04,1,OK_SCALAR_COORD,RANGEEDGES,RANGEEDGES_WINDOW_COORDINATE_MATCH,1993-04-01 00:00:00; 1993-05-01 00:00:00,1993-04-01 00:00:00,"esquema=lead1_igual_mes_inicializacao, representação=NMME_HARMONIZED_MONTHLY",Fazendas_Sinobras_Centroide
1993-04,NOAA_NCEP,CFSv2,1993-04,4,3.5,1993-07,OK,"L.attrs contém termo(s) ['forecast_period'] — indica semântica de lead/target, mas isso sozinho não confirma o valor exato de H4 sem uma variável auxiliar de data-alvo. | nenhuma variável auxiliar de data-alvo (('target', 'valid_time', 'target_month', 'forecast_time')) encontrada no dataset aberto — tentando Método B (semântica documentada do eixo forecast_period, Seção 4). | confirmado pela semântica documentada do eixo forecast_period (Método B, Seção 4/6): inicialização confirmada via SCALAR_COORD_ON_VARIABLE (status=OK_SCALAR_COORD), L.standard_name='forecast_period'/units='months', grade [0.5, 1.5, 2.5, 3.5, 4.5, 5.5] mensal confirmada, rota com forecast_period_semantics_documented=True.",CONFIRMED_BY_FORECAST_PERIOD_SEMANTICS,SCALAR_COORD_ON_VARIABLE,1993-04,1993-04,1,OK_SCALAR_COORD,RANGEEDGES,RANGEEDGES_WINDOW_COORDINATE_MATCH,1993-04-01 00:00:00; 1993-05-01 00:00:00,1993-04-01 00:00:00,"esquema=lead1_igual_mes_inicializacao, representação=NMME_HARMONIZED_MONTHLY",Fazendas_Sinobras_Centroide
1993-04,NOAA_NCEP,CFSv2,1993-04,5,4.5,1993-08,OK,"L.attrs contém termo(s) ['forecast_period'] — indica semântica de lead/target, mas isso sozinho não confirma o valor exato de H5 sem uma variável auxiliar de data-alvo. | nenhuma variável auxiliar de data-alvo (('target', 'valid_time', 'target_month', 'forecast_time')) encontrada no dataset aberto — tentando Método B (semântica documentada do eixo forecast_period, Seção 4). | confirmado pela semântica documentada do eixo forecast_period (Método B, Seção 4/6): inicialização confirmada via SCALAR_COORD_ON_VARIABLE (status=OK_SCALAR_COORD), L.standard_name='forecast_period'/units='months', grade [0.5, 1.5, 2.5, 3.5, 4.5, 5.5] mensal confirmada, rota com forecast_period_semantics_documented=True.",CONFIRMED_BY_FORECAST_PERIOD_SEMANTICS,SCALAR_COORD_ON_VARIABLE,1993-04,1993-04,1,OK_SCALAR_COORD,RANGEEDGES,RANGEEDGES_WINDOW_COORDINATE_MATCH,1993-04-01 00:00:00; 1993-05-01 00:00:00,1993-04-01 00:00:00,"esquema=lead1_igual_mes_inicializacao, representação=NMME_HARMONIZED_MONTHLY",Fazendas_Sinobras_Centroide
1993-04,NOAA_NCEP,CFSv2,1993-04,6,5.5,1993-09,OK,"L.attrs contém termo(s) ['forecast_period'] — indica semântica de lead/target, mas isso sozinho não confirma o valor exato de H6 sem uma variável auxiliar de data-alvo. | nenhuma variável auxiliar de data-alvo (('target', 'valid_time', 'target_month', 'forecast_time')) encontrada no dataset aberto — tentando Método B (semântica documentada do eixo forecast_period, Seção 4). | confirmado pela semântica documentada do eixo forecast_period (Método B, Seção 4/6): inicialização confirmada via SCALAR_COORD_ON_VARIABLE (status=OK_SCALAR_COORD), L.standard_name='forecast_period'/units='months', grade [0.5, 1.5, 2.5, 3.5, 4.5, 5.5] mensal confirmada, rota com forecast_period_semantics_documented=True.",CONFIRMED_BY_FORECAST_PERIOD_SEMANTICS,SCALAR_COORD_ON_VARIABLE,1993-04,1993-04,1,OK_SCALAR_COORD,RANGEEDGES,RANGEEDGES_WINDOW_COORDINATE_MATCH,1993-04-01 00:00:00; 1993-05-01 00:00:00,1993-04-01 00:00:00,"esquema=lead1_igual_mes_inicializacao, representação=NMME_HARMONIZED_MONTHLY",Fazendas_Sinobras_Centroide
1993-05,NOAA_NCEP,CFSv2,1993-05,1,0.5,1993-05,OK,"L.attrs contém termo(s) ['forecast_period'] — indica semântica de lead/target, mas isso sozinho não confirma o valor exato de H1 sem uma variável auxiliar de data-alvo. | nenhuma variável auxiliar de data-alvo (('target', 'valid_time', 'target_month', 'forecast_time')) encontrada no dataset aberto — tentando Método B (semântica documentada do eixo forecast_period, Seção 4). | confirmado pela semântica documentada do eixo forecast_period (Método B, Seção 4/6): inicialização confirmada via SCALAR_COORD_ON_VARIABLE (status=OK_SCALAR_COORD), L.standard_name='forecast_period'/units='months', grade [0.5, 1.5, 2.5, 3.5, 4.5, 5.5] mensal confirmada, rota com forecast_period_semantics_documented=True.",CONFIRMED_BY_FORECAST_PERIOD_SEMANTICS,SCALAR_COORD_ON_VARIABLE,1993-05,1993-05,1,OK_SCALAR_COORD,RANGEEDGES,RANGEEDGES_WINDOW_COORDINATE_MATCH,1993-05-01 00:00:00; 1993-06-01 00:00:00,1993-05-01 00:00:00,"esquema=lead1_igual_mes_inicializacao, representação=NMME_HARMONIZED_MONTHLY",Fazendas_Sinobras_Centroide
1993-05,NOAA_NCEP,CFSv2,1993-05,2,1.5,1993-06,OK,"L.attrs contém termo(s) ['forecast_period'] — indica semântica de lead/target, mas isso sozinho não confirma o valor exato de H2 sem uma variável auxiliar de data-alvo. | nenhuma variável auxiliar de data-alvo (('target', 'valid_time', 'target_month', 'forecast_time')) encontrada no dataset aberto — tentando Método B (semântica documentada do eixo forecast_period, Seção 4). | confirmado pela semântica documentada do eixo forecast_period (Método B, Seção 4/6): inicialização confirmada via SCALAR_COORD_ON_VARIABLE (status=OK_SCALAR_COORD), L.standard_name='forecast_period'/units='months', grade [0.5, 1.5, 2.5, 3.5, 4.5, 5.5] mensal confirmada, rota com forecast_period_semantics_documented=True.",CONFIRMED_BY_FORECAST_PERIOD_SEMANTICS,SCALAR_COORD_ON_VARIABLE,1993-05,1993-05,1,OK_SCALAR_COORD,RANGEEDGES,RANGEEDGES_WINDOW_COORDINATE_MATCH,1993-05-01 00:00:00; 1993-06-01 00:00:00,1993-05-01 00:00:00,"esquema=lead1_igual_mes_inicializacao, representação=NMME_HARMONIZED_MONTHLY",Fazendas_Sinobras_Centroide
1993-05,NOAA_NCEP,CFSv2,1993-05,3,2.5,1993-07,OK,"L.attrs contém termo(s) ['forecast_period'] — indica semântica de lead/target, mas isso sozinho não confirma o valor exato de H3 sem uma variável auxiliar de data-alvo. | nenhuma variável auxiliar de data-alvo (('target', 'valid_time', 'target_month', 'forecast_time')) encontrada no dataset aberto — tentando Método B (semântica documentada do eixo forecast_period, Seção 4). | confirmado pela semântica documentada do eixo forecast_period (Método B, Seção 4/6): inicialização confirmada via SCALAR_COORD_ON_VARIABLE (status=OK_SCALAR_COORD), L.standard_name='forecast_period'/units='months', grade [0.5, 1.5, 2.5, 3.5, 4.5, 5.5] mensal confirmada, rota com forecast_period_semantics_documented=True.",CONFIRMED_BY_FORECAST_PERIOD_SEMANTICS,SCALAR_COORD_ON_VARIABLE,1993-05,1993-05,1,OK_SCALAR_COORD,RANGEEDGES,RANGEEDGES_WINDOW_COORDINATE_MATCH,1993-05-01 00:00:00; 1993-06-01 00:00:00,1993-05-01 00:00:00,"esquema=lead1_igual_mes_inicializacao, representação=NMME_HARMONIZED_MONTHLY",Fazendas_Sinobras_Centroide
1993-05,NOAA_NCEP,CFSv2,1993-05,4,3.5,1993-08,OK,"L.attrs contém termo(s) ['forecast_period'] — indica semântica de lead/target, mas isso sozinho não confirma o valor exato de H4 sem uma variável auxiliar de data-alvo. | nenhuma variável auxiliar de data-alvo (('target', 'valid_time', 'target_month', 'forecast_time')) encontrada no dataset aberto — tentando Método B (semântica documentada do eixo forecast_period, Seção 4). | confirmado pela semântica documentada do eixo forecast_period (Método B, Seção 4/6): inicialização confirmada via SCALAR_COORD_ON_VARIABLE (status=OK_SCALAR_COORD), L.standard_name='forecast_period'/units='months', grade [0.5, 1.5, 2.5, 3.5, 4.5, 5.5] mensal confirmada, rota com forecast_period_semantics_documented=True.",CONFIRMED_BY_FORECAST_PERIOD_SEMANTICS,SCALAR_COORD_ON_VARIABLE,1993-05,1993-05,1,OK_SCALAR_COORD,RANGEEDGES,RANGEEDGES_WINDOW_COORDINATE_MATCH,1993-05-01 00:00:00; 1993-06-01 00:00:00,1993-05-01 00:00:00,"esquema=lead1_igual_mes_inicializacao, representação=NMME_HARMONIZED_MONTHLY",Fazendas_Sinobras_Centroide
1993-05,NOAA_NCEP,CFSv2,1993-05,5,4.5,1993-09,OK,"L.attrs contém termo(s) ['forecast_period'] — indica semântica de lead/target, mas isso sozinho não confirma o valor exato de H5 sem uma variável auxiliar de data-alvo. | nenhuma variável auxiliar de data-alvo (('target', 'valid_time', 'target_month', 'forecast_time')) encontrada no dataset aberto — tentando Método B (semântica documentada do eixo forecast_period, Seção 4). | confirmado pela semântica documentada do eixo forecast_period (Método B, Seção 4/6): inicialização confirmada via SCALAR_COORD_ON_VARIABLE (status=OK_SCALAR_COORD), L.standard_name='forecast_period'/units='months', grade [0.5, 1.5, 2.5, 3.5, 4.5, 5.5] mensal confirmada, rota com forecast_period_semantics_documented=True.",CONFIRMED_BY_FORECAST_PERIOD_SEMANTICS,SCALAR_COORD_ON_VARIABLE,1993-05,1993-05,1,OK_SCALAR_COORD,RANGEEDGES,RANGEEDGES_WINDOW_COORDINATE_MATCH,1993-05-01 00:00:00; 1993-06-01 00:00:00,1993-05-01 00:00:00,"esquema=lead1_igual_mes_inicializacao, representação=NMME_HARMONIZED_MONTHLY",Fazendas_Sinobras_Centroide
1993-05,NOAA_NCEP,CFSv2,1993-05,6,5.5,1993-10,OK,"L.attrs contém termo(s) ['forecast_period'] — indica semântica de lead/target, mas isso sozinho não confirma o valor exato de H6 sem uma variável auxiliar de data-alvo. | nenhuma variável auxiliar de data-alvo (('target', 'valid_time', 'target_month', 'forecast_time')) encontrada no dataset aberto — tentando Método B (semântica documentada do eixo forecast_period, Seção 4). | confirmado pela semântica documentada do eixo forecast_period (Método B, Seção 4/6): inicialização confirmada via SCALAR_COORD_ON_VARIABLE (status=OK_SCALAR_COORD), L.standard_name='forecast_period'/units='months', grade [0.5, 1.5, 2.5, 3.5, 4.5, 5.5] mensal confirmada, rota com forecast_period_semantics_documented=True.",CONFIRMED_BY_FORECAST_PERIOD_SEMANTICS,SCALAR_COORD_ON_VARIABLE,1993-05,1993-05,1,OK_SCALAR_COORD,RANGEEDGES,RANGEEDGES_WINDOW_COORDINATE_MATCH,1993-05-01 00:00:00; 1993-06-01 00:00:00,1993-05-01 00:00:00,"esquema=lead1_igual_mes_inicializacao, representação=NMME_HARMONIZED_MONTHLY",Fazendas_Sinobras_Centroide
1993-06,NOAA_NCEP,CFSv2,1993-06,1,0.5,1993-06,OK,"L.attrs contém termo(s) ['forecast_period'] — indica semântica de lead/target, mas isso sozinho não confirma o valor exato de H1 sem uma variável auxiliar de data-alvo. | nenhuma variável auxiliar de data-alvo (('target', 'valid_time', 'target_month', 'forecast_time')) encontrada no dataset aberto — tentando Método B (semântica documentada do eixo forecast_period, Seção 4). | confirmado pela semântica documentada do eixo forecast_period (Método B, Seção 4/6): inicialização confirmada via SCALAR_COORD_ON_VARIABLE (status=OK_SCALAR_COORD), L.standard_name='forecast_period'/units='months', grade [0.5, 1.5, 2.5, 3.5, 4.5, 5.5] mensal confirmada, rota com forecast_period_semantics_documented=True.",CONFIRMED_BY_FORECAST_PERIOD_SEMANTICS,SCALAR_COORD_ON_VARIABLE,1993-06,1993-06,1,OK_SCALAR_COORD,RANGEEDGES,RANGEEDGES_WINDOW_COORDINATE_MATCH,1993-06-01 00:00:00; 1993-07-01 00:00:00,1993-06-01 00:00:00,"esquema=lead1_igual_mes_inicializacao, representação=NMME_HARMONIZED_MONTHLY",Fazendas_Sinobras_Centroide
1993-06,NOAA_NCEP,CFSv2,1993-06,2,1.5,1993-07,OK,"L.attrs contém termo(s) ['forecast_period'] — indica semântica de lead/target, mas isso sozinho não confirma o valor exato de H2 sem uma variável auxiliar de data-alvo. | nenhuma variável auxiliar de data-alvo (('target', 'valid_time', 'target_month', 'forecast_time')) encontrada no dataset aberto — tentando Método B (semântica documentada do eixo forecast_period, Seção 4). | confirmado pela semântica documentada do eixo forecast_period (Método B, Seção 4/6): inicialização confirmada via SCALAR_COORD_ON_VARIABLE (status=OK_SCALAR_COORD), L.standard_name='forecast_period'/units='months', grade [0.5, 1.5, 2.5, 3.5, 4.5, 5.5] mensal confirmada, rota com forecast_period_semantics_documented=True.",CONFIRMED_BY_FORECAST_PERIOD_SEMANTICS,SCALAR_COORD_ON_VARIABLE,1993-06,1993-06,1,OK_SCALAR_COORD,RANGEEDGES,RANGEEDGES_WINDOW_COORDINATE_MATCH,1993-06-01 00:00:00; 1993-07-01 00:00:00,1993-06-01 00:00:00,"esquema=lead1_igual_mes_inicializacao, representação=NMME_HARMONIZED_MONTHLY",Fazendas_Sinobras_Centroide
1993-06,NOAA_NCEP,CFSv2,1993-06,3,2.5,1993-08,OK,"L.attrs contém termo(s) ['forecast_period'] — indica semântica de lead/target, mas isso sozinho não confirma o valor exato de H3 sem uma variável auxiliar de data-alvo. | nenhuma variável auxiliar de data-alvo (('target', 'valid_time', 'target_month', 'forecast_time')) encontrada no dataset aberto — tentando Método B (semântica documentada do eixo forecast_period, Seção 4). | confirmado pela semântica documentada do eixo forecast_period (Método B, Seção 4/6): inicialização confirmada via SCALAR_COORD_ON_VARIABLE (status=OK_SCALAR_COORD), L.standard_name='forecast_period'/units='months', grade [0.5, 1.5, 2.5, 3.5, 4.5, 5.5] mensal confirmada, rota com forecast_period_semantics_documented=True.",CONFIRMED_BY_FORECAST_PERIOD_SEMANTICS,SCALAR_COORD_ON_VARIABLE,1993-06,1993-06,1,OK_SCALAR_COORD,RANGEEDGES,RANGEEDGES_WINDOW_COORDINATE_MATCH,1993-06-01 00:00:00; 1993-07-01 00:00:00,1993-06-01 00:00:00,"esquema=lead1_igual_mes_inicializacao, representação=NMME_HARMONIZED_MONTHLY",Fazendas_Sinobras_Centroide
1993-06,NOAA_NCEP,CFSv2,1993-06,4,3.5,1993-09,OK,"L.attrs contém termo(s) ['forecast_period'] — indica semântica de lead/target, mas isso sozinho não confirma o valor exato de H4 sem uma variável auxiliar de data-alvo. | nenhuma variável auxiliar de data-alvo (('target', 'valid_time', 'target_month', 'forecast_time')) encontrada no dataset aberto — tentando Método B (semântica documentada do eixo forecast_period, Seção 4). | confirmado pela semântica documentada do eixo forecast_period (Método B, Seção 4/6): inicialização confirmada via SCALAR_COORD_ON_VARIABLE (status=OK_SCALAR_COORD), L.standard_name='forecast_period'/units='months', grade [0.5, 1.5, 2.5, 3.5, 4.5, 5.5] mensal confirmada, rota com forecast_period_semantics_documented=True.",CONFIRMED_BY_FORECAST_PERIOD_SEMANTICS,SCALAR_COORD_ON_VARIABLE,1993-06,1993-06,1,OK_SCALAR_COORD,RANGEEDGES,RANGEEDGES_WINDOW_COORDINATE_MATCH,1993-06-01 00:00:00; 1993-07-01 00:00:00,1993-06-01 00:00:00,"esquema=lead1_igual_mes_inicializacao, representação=NMME_HARMONIZED_MONTHLY",Fazendas_Sinobras_Centroide
1993-06,NOAA_NCEP,CFSv2,1993-06,5,4.5,1993-10,OK,"L.attrs contém termo(s) ['forecast_period'] — indica semântica de lead/target, mas isso sozinho não confirma o valor exato de H5 sem uma variável auxiliar de data-alvo. | nenhuma variável auxiliar de data-alvo (('target', 'valid_time', 'target_month', 'forecast_time')) encontrada no dataset aberto — tentando Método B (semântica documentada do eixo forecast_period, Seção 4). | confirmado pela semântica documentada do eixo forecast_period (Método B, Seção 4/6): inicialização confirmada via SCALAR_COORD_ON_VARIABLE (status=OK_SCALAR_COORD), L.standard_name='forecast_period'/units='months', grade [0.5, 1.5, 2.5, 3.5, 4.5, 5.5] mensal confirmada, rota com forecast_period_semantics_documented=True.",CONFIRMED_BY_FORECAST_PERIOD_SEMANTICS,SCALAR_COORD_ON_VARIABLE,1993-06,1993-06,1,OK_SCALAR_COORD,RANGEEDGES,RANGEEDGES_WINDOW_COORDINATE_MATCH,1993-06-01 00:00:00; 1993-07-01 00:00:00,1993-06-01 00:00:00,"esquema=lead1_igual_mes_inicializacao, representação=NMME_HARMONIZED_MONTHLY",Fazendas_Sinobras_Centroide
1993-06,NOAA_NCEP,CFSv2,1993-06,6,5.5,1993-11,OK,"L.attrs contém termo(s) ['forecast_period'] — indica semântica de lead/target, mas isso sozinho não confirma o valor exato de H6 sem uma variável auxiliar de data-alvo. | nenhuma variável auxiliar de data-alvo (('target', 'valid_time', 'target_month', 'forecast_time')) encontrada no dataset aberto — tentando Método B (semântica documentada do eixo forecast_period, Seção 4). | confirmado pela semântica documentada do eixo forecast_period (Método B, Seção 4/6): inicialização confirmada via SCALAR_COORD_ON_VARIABLE (status=OK_SCALAR_COORD), L.standard_name='forecast_period'/units='months', grade [0.5, 1.5, 2.5, 3.5, 4.5, 5.5] mensal confirmada, rota com forecast_period_semantics_documented=True.",CONFIRMED_BY_FORECAST_PERIOD_SEMANTICS,SCALAR_COORD_ON_VARIABLE,1993-06,1993-06,1,OK_SCALAR_COORD,RANGEEDGES,RANGEEDGES_WINDOW_COORDINATE_MATCH,1993-06-01 00:00:00; 1993-07-01 00:00:00,1993-06-01 00:00:00,"esquema=lead1_igual_mes_inicializacao, representação=NMME_HARMONIZED_MONTHLY",Fazendas_Sinobras_Centroide
1993-07,NOAA_NCEP,CFSv2,1993-07,1,0.5,1993-07,OK,"L.attrs contém termo(s) ['forecast_period'] — indica semântica de lead/target, mas isso sozinho não confirma o valor exato de H1 sem uma variável auxiliar de data-alvo. | nenhuma variável auxiliar de data-alvo (('target', 'valid_time', 'target_month', 'forecast_time')) encontrada no dataset aberto — tentando Método B (semântica documentada do eixo forecast_period, Seção 4). | confirmado pela semântica documentada do eixo forecast_period (Método B, Seção 4/6): inicialização confirmada via SCALAR_COORD_ON_VARIABLE (status=OK_SCALAR_COORD), L.standard_name='forecast_period'/units='months', grade [0.5, 1.5, 2.5, 3.5, 4.5, 5.5] mensal confirmada, rota com forecast_period_semantics_documented=True.",CONFIRMED_BY_FORECAST_PERIOD_SEMANTICS,SCALAR_COORD_ON_VARIABLE,1993-07,1993-07,1,OK_SCALAR_COORD,RANGEEDGES,RANGEEDGES_WINDOW_COORDINATE_MATCH,1993-07-01 00:00:00; 1993-08-01 00:00:00,1993-07-01 00:00:00,"esquema=lead1_igual_mes_inicializacao, representação=NMME_HARMONIZED_MONTHLY",Fazendas_Sinobras_Centroide
1993-07,NOAA_NCEP,CFSv2,1993-07,2,1.5,1993-08,OK,"L.attrs contém termo(s) ['forecast_period'] — indica semântica de lead/target, mas isso sozinho não confirma o valor exato de H2 sem uma variável auxiliar de data-alvo. | nenhuma variável auxiliar de data-alvo (('target', 'valid_time', 'target_month', 'forecast_time')) encontrada no dataset aberto — tentando Método B (semântica documentada do eixo forecast_period, Seção 4). | confirmado pela semântica documentada do eixo forecast_period (Método B, Seção 4/6): inicialização confirmada via SCALAR_COORD_ON_VARIABLE (status=OK_SCALAR_COORD), L.standard_name='forecast_period'/units='months', grade [0.5, 1.5, 2.5, 3.5, 4.5, 5.5] mensal confirmada, rota com forecast_period_semantics_documented=True.",CONFIRMED_BY_FORECAST_PERIOD_SEMANTICS,SCALAR_COORD_ON_VARIABLE,1993-07,1993-07,1,OK_SCALAR_COORD,RANGEEDGES,RANGEEDGES_WINDOW_COORDINATE_MATCH,1993-07-01 00:00:00; 1993-08-01 00:00:00,1993-07-01 00:00:00,"esquema=lead1_igual_mes_inicializacao, representação=NMME_HARMONIZED_MONTHLY",Fazendas_Sinobras_Centroide
1993-07,NOAA_NCEP,CFSv2,1993-07,3,2.5,1993-09,OK,"L.attrs contém termo(s) ['forecast_period'] — indica semântica de lead/target, mas isso sozinho não confirma o valor exato de H3 sem uma variável auxiliar de data-alvo. | nenhuma variável auxiliar de data-alvo (('target', 'valid_time', 'target_month', 'forecast_time')) encontrada no dataset aberto — tentando Método B (semântica documentada do eixo forecast_period, Seção 4). | confirmado pela semântica documentada do eixo forecast_period (Método B, Seção 4/6): inicialização confirmada via SCALAR_COORD_ON_VARIABLE (status=OK_SCALAR_COORD), L.standard_name='forecast_period'/units='months', grade [0.5, 1.5, 2.5, 3.5, 4.5, 5.5] mensal confirmada, rota com forecast_period_semantics_documented=True.",CONFIRMED_BY_FORECAST_PERIOD_SEMANTICS,SCALAR_COORD_ON_VARIABLE,1993-07,1993-07,1,OK_SCALAR_COORD,RANGEEDGES,RANGEEDGES_WINDOW_COORDINATE_MATCH,1993-07-01 00:00:00; 1993-08-01 00:00:00,1993-07-01 00:00:00,"esquema=lead1_igual_mes_inicializacao, representação=NMME_HARMONIZED_MONTHLY",Fazendas_Sinobras_Centroide
1993-07,NOAA_NCEP,CFSv2,1993-07,4,3.5,1993-10,OK,"L.attrs contém termo(s) ['forecast_period'] — indica semântica de lead/target, mas isso sozinho não confirma o valor exato de H4 sem uma variável auxiliar de data-alvo. | nenhuma variável auxiliar de data-alvo (('target', 'valid_time', 'target_month', 'forecast_time')) encontrada no dataset aberto — tentando Método B (semântica documentada do eixo forecast_period, Seção 4). | confirmado pela semântica documentada do eixo forecast_period (Método B, Seção 4/6): inicialização confirmada via SCALAR_COORD_ON_VARIABLE (status=OK_SCALAR_COORD), L.standard_name='forecast_period'/units='months', grade [0.5, 1.5, 2.5, 3.5, 4.5, 5.5] mensal confirmada, rota com forecast_period_semantics_documented=True.",CONFIRMED_BY_FORECAST_PERIOD_SEMANTICS,SCALAR_COORD_ON_VARIABLE,1993-07,1993-07,1,OK_SCALAR_COORD,RANGEEDGES,RANGEEDGES_WINDOW_COORDINATE_MATCH,1993-07-01 00:00:00; 1993-08-01 00:00:00,1993-07-01 00:00:00,"esquema=lead1_igual_mes_inicializacao, representação=NMME_HARMONIZED_MONTHLY",Fazendas_Sinobras_Centroide
1993-07,NOAA_NCEP,CFSv2,1993-07,5,4.5,1993-11,OK,"L.attrs contém termo(s) ['forecast_period'] — indica semântica de lead/target, mas isso sozinho não confirma o valor exato de H5 sem uma variável auxiliar de data-alvo. | nenhuma variável auxiliar de data-alvo (('target', 'valid_time', 'target_month', 'forecast_time')) encontrada no dataset aberto — tentando Método B (semântica documentada do eixo forecast_period, Seção 4). | confirmado pela semântica documentada do eixo forecast_period (Método B, Seção 4/6): inicialização confirmada via SCALAR_COORD_ON_VARIABLE (status=OK_SCALAR_COORD), L.standard_name='forecast_period'/units='months', grade [0.5, 1.5, 2.5, 3.5, 4.5, 5.5] mensal confirmada, rota com forecast_period_semantics_documented=True.",CONFIRMED_BY_FORECAST_PERIOD_SEMANTICS,SCALAR_COORD_ON_VARIABLE,1993-07,1993-07,1,OK_SCALAR_COORD,RANGEEDGES,RANGEEDGES_WINDOW_COORDINATE_MATCH,1993-07-01 00:00:00; 1993-08-01 00:00:00,1993-07-01 00:00:00,"esquema=lead1_igual_mes_inicializacao, representação=NMME_HARMONIZED_MONTHLY",Fazendas_Sinobras_Centroide
1993-07,NOAA_NCEP,CFSv2,1993-07,6,5.5,1993-12,OK,"L.attrs contém termo(s) ['forecast_period'] — indica semântica de lead/target, mas isso sozinho não confirma o valor exato de H6 sem uma variável auxiliar de data-alvo. | nenhuma variável auxiliar de data-alvo (('target', 'valid_time', 'target_month', 'forecast_time')) encontrada no dataset aberto — tentando Método B (semântica documentada do eixo forecast_period, Seção 4). | confirmado pela semântica documentada do eixo forecast_period (Método B, Seção 4/6): inicialização confirmada via SCALAR_COORD_ON_VARIABLE (status=OK_SCALAR_COORD), L.standard_name='forecast_period'/units='months', grade [0.5, 1.5, 2.5, 3.5, 4.5, 5.5] mensal confirmada, rota com forecast_period_semantics_documented=True.",CONFIRMED_BY_FORECAST_PERIOD_SEMANTICS,SCALAR_COORD_ON_VARIABLE,1993-07,1993-07,1,OK_SCALAR_COORD,RANGEEDGES,RANGEEDGES_WINDOW_COORDINATE_MATCH,1993-07-01 00:00:00; 1993-08-01 00:00:00,1993-07-01 00:00:00,"esquema=lead1_igual_mes_inicializacao, representação=NMME_HARMONIZED_MONTHLY",Fazendas_Sinobras_Centroide
1993-08,NOAA_NCEP,CFSv2,1993-08,1,0.5,1993-08,OK,"L.attrs contém termo(s) ['forecast_period'] — indica semântica de lead/target, mas isso sozinho não confirma o valor exato de H1 sem uma variável auxiliar de data-alvo. | nenhuma variável auxiliar de data-alvo (('target', 'valid_time', 'target_month', 'forecast_time')) encontrada no dataset aberto — tentando Método B (semântica documentada do eixo forecast_period, Seção 4). | confirmado pela semântica documentada do eixo forecast_period (Método B, Seção 4/6): inicialização confirmada via SCALAR_COORD_ON_VARIABLE (status=OK_SCALAR_COORD), L.standard_name='forecast_period'/units='months', grade [0.5, 1.5, 2.5, 3.5, 4.5, 5.5] mensal confirmada, rota com forecast_period_semantics_documented=True.",CONFIRMED_BY_FORECAST_PERIOD_SEMANTICS,SCALAR_COORD_ON_VARIABLE,1993-08,1993-08,1,OK_SCALAR_COORD,RANGEEDGES,RANGEEDGES_WINDOW_COORDINATE_MATCH,1993-08-01 00:00:00; 1993-09-01 00:00:00,1993-08-01 00:00:00,"esquema=lead1_igual_mes_inicializacao, representação=NMME_HARMONIZED_MONTHLY",Fazendas_Sinobras_Centroide
1993-08,NOAA_NCEP,CFSv2,1993-08,2,1.5,1993-09,OK,"L.attrs contém termo(s) ['forecast_period'] — indica semântica de lead/target, mas isso sozinho não confirma o valor exato de H2 sem uma variável auxiliar de data-alvo. | nenhuma variável auxiliar de data-alvo (('target', 'valid_time', 'target_month', 'forecast_time')) encontrada no dataset aberto — tentando Método B (semântica documentada do eixo forecast_period, Seção 4). | confirmado pela semântica documentada do eixo forecast_period (Método B, Seção 4/6): inicialização confirmada via SCALAR_COORD_ON_VARIABLE (status=OK_SCALAR_COORD), L.standard_name='forecast_period'/units='months', grade [0.5, 1.5, 2.5, 3.5, 4.5, 5.5] mensal confirmada, rota com forecast_period_semantics_documented=True.",CONFIRMED_BY_FORECAST_PERIOD_SEMANTICS,SCALAR_COORD_ON_VARIABLE,1993-08,1993-08,1,OK_SCALAR_COORD,RANGEEDGES,RANGEEDGES_WINDOW_COORDINATE_MATCH,1993-08-01 00:00:00; 1993-09-01 00:00:00,1993-08-01 00:00:00,"esquema=lead1_igual_mes_inicializacao, representação=NMME_HARMONIZED_MONTHLY",Fazendas_Sinobras_Centroide
1993-08,NOAA_NCEP,CFSv2,1993-08,3,2.5,1993-10,OK,"L.attrs contém termo(s) ['forecast_period'] — indica semântica de lead/target, mas isso sozinho não confirma o valor exato de H3 sem uma variável auxiliar de data-alvo. | nenhuma variável auxiliar de data-alvo (('target', 'valid_time', 'target_month', 'forecast_time')) encontrada no dataset aberto — tentando Método B (semântica documentada do eixo forecast_period, Seção 4). | confirmado pela semântica documentada do eixo forecast_period (Método B, Seção 4/6): inicialização confirmada via SCALAR_COORD_ON_VARIABLE (status=OK_SCALAR_COORD), L.standard_name='forecast_period'/units='months', grade [0.5, 1.5, 2.5, 3.5, 4.5, 5.5] mensal confirmada, rota com forecast_period_semantics_documented=True.",CONFIRMED_BY_FORECAST_PERIOD_SEMANTICS,SCALAR_COORD_ON_VARIABLE,1993-08,1993-08,1,OK_SCALAR_COORD,RANGEEDGES,RANGEEDGES_WINDOW_COORDINATE_MATCH,1993-08-01 00:00:00; 1993-09-01 00:00:00,1993-08-01 00:00:00,"esquema=lead1_igual_mes_inicializacao, representação=NMME_HARMONIZED_MONTHLY",Fazendas_Sinobras_Centroide
1993-08,NOAA_NCEP,CFSv2,1993-08,4,3.5,1993-11,OK,"L.attrs contém termo(s) ['forecast_period'] — indica semântica de lead/target, mas isso sozinho não confirma o valor exato de H4 sem uma variável auxiliar de data-alvo. | nenhuma variável auxiliar de data-alvo (('target', 'valid_time', 'target_month', 'forecast_time')) encontrada no dataset aberto — tentando Método B (semântica documentada do eixo forecast_period, Seção 4). | confirmado pela semântica documentada do eixo forecast_period (Método B, Seção 4/6): inicialização confirmada via SCALAR_COORD_ON_VARIABLE (status=OK_SCALAR_COORD), L.standard_name='forecast_period'/units='months', grade [0.5, 1.5, 2.5, 3.5, 4.5, 5.5] mensal confirmada, rota com forecast_period_semantics_documented=True.",CONFIRMED_BY_FORECAST_PERIOD_SEMANTICS,SCALAR_COORD_ON_VARIABLE,1993-08,1993-08,1,OK_SCALAR_COORD,RANGEEDGES,RANGEEDGES_WINDOW_COORDINATE_MATCH,1993-08-01 00:00:00; 1993-09-01 00:00:00,1993-08-01 00:00:00,"esquema=lead1_igual_mes_inicializacao, representação=NMME_HARMONIZED_MONTHLY",Fazendas_Sinobras_Centroide
1993-08,NOAA_NCEP,CFSv2,1993-08,5,4.5,1993-12,OK,"L.attrs contém termo(s) ['forecast_period'] — indica semântica de lead/target, mas isso sozinho não confirma o valor exato de H5 sem uma variável auxiliar de data-alvo. | nenhuma variável auxiliar de data-alvo (('target', 'valid_time', 'target_month', 'forecast_time')) encontrada no dataset aberto — tentando Método B (semântica documentada do eixo forecast_period, Seção 4). | confirmado pela semântica documentada do eixo forecast_period (Método B, Seção 4/6): inicialização confirmada via SCALAR_COORD_ON_VARIABLE (status=OK_SCALAR_COORD), L.standard_name='forecast_period'/units='months', grade [0.5, 1.5, 2.5, 3.5, 4.5, 5.5] mensal confirmada, rota com forecast_period_semantics_documented=True.",CONFIRMED_BY_FORECAST_PERIOD_SEMANTICS,SCALAR_COORD_ON_VARIABLE,1993-08,1993-08,1,OK_SCALAR_COORD,RANGEEDGES,RANGEEDGES_WINDOW_COORDINATE_MATCH,1993-08-01 00:00:00; 1993-09-01 00:00:00,1993-08-01 00:00:00,"esquema=lead1_igual_mes_inicializacao, representação=NMME_HARMONIZED_MONTHLY",Fazendas_Sinobras_Centroide
1993-08,NOAA_NCEP,CFSv2,1993-08,6,5.5,1994-01,OK,"L.attrs contém termo(s) ['forecast_period'] — indica semântica de lead/target, mas isso sozinho não confirma o valor exato de H6 sem uma variável auxiliar de data-alvo. | nenhuma variável auxiliar de data-alvo (('target', 'valid_time', 'target_month', 'forecast_time')) encontrada no dataset aberto — tentando Método B (semântica documentada do eixo forecast_period, Seção 4). | confirmado pela semântica documentada do eixo forecast_period (Método B, Seção 4/6): inicialização confirmada via SCALAR_COORD_ON_VARIABLE (status=OK_SCALAR_COORD), L.standard_name='forecast_period'/units='months', grade [0.5, 1.5, 2.5, 3.5, 4.5, 5.5] mensal confirmada, rota com forecast_period_semantics_documented=True.",CONFIRMED_BY_FORECAST_PERIOD_SEMANTICS,SCALAR_COORD_ON_VARIABLE,1993-08,1993-08,1,OK_SCALAR_COORD,RANGEEDGES,RANGEEDGES_WINDOW_COORDINATE_MATCH,1993-08-01 00:00:00; 1993-09-01 00:00:00,1993-08-01 00:00:00,"esquema=lead1_igual_mes_inicializacao, representação=NMME_HARMONIZED_MONTHLY",Fazendas_Sinobras_Centroide
1993-09,NOAA_NCEP,CFSv2,1993-09,1,0.5,1993-09,OK,"L.attrs contém termo(s) ['forecast_period'] — indica semântica de lead/target, mas isso sozinho não confirma o valor exato de H1 sem uma variável auxiliar de data-alvo. | nenhuma variável auxiliar de data-alvo (('target', 'valid_time', 'target_month', 'forecast_time')) encontrada no dataset aberto — tentando Método B (semântica documentada do eixo forecast_period, Seção 4). | confirmado pela semântica documentada do eixo forecast_period (Método B, Seção 4/6): inicialização confirmada via SCALAR_COORD_ON_VARIABLE (status=OK_SCALAR_COORD), L.standard_name='forecast_period'/units='months', grade [0.5, 1.5, 2.5, 3.5, 4.5, 5.5] mensal confirmada, rota com forecast_period_semantics_documented=True.",CONFIRMED_BY_FORECAST_PERIOD_SEMANTICS,SCALAR_COORD_ON_VARIABLE,1993-09,1993-09,1,OK_SCALAR_COORD,RANGEEDGES,RANGEEDGES_WINDOW_COORDINATE_MATCH,1993-09-01 00:00:00; 1993-10-01 00:00:00,1993-09-01 00:00:00,"esquema=lead1_igual_mes_inicializacao, representação=NMME_HARMONIZED_MONTHLY",Fazendas_Sinobras_Centroide
1993-09,NOAA_NCEP,CFSv2,1993-09,2,1.5,1993-10,OK,"L.attrs contém termo(s) ['forecast_period'] — indica semântica de lead/target, mas isso sozinho não confirma o valor exato de H2 sem uma variável auxiliar de data-alvo. | nenhuma variável auxiliar de data-alvo (('target', 'valid_time', 'target_month', 'forecast_time')) encontrada no dataset aberto — tentando Método B (semântica documentada do eixo forecast_period, Seção 4). | confirmado pela semântica documentada do eixo forecast_period (Método B, Seção 4/6): inicialização confirmada via SCALAR_COORD_ON_VARIABLE (status=OK_SCALAR_COORD), L.standard_name='forecast_period'/units='months', grade [0.5, 1.5, 2.5, 3.5, 4.5, 5.5] mensal confirmada, rota com forecast_period_semantics_documented=True.",CONFIRMED_BY_FORECAST_PERIOD_SEMANTICS,SCALAR_COORD_ON_VARIABLE,1993-09,1993-09,1,OK_SCALAR_COORD,RANGEEDGES,RANGEEDGES_WINDOW_COORDINATE_MATCH,1993-09-01 00:00:00; 1993-10-01 00:00:00,1993-09-01 00:00:00,"esquema=lead1_igual_mes_inicializacao, representação=NMME_HARMONIZED_MONTHLY",Fazendas_Sinobras_Centroide
1993-09,NOAA_NCEP,CFSv2,1993-09,3,2.5,1993-11,OK,"L.attrs contém termo(s) ['forecast_period'] — indica semântica de lead/target, mas isso sozinho não confirma o valor exato de H3 sem uma variável auxiliar de data-alvo. | nenhuma variável auxiliar de data-alvo (('target', 'valid_time', 'target_month', 'forecast_time')) encontrada no dataset aberto — tentando Método B (semântica documentada do eixo forecast_period, Seção 4). | confirmado pela semântica documentada do eixo forecast_period (Método B, Seção 4/6): inicialização confirmada via SCALAR_COORD_ON_VARIABLE (status=OK_SCALAR_COORD), L.standard_name='forecast_period'/units='months', grade [0.5, 1.5, 2.5, 3.5, 4.5, 5.5] mensal confirmada, rota com forecast_period_semantics_documented=True.",CONFIRMED_BY_FORECAST_PERIOD_SEMANTICS,SCALAR_COORD_ON_VARIABLE,1993-09,1993-09,1,OK_SCALAR_COORD,RANGEEDGES,RANGEEDGES_WINDOW_COORDINATE_MATCH,1993-09-01 00:00:00; 1993-10-01 00:00:00,1993-09-01 00:00:00,"esquema=lead1_igual_mes_inicializacao, representação=NMME_HARMONIZED_MONTHLY",Fazendas_Sinobras_Centroide
1993-09,NOAA_NCEP,CFSv2,1993-09,4,3.5,1993-12,OK,"L.attrs contém termo(s) ['forecast_period'] — indica semântica de lead/target, mas isso sozinho não confirma o valor exato de H4 sem uma variável auxiliar de data-alvo. | nenhuma variável auxiliar de data-alvo (('target', 'valid_time', 'target_month', 'forecast_time')) encontrada no dataset aberto — tentando Método B (semântica documentada do eixo forecast_period, Seção 4). | confirmado pela semântica documentada do eixo forecast_period (Método B, Seção 4/6): inicialização confirmada via SCALAR_COORD_ON_VARIABLE (status=OK_SCALAR_COORD), L.standard_name='forecast_period'/units='months', grade [0.5, 1.5, 2.5, 3.5, 4.5, 5.5] mensal confirmada, rota com forecast_period_semantics_documented=True.",CONFIRMED_BY_FORECAST_PERIOD_SEMANTICS,SCALAR_COORD_ON_VARIABLE,1993-09,1993-09,1,OK_SCALAR_COORD,RANGEEDGES,RANGEEDGES_WINDOW_COORDINATE_MATCH,1993-09-01 00:00:00; 1993-10-01 00:00:00,1993-09-01 00:00:00,"esquema=lead1_igual_mes_inicializacao, representação=NMME_HARMONIZED_MONTHLY",Fazendas_Sinobras_Centroide
1993-09,NOAA_NCEP,CFSv2,1993-09,5,4.5,1994-01,OK,"L.attrs contém termo(s) ['forecast_period'] — indica semântica de lead/target, mas isso sozinho não confirma o valor exato de H5 sem uma variável auxiliar de data-alvo. | nenhuma variável auxiliar de data-alvo (('target', 'valid_time', 'target_month', 'forecast_time')) encontrada no dataset aberto — tentando Método B (semântica documentada do eixo forecast_period, Seção 4). | confirmado pela semântica documentada do eixo forecast_period (Método B, Seção 4/6): inicialização confirmada via SCALAR_COORD_ON_VARIABLE (status=OK_SCALAR_COORD), L.standard_name='forecast_period'/units='months', grade [0.5, 1.5, 2.5, 3.5, 4.5, 5.5] mensal confirmada, rota com forecast_period_semantics_documented=True.",CONFIRMED_BY_FORECAST_PERIOD_SEMANTICS,SCALAR_COORD_ON_VARIABLE,1993-09,1993-09,1,OK_SCALAR_COORD,RANGEEDGES,RANGEEDGES_WINDOW_COORDINATE_MATCH,1993-09-01 00:00:00; 1993-10-01 00:00:00,1993-09-01 00:00:00,"esquema=lead1_igual_mes_inicializacao, representação=NMME_HARMONIZED_MONTHLY",Fazendas_Sinobras_Centroide
1993-09,NOAA_NCEP,CFSv2,1993-09,6,5.5,1994-02,OK,"L.attrs contém termo(s) ['forecast_period'] — indica semântica de lead/target, mas isso sozinho não confirma o valor exato de H6 sem uma variável auxiliar de data-alvo. | nenhuma variável auxiliar de data-alvo (('target', 'valid_time', 'target_month', 'forecast_time')) encontrada no dataset aberto — tentando Método B (semântica documentada do eixo forecast_period, Seção 4). | confirmado pela semântica documentada do eixo forecast_period (Método B, Seção 4/6): inicialização confirmada via SCALAR_COORD_ON_VARIABLE (status=OK_SCALAR_COORD), L.standard_name='forecast_period'/units='months', grade [0.5, 1.5, 2.5, 3.5, 4.5, 5.5] mensal confirmada, rota com forecast_period_semantics_documented=True.",CONFIRMED_BY_FORECAST_PERIOD_SEMANTICS,SCALAR_COORD_ON_VARIABLE,1993-09,1993-09,1,OK_SCALAR_COORD,RANGEEDGES,RANGEEDGES_WINDOW_COORDINATE_MATCH,1993-09-01 00:00:00; 1993-10-01 00:00:00,1993-09-01 00:00:00,"esquema=lead1_igual_mes_inicializacao, representação=NMME_HARMONIZED_MONTHLY",Fazendas_Sinobras_Centroide
1993-10,NOAA_NCEP,CFSv2,1993-10,1,0.5,1993-10,OK,"L.attrs contém termo(s) ['forecast_period'] — indica semântica de lead/target, mas isso sozinho não confirma o valor exato de H1 sem uma variável auxiliar de data-alvo. | nenhuma variável auxiliar de data-alvo (('target', 'valid_time', 'target_month', 'forecast_time')) encontrada no dataset aberto — tentando Método B (semântica documentada do eixo forecast_period, Seção 4). | confirmado pela semântica documentada do eixo forecast_period (Método B, Seção 4/6): inicialização confirmada via SCALAR_COORD_ON_VARIABLE (status=OK_SCALAR_COORD), L.standard_name='forecast_period'/units='months', grade [0.5, 1.5, 2.5, 3.5, 4.5, 5.5] mensal confirmada, rota com forecast_period_semantics_documented=True.",CONFIRMED_BY_FORECAST_PERIOD_SEMANTICS,SCALAR_COORD_ON_VARIABLE,1993-10,1993-10,1,OK_SCALAR_COORD,RANGEEDGES,RANGEEDGES_WINDOW_COORDINATE_MATCH,1993-10-01 00:00:00; 1993-11-01 00:00:00,1993-10-01 00:00:00,"esquema=lead1_igual_mes_inicializacao, representação=NMME_HARMONIZED_MONTHLY",Fazendas_Sinobras_Centroide
1993-10,NOAA_NCEP,CFSv2,1993-10,2,1.5,1993-11,OK,"L.attrs contém termo(s) ['forecast_period'] — indica semântica de lead/target, mas isso sozinho não confirma o valor exato de H2 sem uma variável auxiliar de data-alvo. | nenhuma variável auxiliar de data-alvo (('target', 'valid_time', 'target_month', 'forecast_time')) encontrada no dataset aberto — tentando Método B (semântica documentada do eixo forecast_period, Seção 4). | confirmado pela semântica documentada do eixo forecast_period (Método B, Seção 4/6): inicialização confirmada via SCALAR_COORD_ON_VARIABLE (status=OK_SCALAR_COORD), L.standard_name='forecast_period'/units='months', grade [0.5, 1.5, 2.5, 3.5, 4.5, 5.5] mensal confirmada, rota com forecast_period_semantics_documented=True.",CONFIRMED_BY_FORECAST_PERIOD_SEMANTICS,SCALAR_COORD_ON_VARIABLE,1993-10,1993-10,1,OK_SCALAR_COORD,RANGEEDGES,RANGEEDGES_WINDOW_COORDINATE_MATCH,1993-10-01 00:00:00; 1993-11-01 00:00:00,1993-10-01 00:00:00,"esquema=lead1_igual_mes_inicializacao, representação=NMME_HARMONIZED_MONTHLY",Fazendas_Sinobras_Centroide
1993-10,NOAA_NCEP,CFSv2,1993-10,3,2.5,1993-12,OK,"L.attrs contém termo(s) ['forecast_period'] — indica semântica de lead/target, mas isso sozinho não confirma o valor exato de H3 sem uma variável auxiliar de data-alvo. | nenhuma variável auxiliar de data-alvo (('target', 'valid_time', 'target_month', 'forecast_time')) encontrada no dataset aberto — tentando Método B (semântica documentada do eixo forecast_period, Seção 4). | confirmado pela semântica documentada do eixo forecast_period (Método B, Seção 4/6): inicialização confirmada via SCALAR_COORD_ON_VARIABLE (status=OK_SCALAR_COORD), L.standard_name='forecast_period'/units='months', grade [0.5, 1.5, 2.5, 3.5, 4.5, 5.5] mensal confirmada, rota com forecast_period_semantics_documented=True.",CONFIRMED_BY_FORECAST_PERIOD_SEMANTICS,SCALAR_COORD_ON_VARIABLE,1993-10,1993-10,1,OK_SCALAR_COORD,RANGEEDGES,RANGEEDGES_WINDOW_COORDINATE_MATCH,1993-10-01 00:00:00; 1993-11-01 00:00:00,1993-10-01 00:00:00,"esquema=lead1_igual_mes_inicializacao, representação=NMME_HARMONIZED_MONTHLY",Fazendas_Sinobras_Centroide
1993-10,NOAA_NCEP,CFSv2,1993-10,4,3.5,1994-01,OK,"L.attrs contém termo(s) ['forecast_period'] — indica semântica de lead/target, mas isso sozinho não confirma o valor exato de H4 sem uma variável auxiliar de data-alvo. | nenhuma variável auxiliar de data-alvo (('target', 'valid_time', 'target_month', 'forecast_time')) encontrada no dataset aberto — tentando Método B (semântica documentada do eixo forecast_period, Seção 4). | confirmado pela semântica documentada do eixo forecast_period (Método B, Seção 4/6): inicialização confirmada via SCALAR_COORD_ON_VARIABLE (status=OK_SCALAR_COORD), L.standard_name='forecast_period'/units='months', grade [0.5, 1.5, 2.5, 3.5, 4.5, 5.5] mensal confirmada, rota com forecast_period_semantics_documented=True.",CONFIRMED_BY_FORECAST_PERIOD_SEMANTICS,SCALAR_COORD_ON_VARIABLE,1993-10,1993-10,1,OK_SCALAR_COORD,RANGEEDGES,RANGEEDGES_WINDOW_COORDINATE_MATCH,1993-10-01 00:00:00; 1993-11-01 00:00:00,1993-10-01 00:00:00,"esquema=lead1_igual_mes_inicializacao, representação=NMME_HARMONIZED_MONTHLY",Fazendas_Sinobras_Centroide
1993-10,NOAA_NCEP,CFSv2,1993-10,5,4.5,1994-02,OK,"L.attrs contém termo(s) ['forecast_period'] — indica semântica de lead/target, mas isso sozinho não confirma o valor exato de H5 sem uma variável auxiliar de data-alvo. | nenhuma variável auxiliar de data-alvo (('target', 'valid_time', 'target_month', 'forecast_time')) encontrada no dataset aberto — tentando Método B (semântica documentada do eixo forecast_period, Seção 4). | confirmado pela semântica documentada do eixo forecast_period (Método B, Seção 4/6): inicialização confirmada via SCALAR_COORD_ON_VARIABLE (status=OK_SCALAR_COORD), L.standard_name='forecast_period'/units='months', grade [0.5, 1.5, 2.5, 3.5, 4.5, 5.5] mensal confirmada, rota com forecast_period_semantics_documented=True.",CONFIRMED_BY_FORECAST_PERIOD_SEMANTICS,SCALAR_COORD_ON_VARIABLE,1993-10,1993-10,1,OK_SCALAR_COORD,RANGEEDGES,RANGEEDGES_WINDOW_COORDINATE_MATCH,1993-10-01 00:00:00; 1993-11-01 00:00:00,1993-10-01 00:00:00,"esquema=lead1_igual_mes_inicializacao, representação=NMME_HARMONIZED_MONTHLY",Fazendas_Sinobras_Centroide
1993-10,NOAA_NCEP,CFSv2,1993-10,6,5.5,1994-03,OK,"L.attrs contém termo(s) ['forecast_period'] — indica semântica de lead/target, mas isso sozinho não confirma o valor exato de H6 sem uma variável auxiliar de data-alvo. | nenhuma variável auxiliar de data-alvo (('target', 'valid_time', 'target_month', 'forecast_time')) encontrada no dataset aberto — tentando Método B (semântica documentada do eixo forecast_period, Seção 4). | confirmado pela semântica documentada do eixo forecast_period (Método B, Seção 4/6): inicialização confirmada via SCALAR_COORD_ON_VARIABLE (status=OK_SCALAR_COORD), L.standard_name='forecast_period'/units='months', grade [0.5, 1.5, 2.5, 3.5, 4.5, 5.5] mensal confirmada, rota com forecast_period_semantics_documented=True.",CONFIRMED_BY_FORECAST_PERIOD_SEMANTICS,SCALAR_COORD_ON_VARIABLE,1993-10,1993-10,1,OK_SCALAR_COORD,RANGEEDGES,RANGEEDGES_WINDOW_COORDINATE_MATCH,1993-10-01 00:00:00; 1993-11-01 00:00:00,1993-10-01 00:00:00,"esquema=lead1_igual_mes_inicializacao, representação=NMME_HARMONIZED_MONTHLY",Fazendas_Sinobras_Centroide
1993-11,NOAA_NCEP,CFSv2,1993-11,1,0.5,1993-11,OK,"L.attrs contém termo(s) ['forecast_period'] — indica semântica de lead/target, mas isso sozinho não confirma o valor exato de H1 sem uma variável auxiliar de data-alvo. | nenhuma variável auxiliar de data-alvo (('target', 'valid_time', 'target_month', 'forecast_time')) encontrada no dataset aberto — tentando Método B (semântica documentada do eixo forecast_period, Seção 4). | confirmado pela semântica documentada do eixo forecast_period (Método B, Seção 4/6): inicialização confirmada via SCALAR_COORD_ON_VARIABLE (status=OK_SCALAR_COORD), L.standard_name='forecast_period'/units='months', grade [0.5, 1.5, 2.5, 3.5, 4.5, 5.5] mensal confirmada, rota com forecast_period_semantics_documented=True.",CONFIRMED_BY_FORECAST_PERIOD_SEMANTICS,SCALAR_COORD_ON_VARIABLE,1993-11,1993-11,1,OK_SCALAR_COORD,RANGEEDGES,RANGEEDGES_WINDOW_COORDINATE_MATCH,1993-11-01 00:00:00; 1993-12-01 00:00:00,1993-11-01 00:00:00,"esquema=lead1_igual_mes_inicializacao, representação=NMME_HARMONIZED_MONTHLY",Fazendas_Sinobras_Centroide
1993-11,NOAA_NCEP,CFSv2,1993-11,2,1.5,1993-12,OK,"L.attrs contém termo(s) ['forecast_period'] — indica semântica de lead/target, mas isso sozinho não confirma o valor exato de H2 sem uma variável auxiliar de data-alvo. | nenhuma variável auxiliar de data-alvo (('target', 'valid_time', 'target_month', 'forecast_time')) encontrada no dataset aberto — tentando Método B (semântica documentada do eixo forecast_period, Seção 4). | confirmado pela semântica documentada do eixo forecast_period (Método B, Seção 4/6): inicialização confirmada via SCALAR_COORD_ON_VARIABLE (status=OK_SCALAR_COORD), L.standard_name='forecast_period'/units='months', grade [0.5, 1.5, 2.5, 3.5, 4.5, 5.5] mensal confirmada, rota com forecast_period_semantics_documented=True.",CONFIRMED_BY_FORECAST_PERIOD_SEMANTICS,SCALAR_COORD_ON_VARIABLE,1993-11,1993-11,1,OK_SCALAR_COORD,RANGEEDGES,RANGEEDGES_WINDOW_COORDINATE_MATCH,1993-11-01 00:00:00; 1993-12-01 00:00:00,1993-11-01 00:00:00,"esquema=lead1_igual_mes_inicializacao, representação=NMME_HARMONIZED_MONTHLY",Fazendas_Sinobras_Centroide
1993-11,NOAA_NCEP,CFSv2,1993-11,3,2.5,1994-01,OK,"L.attrs contém termo(s) ['forecast_period'] — indica semântica de lead/target, mas isso sozinho não confirma o valor exato de H3 sem uma variável auxiliar de data-alvo. | nenhuma variável auxiliar de data-alvo (('target', 'valid_time', 'target_month', 'forecast_time')) encontrada no dataset aberto — tentando Método B (semântica documentada do eixo forecast_period, Seção 4). | confirmado pela semântica documentada do eixo forecast_period (Método B, Seção 4/6): inicialização confirmada via SCALAR_COORD_ON_VARIABLE (status=OK_SCALAR_COORD), L.standard_name='forecast_period'/units='months', grade [0.5, 1.5, 2.5, 3.5, 4.5, 5.5] mensal confirmada, rota com forecast_period_semantics_documented=True.",CONFIRMED_BY_FORECAST_PERIOD_SEMANTICS,SCALAR_COORD_ON_VARIABLE,1993-11,1993-11,1,OK_SCALAR_COORD,RANGEEDGES,RANGEEDGES_WINDOW_COORDINATE_MATCH,1993-11-01 00:00:00; 1993-12-01 00:00:00,1993-11-01 00:00:00,"esquema=lead1_igual_mes_inicializacao, representação=NMME_HARMONIZED_MONTHLY",Fazendas_Sinobras_Centroide
1993-11,NOAA_NCEP,CFSv2,1993-11,4,3.5,1994-02,OK,"L.attrs contém termo(s) ['forecast_period'] — indica semântica de lead/target, mas isso sozinho não confirma o valor exato de H4 sem uma variável auxiliar de data-alvo. | nenhuma variável auxiliar de data-alvo (('target', 'valid_time', 'target_month', 'forecast_time')) encontrada no dataset aberto — tentando Método B (semântica documentada do eixo forecast_period, Seção 4). | confirmado pela semântica documentada do eixo forecast_period (Método B, Seção 4/6): inicialização confirmada via SCALAR_COORD_ON_VARIABLE (status=OK_SCALAR_COORD), L.standard_name='forecast_period'/units='months', grade [0.5, 1.5, 2.5, 3.5, 4.5, 5.5] mensal confirmada, rota com forecast_period_semantics_documented=True.",CONFIRMED_BY_FORECAST_PERIOD_SEMANTICS,SCALAR_COORD_ON_VARIABLE,1993-11,1993-11,1,OK_SCALAR_COORD,RANGEEDGES,RANGEEDGES_WINDOW_COORDINATE_MATCH,1993-11-01 00:00:00; 1993-12-01 00:00:00,1993-11-01 00:00:00,"esquema=lead1_igual_mes_inicializacao, representação=NMME_HARMONIZED_MONTHLY",Fazendas_Sinobras_Centroide
1993-11,NOAA_NCEP,CFSv2,1993-11,5,4.5,1994-03,OK,"L.attrs contém termo(s) ['forecast_period'] — indica semântica de lead/target, mas isso sozinho não confirma o valor exato de H5 sem uma variável auxiliar de data-alvo. | nenhuma variável auxiliar de data-alvo (('target', 'valid_time', 'target_month', 'forecast_time')) encontrada no dataset aberto — tentando Método B (semântica documentada do eixo forecast_period, Seção 4). | confirmado pela semântica documentada do eixo forecast_period (Método B, Seção 4/6): inicialização confirmada via SCALAR_COORD_ON_VARIABLE (status=OK_SCALAR_COORD), L.standard_name='forecast_period'/units='months', grade [0.5, 1.5, 2.5, 3.5, 4.5, 5.5] mensal confirmada, rota com forecast_period_semantics_documented=True.",CONFIRMED_BY_FORECAST_PERIOD_SEMANTICS,SCALAR_COORD_ON_VARIABLE,1993-11,1993-11,1,OK_SCALAR_COORD,RANGEEDGES,RANGEEDGES_WINDOW_COORDINATE_MATCH,1993-11-01 00:00:00; 1993-12-01 00:00:00,1993-11-01 00:00:00,"esquema=lead1_igual_mes_inicializacao, representação=NMME_HARMONIZED_MONTHLY",Fazendas_Sinobras_Centroide
1993-11,NOAA_NCEP,CFSv2,1993-11,6,5.5,1994-04,OK,"L.attrs contém termo(s) ['forecast_period'] — indica semântica de lead/target, mas isso sozinho não confirma o valor exato de H6 sem uma variável auxiliar de data-alvo. | nenhuma variável auxiliar de data-alvo (('target', 'valid_time', 'target_month', 'forecast_time')) encontrada no dataset aberto — tentando Método B (semântica documentada do eixo forecast_period, Seção 4). | confirmado pela semântica documentada do eixo forecast_period (Método B, Seção 4/6): inicialização confirmada via SCALAR_COORD_ON_VARIABLE (status=OK_SCALAR_COORD), L.standard_name='forecast_period'/units='months', grade [0.5, 1.5, 2.5, 3.5, 4.5, 5.5] mensal confirmada, rota com forecast_period_semantics_documented=True.",CONFIRMED_BY_FORECAST_PERIOD_SEMANTICS,SCALAR_COORD_ON_VARIABLE,1993-11,1993-11,1,OK_SCALAR_COORD,RANGEEDGES,RANGEEDGES_WINDOW_COORDINATE_MATCH,1993-11-01 00:00:00; 1993-12-01 00:00:00,1993-11-01 00:00:00,"esquema=lead1_igual_mes_inicializacao, representação=NMME_HARMONIZED_MONTHLY",Fazendas_Sinobras_Centroide
1993-12,NOAA_NCEP,CFSv2,1993-12,1,0.5,1993-12,OK,"L.attrs contém termo(s) ['forecast_period'] — indica semântica de lead/target, mas isso sozinho não confirma o valor exato de H1 sem uma variável auxiliar de data-alvo. | nenhuma variável auxiliar de data-alvo (('target', 'valid_time', 'target_month', 'forecast_time')) encontrada no dataset aberto — tentando Método B (semântica documentada do eixo forecast_period, Seção 4). | confirmado pela semântica documentada do eixo forecast_period (Método B, Seção 4/6): inicialização confirmada via SCALAR_COORD_ON_VARIABLE (status=OK_SCALAR_COORD), L.standard_name='forecast_period'/units='months', grade [0.5, 1.5, 2.5, 3.5, 4.5, 5.5] mensal confirmada, rota com forecast_period_semantics_documented=True.",CONFIRMED_BY_FORECAST_PERIOD_SEMANTICS,SCALAR_COORD_ON_VARIABLE,1993-12,1993-12,1,OK_SCALAR_COORD,RANGEEDGES,RANGEEDGES_WINDOW_COORDINATE_MATCH,1993-12-01 00:00:00; 1994-01-01 00:00:00,1993-12-01 00:00:00,"esquema=lead1_igual_mes_inicializacao, representação=NMME_HARMONIZED_MONTHLY",Fazendas_Sinobras_Centroide
1993-12,NOAA_NCEP,CFSv2,1993-12,2,1.5,1994-01,OK,"L.attrs contém termo(s) ['forecast_period'] — indica semântica de lead/target, mas isso sozinho não confirma o valor exato de H2 sem uma variável auxiliar de data-alvo. | nenhuma variável auxiliar de data-alvo (('target', 'valid_time', 'target_month', 'forecast_time')) encontrada no dataset aberto — tentando Método B (semântica documentada do eixo forecast_period, Seção 4). | confirmado pela semântica documentada do eixo forecast_period (Método B, Seção 4/6): inicialização confirmada via SCALAR_COORD_ON_VARIABLE (status=OK_SCALAR_COORD), L.standard_name='forecast_period'/units='months', grade [0.5, 1.5, 2.5, 3.5, 4.5, 5.5] mensal confirmada, rota com forecast_period_semantics_documented=True.",CONFIRMED_BY_FORECAST_PERIOD_SEMANTICS,SCALAR_COORD_ON_VARIABLE,1993-12,1993-12,1,OK_SCALAR_COORD,RANGEEDGES,RANGEEDGES_WINDOW_COORDINATE_MATCH,1993-12-01 00:00:00; 1994-01-01 00:00:00,1993-12-01 00:00:00,"esquema=lead1_igual_mes_inicializacao, representação=NMME_HARMONIZED_MONTHLY",Fazendas_Sinobras_Centroide
1993-12,NOAA_NCEP,CFSv2,1993-12,3,2.5,1994-02,OK,"L.attrs contém termo(s) ['forecast_period'] — indica semântica de lead/target, mas isso sozinho não confirma o valor exato de H3 sem uma variável auxiliar de data-alvo. | nenhuma variável auxiliar de data-alvo (('target', 'valid_time', 'target_month', 'forecast_time')) encontrada no dataset aberto — tentando Método B (semântica documentada do eixo forecast_period, Seção 4). | confirmado pela semântica documentada do eixo forecast_period (Método B, Seção 4/6): inicialização confirmada via SCALAR_COORD_ON_VARIABLE (status=OK_SCALAR_COORD), L.standard_name='forecast_period'/units='months', grade [0.5, 1.5, 2.5, 3.5, 4.5, 5.5] mensal confirmada, rota com forecast_period_semantics_documented=True.",CONFIRMED_BY_FORECAST_PERIOD_SEMANTICS,SCALAR_COORD_ON_VARIABLE,1993-12,1993-12,1,OK_SCALAR_COORD,RANGEEDGES,RANGEEDGES_WINDOW_COORDINATE_MATCH,1993-12-01 00:00:00; 1994-01-01 00:00:00,1993-12-01 00:00:00,"esquema=lead1_igual_mes_inicializacao, representação=NMME_HARMONIZED_MONTHLY",Fazendas_Sinobras_Centroide
1993-12,NOAA_NCEP,CFSv2,1993-12,4,3.5,1994-03,OK,"L.attrs contém termo(s) ['forecast_period'] — indica semântica de lead/target, mas isso sozinho não confirma o valor exato de H4 sem uma variável auxiliar de data-alvo. | nenhuma variável auxiliar de data-alvo (('target', 'valid_time', 'target_month', 'forecast_time')) encontrada no dataset aberto — tentando Método B (semântica documentada do eixo forecast_period, Seção 4). | confirmado pela semântica documentada do eixo forecast_period (Método B, Seção 4/6): inicialização confirmada via SCALAR_COORD_ON_VARIABLE (status=OK_SCALAR_COORD), L.standard_name='forecast_period'/units='months', grade [0.5, 1.5, 2.5, 3.5, 4.5, 5.5] mensal confirmada, rota com forecast_period_semantics_documented=True.",CONFIRMED_BY_FORECAST_PERIOD_SEMANTICS,SCALAR_COORD_ON_VARIABLE,1993-12,1993-12,1,OK_SCALAR_COORD,RANGEEDGES,RANGEEDGES_WINDOW_COORDINATE_MATCH,1993-12-01 00:00:00; 1994-01-01 00:00:00,1993-12-01 00:00:00,"esquema=lead1_igual_mes_inicializacao, representação=NMME_HARMONIZED_MONTHLY",Fazendas_Sinobras_Centroide
1993-12,NOAA_NCEP,CFSv2,1993-12,5,4.5,1994-04,OK,"L.attrs contém termo(s) ['forecast_period'] — indica semântica de lead/target, mas isso sozinho não confirma o valor exato de H5 sem uma variável auxiliar de data-alvo. | nenhuma variável auxiliar de data-alvo (('target', 'valid_time', 'target_month', 'forecast_time')) encontrada no dataset aberto — tentando Método B (semântica documentada do eixo forecast_period, Seção 4). | confirmado pela semântica documentada do eixo forecast_period (Método B, Seção 4/6): inicialização confirmada via SCALAR_COORD_ON_VARIABLE (status=OK_SCALAR_COORD), L.standard_name='forecast_period'/units='months', grade [0.5, 1.5, 2.5, 3.5, 4.5, 5.5] mensal confirmada, rota com forecast_period_semantics_documented=True.",CONFIRMED_BY_FORECAST_PERIOD_SEMANTICS,SCALAR_COORD_ON_VARIABLE,1993-12,1993-12,1,OK_SCALAR_COORD,RANGEEDGES,RANGEEDGES_WINDOW_COORDINATE_MATCH,1993-12-01 00:00:00; 1994-01-01 00:00:00,1993-12-01 00:00:00,"esquema=lead1_igual_mes_inicializacao, representação=NMME_HARMONIZED_MONTHLY",Fazendas_Sinobras_Centroide
1993-12,NOAA_NCEP,CFSv2,1993-12,6,5.5,1994-05,OK,"L.attrs contém termo(s) ['forecast_period'] — indica semântica de lead/target, mas isso sozinho não confirma o valor exato de H6 sem uma variável auxiliar de data-alvo. | nenhuma variável auxiliar de data-alvo (('target', 'valid_time', 'target_month', 'forecast_time')) encontrada no dataset aberto — tentando Método B (semântica documentada do eixo forecast_period, Seção 4). | confirmado pela semântica documentada do eixo forecast_period (Método B, Seção 4/6): inicialização confirmada via SCALAR_COORD_ON_VARIABLE (status=OK_SCALAR_COORD), L.standard_name='forecast_period'/units='months', grade [0.5, 1.5, 2.5, 3.5, 4.5, 5.5] mensal confirmada, rota com forecast_period_semantics_documented=True.",CONFIRMED_BY_FORECAST_PERIOD_SEMANTICS,SCALAR_COORD_ON_VARIABLE,1993-12,1993-12,1,OK_SCALAR_COORD,RANGEEDGES,RANGEEDGES_WINDOW_COORDINATE_MATCH,1993-12-01 00:00:00; 1994-01-01 00:00:00,1993-12-01 00:00:00,"esquema=lead1_igual_mes_inicializacao, representação=NMME_HARMONIZED_MONTHLY",Fazendas_Sinobras_Centroide
1994-01,NOAA_NCEP,CFSv2,1994-01,1,0.5,1994-01,OK,"L.attrs contém termo(s) ['forecast_period'] — indica semântica de lead/target, mas isso sozinho não confirma o valor exato de H1 sem uma variável auxiliar de data-alvo. | nenhuma variável auxiliar de data-alvo (('target', 'valid_time', 'target_month', 'forecast_time')) encontrada no dataset aberto — tentando Método B (semântica documentada do eixo forecast_period, Seção 4). | confirmado pela semântica documentada do eixo forecast_period (Método B, Seção 4/6): inicialização confirmada via SCALAR_COORD_ON_VARIABLE (status=OK_SCALAR_COORD), L.standard_name='forecast_period'/units='months', grade [0.5, 1.5, 2.5, 3.5, 4.5, 5.5] mensal confirmada, rota com forecast_period_semantics_documented=True.",CONFIRMED_BY_FORECAST_PERIOD_SEMANTICS,SCALAR_COORD_ON_VARIABLE,1994-01,1994-01,1,OK_SCALAR_COORD,RANGEEDGES,RANGEEDGES_WINDOW_COORDINATE_MATCH,1994-01-01 00:00:00; 1994-02-01 00:00:00,1994-01-01 00:00:00,"esquema=lead1_igual_mes_inicializacao, representação=NMME_HARMONIZED_MONTHLY",Fazendas_Sinobras_Centroide
1994-01,NOAA_NCEP,CFSv2,1994-01,2,1.5,1994-02,OK,"L.attrs contém termo(s) ['forecast_period'] — indica semântica de lead/target, mas isso sozinho não confirma o valor exato de H2 sem uma variável auxiliar de data-alvo. | nenhuma variável auxiliar de data-alvo (('target', 'valid_time', 'target_month', 'forecast_time')) encontrada no dataset aberto — tentando Método B (semântica documentada do eixo forecast_period, Seção 4). | confirmado pela semântica documentada do eixo forecast_period (Método B, Seção 4/6): inicialização confirmada via SCALAR_COORD_ON_VARIABLE (status=OK_SCALAR_COORD), L.standard_name='forecast_period'/units='months', grade [0.5, 1.5, 2.5, 3.5, 4.5, 5.5] mensal confirmada, rota com forecast_period_semantics_documented=True.",CONFIRMED_BY_FORECAST_PERIOD_SEMANTICS,SCALAR_COORD_ON_VARIABLE,1994-01,1994-01,1,OK_SCALAR_COORD,RANGEEDGES,RANGEEDGES_WINDOW_COORDINATE_MATCH,1994-01-01 00:00:00; 1994-02-01 00:00:00,1994-01-01 00:00:00,"esquema=lead1_igual_mes_inicializacao, representação=NMME_HARMONIZED_MONTHLY",Fazendas_Sinobras_Centroide
1994-01,NOAA_NCEP,CFSv2,1994-01,3,2.5,1994-03,OK,"L.attrs contém termo(s) ['forecast_period'] — indica semântica de lead/target, mas isso sozinho não confirma o valor exato de H3 sem uma variável auxiliar de data-alvo. | nenhuma variável auxiliar de data-alvo (('target', 'valid_time', 'target_month', 'forecast_time')) encontrada no dataset aberto — tentando Método B (semântica documentada do eixo forecast_period, Seção 4). | confirmado pela semântica documentada do eixo forecast_period (Método B, Seção 4/6): inicialização confirmada via SCALAR_COORD_ON_VARIABLE (status=OK_SCALAR_COORD), L.standard_name='forecast_period'/units='months', grade [0.5, 1.5, 2.5, 3.5, 4.5, 5.5] mensal confirmada, rota com forecast_period_semantics_documented=True.",CONFIRMED_BY_FORECAST_PERIOD_SEMANTICS,SCALAR_COORD_ON_VARIABLE,1994-01,1994-01,1,OK_SCALAR_COORD,RANGEEDGES,RANGEEDGES_WINDOW_COORDINATE_MATCH,1994-01-01 00:00:00; 1994-02-01 00:00:00,1994-01-01 00:00:00,"esquema=lead1_igual_mes_inicializacao, representação=NMME_HARMONIZED_MONTHLY",Fazendas_Sinobras_Centroide
1994-01,NOAA_NCEP,CFSv2,1994-01,4,3.5,1994-04,OK,"L.attrs contém termo(s) ['forecast_period'] — indica semântica de lead/target, mas isso sozinho não confirma o valor exato de H4 sem uma variável auxiliar de data-alvo. | nenhuma variável auxiliar de data-alvo (('target', 'valid_time', 'target_month', 'forecast_time')) encontrada no dataset aberto — tentando Método B (semântica documentada do eixo forecast_period, Seção 4). | confirmado pela semântica documentada do eixo forecast_period (Método B, Seção 4/6): inicialização confirmada via SCALAR_COORD_ON_VARIABLE (status=OK_SCALAR_COORD), L.standard_name='forecast_period'/units='months', grade [0.5, 1.5, 2.5, 3.5, 4.5, 5.5] mensal confirmada, rota com forecast_period_semantics_documented=True.",CONFIRMED_BY_FORECAST_PERIOD_SEMANTICS,SCALAR_COORD_ON_VARIABLE,1994-01,1994-01,1,OK_SCALAR_COORD,RANGEEDGES,RANGEEDGES_WINDOW_COORDINATE_MATCH,1994-01-01 00:00:00; 1994-02-01 00:00:00,1994-01-01 00:00:00,"esquema=lead1_igual_mes_inicializacao, representação=NMME_HARMONIZED_MONTHLY",Fazendas_Sinobras_Centroide
1994-01,NOAA_NCEP,CFSv2,1994-01,5,4.5,1994-05,OK,"L.attrs contém termo(s) ['forecast_period'] — indica semântica de lead/target, mas isso sozinho não confirma o valor exato de H5 sem uma variável auxiliar de data-alvo. | nenhuma variável auxiliar de data-alvo (('target', 'valid_time', 'target_month', 'forecast_time')) encontrada no dataset aberto — tentando Método B (semântica documentada do eixo forecast_period, Seção 4). | confirmado pela semântica documentada do eixo forecast_period (Método B, Seção 4/6): inicialização confirmada via SCALAR_COORD_ON_VARIABLE (status=OK_SCALAR_COORD), L.standard_name='forecast_period'/units='months', grade [0.5, 1.5, 2.5, 3.5, 4.5, 5.5] mensal confirmada, rota com forecast_period_semantics_documented=True.",CONFIRMED_BY_FORECAST_PERIOD_SEMANTICS,SCALAR_COORD_ON_VARIABLE,1994-01,1994-01,1,OK_SCALAR_COORD,RANGEEDGES,RANGEEDGES_WINDOW_COORDINATE_MATCH,1994-01-01 00:00:00; 1994-02-01 00:00:00,1994-01-01 00:00:00,"esquema=lead1_igual_mes_inicializacao, representação=NMME_HARMONIZED_MONTHLY",Fazendas_Sinobras_Centroide
1994-01,NOAA_NCEP,CFSv2,1994-01,6,5.5,1994-06,OK,"L.attrs contém termo(s) ['forecast_period'] — indica semântica de lead/target, mas isso sozinho não confirma o valor exato de H6 sem uma variável auxiliar de data-alvo. | nenhuma variável auxiliar de data-alvo (('target', 'valid_time', 'target_month', 'forecast_time')) encontrada no dataset aberto — tentando Método B (semântica documentada do eixo forecast_period, Seção 4). | confirmado pela semântica documentada do eixo forecast_period (Método B, Seção 4/6): inicialização confirmada via SCALAR_COORD_ON_VARIABLE (status=OK_SCALAR_COORD), L.standard_name='forecast_period'/units='months', grade [0.5, 1.5, 2.5, 3.5, 4.5, 5.5] mensal confirmada, rota com forecast_period_semantics_documented=True.",CONFIRMED_BY_FORECAST_PERIOD_SEMANTICS,SCALAR_COORD_ON_VARIABLE,1994-01,1994-01,1,OK_SCALAR_COORD,RANGEEDGES,RANGEEDGES_WINDOW_COORDINATE_MATCH,1994-01-01 00:00:00; 1994-02-01 00:00:00,1994-01-01 00:00:00,"esquema=lead1_igual_mes_inicializacao, representação=NMME_HARMONIZED_MONTHLY",Fazendas_Sinobras_Centroide
1994-02,NOAA_NCEP,CFSv2,1994-02,1,0.5,1994-02,OK,"L.attrs contém termo(s) ['forecast_period'] — indica semântica de lead/target, mas isso sozinho não confirma o valor exato de H1 sem uma variável auxiliar de data-alvo. | nenhuma variável auxiliar de data-alvo (('target', 'valid_time', 'target_month', 'forecast_time')) encontrada no dataset aberto — tentando Método B (semântica documentada do eixo forecast_period, Seção 4). | confirmado pela semântica documentada do eixo forecast_period (Método B, Seção 4/6): inicialização confirmada via SCALAR_COORD_ON_VARIABLE (status=OK_SCALAR_COORD), L.standard_name='forecast_period'/units='months', grade [0.5, 1.5, 2.5, 3.5, 4.5, 5.5] mensal confirmada, rota com forecast_period_semantics_documented=True.",CONFIRMED_BY_FORECAST_PERIOD_SEMANTICS,SCALAR_COORD_ON_VARIABLE,1994-02,1994-02,1,OK_SCALAR_COORD,RANGEEDGES,RANGEEDGES_WINDOW_COORDINATE_MATCH,1994-02-01 00:00:00; 1994-03-01 00:00:00,1994-02-01 00:00:00,"esquema=lead1_igual_mes_inicializacao, representação=NMME_HARMONIZED_MONTHLY",Fazendas_Sinobras_Centroide
1994-02,NOAA_NCEP,CFSv2,1994-02,2,1.5,1994-03,OK,"L.attrs contém termo(s) ['forecast_period'] — indica semântica de lead/target, mas isso sozinho não confirma o valor exato de H2 sem uma variável auxiliar de data-alvo. | nenhuma variável auxiliar de data-alvo (('target', 'valid_time', 'target_month', 'forecast_time')) encontrada no dataset aberto — tentando Método B (semântica documentada do eixo forecast_period, Seção 4). | confirmado pela semântica documentada do eixo forecast_period (Método B, Seção 4/6): inicialização confirmada via SCALAR_COORD_ON_VARIABLE (status=OK_SCALAR_COORD), L.standard_name='forecast_period'/units='months', grade [0.5, 1.5, 2.5, 3.5, 4.5, 5.5] mensal confirmada, rota com forecast_period_semantics_documented=True.",CONFIRMED_BY_FORECAST_PERIOD_SEMANTICS,SCALAR_COORD_ON_VARIABLE,1994-02,1994-02,1,OK_SCALAR_COORD,RANGEEDGES,RANGEEDGES_WINDOW_COORDINATE_MATCH,1994-02-01 00:00:00; 1994-03-01 00:00:00,1994-02-01 00:00:00,"esquema=lead1_igual_mes_inicializacao, representação=NMME_HARMONIZED_MONTHLY",Fazendas_Sinobras_Centroide
1994-02,NOAA_NCEP,CFSv2,1994-02,3,2.5,1994-04,OK,"L.attrs contém termo(s) ['forecast_period'] — indica semântica de lead/target, mas isso sozinho não confirma o valor exato de H3 sem uma variável auxiliar de data-alvo. | nenhuma variável auxiliar de data-alvo (('target', 'valid_time', 'target_month', 'forecast_time')) encontrada no dataset aberto — tentando Método B (semântica documentada do eixo forecast_period, Seção 4). | confirmado pela semântica documentada do eixo forecast_period (Método B, Seção 4/6): inicialização confirmada via SCALAR_COORD_ON_VARIABLE (status=OK_SCALAR_COORD), L.standard_name='forecast_period'/units='months', grade [0.5, 1.5, 2.5, 3.5, 4.5, 5.5] mensal confirmada, rota com forecast_period_semantics_documented=True.",CONFIRMED_BY_FORECAST_PERIOD_SEMANTICS,SCALAR_COORD_ON_VARIABLE,1994-02,1994-02,1,OK_SCALAR_COORD,RANGEEDGES,RANGEEDGES_WINDOW_COORDINATE_MATCH,1994-02-01 00:00:00; 1994-03-01 00:00:00,1994-02-01 00:00:00,"esquema=lead1_igual_mes_inicializacao, representação=NMME_HARMONIZED_MONTHLY",Fazendas_Sinobras_Centroide
1994-02,NOAA_NCEP,CFSv2,1994-02,4,3.5,1994-05,OK,"L.attrs contém termo(s) ['forecast_period'] — indica semântica de lead/target, mas isso sozinho não confirma o valor exato de H4 sem uma variável auxiliar de data-alvo. | nenhuma variável auxiliar de data-alvo (('target', 'valid_time', 'target_month', 'forecast_time')) encontrada no dataset aberto — tentando Método B (semântica documentada do eixo forecast_period, Seção 4). | confirmado pela semântica documentada do eixo forecast_period (Método B, Seção 4/6): inicialização confirmada via SCALAR_COORD_ON_VARIABLE (status=OK_SCALAR_COORD), L.standard_name='forecast_period'/units='months', grade [0.5, 1.5, 2.5, 3.5, 4.5, 5.5] mensal confirmada, rota com forecast_period_semantics_documented=True.",CONFIRMED_BY_FORECAST_PERIOD_SEMANTICS,SCALAR_COORD_ON_VARIABLE,1994-02,1994-02,1,OK_SCALAR_COORD,RANGEEDGES,RANGEEDGES_WINDOW_COORDINATE_MATCH,1994-02-01 00:00:00; 1994-03-01 00:00:00,1994-02-01 00:00:00,"esquema=lead1_igual_mes_inicializacao, representação=NMME_HARMONIZED_MONTHLY",Fazendas_Sinobras_Centroide
1994-02,NOAA_NCEP,CFSv2,1994-02,5,4.5,1994-06,OK,"L.attrs contém termo(s) ['forecast_period'] — indica semântica de lead/target, mas isso sozinho não confirma o valor exato de H5 sem uma variável auxiliar de data-alvo. | nenhuma variável auxiliar de data-alvo (('target', 'valid_time', 'target_month', 'forecast_time')) encontrada no dataset aberto — tentando Método B (semântica documentada do eixo forecast_period, Seção 4). | confirmado pela semântica documentada do eixo forecast_period (Método B, Seção 4/6): inicialização confirmada via SCALAR_COORD_ON_VARIABLE (status=OK_SCALAR_COORD), L.standard_name='forecast_period'/units='months', grade [0.5, 1.5, 2.5, 3.5, 4.5, 5.5] mensal confirmada, rota com forecast_period_semantics_documented=True.",CONFIRMED_BY_FORECAST_PERIOD_SEMANTICS,SCALAR_COORD_ON_VARIABLE,1994-02,1994-02,1,OK_SCALAR_COORD,RANGEEDGES,RANGEEDGES_WINDOW_COORDINATE_MATCH,1994-02-01 00:00:00; 1994-03-01 00:00:00,1994-02-01 00:00:00,"esquema=lead1_igual_mes_inicializacao, representação=NMME_HARMONIZED_MONTHLY",Fazendas_Sinobras_Centroide
1994-02,NOAA_NCEP,CFSv2,1994-02,6,5.5,1994-07,OK,"L.attrs contém termo(s) ['forecast_period'] — indica semântica de lead/target, mas isso sozinho não confirma o valor exato de H6 sem uma variável auxiliar de data-alvo. | nenhuma variável auxiliar de data-alvo (('target', 'valid_time', 'target_month', 'forecast_time')) encontrada no dataset aberto — tentando Método B (semântica documentada do eixo forecast_period, Seção 4). | confirmado pela semântica documentada do eixo forecast_period (Método B, Seção 4/6): inicialização confirmada via SCALAR_COORD_ON_VARIABLE (status=OK_SCALAR_COORD), L.standard_name='forecast_period'/units='months', grade [0.5, 1.5, 2.5, 3.5, 4.5, 5.5] mensal confirmada, rota com forecast_period_semantics_documented=True.",CONFIRMED_BY_FORECAST_PERIOD_SEMANTICS,SCALAR_COORD_ON_VARIABLE,1994-02,1994-02,1,OK_SCALAR_COORD,RANGEEDGES,RANGEEDGES_WINDOW_COORDINATE_MATCH,1994-02-01 00:00:00; 1994-03-01 00:00:00,1994-02-01 00:00:00,"esquema=lead1_igual_mes_inicializacao, representação=NMME_HARMONIZED_MONTHLY",Fazendas_Sinobras_Centroide
1994-03,NOAA_NCEP,CFSv2,1994-03,1,0.5,1994-03,OK,"L.attrs contém termo(s) ['forecast_period'] — indica semântica de lead/target, mas isso sozinho não confirma o valor exato de H1 sem uma variável auxiliar de data-alvo. | nenhuma variável auxiliar de data-alvo (('target', 'valid_time', 'target_month', 'forecast_time')) encontrada no dataset aberto — tentando Método B (semântica documentada do eixo forecast_period, Seção 4). | confirmado pela semântica documentada do eixo forecast_period (Método B, Seção 4/6): inicialização confirmada via SCALAR_COORD_ON_VARIABLE (status=OK_SCALAR_COORD), L.standard_name='forecast_period'/units='months', grade [0.5, 1.5, 2.5, 3.5, 4.5, 5.5] mensal confirmada, rota com forecast_period_semantics_documented=True.",CONFIRMED_BY_FORECAST_PERIOD_SEMANTICS,SCALAR_COORD_ON_VARIABLE,1994-03,1994-03,1,OK_SCALAR_COORD,RANGEEDGES,RANGEEDGES_WINDOW_COORDINATE_MATCH,1994-03-01 00:00:00; 1994-04-01 00:00:00,1994-03-01 00:00:00,"esquema=lead1_igual_mes_inicializacao, representação=NMME_HARMONIZED_MONTHLY",Fazendas_Sinobras_Centroide
1994-03,NOAA_NCEP,CFSv2,1994-03,2,1.5,1994-04,OK,"L.attrs contém termo(s) ['forecast_period'] — indica semântica de lead/target, mas isso sozinho não confirma o valor exato de H2 sem uma variável auxiliar de data-alvo. | nenhuma variável auxiliar de data-alvo (('target', 'valid_time', 'target_month', 'forecast_time')) encontrada no dataset aberto — tentando Método B (semântica documentada do eixo forecast_period, Seção 4). | confirmado pela semântica documentada do eixo forecast_period (Método B, Seção 4/6): inicialização confirmada via SCALAR_COORD_ON_VARIABLE (status=OK_SCALAR_COORD), L.standard_name='forecast_period'/units='months', grade [0.5, 1.5, 2.5, 3.5, 4.5, 5.5] mensal confirmada, rota com forecast_period_semantics_documented=True.",CONFIRMED_BY_FORECAST_PERIOD_SEMANTICS,SCALAR_COORD_ON_VARIABLE,1994-03,1994-03,1,OK_SCALAR_COORD,RANGEEDGES,RANGEEDGES_WINDOW_COORDINATE_MATCH,1994-03-01 00:00:00; 1994-04-01 00:00:00,1994-03-01 00:00:00,"esquema=lead1_igual_mes_inicializacao, representação=NMME_HARMONIZED_MONTHLY",Fazendas_Sinobras_Centroide
1994-03,NOAA_NCEP,CFSv2,1994-03,3,2.5,1994-05,OK,"L.attrs contém termo(s) ['forecast_period'] — indica semântica de lead/target, mas isso sozinho não confirma o valor exato de H3 sem uma variável auxiliar de data-alvo. | nenhuma variável auxiliar de data-alvo (('target', 'valid_time', 'target_month', 'forecast_time')) encontrada no dataset aberto — tentando Método B (semântica documentada do eixo forecast_period, Seção 4). | confirmado pela semântica documentada do eixo forecast_period (Método B, Seção 4/6): inicialização confirmada via SCALAR_COORD_ON_VARIABLE (status=OK_SCALAR_COORD), L.standard_name='forecast_period'/units='months', grade [0.5, 1.5, 2.5, 3.5, 4.5, 5.5] mensal confirmada, rota com forecast_period_semantics_documented=True.",CONFIRMED_BY_FORECAST_PERIOD_SEMANTICS,SCALAR_COORD_ON_VARIABLE,1994-03,1994-03,1,OK_SCALAR_COORD,RANGEEDGES,RANGEEDGES_WINDOW_COORDINATE_MATCH,1994-03-01 00:00:00; 1994-04-01 00:00:00,1994-03-01 00:00:00,"esquema=lead1_igual_mes_inicializacao, representação=NMME_HARMONIZED_MONTHLY",Fazendas_Sinobras_Centroide
1994-03,NOAA_NCEP,CFSv2,1994-03,4,3.5,1994-06,OK,"L.attrs contém termo(s) ['forecast_period'] — indica semântica de lead/target, mas isso sozinho não confirma o valor exato de H4 sem uma variável auxiliar de data-alvo. | nenhuma variável auxiliar de data-alvo (('target', 'valid_time', 'target_month', 'forecast_time')) encontrada no dataset aberto — tentando Método B (semântica documentada do eixo forecast_period, Seção 4). | confirmado pela semântica documentada do eixo forecast_period (Método B, Seção 4/6): inicialização confirmada via SCALAR_COORD_ON_VARIABLE (status=OK_SCALAR_COORD), L.standard_name='forecast_period'/units='months', grade [0.5, 1.5, 2.5, 3.5, 4.5, 5.5] mensal confirmada, rota com forecast_period_semantics_documented=True.",CONFIRMED_BY_FORECAST_PERIOD_SEMANTICS,SCALAR_COORD_ON_VARIABLE,1994-03,1994-03,1,OK_SCALAR_COORD,RANGEEDGES,RANGEEDGES_WINDOW_COORDINATE_MATCH,1994-03-01 00:00:00; 1994-04-01 00:00:00,1994-03-01 00:00:00,"esquema=lead1_igual_mes_inicializacao, representação=NMME_HARMONIZED_MONTHLY",Fazendas_Sinobras_Centroide
1994-03,NOAA_NCEP,CFSv2,1994-03,5,4.5,1994-07,OK,"L.attrs contém termo(s) ['forecast_period'] — indica semântica de lead/target, mas isso sozinho não confirma o valor exato de H5 sem uma variável auxiliar de data-alvo. | nenhuma variável auxiliar de data-alvo (('target', 'valid_time', 'target_month', 'forecast_time')) encontrada no dataset aberto — tentando Método B (semântica documentada do eixo forecast_period, Seção 4). | confirmado pela semântica documentada do eixo forecast_period (Método B, Seção 4/6): inicialização confirmada via SCALAR_COORD_ON_VARIABLE (status=OK_SCALAR_COORD), L.standard_name='forecast_period'/units='months', grade [0.5, 1.5, 2.5, 3.5, 4.5, 5.5] mensal confirmada, rota com forecast_period_semantics_documented=True.",CONFIRMED_BY_FORECAST_PERIOD_SEMANTICS,SCALAR_COORD_ON_VARIABLE,1994-03,1994-03,1,OK_SCALAR_COORD,RANGEEDGES,RANGEEDGES_WINDOW_COORDINATE_MATCH,1994-03-01 00:00:00; 1994-04-01 00:00:00,1994-03-01 00:00:00,"esquema=lead1_igual_mes_inicializacao, representação=NMME_HARMONIZED_MONTHLY",Fazendas_Sinobras_Centroide
1994-03,NOAA_NCEP,CFSv2,1994-03,6,5.5,1994-08,OK,"L.attrs contém termo(s) ['forecast_period'] — indica semântica de lead/target, mas isso sozinho não confirma o valor exato de H6 sem uma variável auxiliar de data-alvo. | nenhuma variável auxiliar de data-alvo (('target', 'valid_time', 'target_month', 'forecast_time')) encontrada no dataset aberto — tentando Método B (semântica documentada do eixo forecast_period, Seção 4). | confirmado pela semântica documentada do eixo forecast_period (Método B, Seção 4/6): inicialização confirmada via SCALAR_COORD_ON_VARIABLE (status=OK_SCALAR_COORD), L.standard_name='forecast_period'/units='months', grade [0.5, 1.5, 2.5, 3.5, 4.5, 5.5] mensal confirmada, rota com forecast_period_semantics_documented=True.",CONFIRMED_BY_FORECAST_PERIOD_SEMANTICS,SCALAR_COORD_ON_VARIABLE,1994-03,1994-03,1,OK_SCALAR_COORD,RANGEEDGES,RANGEEDGES_WINDOW_COORDINATE_MATCH,1994-03-01 00:00:00; 1994-04-01 00:00:00,1994-03-01 00:00:00,"esquema=lead1_igual_mes_inicializacao, representação=NMME_HARMONIZED_MONTHLY",Fazendas_Sinobras_Centroide
1994-04,NOAA_NCEP,CFSv2,1994-04,1,0.5,1994-04,OK,"L.attrs contém termo(s) ['forecast_period'] — indica semântica de lead/target, mas isso sozinho não confirma o valor exato de H1 sem uma variável auxiliar de data-alvo. | nenhuma variável auxiliar de data-alvo (('target', 'valid_time', 'target_month', 'forecast_time')) encontrada no dataset aberto — tentando Método B (semântica documentada do eixo forecast_period, Seção 4). | confirmado pela semântica documentada do eixo forecast_period (Método B, Seção 4/6): inicialização confirmada via SCALAR_COORD_ON_VARIABLE (status=OK_SCALAR_COORD), L.standard_name='forecast_period'/units='months', grade [0.5, 1.5, 2.5, 3.5, 4.5, 5.5] mensal confirmada, rota com forecast_period_semantics_documented=True.",CONFIRMED_BY_FORECAST_PERIOD_SEMANTICS,SCALAR_COORD_ON_VARIABLE,1994-04,1994-04,1,OK_SCALAR_COORD,RANGEEDGES,RANGEEDGES_WINDOW_COORDINATE_MATCH,1994-04-01 00:00:00; 1994-05-01 00:00:00,1994-04-01 00:00:00,"esquema=lead1_igual_mes_inicializacao, representação=NMME_HARMONIZED_MONTHLY",Fazendas_Sinobras_Centroide
1994-04,NOAA_NCEP,CFSv2,1994-04,2,1.5,1994-05,OK,"L.attrs contém termo(s) ['forecast_period'] — indica semântica de lead/target, mas isso sozinho não confirma o valor exato de H2 sem uma variável auxiliar de data-alvo. | nenhuma variável auxiliar de data-alvo (('target', 'valid_time', 'target_month', 'forecast_time')) encontrada no dataset aberto — tentando Método B (semântica documentada do eixo forecast_period, Seção 4). | confirmado pela semântica documentada do eixo forecast_period (Método B, Seção 4/6): inicialização confirmada via SCALAR_COORD_ON_VARIABLE (status=OK_SCALAR_COORD), L.standard_name='forecast_period'/units='months', grade [0.5, 1.5, 2.5, 3.5, 4.5, 5.5] mensal confirmada, rota com forecast_period_semantics_documented=True.",CONFIRMED_BY_FORECAST_PERIOD_SEMANTICS,SCALAR_COORD_ON_VARIABLE,1994-04,1994-04,1,OK_SCALAR_COORD,RANGEEDGES,RANGEEDGES_WINDOW_COORDINATE_MATCH,1994-04-01 00:00:00; 1994-05-01 00:00:00,1994-04-01 00:00:00,"esquema=lead1_igual_mes_inicializacao, representação=NMME_HARMONIZED_MONTHLY",Fazendas_Sinobras_Centroide
1994-04,NOAA_NCEP,CFSv2,1994-04,3,2.5,1994-06,OK,"L.attrs contém termo(s) ['forecast_period'] — indica semântica de lead/target, mas isso sozinho não confirma o valor exato de H3 sem uma variável auxiliar de data-alvo. | nenhuma variável auxiliar de data-alvo (('target', 'valid_time', 'target_month', 'forecast_time')) encontrada no dataset aberto — tentando Método B (semântica documentada do eixo forecast_period, Seção 4). | confirmado pela semântica documentada do eixo forecast_period (Método B, Seção 4/6): inicialização confirmada via SCALAR_COORD_ON_VARIABLE (status=OK_SCALAR_COORD), L.standard_name='forecast_period'/units='months', grade [0.5, 1.5, 2.5, 3.5, 4.5, 5.5] mensal confirmada, rota com forecast_period_semantics_documented=True.",CONFIRMED_BY_FORECAST_PERIOD_SEMANTICS,SCALAR_COORD_ON_VARIABLE,1994-04,1994-04,1,OK_SCALAR_COORD,RANGEEDGES,RANGEEDGES_WINDOW_COORDINATE_MATCH,1994-04-01 00:00:00; 1994-05-01 00:00:00,1994-04-01 00:00:00,"esquema=lead1_igual_mes_inicializacao, representação=NMME_HARMONIZED_MONTHLY",Fazendas_Sinobras_Centroide
1994-04,NOAA_NCEP,CFSv2,1994-04,4,3.5,1994-07,OK,"L.attrs contém termo(s) ['forecast_period'] — indica semântica de lead/target, mas isso sozinho não confirma o valor exato de H4 sem uma variável auxiliar de data-alvo. | nenhuma variável auxiliar de data-alvo (('target', 'valid_time', 'target_month', 'forecast_time')) encontrada no dataset aberto — tentando Método B (semântica documentada do eixo forecast_period, Seção 4). | confirmado pela semântica documentada do eixo forecast_period (Método B, Seção 4/6): inicialização confirmada via SCALAR_COORD_ON_VARIABLE (status=OK_SCALAR_COORD), L.standard_name='forecast_period'/units='months', grade [0.5, 1.5, 2.5, 3.5, 4.5, 5.5] mensal confirmada, rota com forecast_period_semantics_documented=True.",CONFIRMED_BY_FORECAST_PERIOD_SEMANTICS,SCALAR_COORD_ON_VARIABLE,1994-04,1994-04,1,OK_SCALAR_COORD,RANGEEDGES,RANGEEDGES_WINDOW_COORDINATE_MATCH,1994-04-01 00:00:00; 1994-05-01 00:00:00,1994-04-01 00:00:00,"esquema=lead1_igual_mes_inicializacao, representação=NMME_HARMONIZED_MONTHLY",Fazendas_Sinobras_Centroide
1994-04,NOAA_NCEP,CFSv2,1994-04,5,4.5,1994-08,OK,"L.attrs contém termo(s) ['forecast_period'] — indica semântica de lead/target, mas isso sozinho não confirma o valor exato de H5 sem uma variável auxiliar de data-alvo. | nenhuma variável auxiliar de data-alvo (('target', 'valid_time', 'target_month', 'forecast_time')) encontrada no dataset aberto — tentando Método B (semântica documentada do eixo forecast_period, Seção 4). | confirmado pela semântica documentada do eixo forecast_period (Método B, Seção 4/6): inicialização confirmada via SCALAR_COORD_ON_VARIABLE (status=OK_SCALAR_COORD), L.standard_name='forecast_period'/units='months', grade [0.5, 1.5, 2.5, 3.5, 4.5, 5.5] mensal confirmada, rota com forecast_period_semantics_documented=True.",CONFIRMED_BY_FORECAST_PERIOD_SEMANTICS,SCALAR_COORD_ON_VARIABLE,1994-04,1994-04,1,OK_SCALAR_COORD,RANGEEDGES,RANGEEDGES_WINDOW_COORDINATE_MATCH,1994-04-01 00:00:00; 1994-05-01 00:00:00,1994-04-01 00:00:00,"esquema=lead1_igual_mes_inicializacao, representação=NMME_HARMONIZED_MONTHLY",Fazendas_Sinobras_Centroide
1994-04,NOAA_NCEP,CFSv2,1994-04,6,5.5,1994-09,OK,"L.attrs contém termo(s) ['forecast_period'] — indica semântica de lead/target, mas isso sozinho não confirma o valor exato de H6 sem uma variável auxiliar de data-alvo. | nenhuma variável auxiliar de data-alvo (('target', 'valid_time', 'target_month', 'forecast_time')) encontrada no dataset aberto — tentando Método B (semântica documentada do eixo forecast_period, Seção 4). | confirmado pela semântica documentada do eixo forecast_period (Método B, Seção 4/6): inicialização confirmada via SCALAR_COORD_ON_VARIABLE (status=OK_SCALAR_COORD), L.standard_name='forecast_period'/units='months', grade [0.5, 1.5, 2.5, 3.5, 4.5, 5.5] mensal confirmada, rota com forecast_period_semantics_documented=True.",CONFIRMED_BY_FORECAST_PERIOD_SEMANTICS,SCALAR_COORD_ON_VARIABLE,1994-04,1994-04,1,OK_SCALAR_COORD,RANGEEDGES,RANGEEDGES_WINDOW_COORDINATE_MATCH,1994-04-01 00:00:00; 1994-05-01 00:00:00,1994-04-01 00:00:00,"esquema=lead1_igual_mes_inicializacao, representação=NMME_HARMONIZED_MONTHLY",Fazendas_Sinobras_Centroide
1994-05,NOAA_NCEP,CFSv2,1994-05,1,0.5,1994-05,OK,"L.attrs contém termo(s) ['forecast_period'] — indica semântica de lead/target, mas isso sozinho não confirma o valor exato de H1 sem uma variável auxiliar de data-alvo. | nenhuma variável auxiliar de data-alvo (('target', 'valid_time', 'target_month', 'forecast_time')) encontrada no dataset aberto — tentando Método B (semântica documentada do eixo forecast_period, Seção 4). | confirmado pela semântica documentada do eixo forecast_period (Método B, Seção 4/6): inicialização confirmada via SCALAR_COORD_ON_VARIABLE (status=OK_SCALAR_COORD), L.standard_name='forecast_period'/units='months', grade [0.5, 1.5, 2.5, 3.5, 4.5, 5.5] mensal confirmada, rota com forecast_period_semantics_documented=True.",CONFIRMED_BY_FORECAST_PERIOD_SEMANTICS,SCALAR_COORD_ON_VARIABLE,1994-05,1994-05,1,OK_SCALAR_COORD,RANGEEDGES,RANGEEDGES_WINDOW_COORDINATE_MATCH,1994-05-01 00:00:00; 1994-06-01 00:00:00,1994-05-01 00:00:00,"esquema=lead1_igual_mes_inicializacao, representação=NMME_HARMONIZED_MONTHLY",Fazendas_Sinobras_Centroide
1994-05,NOAA_NCEP,CFSv2,1994-05,2,1.5,1994-06,OK,"L.attrs contém termo(s) ['forecast_period'] — indica semântica de lead/target, mas isso sozinho não confirma o valor exato de H2 sem uma variável auxiliar de data-alvo. | nenhuma variável auxiliar de data-alvo (('target', 'valid_time', 'target_month', 'forecast_time')) encontrada no dataset aberto — tentando Método B (semântica documentada do eixo forecast_period, Seção 4). | confirmado pela semântica documentada do eixo forecast_period (Método B, Seção 4/6): inicialização confirmada via SCALAR_COORD_ON_VARIABLE (status=OK_SCALAR_COORD), L.standard_name='forecast_period'/units='months', grade [0.5, 1.5, 2.5, 3.5, 4.5, 5.5] mensal confirmada, rota com forecast_period_semantics_documented=True.",CONFIRMED_BY_FORECAST_PERIOD_SEMANTICS,SCALAR_COORD_ON_VARIABLE,1994-05,1994-05,1,OK_SCALAR_COORD,RANGEEDGES,RANGEEDGES_WINDOW_COORDINATE_MATCH,1994-05-01 00:00:00; 1994-06-01 00:00:00,1994-05-01 00:00:00,"esquema=lead1_igual_mes_inicializacao, representação=NMME_HARMONIZED_MONTHLY",Fazendas_Sinobras_Centroide
1994-05,NOAA_NCEP,CFSv2,1994-05,3,2.5,1994-07,OK,"L.attrs contém termo(s) ['forecast_period'] — indica semântica de lead/target, mas isso sozinho não confirma o valor exato de H3 sem uma variável auxiliar de data-alvo. | nenhuma variável auxiliar de data-alvo (('target', 'valid_time', 'target_month', 'forecast_time')) encontrada no dataset aberto — tentando Método B (semântica documentada do eixo forecast_period, Seção 4). | confirmado pela semântica documentada do eixo forecast_period (Método B, Seção 4/6): inicialização confirmada via SCALAR_COORD_ON_VARIABLE (status=OK_SCALAR_COORD), L.standard_name='forecast_period'/units='months', grade [0.5, 1.5, 2.5, 3.5, 4.5, 5.5] mensal confirmada, rota com forecast_period_semantics_documented=True.",CONFIRMED_BY_FORECAST_PERIOD_SEMANTICS,SCALAR_COORD_ON_VARIABLE,1994-05,1994-05,1,OK_SCALAR_COORD,RANGEEDGES,RANGEEDGES_WINDOW_COORDINATE_MATCH,1994-05-01 00:00:00; 1994-06-01 00:00:00,1994-05-01 00:00:00,"esquema=lead1_igual_mes_inicializacao, representação=NMME_HARMONIZED_MONTHLY",Fazendas_Sinobras_Centroide
1994-05,NOAA_NCEP,CFSv2,1994-05,4,3.5,1994-08,OK,"L.attrs contém termo(s) ['forecast_period'] — indica semântica de lead/target, mas isso sozinho não confirma o valor exato de H4 sem uma variável auxiliar de data-alvo. | nenhuma variável auxiliar de data-alvo (('target', 'valid_time', 'target_month', 'forecast_time')) encontrada no dataset aberto — tentando Método B (semântica documentada do eixo forecast_period, Seção 4). | confirmado pela semântica documentada do eixo forecast_period (Método B, Seção 4/6): inicialização confirmada via SCALAR_COORD_ON_VARIABLE (status=OK_SCALAR_COORD), L.standard_name='forecast_period'/units='months', grade [0.5, 1.5, 2.5, 3.5, 4.5, 5.5] mensal confirmada, rota com forecast_period_semantics_documented=True.",CONFIRMED_BY_FORECAST_PERIOD_SEMANTICS,SCALAR_COORD_ON_VARIABLE,1994-05,1994-05,1,OK_SCALAR_COORD,RANGEEDGES,RANGEEDGES_WINDOW_COORDINATE_MATCH,1994-05-01 00:00:00; 1994-06-01 00:00:00,1994-05-01 00:00:00,"esquema=lead1_igual_mes_inicializacao, representação=NMME_HARMONIZED_MONTHLY",Fazendas_Sinobras_Centroide
1994-05,NOAA_NCEP,CFSv2,1994-05,5,4.5,1994-09,OK,"L.attrs contém termo(s) ['forecast_period'] — indica semântica de lead/target, mas isso sozinho não confirma o valor exato de H5 sem uma variável auxiliar de data-alvo. | nenhuma variável auxiliar de data-alvo (('target', 'valid_time', 'target_month', 'forecast_time')) encontrada no dataset aberto — tentando Método B (semântica documentada do eixo forecast_period, Seção 4). | confirmado pela semântica documentada do eixo forecast_period (Método B, Seção 4/6): inicialização confirmada via SCALAR_COORD_ON_VARIABLE (status=OK_SCALAR_COORD), L.standard_name='forecast_period'/units='months', grade [0.5, 1.5, 2.5, 3.5, 4.5, 5.5] mensal confirmada, rota com forecast_period_semantics_documented=True.",CONFIRMED_BY_FORECAST_PERIOD_SEMANTICS,SCALAR_COORD_ON_VARIABLE,1994-05,1994-05,1,OK_SCALAR_COORD,RANGEEDGES,RANGEEDGES_WINDOW_COORDINATE_MATCH,1994-05-01 00:00:00; 1994-06-01 00:00:00,1994-05-01 00:00:00,"esquema=lead1_igual_mes_inicializacao, representação=NMME_HARMONIZED_MONTHLY",Fazendas_Sinobras_Centroide
1994-05,NOAA_NCEP,CFSv2,1994-05,6,5.5,1994-10,OK,"L.attrs contém termo(s) ['forecast_period'] — indica semântica de lead/target, mas isso sozinho não confirma o valor exato de H6 sem uma variável auxiliar de data-alvo. | nenhuma variável auxiliar de data-alvo (('target', 'valid_time', 'target_month', 'forecast_time')) encontrada no dataset aberto — tentando Método B (semântica documentada do eixo forecast_period, Seção 4). | confirmado pela semântica documentada do eixo forecast_period (Método B, Seção 4/6): inicialização confirmada via SCALAR_COORD_ON_VARIABLE (status=OK_SCALAR_COORD), L.standard_name='forecast_period'/units='months', grade [0.5, 1.5, 2.5, 3.5, 4.5, 5.5] mensal confirmada, rota com forecast_period_semantics_documented=True.",CONFIRMED_BY_FORECAST_PERIOD_SEMANTICS,SCALAR_COORD_ON_VARIABLE,1994-05,1994-05,1,OK_SCALAR_COORD,RANGEEDGES,RANGEEDGES_WINDOW_COORDINATE_MATCH,1994-05-01 00:00:00; 1994-06-01 00:00:00,1994-05-01 00:00:00,"esquema=lead1_igual_mes_inicializacao, representação=NMME_HARMONIZED_MONTHLY",Fazendas_Sinobras_Centroide
1994-06,NOAA_NCEP,CFSv2,1994-06,1,0.5,1994-06,OK,"L.attrs contém termo(s) ['forecast_period'] — indica semântica de lead/target, mas isso sozinho não confirma o valor exato de H1 sem uma variável auxiliar de data-alvo. | nenhuma variável auxiliar de data-alvo (('target', 'valid_time', 'target_month', 'forecast_time')) encontrada no dataset aberto — tentando Método B (semântica documentada do eixo forecast_period, Seção 4). | confirmado pela semântica documentada do eixo forecast_period (Método B, Seção 4/6): inicialização confirmada via SCALAR_COORD_ON_VARIABLE (status=OK_SCALAR_COORD), L.standard_name='forecast_period'/units='months', grade [0.5, 1.5, 2.5, 3.5, 4.5, 5.5] mensal confirmada, rota com forecast_period_semantics_documented=True.",CONFIRMED_BY_FORECAST_PERIOD_SEMANTICS,SCALAR_COORD_ON_VARIABLE,1994-06,1994-06,1,OK_SCALAR_COORD,RANGEEDGES,RANGEEDGES_WINDOW_COORDINATE_MATCH,1994-06-01 00:00:00; 1994-07-01 00:00:00,1994-06-01 00:00:00,"esquema=lead1_igual_mes_inicializacao, representação=NMME_HARMONIZED_MONTHLY",Fazendas_Sinobras_Centroide
1994-06,NOAA_NCEP,CFSv2,1994-06,2,1.5,1994-07,OK,"L.attrs contém termo(s) ['forecast_period'] — indica semântica de lead/target, mas isso sozinho não confirma o valor exato de H2 sem uma variável auxiliar de data-alvo. | nenhuma variável auxiliar de data-alvo (('target', 'valid_time', 'target_month', 'forecast_time')) encontrada no dataset aberto — tentando Método B (semântica documentada do eixo forecast_period, Seção 4). | confirmado pela semântica documentada do eixo forecast_period (Método B, Seção 4/6): inicialização confirmada via SCALAR_COORD_ON_VARIABLE (status=OK_SCALAR_COORD), L.standard_name='forecast_period'/units='months', grade [0.5, 1.5, 2.5, 3.5, 4.5, 5.5] mensal confirmada, rota com forecast_period_semantics_documented=True.",CONFIRMED_BY_FORECAST_PERIOD_SEMANTICS,SCALAR_COORD_ON_VARIABLE,1994-06,1994-06,1,OK_SCALAR_COORD,RANGEEDGES,RANGEEDGES_WINDOW_COORDINATE_MATCH,1994-06-01 00:00:00; 1994-07-01 00:00:00,1994-06-01 00:00:00,"esquema=lead1_igual_mes_inicializacao, representação=NMME_HARMONIZED_MONTHLY",Fazendas_Sinobras_Centroide
1994-06,NOAA_NCEP,CFSv2,1994-06,3,2.5,1994-08,OK,"L.attrs contém termo(s) ['forecast_period'] — indica semântica de lead/target, mas isso sozinho não confirma o valor exato de H3 sem uma variável auxiliar de data-alvo. | nenhuma variável auxiliar de data-alvo (('target', 'valid_time', 'target_month', 'forecast_time')) encontrada no dataset aberto — tentando Método B (semântica documentada do eixo forecast_period, Seção 4). | confirmado pela semântica documentada do eixo forecast_period (Método B, Seção 4/6): inicialização confirmada via SCALAR_COORD_ON_VARIABLE (status=OK_SCALAR_COORD), L.standard_name='forecast_period'/units='months', grade [0.5, 1.5, 2.5, 3.5, 4.5, 5.5] mensal confirmada, rota com forecast_period_semantics_documented=True.",CONFIRMED_BY_FORECAST_PERIOD_SEMANTICS,SCALAR_COORD_ON_VARIABLE,1994-06,1994-06,1,OK_SCALAR_COORD,RANGEEDGES,RANGEEDGES_WINDOW_COORDINATE_MATCH,1994-06-01 00:00:00; 1994-07-01 00:00:00,1994-06-01 00:00:00,"esquema=lead1_igual_mes_inicializacao, representação=NMME_HARMONIZED_MONTHLY",Fazendas_Sinobras_Centroide
1994-06,NOAA_NCEP,CFSv2,1994-06,4,3.5,1994-09,OK,"L.attrs contém termo(s) ['forecast_period'] — indica semântica de lead/target, mas isso sozinho não confirma o valor exato de H4 sem uma variável auxiliar de data-alvo. | nenhuma variável auxiliar de data-alvo (('target', 'valid_time', 'target_month', 'forecast_time')) encontrada no dataset aberto — tentando Método B (semântica documentada do eixo forecast_period, Seção 4). | confirmado pela semântica documentada do eixo forecast_period (Método B, Seção 4/6): inicialização confirmada via SCALAR_COORD_ON_VARIABLE (status=OK_SCALAR_COORD), L.standard_name='forecast_period'/units='months', grade [0.5, 1.5, 2.5, 3.5, 4.5, 5.5] mensal confirmada, rota com forecast_period_semantics_documented=True.",CONFIRMED_BY_FORECAST_PERIOD_SEMANTICS,SCALAR_COORD_ON_VARIABLE,1994-06,1994-06,1,OK_SCALAR_COORD,RANGEEDGES,RANGEEDGES_WINDOW_COORDINATE_MATCH,1994-06-01 00:00:00; 1994-07-01 00:00:00,1994-06-01 00:00:00,"esquema=lead1_igual_mes_inicializacao, representação=NMME_HARMONIZED_MONTHLY",Fazendas_Sinobras_Centroide
1994-06,NOAA_NCEP,CFSv2,1994-06,5,4.5,1994-10,OK,"L.attrs contém termo(s) ['forecast_period'] — indica semântica de lead/target, mas isso sozinho não confirma o valor exato de H5 sem uma variável auxiliar de data-alvo. | nenhuma variável auxiliar de data-alvo (('target', 'valid_time', 'target_month', 'forecast_time')) encontrada no dataset aberto — tentando Método B (semântica documentada do eixo forecast_period, Seção 4). | confirmado pela semântica documentada do eixo forecast_period (Método B, Seção 4/6): inicialização confirmada via SCALAR_COORD_ON_VARIABLE (status=OK_SCALAR_COORD), L.standard_name='forecast_period'/units='months', grade [0.5, 1.5, 2.5, 3.5, 4.5, 5.5] mensal confirmada, rota com forecast_period_semantics_documented=True.",CONFIRMED_BY_FORECAST_PERIOD_SEMANTICS,SCALAR_COORD_ON_VARIABLE,1994-06,1994-06,1,OK_SCALAR_COORD,RANGEEDGES,RANGEEDGES_WINDOW_COORDINATE_MATCH,1994-06-01 00:00:00; 1994-07-01 00:00:00,1994-06-01 00:00:00,"esquema=lead1_igual_mes_inicializacao, representação=NMME_HARMONIZED_MONTHLY",Fazendas_Sinobras_Centroide
1994-06,NOAA_NCEP,CFSv2,1994-06,6,5.5,1994-11,OK,"L.attrs contém termo(s) ['forecast_period'] — indica semântica de lead/target, mas isso sozinho não confirma o valor exato de H6 sem uma variável auxiliar de data-alvo. | nenhuma variável auxiliar de data-alvo (('target', 'valid_time', 'target_month', 'forecast_time')) encontrada no dataset aberto — tentando Método B (semântica documentada do eixo forecast_period, Seção 4). | confirmado pela semântica documentada do eixo forecast_period (Método B, Seção 4/6): inicialização confirmada via SCALAR_COORD_ON_VARIABLE (status=OK_SCALAR_COORD), L.standard_name='forecast_period'/units='months', grade [0.5, 1.5, 2.5, 3.5, 4.5, 5.5] mensal confirmada, rota com forecast_period_semantics_documented=True.",CONFIRMED_BY_FORECAST_PERIOD_SEMANTICS,SCALAR_COORD_ON_VARIABLE,1994-06,1994-06,1,OK_SCALAR_COORD,RANGEEDGES,RANGEEDGES_WINDOW_COORDINATE_MATCH,1994-06-01 00:00:00; 1994-07-01 00:00:00,1994-06-01 00:00:00,"esquema=lead1_igual_mes_inicializacao, representação=NMME_HARMONIZED_MONTHLY",Fazendas_Sinobras_Centroide
1994-07,NOAA_NCEP,CFSv2,1994-07,1,0.5,1994-07,OK,"L.attrs contém termo(s) ['forecast_period'] — indica semântica de lead/target, mas isso sozinho não confirma o valor exato de H1 sem uma variável auxiliar de data-alvo. | nenhuma variável auxiliar de data-alvo (('target', 'valid_time', 'target_month', 'forecast_time')) encontrada no dataset aberto — tentando Método B (semântica documentada do eixo forecast_period, Seção 4). | confirmado pela semântica documentada do eixo forecast_period (Método B, Seção 4/6): inicialização confirmada via SCALAR_COORD_ON_VARIABLE (status=OK_SCALAR_COORD), L.standard_name='forecast_period'/units='months', grade [0.5, 1.5, 2.5, 3.5, 4.5, 5.5] mensal confirmada, rota com forecast_period_semantics_documented=True.",CONFIRMED_BY_FORECAST_PERIOD_SEMANTICS,SCALAR_COORD_ON_VARIABLE,1994-07,1994-07,1,OK_SCALAR_COORD,RANGEEDGES,RANGEEDGES_WINDOW_COORDINATE_MATCH,1994-07-01 00:00:00; 1994-08-01 00:00:00,1994-07-01 00:00:00,"esquema=lead1_igual_mes_inicializacao, representação=NMME_HARMONIZED_MONTHLY",Fazendas_Sinobras_Centroide
1994-07,NOAA_NCEP,CFSv2,1994-07,2,1.5,1994-08,OK,"L.attrs contém termo(s) ['forecast_period'] — indica semântica de lead/target, mas isso sozinho não confirma o valor exato de H2 sem uma variável auxiliar de data-alvo. | nenhuma variável auxiliar de data-alvo (('target', 'valid_time', 'target_month', 'forecast_time')) encontrada no dataset aberto — tentando Método B (semântica documentada do eixo forecast_period, Seção 4). | confirmado pela semântica documentada do eixo forecast_period (Método B, Seção 4/6): inicialização confirmada via SCALAR_COORD_ON_VARIABLE (status=OK_SCALAR_COORD), L.standard_name='forecast_period'/units='months', grade [0.5, 1.5, 2.5, 3.5, 4.5, 5.5] mensal confirmada, rota com forecast_period_semantics_documented=True.",CONFIRMED_BY_FORECAST_PERIOD_SEMANTICS,SCALAR_COORD_ON_VARIABLE,1994-07,1994-07,1,OK_SCALAR_COORD,RANGEEDGES,RANGEEDGES_WINDOW_COORDINATE_MATCH,1994-07-01 00:00:00; 1994-08-01 00:00:00,1994-07-01 00:00:00,"esquema=lead1_igual_mes_inicializacao, representação=NMME_HARMONIZED_MONTHLY",Fazendas_Sinobras_Centroide
1994-07,NOAA_NCEP,CFSv2,1994-07,3,2.5,1994-09,OK,"L.attrs contém termo(s) ['forecast_period'] — indica semântica de lead/target, mas isso sozinho não confirma o valor exato de H3 sem uma variável auxiliar de data-alvo. | nenhuma variável auxiliar de data-alvo (('target', 'valid_time', 'target_month', 'forecast_time')) encontrada no dataset aberto — tentando Método B (semântica documentada do eixo forecast_period, Seção 4). | confirmado pela semântica documentada do eixo forecast_period (Método B, Seção 4/6): inicialização confirmada via SCALAR_COORD_ON_VARIABLE (status=OK_SCALAR_COORD), L.standard_name='forecast_period'/units='months', grade [0.5, 1.5, 2.5, 3.5, 4.5, 5.5] mensal confirmada, rota com forecast_period_semantics_documented=True.",CONFIRMED_BY_FORECAST_PERIOD_SEMANTICS,SCALAR_COORD_ON_VARIABLE,1994-07,1994-07,1,OK_SCALAR_COORD,RANGEEDGES,RANGEEDGES_WINDOW_COORDINATE_MATCH,1994-07-01 00:00:00; 1994-08-01 00:00:00,1994-07-01 00:00:00,"esquema=lead1_igual_mes_inicializacao, representação=NMME_HARMONIZED_MONTHLY",Fazendas_Sinobras_Centroide
1994-07,NOAA_NCEP,CFSv2,1994-07,4,3.5,1994-10,OK,"L.attrs contém termo(s) ['forecast_period'] — indica semântica de lead/target, mas isso sozinho não confirma o valor exato de H4 sem uma variável auxiliar de data-alvo. | nenhuma variável auxiliar de data-alvo (('target', 'valid_time', 'target_month', 'forecast_time')) encontrada no dataset aberto — tentando Método B (semântica documentada do eixo forecast_period, Seção 4). | confirmado pela semântica documentada do eixo forecast_period (Método B, Seção 4/6): inicialização confirmada via SCALAR_COORD_ON_VARIABLE (status=OK_SCALAR_COORD), L.standard_name='forecast_period'/units='months', grade [0.5, 1.5, 2.5, 3.5, 4.5, 5.5] mensal confirmada, rota com forecast_period_semantics_documented=True.",CONFIRMED_BY_FORECAST_PERIOD_SEMANTICS,SCALAR_COORD_ON_VARIABLE,1994-07,1994-07,1,OK_SCALAR_COORD,RANGEEDGES,RANGEEDGES_WINDOW_COORDINATE_MATCH,1994-07-01 00:00:00; 1994-08-01 00:00:00,1994-07-01 00:00:00,"esquema=lead1_igual_mes_inicializacao, representação=NMME_HARMONIZED_MONTHLY",Fazendas_Sinobras_Centroide
1994-07,NOAA_NCEP,CFSv2,1994-07,5,4.5,1994-11,OK,"L.attrs contém termo(s) ['forecast_period'] — indica semântica de lead/target, mas isso sozinho não confirma o valor exato de H5 sem uma variável auxiliar de data-alvo. | nenhuma variável auxiliar de data-alvo (('target', 'valid_time', 'target_month', 'forecast_time')) encontrada no dataset aberto — tentando Método B (semântica documentada do eixo forecast_period, Seção 4). | confirmado pela semântica documentada do eixo forecast_period (Método B, Seção 4/6): inicialização confirmada via SCALAR_COORD_ON_VARIABLE (status=OK_SCALAR_COORD), L.standard_name='forecast_period'/units='months', grade [0.5, 1.5, 2.5, 3.5, 4.5, 5.5] mensal confirmada, rota com forecast_period_semantics_documented=True.",CONFIRMED_BY_FORECAST_PERIOD_SEMANTICS,SCALAR_COORD_ON_VARIABLE,1994-07,1994-07,1,OK_SCALAR_COORD,RANGEEDGES,RANGEEDGES_WINDOW_COORDINATE_MATCH,1994-07-01 00:00:00; 1994-08-01 00:00:00,1994-07-01 00:00:00,"esquema=lead1_igual_mes_inicializacao, representação=NMME_HARMONIZED_MONTHLY",Fazendas_Sinobras_Centroide
1994-07,NOAA_NCEP,CFSv2,1994-07,6,5.5,1994-12,OK,"L.attrs contém termo(s) ['forecast_period'] — indica semântica de lead/target, mas isso sozinho não confirma o valor exato de H6 sem uma variável auxiliar de data-alvo. | nenhuma variável auxiliar de data-alvo (('target', 'valid_time', 'target_month', 'forecast_time')) encontrada no dataset aberto — tentando Método B (semântica documentada do eixo forecast_period, Seção 4). | confirmado pela semântica documentada do eixo forecast_period (Método B, Seção 4/6): inicialização confirmada via SCALAR_COORD_ON_VARIABLE (status=OK_SCALAR_COORD), L.standard_name='forecast_period'/units='months', grade [0.5, 1.5, 2.5, 3.5, 4.5, 5.5] mensal confirmada, rota com forecast_period_semantics_documented=True.",CONFIRMED_BY_FORECAST_PERIOD_SEMANTICS,SCALAR_COORD_ON_VARIABLE,1994-07,1994-07,1,OK_SCALAR_COORD,RANGEEDGES,RANGEEDGES_WINDOW_COORDINATE_MATCH,1994-07-01 00:00:00; 1994-08-01 00:00:00,1994-07-01 00:00:00,"esquema=lead1_igual_mes_inicializacao, representação=NMME_HARMONIZED_MONTHLY",Fazendas_Sinobras_Centroide
1994-08,NOAA_NCEP,CFSv2,1994-08,1,0.5,1994-08,OK,"L.attrs contém termo(s) ['forecast_period'] — indica semântica de lead/target, mas isso sozinho não confirma o valor exato de H1 sem uma variável auxiliar de data-alvo. | nenhuma variável auxiliar de data-alvo (('target', 'valid_time', 'target_month', 'forecast_time')) encontrada no dataset aberto — tentando Método B (semântica documentada do eixo forecast_period, Seção 4). | confirmado pela semântica documentada do eixo forecast_period (Método B, Seção 4/6): inicialização confirmada via SCALAR_COORD_ON_VARIABLE (status=OK_SCALAR_COORD), L.standard_name='forecast_period'/units='months', grade [0.5, 1.5, 2.5, 3.5, 4.5, 5.5] mensal confirmada, rota com forecast_period_semantics_documented=True.",CONFIRMED_BY_FORECAST_PERIOD_SEMANTICS,SCALAR_COORD_ON_VARIABLE,1994-08,1994-08,1,OK_SCALAR_COORD,RANGEEDGES,RANGEEDGES_WINDOW_COORDINATE_MATCH,1994-08-01 00:00:00; 1994-09-01 00:00:00,1994-08-01 00:00:00,"esquema=lead1_igual_mes_inicializacao, representação=NMME_HARMONIZED_MONTHLY",Fazendas_Sinobras_Centroide
1994-08,NOAA_NCEP,CFSv2,1994-08,2,1.5,1994-09,OK,"L.attrs contém termo(s) ['forecast_period'] — indica semântica de lead/target, mas isso sozinho não confirma o valor exato de H2 sem uma variável auxiliar de data-alvo. | nenhuma variável auxiliar de data-alvo (('target', 'valid_time', 'target_month', 'forecast_time')) encontrada no dataset aberto — tentando Método B (semântica documentada do eixo forecast_period, Seção 4). | confirmado pela semântica documentada do eixo forecast_period (Método B, Seção 4/6): inicialização confirmada via SCALAR_COORD_ON_VARIABLE (status=OK_SCALAR_COORD), L.standard_name='forecast_period'/units='months', grade [0.5, 1.5, 2.5, 3.5, 4.5, 5.5] mensal confirmada, rota com forecast_period_semantics_documented=True.",CONFIRMED_BY_FORECAST_PERIOD_SEMANTICS,SCALAR_COORD_ON_VARIABLE,1994-08,1994-08,1,OK_SCALAR_COORD,RANGEEDGES,RANGEEDGES_WINDOW_COORDINATE_MATCH,1994-08-01 00:00:00; 1994-09-01 00:00:00,1994-08-01 00:00:00,"esquema=lead1_igual_mes_inicializacao, representação=NMME_HARMONIZED_MONTHLY",Fazendas_Sinobras_Centroide
1994-08,NOAA_NCEP,CFSv2,1994-08,3,2.5,1994-10,OK,"L.attrs contém termo(s) ['forecast_period'] — indica semântica de lead/target, mas isso sozinho não confirma o valor exato de H3 sem uma variável auxiliar de data-alvo. | nenhuma variável auxiliar de data-alvo (('target', 'valid_time', 'target_month', 'forecast_time')) encontrada no dataset aberto — tentando Método B (semântica documentada do eixo forecast_period, Seção 4). | confirmado pela semântica documentada do eixo forecast_period (Método B, Seção 4/6): inicialização confirmada via SCALAR_COORD_ON_VARIABLE (status=OK_SCALAR_COORD), L.standard_name='forecast_period'/units='months', grade [0.5, 1.5, 2.5, 3.5, 4.5, 5.5] mensal confirmada, rota com forecast_period_semantics_documented=True.",CONFIRMED_BY_FORECAST_PERIOD_SEMANTICS,SCALAR_COORD_ON_VARIABLE,1994-08,1994-08,1,OK_SCALAR_COORD,RANGEEDGES,RANGEEDGES_WINDOW_COORDINATE_MATCH,1994-08-01 00:00:00; 1994-09-01 00:00:00,1994-08-01 00:00:00,"esquema=lead1_igual_mes_inicializacao, representação=NMME_HARMONIZED_MONTHLY",Fazendas_Sinobras_Centroide
1994-08,NOAA_NCEP,CFSv2,1994-08,4,3.5,1994-11,OK,"L.attrs contém termo(s) ['forecast_period'] — indica semântica de lead/target, mas isso sozinho não confirma o valor exato de H4 sem uma variável auxiliar de data-alvo. | nenhuma variável auxiliar de data-alvo (('target', 'valid_time', 'target_month', 'forecast_time')) encontrada no dataset aberto — tentando Método B (semântica documentada do eixo forecast_period, Seção 4). | confirmado pela semântica documentada do eixo forecast_period (Método B, Seção 4/6): inicialização confirmada via SCALAR_COORD_ON_VARIABLE (status=OK_SCALAR_COORD), L.standard_name='forecast_period'/units='months', grade [0.5, 1.5, 2.5, 3.5, 4.5, 5.5] mensal confirmada, rota com forecast_period_semantics_documented=True.",CONFIRMED_BY_FORECAST_PERIOD_SEMANTICS,SCALAR_COORD_ON_VARIABLE,1994-08,1994-08,1,OK_SCALAR_COORD,RANGEEDGES,RANGEEDGES_WINDOW_COORDINATE_MATCH,1994-08-01 00:00:00; 1994-09-01 00:00:00,1994-08-01 00:00:00,"esquema=lead1_igual_mes_inicializacao, representação=NMME_HARMONIZED_MONTHLY",Fazendas_Sinobras_Centroide
1994-08,NOAA_NCEP,CFSv2,1994-08,5,4.5,1994-12,OK,"L.attrs contém termo(s) ['forecast_period'] — indica semântica de lead/target, mas isso sozinho não confirma o valor exato de H5 sem uma variável auxiliar de data-alvo. | nenhuma variável auxiliar de data-alvo (('target', 'valid_time', 'target_month', 'forecast_time')) encontrada no dataset aberto — tentando Método B (semântica documentada do eixo forecast_period, Seção 4). | confirmado pela semântica documentada do eixo forecast_period (Método B, Seção 4/6): inicialização confirmada via SCALAR_COORD_ON_VARIABLE (status=OK_SCALAR_COORD), L.standard_name='forecast_period'/units='months', grade [0.5, 1.5, 2.5, 3.5, 4.5, 5.5] mensal confirmada, rota com forecast_period_semantics_documented=True.",CONFIRMED_BY_FORECAST_PERIOD_SEMANTICS,SCALAR_COORD_ON_VARIABLE,1994-08,1994-08,1,OK_SCALAR_COORD,RANGEEDGES,RANGEEDGES_WINDOW_COORDINATE_MATCH,1994-08-01 00:00:00; 1994-09-01 00:00:00,1994-08-01 00:00:00,"esquema=lead1_igual_mes_inicializacao, representação=NMME_HARMONIZED_MONTHLY",Fazendas_Sinobras_Centroide
1994-08,NOAA_NCEP,CFSv2,1994-08,6,5.5,1995-01,OK,"L.attrs contém termo(s) ['forecast_period'] — indica semântica de lead/target, mas isso sozinho não confirma o valor exato de H6 sem uma variável auxiliar de data-alvo. | nenhuma variável auxiliar de data-alvo (('target', 'valid_time', 'target_month', 'forecast_time')) encontrada no dataset aberto — tentando Método B (semântica documentada do eixo forecast_period, Seção 4). | confirmado pela semântica documentada do eixo forecast_period (Método B, Seção 4/6): inicialização confirmada via SCALAR_COORD_ON_VARIABLE (status=OK_SCALAR_COORD), L.standard_name='forecast_period'/units='months', grade [0.5, 1.5, 2.5, 3.5, 4.5, 5.5] mensal confirmada, rota com forecast_period_semantics_documented=True.",CONFIRMED_BY_FORECAST_PERIOD_SEMANTICS,SCALAR_COORD_ON_VARIABLE,1994-08,1994-08,1,OK_SCALAR_COORD,RANGEEDGES,RANGEEDGES_WINDOW_COORDINATE_MATCH,1994-08-01 00:00:00; 1994-09-01 00:00:00,1994-08-01 00:00:00,"esquema=lead1_igual_mes_inicializacao, representação=NMME_HARMONIZED_MONTHLY",Fazendas_Sinobras_Centroide
1994-09,NOAA_NCEP,CFSv2,1994-09,1,0.5,1994-09,OK,"L.attrs contém termo(s) ['forecast_period'] — indica semântica de lead/target, mas isso sozinho não confirma o valor exato de H1 sem uma variável auxiliar de data-alvo. | nenhuma variável auxiliar de data-alvo (('target', 'valid_time', 'target_month', 'forecast_time')) encontrada no dataset aberto — tentando Método B (semântica documentada do eixo forecast_period, Seção 4). | confirmado pela semântica documentada do eixo forecast_period (Método B, Seção 4/6): inicialização confirmada via SCALAR_COORD_ON_VARIABLE (status=OK_SCALAR_COORD), L.standard_name='forecast_period'/units='months', grade [0.5, 1.5, 2.5, 3.5, 4.5, 5.5] mensal confirmada, rota com forecast_period_semantics_documented=True.",CONFIRMED_BY_FORECAST_PERIOD_SEMANTICS,SCALAR_COORD_ON_VARIABLE,1994-09,1994-09,1,OK_SCALAR_COORD,RANGEEDGES,RANGEEDGES_WINDOW_COORDINATE_MATCH,1994-09-01 00:00:00; 1994-10-01 00:00:00,1994-09-01 00:00:00,"esquema=lead1_igual_mes_inicializacao, representação=NMME_HARMONIZED_MONTHLY",Fazendas_Sinobras_Centroide
1994-09,NOAA_NCEP,CFSv2,1994-09,2,1.5,1994-10,OK,"L.attrs contém termo(s) ['forecast_period'] — indica semântica de lead/target, mas isso sozinho não confirma o valor exato de H2 sem uma variável auxiliar de data-alvo. | nenhuma variável auxiliar de data-alvo (('target', 'valid_time', 'target_month', 'forecast_time')) encontrada no dataset aberto — tentando Método B (semântica documentada do eixo forecast_period, Seção 4). | confirmado pela semântica documentada do eixo forecast_period (Método B, Seção 4/6): inicialização confirmada via SCALAR_COORD_ON_VARIABLE (status=OK_SCALAR_COORD), L.standard_name='forecast_period'/units='months', grade [0.5, 1.5, 2.5, 3.5, 4.5, 5.5] mensal confirmada, rota com forecast_period_semantics_documented=True.",CONFIRMED_BY_FORECAST_PERIOD_SEMANTICS,SCALAR_COORD_ON_VARIABLE,1994-09,1994-09,1,OK_SCALAR_COORD,RANGEEDGES,RANGEEDGES_WINDOW_COORDINATE_MATCH,1994-09-01 00:00:00; 1994-10-01 00:00:00,1994-09-01 00:00:00,"esquema=lead1_igual_mes_inicializacao, representação=NMME_HARMONIZED_MONTHLY",Fazendas_Sinobras_Centroide
1994-09,NOAA_NCEP,CFSv2,1994-09,3,2.5,1994-11,OK,"L.attrs contém termo(s) ['forecast_period'] — indica semântica de lead/target, mas isso sozinho não confirma o valor exato de H3 sem uma variável auxiliar de data-alvo. | nenhuma variável auxiliar de data-alvo (('target', 'valid_time', 'target_month', 'forecast_time')) encontrada no dataset aberto — tentando Método B (semântica documentada do eixo forecast_period, Seção 4). | confirmado pela semântica documentada do eixo forecast_period (Método B, Seção 4/6): inicialização confirmada via SCALAR_COORD_ON_VARIABLE (status=OK_SCALAR_COORD), L.standard_name='forecast_period'/units='months', grade [0.5, 1.5, 2.5, 3.5, 4.5, 5.5] mensal confirmada, rota com forecast_period_semantics_documented=True.",CONFIRMED_BY_FORECAST_PERIOD_SEMANTICS,SCALAR_COORD_ON_VARIABLE,1994-09,1994-09,1,OK_SCALAR_COORD,RANGEEDGES,RANGEEDGES_WINDOW_COORDINATE_MATCH,1994-09-01 00:00:00; 1994-10-01 00:00:00,1994-09-01 00:00:00,"esquema=lead1_igual_mes_inicializacao, representação=NMME_HARMONIZED_MONTHLY",Fazendas_Sinobras_Centroide
1994-09,NOAA_NCEP,CFSv2,1994-09,4,3.5,1994-12,OK,"L.attrs contém termo(s) ['forecast_period'] — indica semântica de lead/target, mas isso sozinho não confirma o valor exato de H4 sem uma variável auxiliar de data-alvo. | nenhuma variável auxiliar de data-alvo (('target', 'valid_time', 'target_month', 'forecast_time')) encontrada no dataset aberto — tentando Método B (semântica documentada do eixo forecast_period, Seção 4). | confirmado pela semântica documentada do eixo forecast_period (Método B, Seção 4/6): inicialização confirmada via SCALAR_COORD_ON_VARIABLE (status=OK_SCALAR_COORD), L.standard_name='forecast_period'/units='months', grade [0.5, 1.5, 2.5, 3.5, 4.5, 5.5] mensal confirmada, rota com forecast_period_semantics_documented=True.",CONFIRMED_BY_FORECAST_PERIOD_SEMANTICS,SCALAR_COORD_ON_VARIABLE,1994-09,1994-09,1,OK_SCALAR_COORD,RANGEEDGES,RANGEEDGES_WINDOW_COORDINATE_MATCH,1994-09-01 00:00:00; 1994-10-01 00:00:00,1994-09-01 00:00:00,"esquema=lead1_igual_mes_inicializacao, representação=NMME_HARMONIZED_MONTHLY",Fazendas_Sinobras_Centroide
1994-09,NOAA_NCEP,CFSv2,1994-09,5,4.5,1995-01,OK,"L.attrs contém termo(s) ['forecast_period'] — indica semântica de lead/target, mas isso sozinho não confirma o valor exato de H5 sem uma variável auxiliar de data-alvo. | nenhuma variável auxiliar de data-alvo (('target', 'valid_time', 'target_month', 'forecast_time')) encontrada no dataset aberto — tentando Método B (semântica documentada do eixo forecast_period, Seção 4). | confirmado pela semântica documentada do eixo forecast_period (Método B, Seção 4/6): inicialização confirmada via SCALAR_COORD_ON_VARIABLE (status=OK_SCALAR_COORD), L.standard_name='forecast_period'/units='months', grade [0.5, 1.5, 2.5, 3.5, 4.5, 5.5] mensal confirmada, rota com forecast_period_semantics_documented=True.",CONFIRMED_BY_FORECAST_PERIOD_SEMANTICS,SCALAR_COORD_ON_VARIABLE,1994-09,1994-09,1,OK_SCALAR_COORD,RANGEEDGES,RANGEEDGES_WINDOW_COORDINATE_MATCH,1994-09-01 00:00:00; 1994-10-01 00:00:00,1994-09-01 00:00:00,"esquema=lead1_igual_mes_inicializacao, representação=NMME_HARMONIZED_MONTHLY",Fazendas_Sinobras_Centroide
1994-09,NOAA_NCEP,CFSv2,1994-09,6,5.5,1995-02,OK,"L.attrs contém termo(s) ['forecast_period'] — indica semântica de lead/target, mas isso sozinho não confirma o valor exato de H6 sem uma variável auxiliar de data-alvo. | nenhuma variável auxiliar de data-alvo (('target', 'valid_time', 'target_month', 'forecast_time')) encontrada no dataset aberto — tentando Método B (semântica documentada do eixo forecast_period, Seção 4). | confirmado pela semântica documentada do eixo forecast_period (Método B, Seção 4/6): inicialização confirmada via SCALAR_COORD_ON_VARIABLE (status=OK_SCALAR_COORD), L.standard_name='forecast_period'/units='months', grade [0.5, 1.5, 2.5, 3.5, 4.5, 5.5] mensal confirmada, rota com forecast_period_semantics_documented=True.",CONFIRMED_BY_FORECAST_PERIOD_SEMANTICS,SCALAR_COORD_ON_VARIABLE,1994-09,1994-09,1,OK_SCALAR_COORD,RANGEEDGES,RANGEEDGES_WINDOW_COORDINATE_MATCH,1994-09-01 00:00:00; 1994-10-01 00:00:00,1994-09-01 00:00:00,"esquema=lead1_igual_mes_inicializacao, representação=NMME_HARMONIZED_MONTHLY",Fazendas_Sinobras_Centroide
1994-10,NOAA_NCEP,CFSv2,1994-10,1,0.5,1994-10,OK,"L.attrs contém termo(s) ['forecast_period'] — indica semântica de lead/target, mas isso sozinho não confirma o valor exato de H1 sem uma variável auxiliar de data-alvo. | nenhuma variável auxiliar de data-alvo (('target', 'valid_time', 'target_month', 'forecast_time')) encontrada no dataset aberto — tentando Método B (semântica documentada do eixo forecast_period, Seção 4). | confirmado pela semântica documentada do eixo forecast_period (Método B, Seção 4/6): inicialização confirmada via SCALAR_COORD_ON_VARIABLE (status=OK_SCALAR_COORD), L.standard_name='forecast_period'/units='months', grade [0.5, 1.5, 2.5, 3.5, 4.5, 5.5] mensal confirmada, rota com forecast_period_semantics_documented=True.",CONFIRMED_BY_FORECAST_PERIOD_SEMANTICS,SCALAR_COORD_ON_VARIABLE,1994-10,1994-10,1,OK_SCALAR_COORD,RANGEEDGES,RANGEEDGES_WINDOW_COORDINATE_MATCH,1994-10-01 00:00:00; 1994-11-01 00:00:00,1994-10-01 00:00:00,"esquema=lead1_igual_mes_inicializacao, representação=NMME_HARMONIZED_MONTHLY",Fazendas_Sinobras_Centroide
1994-10,NOAA_NCEP,CFSv2,1994-10,2,1.5,1994-11,OK,"L.attrs contém termo(s) ['forecast_period'] — indica semântica de lead/target, mas isso sozinho não confirma o valor exato de H2 sem uma variável auxiliar de data-alvo. | nenhuma variável auxiliar de data-alvo (('target', 'valid_time', 'target_month', 'forecast_time')) encontrada no dataset aberto — tentando Método B (semântica documentada do eixo forecast_period, Seção 4). | confirmado pela semântica documentada do eixo forecast_period (Método B, Seção 4/6): inicialização confirmada via SCALAR_COORD_ON_VARIABLE (status=OK_SCALAR_COORD), L.standard_name='forecast_period'/units='months', grade [0.5, 1.5, 2.5, 3.5, 4.5, 5.5] mensal confirmada, rota com forecast_period_semantics_documented=True.",CONFIRMED_BY_FORECAST_PERIOD_SEMANTICS,SCALAR_COORD_ON_VARIABLE,1994-10,1994-10,1,OK_SCALAR_COORD,RANGEEDGES,RANGEEDGES_WINDOW_COORDINATE_MATCH,1994-10-01 00:00:00; 1994-11-01 00:00:00,1994-10-01 00:00:00,"esquema=lead1_igual_mes_inicializacao, representação=NMME_HARMONIZED_MONTHLY",Fazendas_Sinobras_Centroide
1994-10,NOAA_NCEP,CFSv2,1994-10,3,2.5,1994-12,OK,"L.attrs contém termo(s) ['forecast_period'] — indica semântica de lead/target, mas isso sozinho não confirma o valor exato de H3 sem uma variável auxiliar de data-alvo. | nenhuma variável auxiliar de data-alvo (('target', 'valid_time', 'target_month', 'forecast_time')) encontrada no dataset aberto — tentando Método B (semântica documentada do eixo forecast_period, Seção 4). | confirmado pela semântica documentada do eixo forecast_period (Método B, Seção 4/6): inicialização confirmada via SCALAR_COORD_ON_VARIABLE (status=OK_SCALAR_COORD), L.standard_name='forecast_period'/units='months', grade [0.5, 1.5, 2.5, 3.5, 4.5, 5.5] mensal confirmada, rota com forecast_period_semantics_documented=True.",CONFIRMED_BY_FORECAST_PERIOD_SEMANTICS,SCALAR_COORD_ON_VARIABLE,1994-10,1994-10,1,OK_SCALAR_COORD,RANGEEDGES,RANGEEDGES_WINDOW_COORDINATE_MATCH,1994-10-01 00:00:00; 1994-11-01 00:00:00,1994-10-01 00:00:00,"esquema=lead1_igual_mes_inicializacao, representação=NMME_HARMONIZED_MONTHLY",Fazendas_Sinobras_Centroide
1994-10,NOAA_NCEP,CFSv2,1994-10,4,3.5,1995-01,OK,"L.attrs contém termo(s) ['forecast_period'] — indica semântica de lead/target, mas isso sozinho não confirma o valor exato de H4 sem uma variável auxiliar de data-alvo. | nenhuma variável auxiliar de data-alvo (('target', 'valid_time', 'target_month', 'forecast_time')) encontrada no dataset aberto — tentando Método B (semântica documentada do eixo forecast_period, Seção 4). | confirmado pela semântica documentada do eixo forecast_period (Método B, Seção 4/6): inicialização confirmada via SCALAR_COORD_ON_VARIABLE (status=OK_SCALAR_COORD), L.standard_name='forecast_period'/units='months', grade [0.5, 1.5, 2.5, 3.5, 4.5, 5.5] mensal confirmada, rota com forecast_period_semantics_documented=True.",CONFIRMED_BY_FORECAST_PERIOD_SEMANTICS,SCALAR_COORD_ON_VARIABLE,1994-10,1994-10,1,OK_SCALAR_COORD,RANGEEDGES,RANGEEDGES_WINDOW_COORDINATE_MATCH,1994-10-01 00:00:00; 1994-11-01 00:00:00,1994-10-01 00:00:00,"esquema=lead1_igual_mes_inicializacao, representação=NMME_HARMONIZED_MONTHLY",Fazendas_Sinobras_Centroide
1994-10,NOAA_NCEP,CFSv2,1994-10,5,4.5,1995-02,OK,"L.attrs contém termo(s) ['forecast_period'] — indica semântica de lead/target, mas isso sozinho não confirma o valor exato de H5 sem uma variável auxiliar de data-alvo. | nenhuma variável auxiliar de data-alvo (('target', 'valid_time', 'target_month', 'forecast_time')) encontrada no dataset aberto — tentando Método B (semântica documentada do eixo forecast_period, Seção 4). | confirmado pela semântica documentada do eixo forecast_period (Método B, Seção 4/6): inicialização confirmada via SCALAR_COORD_ON_VARIABLE (status=OK_SCALAR_COORD), L.standard_name='forecast_period'/units='months', grade [0.5, 1.5, 2.5, 3.5, 4.5, 5.5] mensal confirmada, rota com forecast_period_semantics_documented=True.",CONFIRMED_BY_FORECAST_PERIOD_SEMANTICS,SCALAR_COORD_ON_VARIABLE,1994-10,1994-10,1,OK_SCALAR_COORD,RANGEEDGES,RANGEEDGES_WINDOW_COORDINATE_MATCH,1994-10-01 00:00:00; 1994-11-01 00:00:00,1994-10-01 00:00:00,"esquema=lead1_igual_mes_inicializacao, representação=NMME_HARMONIZED_MONTHLY",Fazendas_Sinobras_Centroide
1994-10,NOAA_NCEP,CFSv2,1994-10,6,5.5,1995-03,OK,"L.attrs contém termo(s) ['forecast_period'] — indica semântica de lead/target, mas isso sozinho não confirma o valor exato de H6 sem uma variável auxiliar de data-alvo. | nenhuma variável auxiliar de data-alvo (('target', 'valid_time', 'target_month', 'forecast_time')) encontrada no dataset aberto — tentando Método B (semântica documentada do eixo forecast_period, Seção 4). | confirmado pela semântica documentada do eixo forecast_period (Método B, Seção 4/6): inicialização confirmada via SCALAR_COORD_ON_VARIABLE (status=OK_SCALAR_COORD), L.standard_name='forecast_period'/units='months', grade [0.5, 1.5, 2.5, 3.5, 4.5, 5.5] mensal confirmada, rota com forecast_period_semantics_documented=True.",CONFIRMED_BY_FORECAST_PERIOD_SEMANTICS,SCALAR_COORD_ON_VARIABLE,1994-10,1994-10,1,OK_SCALAR_COORD,RANGEEDGES,RANGEEDGES_WINDOW_COORDINATE_MATCH,1994-10-01 00:00:00; 1994-11-01 00:00:00,1994-10-01 00:00:00,"esquema=lead1_igual_mes_inicializacao, representação=NMME_HARMONIZED_MONTHLY",Fazendas_Sinobras_Centroide
1994-11,NOAA_NCEP,CFSv2,1994-11,1,0.5,1994-11,OK,"L.attrs contém termo(s) ['forecast_period'] — indica semântica de lead/target, mas isso sozinho não confirma o valor exato de H1 sem uma variável auxiliar de data-alvo. | nenhuma variável auxiliar de data-alvo (('target', 'valid_time', 'target_month', 'forecast_time')) encontrada no dataset aberto — tentando Método B (semântica documentada do eixo forecast_period, Seção 4). | confirmado pela semântica documentada do eixo forecast_period (Método B, Seção 4/6): inicialização confirmada via SCALAR_COORD_ON_VARIABLE (status=OK_SCALAR_COORD), L.standard_name='forecast_period'/units='months', grade [0.5, 1.5, 2.5, 3.5, 4.5, 5.5] mensal confirmada, rota com forecast_period_semantics_documented=True.",CONFIRMED_BY_FORECAST_PERIOD_SEMANTICS,SCALAR_COORD_ON_VARIABLE,1994-11,1994-11,1,OK_SCALAR_COORD,RANGEEDGES,RANGEEDGES_WINDOW_COORDINATE_MATCH,1994-11-01 00:00:00; 1994-12-01 00:00:00,1994-11-01 00:00:00,"esquema=lead1_igual_mes_inicializacao, representação=NMME_HARMONIZED_MONTHLY",Fazendas_Sinobras_Centroide
1994-11,NOAA_NCEP,CFSv2,1994-11,2,1.5,1994-12,OK,"L.attrs contém termo(s) ['forecast_period'] — indica semântica de lead/target, mas isso sozinho não confirma o valor exato de H2 sem uma variável auxiliar de data-alvo. | nenhuma variável auxiliar de data-alvo (('target', 'valid_time', 'target_month', 'forecast_time')) encontrada no dataset aberto — tentando Método B (semântica documentada do eixo forecast_period, Seção 4). | confirmado pela semântica documentada do eixo forecast_period (Método B, Seção 4/6): inicialização confirmada via SCALAR_COORD_ON_VARIABLE (status=OK_SCALAR_COORD), L.standard_name='forecast_period'/units='months', grade [0.5, 1.5, 2.5, 3.5, 4.5, 5.5] mensal confirmada, rota com forecast_period_semantics_documented=True.",CONFIRMED_BY_FORECAST_PERIOD_SEMANTICS,SCALAR_COORD_ON_VARIABLE,1994-11,1994-11,1,OK_SCALAR_COORD,RANGEEDGES,RANGEEDGES_WINDOW_COORDINATE_MATCH,1994-11-01 00:00:00; 1994-12-01 00:00:00,1994-11-01 00:00:00,"esquema=lead1_igual_mes_inicializacao, representação=NMME_HARMONIZED_MONTHLY",Fazendas_Sinobras_Centroide
1994-11,NOAA_NCEP,CFSv2,1994-11,3,2.5,1995-01,OK,"L.attrs contém termo(s) ['forecast_period'] — indica semântica de lead/target, mas isso sozinho não confirma o valor exato de H3 sem uma variável auxiliar de data-alvo. | nenhuma variável auxiliar de data-alvo (('target', 'valid_time', 'target_month', 'forecast_time')) encontrada no dataset aberto — tentando Método B (semântica documentada do eixo forecast_period, Seção 4). | confirmado pela semântica documentada do eixo forecast_period (Método B, Seção 4/6): inicialização confirmada via SCALAR_COORD_ON_VARIABLE (status=OK_SCALAR_COORD), L.standard_name='forecast_period'/units='months', grade [0.5, 1.5, 2.5, 3.5, 4.5, 5.5] mensal confirmada, rota com forecast_period_semantics_documented=True.",CONFIRMED_BY_FORECAST_PERIOD_SEMANTICS,SCALAR_COORD_ON_VARIABLE,1994-11,1994-11,1,OK_SCALAR_COORD,RANGEEDGES,RANGEEDGES_WINDOW_COORDINATE_MATCH,1994-11-01 00:00:00; 1994-12-01 00:00:00,1994-11-01 00:00:00,"esquema=lead1_igual_mes_inicializacao, representação=NMME_HARMONIZED_MONTHLY",Fazendas_Sinobras_Centroide
1994-11,NOAA_NCEP,CFSv2,1994-11,4,3.5,1995-02,OK,"L.attrs contém termo(s) ['forecast_period'] — indica semântica de lead/target, mas isso sozinho não confirma o valor exato de H4 sem uma variável auxiliar de data-alvo. | nenhuma variável auxiliar de data-alvo (('target', 'valid_time', 'target_month', 'forecast_time')) encontrada no dataset aberto — tentando Método B (semântica documentada do eixo forecast_period, Seção 4). | confirmado pela semântica documentada do eixo forecast_period (Método B, Seção 4/6): inicialização confirmada via SCALAR_COORD_ON_VARIABLE (status=OK_SCALAR_COORD), L.standard_name='forecast_period'/units='months', grade [0.5, 1.5, 2.5, 3.5, 4.5, 5.5] mensal confirmada, rota com forecast_period_semantics_documented=True.",CONFIRMED_BY_FORECAST_PERIOD_SEMANTICS,SCALAR_COORD_ON_VARIABLE,1994-11,1994-11,1,OK_SCALAR_COORD,RANGEEDGES,RANGEEDGES_WINDOW_COORDINATE_MATCH,1994-11-01 00:00:00; 1994-12-01 00:00:00,1994-11-01 00:00:00,"esquema=lead1_igual_mes_inicializacao, representação=NMME_HARMONIZED_MONTHLY",Fazendas_Sinobras_Centroide
1994-11,NOAA_NCEP,CFSv2,1994-11,5,4.5,1995-03,OK,"L.attrs contém termo(s) ['forecast_period'] — indica semântica de lead/target, mas isso sozinho não confirma o valor exato de H5 sem uma variável auxiliar de data-alvo. | nenhuma variável auxiliar de data-alvo (('target', 'valid_time', 'target_month', 'forecast_time')) encontrada no dataset aberto — tentando Método B (semântica documentada do eixo forecast_period, Seção 4). | confirmado pela semântica documentada do eixo forecast_period (Método B, Seção 4/6): inicialização confirmada via SCALAR_COORD_ON_VARIABLE (status=OK_SCALAR_COORD), L.standard_name='forecast_period'/units='months', grade [0.5, 1.5, 2.5, 3.5, 4.5, 5.5] mensal confirmada, rota com forecast_period_semantics_documented=True.",CONFIRMED_BY_FORECAST_PERIOD_SEMANTICS,SCALAR_COORD_ON_VARIABLE,1994-11,1994-11,1,OK_SCALAR_COORD,RANGEEDGES,RANGEEDGES_WINDOW_COORDINATE_MATCH,1994-11-01 00:00:00; 1994-12-01 00:00:00,1994-11-01 00:00:00,"esquema=lead1_igual_mes_inicializacao, representação=NMME_HARMONIZED_MONTHLY",Fazendas_Sinobras_Centroide
1994-11,NOAA_NCEP,CFSv2,1994-11,6,5.5,1995-04,OK,"L.attrs contém termo(s) ['forecast_period'] — indica semântica de lead/target, mas isso sozinho não confirma o valor exato de H6 sem uma variável auxiliar de data-alvo. | nenhuma variável auxiliar de data-alvo (('target', 'valid_time', 'target_month', 'forecast_time')) encontrada no dataset aberto — tentando Método B (semântica documentada do eixo forecast_period, Seção 4). | confirmado pela semântica documentada do eixo forecast_period (Método B, Seção 4/6): inicialização confirmada via SCALAR_COORD_ON_VARIABLE (status=OK_SCALAR_COORD), L.standard_name='forecast_period'/units='months', grade [0.5, 1.5, 2.5, 3.5, 4.5, 5.5] mensal confirmada, rota com forecast_period_semantics_documented=True.",CONFIRMED_BY_FORECAST_PERIOD_SEMANTICS,SCALAR_COORD_ON_VARIABLE,1994-11,1994-11,1,OK_SCALAR_COORD,RANGEEDGES,RANGEEDGES_WINDOW_COORDINATE_MATCH,1994-11-01 00:00:00; 1994-12-01 00:00:00,1994-11-01 00:00:00,"esquema=lead1_igual_mes_inicializacao, representação=NMME_HARMONIZED_MONTHLY",Fazendas_Sinobras_Centroide
1994-12,NOAA_NCEP,CFSv2,1994-12,1,0.5,1994-12,OK,"L.attrs contém termo(s) ['forecast_period'] — indica semântica de lead/target, mas isso sozinho não confirma o valor exato de H1 sem uma variável auxiliar de data-alvo. | nenhuma variável auxiliar de data-alvo (('target', 'valid_time', 'target_month', 'forecast_time')) encontrada no dataset aberto — tentando Método B (semântica documentada do eixo forecast_period, Seção 4). | confirmado pela semântica documentada do eixo forecast_period (Método B, Seção 4/6): inicialização confirmada via SCALAR_COORD_ON_VARIABLE (status=OK_SCALAR_COORD), L.standard_name='forecast_period'/units='months', grade [0.5, 1.5, 2.5, 3.5, 4.5, 5.5] mensal confirmada, rota com forecast_period_semantics_documented=True.",CONFIRMED_BY_FORECAST_PERIOD_SEMANTICS,SCALAR_COORD_ON_VARIABLE,1994-12,1994-12,1,OK_SCALAR_COORD,RANGEEDGES,RANGEEDGES_WINDOW_COORDINATE_MATCH,1994-12-01 00:00:00; 1995-01-01 00:00:00,1994-12-01 00:00:00,"esquema=lead1_igual_mes_inicializacao, representação=NMME_HARMONIZED_MONTHLY",Fazendas_Sinobras_Centroide
1994-12,NOAA_NCEP,CFSv2,1994-12,2,1.5,1995-01,OK,"L.attrs contém termo(s) ['forecast_period'] — indica semântica de lead/target, mas isso sozinho não confirma o valor exato de H2 sem uma variável auxiliar de data-alvo. | nenhuma variável auxiliar de data-alvo (('target', 'valid_time', 'target_month', 'forecast_time')) encontrada no dataset aberto — tentando Método B (semântica documentada do eixo forecast_period, Seção 4). | confirmado pela semântica documentada do eixo forecast_period (Método B, Seção 4/6): inicialização confirmada via SCALAR_COORD_ON_VARIABLE (status=OK_SCALAR_COORD), L.standard_name='forecast_period'/units='months', grade [0.5, 1.5, 2.5, 3.5, 4.5, 5.5] mensal confirmada, rota com forecast_period_semantics_documented=True.",CONFIRMED_BY_FORECAST_PERIOD_SEMANTICS,SCALAR_COORD_ON_VARIABLE,1994-12,1994-12,1,OK_SCALAR_COORD,RANGEEDGES,RANGEEDGES_WINDOW_COORDINATE_MATCH,1994-12-01 00:00:00; 1995-01-01 00:00:00,1994-12-01 00:00:00,"esquema=lead1_igual_mes_inicializacao, representação=NMME_HARMONIZED_MONTHLY",Fazendas_Sinobras_Centroide
1994-12,NOAA_NCEP,CFSv2,1994-12,3,2.5,1995-02,OK,"L.attrs contém termo(s) ['forecast_period'] — indica semântica de lead/target, mas isso sozinho não confirma o valor exato de H3 sem uma variável auxiliar de data-alvo. | nenhuma variável auxiliar de data-alvo (('target', 'valid_time', 'target_month', 'forecast_time')) encontrada no dataset aberto — tentando Método B (semântica documentada do eixo forecast_period, Seção 4). | confirmado pela semântica documentada do eixo forecast_period (Método B, Seção 4/6): inicialização confirmada via SCALAR_COORD_ON_VARIABLE (status=OK_SCALAR_COORD), L.standard_name='forecast_period'/units='months', grade [0.5, 1.5, 2.5, 3.5, 4.5, 5.5] mensal confirmada, rota com forecast_period_semantics_documented=True.",CONFIRMED_BY_FORECAST_PERIOD_SEMANTICS,SCALAR_COORD_ON_VARIABLE,1994-12,1994-12,1,OK_SCALAR_COORD,RANGEEDGES,RANGEEDGES_WINDOW_COORDINATE_MATCH,1994-12-01 00:00:00; 1995-01-01 00:00:00,1994-12-01 00:00:00,"esquema=lead1_igual_mes_inicializacao, representação=NMME_HARMONIZED_MONTHLY",Fazendas_Sinobras_Centroide
1994-12,NOAA_NCEP,CFSv2,1994-12,4,3.5,1995-03,OK,"L.attrs contém termo(s) ['forecast_period'] — indica semântica de lead/target, mas isso sozinho não confirma o valor exato de H4 sem uma variável auxiliar de data-alvo. | nenhuma variável auxiliar de data-alvo (('target', 'valid_time', 'target_month', 'forecast_time')) encontrada no dataset aberto — tentando Método B (semântica documentada do eixo forecast_period, Seção 4). | confirmado pela semântica documentada do eixo forecast_period (Método B, Seção 4/6): inicialização confirmada via SCALAR_COORD_ON_VARIABLE (status=OK_SCALAR_COORD), L.standard_name='forecast_period'/units='months', grade [0.5, 1.5, 2.5, 3.5, 4.5, 5.5] mensal confirmada, rota com forecast_period_semantics_documented=True.",CONFIRMED_BY_FORECAST_PERIOD_SEMANTICS,SCALAR_COORD_ON_VARIABLE,1994-12,1994-12,1,OK_SCALAR_COORD,RANGEEDGES,RANGEEDGES_WINDOW_COORDINATE_MATCH,1994-12-01 00:00:00; 1995-01-01 00:00:00,1994-12-01 00:00:00,"esquema=lead1_igual_mes_inicializacao, representação=NMME_HARMONIZED_MONTHLY",Fazendas_Sinobras_Centroide
1994-12,NOAA_NCEP,CFSv2,1994-12,5,4.5,1995-04,OK,"L.attrs contém termo(s) ['forecast_period'] — indica semântica de lead/target, mas isso sozinho não confirma o valor exato de H5 sem uma variável auxiliar de data-alvo. | nenhuma variável auxiliar de data-alvo (('target', 'valid_time', 'target_month', 'forecast_time')) encontrada no dataset aberto — tentando Método B (semântica documentada do eixo forecast_period, Seção 4). | confirmado pela semântica documentada do eixo forecast_period (Método B, Seção 4/6): inicialização confirmada via SCALAR_COORD_ON_VARIABLE (status=OK_SCALAR_COORD), L.standard_name='forecast_period'/units='months', grade [0.5, 1.5, 2.5, 3.5, 4.5, 5.5] mensal confirmada, rota com forecast_period_semantics_documented=True.",CONFIRMED_BY_FORECAST_PERIOD_SEMANTICS,SCALAR_COORD_ON_VARIABLE,1994-12,1994-12,1,OK_SCALAR_COORD,RANGEEDGES,RANGEEDGES_WINDOW_COORDINATE_MATCH,1994-12-01 00:00:00; 1995-01-01 00:00:00,1994-12-01 00:00:00,"esquema=lead1_igual_mes_inicializacao, representação=NMME_HARMONIZED_MONTHLY",Fazendas_Sinobras_Centroide
1994-12,NOAA_NCEP,CFSv2,1994-12,6,5.5,1995-05,OK,"L.attrs contém termo(s) ['forecast_period'] — indica semântica de lead/target, mas isso sozinho não confirma o valor exato de H6 sem uma variável auxiliar de data-alvo. | nenhuma variável auxiliar de data-alvo (('target', 'valid_time', 'target_month', 'forecast_time')) encontrada no dataset aberto — tentando Método B (semântica documentada do eixo forecast_period, Seção 4). | confirmado pela semântica documentada do eixo forecast_period (Método B, Seção 4/6): inicialização confirmada via SCALAR_COORD_ON_VARIABLE (status=OK_SCALAR_COORD), L.standard_name='forecast_period'/units='months', grade [0.5, 1.5, 2.5, 3.5, 4.5, 5.5] mensal confirmada, rota com forecast_period_semantics_documented=True.",CONFIRMED_BY_FORECAST_PERIOD_SEMANTICS,SCALAR_COORD_ON_VARIABLE,1994-12,1994-12,1,OK_SCALAR_COORD,RANGEEDGES,RANGEEDGES_WINDOW_COORDINATE_MATCH,1994-12-01 00:00:00; 1995-01-01 00:00:00,1994-12-01 00:00:00,"esquema=lead1_igual_mes_inicializacao, representação=NMME_HARMONIZED_MONTHLY",Fazendas_Sinobras_Centroide
