origem_piloto,centre,model_name,init_date,H_lead,source_L,target_month,mapping_status,evidence,mapping_confirmation_method,init_selection_method,init_value_requested,init_value_observed_on_variable,init_axis_size_observed_on_variable,init_selection_status,inicializacao_fonte_principal,inicializacao_selecao_metodo,inicializacao_selecao_valores_antes,inicializacao_selecao_valores_depois,notes,localizacao
2007-01,NOAA_NCEP,CFSv2,2007-01,1,0.5,2007-01,OK,"L.attrs contém termo(s) ['forecast_period'] — indica semântica de lead/target, mas isso sozinho não confirma o valor exato de H1 sem uma variável auxiliar de data-alvo. | nenhuma variável auxiliar de data-alvo (('target', 'valid_time', 'target_month', 'forecast_time')) encontrada no dataset aberto — tentando Método B (semântica documentada do eixo forecast_period, Seção 4). | confirmado pela semântica documentada do eixo forecast_period (Método B, Seção 4/6): inicialização confirmada via SCALAR_COORD_ON_VARIABLE (status=OK_SCALAR_COORD), L.standard_name='forecast_period'/units='months', grade [0.5, 1.5, 2.5, 3.5, 4.5, 5.5] mensal confirmada, rota com forecast_period_semantics_documented=True.",CONFIRMED_BY_FORECAST_PERIOD_SEMANTICS,SCALAR_COORD_ON_VARIABLE,2007-01,2007-01,1,OK_SCALAR_COORD,RANGEEDGES,RANGEEDGES_WINDOW_COORDINATE_MATCH,2007-01-01 00:00:00; 2007-02-01 00:00:00,2007-01-01 00:00:00,"esquema=lead1_igual_mes_inicializacao, representação=NMME_HARMONIZED_MONTHLY",Fazendas_Sinobras_Centroide
2007-01,NOAA_NCEP,CFSv2,2007-01,2,1.5,2007-02,OK,"L.attrs contém termo(s) ['forecast_period'] — indica semântica de lead/target, mas isso sozinho não confirma o valor exato de H2 sem uma variável auxiliar de data-alvo. | nenhuma variável auxiliar de data-alvo (('target', 'valid_time', 'target_month', 'forecast_time')) encontrada no dataset aberto — tentando Método B (semântica documentada do eixo forecast_period, Seção 4). | confirmado pela semântica documentada do eixo forecast_period (Método B, Seção 4/6): inicialização confirmada via SCALAR_COORD_ON_VARIABLE (status=OK_SCALAR_COORD), L.standard_name='forecast_period'/units='months', grade [0.5, 1.5, 2.5, 3.5, 4.5, 5.5] mensal confirmada, rota com forecast_period_semantics_documented=True.",CONFIRMED_BY_FORECAST_PERIOD_SEMANTICS,SCALAR_COORD_ON_VARIABLE,2007-01,2007-01,1,OK_SCALAR_COORD,RANGEEDGES,RANGEEDGES_WINDOW_COORDINATE_MATCH,2007-01-01 00:00:00; 2007-02-01 00:00:00,2007-01-01 00:00:00,"esquema=lead1_igual_mes_inicializacao, representação=NMME_HARMONIZED_MONTHLY",Fazendas_Sinobras_Centroide
2007-01,NOAA_NCEP,CFSv2,2007-01,3,2.5,2007-03,OK,"L.attrs contém termo(s) ['forecast_period'] — indica semântica de lead/target, mas isso sozinho não confirma o valor exato de H3 sem uma variável auxiliar de data-alvo. | nenhuma variável auxiliar de data-alvo (('target', 'valid_time', 'target_month', 'forecast_time')) encontrada no dataset aberto — tentando Método B (semântica documentada do eixo forecast_period, Seção 4). | confirmado pela semântica documentada do eixo forecast_period (Método B, Seção 4/6): inicialização confirmada via SCALAR_COORD_ON_VARIABLE (status=OK_SCALAR_COORD), L.standard_name='forecast_period'/units='months', grade [0.5, 1.5, 2.5, 3.5, 4.5, 5.5] mensal confirmada, rota com forecast_period_semantics_documented=True.",CONFIRMED_BY_FORECAST_PERIOD_SEMANTICS,SCALAR_COORD_ON_VARIABLE,2007-01,2007-01,1,OK_SCALAR_COORD,RANGEEDGES,RANGEEDGES_WINDOW_COORDINATE_MATCH,2007-01-01 00:00:00; 2007-02-01 00:00:00,2007-01-01 00:00:00,"esquema=lead1_igual_mes_inicializacao, representação=NMME_HARMONIZED_MONTHLY",Fazendas_Sinobras_Centroide
2007-01,NOAA_NCEP,CFSv2,2007-01,4,3.5,2007-04,OK,"L.attrs contém termo(s) ['forecast_period'] — indica semântica de lead/target, mas isso sozinho não confirma o valor exato de H4 sem uma variável auxiliar de data-alvo. | nenhuma variável auxiliar de data-alvo (('target', 'valid_time', 'target_month', 'forecast_time')) encontrada no dataset aberto — tentando Método B (semântica documentada do eixo forecast_period, Seção 4). | confirmado pela semântica documentada do eixo forecast_period (Método B, Seção 4/6): inicialização confirmada via SCALAR_COORD_ON_VARIABLE (status=OK_SCALAR_COORD), L.standard_name='forecast_period'/units='months', grade [0.5, 1.5, 2.5, 3.5, 4.5, 5.5] mensal confirmada, rota com forecast_period_semantics_documented=True.",CONFIRMED_BY_FORECAST_PERIOD_SEMANTICS,SCALAR_COORD_ON_VARIABLE,2007-01,2007-01,1,OK_SCALAR_COORD,RANGEEDGES,RANGEEDGES_WINDOW_COORDINATE_MATCH,2007-01-01 00:00:00; 2007-02-01 00:00:00,2007-01-01 00:00:00,"esquema=lead1_igual_mes_inicializacao, representação=NMME_HARMONIZED_MONTHLY",Fazendas_Sinobras_Centroide
2007-01,NOAA_NCEP,CFSv2,2007-01,5,4.5,2007-05,OK,"L.attrs contém termo(s) ['forecast_period'] — indica semântica de lead/target, mas isso sozinho não confirma o valor exato de H5 sem uma variável auxiliar de data-alvo. | nenhuma variável auxiliar de data-alvo (('target', 'valid_time', 'target_month', 'forecast_time')) encontrada no dataset aberto — tentando Método B (semântica documentada do eixo forecast_period, Seção 4). | confirmado pela semântica documentada do eixo forecast_period (Método B, Seção 4/6): inicialização confirmada via SCALAR_COORD_ON_VARIABLE (status=OK_SCALAR_COORD), L.standard_name='forecast_period'/units='months', grade [0.5, 1.5, 2.5, 3.5, 4.5, 5.5] mensal confirmada, rota com forecast_period_semantics_documented=True.",CONFIRMED_BY_FORECAST_PERIOD_SEMANTICS,SCALAR_COORD_ON_VARIABLE,2007-01,2007-01,1,OK_SCALAR_COORD,RANGEEDGES,RANGEEDGES_WINDOW_COORDINATE_MATCH,2007-01-01 00:00:00; 2007-02-01 00:00:00,2007-01-01 00:00:00,"esquema=lead1_igual_mes_inicializacao, representação=NMME_HARMONIZED_MONTHLY",Fazendas_Sinobras_Centroide
2007-01,NOAA_NCEP,CFSv2,2007-01,6,5.5,2007-06,OK,"L.attrs contém termo(s) ['forecast_period'] — indica semântica de lead/target, mas isso sozinho não confirma o valor exato de H6 sem uma variável auxiliar de data-alvo. | nenhuma variável auxiliar de data-alvo (('target', 'valid_time', 'target_month', 'forecast_time')) encontrada no dataset aberto — tentando Método B (semântica documentada do eixo forecast_period, Seção 4). | confirmado pela semântica documentada do eixo forecast_period (Método B, Seção 4/6): inicialização confirmada via SCALAR_COORD_ON_VARIABLE (status=OK_SCALAR_COORD), L.standard_name='forecast_period'/units='months', grade [0.5, 1.5, 2.5, 3.5, 4.5, 5.5] mensal confirmada, rota com forecast_period_semantics_documented=True.",CONFIRMED_BY_FORECAST_PERIOD_SEMANTICS,SCALAR_COORD_ON_VARIABLE,2007-01,2007-01,1,OK_SCALAR_COORD,RANGEEDGES,RANGEEDGES_WINDOW_COORDINATE_MATCH,2007-01-01 00:00:00; 2007-02-01 00:00:00,2007-01-01 00:00:00,"esquema=lead1_igual_mes_inicializacao, representação=NMME_HARMONIZED_MONTHLY",Fazendas_Sinobras_Centroide
2007-02,NOAA_NCEP,CFSv2,2007-02,1,0.5,2007-02,OK,"L.attrs contém termo(s) ['forecast_period'] — indica semântica de lead/target, mas isso sozinho não confirma o valor exato de H1 sem uma variável auxiliar de data-alvo. | nenhuma variável auxiliar de data-alvo (('target', 'valid_time', 'target_month', 'forecast_time')) encontrada no dataset aberto — tentando Método B (semântica documentada do eixo forecast_period, Seção 4). | confirmado pela semântica documentada do eixo forecast_period (Método B, Seção 4/6): inicialização confirmada via SCALAR_COORD_ON_VARIABLE (status=OK_SCALAR_COORD), L.standard_name='forecast_period'/units='months', grade [0.5, 1.5, 2.5, 3.5, 4.5, 5.5] mensal confirmada, rota com forecast_period_semantics_documented=True.",CONFIRMED_BY_FORECAST_PERIOD_SEMANTICS,SCALAR_COORD_ON_VARIABLE,2007-02,2007-02,1,OK_SCALAR_COORD,RANGEEDGES,RANGEEDGES_WINDOW_COORDINATE_MATCH,2007-02-01 00:00:00; 2007-03-01 00:00:00,2007-02-01 00:00:00,"esquema=lead1_igual_mes_inicializacao, representação=NMME_HARMONIZED_MONTHLY",Fazendas_Sinobras_Centroide
2007-02,NOAA_NCEP,CFSv2,2007-02,2,1.5,2007-03,OK,"L.attrs contém termo(s) ['forecast_period'] — indica semântica de lead/target, mas isso sozinho não confirma o valor exato de H2 sem uma variável auxiliar de data-alvo. | nenhuma variável auxiliar de data-alvo (('target', 'valid_time', 'target_month', 'forecast_time')) encontrada no dataset aberto — tentando Método B (semântica documentada do eixo forecast_period, Seção 4). | confirmado pela semântica documentada do eixo forecast_period (Método B, Seção 4/6): inicialização confirmada via SCALAR_COORD_ON_VARIABLE (status=OK_SCALAR_COORD), L.standard_name='forecast_period'/units='months', grade [0.5, 1.5, 2.5, 3.5, 4.5, 5.5] mensal confirmada, rota com forecast_period_semantics_documented=True.",CONFIRMED_BY_FORECAST_PERIOD_SEMANTICS,SCALAR_COORD_ON_VARIABLE,2007-02,2007-02,1,OK_SCALAR_COORD,RANGEEDGES,RANGEEDGES_WINDOW_COORDINATE_MATCH,2007-02-01 00:00:00; 2007-03-01 00:00:00,2007-02-01 00:00:00,"esquema=lead1_igual_mes_inicializacao, representação=NMME_HARMONIZED_MONTHLY",Fazendas_Sinobras_Centroide
2007-02,NOAA_NCEP,CFSv2,2007-02,3,2.5,2007-04,OK,"L.attrs contém termo(s) ['forecast_period'] — indica semântica de lead/target, mas isso sozinho não confirma o valor exato de H3 sem uma variável auxiliar de data-alvo. | nenhuma variável auxiliar de data-alvo (('target', 'valid_time', 'target_month', 'forecast_time')) encontrada no dataset aberto — tentando Método B (semântica documentada do eixo forecast_period, Seção 4). | confirmado pela semântica documentada do eixo forecast_period (Método B, Seção 4/6): inicialização confirmada via SCALAR_COORD_ON_VARIABLE (status=OK_SCALAR_COORD), L.standard_name='forecast_period'/units='months', grade [0.5, 1.5, 2.5, 3.5, 4.5, 5.5] mensal confirmada, rota com forecast_period_semantics_documented=True.",CONFIRMED_BY_FORECAST_PERIOD_SEMANTICS,SCALAR_COORD_ON_VARIABLE,2007-02,2007-02,1,OK_SCALAR_COORD,RANGEEDGES,RANGEEDGES_WINDOW_COORDINATE_MATCH,2007-02-01 00:00:00; 2007-03-01 00:00:00,2007-02-01 00:00:00,"esquema=lead1_igual_mes_inicializacao, representação=NMME_HARMONIZED_MONTHLY",Fazendas_Sinobras_Centroide
2007-02,NOAA_NCEP,CFSv2,2007-02,4,3.5,2007-05,OK,"L.attrs contém termo(s) ['forecast_period'] — indica semântica de lead/target, mas isso sozinho não confirma o valor exato de H4 sem uma variável auxiliar de data-alvo. | nenhuma variável auxiliar de data-alvo (('target', 'valid_time', 'target_month', 'forecast_time')) encontrada no dataset aberto — tentando Método B (semântica documentada do eixo forecast_period, Seção 4). | confirmado pela semântica documentada do eixo forecast_period (Método B, Seção 4/6): inicialização confirmada via SCALAR_COORD_ON_VARIABLE (status=OK_SCALAR_COORD), L.standard_name='forecast_period'/units='months', grade [0.5, 1.5, 2.5, 3.5, 4.5, 5.5] mensal confirmada, rota com forecast_period_semantics_documented=True.",CONFIRMED_BY_FORECAST_PERIOD_SEMANTICS,SCALAR_COORD_ON_VARIABLE,2007-02,2007-02,1,OK_SCALAR_COORD,RANGEEDGES,RANGEEDGES_WINDOW_COORDINATE_MATCH,2007-02-01 00:00:00; 2007-03-01 00:00:00,2007-02-01 00:00:00,"esquema=lead1_igual_mes_inicializacao, representação=NMME_HARMONIZED_MONTHLY",Fazendas_Sinobras_Centroide
2007-02,NOAA_NCEP,CFSv2,2007-02,5,4.5,2007-06,OK,"L.attrs contém termo(s) ['forecast_period'] — indica semântica de lead/target, mas isso sozinho não confirma o valor exato de H5 sem uma variável auxiliar de data-alvo. | nenhuma variável auxiliar de data-alvo (('target', 'valid_time', 'target_month', 'forecast_time')) encontrada no dataset aberto — tentando Método B (semântica documentada do eixo forecast_period, Seção 4). | confirmado pela semântica documentada do eixo forecast_period (Método B, Seção 4/6): inicialização confirmada via SCALAR_COORD_ON_VARIABLE (status=OK_SCALAR_COORD), L.standard_name='forecast_period'/units='months', grade [0.5, 1.5, 2.5, 3.5, 4.5, 5.5] mensal confirmada, rota com forecast_period_semantics_documented=True.",CONFIRMED_BY_FORECAST_PERIOD_SEMANTICS,SCALAR_COORD_ON_VARIABLE,2007-02,2007-02,1,OK_SCALAR_COORD,RANGEEDGES,RANGEEDGES_WINDOW_COORDINATE_MATCH,2007-02-01 00:00:00; 2007-03-01 00:00:00,2007-02-01 00:00:00,"esquema=lead1_igual_mes_inicializacao, representação=NMME_HARMONIZED_MONTHLY",Fazendas_Sinobras_Centroide
2007-02,NOAA_NCEP,CFSv2,2007-02,6,5.5,2007-07,OK,"L.attrs contém termo(s) ['forecast_period'] — indica semântica de lead/target, mas isso sozinho não confirma o valor exato de H6 sem uma variável auxiliar de data-alvo. | nenhuma variável auxiliar de data-alvo (('target', 'valid_time', 'target_month', 'forecast_time')) encontrada no dataset aberto — tentando Método B (semântica documentada do eixo forecast_period, Seção 4). | confirmado pela semântica documentada do eixo forecast_period (Método B, Seção 4/6): inicialização confirmada via SCALAR_COORD_ON_VARIABLE (status=OK_SCALAR_COORD), L.standard_name='forecast_period'/units='months', grade [0.5, 1.5, 2.5, 3.5, 4.5, 5.5] mensal confirmada, rota com forecast_period_semantics_documented=True.",CONFIRMED_BY_FORECAST_PERIOD_SEMANTICS,SCALAR_COORD_ON_VARIABLE,2007-02,2007-02,1,OK_SCALAR_COORD,RANGEEDGES,RANGEEDGES_WINDOW_COORDINATE_MATCH,2007-02-01 00:00:00; 2007-03-01 00:00:00,2007-02-01 00:00:00,"esquema=lead1_igual_mes_inicializacao, representação=NMME_HARMONIZED_MONTHLY",Fazendas_Sinobras_Centroide
2007-03,NOAA_NCEP,CFSv2,2007-03,1,0.5,2007-03,OK,"L.attrs contém termo(s) ['forecast_period'] — indica semântica de lead/target, mas isso sozinho não confirma o valor exato de H1 sem uma variável auxiliar de data-alvo. | nenhuma variável auxiliar de data-alvo (('target', 'valid_time', 'target_month', 'forecast_time')) encontrada no dataset aberto — tentando Método B (semântica documentada do eixo forecast_period, Seção 4). | confirmado pela semântica documentada do eixo forecast_period (Método B, Seção 4/6): inicialização confirmada via SCALAR_COORD_ON_VARIABLE (status=OK_SCALAR_COORD), L.standard_name='forecast_period'/units='months', grade [0.5, 1.5, 2.5, 3.5, 4.5, 5.5] mensal confirmada, rota com forecast_period_semantics_documented=True.",CONFIRMED_BY_FORECAST_PERIOD_SEMANTICS,SCALAR_COORD_ON_VARIABLE,2007-03,2007-03,1,OK_SCALAR_COORD,RANGEEDGES,RANGEEDGES_WINDOW_COORDINATE_MATCH,2007-03-01 00:00:00; 2007-04-01 00:00:00,2007-03-01 00:00:00,"esquema=lead1_igual_mes_inicializacao, representação=NMME_HARMONIZED_MONTHLY",Fazendas_Sinobras_Centroide
2007-03,NOAA_NCEP,CFSv2,2007-03,2,1.5,2007-04,OK,"L.attrs contém termo(s) ['forecast_period'] — indica semântica de lead/target, mas isso sozinho não confirma o valor exato de H2 sem uma variável auxiliar de data-alvo. | nenhuma variável auxiliar de data-alvo (('target', 'valid_time', 'target_month', 'forecast_time')) encontrada no dataset aberto — tentando Método B (semântica documentada do eixo forecast_period, Seção 4). | confirmado pela semântica documentada do eixo forecast_period (Método B, Seção 4/6): inicialização confirmada via SCALAR_COORD_ON_VARIABLE (status=OK_SCALAR_COORD), L.standard_name='forecast_period'/units='months', grade [0.5, 1.5, 2.5, 3.5, 4.5, 5.5] mensal confirmada, rota com forecast_period_semantics_documented=True.",CONFIRMED_BY_FORECAST_PERIOD_SEMANTICS,SCALAR_COORD_ON_VARIABLE,2007-03,2007-03,1,OK_SCALAR_COORD,RANGEEDGES,RANGEEDGES_WINDOW_COORDINATE_MATCH,2007-03-01 00:00:00; 2007-04-01 00:00:00,2007-03-01 00:00:00,"esquema=lead1_igual_mes_inicializacao, representação=NMME_HARMONIZED_MONTHLY",Fazendas_Sinobras_Centroide
2007-03,NOAA_NCEP,CFSv2,2007-03,3,2.5,2007-05,OK,"L.attrs contém termo(s) ['forecast_period'] — indica semântica de lead/target, mas isso sozinho não confirma o valor exato de H3 sem uma variável auxiliar de data-alvo. | nenhuma variável auxiliar de data-alvo (('target', 'valid_time', 'target_month', 'forecast_time')) encontrada no dataset aberto — tentando Método B (semântica documentada do eixo forecast_period, Seção 4). | confirmado pela semântica documentada do eixo forecast_period (Método B, Seção 4/6): inicialização confirmada via SCALAR_COORD_ON_VARIABLE (status=OK_SCALAR_COORD), L.standard_name='forecast_period'/units='months', grade [0.5, 1.5, 2.5, 3.5, 4.5, 5.5] mensal confirmada, rota com forecast_period_semantics_documented=True.",CONFIRMED_BY_FORECAST_PERIOD_SEMANTICS,SCALAR_COORD_ON_VARIABLE,2007-03,2007-03,1,OK_SCALAR_COORD,RANGEEDGES,RANGEEDGES_WINDOW_COORDINATE_MATCH,2007-03-01 00:00:00; 2007-04-01 00:00:00,2007-03-01 00:00:00,"esquema=lead1_igual_mes_inicializacao, representação=NMME_HARMONIZED_MONTHLY",Fazendas_Sinobras_Centroide
2007-03,NOAA_NCEP,CFSv2,2007-03,4,3.5,2007-06,OK,"L.attrs contém termo(s) ['forecast_period'] — indica semântica de lead/target, mas isso sozinho não confirma o valor exato de H4 sem uma variável auxiliar de data-alvo. | nenhuma variável auxiliar de data-alvo (('target', 'valid_time', 'target_month', 'forecast_time')) encontrada no dataset aberto — tentando Método B (semântica documentada do eixo forecast_period, Seção 4). | confirmado pela semântica documentada do eixo forecast_period (Método B, Seção 4/6): inicialização confirmada via SCALAR_COORD_ON_VARIABLE (status=OK_SCALAR_COORD), L.standard_name='forecast_period'/units='months', grade [0.5, 1.5, 2.5, 3.5, 4.5, 5.5] mensal confirmada, rota com forecast_period_semantics_documented=True.",CONFIRMED_BY_FORECAST_PERIOD_SEMANTICS,SCALAR_COORD_ON_VARIABLE,2007-03,2007-03,1,OK_SCALAR_COORD,RANGEEDGES,RANGEEDGES_WINDOW_COORDINATE_MATCH,2007-03-01 00:00:00; 2007-04-01 00:00:00,2007-03-01 00:00:00,"esquema=lead1_igual_mes_inicializacao, representação=NMME_HARMONIZED_MONTHLY",Fazendas_Sinobras_Centroide
2007-03,NOAA_NCEP,CFSv2,2007-03,5,4.5,2007-07,OK,"L.attrs contém termo(s) ['forecast_period'] — indica semântica de lead/target, mas isso sozinho não confirma o valor exato de H5 sem uma variável auxiliar de data-alvo. | nenhuma variável auxiliar de data-alvo (('target', 'valid_time', 'target_month', 'forecast_time')) encontrada no dataset aberto — tentando Método B (semântica documentada do eixo forecast_period, Seção 4). | confirmado pela semântica documentada do eixo forecast_period (Método B, Seção 4/6): inicialização confirmada via SCALAR_COORD_ON_VARIABLE (status=OK_SCALAR_COORD), L.standard_name='forecast_period'/units='months', grade [0.5, 1.5, 2.5, 3.5, 4.5, 5.5] mensal confirmada, rota com forecast_period_semantics_documented=True.",CONFIRMED_BY_FORECAST_PERIOD_SEMANTICS,SCALAR_COORD_ON_VARIABLE,2007-03,2007-03,1,OK_SCALAR_COORD,RANGEEDGES,RANGEEDGES_WINDOW_COORDINATE_MATCH,2007-03-01 00:00:00; 2007-04-01 00:00:00,2007-03-01 00:00:00,"esquema=lead1_igual_mes_inicializacao, representação=NMME_HARMONIZED_MONTHLY",Fazendas_Sinobras_Centroide
2007-03,NOAA_NCEP,CFSv2,2007-03,6,5.5,2007-08,OK,"L.attrs contém termo(s) ['forecast_period'] — indica semântica de lead/target, mas isso sozinho não confirma o valor exato de H6 sem uma variável auxiliar de data-alvo. | nenhuma variável auxiliar de data-alvo (('target', 'valid_time', 'target_month', 'forecast_time')) encontrada no dataset aberto — tentando Método B (semântica documentada do eixo forecast_period, Seção 4). | confirmado pela semântica documentada do eixo forecast_period (Método B, Seção 4/6): inicialização confirmada via SCALAR_COORD_ON_VARIABLE (status=OK_SCALAR_COORD), L.standard_name='forecast_period'/units='months', grade [0.5, 1.5, 2.5, 3.5, 4.5, 5.5] mensal confirmada, rota com forecast_period_semantics_documented=True.",CONFIRMED_BY_FORECAST_PERIOD_SEMANTICS,SCALAR_COORD_ON_VARIABLE,2007-03,2007-03,1,OK_SCALAR_COORD,RANGEEDGES,RANGEEDGES_WINDOW_COORDINATE_MATCH,2007-03-01 00:00:00; 2007-04-01 00:00:00,2007-03-01 00:00:00,"esquema=lead1_igual_mes_inicializacao, representação=NMME_HARMONIZED_MONTHLY",Fazendas_Sinobras_Centroide
2007-04,NOAA_NCEP,CFSv2,2007-04,1,0.5,2007-04,OK,"L.attrs contém termo(s) ['forecast_period'] — indica semântica de lead/target, mas isso sozinho não confirma o valor exato de H1 sem uma variável auxiliar de data-alvo. | nenhuma variável auxiliar de data-alvo (('target', 'valid_time', 'target_month', 'forecast_time')) encontrada no dataset aberto — tentando Método B (semântica documentada do eixo forecast_period, Seção 4). | confirmado pela semântica documentada do eixo forecast_period (Método B, Seção 4/6): inicialização confirmada via SCALAR_COORD_ON_VARIABLE (status=OK_SCALAR_COORD), L.standard_name='forecast_period'/units='months', grade [0.5, 1.5, 2.5, 3.5, 4.5, 5.5] mensal confirmada, rota com forecast_period_semantics_documented=True.",CONFIRMED_BY_FORECAST_PERIOD_SEMANTICS,SCALAR_COORD_ON_VARIABLE,2007-04,2007-04,1,OK_SCALAR_COORD,RANGEEDGES,RANGEEDGES_WINDOW_COORDINATE_MATCH,2007-04-01 00:00:00; 2007-05-01 00:00:00,2007-04-01 00:00:00,"esquema=lead1_igual_mes_inicializacao, representação=NMME_HARMONIZED_MONTHLY",Fazendas_Sinobras_Centroide
2007-04,NOAA_NCEP,CFSv2,2007-04,2,1.5,2007-05,OK,"L.attrs contém termo(s) ['forecast_period'] — indica semântica de lead/target, mas isso sozinho não confirma o valor exato de H2 sem uma variável auxiliar de data-alvo. | nenhuma variável auxiliar de data-alvo (('target', 'valid_time', 'target_month', 'forecast_time')) encontrada no dataset aberto — tentando Método B (semântica documentada do eixo forecast_period, Seção 4). | confirmado pela semântica documentada do eixo forecast_period (Método B, Seção 4/6): inicialização confirmada via SCALAR_COORD_ON_VARIABLE (status=OK_SCALAR_COORD), L.standard_name='forecast_period'/units='months', grade [0.5, 1.5, 2.5, 3.5, 4.5, 5.5] mensal confirmada, rota com forecast_period_semantics_documented=True.",CONFIRMED_BY_FORECAST_PERIOD_SEMANTICS,SCALAR_COORD_ON_VARIABLE,2007-04,2007-04,1,OK_SCALAR_COORD,RANGEEDGES,RANGEEDGES_WINDOW_COORDINATE_MATCH,2007-04-01 00:00:00; 2007-05-01 00:00:00,2007-04-01 00:00:00,"esquema=lead1_igual_mes_inicializacao, representação=NMME_HARMONIZED_MONTHLY",Fazendas_Sinobras_Centroide
2007-04,NOAA_NCEP,CFSv2,2007-04,3,2.5,2007-06,OK,"L.attrs contém termo(s) ['forecast_period'] — indica semântica de lead/target, mas isso sozinho não confirma o valor exato de H3 sem uma variável auxiliar de data-alvo. | nenhuma variável auxiliar de data-alvo (('target', 'valid_time', 'target_month', 'forecast_time')) encontrada no dataset aberto — tentando Método B (semântica documentada do eixo forecast_period, Seção 4). | confirmado pela semântica documentada do eixo forecast_period (Método B, Seção 4/6): inicialização confirmada via SCALAR_COORD_ON_VARIABLE (status=OK_SCALAR_COORD), L.standard_name='forecast_period'/units='months', grade [0.5, 1.5, 2.5, 3.5, 4.5, 5.5] mensal confirmada, rota com forecast_period_semantics_documented=True.",CONFIRMED_BY_FORECAST_PERIOD_SEMANTICS,SCALAR_COORD_ON_VARIABLE,2007-04,2007-04,1,OK_SCALAR_COORD,RANGEEDGES,RANGEEDGES_WINDOW_COORDINATE_MATCH,2007-04-01 00:00:00; 2007-05-01 00:00:00,2007-04-01 00:00:00,"esquema=lead1_igual_mes_inicializacao, representação=NMME_HARMONIZED_MONTHLY",Fazendas_Sinobras_Centroide
2007-04,NOAA_NCEP,CFSv2,2007-04,4,3.5,2007-07,OK,"L.attrs contém termo(s) ['forecast_period'] — indica semântica de lead/target, mas isso sozinho não confirma o valor exato de H4 sem uma variável auxiliar de data-alvo. | nenhuma variável auxiliar de data-alvo (('target', 'valid_time', 'target_month', 'forecast_time')) encontrada no dataset aberto — tentando Método B (semântica documentada do eixo forecast_period, Seção 4). | confirmado pela semântica documentada do eixo forecast_period (Método B, Seção 4/6): inicialização confirmada via SCALAR_COORD_ON_VARIABLE (status=OK_SCALAR_COORD), L.standard_name='forecast_period'/units='months', grade [0.5, 1.5, 2.5, 3.5, 4.5, 5.5] mensal confirmada, rota com forecast_period_semantics_documented=True.",CONFIRMED_BY_FORECAST_PERIOD_SEMANTICS,SCALAR_COORD_ON_VARIABLE,2007-04,2007-04,1,OK_SCALAR_COORD,RANGEEDGES,RANGEEDGES_WINDOW_COORDINATE_MATCH,2007-04-01 00:00:00; 2007-05-01 00:00:00,2007-04-01 00:00:00,"esquema=lead1_igual_mes_inicializacao, representação=NMME_HARMONIZED_MONTHLY",Fazendas_Sinobras_Centroide
2007-04,NOAA_NCEP,CFSv2,2007-04,5,4.5,2007-08,OK,"L.attrs contém termo(s) ['forecast_period'] — indica semântica de lead/target, mas isso sozinho não confirma o valor exato de H5 sem uma variável auxiliar de data-alvo. | nenhuma variável auxiliar de data-alvo (('target', 'valid_time', 'target_month', 'forecast_time')) encontrada no dataset aberto — tentando Método B (semântica documentada do eixo forecast_period, Seção 4). | confirmado pela semântica documentada do eixo forecast_period (Método B, Seção 4/6): inicialização confirmada via SCALAR_COORD_ON_VARIABLE (status=OK_SCALAR_COORD), L.standard_name='forecast_period'/units='months', grade [0.5, 1.5, 2.5, 3.5, 4.5, 5.5] mensal confirmada, rota com forecast_period_semantics_documented=True.",CONFIRMED_BY_FORECAST_PERIOD_SEMANTICS,SCALAR_COORD_ON_VARIABLE,2007-04,2007-04,1,OK_SCALAR_COORD,RANGEEDGES,RANGEEDGES_WINDOW_COORDINATE_MATCH,2007-04-01 00:00:00; 2007-05-01 00:00:00,2007-04-01 00:00:00,"esquema=lead1_igual_mes_inicializacao, representação=NMME_HARMONIZED_MONTHLY",Fazendas_Sinobras_Centroide
2007-04,NOAA_NCEP,CFSv2,2007-04,6,5.5,2007-09,OK,"L.attrs contém termo(s) ['forecast_period'] — indica semântica de lead/target, mas isso sozinho não confirma o valor exato de H6 sem uma variável auxiliar de data-alvo. | nenhuma variável auxiliar de data-alvo (('target', 'valid_time', 'target_month', 'forecast_time')) encontrada no dataset aberto — tentando Método B (semântica documentada do eixo forecast_period, Seção 4). | confirmado pela semântica documentada do eixo forecast_period (Método B, Seção 4/6): inicialização confirmada via SCALAR_COORD_ON_VARIABLE (status=OK_SCALAR_COORD), L.standard_name='forecast_period'/units='months', grade [0.5, 1.5, 2.5, 3.5, 4.5, 5.5] mensal confirmada, rota com forecast_period_semantics_documented=True.",CONFIRMED_BY_FORECAST_PERIOD_SEMANTICS,SCALAR_COORD_ON_VARIABLE,2007-04,2007-04,1,OK_SCALAR_COORD,RANGEEDGES,RANGEEDGES_WINDOW_COORDINATE_MATCH,2007-04-01 00:00:00; 2007-05-01 00:00:00,2007-04-01 00:00:00,"esquema=lead1_igual_mes_inicializacao, representação=NMME_HARMONIZED_MONTHLY",Fazendas_Sinobras_Centroide
2007-05,NOAA_NCEP,CFSv2,2007-05,1,0.5,2007-05,OK,"L.attrs contém termo(s) ['forecast_period'] — indica semântica de lead/target, mas isso sozinho não confirma o valor exato de H1 sem uma variável auxiliar de data-alvo. | nenhuma variável auxiliar de data-alvo (('target', 'valid_time', 'target_month', 'forecast_time')) encontrada no dataset aberto — tentando Método B (semântica documentada do eixo forecast_period, Seção 4). | confirmado pela semântica documentada do eixo forecast_period (Método B, Seção 4/6): inicialização confirmada via SCALAR_COORD_ON_VARIABLE (status=OK_SCALAR_COORD), L.standard_name='forecast_period'/units='months', grade [0.5, 1.5, 2.5, 3.5, 4.5, 5.5] mensal confirmada, rota com forecast_period_semantics_documented=True.",CONFIRMED_BY_FORECAST_PERIOD_SEMANTICS,SCALAR_COORD_ON_VARIABLE,2007-05,2007-05,1,OK_SCALAR_COORD,RANGEEDGES,RANGEEDGES_WINDOW_COORDINATE_MATCH,2007-05-01 00:00:00; 2007-06-01 00:00:00,2007-05-01 00:00:00,"esquema=lead1_igual_mes_inicializacao, representação=NMME_HARMONIZED_MONTHLY",Fazendas_Sinobras_Centroide
2007-05,NOAA_NCEP,CFSv2,2007-05,2,1.5,2007-06,OK,"L.attrs contém termo(s) ['forecast_period'] — indica semântica de lead/target, mas isso sozinho não confirma o valor exato de H2 sem uma variável auxiliar de data-alvo. | nenhuma variável auxiliar de data-alvo (('target', 'valid_time', 'target_month', 'forecast_time')) encontrada no dataset aberto — tentando Método B (semântica documentada do eixo forecast_period, Seção 4). | confirmado pela semântica documentada do eixo forecast_period (Método B, Seção 4/6): inicialização confirmada via SCALAR_COORD_ON_VARIABLE (status=OK_SCALAR_COORD), L.standard_name='forecast_period'/units='months', grade [0.5, 1.5, 2.5, 3.5, 4.5, 5.5] mensal confirmada, rota com forecast_period_semantics_documented=True.",CONFIRMED_BY_FORECAST_PERIOD_SEMANTICS,SCALAR_COORD_ON_VARIABLE,2007-05,2007-05,1,OK_SCALAR_COORD,RANGEEDGES,RANGEEDGES_WINDOW_COORDINATE_MATCH,2007-05-01 00:00:00; 2007-06-01 00:00:00,2007-05-01 00:00:00,"esquema=lead1_igual_mes_inicializacao, representação=NMME_HARMONIZED_MONTHLY",Fazendas_Sinobras_Centroide
2007-05,NOAA_NCEP,CFSv2,2007-05,3,2.5,2007-07,OK,"L.attrs contém termo(s) ['forecast_period'] — indica semântica de lead/target, mas isso sozinho não confirma o valor exato de H3 sem uma variável auxiliar de data-alvo. | nenhuma variável auxiliar de data-alvo (('target', 'valid_time', 'target_month', 'forecast_time')) encontrada no dataset aberto — tentando Método B (semântica documentada do eixo forecast_period, Seção 4). | confirmado pela semântica documentada do eixo forecast_period (Método B, Seção 4/6): inicialização confirmada via SCALAR_COORD_ON_VARIABLE (status=OK_SCALAR_COORD), L.standard_name='forecast_period'/units='months', grade [0.5, 1.5, 2.5, 3.5, 4.5, 5.5] mensal confirmada, rota com forecast_period_semantics_documented=True.",CONFIRMED_BY_FORECAST_PERIOD_SEMANTICS,SCALAR_COORD_ON_VARIABLE,2007-05,2007-05,1,OK_SCALAR_COORD,RANGEEDGES,RANGEEDGES_WINDOW_COORDINATE_MATCH,2007-05-01 00:00:00; 2007-06-01 00:00:00,2007-05-01 00:00:00,"esquema=lead1_igual_mes_inicializacao, representação=NMME_HARMONIZED_MONTHLY",Fazendas_Sinobras_Centroide
2007-05,NOAA_NCEP,CFSv2,2007-05,4,3.5,2007-08,OK,"L.attrs contém termo(s) ['forecast_period'] — indica semântica de lead/target, mas isso sozinho não confirma o valor exato de H4 sem uma variável auxiliar de data-alvo. | nenhuma variável auxiliar de data-alvo (('target', 'valid_time', 'target_month', 'forecast_time')) encontrada no dataset aberto — tentando Método B (semântica documentada do eixo forecast_period, Seção 4). | confirmado pela semântica documentada do eixo forecast_period (Método B, Seção 4/6): inicialização confirmada via SCALAR_COORD_ON_VARIABLE (status=OK_SCALAR_COORD), L.standard_name='forecast_period'/units='months', grade [0.5, 1.5, 2.5, 3.5, 4.5, 5.5] mensal confirmada, rota com forecast_period_semantics_documented=True.",CONFIRMED_BY_FORECAST_PERIOD_SEMANTICS,SCALAR_COORD_ON_VARIABLE,2007-05,2007-05,1,OK_SCALAR_COORD,RANGEEDGES,RANGEEDGES_WINDOW_COORDINATE_MATCH,2007-05-01 00:00:00; 2007-06-01 00:00:00,2007-05-01 00:00:00,"esquema=lead1_igual_mes_inicializacao, representação=NMME_HARMONIZED_MONTHLY",Fazendas_Sinobras_Centroide
2007-05,NOAA_NCEP,CFSv2,2007-05,5,4.5,2007-09,OK,"L.attrs contém termo(s) ['forecast_period'] — indica semântica de lead/target, mas isso sozinho não confirma o valor exato de H5 sem uma variável auxiliar de data-alvo. | nenhuma variável auxiliar de data-alvo (('target', 'valid_time', 'target_month', 'forecast_time')) encontrada no dataset aberto — tentando Método B (semântica documentada do eixo forecast_period, Seção 4). | confirmado pela semântica documentada do eixo forecast_period (Método B, Seção 4/6): inicialização confirmada via SCALAR_COORD_ON_VARIABLE (status=OK_SCALAR_COORD), L.standard_name='forecast_period'/units='months', grade [0.5, 1.5, 2.5, 3.5, 4.5, 5.5] mensal confirmada, rota com forecast_period_semantics_documented=True.",CONFIRMED_BY_FORECAST_PERIOD_SEMANTICS,SCALAR_COORD_ON_VARIABLE,2007-05,2007-05,1,OK_SCALAR_COORD,RANGEEDGES,RANGEEDGES_WINDOW_COORDINATE_MATCH,2007-05-01 00:00:00; 2007-06-01 00:00:00,2007-05-01 00:00:00,"esquema=lead1_igual_mes_inicializacao, representação=NMME_HARMONIZED_MONTHLY",Fazendas_Sinobras_Centroide
2007-05,NOAA_NCEP,CFSv2,2007-05,6,5.5,2007-10,OK,"L.attrs contém termo(s) ['forecast_period'] — indica semântica de lead/target, mas isso sozinho não confirma o valor exato de H6 sem uma variável auxiliar de data-alvo. | nenhuma variável auxiliar de data-alvo (('target', 'valid_time', 'target_month', 'forecast_time')) encontrada no dataset aberto — tentando Método B (semântica documentada do eixo forecast_period, Seção 4). | confirmado pela semântica documentada do eixo forecast_period (Método B, Seção 4/6): inicialização confirmada via SCALAR_COORD_ON_VARIABLE (status=OK_SCALAR_COORD), L.standard_name='forecast_period'/units='months', grade [0.5, 1.5, 2.5, 3.5, 4.5, 5.5] mensal confirmada, rota com forecast_period_semantics_documented=True.",CONFIRMED_BY_FORECAST_PERIOD_SEMANTICS,SCALAR_COORD_ON_VARIABLE,2007-05,2007-05,1,OK_SCALAR_COORD,RANGEEDGES,RANGEEDGES_WINDOW_COORDINATE_MATCH,2007-05-01 00:00:00; 2007-06-01 00:00:00,2007-05-01 00:00:00,"esquema=lead1_igual_mes_inicializacao, representação=NMME_HARMONIZED_MONTHLY",Fazendas_Sinobras_Centroide
2007-06,NOAA_NCEP,CFSv2,2007-06,1,0.5,2007-06,OK,"L.attrs contém termo(s) ['forecast_period'] — indica semântica de lead/target, mas isso sozinho não confirma o valor exato de H1 sem uma variável auxiliar de data-alvo. | nenhuma variável auxiliar de data-alvo (('target', 'valid_time', 'target_month', 'forecast_time')) encontrada no dataset aberto — tentando Método B (semântica documentada do eixo forecast_period, Seção 4). | confirmado pela semântica documentada do eixo forecast_period (Método B, Seção 4/6): inicialização confirmada via SCALAR_COORD_ON_VARIABLE (status=OK_SCALAR_COORD), L.standard_name='forecast_period'/units='months', grade [0.5, 1.5, 2.5, 3.5, 4.5, 5.5] mensal confirmada, rota com forecast_period_semantics_documented=True.",CONFIRMED_BY_FORECAST_PERIOD_SEMANTICS,SCALAR_COORD_ON_VARIABLE,2007-06,2007-06,1,OK_SCALAR_COORD,RANGEEDGES,RANGEEDGES_WINDOW_COORDINATE_MATCH,2007-06-01 00:00:00; 2007-07-01 00:00:00,2007-06-01 00:00:00,"esquema=lead1_igual_mes_inicializacao, representação=NMME_HARMONIZED_MONTHLY",Fazendas_Sinobras_Centroide
2007-06,NOAA_NCEP,CFSv2,2007-06,2,1.5,2007-07,OK,"L.attrs contém termo(s) ['forecast_period'] — indica semântica de lead/target, mas isso sozinho não confirma o valor exato de H2 sem uma variável auxiliar de data-alvo. | nenhuma variável auxiliar de data-alvo (('target', 'valid_time', 'target_month', 'forecast_time')) encontrada no dataset aberto — tentando Método B (semântica documentada do eixo forecast_period, Seção 4). | confirmado pela semântica documentada do eixo forecast_period (Método B, Seção 4/6): inicialização confirmada via SCALAR_COORD_ON_VARIABLE (status=OK_SCALAR_COORD), L.standard_name='forecast_period'/units='months', grade [0.5, 1.5, 2.5, 3.5, 4.5, 5.5] mensal confirmada, rota com forecast_period_semantics_documented=True.",CONFIRMED_BY_FORECAST_PERIOD_SEMANTICS,SCALAR_COORD_ON_VARIABLE,2007-06,2007-06,1,OK_SCALAR_COORD,RANGEEDGES,RANGEEDGES_WINDOW_COORDINATE_MATCH,2007-06-01 00:00:00; 2007-07-01 00:00:00,2007-06-01 00:00:00,"esquema=lead1_igual_mes_inicializacao, representação=NMME_HARMONIZED_MONTHLY",Fazendas_Sinobras_Centroide
2007-06,NOAA_NCEP,CFSv2,2007-06,3,2.5,2007-08,OK,"L.attrs contém termo(s) ['forecast_period'] — indica semântica de lead/target, mas isso sozinho não confirma o valor exato de H3 sem uma variável auxiliar de data-alvo. | nenhuma variável auxiliar de data-alvo (('target', 'valid_time', 'target_month', 'forecast_time')) encontrada no dataset aberto — tentando Método B (semântica documentada do eixo forecast_period, Seção 4). | confirmado pela semântica documentada do eixo forecast_period (Método B, Seção 4/6): inicialização confirmada via SCALAR_COORD_ON_VARIABLE (status=OK_SCALAR_COORD), L.standard_name='forecast_period'/units='months', grade [0.5, 1.5, 2.5, 3.5, 4.5, 5.5] mensal confirmada, rota com forecast_period_semantics_documented=True.",CONFIRMED_BY_FORECAST_PERIOD_SEMANTICS,SCALAR_COORD_ON_VARIABLE,2007-06,2007-06,1,OK_SCALAR_COORD,RANGEEDGES,RANGEEDGES_WINDOW_COORDINATE_MATCH,2007-06-01 00:00:00; 2007-07-01 00:00:00,2007-06-01 00:00:00,"esquema=lead1_igual_mes_inicializacao, representação=NMME_HARMONIZED_MONTHLY",Fazendas_Sinobras_Centroide
2007-06,NOAA_NCEP,CFSv2,2007-06,4,3.5,2007-09,OK,"L.attrs contém termo(s) ['forecast_period'] — indica semântica de lead/target, mas isso sozinho não confirma o valor exato de H4 sem uma variável auxiliar de data-alvo. | nenhuma variável auxiliar de data-alvo (('target', 'valid_time', 'target_month', 'forecast_time')) encontrada no dataset aberto — tentando Método B (semântica documentada do eixo forecast_period, Seção 4). | confirmado pela semântica documentada do eixo forecast_period (Método B, Seção 4/6): inicialização confirmada via SCALAR_COORD_ON_VARIABLE (status=OK_SCALAR_COORD), L.standard_name='forecast_period'/units='months', grade [0.5, 1.5, 2.5, 3.5, 4.5, 5.5] mensal confirmada, rota com forecast_period_semantics_documented=True.",CONFIRMED_BY_FORECAST_PERIOD_SEMANTICS,SCALAR_COORD_ON_VARIABLE,2007-06,2007-06,1,OK_SCALAR_COORD,RANGEEDGES,RANGEEDGES_WINDOW_COORDINATE_MATCH,2007-06-01 00:00:00; 2007-07-01 00:00:00,2007-06-01 00:00:00,"esquema=lead1_igual_mes_inicializacao, representação=NMME_HARMONIZED_MONTHLY",Fazendas_Sinobras_Centroide
2007-06,NOAA_NCEP,CFSv2,2007-06,5,4.5,2007-10,OK,"L.attrs contém termo(s) ['forecast_period'] — indica semântica de lead/target, mas isso sozinho não confirma o valor exato de H5 sem uma variável auxiliar de data-alvo. | nenhuma variável auxiliar de data-alvo (('target', 'valid_time', 'target_month', 'forecast_time')) encontrada no dataset aberto — tentando Método B (semântica documentada do eixo forecast_period, Seção 4). | confirmado pela semântica documentada do eixo forecast_period (Método B, Seção 4/6): inicialização confirmada via SCALAR_COORD_ON_VARIABLE (status=OK_SCALAR_COORD), L.standard_name='forecast_period'/units='months', grade [0.5, 1.5, 2.5, 3.5, 4.5, 5.5] mensal confirmada, rota com forecast_period_semantics_documented=True.",CONFIRMED_BY_FORECAST_PERIOD_SEMANTICS,SCALAR_COORD_ON_VARIABLE,2007-06,2007-06,1,OK_SCALAR_COORD,RANGEEDGES,RANGEEDGES_WINDOW_COORDINATE_MATCH,2007-06-01 00:00:00; 2007-07-01 00:00:00,2007-06-01 00:00:00,"esquema=lead1_igual_mes_inicializacao, representação=NMME_HARMONIZED_MONTHLY",Fazendas_Sinobras_Centroide
2007-06,NOAA_NCEP,CFSv2,2007-06,6,5.5,2007-11,OK,"L.attrs contém termo(s) ['forecast_period'] — indica semântica de lead/target, mas isso sozinho não confirma o valor exato de H6 sem uma variável auxiliar de data-alvo. | nenhuma variável auxiliar de data-alvo (('target', 'valid_time', 'target_month', 'forecast_time')) encontrada no dataset aberto — tentando Método B (semântica documentada do eixo forecast_period, Seção 4). | confirmado pela semântica documentada do eixo forecast_period (Método B, Seção 4/6): inicialização confirmada via SCALAR_COORD_ON_VARIABLE (status=OK_SCALAR_COORD), L.standard_name='forecast_period'/units='months', grade [0.5, 1.5, 2.5, 3.5, 4.5, 5.5] mensal confirmada, rota com forecast_period_semantics_documented=True.",CONFIRMED_BY_FORECAST_PERIOD_SEMANTICS,SCALAR_COORD_ON_VARIABLE,2007-06,2007-06,1,OK_SCALAR_COORD,RANGEEDGES,RANGEEDGES_WINDOW_COORDINATE_MATCH,2007-06-01 00:00:00; 2007-07-01 00:00:00,2007-06-01 00:00:00,"esquema=lead1_igual_mes_inicializacao, representação=NMME_HARMONIZED_MONTHLY",Fazendas_Sinobras_Centroide
2007-07,NOAA_NCEP,CFSv2,2007-07,1,0.5,2007-07,OK,"L.attrs contém termo(s) ['forecast_period'] — indica semântica de lead/target, mas isso sozinho não confirma o valor exato de H1 sem uma variável auxiliar de data-alvo. | nenhuma variável auxiliar de data-alvo (('target', 'valid_time', 'target_month', 'forecast_time')) encontrada no dataset aberto — tentando Método B (semântica documentada do eixo forecast_period, Seção 4). | confirmado pela semântica documentada do eixo forecast_period (Método B, Seção 4/6): inicialização confirmada via SCALAR_COORD_ON_VARIABLE (status=OK_SCALAR_COORD), L.standard_name='forecast_period'/units='months', grade [0.5, 1.5, 2.5, 3.5, 4.5, 5.5] mensal confirmada, rota com forecast_period_semantics_documented=True.",CONFIRMED_BY_FORECAST_PERIOD_SEMANTICS,SCALAR_COORD_ON_VARIABLE,2007-07,2007-07,1,OK_SCALAR_COORD,RANGEEDGES,RANGEEDGES_WINDOW_COORDINATE_MATCH,2007-07-01 00:00:00; 2007-08-01 00:00:00,2007-07-01 00:00:00,"esquema=lead1_igual_mes_inicializacao, representação=NMME_HARMONIZED_MONTHLY",Fazendas_Sinobras_Centroide
2007-07,NOAA_NCEP,CFSv2,2007-07,2,1.5,2007-08,OK,"L.attrs contém termo(s) ['forecast_period'] — indica semântica de lead/target, mas isso sozinho não confirma o valor exato de H2 sem uma variável auxiliar de data-alvo. | nenhuma variável auxiliar de data-alvo (('target', 'valid_time', 'target_month', 'forecast_time')) encontrada no dataset aberto — tentando Método B (semântica documentada do eixo forecast_period, Seção 4). | confirmado pela semântica documentada do eixo forecast_period (Método B, Seção 4/6): inicialização confirmada via SCALAR_COORD_ON_VARIABLE (status=OK_SCALAR_COORD), L.standard_name='forecast_period'/units='months', grade [0.5, 1.5, 2.5, 3.5, 4.5, 5.5] mensal confirmada, rota com forecast_period_semantics_documented=True.",CONFIRMED_BY_FORECAST_PERIOD_SEMANTICS,SCALAR_COORD_ON_VARIABLE,2007-07,2007-07,1,OK_SCALAR_COORD,RANGEEDGES,RANGEEDGES_WINDOW_COORDINATE_MATCH,2007-07-01 00:00:00; 2007-08-01 00:00:00,2007-07-01 00:00:00,"esquema=lead1_igual_mes_inicializacao, representação=NMME_HARMONIZED_MONTHLY",Fazendas_Sinobras_Centroide
2007-07,NOAA_NCEP,CFSv2,2007-07,3,2.5,2007-09,OK,"L.attrs contém termo(s) ['forecast_period'] — indica semântica de lead/target, mas isso sozinho não confirma o valor exato de H3 sem uma variável auxiliar de data-alvo. | nenhuma variável auxiliar de data-alvo (('target', 'valid_time', 'target_month', 'forecast_time')) encontrada no dataset aberto — tentando Método B (semântica documentada do eixo forecast_period, Seção 4). | confirmado pela semântica documentada do eixo forecast_period (Método B, Seção 4/6): inicialização confirmada via SCALAR_COORD_ON_VARIABLE (status=OK_SCALAR_COORD), L.standard_name='forecast_period'/units='months', grade [0.5, 1.5, 2.5, 3.5, 4.5, 5.5] mensal confirmada, rota com forecast_period_semantics_documented=True.",CONFIRMED_BY_FORECAST_PERIOD_SEMANTICS,SCALAR_COORD_ON_VARIABLE,2007-07,2007-07,1,OK_SCALAR_COORD,RANGEEDGES,RANGEEDGES_WINDOW_COORDINATE_MATCH,2007-07-01 00:00:00; 2007-08-01 00:00:00,2007-07-01 00:00:00,"esquema=lead1_igual_mes_inicializacao, representação=NMME_HARMONIZED_MONTHLY",Fazendas_Sinobras_Centroide
2007-07,NOAA_NCEP,CFSv2,2007-07,4,3.5,2007-10,OK,"L.attrs contém termo(s) ['forecast_period'] — indica semântica de lead/target, mas isso sozinho não confirma o valor exato de H4 sem uma variável auxiliar de data-alvo. | nenhuma variável auxiliar de data-alvo (('target', 'valid_time', 'target_month', 'forecast_time')) encontrada no dataset aberto — tentando Método B (semântica documentada do eixo forecast_period, Seção 4). | confirmado pela semântica documentada do eixo forecast_period (Método B, Seção 4/6): inicialização confirmada via SCALAR_COORD_ON_VARIABLE (status=OK_SCALAR_COORD), L.standard_name='forecast_period'/units='months', grade [0.5, 1.5, 2.5, 3.5, 4.5, 5.5] mensal confirmada, rota com forecast_period_semantics_documented=True.",CONFIRMED_BY_FORECAST_PERIOD_SEMANTICS,SCALAR_COORD_ON_VARIABLE,2007-07,2007-07,1,OK_SCALAR_COORD,RANGEEDGES,RANGEEDGES_WINDOW_COORDINATE_MATCH,2007-07-01 00:00:00; 2007-08-01 00:00:00,2007-07-01 00:00:00,"esquema=lead1_igual_mes_inicializacao, representação=NMME_HARMONIZED_MONTHLY",Fazendas_Sinobras_Centroide
2007-07,NOAA_NCEP,CFSv2,2007-07,5,4.5,2007-11,OK,"L.attrs contém termo(s) ['forecast_period'] — indica semântica de lead/target, mas isso sozinho não confirma o valor exato de H5 sem uma variável auxiliar de data-alvo. | nenhuma variável auxiliar de data-alvo (('target', 'valid_time', 'target_month', 'forecast_time')) encontrada no dataset aberto — tentando Método B (semântica documentada do eixo forecast_period, Seção 4). | confirmado pela semântica documentada do eixo forecast_period (Método B, Seção 4/6): inicialização confirmada via SCALAR_COORD_ON_VARIABLE (status=OK_SCALAR_COORD), L.standard_name='forecast_period'/units='months', grade [0.5, 1.5, 2.5, 3.5, 4.5, 5.5] mensal confirmada, rota com forecast_period_semantics_documented=True.",CONFIRMED_BY_FORECAST_PERIOD_SEMANTICS,SCALAR_COORD_ON_VARIABLE,2007-07,2007-07,1,OK_SCALAR_COORD,RANGEEDGES,RANGEEDGES_WINDOW_COORDINATE_MATCH,2007-07-01 00:00:00; 2007-08-01 00:00:00,2007-07-01 00:00:00,"esquema=lead1_igual_mes_inicializacao, representação=NMME_HARMONIZED_MONTHLY",Fazendas_Sinobras_Centroide
2007-07,NOAA_NCEP,CFSv2,2007-07,6,5.5,2007-12,OK,"L.attrs contém termo(s) ['forecast_period'] — indica semântica de lead/target, mas isso sozinho não confirma o valor exato de H6 sem uma variável auxiliar de data-alvo. | nenhuma variável auxiliar de data-alvo (('target', 'valid_time', 'target_month', 'forecast_time')) encontrada no dataset aberto — tentando Método B (semântica documentada do eixo forecast_period, Seção 4). | confirmado pela semântica documentada do eixo forecast_period (Método B, Seção 4/6): inicialização confirmada via SCALAR_COORD_ON_VARIABLE (status=OK_SCALAR_COORD), L.standard_name='forecast_period'/units='months', grade [0.5, 1.5, 2.5, 3.5, 4.5, 5.5] mensal confirmada, rota com forecast_period_semantics_documented=True.",CONFIRMED_BY_FORECAST_PERIOD_SEMANTICS,SCALAR_COORD_ON_VARIABLE,2007-07,2007-07,1,OK_SCALAR_COORD,RANGEEDGES,RANGEEDGES_WINDOW_COORDINATE_MATCH,2007-07-01 00:00:00; 2007-08-01 00:00:00,2007-07-01 00:00:00,"esquema=lead1_igual_mes_inicializacao, representação=NMME_HARMONIZED_MONTHLY",Fazendas_Sinobras_Centroide
2007-08,NOAA_NCEP,CFSv2,2007-08,1,0.5,2007-08,OK,"L.attrs contém termo(s) ['forecast_period'] — indica semântica de lead/target, mas isso sozinho não confirma o valor exato de H1 sem uma variável auxiliar de data-alvo. | nenhuma variável auxiliar de data-alvo (('target', 'valid_time', 'target_month', 'forecast_time')) encontrada no dataset aberto — tentando Método B (semântica documentada do eixo forecast_period, Seção 4). | confirmado pela semântica documentada do eixo forecast_period (Método B, Seção 4/6): inicialização confirmada via SCALAR_COORD_ON_VARIABLE (status=OK_SCALAR_COORD), L.standard_name='forecast_period'/units='months', grade [0.5, 1.5, 2.5, 3.5, 4.5, 5.5] mensal confirmada, rota com forecast_period_semantics_documented=True.",CONFIRMED_BY_FORECAST_PERIOD_SEMANTICS,SCALAR_COORD_ON_VARIABLE,2007-08,2007-08,1,OK_SCALAR_COORD,RANGEEDGES,RANGEEDGES_WINDOW_COORDINATE_MATCH,2007-08-01 00:00:00; 2007-09-01 00:00:00,2007-08-01 00:00:00,"esquema=lead1_igual_mes_inicializacao, representação=NMME_HARMONIZED_MONTHLY",Fazendas_Sinobras_Centroide
2007-08,NOAA_NCEP,CFSv2,2007-08,2,1.5,2007-09,OK,"L.attrs contém termo(s) ['forecast_period'] — indica semântica de lead/target, mas isso sozinho não confirma o valor exato de H2 sem uma variável auxiliar de data-alvo. | nenhuma variável auxiliar de data-alvo (('target', 'valid_time', 'target_month', 'forecast_time')) encontrada no dataset aberto — tentando Método B (semântica documentada do eixo forecast_period, Seção 4). | confirmado pela semântica documentada do eixo forecast_period (Método B, Seção 4/6): inicialização confirmada via SCALAR_COORD_ON_VARIABLE (status=OK_SCALAR_COORD), L.standard_name='forecast_period'/units='months', grade [0.5, 1.5, 2.5, 3.5, 4.5, 5.5] mensal confirmada, rota com forecast_period_semantics_documented=True.",CONFIRMED_BY_FORECAST_PERIOD_SEMANTICS,SCALAR_COORD_ON_VARIABLE,2007-08,2007-08,1,OK_SCALAR_COORD,RANGEEDGES,RANGEEDGES_WINDOW_COORDINATE_MATCH,2007-08-01 00:00:00; 2007-09-01 00:00:00,2007-08-01 00:00:00,"esquema=lead1_igual_mes_inicializacao, representação=NMME_HARMONIZED_MONTHLY",Fazendas_Sinobras_Centroide
2007-08,NOAA_NCEP,CFSv2,2007-08,3,2.5,2007-10,OK,"L.attrs contém termo(s) ['forecast_period'] — indica semântica de lead/target, mas isso sozinho não confirma o valor exato de H3 sem uma variável auxiliar de data-alvo. | nenhuma variável auxiliar de data-alvo (('target', 'valid_time', 'target_month', 'forecast_time')) encontrada no dataset aberto — tentando Método B (semântica documentada do eixo forecast_period, Seção 4). | confirmado pela semântica documentada do eixo forecast_period (Método B, Seção 4/6): inicialização confirmada via SCALAR_COORD_ON_VARIABLE (status=OK_SCALAR_COORD), L.standard_name='forecast_period'/units='months', grade [0.5, 1.5, 2.5, 3.5, 4.5, 5.5] mensal confirmada, rota com forecast_period_semantics_documented=True.",CONFIRMED_BY_FORECAST_PERIOD_SEMANTICS,SCALAR_COORD_ON_VARIABLE,2007-08,2007-08,1,OK_SCALAR_COORD,RANGEEDGES,RANGEEDGES_WINDOW_COORDINATE_MATCH,2007-08-01 00:00:00; 2007-09-01 00:00:00,2007-08-01 00:00:00,"esquema=lead1_igual_mes_inicializacao, representação=NMME_HARMONIZED_MONTHLY",Fazendas_Sinobras_Centroide
2007-08,NOAA_NCEP,CFSv2,2007-08,4,3.5,2007-11,OK,"L.attrs contém termo(s) ['forecast_period'] — indica semântica de lead/target, mas isso sozinho não confirma o valor exato de H4 sem uma variável auxiliar de data-alvo. | nenhuma variável auxiliar de data-alvo (('target', 'valid_time', 'target_month', 'forecast_time')) encontrada no dataset aberto — tentando Método B (semântica documentada do eixo forecast_period, Seção 4). | confirmado pela semântica documentada do eixo forecast_period (Método B, Seção 4/6): inicialização confirmada via SCALAR_COORD_ON_VARIABLE (status=OK_SCALAR_COORD), L.standard_name='forecast_period'/units='months', grade [0.5, 1.5, 2.5, 3.5, 4.5, 5.5] mensal confirmada, rota com forecast_period_semantics_documented=True.",CONFIRMED_BY_FORECAST_PERIOD_SEMANTICS,SCALAR_COORD_ON_VARIABLE,2007-08,2007-08,1,OK_SCALAR_COORD,RANGEEDGES,RANGEEDGES_WINDOW_COORDINATE_MATCH,2007-08-01 00:00:00; 2007-09-01 00:00:00,2007-08-01 00:00:00,"esquema=lead1_igual_mes_inicializacao, representação=NMME_HARMONIZED_MONTHLY",Fazendas_Sinobras_Centroide
2007-08,NOAA_NCEP,CFSv2,2007-08,5,4.5,2007-12,OK,"L.attrs contém termo(s) ['forecast_period'] — indica semântica de lead/target, mas isso sozinho não confirma o valor exato de H5 sem uma variável auxiliar de data-alvo. | nenhuma variável auxiliar de data-alvo (('target', 'valid_time', 'target_month', 'forecast_time')) encontrada no dataset aberto — tentando Método B (semântica documentada do eixo forecast_period, Seção 4). | confirmado pela semântica documentada do eixo forecast_period (Método B, Seção 4/6): inicialização confirmada via SCALAR_COORD_ON_VARIABLE (status=OK_SCALAR_COORD), L.standard_name='forecast_period'/units='months', grade [0.5, 1.5, 2.5, 3.5, 4.5, 5.5] mensal confirmada, rota com forecast_period_semantics_documented=True.",CONFIRMED_BY_FORECAST_PERIOD_SEMANTICS,SCALAR_COORD_ON_VARIABLE,2007-08,2007-08,1,OK_SCALAR_COORD,RANGEEDGES,RANGEEDGES_WINDOW_COORDINATE_MATCH,2007-08-01 00:00:00; 2007-09-01 00:00:00,2007-08-01 00:00:00,"esquema=lead1_igual_mes_inicializacao, representação=NMME_HARMONIZED_MONTHLY",Fazendas_Sinobras_Centroide
2007-08,NOAA_NCEP,CFSv2,2007-08,6,5.5,2008-01,OK,"L.attrs contém termo(s) ['forecast_period'] — indica semântica de lead/target, mas isso sozinho não confirma o valor exato de H6 sem uma variável auxiliar de data-alvo. | nenhuma variável auxiliar de data-alvo (('target', 'valid_time', 'target_month', 'forecast_time')) encontrada no dataset aberto — tentando Método B (semântica documentada do eixo forecast_period, Seção 4). | confirmado pela semântica documentada do eixo forecast_period (Método B, Seção 4/6): inicialização confirmada via SCALAR_COORD_ON_VARIABLE (status=OK_SCALAR_COORD), L.standard_name='forecast_period'/units='months', grade [0.5, 1.5, 2.5, 3.5, 4.5, 5.5] mensal confirmada, rota com forecast_period_semantics_documented=True.",CONFIRMED_BY_FORECAST_PERIOD_SEMANTICS,SCALAR_COORD_ON_VARIABLE,2007-08,2007-08,1,OK_SCALAR_COORD,RANGEEDGES,RANGEEDGES_WINDOW_COORDINATE_MATCH,2007-08-01 00:00:00; 2007-09-01 00:00:00,2007-08-01 00:00:00,"esquema=lead1_igual_mes_inicializacao, representação=NMME_HARMONIZED_MONTHLY",Fazendas_Sinobras_Centroide
2007-09,NOAA_NCEP,CFSv2,2007-09,1,0.5,2007-09,OK,"L.attrs contém termo(s) ['forecast_period'] — indica semântica de lead/target, mas isso sozinho não confirma o valor exato de H1 sem uma variável auxiliar de data-alvo. | nenhuma variável auxiliar de data-alvo (('target', 'valid_time', 'target_month', 'forecast_time')) encontrada no dataset aberto — tentando Método B (semântica documentada do eixo forecast_period, Seção 4). | confirmado pela semântica documentada do eixo forecast_period (Método B, Seção 4/6): inicialização confirmada via SCALAR_COORD_ON_VARIABLE (status=OK_SCALAR_COORD), L.standard_name='forecast_period'/units='months', grade [0.5, 1.5, 2.5, 3.5, 4.5, 5.5] mensal confirmada, rota com forecast_period_semantics_documented=True.",CONFIRMED_BY_FORECAST_PERIOD_SEMANTICS,SCALAR_COORD_ON_VARIABLE,2007-09,2007-09,1,OK_SCALAR_COORD,RANGEEDGES,RANGEEDGES_WINDOW_COORDINATE_MATCH,2007-09-01 00:00:00; 2007-10-01 00:00:00,2007-09-01 00:00:00,"esquema=lead1_igual_mes_inicializacao, representação=NMME_HARMONIZED_MONTHLY",Fazendas_Sinobras_Centroide
2007-09,NOAA_NCEP,CFSv2,2007-09,2,1.5,2007-10,OK,"L.attrs contém termo(s) ['forecast_period'] — indica semântica de lead/target, mas isso sozinho não confirma o valor exato de H2 sem uma variável auxiliar de data-alvo. | nenhuma variável auxiliar de data-alvo (('target', 'valid_time', 'target_month', 'forecast_time')) encontrada no dataset aberto — tentando Método B (semântica documentada do eixo forecast_period, Seção 4). | confirmado pela semântica documentada do eixo forecast_period (Método B, Seção 4/6): inicialização confirmada via SCALAR_COORD_ON_VARIABLE (status=OK_SCALAR_COORD), L.standard_name='forecast_period'/units='months', grade [0.5, 1.5, 2.5, 3.5, 4.5, 5.5] mensal confirmada, rota com forecast_period_semantics_documented=True.",CONFIRMED_BY_FORECAST_PERIOD_SEMANTICS,SCALAR_COORD_ON_VARIABLE,2007-09,2007-09,1,OK_SCALAR_COORD,RANGEEDGES,RANGEEDGES_WINDOW_COORDINATE_MATCH,2007-09-01 00:00:00; 2007-10-01 00:00:00,2007-09-01 00:00:00,"esquema=lead1_igual_mes_inicializacao, representação=NMME_HARMONIZED_MONTHLY",Fazendas_Sinobras_Centroide
2007-09,NOAA_NCEP,CFSv2,2007-09,3,2.5,2007-11,OK,"L.attrs contém termo(s) ['forecast_period'] — indica semântica de lead/target, mas isso sozinho não confirma o valor exato de H3 sem uma variável auxiliar de data-alvo. | nenhuma variável auxiliar de data-alvo (('target', 'valid_time', 'target_month', 'forecast_time')) encontrada no dataset aberto — tentando Método B (semântica documentada do eixo forecast_period, Seção 4). | confirmado pela semântica documentada do eixo forecast_period (Método B, Seção 4/6): inicialização confirmada via SCALAR_COORD_ON_VARIABLE (status=OK_SCALAR_COORD), L.standard_name='forecast_period'/units='months', grade [0.5, 1.5, 2.5, 3.5, 4.5, 5.5] mensal confirmada, rota com forecast_period_semantics_documented=True.",CONFIRMED_BY_FORECAST_PERIOD_SEMANTICS,SCALAR_COORD_ON_VARIABLE,2007-09,2007-09,1,OK_SCALAR_COORD,RANGEEDGES,RANGEEDGES_WINDOW_COORDINATE_MATCH,2007-09-01 00:00:00; 2007-10-01 00:00:00,2007-09-01 00:00:00,"esquema=lead1_igual_mes_inicializacao, representação=NMME_HARMONIZED_MONTHLY",Fazendas_Sinobras_Centroide
2007-09,NOAA_NCEP,CFSv2,2007-09,4,3.5,2007-12,OK,"L.attrs contém termo(s) ['forecast_period'] — indica semântica de lead/target, mas isso sozinho não confirma o valor exato de H4 sem uma variável auxiliar de data-alvo. | nenhuma variável auxiliar de data-alvo (('target', 'valid_time', 'target_month', 'forecast_time')) encontrada no dataset aberto — tentando Método B (semântica documentada do eixo forecast_period, Seção 4). | confirmado pela semântica documentada do eixo forecast_period (Método B, Seção 4/6): inicialização confirmada via SCALAR_COORD_ON_VARIABLE (status=OK_SCALAR_COORD), L.standard_name='forecast_period'/units='months', grade [0.5, 1.5, 2.5, 3.5, 4.5, 5.5] mensal confirmada, rota com forecast_period_semantics_documented=True.",CONFIRMED_BY_FORECAST_PERIOD_SEMANTICS,SCALAR_COORD_ON_VARIABLE,2007-09,2007-09,1,OK_SCALAR_COORD,RANGEEDGES,RANGEEDGES_WINDOW_COORDINATE_MATCH,2007-09-01 00:00:00; 2007-10-01 00:00:00,2007-09-01 00:00:00,"esquema=lead1_igual_mes_inicializacao, representação=NMME_HARMONIZED_MONTHLY",Fazendas_Sinobras_Centroide
2007-09,NOAA_NCEP,CFSv2,2007-09,5,4.5,2008-01,OK,"L.attrs contém termo(s) ['forecast_period'] — indica semântica de lead/target, mas isso sozinho não confirma o valor exato de H5 sem uma variável auxiliar de data-alvo. | nenhuma variável auxiliar de data-alvo (('target', 'valid_time', 'target_month', 'forecast_time')) encontrada no dataset aberto — tentando Método B (semântica documentada do eixo forecast_period, Seção 4). | confirmado pela semântica documentada do eixo forecast_period (Método B, Seção 4/6): inicialização confirmada via SCALAR_COORD_ON_VARIABLE (status=OK_SCALAR_COORD), L.standard_name='forecast_period'/units='months', grade [0.5, 1.5, 2.5, 3.5, 4.5, 5.5] mensal confirmada, rota com forecast_period_semantics_documented=True.",CONFIRMED_BY_FORECAST_PERIOD_SEMANTICS,SCALAR_COORD_ON_VARIABLE,2007-09,2007-09,1,OK_SCALAR_COORD,RANGEEDGES,RANGEEDGES_WINDOW_COORDINATE_MATCH,2007-09-01 00:00:00; 2007-10-01 00:00:00,2007-09-01 00:00:00,"esquema=lead1_igual_mes_inicializacao, representação=NMME_HARMONIZED_MONTHLY",Fazendas_Sinobras_Centroide
2007-09,NOAA_NCEP,CFSv2,2007-09,6,5.5,2008-02,OK,"L.attrs contém termo(s) ['forecast_period'] — indica semântica de lead/target, mas isso sozinho não confirma o valor exato de H6 sem uma variável auxiliar de data-alvo. | nenhuma variável auxiliar de data-alvo (('target', 'valid_time', 'target_month', 'forecast_time')) encontrada no dataset aberto — tentando Método B (semântica documentada do eixo forecast_period, Seção 4). | confirmado pela semântica documentada do eixo forecast_period (Método B, Seção 4/6): inicialização confirmada via SCALAR_COORD_ON_VARIABLE (status=OK_SCALAR_COORD), L.standard_name='forecast_period'/units='months', grade [0.5, 1.5, 2.5, 3.5, 4.5, 5.5] mensal confirmada, rota com forecast_period_semantics_documented=True.",CONFIRMED_BY_FORECAST_PERIOD_SEMANTICS,SCALAR_COORD_ON_VARIABLE,2007-09,2007-09,1,OK_SCALAR_COORD,RANGEEDGES,RANGEEDGES_WINDOW_COORDINATE_MATCH,2007-09-01 00:00:00; 2007-10-01 00:00:00,2007-09-01 00:00:00,"esquema=lead1_igual_mes_inicializacao, representação=NMME_HARMONIZED_MONTHLY",Fazendas_Sinobras_Centroide
2007-10,NOAA_NCEP,CFSv2,2007-10,1,0.5,2007-10,OK,"L.attrs contém termo(s) ['forecast_period'] — indica semântica de lead/target, mas isso sozinho não confirma o valor exato de H1 sem uma variável auxiliar de data-alvo. | nenhuma variável auxiliar de data-alvo (('target', 'valid_time', 'target_month', 'forecast_time')) encontrada no dataset aberto — tentando Método B (semântica documentada do eixo forecast_period, Seção 4). | confirmado pela semântica documentada do eixo forecast_period (Método B, Seção 4/6): inicialização confirmada via SCALAR_COORD_ON_VARIABLE (status=OK_SCALAR_COORD), L.standard_name='forecast_period'/units='months', grade [0.5, 1.5, 2.5, 3.5, 4.5, 5.5] mensal confirmada, rota com forecast_period_semantics_documented=True.",CONFIRMED_BY_FORECAST_PERIOD_SEMANTICS,SCALAR_COORD_ON_VARIABLE,2007-10,2007-10,1,OK_SCALAR_COORD,RANGEEDGES,RANGEEDGES_WINDOW_COORDINATE_MATCH,2007-10-01 00:00:00; 2007-11-01 00:00:00,2007-10-01 00:00:00,"esquema=lead1_igual_mes_inicializacao, representação=NMME_HARMONIZED_MONTHLY",Fazendas_Sinobras_Centroide
2007-10,NOAA_NCEP,CFSv2,2007-10,2,1.5,2007-11,OK,"L.attrs contém termo(s) ['forecast_period'] — indica semântica de lead/target, mas isso sozinho não confirma o valor exato de H2 sem uma variável auxiliar de data-alvo. | nenhuma variável auxiliar de data-alvo (('target', 'valid_time', 'target_month', 'forecast_time')) encontrada no dataset aberto — tentando Método B (semântica documentada do eixo forecast_period, Seção 4). | confirmado pela semântica documentada do eixo forecast_period (Método B, Seção 4/6): inicialização confirmada via SCALAR_COORD_ON_VARIABLE (status=OK_SCALAR_COORD), L.standard_name='forecast_period'/units='months', grade [0.5, 1.5, 2.5, 3.5, 4.5, 5.5] mensal confirmada, rota com forecast_period_semantics_documented=True.",CONFIRMED_BY_FORECAST_PERIOD_SEMANTICS,SCALAR_COORD_ON_VARIABLE,2007-10,2007-10,1,OK_SCALAR_COORD,RANGEEDGES,RANGEEDGES_WINDOW_COORDINATE_MATCH,2007-10-01 00:00:00; 2007-11-01 00:00:00,2007-10-01 00:00:00,"esquema=lead1_igual_mes_inicializacao, representação=NMME_HARMONIZED_MONTHLY",Fazendas_Sinobras_Centroide
2007-10,NOAA_NCEP,CFSv2,2007-10,3,2.5,2007-12,OK,"L.attrs contém termo(s) ['forecast_period'] — indica semântica de lead/target, mas isso sozinho não confirma o valor exato de H3 sem uma variável auxiliar de data-alvo. | nenhuma variável auxiliar de data-alvo (('target', 'valid_time', 'target_month', 'forecast_time')) encontrada no dataset aberto — tentando Método B (semântica documentada do eixo forecast_period, Seção 4). | confirmado pela semântica documentada do eixo forecast_period (Método B, Seção 4/6): inicialização confirmada via SCALAR_COORD_ON_VARIABLE (status=OK_SCALAR_COORD), L.standard_name='forecast_period'/units='months', grade [0.5, 1.5, 2.5, 3.5, 4.5, 5.5] mensal confirmada, rota com forecast_period_semantics_documented=True.",CONFIRMED_BY_FORECAST_PERIOD_SEMANTICS,SCALAR_COORD_ON_VARIABLE,2007-10,2007-10,1,OK_SCALAR_COORD,RANGEEDGES,RANGEEDGES_WINDOW_COORDINATE_MATCH,2007-10-01 00:00:00; 2007-11-01 00:00:00,2007-10-01 00:00:00,"esquema=lead1_igual_mes_inicializacao, representação=NMME_HARMONIZED_MONTHLY",Fazendas_Sinobras_Centroide
2007-10,NOAA_NCEP,CFSv2,2007-10,4,3.5,2008-01,OK,"L.attrs contém termo(s) ['forecast_period'] — indica semântica de lead/target, mas isso sozinho não confirma o valor exato de H4 sem uma variável auxiliar de data-alvo. | nenhuma variável auxiliar de data-alvo (('target', 'valid_time', 'target_month', 'forecast_time')) encontrada no dataset aberto — tentando Método B (semântica documentada do eixo forecast_period, Seção 4). | confirmado pela semântica documentada do eixo forecast_period (Método B, Seção 4/6): inicialização confirmada via SCALAR_COORD_ON_VARIABLE (status=OK_SCALAR_COORD), L.standard_name='forecast_period'/units='months', grade [0.5, 1.5, 2.5, 3.5, 4.5, 5.5] mensal confirmada, rota com forecast_period_semantics_documented=True.",CONFIRMED_BY_FORECAST_PERIOD_SEMANTICS,SCALAR_COORD_ON_VARIABLE,2007-10,2007-10,1,OK_SCALAR_COORD,RANGEEDGES,RANGEEDGES_WINDOW_COORDINATE_MATCH,2007-10-01 00:00:00; 2007-11-01 00:00:00,2007-10-01 00:00:00,"esquema=lead1_igual_mes_inicializacao, representação=NMME_HARMONIZED_MONTHLY",Fazendas_Sinobras_Centroide
2007-10,NOAA_NCEP,CFSv2,2007-10,5,4.5,2008-02,OK,"L.attrs contém termo(s) ['forecast_period'] — indica semântica de lead/target, mas isso sozinho não confirma o valor exato de H5 sem uma variável auxiliar de data-alvo. | nenhuma variável auxiliar de data-alvo (('target', 'valid_time', 'target_month', 'forecast_time')) encontrada no dataset aberto — tentando Método B (semântica documentada do eixo forecast_period, Seção 4). | confirmado pela semântica documentada do eixo forecast_period (Método B, Seção 4/6): inicialização confirmada via SCALAR_COORD_ON_VARIABLE (status=OK_SCALAR_COORD), L.standard_name='forecast_period'/units='months', grade [0.5, 1.5, 2.5, 3.5, 4.5, 5.5] mensal confirmada, rota com forecast_period_semantics_documented=True.",CONFIRMED_BY_FORECAST_PERIOD_SEMANTICS,SCALAR_COORD_ON_VARIABLE,2007-10,2007-10,1,OK_SCALAR_COORD,RANGEEDGES,RANGEEDGES_WINDOW_COORDINATE_MATCH,2007-10-01 00:00:00; 2007-11-01 00:00:00,2007-10-01 00:00:00,"esquema=lead1_igual_mes_inicializacao, representação=NMME_HARMONIZED_MONTHLY",Fazendas_Sinobras_Centroide
2007-10,NOAA_NCEP,CFSv2,2007-10,6,5.5,2008-03,OK,"L.attrs contém termo(s) ['forecast_period'] — indica semântica de lead/target, mas isso sozinho não confirma o valor exato de H6 sem uma variável auxiliar de data-alvo. | nenhuma variável auxiliar de data-alvo (('target', 'valid_time', 'target_month', 'forecast_time')) encontrada no dataset aberto — tentando Método B (semântica documentada do eixo forecast_period, Seção 4). | confirmado pela semântica documentada do eixo forecast_period (Método B, Seção 4/6): inicialização confirmada via SCALAR_COORD_ON_VARIABLE (status=OK_SCALAR_COORD), L.standard_name='forecast_period'/units='months', grade [0.5, 1.5, 2.5, 3.5, 4.5, 5.5] mensal confirmada, rota com forecast_period_semantics_documented=True.",CONFIRMED_BY_FORECAST_PERIOD_SEMANTICS,SCALAR_COORD_ON_VARIABLE,2007-10,2007-10,1,OK_SCALAR_COORD,RANGEEDGES,RANGEEDGES_WINDOW_COORDINATE_MATCH,2007-10-01 00:00:00; 2007-11-01 00:00:00,2007-10-01 00:00:00,"esquema=lead1_igual_mes_inicializacao, representação=NMME_HARMONIZED_MONTHLY",Fazendas_Sinobras_Centroide
2007-11,NOAA_NCEP,CFSv2,2007-11,1,0.5,2007-11,OK,"L.attrs contém termo(s) ['forecast_period'] — indica semântica de lead/target, mas isso sozinho não confirma o valor exato de H1 sem uma variável auxiliar de data-alvo. | nenhuma variável auxiliar de data-alvo (('target', 'valid_time', 'target_month', 'forecast_time')) encontrada no dataset aberto — tentando Método B (semântica documentada do eixo forecast_period, Seção 4). | confirmado pela semântica documentada do eixo forecast_period (Método B, Seção 4/6): inicialização confirmada via SCALAR_COORD_ON_VARIABLE (status=OK_SCALAR_COORD), L.standard_name='forecast_period'/units='months', grade [0.5, 1.5, 2.5, 3.5, 4.5, 5.5] mensal confirmada, rota com forecast_period_semantics_documented=True.",CONFIRMED_BY_FORECAST_PERIOD_SEMANTICS,SCALAR_COORD_ON_VARIABLE,2007-11,2007-11,1,OK_SCALAR_COORD,RANGEEDGES,RANGEEDGES_WINDOW_COORDINATE_MATCH,2007-11-01 00:00:00; 2007-12-01 00:00:00,2007-11-01 00:00:00,"esquema=lead1_igual_mes_inicializacao, representação=NMME_HARMONIZED_MONTHLY",Fazendas_Sinobras_Centroide
2007-11,NOAA_NCEP,CFSv2,2007-11,2,1.5,2007-12,OK,"L.attrs contém termo(s) ['forecast_period'] — indica semântica de lead/target, mas isso sozinho não confirma o valor exato de H2 sem uma variável auxiliar de data-alvo. | nenhuma variável auxiliar de data-alvo (('target', 'valid_time', 'target_month', 'forecast_time')) encontrada no dataset aberto — tentando Método B (semântica documentada do eixo forecast_period, Seção 4). | confirmado pela semântica documentada do eixo forecast_period (Método B, Seção 4/6): inicialização confirmada via SCALAR_COORD_ON_VARIABLE (status=OK_SCALAR_COORD), L.standard_name='forecast_period'/units='months', grade [0.5, 1.5, 2.5, 3.5, 4.5, 5.5] mensal confirmada, rota com forecast_period_semantics_documented=True.",CONFIRMED_BY_FORECAST_PERIOD_SEMANTICS,SCALAR_COORD_ON_VARIABLE,2007-11,2007-11,1,OK_SCALAR_COORD,RANGEEDGES,RANGEEDGES_WINDOW_COORDINATE_MATCH,2007-11-01 00:00:00; 2007-12-01 00:00:00,2007-11-01 00:00:00,"esquema=lead1_igual_mes_inicializacao, representação=NMME_HARMONIZED_MONTHLY",Fazendas_Sinobras_Centroide
2007-11,NOAA_NCEP,CFSv2,2007-11,3,2.5,2008-01,OK,"L.attrs contém termo(s) ['forecast_period'] — indica semântica de lead/target, mas isso sozinho não confirma o valor exato de H3 sem uma variável auxiliar de data-alvo. | nenhuma variável auxiliar de data-alvo (('target', 'valid_time', 'target_month', 'forecast_time')) encontrada no dataset aberto — tentando Método B (semântica documentada do eixo forecast_period, Seção 4). | confirmado pela semântica documentada do eixo forecast_period (Método B, Seção 4/6): inicialização confirmada via SCALAR_COORD_ON_VARIABLE (status=OK_SCALAR_COORD), L.standard_name='forecast_period'/units='months', grade [0.5, 1.5, 2.5, 3.5, 4.5, 5.5] mensal confirmada, rota com forecast_period_semantics_documented=True.",CONFIRMED_BY_FORECAST_PERIOD_SEMANTICS,SCALAR_COORD_ON_VARIABLE,2007-11,2007-11,1,OK_SCALAR_COORD,RANGEEDGES,RANGEEDGES_WINDOW_COORDINATE_MATCH,2007-11-01 00:00:00; 2007-12-01 00:00:00,2007-11-01 00:00:00,"esquema=lead1_igual_mes_inicializacao, representação=NMME_HARMONIZED_MONTHLY",Fazendas_Sinobras_Centroide
2007-11,NOAA_NCEP,CFSv2,2007-11,4,3.5,2008-02,OK,"L.attrs contém termo(s) ['forecast_period'] — indica semântica de lead/target, mas isso sozinho não confirma o valor exato de H4 sem uma variável auxiliar de data-alvo. | nenhuma variável auxiliar de data-alvo (('target', 'valid_time', 'target_month', 'forecast_time')) encontrada no dataset aberto — tentando Método B (semântica documentada do eixo forecast_period, Seção 4). | confirmado pela semântica documentada do eixo forecast_period (Método B, Seção 4/6): inicialização confirmada via SCALAR_COORD_ON_VARIABLE (status=OK_SCALAR_COORD), L.standard_name='forecast_period'/units='months', grade [0.5, 1.5, 2.5, 3.5, 4.5, 5.5] mensal confirmada, rota com forecast_period_semantics_documented=True.",CONFIRMED_BY_FORECAST_PERIOD_SEMANTICS,SCALAR_COORD_ON_VARIABLE,2007-11,2007-11,1,OK_SCALAR_COORD,RANGEEDGES,RANGEEDGES_WINDOW_COORDINATE_MATCH,2007-11-01 00:00:00; 2007-12-01 00:00:00,2007-11-01 00:00:00,"esquema=lead1_igual_mes_inicializacao, representação=NMME_HARMONIZED_MONTHLY",Fazendas_Sinobras_Centroide
2007-11,NOAA_NCEP,CFSv2,2007-11,5,4.5,2008-03,OK,"L.attrs contém termo(s) ['forecast_period'] — indica semântica de lead/target, mas isso sozinho não confirma o valor exato de H5 sem uma variável auxiliar de data-alvo. | nenhuma variável auxiliar de data-alvo (('target', 'valid_time', 'target_month', 'forecast_time')) encontrada no dataset aberto — tentando Método B (semântica documentada do eixo forecast_period, Seção 4). | confirmado pela semântica documentada do eixo forecast_period (Método B, Seção 4/6): inicialização confirmada via SCALAR_COORD_ON_VARIABLE (status=OK_SCALAR_COORD), L.standard_name='forecast_period'/units='months', grade [0.5, 1.5, 2.5, 3.5, 4.5, 5.5] mensal confirmada, rota com forecast_period_semantics_documented=True.",CONFIRMED_BY_FORECAST_PERIOD_SEMANTICS,SCALAR_COORD_ON_VARIABLE,2007-11,2007-11,1,OK_SCALAR_COORD,RANGEEDGES,RANGEEDGES_WINDOW_COORDINATE_MATCH,2007-11-01 00:00:00; 2007-12-01 00:00:00,2007-11-01 00:00:00,"esquema=lead1_igual_mes_inicializacao, representação=NMME_HARMONIZED_MONTHLY",Fazendas_Sinobras_Centroide
2007-11,NOAA_NCEP,CFSv2,2007-11,6,5.5,2008-04,OK,"L.attrs contém termo(s) ['forecast_period'] — indica semântica de lead/target, mas isso sozinho não confirma o valor exato de H6 sem uma variável auxiliar de data-alvo. | nenhuma variável auxiliar de data-alvo (('target', 'valid_time', 'target_month', 'forecast_time')) encontrada no dataset aberto — tentando Método B (semântica documentada do eixo forecast_period, Seção 4). | confirmado pela semântica documentada do eixo forecast_period (Método B, Seção 4/6): inicialização confirmada via SCALAR_COORD_ON_VARIABLE (status=OK_SCALAR_COORD), L.standard_name='forecast_period'/units='months', grade [0.5, 1.5, 2.5, 3.5, 4.5, 5.5] mensal confirmada, rota com forecast_period_semantics_documented=True.",CONFIRMED_BY_FORECAST_PERIOD_SEMANTICS,SCALAR_COORD_ON_VARIABLE,2007-11,2007-11,1,OK_SCALAR_COORD,RANGEEDGES,RANGEEDGES_WINDOW_COORDINATE_MATCH,2007-11-01 00:00:00; 2007-12-01 00:00:00,2007-11-01 00:00:00,"esquema=lead1_igual_mes_inicializacao, representação=NMME_HARMONIZED_MONTHLY",Fazendas_Sinobras_Centroide
2007-12,NOAA_NCEP,CFSv2,2007-12,1,0.5,2007-12,OK,"L.attrs contém termo(s) ['forecast_period'] — indica semântica de lead/target, mas isso sozinho não confirma o valor exato de H1 sem uma variável auxiliar de data-alvo. | nenhuma variável auxiliar de data-alvo (('target', 'valid_time', 'target_month', 'forecast_time')) encontrada no dataset aberto — tentando Método B (semântica documentada do eixo forecast_period, Seção 4). | confirmado pela semântica documentada do eixo forecast_period (Método B, Seção 4/6): inicialização confirmada via SCALAR_COORD_ON_VARIABLE (status=OK_SCALAR_COORD), L.standard_name='forecast_period'/units='months', grade [0.5, 1.5, 2.5, 3.5, 4.5, 5.5] mensal confirmada, rota com forecast_period_semantics_documented=True.",CONFIRMED_BY_FORECAST_PERIOD_SEMANTICS,SCALAR_COORD_ON_VARIABLE,2007-12,2007-12,1,OK_SCALAR_COORD,RANGEEDGES,RANGEEDGES_WINDOW_COORDINATE_MATCH,2007-12-01 00:00:00; 2008-01-01 00:00:00,2007-12-01 00:00:00,"esquema=lead1_igual_mes_inicializacao, representação=NMME_HARMONIZED_MONTHLY",Fazendas_Sinobras_Centroide
2007-12,NOAA_NCEP,CFSv2,2007-12,2,1.5,2008-01,OK,"L.attrs contém termo(s) ['forecast_period'] — indica semântica de lead/target, mas isso sozinho não confirma o valor exato de H2 sem uma variável auxiliar de data-alvo. | nenhuma variável auxiliar de data-alvo (('target', 'valid_time', 'target_month', 'forecast_time')) encontrada no dataset aberto — tentando Método B (semântica documentada do eixo forecast_period, Seção 4). | confirmado pela semântica documentada do eixo forecast_period (Método B, Seção 4/6): inicialização confirmada via SCALAR_COORD_ON_VARIABLE (status=OK_SCALAR_COORD), L.standard_name='forecast_period'/units='months', grade [0.5, 1.5, 2.5, 3.5, 4.5, 5.5] mensal confirmada, rota com forecast_period_semantics_documented=True.",CONFIRMED_BY_FORECAST_PERIOD_SEMANTICS,SCALAR_COORD_ON_VARIABLE,2007-12,2007-12,1,OK_SCALAR_COORD,RANGEEDGES,RANGEEDGES_WINDOW_COORDINATE_MATCH,2007-12-01 00:00:00; 2008-01-01 00:00:00,2007-12-01 00:00:00,"esquema=lead1_igual_mes_inicializacao, representação=NMME_HARMONIZED_MONTHLY",Fazendas_Sinobras_Centroide
2007-12,NOAA_NCEP,CFSv2,2007-12,3,2.5,2008-02,OK,"L.attrs contém termo(s) ['forecast_period'] — indica semântica de lead/target, mas isso sozinho não confirma o valor exato de H3 sem uma variável auxiliar de data-alvo. | nenhuma variável auxiliar de data-alvo (('target', 'valid_time', 'target_month', 'forecast_time')) encontrada no dataset aberto — tentando Método B (semântica documentada do eixo forecast_period, Seção 4). | confirmado pela semântica documentada do eixo forecast_period (Método B, Seção 4/6): inicialização confirmada via SCALAR_COORD_ON_VARIABLE (status=OK_SCALAR_COORD), L.standard_name='forecast_period'/units='months', grade [0.5, 1.5, 2.5, 3.5, 4.5, 5.5] mensal confirmada, rota com forecast_period_semantics_documented=True.",CONFIRMED_BY_FORECAST_PERIOD_SEMANTICS,SCALAR_COORD_ON_VARIABLE,2007-12,2007-12,1,OK_SCALAR_COORD,RANGEEDGES,RANGEEDGES_WINDOW_COORDINATE_MATCH,2007-12-01 00:00:00; 2008-01-01 00:00:00,2007-12-01 00:00:00,"esquema=lead1_igual_mes_inicializacao, representação=NMME_HARMONIZED_MONTHLY",Fazendas_Sinobras_Centroide
2007-12,NOAA_NCEP,CFSv2,2007-12,4,3.5,2008-03,OK,"L.attrs contém termo(s) ['forecast_period'] — indica semântica de lead/target, mas isso sozinho não confirma o valor exato de H4 sem uma variável auxiliar de data-alvo. | nenhuma variável auxiliar de data-alvo (('target', 'valid_time', 'target_month', 'forecast_time')) encontrada no dataset aberto — tentando Método B (semântica documentada do eixo forecast_period, Seção 4). | confirmado pela semântica documentada do eixo forecast_period (Método B, Seção 4/6): inicialização confirmada via SCALAR_COORD_ON_VARIABLE (status=OK_SCALAR_COORD), L.standard_name='forecast_period'/units='months', grade [0.5, 1.5, 2.5, 3.5, 4.5, 5.5] mensal confirmada, rota com forecast_period_semantics_documented=True.",CONFIRMED_BY_FORECAST_PERIOD_SEMANTICS,SCALAR_COORD_ON_VARIABLE,2007-12,2007-12,1,OK_SCALAR_COORD,RANGEEDGES,RANGEEDGES_WINDOW_COORDINATE_MATCH,2007-12-01 00:00:00; 2008-01-01 00:00:00,2007-12-01 00:00:00,"esquema=lead1_igual_mes_inicializacao, representação=NMME_HARMONIZED_MONTHLY",Fazendas_Sinobras_Centroide
2007-12,NOAA_NCEP,CFSv2,2007-12,5,4.5,2008-04,OK,"L.attrs contém termo(s) ['forecast_period'] — indica semântica de lead/target, mas isso sozinho não confirma o valor exato de H5 sem uma variável auxiliar de data-alvo. | nenhuma variável auxiliar de data-alvo (('target', 'valid_time', 'target_month', 'forecast_time')) encontrada no dataset aberto — tentando Método B (semântica documentada do eixo forecast_period, Seção 4). | confirmado pela semântica documentada do eixo forecast_period (Método B, Seção 4/6): inicialização confirmada via SCALAR_COORD_ON_VARIABLE (status=OK_SCALAR_COORD), L.standard_name='forecast_period'/units='months', grade [0.5, 1.5, 2.5, 3.5, 4.5, 5.5] mensal confirmada, rota com forecast_period_semantics_documented=True.",CONFIRMED_BY_FORECAST_PERIOD_SEMANTICS,SCALAR_COORD_ON_VARIABLE,2007-12,2007-12,1,OK_SCALAR_COORD,RANGEEDGES,RANGEEDGES_WINDOW_COORDINATE_MATCH,2007-12-01 00:00:00; 2008-01-01 00:00:00,2007-12-01 00:00:00,"esquema=lead1_igual_mes_inicializacao, representação=NMME_HARMONIZED_MONTHLY",Fazendas_Sinobras_Centroide
2007-12,NOAA_NCEP,CFSv2,2007-12,6,5.5,2008-05,OK,"L.attrs contém termo(s) ['forecast_period'] — indica semântica de lead/target, mas isso sozinho não confirma o valor exato de H6 sem uma variável auxiliar de data-alvo. | nenhuma variável auxiliar de data-alvo (('target', 'valid_time', 'target_month', 'forecast_time')) encontrada no dataset aberto — tentando Método B (semântica documentada do eixo forecast_period, Seção 4). | confirmado pela semântica documentada do eixo forecast_period (Método B, Seção 4/6): inicialização confirmada via SCALAR_COORD_ON_VARIABLE (status=OK_SCALAR_COORD), L.standard_name='forecast_period'/units='months', grade [0.5, 1.5, 2.5, 3.5, 4.5, 5.5] mensal confirmada, rota com forecast_period_semantics_documented=True.",CONFIRMED_BY_FORECAST_PERIOD_SEMANTICS,SCALAR_COORD_ON_VARIABLE,2007-12,2007-12,1,OK_SCALAR_COORD,RANGEEDGES,RANGEEDGES_WINDOW_COORDINATE_MATCH,2007-12-01 00:00:00; 2008-01-01 00:00:00,2007-12-01 00:00:00,"esquema=lead1_igual_mes_inicializacao, representação=NMME_HARMONIZED_MONTHLY",Fazendas_Sinobras_Centroide
2008-01,NOAA_NCEP,CFSv2,2008-01,1,0.5,2008-01,OK,"L.attrs contém termo(s) ['forecast_period'] — indica semântica de lead/target, mas isso sozinho não confirma o valor exato de H1 sem uma variável auxiliar de data-alvo. | nenhuma variável auxiliar de data-alvo (('target', 'valid_time', 'target_month', 'forecast_time')) encontrada no dataset aberto — tentando Método B (semântica documentada do eixo forecast_period, Seção 4). | confirmado pela semântica documentada do eixo forecast_period (Método B, Seção 4/6): inicialização confirmada via SCALAR_COORD_ON_VARIABLE (status=OK_SCALAR_COORD), L.standard_name='forecast_period'/units='months', grade [0.5, 1.5, 2.5, 3.5, 4.5, 5.5] mensal confirmada, rota com forecast_period_semantics_documented=True.",CONFIRMED_BY_FORECAST_PERIOD_SEMANTICS,SCALAR_COORD_ON_VARIABLE,2008-01,2008-01,1,OK_SCALAR_COORD,RANGEEDGES,RANGEEDGES_WINDOW_COORDINATE_MATCH,2008-01-01 00:00:00; 2008-02-01 00:00:00,2008-01-01 00:00:00,"esquema=lead1_igual_mes_inicializacao, representação=NMME_HARMONIZED_MONTHLY",Fazendas_Sinobras_Centroide
2008-01,NOAA_NCEP,CFSv2,2008-01,2,1.5,2008-02,OK,"L.attrs contém termo(s) ['forecast_period'] — indica semântica de lead/target, mas isso sozinho não confirma o valor exato de H2 sem uma variável auxiliar de data-alvo. | nenhuma variável auxiliar de data-alvo (('target', 'valid_time', 'target_month', 'forecast_time')) encontrada no dataset aberto — tentando Método B (semântica documentada do eixo forecast_period, Seção 4). | confirmado pela semântica documentada do eixo forecast_period (Método B, Seção 4/6): inicialização confirmada via SCALAR_COORD_ON_VARIABLE (status=OK_SCALAR_COORD), L.standard_name='forecast_period'/units='months', grade [0.5, 1.5, 2.5, 3.5, 4.5, 5.5] mensal confirmada, rota com forecast_period_semantics_documented=True.",CONFIRMED_BY_FORECAST_PERIOD_SEMANTICS,SCALAR_COORD_ON_VARIABLE,2008-01,2008-01,1,OK_SCALAR_COORD,RANGEEDGES,RANGEEDGES_WINDOW_COORDINATE_MATCH,2008-01-01 00:00:00; 2008-02-01 00:00:00,2008-01-01 00:00:00,"esquema=lead1_igual_mes_inicializacao, representação=NMME_HARMONIZED_MONTHLY",Fazendas_Sinobras_Centroide
2008-01,NOAA_NCEP,CFSv2,2008-01,3,2.5,2008-03,OK,"L.attrs contém termo(s) ['forecast_period'] — indica semântica de lead/target, mas isso sozinho não confirma o valor exato de H3 sem uma variável auxiliar de data-alvo. | nenhuma variável auxiliar de data-alvo (('target', 'valid_time', 'target_month', 'forecast_time')) encontrada no dataset aberto — tentando Método B (semântica documentada do eixo forecast_period, Seção 4). | confirmado pela semântica documentada do eixo forecast_period (Método B, Seção 4/6): inicialização confirmada via SCALAR_COORD_ON_VARIABLE (status=OK_SCALAR_COORD), L.standard_name='forecast_period'/units='months', grade [0.5, 1.5, 2.5, 3.5, 4.5, 5.5] mensal confirmada, rota com forecast_period_semantics_documented=True.",CONFIRMED_BY_FORECAST_PERIOD_SEMANTICS,SCALAR_COORD_ON_VARIABLE,2008-01,2008-01,1,OK_SCALAR_COORD,RANGEEDGES,RANGEEDGES_WINDOW_COORDINATE_MATCH,2008-01-01 00:00:00; 2008-02-01 00:00:00,2008-01-01 00:00:00,"esquema=lead1_igual_mes_inicializacao, representação=NMME_HARMONIZED_MONTHLY",Fazendas_Sinobras_Centroide
2008-01,NOAA_NCEP,CFSv2,2008-01,4,3.5,2008-04,OK,"L.attrs contém termo(s) ['forecast_period'] — indica semântica de lead/target, mas isso sozinho não confirma o valor exato de H4 sem uma variável auxiliar de data-alvo. | nenhuma variável auxiliar de data-alvo (('target', 'valid_time', 'target_month', 'forecast_time')) encontrada no dataset aberto — tentando Método B (semântica documentada do eixo forecast_period, Seção 4). | confirmado pela semântica documentada do eixo forecast_period (Método B, Seção 4/6): inicialização confirmada via SCALAR_COORD_ON_VARIABLE (status=OK_SCALAR_COORD), L.standard_name='forecast_period'/units='months', grade [0.5, 1.5, 2.5, 3.5, 4.5, 5.5] mensal confirmada, rota com forecast_period_semantics_documented=True.",CONFIRMED_BY_FORECAST_PERIOD_SEMANTICS,SCALAR_COORD_ON_VARIABLE,2008-01,2008-01,1,OK_SCALAR_COORD,RANGEEDGES,RANGEEDGES_WINDOW_COORDINATE_MATCH,2008-01-01 00:00:00; 2008-02-01 00:00:00,2008-01-01 00:00:00,"esquema=lead1_igual_mes_inicializacao, representação=NMME_HARMONIZED_MONTHLY",Fazendas_Sinobras_Centroide
2008-01,NOAA_NCEP,CFSv2,2008-01,5,4.5,2008-05,OK,"L.attrs contém termo(s) ['forecast_period'] — indica semântica de lead/target, mas isso sozinho não confirma o valor exato de H5 sem uma variável auxiliar de data-alvo. | nenhuma variável auxiliar de data-alvo (('target', 'valid_time', 'target_month', 'forecast_time')) encontrada no dataset aberto — tentando Método B (semântica documentada do eixo forecast_period, Seção 4). | confirmado pela semântica documentada do eixo forecast_period (Método B, Seção 4/6): inicialização confirmada via SCALAR_COORD_ON_VARIABLE (status=OK_SCALAR_COORD), L.standard_name='forecast_period'/units='months', grade [0.5, 1.5, 2.5, 3.5, 4.5, 5.5] mensal confirmada, rota com forecast_period_semantics_documented=True.",CONFIRMED_BY_FORECAST_PERIOD_SEMANTICS,SCALAR_COORD_ON_VARIABLE,2008-01,2008-01,1,OK_SCALAR_COORD,RANGEEDGES,RANGEEDGES_WINDOW_COORDINATE_MATCH,2008-01-01 00:00:00; 2008-02-01 00:00:00,2008-01-01 00:00:00,"esquema=lead1_igual_mes_inicializacao, representação=NMME_HARMONIZED_MONTHLY",Fazendas_Sinobras_Centroide
2008-01,NOAA_NCEP,CFSv2,2008-01,6,5.5,2008-06,OK,"L.attrs contém termo(s) ['forecast_period'] — indica semântica de lead/target, mas isso sozinho não confirma o valor exato de H6 sem uma variável auxiliar de data-alvo. | nenhuma variável auxiliar de data-alvo (('target', 'valid_time', 'target_month', 'forecast_time')) encontrada no dataset aberto — tentando Método B (semântica documentada do eixo forecast_period, Seção 4). | confirmado pela semântica documentada do eixo forecast_period (Método B, Seção 4/6): inicialização confirmada via SCALAR_COORD_ON_VARIABLE (status=OK_SCALAR_COORD), L.standard_name='forecast_period'/units='months', grade [0.5, 1.5, 2.5, 3.5, 4.5, 5.5] mensal confirmada, rota com forecast_period_semantics_documented=True.",CONFIRMED_BY_FORECAST_PERIOD_SEMANTICS,SCALAR_COORD_ON_VARIABLE,2008-01,2008-01,1,OK_SCALAR_COORD,RANGEEDGES,RANGEEDGES_WINDOW_COORDINATE_MATCH,2008-01-01 00:00:00; 2008-02-01 00:00:00,2008-01-01 00:00:00,"esquema=lead1_igual_mes_inicializacao, representação=NMME_HARMONIZED_MONTHLY",Fazendas_Sinobras_Centroide
2008-02,NOAA_NCEP,CFSv2,2008-02,1,0.5,2008-02,OK,"L.attrs contém termo(s) ['forecast_period'] — indica semântica de lead/target, mas isso sozinho não confirma o valor exato de H1 sem uma variável auxiliar de data-alvo. | nenhuma variável auxiliar de data-alvo (('target', 'valid_time', 'target_month', 'forecast_time')) encontrada no dataset aberto — tentando Método B (semântica documentada do eixo forecast_period, Seção 4). | confirmado pela semântica documentada do eixo forecast_period (Método B, Seção 4/6): inicialização confirmada via SCALAR_COORD_ON_VARIABLE (status=OK_SCALAR_COORD), L.standard_name='forecast_period'/units='months', grade [0.5, 1.5, 2.5, 3.5, 4.5, 5.5] mensal confirmada, rota com forecast_period_semantics_documented=True.",CONFIRMED_BY_FORECAST_PERIOD_SEMANTICS,SCALAR_COORD_ON_VARIABLE,2008-02,2008-02,1,OK_SCALAR_COORD,RANGEEDGES,RANGEEDGES_WINDOW_COORDINATE_MATCH,2008-02-01 00:00:00; 2008-03-01 00:00:00,2008-02-01 00:00:00,"esquema=lead1_igual_mes_inicializacao, representação=NMME_HARMONIZED_MONTHLY",Fazendas_Sinobras_Centroide
2008-02,NOAA_NCEP,CFSv2,2008-02,2,1.5,2008-03,OK,"L.attrs contém termo(s) ['forecast_period'] — indica semântica de lead/target, mas isso sozinho não confirma o valor exato de H2 sem uma variável auxiliar de data-alvo. | nenhuma variável auxiliar de data-alvo (('target', 'valid_time', 'target_month', 'forecast_time')) encontrada no dataset aberto — tentando Método B (semântica documentada do eixo forecast_period, Seção 4). | confirmado pela semântica documentada do eixo forecast_period (Método B, Seção 4/6): inicialização confirmada via SCALAR_COORD_ON_VARIABLE (status=OK_SCALAR_COORD), L.standard_name='forecast_period'/units='months', grade [0.5, 1.5, 2.5, 3.5, 4.5, 5.5] mensal confirmada, rota com forecast_period_semantics_documented=True.",CONFIRMED_BY_FORECAST_PERIOD_SEMANTICS,SCALAR_COORD_ON_VARIABLE,2008-02,2008-02,1,OK_SCALAR_COORD,RANGEEDGES,RANGEEDGES_WINDOW_COORDINATE_MATCH,2008-02-01 00:00:00; 2008-03-01 00:00:00,2008-02-01 00:00:00,"esquema=lead1_igual_mes_inicializacao, representação=NMME_HARMONIZED_MONTHLY",Fazendas_Sinobras_Centroide
2008-02,NOAA_NCEP,CFSv2,2008-02,3,2.5,2008-04,OK,"L.attrs contém termo(s) ['forecast_period'] — indica semântica de lead/target, mas isso sozinho não confirma o valor exato de H3 sem uma variável auxiliar de data-alvo. | nenhuma variável auxiliar de data-alvo (('target', 'valid_time', 'target_month', 'forecast_time')) encontrada no dataset aberto — tentando Método B (semântica documentada do eixo forecast_period, Seção 4). | confirmado pela semântica documentada do eixo forecast_period (Método B, Seção 4/6): inicialização confirmada via SCALAR_COORD_ON_VARIABLE (status=OK_SCALAR_COORD), L.standard_name='forecast_period'/units='months', grade [0.5, 1.5, 2.5, 3.5, 4.5, 5.5] mensal confirmada, rota com forecast_period_semantics_documented=True.",CONFIRMED_BY_FORECAST_PERIOD_SEMANTICS,SCALAR_COORD_ON_VARIABLE,2008-02,2008-02,1,OK_SCALAR_COORD,RANGEEDGES,RANGEEDGES_WINDOW_COORDINATE_MATCH,2008-02-01 00:00:00; 2008-03-01 00:00:00,2008-02-01 00:00:00,"esquema=lead1_igual_mes_inicializacao, representação=NMME_HARMONIZED_MONTHLY",Fazendas_Sinobras_Centroide
2008-02,NOAA_NCEP,CFSv2,2008-02,4,3.5,2008-05,OK,"L.attrs contém termo(s) ['forecast_period'] — indica semântica de lead/target, mas isso sozinho não confirma o valor exato de H4 sem uma variável auxiliar de data-alvo. | nenhuma variável auxiliar de data-alvo (('target', 'valid_time', 'target_month', 'forecast_time')) encontrada no dataset aberto — tentando Método B (semântica documentada do eixo forecast_period, Seção 4). | confirmado pela semântica documentada do eixo forecast_period (Método B, Seção 4/6): inicialização confirmada via SCALAR_COORD_ON_VARIABLE (status=OK_SCALAR_COORD), L.standard_name='forecast_period'/units='months', grade [0.5, 1.5, 2.5, 3.5, 4.5, 5.5] mensal confirmada, rota com forecast_period_semantics_documented=True.",CONFIRMED_BY_FORECAST_PERIOD_SEMANTICS,SCALAR_COORD_ON_VARIABLE,2008-02,2008-02,1,OK_SCALAR_COORD,RANGEEDGES,RANGEEDGES_WINDOW_COORDINATE_MATCH,2008-02-01 00:00:00; 2008-03-01 00:00:00,2008-02-01 00:00:00,"esquema=lead1_igual_mes_inicializacao, representação=NMME_HARMONIZED_MONTHLY",Fazendas_Sinobras_Centroide
2008-02,NOAA_NCEP,CFSv2,2008-02,5,4.5,2008-06,OK,"L.attrs contém termo(s) ['forecast_period'] — indica semântica de lead/target, mas isso sozinho não confirma o valor exato de H5 sem uma variável auxiliar de data-alvo. | nenhuma variável auxiliar de data-alvo (('target', 'valid_time', 'target_month', 'forecast_time')) encontrada no dataset aberto — tentando Método B (semântica documentada do eixo forecast_period, Seção 4). | confirmado pela semântica documentada do eixo forecast_period (Método B, Seção 4/6): inicialização confirmada via SCALAR_COORD_ON_VARIABLE (status=OK_SCALAR_COORD), L.standard_name='forecast_period'/units='months', grade [0.5, 1.5, 2.5, 3.5, 4.5, 5.5] mensal confirmada, rota com forecast_period_semantics_documented=True.",CONFIRMED_BY_FORECAST_PERIOD_SEMANTICS,SCALAR_COORD_ON_VARIABLE,2008-02,2008-02,1,OK_SCALAR_COORD,RANGEEDGES,RANGEEDGES_WINDOW_COORDINATE_MATCH,2008-02-01 00:00:00; 2008-03-01 00:00:00,2008-02-01 00:00:00,"esquema=lead1_igual_mes_inicializacao, representação=NMME_HARMONIZED_MONTHLY",Fazendas_Sinobras_Centroide
2008-02,NOAA_NCEP,CFSv2,2008-02,6,5.5,2008-07,OK,"L.attrs contém termo(s) ['forecast_period'] — indica semântica de lead/target, mas isso sozinho não confirma o valor exato de H6 sem uma variável auxiliar de data-alvo. | nenhuma variável auxiliar de data-alvo (('target', 'valid_time', 'target_month', 'forecast_time')) encontrada no dataset aberto — tentando Método B (semântica documentada do eixo forecast_period, Seção 4). | confirmado pela semântica documentada do eixo forecast_period (Método B, Seção 4/6): inicialização confirmada via SCALAR_COORD_ON_VARIABLE (status=OK_SCALAR_COORD), L.standard_name='forecast_period'/units='months', grade [0.5, 1.5, 2.5, 3.5, 4.5, 5.5] mensal confirmada, rota com forecast_period_semantics_documented=True.",CONFIRMED_BY_FORECAST_PERIOD_SEMANTICS,SCALAR_COORD_ON_VARIABLE,2008-02,2008-02,1,OK_SCALAR_COORD,RANGEEDGES,RANGEEDGES_WINDOW_COORDINATE_MATCH,2008-02-01 00:00:00; 2008-03-01 00:00:00,2008-02-01 00:00:00,"esquema=lead1_igual_mes_inicializacao, representação=NMME_HARMONIZED_MONTHLY",Fazendas_Sinobras_Centroide
2008-03,NOAA_NCEP,CFSv2,2008-03,1,0.5,2008-03,OK,"L.attrs contém termo(s) ['forecast_period'] — indica semântica de lead/target, mas isso sozinho não confirma o valor exato de H1 sem uma variável auxiliar de data-alvo. | nenhuma variável auxiliar de data-alvo (('target', 'valid_time', 'target_month', 'forecast_time')) encontrada no dataset aberto — tentando Método B (semântica documentada do eixo forecast_period, Seção 4). | confirmado pela semântica documentada do eixo forecast_period (Método B, Seção 4/6): inicialização confirmada via SCALAR_COORD_ON_VARIABLE (status=OK_SCALAR_COORD), L.standard_name='forecast_period'/units='months', grade [0.5, 1.5, 2.5, 3.5, 4.5, 5.5] mensal confirmada, rota com forecast_period_semantics_documented=True.",CONFIRMED_BY_FORECAST_PERIOD_SEMANTICS,SCALAR_COORD_ON_VARIABLE,2008-03,2008-03,1,OK_SCALAR_COORD,RANGEEDGES,RANGEEDGES_WINDOW_COORDINATE_MATCH,2008-03-01 00:00:00; 2008-04-01 00:00:00,2008-03-01 00:00:00,"esquema=lead1_igual_mes_inicializacao, representação=NMME_HARMONIZED_MONTHLY",Fazendas_Sinobras_Centroide
2008-03,NOAA_NCEP,CFSv2,2008-03,2,1.5,2008-04,OK,"L.attrs contém termo(s) ['forecast_period'] — indica semântica de lead/target, mas isso sozinho não confirma o valor exato de H2 sem uma variável auxiliar de data-alvo. | nenhuma variável auxiliar de data-alvo (('target', 'valid_time', 'target_month', 'forecast_time')) encontrada no dataset aberto — tentando Método B (semântica documentada do eixo forecast_period, Seção 4). | confirmado pela semântica documentada do eixo forecast_period (Método B, Seção 4/6): inicialização confirmada via SCALAR_COORD_ON_VARIABLE (status=OK_SCALAR_COORD), L.standard_name='forecast_period'/units='months', grade [0.5, 1.5, 2.5, 3.5, 4.5, 5.5] mensal confirmada, rota com forecast_period_semantics_documented=True.",CONFIRMED_BY_FORECAST_PERIOD_SEMANTICS,SCALAR_COORD_ON_VARIABLE,2008-03,2008-03,1,OK_SCALAR_COORD,RANGEEDGES,RANGEEDGES_WINDOW_COORDINATE_MATCH,2008-03-01 00:00:00; 2008-04-01 00:00:00,2008-03-01 00:00:00,"esquema=lead1_igual_mes_inicializacao, representação=NMME_HARMONIZED_MONTHLY",Fazendas_Sinobras_Centroide
2008-03,NOAA_NCEP,CFSv2,2008-03,3,2.5,2008-05,OK,"L.attrs contém termo(s) ['forecast_period'] — indica semântica de lead/target, mas isso sozinho não confirma o valor exato de H3 sem uma variável auxiliar de data-alvo. | nenhuma variável auxiliar de data-alvo (('target', 'valid_time', 'target_month', 'forecast_time')) encontrada no dataset aberto — tentando Método B (semântica documentada do eixo forecast_period, Seção 4). | confirmado pela semântica documentada do eixo forecast_period (Método B, Seção 4/6): inicialização confirmada via SCALAR_COORD_ON_VARIABLE (status=OK_SCALAR_COORD), L.standard_name='forecast_period'/units='months', grade [0.5, 1.5, 2.5, 3.5, 4.5, 5.5] mensal confirmada, rota com forecast_period_semantics_documented=True.",CONFIRMED_BY_FORECAST_PERIOD_SEMANTICS,SCALAR_COORD_ON_VARIABLE,2008-03,2008-03,1,OK_SCALAR_COORD,RANGEEDGES,RANGEEDGES_WINDOW_COORDINATE_MATCH,2008-03-01 00:00:00; 2008-04-01 00:00:00,2008-03-01 00:00:00,"esquema=lead1_igual_mes_inicializacao, representação=NMME_HARMONIZED_MONTHLY",Fazendas_Sinobras_Centroide
2008-03,NOAA_NCEP,CFSv2,2008-03,4,3.5,2008-06,OK,"L.attrs contém termo(s) ['forecast_period'] — indica semântica de lead/target, mas isso sozinho não confirma o valor exato de H4 sem uma variável auxiliar de data-alvo. | nenhuma variável auxiliar de data-alvo (('target', 'valid_time', 'target_month', 'forecast_time')) encontrada no dataset aberto — tentando Método B (semântica documentada do eixo forecast_period, Seção 4). | confirmado pela semântica documentada do eixo forecast_period (Método B, Seção 4/6): inicialização confirmada via SCALAR_COORD_ON_VARIABLE (status=OK_SCALAR_COORD), L.standard_name='forecast_period'/units='months', grade [0.5, 1.5, 2.5, 3.5, 4.5, 5.5] mensal confirmada, rota com forecast_period_semantics_documented=True.",CONFIRMED_BY_FORECAST_PERIOD_SEMANTICS,SCALAR_COORD_ON_VARIABLE,2008-03,2008-03,1,OK_SCALAR_COORD,RANGEEDGES,RANGEEDGES_WINDOW_COORDINATE_MATCH,2008-03-01 00:00:00; 2008-04-01 00:00:00,2008-03-01 00:00:00,"esquema=lead1_igual_mes_inicializacao, representação=NMME_HARMONIZED_MONTHLY",Fazendas_Sinobras_Centroide
2008-03,NOAA_NCEP,CFSv2,2008-03,5,4.5,2008-07,OK,"L.attrs contém termo(s) ['forecast_period'] — indica semântica de lead/target, mas isso sozinho não confirma o valor exato de H5 sem uma variável auxiliar de data-alvo. | nenhuma variável auxiliar de data-alvo (('target', 'valid_time', 'target_month', 'forecast_time')) encontrada no dataset aberto — tentando Método B (semântica documentada do eixo forecast_period, Seção 4). | confirmado pela semântica documentada do eixo forecast_period (Método B, Seção 4/6): inicialização confirmada via SCALAR_COORD_ON_VARIABLE (status=OK_SCALAR_COORD), L.standard_name='forecast_period'/units='months', grade [0.5, 1.5, 2.5, 3.5, 4.5, 5.5] mensal confirmada, rota com forecast_period_semantics_documented=True.",CONFIRMED_BY_FORECAST_PERIOD_SEMANTICS,SCALAR_COORD_ON_VARIABLE,2008-03,2008-03,1,OK_SCALAR_COORD,RANGEEDGES,RANGEEDGES_WINDOW_COORDINATE_MATCH,2008-03-01 00:00:00; 2008-04-01 00:00:00,2008-03-01 00:00:00,"esquema=lead1_igual_mes_inicializacao, representação=NMME_HARMONIZED_MONTHLY",Fazendas_Sinobras_Centroide
2008-03,NOAA_NCEP,CFSv2,2008-03,6,5.5,2008-08,OK,"L.attrs contém termo(s) ['forecast_period'] — indica semântica de lead/target, mas isso sozinho não confirma o valor exato de H6 sem uma variável auxiliar de data-alvo. | nenhuma variável auxiliar de data-alvo (('target', 'valid_time', 'target_month', 'forecast_time')) encontrada no dataset aberto — tentando Método B (semântica documentada do eixo forecast_period, Seção 4). | confirmado pela semântica documentada do eixo forecast_period (Método B, Seção 4/6): inicialização confirmada via SCALAR_COORD_ON_VARIABLE (status=OK_SCALAR_COORD), L.standard_name='forecast_period'/units='months', grade [0.5, 1.5, 2.5, 3.5, 4.5, 5.5] mensal confirmada, rota com forecast_period_semantics_documented=True.",CONFIRMED_BY_FORECAST_PERIOD_SEMANTICS,SCALAR_COORD_ON_VARIABLE,2008-03,2008-03,1,OK_SCALAR_COORD,RANGEEDGES,RANGEEDGES_WINDOW_COORDINATE_MATCH,2008-03-01 00:00:00; 2008-04-01 00:00:00,2008-03-01 00:00:00,"esquema=lead1_igual_mes_inicializacao, representação=NMME_HARMONIZED_MONTHLY",Fazendas_Sinobras_Centroide
2008-04,NOAA_NCEP,CFSv2,2008-04,1,0.5,2008-04,OK,"L.attrs contém termo(s) ['forecast_period'] — indica semântica de lead/target, mas isso sozinho não confirma o valor exato de H1 sem uma variável auxiliar de data-alvo. | nenhuma variável auxiliar de data-alvo (('target', 'valid_time', 'target_month', 'forecast_time')) encontrada no dataset aberto — tentando Método B (semântica documentada do eixo forecast_period, Seção 4). | confirmado pela semântica documentada do eixo forecast_period (Método B, Seção 4/6): inicialização confirmada via SCALAR_COORD_ON_VARIABLE (status=OK_SCALAR_COORD), L.standard_name='forecast_period'/units='months', grade [0.5, 1.5, 2.5, 3.5, 4.5, 5.5] mensal confirmada, rota com forecast_period_semantics_documented=True.",CONFIRMED_BY_FORECAST_PERIOD_SEMANTICS,SCALAR_COORD_ON_VARIABLE,2008-04,2008-04,1,OK_SCALAR_COORD,RANGEEDGES,RANGEEDGES_WINDOW_COORDINATE_MATCH,2008-04-01 00:00:00; 2008-05-01 00:00:00,2008-04-01 00:00:00,"esquema=lead1_igual_mes_inicializacao, representação=NMME_HARMONIZED_MONTHLY",Fazendas_Sinobras_Centroide
2008-04,NOAA_NCEP,CFSv2,2008-04,2,1.5,2008-05,OK,"L.attrs contém termo(s) ['forecast_period'] — indica semântica de lead/target, mas isso sozinho não confirma o valor exato de H2 sem uma variável auxiliar de data-alvo. | nenhuma variável auxiliar de data-alvo (('target', 'valid_time', 'target_month', 'forecast_time')) encontrada no dataset aberto — tentando Método B (semântica documentada do eixo forecast_period, Seção 4). | confirmado pela semântica documentada do eixo forecast_period (Método B, Seção 4/6): inicialização confirmada via SCALAR_COORD_ON_VARIABLE (status=OK_SCALAR_COORD), L.standard_name='forecast_period'/units='months', grade [0.5, 1.5, 2.5, 3.5, 4.5, 5.5] mensal confirmada, rota com forecast_period_semantics_documented=True.",CONFIRMED_BY_FORECAST_PERIOD_SEMANTICS,SCALAR_COORD_ON_VARIABLE,2008-04,2008-04,1,OK_SCALAR_COORD,RANGEEDGES,RANGEEDGES_WINDOW_COORDINATE_MATCH,2008-04-01 00:00:00; 2008-05-01 00:00:00,2008-04-01 00:00:00,"esquema=lead1_igual_mes_inicializacao, representação=NMME_HARMONIZED_MONTHLY",Fazendas_Sinobras_Centroide
2008-04,NOAA_NCEP,CFSv2,2008-04,3,2.5,2008-06,OK,"L.attrs contém termo(s) ['forecast_period'] — indica semântica de lead/target, mas isso sozinho não confirma o valor exato de H3 sem uma variável auxiliar de data-alvo. | nenhuma variável auxiliar de data-alvo (('target', 'valid_time', 'target_month', 'forecast_time')) encontrada no dataset aberto — tentando Método B (semântica documentada do eixo forecast_period, Seção 4). | confirmado pela semântica documentada do eixo forecast_period (Método B, Seção 4/6): inicialização confirmada via SCALAR_COORD_ON_VARIABLE (status=OK_SCALAR_COORD), L.standard_name='forecast_period'/units='months', grade [0.5, 1.5, 2.5, 3.5, 4.5, 5.5] mensal confirmada, rota com forecast_period_semantics_documented=True.",CONFIRMED_BY_FORECAST_PERIOD_SEMANTICS,SCALAR_COORD_ON_VARIABLE,2008-04,2008-04,1,OK_SCALAR_COORD,RANGEEDGES,RANGEEDGES_WINDOW_COORDINATE_MATCH,2008-04-01 00:00:00; 2008-05-01 00:00:00,2008-04-01 00:00:00,"esquema=lead1_igual_mes_inicializacao, representação=NMME_HARMONIZED_MONTHLY",Fazendas_Sinobras_Centroide
2008-04,NOAA_NCEP,CFSv2,2008-04,4,3.5,2008-07,OK,"L.attrs contém termo(s) ['forecast_period'] — indica semântica de lead/target, mas isso sozinho não confirma o valor exato de H4 sem uma variável auxiliar de data-alvo. | nenhuma variável auxiliar de data-alvo (('target', 'valid_time', 'target_month', 'forecast_time')) encontrada no dataset aberto — tentando Método B (semântica documentada do eixo forecast_period, Seção 4). | confirmado pela semântica documentada do eixo forecast_period (Método B, Seção 4/6): inicialização confirmada via SCALAR_COORD_ON_VARIABLE (status=OK_SCALAR_COORD), L.standard_name='forecast_period'/units='months', grade [0.5, 1.5, 2.5, 3.5, 4.5, 5.5] mensal confirmada, rota com forecast_period_semantics_documented=True.",CONFIRMED_BY_FORECAST_PERIOD_SEMANTICS,SCALAR_COORD_ON_VARIABLE,2008-04,2008-04,1,OK_SCALAR_COORD,RANGEEDGES,RANGEEDGES_WINDOW_COORDINATE_MATCH,2008-04-01 00:00:00; 2008-05-01 00:00:00,2008-04-01 00:00:00,"esquema=lead1_igual_mes_inicializacao, representação=NMME_HARMONIZED_MONTHLY",Fazendas_Sinobras_Centroide
2008-04,NOAA_NCEP,CFSv2,2008-04,5,4.5,2008-08,OK,"L.attrs contém termo(s) ['forecast_period'] — indica semântica de lead/target, mas isso sozinho não confirma o valor exato de H5 sem uma variável auxiliar de data-alvo. | nenhuma variável auxiliar de data-alvo (('target', 'valid_time', 'target_month', 'forecast_time')) encontrada no dataset aberto — tentando Método B (semântica documentada do eixo forecast_period, Seção 4). | confirmado pela semântica documentada do eixo forecast_period (Método B, Seção 4/6): inicialização confirmada via SCALAR_COORD_ON_VARIABLE (status=OK_SCALAR_COORD), L.standard_name='forecast_period'/units='months', grade [0.5, 1.5, 2.5, 3.5, 4.5, 5.5] mensal confirmada, rota com forecast_period_semantics_documented=True.",CONFIRMED_BY_FORECAST_PERIOD_SEMANTICS,SCALAR_COORD_ON_VARIABLE,2008-04,2008-04,1,OK_SCALAR_COORD,RANGEEDGES,RANGEEDGES_WINDOW_COORDINATE_MATCH,2008-04-01 00:00:00; 2008-05-01 00:00:00,2008-04-01 00:00:00,"esquema=lead1_igual_mes_inicializacao, representação=NMME_HARMONIZED_MONTHLY",Fazendas_Sinobras_Centroide
2008-04,NOAA_NCEP,CFSv2,2008-04,6,5.5,2008-09,OK,"L.attrs contém termo(s) ['forecast_period'] — indica semântica de lead/target, mas isso sozinho não confirma o valor exato de H6 sem uma variável auxiliar de data-alvo. | nenhuma variável auxiliar de data-alvo (('target', 'valid_time', 'target_month', 'forecast_time')) encontrada no dataset aberto — tentando Método B (semântica documentada do eixo forecast_period, Seção 4). | confirmado pela semântica documentada do eixo forecast_period (Método B, Seção 4/6): inicialização confirmada via SCALAR_COORD_ON_VARIABLE (status=OK_SCALAR_COORD), L.standard_name='forecast_period'/units='months', grade [0.5, 1.5, 2.5, 3.5, 4.5, 5.5] mensal confirmada, rota com forecast_period_semantics_documented=True.",CONFIRMED_BY_FORECAST_PERIOD_SEMANTICS,SCALAR_COORD_ON_VARIABLE,2008-04,2008-04,1,OK_SCALAR_COORD,RANGEEDGES,RANGEEDGES_WINDOW_COORDINATE_MATCH,2008-04-01 00:00:00; 2008-05-01 00:00:00,2008-04-01 00:00:00,"esquema=lead1_igual_mes_inicializacao, representação=NMME_HARMONIZED_MONTHLY",Fazendas_Sinobras_Centroide
2008-05,NOAA_NCEP,CFSv2,2008-05,1,0.5,2008-05,OK,"L.attrs contém termo(s) ['forecast_period'] — indica semântica de lead/target, mas isso sozinho não confirma o valor exato de H1 sem uma variável auxiliar de data-alvo. | nenhuma variável auxiliar de data-alvo (('target', 'valid_time', 'target_month', 'forecast_time')) encontrada no dataset aberto — tentando Método B (semântica documentada do eixo forecast_period, Seção 4). | confirmado pela semântica documentada do eixo forecast_period (Método B, Seção 4/6): inicialização confirmada via SCALAR_COORD_ON_VARIABLE (status=OK_SCALAR_COORD), L.standard_name='forecast_period'/units='months', grade [0.5, 1.5, 2.5, 3.5, 4.5, 5.5] mensal confirmada, rota com forecast_period_semantics_documented=True.",CONFIRMED_BY_FORECAST_PERIOD_SEMANTICS,SCALAR_COORD_ON_VARIABLE,2008-05,2008-05,1,OK_SCALAR_COORD,RANGEEDGES,RANGEEDGES_WINDOW_COORDINATE_MATCH,2008-05-01 00:00:00; 2008-06-01 00:00:00,2008-05-01 00:00:00,"esquema=lead1_igual_mes_inicializacao, representação=NMME_HARMONIZED_MONTHLY",Fazendas_Sinobras_Centroide
2008-05,NOAA_NCEP,CFSv2,2008-05,2,1.5,2008-06,OK,"L.attrs contém termo(s) ['forecast_period'] — indica semântica de lead/target, mas isso sozinho não confirma o valor exato de H2 sem uma variável auxiliar de data-alvo. | nenhuma variável auxiliar de data-alvo (('target', 'valid_time', 'target_month', 'forecast_time')) encontrada no dataset aberto — tentando Método B (semântica documentada do eixo forecast_period, Seção 4). | confirmado pela semântica documentada do eixo forecast_period (Método B, Seção 4/6): inicialização confirmada via SCALAR_COORD_ON_VARIABLE (status=OK_SCALAR_COORD), L.standard_name='forecast_period'/units='months', grade [0.5, 1.5, 2.5, 3.5, 4.5, 5.5] mensal confirmada, rota com forecast_period_semantics_documented=True.",CONFIRMED_BY_FORECAST_PERIOD_SEMANTICS,SCALAR_COORD_ON_VARIABLE,2008-05,2008-05,1,OK_SCALAR_COORD,RANGEEDGES,RANGEEDGES_WINDOW_COORDINATE_MATCH,2008-05-01 00:00:00; 2008-06-01 00:00:00,2008-05-01 00:00:00,"esquema=lead1_igual_mes_inicializacao, representação=NMME_HARMONIZED_MONTHLY",Fazendas_Sinobras_Centroide
2008-05,NOAA_NCEP,CFSv2,2008-05,3,2.5,2008-07,OK,"L.attrs contém termo(s) ['forecast_period'] — indica semântica de lead/target, mas isso sozinho não confirma o valor exato de H3 sem uma variável auxiliar de data-alvo. | nenhuma variável auxiliar de data-alvo (('target', 'valid_time', 'target_month', 'forecast_time')) encontrada no dataset aberto — tentando Método B (semântica documentada do eixo forecast_period, Seção 4). | confirmado pela semântica documentada do eixo forecast_period (Método B, Seção 4/6): inicialização confirmada via SCALAR_COORD_ON_VARIABLE (status=OK_SCALAR_COORD), L.standard_name='forecast_period'/units='months', grade [0.5, 1.5, 2.5, 3.5, 4.5, 5.5] mensal confirmada, rota com forecast_period_semantics_documented=True.",CONFIRMED_BY_FORECAST_PERIOD_SEMANTICS,SCALAR_COORD_ON_VARIABLE,2008-05,2008-05,1,OK_SCALAR_COORD,RANGEEDGES,RANGEEDGES_WINDOW_COORDINATE_MATCH,2008-05-01 00:00:00; 2008-06-01 00:00:00,2008-05-01 00:00:00,"esquema=lead1_igual_mes_inicializacao, representação=NMME_HARMONIZED_MONTHLY",Fazendas_Sinobras_Centroide
2008-05,NOAA_NCEP,CFSv2,2008-05,4,3.5,2008-08,OK,"L.attrs contém termo(s) ['forecast_period'] — indica semântica de lead/target, mas isso sozinho não confirma o valor exato de H4 sem uma variável auxiliar de data-alvo. | nenhuma variável auxiliar de data-alvo (('target', 'valid_time', 'target_month', 'forecast_time')) encontrada no dataset aberto — tentando Método B (semântica documentada do eixo forecast_period, Seção 4). | confirmado pela semântica documentada do eixo forecast_period (Método B, Seção 4/6): inicialização confirmada via SCALAR_COORD_ON_VARIABLE (status=OK_SCALAR_COORD), L.standard_name='forecast_period'/units='months', grade [0.5, 1.5, 2.5, 3.5, 4.5, 5.5] mensal confirmada, rota com forecast_period_semantics_documented=True.",CONFIRMED_BY_FORECAST_PERIOD_SEMANTICS,SCALAR_COORD_ON_VARIABLE,2008-05,2008-05,1,OK_SCALAR_COORD,RANGEEDGES,RANGEEDGES_WINDOW_COORDINATE_MATCH,2008-05-01 00:00:00; 2008-06-01 00:00:00,2008-05-01 00:00:00,"esquema=lead1_igual_mes_inicializacao, representação=NMME_HARMONIZED_MONTHLY",Fazendas_Sinobras_Centroide
2008-05,NOAA_NCEP,CFSv2,2008-05,5,4.5,2008-09,OK,"L.attrs contém termo(s) ['forecast_period'] — indica semântica de lead/target, mas isso sozinho não confirma o valor exato de H5 sem uma variável auxiliar de data-alvo. | nenhuma variável auxiliar de data-alvo (('target', 'valid_time', 'target_month', 'forecast_time')) encontrada no dataset aberto — tentando Método B (semântica documentada do eixo forecast_period, Seção 4). | confirmado pela semântica documentada do eixo forecast_period (Método B, Seção 4/6): inicialização confirmada via SCALAR_COORD_ON_VARIABLE (status=OK_SCALAR_COORD), L.standard_name='forecast_period'/units='months', grade [0.5, 1.5, 2.5, 3.5, 4.5, 5.5] mensal confirmada, rota com forecast_period_semantics_documented=True.",CONFIRMED_BY_FORECAST_PERIOD_SEMANTICS,SCALAR_COORD_ON_VARIABLE,2008-05,2008-05,1,OK_SCALAR_COORD,RANGEEDGES,RANGEEDGES_WINDOW_COORDINATE_MATCH,2008-05-01 00:00:00; 2008-06-01 00:00:00,2008-05-01 00:00:00,"esquema=lead1_igual_mes_inicializacao, representação=NMME_HARMONIZED_MONTHLY",Fazendas_Sinobras_Centroide
2008-05,NOAA_NCEP,CFSv2,2008-05,6,5.5,2008-10,OK,"L.attrs contém termo(s) ['forecast_period'] — indica semântica de lead/target, mas isso sozinho não confirma o valor exato de H6 sem uma variável auxiliar de data-alvo. | nenhuma variável auxiliar de data-alvo (('target', 'valid_time', 'target_month', 'forecast_time')) encontrada no dataset aberto — tentando Método B (semântica documentada do eixo forecast_period, Seção 4). | confirmado pela semântica documentada do eixo forecast_period (Método B, Seção 4/6): inicialização confirmada via SCALAR_COORD_ON_VARIABLE (status=OK_SCALAR_COORD), L.standard_name='forecast_period'/units='months', grade [0.5, 1.5, 2.5, 3.5, 4.5, 5.5] mensal confirmada, rota com forecast_period_semantics_documented=True.",CONFIRMED_BY_FORECAST_PERIOD_SEMANTICS,SCALAR_COORD_ON_VARIABLE,2008-05,2008-05,1,OK_SCALAR_COORD,RANGEEDGES,RANGEEDGES_WINDOW_COORDINATE_MATCH,2008-05-01 00:00:00; 2008-06-01 00:00:00,2008-05-01 00:00:00,"esquema=lead1_igual_mes_inicializacao, representação=NMME_HARMONIZED_MONTHLY",Fazendas_Sinobras_Centroide
2008-06,NOAA_NCEP,CFSv2,2008-06,1,0.5,2008-06,OK,"L.attrs contém termo(s) ['forecast_period'] — indica semântica de lead/target, mas isso sozinho não confirma o valor exato de H1 sem uma variável auxiliar de data-alvo. | nenhuma variável auxiliar de data-alvo (('target', 'valid_time', 'target_month', 'forecast_time')) encontrada no dataset aberto — tentando Método B (semântica documentada do eixo forecast_period, Seção 4). | confirmado pela semântica documentada do eixo forecast_period (Método B, Seção 4/6): inicialização confirmada via SCALAR_COORD_ON_VARIABLE (status=OK_SCALAR_COORD), L.standard_name='forecast_period'/units='months', grade [0.5, 1.5, 2.5, 3.5, 4.5, 5.5] mensal confirmada, rota com forecast_period_semantics_documented=True.",CONFIRMED_BY_FORECAST_PERIOD_SEMANTICS,SCALAR_COORD_ON_VARIABLE,2008-06,2008-06,1,OK_SCALAR_COORD,RANGEEDGES,RANGEEDGES_WINDOW_COORDINATE_MATCH,2008-06-01 00:00:00; 2008-07-01 00:00:00,2008-06-01 00:00:00,"esquema=lead1_igual_mes_inicializacao, representação=NMME_HARMONIZED_MONTHLY",Fazendas_Sinobras_Centroide
2008-06,NOAA_NCEP,CFSv2,2008-06,2,1.5,2008-07,OK,"L.attrs contém termo(s) ['forecast_period'] — indica semântica de lead/target, mas isso sozinho não confirma o valor exato de H2 sem uma variável auxiliar de data-alvo. | nenhuma variável auxiliar de data-alvo (('target', 'valid_time', 'target_month', 'forecast_time')) encontrada no dataset aberto — tentando Método B (semântica documentada do eixo forecast_period, Seção 4). | confirmado pela semântica documentada do eixo forecast_period (Método B, Seção 4/6): inicialização confirmada via SCALAR_COORD_ON_VARIABLE (status=OK_SCALAR_COORD), L.standard_name='forecast_period'/units='months', grade [0.5, 1.5, 2.5, 3.5, 4.5, 5.5] mensal confirmada, rota com forecast_period_semantics_documented=True.",CONFIRMED_BY_FORECAST_PERIOD_SEMANTICS,SCALAR_COORD_ON_VARIABLE,2008-06,2008-06,1,OK_SCALAR_COORD,RANGEEDGES,RANGEEDGES_WINDOW_COORDINATE_MATCH,2008-06-01 00:00:00; 2008-07-01 00:00:00,2008-06-01 00:00:00,"esquema=lead1_igual_mes_inicializacao, representação=NMME_HARMONIZED_MONTHLY",Fazendas_Sinobras_Centroide
2008-06,NOAA_NCEP,CFSv2,2008-06,3,2.5,2008-08,OK,"L.attrs contém termo(s) ['forecast_period'] — indica semântica de lead/target, mas isso sozinho não confirma o valor exato de H3 sem uma variável auxiliar de data-alvo. | nenhuma variável auxiliar de data-alvo (('target', 'valid_time', 'target_month', 'forecast_time')) encontrada no dataset aberto — tentando Método B (semântica documentada do eixo forecast_period, Seção 4). | confirmado pela semântica documentada do eixo forecast_period (Método B, Seção 4/6): inicialização confirmada via SCALAR_COORD_ON_VARIABLE (status=OK_SCALAR_COORD), L.standard_name='forecast_period'/units='months', grade [0.5, 1.5, 2.5, 3.5, 4.5, 5.5] mensal confirmada, rota com forecast_period_semantics_documented=True.",CONFIRMED_BY_FORECAST_PERIOD_SEMANTICS,SCALAR_COORD_ON_VARIABLE,2008-06,2008-06,1,OK_SCALAR_COORD,RANGEEDGES,RANGEEDGES_WINDOW_COORDINATE_MATCH,2008-06-01 00:00:00; 2008-07-01 00:00:00,2008-06-01 00:00:00,"esquema=lead1_igual_mes_inicializacao, representação=NMME_HARMONIZED_MONTHLY",Fazendas_Sinobras_Centroide
2008-06,NOAA_NCEP,CFSv2,2008-06,4,3.5,2008-09,OK,"L.attrs contém termo(s) ['forecast_period'] — indica semântica de lead/target, mas isso sozinho não confirma o valor exato de H4 sem uma variável auxiliar de data-alvo. | nenhuma variável auxiliar de data-alvo (('target', 'valid_time', 'target_month', 'forecast_time')) encontrada no dataset aberto — tentando Método B (semântica documentada do eixo forecast_period, Seção 4). | confirmado pela semântica documentada do eixo forecast_period (Método B, Seção 4/6): inicialização confirmada via SCALAR_COORD_ON_VARIABLE (status=OK_SCALAR_COORD), L.standard_name='forecast_period'/units='months', grade [0.5, 1.5, 2.5, 3.5, 4.5, 5.5] mensal confirmada, rota com forecast_period_semantics_documented=True.",CONFIRMED_BY_FORECAST_PERIOD_SEMANTICS,SCALAR_COORD_ON_VARIABLE,2008-06,2008-06,1,OK_SCALAR_COORD,RANGEEDGES,RANGEEDGES_WINDOW_COORDINATE_MATCH,2008-06-01 00:00:00; 2008-07-01 00:00:00,2008-06-01 00:00:00,"esquema=lead1_igual_mes_inicializacao, representação=NMME_HARMONIZED_MONTHLY",Fazendas_Sinobras_Centroide
2008-06,NOAA_NCEP,CFSv2,2008-06,5,4.5,2008-10,OK,"L.attrs contém termo(s) ['forecast_period'] — indica semântica de lead/target, mas isso sozinho não confirma o valor exato de H5 sem uma variável auxiliar de data-alvo. | nenhuma variável auxiliar de data-alvo (('target', 'valid_time', 'target_month', 'forecast_time')) encontrada no dataset aberto — tentando Método B (semântica documentada do eixo forecast_period, Seção 4). | confirmado pela semântica documentada do eixo forecast_period (Método B, Seção 4/6): inicialização confirmada via SCALAR_COORD_ON_VARIABLE (status=OK_SCALAR_COORD), L.standard_name='forecast_period'/units='months', grade [0.5, 1.5, 2.5, 3.5, 4.5, 5.5] mensal confirmada, rota com forecast_period_semantics_documented=True.",CONFIRMED_BY_FORECAST_PERIOD_SEMANTICS,SCALAR_COORD_ON_VARIABLE,2008-06,2008-06,1,OK_SCALAR_COORD,RANGEEDGES,RANGEEDGES_WINDOW_COORDINATE_MATCH,2008-06-01 00:00:00; 2008-07-01 00:00:00,2008-06-01 00:00:00,"esquema=lead1_igual_mes_inicializacao, representação=NMME_HARMONIZED_MONTHLY",Fazendas_Sinobras_Centroide
2008-06,NOAA_NCEP,CFSv2,2008-06,6,5.5,2008-11,OK,"L.attrs contém termo(s) ['forecast_period'] — indica semântica de lead/target, mas isso sozinho não confirma o valor exato de H6 sem uma variável auxiliar de data-alvo. | nenhuma variável auxiliar de data-alvo (('target', 'valid_time', 'target_month', 'forecast_time')) encontrada no dataset aberto — tentando Método B (semântica documentada do eixo forecast_period, Seção 4). | confirmado pela semântica documentada do eixo forecast_period (Método B, Seção 4/6): inicialização confirmada via SCALAR_COORD_ON_VARIABLE (status=OK_SCALAR_COORD), L.standard_name='forecast_period'/units='months', grade [0.5, 1.5, 2.5, 3.5, 4.5, 5.5] mensal confirmada, rota com forecast_period_semantics_documented=True.",CONFIRMED_BY_FORECAST_PERIOD_SEMANTICS,SCALAR_COORD_ON_VARIABLE,2008-06,2008-06,1,OK_SCALAR_COORD,RANGEEDGES,RANGEEDGES_WINDOW_COORDINATE_MATCH,2008-06-01 00:00:00; 2008-07-01 00:00:00,2008-06-01 00:00:00,"esquema=lead1_igual_mes_inicializacao, representação=NMME_HARMONIZED_MONTHLY",Fazendas_Sinobras_Centroide
2008-07,NOAA_NCEP,CFSv2,2008-07,1,0.5,2008-07,OK,"L.attrs contém termo(s) ['forecast_period'] — indica semântica de lead/target, mas isso sozinho não confirma o valor exato de H1 sem uma variável auxiliar de data-alvo. | nenhuma variável auxiliar de data-alvo (('target', 'valid_time', 'target_month', 'forecast_time')) encontrada no dataset aberto — tentando Método B (semântica documentada do eixo forecast_period, Seção 4). | confirmado pela semântica documentada do eixo forecast_period (Método B, Seção 4/6): inicialização confirmada via SCALAR_COORD_ON_VARIABLE (status=OK_SCALAR_COORD), L.standard_name='forecast_period'/units='months', grade [0.5, 1.5, 2.5, 3.5, 4.5, 5.5] mensal confirmada, rota com forecast_period_semantics_documented=True.",CONFIRMED_BY_FORECAST_PERIOD_SEMANTICS,SCALAR_COORD_ON_VARIABLE,2008-07,2008-07,1,OK_SCALAR_COORD,RANGEEDGES,RANGEEDGES_WINDOW_COORDINATE_MATCH,2008-07-01 00:00:00; 2008-08-01 00:00:00,2008-07-01 00:00:00,"esquema=lead1_igual_mes_inicializacao, representação=NMME_HARMONIZED_MONTHLY",Fazendas_Sinobras_Centroide
2008-07,NOAA_NCEP,CFSv2,2008-07,2,1.5,2008-08,OK,"L.attrs contém termo(s) ['forecast_period'] — indica semântica de lead/target, mas isso sozinho não confirma o valor exato de H2 sem uma variável auxiliar de data-alvo. | nenhuma variável auxiliar de data-alvo (('target', 'valid_time', 'target_month', 'forecast_time')) encontrada no dataset aberto — tentando Método B (semântica documentada do eixo forecast_period, Seção 4). | confirmado pela semântica documentada do eixo forecast_period (Método B, Seção 4/6): inicialização confirmada via SCALAR_COORD_ON_VARIABLE (status=OK_SCALAR_COORD), L.standard_name='forecast_period'/units='months', grade [0.5, 1.5, 2.5, 3.5, 4.5, 5.5] mensal confirmada, rota com forecast_period_semantics_documented=True.",CONFIRMED_BY_FORECAST_PERIOD_SEMANTICS,SCALAR_COORD_ON_VARIABLE,2008-07,2008-07,1,OK_SCALAR_COORD,RANGEEDGES,RANGEEDGES_WINDOW_COORDINATE_MATCH,2008-07-01 00:00:00; 2008-08-01 00:00:00,2008-07-01 00:00:00,"esquema=lead1_igual_mes_inicializacao, representação=NMME_HARMONIZED_MONTHLY",Fazendas_Sinobras_Centroide
2008-07,NOAA_NCEP,CFSv2,2008-07,3,2.5,2008-09,OK,"L.attrs contém termo(s) ['forecast_period'] — indica semântica de lead/target, mas isso sozinho não confirma o valor exato de H3 sem uma variável auxiliar de data-alvo. | nenhuma variável auxiliar de data-alvo (('target', 'valid_time', 'target_month', 'forecast_time')) encontrada no dataset aberto — tentando Método B (semântica documentada do eixo forecast_period, Seção 4). | confirmado pela semântica documentada do eixo forecast_period (Método B, Seção 4/6): inicialização confirmada via SCALAR_COORD_ON_VARIABLE (status=OK_SCALAR_COORD), L.standard_name='forecast_period'/units='months', grade [0.5, 1.5, 2.5, 3.5, 4.5, 5.5] mensal confirmada, rota com forecast_period_semantics_documented=True.",CONFIRMED_BY_FORECAST_PERIOD_SEMANTICS,SCALAR_COORD_ON_VARIABLE,2008-07,2008-07,1,OK_SCALAR_COORD,RANGEEDGES,RANGEEDGES_WINDOW_COORDINATE_MATCH,2008-07-01 00:00:00; 2008-08-01 00:00:00,2008-07-01 00:00:00,"esquema=lead1_igual_mes_inicializacao, representação=NMME_HARMONIZED_MONTHLY",Fazendas_Sinobras_Centroide
2008-07,NOAA_NCEP,CFSv2,2008-07,4,3.5,2008-10,OK,"L.attrs contém termo(s) ['forecast_period'] — indica semântica de lead/target, mas isso sozinho não confirma o valor exato de H4 sem uma variável auxiliar de data-alvo. | nenhuma variável auxiliar de data-alvo (('target', 'valid_time', 'target_month', 'forecast_time')) encontrada no dataset aberto — tentando Método B (semântica documentada do eixo forecast_period, Seção 4). | confirmado pela semântica documentada do eixo forecast_period (Método B, Seção 4/6): inicialização confirmada via SCALAR_COORD_ON_VARIABLE (status=OK_SCALAR_COORD), L.standard_name='forecast_period'/units='months', grade [0.5, 1.5, 2.5, 3.5, 4.5, 5.5] mensal confirmada, rota com forecast_period_semantics_documented=True.",CONFIRMED_BY_FORECAST_PERIOD_SEMANTICS,SCALAR_COORD_ON_VARIABLE,2008-07,2008-07,1,OK_SCALAR_COORD,RANGEEDGES,RANGEEDGES_WINDOW_COORDINATE_MATCH,2008-07-01 00:00:00; 2008-08-01 00:00:00,2008-07-01 00:00:00,"esquema=lead1_igual_mes_inicializacao, representação=NMME_HARMONIZED_MONTHLY",Fazendas_Sinobras_Centroide
2008-07,NOAA_NCEP,CFSv2,2008-07,5,4.5,2008-11,OK,"L.attrs contém termo(s) ['forecast_period'] — indica semântica de lead/target, mas isso sozinho não confirma o valor exato de H5 sem uma variável auxiliar de data-alvo. | nenhuma variável auxiliar de data-alvo (('target', 'valid_time', 'target_month', 'forecast_time')) encontrada no dataset aberto — tentando Método B (semântica documentada do eixo forecast_period, Seção 4). | confirmado pela semântica documentada do eixo forecast_period (Método B, Seção 4/6): inicialização confirmada via SCALAR_COORD_ON_VARIABLE (status=OK_SCALAR_COORD), L.standard_name='forecast_period'/units='months', grade [0.5, 1.5, 2.5, 3.5, 4.5, 5.5] mensal confirmada, rota com forecast_period_semantics_documented=True.",CONFIRMED_BY_FORECAST_PERIOD_SEMANTICS,SCALAR_COORD_ON_VARIABLE,2008-07,2008-07,1,OK_SCALAR_COORD,RANGEEDGES,RANGEEDGES_WINDOW_COORDINATE_MATCH,2008-07-01 00:00:00; 2008-08-01 00:00:00,2008-07-01 00:00:00,"esquema=lead1_igual_mes_inicializacao, representação=NMME_HARMONIZED_MONTHLY",Fazendas_Sinobras_Centroide
2008-07,NOAA_NCEP,CFSv2,2008-07,6,5.5,2008-12,OK,"L.attrs contém termo(s) ['forecast_period'] — indica semântica de lead/target, mas isso sozinho não confirma o valor exato de H6 sem uma variável auxiliar de data-alvo. | nenhuma variável auxiliar de data-alvo (('target', 'valid_time', 'target_month', 'forecast_time')) encontrada no dataset aberto — tentando Método B (semântica documentada do eixo forecast_period, Seção 4). | confirmado pela semântica documentada do eixo forecast_period (Método B, Seção 4/6): inicialização confirmada via SCALAR_COORD_ON_VARIABLE (status=OK_SCALAR_COORD), L.standard_name='forecast_period'/units='months', grade [0.5, 1.5, 2.5, 3.5, 4.5, 5.5] mensal confirmada, rota com forecast_period_semantics_documented=True.",CONFIRMED_BY_FORECAST_PERIOD_SEMANTICS,SCALAR_COORD_ON_VARIABLE,2008-07,2008-07,1,OK_SCALAR_COORD,RANGEEDGES,RANGEEDGES_WINDOW_COORDINATE_MATCH,2008-07-01 00:00:00; 2008-08-01 00:00:00,2008-07-01 00:00:00,"esquema=lead1_igual_mes_inicializacao, representação=NMME_HARMONIZED_MONTHLY",Fazendas_Sinobras_Centroide
2008-08,NOAA_NCEP,CFSv2,2008-08,1,0.5,2008-08,OK,"L.attrs contém termo(s) ['forecast_period'] — indica semântica de lead/target, mas isso sozinho não confirma o valor exato de H1 sem uma variável auxiliar de data-alvo. | nenhuma variável auxiliar de data-alvo (('target', 'valid_time', 'target_month', 'forecast_time')) encontrada no dataset aberto — tentando Método B (semântica documentada do eixo forecast_period, Seção 4). | confirmado pela semântica documentada do eixo forecast_period (Método B, Seção 4/6): inicialização confirmada via SCALAR_COORD_ON_VARIABLE (status=OK_SCALAR_COORD), L.standard_name='forecast_period'/units='months', grade [0.5, 1.5, 2.5, 3.5, 4.5, 5.5] mensal confirmada, rota com forecast_period_semantics_documented=True.",CONFIRMED_BY_FORECAST_PERIOD_SEMANTICS,SCALAR_COORD_ON_VARIABLE,2008-08,2008-08,1,OK_SCALAR_COORD,RANGEEDGES,RANGEEDGES_WINDOW_COORDINATE_MATCH,2008-08-01 00:00:00; 2008-09-01 00:00:00,2008-08-01 00:00:00,"esquema=lead1_igual_mes_inicializacao, representação=NMME_HARMONIZED_MONTHLY",Fazendas_Sinobras_Centroide
2008-08,NOAA_NCEP,CFSv2,2008-08,2,1.5,2008-09,OK,"L.attrs contém termo(s) ['forecast_period'] — indica semântica de lead/target, mas isso sozinho não confirma o valor exato de H2 sem uma variável auxiliar de data-alvo. | nenhuma variável auxiliar de data-alvo (('target', 'valid_time', 'target_month', 'forecast_time')) encontrada no dataset aberto — tentando Método B (semântica documentada do eixo forecast_period, Seção 4). | confirmado pela semântica documentada do eixo forecast_period (Método B, Seção 4/6): inicialização confirmada via SCALAR_COORD_ON_VARIABLE (status=OK_SCALAR_COORD), L.standard_name='forecast_period'/units='months', grade [0.5, 1.5, 2.5, 3.5, 4.5, 5.5] mensal confirmada, rota com forecast_period_semantics_documented=True.",CONFIRMED_BY_FORECAST_PERIOD_SEMANTICS,SCALAR_COORD_ON_VARIABLE,2008-08,2008-08,1,OK_SCALAR_COORD,RANGEEDGES,RANGEEDGES_WINDOW_COORDINATE_MATCH,2008-08-01 00:00:00; 2008-09-01 00:00:00,2008-08-01 00:00:00,"esquema=lead1_igual_mes_inicializacao, representação=NMME_HARMONIZED_MONTHLY",Fazendas_Sinobras_Centroide
2008-08,NOAA_NCEP,CFSv2,2008-08,3,2.5,2008-10,OK,"L.attrs contém termo(s) ['forecast_period'] — indica semântica de lead/target, mas isso sozinho não confirma o valor exato de H3 sem uma variável auxiliar de data-alvo. | nenhuma variável auxiliar de data-alvo (('target', 'valid_time', 'target_month', 'forecast_time')) encontrada no dataset aberto — tentando Método B (semântica documentada do eixo forecast_period, Seção 4). | confirmado pela semântica documentada do eixo forecast_period (Método B, Seção 4/6): inicialização confirmada via SCALAR_COORD_ON_VARIABLE (status=OK_SCALAR_COORD), L.standard_name='forecast_period'/units='months', grade [0.5, 1.5, 2.5, 3.5, 4.5, 5.5] mensal confirmada, rota com forecast_period_semantics_documented=True.",CONFIRMED_BY_FORECAST_PERIOD_SEMANTICS,SCALAR_COORD_ON_VARIABLE,2008-08,2008-08,1,OK_SCALAR_COORD,RANGEEDGES,RANGEEDGES_WINDOW_COORDINATE_MATCH,2008-08-01 00:00:00; 2008-09-01 00:00:00,2008-08-01 00:00:00,"esquema=lead1_igual_mes_inicializacao, representação=NMME_HARMONIZED_MONTHLY",Fazendas_Sinobras_Centroide
2008-08,NOAA_NCEP,CFSv2,2008-08,4,3.5,2008-11,OK,"L.attrs contém termo(s) ['forecast_period'] — indica semântica de lead/target, mas isso sozinho não confirma o valor exato de H4 sem uma variável auxiliar de data-alvo. | nenhuma variável auxiliar de data-alvo (('target', 'valid_time', 'target_month', 'forecast_time')) encontrada no dataset aberto — tentando Método B (semântica documentada do eixo forecast_period, Seção 4). | confirmado pela semântica documentada do eixo forecast_period (Método B, Seção 4/6): inicialização confirmada via SCALAR_COORD_ON_VARIABLE (status=OK_SCALAR_COORD), L.standard_name='forecast_period'/units='months', grade [0.5, 1.5, 2.5, 3.5, 4.5, 5.5] mensal confirmada, rota com forecast_period_semantics_documented=True.",CONFIRMED_BY_FORECAST_PERIOD_SEMANTICS,SCALAR_COORD_ON_VARIABLE,2008-08,2008-08,1,OK_SCALAR_COORD,RANGEEDGES,RANGEEDGES_WINDOW_COORDINATE_MATCH,2008-08-01 00:00:00; 2008-09-01 00:00:00,2008-08-01 00:00:00,"esquema=lead1_igual_mes_inicializacao, representação=NMME_HARMONIZED_MONTHLY",Fazendas_Sinobras_Centroide
2008-08,NOAA_NCEP,CFSv2,2008-08,5,4.5,2008-12,OK,"L.attrs contém termo(s) ['forecast_period'] — indica semântica de lead/target, mas isso sozinho não confirma o valor exato de H5 sem uma variável auxiliar de data-alvo. | nenhuma variável auxiliar de data-alvo (('target', 'valid_time', 'target_month', 'forecast_time')) encontrada no dataset aberto — tentando Método B (semântica documentada do eixo forecast_period, Seção 4). | confirmado pela semântica documentada do eixo forecast_period (Método B, Seção 4/6): inicialização confirmada via SCALAR_COORD_ON_VARIABLE (status=OK_SCALAR_COORD), L.standard_name='forecast_period'/units='months', grade [0.5, 1.5, 2.5, 3.5, 4.5, 5.5] mensal confirmada, rota com forecast_period_semantics_documented=True.",CONFIRMED_BY_FORECAST_PERIOD_SEMANTICS,SCALAR_COORD_ON_VARIABLE,2008-08,2008-08,1,OK_SCALAR_COORD,RANGEEDGES,RANGEEDGES_WINDOW_COORDINATE_MATCH,2008-08-01 00:00:00; 2008-09-01 00:00:00,2008-08-01 00:00:00,"esquema=lead1_igual_mes_inicializacao, representação=NMME_HARMONIZED_MONTHLY",Fazendas_Sinobras_Centroide
2008-08,NOAA_NCEP,CFSv2,2008-08,6,5.5,2009-01,OK,"L.attrs contém termo(s) ['forecast_period'] — indica semântica de lead/target, mas isso sozinho não confirma o valor exato de H6 sem uma variável auxiliar de data-alvo. | nenhuma variável auxiliar de data-alvo (('target', 'valid_time', 'target_month', 'forecast_time')) encontrada no dataset aberto — tentando Método B (semântica documentada do eixo forecast_period, Seção 4). | confirmado pela semântica documentada do eixo forecast_period (Método B, Seção 4/6): inicialização confirmada via SCALAR_COORD_ON_VARIABLE (status=OK_SCALAR_COORD), L.standard_name='forecast_period'/units='months', grade [0.5, 1.5, 2.5, 3.5, 4.5, 5.5] mensal confirmada, rota com forecast_period_semantics_documented=True.",CONFIRMED_BY_FORECAST_PERIOD_SEMANTICS,SCALAR_COORD_ON_VARIABLE,2008-08,2008-08,1,OK_SCALAR_COORD,RANGEEDGES,RANGEEDGES_WINDOW_COORDINATE_MATCH,2008-08-01 00:00:00; 2008-09-01 00:00:00,2008-08-01 00:00:00,"esquema=lead1_igual_mes_inicializacao, representação=NMME_HARMONIZED_MONTHLY",Fazendas_Sinobras_Centroide
2008-09,NOAA_NCEP,CFSv2,2008-09,1,0.5,2008-09,OK,"L.attrs contém termo(s) ['forecast_period'] — indica semântica de lead/target, mas isso sozinho não confirma o valor exato de H1 sem uma variável auxiliar de data-alvo. | nenhuma variável auxiliar de data-alvo (('target', 'valid_time', 'target_month', 'forecast_time')) encontrada no dataset aberto — tentando Método B (semântica documentada do eixo forecast_period, Seção 4). | confirmado pela semântica documentada do eixo forecast_period (Método B, Seção 4/6): inicialização confirmada via SCALAR_COORD_ON_VARIABLE (status=OK_SCALAR_COORD), L.standard_name='forecast_period'/units='months', grade [0.5, 1.5, 2.5, 3.5, 4.5, 5.5] mensal confirmada, rota com forecast_period_semantics_documented=True.",CONFIRMED_BY_FORECAST_PERIOD_SEMANTICS,SCALAR_COORD_ON_VARIABLE,2008-09,2008-09,1,OK_SCALAR_COORD,RANGEEDGES,RANGEEDGES_WINDOW_COORDINATE_MATCH,2008-09-01 00:00:00; 2008-10-01 00:00:00,2008-09-01 00:00:00,"esquema=lead1_igual_mes_inicializacao, representação=NMME_HARMONIZED_MONTHLY",Fazendas_Sinobras_Centroide
2008-09,NOAA_NCEP,CFSv2,2008-09,2,1.5,2008-10,OK,"L.attrs contém termo(s) ['forecast_period'] — indica semântica de lead/target, mas isso sozinho não confirma o valor exato de H2 sem uma variável auxiliar de data-alvo. | nenhuma variável auxiliar de data-alvo (('target', 'valid_time', 'target_month', 'forecast_time')) encontrada no dataset aberto — tentando Método B (semântica documentada do eixo forecast_period, Seção 4). | confirmado pela semântica documentada do eixo forecast_period (Método B, Seção 4/6): inicialização confirmada via SCALAR_COORD_ON_VARIABLE (status=OK_SCALAR_COORD), L.standard_name='forecast_period'/units='months', grade [0.5, 1.5, 2.5, 3.5, 4.5, 5.5] mensal confirmada, rota com forecast_period_semantics_documented=True.",CONFIRMED_BY_FORECAST_PERIOD_SEMANTICS,SCALAR_COORD_ON_VARIABLE,2008-09,2008-09,1,OK_SCALAR_COORD,RANGEEDGES,RANGEEDGES_WINDOW_COORDINATE_MATCH,2008-09-01 00:00:00; 2008-10-01 00:00:00,2008-09-01 00:00:00,"esquema=lead1_igual_mes_inicializacao, representação=NMME_HARMONIZED_MONTHLY",Fazendas_Sinobras_Centroide
2008-09,NOAA_NCEP,CFSv2,2008-09,3,2.5,2008-11,OK,"L.attrs contém termo(s) ['forecast_period'] — indica semântica de lead/target, mas isso sozinho não confirma o valor exato de H3 sem uma variável auxiliar de data-alvo. | nenhuma variável auxiliar de data-alvo (('target', 'valid_time', 'target_month', 'forecast_time')) encontrada no dataset aberto — tentando Método B (semântica documentada do eixo forecast_period, Seção 4). | confirmado pela semântica documentada do eixo forecast_period (Método B, Seção 4/6): inicialização confirmada via SCALAR_COORD_ON_VARIABLE (status=OK_SCALAR_COORD), L.standard_name='forecast_period'/units='months', grade [0.5, 1.5, 2.5, 3.5, 4.5, 5.5] mensal confirmada, rota com forecast_period_semantics_documented=True.",CONFIRMED_BY_FORECAST_PERIOD_SEMANTICS,SCALAR_COORD_ON_VARIABLE,2008-09,2008-09,1,OK_SCALAR_COORD,RANGEEDGES,RANGEEDGES_WINDOW_COORDINATE_MATCH,2008-09-01 00:00:00; 2008-10-01 00:00:00,2008-09-01 00:00:00,"esquema=lead1_igual_mes_inicializacao, representação=NMME_HARMONIZED_MONTHLY",Fazendas_Sinobras_Centroide
2008-09,NOAA_NCEP,CFSv2,2008-09,4,3.5,2008-12,OK,"L.attrs contém termo(s) ['forecast_period'] — indica semântica de lead/target, mas isso sozinho não confirma o valor exato de H4 sem uma variável auxiliar de data-alvo. | nenhuma variável auxiliar de data-alvo (('target', 'valid_time', 'target_month', 'forecast_time')) encontrada no dataset aberto — tentando Método B (semântica documentada do eixo forecast_period, Seção 4). | confirmado pela semântica documentada do eixo forecast_period (Método B, Seção 4/6): inicialização confirmada via SCALAR_COORD_ON_VARIABLE (status=OK_SCALAR_COORD), L.standard_name='forecast_period'/units='months', grade [0.5, 1.5, 2.5, 3.5, 4.5, 5.5] mensal confirmada, rota com forecast_period_semantics_documented=True.",CONFIRMED_BY_FORECAST_PERIOD_SEMANTICS,SCALAR_COORD_ON_VARIABLE,2008-09,2008-09,1,OK_SCALAR_COORD,RANGEEDGES,RANGEEDGES_WINDOW_COORDINATE_MATCH,2008-09-01 00:00:00; 2008-10-01 00:00:00,2008-09-01 00:00:00,"esquema=lead1_igual_mes_inicializacao, representação=NMME_HARMONIZED_MONTHLY",Fazendas_Sinobras_Centroide
2008-09,NOAA_NCEP,CFSv2,2008-09,5,4.5,2009-01,OK,"L.attrs contém termo(s) ['forecast_period'] — indica semântica de lead/target, mas isso sozinho não confirma o valor exato de H5 sem uma variável auxiliar de data-alvo. | nenhuma variável auxiliar de data-alvo (('target', 'valid_time', 'target_month', 'forecast_time')) encontrada no dataset aberto — tentando Método B (semântica documentada do eixo forecast_period, Seção 4). | confirmado pela semântica documentada do eixo forecast_period (Método B, Seção 4/6): inicialização confirmada via SCALAR_COORD_ON_VARIABLE (status=OK_SCALAR_COORD), L.standard_name='forecast_period'/units='months', grade [0.5, 1.5, 2.5, 3.5, 4.5, 5.5] mensal confirmada, rota com forecast_period_semantics_documented=True.",CONFIRMED_BY_FORECAST_PERIOD_SEMANTICS,SCALAR_COORD_ON_VARIABLE,2008-09,2008-09,1,OK_SCALAR_COORD,RANGEEDGES,RANGEEDGES_WINDOW_COORDINATE_MATCH,2008-09-01 00:00:00; 2008-10-01 00:00:00,2008-09-01 00:00:00,"esquema=lead1_igual_mes_inicializacao, representação=NMME_HARMONIZED_MONTHLY",Fazendas_Sinobras_Centroide
2008-09,NOAA_NCEP,CFSv2,2008-09,6,5.5,2009-02,OK,"L.attrs contém termo(s) ['forecast_period'] — indica semântica de lead/target, mas isso sozinho não confirma o valor exato de H6 sem uma variável auxiliar de data-alvo. | nenhuma variável auxiliar de data-alvo (('target', 'valid_time', 'target_month', 'forecast_time')) encontrada no dataset aberto — tentando Método B (semântica documentada do eixo forecast_period, Seção 4). | confirmado pela semântica documentada do eixo forecast_period (Método B, Seção 4/6): inicialização confirmada via SCALAR_COORD_ON_VARIABLE (status=OK_SCALAR_COORD), L.standard_name='forecast_period'/units='months', grade [0.5, 1.5, 2.5, 3.5, 4.5, 5.5] mensal confirmada, rota com forecast_period_semantics_documented=True.",CONFIRMED_BY_FORECAST_PERIOD_SEMANTICS,SCALAR_COORD_ON_VARIABLE,2008-09,2008-09,1,OK_SCALAR_COORD,RANGEEDGES,RANGEEDGES_WINDOW_COORDINATE_MATCH,2008-09-01 00:00:00; 2008-10-01 00:00:00,2008-09-01 00:00:00,"esquema=lead1_igual_mes_inicializacao, representação=NMME_HARMONIZED_MONTHLY",Fazendas_Sinobras_Centroide
2008-10,NOAA_NCEP,CFSv2,2008-10,1,0.5,2008-10,OK,"L.attrs contém termo(s) ['forecast_period'] — indica semântica de lead/target, mas isso sozinho não confirma o valor exato de H1 sem uma variável auxiliar de data-alvo. | nenhuma variável auxiliar de data-alvo (('target', 'valid_time', 'target_month', 'forecast_time')) encontrada no dataset aberto — tentando Método B (semântica documentada do eixo forecast_period, Seção 4). | confirmado pela semântica documentada do eixo forecast_period (Método B, Seção 4/6): inicialização confirmada via SCALAR_COORD_ON_VARIABLE (status=OK_SCALAR_COORD), L.standard_name='forecast_period'/units='months', grade [0.5, 1.5, 2.5, 3.5, 4.5, 5.5] mensal confirmada, rota com forecast_period_semantics_documented=True.",CONFIRMED_BY_FORECAST_PERIOD_SEMANTICS,SCALAR_COORD_ON_VARIABLE,2008-10,2008-10,1,OK_SCALAR_COORD,RANGEEDGES,RANGEEDGES_WINDOW_COORDINATE_MATCH,2008-10-01 00:00:00; 2008-11-01 00:00:00,2008-10-01 00:00:00,"esquema=lead1_igual_mes_inicializacao, representação=NMME_HARMONIZED_MONTHLY",Fazendas_Sinobras_Centroide
2008-10,NOAA_NCEP,CFSv2,2008-10,2,1.5,2008-11,OK,"L.attrs contém termo(s) ['forecast_period'] — indica semântica de lead/target, mas isso sozinho não confirma o valor exato de H2 sem uma variável auxiliar de data-alvo. | nenhuma variável auxiliar de data-alvo (('target', 'valid_time', 'target_month', 'forecast_time')) encontrada no dataset aberto — tentando Método B (semântica documentada do eixo forecast_period, Seção 4). | confirmado pela semântica documentada do eixo forecast_period (Método B, Seção 4/6): inicialização confirmada via SCALAR_COORD_ON_VARIABLE (status=OK_SCALAR_COORD), L.standard_name='forecast_period'/units='months', grade [0.5, 1.5, 2.5, 3.5, 4.5, 5.5] mensal confirmada, rota com forecast_period_semantics_documented=True.",CONFIRMED_BY_FORECAST_PERIOD_SEMANTICS,SCALAR_COORD_ON_VARIABLE,2008-10,2008-10,1,OK_SCALAR_COORD,RANGEEDGES,RANGEEDGES_WINDOW_COORDINATE_MATCH,2008-10-01 00:00:00; 2008-11-01 00:00:00,2008-10-01 00:00:00,"esquema=lead1_igual_mes_inicializacao, representação=NMME_HARMONIZED_MONTHLY",Fazendas_Sinobras_Centroide
2008-10,NOAA_NCEP,CFSv2,2008-10,3,2.5,2008-12,OK,"L.attrs contém termo(s) ['forecast_period'] — indica semântica de lead/target, mas isso sozinho não confirma o valor exato de H3 sem uma variável auxiliar de data-alvo. | nenhuma variável auxiliar de data-alvo (('target', 'valid_time', 'target_month', 'forecast_time')) encontrada no dataset aberto — tentando Método B (semântica documentada do eixo forecast_period, Seção 4). | confirmado pela semântica documentada do eixo forecast_period (Método B, Seção 4/6): inicialização confirmada via SCALAR_COORD_ON_VARIABLE (status=OK_SCALAR_COORD), L.standard_name='forecast_period'/units='months', grade [0.5, 1.5, 2.5, 3.5, 4.5, 5.5] mensal confirmada, rota com forecast_period_semantics_documented=True.",CONFIRMED_BY_FORECAST_PERIOD_SEMANTICS,SCALAR_COORD_ON_VARIABLE,2008-10,2008-10,1,OK_SCALAR_COORD,RANGEEDGES,RANGEEDGES_WINDOW_COORDINATE_MATCH,2008-10-01 00:00:00; 2008-11-01 00:00:00,2008-10-01 00:00:00,"esquema=lead1_igual_mes_inicializacao, representação=NMME_HARMONIZED_MONTHLY",Fazendas_Sinobras_Centroide
2008-10,NOAA_NCEP,CFSv2,2008-10,4,3.5,2009-01,OK,"L.attrs contém termo(s) ['forecast_period'] — indica semântica de lead/target, mas isso sozinho não confirma o valor exato de H4 sem uma variável auxiliar de data-alvo. | nenhuma variável auxiliar de data-alvo (('target', 'valid_time', 'target_month', 'forecast_time')) encontrada no dataset aberto — tentando Método B (semântica documentada do eixo forecast_period, Seção 4). | confirmado pela semântica documentada do eixo forecast_period (Método B, Seção 4/6): inicialização confirmada via SCALAR_COORD_ON_VARIABLE (status=OK_SCALAR_COORD), L.standard_name='forecast_period'/units='months', grade [0.5, 1.5, 2.5, 3.5, 4.5, 5.5] mensal confirmada, rota com forecast_period_semantics_documented=True.",CONFIRMED_BY_FORECAST_PERIOD_SEMANTICS,SCALAR_COORD_ON_VARIABLE,2008-10,2008-10,1,OK_SCALAR_COORD,RANGEEDGES,RANGEEDGES_WINDOW_COORDINATE_MATCH,2008-10-01 00:00:00; 2008-11-01 00:00:00,2008-10-01 00:00:00,"esquema=lead1_igual_mes_inicializacao, representação=NMME_HARMONIZED_MONTHLY",Fazendas_Sinobras_Centroide
2008-10,NOAA_NCEP,CFSv2,2008-10,5,4.5,2009-02,OK,"L.attrs contém termo(s) ['forecast_period'] — indica semântica de lead/target, mas isso sozinho não confirma o valor exato de H5 sem uma variável auxiliar de data-alvo. | nenhuma variável auxiliar de data-alvo (('target', 'valid_time', 'target_month', 'forecast_time')) encontrada no dataset aberto — tentando Método B (semântica documentada do eixo forecast_period, Seção 4). | confirmado pela semântica documentada do eixo forecast_period (Método B, Seção 4/6): inicialização confirmada via SCALAR_COORD_ON_VARIABLE (status=OK_SCALAR_COORD), L.standard_name='forecast_period'/units='months', grade [0.5, 1.5, 2.5, 3.5, 4.5, 5.5] mensal confirmada, rota com forecast_period_semantics_documented=True.",CONFIRMED_BY_FORECAST_PERIOD_SEMANTICS,SCALAR_COORD_ON_VARIABLE,2008-10,2008-10,1,OK_SCALAR_COORD,RANGEEDGES,RANGEEDGES_WINDOW_COORDINATE_MATCH,2008-10-01 00:00:00; 2008-11-01 00:00:00,2008-10-01 00:00:00,"esquema=lead1_igual_mes_inicializacao, representação=NMME_HARMONIZED_MONTHLY",Fazendas_Sinobras_Centroide
2008-10,NOAA_NCEP,CFSv2,2008-10,6,5.5,2009-03,OK,"L.attrs contém termo(s) ['forecast_period'] — indica semântica de lead/target, mas isso sozinho não confirma o valor exato de H6 sem uma variável auxiliar de data-alvo. | nenhuma variável auxiliar de data-alvo (('target', 'valid_time', 'target_month', 'forecast_time')) encontrada no dataset aberto — tentando Método B (semântica documentada do eixo forecast_period, Seção 4). | confirmado pela semântica documentada do eixo forecast_period (Método B, Seção 4/6): inicialização confirmada via SCALAR_COORD_ON_VARIABLE (status=OK_SCALAR_COORD), L.standard_name='forecast_period'/units='months', grade [0.5, 1.5, 2.5, 3.5, 4.5, 5.5] mensal confirmada, rota com forecast_period_semantics_documented=True.",CONFIRMED_BY_FORECAST_PERIOD_SEMANTICS,SCALAR_COORD_ON_VARIABLE,2008-10,2008-10,1,OK_SCALAR_COORD,RANGEEDGES,RANGEEDGES_WINDOW_COORDINATE_MATCH,2008-10-01 00:00:00; 2008-11-01 00:00:00,2008-10-01 00:00:00,"esquema=lead1_igual_mes_inicializacao, representação=NMME_HARMONIZED_MONTHLY",Fazendas_Sinobras_Centroide
2008-11,NOAA_NCEP,CFSv2,2008-11,1,0.5,2008-11,OK,"L.attrs contém termo(s) ['forecast_period'] — indica semântica de lead/target, mas isso sozinho não confirma o valor exato de H1 sem uma variável auxiliar de data-alvo. | nenhuma variável auxiliar de data-alvo (('target', 'valid_time', 'target_month', 'forecast_time')) encontrada no dataset aberto — tentando Método B (semântica documentada do eixo forecast_period, Seção 4). | confirmado pela semântica documentada do eixo forecast_period (Método B, Seção 4/6): inicialização confirmada via SCALAR_COORD_ON_VARIABLE (status=OK_SCALAR_COORD), L.standard_name='forecast_period'/units='months', grade [0.5, 1.5, 2.5, 3.5, 4.5, 5.5] mensal confirmada, rota com forecast_period_semantics_documented=True.",CONFIRMED_BY_FORECAST_PERIOD_SEMANTICS,SCALAR_COORD_ON_VARIABLE,2008-11,2008-11,1,OK_SCALAR_COORD,RANGEEDGES,RANGEEDGES_WINDOW_COORDINATE_MATCH,2008-11-01 00:00:00; 2008-12-01 00:00:00,2008-11-01 00:00:00,"esquema=lead1_igual_mes_inicializacao, representação=NMME_HARMONIZED_MONTHLY",Fazendas_Sinobras_Centroide
2008-11,NOAA_NCEP,CFSv2,2008-11,2,1.5,2008-12,OK,"L.attrs contém termo(s) ['forecast_period'] — indica semântica de lead/target, mas isso sozinho não confirma o valor exato de H2 sem uma variável auxiliar de data-alvo. | nenhuma variável auxiliar de data-alvo (('target', 'valid_time', 'target_month', 'forecast_time')) encontrada no dataset aberto — tentando Método B (semântica documentada do eixo forecast_period, Seção 4). | confirmado pela semântica documentada do eixo forecast_period (Método B, Seção 4/6): inicialização confirmada via SCALAR_COORD_ON_VARIABLE (status=OK_SCALAR_COORD), L.standard_name='forecast_period'/units='months', grade [0.5, 1.5, 2.5, 3.5, 4.5, 5.5] mensal confirmada, rota com forecast_period_semantics_documented=True.",CONFIRMED_BY_FORECAST_PERIOD_SEMANTICS,SCALAR_COORD_ON_VARIABLE,2008-11,2008-11,1,OK_SCALAR_COORD,RANGEEDGES,RANGEEDGES_WINDOW_COORDINATE_MATCH,2008-11-01 00:00:00; 2008-12-01 00:00:00,2008-11-01 00:00:00,"esquema=lead1_igual_mes_inicializacao, representação=NMME_HARMONIZED_MONTHLY",Fazendas_Sinobras_Centroide
2008-11,NOAA_NCEP,CFSv2,2008-11,3,2.5,2009-01,OK,"L.attrs contém termo(s) ['forecast_period'] — indica semântica de lead/target, mas isso sozinho não confirma o valor exato de H3 sem uma variável auxiliar de data-alvo. | nenhuma variável auxiliar de data-alvo (('target', 'valid_time', 'target_month', 'forecast_time')) encontrada no dataset aberto — tentando Método B (semântica documentada do eixo forecast_period, Seção 4). | confirmado pela semântica documentada do eixo forecast_period (Método B, Seção 4/6): inicialização confirmada via SCALAR_COORD_ON_VARIABLE (status=OK_SCALAR_COORD), L.standard_name='forecast_period'/units='months', grade [0.5, 1.5, 2.5, 3.5, 4.5, 5.5] mensal confirmada, rota com forecast_period_semantics_documented=True.",CONFIRMED_BY_FORECAST_PERIOD_SEMANTICS,SCALAR_COORD_ON_VARIABLE,2008-11,2008-11,1,OK_SCALAR_COORD,RANGEEDGES,RANGEEDGES_WINDOW_COORDINATE_MATCH,2008-11-01 00:00:00; 2008-12-01 00:00:00,2008-11-01 00:00:00,"esquema=lead1_igual_mes_inicializacao, representação=NMME_HARMONIZED_MONTHLY",Fazendas_Sinobras_Centroide
2008-11,NOAA_NCEP,CFSv2,2008-11,4,3.5,2009-02,OK,"L.attrs contém termo(s) ['forecast_period'] — indica semântica de lead/target, mas isso sozinho não confirma o valor exato de H4 sem uma variável auxiliar de data-alvo. | nenhuma variável auxiliar de data-alvo (('target', 'valid_time', 'target_month', 'forecast_time')) encontrada no dataset aberto — tentando Método B (semântica documentada do eixo forecast_period, Seção 4). | confirmado pela semântica documentada do eixo forecast_period (Método B, Seção 4/6): inicialização confirmada via SCALAR_COORD_ON_VARIABLE (status=OK_SCALAR_COORD), L.standard_name='forecast_period'/units='months', grade [0.5, 1.5, 2.5, 3.5, 4.5, 5.5] mensal confirmada, rota com forecast_period_semantics_documented=True.",CONFIRMED_BY_FORECAST_PERIOD_SEMANTICS,SCALAR_COORD_ON_VARIABLE,2008-11,2008-11,1,OK_SCALAR_COORD,RANGEEDGES,RANGEEDGES_WINDOW_COORDINATE_MATCH,2008-11-01 00:00:00; 2008-12-01 00:00:00,2008-11-01 00:00:00,"esquema=lead1_igual_mes_inicializacao, representação=NMME_HARMONIZED_MONTHLY",Fazendas_Sinobras_Centroide
2008-11,NOAA_NCEP,CFSv2,2008-11,5,4.5,2009-03,OK,"L.attrs contém termo(s) ['forecast_period'] — indica semântica de lead/target, mas isso sozinho não confirma o valor exato de H5 sem uma variável auxiliar de data-alvo. | nenhuma variável auxiliar de data-alvo (('target', 'valid_time', 'target_month', 'forecast_time')) encontrada no dataset aberto — tentando Método B (semântica documentada do eixo forecast_period, Seção 4). | confirmado pela semântica documentada do eixo forecast_period (Método B, Seção 4/6): inicialização confirmada via SCALAR_COORD_ON_VARIABLE (status=OK_SCALAR_COORD), L.standard_name='forecast_period'/units='months', grade [0.5, 1.5, 2.5, 3.5, 4.5, 5.5] mensal confirmada, rota com forecast_period_semantics_documented=True.",CONFIRMED_BY_FORECAST_PERIOD_SEMANTICS,SCALAR_COORD_ON_VARIABLE,2008-11,2008-11,1,OK_SCALAR_COORD,RANGEEDGES,RANGEEDGES_WINDOW_COORDINATE_MATCH,2008-11-01 00:00:00; 2008-12-01 00:00:00,2008-11-01 00:00:00,"esquema=lead1_igual_mes_inicializacao, representação=NMME_HARMONIZED_MONTHLY",Fazendas_Sinobras_Centroide
2008-11,NOAA_NCEP,CFSv2,2008-11,6,5.5,2009-04,OK,"L.attrs contém termo(s) ['forecast_period'] — indica semântica de lead/target, mas isso sozinho não confirma o valor exato de H6 sem uma variável auxiliar de data-alvo. | nenhuma variável auxiliar de data-alvo (('target', 'valid_time', 'target_month', 'forecast_time')) encontrada no dataset aberto — tentando Método B (semântica documentada do eixo forecast_period, Seção 4). | confirmado pela semântica documentada do eixo forecast_period (Método B, Seção 4/6): inicialização confirmada via SCALAR_COORD_ON_VARIABLE (status=OK_SCALAR_COORD), L.standard_name='forecast_period'/units='months', grade [0.5, 1.5, 2.5, 3.5, 4.5, 5.5] mensal confirmada, rota com forecast_period_semantics_documented=True.",CONFIRMED_BY_FORECAST_PERIOD_SEMANTICS,SCALAR_COORD_ON_VARIABLE,2008-11,2008-11,1,OK_SCALAR_COORD,RANGEEDGES,RANGEEDGES_WINDOW_COORDINATE_MATCH,2008-11-01 00:00:00; 2008-12-01 00:00:00,2008-11-01 00:00:00,"esquema=lead1_igual_mes_inicializacao, representação=NMME_HARMONIZED_MONTHLY",Fazendas_Sinobras_Centroide
2008-12,NOAA_NCEP,CFSv2,2008-12,1,0.5,2008-12,OK,"L.attrs contém termo(s) ['forecast_period'] — indica semântica de lead/target, mas isso sozinho não confirma o valor exato de H1 sem uma variável auxiliar de data-alvo. | nenhuma variável auxiliar de data-alvo (('target', 'valid_time', 'target_month', 'forecast_time')) encontrada no dataset aberto — tentando Método B (semântica documentada do eixo forecast_period, Seção 4). | confirmado pela semântica documentada do eixo forecast_period (Método B, Seção 4/6): inicialização confirmada via SCALAR_COORD_ON_VARIABLE (status=OK_SCALAR_COORD), L.standard_name='forecast_period'/units='months', grade [0.5, 1.5, 2.5, 3.5, 4.5, 5.5] mensal confirmada, rota com forecast_period_semantics_documented=True.",CONFIRMED_BY_FORECAST_PERIOD_SEMANTICS,SCALAR_COORD_ON_VARIABLE,2008-12,2008-12,1,OK_SCALAR_COORD,RANGEEDGES,RANGEEDGES_WINDOW_COORDINATE_MATCH,2008-12-01 00:00:00; 2009-01-01 00:00:00,2008-12-01 00:00:00,"esquema=lead1_igual_mes_inicializacao, representação=NMME_HARMONIZED_MONTHLY",Fazendas_Sinobras_Centroide
2008-12,NOAA_NCEP,CFSv2,2008-12,2,1.5,2009-01,OK,"L.attrs contém termo(s) ['forecast_period'] — indica semântica de lead/target, mas isso sozinho não confirma o valor exato de H2 sem uma variável auxiliar de data-alvo. | nenhuma variável auxiliar de data-alvo (('target', 'valid_time', 'target_month', 'forecast_time')) encontrada no dataset aberto — tentando Método B (semântica documentada do eixo forecast_period, Seção 4). | confirmado pela semântica documentada do eixo forecast_period (Método B, Seção 4/6): inicialização confirmada via SCALAR_COORD_ON_VARIABLE (status=OK_SCALAR_COORD), L.standard_name='forecast_period'/units='months', grade [0.5, 1.5, 2.5, 3.5, 4.5, 5.5] mensal confirmada, rota com forecast_period_semantics_documented=True.",CONFIRMED_BY_FORECAST_PERIOD_SEMANTICS,SCALAR_COORD_ON_VARIABLE,2008-12,2008-12,1,OK_SCALAR_COORD,RANGEEDGES,RANGEEDGES_WINDOW_COORDINATE_MATCH,2008-12-01 00:00:00; 2009-01-01 00:00:00,2008-12-01 00:00:00,"esquema=lead1_igual_mes_inicializacao, representação=NMME_HARMONIZED_MONTHLY",Fazendas_Sinobras_Centroide
2008-12,NOAA_NCEP,CFSv2,2008-12,3,2.5,2009-02,OK,"L.attrs contém termo(s) ['forecast_period'] — indica semântica de lead/target, mas isso sozinho não confirma o valor exato de H3 sem uma variável auxiliar de data-alvo. | nenhuma variável auxiliar de data-alvo (('target', 'valid_time', 'target_month', 'forecast_time')) encontrada no dataset aberto — tentando Método B (semântica documentada do eixo forecast_period, Seção 4). | confirmado pela semântica documentada do eixo forecast_period (Método B, Seção 4/6): inicialização confirmada via SCALAR_COORD_ON_VARIABLE (status=OK_SCALAR_COORD), L.standard_name='forecast_period'/units='months', grade [0.5, 1.5, 2.5, 3.5, 4.5, 5.5] mensal confirmada, rota com forecast_period_semantics_documented=True.",CONFIRMED_BY_FORECAST_PERIOD_SEMANTICS,SCALAR_COORD_ON_VARIABLE,2008-12,2008-12,1,OK_SCALAR_COORD,RANGEEDGES,RANGEEDGES_WINDOW_COORDINATE_MATCH,2008-12-01 00:00:00; 2009-01-01 00:00:00,2008-12-01 00:00:00,"esquema=lead1_igual_mes_inicializacao, representação=NMME_HARMONIZED_MONTHLY",Fazendas_Sinobras_Centroide
2008-12,NOAA_NCEP,CFSv2,2008-12,4,3.5,2009-03,OK,"L.attrs contém termo(s) ['forecast_period'] — indica semântica de lead/target, mas isso sozinho não confirma o valor exato de H4 sem uma variável auxiliar de data-alvo. | nenhuma variável auxiliar de data-alvo (('target', 'valid_time', 'target_month', 'forecast_time')) encontrada no dataset aberto — tentando Método B (semântica documentada do eixo forecast_period, Seção 4). | confirmado pela semântica documentada do eixo forecast_period (Método B, Seção 4/6): inicialização confirmada via SCALAR_COORD_ON_VARIABLE (status=OK_SCALAR_COORD), L.standard_name='forecast_period'/units='months', grade [0.5, 1.5, 2.5, 3.5, 4.5, 5.5] mensal confirmada, rota com forecast_period_semantics_documented=True.",CONFIRMED_BY_FORECAST_PERIOD_SEMANTICS,SCALAR_COORD_ON_VARIABLE,2008-12,2008-12,1,OK_SCALAR_COORD,RANGEEDGES,RANGEEDGES_WINDOW_COORDINATE_MATCH,2008-12-01 00:00:00; 2009-01-01 00:00:00,2008-12-01 00:00:00,"esquema=lead1_igual_mes_inicializacao, representação=NMME_HARMONIZED_MONTHLY",Fazendas_Sinobras_Centroide
2008-12,NOAA_NCEP,CFSv2,2008-12,5,4.5,2009-04,OK,"L.attrs contém termo(s) ['forecast_period'] — indica semântica de lead/target, mas isso sozinho não confirma o valor exato de H5 sem uma variável auxiliar de data-alvo. | nenhuma variável auxiliar de data-alvo (('target', 'valid_time', 'target_month', 'forecast_time')) encontrada no dataset aberto — tentando Método B (semântica documentada do eixo forecast_period, Seção 4). | confirmado pela semântica documentada do eixo forecast_period (Método B, Seção 4/6): inicialização confirmada via SCALAR_COORD_ON_VARIABLE (status=OK_SCALAR_COORD), L.standard_name='forecast_period'/units='months', grade [0.5, 1.5, 2.5, 3.5, 4.5, 5.5] mensal confirmada, rota com forecast_period_semantics_documented=True.",CONFIRMED_BY_FORECAST_PERIOD_SEMANTICS,SCALAR_COORD_ON_VARIABLE,2008-12,2008-12,1,OK_SCALAR_COORD,RANGEEDGES,RANGEEDGES_WINDOW_COORDINATE_MATCH,2008-12-01 00:00:00; 2009-01-01 00:00:00,2008-12-01 00:00:00,"esquema=lead1_igual_mes_inicializacao, representação=NMME_HARMONIZED_MONTHLY",Fazendas_Sinobras_Centroide
2008-12,NOAA_NCEP,CFSv2,2008-12,6,5.5,2009-05,OK,"L.attrs contém termo(s) ['forecast_period'] — indica semântica de lead/target, mas isso sozinho não confirma o valor exato de H6 sem uma variável auxiliar de data-alvo. | nenhuma variável auxiliar de data-alvo (('target', 'valid_time', 'target_month', 'forecast_time')) encontrada no dataset aberto — tentando Método B (semântica documentada do eixo forecast_period, Seção 4). | confirmado pela semântica documentada do eixo forecast_period (Método B, Seção 4/6): inicialização confirmada via SCALAR_COORD_ON_VARIABLE (status=OK_SCALAR_COORD), L.standard_name='forecast_period'/units='months', grade [0.5, 1.5, 2.5, 3.5, 4.5, 5.5] mensal confirmada, rota com forecast_period_semantics_documented=True.",CONFIRMED_BY_FORECAST_PERIOD_SEMANTICS,SCALAR_COORD_ON_VARIABLE,2008-12,2008-12,1,OK_SCALAR_COORD,RANGEEDGES,RANGEEDGES_WINDOW_COORDINATE_MATCH,2008-12-01 00:00:00; 2009-01-01 00:00:00,2008-12-01 00:00:00,"esquema=lead1_igual_mes_inicializacao, representação=NMME_HARMONIZED_MONTHLY",Fazendas_Sinobras_Centroide
2009-01,NOAA_NCEP,CFSv2,2009-01,1,0.5,2009-01,OK,"L.attrs contém termo(s) ['forecast_period'] — indica semântica de lead/target, mas isso sozinho não confirma o valor exato de H1 sem uma variável auxiliar de data-alvo. | nenhuma variável auxiliar de data-alvo (('target', 'valid_time', 'target_month', 'forecast_time')) encontrada no dataset aberto — tentando Método B (semântica documentada do eixo forecast_period, Seção 4). | confirmado pela semântica documentada do eixo forecast_period (Método B, Seção 4/6): inicialização confirmada via SCALAR_COORD_ON_VARIABLE (status=OK_SCALAR_COORD), L.standard_name='forecast_period'/units='months', grade [0.5, 1.5, 2.5, 3.5, 4.5, 5.5] mensal confirmada, rota com forecast_period_semantics_documented=True.",CONFIRMED_BY_FORECAST_PERIOD_SEMANTICS,SCALAR_COORD_ON_VARIABLE,2009-01,2009-01,1,OK_SCALAR_COORD,RANGEEDGES,RANGEEDGES_WINDOW_COORDINATE_MATCH,2009-01-01 00:00:00; 2009-02-01 00:00:00,2009-01-01 00:00:00,"esquema=lead1_igual_mes_inicializacao, representação=NMME_HARMONIZED_MONTHLY",Fazendas_Sinobras_Centroide
2009-01,NOAA_NCEP,CFSv2,2009-01,2,1.5,2009-02,OK,"L.attrs contém termo(s) ['forecast_period'] — indica semântica de lead/target, mas isso sozinho não confirma o valor exato de H2 sem uma variável auxiliar de data-alvo. | nenhuma variável auxiliar de data-alvo (('target', 'valid_time', 'target_month', 'forecast_time')) encontrada no dataset aberto — tentando Método B (semântica documentada do eixo forecast_period, Seção 4). | confirmado pela semântica documentada do eixo forecast_period (Método B, Seção 4/6): inicialização confirmada via SCALAR_COORD_ON_VARIABLE (status=OK_SCALAR_COORD), L.standard_name='forecast_period'/units='months', grade [0.5, 1.5, 2.5, 3.5, 4.5, 5.5] mensal confirmada, rota com forecast_period_semantics_documented=True.",CONFIRMED_BY_FORECAST_PERIOD_SEMANTICS,SCALAR_COORD_ON_VARIABLE,2009-01,2009-01,1,OK_SCALAR_COORD,RANGEEDGES,RANGEEDGES_WINDOW_COORDINATE_MATCH,2009-01-01 00:00:00; 2009-02-01 00:00:00,2009-01-01 00:00:00,"esquema=lead1_igual_mes_inicializacao, representação=NMME_HARMONIZED_MONTHLY",Fazendas_Sinobras_Centroide
2009-01,NOAA_NCEP,CFSv2,2009-01,3,2.5,2009-03,OK,"L.attrs contém termo(s) ['forecast_period'] — indica semântica de lead/target, mas isso sozinho não confirma o valor exato de H3 sem uma variável auxiliar de data-alvo. | nenhuma variável auxiliar de data-alvo (('target', 'valid_time', 'target_month', 'forecast_time')) encontrada no dataset aberto — tentando Método B (semântica documentada do eixo forecast_period, Seção 4). | confirmado pela semântica documentada do eixo forecast_period (Método B, Seção 4/6): inicialização confirmada via SCALAR_COORD_ON_VARIABLE (status=OK_SCALAR_COORD), L.standard_name='forecast_period'/units='months', grade [0.5, 1.5, 2.5, 3.5, 4.5, 5.5] mensal confirmada, rota com forecast_period_semantics_documented=True.",CONFIRMED_BY_FORECAST_PERIOD_SEMANTICS,SCALAR_COORD_ON_VARIABLE,2009-01,2009-01,1,OK_SCALAR_COORD,RANGEEDGES,RANGEEDGES_WINDOW_COORDINATE_MATCH,2009-01-01 00:00:00; 2009-02-01 00:00:00,2009-01-01 00:00:00,"esquema=lead1_igual_mes_inicializacao, representação=NMME_HARMONIZED_MONTHLY",Fazendas_Sinobras_Centroide
2009-01,NOAA_NCEP,CFSv2,2009-01,4,3.5,2009-04,OK,"L.attrs contém termo(s) ['forecast_period'] — indica semântica de lead/target, mas isso sozinho não confirma o valor exato de H4 sem uma variável auxiliar de data-alvo. | nenhuma variável auxiliar de data-alvo (('target', 'valid_time', 'target_month', 'forecast_time')) encontrada no dataset aberto — tentando Método B (semântica documentada do eixo forecast_period, Seção 4). | confirmado pela semântica documentada do eixo forecast_period (Método B, Seção 4/6): inicialização confirmada via SCALAR_COORD_ON_VARIABLE (status=OK_SCALAR_COORD), L.standard_name='forecast_period'/units='months', grade [0.5, 1.5, 2.5, 3.5, 4.5, 5.5] mensal confirmada, rota com forecast_period_semantics_documented=True.",CONFIRMED_BY_FORECAST_PERIOD_SEMANTICS,SCALAR_COORD_ON_VARIABLE,2009-01,2009-01,1,OK_SCALAR_COORD,RANGEEDGES,RANGEEDGES_WINDOW_COORDINATE_MATCH,2009-01-01 00:00:00; 2009-02-01 00:00:00,2009-01-01 00:00:00,"esquema=lead1_igual_mes_inicializacao, representação=NMME_HARMONIZED_MONTHLY",Fazendas_Sinobras_Centroide
2009-01,NOAA_NCEP,CFSv2,2009-01,5,4.5,2009-05,OK,"L.attrs contém termo(s) ['forecast_period'] — indica semântica de lead/target, mas isso sozinho não confirma o valor exato de H5 sem uma variável auxiliar de data-alvo. | nenhuma variável auxiliar de data-alvo (('target', 'valid_time', 'target_month', 'forecast_time')) encontrada no dataset aberto — tentando Método B (semântica documentada do eixo forecast_period, Seção 4). | confirmado pela semântica documentada do eixo forecast_period (Método B, Seção 4/6): inicialização confirmada via SCALAR_COORD_ON_VARIABLE (status=OK_SCALAR_COORD), L.standard_name='forecast_period'/units='months', grade [0.5, 1.5, 2.5, 3.5, 4.5, 5.5] mensal confirmada, rota com forecast_period_semantics_documented=True.",CONFIRMED_BY_FORECAST_PERIOD_SEMANTICS,SCALAR_COORD_ON_VARIABLE,2009-01,2009-01,1,OK_SCALAR_COORD,RANGEEDGES,RANGEEDGES_WINDOW_COORDINATE_MATCH,2009-01-01 00:00:00; 2009-02-01 00:00:00,2009-01-01 00:00:00,"esquema=lead1_igual_mes_inicializacao, representação=NMME_HARMONIZED_MONTHLY",Fazendas_Sinobras_Centroide
2009-01,NOAA_NCEP,CFSv2,2009-01,6,5.5,2009-06,OK,"L.attrs contém termo(s) ['forecast_period'] — indica semântica de lead/target, mas isso sozinho não confirma o valor exato de H6 sem uma variável auxiliar de data-alvo. | nenhuma variável auxiliar de data-alvo (('target', 'valid_time', 'target_month', 'forecast_time')) encontrada no dataset aberto — tentando Método B (semântica documentada do eixo forecast_period, Seção 4). | confirmado pela semântica documentada do eixo forecast_period (Método B, Seção 4/6): inicialização confirmada via SCALAR_COORD_ON_VARIABLE (status=OK_SCALAR_COORD), L.standard_name='forecast_period'/units='months', grade [0.5, 1.5, 2.5, 3.5, 4.5, 5.5] mensal confirmada, rota com forecast_period_semantics_documented=True.",CONFIRMED_BY_FORECAST_PERIOD_SEMANTICS,SCALAR_COORD_ON_VARIABLE,2009-01,2009-01,1,OK_SCALAR_COORD,RANGEEDGES,RANGEEDGES_WINDOW_COORDINATE_MATCH,2009-01-01 00:00:00; 2009-02-01 00:00:00,2009-01-01 00:00:00,"esquema=lead1_igual_mes_inicializacao, representação=NMME_HARMONIZED_MONTHLY",Fazendas_Sinobras_Centroide
2009-02,NOAA_NCEP,CFSv2,2009-02,1,0.5,2009-02,OK,"L.attrs contém termo(s) ['forecast_period'] — indica semântica de lead/target, mas isso sozinho não confirma o valor exato de H1 sem uma variável auxiliar de data-alvo. | nenhuma variável auxiliar de data-alvo (('target', 'valid_time', 'target_month', 'forecast_time')) encontrada no dataset aberto — tentando Método B (semântica documentada do eixo forecast_period, Seção 4). | confirmado pela semântica documentada do eixo forecast_period (Método B, Seção 4/6): inicialização confirmada via SCALAR_COORD_ON_VARIABLE (status=OK_SCALAR_COORD), L.standard_name='forecast_period'/units='months', grade [0.5, 1.5, 2.5, 3.5, 4.5, 5.5] mensal confirmada, rota com forecast_period_semantics_documented=True.",CONFIRMED_BY_FORECAST_PERIOD_SEMANTICS,SCALAR_COORD_ON_VARIABLE,2009-02,2009-02,1,OK_SCALAR_COORD,RANGEEDGES,RANGEEDGES_WINDOW_COORDINATE_MATCH,2009-02-01 00:00:00; 2009-03-01 00:00:00,2009-02-01 00:00:00,"esquema=lead1_igual_mes_inicializacao, representação=NMME_HARMONIZED_MONTHLY",Fazendas_Sinobras_Centroide
2009-02,NOAA_NCEP,CFSv2,2009-02,2,1.5,2009-03,OK,"L.attrs contém termo(s) ['forecast_period'] — indica semântica de lead/target, mas isso sozinho não confirma o valor exato de H2 sem uma variável auxiliar de data-alvo. | nenhuma variável auxiliar de data-alvo (('target', 'valid_time', 'target_month', 'forecast_time')) encontrada no dataset aberto — tentando Método B (semântica documentada do eixo forecast_period, Seção 4). | confirmado pela semântica documentada do eixo forecast_period (Método B, Seção 4/6): inicialização confirmada via SCALAR_COORD_ON_VARIABLE (status=OK_SCALAR_COORD), L.standard_name='forecast_period'/units='months', grade [0.5, 1.5, 2.5, 3.5, 4.5, 5.5] mensal confirmada, rota com forecast_period_semantics_documented=True.",CONFIRMED_BY_FORECAST_PERIOD_SEMANTICS,SCALAR_COORD_ON_VARIABLE,2009-02,2009-02,1,OK_SCALAR_COORD,RANGEEDGES,RANGEEDGES_WINDOW_COORDINATE_MATCH,2009-02-01 00:00:00; 2009-03-01 00:00:00,2009-02-01 00:00:00,"esquema=lead1_igual_mes_inicializacao, representação=NMME_HARMONIZED_MONTHLY",Fazendas_Sinobras_Centroide
2009-02,NOAA_NCEP,CFSv2,2009-02,3,2.5,2009-04,OK,"L.attrs contém termo(s) ['forecast_period'] — indica semântica de lead/target, mas isso sozinho não confirma o valor exato de H3 sem uma variável auxiliar de data-alvo. | nenhuma variável auxiliar de data-alvo (('target', 'valid_time', 'target_month', 'forecast_time')) encontrada no dataset aberto — tentando Método B (semântica documentada do eixo forecast_period, Seção 4). | confirmado pela semântica documentada do eixo forecast_period (Método B, Seção 4/6): inicialização confirmada via SCALAR_COORD_ON_VARIABLE (status=OK_SCALAR_COORD), L.standard_name='forecast_period'/units='months', grade [0.5, 1.5, 2.5, 3.5, 4.5, 5.5] mensal confirmada, rota com forecast_period_semantics_documented=True.",CONFIRMED_BY_FORECAST_PERIOD_SEMANTICS,SCALAR_COORD_ON_VARIABLE,2009-02,2009-02,1,OK_SCALAR_COORD,RANGEEDGES,RANGEEDGES_WINDOW_COORDINATE_MATCH,2009-02-01 00:00:00; 2009-03-01 00:00:00,2009-02-01 00:00:00,"esquema=lead1_igual_mes_inicializacao, representação=NMME_HARMONIZED_MONTHLY",Fazendas_Sinobras_Centroide
2009-02,NOAA_NCEP,CFSv2,2009-02,4,3.5,2009-05,OK,"L.attrs contém termo(s) ['forecast_period'] — indica semântica de lead/target, mas isso sozinho não confirma o valor exato de H4 sem uma variável auxiliar de data-alvo. | nenhuma variável auxiliar de data-alvo (('target', 'valid_time', 'target_month', 'forecast_time')) encontrada no dataset aberto — tentando Método B (semântica documentada do eixo forecast_period, Seção 4). | confirmado pela semântica documentada do eixo forecast_period (Método B, Seção 4/6): inicialização confirmada via SCALAR_COORD_ON_VARIABLE (status=OK_SCALAR_COORD), L.standard_name='forecast_period'/units='months', grade [0.5, 1.5, 2.5, 3.5, 4.5, 5.5] mensal confirmada, rota com forecast_period_semantics_documented=True.",CONFIRMED_BY_FORECAST_PERIOD_SEMANTICS,SCALAR_COORD_ON_VARIABLE,2009-02,2009-02,1,OK_SCALAR_COORD,RANGEEDGES,RANGEEDGES_WINDOW_COORDINATE_MATCH,2009-02-01 00:00:00; 2009-03-01 00:00:00,2009-02-01 00:00:00,"esquema=lead1_igual_mes_inicializacao, representação=NMME_HARMONIZED_MONTHLY",Fazendas_Sinobras_Centroide
2009-02,NOAA_NCEP,CFSv2,2009-02,5,4.5,2009-06,OK,"L.attrs contém termo(s) ['forecast_period'] — indica semântica de lead/target, mas isso sozinho não confirma o valor exato de H5 sem uma variável auxiliar de data-alvo. | nenhuma variável auxiliar de data-alvo (('target', 'valid_time', 'target_month', 'forecast_time')) encontrada no dataset aberto — tentando Método B (semântica documentada do eixo forecast_period, Seção 4). | confirmado pela semântica documentada do eixo forecast_period (Método B, Seção 4/6): inicialização confirmada via SCALAR_COORD_ON_VARIABLE (status=OK_SCALAR_COORD), L.standard_name='forecast_period'/units='months', grade [0.5, 1.5, 2.5, 3.5, 4.5, 5.5] mensal confirmada, rota com forecast_period_semantics_documented=True.",CONFIRMED_BY_FORECAST_PERIOD_SEMANTICS,SCALAR_COORD_ON_VARIABLE,2009-02,2009-02,1,OK_SCALAR_COORD,RANGEEDGES,RANGEEDGES_WINDOW_COORDINATE_MATCH,2009-02-01 00:00:00; 2009-03-01 00:00:00,2009-02-01 00:00:00,"esquema=lead1_igual_mes_inicializacao, representação=NMME_HARMONIZED_MONTHLY",Fazendas_Sinobras_Centroide
2009-02,NOAA_NCEP,CFSv2,2009-02,6,5.5,2009-07,OK,"L.attrs contém termo(s) ['forecast_period'] — indica semântica de lead/target, mas isso sozinho não confirma o valor exato de H6 sem uma variável auxiliar de data-alvo. | nenhuma variável auxiliar de data-alvo (('target', 'valid_time', 'target_month', 'forecast_time')) encontrada no dataset aberto — tentando Método B (semântica documentada do eixo forecast_period, Seção 4). | confirmado pela semântica documentada do eixo forecast_period (Método B, Seção 4/6): inicialização confirmada via SCALAR_COORD_ON_VARIABLE (status=OK_SCALAR_COORD), L.standard_name='forecast_period'/units='months', grade [0.5, 1.5, 2.5, 3.5, 4.5, 5.5] mensal confirmada, rota com forecast_period_semantics_documented=True.",CONFIRMED_BY_FORECAST_PERIOD_SEMANTICS,SCALAR_COORD_ON_VARIABLE,2009-02,2009-02,1,OK_SCALAR_COORD,RANGEEDGES,RANGEEDGES_WINDOW_COORDINATE_MATCH,2009-02-01 00:00:00; 2009-03-01 00:00:00,2009-02-01 00:00:00,"esquema=lead1_igual_mes_inicializacao, representação=NMME_HARMONIZED_MONTHLY",Fazendas_Sinobras_Centroide
2009-03,NOAA_NCEP,CFSv2,2009-03,1,0.5,2009-03,OK,"L.attrs contém termo(s) ['forecast_period'] — indica semântica de lead/target, mas isso sozinho não confirma o valor exato de H1 sem uma variável auxiliar de data-alvo. | nenhuma variável auxiliar de data-alvo (('target', 'valid_time', 'target_month', 'forecast_time')) encontrada no dataset aberto — tentando Método B (semântica documentada do eixo forecast_period, Seção 4). | confirmado pela semântica documentada do eixo forecast_period (Método B, Seção 4/6): inicialização confirmada via SCALAR_COORD_ON_VARIABLE (status=OK_SCALAR_COORD), L.standard_name='forecast_period'/units='months', grade [0.5, 1.5, 2.5, 3.5, 4.5, 5.5] mensal confirmada, rota com forecast_period_semantics_documented=True.",CONFIRMED_BY_FORECAST_PERIOD_SEMANTICS,SCALAR_COORD_ON_VARIABLE,2009-03,2009-03,1,OK_SCALAR_COORD,RANGEEDGES,RANGEEDGES_WINDOW_COORDINATE_MATCH,2009-03-01 00:00:00; 2009-04-01 00:00:00,2009-03-01 00:00:00,"esquema=lead1_igual_mes_inicializacao, representação=NMME_HARMONIZED_MONTHLY",Fazendas_Sinobras_Centroide
2009-03,NOAA_NCEP,CFSv2,2009-03,2,1.5,2009-04,OK,"L.attrs contém termo(s) ['forecast_period'] — indica semântica de lead/target, mas isso sozinho não confirma o valor exato de H2 sem uma variável auxiliar de data-alvo. | nenhuma variável auxiliar de data-alvo (('target', 'valid_time', 'target_month', 'forecast_time')) encontrada no dataset aberto — tentando Método B (semântica documentada do eixo forecast_period, Seção 4). | confirmado pela semântica documentada do eixo forecast_period (Método B, Seção 4/6): inicialização confirmada via SCALAR_COORD_ON_VARIABLE (status=OK_SCALAR_COORD), L.standard_name='forecast_period'/units='months', grade [0.5, 1.5, 2.5, 3.5, 4.5, 5.5] mensal confirmada, rota com forecast_period_semantics_documented=True.",CONFIRMED_BY_FORECAST_PERIOD_SEMANTICS,SCALAR_COORD_ON_VARIABLE,2009-03,2009-03,1,OK_SCALAR_COORD,RANGEEDGES,RANGEEDGES_WINDOW_COORDINATE_MATCH,2009-03-01 00:00:00; 2009-04-01 00:00:00,2009-03-01 00:00:00,"esquema=lead1_igual_mes_inicializacao, representação=NMME_HARMONIZED_MONTHLY",Fazendas_Sinobras_Centroide
2009-03,NOAA_NCEP,CFSv2,2009-03,3,2.5,2009-05,OK,"L.attrs contém termo(s) ['forecast_period'] — indica semântica de lead/target, mas isso sozinho não confirma o valor exato de H3 sem uma variável auxiliar de data-alvo. | nenhuma variável auxiliar de data-alvo (('target', 'valid_time', 'target_month', 'forecast_time')) encontrada no dataset aberto — tentando Método B (semântica documentada do eixo forecast_period, Seção 4). | confirmado pela semântica documentada do eixo forecast_period (Método B, Seção 4/6): inicialização confirmada via SCALAR_COORD_ON_VARIABLE (status=OK_SCALAR_COORD), L.standard_name='forecast_period'/units='months', grade [0.5, 1.5, 2.5, 3.5, 4.5, 5.5] mensal confirmada, rota com forecast_period_semantics_documented=True.",CONFIRMED_BY_FORECAST_PERIOD_SEMANTICS,SCALAR_COORD_ON_VARIABLE,2009-03,2009-03,1,OK_SCALAR_COORD,RANGEEDGES,RANGEEDGES_WINDOW_COORDINATE_MATCH,2009-03-01 00:00:00; 2009-04-01 00:00:00,2009-03-01 00:00:00,"esquema=lead1_igual_mes_inicializacao, representação=NMME_HARMONIZED_MONTHLY",Fazendas_Sinobras_Centroide
2009-03,NOAA_NCEP,CFSv2,2009-03,4,3.5,2009-06,OK,"L.attrs contém termo(s) ['forecast_period'] — indica semântica de lead/target, mas isso sozinho não confirma o valor exato de H4 sem uma variável auxiliar de data-alvo. | nenhuma variável auxiliar de data-alvo (('target', 'valid_time', 'target_month', 'forecast_time')) encontrada no dataset aberto — tentando Método B (semântica documentada do eixo forecast_period, Seção 4). | confirmado pela semântica documentada do eixo forecast_period (Método B, Seção 4/6): inicialização confirmada via SCALAR_COORD_ON_VARIABLE (status=OK_SCALAR_COORD), L.standard_name='forecast_period'/units='months', grade [0.5, 1.5, 2.5, 3.5, 4.5, 5.5] mensal confirmada, rota com forecast_period_semantics_documented=True.",CONFIRMED_BY_FORECAST_PERIOD_SEMANTICS,SCALAR_COORD_ON_VARIABLE,2009-03,2009-03,1,OK_SCALAR_COORD,RANGEEDGES,RANGEEDGES_WINDOW_COORDINATE_MATCH,2009-03-01 00:00:00; 2009-04-01 00:00:00,2009-03-01 00:00:00,"esquema=lead1_igual_mes_inicializacao, representação=NMME_HARMONIZED_MONTHLY",Fazendas_Sinobras_Centroide
2009-03,NOAA_NCEP,CFSv2,2009-03,5,4.5,2009-07,OK,"L.attrs contém termo(s) ['forecast_period'] — indica semântica de lead/target, mas isso sozinho não confirma o valor exato de H5 sem uma variável auxiliar de data-alvo. | nenhuma variável auxiliar de data-alvo (('target', 'valid_time', 'target_month', 'forecast_time')) encontrada no dataset aberto — tentando Método B (semântica documentada do eixo forecast_period, Seção 4). | confirmado pela semântica documentada do eixo forecast_period (Método B, Seção 4/6): inicialização confirmada via SCALAR_COORD_ON_VARIABLE (status=OK_SCALAR_COORD), L.standard_name='forecast_period'/units='months', grade [0.5, 1.5, 2.5, 3.5, 4.5, 5.5] mensal confirmada, rota com forecast_period_semantics_documented=True.",CONFIRMED_BY_FORECAST_PERIOD_SEMANTICS,SCALAR_COORD_ON_VARIABLE,2009-03,2009-03,1,OK_SCALAR_COORD,RANGEEDGES,RANGEEDGES_WINDOW_COORDINATE_MATCH,2009-03-01 00:00:00; 2009-04-01 00:00:00,2009-03-01 00:00:00,"esquema=lead1_igual_mes_inicializacao, representação=NMME_HARMONIZED_MONTHLY",Fazendas_Sinobras_Centroide
2009-03,NOAA_NCEP,CFSv2,2009-03,6,5.5,2009-08,OK,"L.attrs contém termo(s) ['forecast_period'] — indica semântica de lead/target, mas isso sozinho não confirma o valor exato de H6 sem uma variável auxiliar de data-alvo. | nenhuma variável auxiliar de data-alvo (('target', 'valid_time', 'target_month', 'forecast_time')) encontrada no dataset aberto — tentando Método B (semântica documentada do eixo forecast_period, Seção 4). | confirmado pela semântica documentada do eixo forecast_period (Método B, Seção 4/6): inicialização confirmada via SCALAR_COORD_ON_VARIABLE (status=OK_SCALAR_COORD), L.standard_name='forecast_period'/units='months', grade [0.5, 1.5, 2.5, 3.5, 4.5, 5.5] mensal confirmada, rota com forecast_period_semantics_documented=True.",CONFIRMED_BY_FORECAST_PERIOD_SEMANTICS,SCALAR_COORD_ON_VARIABLE,2009-03,2009-03,1,OK_SCALAR_COORD,RANGEEDGES,RANGEEDGES_WINDOW_COORDINATE_MATCH,2009-03-01 00:00:00; 2009-04-01 00:00:00,2009-03-01 00:00:00,"esquema=lead1_igual_mes_inicializacao, representação=NMME_HARMONIZED_MONTHLY",Fazendas_Sinobras_Centroide
2009-04,NOAA_NCEP,CFSv2,2009-04,1,0.5,2009-04,OK,"L.attrs contém termo(s) ['forecast_period'] — indica semântica de lead/target, mas isso sozinho não confirma o valor exato de H1 sem uma variável auxiliar de data-alvo. | nenhuma variável auxiliar de data-alvo (('target', 'valid_time', 'target_month', 'forecast_time')) encontrada no dataset aberto — tentando Método B (semântica documentada do eixo forecast_period, Seção 4). | confirmado pela semântica documentada do eixo forecast_period (Método B, Seção 4/6): inicialização confirmada via SCALAR_COORD_ON_VARIABLE (status=OK_SCALAR_COORD), L.standard_name='forecast_period'/units='months', grade [0.5, 1.5, 2.5, 3.5, 4.5, 5.5] mensal confirmada, rota com forecast_period_semantics_documented=True.",CONFIRMED_BY_FORECAST_PERIOD_SEMANTICS,SCALAR_COORD_ON_VARIABLE,2009-04,2009-04,1,OK_SCALAR_COORD,RANGEEDGES,RANGEEDGES_WINDOW_COORDINATE_MATCH,2009-04-01 00:00:00; 2009-05-01 00:00:00,2009-04-01 00:00:00,"esquema=lead1_igual_mes_inicializacao, representação=NMME_HARMONIZED_MONTHLY",Fazendas_Sinobras_Centroide
2009-04,NOAA_NCEP,CFSv2,2009-04,2,1.5,2009-05,OK,"L.attrs contém termo(s) ['forecast_period'] — indica semântica de lead/target, mas isso sozinho não confirma o valor exato de H2 sem uma variável auxiliar de data-alvo. | nenhuma variável auxiliar de data-alvo (('target', 'valid_time', 'target_month', 'forecast_time')) encontrada no dataset aberto — tentando Método B (semântica documentada do eixo forecast_period, Seção 4). | confirmado pela semântica documentada do eixo forecast_period (Método B, Seção 4/6): inicialização confirmada via SCALAR_COORD_ON_VARIABLE (status=OK_SCALAR_COORD), L.standard_name='forecast_period'/units='months', grade [0.5, 1.5, 2.5, 3.5, 4.5, 5.5] mensal confirmada, rota com forecast_period_semantics_documented=True.",CONFIRMED_BY_FORECAST_PERIOD_SEMANTICS,SCALAR_COORD_ON_VARIABLE,2009-04,2009-04,1,OK_SCALAR_COORD,RANGEEDGES,RANGEEDGES_WINDOW_COORDINATE_MATCH,2009-04-01 00:00:00; 2009-05-01 00:00:00,2009-04-01 00:00:00,"esquema=lead1_igual_mes_inicializacao, representação=NMME_HARMONIZED_MONTHLY",Fazendas_Sinobras_Centroide
2009-04,NOAA_NCEP,CFSv2,2009-04,3,2.5,2009-06,OK,"L.attrs contém termo(s) ['forecast_period'] — indica semântica de lead/target, mas isso sozinho não confirma o valor exato de H3 sem uma variável auxiliar de data-alvo. | nenhuma variável auxiliar de data-alvo (('target', 'valid_time', 'target_month', 'forecast_time')) encontrada no dataset aberto — tentando Método B (semântica documentada do eixo forecast_period, Seção 4). | confirmado pela semântica documentada do eixo forecast_period (Método B, Seção 4/6): inicialização confirmada via SCALAR_COORD_ON_VARIABLE (status=OK_SCALAR_COORD), L.standard_name='forecast_period'/units='months', grade [0.5, 1.5, 2.5, 3.5, 4.5, 5.5] mensal confirmada, rota com forecast_period_semantics_documented=True.",CONFIRMED_BY_FORECAST_PERIOD_SEMANTICS,SCALAR_COORD_ON_VARIABLE,2009-04,2009-04,1,OK_SCALAR_COORD,RANGEEDGES,RANGEEDGES_WINDOW_COORDINATE_MATCH,2009-04-01 00:00:00; 2009-05-01 00:00:00,2009-04-01 00:00:00,"esquema=lead1_igual_mes_inicializacao, representação=NMME_HARMONIZED_MONTHLY",Fazendas_Sinobras_Centroide
2009-04,NOAA_NCEP,CFSv2,2009-04,4,3.5,2009-07,OK,"L.attrs contém termo(s) ['forecast_period'] — indica semântica de lead/target, mas isso sozinho não confirma o valor exato de H4 sem uma variável auxiliar de data-alvo. | nenhuma variável auxiliar de data-alvo (('target', 'valid_time', 'target_month', 'forecast_time')) encontrada no dataset aberto — tentando Método B (semântica documentada do eixo forecast_period, Seção 4). | confirmado pela semântica documentada do eixo forecast_period (Método B, Seção 4/6): inicialização confirmada via SCALAR_COORD_ON_VARIABLE (status=OK_SCALAR_COORD), L.standard_name='forecast_period'/units='months', grade [0.5, 1.5, 2.5, 3.5, 4.5, 5.5] mensal confirmada, rota com forecast_period_semantics_documented=True.",CONFIRMED_BY_FORECAST_PERIOD_SEMANTICS,SCALAR_COORD_ON_VARIABLE,2009-04,2009-04,1,OK_SCALAR_COORD,RANGEEDGES,RANGEEDGES_WINDOW_COORDINATE_MATCH,2009-04-01 00:00:00; 2009-05-01 00:00:00,2009-04-01 00:00:00,"esquema=lead1_igual_mes_inicializacao, representação=NMME_HARMONIZED_MONTHLY",Fazendas_Sinobras_Centroide
2009-04,NOAA_NCEP,CFSv2,2009-04,5,4.5,2009-08,OK,"L.attrs contém termo(s) ['forecast_period'] — indica semântica de lead/target, mas isso sozinho não confirma o valor exato de H5 sem uma variável auxiliar de data-alvo. | nenhuma variável auxiliar de data-alvo (('target', 'valid_time', 'target_month', 'forecast_time')) encontrada no dataset aberto — tentando Método B (semântica documentada do eixo forecast_period, Seção 4). | confirmado pela semântica documentada do eixo forecast_period (Método B, Seção 4/6): inicialização confirmada via SCALAR_COORD_ON_VARIABLE (status=OK_SCALAR_COORD), L.standard_name='forecast_period'/units='months', grade [0.5, 1.5, 2.5, 3.5, 4.5, 5.5] mensal confirmada, rota com forecast_period_semantics_documented=True.",CONFIRMED_BY_FORECAST_PERIOD_SEMANTICS,SCALAR_COORD_ON_VARIABLE,2009-04,2009-04,1,OK_SCALAR_COORD,RANGEEDGES,RANGEEDGES_WINDOW_COORDINATE_MATCH,2009-04-01 00:00:00; 2009-05-01 00:00:00,2009-04-01 00:00:00,"esquema=lead1_igual_mes_inicializacao, representação=NMME_HARMONIZED_MONTHLY",Fazendas_Sinobras_Centroide
2009-04,NOAA_NCEP,CFSv2,2009-04,6,5.5,2009-09,OK,"L.attrs contém termo(s) ['forecast_period'] — indica semântica de lead/target, mas isso sozinho não confirma o valor exato de H6 sem uma variável auxiliar de data-alvo. | nenhuma variável auxiliar de data-alvo (('target', 'valid_time', 'target_month', 'forecast_time')) encontrada no dataset aberto — tentando Método B (semântica documentada do eixo forecast_period, Seção 4). | confirmado pela semântica documentada do eixo forecast_period (Método B, Seção 4/6): inicialização confirmada via SCALAR_COORD_ON_VARIABLE (status=OK_SCALAR_COORD), L.standard_name='forecast_period'/units='months', grade [0.5, 1.5, 2.5, 3.5, 4.5, 5.5] mensal confirmada, rota com forecast_period_semantics_documented=True.",CONFIRMED_BY_FORECAST_PERIOD_SEMANTICS,SCALAR_COORD_ON_VARIABLE,2009-04,2009-04,1,OK_SCALAR_COORD,RANGEEDGES,RANGEEDGES_WINDOW_COORDINATE_MATCH,2009-04-01 00:00:00; 2009-05-01 00:00:00,2009-04-01 00:00:00,"esquema=lead1_igual_mes_inicializacao, representação=NMME_HARMONIZED_MONTHLY",Fazendas_Sinobras_Centroide
2009-05,NOAA_NCEP,CFSv2,2009-05,1,0.5,2009-05,OK,"L.attrs contém termo(s) ['forecast_period'] — indica semântica de lead/target, mas isso sozinho não confirma o valor exato de H1 sem uma variável auxiliar de data-alvo. | nenhuma variável auxiliar de data-alvo (('target', 'valid_time', 'target_month', 'forecast_time')) encontrada no dataset aberto — tentando Método B (semântica documentada do eixo forecast_period, Seção 4). | confirmado pela semântica documentada do eixo forecast_period (Método B, Seção 4/6): inicialização confirmada via SCALAR_COORD_ON_VARIABLE (status=OK_SCALAR_COORD), L.standard_name='forecast_period'/units='months', grade [0.5, 1.5, 2.5, 3.5, 4.5, 5.5] mensal confirmada, rota com forecast_period_semantics_documented=True.",CONFIRMED_BY_FORECAST_PERIOD_SEMANTICS,SCALAR_COORD_ON_VARIABLE,2009-05,2009-05,1,OK_SCALAR_COORD,RANGEEDGES,RANGEEDGES_WINDOW_COORDINATE_MATCH,2009-05-01 00:00:00; 2009-06-01 00:00:00,2009-05-01 00:00:00,"esquema=lead1_igual_mes_inicializacao, representação=NMME_HARMONIZED_MONTHLY",Fazendas_Sinobras_Centroide
2009-05,NOAA_NCEP,CFSv2,2009-05,2,1.5,2009-06,OK,"L.attrs contém termo(s) ['forecast_period'] — indica semântica de lead/target, mas isso sozinho não confirma o valor exato de H2 sem uma variável auxiliar de data-alvo. | nenhuma variável auxiliar de data-alvo (('target', 'valid_time', 'target_month', 'forecast_time')) encontrada no dataset aberto — tentando Método B (semântica documentada do eixo forecast_period, Seção 4). | confirmado pela semântica documentada do eixo forecast_period (Método B, Seção 4/6): inicialização confirmada via SCALAR_COORD_ON_VARIABLE (status=OK_SCALAR_COORD), L.standard_name='forecast_period'/units='months', grade [0.5, 1.5, 2.5, 3.5, 4.5, 5.5] mensal confirmada, rota com forecast_period_semantics_documented=True.",CONFIRMED_BY_FORECAST_PERIOD_SEMANTICS,SCALAR_COORD_ON_VARIABLE,2009-05,2009-05,1,OK_SCALAR_COORD,RANGEEDGES,RANGEEDGES_WINDOW_COORDINATE_MATCH,2009-05-01 00:00:00; 2009-06-01 00:00:00,2009-05-01 00:00:00,"esquema=lead1_igual_mes_inicializacao, representação=NMME_HARMONIZED_MONTHLY",Fazendas_Sinobras_Centroide
2009-05,NOAA_NCEP,CFSv2,2009-05,3,2.5,2009-07,OK,"L.attrs contém termo(s) ['forecast_period'] — indica semântica de lead/target, mas isso sozinho não confirma o valor exato de H3 sem uma variável auxiliar de data-alvo. | nenhuma variável auxiliar de data-alvo (('target', 'valid_time', 'target_month', 'forecast_time')) encontrada no dataset aberto — tentando Método B (semântica documentada do eixo forecast_period, Seção 4). | confirmado pela semântica documentada do eixo forecast_period (Método B, Seção 4/6): inicialização confirmada via SCALAR_COORD_ON_VARIABLE (status=OK_SCALAR_COORD), L.standard_name='forecast_period'/units='months', grade [0.5, 1.5, 2.5, 3.5, 4.5, 5.5] mensal confirmada, rota com forecast_period_semantics_documented=True.",CONFIRMED_BY_FORECAST_PERIOD_SEMANTICS,SCALAR_COORD_ON_VARIABLE,2009-05,2009-05,1,OK_SCALAR_COORD,RANGEEDGES,RANGEEDGES_WINDOW_COORDINATE_MATCH,2009-05-01 00:00:00; 2009-06-01 00:00:00,2009-05-01 00:00:00,"esquema=lead1_igual_mes_inicializacao, representação=NMME_HARMONIZED_MONTHLY",Fazendas_Sinobras_Centroide
2009-05,NOAA_NCEP,CFSv2,2009-05,4,3.5,2009-08,OK,"L.attrs contém termo(s) ['forecast_period'] — indica semântica de lead/target, mas isso sozinho não confirma o valor exato de H4 sem uma variável auxiliar de data-alvo. | nenhuma variável auxiliar de data-alvo (('target', 'valid_time', 'target_month', 'forecast_time')) encontrada no dataset aberto — tentando Método B (semântica documentada do eixo forecast_period, Seção 4). | confirmado pela semântica documentada do eixo forecast_period (Método B, Seção 4/6): inicialização confirmada via SCALAR_COORD_ON_VARIABLE (status=OK_SCALAR_COORD), L.standard_name='forecast_period'/units='months', grade [0.5, 1.5, 2.5, 3.5, 4.5, 5.5] mensal confirmada, rota com forecast_period_semantics_documented=True.",CONFIRMED_BY_FORECAST_PERIOD_SEMANTICS,SCALAR_COORD_ON_VARIABLE,2009-05,2009-05,1,OK_SCALAR_COORD,RANGEEDGES,RANGEEDGES_WINDOW_COORDINATE_MATCH,2009-05-01 00:00:00; 2009-06-01 00:00:00,2009-05-01 00:00:00,"esquema=lead1_igual_mes_inicializacao, representação=NMME_HARMONIZED_MONTHLY",Fazendas_Sinobras_Centroide
2009-05,NOAA_NCEP,CFSv2,2009-05,5,4.5,2009-09,OK,"L.attrs contém termo(s) ['forecast_period'] — indica semântica de lead/target, mas isso sozinho não confirma o valor exato de H5 sem uma variável auxiliar de data-alvo. | nenhuma variável auxiliar de data-alvo (('target', 'valid_time', 'target_month', 'forecast_time')) encontrada no dataset aberto — tentando Método B (semântica documentada do eixo forecast_period, Seção 4). | confirmado pela semântica documentada do eixo forecast_period (Método B, Seção 4/6): inicialização confirmada via SCALAR_COORD_ON_VARIABLE (status=OK_SCALAR_COORD), L.standard_name='forecast_period'/units='months', grade [0.5, 1.5, 2.5, 3.5, 4.5, 5.5] mensal confirmada, rota com forecast_period_semantics_documented=True.",CONFIRMED_BY_FORECAST_PERIOD_SEMANTICS,SCALAR_COORD_ON_VARIABLE,2009-05,2009-05,1,OK_SCALAR_COORD,RANGEEDGES,RANGEEDGES_WINDOW_COORDINATE_MATCH,2009-05-01 00:00:00; 2009-06-01 00:00:00,2009-05-01 00:00:00,"esquema=lead1_igual_mes_inicializacao, representação=NMME_HARMONIZED_MONTHLY",Fazendas_Sinobras_Centroide
2009-05,NOAA_NCEP,CFSv2,2009-05,6,5.5,2009-10,OK,"L.attrs contém termo(s) ['forecast_period'] — indica semântica de lead/target, mas isso sozinho não confirma o valor exato de H6 sem uma variável auxiliar de data-alvo. | nenhuma variável auxiliar de data-alvo (('target', 'valid_time', 'target_month', 'forecast_time')) encontrada no dataset aberto — tentando Método B (semântica documentada do eixo forecast_period, Seção 4). | confirmado pela semântica documentada do eixo forecast_period (Método B, Seção 4/6): inicialização confirmada via SCALAR_COORD_ON_VARIABLE (status=OK_SCALAR_COORD), L.standard_name='forecast_period'/units='months', grade [0.5, 1.5, 2.5, 3.5, 4.5, 5.5] mensal confirmada, rota com forecast_period_semantics_documented=True.",CONFIRMED_BY_FORECAST_PERIOD_SEMANTICS,SCALAR_COORD_ON_VARIABLE,2009-05,2009-05,1,OK_SCALAR_COORD,RANGEEDGES,RANGEEDGES_WINDOW_COORDINATE_MATCH,2009-05-01 00:00:00; 2009-06-01 00:00:00,2009-05-01 00:00:00,"esquema=lead1_igual_mes_inicializacao, representação=NMME_HARMONIZED_MONTHLY",Fazendas_Sinobras_Centroide
2009-06,NOAA_NCEP,CFSv2,2009-06,1,0.5,2009-06,OK,"L.attrs contém termo(s) ['forecast_period'] — indica semântica de lead/target, mas isso sozinho não confirma o valor exato de H1 sem uma variável auxiliar de data-alvo. | nenhuma variável auxiliar de data-alvo (('target', 'valid_time', 'target_month', 'forecast_time')) encontrada no dataset aberto — tentando Método B (semântica documentada do eixo forecast_period, Seção 4). | confirmado pela semântica documentada do eixo forecast_period (Método B, Seção 4/6): inicialização confirmada via SCALAR_COORD_ON_VARIABLE (status=OK_SCALAR_COORD), L.standard_name='forecast_period'/units='months', grade [0.5, 1.5, 2.5, 3.5, 4.5, 5.5] mensal confirmada, rota com forecast_period_semantics_documented=True.",CONFIRMED_BY_FORECAST_PERIOD_SEMANTICS,SCALAR_COORD_ON_VARIABLE,2009-06,2009-06,1,OK_SCALAR_COORD,RANGEEDGES,RANGEEDGES_WINDOW_COORDINATE_MATCH,2009-06-01 00:00:00; 2009-07-01 00:00:00,2009-06-01 00:00:00,"esquema=lead1_igual_mes_inicializacao, representação=NMME_HARMONIZED_MONTHLY",Fazendas_Sinobras_Centroide
2009-06,NOAA_NCEP,CFSv2,2009-06,2,1.5,2009-07,OK,"L.attrs contém termo(s) ['forecast_period'] — indica semântica de lead/target, mas isso sozinho não confirma o valor exato de H2 sem uma variável auxiliar de data-alvo. | nenhuma variável auxiliar de data-alvo (('target', 'valid_time', 'target_month', 'forecast_time')) encontrada no dataset aberto — tentando Método B (semântica documentada do eixo forecast_period, Seção 4). | confirmado pela semântica documentada do eixo forecast_period (Método B, Seção 4/6): inicialização confirmada via SCALAR_COORD_ON_VARIABLE (status=OK_SCALAR_COORD), L.standard_name='forecast_period'/units='months', grade [0.5, 1.5, 2.5, 3.5, 4.5, 5.5] mensal confirmada, rota com forecast_period_semantics_documented=True.",CONFIRMED_BY_FORECAST_PERIOD_SEMANTICS,SCALAR_COORD_ON_VARIABLE,2009-06,2009-06,1,OK_SCALAR_COORD,RANGEEDGES,RANGEEDGES_WINDOW_COORDINATE_MATCH,2009-06-01 00:00:00; 2009-07-01 00:00:00,2009-06-01 00:00:00,"esquema=lead1_igual_mes_inicializacao, representação=NMME_HARMONIZED_MONTHLY",Fazendas_Sinobras_Centroide
2009-06,NOAA_NCEP,CFSv2,2009-06,3,2.5,2009-08,OK,"L.attrs contém termo(s) ['forecast_period'] — indica semântica de lead/target, mas isso sozinho não confirma o valor exato de H3 sem uma variável auxiliar de data-alvo. | nenhuma variável auxiliar de data-alvo (('target', 'valid_time', 'target_month', 'forecast_time')) encontrada no dataset aberto — tentando Método B (semântica documentada do eixo forecast_period, Seção 4). | confirmado pela semântica documentada do eixo forecast_period (Método B, Seção 4/6): inicialização confirmada via SCALAR_COORD_ON_VARIABLE (status=OK_SCALAR_COORD), L.standard_name='forecast_period'/units='months', grade [0.5, 1.5, 2.5, 3.5, 4.5, 5.5] mensal confirmada, rota com forecast_period_semantics_documented=True.",CONFIRMED_BY_FORECAST_PERIOD_SEMANTICS,SCALAR_COORD_ON_VARIABLE,2009-06,2009-06,1,OK_SCALAR_COORD,RANGEEDGES,RANGEEDGES_WINDOW_COORDINATE_MATCH,2009-06-01 00:00:00; 2009-07-01 00:00:00,2009-06-01 00:00:00,"esquema=lead1_igual_mes_inicializacao, representação=NMME_HARMONIZED_MONTHLY",Fazendas_Sinobras_Centroide
2009-06,NOAA_NCEP,CFSv2,2009-06,4,3.5,2009-09,OK,"L.attrs contém termo(s) ['forecast_period'] — indica semântica de lead/target, mas isso sozinho não confirma o valor exato de H4 sem uma variável auxiliar de data-alvo. | nenhuma variável auxiliar de data-alvo (('target', 'valid_time', 'target_month', 'forecast_time')) encontrada no dataset aberto — tentando Método B (semântica documentada do eixo forecast_period, Seção 4). | confirmado pela semântica documentada do eixo forecast_period (Método B, Seção 4/6): inicialização confirmada via SCALAR_COORD_ON_VARIABLE (status=OK_SCALAR_COORD), L.standard_name='forecast_period'/units='months', grade [0.5, 1.5, 2.5, 3.5, 4.5, 5.5] mensal confirmada, rota com forecast_period_semantics_documented=True.",CONFIRMED_BY_FORECAST_PERIOD_SEMANTICS,SCALAR_COORD_ON_VARIABLE,2009-06,2009-06,1,OK_SCALAR_COORD,RANGEEDGES,RANGEEDGES_WINDOW_COORDINATE_MATCH,2009-06-01 00:00:00; 2009-07-01 00:00:00,2009-06-01 00:00:00,"esquema=lead1_igual_mes_inicializacao, representação=NMME_HARMONIZED_MONTHLY",Fazendas_Sinobras_Centroide
2009-06,NOAA_NCEP,CFSv2,2009-06,5,4.5,2009-10,OK,"L.attrs contém termo(s) ['forecast_period'] — indica semântica de lead/target, mas isso sozinho não confirma o valor exato de H5 sem uma variável auxiliar de data-alvo. | nenhuma variável auxiliar de data-alvo (('target', 'valid_time', 'target_month', 'forecast_time')) encontrada no dataset aberto — tentando Método B (semântica documentada do eixo forecast_period, Seção 4). | confirmado pela semântica documentada do eixo forecast_period (Método B, Seção 4/6): inicialização confirmada via SCALAR_COORD_ON_VARIABLE (status=OK_SCALAR_COORD), L.standard_name='forecast_period'/units='months', grade [0.5, 1.5, 2.5, 3.5, 4.5, 5.5] mensal confirmada, rota com forecast_period_semantics_documented=True.",CONFIRMED_BY_FORECAST_PERIOD_SEMANTICS,SCALAR_COORD_ON_VARIABLE,2009-06,2009-06,1,OK_SCALAR_COORD,RANGEEDGES,RANGEEDGES_WINDOW_COORDINATE_MATCH,2009-06-01 00:00:00; 2009-07-01 00:00:00,2009-06-01 00:00:00,"esquema=lead1_igual_mes_inicializacao, representação=NMME_HARMONIZED_MONTHLY",Fazendas_Sinobras_Centroide
2009-06,NOAA_NCEP,CFSv2,2009-06,6,5.5,2009-11,OK,"L.attrs contém termo(s) ['forecast_period'] — indica semântica de lead/target, mas isso sozinho não confirma o valor exato de H6 sem uma variável auxiliar de data-alvo. | nenhuma variável auxiliar de data-alvo (('target', 'valid_time', 'target_month', 'forecast_time')) encontrada no dataset aberto — tentando Método B (semântica documentada do eixo forecast_period, Seção 4). | confirmado pela semântica documentada do eixo forecast_period (Método B, Seção 4/6): inicialização confirmada via SCALAR_COORD_ON_VARIABLE (status=OK_SCALAR_COORD), L.standard_name='forecast_period'/units='months', grade [0.5, 1.5, 2.5, 3.5, 4.5, 5.5] mensal confirmada, rota com forecast_period_semantics_documented=True.",CONFIRMED_BY_FORECAST_PERIOD_SEMANTICS,SCALAR_COORD_ON_VARIABLE,2009-06,2009-06,1,OK_SCALAR_COORD,RANGEEDGES,RANGEEDGES_WINDOW_COORDINATE_MATCH,2009-06-01 00:00:00; 2009-07-01 00:00:00,2009-06-01 00:00:00,"esquema=lead1_igual_mes_inicializacao, representação=NMME_HARMONIZED_MONTHLY",Fazendas_Sinobras_Centroide
2009-07,NOAA_NCEP,CFSv2,2009-07,1,0.5,2009-07,OK,"L.attrs contém termo(s) ['forecast_period'] — indica semântica de lead/target, mas isso sozinho não confirma o valor exato de H1 sem uma variável auxiliar de data-alvo. | nenhuma variável auxiliar de data-alvo (('target', 'valid_time', 'target_month', 'forecast_time')) encontrada no dataset aberto — tentando Método B (semântica documentada do eixo forecast_period, Seção 4). | confirmado pela semântica documentada do eixo forecast_period (Método B, Seção 4/6): inicialização confirmada via SCALAR_COORD_ON_VARIABLE (status=OK_SCALAR_COORD), L.standard_name='forecast_period'/units='months', grade [0.5, 1.5, 2.5, 3.5, 4.5, 5.5] mensal confirmada, rota com forecast_period_semantics_documented=True.",CONFIRMED_BY_FORECAST_PERIOD_SEMANTICS,SCALAR_COORD_ON_VARIABLE,2009-07,2009-07,1,OK_SCALAR_COORD,RANGEEDGES,RANGEEDGES_WINDOW_COORDINATE_MATCH,2009-07-01 00:00:00; 2009-08-01 00:00:00,2009-07-01 00:00:00,"esquema=lead1_igual_mes_inicializacao, representação=NMME_HARMONIZED_MONTHLY",Fazendas_Sinobras_Centroide
2009-07,NOAA_NCEP,CFSv2,2009-07,2,1.5,2009-08,OK,"L.attrs contém termo(s) ['forecast_period'] — indica semântica de lead/target, mas isso sozinho não confirma o valor exato de H2 sem uma variável auxiliar de data-alvo. | nenhuma variável auxiliar de data-alvo (('target', 'valid_time', 'target_month', 'forecast_time')) encontrada no dataset aberto — tentando Método B (semântica documentada do eixo forecast_period, Seção 4). | confirmado pela semântica documentada do eixo forecast_period (Método B, Seção 4/6): inicialização confirmada via SCALAR_COORD_ON_VARIABLE (status=OK_SCALAR_COORD), L.standard_name='forecast_period'/units='months', grade [0.5, 1.5, 2.5, 3.5, 4.5, 5.5] mensal confirmada, rota com forecast_period_semantics_documented=True.",CONFIRMED_BY_FORECAST_PERIOD_SEMANTICS,SCALAR_COORD_ON_VARIABLE,2009-07,2009-07,1,OK_SCALAR_COORD,RANGEEDGES,RANGEEDGES_WINDOW_COORDINATE_MATCH,2009-07-01 00:00:00; 2009-08-01 00:00:00,2009-07-01 00:00:00,"esquema=lead1_igual_mes_inicializacao, representação=NMME_HARMONIZED_MONTHLY",Fazendas_Sinobras_Centroide
2009-07,NOAA_NCEP,CFSv2,2009-07,3,2.5,2009-09,OK,"L.attrs contém termo(s) ['forecast_period'] — indica semântica de lead/target, mas isso sozinho não confirma o valor exato de H3 sem uma variável auxiliar de data-alvo. | nenhuma variável auxiliar de data-alvo (('target', 'valid_time', 'target_month', 'forecast_time')) encontrada no dataset aberto — tentando Método B (semântica documentada do eixo forecast_period, Seção 4). | confirmado pela semântica documentada do eixo forecast_period (Método B, Seção 4/6): inicialização confirmada via SCALAR_COORD_ON_VARIABLE (status=OK_SCALAR_COORD), L.standard_name='forecast_period'/units='months', grade [0.5, 1.5, 2.5, 3.5, 4.5, 5.5] mensal confirmada, rota com forecast_period_semantics_documented=True.",CONFIRMED_BY_FORECAST_PERIOD_SEMANTICS,SCALAR_COORD_ON_VARIABLE,2009-07,2009-07,1,OK_SCALAR_COORD,RANGEEDGES,RANGEEDGES_WINDOW_COORDINATE_MATCH,2009-07-01 00:00:00; 2009-08-01 00:00:00,2009-07-01 00:00:00,"esquema=lead1_igual_mes_inicializacao, representação=NMME_HARMONIZED_MONTHLY",Fazendas_Sinobras_Centroide
2009-07,NOAA_NCEP,CFSv2,2009-07,4,3.5,2009-10,OK,"L.attrs contém termo(s) ['forecast_period'] — indica semântica de lead/target, mas isso sozinho não confirma o valor exato de H4 sem uma variável auxiliar de data-alvo. | nenhuma variável auxiliar de data-alvo (('target', 'valid_time', 'target_month', 'forecast_time')) encontrada no dataset aberto — tentando Método B (semântica documentada do eixo forecast_period, Seção 4). | confirmado pela semântica documentada do eixo forecast_period (Método B, Seção 4/6): inicialização confirmada via SCALAR_COORD_ON_VARIABLE (status=OK_SCALAR_COORD), L.standard_name='forecast_period'/units='months', grade [0.5, 1.5, 2.5, 3.5, 4.5, 5.5] mensal confirmada, rota com forecast_period_semantics_documented=True.",CONFIRMED_BY_FORECAST_PERIOD_SEMANTICS,SCALAR_COORD_ON_VARIABLE,2009-07,2009-07,1,OK_SCALAR_COORD,RANGEEDGES,RANGEEDGES_WINDOW_COORDINATE_MATCH,2009-07-01 00:00:00; 2009-08-01 00:00:00,2009-07-01 00:00:00,"esquema=lead1_igual_mes_inicializacao, representação=NMME_HARMONIZED_MONTHLY",Fazendas_Sinobras_Centroide
2009-07,NOAA_NCEP,CFSv2,2009-07,5,4.5,2009-11,OK,"L.attrs contém termo(s) ['forecast_period'] — indica semântica de lead/target, mas isso sozinho não confirma o valor exato de H5 sem uma variável auxiliar de data-alvo. | nenhuma variável auxiliar de data-alvo (('target', 'valid_time', 'target_month', 'forecast_time')) encontrada no dataset aberto — tentando Método B (semântica documentada do eixo forecast_period, Seção 4). | confirmado pela semântica documentada do eixo forecast_period (Método B, Seção 4/6): inicialização confirmada via SCALAR_COORD_ON_VARIABLE (status=OK_SCALAR_COORD), L.standard_name='forecast_period'/units='months', grade [0.5, 1.5, 2.5, 3.5, 4.5, 5.5] mensal confirmada, rota com forecast_period_semantics_documented=True.",CONFIRMED_BY_FORECAST_PERIOD_SEMANTICS,SCALAR_COORD_ON_VARIABLE,2009-07,2009-07,1,OK_SCALAR_COORD,RANGEEDGES,RANGEEDGES_WINDOW_COORDINATE_MATCH,2009-07-01 00:00:00; 2009-08-01 00:00:00,2009-07-01 00:00:00,"esquema=lead1_igual_mes_inicializacao, representação=NMME_HARMONIZED_MONTHLY",Fazendas_Sinobras_Centroide
2009-07,NOAA_NCEP,CFSv2,2009-07,6,5.5,2009-12,OK,"L.attrs contém termo(s) ['forecast_period'] — indica semântica de lead/target, mas isso sozinho não confirma o valor exato de H6 sem uma variável auxiliar de data-alvo. | nenhuma variável auxiliar de data-alvo (('target', 'valid_time', 'target_month', 'forecast_time')) encontrada no dataset aberto — tentando Método B (semântica documentada do eixo forecast_period, Seção 4). | confirmado pela semântica documentada do eixo forecast_period (Método B, Seção 4/6): inicialização confirmada via SCALAR_COORD_ON_VARIABLE (status=OK_SCALAR_COORD), L.standard_name='forecast_period'/units='months', grade [0.5, 1.5, 2.5, 3.5, 4.5, 5.5] mensal confirmada, rota com forecast_period_semantics_documented=True.",CONFIRMED_BY_FORECAST_PERIOD_SEMANTICS,SCALAR_COORD_ON_VARIABLE,2009-07,2009-07,1,OK_SCALAR_COORD,RANGEEDGES,RANGEEDGES_WINDOW_COORDINATE_MATCH,2009-07-01 00:00:00; 2009-08-01 00:00:00,2009-07-01 00:00:00,"esquema=lead1_igual_mes_inicializacao, representação=NMME_HARMONIZED_MONTHLY",Fazendas_Sinobras_Centroide
2009-08,NOAA_NCEP,CFSv2,2009-08,1,0.5,2009-08,OK,"L.attrs contém termo(s) ['forecast_period'] — indica semântica de lead/target, mas isso sozinho não confirma o valor exato de H1 sem uma variável auxiliar de data-alvo. | nenhuma variável auxiliar de data-alvo (('target', 'valid_time', 'target_month', 'forecast_time')) encontrada no dataset aberto — tentando Método B (semântica documentada do eixo forecast_period, Seção 4). | confirmado pela semântica documentada do eixo forecast_period (Método B, Seção 4/6): inicialização confirmada via SCALAR_COORD_ON_VARIABLE (status=OK_SCALAR_COORD), L.standard_name='forecast_period'/units='months', grade [0.5, 1.5, 2.5, 3.5, 4.5, 5.5] mensal confirmada, rota com forecast_period_semantics_documented=True.",CONFIRMED_BY_FORECAST_PERIOD_SEMANTICS,SCALAR_COORD_ON_VARIABLE,2009-08,2009-08,1,OK_SCALAR_COORD,RANGEEDGES,RANGEEDGES_WINDOW_COORDINATE_MATCH,2009-08-01 00:00:00; 2009-09-01 00:00:00,2009-08-01 00:00:00,"esquema=lead1_igual_mes_inicializacao, representação=NMME_HARMONIZED_MONTHLY",Fazendas_Sinobras_Centroide
2009-08,NOAA_NCEP,CFSv2,2009-08,2,1.5,2009-09,OK,"L.attrs contém termo(s) ['forecast_period'] — indica semântica de lead/target, mas isso sozinho não confirma o valor exato de H2 sem uma variável auxiliar de data-alvo. | nenhuma variável auxiliar de data-alvo (('target', 'valid_time', 'target_month', 'forecast_time')) encontrada no dataset aberto — tentando Método B (semântica documentada do eixo forecast_period, Seção 4). | confirmado pela semântica documentada do eixo forecast_period (Método B, Seção 4/6): inicialização confirmada via SCALAR_COORD_ON_VARIABLE (status=OK_SCALAR_COORD), L.standard_name='forecast_period'/units='months', grade [0.5, 1.5, 2.5, 3.5, 4.5, 5.5] mensal confirmada, rota com forecast_period_semantics_documented=True.",CONFIRMED_BY_FORECAST_PERIOD_SEMANTICS,SCALAR_COORD_ON_VARIABLE,2009-08,2009-08,1,OK_SCALAR_COORD,RANGEEDGES,RANGEEDGES_WINDOW_COORDINATE_MATCH,2009-08-01 00:00:00; 2009-09-01 00:00:00,2009-08-01 00:00:00,"esquema=lead1_igual_mes_inicializacao, representação=NMME_HARMONIZED_MONTHLY",Fazendas_Sinobras_Centroide
2009-08,NOAA_NCEP,CFSv2,2009-08,3,2.5,2009-10,OK,"L.attrs contém termo(s) ['forecast_period'] — indica semântica de lead/target, mas isso sozinho não confirma o valor exato de H3 sem uma variável auxiliar de data-alvo. | nenhuma variável auxiliar de data-alvo (('target', 'valid_time', 'target_month', 'forecast_time')) encontrada no dataset aberto — tentando Método B (semântica documentada do eixo forecast_period, Seção 4). | confirmado pela semântica documentada do eixo forecast_period (Método B, Seção 4/6): inicialização confirmada via SCALAR_COORD_ON_VARIABLE (status=OK_SCALAR_COORD), L.standard_name='forecast_period'/units='months', grade [0.5, 1.5, 2.5, 3.5, 4.5, 5.5] mensal confirmada, rota com forecast_period_semantics_documented=True.",CONFIRMED_BY_FORECAST_PERIOD_SEMANTICS,SCALAR_COORD_ON_VARIABLE,2009-08,2009-08,1,OK_SCALAR_COORD,RANGEEDGES,RANGEEDGES_WINDOW_COORDINATE_MATCH,2009-08-01 00:00:00; 2009-09-01 00:00:00,2009-08-01 00:00:00,"esquema=lead1_igual_mes_inicializacao, representação=NMME_HARMONIZED_MONTHLY",Fazendas_Sinobras_Centroide
2009-08,NOAA_NCEP,CFSv2,2009-08,4,3.5,2009-11,OK,"L.attrs contém termo(s) ['forecast_period'] — indica semântica de lead/target, mas isso sozinho não confirma o valor exato de H4 sem uma variável auxiliar de data-alvo. | nenhuma variável auxiliar de data-alvo (('target', 'valid_time', 'target_month', 'forecast_time')) encontrada no dataset aberto — tentando Método B (semântica documentada do eixo forecast_period, Seção 4). | confirmado pela semântica documentada do eixo forecast_period (Método B, Seção 4/6): inicialização confirmada via SCALAR_COORD_ON_VARIABLE (status=OK_SCALAR_COORD), L.standard_name='forecast_period'/units='months', grade [0.5, 1.5, 2.5, 3.5, 4.5, 5.5] mensal confirmada, rota com forecast_period_semantics_documented=True.",CONFIRMED_BY_FORECAST_PERIOD_SEMANTICS,SCALAR_COORD_ON_VARIABLE,2009-08,2009-08,1,OK_SCALAR_COORD,RANGEEDGES,RANGEEDGES_WINDOW_COORDINATE_MATCH,2009-08-01 00:00:00; 2009-09-01 00:00:00,2009-08-01 00:00:00,"esquema=lead1_igual_mes_inicializacao, representação=NMME_HARMONIZED_MONTHLY",Fazendas_Sinobras_Centroide
2009-08,NOAA_NCEP,CFSv2,2009-08,5,4.5,2009-12,OK,"L.attrs contém termo(s) ['forecast_period'] — indica semântica de lead/target, mas isso sozinho não confirma o valor exato de H5 sem uma variável auxiliar de data-alvo. | nenhuma variável auxiliar de data-alvo (('target', 'valid_time', 'target_month', 'forecast_time')) encontrada no dataset aberto — tentando Método B (semântica documentada do eixo forecast_period, Seção 4). | confirmado pela semântica documentada do eixo forecast_period (Método B, Seção 4/6): inicialização confirmada via SCALAR_COORD_ON_VARIABLE (status=OK_SCALAR_COORD), L.standard_name='forecast_period'/units='months', grade [0.5, 1.5, 2.5, 3.5, 4.5, 5.5] mensal confirmada, rota com forecast_period_semantics_documented=True.",CONFIRMED_BY_FORECAST_PERIOD_SEMANTICS,SCALAR_COORD_ON_VARIABLE,2009-08,2009-08,1,OK_SCALAR_COORD,RANGEEDGES,RANGEEDGES_WINDOW_COORDINATE_MATCH,2009-08-01 00:00:00; 2009-09-01 00:00:00,2009-08-01 00:00:00,"esquema=lead1_igual_mes_inicializacao, representação=NMME_HARMONIZED_MONTHLY",Fazendas_Sinobras_Centroide
2009-08,NOAA_NCEP,CFSv2,2009-08,6,5.5,2010-01,OK,"L.attrs contém termo(s) ['forecast_period'] — indica semântica de lead/target, mas isso sozinho não confirma o valor exato de H6 sem uma variável auxiliar de data-alvo. | nenhuma variável auxiliar de data-alvo (('target', 'valid_time', 'target_month', 'forecast_time')) encontrada no dataset aberto — tentando Método B (semântica documentada do eixo forecast_period, Seção 4). | confirmado pela semântica documentada do eixo forecast_period (Método B, Seção 4/6): inicialização confirmada via SCALAR_COORD_ON_VARIABLE (status=OK_SCALAR_COORD), L.standard_name='forecast_period'/units='months', grade [0.5, 1.5, 2.5, 3.5, 4.5, 5.5] mensal confirmada, rota com forecast_period_semantics_documented=True.",CONFIRMED_BY_FORECAST_PERIOD_SEMANTICS,SCALAR_COORD_ON_VARIABLE,2009-08,2009-08,1,OK_SCALAR_COORD,RANGEEDGES,RANGEEDGES_WINDOW_COORDINATE_MATCH,2009-08-01 00:00:00; 2009-09-01 00:00:00,2009-08-01 00:00:00,"esquema=lead1_igual_mes_inicializacao, representação=NMME_HARMONIZED_MONTHLY",Fazendas_Sinobras_Centroide
2009-09,NOAA_NCEP,CFSv2,2009-09,1,0.5,2009-09,OK,"L.attrs contém termo(s) ['forecast_period'] — indica semântica de lead/target, mas isso sozinho não confirma o valor exato de H1 sem uma variável auxiliar de data-alvo. | nenhuma variável auxiliar de data-alvo (('target', 'valid_time', 'target_month', 'forecast_time')) encontrada no dataset aberto — tentando Método B (semântica documentada do eixo forecast_period, Seção 4). | confirmado pela semântica documentada do eixo forecast_period (Método B, Seção 4/6): inicialização confirmada via SCALAR_COORD_ON_VARIABLE (status=OK_SCALAR_COORD), L.standard_name='forecast_period'/units='months', grade [0.5, 1.5, 2.5, 3.5, 4.5, 5.5] mensal confirmada, rota com forecast_period_semantics_documented=True.",CONFIRMED_BY_FORECAST_PERIOD_SEMANTICS,SCALAR_COORD_ON_VARIABLE,2009-09,2009-09,1,OK_SCALAR_COORD,RANGEEDGES,RANGEEDGES_WINDOW_COORDINATE_MATCH,2009-09-01 00:00:00; 2009-10-01 00:00:00,2009-09-01 00:00:00,"esquema=lead1_igual_mes_inicializacao, representação=NMME_HARMONIZED_MONTHLY",Fazendas_Sinobras_Centroide
2009-09,NOAA_NCEP,CFSv2,2009-09,2,1.5,2009-10,OK,"L.attrs contém termo(s) ['forecast_period'] — indica semântica de lead/target, mas isso sozinho não confirma o valor exato de H2 sem uma variável auxiliar de data-alvo. | nenhuma variável auxiliar de data-alvo (('target', 'valid_time', 'target_month', 'forecast_time')) encontrada no dataset aberto — tentando Método B (semântica documentada do eixo forecast_period, Seção 4). | confirmado pela semântica documentada do eixo forecast_period (Método B, Seção 4/6): inicialização confirmada via SCALAR_COORD_ON_VARIABLE (status=OK_SCALAR_COORD), L.standard_name='forecast_period'/units='months', grade [0.5, 1.5, 2.5, 3.5, 4.5, 5.5] mensal confirmada, rota com forecast_period_semantics_documented=True.",CONFIRMED_BY_FORECAST_PERIOD_SEMANTICS,SCALAR_COORD_ON_VARIABLE,2009-09,2009-09,1,OK_SCALAR_COORD,RANGEEDGES,RANGEEDGES_WINDOW_COORDINATE_MATCH,2009-09-01 00:00:00; 2009-10-01 00:00:00,2009-09-01 00:00:00,"esquema=lead1_igual_mes_inicializacao, representação=NMME_HARMONIZED_MONTHLY",Fazendas_Sinobras_Centroide
2009-09,NOAA_NCEP,CFSv2,2009-09,3,2.5,2009-11,OK,"L.attrs contém termo(s) ['forecast_period'] — indica semântica de lead/target, mas isso sozinho não confirma o valor exato de H3 sem uma variável auxiliar de data-alvo. | nenhuma variável auxiliar de data-alvo (('target', 'valid_time', 'target_month', 'forecast_time')) encontrada no dataset aberto — tentando Método B (semântica documentada do eixo forecast_period, Seção 4). | confirmado pela semântica documentada do eixo forecast_period (Método B, Seção 4/6): inicialização confirmada via SCALAR_COORD_ON_VARIABLE (status=OK_SCALAR_COORD), L.standard_name='forecast_period'/units='months', grade [0.5, 1.5, 2.5, 3.5, 4.5, 5.5] mensal confirmada, rota com forecast_period_semantics_documented=True.",CONFIRMED_BY_FORECAST_PERIOD_SEMANTICS,SCALAR_COORD_ON_VARIABLE,2009-09,2009-09,1,OK_SCALAR_COORD,RANGEEDGES,RANGEEDGES_WINDOW_COORDINATE_MATCH,2009-09-01 00:00:00; 2009-10-01 00:00:00,2009-09-01 00:00:00,"esquema=lead1_igual_mes_inicializacao, representação=NMME_HARMONIZED_MONTHLY",Fazendas_Sinobras_Centroide
2009-09,NOAA_NCEP,CFSv2,2009-09,4,3.5,2009-12,OK,"L.attrs contém termo(s) ['forecast_period'] — indica semântica de lead/target, mas isso sozinho não confirma o valor exato de H4 sem uma variável auxiliar de data-alvo. | nenhuma variável auxiliar de data-alvo (('target', 'valid_time', 'target_month', 'forecast_time')) encontrada no dataset aberto — tentando Método B (semântica documentada do eixo forecast_period, Seção 4). | confirmado pela semântica documentada do eixo forecast_period (Método B, Seção 4/6): inicialização confirmada via SCALAR_COORD_ON_VARIABLE (status=OK_SCALAR_COORD), L.standard_name='forecast_period'/units='months', grade [0.5, 1.5, 2.5, 3.5, 4.5, 5.5] mensal confirmada, rota com forecast_period_semantics_documented=True.",CONFIRMED_BY_FORECAST_PERIOD_SEMANTICS,SCALAR_COORD_ON_VARIABLE,2009-09,2009-09,1,OK_SCALAR_COORD,RANGEEDGES,RANGEEDGES_WINDOW_COORDINATE_MATCH,2009-09-01 00:00:00; 2009-10-01 00:00:00,2009-09-01 00:00:00,"esquema=lead1_igual_mes_inicializacao, representação=NMME_HARMONIZED_MONTHLY",Fazendas_Sinobras_Centroide
2009-09,NOAA_NCEP,CFSv2,2009-09,5,4.5,2010-01,OK,"L.attrs contém termo(s) ['forecast_period'] — indica semântica de lead/target, mas isso sozinho não confirma o valor exato de H5 sem uma variável auxiliar de data-alvo. | nenhuma variável auxiliar de data-alvo (('target', 'valid_time', 'target_month', 'forecast_time')) encontrada no dataset aberto — tentando Método B (semântica documentada do eixo forecast_period, Seção 4). | confirmado pela semântica documentada do eixo forecast_period (Método B, Seção 4/6): inicialização confirmada via SCALAR_COORD_ON_VARIABLE (status=OK_SCALAR_COORD), L.standard_name='forecast_period'/units='months', grade [0.5, 1.5, 2.5, 3.5, 4.5, 5.5] mensal confirmada, rota com forecast_period_semantics_documented=True.",CONFIRMED_BY_FORECAST_PERIOD_SEMANTICS,SCALAR_COORD_ON_VARIABLE,2009-09,2009-09,1,OK_SCALAR_COORD,RANGEEDGES,RANGEEDGES_WINDOW_COORDINATE_MATCH,2009-09-01 00:00:00; 2009-10-01 00:00:00,2009-09-01 00:00:00,"esquema=lead1_igual_mes_inicializacao, representação=NMME_HARMONIZED_MONTHLY",Fazendas_Sinobras_Centroide
2009-09,NOAA_NCEP,CFSv2,2009-09,6,5.5,2010-02,OK,"L.attrs contém termo(s) ['forecast_period'] — indica semântica de lead/target, mas isso sozinho não confirma o valor exato de H6 sem uma variável auxiliar de data-alvo. | nenhuma variável auxiliar de data-alvo (('target', 'valid_time', 'target_month', 'forecast_time')) encontrada no dataset aberto — tentando Método B (semântica documentada do eixo forecast_period, Seção 4). | confirmado pela semântica documentada do eixo forecast_period (Método B, Seção 4/6): inicialização confirmada via SCALAR_COORD_ON_VARIABLE (status=OK_SCALAR_COORD), L.standard_name='forecast_period'/units='months', grade [0.5, 1.5, 2.5, 3.5, 4.5, 5.5] mensal confirmada, rota com forecast_period_semantics_documented=True.",CONFIRMED_BY_FORECAST_PERIOD_SEMANTICS,SCALAR_COORD_ON_VARIABLE,2009-09,2009-09,1,OK_SCALAR_COORD,RANGEEDGES,RANGEEDGES_WINDOW_COORDINATE_MATCH,2009-09-01 00:00:00; 2009-10-01 00:00:00,2009-09-01 00:00:00,"esquema=lead1_igual_mes_inicializacao, representação=NMME_HARMONIZED_MONTHLY",Fazendas_Sinobras_Centroide
2009-10,NOAA_NCEP,CFSv2,2009-10,1,0.5,2009-10,OK,"L.attrs contém termo(s) ['forecast_period'] — indica semântica de lead/target, mas isso sozinho não confirma o valor exato de H1 sem uma variável auxiliar de data-alvo. | nenhuma variável auxiliar de data-alvo (('target', 'valid_time', 'target_month', 'forecast_time')) encontrada no dataset aberto — tentando Método B (semântica documentada do eixo forecast_period, Seção 4). | confirmado pela semântica documentada do eixo forecast_period (Método B, Seção 4/6): inicialização confirmada via SCALAR_COORD_ON_VARIABLE (status=OK_SCALAR_COORD), L.standard_name='forecast_period'/units='months', grade [0.5, 1.5, 2.5, 3.5, 4.5, 5.5] mensal confirmada, rota com forecast_period_semantics_documented=True.",CONFIRMED_BY_FORECAST_PERIOD_SEMANTICS,SCALAR_COORD_ON_VARIABLE,2009-10,2009-10,1,OK_SCALAR_COORD,RANGEEDGES,RANGEEDGES_WINDOW_COORDINATE_MATCH,2009-10-01 00:00:00; 2009-11-01 00:00:00,2009-10-01 00:00:00,"esquema=lead1_igual_mes_inicializacao, representação=NMME_HARMONIZED_MONTHLY",Fazendas_Sinobras_Centroide
2009-10,NOAA_NCEP,CFSv2,2009-10,2,1.5,2009-11,OK,"L.attrs contém termo(s) ['forecast_period'] — indica semântica de lead/target, mas isso sozinho não confirma o valor exato de H2 sem uma variável auxiliar de data-alvo. | nenhuma variável auxiliar de data-alvo (('target', 'valid_time', 'target_month', 'forecast_time')) encontrada no dataset aberto — tentando Método B (semântica documentada do eixo forecast_period, Seção 4). | confirmado pela semântica documentada do eixo forecast_period (Método B, Seção 4/6): inicialização confirmada via SCALAR_COORD_ON_VARIABLE (status=OK_SCALAR_COORD), L.standard_name='forecast_period'/units='months', grade [0.5, 1.5, 2.5, 3.5, 4.5, 5.5] mensal confirmada, rota com forecast_period_semantics_documented=True.",CONFIRMED_BY_FORECAST_PERIOD_SEMANTICS,SCALAR_COORD_ON_VARIABLE,2009-10,2009-10,1,OK_SCALAR_COORD,RANGEEDGES,RANGEEDGES_WINDOW_COORDINATE_MATCH,2009-10-01 00:00:00; 2009-11-01 00:00:00,2009-10-01 00:00:00,"esquema=lead1_igual_mes_inicializacao, representação=NMME_HARMONIZED_MONTHLY",Fazendas_Sinobras_Centroide
2009-10,NOAA_NCEP,CFSv2,2009-10,3,2.5,2009-12,OK,"L.attrs contém termo(s) ['forecast_period'] — indica semântica de lead/target, mas isso sozinho não confirma o valor exato de H3 sem uma variável auxiliar de data-alvo. | nenhuma variável auxiliar de data-alvo (('target', 'valid_time', 'target_month', 'forecast_time')) encontrada no dataset aberto — tentando Método B (semântica documentada do eixo forecast_period, Seção 4). | confirmado pela semântica documentada do eixo forecast_period (Método B, Seção 4/6): inicialização confirmada via SCALAR_COORD_ON_VARIABLE (status=OK_SCALAR_COORD), L.standard_name='forecast_period'/units='months', grade [0.5, 1.5, 2.5, 3.5, 4.5, 5.5] mensal confirmada, rota com forecast_period_semantics_documented=True.",CONFIRMED_BY_FORECAST_PERIOD_SEMANTICS,SCALAR_COORD_ON_VARIABLE,2009-10,2009-10,1,OK_SCALAR_COORD,RANGEEDGES,RANGEEDGES_WINDOW_COORDINATE_MATCH,2009-10-01 00:00:00; 2009-11-01 00:00:00,2009-10-01 00:00:00,"esquema=lead1_igual_mes_inicializacao, representação=NMME_HARMONIZED_MONTHLY",Fazendas_Sinobras_Centroide
2009-10,NOAA_NCEP,CFSv2,2009-10,4,3.5,2010-01,OK,"L.attrs contém termo(s) ['forecast_period'] — indica semântica de lead/target, mas isso sozinho não confirma o valor exato de H4 sem uma variável auxiliar de data-alvo. | nenhuma variável auxiliar de data-alvo (('target', 'valid_time', 'target_month', 'forecast_time')) encontrada no dataset aberto — tentando Método B (semântica documentada do eixo forecast_period, Seção 4). | confirmado pela semântica documentada do eixo forecast_period (Método B, Seção 4/6): inicialização confirmada via SCALAR_COORD_ON_VARIABLE (status=OK_SCALAR_COORD), L.standard_name='forecast_period'/units='months', grade [0.5, 1.5, 2.5, 3.5, 4.5, 5.5] mensal confirmada, rota com forecast_period_semantics_documented=True.",CONFIRMED_BY_FORECAST_PERIOD_SEMANTICS,SCALAR_COORD_ON_VARIABLE,2009-10,2009-10,1,OK_SCALAR_COORD,RANGEEDGES,RANGEEDGES_WINDOW_COORDINATE_MATCH,2009-10-01 00:00:00; 2009-11-01 00:00:00,2009-10-01 00:00:00,"esquema=lead1_igual_mes_inicializacao, representação=NMME_HARMONIZED_MONTHLY",Fazendas_Sinobras_Centroide
2009-10,NOAA_NCEP,CFSv2,2009-10,5,4.5,2010-02,OK,"L.attrs contém termo(s) ['forecast_period'] — indica semântica de lead/target, mas isso sozinho não confirma o valor exato de H5 sem uma variável auxiliar de data-alvo. | nenhuma variável auxiliar de data-alvo (('target', 'valid_time', 'target_month', 'forecast_time')) encontrada no dataset aberto — tentando Método B (semântica documentada do eixo forecast_period, Seção 4). | confirmado pela semântica documentada do eixo forecast_period (Método B, Seção 4/6): inicialização confirmada via SCALAR_COORD_ON_VARIABLE (status=OK_SCALAR_COORD), L.standard_name='forecast_period'/units='months', grade [0.5, 1.5, 2.5, 3.5, 4.5, 5.5] mensal confirmada, rota com forecast_period_semantics_documented=True.",CONFIRMED_BY_FORECAST_PERIOD_SEMANTICS,SCALAR_COORD_ON_VARIABLE,2009-10,2009-10,1,OK_SCALAR_COORD,RANGEEDGES,RANGEEDGES_WINDOW_COORDINATE_MATCH,2009-10-01 00:00:00; 2009-11-01 00:00:00,2009-10-01 00:00:00,"esquema=lead1_igual_mes_inicializacao, representação=NMME_HARMONIZED_MONTHLY",Fazendas_Sinobras_Centroide
2009-10,NOAA_NCEP,CFSv2,2009-10,6,5.5,2010-03,OK,"L.attrs contém termo(s) ['forecast_period'] — indica semântica de lead/target, mas isso sozinho não confirma o valor exato de H6 sem uma variável auxiliar de data-alvo. | nenhuma variável auxiliar de data-alvo (('target', 'valid_time', 'target_month', 'forecast_time')) encontrada no dataset aberto — tentando Método B (semântica documentada do eixo forecast_period, Seção 4). | confirmado pela semântica documentada do eixo forecast_period (Método B, Seção 4/6): inicialização confirmada via SCALAR_COORD_ON_VARIABLE (status=OK_SCALAR_COORD), L.standard_name='forecast_period'/units='months', grade [0.5, 1.5, 2.5, 3.5, 4.5, 5.5] mensal confirmada, rota com forecast_period_semantics_documented=True.",CONFIRMED_BY_FORECAST_PERIOD_SEMANTICS,SCALAR_COORD_ON_VARIABLE,2009-10,2009-10,1,OK_SCALAR_COORD,RANGEEDGES,RANGEEDGES_WINDOW_COORDINATE_MATCH,2009-10-01 00:00:00; 2009-11-01 00:00:00,2009-10-01 00:00:00,"esquema=lead1_igual_mes_inicializacao, representação=NMME_HARMONIZED_MONTHLY",Fazendas_Sinobras_Centroide
2009-11,NOAA_NCEP,CFSv2,2009-11,1,0.5,2009-11,OK,"L.attrs contém termo(s) ['forecast_period'] — indica semântica de lead/target, mas isso sozinho não confirma o valor exato de H1 sem uma variável auxiliar de data-alvo. | nenhuma variável auxiliar de data-alvo (('target', 'valid_time', 'target_month', 'forecast_time')) encontrada no dataset aberto — tentando Método B (semântica documentada do eixo forecast_period, Seção 4). | confirmado pela semântica documentada do eixo forecast_period (Método B, Seção 4/6): inicialização confirmada via SCALAR_COORD_ON_VARIABLE (status=OK_SCALAR_COORD), L.standard_name='forecast_period'/units='months', grade [0.5, 1.5, 2.5, 3.5, 4.5, 5.5] mensal confirmada, rota com forecast_period_semantics_documented=True.",CONFIRMED_BY_FORECAST_PERIOD_SEMANTICS,SCALAR_COORD_ON_VARIABLE,2009-11,2009-11,1,OK_SCALAR_COORD,RANGEEDGES,RANGEEDGES_WINDOW_COORDINATE_MATCH,2009-11-01 00:00:00; 2009-12-01 00:00:00,2009-11-01 00:00:00,"esquema=lead1_igual_mes_inicializacao, representação=NMME_HARMONIZED_MONTHLY",Fazendas_Sinobras_Centroide
2009-11,NOAA_NCEP,CFSv2,2009-11,2,1.5,2009-12,OK,"L.attrs contém termo(s) ['forecast_period'] — indica semântica de lead/target, mas isso sozinho não confirma o valor exato de H2 sem uma variável auxiliar de data-alvo. | nenhuma variável auxiliar de data-alvo (('target', 'valid_time', 'target_month', 'forecast_time')) encontrada no dataset aberto — tentando Método B (semântica documentada do eixo forecast_period, Seção 4). | confirmado pela semântica documentada do eixo forecast_period (Método B, Seção 4/6): inicialização confirmada via SCALAR_COORD_ON_VARIABLE (status=OK_SCALAR_COORD), L.standard_name='forecast_period'/units='months', grade [0.5, 1.5, 2.5, 3.5, 4.5, 5.5] mensal confirmada, rota com forecast_period_semantics_documented=True.",CONFIRMED_BY_FORECAST_PERIOD_SEMANTICS,SCALAR_COORD_ON_VARIABLE,2009-11,2009-11,1,OK_SCALAR_COORD,RANGEEDGES,RANGEEDGES_WINDOW_COORDINATE_MATCH,2009-11-01 00:00:00; 2009-12-01 00:00:00,2009-11-01 00:00:00,"esquema=lead1_igual_mes_inicializacao, representação=NMME_HARMONIZED_MONTHLY",Fazendas_Sinobras_Centroide
2009-11,NOAA_NCEP,CFSv2,2009-11,3,2.5,2010-01,OK,"L.attrs contém termo(s) ['forecast_period'] — indica semântica de lead/target, mas isso sozinho não confirma o valor exato de H3 sem uma variável auxiliar de data-alvo. | nenhuma variável auxiliar de data-alvo (('target', 'valid_time', 'target_month', 'forecast_time')) encontrada no dataset aberto — tentando Método B (semântica documentada do eixo forecast_period, Seção 4). | confirmado pela semântica documentada do eixo forecast_period (Método B, Seção 4/6): inicialização confirmada via SCALAR_COORD_ON_VARIABLE (status=OK_SCALAR_COORD), L.standard_name='forecast_period'/units='months', grade [0.5, 1.5, 2.5, 3.5, 4.5, 5.5] mensal confirmada, rota com forecast_period_semantics_documented=True.",CONFIRMED_BY_FORECAST_PERIOD_SEMANTICS,SCALAR_COORD_ON_VARIABLE,2009-11,2009-11,1,OK_SCALAR_COORD,RANGEEDGES,RANGEEDGES_WINDOW_COORDINATE_MATCH,2009-11-01 00:00:00; 2009-12-01 00:00:00,2009-11-01 00:00:00,"esquema=lead1_igual_mes_inicializacao, representação=NMME_HARMONIZED_MONTHLY",Fazendas_Sinobras_Centroide
2009-11,NOAA_NCEP,CFSv2,2009-11,4,3.5,2010-02,OK,"L.attrs contém termo(s) ['forecast_period'] — indica semântica de lead/target, mas isso sozinho não confirma o valor exato de H4 sem uma variável auxiliar de data-alvo. | nenhuma variável auxiliar de data-alvo (('target', 'valid_time', 'target_month', 'forecast_time')) encontrada no dataset aberto — tentando Método B (semântica documentada do eixo forecast_period, Seção 4). | confirmado pela semântica documentada do eixo forecast_period (Método B, Seção 4/6): inicialização confirmada via SCALAR_COORD_ON_VARIABLE (status=OK_SCALAR_COORD), L.standard_name='forecast_period'/units='months', grade [0.5, 1.5, 2.5, 3.5, 4.5, 5.5] mensal confirmada, rota com forecast_period_semantics_documented=True.",CONFIRMED_BY_FORECAST_PERIOD_SEMANTICS,SCALAR_COORD_ON_VARIABLE,2009-11,2009-11,1,OK_SCALAR_COORD,RANGEEDGES,RANGEEDGES_WINDOW_COORDINATE_MATCH,2009-11-01 00:00:00; 2009-12-01 00:00:00,2009-11-01 00:00:00,"esquema=lead1_igual_mes_inicializacao, representação=NMME_HARMONIZED_MONTHLY",Fazendas_Sinobras_Centroide
2009-11,NOAA_NCEP,CFSv2,2009-11,5,4.5,2010-03,OK,"L.attrs contém termo(s) ['forecast_period'] — indica semântica de lead/target, mas isso sozinho não confirma o valor exato de H5 sem uma variável auxiliar de data-alvo. | nenhuma variável auxiliar de data-alvo (('target', 'valid_time', 'target_month', 'forecast_time')) encontrada no dataset aberto — tentando Método B (semântica documentada do eixo forecast_period, Seção 4). | confirmado pela semântica documentada do eixo forecast_period (Método B, Seção 4/6): inicialização confirmada via SCALAR_COORD_ON_VARIABLE (status=OK_SCALAR_COORD), L.standard_name='forecast_period'/units='months', grade [0.5, 1.5, 2.5, 3.5, 4.5, 5.5] mensal confirmada, rota com forecast_period_semantics_documented=True.",CONFIRMED_BY_FORECAST_PERIOD_SEMANTICS,SCALAR_COORD_ON_VARIABLE,2009-11,2009-11,1,OK_SCALAR_COORD,RANGEEDGES,RANGEEDGES_WINDOW_COORDINATE_MATCH,2009-11-01 00:00:00; 2009-12-01 00:00:00,2009-11-01 00:00:00,"esquema=lead1_igual_mes_inicializacao, representação=NMME_HARMONIZED_MONTHLY",Fazendas_Sinobras_Centroide
2009-11,NOAA_NCEP,CFSv2,2009-11,6,5.5,2010-04,OK,"L.attrs contém termo(s) ['forecast_period'] — indica semântica de lead/target, mas isso sozinho não confirma o valor exato de H6 sem uma variável auxiliar de data-alvo. | nenhuma variável auxiliar de data-alvo (('target', 'valid_time', 'target_month', 'forecast_time')) encontrada no dataset aberto — tentando Método B (semântica documentada do eixo forecast_period, Seção 4). | confirmado pela semântica documentada do eixo forecast_period (Método B, Seção 4/6): inicialização confirmada via SCALAR_COORD_ON_VARIABLE (status=OK_SCALAR_COORD), L.standard_name='forecast_period'/units='months', grade [0.5, 1.5, 2.5, 3.5, 4.5, 5.5] mensal confirmada, rota com forecast_period_semantics_documented=True.",CONFIRMED_BY_FORECAST_PERIOD_SEMANTICS,SCALAR_COORD_ON_VARIABLE,2009-11,2009-11,1,OK_SCALAR_COORD,RANGEEDGES,RANGEEDGES_WINDOW_COORDINATE_MATCH,2009-11-01 00:00:00; 2009-12-01 00:00:00,2009-11-01 00:00:00,"esquema=lead1_igual_mes_inicializacao, representação=NMME_HARMONIZED_MONTHLY",Fazendas_Sinobras_Centroide
2009-12,NOAA_NCEP,CFSv2,2009-12,1,0.5,2009-12,OK,"L.attrs contém termo(s) ['forecast_period'] — indica semântica de lead/target, mas isso sozinho não confirma o valor exato de H1 sem uma variável auxiliar de data-alvo. | nenhuma variável auxiliar de data-alvo (('target', 'valid_time', 'target_month', 'forecast_time')) encontrada no dataset aberto — tentando Método B (semântica documentada do eixo forecast_period, Seção 4). | confirmado pela semântica documentada do eixo forecast_period (Método B, Seção 4/6): inicialização confirmada via SCALAR_COORD_ON_VARIABLE (status=OK_SCALAR_COORD), L.standard_name='forecast_period'/units='months', grade [0.5, 1.5, 2.5, 3.5, 4.5, 5.5] mensal confirmada, rota com forecast_period_semantics_documented=True.",CONFIRMED_BY_FORECAST_PERIOD_SEMANTICS,SCALAR_COORD_ON_VARIABLE,2009-12,2009-12,1,OK_SCALAR_COORD,RANGEEDGES,RANGEEDGES_WINDOW_COORDINATE_MATCH,2009-12-01 00:00:00; 2010-01-01 00:00:00,2009-12-01 00:00:00,"esquema=lead1_igual_mes_inicializacao, representação=NMME_HARMONIZED_MONTHLY",Fazendas_Sinobras_Centroide
2009-12,NOAA_NCEP,CFSv2,2009-12,2,1.5,2010-01,OK,"L.attrs contém termo(s) ['forecast_period'] — indica semântica de lead/target, mas isso sozinho não confirma o valor exato de H2 sem uma variável auxiliar de data-alvo. | nenhuma variável auxiliar de data-alvo (('target', 'valid_time', 'target_month', 'forecast_time')) encontrada no dataset aberto — tentando Método B (semântica documentada do eixo forecast_period, Seção 4). | confirmado pela semântica documentada do eixo forecast_period (Método B, Seção 4/6): inicialização confirmada via SCALAR_COORD_ON_VARIABLE (status=OK_SCALAR_COORD), L.standard_name='forecast_period'/units='months', grade [0.5, 1.5, 2.5, 3.5, 4.5, 5.5] mensal confirmada, rota com forecast_period_semantics_documented=True.",CONFIRMED_BY_FORECAST_PERIOD_SEMANTICS,SCALAR_COORD_ON_VARIABLE,2009-12,2009-12,1,OK_SCALAR_COORD,RANGEEDGES,RANGEEDGES_WINDOW_COORDINATE_MATCH,2009-12-01 00:00:00; 2010-01-01 00:00:00,2009-12-01 00:00:00,"esquema=lead1_igual_mes_inicializacao, representação=NMME_HARMONIZED_MONTHLY",Fazendas_Sinobras_Centroide
2009-12,NOAA_NCEP,CFSv2,2009-12,3,2.5,2010-02,OK,"L.attrs contém termo(s) ['forecast_period'] — indica semântica de lead/target, mas isso sozinho não confirma o valor exato de H3 sem uma variável auxiliar de data-alvo. | nenhuma variável auxiliar de data-alvo (('target', 'valid_time', 'target_month', 'forecast_time')) encontrada no dataset aberto — tentando Método B (semântica documentada do eixo forecast_period, Seção 4). | confirmado pela semântica documentada do eixo forecast_period (Método B, Seção 4/6): inicialização confirmada via SCALAR_COORD_ON_VARIABLE (status=OK_SCALAR_COORD), L.standard_name='forecast_period'/units='months', grade [0.5, 1.5, 2.5, 3.5, 4.5, 5.5] mensal confirmada, rota com forecast_period_semantics_documented=True.",CONFIRMED_BY_FORECAST_PERIOD_SEMANTICS,SCALAR_COORD_ON_VARIABLE,2009-12,2009-12,1,OK_SCALAR_COORD,RANGEEDGES,RANGEEDGES_WINDOW_COORDINATE_MATCH,2009-12-01 00:00:00; 2010-01-01 00:00:00,2009-12-01 00:00:00,"esquema=lead1_igual_mes_inicializacao, representação=NMME_HARMONIZED_MONTHLY",Fazendas_Sinobras_Centroide
2009-12,NOAA_NCEP,CFSv2,2009-12,4,3.5,2010-03,OK,"L.attrs contém termo(s) ['forecast_period'] — indica semântica de lead/target, mas isso sozinho não confirma o valor exato de H4 sem uma variável auxiliar de data-alvo. | nenhuma variável auxiliar de data-alvo (('target', 'valid_time', 'target_month', 'forecast_time')) encontrada no dataset aberto — tentando Método B (semântica documentada do eixo forecast_period, Seção 4). | confirmado pela semântica documentada do eixo forecast_period (Método B, Seção 4/6): inicialização confirmada via SCALAR_COORD_ON_VARIABLE (status=OK_SCALAR_COORD), L.standard_name='forecast_period'/units='months', grade [0.5, 1.5, 2.5, 3.5, 4.5, 5.5] mensal confirmada, rota com forecast_period_semantics_documented=True.",CONFIRMED_BY_FORECAST_PERIOD_SEMANTICS,SCALAR_COORD_ON_VARIABLE,2009-12,2009-12,1,OK_SCALAR_COORD,RANGEEDGES,RANGEEDGES_WINDOW_COORDINATE_MATCH,2009-12-01 00:00:00; 2010-01-01 00:00:00,2009-12-01 00:00:00,"esquema=lead1_igual_mes_inicializacao, representação=NMME_HARMONIZED_MONTHLY",Fazendas_Sinobras_Centroide
2009-12,NOAA_NCEP,CFSv2,2009-12,5,4.5,2010-04,OK,"L.attrs contém termo(s) ['forecast_period'] — indica semântica de lead/target, mas isso sozinho não confirma o valor exato de H5 sem uma variável auxiliar de data-alvo. | nenhuma variável auxiliar de data-alvo (('target', 'valid_time', 'target_month', 'forecast_time')) encontrada no dataset aberto — tentando Método B (semântica documentada do eixo forecast_period, Seção 4). | confirmado pela semântica documentada do eixo forecast_period (Método B, Seção 4/6): inicialização confirmada via SCALAR_COORD_ON_VARIABLE (status=OK_SCALAR_COORD), L.standard_name='forecast_period'/units='months', grade [0.5, 1.5, 2.5, 3.5, 4.5, 5.5] mensal confirmada, rota com forecast_period_semantics_documented=True.",CONFIRMED_BY_FORECAST_PERIOD_SEMANTICS,SCALAR_COORD_ON_VARIABLE,2009-12,2009-12,1,OK_SCALAR_COORD,RANGEEDGES,RANGEEDGES_WINDOW_COORDINATE_MATCH,2009-12-01 00:00:00; 2010-01-01 00:00:00,2009-12-01 00:00:00,"esquema=lead1_igual_mes_inicializacao, representação=NMME_HARMONIZED_MONTHLY",Fazendas_Sinobras_Centroide
2009-12,NOAA_NCEP,CFSv2,2009-12,6,5.5,2010-05,OK,"L.attrs contém termo(s) ['forecast_period'] — indica semântica de lead/target, mas isso sozinho não confirma o valor exato de H6 sem uma variável auxiliar de data-alvo. | nenhuma variável auxiliar de data-alvo (('target', 'valid_time', 'target_month', 'forecast_time')) encontrada no dataset aberto — tentando Método B (semântica documentada do eixo forecast_period, Seção 4). | confirmado pela semântica documentada do eixo forecast_period (Método B, Seção 4/6): inicialização confirmada via SCALAR_COORD_ON_VARIABLE (status=OK_SCALAR_COORD), L.standard_name='forecast_period'/units='months', grade [0.5, 1.5, 2.5, 3.5, 4.5, 5.5] mensal confirmada, rota com forecast_period_semantics_documented=True.",CONFIRMED_BY_FORECAST_PERIOD_SEMANTICS,SCALAR_COORD_ON_VARIABLE,2009-12,2009-12,1,OK_SCALAR_COORD,RANGEEDGES,RANGEEDGES_WINDOW_COORDINATE_MATCH,2009-12-01 00:00:00; 2010-01-01 00:00:00,2009-12-01 00:00:00,"esquema=lead1_igual_mes_inicializacao, representação=NMME_HARMONIZED_MONTHLY",Fazendas_Sinobras_Centroide
2010-01,NOAA_NCEP,CFSv2,2010-01,1,0.5,2010-01,OK,"L.attrs contém termo(s) ['forecast_period'] — indica semântica de lead/target, mas isso sozinho não confirma o valor exato de H1 sem uma variável auxiliar de data-alvo. | nenhuma variável auxiliar de data-alvo (('target', 'valid_time', 'target_month', 'forecast_time')) encontrada no dataset aberto — tentando Método B (semântica documentada do eixo forecast_period, Seção 4). | confirmado pela semântica documentada do eixo forecast_period (Método B, Seção 4/6): inicialização confirmada via SCALAR_COORD_ON_VARIABLE (status=OK_SCALAR_COORD), L.standard_name='forecast_period'/units='months', grade [0.5, 1.5, 2.5, 3.5, 4.5, 5.5] mensal confirmada, rota com forecast_period_semantics_documented=True.",CONFIRMED_BY_FORECAST_PERIOD_SEMANTICS,SCALAR_COORD_ON_VARIABLE,2010-01,2010-01,1,OK_SCALAR_COORD,RANGEEDGES,RANGEEDGES_WINDOW_COORDINATE_MATCH,2010-01-01 00:00:00; 2010-02-01 00:00:00,2010-01-01 00:00:00,"esquema=lead1_igual_mes_inicializacao, representação=NMME_HARMONIZED_MONTHLY",Fazendas_Sinobras_Centroide
2010-01,NOAA_NCEP,CFSv2,2010-01,2,1.5,2010-02,OK,"L.attrs contém termo(s) ['forecast_period'] — indica semântica de lead/target, mas isso sozinho não confirma o valor exato de H2 sem uma variável auxiliar de data-alvo. | nenhuma variável auxiliar de data-alvo (('target', 'valid_time', 'target_month', 'forecast_time')) encontrada no dataset aberto — tentando Método B (semântica documentada do eixo forecast_period, Seção 4). | confirmado pela semântica documentada do eixo forecast_period (Método B, Seção 4/6): inicialização confirmada via SCALAR_COORD_ON_VARIABLE (status=OK_SCALAR_COORD), L.standard_name='forecast_period'/units='months', grade [0.5, 1.5, 2.5, 3.5, 4.5, 5.5] mensal confirmada, rota com forecast_period_semantics_documented=True.",CONFIRMED_BY_FORECAST_PERIOD_SEMANTICS,SCALAR_COORD_ON_VARIABLE,2010-01,2010-01,1,OK_SCALAR_COORD,RANGEEDGES,RANGEEDGES_WINDOW_COORDINATE_MATCH,2010-01-01 00:00:00; 2010-02-01 00:00:00,2010-01-01 00:00:00,"esquema=lead1_igual_mes_inicializacao, representação=NMME_HARMONIZED_MONTHLY",Fazendas_Sinobras_Centroide
2010-01,NOAA_NCEP,CFSv2,2010-01,3,2.5,2010-03,OK,"L.attrs contém termo(s) ['forecast_period'] — indica semântica de lead/target, mas isso sozinho não confirma o valor exato de H3 sem uma variável auxiliar de data-alvo. | nenhuma variável auxiliar de data-alvo (('target', 'valid_time', 'target_month', 'forecast_time')) encontrada no dataset aberto — tentando Método B (semântica documentada do eixo forecast_period, Seção 4). | confirmado pela semântica documentada do eixo forecast_period (Método B, Seção 4/6): inicialização confirmada via SCALAR_COORD_ON_VARIABLE (status=OK_SCALAR_COORD), L.standard_name='forecast_period'/units='months', grade [0.5, 1.5, 2.5, 3.5, 4.5, 5.5] mensal confirmada, rota com forecast_period_semantics_documented=True.",CONFIRMED_BY_FORECAST_PERIOD_SEMANTICS,SCALAR_COORD_ON_VARIABLE,2010-01,2010-01,1,OK_SCALAR_COORD,RANGEEDGES,RANGEEDGES_WINDOW_COORDINATE_MATCH,2010-01-01 00:00:00; 2010-02-01 00:00:00,2010-01-01 00:00:00,"esquema=lead1_igual_mes_inicializacao, representação=NMME_HARMONIZED_MONTHLY",Fazendas_Sinobras_Centroide
2010-01,NOAA_NCEP,CFSv2,2010-01,4,3.5,2010-04,OK,"L.attrs contém termo(s) ['forecast_period'] — indica semântica de lead/target, mas isso sozinho não confirma o valor exato de H4 sem uma variável auxiliar de data-alvo. | nenhuma variável auxiliar de data-alvo (('target', 'valid_time', 'target_month', 'forecast_time')) encontrada no dataset aberto — tentando Método B (semântica documentada do eixo forecast_period, Seção 4). | confirmado pela semântica documentada do eixo forecast_period (Método B, Seção 4/6): inicialização confirmada via SCALAR_COORD_ON_VARIABLE (status=OK_SCALAR_COORD), L.standard_name='forecast_period'/units='months', grade [0.5, 1.5, 2.5, 3.5, 4.5, 5.5] mensal confirmada, rota com forecast_period_semantics_documented=True.",CONFIRMED_BY_FORECAST_PERIOD_SEMANTICS,SCALAR_COORD_ON_VARIABLE,2010-01,2010-01,1,OK_SCALAR_COORD,RANGEEDGES,RANGEEDGES_WINDOW_COORDINATE_MATCH,2010-01-01 00:00:00; 2010-02-01 00:00:00,2010-01-01 00:00:00,"esquema=lead1_igual_mes_inicializacao, representação=NMME_HARMONIZED_MONTHLY",Fazendas_Sinobras_Centroide
2010-01,NOAA_NCEP,CFSv2,2010-01,5,4.5,2010-05,OK,"L.attrs contém termo(s) ['forecast_period'] — indica semântica de lead/target, mas isso sozinho não confirma o valor exato de H5 sem uma variável auxiliar de data-alvo. | nenhuma variável auxiliar de data-alvo (('target', 'valid_time', 'target_month', 'forecast_time')) encontrada no dataset aberto — tentando Método B (semântica documentada do eixo forecast_period, Seção 4). | confirmado pela semântica documentada do eixo forecast_period (Método B, Seção 4/6): inicialização confirmada via SCALAR_COORD_ON_VARIABLE (status=OK_SCALAR_COORD), L.standard_name='forecast_period'/units='months', grade [0.5, 1.5, 2.5, 3.5, 4.5, 5.5] mensal confirmada, rota com forecast_period_semantics_documented=True.",CONFIRMED_BY_FORECAST_PERIOD_SEMANTICS,SCALAR_COORD_ON_VARIABLE,2010-01,2010-01,1,OK_SCALAR_COORD,RANGEEDGES,RANGEEDGES_WINDOW_COORDINATE_MATCH,2010-01-01 00:00:00; 2010-02-01 00:00:00,2010-01-01 00:00:00,"esquema=lead1_igual_mes_inicializacao, representação=NMME_HARMONIZED_MONTHLY",Fazendas_Sinobras_Centroide
2010-01,NOAA_NCEP,CFSv2,2010-01,6,5.5,2010-06,OK,"L.attrs contém termo(s) ['forecast_period'] — indica semântica de lead/target, mas isso sozinho não confirma o valor exato de H6 sem uma variável auxiliar de data-alvo. | nenhuma variável auxiliar de data-alvo (('target', 'valid_time', 'target_month', 'forecast_time')) encontrada no dataset aberto — tentando Método B (semântica documentada do eixo forecast_period, Seção 4). | confirmado pela semântica documentada do eixo forecast_period (Método B, Seção 4/6): inicialização confirmada via SCALAR_COORD_ON_VARIABLE (status=OK_SCALAR_COORD), L.standard_name='forecast_period'/units='months', grade [0.5, 1.5, 2.5, 3.5, 4.5, 5.5] mensal confirmada, rota com forecast_period_semantics_documented=True.",CONFIRMED_BY_FORECAST_PERIOD_SEMANTICS,SCALAR_COORD_ON_VARIABLE,2010-01,2010-01,1,OK_SCALAR_COORD,RANGEEDGES,RANGEEDGES_WINDOW_COORDINATE_MATCH,2010-01-01 00:00:00; 2010-02-01 00:00:00,2010-01-01 00:00:00,"esquema=lead1_igual_mes_inicializacao, representação=NMME_HARMONIZED_MONTHLY",Fazendas_Sinobras_Centroide
2010-02,NOAA_NCEP,CFSv2,2010-02,1,0.5,2010-02,OK,"L.attrs contém termo(s) ['forecast_period'] — indica semântica de lead/target, mas isso sozinho não confirma o valor exato de H1 sem uma variável auxiliar de data-alvo. | nenhuma variável auxiliar de data-alvo (('target', 'valid_time', 'target_month', 'forecast_time')) encontrada no dataset aberto — tentando Método B (semântica documentada do eixo forecast_period, Seção 4). | confirmado pela semântica documentada do eixo forecast_period (Método B, Seção 4/6): inicialização confirmada via SCALAR_COORD_ON_VARIABLE (status=OK_SCALAR_COORD), L.standard_name='forecast_period'/units='months', grade [0.5, 1.5, 2.5, 3.5, 4.5, 5.5] mensal confirmada, rota com forecast_period_semantics_documented=True.",CONFIRMED_BY_FORECAST_PERIOD_SEMANTICS,SCALAR_COORD_ON_VARIABLE,2010-02,2010-02,1,OK_SCALAR_COORD,RANGEEDGES,RANGEEDGES_WINDOW_COORDINATE_MATCH,2010-02-01 00:00:00; 2010-03-01 00:00:00,2010-02-01 00:00:00,"esquema=lead1_igual_mes_inicializacao, representação=NMME_HARMONIZED_MONTHLY",Fazendas_Sinobras_Centroide
2010-02,NOAA_NCEP,CFSv2,2010-02,2,1.5,2010-03,OK,"L.attrs contém termo(s) ['forecast_period'] — indica semântica de lead/target, mas isso sozinho não confirma o valor exato de H2 sem uma variável auxiliar de data-alvo. | nenhuma variável auxiliar de data-alvo (('target', 'valid_time', 'target_month', 'forecast_time')) encontrada no dataset aberto — tentando Método B (semântica documentada do eixo forecast_period, Seção 4). | confirmado pela semântica documentada do eixo forecast_period (Método B, Seção 4/6): inicialização confirmada via SCALAR_COORD_ON_VARIABLE (status=OK_SCALAR_COORD), L.standard_name='forecast_period'/units='months', grade [0.5, 1.5, 2.5, 3.5, 4.5, 5.5] mensal confirmada, rota com forecast_period_semantics_documented=True.",CONFIRMED_BY_FORECAST_PERIOD_SEMANTICS,SCALAR_COORD_ON_VARIABLE,2010-02,2010-02,1,OK_SCALAR_COORD,RANGEEDGES,RANGEEDGES_WINDOW_COORDINATE_MATCH,2010-02-01 00:00:00; 2010-03-01 00:00:00,2010-02-01 00:00:00,"esquema=lead1_igual_mes_inicializacao, representação=NMME_HARMONIZED_MONTHLY",Fazendas_Sinobras_Centroide
2010-02,NOAA_NCEP,CFSv2,2010-02,3,2.5,2010-04,OK,"L.attrs contém termo(s) ['forecast_period'] — indica semântica de lead/target, mas isso sozinho não confirma o valor exato de H3 sem uma variável auxiliar de data-alvo. | nenhuma variável auxiliar de data-alvo (('target', 'valid_time', 'target_month', 'forecast_time')) encontrada no dataset aberto — tentando Método B (semântica documentada do eixo forecast_period, Seção 4). | confirmado pela semântica documentada do eixo forecast_period (Método B, Seção 4/6): inicialização confirmada via SCALAR_COORD_ON_VARIABLE (status=OK_SCALAR_COORD), L.standard_name='forecast_period'/units='months', grade [0.5, 1.5, 2.5, 3.5, 4.5, 5.5] mensal confirmada, rota com forecast_period_semantics_documented=True.",CONFIRMED_BY_FORECAST_PERIOD_SEMANTICS,SCALAR_COORD_ON_VARIABLE,2010-02,2010-02,1,OK_SCALAR_COORD,RANGEEDGES,RANGEEDGES_WINDOW_COORDINATE_MATCH,2010-02-01 00:00:00; 2010-03-01 00:00:00,2010-02-01 00:00:00,"esquema=lead1_igual_mes_inicializacao, representação=NMME_HARMONIZED_MONTHLY",Fazendas_Sinobras_Centroide
2010-02,NOAA_NCEP,CFSv2,2010-02,4,3.5,2010-05,OK,"L.attrs contém termo(s) ['forecast_period'] — indica semântica de lead/target, mas isso sozinho não confirma o valor exato de H4 sem uma variável auxiliar de data-alvo. | nenhuma variável auxiliar de data-alvo (('target', 'valid_time', 'target_month', 'forecast_time')) encontrada no dataset aberto — tentando Método B (semântica documentada do eixo forecast_period, Seção 4). | confirmado pela semântica documentada do eixo forecast_period (Método B, Seção 4/6): inicialização confirmada via SCALAR_COORD_ON_VARIABLE (status=OK_SCALAR_COORD), L.standard_name='forecast_period'/units='months', grade [0.5, 1.5, 2.5, 3.5, 4.5, 5.5] mensal confirmada, rota com forecast_period_semantics_documented=True.",CONFIRMED_BY_FORECAST_PERIOD_SEMANTICS,SCALAR_COORD_ON_VARIABLE,2010-02,2010-02,1,OK_SCALAR_COORD,RANGEEDGES,RANGEEDGES_WINDOW_COORDINATE_MATCH,2010-02-01 00:00:00; 2010-03-01 00:00:00,2010-02-01 00:00:00,"esquema=lead1_igual_mes_inicializacao, representação=NMME_HARMONIZED_MONTHLY",Fazendas_Sinobras_Centroide
2010-02,NOAA_NCEP,CFSv2,2010-02,5,4.5,2010-06,OK,"L.attrs contém termo(s) ['forecast_period'] — indica semântica de lead/target, mas isso sozinho não confirma o valor exato de H5 sem uma variável auxiliar de data-alvo. | nenhuma variável auxiliar de data-alvo (('target', 'valid_time', 'target_month', 'forecast_time')) encontrada no dataset aberto — tentando Método B (semântica documentada do eixo forecast_period, Seção 4). | confirmado pela semântica documentada do eixo forecast_period (Método B, Seção 4/6): inicialização confirmada via SCALAR_COORD_ON_VARIABLE (status=OK_SCALAR_COORD), L.standard_name='forecast_period'/units='months', grade [0.5, 1.5, 2.5, 3.5, 4.5, 5.5] mensal confirmada, rota com forecast_period_semantics_documented=True.",CONFIRMED_BY_FORECAST_PERIOD_SEMANTICS,SCALAR_COORD_ON_VARIABLE,2010-02,2010-02,1,OK_SCALAR_COORD,RANGEEDGES,RANGEEDGES_WINDOW_COORDINATE_MATCH,2010-02-01 00:00:00; 2010-03-01 00:00:00,2010-02-01 00:00:00,"esquema=lead1_igual_mes_inicializacao, representação=NMME_HARMONIZED_MONTHLY",Fazendas_Sinobras_Centroide
2010-02,NOAA_NCEP,CFSv2,2010-02,6,5.5,2010-07,OK,"L.attrs contém termo(s) ['forecast_period'] — indica semântica de lead/target, mas isso sozinho não confirma o valor exato de H6 sem uma variável auxiliar de data-alvo. | nenhuma variável auxiliar de data-alvo (('target', 'valid_time', 'target_month', 'forecast_time')) encontrada no dataset aberto — tentando Método B (semântica documentada do eixo forecast_period, Seção 4). | confirmado pela semântica documentada do eixo forecast_period (Método B, Seção 4/6): inicialização confirmada via SCALAR_COORD_ON_VARIABLE (status=OK_SCALAR_COORD), L.standard_name='forecast_period'/units='months', grade [0.5, 1.5, 2.5, 3.5, 4.5, 5.5] mensal confirmada, rota com forecast_period_semantics_documented=True.",CONFIRMED_BY_FORECAST_PERIOD_SEMANTICS,SCALAR_COORD_ON_VARIABLE,2010-02,2010-02,1,OK_SCALAR_COORD,RANGEEDGES,RANGEEDGES_WINDOW_COORDINATE_MATCH,2010-02-01 00:00:00; 2010-03-01 00:00:00,2010-02-01 00:00:00,"esquema=lead1_igual_mes_inicializacao, representação=NMME_HARMONIZED_MONTHLY",Fazendas_Sinobras_Centroide
2010-03,NOAA_NCEP,CFSv2,2010-03,1,0.5,2010-03,OK,"L.attrs contém termo(s) ['forecast_period'] — indica semântica de lead/target, mas isso sozinho não confirma o valor exato de H1 sem uma variável auxiliar de data-alvo. | nenhuma variável auxiliar de data-alvo (('target', 'valid_time', 'target_month', 'forecast_time')) encontrada no dataset aberto — tentando Método B (semântica documentada do eixo forecast_period, Seção 4). | confirmado pela semântica documentada do eixo forecast_period (Método B, Seção 4/6): inicialização confirmada via SCALAR_COORD_ON_VARIABLE (status=OK_SCALAR_COORD), L.standard_name='forecast_period'/units='months', grade [0.5, 1.5, 2.5, 3.5, 4.5, 5.5] mensal confirmada, rota com forecast_period_semantics_documented=True.",CONFIRMED_BY_FORECAST_PERIOD_SEMANTICS,SCALAR_COORD_ON_VARIABLE,2010-03,2010-03,1,OK_SCALAR_COORD,RANGEEDGES,RANGEEDGES_WINDOW_COORDINATE_MATCH,2010-03-01 00:00:00; 2010-04-01 00:00:00,2010-03-01 00:00:00,"esquema=lead1_igual_mes_inicializacao, representação=NMME_HARMONIZED_MONTHLY",Fazendas_Sinobras_Centroide
2010-03,NOAA_NCEP,CFSv2,2010-03,2,1.5,2010-04,OK,"L.attrs contém termo(s) ['forecast_period'] — indica semântica de lead/target, mas isso sozinho não confirma o valor exato de H2 sem uma variável auxiliar de data-alvo. | nenhuma variável auxiliar de data-alvo (('target', 'valid_time', 'target_month', 'forecast_time')) encontrada no dataset aberto — tentando Método B (semântica documentada do eixo forecast_period, Seção 4). | confirmado pela semântica documentada do eixo forecast_period (Método B, Seção 4/6): inicialização confirmada via SCALAR_COORD_ON_VARIABLE (status=OK_SCALAR_COORD), L.standard_name='forecast_period'/units='months', grade [0.5, 1.5, 2.5, 3.5, 4.5, 5.5] mensal confirmada, rota com forecast_period_semantics_documented=True.",CONFIRMED_BY_FORECAST_PERIOD_SEMANTICS,SCALAR_COORD_ON_VARIABLE,2010-03,2010-03,1,OK_SCALAR_COORD,RANGEEDGES,RANGEEDGES_WINDOW_COORDINATE_MATCH,2010-03-01 00:00:00; 2010-04-01 00:00:00,2010-03-01 00:00:00,"esquema=lead1_igual_mes_inicializacao, representação=NMME_HARMONIZED_MONTHLY",Fazendas_Sinobras_Centroide
2010-03,NOAA_NCEP,CFSv2,2010-03,3,2.5,2010-05,OK,"L.attrs contém termo(s) ['forecast_period'] — indica semântica de lead/target, mas isso sozinho não confirma o valor exato de H3 sem uma variável auxiliar de data-alvo. | nenhuma variável auxiliar de data-alvo (('target', 'valid_time', 'target_month', 'forecast_time')) encontrada no dataset aberto — tentando Método B (semântica documentada do eixo forecast_period, Seção 4). | confirmado pela semântica documentada do eixo forecast_period (Método B, Seção 4/6): inicialização confirmada via SCALAR_COORD_ON_VARIABLE (status=OK_SCALAR_COORD), L.standard_name='forecast_period'/units='months', grade [0.5, 1.5, 2.5, 3.5, 4.5, 5.5] mensal confirmada, rota com forecast_period_semantics_documented=True.",CONFIRMED_BY_FORECAST_PERIOD_SEMANTICS,SCALAR_COORD_ON_VARIABLE,2010-03,2010-03,1,OK_SCALAR_COORD,RANGEEDGES,RANGEEDGES_WINDOW_COORDINATE_MATCH,2010-03-01 00:00:00; 2010-04-01 00:00:00,2010-03-01 00:00:00,"esquema=lead1_igual_mes_inicializacao, representação=NMME_HARMONIZED_MONTHLY",Fazendas_Sinobras_Centroide
2010-03,NOAA_NCEP,CFSv2,2010-03,4,3.5,2010-06,OK,"L.attrs contém termo(s) ['forecast_period'] — indica semântica de lead/target, mas isso sozinho não confirma o valor exato de H4 sem uma variável auxiliar de data-alvo. | nenhuma variável auxiliar de data-alvo (('target', 'valid_time', 'target_month', 'forecast_time')) encontrada no dataset aberto — tentando Método B (semântica documentada do eixo forecast_period, Seção 4). | confirmado pela semântica documentada do eixo forecast_period (Método B, Seção 4/6): inicialização confirmada via SCALAR_COORD_ON_VARIABLE (status=OK_SCALAR_COORD), L.standard_name='forecast_period'/units='months', grade [0.5, 1.5, 2.5, 3.5, 4.5, 5.5] mensal confirmada, rota com forecast_period_semantics_documented=True.",CONFIRMED_BY_FORECAST_PERIOD_SEMANTICS,SCALAR_COORD_ON_VARIABLE,2010-03,2010-03,1,OK_SCALAR_COORD,RANGEEDGES,RANGEEDGES_WINDOW_COORDINATE_MATCH,2010-03-01 00:00:00; 2010-04-01 00:00:00,2010-03-01 00:00:00,"esquema=lead1_igual_mes_inicializacao, representação=NMME_HARMONIZED_MONTHLY",Fazendas_Sinobras_Centroide
2010-03,NOAA_NCEP,CFSv2,2010-03,5,4.5,2010-07,OK,"L.attrs contém termo(s) ['forecast_period'] — indica semântica de lead/target, mas isso sozinho não confirma o valor exato de H5 sem uma variável auxiliar de data-alvo. | nenhuma variável auxiliar de data-alvo (('target', 'valid_time', 'target_month', 'forecast_time')) encontrada no dataset aberto — tentando Método B (semântica documentada do eixo forecast_period, Seção 4). | confirmado pela semântica documentada do eixo forecast_period (Método B, Seção 4/6): inicialização confirmada via SCALAR_COORD_ON_VARIABLE (status=OK_SCALAR_COORD), L.standard_name='forecast_period'/units='months', grade [0.5, 1.5, 2.5, 3.5, 4.5, 5.5] mensal confirmada, rota com forecast_period_semantics_documented=True.",CONFIRMED_BY_FORECAST_PERIOD_SEMANTICS,SCALAR_COORD_ON_VARIABLE,2010-03,2010-03,1,OK_SCALAR_COORD,RANGEEDGES,RANGEEDGES_WINDOW_COORDINATE_MATCH,2010-03-01 00:00:00; 2010-04-01 00:00:00,2010-03-01 00:00:00,"esquema=lead1_igual_mes_inicializacao, representação=NMME_HARMONIZED_MONTHLY",Fazendas_Sinobras_Centroide
2010-03,NOAA_NCEP,CFSv2,2010-03,6,5.5,2010-08,OK,"L.attrs contém termo(s) ['forecast_period'] — indica semântica de lead/target, mas isso sozinho não confirma o valor exato de H6 sem uma variável auxiliar de data-alvo. | nenhuma variável auxiliar de data-alvo (('target', 'valid_time', 'target_month', 'forecast_time')) encontrada no dataset aberto — tentando Método B (semântica documentada do eixo forecast_period, Seção 4). | confirmado pela semântica documentada do eixo forecast_period (Método B, Seção 4/6): inicialização confirmada via SCALAR_COORD_ON_VARIABLE (status=OK_SCALAR_COORD), L.standard_name='forecast_period'/units='months', grade [0.5, 1.5, 2.5, 3.5, 4.5, 5.5] mensal confirmada, rota com forecast_period_semantics_documented=True.",CONFIRMED_BY_FORECAST_PERIOD_SEMANTICS,SCALAR_COORD_ON_VARIABLE,2010-03,2010-03,1,OK_SCALAR_COORD,RANGEEDGES,RANGEEDGES_WINDOW_COORDINATE_MATCH,2010-03-01 00:00:00; 2010-04-01 00:00:00,2010-03-01 00:00:00,"esquema=lead1_igual_mes_inicializacao, representação=NMME_HARMONIZED_MONTHLY",Fazendas_Sinobras_Centroide
2010-04,NOAA_NCEP,CFSv2,2010-04,1,0.5,2010-04,OK,"L.attrs contém termo(s) ['forecast_period'] — indica semântica de lead/target, mas isso sozinho não confirma o valor exato de H1 sem uma variável auxiliar de data-alvo. | nenhuma variável auxiliar de data-alvo (('target', 'valid_time', 'target_month', 'forecast_time')) encontrada no dataset aberto — tentando Método B (semântica documentada do eixo forecast_period, Seção 4). | confirmado pela semântica documentada do eixo forecast_period (Método B, Seção 4/6): inicialização confirmada via SCALAR_COORD_ON_VARIABLE (status=OK_SCALAR_COORD), L.standard_name='forecast_period'/units='months', grade [0.5, 1.5, 2.5, 3.5, 4.5, 5.5] mensal confirmada, rota com forecast_period_semantics_documented=True.",CONFIRMED_BY_FORECAST_PERIOD_SEMANTICS,SCALAR_COORD_ON_VARIABLE,2010-04,2010-04,1,OK_SCALAR_COORD,RANGEEDGES,RANGEEDGES_WINDOW_COORDINATE_MATCH,2010-04-01 00:00:00; 2010-05-01 00:00:00,2010-04-01 00:00:00,"esquema=lead1_igual_mes_inicializacao, representação=NMME_HARMONIZED_MONTHLY",Fazendas_Sinobras_Centroide
2010-04,NOAA_NCEP,CFSv2,2010-04,2,1.5,2010-05,OK,"L.attrs contém termo(s) ['forecast_period'] — indica semântica de lead/target, mas isso sozinho não confirma o valor exato de H2 sem uma variável auxiliar de data-alvo. | nenhuma variável auxiliar de data-alvo (('target', 'valid_time', 'target_month', 'forecast_time')) encontrada no dataset aberto — tentando Método B (semântica documentada do eixo forecast_period, Seção 4). | confirmado pela semântica documentada do eixo forecast_period (Método B, Seção 4/6): inicialização confirmada via SCALAR_COORD_ON_VARIABLE (status=OK_SCALAR_COORD), L.standard_name='forecast_period'/units='months', grade [0.5, 1.5, 2.5, 3.5, 4.5, 5.5] mensal confirmada, rota com forecast_period_semantics_documented=True.",CONFIRMED_BY_FORECAST_PERIOD_SEMANTICS,SCALAR_COORD_ON_VARIABLE,2010-04,2010-04,1,OK_SCALAR_COORD,RANGEEDGES,RANGEEDGES_WINDOW_COORDINATE_MATCH,2010-04-01 00:00:00; 2010-05-01 00:00:00,2010-04-01 00:00:00,"esquema=lead1_igual_mes_inicializacao, representação=NMME_HARMONIZED_MONTHLY",Fazendas_Sinobras_Centroide
2010-04,NOAA_NCEP,CFSv2,2010-04,3,2.5,2010-06,OK,"L.attrs contém termo(s) ['forecast_period'] — indica semântica de lead/target, mas isso sozinho não confirma o valor exato de H3 sem uma variável auxiliar de data-alvo. | nenhuma variável auxiliar de data-alvo (('target', 'valid_time', 'target_month', 'forecast_time')) encontrada no dataset aberto — tentando Método B (semântica documentada do eixo forecast_period, Seção 4). | confirmado pela semântica documentada do eixo forecast_period (Método B, Seção 4/6): inicialização confirmada via SCALAR_COORD_ON_VARIABLE (status=OK_SCALAR_COORD), L.standard_name='forecast_period'/units='months', grade [0.5, 1.5, 2.5, 3.5, 4.5, 5.5] mensal confirmada, rota com forecast_period_semantics_documented=True.",CONFIRMED_BY_FORECAST_PERIOD_SEMANTICS,SCALAR_COORD_ON_VARIABLE,2010-04,2010-04,1,OK_SCALAR_COORD,RANGEEDGES,RANGEEDGES_WINDOW_COORDINATE_MATCH,2010-04-01 00:00:00; 2010-05-01 00:00:00,2010-04-01 00:00:00,"esquema=lead1_igual_mes_inicializacao, representação=NMME_HARMONIZED_MONTHLY",Fazendas_Sinobras_Centroide
2010-04,NOAA_NCEP,CFSv2,2010-04,4,3.5,2010-07,OK,"L.attrs contém termo(s) ['forecast_period'] — indica semântica de lead/target, mas isso sozinho não confirma o valor exato de H4 sem uma variável auxiliar de data-alvo. | nenhuma variável auxiliar de data-alvo (('target', 'valid_time', 'target_month', 'forecast_time')) encontrada no dataset aberto — tentando Método B (semântica documentada do eixo forecast_period, Seção 4). | confirmado pela semântica documentada do eixo forecast_period (Método B, Seção 4/6): inicialização confirmada via SCALAR_COORD_ON_VARIABLE (status=OK_SCALAR_COORD), L.standard_name='forecast_period'/units='months', grade [0.5, 1.5, 2.5, 3.5, 4.5, 5.5] mensal confirmada, rota com forecast_period_semantics_documented=True.",CONFIRMED_BY_FORECAST_PERIOD_SEMANTICS,SCALAR_COORD_ON_VARIABLE,2010-04,2010-04,1,OK_SCALAR_COORD,RANGEEDGES,RANGEEDGES_WINDOW_COORDINATE_MATCH,2010-04-01 00:00:00; 2010-05-01 00:00:00,2010-04-01 00:00:00,"esquema=lead1_igual_mes_inicializacao, representação=NMME_HARMONIZED_MONTHLY",Fazendas_Sinobras_Centroide
2010-04,NOAA_NCEP,CFSv2,2010-04,5,4.5,2010-08,OK,"L.attrs contém termo(s) ['forecast_period'] — indica semântica de lead/target, mas isso sozinho não confirma o valor exato de H5 sem uma variável auxiliar de data-alvo. | nenhuma variável auxiliar de data-alvo (('target', 'valid_time', 'target_month', 'forecast_time')) encontrada no dataset aberto — tentando Método B (semântica documentada do eixo forecast_period, Seção 4). | confirmado pela semântica documentada do eixo forecast_period (Método B, Seção 4/6): inicialização confirmada via SCALAR_COORD_ON_VARIABLE (status=OK_SCALAR_COORD), L.standard_name='forecast_period'/units='months', grade [0.5, 1.5, 2.5, 3.5, 4.5, 5.5] mensal confirmada, rota com forecast_period_semantics_documented=True.",CONFIRMED_BY_FORECAST_PERIOD_SEMANTICS,SCALAR_COORD_ON_VARIABLE,2010-04,2010-04,1,OK_SCALAR_COORD,RANGEEDGES,RANGEEDGES_WINDOW_COORDINATE_MATCH,2010-04-01 00:00:00; 2010-05-01 00:00:00,2010-04-01 00:00:00,"esquema=lead1_igual_mes_inicializacao, representação=NMME_HARMONIZED_MONTHLY",Fazendas_Sinobras_Centroide
2010-04,NOAA_NCEP,CFSv2,2010-04,6,5.5,2010-09,OK,"L.attrs contém termo(s) ['forecast_period'] — indica semântica de lead/target, mas isso sozinho não confirma o valor exato de H6 sem uma variável auxiliar de data-alvo. | nenhuma variável auxiliar de data-alvo (('target', 'valid_time', 'target_month', 'forecast_time')) encontrada no dataset aberto — tentando Método B (semântica documentada do eixo forecast_period, Seção 4). | confirmado pela semântica documentada do eixo forecast_period (Método B, Seção 4/6): inicialização confirmada via SCALAR_COORD_ON_VARIABLE (status=OK_SCALAR_COORD), L.standard_name='forecast_period'/units='months', grade [0.5, 1.5, 2.5, 3.5, 4.5, 5.5] mensal confirmada, rota com forecast_period_semantics_documented=True.",CONFIRMED_BY_FORECAST_PERIOD_SEMANTICS,SCALAR_COORD_ON_VARIABLE,2010-04,2010-04,1,OK_SCALAR_COORD,RANGEEDGES,RANGEEDGES_WINDOW_COORDINATE_MATCH,2010-04-01 00:00:00; 2010-05-01 00:00:00,2010-04-01 00:00:00,"esquema=lead1_igual_mes_inicializacao, representação=NMME_HARMONIZED_MONTHLY",Fazendas_Sinobras_Centroide
2010-05,NOAA_NCEP,CFSv2,2010-05,1,0.5,2010-05,OK,"L.attrs contém termo(s) ['forecast_period'] — indica semântica de lead/target, mas isso sozinho não confirma o valor exato de H1 sem uma variável auxiliar de data-alvo. | nenhuma variável auxiliar de data-alvo (('target', 'valid_time', 'target_month', 'forecast_time')) encontrada no dataset aberto — tentando Método B (semântica documentada do eixo forecast_period, Seção 4). | confirmado pela semântica documentada do eixo forecast_period (Método B, Seção 4/6): inicialização confirmada via SCALAR_COORD_ON_VARIABLE (status=OK_SCALAR_COORD), L.standard_name='forecast_period'/units='months', grade [0.5, 1.5, 2.5, 3.5, 4.5, 5.5] mensal confirmada, rota com forecast_period_semantics_documented=True.",CONFIRMED_BY_FORECAST_PERIOD_SEMANTICS,SCALAR_COORD_ON_VARIABLE,2010-05,2010-05,1,OK_SCALAR_COORD,RANGEEDGES,RANGEEDGES_WINDOW_COORDINATE_MATCH,2010-05-01 00:00:00; 2010-06-01 00:00:00,2010-05-01 00:00:00,"esquema=lead1_igual_mes_inicializacao, representação=NMME_HARMONIZED_MONTHLY",Fazendas_Sinobras_Centroide
2010-05,NOAA_NCEP,CFSv2,2010-05,2,1.5,2010-06,OK,"L.attrs contém termo(s) ['forecast_period'] — indica semântica de lead/target, mas isso sozinho não confirma o valor exato de H2 sem uma variável auxiliar de data-alvo. | nenhuma variável auxiliar de data-alvo (('target', 'valid_time', 'target_month', 'forecast_time')) encontrada no dataset aberto — tentando Método B (semântica documentada do eixo forecast_period, Seção 4). | confirmado pela semântica documentada do eixo forecast_period (Método B, Seção 4/6): inicialização confirmada via SCALAR_COORD_ON_VARIABLE (status=OK_SCALAR_COORD), L.standard_name='forecast_period'/units='months', grade [0.5, 1.5, 2.5, 3.5, 4.5, 5.5] mensal confirmada, rota com forecast_period_semantics_documented=True.",CONFIRMED_BY_FORECAST_PERIOD_SEMANTICS,SCALAR_COORD_ON_VARIABLE,2010-05,2010-05,1,OK_SCALAR_COORD,RANGEEDGES,RANGEEDGES_WINDOW_COORDINATE_MATCH,2010-05-01 00:00:00; 2010-06-01 00:00:00,2010-05-01 00:00:00,"esquema=lead1_igual_mes_inicializacao, representação=NMME_HARMONIZED_MONTHLY",Fazendas_Sinobras_Centroide
2010-05,NOAA_NCEP,CFSv2,2010-05,3,2.5,2010-07,OK,"L.attrs contém termo(s) ['forecast_period'] — indica semântica de lead/target, mas isso sozinho não confirma o valor exato de H3 sem uma variável auxiliar de data-alvo. | nenhuma variável auxiliar de data-alvo (('target', 'valid_time', 'target_month', 'forecast_time')) encontrada no dataset aberto — tentando Método B (semântica documentada do eixo forecast_period, Seção 4). | confirmado pela semântica documentada do eixo forecast_period (Método B, Seção 4/6): inicialização confirmada via SCALAR_COORD_ON_VARIABLE (status=OK_SCALAR_COORD), L.standard_name='forecast_period'/units='months', grade [0.5, 1.5, 2.5, 3.5, 4.5, 5.5] mensal confirmada, rota com forecast_period_semantics_documented=True.",CONFIRMED_BY_FORECAST_PERIOD_SEMANTICS,SCALAR_COORD_ON_VARIABLE,2010-05,2010-05,1,OK_SCALAR_COORD,RANGEEDGES,RANGEEDGES_WINDOW_COORDINATE_MATCH,2010-05-01 00:00:00; 2010-06-01 00:00:00,2010-05-01 00:00:00,"esquema=lead1_igual_mes_inicializacao, representação=NMME_HARMONIZED_MONTHLY",Fazendas_Sinobras_Centroide
2010-05,NOAA_NCEP,CFSv2,2010-05,4,3.5,2010-08,OK,"L.attrs contém termo(s) ['forecast_period'] — indica semântica de lead/target, mas isso sozinho não confirma o valor exato de H4 sem uma variável auxiliar de data-alvo. | nenhuma variável auxiliar de data-alvo (('target', 'valid_time', 'target_month', 'forecast_time')) encontrada no dataset aberto — tentando Método B (semântica documentada do eixo forecast_period, Seção 4). | confirmado pela semântica documentada do eixo forecast_period (Método B, Seção 4/6): inicialização confirmada via SCALAR_COORD_ON_VARIABLE (status=OK_SCALAR_COORD), L.standard_name='forecast_period'/units='months', grade [0.5, 1.5, 2.5, 3.5, 4.5, 5.5] mensal confirmada, rota com forecast_period_semantics_documented=True.",CONFIRMED_BY_FORECAST_PERIOD_SEMANTICS,SCALAR_COORD_ON_VARIABLE,2010-05,2010-05,1,OK_SCALAR_COORD,RANGEEDGES,RANGEEDGES_WINDOW_COORDINATE_MATCH,2010-05-01 00:00:00; 2010-06-01 00:00:00,2010-05-01 00:00:00,"esquema=lead1_igual_mes_inicializacao, representação=NMME_HARMONIZED_MONTHLY",Fazendas_Sinobras_Centroide
2010-05,NOAA_NCEP,CFSv2,2010-05,5,4.5,2010-09,OK,"L.attrs contém termo(s) ['forecast_period'] — indica semântica de lead/target, mas isso sozinho não confirma o valor exato de H5 sem uma variável auxiliar de data-alvo. | nenhuma variável auxiliar de data-alvo (('target', 'valid_time', 'target_month', 'forecast_time')) encontrada no dataset aberto — tentando Método B (semântica documentada do eixo forecast_period, Seção 4). | confirmado pela semântica documentada do eixo forecast_period (Método B, Seção 4/6): inicialização confirmada via SCALAR_COORD_ON_VARIABLE (status=OK_SCALAR_COORD), L.standard_name='forecast_period'/units='months', grade [0.5, 1.5, 2.5, 3.5, 4.5, 5.5] mensal confirmada, rota com forecast_period_semantics_documented=True.",CONFIRMED_BY_FORECAST_PERIOD_SEMANTICS,SCALAR_COORD_ON_VARIABLE,2010-05,2010-05,1,OK_SCALAR_COORD,RANGEEDGES,RANGEEDGES_WINDOW_COORDINATE_MATCH,2010-05-01 00:00:00; 2010-06-01 00:00:00,2010-05-01 00:00:00,"esquema=lead1_igual_mes_inicializacao, representação=NMME_HARMONIZED_MONTHLY",Fazendas_Sinobras_Centroide
2010-05,NOAA_NCEP,CFSv2,2010-05,6,5.5,2010-10,OK,"L.attrs contém termo(s) ['forecast_period'] — indica semântica de lead/target, mas isso sozinho não confirma o valor exato de H6 sem uma variável auxiliar de data-alvo. | nenhuma variável auxiliar de data-alvo (('target', 'valid_time', 'target_month', 'forecast_time')) encontrada no dataset aberto — tentando Método B (semântica documentada do eixo forecast_period, Seção 4). | confirmado pela semântica documentada do eixo forecast_period (Método B, Seção 4/6): inicialização confirmada via SCALAR_COORD_ON_VARIABLE (status=OK_SCALAR_COORD), L.standard_name='forecast_period'/units='months', grade [0.5, 1.5, 2.5, 3.5, 4.5, 5.5] mensal confirmada, rota com forecast_period_semantics_documented=True.",CONFIRMED_BY_FORECAST_PERIOD_SEMANTICS,SCALAR_COORD_ON_VARIABLE,2010-05,2010-05,1,OK_SCALAR_COORD,RANGEEDGES,RANGEEDGES_WINDOW_COORDINATE_MATCH,2010-05-01 00:00:00; 2010-06-01 00:00:00,2010-05-01 00:00:00,"esquema=lead1_igual_mes_inicializacao, representação=NMME_HARMONIZED_MONTHLY",Fazendas_Sinobras_Centroide
2010-06,NOAA_NCEP,CFSv2,2010-06,1,0.5,2010-06,OK,"L.attrs contém termo(s) ['forecast_period'] — indica semântica de lead/target, mas isso sozinho não confirma o valor exato de H1 sem uma variável auxiliar de data-alvo. | nenhuma variável auxiliar de data-alvo (('target', 'valid_time', 'target_month', 'forecast_time')) encontrada no dataset aberto — tentando Método B (semântica documentada do eixo forecast_period, Seção 4). | confirmado pela semântica documentada do eixo forecast_period (Método B, Seção 4/6): inicialização confirmada via SCALAR_COORD_ON_VARIABLE (status=OK_SCALAR_COORD), L.standard_name='forecast_period'/units='months', grade [0.5, 1.5, 2.5, 3.5, 4.5, 5.5] mensal confirmada, rota com forecast_period_semantics_documented=True.",CONFIRMED_BY_FORECAST_PERIOD_SEMANTICS,SCALAR_COORD_ON_VARIABLE,2010-06,2010-06,1,OK_SCALAR_COORD,RANGEEDGES,RANGEEDGES_WINDOW_COORDINATE_MATCH,2010-06-01 00:00:00; 2010-07-01 00:00:00,2010-06-01 00:00:00,"esquema=lead1_igual_mes_inicializacao, representação=NMME_HARMONIZED_MONTHLY",Fazendas_Sinobras_Centroide
2010-06,NOAA_NCEP,CFSv2,2010-06,2,1.5,2010-07,OK,"L.attrs contém termo(s) ['forecast_period'] — indica semântica de lead/target, mas isso sozinho não confirma o valor exato de H2 sem uma variável auxiliar de data-alvo. | nenhuma variável auxiliar de data-alvo (('target', 'valid_time', 'target_month', 'forecast_time')) encontrada no dataset aberto — tentando Método B (semântica documentada do eixo forecast_period, Seção 4). | confirmado pela semântica documentada do eixo forecast_period (Método B, Seção 4/6): inicialização confirmada via SCALAR_COORD_ON_VARIABLE (status=OK_SCALAR_COORD), L.standard_name='forecast_period'/units='months', grade [0.5, 1.5, 2.5, 3.5, 4.5, 5.5] mensal confirmada, rota com forecast_period_semantics_documented=True.",CONFIRMED_BY_FORECAST_PERIOD_SEMANTICS,SCALAR_COORD_ON_VARIABLE,2010-06,2010-06,1,OK_SCALAR_COORD,RANGEEDGES,RANGEEDGES_WINDOW_COORDINATE_MATCH,2010-06-01 00:00:00; 2010-07-01 00:00:00,2010-06-01 00:00:00,"esquema=lead1_igual_mes_inicializacao, representação=NMME_HARMONIZED_MONTHLY",Fazendas_Sinobras_Centroide
2010-06,NOAA_NCEP,CFSv2,2010-06,3,2.5,2010-08,OK,"L.attrs contém termo(s) ['forecast_period'] — indica semântica de lead/target, mas isso sozinho não confirma o valor exato de H3 sem uma variável auxiliar de data-alvo. | nenhuma variável auxiliar de data-alvo (('target', 'valid_time', 'target_month', 'forecast_time')) encontrada no dataset aberto — tentando Método B (semântica documentada do eixo forecast_period, Seção 4). | confirmado pela semântica documentada do eixo forecast_period (Método B, Seção 4/6): inicialização confirmada via SCALAR_COORD_ON_VARIABLE (status=OK_SCALAR_COORD), L.standard_name='forecast_period'/units='months', grade [0.5, 1.5, 2.5, 3.5, 4.5, 5.5] mensal confirmada, rota com forecast_period_semantics_documented=True.",CONFIRMED_BY_FORECAST_PERIOD_SEMANTICS,SCALAR_COORD_ON_VARIABLE,2010-06,2010-06,1,OK_SCALAR_COORD,RANGEEDGES,RANGEEDGES_WINDOW_COORDINATE_MATCH,2010-06-01 00:00:00; 2010-07-01 00:00:00,2010-06-01 00:00:00,"esquema=lead1_igual_mes_inicializacao, representação=NMME_HARMONIZED_MONTHLY",Fazendas_Sinobras_Centroide
2010-06,NOAA_NCEP,CFSv2,2010-06,4,3.5,2010-09,OK,"L.attrs contém termo(s) ['forecast_period'] — indica semântica de lead/target, mas isso sozinho não confirma o valor exato de H4 sem uma variável auxiliar de data-alvo. | nenhuma variável auxiliar de data-alvo (('target', 'valid_time', 'target_month', 'forecast_time')) encontrada no dataset aberto — tentando Método B (semântica documentada do eixo forecast_period, Seção 4). | confirmado pela semântica documentada do eixo forecast_period (Método B, Seção 4/6): inicialização confirmada via SCALAR_COORD_ON_VARIABLE (status=OK_SCALAR_COORD), L.standard_name='forecast_period'/units='months', grade [0.5, 1.5, 2.5, 3.5, 4.5, 5.5] mensal confirmada, rota com forecast_period_semantics_documented=True.",CONFIRMED_BY_FORECAST_PERIOD_SEMANTICS,SCALAR_COORD_ON_VARIABLE,2010-06,2010-06,1,OK_SCALAR_COORD,RANGEEDGES,RANGEEDGES_WINDOW_COORDINATE_MATCH,2010-06-01 00:00:00; 2010-07-01 00:00:00,2010-06-01 00:00:00,"esquema=lead1_igual_mes_inicializacao, representação=NMME_HARMONIZED_MONTHLY",Fazendas_Sinobras_Centroide
2010-06,NOAA_NCEP,CFSv2,2010-06,5,4.5,2010-10,OK,"L.attrs contém termo(s) ['forecast_period'] — indica semântica de lead/target, mas isso sozinho não confirma o valor exato de H5 sem uma variável auxiliar de data-alvo. | nenhuma variável auxiliar de data-alvo (('target', 'valid_time', 'target_month', 'forecast_time')) encontrada no dataset aberto — tentando Método B (semântica documentada do eixo forecast_period, Seção 4). | confirmado pela semântica documentada do eixo forecast_period (Método B, Seção 4/6): inicialização confirmada via SCALAR_COORD_ON_VARIABLE (status=OK_SCALAR_COORD), L.standard_name='forecast_period'/units='months', grade [0.5, 1.5, 2.5, 3.5, 4.5, 5.5] mensal confirmada, rota com forecast_period_semantics_documented=True.",CONFIRMED_BY_FORECAST_PERIOD_SEMANTICS,SCALAR_COORD_ON_VARIABLE,2010-06,2010-06,1,OK_SCALAR_COORD,RANGEEDGES,RANGEEDGES_WINDOW_COORDINATE_MATCH,2010-06-01 00:00:00; 2010-07-01 00:00:00,2010-06-01 00:00:00,"esquema=lead1_igual_mes_inicializacao, representação=NMME_HARMONIZED_MONTHLY",Fazendas_Sinobras_Centroide
2010-06,NOAA_NCEP,CFSv2,2010-06,6,5.5,2010-11,OK,"L.attrs contém termo(s) ['forecast_period'] — indica semântica de lead/target, mas isso sozinho não confirma o valor exato de H6 sem uma variável auxiliar de data-alvo. | nenhuma variável auxiliar de data-alvo (('target', 'valid_time', 'target_month', 'forecast_time')) encontrada no dataset aberto — tentando Método B (semântica documentada do eixo forecast_period, Seção 4). | confirmado pela semântica documentada do eixo forecast_period (Método B, Seção 4/6): inicialização confirmada via SCALAR_COORD_ON_VARIABLE (status=OK_SCALAR_COORD), L.standard_name='forecast_period'/units='months', grade [0.5, 1.5, 2.5, 3.5, 4.5, 5.5] mensal confirmada, rota com forecast_period_semantics_documented=True.",CONFIRMED_BY_FORECAST_PERIOD_SEMANTICS,SCALAR_COORD_ON_VARIABLE,2010-06,2010-06,1,OK_SCALAR_COORD,RANGEEDGES,RANGEEDGES_WINDOW_COORDINATE_MATCH,2010-06-01 00:00:00; 2010-07-01 00:00:00,2010-06-01 00:00:00,"esquema=lead1_igual_mes_inicializacao, representação=NMME_HARMONIZED_MONTHLY",Fazendas_Sinobras_Centroide
2010-07,NOAA_NCEP,CFSv2,2010-07,1,0.5,2010-07,OK,"L.attrs contém termo(s) ['forecast_period'] — indica semântica de lead/target, mas isso sozinho não confirma o valor exato de H1 sem uma variável auxiliar de data-alvo. | nenhuma variável auxiliar de data-alvo (('target', 'valid_time', 'target_month', 'forecast_time')) encontrada no dataset aberto — tentando Método B (semântica documentada do eixo forecast_period, Seção 4). | confirmado pela semântica documentada do eixo forecast_period (Método B, Seção 4/6): inicialização confirmada via SCALAR_COORD_ON_VARIABLE (status=OK_SCALAR_COORD), L.standard_name='forecast_period'/units='months', grade [0.5, 1.5, 2.5, 3.5, 4.5, 5.5] mensal confirmada, rota com forecast_period_semantics_documented=True.",CONFIRMED_BY_FORECAST_PERIOD_SEMANTICS,SCALAR_COORD_ON_VARIABLE,2010-07,2010-07,1,OK_SCALAR_COORD,RANGEEDGES,RANGEEDGES_WINDOW_COORDINATE_MATCH,2010-07-01 00:00:00; 2010-08-01 00:00:00,2010-07-01 00:00:00,"esquema=lead1_igual_mes_inicializacao, representação=NMME_HARMONIZED_MONTHLY",Fazendas_Sinobras_Centroide
2010-07,NOAA_NCEP,CFSv2,2010-07,2,1.5,2010-08,OK,"L.attrs contém termo(s) ['forecast_period'] — indica semântica de lead/target, mas isso sozinho não confirma o valor exato de H2 sem uma variável auxiliar de data-alvo. | nenhuma variável auxiliar de data-alvo (('target', 'valid_time', 'target_month', 'forecast_time')) encontrada no dataset aberto — tentando Método B (semântica documentada do eixo forecast_period, Seção 4). | confirmado pela semântica documentada do eixo forecast_period (Método B, Seção 4/6): inicialização confirmada via SCALAR_COORD_ON_VARIABLE (status=OK_SCALAR_COORD), L.standard_name='forecast_period'/units='months', grade [0.5, 1.5, 2.5, 3.5, 4.5, 5.5] mensal confirmada, rota com forecast_period_semantics_documented=True.",CONFIRMED_BY_FORECAST_PERIOD_SEMANTICS,SCALAR_COORD_ON_VARIABLE,2010-07,2010-07,1,OK_SCALAR_COORD,RANGEEDGES,RANGEEDGES_WINDOW_COORDINATE_MATCH,2010-07-01 00:00:00; 2010-08-01 00:00:00,2010-07-01 00:00:00,"esquema=lead1_igual_mes_inicializacao, representação=NMME_HARMONIZED_MONTHLY",Fazendas_Sinobras_Centroide
2010-07,NOAA_NCEP,CFSv2,2010-07,3,2.5,2010-09,OK,"L.attrs contém termo(s) ['forecast_period'] — indica semântica de lead/target, mas isso sozinho não confirma o valor exato de H3 sem uma variável auxiliar de data-alvo. | nenhuma variável auxiliar de data-alvo (('target', 'valid_time', 'target_month', 'forecast_time')) encontrada no dataset aberto — tentando Método B (semântica documentada do eixo forecast_period, Seção 4). | confirmado pela semântica documentada do eixo forecast_period (Método B, Seção 4/6): inicialização confirmada via SCALAR_COORD_ON_VARIABLE (status=OK_SCALAR_COORD), L.standard_name='forecast_period'/units='months', grade [0.5, 1.5, 2.5, 3.5, 4.5, 5.5] mensal confirmada, rota com forecast_period_semantics_documented=True.",CONFIRMED_BY_FORECAST_PERIOD_SEMANTICS,SCALAR_COORD_ON_VARIABLE,2010-07,2010-07,1,OK_SCALAR_COORD,RANGEEDGES,RANGEEDGES_WINDOW_COORDINATE_MATCH,2010-07-01 00:00:00; 2010-08-01 00:00:00,2010-07-01 00:00:00,"esquema=lead1_igual_mes_inicializacao, representação=NMME_HARMONIZED_MONTHLY",Fazendas_Sinobras_Centroide
2010-07,NOAA_NCEP,CFSv2,2010-07,4,3.5,2010-10,OK,"L.attrs contém termo(s) ['forecast_period'] — indica semântica de lead/target, mas isso sozinho não confirma o valor exato de H4 sem uma variável auxiliar de data-alvo. | nenhuma variável auxiliar de data-alvo (('target', 'valid_time', 'target_month', 'forecast_time')) encontrada no dataset aberto — tentando Método B (semântica documentada do eixo forecast_period, Seção 4). | confirmado pela semântica documentada do eixo forecast_period (Método B, Seção 4/6): inicialização confirmada via SCALAR_COORD_ON_VARIABLE (status=OK_SCALAR_COORD), L.standard_name='forecast_period'/units='months', grade [0.5, 1.5, 2.5, 3.5, 4.5, 5.5] mensal confirmada, rota com forecast_period_semantics_documented=True.",CONFIRMED_BY_FORECAST_PERIOD_SEMANTICS,SCALAR_COORD_ON_VARIABLE,2010-07,2010-07,1,OK_SCALAR_COORD,RANGEEDGES,RANGEEDGES_WINDOW_COORDINATE_MATCH,2010-07-01 00:00:00; 2010-08-01 00:00:00,2010-07-01 00:00:00,"esquema=lead1_igual_mes_inicializacao, representação=NMME_HARMONIZED_MONTHLY",Fazendas_Sinobras_Centroide
2010-07,NOAA_NCEP,CFSv2,2010-07,5,4.5,2010-11,OK,"L.attrs contém termo(s) ['forecast_period'] — indica semântica de lead/target, mas isso sozinho não confirma o valor exato de H5 sem uma variável auxiliar de data-alvo. | nenhuma variável auxiliar de data-alvo (('target', 'valid_time', 'target_month', 'forecast_time')) encontrada no dataset aberto — tentando Método B (semântica documentada do eixo forecast_period, Seção 4). | confirmado pela semântica documentada do eixo forecast_period (Método B, Seção 4/6): inicialização confirmada via SCALAR_COORD_ON_VARIABLE (status=OK_SCALAR_COORD), L.standard_name='forecast_period'/units='months', grade [0.5, 1.5, 2.5, 3.5, 4.5, 5.5] mensal confirmada, rota com forecast_period_semantics_documented=True.",CONFIRMED_BY_FORECAST_PERIOD_SEMANTICS,SCALAR_COORD_ON_VARIABLE,2010-07,2010-07,1,OK_SCALAR_COORD,RANGEEDGES,RANGEEDGES_WINDOW_COORDINATE_MATCH,2010-07-01 00:00:00; 2010-08-01 00:00:00,2010-07-01 00:00:00,"esquema=lead1_igual_mes_inicializacao, representação=NMME_HARMONIZED_MONTHLY",Fazendas_Sinobras_Centroide
2010-07,NOAA_NCEP,CFSv2,2010-07,6,5.5,2010-12,OK,"L.attrs contém termo(s) ['forecast_period'] — indica semântica de lead/target, mas isso sozinho não confirma o valor exato de H6 sem uma variável auxiliar de data-alvo. | nenhuma variável auxiliar de data-alvo (('target', 'valid_time', 'target_month', 'forecast_time')) encontrada no dataset aberto — tentando Método B (semântica documentada do eixo forecast_period, Seção 4). | confirmado pela semântica documentada do eixo forecast_period (Método B, Seção 4/6): inicialização confirmada via SCALAR_COORD_ON_VARIABLE (status=OK_SCALAR_COORD), L.standard_name='forecast_period'/units='months', grade [0.5, 1.5, 2.5, 3.5, 4.5, 5.5] mensal confirmada, rota com forecast_period_semantics_documented=True.",CONFIRMED_BY_FORECAST_PERIOD_SEMANTICS,SCALAR_COORD_ON_VARIABLE,2010-07,2010-07,1,OK_SCALAR_COORD,RANGEEDGES,RANGEEDGES_WINDOW_COORDINATE_MATCH,2010-07-01 00:00:00; 2010-08-01 00:00:00,2010-07-01 00:00:00,"esquema=lead1_igual_mes_inicializacao, representação=NMME_HARMONIZED_MONTHLY",Fazendas_Sinobras_Centroide
2010-08,NOAA_NCEP,CFSv2,2010-08,1,0.5,2010-08,OK,"L.attrs contém termo(s) ['forecast_period'] — indica semântica de lead/target, mas isso sozinho não confirma o valor exato de H1 sem uma variável auxiliar de data-alvo. | nenhuma variável auxiliar de data-alvo (('target', 'valid_time', 'target_month', 'forecast_time')) encontrada no dataset aberto — tentando Método B (semântica documentada do eixo forecast_period, Seção 4). | confirmado pela semântica documentada do eixo forecast_period (Método B, Seção 4/6): inicialização confirmada via SCALAR_COORD_ON_VARIABLE (status=OK_SCALAR_COORD), L.standard_name='forecast_period'/units='months', grade [0.5, 1.5, 2.5, 3.5, 4.5, 5.5] mensal confirmada, rota com forecast_period_semantics_documented=True.",CONFIRMED_BY_FORECAST_PERIOD_SEMANTICS,SCALAR_COORD_ON_VARIABLE,2010-08,2010-08,1,OK_SCALAR_COORD,RANGEEDGES,RANGEEDGES_WINDOW_COORDINATE_MATCH,2010-08-01 00:00:00; 2010-09-01 00:00:00,2010-08-01 00:00:00,"esquema=lead1_igual_mes_inicializacao, representação=NMME_HARMONIZED_MONTHLY",Fazendas_Sinobras_Centroide
2010-08,NOAA_NCEP,CFSv2,2010-08,2,1.5,2010-09,OK,"L.attrs contém termo(s) ['forecast_period'] — indica semântica de lead/target, mas isso sozinho não confirma o valor exato de H2 sem uma variável auxiliar de data-alvo. | nenhuma variável auxiliar de data-alvo (('target', 'valid_time', 'target_month', 'forecast_time')) encontrada no dataset aberto — tentando Método B (semântica documentada do eixo forecast_period, Seção 4). | confirmado pela semântica documentada do eixo forecast_period (Método B, Seção 4/6): inicialização confirmada via SCALAR_COORD_ON_VARIABLE (status=OK_SCALAR_COORD), L.standard_name='forecast_period'/units='months', grade [0.5, 1.5, 2.5, 3.5, 4.5, 5.5] mensal confirmada, rota com forecast_period_semantics_documented=True.",CONFIRMED_BY_FORECAST_PERIOD_SEMANTICS,SCALAR_COORD_ON_VARIABLE,2010-08,2010-08,1,OK_SCALAR_COORD,RANGEEDGES,RANGEEDGES_WINDOW_COORDINATE_MATCH,2010-08-01 00:00:00; 2010-09-01 00:00:00,2010-08-01 00:00:00,"esquema=lead1_igual_mes_inicializacao, representação=NMME_HARMONIZED_MONTHLY",Fazendas_Sinobras_Centroide
2010-08,NOAA_NCEP,CFSv2,2010-08,3,2.5,2010-10,OK,"L.attrs contém termo(s) ['forecast_period'] — indica semântica de lead/target, mas isso sozinho não confirma o valor exato de H3 sem uma variável auxiliar de data-alvo. | nenhuma variável auxiliar de data-alvo (('target', 'valid_time', 'target_month', 'forecast_time')) encontrada no dataset aberto — tentando Método B (semântica documentada do eixo forecast_period, Seção 4). | confirmado pela semântica documentada do eixo forecast_period (Método B, Seção 4/6): inicialização confirmada via SCALAR_COORD_ON_VARIABLE (status=OK_SCALAR_COORD), L.standard_name='forecast_period'/units='months', grade [0.5, 1.5, 2.5, 3.5, 4.5, 5.5] mensal confirmada, rota com forecast_period_semantics_documented=True.",CONFIRMED_BY_FORECAST_PERIOD_SEMANTICS,SCALAR_COORD_ON_VARIABLE,2010-08,2010-08,1,OK_SCALAR_COORD,RANGEEDGES,RANGEEDGES_WINDOW_COORDINATE_MATCH,2010-08-01 00:00:00; 2010-09-01 00:00:00,2010-08-01 00:00:00,"esquema=lead1_igual_mes_inicializacao, representação=NMME_HARMONIZED_MONTHLY",Fazendas_Sinobras_Centroide
2010-08,NOAA_NCEP,CFSv2,2010-08,4,3.5,2010-11,OK,"L.attrs contém termo(s) ['forecast_period'] — indica semântica de lead/target, mas isso sozinho não confirma o valor exato de H4 sem uma variável auxiliar de data-alvo. | nenhuma variável auxiliar de data-alvo (('target', 'valid_time', 'target_month', 'forecast_time')) encontrada no dataset aberto — tentando Método B (semântica documentada do eixo forecast_period, Seção 4). | confirmado pela semântica documentada do eixo forecast_period (Método B, Seção 4/6): inicialização confirmada via SCALAR_COORD_ON_VARIABLE (status=OK_SCALAR_COORD), L.standard_name='forecast_period'/units='months', grade [0.5, 1.5, 2.5, 3.5, 4.5, 5.5] mensal confirmada, rota com forecast_period_semantics_documented=True.",CONFIRMED_BY_FORECAST_PERIOD_SEMANTICS,SCALAR_COORD_ON_VARIABLE,2010-08,2010-08,1,OK_SCALAR_COORD,RANGEEDGES,RANGEEDGES_WINDOW_COORDINATE_MATCH,2010-08-01 00:00:00; 2010-09-01 00:00:00,2010-08-01 00:00:00,"esquema=lead1_igual_mes_inicializacao, representação=NMME_HARMONIZED_MONTHLY",Fazendas_Sinobras_Centroide
2010-08,NOAA_NCEP,CFSv2,2010-08,5,4.5,2010-12,OK,"L.attrs contém termo(s) ['forecast_period'] — indica semântica de lead/target, mas isso sozinho não confirma o valor exato de H5 sem uma variável auxiliar de data-alvo. | nenhuma variável auxiliar de data-alvo (('target', 'valid_time', 'target_month', 'forecast_time')) encontrada no dataset aberto — tentando Método B (semântica documentada do eixo forecast_period, Seção 4). | confirmado pela semântica documentada do eixo forecast_period (Método B, Seção 4/6): inicialização confirmada via SCALAR_COORD_ON_VARIABLE (status=OK_SCALAR_COORD), L.standard_name='forecast_period'/units='months', grade [0.5, 1.5, 2.5, 3.5, 4.5, 5.5] mensal confirmada, rota com forecast_period_semantics_documented=True.",CONFIRMED_BY_FORECAST_PERIOD_SEMANTICS,SCALAR_COORD_ON_VARIABLE,2010-08,2010-08,1,OK_SCALAR_COORD,RANGEEDGES,RANGEEDGES_WINDOW_COORDINATE_MATCH,2010-08-01 00:00:00; 2010-09-01 00:00:00,2010-08-01 00:00:00,"esquema=lead1_igual_mes_inicializacao, representação=NMME_HARMONIZED_MONTHLY",Fazendas_Sinobras_Centroide
2010-08,NOAA_NCEP,CFSv2,2010-08,6,5.5,2011-01,OK,"L.attrs contém termo(s) ['forecast_period'] — indica semântica de lead/target, mas isso sozinho não confirma o valor exato de H6 sem uma variável auxiliar de data-alvo. | nenhuma variável auxiliar de data-alvo (('target', 'valid_time', 'target_month', 'forecast_time')) encontrada no dataset aberto — tentando Método B (semântica documentada do eixo forecast_period, Seção 4). | confirmado pela semântica documentada do eixo forecast_period (Método B, Seção 4/6): inicialização confirmada via SCALAR_COORD_ON_VARIABLE (status=OK_SCALAR_COORD), L.standard_name='forecast_period'/units='months', grade [0.5, 1.5, 2.5, 3.5, 4.5, 5.5] mensal confirmada, rota com forecast_period_semantics_documented=True.",CONFIRMED_BY_FORECAST_PERIOD_SEMANTICS,SCALAR_COORD_ON_VARIABLE,2010-08,2010-08,1,OK_SCALAR_COORD,RANGEEDGES,RANGEEDGES_WINDOW_COORDINATE_MATCH,2010-08-01 00:00:00; 2010-09-01 00:00:00,2010-08-01 00:00:00,"esquema=lead1_igual_mes_inicializacao, representação=NMME_HARMONIZED_MONTHLY",Fazendas_Sinobras_Centroide
2010-09,NOAA_NCEP,CFSv2,2010-09,1,0.5,2010-09,OK,"L.attrs contém termo(s) ['forecast_period'] — indica semântica de lead/target, mas isso sozinho não confirma o valor exato de H1 sem uma variável auxiliar de data-alvo. | nenhuma variável auxiliar de data-alvo (('target', 'valid_time', 'target_month', 'forecast_time')) encontrada no dataset aberto — tentando Método B (semântica documentada do eixo forecast_period, Seção 4). | confirmado pela semântica documentada do eixo forecast_period (Método B, Seção 4/6): inicialização confirmada via SCALAR_COORD_ON_VARIABLE (status=OK_SCALAR_COORD), L.standard_name='forecast_period'/units='months', grade [0.5, 1.5, 2.5, 3.5, 4.5, 5.5] mensal confirmada, rota com forecast_period_semantics_documented=True.",CONFIRMED_BY_FORECAST_PERIOD_SEMANTICS,SCALAR_COORD_ON_VARIABLE,2010-09,2010-09,1,OK_SCALAR_COORD,RANGEEDGES,RANGEEDGES_WINDOW_COORDINATE_MATCH,2010-09-01 00:00:00; 2010-10-01 00:00:00,2010-09-01 00:00:00,"esquema=lead1_igual_mes_inicializacao, representação=NMME_HARMONIZED_MONTHLY",Fazendas_Sinobras_Centroide
2010-09,NOAA_NCEP,CFSv2,2010-09,2,1.5,2010-10,OK,"L.attrs contém termo(s) ['forecast_period'] — indica semântica de lead/target, mas isso sozinho não confirma o valor exato de H2 sem uma variável auxiliar de data-alvo. | nenhuma variável auxiliar de data-alvo (('target', 'valid_time', 'target_month', 'forecast_time')) encontrada no dataset aberto — tentando Método B (semântica documentada do eixo forecast_period, Seção 4). | confirmado pela semântica documentada do eixo forecast_period (Método B, Seção 4/6): inicialização confirmada via SCALAR_COORD_ON_VARIABLE (status=OK_SCALAR_COORD), L.standard_name='forecast_period'/units='months', grade [0.5, 1.5, 2.5, 3.5, 4.5, 5.5] mensal confirmada, rota com forecast_period_semantics_documented=True.",CONFIRMED_BY_FORECAST_PERIOD_SEMANTICS,SCALAR_COORD_ON_VARIABLE,2010-09,2010-09,1,OK_SCALAR_COORD,RANGEEDGES,RANGEEDGES_WINDOW_COORDINATE_MATCH,2010-09-01 00:00:00; 2010-10-01 00:00:00,2010-09-01 00:00:00,"esquema=lead1_igual_mes_inicializacao, representação=NMME_HARMONIZED_MONTHLY",Fazendas_Sinobras_Centroide
2010-09,NOAA_NCEP,CFSv2,2010-09,3,2.5,2010-11,OK,"L.attrs contém termo(s) ['forecast_period'] — indica semântica de lead/target, mas isso sozinho não confirma o valor exato de H3 sem uma variável auxiliar de data-alvo. | nenhuma variável auxiliar de data-alvo (('target', 'valid_time', 'target_month', 'forecast_time')) encontrada no dataset aberto — tentando Método B (semântica documentada do eixo forecast_period, Seção 4). | confirmado pela semântica documentada do eixo forecast_period (Método B, Seção 4/6): inicialização confirmada via SCALAR_COORD_ON_VARIABLE (status=OK_SCALAR_COORD), L.standard_name='forecast_period'/units='months', grade [0.5, 1.5, 2.5, 3.5, 4.5, 5.5] mensal confirmada, rota com forecast_period_semantics_documented=True.",CONFIRMED_BY_FORECAST_PERIOD_SEMANTICS,SCALAR_COORD_ON_VARIABLE,2010-09,2010-09,1,OK_SCALAR_COORD,RANGEEDGES,RANGEEDGES_WINDOW_COORDINATE_MATCH,2010-09-01 00:00:00; 2010-10-01 00:00:00,2010-09-01 00:00:00,"esquema=lead1_igual_mes_inicializacao, representação=NMME_HARMONIZED_MONTHLY",Fazendas_Sinobras_Centroide
2010-09,NOAA_NCEP,CFSv2,2010-09,4,3.5,2010-12,OK,"L.attrs contém termo(s) ['forecast_period'] — indica semântica de lead/target, mas isso sozinho não confirma o valor exato de H4 sem uma variável auxiliar de data-alvo. | nenhuma variável auxiliar de data-alvo (('target', 'valid_time', 'target_month', 'forecast_time')) encontrada no dataset aberto — tentando Método B (semântica documentada do eixo forecast_period, Seção 4). | confirmado pela semântica documentada do eixo forecast_period (Método B, Seção 4/6): inicialização confirmada via SCALAR_COORD_ON_VARIABLE (status=OK_SCALAR_COORD), L.standard_name='forecast_period'/units='months', grade [0.5, 1.5, 2.5, 3.5, 4.5, 5.5] mensal confirmada, rota com forecast_period_semantics_documented=True.",CONFIRMED_BY_FORECAST_PERIOD_SEMANTICS,SCALAR_COORD_ON_VARIABLE,2010-09,2010-09,1,OK_SCALAR_COORD,RANGEEDGES,RANGEEDGES_WINDOW_COORDINATE_MATCH,2010-09-01 00:00:00; 2010-10-01 00:00:00,2010-09-01 00:00:00,"esquema=lead1_igual_mes_inicializacao, representação=NMME_HARMONIZED_MONTHLY",Fazendas_Sinobras_Centroide
2010-09,NOAA_NCEP,CFSv2,2010-09,5,4.5,2011-01,OK,"L.attrs contém termo(s) ['forecast_period'] — indica semântica de lead/target, mas isso sozinho não confirma o valor exato de H5 sem uma variável auxiliar de data-alvo. | nenhuma variável auxiliar de data-alvo (('target', 'valid_time', 'target_month', 'forecast_time')) encontrada no dataset aberto — tentando Método B (semântica documentada do eixo forecast_period, Seção 4). | confirmado pela semântica documentada do eixo forecast_period (Método B, Seção 4/6): inicialização confirmada via SCALAR_COORD_ON_VARIABLE (status=OK_SCALAR_COORD), L.standard_name='forecast_period'/units='months', grade [0.5, 1.5, 2.5, 3.5, 4.5, 5.5] mensal confirmada, rota com forecast_period_semantics_documented=True.",CONFIRMED_BY_FORECAST_PERIOD_SEMANTICS,SCALAR_COORD_ON_VARIABLE,2010-09,2010-09,1,OK_SCALAR_COORD,RANGEEDGES,RANGEEDGES_WINDOW_COORDINATE_MATCH,2010-09-01 00:00:00; 2010-10-01 00:00:00,2010-09-01 00:00:00,"esquema=lead1_igual_mes_inicializacao, representação=NMME_HARMONIZED_MONTHLY",Fazendas_Sinobras_Centroide
2010-09,NOAA_NCEP,CFSv2,2010-09,6,5.5,2011-02,OK,"L.attrs contém termo(s) ['forecast_period'] — indica semântica de lead/target, mas isso sozinho não confirma o valor exato de H6 sem uma variável auxiliar de data-alvo. | nenhuma variável auxiliar de data-alvo (('target', 'valid_time', 'target_month', 'forecast_time')) encontrada no dataset aberto — tentando Método B (semântica documentada do eixo forecast_period, Seção 4). | confirmado pela semântica documentada do eixo forecast_period (Método B, Seção 4/6): inicialização confirmada via SCALAR_COORD_ON_VARIABLE (status=OK_SCALAR_COORD), L.standard_name='forecast_period'/units='months', grade [0.5, 1.5, 2.5, 3.5, 4.5, 5.5] mensal confirmada, rota com forecast_period_semantics_documented=True.",CONFIRMED_BY_FORECAST_PERIOD_SEMANTICS,SCALAR_COORD_ON_VARIABLE,2010-09,2010-09,1,OK_SCALAR_COORD,RANGEEDGES,RANGEEDGES_WINDOW_COORDINATE_MATCH,2010-09-01 00:00:00; 2010-10-01 00:00:00,2010-09-01 00:00:00,"esquema=lead1_igual_mes_inicializacao, representação=NMME_HARMONIZED_MONTHLY",Fazendas_Sinobras_Centroide
2010-10,NOAA_NCEP,CFSv2,2010-10,1,0.5,2010-10,OK,"L.attrs contém termo(s) ['forecast_period'] — indica semântica de lead/target, mas isso sozinho não confirma o valor exato de H1 sem uma variável auxiliar de data-alvo. | nenhuma variável auxiliar de data-alvo (('target', 'valid_time', 'target_month', 'forecast_time')) encontrada no dataset aberto — tentando Método B (semântica documentada do eixo forecast_period, Seção 4). | confirmado pela semântica documentada do eixo forecast_period (Método B, Seção 4/6): inicialização confirmada via SCALAR_COORD_ON_VARIABLE (status=OK_SCALAR_COORD), L.standard_name='forecast_period'/units='months', grade [0.5, 1.5, 2.5, 3.5, 4.5, 5.5] mensal confirmada, rota com forecast_period_semantics_documented=True.",CONFIRMED_BY_FORECAST_PERIOD_SEMANTICS,SCALAR_COORD_ON_VARIABLE,2010-10,2010-10,1,OK_SCALAR_COORD,RANGEEDGES,RANGEEDGES_WINDOW_COORDINATE_MATCH,2010-10-01 00:00:00; 2010-11-01 00:00:00,2010-10-01 00:00:00,"esquema=lead1_igual_mes_inicializacao, representação=NMME_HARMONIZED_MONTHLY",Fazendas_Sinobras_Centroide
2010-10,NOAA_NCEP,CFSv2,2010-10,2,1.5,2010-11,OK,"L.attrs contém termo(s) ['forecast_period'] — indica semântica de lead/target, mas isso sozinho não confirma o valor exato de H2 sem uma variável auxiliar de data-alvo. | nenhuma variável auxiliar de data-alvo (('target', 'valid_time', 'target_month', 'forecast_time')) encontrada no dataset aberto — tentando Método B (semântica documentada do eixo forecast_period, Seção 4). | confirmado pela semântica documentada do eixo forecast_period (Método B, Seção 4/6): inicialização confirmada via SCALAR_COORD_ON_VARIABLE (status=OK_SCALAR_COORD), L.standard_name='forecast_period'/units='months', grade [0.5, 1.5, 2.5, 3.5, 4.5, 5.5] mensal confirmada, rota com forecast_period_semantics_documented=True.",CONFIRMED_BY_FORECAST_PERIOD_SEMANTICS,SCALAR_COORD_ON_VARIABLE,2010-10,2010-10,1,OK_SCALAR_COORD,RANGEEDGES,RANGEEDGES_WINDOW_COORDINATE_MATCH,2010-10-01 00:00:00; 2010-11-01 00:00:00,2010-10-01 00:00:00,"esquema=lead1_igual_mes_inicializacao, representação=NMME_HARMONIZED_MONTHLY",Fazendas_Sinobras_Centroide
2010-10,NOAA_NCEP,CFSv2,2010-10,3,2.5,2010-12,OK,"L.attrs contém termo(s) ['forecast_period'] — indica semântica de lead/target, mas isso sozinho não confirma o valor exato de H3 sem uma variável auxiliar de data-alvo. | nenhuma variável auxiliar de data-alvo (('target', 'valid_time', 'target_month', 'forecast_time')) encontrada no dataset aberto — tentando Método B (semântica documentada do eixo forecast_period, Seção 4). | confirmado pela semântica documentada do eixo forecast_period (Método B, Seção 4/6): inicialização confirmada via SCALAR_COORD_ON_VARIABLE (status=OK_SCALAR_COORD), L.standard_name='forecast_period'/units='months', grade [0.5, 1.5, 2.5, 3.5, 4.5, 5.5] mensal confirmada, rota com forecast_period_semantics_documented=True.",CONFIRMED_BY_FORECAST_PERIOD_SEMANTICS,SCALAR_COORD_ON_VARIABLE,2010-10,2010-10,1,OK_SCALAR_COORD,RANGEEDGES,RANGEEDGES_WINDOW_COORDINATE_MATCH,2010-10-01 00:00:00; 2010-11-01 00:00:00,2010-10-01 00:00:00,"esquema=lead1_igual_mes_inicializacao, representação=NMME_HARMONIZED_MONTHLY",Fazendas_Sinobras_Centroide
2010-10,NOAA_NCEP,CFSv2,2010-10,4,3.5,2011-01,OK,"L.attrs contém termo(s) ['forecast_period'] — indica semântica de lead/target, mas isso sozinho não confirma o valor exato de H4 sem uma variável auxiliar de data-alvo. | nenhuma variável auxiliar de data-alvo (('target', 'valid_time', 'target_month', 'forecast_time')) encontrada no dataset aberto — tentando Método B (semântica documentada do eixo forecast_period, Seção 4). | confirmado pela semântica documentada do eixo forecast_period (Método B, Seção 4/6): inicialização confirmada via SCALAR_COORD_ON_VARIABLE (status=OK_SCALAR_COORD), L.standard_name='forecast_period'/units='months', grade [0.5, 1.5, 2.5, 3.5, 4.5, 5.5] mensal confirmada, rota com forecast_period_semantics_documented=True.",CONFIRMED_BY_FORECAST_PERIOD_SEMANTICS,SCALAR_COORD_ON_VARIABLE,2010-10,2010-10,1,OK_SCALAR_COORD,RANGEEDGES,RANGEEDGES_WINDOW_COORDINATE_MATCH,2010-10-01 00:00:00; 2010-11-01 00:00:00,2010-10-01 00:00:00,"esquema=lead1_igual_mes_inicializacao, representação=NMME_HARMONIZED_MONTHLY",Fazendas_Sinobras_Centroide
2010-10,NOAA_NCEP,CFSv2,2010-10,5,4.5,2011-02,OK,"L.attrs contém termo(s) ['forecast_period'] — indica semântica de lead/target, mas isso sozinho não confirma o valor exato de H5 sem uma variável auxiliar de data-alvo. | nenhuma variável auxiliar de data-alvo (('target', 'valid_time', 'target_month', 'forecast_time')) encontrada no dataset aberto — tentando Método B (semântica documentada do eixo forecast_period, Seção 4). | confirmado pela semântica documentada do eixo forecast_period (Método B, Seção 4/6): inicialização confirmada via SCALAR_COORD_ON_VARIABLE (status=OK_SCALAR_COORD), L.standard_name='forecast_period'/units='months', grade [0.5, 1.5, 2.5, 3.5, 4.5, 5.5] mensal confirmada, rota com forecast_period_semantics_documented=True.",CONFIRMED_BY_FORECAST_PERIOD_SEMANTICS,SCALAR_COORD_ON_VARIABLE,2010-10,2010-10,1,OK_SCALAR_COORD,RANGEEDGES,RANGEEDGES_WINDOW_COORDINATE_MATCH,2010-10-01 00:00:00; 2010-11-01 00:00:00,2010-10-01 00:00:00,"esquema=lead1_igual_mes_inicializacao, representação=NMME_HARMONIZED_MONTHLY",Fazendas_Sinobras_Centroide
2010-10,NOAA_NCEP,CFSv2,2010-10,6,5.5,2011-03,OK,"L.attrs contém termo(s) ['forecast_period'] — indica semântica de lead/target, mas isso sozinho não confirma o valor exato de H6 sem uma variável auxiliar de data-alvo. | nenhuma variável auxiliar de data-alvo (('target', 'valid_time', 'target_month', 'forecast_time')) encontrada no dataset aberto — tentando Método B (semântica documentada do eixo forecast_period, Seção 4). | confirmado pela semântica documentada do eixo forecast_period (Método B, Seção 4/6): inicialização confirmada via SCALAR_COORD_ON_VARIABLE (status=OK_SCALAR_COORD), L.standard_name='forecast_period'/units='months', grade [0.5, 1.5, 2.5, 3.5, 4.5, 5.5] mensal confirmada, rota com forecast_period_semantics_documented=True.",CONFIRMED_BY_FORECAST_PERIOD_SEMANTICS,SCALAR_COORD_ON_VARIABLE,2010-10,2010-10,1,OK_SCALAR_COORD,RANGEEDGES,RANGEEDGES_WINDOW_COORDINATE_MATCH,2010-10-01 00:00:00; 2010-11-01 00:00:00,2010-10-01 00:00:00,"esquema=lead1_igual_mes_inicializacao, representação=NMME_HARMONIZED_MONTHLY",Fazendas_Sinobras_Centroide
2010-11,NOAA_NCEP,CFSv2,2010-11,1,0.5,2010-11,OK,"L.attrs contém termo(s) ['forecast_period'] — indica semântica de lead/target, mas isso sozinho não confirma o valor exato de H1 sem uma variável auxiliar de data-alvo. | nenhuma variável auxiliar de data-alvo (('target', 'valid_time', 'target_month', 'forecast_time')) encontrada no dataset aberto — tentando Método B (semântica documentada do eixo forecast_period, Seção 4). | confirmado pela semântica documentada do eixo forecast_period (Método B, Seção 4/6): inicialização confirmada via SCALAR_COORD_ON_VARIABLE (status=OK_SCALAR_COORD), L.standard_name='forecast_period'/units='months', grade [0.5, 1.5, 2.5, 3.5, 4.5, 5.5] mensal confirmada, rota com forecast_period_semantics_documented=True.",CONFIRMED_BY_FORECAST_PERIOD_SEMANTICS,SCALAR_COORD_ON_VARIABLE,2010-11,2010-11,1,OK_SCALAR_COORD,RANGEEDGES,RANGEEDGES_WINDOW_COORDINATE_MATCH,2010-11-01 00:00:00; 2010-12-01 00:00:00,2010-11-01 00:00:00,"esquema=lead1_igual_mes_inicializacao, representação=NMME_HARMONIZED_MONTHLY",Fazendas_Sinobras_Centroide
2010-11,NOAA_NCEP,CFSv2,2010-11,2,1.5,2010-12,OK,"L.attrs contém termo(s) ['forecast_period'] — indica semântica de lead/target, mas isso sozinho não confirma o valor exato de H2 sem uma variável auxiliar de data-alvo. | nenhuma variável auxiliar de data-alvo (('target', 'valid_time', 'target_month', 'forecast_time')) encontrada no dataset aberto — tentando Método B (semântica documentada do eixo forecast_period, Seção 4). | confirmado pela semântica documentada do eixo forecast_period (Método B, Seção 4/6): inicialização confirmada via SCALAR_COORD_ON_VARIABLE (status=OK_SCALAR_COORD), L.standard_name='forecast_period'/units='months', grade [0.5, 1.5, 2.5, 3.5, 4.5, 5.5] mensal confirmada, rota com forecast_period_semantics_documented=True.",CONFIRMED_BY_FORECAST_PERIOD_SEMANTICS,SCALAR_COORD_ON_VARIABLE,2010-11,2010-11,1,OK_SCALAR_COORD,RANGEEDGES,RANGEEDGES_WINDOW_COORDINATE_MATCH,2010-11-01 00:00:00; 2010-12-01 00:00:00,2010-11-01 00:00:00,"esquema=lead1_igual_mes_inicializacao, representação=NMME_HARMONIZED_MONTHLY",Fazendas_Sinobras_Centroide
2010-11,NOAA_NCEP,CFSv2,2010-11,3,2.5,2011-01,OK,"L.attrs contém termo(s) ['forecast_period'] — indica semântica de lead/target, mas isso sozinho não confirma o valor exato de H3 sem uma variável auxiliar de data-alvo. | nenhuma variável auxiliar de data-alvo (('target', 'valid_time', 'target_month', 'forecast_time')) encontrada no dataset aberto — tentando Método B (semântica documentada do eixo forecast_period, Seção 4). | confirmado pela semântica documentada do eixo forecast_period (Método B, Seção 4/6): inicialização confirmada via SCALAR_COORD_ON_VARIABLE (status=OK_SCALAR_COORD), L.standard_name='forecast_period'/units='months', grade [0.5, 1.5, 2.5, 3.5, 4.5, 5.5] mensal confirmada, rota com forecast_period_semantics_documented=True.",CONFIRMED_BY_FORECAST_PERIOD_SEMANTICS,SCALAR_COORD_ON_VARIABLE,2010-11,2010-11,1,OK_SCALAR_COORD,RANGEEDGES,RANGEEDGES_WINDOW_COORDINATE_MATCH,2010-11-01 00:00:00; 2010-12-01 00:00:00,2010-11-01 00:00:00,"esquema=lead1_igual_mes_inicializacao, representação=NMME_HARMONIZED_MONTHLY",Fazendas_Sinobras_Centroide
2010-11,NOAA_NCEP,CFSv2,2010-11,4,3.5,2011-02,OK,"L.attrs contém termo(s) ['forecast_period'] — indica semântica de lead/target, mas isso sozinho não confirma o valor exato de H4 sem uma variável auxiliar de data-alvo. | nenhuma variável auxiliar de data-alvo (('target', 'valid_time', 'target_month', 'forecast_time')) encontrada no dataset aberto — tentando Método B (semântica documentada do eixo forecast_period, Seção 4). | confirmado pela semântica documentada do eixo forecast_period (Método B, Seção 4/6): inicialização confirmada via SCALAR_COORD_ON_VARIABLE (status=OK_SCALAR_COORD), L.standard_name='forecast_period'/units='months', grade [0.5, 1.5, 2.5, 3.5, 4.5, 5.5] mensal confirmada, rota com forecast_period_semantics_documented=True.",CONFIRMED_BY_FORECAST_PERIOD_SEMANTICS,SCALAR_COORD_ON_VARIABLE,2010-11,2010-11,1,OK_SCALAR_COORD,RANGEEDGES,RANGEEDGES_WINDOW_COORDINATE_MATCH,2010-11-01 00:00:00; 2010-12-01 00:00:00,2010-11-01 00:00:00,"esquema=lead1_igual_mes_inicializacao, representação=NMME_HARMONIZED_MONTHLY",Fazendas_Sinobras_Centroide
2010-11,NOAA_NCEP,CFSv2,2010-11,5,4.5,2011-03,OK,"L.attrs contém termo(s) ['forecast_period'] — indica semântica de lead/target, mas isso sozinho não confirma o valor exato de H5 sem uma variável auxiliar de data-alvo. | nenhuma variável auxiliar de data-alvo (('target', 'valid_time', 'target_month', 'forecast_time')) encontrada no dataset aberto — tentando Método B (semântica documentada do eixo forecast_period, Seção 4). | confirmado pela semântica documentada do eixo forecast_period (Método B, Seção 4/6): inicialização confirmada via SCALAR_COORD_ON_VARIABLE (status=OK_SCALAR_COORD), L.standard_name='forecast_period'/units='months', grade [0.5, 1.5, 2.5, 3.5, 4.5, 5.5] mensal confirmada, rota com forecast_period_semantics_documented=True.",CONFIRMED_BY_FORECAST_PERIOD_SEMANTICS,SCALAR_COORD_ON_VARIABLE,2010-11,2010-11,1,OK_SCALAR_COORD,RANGEEDGES,RANGEEDGES_WINDOW_COORDINATE_MATCH,2010-11-01 00:00:00; 2010-12-01 00:00:00,2010-11-01 00:00:00,"esquema=lead1_igual_mes_inicializacao, representação=NMME_HARMONIZED_MONTHLY",Fazendas_Sinobras_Centroide
2010-11,NOAA_NCEP,CFSv2,2010-11,6,5.5,2011-04,OK,"L.attrs contém termo(s) ['forecast_period'] — indica semântica de lead/target, mas isso sozinho não confirma o valor exato de H6 sem uma variável auxiliar de data-alvo. | nenhuma variável auxiliar de data-alvo (('target', 'valid_time', 'target_month', 'forecast_time')) encontrada no dataset aberto — tentando Método B (semântica documentada do eixo forecast_period, Seção 4). | confirmado pela semântica documentada do eixo forecast_period (Método B, Seção 4/6): inicialização confirmada via SCALAR_COORD_ON_VARIABLE (status=OK_SCALAR_COORD), L.standard_name='forecast_period'/units='months', grade [0.5, 1.5, 2.5, 3.5, 4.5, 5.5] mensal confirmada, rota com forecast_period_semantics_documented=True.",CONFIRMED_BY_FORECAST_PERIOD_SEMANTICS,SCALAR_COORD_ON_VARIABLE,2010-11,2010-11,1,OK_SCALAR_COORD,RANGEEDGES,RANGEEDGES_WINDOW_COORDINATE_MATCH,2010-11-01 00:00:00; 2010-12-01 00:00:00,2010-11-01 00:00:00,"esquema=lead1_igual_mes_inicializacao, representação=NMME_HARMONIZED_MONTHLY",Fazendas_Sinobras_Centroide
2010-12,NOAA_NCEP,CFSv2,2010-12,1,0.5,2010-12,OK,"L.attrs contém termo(s) ['forecast_period'] — indica semântica de lead/target, mas isso sozinho não confirma o valor exato de H1 sem uma variável auxiliar de data-alvo. | nenhuma variável auxiliar de data-alvo (('target', 'valid_time', 'target_month', 'forecast_time')) encontrada no dataset aberto — tentando Método B (semântica documentada do eixo forecast_period, Seção 4). | confirmado pela semântica documentada do eixo forecast_period (Método B, Seção 4/6): inicialização confirmada via SCALAR_COORD_ON_VARIABLE (status=OK_SCALAR_COORD), L.standard_name='forecast_period'/units='months', grade [0.5, 1.5, 2.5, 3.5, 4.5, 5.5] mensal confirmada, rota com forecast_period_semantics_documented=True.",CONFIRMED_BY_FORECAST_PERIOD_SEMANTICS,SCALAR_COORD_ON_VARIABLE,2010-12,2010-12,1,OK_SCALAR_COORD,RANGEEDGES,RANGEEDGES_WINDOW_COORDINATE_MATCH,2010-12-01 00:00:00,2010-12-01 00:00:00,"esquema=lead1_igual_mes_inicializacao, representação=NMME_HARMONIZED_MONTHLY",Fazendas_Sinobras_Centroide
2010-12,NOAA_NCEP,CFSv2,2010-12,2,1.5,2011-01,OK,"L.attrs contém termo(s) ['forecast_period'] — indica semântica de lead/target, mas isso sozinho não confirma o valor exato de H2 sem uma variável auxiliar de data-alvo. | nenhuma variável auxiliar de data-alvo (('target', 'valid_time', 'target_month', 'forecast_time')) encontrada no dataset aberto — tentando Método B (semântica documentada do eixo forecast_period, Seção 4). | confirmado pela semântica documentada do eixo forecast_period (Método B, Seção 4/6): inicialização confirmada via SCALAR_COORD_ON_VARIABLE (status=OK_SCALAR_COORD), L.standard_name='forecast_period'/units='months', grade [0.5, 1.5, 2.5, 3.5, 4.5, 5.5] mensal confirmada, rota com forecast_period_semantics_documented=True.",CONFIRMED_BY_FORECAST_PERIOD_SEMANTICS,SCALAR_COORD_ON_VARIABLE,2010-12,2010-12,1,OK_SCALAR_COORD,RANGEEDGES,RANGEEDGES_WINDOW_COORDINATE_MATCH,2010-12-01 00:00:00,2010-12-01 00:00:00,"esquema=lead1_igual_mes_inicializacao, representação=NMME_HARMONIZED_MONTHLY",Fazendas_Sinobras_Centroide
2010-12,NOAA_NCEP,CFSv2,2010-12,3,2.5,2011-02,OK,"L.attrs contém termo(s) ['forecast_period'] — indica semântica de lead/target, mas isso sozinho não confirma o valor exato de H3 sem uma variável auxiliar de data-alvo. | nenhuma variável auxiliar de data-alvo (('target', 'valid_time', 'target_month', 'forecast_time')) encontrada no dataset aberto — tentando Método B (semântica documentada do eixo forecast_period, Seção 4). | confirmado pela semântica documentada do eixo forecast_period (Método B, Seção 4/6): inicialização confirmada via SCALAR_COORD_ON_VARIABLE (status=OK_SCALAR_COORD), L.standard_name='forecast_period'/units='months', grade [0.5, 1.5, 2.5, 3.5, 4.5, 5.5] mensal confirmada, rota com forecast_period_semantics_documented=True.",CONFIRMED_BY_FORECAST_PERIOD_SEMANTICS,SCALAR_COORD_ON_VARIABLE,2010-12,2010-12,1,OK_SCALAR_COORD,RANGEEDGES,RANGEEDGES_WINDOW_COORDINATE_MATCH,2010-12-01 00:00:00,2010-12-01 00:00:00,"esquema=lead1_igual_mes_inicializacao, representação=NMME_HARMONIZED_MONTHLY",Fazendas_Sinobras_Centroide
2010-12,NOAA_NCEP,CFSv2,2010-12,4,3.5,2011-03,OK,"L.attrs contém termo(s) ['forecast_period'] — indica semântica de lead/target, mas isso sozinho não confirma o valor exato de H4 sem uma variável auxiliar de data-alvo. | nenhuma variável auxiliar de data-alvo (('target', 'valid_time', 'target_month', 'forecast_time')) encontrada no dataset aberto — tentando Método B (semântica documentada do eixo forecast_period, Seção 4). | confirmado pela semântica documentada do eixo forecast_period (Método B, Seção 4/6): inicialização confirmada via SCALAR_COORD_ON_VARIABLE (status=OK_SCALAR_COORD), L.standard_name='forecast_period'/units='months', grade [0.5, 1.5, 2.5, 3.5, 4.5, 5.5] mensal confirmada, rota com forecast_period_semantics_documented=True.",CONFIRMED_BY_FORECAST_PERIOD_SEMANTICS,SCALAR_COORD_ON_VARIABLE,2010-12,2010-12,1,OK_SCALAR_COORD,RANGEEDGES,RANGEEDGES_WINDOW_COORDINATE_MATCH,2010-12-01 00:00:00,2010-12-01 00:00:00,"esquema=lead1_igual_mes_inicializacao, representação=NMME_HARMONIZED_MONTHLY",Fazendas_Sinobras_Centroide
2010-12,NOAA_NCEP,CFSv2,2010-12,5,4.5,2011-04,OK,"L.attrs contém termo(s) ['forecast_period'] — indica semântica de lead/target, mas isso sozinho não confirma o valor exato de H5 sem uma variável auxiliar de data-alvo. | nenhuma variável auxiliar de data-alvo (('target', 'valid_time', 'target_month', 'forecast_time')) encontrada no dataset aberto — tentando Método B (semântica documentada do eixo forecast_period, Seção 4). | confirmado pela semântica documentada do eixo forecast_period (Método B, Seção 4/6): inicialização confirmada via SCALAR_COORD_ON_VARIABLE (status=OK_SCALAR_COORD), L.standard_name='forecast_period'/units='months', grade [0.5, 1.5, 2.5, 3.5, 4.5, 5.5] mensal confirmada, rota com forecast_period_semantics_documented=True.",CONFIRMED_BY_FORECAST_PERIOD_SEMANTICS,SCALAR_COORD_ON_VARIABLE,2010-12,2010-12,1,OK_SCALAR_COORD,RANGEEDGES,RANGEEDGES_WINDOW_COORDINATE_MATCH,2010-12-01 00:00:00,2010-12-01 00:00:00,"esquema=lead1_igual_mes_inicializacao, representação=NMME_HARMONIZED_MONTHLY",Fazendas_Sinobras_Centroide
2010-12,NOAA_NCEP,CFSv2,2010-12,6,5.5,2011-05,OK,"L.attrs contém termo(s) ['forecast_period'] — indica semântica de lead/target, mas isso sozinho não confirma o valor exato de H6 sem uma variável auxiliar de data-alvo. | nenhuma variável auxiliar de data-alvo (('target', 'valid_time', 'target_month', 'forecast_time')) encontrada no dataset aberto — tentando Método B (semântica documentada do eixo forecast_period, Seção 4). | confirmado pela semântica documentada do eixo forecast_period (Método B, Seção 4/6): inicialização confirmada via SCALAR_COORD_ON_VARIABLE (status=OK_SCALAR_COORD), L.standard_name='forecast_period'/units='months', grade [0.5, 1.5, 2.5, 3.5, 4.5, 5.5] mensal confirmada, rota com forecast_period_semantics_documented=True.",CONFIRMED_BY_FORECAST_PERIOD_SEMANTICS,SCALAR_COORD_ON_VARIABLE,2010-12,2010-12,1,OK_SCALAR_COORD,RANGEEDGES,RANGEEDGES_WINDOW_COORDINATE_MATCH,2010-12-01 00:00:00,2010-12-01 00:00:00,"esquema=lead1_igual_mes_inicializacao, representação=NMME_HARMONIZED_MONTHLY",Fazendas_Sinobras_Centroide
